id_cliente,tipo_cliente,DNI,Celular,Email,id_ubicacion,fecha_alta,estado_cliente
1,Residencial,70XXXX39,934XXX822,cliente00001***@correo.com,40,2024-10-10,ACTIVO
2,Residencial,70XXXX19,953XXX344,cliente00002***@correo.com,31,2022-07-18,ACTIVO
3,Residencial,66XXXX53,926XXX967,cliente00003***@correo.com,9,2023-03-08,ACTIVO
4,Comercial,43XXXX95,900XXX531,cliente00004***@correo.com,43,2019-06-08,ACTIVO
5,Comercial,53XXXX85,902XXX950,cliente00005***@correo.com,15,2021-03-15,ACTIVO
6,Residencial,14XXXX13,950XXX255,cliente00006***@correo.com,41,2021-02-24,ACTIVO
7,Comercial,72XXXX20,925XXX814,cliente00007***@correo.com,25,2020-09-22,ACTIVO
8,Residencial,79XXXX78,965XXX194,cliente00008***@correo.com,9,2019-01-24,ACTIVO
9,Residencial,26XXXX29,966XXX987,cliente00009***@correo.com,22,2020-02-02,ACTIVO
10,Residencial,29XXXX86,927XXX273,cliente00010***@correo.com,2,2022-09-25,ACTIVO
11,Residencial,52XXXX89,913XXX275,cliente00011***@correo.com,34,2023-06-11,ACTIVO
12,Residencial,42XXXX52,957XXX633,cliente00012***@correo.com,28,2018-09-09,ACTIVO
13,Residencial,75XXXX85,912XXX571,cliente00013***@correo.com,20,2024-04-25,ACTIVO
14,Residencial,61XXXX78,947XXX635,cliente00014***@correo.com,33,2024-06-29,ACTIVO
15,Residencial,71XXXX13,909XXX514,cliente00015***@correo.com,15,2023-06-16,ACTIVO
16,Residencial,70XXXX40,960XXX995,cliente00016***@correo.com,40,2023-03-25,ACTIVO
17,Comercial,78XXXX34,922XXX863,cliente00017***@correo.com,39,2019-08-15,ACTIVO
18,Residencial,11XXXX10,928XXX085,cliente00018***@correo.com,28,2022-10-05,ACTIVO
19,Residencial,56XXXX68,993XXX401,cliente00019***@correo.com,26,2019-08-14,ACTIVO
20,Comercial,65XXXX84,947XXX636,cliente00020***@correo.com,7,2023-07-15,INACTIVO
21,Residencial,16XXXX66,989XXX219,cliente00021***@correo.com,3,2018-07-11,ACTIVO
22,Comercial,75XXXX79,923XXX731,cliente00022***@correo.com,41,2019-11-07,ACTIVO
23,Comercial,17XXXX52,961XXX188,cliente00023***@correo.com,3,2018-12-01,ACTIVO
24,Residencial,21XXXX39,952XXX014,cliente00024***@correo.com,26,2023-05-13,ACTIVO
25,Residencial,72XXXX27,949XXX539,cliente00025***@correo.com,9,2024-02-07,ACTIVO
26,Residencial,92XXXX03,910XXX502,cliente00026***@correo.com,14,2020-02-03,ACTIVO
27,Residencial,12XXXX98,932XXX971,cliente00027***@correo.com,9,2021-03-11,ACTIVO
28,Residencial,62XXXX35,915XXX752,cliente00028***@correo.com,9,2021-01-23,ACTIVO
29,Residencial,32XXXX09,927XXX158,cliente00029***@correo.com,15,2019-04-01,ACTIVO
30,Alumbrado Público,50XXXX21,951XXX830,cliente00030***@correo.com,9,2022-02-17,ACTIVO
31,Residencial,54XXXX61,906XXX607,cliente00031***@correo.com,15,2021-07-19,ACTIVO
32,Comercial,60XXXX48,952XXX645,cliente00032***@correo.com,30,2023-10-02,ACTIVO
33,Residencial,60XXXX32,936XXX675,cliente00033***@correo.com,27,2023-05-10,ACTIVO
34,Residencial,12XXXX04,901XXX308,cliente00034***@correo.com,28,2020-10-03,ACTIVO
35,Comercial,50XXXX41,940XXX186,cliente00035***@correo.com,9,2020-06-12,SUSPENDIDO
36,Comercial,57XXXX98,913XXX311,cliente00036***@correo.com,1,2023-07-20,ACTIVO
37,Residencial,26XXXX17,921XXX523,cliente00037***@correo.com,6,2018-04-10,ACTIVO
38,Residencial,63XXXX88,951XXX489,cliente00038***@correo.com,30,2024-12-07,ACTIVO
39,Residencial,42XXXX14,908XXX835,cliente00039***@correo.com,9,2021-10-07,ACTIVO
40,Residencial,46XXXX20,914XXX424,cliente00040***@correo.com,36,2020-07-05,ACTIVO
41,Residencial,98XXXX60,956XXX191,cliente00041***@correo.com,33,2022-04-08,ACTIVO
42,Residencial,16XXXX48,970XXX991,cliente00042***@correo.com,17,2023-05-27,ACTIVO
43,Residencial,77XXXX68,964XXX692,cliente00043***@correo.com,28,2019-05-26,ACTIVO
44,Residencial,71XXXX21,937XXX220,cliente00044***@correo.com,36,2020-09-09,ACTIVO
45,Residencial,29XXXX12,967XXX739,cliente00045***@correo.com,26,2019-11-13,ACTIVO
46,Residencial,65XXXX66,990XXX027,cliente00046***@correo.com,25,2022-06-17,ACTIVO
47,Residencial,91XXXX72,943XXX364,cliente00047***@correo.com,29,2023-04-05,ACTIVO
48,Residencial,29XXXX10,927XXX800,cliente00048***@correo.com,9,2022-12-09,ACTIVO
49,Residencial,42XXXX37,915XXX301,cliente00049***@correo.com,7,2023-05-19,ACTIVO
50,Residencial,18XXXX86,999XXX705,cliente00050***@correo.com,3,2024-08-25,ACTIVO
51,Residencial,43XXXX40,903XXX251,cliente00051***@correo.com,7,2024-03-20,ACTIVO
52,Residencial,64XXXX15,927XXX299,cliente00052***@correo.com,29,2024-07-12,ACTIVO
53,Residencial,71XXXX52,945XXX378,cliente00053***@correo.com,7,2024-07-01,ACTIVO
54,Residencial,70XXXX37,970XXX299,cliente00054***@correo.com,15,2021-02-26,ACTIVO
55,Residencial,67XXXX54,916XXX646,cliente00055***@correo.com,29,2018-07-24,ACTIVO
56,Residencial,18XXXX71,909XXX254,cliente00056***@correo.com,7,2020-02-18,ACTIVO
57,Residencial,16XXXX73,987XXX289,cliente00057***@correo.com,4,2019-11-20,ACTIVO
58,Residencial,65XXXX56,998XXX188,cliente00058***@correo.com,21,2018-05-09,ACTIVO
59,Residencial,48XXXX71,959XXX559,cliente00059***@correo.com,12,2023-07-28,ACTIVO
60,Residencial,86XXXX90,956XXX954,cliente00060***@correo.com,7,2024-01-21,ACTIVO
61,Residencial,59XXXX94,925XXX822,cliente00061***@correo.com,43,2022-05-15,ACTIVO
62,Residencial,34XXXX43,902XXX077,cliente00062***@correo.com,29,2023-12-05,ACTIVO
63,Residencial,94XXXX64,983XXX929,cliente00063***@correo.com,34,2023-02-03,ACTIVO
64,Residencial,16XXXX82,963XXX134,cliente00064***@correo.com,43,2023-12-26,ACTIVO
65,Industrial,29XXXX79,950XXX817,cliente00065***@correo.com,9,2020-02-11,ACTIVO
66,Residencial,44XXXX05,965XXX967,cliente00066***@correo.com,1,2024-05-12,ACTIVO
67,Residencial,10XXXX04,931XXX252,cliente00067***@correo.com,37,2022-09-03,ACTIVO
68,Gobierno,31XXXX83,940XXX789,cliente00068***@correo.com,13,2019-11-10,ACTIVO
69,Residencial,14XXXX12,935XXX993,cliente00069***@correo.com,43,2024-07-19,ACTIVO
70,Residencial,90XXXX62,940XXX292,cliente00070***@correo.com,17,2020-08-05,ACTIVO
71,Residencial,41XXXX04,936XXX932,cliente00071***@correo.com,35,2020-01-27,ACTIVO
72,Residencial,89XXXX79,936XXX860,cliente00072***@correo.com,28,2018-06-13,ACTIVO
73,Residencial,50XXXX79,903XXX756,cliente00073***@correo.com,9,2023-08-17,ACTIVO
74,Comercial,45XXXX29,935XXX989,cliente00074***@correo.com,29,2021-08-24,ACTIVO
75,Residencial,88XXXX44,941XXX661,cliente00075***@correo.com,40,2019-04-09,ACTIVO
76,Comercial,44XXXX15,984XXX248,cliente00076***@correo.com,31,2022-05-07,ACTIVO
77,Residencial,56XXXX29,911XXX449,cliente00077***@correo.com,7,2020-01-14,ACTIVO
78,Alumbrado Público,41XXXX18,907XXX369,cliente00078***@correo.com,28,2024-04-15,ACTIVO
79,Residencial,45XXXX88,933XXX475,cliente00079***@correo.com,42,2023-06-08,ACTIVO
80,Residencial,53XXXX55,952XXX677,cliente00080***@correo.com,9,2021-06-08,ACTIVO
81,Residencial,20XXXX73,916XXX282,cliente00081***@correo.com,29,2019-08-16,ACTIVO
82,Residencial,15XXXX78,973XXX497,cliente00082***@correo.com,26,2020-07-03,ACTIVO
83,Residencial,33XXXX13,908XXX942,cliente00083***@correo.com,3,2024-06-27,ACTIVO
84,Residencial,21XXXX71,959XXX213,cliente00084***@correo.com,29,2018-10-14,ACTIVO
85,Comercial,47XXXX61,987XXX993,cliente00085***@correo.com,9,2020-11-22,ACTIVO
86,Residencial,62XXXX19,948XXX942,cliente00086***@correo.com,26,2022-04-19,ACTIVO
87,Residencial,27XXXX71,904XXX099,cliente00087***@correo.com,15,2020-12-30,ACTIVO
88,Residencial,91XXXX62,903XXX354,cliente00088***@correo.com,5,2023-11-12,ACTIVO
89,Residencial,85XXXX72,905XXX296,cliente00089***@correo.com,43,2024-07-16,ACTIVO
90,Residencial,68XXXX31,941XXX689,cliente00090***@correo.com,3,2021-08-09,ACTIVO
91,Residencial,22XXXX58,978XXX700,cliente00091***@correo.com,21,2023-02-07,ACTIVO
92,Comercial,44XXXX40,917XXX695,cliente00092***@correo.com,15,2023-09-13,ACTIVO
93,Residencial,86XXXX79,986XXX919,cliente00093***@correo.com,14,2023-01-07,ACTIVO
94,Residencial,11XXXX40,961XXX932,cliente00094***@correo.com,11,2019-09-03,ACTIVO
95,Residencial,13XXXX12,940XXX907,cliente00095***@correo.com,12,2021-03-29,ACTIVO
96,Residencial,73XXXX98,932XXX631,cliente00096***@correo.com,7,2022-02-01,ACTIVO
97,Residencial,11XXXX83,946XXX855,cliente00097***@correo.com,1,2023-05-22,ACTIVO
98,Residencial,53XXXX95,947XXX994,cliente00098***@correo.com,28,2023-11-27,ACTIVO
99,Residencial,98XXXX77,907XXX979,cliente00099***@correo.com,38,2023-12-21,ACTIVO
100,Residencial,45XXXX29,989XXX581,cliente00100***@correo.com,15,2021-07-18,ACTIVO
101,Residencial,67XXXX62,954XXX796,cliente00101***@correo.com,7,2019-01-12,ACTIVO
102,Residencial,39XXXX22,962XXX576,cliente00102***@correo.com,15,2021-03-21,INACTIVO
103,Residencial,89XXXX38,943XXX254,cliente00103***@correo.com,42,2024-04-21,ACTIVO
104,Comercial,42XXXX79,981XXX253,cliente00104***@correo.com,5,2022-11-30,ACTIVO
105,Residencial,43XXXX96,944XXX472,cliente00105***@correo.com,30,2021-05-01,ACTIVO
106,Residencial,62XXXX36,916XXX346,cliente00106***@correo.com,36,2022-05-28,ACTIVO
107,Residencial,79XXXX14,977XXX791,cliente00107***@correo.com,17,2023-07-29,ACTIVO
108,Residencial,88XXXX80,934XXX260,cliente00108***@correo.com,36,2018-05-09,ACTIVO
109,Residencial,66XXXX66,992XXX034,cliente00109***@correo.com,3,2018-10-24,ACTIVO
110,Residencial,68XXXX57,986XXX851,cliente00110***@correo.com,30,2022-06-12,ACTIVO
111,Residencial,33XXXX30,940XXX377,cliente00111***@correo.com,9,2018-09-03,ACTIVO
112,Residencial,32XXXX72,934XXX693,cliente00112***@correo.com,39,2019-10-21,ACTIVO
113,Residencial,48XXXX92,900XXX253,cliente00113***@correo.com,40,2024-09-27,ACTIVO
114,Residencial,14XXXX67,940XXX290,cliente00114***@correo.com,15,2020-11-18,ACTIVO
115,Residencial,90XXXX95,925XXX505,cliente00115***@correo.com,6,2020-03-28,ACTIVO
116,Residencial,49XXXX65,950XXX529,cliente00116***@correo.com,29,2022-12-31,ACTIVO
117,Residencial,37XXXX96,966XXX975,cliente00117***@correo.com,7,2019-05-04,ACTIVO
118,Residencial,97XXXX60,936XXX205,cliente00118***@correo.com,29,2023-10-08,ACTIVO
119,Comercial,45XXXX73,982XXX411,cliente00119***@correo.com,28,2020-10-29,ACTIVO
120,Residencial,65XXXX56,921XXX514,cliente00120***@correo.com,9,2021-05-21,ACTIVO
121,Residencial,34XXXX10,926XXX969,cliente00121***@correo.com,39,2018-08-07,ACTIVO
122,Residencial,14XXXX66,979XXX539,cliente00122***@correo.com,5,2020-08-28,ACTIVO
123,Gobierno,86XXXX57,981XXX195,cliente00123***@correo.com,26,2020-09-13,ACTIVO
124,Residencial,31XXXX42,959XXX617,cliente00124***@correo.com,38,2022-03-04,ACTIVO
125,Residencial,86XXXX06,949XXX357,cliente00125***@correo.com,33,2023-10-23,SUSPENDIDO
126,Residencial,87XXXX84,983XXX678,cliente00126***@correo.com,40,2020-02-03,ACTIVO
127,Residencial,39XXXX40,938XXX139,cliente00127***@correo.com,39,2022-06-27,ACTIVO
128,Residencial,25XXXX34,974XXX547,cliente00128***@correo.com,38,2018-03-16,ACTIVO
129,Residencial,12XXXX77,932XXX786,cliente00129***@correo.com,7,2018-09-01,ACTIVO
130,Residencial,45XXXX33,994XXX193,cliente00130***@correo.com,31,2021-05-13,ACTIVO
131,Residencial,16XXXX77,981XXX521,cliente00131***@correo.com,5,2022-09-12,ACTIVO
132,Residencial,63XXXX81,943XXX910,cliente00132***@correo.com,26,2020-12-24,ACTIVO
133,Residencial,40XXXX97,976XXX837,cliente00133***@correo.com,38,2023-08-05,ACTIVO
134,Residencial,34XXXX60,934XXX437,cliente00134***@correo.com,43,2020-11-17,SUSPENDIDO
135,Residencial,44XXXX79,936XXX646,cliente00135***@correo.com,31,2019-09-08,ACTIVO
136,Residencial,64XXXX25,936XXX865,cliente00136***@correo.com,32,2022-12-06,ACTIVO
137,Comercial,81XXXX01,974XXX785,cliente00137***@correo.com,21,2021-11-02,ACTIVO
138,Residencial,51XXXX32,988XXX648,cliente00138***@correo.com,3,2023-06-02,ACTIVO
139,Residencial,18XXXX51,900XXX775,cliente00139***@correo.com,13,2021-11-24,ACTIVO
140,Residencial,11XXXX87,979XXX377,cliente00140***@correo.com,13,2023-02-02,ACTIVO
141,Residencial,50XXXX03,954XXX254,cliente00141***@correo.com,5,2024-10-24,ACTIVO
142,Residencial,66XXXX20,981XXX970,cliente00142***@correo.com,43,2018-08-30,ACTIVO
143,Residencial,92XXXX38,982XXX514,cliente00143***@correo.com,19,2021-08-02,ACTIVO
144,Residencial,83XXXX74,980XXX535,cliente00144***@correo.com,4,2024-08-27,ACTIVO
145,Residencial,33XXXX78,955XXX929,cliente00145***@correo.com,36,2023-09-19,ACTIVO
146,Residencial,18XXXX92,988XXX213,cliente00146***@correo.com,3,2023-04-19,ACTIVO
147,Residencial,94XXXX17,982XXX394,cliente00147***@correo.com,9,2024-09-02,ACTIVO
148,Residencial,39XXXX30,975XXX296,cliente00148***@correo.com,37,2024-04-26,ACTIVO
149,Residencial,99XXXX24,939XXX657,cliente00149***@correo.com,24,2024-08-03,ACTIVO
150,Industrial,13XXXX80,923XXX901,cliente00150***@correo.com,15,2021-07-23,ACTIVO
151,Residencial,75XXXX48,941XXX804,cliente00151***@correo.com,13,2021-01-09,ACTIVO
152,Residencial,91XXXX83,935XXX857,cliente00152***@correo.com,4,2018-09-14,ACTIVO
153,Residencial,51XXXX67,987XXX124,cliente00153***@correo.com,4,2024-03-14,ACTIVO
154,Residencial,67XXXX32,934XXX192,cliente00154***@correo.com,4,2021-05-12,ACTIVO
155,Residencial,30XXXX53,969XXX104,cliente00155***@correo.com,7,2020-06-16,ACTIVO
156,Residencial,50XXXX34,931XXX902,cliente00156***@correo.com,28,2023-12-17,ACTIVO
157,Residencial,83XXXX71,933XXX559,cliente00157***@correo.com,33,2018-01-06,ACTIVO
158,Residencial,44XXXX92,947XXX257,cliente00158***@correo.com,43,2020-11-30,ACTIVO
159,Residencial,72XXXX05,992XXX412,cliente00159***@correo.com,22,2023-09-22,ACTIVO
160,Residencial,25XXXX30,943XXX575,cliente00160***@correo.com,9,2019-03-24,ACTIVO
161,Residencial,36XXXX29,918XXX916,cliente00161***@correo.com,38,2022-07-23,ACTIVO
162,Comercial,31XXXX29,904XXX718,cliente00162***@correo.com,15,2022-09-30,ACTIVO
163,Residencial,93XXXX02,961XXX854,cliente00163***@correo.com,15,2023-10-09,ACTIVO
164,Residencial,82XXXX35,950XXX401,cliente00164***@correo.com,15,2020-12-14,ACTIVO
165,Residencial,88XXXX88,950XXX038,cliente00165***@correo.com,15,2021-10-15,ACTIVO
166,Residencial,71XXXX15,954XXX228,cliente00166***@correo.com,13,2024-11-17,ACTIVO
167,Residencial,71XXXX73,979XXX681,cliente00167***@correo.com,29,2021-11-22,ACTIVO
168,Residencial,96XXXX05,992XXX091,cliente00168***@correo.com,6,2018-01-11,ACTIVO
169,Gobierno,22XXXX60,911XXX872,cliente00169***@correo.com,28,2023-01-12,ACTIVO
170,Residencial,92XXXX06,923XXX996,cliente00170***@correo.com,9,2024-11-22,ACTIVO
171,Residencial,76XXXX71,947XXX375,cliente00171***@correo.com,43,2021-04-18,ACTIVO
172,Residencial,33XXXX89,942XXX760,cliente00172***@correo.com,43,2019-07-06,ACTIVO
173,Gobierno,86XXXX10,926XXX943,cliente00173***@correo.com,19,2022-11-05,ACTIVO
174,Residencial,91XXXX80,963XXX024,cliente00174***@correo.com,15,2021-05-19,ACTIVO
175,Residencial,72XXXX59,914XXX576,cliente00175***@correo.com,7,2024-10-31,ACTIVO
176,Residencial,60XXXX86,982XXX949,cliente00176***@correo.com,4,2024-07-08,ACTIVO
177,Residencial,15XXXX43,992XXX281,cliente00177***@correo.com,5,2022-10-29,ACTIVO
178,Residencial,36XXXX14,991XXX262,cliente00178***@correo.com,26,2018-06-17,INACTIVO
179,Residencial,61XXXX72,978XXX094,cliente00179***@correo.com,33,2024-11-18,ACTIVO
180,Comercial,25XXXX93,921XXX318,cliente00180***@correo.com,8,2023-08-10,ACTIVO
181,Residencial,54XXXX19,958XXX702,cliente00181***@correo.com,30,2024-01-12,ACTIVO
182,Residencial,22XXXX39,902XXX691,cliente00182***@correo.com,39,2020-03-04,ACTIVO
183,Residencial,85XXXX56,959XXX922,cliente00183***@correo.com,9,2022-06-22,ACTIVO
184,Residencial,70XXXX42,937XXX960,cliente00184***@correo.com,20,2018-04-04,ACTIVO
185,Comercial,92XXXX39,930XXX370,cliente00185***@correo.com,3,2020-03-21,ACTIVO
186,Residencial,88XXXX32,991XXX533,cliente00186***@correo.com,7,2021-06-08,ACTIVO
187,Residencial,40XXXX81,967XXX788,cliente00187***@correo.com,7,2020-08-29,ACTIVO
188,Residencial,79XXXX39,934XXX170,cliente00188***@correo.com,27,2018-03-12,ACTIVO
189,Residencial,32XXXX91,971XXX642,cliente00189***@correo.com,18,2019-04-06,ACTIVO
190,Residencial,78XXXX00,944XXX038,cliente00190***@correo.com,11,2019-07-11,ACTIVO
191,Residencial,44XXXX91,972XXX039,cliente00191***@correo.com,4,2019-06-18,ACTIVO
192,Comercial,87XXXX59,983XXX113,cliente00192***@correo.com,3,2020-10-20,ACTIVO
193,Residencial,82XXXX79,927XXX266,cliente00193***@correo.com,4,2020-02-17,ACTIVO
194,Residencial,85XXXX71,991XXX111,cliente00194***@correo.com,10,2022-08-11,ACTIVO
195,Residencial,91XXXX07,997XXX686,cliente00195***@correo.com,13,2020-12-21,ACTIVO
196,Residencial,12XXXX96,995XXX409,cliente00196***@correo.com,43,2023-01-28,ACTIVO
197,Residencial,20XXXX18,968XXX015,cliente00197***@correo.com,9,2020-05-15,ACTIVO
198,Comercial,98XXXX06,994XXX265,cliente00198***@correo.com,15,2022-08-01,ACTIVO
199,Residencial,92XXXX06,920XXX669,cliente00199***@correo.com,26,2019-07-17,ACTIVO
200,Residencial,59XXXX69,950XXX797,cliente00200***@correo.com,7,2023-05-09,ACTIVO
201,Residencial,26XXXX28,996XXX596,cliente00201***@correo.com,25,2024-12-10,SUSPENDIDO
202,Residencial,64XXXX07,954XXX387,cliente00202***@correo.com,34,2022-12-05,ACTIVO
203,Residencial,14XXXX65,911XXX239,cliente00203***@correo.com,10,2021-07-23,ACTIVO
204,Residencial,30XXXX70,977XXX990,cliente00204***@correo.com,39,2022-11-27,ACTIVO
205,Comercial,31XXXX66,928XXX058,cliente00205***@correo.com,16,2018-03-02,ACTIVO
206,Residencial,50XXXX54,923XXX803,cliente00206***@correo.com,43,2018-08-06,ACTIVO
207,Comercial,55XXXX40,949XXX441,cliente00207***@correo.com,29,2019-04-20,ACTIVO
208,Residencial,11XXXX02,976XXX620,cliente00208***@correo.com,9,2019-04-23,ACTIVO
209,Residencial,78XXXX88,985XXX623,cliente00209***@correo.com,7,2023-08-01,ACTIVO
210,Residencial,43XXXX48,934XXX157,cliente00210***@correo.com,26,2022-03-21,ACTIVO
211,Residencial,93XXXX90,919XXX278,cliente00211***@correo.com,5,2020-08-25,ACTIVO
212,Comercial,71XXXX24,912XXX789,cliente00212***@correo.com,16,2021-12-09,ACTIVO
213,Residencial,39XXXX35,921XXX887,cliente00213***@correo.com,12,2024-09-19,ACTIVO
214,Residencial,80XXXX03,922XXX480,cliente00214***@correo.com,9,2022-03-04,ACTIVO
215,Residencial,51XXXX16,967XXX926,cliente00215***@correo.com,35,2021-11-01,ACTIVO
216,Residencial,74XXXX15,946XXX616,cliente00216***@correo.com,15,2021-04-21,ACTIVO
217,Residencial,54XXXX53,989XXX408,cliente00217***@correo.com,38,2018-10-25,ACTIVO
218,Residencial,29XXXX67,902XXX816,cliente00218***@correo.com,33,2023-03-17,ACTIVO
219,Residencial,55XXXX83,979XXX134,cliente00219***@correo.com,13,2023-08-07,ACTIVO
220,Comercial,47XXXX03,954XXX495,cliente00220***@correo.com,38,2019-08-16,ACTIVO
221,Residencial,19XXXX62,926XXX036,cliente00221***@correo.com,35,2022-03-28,ACTIVO
222,Comercial,47XXXX30,930XXX072,cliente00222***@correo.com,30,2022-05-27,ACTIVO
223,Residencial,96XXXX84,931XXX418,cliente00223***@correo.com,15,2021-06-13,ACTIVO
224,Residencial,41XXXX48,956XXX549,cliente00224***@correo.com,30,2022-01-15,ACTIVO
225,Residencial,43XXXX38,969XXX936,cliente00225***@correo.com,15,2018-12-26,ACTIVO
226,Residencial,74XXXX42,913XXX714,cliente00226***@correo.com,5,2021-02-22,ACTIVO
227,Residencial,22XXXX85,925XXX340,cliente00227***@correo.com,9,2019-12-07,ACTIVO
228,Alumbrado Público,10XXXX79,984XXX582,cliente00228***@correo.com,13,2022-11-08,ACTIVO
229,Residencial,43XXXX66,984XXX691,cliente00229***@correo.com,7,2022-02-17,ACTIVO
230,Residencial,22XXXX29,977XXX643,cliente00230***@correo.com,15,2020-05-18,ACTIVO
231,Residencial,58XXXX84,941XXX165,cliente00231***@correo.com,43,2024-02-23,ACTIVO
232,Residencial,47XXXX34,983XXX772,cliente00232***@correo.com,39,2018-11-28,ACTIVO
233,Residencial,98XXXX79,924XXX996,cliente00233***@correo.com,27,2024-03-19,ACTIVO
234,Residencial,46XXXX28,935XXX176,cliente00234***@correo.com,33,2019-07-19,ACTIVO
235,Residencial,42XXXX94,947XXX999,cliente00235***@correo.com,7,2018-06-20,ACTIVO
236,Residencial,11XXXX98,912XXX551,cliente00236***@correo.com,26,2018-07-06,ACTIVO
237,Residencial,15XXXX51,973XXX139,cliente00237***@correo.com,29,2021-04-20,ACTIVO
238,Comercial,11XXXX84,996XXX225,cliente00238***@correo.com,5,2022-05-23,ACTIVO
239,Residencial,57XXXX68,983XXX849,cliente00239***@correo.com,12,2019-10-03,ACTIVO
240,Residencial,70XXXX57,962XXX380,cliente00240***@correo.com,39,2020-05-17,ACTIVO
241,Residencial,50XXXX51,951XXX812,cliente00241***@correo.com,3,2020-08-13,ACTIVO
242,Gobierno,52XXXX70,958XXX520,cliente00242***@correo.com,38,2024-08-07,ACTIVO
243,Residencial,57XXXX14,920XXX793,cliente00243***@correo.com,7,2018-03-05,ACTIVO
244,Residencial,22XXXX38,981XXX051,cliente00244***@correo.com,19,2021-01-02,INACTIVO
245,Residencial,77XXXX93,903XXX794,cliente00245***@correo.com,15,2021-04-11,ACTIVO
246,Residencial,97XXXX08,994XXX720,cliente00246***@correo.com,7,2022-05-21,ACTIVO
247,Residencial,40XXXX06,969XXX375,cliente00247***@correo.com,6,2018-01-24,ACTIVO
248,Residencial,87XXXX60,994XXX024,cliente00248***@correo.com,30,2024-01-27,ACTIVO
249,Residencial,43XXXX83,927XXX519,cliente00249***@correo.com,5,2021-02-09,ACTIVO
250,Residencial,14XXXX56,950XXX725,cliente00250***@correo.com,21,2024-11-14,ACTIVO
251,Residencial,80XXXX50,919XXX180,cliente00251***@correo.com,28,2018-07-31,ACTIVO
252,Gobierno,90XXXX43,926XXX596,cliente00252***@correo.com,12,2019-06-08,ACTIVO
253,Residencial,59XXXX62,917XXX913,cliente00253***@correo.com,28,2020-02-26,ACTIVO
254,Residencial,63XXXX15,989XXX979,cliente00254***@correo.com,4,2023-03-09,ACTIVO
255,Residencial,50XXXX06,938XXX567,cliente00255***@correo.com,26,2019-12-18,ACTIVO
256,Residencial,55XXXX84,904XXX744,cliente00256***@correo.com,40,2022-04-15,ACTIVO
257,Residencial,58XXXX64,981XXX007,cliente00257***@correo.com,40,2022-07-01,ACTIVO
258,Residencial,36XXXX88,964XXX045,cliente00258***@correo.com,41,2020-03-30,ACTIVO
259,Residencial,74XXXX65,957XXX041,cliente00259***@correo.com,26,2020-07-28,ACTIVO
260,Residencial,17XXXX87,960XXX399,cliente00260***@correo.com,17,2023-06-12,ACTIVO
261,Residencial,61XXXX91,964XXX079,cliente00261***@correo.com,43,2021-05-09,ACTIVO
262,Comercial,13XXXX97,937XXX472,cliente00262***@correo.com,3,2018-05-06,ACTIVO
263,Residencial,14XXXX06,944XXX625,cliente00263***@correo.com,18,2022-06-17,ACTIVO
264,Residencial,59XXXX07,945XXX017,cliente00264***@correo.com,43,2023-05-08,ACTIVO
265,Residencial,47XXXX44,908XXX697,cliente00265***@correo.com,7,2022-12-26,ACTIVO
266,Residencial,81XXXX95,978XXX538,cliente00266***@correo.com,3,2018-11-08,ACTIVO
267,Residencial,20XXXX33,985XXX328,cliente00267***@correo.com,15,2022-01-14,ACTIVO
268,Residencial,33XXXX23,996XXX234,cliente00268***@correo.com,19,2020-03-05,ACTIVO
269,Residencial,67XXXX69,916XXX708,cliente00269***@correo.com,43,2020-06-22,ACTIVO
270,Residencial,62XXXX25,954XXX514,cliente00270***@correo.com,28,2019-07-30,ACTIVO
271,Residencial,42XXXX58,964XXX163,cliente00271***@correo.com,15,2023-01-24,ACTIVO
272,Residencial,21XXXX28,998XXX714,cliente00272***@correo.com,6,2024-04-22,ACTIVO
273,Residencial,22XXXX81,922XXX931,cliente00273***@correo.com,1,2021-08-01,ACTIVO
274,Residencial,91XXXX28,962XXX000,cliente00274***@correo.com,15,2019-08-26,ACTIVO
275,Residencial,76XXXX69,991XXX378,cliente00275***@correo.com,41,2024-06-13,ACTIVO
276,Comercial,67XXXX75,919XXX310,cliente00276***@correo.com,26,2022-06-14,ACTIVO
277,Residencial,82XXXX29,940XXX507,cliente00277***@correo.com,41,2021-10-25,ACTIVO
278,Residencial,29XXXX50,933XXX119,cliente00278***@correo.com,24,2019-10-06,ACTIVO
279,Gobierno,53XXXX17,935XXX021,cliente00279***@correo.com,30,2023-12-24,ACTIVO
280,Residencial,33XXXX61,970XXX310,cliente00280***@correo.com,30,2023-08-07,ACTIVO
281,Residencial,60XXXX68,915XXX986,cliente00281***@correo.com,7,2018-02-22,ACTIVO
282,Residencial,91XXXX22,943XXX084,cliente00282***@correo.com,15,2021-10-05,ACTIVO
283,Residencial,84XXXX18,919XXX849,cliente00283***@correo.com,19,2018-05-31,INACTIVO
284,Residencial,95XXXX29,994XXX998,cliente00284***@correo.com,1,2024-06-14,ACTIVO
285,Residencial,78XXXX76,977XXX907,cliente00285***@correo.com,9,2023-01-09,ACTIVO
286,Residencial,29XXXX63,998XXX292,cliente00286***@correo.com,9,2022-07-09,ACTIVO
287,Residencial,14XXXX59,942XXX172,cliente00287***@correo.com,9,2023-12-25,ACTIVO
288,Residencial,94XXXX76,903XXX714,cliente00288***@correo.com,6,2023-07-09,ACTIVO
289,Comercial,52XXXX25,924XXX704,cliente00289***@correo.com,28,2020-01-28,ACTIVO
290,Residencial,88XXXX91,966XXX597,cliente00290***@correo.com,26,2023-10-04,ACTIVO
291,Residencial,98XXXX22,991XXX356,cliente00291***@correo.com,10,2019-08-04,ACTIVO
292,Residencial,95XXXX49,938XXX546,cliente00292***@correo.com,34,2018-10-27,ACTIVO
293,Residencial,40XXXX09,950XXX742,cliente00293***@correo.com,5,2024-09-17,ACTIVO
294,Residencial,31XXXX40,973XXX167,cliente00294***@correo.com,19,2024-12-26,ACTIVO
295,Residencial,29XXXX57,984XXX429,cliente00295***@correo.com,15,2023-03-22,ACTIVO
296,Residencial,79XXXX12,977XXX516,cliente00296***@correo.com,15,2024-09-13,ACTIVO
297,Residencial,92XXXX68,944XXX336,cliente00297***@correo.com,15,2022-12-14,INACTIVO
298,Residencial,60XXXX99,946XXX842,cliente00298***@correo.com,9,2023-03-05,ACTIVO
299,Residencial,57XXXX06,954XXX633,cliente00299***@correo.com,7,2018-05-18,ACTIVO
300,Residencial,54XXXX88,968XXX522,cliente00300***@correo.com,28,2019-06-25,ACTIVO
301,Residencial,76XXXX87,972XXX333,cliente00301***@correo.com,15,2022-06-12,ACTIVO
302,Residencial,34XXXX93,935XXX418,cliente00302***@correo.com,43,2023-04-07,ACTIVO
303,Residencial,36XXXX78,921XXX401,cliente00303***@correo.com,12,2021-10-21,ACTIVO
304,Gobierno,15XXXX14,992XXX749,cliente00304***@correo.com,37,2023-07-22,ACTIVO
305,Residencial,18XXXX89,988XXX856,cliente00305***@correo.com,43,2020-08-23,ACTIVO
306,Residencial,54XXXX96,919XXX667,cliente00306***@correo.com,29,2024-08-12,ACTIVO
307,Comercial,62XXXX03,980XXX790,cliente00307***@correo.com,38,2019-06-12,ACTIVO
308,Residencial,38XXXX36,978XXX262,cliente00308***@correo.com,22,2023-05-08,ACTIVO
309,Residencial,91XXXX72,960XXX826,cliente00309***@correo.com,7,2019-11-29,ACTIVO
310,Residencial,64XXXX65,921XXX897,cliente00310***@correo.com,9,2021-06-13,ACTIVO
311,Residencial,48XXXX08,936XXX010,cliente00311***@correo.com,3,2020-10-28,ACTIVO
312,Residencial,20XXXX39,958XXX789,cliente00312***@correo.com,36,2021-10-07,ACTIVO
313,Industrial,96XXXX81,994XXX048,cliente00313***@correo.com,41,2019-03-12,ACTIVO
314,Industrial,28XXXX21,936XXX916,cliente00314***@correo.com,43,2018-10-20,ACTIVO
315,Residencial,24XXXX04,913XXX552,cliente00315***@correo.com,15,2019-01-07,ACTIVO
316,Residencial,43XXXX16,993XXX201,cliente00316***@correo.com,15,2019-02-22,ACTIVO
317,Residencial,26XXXX70,941XXX297,cliente00317***@correo.com,43,2021-07-24,ACTIVO
318,Residencial,20XXXX32,986XXX223,cliente00318***@correo.com,43,2019-04-15,ACTIVO
319,Comercial,63XXXX91,918XXX942,cliente00319***@correo.com,30,2023-02-20,ACTIVO
320,Residencial,21XXXX12,954XXX880,cliente00320***@correo.com,7,2021-11-19,ACTIVO
321,Residencial,21XXXX42,958XXX771,cliente00321***@correo.com,13,2019-11-02,ACTIVO
322,Residencial,41XXXX19,909XXX918,cliente00322***@correo.com,21,2023-12-28,ACTIVO
323,Residencial,83XXXX30,954XXX280,cliente00323***@correo.com,29,2021-03-31,ACTIVO
324,Comercial,45XXXX68,911XXX735,cliente00324***@correo.com,15,2019-11-09,INACTIVO
325,Comercial,13XXXX27,996XXX785,cliente00325***@correo.com,13,2020-01-04,ACTIVO
326,Comercial,64XXXX62,905XXX727,cliente00326***@correo.com,29,2022-02-02,ACTIVO
327,Residencial,13XXXX55,942XXX195,cliente00327***@correo.com,42,2018-04-01,ACTIVO
328,Residencial,71XXXX50,916XXX738,cliente00328***@correo.com,7,2019-07-24,ACTIVO
329,Residencial,18XXXX37,947XXX213,cliente00329***@correo.com,5,2022-09-27,ACTIVO
330,Comercial,88XXXX52,964XXX393,cliente00330***@correo.com,26,2022-10-20,ACTIVO
331,Residencial,67XXXX13,984XXX815,cliente00331***@correo.com,37,2018-04-19,ACTIVO
332,Residencial,22XXXX96,934XXX168,cliente00332***@correo.com,3,2020-04-15,ACTIVO
333,Residencial,14XXXX60,960XXX290,cliente00333***@correo.com,23,2020-02-25,ACTIVO
334,Residencial,24XXXX91,968XXX167,cliente00334***@correo.com,5,2021-03-19,ACTIVO
335,Residencial,10XXXX95,983XXX182,cliente00335***@correo.com,5,2023-10-31,ACTIVO
336,Residencial,27XXXX03,987XXX512,cliente00336***@correo.com,13,2023-09-25,ACTIVO
337,Gobierno,81XXXX62,997XXX105,cliente00337***@correo.com,8,2019-10-14,ACTIVO
338,Residencial,13XXXX21,912XXX747,cliente00338***@correo.com,7,2022-08-26,ACTIVO
339,Residencial,34XXXX88,929XXX307,cliente00339***@correo.com,29,2018-06-05,ACTIVO
340,Residencial,13XXXX56,967XXX341,cliente00340***@correo.com,25,2018-10-23,ACTIVO
341,Residencial,10XXXX65,990XXX286,cliente00341***@correo.com,29,2022-04-04,ACTIVO
342,Comercial,15XXXX28,903XXX749,cliente00342***@correo.com,39,2020-10-07,ACTIVO
343,Comercial,22XXXX70,973XXX707,cliente00343***@correo.com,33,2022-11-12,ACTIVO
344,Residencial,38XXXX04,967XXX955,cliente00344***@correo.com,15,2023-01-21,ACTIVO
345,Industrial,30XXXX29,969XXX508,cliente00345***@correo.com,17,2021-01-10,ACTIVO
346,Residencial,66XXXX06,943XXX798,cliente00346***@correo.com,7,2023-07-28,ACTIVO
347,Residencial,23XXXX57,948XXX700,cliente00347***@correo.com,3,2021-09-20,ACTIVO
348,Residencial,84XXXX57,915XXX812,cliente00348***@correo.com,38,2020-05-25,ACTIVO
349,Residencial,95XXXX26,985XXX398,cliente00349***@correo.com,29,2019-01-30,ACTIVO
350,Residencial,27XXXX96,983XXX386,cliente00350***@correo.com,9,2023-08-25,ACTIVO
351,Residencial,63XXXX78,974XXX242,cliente00351***@correo.com,10,2019-09-09,ACTIVO
352,Comercial,56XXXX49,927XXX009,cliente00352***@correo.com,7,2023-07-09,ACTIVO
353,Gobierno,29XXXX62,999XXX180,cliente00353***@correo.com,13,2023-07-11,ACTIVO
354,Residencial,19XXXX07,901XXX743,cliente00354***@correo.com,29,2024-09-15,ACTIVO
355,Industrial,38XXXX42,918XXX059,cliente00355***@correo.com,20,2021-02-05,ACTIVO
356,Residencial,20XXXX54,961XXX321,cliente00356***@correo.com,27,2018-12-19,SUSPENDIDO
357,Residencial,44XXXX41,983XXX254,cliente00357***@correo.com,3,2020-04-11,ACTIVO
358,Residencial,70XXXX91,916XXX312,cliente00358***@correo.com,43,2022-12-19,ACTIVO
359,Residencial,33XXXX48,991XXX713,cliente00359***@correo.com,3,2023-12-20,ACTIVO
360,Residencial,15XXXX00,928XXX721,cliente00360***@correo.com,9,2023-05-09,ACTIVO
361,Residencial,28XXXX22,940XXX108,cliente00361***@correo.com,43,2023-06-13,INACTIVO
362,Residencial,75XXXX62,973XXX131,cliente00362***@correo.com,20,2019-02-03,ACTIVO
363,Residencial,45XXXX02,970XXX506,cliente00363***@correo.com,43,2019-03-05,ACTIVO
364,Residencial,28XXXX47,941XXX454,cliente00364***@correo.com,26,2024-08-26,ACTIVO
365,Residencial,79XXXX34,912XXX735,cliente00365***@correo.com,15,2019-07-01,ACTIVO
366,Residencial,39XXXX03,980XXX439,cliente00366***@correo.com,15,2021-12-02,ACTIVO
367,Residencial,71XXXX21,937XXX812,cliente00367***@correo.com,4,2020-07-27,INACTIVO
368,Residencial,96XXXX49,954XXX263,cliente00368***@correo.com,2,2018-11-21,ACTIVO
369,Residencial,85XXXX10,990XXX364,cliente00369***@correo.com,34,2022-08-10,ACTIVO
370,Residencial,26XXXX38,950XXX080,cliente00370***@correo.com,13,2022-06-08,ACTIVO
371,Residencial,78XXXX81,949XXX128,cliente00371***@correo.com,43,2019-05-15,ACTIVO
372,Residencial,85XXXX65,966XXX083,cliente00372***@correo.com,3,2021-07-10,ACTIVO
373,Residencial,86XXXX13,936XXX219,cliente00373***@correo.com,13,2022-03-01,ACTIVO
374,Residencial,12XXXX44,997XXX241,cliente00374***@correo.com,3,2023-05-26,ACTIVO
375,Residencial,81XXXX06,969XXX902,cliente00375***@correo.com,30,2018-08-02,ACTIVO
376,Residencial,45XXXX13,903XXX025,cliente00376***@correo.com,26,2020-07-16,ACTIVO
377,Residencial,56XXXX94,902XXX064,cliente00377***@correo.com,29,2024-11-10,ACTIVO
378,Residencial,56XXXX01,979XXX963,cliente00378***@correo.com,26,2020-07-16,ACTIVO
379,Residencial,42XXXX78,903XXX268,cliente00379***@correo.com,38,2021-01-22,ACTIVO
380,Residencial,52XXXX59,948XXX316,cliente00380***@correo.com,9,2021-01-02,ACTIVO
381,Residencial,96XXXX78,977XXX597,cliente00381***@correo.com,15,2018-09-19,ACTIVO
382,Residencial,80XXXX30,974XXX883,cliente00382***@correo.com,30,2019-01-16,ACTIVO
383,Residencial,52XXXX28,992XXX709,cliente00383***@correo.com,26,2022-04-10,ACTIVO
384,Comercial,79XXXX07,936XXX529,cliente00384***@correo.com,4,2022-07-20,INACTIVO
385,Residencial,85XXXX94,948XXX393,cliente00385***@correo.com,33,2023-12-19,ACTIVO
386,Residencial,20XXXX61,997XXX914,cliente00386***@correo.com,7,2022-11-21,ACTIVO
387,Residencial,62XXXX68,929XXX448,cliente00387***@correo.com,1,2020-02-26,ACTIVO
388,Residencial,91XXXX36,931XXX608,cliente00388***@correo.com,26,2024-07-06,ACTIVO
389,Residencial,24XXXX00,928XXX104,cliente00389***@correo.com,27,2021-06-08,SUSPENDIDO
390,Comercial,77XXXX47,945XXX930,cliente00390***@correo.com,13,2022-10-25,ACTIVO
391,Residencial,46XXXX87,986XXX578,cliente00391***@correo.com,7,2023-09-14,ACTIVO
392,Industrial,78XXXX17,912XXX208,cliente00392***@correo.com,5,2019-01-09,ACTIVO
393,Comercial,56XXXX40,988XXX269,cliente00393***@correo.com,6,2020-09-27,ACTIVO
394,Residencial,48XXXX12,988XXX581,cliente00394***@correo.com,33,2021-03-09,ACTIVO
395,Residencial,16XXXX61,950XXX002,cliente00395***@correo.com,19,2023-04-17,ACTIVO
396,Residencial,92XXXX06,905XXX945,cliente00396***@correo.com,19,2022-05-23,ACTIVO
397,Residencial,22XXXX65,992XXX881,cliente00397***@correo.com,13,2023-08-01,ACTIVO
398,Comercial,70XXXX23,925XXX140,cliente00398***@correo.com,42,2021-03-25,ACTIVO
399,Residencial,88XXXX97,990XXX716,cliente00399***@correo.com,29,2019-09-19,ACTIVO
400,Residencial,21XXXX98,986XXX235,cliente00400***@correo.com,19,2021-04-08,ACTIVO
401,Residencial,56XXXX11,930XXX269,cliente00401***@correo.com,36,2018-11-08,ACTIVO
402,Residencial,82XXXX94,983XXX018,cliente00402***@correo.com,26,2020-07-16,ACTIVO
403,Residencial,37XXXX24,935XXX637,cliente00403***@correo.com,4,2024-03-18,ACTIVO
404,Residencial,72XXXX10,939XXX164,cliente00404***@correo.com,7,2024-09-15,ACTIVO
405,Comercial,19XXXX84,963XXX509,cliente00405***@correo.com,13,2019-07-22,ACTIVO
406,Comercial,11XXXX38,923XXX512,cliente00406***@correo.com,43,2024-11-25,ACTIVO
407,Residencial,18XXXX68,908XXX419,cliente00407***@correo.com,15,2021-01-22,ACTIVO
408,Comercial,56XXXX63,938XXX102,cliente00408***@correo.com,7,2021-10-20,ACTIVO
409,Residencial,63XXXX52,978XXX747,cliente00409***@correo.com,6,2021-05-26,ACTIVO
410,Residencial,86XXXX05,917XXX764,cliente00410***@correo.com,7,2024-01-06,ACTIVO
411,Comercial,33XXXX08,962XXX580,cliente00411***@correo.com,38,2020-06-20,ACTIVO
412,Residencial,45XXXX96,975XXX545,cliente00412***@correo.com,15,2021-09-13,ACTIVO
413,Residencial,51XXXX09,998XXX637,cliente00413***@correo.com,43,2019-07-04,ACTIVO
414,Residencial,33XXXX19,906XXX411,cliente00414***@correo.com,11,2024-10-04,ACTIVO
415,Residencial,48XXXX52,918XXX496,cliente00415***@correo.com,43,2021-07-28,ACTIVO
416,Residencial,78XXXX50,981XXX097,cliente00416***@correo.com,6,2023-01-17,ACTIVO
417,Residencial,49XXXX57,924XXX890,cliente00417***@correo.com,40,2019-05-04,ACTIVO
418,Residencial,53XXXX71,911XXX727,cliente00418***@correo.com,16,2024-07-01,ACTIVO
419,Residencial,84XXXX70,925XXX172,cliente00419***@correo.com,15,2019-12-21,ACTIVO
420,Residencial,77XXXX50,990XXX365,cliente00420***@correo.com,3,2020-11-07,ACTIVO
421,Residencial,70XXXX51,963XXX577,cliente00421***@correo.com,7,2023-03-21,ACTIVO
422,Residencial,51XXXX33,987XXX186,cliente00422***@correo.com,5,2019-09-25,ACTIVO
423,Residencial,85XXXX47,960XXX153,cliente00423***@correo.com,1,2024-02-12,ACTIVO
424,Residencial,63XXXX01,931XXX055,cliente00424***@correo.com,15,2022-09-18,ACTIVO
425,Residencial,17XXXX51,973XXX104,cliente00425***@correo.com,9,2019-11-04,ACTIVO
426,Residencial,36XXXX83,981XXX557,cliente00426***@correo.com,13,2020-04-05,ACTIVO
427,Residencial,57XXXX29,962XXX223,cliente00427***@correo.com,21,2022-03-14,ACTIVO
428,Comercial,49XXXX73,906XXX501,cliente00428***@correo.com,30,2021-02-19,ACTIVO
429,Residencial,89XXXX14,934XXX212,cliente00429***@correo.com,3,2019-09-13,ACTIVO
430,Residencial,57XXXX63,950XXX843,cliente00430***@correo.com,7,2020-05-09,ACTIVO
431,Residencial,20XXXX87,988XXX507,cliente00431***@correo.com,19,2021-01-17,ACTIVO
432,Comercial,71XXXX10,965XXX751,cliente00432***@correo.com,35,2021-04-15,ACTIVO
433,Gobierno,22XXXX40,913XXX159,cliente00433***@correo.com,39,2022-07-03,ACTIVO
434,Residencial,49XXXX75,964XXX429,cliente00434***@correo.com,26,2018-04-04,ACTIVO
435,Residencial,14XXXX13,983XXX369,cliente00435***@correo.com,36,2022-04-19,ACTIVO
436,Residencial,65XXXX98,991XXX311,cliente00436***@correo.com,43,2022-04-11,ACTIVO
437,Residencial,34XXXX34,911XXX150,cliente00437***@correo.com,3,2018-12-20,ACTIVO
438,Residencial,34XXXX33,948XXX955,cliente00438***@correo.com,34,2020-03-25,ACTIVO
439,Residencial,64XXXX89,934XXX987,cliente00439***@correo.com,15,2023-10-20,ACTIVO
440,Residencial,93XXXX13,967XXX810,cliente00440***@correo.com,31,2024-08-05,ACTIVO
441,Residencial,75XXXX11,969XXX796,cliente00441***@correo.com,41,2019-03-05,ACTIVO
442,Residencial,82XXXX42,992XXX023,cliente00442***@correo.com,32,2024-04-09,ACTIVO
443,Residencial,10XXXX39,964XXX066,cliente00443***@correo.com,8,2018-05-03,ACTIVO
444,Comercial,78XXXX90,970XXX706,cliente00444***@correo.com,39,2021-03-19,ACTIVO
445,Residencial,40XXXX04,926XXX312,cliente00445***@correo.com,4,2022-08-11,ACTIVO
446,Comercial,71XXXX83,903XXX629,cliente00446***@correo.com,27,2024-10-23,ACTIVO
447,Residencial,89XXXX65,986XXX757,cliente00447***@correo.com,33,2018-06-15,ACTIVO
448,Residencial,42XXXX44,966XXX119,cliente00448***@correo.com,29,2023-02-14,ACTIVO
449,Residencial,37XXXX64,970XXX140,cliente00449***@correo.com,30,2024-11-07,ACTIVO
450,Residencial,16XXXX87,977XXX126,cliente00450***@correo.com,3,2022-09-23,INACTIVO
451,Comercial,29XXXX12,993XXX984,cliente00451***@correo.com,15,2021-02-20,ACTIVO
452,Residencial,34XXXX09,920XXX023,cliente00452***@correo.com,39,2021-01-08,ACTIVO
453,Comercial,90XXXX83,947XXX697,cliente00453***@correo.com,43,2023-11-02,ACTIVO
454,Residencial,89XXXX73,923XXX665,cliente00454***@correo.com,3,2020-12-19,ACTIVO
455,Residencial,87XXXX67,980XXX557,cliente00455***@correo.com,7,2021-01-08,ACTIVO
456,Residencial,76XXXX77,979XXX497,cliente00456***@correo.com,30,2022-05-01,ACTIVO
457,Alumbrado Público,86XXXX30,973XXX709,cliente00457***@correo.com,9,2022-08-04,ACTIVO
458,Residencial,23XXXX35,901XXX722,cliente00458***@correo.com,7,2023-04-02,ACTIVO
459,Residencial,26XXXX37,971XXX187,cliente00459***@correo.com,5,2018-08-28,ACTIVO
460,Residencial,51XXXX61,981XXX307,cliente00460***@correo.com,18,2018-08-23,ACTIVO
461,Alumbrado Público,12XXXX93,933XXX941,cliente00461***@correo.com,28,2022-08-22,ACTIVO
462,Residencial,23XXXX65,945XXX111,cliente00462***@correo.com,30,2024-04-14,ACTIVO
463,Comercial,25XXXX50,904XXX298,cliente00463***@correo.com,7,2018-09-12,ACTIVO
464,Comercial,17XXXX10,903XXX214,cliente00464***@correo.com,4,2022-09-15,ACTIVO
465,Residencial,76XXXX84,940XXX349,cliente00465***@correo.com,10,2019-08-25,ACTIVO
466,Residencial,59XXXX50,909XXX480,cliente00466***@correo.com,13,2019-04-03,ACTIVO
467,Residencial,38XXXX26,936XXX612,cliente00467***@correo.com,28,2021-11-06,ACTIVO
468,Comercial,22XXXX52,928XXX188,cliente00468***@correo.com,8,2024-08-11,ACTIVO
469,Residencial,78XXXX35,900XXX478,cliente00469***@correo.com,26,2022-11-19,ACTIVO
470,Residencial,21XXXX29,907XXX381,cliente00470***@correo.com,33,2019-04-10,ACTIVO
471,Residencial,29XXXX27,967XXX052,cliente00471***@correo.com,15,2018-04-11,ACTIVO
472,Residencial,72XXXX54,994XXX650,cliente00472***@correo.com,13,2018-11-09,ACTIVO
473,Alumbrado Público,19XXXX68,942XXX347,cliente00473***@correo.com,38,2022-09-17,ACTIVO
474,Residencial,48XXXX26,916XXX190,cliente00474***@correo.com,7,2022-01-17,ACTIVO
475,Residencial,60XXXX89,954XXX013,cliente00475***@correo.com,7,2021-09-29,ACTIVO
476,Residencial,71XXXX14,913XXX410,cliente00476***@correo.com,5,2022-02-11,ACTIVO
477,Residencial,70XXXX18,942XXX941,cliente00477***@correo.com,7,2021-02-19,ACTIVO
478,Comercial,80XXXX31,950XXX878,cliente00478***@correo.com,7,2022-10-09,ACTIVO
479,Comercial,95XXXX43,921XXX833,cliente00479***@correo.com,3,2024-10-12,ACTIVO
480,Residencial,11XXXX55,922XXX947,cliente00480***@correo.com,5,2021-11-10,ACTIVO
481,Residencial,66XXXX32,960XXX109,cliente00481***@correo.com,28,2021-10-16,ACTIVO
482,Comercial,17XXXX96,900XXX818,cliente00482***@correo.com,15,2018-05-26,ACTIVO
483,Residencial,21XXXX37,993XXX217,cliente00483***@correo.com,38,2024-11-11,ACTIVO
484,Residencial,82XXXX88,994XXX234,cliente00484***@correo.com,15,2018-03-21,ACTIVO
485,Comercial,11XXXX73,945XXX872,cliente00485***@correo.com,39,2019-10-31,ACTIVO
486,Residencial,28XXXX68,933XXX450,cliente00486***@correo.com,39,2019-02-26,ACTIVO
487,Alumbrado Público,63XXXX60,938XXX636,cliente00487***@correo.com,7,2024-08-06,ACTIVO
488,Residencial,73XXXX75,930XXX280,cliente00488***@correo.com,29,2024-11-13,ACTIVO
489,Comercial,83XXXX51,917XXX083,cliente00489***@correo.com,40,2023-06-17,ACTIVO
490,Residencial,22XXXX26,966XXX786,cliente00490***@correo.com,30,2020-10-21,ACTIVO
491,Industrial,50XXXX00,939XXX702,cliente00491***@correo.com,19,2019-11-26,ACTIVO
492,Residencial,10XXXX66,904XXX653,cliente00492***@correo.com,38,2024-05-29,ACTIVO
493,Residencial,87XXXX94,929XXX216,cliente00493***@correo.com,15,2021-01-04,ACTIVO
494,Residencial,55XXXX74,973XXX706,cliente00494***@correo.com,26,2023-11-27,ACTIVO
495,Residencial,13XXXX49,977XXX828,cliente00495***@correo.com,3,2020-04-23,ACTIVO
496,Residencial,44XXXX74,964XXX120,cliente00496***@correo.com,19,2022-04-24,ACTIVO
497,Residencial,40XXXX74,999XXX306,cliente00497***@correo.com,15,2023-06-30,ACTIVO
498,Residencial,46XXXX49,950XXX323,cliente00498***@correo.com,31,2019-04-02,ACTIVO
499,Residencial,34XXXX61,988XXX445,cliente00499***@correo.com,21,2023-02-09,ACTIVO
500,Alumbrado Público,92XXXX54,904XXX383,cliente00500***@correo.com,25,2020-03-21,ACTIVO
501,Residencial,99XXXX78,955XXX304,cliente00501***@correo.com,43,2020-12-12,ACTIVO
502,Residencial,87XXXX10,953XXX462,cliente00502***@correo.com,11,2024-12-07,ACTIVO
503,Residencial,85XXXX42,956XXX753,cliente00503***@correo.com,3,2021-05-14,ACTIVO
504,Residencial,34XXXX66,900XXX028,cliente00504***@correo.com,40,2018-09-29,ACTIVO
505,Residencial,39XXXX64,946XXX151,cliente00505***@correo.com,7,2020-03-04,ACTIVO
506,Residencial,16XXXX01,961XXX828,cliente00506***@correo.com,11,2023-07-11,ACTIVO
507,Residencial,23XXXX22,914XXX160,cliente00507***@correo.com,42,2018-12-19,ACTIVO
508,Residencial,18XXXX58,995XXX088,cliente00508***@correo.com,28,2018-01-10,ACTIVO
509,Residencial,42XXXX57,962XXX547,cliente00509***@correo.com,26,2020-04-01,ACTIVO
510,Residencial,73XXXX80,961XXX218,cliente00510***@correo.com,43,2024-09-07,ACTIVO
511,Residencial,13XXXX82,999XXX003,cliente00511***@correo.com,28,2019-12-26,ACTIVO
512,Residencial,52XXXX89,913XXX102,cliente00512***@correo.com,7,2020-03-19,ACTIVO
513,Residencial,74XXXX18,989XXX925,cliente00513***@correo.com,35,2023-03-06,ACTIVO
514,Residencial,78XXXX80,975XXX789,cliente00514***@correo.com,29,2020-04-20,ACTIVO
515,Residencial,64XXXX71,949XXX631,cliente00515***@correo.com,7,2021-04-18,ACTIVO
516,Residencial,48XXXX05,995XXX829,cliente00516***@correo.com,39,2021-04-02,ACTIVO
517,Residencial,76XXXX98,931XXX946,cliente00517***@correo.com,22,2023-11-28,ACTIVO
518,Residencial,87XXXX59,961XXX730,cliente00518***@correo.com,19,2020-01-18,ACTIVO
519,Residencial,19XXXX97,906XXX242,cliente00519***@correo.com,28,2020-02-27,ACTIVO
520,Residencial,67XXXX00,980XXX172,cliente00520***@correo.com,35,2021-04-24,ACTIVO
521,Residencial,96XXXX41,978XXX023,cliente00521***@correo.com,4,2023-11-18,ACTIVO
522,Comercial,45XXXX76,979XXX603,cliente00522***@correo.com,39,2019-07-07,ACTIVO
523,Residencial,68XXXX66,990XXX765,cliente00523***@correo.com,42,2018-11-22,ACTIVO
524,Comercial,49XXXX65,934XXX857,cliente00524***@correo.com,33,2023-11-10,ACTIVO
525,Residencial,90XXXX33,953XXX012,cliente00525***@correo.com,7,2020-09-21,ACTIVO
526,Residencial,47XXXX84,905XXX836,cliente00526***@correo.com,15,2022-11-22,ACTIVO
527,Residencial,18XXXX63,917XXX809,cliente00527***@correo.com,38,2024-04-05,ACTIVO
528,Residencial,92XXXX19,946XXX781,cliente00528***@correo.com,7,2020-02-01,SUSPENDIDO
529,Residencial,97XXXX74,929XXX831,cliente00529***@correo.com,5,2019-02-14,ACTIVO
530,Residencial,83XXXX88,984XXX724,cliente00530***@correo.com,41,2022-01-02,ACTIVO
531,Residencial,37XXXX15,967XXX984,cliente00531***@correo.com,29,2020-10-19,ACTIVO
532,Residencial,81XXXX93,924XXX100,cliente00532***@correo.com,30,2019-06-22,ACTIVO
533,Residencial,73XXXX65,947XXX659,cliente00533***@correo.com,43,2019-08-17,ACTIVO
534,Residencial,41XXXX05,965XXX718,cliente00534***@correo.com,9,2020-06-25,ACTIVO
535,Residencial,77XXXX09,987XXX324,cliente00535***@correo.com,9,2023-09-08,ACTIVO
536,Residencial,40XXXX43,977XXX659,cliente00536***@correo.com,5,2020-05-13,ACTIVO
537,Residencial,41XXXX32,959XXX760,cliente00537***@correo.com,31,2019-05-13,ACTIVO
538,Residencial,62XXXX29,956XXX254,cliente00538***@correo.com,22,2019-12-03,ACTIVO
539,Residencial,71XXXX54,900XXX498,cliente00539***@correo.com,15,2023-03-31,ACTIVO
540,Residencial,63XXXX07,934XXX020,cliente00540***@correo.com,9,2023-07-02,ACTIVO
541,Residencial,81XXXX73,938XXX637,cliente00541***@correo.com,19,2018-02-23,ACTIVO
542,Residencial,66XXXX95,987XXX719,cliente00542***@correo.com,26,2021-07-18,ACTIVO
543,Residencial,96XXXX93,986XXX576,cliente00543***@correo.com,13,2024-09-17,ACTIVO
544,Residencial,19XXXX78,970XXX509,cliente00544***@correo.com,42,2022-01-26,ACTIVO
545,Residencial,24XXXX93,951XXX900,cliente00545***@correo.com,19,2018-04-10,ACTIVO
546,Residencial,77XXXX22,991XXX967,cliente00546***@correo.com,17,2024-03-13,ACTIVO
547,Residencial,34XXXX54,982XXX915,cliente00547***@correo.com,9,2021-04-17,ACTIVO
548,Residencial,48XXXX04,964XXX704,cliente00548***@correo.com,39,2024-03-23,ACTIVO
549,Industrial,22XXXX02,919XXX789,cliente00549***@correo.com,28,2021-04-23,ACTIVO
550,Residencial,75XXXX53,985XXX620,cliente00550***@correo.com,43,2022-01-11,INACTIVO
551,Residencial,71XXXX12,962XXX789,cliente00551***@correo.com,34,2022-12-15,ACTIVO
552,Residencial,93XXXX28,923XXX992,cliente00552***@correo.com,25,2019-07-21,ACTIVO
553,Residencial,24XXXX38,935XXX057,cliente00553***@correo.com,39,2023-08-25,ACTIVO
554,Residencial,16XXXX72,930XXX659,cliente00554***@correo.com,4,2024-01-10,ACTIVO
555,Residencial,75XXXX16,980XXX932,cliente00555***@correo.com,13,2024-12-21,ACTIVO
556,Residencial,96XXXX07,996XXX657,cliente00556***@correo.com,13,2023-08-04,ACTIVO
557,Comercial,57XXXX18,979XXX946,cliente00557***@correo.com,15,2020-04-25,ACTIVO
558,Comercial,66XXXX45,955XXX788,cliente00558***@correo.com,9,2021-11-12,ACTIVO
559,Residencial,10XXXX75,956XXX828,cliente00559***@correo.com,29,2023-01-11,ACTIVO
560,Residencial,90XXXX80,979XXX429,cliente00560***@correo.com,28,2019-06-30,ACTIVO
561,Residencial,39XXXX60,991XXX332,cliente00561***@correo.com,38,2019-02-08,ACTIVO
562,Comercial,72XXXX84,909XXX669,cliente00562***@correo.com,10,2024-10-31,ACTIVO
563,Residencial,34XXXX56,992XXX191,cliente00563***@correo.com,28,2024-03-21,ACTIVO
564,Comercial,86XXXX99,947XXX066,cliente00564***@correo.com,29,2018-02-15,ACTIVO
565,Residencial,49XXXX70,966XXX141,cliente00565***@correo.com,39,2020-11-29,ACTIVO
566,Gobierno,54XXXX86,975XXX722,cliente00566***@correo.com,15,2023-07-29,ACTIVO
567,Residencial,77XXXX05,910XXX937,cliente00567***@correo.com,9,2021-01-13,ACTIVO
568,Residencial,26XXXX26,923XXX725,cliente00568***@correo.com,15,2023-03-18,ACTIVO
569,Residencial,64XXXX05,920XXX519,cliente00569***@correo.com,43,2022-09-13,ACTIVO
570,Residencial,72XXXX22,956XXX542,cliente00570***@correo.com,29,2023-11-05,ACTIVO
571,Residencial,61XXXX15,970XXX683,cliente00571***@correo.com,26,2018-03-11,ACTIVO
572,Residencial,64XXXX92,951XXX835,cliente00572***@correo.com,17,2023-05-21,ACTIVO
573,Residencial,80XXXX24,935XXX027,cliente00573***@correo.com,7,2020-12-06,ACTIVO
574,Residencial,11XXXX45,986XXX708,cliente00574***@correo.com,24,2023-07-10,ACTIVO
575,Residencial,11XXXX86,949XXX504,cliente00575***@correo.com,11,2021-08-13,ACTIVO
576,Residencial,87XXXX04,985XXX760,cliente00576***@correo.com,43,2020-03-17,ACTIVO
577,Comercial,60XXXX63,919XXX576,cliente00577***@correo.com,38,2020-11-12,ACTIVO
578,Residencial,87XXXX65,962XXX322,cliente00578***@correo.com,34,2023-12-09,ACTIVO
579,Residencial,19XXXX74,903XXX927,cliente00579***@correo.com,7,2024-12-14,ACTIVO
580,Residencial,44XXXX37,939XXX213,cliente00580***@correo.com,33,2022-08-02,ACTIVO
581,Residencial,54XXXX54,922XXX599,cliente00581***@correo.com,26,2018-10-27,ACTIVO
582,Residencial,95XXXX98,907XXX244,cliente00582***@correo.com,3,2023-11-21,ACTIVO
583,Residencial,63XXXX93,924XXX062,cliente00583***@correo.com,15,2019-06-28,ACTIVO
584,Residencial,59XXXX95,919XXX118,cliente00584***@correo.com,19,2020-10-06,ACTIVO
585,Residencial,44XXXX62,979XXX834,cliente00585***@correo.com,3,2024-07-30,ACTIVO
586,Residencial,89XXXX93,925XXX236,cliente00586***@correo.com,43,2018-11-01,ACTIVO
587,Residencial,57XXXX45,992XXX610,cliente00587***@correo.com,39,2021-10-01,ACTIVO
588,Residencial,60XXXX82,916XXX727,cliente00588***@correo.com,27,2022-04-19,ACTIVO
589,Industrial,88XXXX45,943XXX541,cliente00589***@correo.com,7,2021-06-30,ACTIVO
590,Residencial,42XXXX60,905XXX530,cliente00590***@correo.com,10,2018-11-26,ACTIVO
591,Residencial,85XXXX73,952XXX031,cliente00591***@correo.com,3,2022-12-05,ACTIVO
592,Residencial,10XXXX25,941XXX216,cliente00592***@correo.com,7,2023-09-19,ACTIVO
593,Residencial,66XXXX09,940XXX426,cliente00593***@correo.com,35,2019-08-16,ACTIVO
594,Residencial,54XXXX46,921XXX864,cliente00594***@correo.com,3,2021-10-06,ACTIVO
595,Residencial,18XXXX93,960XXX912,cliente00595***@correo.com,24,2020-05-14,ACTIVO
596,Residencial,91XXXX37,985XXX205,cliente00596***@correo.com,26,2018-05-15,ACTIVO
597,Residencial,22XXXX16,998XXX356,cliente00597***@correo.com,18,2022-04-05,ACTIVO
598,Residencial,31XXXX29,928XXX373,cliente00598***@correo.com,40,2024-07-17,ACTIVO
599,Comercial,72XXXX16,928XXX851,cliente00599***@correo.com,13,2018-09-30,ACTIVO
600,Residencial,40XXXX95,903XXX307,cliente00600***@correo.com,42,2020-08-30,ACTIVO
601,Industrial,70XXXX36,970XXX847,cliente00601***@correo.com,3,2023-06-15,ACTIVO
602,Residencial,61XXXX84,929XXX224,cliente00602***@correo.com,15,2023-04-13,ACTIVO
603,Residencial,61XXXX23,970XXX132,cliente00603***@correo.com,15,2019-10-22,ACTIVO
604,Residencial,26XXXX62,902XXX804,cliente00604***@correo.com,15,2021-02-02,INACTIVO
605,Residencial,90XXXX85,941XXX160,cliente00605***@correo.com,4,2020-02-11,ACTIVO
606,Residencial,19XXXX60,976XXX263,cliente00606***@correo.com,5,2021-12-07,ACTIVO
607,Residencial,92XXXX26,939XXX589,cliente00607***@correo.com,15,2021-05-08,ACTIVO
608,Residencial,86XXXX32,946XXX001,cliente00608***@correo.com,5,2023-05-27,ACTIVO
609,Residencial,80XXXX06,915XXX984,cliente00609***@correo.com,9,2021-11-27,ACTIVO
610,Residencial,64XXXX88,998XXX565,cliente00610***@correo.com,33,2021-03-26,ACTIVO
611,Residencial,22XXXX28,964XXX316,cliente00611***@correo.com,8,2021-01-16,ACTIVO
612,Residencial,26XXXX87,923XXX316,cliente00612***@correo.com,4,2020-05-17,ACTIVO
613,Residencial,40XXXX49,922XXX333,cliente00613***@correo.com,28,2024-03-10,ACTIVO
614,Residencial,14XXXX07,910XXX206,cliente00614***@correo.com,7,2020-01-20,ACTIVO
615,Residencial,70XXXX19,903XXX343,cliente00615***@correo.com,13,2022-08-09,ACTIVO
616,Residencial,65XXXX45,962XXX800,cliente00616***@correo.com,29,2020-12-24,ACTIVO
617,Residencial,91XXXX21,966XXX361,cliente00617***@correo.com,13,2024-11-30,ACTIVO
618,Residencial,41XXXX90,963XXX475,cliente00618***@correo.com,43,2019-12-29,ACTIVO
619,Gobierno,67XXXX05,921XXX405,cliente00619***@correo.com,30,2023-01-25,ACTIVO
620,Residencial,24XXXX84,906XXX993,cliente00620***@correo.com,9,2019-03-08,ACTIVO
621,Residencial,68XXXX12,905XXX215,cliente00621***@correo.com,7,2018-02-13,ACTIVO
622,Residencial,52XXXX88,944XXX886,cliente00622***@correo.com,30,2021-05-10,ACTIVO
623,Residencial,82XXXX44,906XXX289,cliente00623***@correo.com,19,2018-04-11,ACTIVO
624,Comercial,67XXXX78,913XXX982,cliente00624***@correo.com,5,2018-02-17,ACTIVO
625,Residencial,67XXXX80,989XXX864,cliente00625***@correo.com,30,2022-06-06,ACTIVO
626,Residencial,27XXXX79,917XXX422,cliente00626***@correo.com,38,2022-03-03,ACTIVO
627,Comercial,55XXXX25,902XXX854,cliente00627***@correo.com,20,2018-08-16,ACTIVO
628,Residencial,63XXXX15,953XXX558,cliente00628***@correo.com,43,2022-05-30,ACTIVO
629,Residencial,83XXXX15,934XXX849,cliente00629***@correo.com,15,2023-09-20,ACTIVO
630,Residencial,27XXXX45,930XXX966,cliente00630***@correo.com,15,2019-07-24,ACTIVO
631,Residencial,82XXXX60,954XXX415,cliente00631***@correo.com,30,2021-04-16,ACTIVO
632,Comercial,84XXXX39,977XXX253,cliente00632***@correo.com,43,2024-01-09,ACTIVO
633,Residencial,16XXXX82,999XXX748,cliente00633***@correo.com,7,2021-11-21,ACTIVO
634,Residencial,37XXXX84,910XXX262,cliente00634***@correo.com,9,2018-02-19,ACTIVO
635,Residencial,83XXXX89,972XXX646,cliente00635***@correo.com,11,2022-07-24,ACTIVO
636,Comercial,37XXXX92,906XXX671,cliente00636***@correo.com,20,2022-11-04,INACTIVO
637,Residencial,57XXXX59,992XXX146,cliente00637***@correo.com,38,2022-09-25,ACTIVO
638,Residencial,48XXXX39,946XXX212,cliente00638***@correo.com,7,2021-03-10,ACTIVO
639,Residencial,12XXXX42,983XXX780,cliente00639***@correo.com,40,2024-02-02,ACTIVO
640,Residencial,98XXXX03,985XXX174,cliente00640***@correo.com,26,2023-01-17,ACTIVO
641,Comercial,59XXXX41,948XXX002,cliente00641***@correo.com,7,2021-04-28,ACTIVO
642,Residencial,13XXXX52,975XXX668,cliente00642***@correo.com,13,2018-04-23,ACTIVO
643,Residencial,31XXXX82,907XXX820,cliente00643***@correo.com,43,2022-01-09,ACTIVO
644,Residencial,89XXXX33,933XXX542,cliente00644***@correo.com,39,2020-05-02,ACTIVO
645,Comercial,98XXXX86,902XXX301,cliente00645***@correo.com,9,2020-06-06,ACTIVO
646,Residencial,48XXXX33,976XXX139,cliente00646***@correo.com,7,2023-07-29,ACTIVO
647,Comercial,50XXXX39,926XXX574,cliente00647***@correo.com,37,2018-11-19,ACTIVO
648,Comercial,44XXXX27,923XXX544,cliente00648***@correo.com,3,2021-01-06,ACTIVO
649,Residencial,43XXXX29,939XXX000,cliente00649***@correo.com,19,2023-12-08,ACTIVO
650,Industrial,70XXXX22,938XXX487,cliente00650***@correo.com,43,2018-07-07,ACTIVO
651,Residencial,31XXXX04,943XXX178,cliente00651***@correo.com,26,2024-04-28,SUSPENDIDO
652,Residencial,51XXXX22,941XXX773,cliente00652***@correo.com,15,2021-07-30,ACTIVO
653,Residencial,58XXXX73,939XXX309,cliente00653***@correo.com,23,2024-10-27,ACTIVO
654,Gobierno,93XXXX11,907XXX206,cliente00654***@correo.com,43,2022-12-04,ACTIVO
655,Residencial,44XXXX77,923XXX493,cliente00655***@correo.com,30,2018-02-27,ACTIVO
656,Residencial,40XXXX37,966XXX423,cliente00656***@correo.com,21,2020-04-25,ACTIVO
657,Residencial,32XXXX03,911XXX324,cliente00657***@correo.com,28,2021-01-03,ACTIVO
658,Residencial,17XXXX67,991XXX063,cliente00658***@correo.com,5,2024-02-29,ACTIVO
659,Comercial,25XXXX95,901XXX392,cliente00659***@correo.com,17,2020-04-23,ACTIVO
660,Comercial,93XXXX69,941XXX532,cliente00660***@correo.com,29,2019-04-22,ACTIVO
661,Residencial,24XXXX06,954XXX642,cliente00661***@correo.com,28,2020-05-05,ACTIVO
662,Residencial,38XXXX89,992XXX493,cliente00662***@correo.com,18,2022-09-05,ACTIVO
663,Residencial,14XXXX95,957XXX220,cliente00663***@correo.com,40,2021-05-08,ACTIVO
664,Comercial,52XXXX69,966XXX125,cliente00664***@correo.com,3,2021-10-05,ACTIVO
665,Residencial,39XXXX92,991XXX469,cliente00665***@correo.com,28,2024-05-26,ACTIVO
666,Gobierno,91XXXX78,937XXX618,cliente00666***@correo.com,7,2021-06-26,ACTIVO
667,Residencial,92XXXX77,998XXX830,cliente00667***@correo.com,15,2020-06-28,ACTIVO
668,Residencial,58XXXX50,921XXX243,cliente00668***@correo.com,39,2022-02-06,ACTIVO
669,Alumbrado Público,62XXXX66,996XXX571,cliente00669***@correo.com,3,2020-08-02,ACTIVO
670,Residencial,91XXXX49,977XXX115,cliente00670***@correo.com,35,2023-08-06,ACTIVO
671,Residencial,76XXXX67,998XXX349,cliente00671***@correo.com,26,2021-08-13,ACTIVO
672,Comercial,32XXXX61,938XXX098,cliente00672***@correo.com,35,2024-09-26,ACTIVO
673,Residencial,79XXXX10,984XXX456,cliente00673***@correo.com,34,2022-09-28,ACTIVO
674,Alumbrado Público,48XXXX76,953XXX300,cliente00674***@correo.com,3,2022-02-19,ACTIVO
675,Residencial,33XXXX40,962XXX825,cliente00675***@correo.com,26,2021-08-03,ACTIVO
676,Residencial,67XXXX92,931XXX630,cliente00676***@correo.com,15,2018-07-27,ACTIVO
677,Residencial,68XXXX78,962XXX306,cliente00677***@correo.com,20,2022-02-04,ACTIVO
678,Residencial,53XXXX84,974XXX217,cliente00678***@correo.com,5,2023-11-07,ACTIVO
679,Residencial,84XXXX72,905XXX615,cliente00679***@correo.com,10,2022-02-08,ACTIVO
680,Residencial,68XXXX08,937XXX010,cliente00680***@correo.com,42,2022-09-17,ACTIVO
681,Residencial,73XXXX15,999XXX059,cliente00681***@correo.com,25,2024-03-26,ACTIVO
682,Residencial,85XXXX75,944XXX871,cliente00682***@correo.com,15,2024-02-29,ACTIVO
683,Residencial,69XXXX96,904XXX202,cliente00683***@correo.com,28,2018-03-03,ACTIVO
684,Residencial,15XXXX43,953XXX422,cliente00684***@correo.com,43,2022-06-04,ACTIVO
685,Residencial,59XXXX96,920XXX397,cliente00685***@correo.com,3,2022-10-02,ACTIVO
686,Residencial,43XXXX95,928XXX477,cliente00686***@correo.com,26,2022-10-26,ACTIVO
687,Comercial,21XXXX78,992XXX200,cliente00687***@correo.com,43,2020-04-25,ACTIVO
688,Residencial,69XXXX42,984XXX481,cliente00688***@correo.com,43,2024-01-19,ACTIVO
689,Residencial,66XXXX46,930XXX884,cliente00689***@correo.com,9,2022-06-16,ACTIVO
690,Residencial,93XXXX57,910XXX707,cliente00690***@correo.com,15,2021-04-18,ACTIVO
691,Residencial,59XXXX02,973XXX098,cliente00691***@correo.com,28,2021-10-30,ACTIVO
692,Residencial,57XXXX76,909XXX617,cliente00692***@correo.com,7,2022-07-28,ACTIVO
693,Residencial,45XXXX58,944XXX165,cliente00693***@correo.com,30,2024-08-20,ACTIVO
694,Residencial,88XXXX53,966XXX499,cliente00694***@correo.com,43,2024-07-02,ACTIVO
695,Residencial,43XXXX84,938XXX545,cliente00695***@correo.com,28,2023-08-22,ACTIVO
696,Residencial,11XXXX35,973XXX145,cliente00696***@correo.com,7,2018-04-16,ACTIVO
697,Residencial,21XXXX88,939XXX528,cliente00697***@correo.com,9,2019-07-05,ACTIVO
698,Residencial,89XXXX54,981XXX659,cliente00698***@correo.com,13,2020-10-22,ACTIVO
699,Residencial,30XXXX74,936XXX518,cliente00699***@correo.com,30,2020-12-16,ACTIVO
700,Residencial,56XXXX39,984XXX127,cliente00700***@correo.com,29,2021-07-17,ACTIVO
701,Industrial,39XXXX92,954XXX967,cliente00701***@correo.com,7,2022-12-16,ACTIVO
702,Residencial,72XXXX37,900XXX975,cliente00702***@correo.com,3,2020-01-28,ACTIVO
703,Residencial,29XXXX71,920XXX177,cliente00703***@correo.com,10,2024-01-06,ACTIVO
704,Residencial,79XXXX10,982XXX673,cliente00704***@correo.com,19,2024-01-11,ACTIVO
705,Residencial,58XXXX86,988XXX782,cliente00705***@correo.com,15,2020-04-20,ACTIVO
706,Residencial,92XXXX21,919XXX942,cliente00706***@correo.com,18,2019-01-16,ACTIVO
707,Industrial,82XXXX09,950XXX335,cliente00707***@correo.com,9,2020-01-02,ACTIVO
708,Residencial,35XXXX78,913XXX174,cliente00708***@correo.com,28,2022-05-01,ACTIVO
709,Residencial,34XXXX88,972XXX138,cliente00709***@correo.com,19,2018-05-31,ACTIVO
710,Residencial,39XXXX05,919XXX390,cliente00710***@correo.com,25,2020-04-23,ACTIVO
711,Residencial,48XXXX46,912XXX659,cliente00711***@correo.com,9,2023-02-19,ACTIVO
712,Residencial,58XXXX29,943XXX208,cliente00712***@correo.com,9,2022-01-30,ACTIVO
713,Residencial,75XXXX62,954XXX256,cliente00713***@correo.com,8,2021-02-09,INACTIVO
714,Residencial,21XXXX50,981XXX554,cliente00714***@correo.com,19,2020-03-30,ACTIVO
715,Comercial,64XXXX57,973XXX581,cliente00715***@correo.com,15,2020-03-01,ACTIVO
716,Residencial,56XXXX58,912XXX653,cliente00716***@correo.com,30,2023-09-23,ACTIVO
717,Residencial,30XXXX40,946XXX191,cliente00717***@correo.com,15,2021-10-01,ACTIVO
718,Residencial,13XXXX25,982XXX866,cliente00718***@correo.com,43,2018-04-15,ACTIVO
719,Residencial,61XXXX23,984XXX106,cliente00719***@correo.com,15,2020-05-19,ACTIVO
720,Residencial,37XXXX51,940XXX492,cliente00720***@correo.com,26,2021-05-31,ACTIVO
721,Residencial,57XXXX11,929XXX413,cliente00721***@correo.com,13,2020-10-30,ACTIVO
722,Residencial,23XXXX58,901XXX810,cliente00722***@correo.com,29,2021-12-29,ACTIVO
723,Residencial,81XXXX74,971XXX538,cliente00723***@correo.com,3,2020-09-05,ACTIVO
724,Residencial,56XXXX75,987XXX893,cliente00724***@correo.com,43,2019-09-01,ACTIVO
725,Comercial,13XXXX93,917XXX731,cliente00725***@correo.com,2,2022-04-05,ACTIVO
726,Residencial,15XXXX73,942XXX278,cliente00726***@correo.com,28,2023-08-12,ACTIVO
727,Comercial,52XXXX69,949XXX409,cliente00727***@correo.com,43,2023-11-21,ACTIVO
728,Residencial,22XXXX27,995XXX900,cliente00728***@correo.com,31,2024-12-22,ACTIVO
729,Residencial,30XXXX81,906XXX540,cliente00729***@correo.com,16,2023-02-03,ACTIVO
730,Residencial,43XXXX71,984XXX351,cliente00730***@correo.com,3,2018-12-24,ACTIVO
731,Comercial,87XXXX41,914XXX756,cliente00731***@correo.com,19,2022-07-10,ACTIVO
732,Residencial,60XXXX29,903XXX936,cliente00732***@correo.com,7,2020-02-10,ACTIVO
733,Residencial,50XXXX24,980XXX350,cliente00733***@correo.com,16,2020-11-12,ACTIVO
734,Residencial,44XXXX67,902XXX981,cliente00734***@correo.com,3,2018-11-11,ACTIVO
735,Alumbrado Público,45XXXX67,996XXX119,cliente00735***@correo.com,11,2019-06-05,ACTIVO
736,Residencial,15XXXX19,971XXX507,cliente00736***@correo.com,19,2022-11-29,ACTIVO
737,Residencial,70XXXX71,964XXX739,cliente00737***@correo.com,28,2021-01-28,ACTIVO
738,Comercial,69XXXX97,915XXX468,cliente00738***@correo.com,26,2024-01-25,ACTIVO
739,Residencial,87XXXX72,917XXX401,cliente00739***@correo.com,25,2021-04-01,ACTIVO
740,Residencial,21XXXX34,955XXX970,cliente00740***@correo.com,9,2019-11-17,ACTIVO
741,Residencial,99XXXX61,969XXX886,cliente00741***@correo.com,30,2024-03-20,ACTIVO
742,Residencial,34XXXX67,988XXX165,cliente00742***@correo.com,13,2024-09-28,ACTIVO
743,Residencial,97XXXX25,951XXX565,cliente00743***@correo.com,40,2022-12-18,ACTIVO
744,Residencial,13XXXX25,911XXX606,cliente00744***@correo.com,3,2022-03-28,ACTIVO
745,Residencial,70XXXX53,953XXX444,cliente00745***@correo.com,34,2022-05-11,ACTIVO
746,Residencial,83XXXX17,931XXX334,cliente00746***@correo.com,28,2018-02-14,ACTIVO
747,Residencial,79XXXX89,940XXX509,cliente00747***@correo.com,43,2018-01-24,ACTIVO
748,Residencial,25XXXX28,975XXX434,cliente00748***@correo.com,7,2018-06-04,ACTIVO
749,Residencial,40XXXX25,928XXX810,cliente00749***@correo.com,7,2023-07-14,ACTIVO
750,Comercial,41XXXX41,901XXX653,cliente00750***@correo.com,43,2019-11-12,ACTIVO
751,Residencial,59XXXX18,970XXX510,cliente00751***@correo.com,3,2020-04-14,ACTIVO
752,Residencial,90XXXX66,970XXX177,cliente00752***@correo.com,37,2024-11-26,ACTIVO
753,Residencial,35XXXX69,950XXX924,cliente00753***@correo.com,14,2020-08-28,ACTIVO
754,Residencial,74XXXX81,985XXX865,cliente00754***@correo.com,11,2020-11-03,ACTIVO
755,Residencial,73XXXX85,919XXX604,cliente00755***@correo.com,3,2018-03-28,ACTIVO
756,Alumbrado Público,23XXXX25,988XXX166,cliente00756***@correo.com,9,2020-02-12,ACTIVO
757,Residencial,11XXXX68,927XXX028,cliente00757***@correo.com,7,2018-10-31,ACTIVO
758,Gobierno,84XXXX66,918XXX283,cliente00758***@correo.com,7,2021-02-12,ACTIVO
759,Residencial,41XXXX04,961XXX681,cliente00759***@correo.com,30,2024-04-16,ACTIVO
760,Residencial,14XXXX89,983XXX224,cliente00760***@correo.com,31,2020-01-30,ACTIVO
761,Residencial,77XXXX20,906XXX578,cliente00761***@correo.com,37,2023-05-09,ACTIVO
762,Residencial,72XXXX28,978XXX293,cliente00762***@correo.com,12,2018-10-28,ACTIVO
763,Residencial,36XXXX09,961XXX540,cliente00763***@correo.com,15,2020-11-15,ACTIVO
764,Residencial,15XXXX75,918XXX280,cliente00764***@correo.com,15,2019-08-21,ACTIVO
765,Residencial,44XXXX21,913XXX055,cliente00765***@correo.com,7,2022-05-17,ACTIVO
766,Residencial,51XXXX55,997XXX191,cliente00766***@correo.com,29,2019-01-26,ACTIVO
767,Residencial,57XXXX30,917XXX030,cliente00767***@correo.com,28,2024-05-18,ACTIVO
768,Residencial,67XXXX75,912XXX266,cliente00768***@correo.com,40,2019-07-22,ACTIVO
769,Residencial,38XXXX71,960XXX033,cliente00769***@correo.com,10,2022-10-02,ACTIVO
770,Residencial,23XXXX81,934XXX358,cliente00770***@correo.com,6,2020-11-03,ACTIVO
771,Residencial,19XXXX84,900XXX859,cliente00771***@correo.com,15,2021-04-07,ACTIVO
772,Residencial,25XXXX85,923XXX081,cliente00772***@correo.com,9,2024-09-05,ACTIVO
773,Residencial,49XXXX49,912XXX210,cliente00773***@correo.com,15,2024-03-02,ACTIVO
774,Residencial,72XXXX50,988XXX865,cliente00774***@correo.com,28,2018-05-02,ACTIVO
775,Residencial,41XXXX47,907XXX834,cliente00775***@correo.com,15,2020-03-08,ACTIVO
776,Residencial,25XXXX70,939XXX977,cliente00776***@correo.com,9,2023-12-03,ACTIVO
777,Residencial,67XXXX95,940XXX272,cliente00777***@correo.com,15,2024-12-05,ACTIVO
778,Residencial,95XXXX50,946XXX535,cliente00778***@correo.com,14,2020-02-03,ACTIVO
779,Residencial,79XXXX90,961XXX004,cliente00779***@correo.com,24,2024-05-08,INACTIVO
780,Comercial,32XXXX54,938XXX878,cliente00780***@correo.com,3,2024-12-11,ACTIVO
781,Residencial,64XXXX74,968XXX258,cliente00781***@correo.com,43,2018-04-15,ACTIVO
782,Residencial,42XXXX54,927XXX634,cliente00782***@correo.com,7,2022-05-01,ACTIVO
783,Residencial,60XXXX02,958XXX165,cliente00783***@correo.com,11,2023-04-18,ACTIVO
784,Residencial,10XXXX30,920XXX194,cliente00784***@correo.com,15,2019-07-17,ACTIVO
785,Residencial,64XXXX74,986XXX383,cliente00785***@correo.com,10,2024-03-19,ACTIVO
786,Residencial,38XXXX79,917XXX021,cliente00786***@correo.com,9,2019-05-29,ACTIVO
787,Residencial,60XXXX21,989XXX356,cliente00787***@correo.com,39,2020-06-24,ACTIVO
788,Residencial,19XXXX11,940XXX631,cliente00788***@correo.com,9,2023-01-02,ACTIVO
789,Residencial,20XXXX14,940XXX256,cliente00789***@correo.com,3,2024-09-19,ACTIVO
790,Residencial,61XXXX34,905XXX981,cliente00790***@correo.com,30,2020-03-24,SUSPENDIDO
791,Residencial,30XXXX51,928XXX853,cliente00791***@correo.com,30,2024-03-11,ACTIVO
792,Residencial,31XXXX51,968XXX534,cliente00792***@correo.com,39,2021-05-22,ACTIVO
793,Residencial,64XXXX15,939XXX066,cliente00793***@correo.com,29,2023-04-05,ACTIVO
794,Residencial,73XXXX10,970XXX856,cliente00794***@correo.com,30,2023-01-10,ACTIVO
795,Residencial,88XXXX15,903XXX103,cliente00795***@correo.com,16,2024-11-02,ACTIVO
796,Residencial,71XXXX46,965XXX856,cliente00796***@correo.com,43,2020-06-11,ACTIVO
797,Residencial,78XXXX83,992XXX154,cliente00797***@correo.com,13,2022-01-02,ACTIVO
798,Residencial,47XXXX20,920XXX386,cliente00798***@correo.com,36,2022-08-06,ACTIVO
799,Residencial,53XXXX96,926XXX319,cliente00799***@correo.com,5,2019-10-16,ACTIVO
800,Residencial,35XXXX87,911XXX912,cliente00800***@correo.com,22,2018-06-18,ACTIVO
801,Residencial,27XXXX44,917XXX332,cliente00801***@correo.com,4,2021-05-25,ACTIVO
802,Gobierno,60XXXX06,973XXX966,cliente00802***@correo.com,4,2020-02-09,ACTIVO
803,Residencial,38XXXX97,945XXX161,cliente00803***@correo.com,28,2020-08-15,ACTIVO
804,Residencial,46XXXX58,974XXX288,cliente00804***@correo.com,9,2019-11-26,ACTIVO
805,Residencial,95XXXX11,983XXX066,cliente00805***@correo.com,30,2024-10-21,ACTIVO
806,Residencial,34XXXX32,940XXX109,cliente00806***@correo.com,3,2019-11-04,ACTIVO
807,Residencial,29XXXX43,979XXX858,cliente00807***@correo.com,7,2020-04-20,ACTIVO
808,Residencial,87XXXX02,942XXX623,cliente00808***@correo.com,15,2019-03-05,ACTIVO
809,Residencial,56XXXX80,977XXX638,cliente00809***@correo.com,9,2024-03-18,ACTIVO
810,Residencial,87XXXX22,910XXX774,cliente00810***@correo.com,36,2024-10-20,ACTIVO
811,Residencial,33XXXX72,928XXX472,cliente00811***@correo.com,30,2023-08-30,ACTIVO
812,Residencial,59XXXX79,965XXX943,cliente00812***@correo.com,35,2018-04-24,ACTIVO
813,Residencial,98XXXX92,996XXX914,cliente00813***@correo.com,29,2020-08-02,ACTIVO
814,Residencial,71XXXX34,946XXX123,cliente00814***@correo.com,28,2022-10-03,ACTIVO
815,Residencial,41XXXX89,986XXX814,cliente00815***@correo.com,7,2022-02-11,ACTIVO
816,Residencial,51XXXX97,998XXX041,cliente00816***@correo.com,7,2023-05-18,ACTIVO
817,Residencial,36XXXX67,969XXX228,cliente00817***@correo.com,24,2018-09-18,ACTIVO
818,Residencial,36XXXX31,902XXX119,cliente00818***@correo.com,7,2019-07-22,ACTIVO
819,Residencial,81XXXX62,903XXX837,cliente00819***@correo.com,14,2023-04-28,ACTIVO
820,Comercial,97XXXX80,997XXX740,cliente00820***@correo.com,34,2019-08-14,ACTIVO
821,Alumbrado Público,93XXXX96,923XXX326,cliente00821***@correo.com,19,2024-09-13,ACTIVO
822,Residencial,40XXXX43,912XXX759,cliente00822***@correo.com,26,2020-11-27,ACTIVO
823,Residencial,58XXXX04,967XXX653,cliente00823***@correo.com,3,2020-10-03,ACTIVO
824,Residencial,98XXXX78,937XXX285,cliente00824***@correo.com,19,2020-08-11,ACTIVO
825,Alumbrado Público,20XXXX19,969XXX599,cliente00825***@correo.com,3,2018-11-19,ACTIVO
826,Comercial,69XXXX49,958XXX865,cliente00826***@correo.com,15,2018-10-08,ACTIVO
827,Residencial,99XXXX88,944XXX361,cliente00827***@correo.com,40,2018-06-22,ACTIVO
828,Comercial,76XXXX14,986XXX801,cliente00828***@correo.com,28,2021-08-10,ACTIVO
829,Residencial,97XXXX45,951XXX564,cliente00829***@correo.com,3,2024-05-31,ACTIVO
830,Comercial,44XXXX87,982XXX669,cliente00830***@correo.com,5,2023-09-07,ACTIVO
831,Residencial,75XXXX43,987XXX572,cliente00831***@correo.com,4,2018-10-10,ACTIVO
832,Comercial,20XXXX23,911XXX629,cliente00832***@correo.com,9,2024-06-03,ACTIVO
833,Residencial,85XXXX74,991XXX890,cliente00833***@correo.com,29,2023-07-19,ACTIVO
834,Residencial,62XXXX53,975XXX421,cliente00834***@correo.com,21,2024-02-10,ACTIVO
835,Residencial,15XXXX79,946XXX371,cliente00835***@correo.com,29,2019-09-17,ACTIVO
836,Residencial,95XXXX08,927XXX323,cliente00836***@correo.com,20,2023-01-21,ACTIVO
837,Residencial,14XXXX66,978XXX131,cliente00837***@correo.com,5,2024-09-25,ACTIVO
838,Comercial,30XXXX76,957XXX077,cliente00838***@correo.com,31,2019-10-30,ACTIVO
839,Residencial,62XXXX73,920XXX491,cliente00839***@correo.com,16,2019-10-30,ACTIVO
840,Residencial,28XXXX15,980XXX011,cliente00840***@correo.com,29,2024-01-05,ACTIVO
841,Residencial,82XXXX65,971XXX625,cliente00841***@correo.com,9,2024-06-24,ACTIVO
842,Residencial,46XXXX13,901XXX166,cliente00842***@correo.com,15,2023-08-16,ACTIVO
843,Residencial,87XXXX47,903XXX239,cliente00843***@correo.com,29,2024-02-01,ACTIVO
844,Comercial,58XXXX94,905XXX706,cliente00844***@correo.com,29,2020-06-09,ACTIVO
845,Residencial,81XXXX33,977XXX502,cliente00845***@correo.com,41,2018-05-13,ACTIVO
846,Residencial,72XXXX44,950XXX330,cliente00846***@correo.com,38,2019-07-09,SUSPENDIDO
847,Residencial,26XXXX18,990XXX921,cliente00847***@correo.com,15,2022-06-15,ACTIVO
848,Residencial,67XXXX03,992XXX886,cliente00848***@correo.com,5,2019-06-12,INACTIVO
849,Residencial,93XXXX82,906XXX720,cliente00849***@correo.com,15,2024-04-10,ACTIVO
850,Residencial,62XXXX92,973XXX660,cliente00850***@correo.com,15,2018-11-11,ACTIVO
851,Residencial,74XXXX92,947XXX013,cliente00851***@correo.com,24,2020-08-20,ACTIVO
852,Alumbrado Público,57XXXX93,916XXX029,cliente00852***@correo.com,28,2024-10-17,ACTIVO
853,Residencial,46XXXX15,955XXX704,cliente00853***@correo.com,4,2023-10-09,ACTIVO
854,Comercial,51XXXX15,995XXX530,cliente00854***@correo.com,7,2024-04-13,ACTIVO
855,Residencial,95XXXX84,933XXX752,cliente00855***@correo.com,15,2023-01-31,ACTIVO
856,Residencial,95XXXX38,964XXX235,cliente00856***@correo.com,2,2018-05-06,ACTIVO
857,Industrial,70XXXX33,990XXX177,cliente00857***@correo.com,3,2018-04-10,ACTIVO
858,Residencial,27XXXX30,947XXX138,cliente00858***@correo.com,24,2021-06-06,ACTIVO
859,Residencial,89XXXX05,949XXX154,cliente00859***@correo.com,5,2024-11-08,ACTIVO
860,Residencial,97XXXX82,999XXX036,cliente00860***@correo.com,13,2018-02-06,ACTIVO
861,Residencial,26XXXX61,910XXX844,cliente00861***@correo.com,6,2020-12-22,ACTIVO
862,Residencial,43XXXX60,932XXX659,cliente00862***@correo.com,40,2024-03-29,ACTIVO
863,Residencial,88XXXX52,912XXX929,cliente00863***@correo.com,9,2019-04-20,ACTIVO
864,Residencial,99XXXX83,917XXX281,cliente00864***@correo.com,26,2018-03-13,ACTIVO
865,Industrial,82XXXX97,916XXX189,cliente00865***@correo.com,43,2020-03-19,ACTIVO
866,Residencial,40XXXX24,916XXX450,cliente00866***@correo.com,38,2019-03-14,SUSPENDIDO
867,Comercial,12XXXX04,975XXX389,cliente00867***@correo.com,31,2023-12-06,ACTIVO
868,Residencial,36XXXX47,985XXX243,cliente00868***@correo.com,30,2024-01-25,ACTIVO
869,Residencial,38XXXX29,983XXX441,cliente00869***@correo.com,16,2023-07-18,ACTIVO
870,Residencial,79XXXX62,955XXX533,cliente00870***@correo.com,29,2022-06-03,ACTIVO
871,Residencial,86XXXX16,936XXX745,cliente00871***@correo.com,15,2022-12-21,ACTIVO
872,Comercial,69XXXX36,940XXX928,cliente00872***@correo.com,7,2019-01-12,ACTIVO
873,Residencial,79XXXX10,936XXX458,cliente00873***@correo.com,15,2024-02-01,ACTIVO
874,Comercial,83XXXX64,983XXX422,cliente00874***@correo.com,7,2018-11-10,ACTIVO
875,Residencial,38XXXX69,982XXX810,cliente00875***@correo.com,37,2024-04-24,ACTIVO
876,Residencial,23XXXX32,911XXX144,cliente00876***@correo.com,30,2018-09-20,ACTIVO
877,Residencial,18XXXX27,920XXX303,cliente00877***@correo.com,8,2018-10-15,ACTIVO
878,Residencial,19XXXX83,992XXX821,cliente00878***@correo.com,43,2021-11-03,ACTIVO
879,Residencial,63XXXX78,944XXX545,cliente00879***@correo.com,5,2019-10-18,ACTIVO
880,Residencial,31XXXX13,902XXX839,cliente00880***@correo.com,3,2024-05-23,ACTIVO
881,Residencial,71XXXX50,929XXX968,cliente00881***@correo.com,9,2020-08-20,ACTIVO
882,Residencial,17XXXX60,931XXX971,cliente00882***@correo.com,11,2018-11-03,ACTIVO
883,Comercial,75XXXX13,932XXX002,cliente00883***@correo.com,23,2020-12-08,ACTIVO
884,Residencial,13XXXX68,983XXX863,cliente00884***@correo.com,18,2021-09-29,ACTIVO
885,Residencial,96XXXX36,985XXX868,cliente00885***@correo.com,29,2022-06-06,ACTIVO
886,Residencial,29XXXX56,911XXX784,cliente00886***@correo.com,3,2021-03-04,ACTIVO
887,Alumbrado Público,33XXXX05,963XXX684,cliente00887***@correo.com,33,2024-10-17,ACTIVO
888,Residencial,41XXXX97,929XXX866,cliente00888***@correo.com,29,2022-01-18,ACTIVO
889,Residencial,33XXXX28,950XXX890,cliente00889***@correo.com,1,2021-08-24,ACTIVO
890,Residencial,16XXXX66,995XXX930,cliente00890***@correo.com,37,2021-01-07,ACTIVO
891,Residencial,23XXXX30,966XXX857,cliente00891***@correo.com,7,2022-12-10,ACTIVO
892,Residencial,90XXXX97,984XXX364,cliente00892***@correo.com,42,2021-12-21,ACTIVO
893,Residencial,32XXXX35,972XXX970,cliente00893***@correo.com,13,2021-10-26,ACTIVO
894,Residencial,94XXXX35,929XXX758,cliente00894***@correo.com,29,2019-09-09,ACTIVO
895,Residencial,70XXXX51,901XXX448,cliente00895***@correo.com,34,2020-02-06,ACTIVO
896,Comercial,73XXXX73,940XXX140,cliente00896***@correo.com,15,2018-12-30,ACTIVO
897,Residencial,50XXXX48,947XXX701,cliente00897***@correo.com,9,2021-07-22,ACTIVO
898,Industrial,11XXXX36,910XXX611,cliente00898***@correo.com,15,2020-07-07,ACTIVO
899,Industrial,89XXXX42,900XXX135,cliente00899***@correo.com,43,2022-01-15,ACTIVO
900,Residencial,55XXXX65,938XXX995,cliente00900***@correo.com,43,2024-09-17,ACTIVO
901,Residencial,11XXXX45,902XXX576,cliente00901***@correo.com,38,2023-06-23,ACTIVO
902,Residencial,54XXXX43,936XXX091,cliente00902***@correo.com,30,2021-08-22,ACTIVO
903,Residencial,10XXXX37,965XXX444,cliente00903***@correo.com,19,2022-01-10,ACTIVO
904,Residencial,94XXXX50,955XXX085,cliente00904***@correo.com,29,2023-08-24,ACTIVO
905,Comercial,71XXXX53,989XXX403,cliente00905***@correo.com,26,2021-03-28,ACTIVO
906,Residencial,92XXXX19,973XXX929,cliente00906***@correo.com,15,2022-09-19,ACTIVO
907,Residencial,84XXXX92,933XXX931,cliente00907***@correo.com,18,2018-11-09,ACTIVO
908,Residencial,97XXXX85,940XXX332,cliente00908***@correo.com,43,2019-12-17,ACTIVO
909,Comercial,95XXXX57,976XXX476,cliente00909***@correo.com,15,2024-08-29,ACTIVO
910,Residencial,81XXXX42,959XXX917,cliente00910***@correo.com,9,2022-01-23,ACTIVO
911,Residencial,46XXXX80,974XXX501,cliente00911***@correo.com,23,2024-01-03,ACTIVO
912,Residencial,14XXXX47,902XXX762,cliente00912***@correo.com,19,2018-04-30,ACTIVO
913,Residencial,99XXXX62,986XXX329,cliente00913***@correo.com,28,2021-10-12,ACTIVO
914,Residencial,88XXXX36,946XXX016,cliente00914***@correo.com,26,2021-04-01,ACTIVO
915,Residencial,70XXXX65,921XXX823,cliente00915***@correo.com,30,2023-09-24,ACTIVO
916,Residencial,26XXXX92,934XXX252,cliente00916***@correo.com,9,2023-12-24,ACTIVO
917,Residencial,58XXXX00,955XXX733,cliente00917***@correo.com,3,2023-12-14,ACTIVO
918,Residencial,70XXXX05,990XXX559,cliente00918***@correo.com,29,2023-11-19,ACTIVO
919,Residencial,95XXXX61,986XXX423,cliente00919***@correo.com,38,2022-10-09,ACTIVO
920,Residencial,73XXXX07,923XXX841,cliente00920***@correo.com,25,2020-03-02,ACTIVO
921,Residencial,27XXXX16,941XXX152,cliente00921***@correo.com,9,2018-10-25,ACTIVO
922,Residencial,41XXXX30,999XXX589,cliente00922***@correo.com,30,2024-04-18,ACTIVO
923,Residencial,45XXXX17,983XXX830,cliente00923***@correo.com,28,2021-09-26,ACTIVO
924,Residencial,34XXXX67,949XXX565,cliente00924***@correo.com,30,2022-04-29,ACTIVO
925,Residencial,95XXXX29,936XXX725,cliente00925***@correo.com,7,2022-06-04,INACTIVO
926,Residencial,58XXXX59,922XXX597,cliente00926***@correo.com,29,2021-01-02,ACTIVO
927,Residencial,10XXXX17,944XXX655,cliente00927***@correo.com,25,2019-11-10,ACTIVO
928,Residencial,75XXXX60,957XXX342,cliente00928***@correo.com,11,2021-10-02,INACTIVO
929,Residencial,81XXXX59,900XXX807,cliente00929***@correo.com,13,2021-09-24,ACTIVO
930,Residencial,35XXXX10,910XXX603,cliente00930***@correo.com,40,2024-09-12,ACTIVO
931,Residencial,49XXXX85,927XXX113,cliente00931***@correo.com,26,2019-02-20,ACTIVO
932,Residencial,34XXXX43,915XXX832,cliente00932***@correo.com,43,2023-09-28,ACTIVO
933,Residencial,41XXXX05,975XXX325,cliente00933***@correo.com,15,2020-10-15,ACTIVO
934,Residencial,97XXXX01,975XXX515,cliente00934***@correo.com,28,2022-06-18,ACTIVO
935,Residencial,50XXXX38,960XXX079,cliente00935***@correo.com,43,2018-06-10,ACTIVO
936,Comercial,36XXXX84,928XXX636,cliente00936***@correo.com,3,2019-06-15,ACTIVO
937,Gobierno,46XXXX26,980XXX908,cliente00937***@correo.com,39,2019-10-02,ACTIVO
938,Comercial,94XXXX49,926XXX223,cliente00938***@correo.com,43,2020-10-20,ACTIVO
939,Residencial,37XXXX07,904XXX167,cliente00939***@correo.com,7,2022-12-19,ACTIVO
940,Residencial,39XXXX82,970XXX095,cliente00940***@correo.com,28,2022-01-01,ACTIVO
941,Residencial,88XXXX77,975XXX765,cliente00941***@correo.com,31,2018-05-02,ACTIVO
942,Residencial,37XXXX61,968XXX693,cliente00942***@correo.com,10,2024-09-30,ACTIVO
943,Residencial,19XXXX78,956XXX627,cliente00943***@correo.com,14,2024-03-29,ACTIVO
944,Residencial,94XXXX59,923XXX084,cliente00944***@correo.com,15,2023-07-28,SUSPENDIDO
945,Residencial,40XXXX57,955XXX591,cliente00945***@correo.com,40,2024-06-26,ACTIVO
946,Comercial,32XXXX89,996XXX947,cliente00946***@correo.com,3,2019-10-15,ACTIVO
947,Residencial,93XXXX09,942XXX078,cliente00947***@correo.com,38,2022-06-17,ACTIVO
948,Residencial,22XXXX89,982XXX515,cliente00948***@correo.com,5,2018-06-25,ACTIVO
949,Residencial,72XXXX96,954XXX236,cliente00949***@correo.com,7,2024-12-05,ACTIVO
950,Comercial,99XXXX30,988XXX216,cliente00950***@correo.com,26,2019-03-13,ACTIVO
951,Residencial,72XXXX88,931XXX539,cliente00951***@correo.com,30,2024-08-21,ACTIVO
952,Residencial,30XXXX15,936XXX563,cliente00952***@correo.com,40,2021-11-24,ACTIVO
953,Residencial,12XXXX95,961XXX941,cliente00953***@correo.com,15,2023-05-10,ACTIVO
954,Residencial,50XXXX90,963XXX915,cliente00954***@correo.com,28,2020-11-21,ACTIVO
955,Residencial,19XXXX78,931XXX945,cliente00955***@correo.com,7,2018-10-29,ACTIVO
956,Residencial,60XXXX20,924XXX228,cliente00956***@correo.com,21,2019-10-03,ACTIVO
957,Residencial,90XXXX53,950XXX884,cliente00957***@correo.com,2,2019-01-03,ACTIVO
958,Residencial,54XXXX18,925XXX634,cliente00958***@correo.com,4,2020-05-26,ACTIVO
959,Residencial,30XXXX10,962XXX839,cliente00959***@correo.com,15,2018-07-09,ACTIVO
960,Residencial,48XXXX60,958XXX687,cliente00960***@correo.com,15,2021-02-14,ACTIVO
961,Comercial,51XXXX91,922XXX860,cliente00961***@correo.com,8,2022-01-11,ACTIVO
962,Comercial,94XXXX62,930XXX275,cliente00962***@correo.com,15,2018-07-07,ACTIVO
963,Residencial,49XXXX83,994XXX645,cliente00963***@correo.com,39,2022-04-06,ACTIVO
964,Residencial,68XXXX31,928XXX220,cliente00964***@correo.com,5,2021-04-17,ACTIVO
965,Residencial,44XXXX10,979XXX824,cliente00965***@correo.com,9,2021-08-19,ACTIVO
966,Comercial,68XXXX41,910XXX359,cliente00966***@correo.com,7,2023-05-13,ACTIVO
967,Residencial,98XXXX23,941XXX593,cliente00967***@correo.com,4,2020-06-02,ACTIVO
968,Residencial,95XXXX40,920XXX617,cliente00968***@correo.com,22,2021-07-24,ACTIVO
969,Residencial,92XXXX98,938XXX298,cliente00969***@correo.com,36,2020-08-02,ACTIVO
970,Residencial,46XXXX36,933XXX457,cliente00970***@correo.com,15,2023-12-31,ACTIVO
971,Residencial,29XXXX55,989XXX250,cliente00971***@correo.com,3,2021-11-12,ACTIVO
972,Residencial,14XXXX47,928XXX082,cliente00972***@correo.com,38,2023-10-25,ACTIVO
973,Comercial,16XXXX41,977XXX947,cliente00973***@correo.com,34,2022-01-02,ACTIVO
974,Residencial,60XXXX16,998XXX445,cliente00974***@correo.com,25,2019-01-30,ACTIVO
975,Residencial,21XXXX57,972XXX162,cliente00975***@correo.com,30,2018-05-07,ACTIVO
976,Residencial,95XXXX77,934XXX024,cliente00976***@correo.com,38,2018-01-05,ACTIVO
977,Residencial,83XXXX23,984XXX034,cliente00977***@correo.com,7,2021-10-19,ACTIVO
978,Industrial,48XXXX29,966XXX857,cliente00978***@correo.com,10,2021-07-31,ACTIVO
979,Residencial,63XXXX13,919XXX277,cliente00979***@correo.com,15,2020-04-14,ACTIVO
980,Residencial,66XXXX22,930XXX595,cliente00980***@correo.com,42,2020-03-22,ACTIVO
981,Residencial,19XXXX62,934XXX450,cliente00981***@correo.com,10,2023-12-20,ACTIVO
982,Gobierno,60XXXX89,936XXX232,cliente00982***@correo.com,4,2023-04-01,ACTIVO
983,Gobierno,50XXXX13,989XXX714,cliente00983***@correo.com,2,2018-09-11,ACTIVO
984,Residencial,50XXXX60,991XXX937,cliente00984***@correo.com,9,2021-05-25,ACTIVO
985,Residencial,18XXXX41,977XXX435,cliente00985***@correo.com,43,2019-06-19,ACTIVO
986,Comercial,42XXXX08,927XXX543,cliente00986***@correo.com,40,2019-04-30,ACTIVO
987,Residencial,18XXXX96,978XXX684,cliente00987***@correo.com,30,2019-01-06,ACTIVO
988,Residencial,23XXXX51,935XXX717,cliente00988***@correo.com,3,2018-10-05,ACTIVO
989,Residencial,27XXXX88,921XXX576,cliente00989***@correo.com,7,2020-08-23,ACTIVO
990,Residencial,77XXXX65,955XXX168,cliente00990***@correo.com,3,2021-08-08,ACTIVO
991,Residencial,18XXXX18,930XXX641,cliente00991***@correo.com,28,2022-10-21,ACTIVO
992,Residencial,88XXXX15,973XXX549,cliente00992***@correo.com,40,2018-05-08,ACTIVO
993,Residencial,97XXXX27,972XXX524,cliente00993***@correo.com,6,2023-10-26,ACTIVO
994,Industrial,73XXXX49,917XXX211,cliente00994***@correo.com,15,2023-02-16,ACTIVO
995,Residencial,96XXXX45,933XXX563,cliente00995***@correo.com,43,2021-11-14,ACTIVO
996,Residencial,81XXXX21,948XXX083,cliente00996***@correo.com,40,2019-09-12,ACTIVO
997,Residencial,68XXXX33,963XXX157,cliente00997***@correo.com,19,2020-10-05,ACTIVO
998,Comercial,42XXXX93,985XXX375,cliente00998***@correo.com,38,2018-06-08,ACTIVO
999,Residencial,66XXXX68,907XXX684,cliente00999***@correo.com,28,2020-06-01,ACTIVO
1000,Residencial,31XXXX74,934XXX536,cliente01000***@correo.com,26,2024-02-28,ACTIVO
1001,Residencial,92XXXX49,993XXX380,cliente01001***@correo.com,32,2024-07-22,ACTIVO
1002,Residencial,90XXXX06,929XXX125,cliente01002***@correo.com,15,2020-02-18,ACTIVO
1003,Residencial,41XXXX12,959XXX232,cliente01003***@correo.com,43,2018-03-05,ACTIVO
1004,Residencial,56XXXX51,992XXX176,cliente01004***@correo.com,9,2019-06-07,ACTIVO
1005,Residencial,25XXXX82,938XXX588,cliente01005***@correo.com,7,2018-06-29,ACTIVO
1006,Residencial,68XXXX96,950XXX151,cliente01006***@correo.com,18,2020-11-16,ACTIVO
1007,Residencial,37XXXX12,989XXX252,cliente01007***@correo.com,43,2024-01-16,ACTIVO
1008,Residencial,40XXXX71,942XXX895,cliente01008***@correo.com,9,2024-02-26,ACTIVO
1009,Comercial,97XXXX28,930XXX992,cliente01009***@correo.com,7,2019-08-15,ACTIVO
1010,Comercial,56XXXX94,967XXX856,cliente01010***@correo.com,3,2019-10-04,ACTIVO
1011,Residencial,80XXXX82,901XXX935,cliente01011***@correo.com,26,2024-06-26,ACTIVO
1012,Residencial,52XXXX99,987XXX007,cliente01012***@correo.com,11,2020-06-09,ACTIVO
1013,Residencial,80XXXX43,917XXX601,cliente01013***@correo.com,38,2019-01-24,ACTIVO
1014,Industrial,93XXXX30,915XXX473,cliente01014***@correo.com,4,2022-08-12,ACTIVO
1015,Residencial,50XXXX92,983XXX343,cliente01015***@correo.com,7,2023-11-29,ACTIVO
1016,Residencial,67XXXX54,952XXX567,cliente01016***@correo.com,21,2023-11-25,ACTIVO
1017,Residencial,81XXXX20,917XXX173,cliente01017***@correo.com,28,2018-07-23,ACTIVO
1018,Residencial,28XXXX24,910XXX554,cliente01018***@correo.com,9,2021-12-22,ACTIVO
1019,Residencial,14XXXX53,952XXX510,cliente01019***@correo.com,15,2019-07-28,ACTIVO
1020,Residencial,89XXXX67,949XXX418,cliente01020***@correo.com,26,2019-06-12,ACTIVO
1021,Residencial,99XXXX08,977XXX561,cliente01021***@correo.com,26,2020-11-18,ACTIVO
1022,Residencial,76XXXX99,905XXX976,cliente01022***@correo.com,13,2022-12-28,ACTIVO
1023,Residencial,25XXXX12,931XXX357,cliente01023***@correo.com,13,2020-12-12,ACTIVO
1024,Residencial,50XXXX61,978XXX082,cliente01024***@correo.com,17,2022-04-05,ACTIVO
1025,Residencial,70XXXX43,992XXX550,cliente01025***@correo.com,36,2021-03-25,ACTIVO
1026,Residencial,73XXXX87,935XXX850,cliente01026***@correo.com,43,2022-03-19,ACTIVO
1027,Residencial,44XXXX06,938XXX920,cliente01027***@correo.com,26,2018-05-30,ACTIVO
1028,Comercial,37XXXX92,978XXX368,cliente01028***@correo.com,14,2020-11-09,ACTIVO
1029,Residencial,37XXXX86,976XXX668,cliente01029***@correo.com,28,2020-07-11,ACTIVO
1030,Residencial,62XXXX42,972XXX887,cliente01030***@correo.com,7,2019-09-12,ACTIVO
1031,Residencial,42XXXX82,908XXX394,cliente01031***@correo.com,35,2019-02-28,ACTIVO
1032,Residencial,25XXXX13,923XXX550,cliente01032***@correo.com,3,2018-02-05,ACTIVO
1033,Residencial,18XXXX62,985XXX510,cliente01033***@correo.com,9,2023-04-23,ACTIVO
1034,Residencial,67XXXX76,932XXX074,cliente01034***@correo.com,9,2020-02-01,ACTIVO
1035,Comercial,61XXXX15,977XXX338,cliente01035***@correo.com,7,2022-10-01,ACTIVO
1036,Residencial,54XXXX52,934XXX596,cliente01036***@correo.com,11,2020-12-17,ACTIVO
1037,Residencial,11XXXX25,940XXX200,cliente01037***@correo.com,29,2022-09-26,ACTIVO
1038,Residencial,46XXXX16,992XXX914,cliente01038***@correo.com,26,2021-08-11,ACTIVO
1039,Residencial,16XXXX88,959XXX437,cliente01039***@correo.com,12,2020-01-20,ACTIVO
1040,Residencial,54XXXX05,949XXX341,cliente01040***@correo.com,15,2019-10-25,ACTIVO
1041,Residencial,30XXXX88,925XXX894,cliente01041***@correo.com,42,2019-10-15,ACTIVO
1042,Residencial,48XXXX50,961XXX302,cliente01042***@correo.com,27,2021-10-22,ACTIVO
1043,Residencial,37XXXX42,988XXX583,cliente01043***@correo.com,15,2018-04-02,ACTIVO
1044,Residencial,25XXXX64,989XXX566,cliente01044***@correo.com,39,2024-12-23,ACTIVO
1045,Residencial,59XXXX33,948XXX986,cliente01045***@correo.com,38,2022-08-19,ACTIVO
1046,Residencial,92XXXX70,935XXX838,cliente01046***@correo.com,15,2021-03-24,ACTIVO
1047,Gobierno,92XXXX08,930XXX262,cliente01047***@correo.com,30,2019-05-31,ACTIVO
1048,Residencial,56XXXX62,904XXX782,cliente01048***@correo.com,19,2020-02-05,ACTIVO
1049,Residencial,84XXXX37,975XXX057,cliente01049***@correo.com,9,2023-12-14,ACTIVO
1050,Residencial,81XXXX09,969XXX022,cliente01050***@correo.com,30,2020-05-12,ACTIVO
1051,Residencial,35XXXX68,928XXX198,cliente01051***@correo.com,28,2018-01-14,ACTIVO
1052,Residencial,94XXXX93,968XXX686,cliente01052***@correo.com,21,2018-09-26,ACTIVO
1053,Residencial,41XXXX57,923XXX926,cliente01053***@correo.com,39,2020-09-16,ACTIVO
1054,Residencial,57XXXX20,902XXX947,cliente01054***@correo.com,40,2019-12-31,ACTIVO
1055,Residencial,87XXXX19,967XXX179,cliente01055***@correo.com,4,2023-07-20,ACTIVO
1056,Residencial,24XXXX04,930XXX902,cliente01056***@correo.com,21,2022-04-26,ACTIVO
1057,Residencial,47XXXX50,965XXX744,cliente01057***@correo.com,39,2019-09-12,ACTIVO
1058,Residencial,98XXXX58,915XXX025,cliente01058***@correo.com,26,2018-11-16,ACTIVO
1059,Residencial,16XXXX24,949XXX319,cliente01059***@correo.com,13,2021-03-02,ACTIVO
1060,Residencial,16XXXX60,983XXX135,cliente01060***@correo.com,3,2024-09-02,ACTIVO
1061,Residencial,63XXXX12,962XXX412,cliente01061***@correo.com,8,2023-09-30,ACTIVO
1062,Residencial,22XXXX49,999XXX196,cliente01062***@correo.com,15,2018-02-02,ACTIVO
1063,Residencial,77XXXX77,914XXX102,cliente01063***@correo.com,7,2019-12-02,ACTIVO
1064,Residencial,60XXXX24,918XXX422,cliente01064***@correo.com,26,2019-11-27,ACTIVO
1065,Residencial,34XXXX03,940XXX421,cliente01065***@correo.com,7,2020-06-09,ACTIVO
1066,Comercial,71XXXX49,952XXX574,cliente01066***@correo.com,29,2019-04-13,ACTIVO
1067,Residencial,36XXXX35,990XXX325,cliente01067***@correo.com,43,2019-02-13,ACTIVO
1068,Residencial,98XXXX71,906XXX008,cliente01068***@correo.com,43,2018-03-22,ACTIVO
1069,Residencial,12XXXX85,955XXX516,cliente01069***@correo.com,27,2020-12-21,ACTIVO
1070,Residencial,65XXXX83,916XXX443,cliente01070***@correo.com,5,2024-09-20,ACTIVO
1071,Residencial,74XXXX13,958XXX837,cliente01071***@correo.com,26,2024-02-05,ACTIVO
1072,Residencial,99XXXX55,937XXX566,cliente01072***@correo.com,13,2024-09-19,ACTIVO
1073,Residencial,44XXXX88,999XXX938,cliente01073***@correo.com,43,2018-06-04,ACTIVO
1074,Residencial,72XXXX22,964XXX725,cliente01074***@correo.com,40,2018-01-05,INACTIVO
1075,Residencial,28XXXX78,938XXX387,cliente01075***@correo.com,9,2018-01-30,ACTIVO
1076,Residencial,36XXXX95,996XXX865,cliente01076***@correo.com,7,2021-03-20,ACTIVO
1077,Comercial,14XXXX18,928XXX489,cliente01077***@correo.com,26,2023-09-08,ACTIVO
1078,Residencial,73XXXX84,978XXX308,cliente01078***@correo.com,12,2021-12-31,ACTIVO
1079,Comercial,32XXXX25,958XXX820,cliente01079***@correo.com,43,2018-09-29,INACTIVO
1080,Residencial,20XXXX25,928XXX197,cliente01080***@correo.com,4,2018-04-12,ACTIVO
1081,Residencial,23XXXX47,956XXX776,cliente01081***@correo.com,43,2023-09-12,ACTIVO
1082,Residencial,54XXXX17,914XXX980,cliente01082***@correo.com,9,2021-12-20,ACTIVO
1083,Residencial,74XXXX75,940XXX119,cliente01083***@correo.com,3,2018-03-30,ACTIVO
1084,Comercial,77XXXX26,937XXX626,cliente01084***@correo.com,15,2024-09-05,ACTIVO
1085,Residencial,93XXXX80,918XXX742,cliente01085***@correo.com,4,2018-03-13,ACTIVO
1086,Comercial,77XXXX73,960XXX732,cliente01086***@correo.com,29,2019-11-27,INACTIVO
1087,Residencial,37XXXX75,962XXX008,cliente01087***@correo.com,29,2021-08-29,ACTIVO
1088,Comercial,21XXXX85,979XXX223,cliente01088***@correo.com,3,2018-01-13,ACTIVO
1089,Comercial,37XXXX75,955XXX527,cliente01089***@correo.com,26,2024-08-18,ACTIVO
1090,Residencial,35XXXX42,928XXX488,cliente01090***@correo.com,29,2019-03-17,ACTIVO
1091,Residencial,81XXXX08,933XXX291,cliente01091***@correo.com,15,2021-07-04,ACTIVO
1092,Residencial,89XXXX14,908XXX949,cliente01092***@correo.com,19,2019-07-28,ACTIVO
1093,Residencial,48XXXX43,958XXX978,cliente01093***@correo.com,15,2019-10-26,ACTIVO
1094,Residencial,69XXXX10,955XXX808,cliente01094***@correo.com,40,2024-11-06,ACTIVO
1095,Comercial,34XXXX06,959XXX719,cliente01095***@correo.com,7,2020-08-01,ACTIVO
1096,Residencial,42XXXX95,926XXX036,cliente01096***@correo.com,9,2024-06-22,ACTIVO
1097,Residencial,66XXXX53,935XXX601,cliente01097***@correo.com,9,2022-01-19,ACTIVO
1098,Residencial,94XXXX26,940XXX755,cliente01098***@correo.com,40,2020-11-16,ACTIVO
1099,Residencial,10XXXX82,992XXX808,cliente01099***@correo.com,15,2024-06-26,ACTIVO
1100,Residencial,75XXXX02,945XXX752,cliente01100***@correo.com,33,2021-01-01,ACTIVO
1101,Residencial,29XXXX57,955XXX868,cliente01101***@correo.com,41,2018-06-19,ACTIVO
1102,Residencial,43XXXX52,957XXX399,cliente01102***@correo.com,4,2024-08-06,ACTIVO
1103,Residencial,41XXXX62,942XXX528,cliente01103***@correo.com,28,2024-05-22,ACTIVO
1104,Residencial,42XXXX38,927XXX904,cliente01104***@correo.com,38,2023-02-09,ACTIVO
1105,Residencial,96XXXX00,962XXX468,cliente01105***@correo.com,26,2022-05-16,ACTIVO
1106,Residencial,81XXXX78,978XXX730,cliente01106***@correo.com,39,2023-07-04,ACTIVO
1107,Residencial,66XXXX59,906XXX148,cliente01107***@correo.com,6,2021-11-19,SUSPENDIDO
1108,Residencial,76XXXX00,988XXX345,cliente01108***@correo.com,3,2022-10-31,ACTIVO
1109,Residencial,94XXXX25,929XXX586,cliente01109***@correo.com,7,2019-02-25,ACTIVO
1110,Residencial,55XXXX64,922XXX198,cliente01110***@correo.com,18,2019-08-17,ACTIVO
1111,Residencial,18XXXX91,903XXX368,cliente01111***@correo.com,9,2019-10-25,ACTIVO
1112,Residencial,19XXXX26,902XXX855,cliente01112***@correo.com,39,2021-04-27,ACTIVO
1113,Residencial,33XXXX13,992XXX735,cliente01113***@correo.com,6,2022-04-08,ACTIVO
1114,Comercial,30XXXX68,990XXX137,cliente01114***@correo.com,15,2019-02-28,ACTIVO
1115,Residencial,85XXXX26,900XXX344,cliente01115***@correo.com,39,2021-03-03,ACTIVO
1116,Residencial,72XXXX48,951XXX342,cliente01116***@correo.com,8,2023-10-21,ACTIVO
1117,Residencial,96XXXX87,975XXX749,cliente01117***@correo.com,6,2021-02-17,ACTIVO
1118,Residencial,96XXXX10,908XXX401,cliente01118***@correo.com,37,2020-05-25,ACTIVO
1119,Industrial,93XXXX35,942XXX566,cliente01119***@correo.com,10,2024-05-14,ACTIVO
1120,Industrial,57XXXX67,995XXX762,cliente01120***@correo.com,14,2019-06-02,ACTIVO
1121,Residencial,58XXXX46,981XXX909,cliente01121***@correo.com,18,2021-12-14,ACTIVO
1122,Residencial,15XXXX32,997XXX839,cliente01122***@correo.com,7,2021-08-20,ACTIVO
1123,Residencial,15XXXX18,916XXX145,cliente01123***@correo.com,41,2022-12-04,ACTIVO
1124,Residencial,32XXXX37,924XXX666,cliente01124***@correo.com,8,2024-05-17,ACTIVO
1125,Residencial,42XXXX99,902XXX968,cliente01125***@correo.com,26,2023-11-28,ACTIVO
1126,Residencial,50XXXX45,944XXX849,cliente01126***@correo.com,7,2022-04-24,ACTIVO
1127,Residencial,30XXXX38,996XXX180,cliente01127***@correo.com,8,2023-06-29,ACTIVO
1128,Residencial,85XXXX27,923XXX385,cliente01128***@correo.com,1,2019-02-09,ACTIVO
1129,Residencial,54XXXX86,966XXX135,cliente01129***@correo.com,30,2024-01-22,ACTIVO
1130,Residencial,96XXXX35,953XXX706,cliente01130***@correo.com,5,2022-03-10,ACTIVO
1131,Residencial,74XXXX32,966XXX479,cliente01131***@correo.com,23,2023-09-01,ACTIVO
1132,Residencial,86XXXX94,910XXX031,cliente01132***@correo.com,6,2021-04-09,ACTIVO
1133,Residencial,94XXXX61,982XXX824,cliente01133***@correo.com,7,2019-06-18,ACTIVO
1134,Residencial,64XXXX59,967XXX112,cliente01134***@correo.com,15,2022-01-01,ACTIVO
1135,Residencial,28XXXX08,985XXX484,cliente01135***@correo.com,10,2024-09-28,ACTIVO
1136,Residencial,43XXXX90,910XXX544,cliente01136***@correo.com,23,2022-03-20,SUSPENDIDO
1137,Comercial,27XXXX69,968XXX016,cliente01137***@correo.com,13,2024-09-23,ACTIVO
1138,Comercial,71XXXX76,913XXX932,cliente01138***@correo.com,3,2021-09-08,ACTIVO
1139,Residencial,54XXXX10,923XXX166,cliente01139***@correo.com,42,2024-09-18,ACTIVO
1140,Residencial,17XXXX22,904XXX606,cliente01140***@correo.com,2,2019-03-08,ACTIVO
1141,Residencial,90XXXX31,908XXX162,cliente01141***@correo.com,31,2018-02-23,ACTIVO
1142,Residencial,62XXXX27,952XXX482,cliente01142***@correo.com,28,2018-05-05,ACTIVO
1143,Residencial,13XXXX06,931XXX301,cliente01143***@correo.com,3,2019-09-29,ACTIVO
1144,Residencial,80XXXX52,984XXX439,cliente01144***@correo.com,4,2020-10-23,ACTIVO
1145,Residencial,76XXXX12,912XXX055,cliente01145***@correo.com,38,2024-10-05,ACTIVO
1146,Residencial,17XXXX29,900XXX144,cliente01146***@correo.com,40,2018-04-20,ACTIVO
1147,Residencial,45XXXX69,971XXX478,cliente01147***@correo.com,21,2021-10-26,SUSPENDIDO
1148,Residencial,80XXXX99,995XXX061,cliente01148***@correo.com,3,2024-02-25,ACTIVO
1149,Industrial,23XXXX65,964XXX813,cliente01149***@correo.com,28,2023-04-11,ACTIVO
1150,Residencial,77XXXX50,938XXX964,cliente01150***@correo.com,11,2022-07-05,ACTIVO
1151,Alumbrado Público,81XXXX68,980XXX557,cliente01151***@correo.com,29,2018-11-29,ACTIVO
1152,Residencial,66XXXX92,987XXX722,cliente01152***@correo.com,15,2022-07-04,ACTIVO
1153,Residencial,17XXXX87,904XXX135,cliente01153***@correo.com,23,2022-05-26,ACTIVO
1154,Residencial,14XXXX56,912XXX618,cliente01154***@correo.com,39,2019-06-18,ACTIVO
1155,Residencial,86XXXX56,918XXX675,cliente01155***@correo.com,6,2022-06-03,ACTIVO
1156,Residencial,98XXXX85,942XXX644,cliente01156***@correo.com,9,2024-04-16,ACTIVO
1157,Residencial,65XXXX35,900XXX335,cliente01157***@correo.com,3,2019-12-04,ACTIVO
1158,Residencial,76XXXX92,940XXX513,cliente01158***@correo.com,29,2020-02-20,ACTIVO
1159,Residencial,30XXXX02,932XXX363,cliente01159***@correo.com,7,2019-08-21,ACTIVO
1160,Residencial,40XXXX12,937XXX049,cliente01160***@correo.com,39,2018-12-28,ACTIVO
1161,Residencial,61XXXX58,949XXX620,cliente01161***@correo.com,17,2019-05-27,ACTIVO
1162,Comercial,20XXXX26,992XXX743,cliente01162***@correo.com,17,2020-04-08,ACTIVO
1163,Residencial,21XXXX17,957XXX893,cliente01163***@correo.com,30,2018-01-02,ACTIVO
1164,Gobierno,84XXXX88,989XXX093,cliente01164***@correo.com,15,2022-07-21,ACTIVO
1165,Comercial,99XXXX63,951XXX935,cliente01165***@correo.com,3,2024-03-19,ACTIVO
1166,Residencial,25XXXX07,930XXX781,cliente01166***@correo.com,28,2024-03-02,ACTIVO
1167,Residencial,83XXXX76,959XXX772,cliente01167***@correo.com,28,2022-03-07,ACTIVO
1168,Residencial,55XXXX52,912XXX356,cliente01168***@correo.com,43,2019-12-06,ACTIVO
1169,Alumbrado Público,93XXXX14,997XXX548,cliente01169***@correo.com,43,2021-10-02,ACTIVO
1170,Residencial,27XXXX44,996XXX320,cliente01170***@correo.com,29,2020-12-29,ACTIVO
1171,Alumbrado Público,45XXXX86,940XXX052,cliente01171***@correo.com,15,2022-08-19,ACTIVO
1172,Comercial,84XXXX64,956XXX868,cliente01172***@correo.com,5,2022-10-24,ACTIVO
1173,Residencial,78XXXX51,929XXX111,cliente01173***@correo.com,13,2023-12-31,ACTIVO
1174,Residencial,69XXXX97,926XXX845,cliente01174***@correo.com,39,2020-03-10,ACTIVO
1175,Residencial,83XXXX15,924XXX737,cliente01175***@correo.com,31,2018-08-09,ACTIVO
1176,Residencial,77XXXX39,992XXX984,cliente01176***@correo.com,17,2023-08-03,INACTIVO
1177,Comercial,40XXXX43,991XXX009,cliente01177***@correo.com,30,2023-04-03,ACTIVO
1178,Residencial,47XXXX66,971XXX836,cliente01178***@correo.com,24,2018-11-22,ACTIVO
1179,Comercial,16XXXX30,984XXX922,cliente01179***@correo.com,14,2019-01-23,INACTIVO
1180,Residencial,48XXXX32,954XXX000,cliente01180***@correo.com,3,2020-08-13,ACTIVO
1181,Residencial,54XXXX25,927XXX799,cliente01181***@correo.com,18,2018-09-10,ACTIVO
1182,Residencial,10XXXX49,991XXX180,cliente01182***@correo.com,28,2018-04-06,ACTIVO
1183,Residencial,97XXXX34,967XXX660,cliente01183***@correo.com,14,2019-08-13,ACTIVO
1184,Residencial,34XXXX56,927XXX525,cliente01184***@correo.com,26,2023-09-17,ACTIVO
1185,Residencial,28XXXX39,965XXX541,cliente01185***@correo.com,15,2021-07-26,ACTIVO
1186,Residencial,46XXXX60,997XXX288,cliente01186***@correo.com,28,2020-04-01,ACTIVO
1187,Residencial,75XXXX12,978XXX237,cliente01187***@correo.com,38,2023-01-26,ACTIVO
1188,Residencial,39XXXX16,972XXX698,cliente01188***@correo.com,22,2021-05-31,ACTIVO
1189,Residencial,93XXXX01,934XXX716,cliente01189***@correo.com,7,2021-07-23,ACTIVO
1190,Residencial,27XXXX61,969XXX049,cliente01190***@correo.com,17,2022-08-04,ACTIVO
1191,Residencial,33XXXX82,931XXX950,cliente01191***@correo.com,15,2021-08-04,ACTIVO
1192,Residencial,58XXXX15,952XXX230,cliente01192***@correo.com,20,2018-12-14,ACTIVO
1193,Residencial,32XXXX64,901XXX499,cliente01193***@correo.com,13,2021-04-12,ACTIVO
1194,Industrial,99XXXX07,975XXX115,cliente01194***@correo.com,15,2024-04-04,ACTIVO
1195,Residencial,15XXXX18,987XXX992,cliente01195***@correo.com,38,2024-12-29,ACTIVO
1196,Residencial,88XXXX63,960XXX988,cliente01196***@correo.com,43,2018-12-09,ACTIVO
1197,Residencial,37XXXX36,963XXX225,cliente01197***@correo.com,40,2021-10-01,ACTIVO
1198,Residencial,17XXXX38,951XXX624,cliente01198***@correo.com,7,2021-07-29,ACTIVO
1199,Residencial,31XXXX25,997XXX924,cliente01199***@correo.com,15,2018-05-03,ACTIVO
1200,Gobierno,77XXXX68,971XXX041,cliente01200***@correo.com,3,2019-09-19,ACTIVO
1201,Residencial,41XXXX03,924XXX502,cliente01201***@correo.com,5,2022-12-15,ACTIVO
1202,Residencial,17XXXX91,973XXX274,cliente01202***@correo.com,41,2023-09-28,ACTIVO
1203,Residencial,46XXXX13,997XXX565,cliente01203***@correo.com,30,2022-01-09,ACTIVO
1204,Residencial,43XXXX76,911XXX142,cliente01204***@correo.com,16,2020-10-28,ACTIVO
1205,Residencial,63XXXX04,993XXX196,cliente01205***@correo.com,2,2019-10-27,ACTIVO
1206,Residencial,70XXXX54,978XXX283,cliente01206***@correo.com,15,2020-03-26,ACTIVO
1207,Residencial,50XXXX00,978XXX471,cliente01207***@correo.com,29,2024-12-26,ACTIVO
1208,Residencial,43XXXX58,969XXX947,cliente01208***@correo.com,5,2024-01-10,ACTIVO
1209,Residencial,14XXXX05,973XXX271,cliente01209***@correo.com,3,2024-06-28,ACTIVO
1210,Comercial,60XXXX36,962XXX300,cliente01210***@correo.com,9,2022-05-23,ACTIVO
1211,Comercial,41XXXX65,963XXX023,cliente01211***@correo.com,15,2018-02-08,ACTIVO
1212,Residencial,33XXXX51,991XXX808,cliente01212***@correo.com,29,2021-04-10,ACTIVO
1213,Residencial,87XXXX39,918XXX148,cliente01213***@correo.com,16,2023-12-15,ACTIVO
1214,Residencial,53XXXX40,935XXX456,cliente01214***@correo.com,4,2021-08-12,ACTIVO
1215,Residencial,59XXXX02,962XXX384,cliente01215***@correo.com,35,2020-12-07,ACTIVO
1216,Comercial,17XXXX36,992XXX015,cliente01216***@correo.com,26,2018-06-15,ACTIVO
1217,Residencial,68XXXX34,940XXX256,cliente01217***@correo.com,9,2018-10-24,ACTIVO
1218,Residencial,13XXXX40,954XXX163,cliente01218***@correo.com,13,2021-03-05,ACTIVO
1219,Residencial,84XXXX43,999XXX041,cliente01219***@correo.com,25,2021-12-17,INACTIVO
1220,Residencial,19XXXX06,920XXX776,cliente01220***@correo.com,9,2021-12-30,ACTIVO
1221,Residencial,90XXXX15,984XXX119,cliente01221***@correo.com,33,2022-09-24,ACTIVO
1222,Comercial,54XXXX89,958XXX615,cliente01222***@correo.com,38,2023-11-23,ACTIVO
1223,Residencial,69XXXX46,978XXX673,cliente01223***@correo.com,30,2020-02-18,ACTIVO
1224,Residencial,97XXXX52,927XXX905,cliente01224***@correo.com,43,2018-12-12,ACTIVO
1225,Residencial,82XXXX49,968XXX584,cliente01225***@correo.com,15,2024-03-18,ACTIVO
1226,Residencial,58XXXX85,913XXX559,cliente01226***@correo.com,30,2023-12-18,ACTIVO
1227,Residencial,35XXXX56,973XXX654,cliente01227***@correo.com,15,2020-02-16,ACTIVO
1228,Residencial,89XXXX05,981XXX996,cliente01228***@correo.com,7,2019-03-12,INACTIVO
1229,Residencial,31XXXX09,917XXX345,cliente01229***@correo.com,39,2021-09-08,ACTIVO
1230,Residencial,17XXXX55,936XXX221,cliente01230***@correo.com,38,2019-10-03,ACTIVO
1231,Residencial,92XXXX21,985XXX689,cliente01231***@correo.com,43,2020-03-31,ACTIVO
1232,Residencial,69XXXX36,908XXX591,cliente01232***@correo.com,7,2022-04-18,ACTIVO
1233,Residencial,70XXXX64,912XXX599,cliente01233***@correo.com,29,2021-05-21,ACTIVO
1234,Residencial,18XXXX82,941XXX924,cliente01234***@correo.com,26,2022-10-21,INACTIVO
1235,Residencial,84XXXX64,941XXX687,cliente01235***@correo.com,19,2018-06-22,ACTIVO
1236,Industrial,25XXXX12,908XXX618,cliente01236***@correo.com,9,2021-08-16,ACTIVO
1237,Residencial,43XXXX77,968XXX954,cliente01237***@correo.com,24,2020-02-01,ACTIVO
1238,Residencial,14XXXX41,953XXX915,cliente01238***@correo.com,40,2024-12-17,ACTIVO
1239,Residencial,68XXXX85,946XXX852,cliente01239***@correo.com,23,2018-02-17,ACTIVO
1240,Residencial,33XXXX26,917XXX860,cliente01240***@correo.com,29,2023-05-08,ACTIVO
1241,Industrial,57XXXX58,967XXX172,cliente01241***@correo.com,14,2022-01-06,ACTIVO
1242,Residencial,93XXXX54,958XXX634,cliente01242***@correo.com,40,2023-04-16,ACTIVO
1243,Residencial,13XXXX18,971XXX238,cliente01243***@correo.com,26,2021-07-04,ACTIVO
1244,Comercial,36XXXX59,960XXX096,cliente01244***@correo.com,3,2019-10-10,ACTIVO
1245,Comercial,83XXXX14,948XXX234,cliente01245***@correo.com,7,2022-09-08,ACTIVO
1246,Residencial,47XXXX52,927XXX035,cliente01246***@correo.com,4,2019-02-12,ACTIVO
1247,Residencial,16XXXX26,972XXX975,cliente01247***@correo.com,34,2024-06-23,ACTIVO
1248,Residencial,93XXXX59,918XXX277,cliente01248***@correo.com,7,2019-06-24,ACTIVO
1249,Residencial,88XXXX26,920XXX757,cliente01249***@correo.com,15,2024-11-29,ACTIVO
1250,Residencial,16XXXX37,960XXX602,cliente01250***@correo.com,19,2024-05-14,ACTIVO
1251,Residencial,96XXXX02,919XXX984,cliente01251***@correo.com,19,2021-08-25,ACTIVO
1252,Residencial,75XXXX77,930XXX289,cliente01252***@correo.com,43,2023-07-05,ACTIVO
1253,Residencial,21XXXX96,918XXX189,cliente01253***@correo.com,38,2023-07-06,ACTIVO
1254,Residencial,96XXXX86,988XXX422,cliente01254***@correo.com,28,2024-07-20,ACTIVO
1255,Residencial,92XXXX80,961XXX718,cliente01255***@correo.com,40,2019-06-07,ACTIVO
1256,Residencial,45XXXX81,959XXX787,cliente01256***@correo.com,3,2018-12-08,SUSPENDIDO
1257,Residencial,10XXXX67,915XXX035,cliente01257***@correo.com,7,2023-07-04,ACTIVO
1258,Residencial,45XXXX08,940XXX966,cliente01258***@correo.com,5,2022-04-07,ACTIVO
1259,Residencial,52XXXX63,971XXX893,cliente01259***@correo.com,4,2024-09-09,ACTIVO
1260,Residencial,52XXXX11,980XXX571,cliente01260***@correo.com,30,2019-04-12,ACTIVO
1261,Residencial,34XXXX07,916XXX191,cliente01261***@correo.com,15,2021-05-04,ACTIVO
1262,Residencial,59XXXX28,984XXX753,cliente01262***@correo.com,6,2022-07-20,ACTIVO
1263,Comercial,81XXXX84,946XXX283,cliente01263***@correo.com,2,2019-04-05,ACTIVO
1264,Residencial,83XXXX03,913XXX177,cliente01264***@correo.com,38,2018-05-17,ACTIVO
1265,Residencial,73XXXX50,935XXX337,cliente01265***@correo.com,41,2022-04-06,ACTIVO
1266,Residencial,52XXXX81,959XXX726,cliente01266***@correo.com,17,2024-12-07,ACTIVO
1267,Residencial,87XXXX99,982XXX827,cliente01267***@correo.com,40,2018-12-26,ACTIVO
1268,Residencial,97XXXX34,998XXX879,cliente01268***@correo.com,3,2023-03-10,ACTIVO
1269,Residencial,48XXXX25,903XXX300,cliente01269***@correo.com,8,2022-07-04,ACTIVO
1270,Residencial,26XXXX18,913XXX928,cliente01270***@correo.com,8,2021-01-04,ACTIVO
1271,Gobierno,19XXXX60,988XXX601,cliente01271***@correo.com,7,2024-02-19,ACTIVO
1272,Residencial,66XXXX45,977XXX902,cliente01272***@correo.com,43,2022-01-24,INACTIVO
1273,Residencial,37XXXX35,964XXX709,cliente01273***@correo.com,29,2022-03-07,ACTIVO
1274,Residencial,64XXXX47,931XXX636,cliente01274***@correo.com,3,2018-12-01,ACTIVO
1275,Comercial,95XXXX32,946XXX443,cliente01275***@correo.com,15,2024-07-01,ACTIVO
1276,Residencial,80XXXX93,935XXX606,cliente01276***@correo.com,30,2022-03-12,ACTIVO
1277,Residencial,42XXXX30,941XXX162,cliente01277***@correo.com,29,2023-05-01,ACTIVO
1278,Residencial,22XXXX45,919XXX711,cliente01278***@correo.com,10,2023-04-19,ACTIVO
1279,Residencial,12XXXX54,927XXX292,cliente01279***@correo.com,29,2021-01-13,ACTIVO
1280,Residencial,30XXXX22,968XXX664,cliente01280***@correo.com,5,2018-10-30,ACTIVO
1281,Residencial,50XXXX78,905XXX959,cliente01281***@correo.com,43,2024-10-28,ACTIVO
1282,Residencial,72XXXX81,953XXX998,cliente01282***@correo.com,3,2023-06-11,ACTIVO
1283,Residencial,79XXXX46,976XXX919,cliente01283***@correo.com,15,2021-06-24,ACTIVO
1284,Residencial,16XXXX69,948XXX953,cliente01284***@correo.com,15,2023-06-20,ACTIVO
1285,Residencial,47XXXX97,903XXX987,cliente01285***@correo.com,3,2019-09-16,ACTIVO
1286,Residencial,54XXXX63,959XXX238,cliente01286***@correo.com,3,2024-03-18,ACTIVO
1287,Residencial,28XXXX32,970XXX342,cliente01287***@correo.com,15,2024-11-07,ACTIVO
1288,Residencial,97XXXX52,961XXX306,cliente01288***@correo.com,26,2024-09-03,ACTIVO
1289,Residencial,52XXXX58,947XXX598,cliente01289***@correo.com,29,2021-06-01,ACTIVO
1290,Comercial,97XXXX85,911XXX669,cliente01290***@correo.com,15,2024-05-05,INACTIVO
1291,Residencial,89XXXX59,974XXX466,cliente01291***@correo.com,39,2023-02-05,ACTIVO
1292,Residencial,32XXXX60,904XXX113,cliente01292***@correo.com,15,2018-07-21,ACTIVO
1293,Residencial,70XXXX67,911XXX296,cliente01293***@correo.com,29,2019-08-16,ACTIVO
1294,Residencial,53XXXX73,993XXX404,cliente01294***@correo.com,3,2021-04-16,ACTIVO
1295,Residencial,83XXXX49,933XXX316,cliente01295***@correo.com,39,2018-01-03,ACTIVO
1296,Residencial,73XXXX30,924XXX692,cliente01296***@correo.com,15,2019-02-02,ACTIVO
1297,Residencial,44XXXX32,995XXX220,cliente01297***@correo.com,19,2021-02-19,ACTIVO
1298,Residencial,81XXXX14,916XXX036,cliente01298***@correo.com,7,2018-09-10,ACTIVO
1299,Residencial,93XXXX26,979XXX279,cliente01299***@correo.com,4,2024-03-16,ACTIVO
1300,Residencial,65XXXX43,977XXX255,cliente01300***@correo.com,1,2019-11-24,ACTIVO
1301,Residencial,48XXXX17,967XXX099,cliente01301***@correo.com,28,2019-01-20,ACTIVO
1302,Residencial,66XXXX72,934XXX207,cliente01302***@correo.com,20,2022-02-06,ACTIVO
1303,Residencial,42XXXX94,998XXX561,cliente01303***@correo.com,15,2021-03-14,ACTIVO
1304,Residencial,60XXXX71,943XXX291,cliente01304***@correo.com,15,2020-10-20,ACTIVO
1305,Residencial,70XXXX29,916XXX109,cliente01305***@correo.com,15,2023-09-21,ACTIVO
1306,Residencial,30XXXX58,951XXX809,cliente01306***@correo.com,28,2021-07-06,ACTIVO
1307,Residencial,38XXXX62,902XXX336,cliente01307***@correo.com,29,2020-12-07,ACTIVO
1308,Residencial,38XXXX43,931XXX448,cliente01308***@correo.com,16,2022-08-10,ACTIVO
1309,Comercial,64XXXX51,912XXX735,cliente01309***@correo.com,4,2020-12-20,ACTIVO
1310,Comercial,98XXXX06,915XXX331,cliente01310***@correo.com,38,2019-10-02,ACTIVO
1311,Residencial,72XXXX44,943XXX812,cliente01311***@correo.com,39,2020-01-21,ACTIVO
1312,Residencial,96XXXX35,925XXX562,cliente01312***@correo.com,42,2018-10-08,ACTIVO
1313,Residencial,64XXXX41,995XXX419,cliente01313***@correo.com,15,2022-02-12,ACTIVO
1314,Residencial,93XXXX66,930XXX542,cliente01314***@correo.com,7,2020-02-09,ACTIVO
1315,Residencial,17XXXX98,929XXX011,cliente01315***@correo.com,29,2023-10-28,ACTIVO
1316,Residencial,74XXXX90,939XXX196,cliente01316***@correo.com,26,2018-12-30,ACTIVO
1317,Residencial,22XXXX70,940XXX799,cliente01317***@correo.com,28,2023-10-24,ACTIVO
1318,Residencial,46XXXX63,925XXX940,cliente01318***@correo.com,43,2019-07-06,ACTIVO
1319,Residencial,65XXXX73,984XXX743,cliente01319***@correo.com,15,2021-05-29,ACTIVO
1320,Comercial,90XXXX24,912XXX433,cliente01320***@correo.com,7,2018-09-12,ACTIVO
1321,Residencial,91XXXX53,900XXX209,cliente01321***@correo.com,15,2022-09-13,INACTIVO
1322,Comercial,53XXXX11,937XXX453,cliente01322***@correo.com,3,2018-06-06,ACTIVO
1323,Residencial,21XXXX86,907XXX787,cliente01323***@correo.com,19,2021-05-30,ACTIVO
1324,Residencial,92XXXX30,956XXX587,cliente01324***@correo.com,43,2019-12-26,ACTIVO
1325,Residencial,56XXXX89,993XXX925,cliente01325***@correo.com,30,2020-08-06,ACTIVO
1326,Residencial,33XXXX47,972XXX110,cliente01326***@correo.com,43,2019-08-04,ACTIVO
1327,Residencial,82XXXX54,941XXX516,cliente01327***@correo.com,39,2024-09-11,ACTIVO
1328,Comercial,11XXXX21,996XXX246,cliente01328***@correo.com,35,2021-10-21,ACTIVO
1329,Comercial,77XXXX47,913XXX926,cliente01329***@correo.com,30,2020-04-07,ACTIVO
1330,Residencial,40XXXX03,974XXX135,cliente01330***@correo.com,9,2020-01-22,ACTIVO
1331,Residencial,61XXXX35,906XXX296,cliente01331***@correo.com,26,2020-02-21,ACTIVO
1332,Residencial,43XXXX31,913XXX233,cliente01332***@correo.com,9,2020-11-24,ACTIVO
1333,Residencial,33XXXX50,970XXX771,cliente01333***@correo.com,2,2018-03-24,ACTIVO
1334,Residencial,65XXXX01,987XXX014,cliente01334***@correo.com,9,2023-08-05,ACTIVO
1335,Residencial,98XXXX68,977XXX148,cliente01335***@correo.com,33,2022-09-12,ACTIVO
1336,Residencial,86XXXX31,907XXX319,cliente01336***@correo.com,15,2019-12-24,ACTIVO
1337,Residencial,95XXXX30,906XXX722,cliente01337***@correo.com,28,2022-10-26,ACTIVO
1338,Residencial,44XXXX54,955XXX006,cliente01338***@correo.com,42,2024-06-20,ACTIVO
1339,Residencial,70XXXX26,939XXX011,cliente01339***@correo.com,13,2022-05-01,ACTIVO
1340,Residencial,40XXXX47,979XXX133,cliente01340***@correo.com,15,2023-12-17,ACTIVO
1341,Residencial,26XXXX33,933XXX750,cliente01341***@correo.com,7,2020-11-19,ACTIVO
1342,Alumbrado Público,25XXXX62,902XXX577,cliente01342***@correo.com,4,2024-04-23,ACTIVO
1343,Residencial,59XXXX76,934XXX860,cliente01343***@correo.com,29,2019-09-29,ACTIVO
1344,Residencial,86XXXX06,963XXX039,cliente01344***@correo.com,43,2020-08-07,ACTIVO
1345,Residencial,28XXXX66,921XXX138,cliente01345***@correo.com,4,2020-08-01,ACTIVO
1346,Residencial,52XXXX13,961XXX399,cliente01346***@correo.com,38,2022-09-04,ACTIVO
1347,Residencial,70XXXX13,991XXX353,cliente01347***@correo.com,15,2021-07-16,ACTIVO
1348,Residencial,36XXXX03,975XXX535,cliente01348***@correo.com,26,2019-08-03,ACTIVO
1349,Residencial,33XXXX76,943XXX986,cliente01349***@correo.com,25,2023-10-19,ACTIVO
1350,Residencial,19XXXX10,950XXX285,cliente01350***@correo.com,3,2020-07-10,ACTIVO
1351,Residencial,67XXXX24,912XXX178,cliente01351***@correo.com,30,2021-06-12,ACTIVO
1352,Residencial,84XXXX03,902XXX831,cliente01352***@correo.com,9,2018-11-27,ACTIVO
1353,Residencial,26XXXX31,999XXX033,cliente01353***@correo.com,38,2024-10-19,ACTIVO
1354,Residencial,99XXXX22,977XXX819,cliente01354***@correo.com,19,2022-09-10,ACTIVO
1355,Residencial,93XXXX03,927XXX036,cliente01355***@correo.com,29,2023-09-05,ACTIVO
1356,Residencial,94XXXX85,982XXX365,cliente01356***@correo.com,22,2024-03-22,ACTIVO
1357,Residencial,98XXXX09,951XXX596,cliente01357***@correo.com,5,2018-08-02,ACTIVO
1358,Residencial,29XXXX28,922XXX965,cliente01358***@correo.com,16,2019-03-10,ACTIVO
1359,Residencial,46XXXX66,917XXX240,cliente01359***@correo.com,6,2018-07-08,ACTIVO
1360,Residencial,21XXXX30,960XXX696,cliente01360***@correo.com,29,2018-07-14,ACTIVO
1361,Residencial,12XXXX48,920XXX456,cliente01361***@correo.com,3,2019-04-04,ACTIVO
1362,Residencial,92XXXX19,967XXX381,cliente01362***@correo.com,7,2018-08-13,ACTIVO
1363,Residencial,12XXXX44,916XXX790,cliente01363***@correo.com,5,2024-06-26,ACTIVO
1364,Comercial,95XXXX54,911XXX502,cliente01364***@correo.com,19,2020-07-22,ACTIVO
1365,Residencial,14XXXX63,944XXX354,cliente01365***@correo.com,12,2019-09-05,ACTIVO
1366,Residencial,12XXXX71,907XXX370,cliente01366***@correo.com,18,2024-12-08,ACTIVO
1367,Residencial,15XXXX77,929XXX752,cliente01367***@correo.com,39,2021-02-03,ACTIVO
1368,Residencial,89XXXX62,919XXX414,cliente01368***@correo.com,7,2018-08-03,ACTIVO
1369,Residencial,31XXXX38,993XXX835,cliente01369***@correo.com,40,2022-10-18,ACTIVO
1370,Residencial,22XXXX89,931XXX119,cliente01370***@correo.com,9,2021-10-21,ACTIVO
1371,Residencial,75XXXX15,943XXX502,cliente01371***@correo.com,19,2020-01-07,ACTIVO
1372,Residencial,37XXXX72,915XXX043,cliente01372***@correo.com,40,2019-11-02,ACTIVO
1373,Residencial,93XXXX91,908XXX308,cliente01373***@correo.com,43,2024-03-31,ACTIVO
1374,Residencial,67XXXX15,947XXX255,cliente01374***@correo.com,12,2020-08-25,ACTIVO
1375,Residencial,94XXXX02,942XXX565,cliente01375***@correo.com,19,2021-06-29,ACTIVO
1376,Residencial,23XXXX64,941XXX512,cliente01376***@correo.com,39,2023-05-30,ACTIVO
1377,Residencial,91XXXX18,925XXX316,cliente01377***@correo.com,15,2021-07-23,ACTIVO
1378,Residencial,73XXXX03,962XXX835,cliente01378***@correo.com,40,2023-03-29,ACTIVO
1379,Residencial,93XXXX10,933XXX975,cliente01379***@correo.com,15,2024-10-10,ACTIVO
1380,Residencial,78XXXX30,907XXX020,cliente01380***@correo.com,40,2018-11-03,SUSPENDIDO
1381,Comercial,77XXXX02,990XXX655,cliente01381***@correo.com,14,2020-06-17,ACTIVO
1382,Residencial,63XXXX64,903XXX850,cliente01382***@correo.com,21,2024-09-18,ACTIVO
1383,Residencial,98XXXX68,934XXX595,cliente01383***@correo.com,15,2023-02-03,ACTIVO
1384,Comercial,66XXXX15,931XXX538,cliente01384***@correo.com,26,2020-11-20,ACTIVO
1385,Comercial,54XXXX68,910XXX848,cliente01385***@correo.com,26,2021-09-25,ACTIVO
1386,Residencial,77XXXX15,954XXX371,cliente01386***@correo.com,1,2024-01-11,ACTIVO
1387,Comercial,93XXXX06,943XXX985,cliente01387***@correo.com,25,2024-12-23,ACTIVO
1388,Residencial,85XXXX23,944XXX168,cliente01388***@correo.com,9,2020-02-05,ACTIVO
1389,Residencial,65XXXX35,921XXX038,cliente01389***@correo.com,9,2019-06-17,ACTIVO
1390,Residencial,40XXXX67,944XXX631,cliente01390***@correo.com,18,2021-12-14,ACTIVO
1391,Residencial,78XXXX12,978XXX521,cliente01391***@correo.com,40,2023-09-02,ACTIVO
1392,Residencial,73XXXX46,907XXX431,cliente01392***@correo.com,30,2024-12-14,ACTIVO
1393,Residencial,27XXXX85,938XXX296,cliente01393***@correo.com,26,2019-01-31,ACTIVO
1394,Residencial,95XXXX58,937XXX665,cliente01394***@correo.com,28,2019-03-03,ACTIVO
1395,Residencial,47XXXX72,939XXX866,cliente01395***@correo.com,34,2022-12-15,ACTIVO
1396,Residencial,72XXXX34,997XXX691,cliente01396***@correo.com,26,2018-05-18,ACTIVO
1397,Residencial,21XXXX71,930XXX179,cliente01397***@correo.com,40,2022-07-14,ACTIVO
1398,Comercial,25XXXX60,984XXX790,cliente01398***@correo.com,15,2021-11-10,ACTIVO
1399,Alumbrado Público,22XXXX91,996XXX583,cliente01399***@correo.com,36,2022-02-03,ACTIVO
1400,Residencial,78XXXX09,961XXX835,cliente01400***@correo.com,29,2021-05-29,ACTIVO
1401,Residencial,37XXXX14,952XXX597,cliente01401***@correo.com,8,2020-12-26,ACTIVO
1402,Residencial,66XXXX57,948XXX273,cliente01402***@correo.com,15,2019-05-12,ACTIVO
1403,Residencial,32XXXX58,989XXX082,cliente01403***@correo.com,39,2020-08-02,ACTIVO
1404,Comercial,31XXXX30,978XXX422,cliente01404***@correo.com,5,2023-05-16,ACTIVO
1405,Residencial,30XXXX24,962XXX663,cliente01405***@correo.com,5,2021-09-17,ACTIVO
1406,Residencial,94XXXX92,922XXX164,cliente01406***@correo.com,15,2019-08-28,ACTIVO
1407,Residencial,46XXXX22,970XXX722,cliente01407***@correo.com,15,2024-02-06,ACTIVO
1408,Residencial,93XXXX19,949XXX973,cliente01408***@correo.com,26,2018-01-04,ACTIVO
1409,Residencial,24XXXX07,991XXX519,cliente01409***@correo.com,3,2024-04-07,INACTIVO
1410,Residencial,96XXXX87,948XXX324,cliente01410***@correo.com,9,2024-07-30,ACTIVO
1411,Residencial,27XXXX49,963XXX070,cliente01411***@correo.com,15,2023-12-31,ACTIVO
1412,Residencial,57XXXX71,938XXX496,cliente01412***@correo.com,15,2022-08-17,ACTIVO
1413,Residencial,65XXXX82,919XXX684,cliente01413***@correo.com,43,2020-02-27,ACTIVO
1414,Residencial,88XXXX34,933XXX586,cliente01414***@correo.com,7,2019-10-03,ACTIVO
1415,Residencial,17XXXX02,911XXX007,cliente01415***@correo.com,15,2019-08-30,ACTIVO
1416,Residencial,49XXXX64,995XXX957,cliente01416***@correo.com,30,2023-02-21,ACTIVO
1417,Residencial,87XXXX73,964XXX626,cliente01417***@correo.com,33,2019-09-23,ACTIVO
1418,Residencial,22XXXX51,917XXX229,cliente01418***@correo.com,4,2023-07-23,ACTIVO
1419,Residencial,68XXXX27,948XXX435,cliente01419***@correo.com,5,2022-08-02,ACTIVO
1420,Residencial,36XXXX48,922XXX962,cliente01420***@correo.com,42,2018-01-06,ACTIVO
1421,Residencial,34XXXX10,946XXX248,cliente01421***@correo.com,19,2019-06-06,ACTIVO
1422,Residencial,14XXXX92,995XXX566,cliente01422***@correo.com,39,2019-06-14,ACTIVO
1423,Residencial,39XXXX29,972XXX365,cliente01423***@correo.com,12,2023-02-16,ACTIVO
1424,Residencial,70XXXX94,924XXX012,cliente01424***@correo.com,13,2023-03-21,ACTIVO
1425,Alumbrado Público,96XXXX28,958XXX219,cliente01425***@correo.com,38,2020-02-09,ACTIVO
1426,Residencial,49XXXX83,947XXX427,cliente01426***@correo.com,15,2019-06-26,ACTIVO
1427,Residencial,88XXXX27,943XXX250,cliente01427***@correo.com,29,2023-08-12,ACTIVO
1428,Comercial,54XXXX83,981XXX414,cliente01428***@correo.com,29,2019-05-19,ACTIVO
1429,Residencial,92XXXX38,933XXX185,cliente01429***@correo.com,38,2023-08-09,ACTIVO
1430,Residencial,28XXXX09,983XXX786,cliente01430***@correo.com,38,2020-03-07,ACTIVO
1431,Residencial,76XXXX54,984XXX423,cliente01431***@correo.com,4,2018-05-23,ACTIVO
1432,Residencial,75XXXX76,967XXX918,cliente01432***@correo.com,5,2022-04-03,ACTIVO
1433,Residencial,20XXXX76,948XXX522,cliente01433***@correo.com,19,2021-06-19,ACTIVO
1434,Residencial,11XXXX73,990XXX750,cliente01434***@correo.com,29,2022-08-27,ACTIVO
1435,Residencial,68XXXX33,935XXX895,cliente01435***@correo.com,38,2024-05-04,ACTIVO
1436,Residencial,79XXXX00,904XXX367,cliente01436***@correo.com,29,2022-10-26,ACTIVO
1437,Residencial,74XXXX62,932XXX766,cliente01437***@correo.com,15,2020-01-13,ACTIVO
1438,Residencial,50XXXX75,945XXX145,cliente01438***@correo.com,1,2023-09-14,ACTIVO
1439,Comercial,62XXXX02,911XXX003,cliente01439***@correo.com,29,2023-05-20,ACTIVO
1440,Residencial,90XXXX49,952XXX859,cliente01440***@correo.com,5,2024-05-14,ACTIVO
1441,Residencial,13XXXX92,952XXX885,cliente01441***@correo.com,19,2019-08-22,ACTIVO
1442,Residencial,39XXXX96,984XXX222,cliente01442***@correo.com,3,2019-09-27,ACTIVO
1443,Alumbrado Público,73XXXX52,996XXX001,cliente01443***@correo.com,39,2019-02-18,INACTIVO
1444,Residencial,97XXXX23,968XXX440,cliente01444***@correo.com,35,2020-09-11,ACTIVO
1445,Residencial,93XXXX62,952XXX562,cliente01445***@correo.com,29,2024-03-17,ACTIVO
1446,Residencial,13XXXX18,935XXX203,cliente01446***@correo.com,15,2023-11-06,INACTIVO
1447,Comercial,50XXXX70,974XXX715,cliente01447***@correo.com,26,2021-08-23,INACTIVO
1448,Residencial,96XXXX31,919XXX315,cliente01448***@correo.com,29,2024-10-06,ACTIVO
1449,Residencial,23XXXX97,921XXX578,cliente01449***@correo.com,29,2019-06-03,ACTIVO
1450,Residencial,22XXXX90,911XXX841,cliente01450***@correo.com,3,2021-07-30,ACTIVO
1451,Residencial,62XXXX95,975XXX704,cliente01451***@correo.com,18,2022-11-07,ACTIVO
1452,Residencial,52XXXX60,926XXX286,cliente01452***@correo.com,40,2022-05-06,ACTIVO
1453,Residencial,14XXXX31,996XXX200,cliente01453***@correo.com,7,2024-10-31,ACTIVO
1454,Residencial,58XXXX03,941XXX802,cliente01454***@correo.com,28,2018-12-21,ACTIVO
1455,Residencial,73XXXX40,939XXX753,cliente01455***@correo.com,28,2024-11-02,ACTIVO
1456,Residencial,32XXXX63,966XXX962,cliente01456***@correo.com,39,2018-03-01,ACTIVO
1457,Residencial,74XXXX98,907XXX080,cliente01457***@correo.com,43,2024-02-10,ACTIVO
1458,Comercial,89XXXX19,935XXX280,cliente01458***@correo.com,7,2018-10-20,ACTIVO
1459,Residencial,44XXXX38,979XXX118,cliente01459***@correo.com,28,2019-12-28,ACTIVO
1460,Residencial,54XXXX34,977XXX747,cliente01460***@correo.com,7,2020-05-25,ACTIVO
1461,Residencial,57XXXX93,990XXX596,cliente01461***@correo.com,38,2021-07-22,ACTIVO
1462,Residencial,56XXXX11,973XXX074,cliente01462***@correo.com,7,2023-06-03,ACTIVO
1463,Residencial,26XXXX97,983XXX347,cliente01463***@correo.com,15,2019-05-04,ACTIVO
1464,Residencial,94XXXX07,923XXX887,cliente01464***@correo.com,43,2021-11-01,ACTIVO
1465,Industrial,79XXXX91,991XXX959,cliente01465***@correo.com,29,2020-02-11,ACTIVO
1466,Residencial,71XXXX34,982XXX980,cliente01466***@correo.com,4,2023-11-27,ACTIVO
1467,Residencial,90XXXX25,926XXX363,cliente01467***@correo.com,7,2020-05-22,ACTIVO
1468,Residencial,33XXXX01,976XXX369,cliente01468***@correo.com,9,2024-12-02,ACTIVO
1469,Residencial,24XXXX70,982XXX904,cliente01469***@correo.com,30,2018-10-04,ACTIVO
1470,Residencial,17XXXX21,919XXX901,cliente01470***@correo.com,7,2022-11-02,SUSPENDIDO
1471,Residencial,17XXXX93,919XXX835,cliente01471***@correo.com,10,2024-11-25,ACTIVO
1472,Residencial,14XXXX20,951XXX447,cliente01472***@correo.com,3,2021-06-28,ACTIVO
1473,Residencial,95XXXX20,909XXX916,cliente01473***@correo.com,39,2024-12-26,ACTIVO
1474,Residencial,95XXXX43,987XXX461,cliente01474***@correo.com,39,2022-05-21,ACTIVO
1475,Residencial,55XXXX29,986XXX141,cliente01475***@correo.com,42,2020-07-18,ACTIVO
1476,Residencial,30XXXX79,928XXX280,cliente01476***@correo.com,40,2019-07-09,ACTIVO
1477,Residencial,36XXXX22,986XXX495,cliente01477***@correo.com,5,2019-01-22,ACTIVO
1478,Residencial,69XXXX96,985XXX013,cliente01478***@correo.com,5,2020-11-12,ACTIVO
1479,Residencial,68XXXX53,911XXX754,cliente01479***@correo.com,18,2021-07-28,ACTIVO
1480,Residencial,13XXXX63,925XXX110,cliente01480***@correo.com,14,2021-12-06,ACTIVO
1481,Residencial,67XXXX93,954XXX580,cliente01481***@correo.com,9,2022-11-27,ACTIVO
1482,Residencial,28XXXX37,911XXX048,cliente01482***@correo.com,15,2022-06-26,ACTIVO
1483,Residencial,70XXXX26,997XXX522,cliente01483***@correo.com,26,2024-01-19,ACTIVO
1484,Comercial,97XXXX00,904XXX833,cliente01484***@correo.com,38,2018-07-20,ACTIVO
1485,Residencial,28XXXX05,983XXX880,cliente01485***@correo.com,2,2021-04-08,ACTIVO
1486,Alumbrado Público,27XXXX84,941XXX394,cliente01486***@correo.com,26,2019-08-09,ACTIVO
1487,Residencial,77XXXX46,961XXX621,cliente01487***@correo.com,17,2019-05-27,ACTIVO
1488,Comercial,90XXXX69,901XXX633,cliente01488***@correo.com,15,2019-12-05,ACTIVO
1489,Residencial,38XXXX89,912XXX535,cliente01489***@correo.com,28,2024-11-07,ACTIVO
1490,Residencial,58XXXX75,976XXX148,cliente01490***@correo.com,4,2023-08-21,ACTIVO
1491,Residencial,31XXXX52,967XXX726,cliente01491***@correo.com,7,2020-01-06,ACTIVO
1492,Residencial,16XXXX33,955XXX305,cliente01492***@correo.com,42,2024-04-29,ACTIVO
1493,Residencial,63XXXX32,967XXX774,cliente01493***@correo.com,26,2020-02-08,ACTIVO
1494,Residencial,24XXXX24,966XXX761,cliente01494***@correo.com,29,2019-01-26,ACTIVO
1495,Comercial,62XXXX71,937XXX590,cliente01495***@correo.com,15,2019-05-17,ACTIVO
1496,Residencial,24XXXX41,917XXX773,cliente01496***@correo.com,41,2019-01-02,ACTIVO
1497,Residencial,17XXXX58,999XXX700,cliente01497***@correo.com,30,2023-06-24,ACTIVO
1498,Residencial,19XXXX80,974XXX631,cliente01498***@correo.com,21,2024-05-30,ACTIVO
1499,Residencial,69XXXX30,995XXX172,cliente01499***@correo.com,19,2023-08-04,INACTIVO
1500,Residencial,79XXXX93,954XXX674,cliente01500***@correo.com,15,2022-07-03,ACTIVO
1501,Residencial,81XXXX40,916XXX647,cliente01501***@correo.com,43,2024-10-14,ACTIVO
1502,Residencial,79XXXX21,974XXX919,cliente01502***@correo.com,43,2024-08-26,ACTIVO
1503,Residencial,48XXXX49,935XXX367,cliente01503***@correo.com,4,2020-08-07,ACTIVO
1504,Residencial,62XXXX10,932XXX649,cliente01504***@correo.com,20,2021-05-24,ACTIVO
1505,Residencial,85XXXX24,917XXX180,cliente01505***@correo.com,15,2023-11-20,ACTIVO
1506,Residencial,45XXXX59,951XXX649,cliente01506***@correo.com,13,2023-04-26,ACTIVO
1507,Residencial,59XXXX20,974XXX991,cliente01507***@correo.com,7,2021-01-01,ACTIVO
1508,Residencial,45XXXX49,931XXX357,cliente01508***@correo.com,3,2020-04-19,ACTIVO
1509,Residencial,83XXXX16,995XXX168,cliente01509***@correo.com,9,2018-07-16,ACTIVO
1510,Residencial,22XXXX48,994XXX212,cliente01510***@correo.com,5,2018-07-30,ACTIVO
1511,Residencial,23XXXX71,923XXX282,cliente01511***@correo.com,40,2023-11-20,ACTIVO
1512,Residencial,97XXXX58,919XXX179,cliente01512***@correo.com,28,2020-01-27,ACTIVO
1513,Residencial,47XXXX13,933XXX027,cliente01513***@correo.com,16,2023-08-26,ACTIVO
1514,Residencial,79XXXX93,992XXX067,cliente01514***@correo.com,7,2018-09-30,ACTIVO
1515,Comercial,30XXXX08,923XXX260,cliente01515***@correo.com,24,2018-06-03,ACTIVO
1516,Residencial,98XXXX24,929XXX806,cliente01516***@correo.com,7,2023-05-05,ACTIVO
1517,Residencial,17XXXX41,910XXX584,cliente01517***@correo.com,6,2018-12-16,ACTIVO
1518,Residencial,99XXXX46,933XXX341,cliente01518***@correo.com,30,2019-01-08,ACTIVO
1519,Residencial,30XXXX30,938XXX948,cliente01519***@correo.com,34,2019-02-08,ACTIVO
1520,Residencial,24XXXX73,927XXX581,cliente01520***@correo.com,15,2024-05-27,ACTIVO
1521,Residencial,43XXXX46,926XXX745,cliente01521***@correo.com,5,2023-08-14,ACTIVO
1522,Residencial,11XXXX44,918XXX408,cliente01522***@correo.com,7,2019-03-25,ACTIVO
1523,Comercial,80XXXX57,963XXX053,cliente01523***@correo.com,29,2020-05-15,ACTIVO
1524,Residencial,82XXXX83,924XXX838,cliente01524***@correo.com,29,2020-10-11,ACTIVO
1525,Residencial,38XXXX92,988XXX756,cliente01525***@correo.com,29,2018-01-09,ACTIVO
1526,Residencial,75XXXX70,956XXX259,cliente01526***@correo.com,2,2021-11-05,ACTIVO
1527,Residencial,21XXXX56,999XXX206,cliente01527***@correo.com,15,2019-11-01,ACTIVO
1528,Residencial,93XXXX97,939XXX239,cliente01528***@correo.com,5,2018-06-19,ACTIVO
1529,Residencial,66XXXX51,956XXX312,cliente01529***@correo.com,23,2019-07-20,ACTIVO
1530,Residencial,15XXXX85,990XXX014,cliente01530***@correo.com,13,2018-06-23,ACTIVO
1531,Residencial,29XXXX00,994XXX657,cliente01531***@correo.com,30,2021-01-25,ACTIVO
1532,Comercial,94XXXX22,986XXX557,cliente01532***@correo.com,40,2018-04-20,ACTIVO
1533,Residencial,47XXXX22,900XXX699,cliente01533***@correo.com,38,2021-08-01,ACTIVO
1534,Residencial,67XXXX07,923XXX943,cliente01534***@correo.com,37,2022-03-14,ACTIVO
1535,Residencial,17XXXX28,953XXX935,cliente01535***@correo.com,26,2019-12-31,ACTIVO
1536,Residencial,12XXXX63,964XXX608,cliente01536***@correo.com,41,2020-07-12,ACTIVO
1537,Comercial,87XXXX50,923XXX113,cliente01537***@correo.com,40,2024-04-01,ACTIVO
1538,Gobierno,20XXXX68,900XXX105,cliente01538***@correo.com,15,2019-03-19,ACTIVO
1539,Residencial,25XXXX54,913XXX121,cliente01539***@correo.com,22,2022-05-06,ACTIVO
1540,Residencial,89XXXX22,977XXX204,cliente01540***@correo.com,7,2022-08-11,ACTIVO
1541,Comercial,95XXXX71,915XXX196,cliente01541***@correo.com,15,2023-09-12,ACTIVO
1542,Residencial,34XXXX19,967XXX827,cliente01542***@correo.com,17,2022-05-29,ACTIVO
1543,Comercial,19XXXX27,944XXX514,cliente01543***@correo.com,3,2022-07-16,ACTIVO
1544,Residencial,81XXXX56,920XXX190,cliente01544***@correo.com,7,2019-05-27,ACTIVO
1545,Residencial,70XXXX40,946XXX679,cliente01545***@correo.com,7,2024-11-08,ACTIVO
1546,Residencial,37XXXX47,963XXX367,cliente01546***@correo.com,40,2019-09-27,ACTIVO
1547,Comercial,62XXXX66,908XXX254,cliente01547***@correo.com,29,2023-08-19,ACTIVO
1548,Residencial,16XXXX09,942XXX337,cliente01548***@correo.com,5,2023-09-15,ACTIVO
1549,Residencial,81XXXX48,984XXX510,cliente01549***@correo.com,29,2020-01-25,ACTIVO
1550,Residencial,53XXXX80,960XXX803,cliente01550***@correo.com,18,2022-10-17,ACTIVO
1551,Residencial,82XXXX80,988XXX649,cliente01551***@correo.com,9,2018-09-22,ACTIVO
1552,Residencial,96XXXX45,938XXX835,cliente01552***@correo.com,39,2019-10-12,ACTIVO
1553,Comercial,36XXXX72,955XXX614,cliente01553***@correo.com,38,2023-07-10,ACTIVO
1554,Comercial,98XXXX01,981XXX051,cliente01554***@correo.com,19,2021-04-07,ACTIVO
1555,Alumbrado Público,63XXXX93,915XXX262,cliente01555***@correo.com,5,2020-10-04,ACTIVO
1556,Residencial,86XXXX85,938XXX486,cliente01556***@correo.com,7,2018-09-24,ACTIVO
1557,Residencial,40XXXX75,939XXX594,cliente01557***@correo.com,9,2018-07-07,ACTIVO
1558,Residencial,10XXXX22,959XXX484,cliente01558***@correo.com,30,2020-01-18,ACTIVO
1559,Residencial,49XXXX09,967XXX861,cliente01559***@correo.com,37,2023-07-15,INACTIVO
1560,Comercial,87XXXX33,924XXX504,cliente01560***@correo.com,9,2021-01-20,ACTIVO
1561,Residencial,84XXXX76,954XXX751,cliente01561***@correo.com,3,2019-05-04,ACTIVO
1562,Comercial,25XXXX59,976XXX520,cliente01562***@correo.com,43,2023-09-02,ACTIVO
1563,Residencial,76XXXX41,955XXX297,cliente01563***@correo.com,19,2019-10-19,ACTIVO
1564,Residencial,65XXXX66,986XXX809,cliente01564***@correo.com,30,2019-07-08,ACTIVO
1565,Residencial,46XXXX13,994XXX096,cliente01565***@correo.com,19,2019-09-09,ACTIVO
1566,Residencial,65XXXX99,987XXX131,cliente01566***@correo.com,26,2022-07-30,ACTIVO
1567,Residencial,81XXXX21,954XXX146,cliente01567***@correo.com,22,2019-12-03,ACTIVO
1568,Residencial,68XXXX89,982XXX714,cliente01568***@correo.com,11,2024-09-13,ACTIVO
1569,Residencial,54XXXX71,987XXX141,cliente01569***@correo.com,24,2018-05-08,ACTIVO
1570,Residencial,23XXXX39,919XXX559,cliente01570***@correo.com,3,2019-07-13,ACTIVO
1571,Residencial,27XXXX31,926XXX963,cliente01571***@correo.com,28,2022-05-21,ACTIVO
1572,Residencial,11XXXX75,917XXX358,cliente01572***@correo.com,36,2023-04-26,ACTIVO
1573,Residencial,33XXXX19,916XXX190,cliente01573***@correo.com,17,2018-08-09,ACTIVO
1574,Residencial,98XXXX01,961XXX968,cliente01574***@correo.com,2,2020-07-03,ACTIVO
1575,Residencial,96XXXX32,908XXX416,cliente01575***@correo.com,9,2024-07-10,ACTIVO
1576,Comercial,74XXXX20,900XXX329,cliente01576***@correo.com,28,2018-04-15,ACTIVO
1577,Residencial,75XXXX41,988XXX748,cliente01577***@correo.com,18,2020-12-27,ACTIVO
1578,Residencial,32XXXX21,928XXX081,cliente01578***@correo.com,26,2019-05-13,ACTIVO
1579,Residencial,70XXXX89,921XXX406,cliente01579***@correo.com,43,2019-06-17,ACTIVO
1580,Residencial,40XXXX30,920XXX213,cliente01580***@correo.com,7,2019-11-05,ACTIVO
1581,Residencial,44XXXX19,907XXX325,cliente01581***@correo.com,28,2018-10-09,ACTIVO
1582,Residencial,35XXXX67,929XXX110,cliente01582***@correo.com,5,2019-12-23,ACTIVO
1583,Residencial,58XXXX83,947XXX915,cliente01583***@correo.com,28,2022-04-21,ACTIVO
1584,Residencial,89XXXX17,936XXX304,cliente01584***@correo.com,38,2021-03-22,ACTIVO
1585,Residencial,88XXXX29,944XXX532,cliente01585***@correo.com,40,2018-02-18,ACTIVO
1586,Residencial,97XXXX36,953XXX904,cliente01586***@correo.com,15,2024-03-07,ACTIVO
1587,Alumbrado Público,88XXXX38,981XXX557,cliente01587***@correo.com,24,2023-06-22,ACTIVO
1588,Residencial,34XXXX40,946XXX041,cliente01588***@correo.com,15,2021-04-11,ACTIVO
1589,Residencial,57XXXX85,967XXX138,cliente01589***@correo.com,2,2020-09-07,ACTIVO
1590,Comercial,30XXXX15,916XXX114,cliente01590***@correo.com,35,2022-08-10,ACTIVO
1591,Residencial,13XXXX82,971XXX275,cliente01591***@correo.com,15,2019-08-05,ACTIVO
1592,Residencial,99XXXX90,923XXX448,cliente01592***@correo.com,33,2024-04-23,ACTIVO
1593,Residencial,68XXXX71,954XXX820,cliente01593***@correo.com,34,2021-09-14,ACTIVO
1594,Industrial,82XXXX67,958XXX335,cliente01594***@correo.com,26,2021-05-29,ACTIVO
1595,Residencial,49XXXX75,938XXX510,cliente01595***@correo.com,38,2018-10-24,ACTIVO
1596,Residencial,61XXXX51,919XXX572,cliente01596***@correo.com,7,2019-03-10,ACTIVO
1597,Alumbrado Público,87XXXX83,929XXX376,cliente01597***@correo.com,17,2024-07-27,ACTIVO
1598,Residencial,42XXXX95,929XXX030,cliente01598***@correo.com,30,2021-10-24,ACTIVO
1599,Residencial,85XXXX15,921XXX893,cliente01599***@correo.com,5,2019-05-31,ACTIVO
1600,Residencial,83XXXX94,994XXX344,cliente01600***@correo.com,35,2024-10-26,ACTIVO
1601,Residencial,69XXXX69,939XXX172,cliente01601***@correo.com,10,2020-11-19,ACTIVO
1602,Residencial,73XXXX14,910XXX726,cliente01602***@correo.com,39,2019-03-20,ACTIVO
1603,Industrial,13XXXX14,951XXX839,cliente01603***@correo.com,22,2022-12-25,ACTIVO
1604,Residencial,57XXXX10,944XXX076,cliente01604***@correo.com,19,2022-05-15,ACTIVO
1605,Residencial,91XXXX86,988XXX876,cliente01605***@correo.com,3,2019-03-27,ACTIVO
1606,Residencial,50XXXX16,976XXX240,cliente01606***@correo.com,15,2020-01-05,ACTIVO
1607,Residencial,60XXXX47,993XXX798,cliente01607***@correo.com,39,2020-03-03,INACTIVO
1608,Residencial,57XXXX43,942XXX185,cliente01608***@correo.com,7,2020-03-20,ACTIVO
1609,Residencial,13XXXX09,900XXX283,cliente01609***@correo.com,39,2021-08-20,ACTIVO
1610,Residencial,36XXXX37,978XXX949,cliente01610***@correo.com,19,2020-02-28,ACTIVO
1611,Residencial,89XXXX92,916XXX160,cliente01611***@correo.com,7,2018-05-13,ACTIVO
1612,Residencial,56XXXX63,992XXX034,cliente01612***@correo.com,42,2019-05-04,ACTIVO
1613,Residencial,28XXXX91,970XXX651,cliente01613***@correo.com,17,2018-02-17,ACTIVO
1614,Residencial,74XXXX49,939XXX582,cliente01614***@correo.com,1,2019-09-12,ACTIVO
1615,Residencial,20XXXX90,949XXX450,cliente01615***@correo.com,41,2024-03-21,ACTIVO
1616,Residencial,73XXXX73,950XXX677,cliente01616***@correo.com,15,2020-09-11,ACTIVO
1617,Residencial,21XXXX81,979XXX408,cliente01617***@correo.com,29,2018-11-02,ACTIVO
1618,Residencial,41XXXX41,918XXX637,cliente01618***@correo.com,7,2022-03-26,ACTIVO
1619,Residencial,92XXXX48,915XXX210,cliente01619***@correo.com,29,2018-09-26,ACTIVO
1620,Residencial,35XXXX18,913XXX174,cliente01620***@correo.com,15,2024-03-21,ACTIVO
1621,Residencial,64XXXX04,900XXX798,cliente01621***@correo.com,5,2018-08-28,ACTIVO
1622,Residencial,23XXXX16,937XXX033,cliente01622***@correo.com,27,2024-10-17,ACTIVO
1623,Residencial,47XXXX60,974XXX085,cliente01623***@correo.com,9,2020-01-10,ACTIVO
1624,Residencial,48XXXX94,960XXX702,cliente01624***@correo.com,30,2018-05-14,ACTIVO
1625,Residencial,47XXXX56,963XXX751,cliente01625***@correo.com,7,2023-09-05,ACTIVO
1626,Residencial,31XXXX26,930XXX523,cliente01626***@correo.com,27,2024-11-29,ACTIVO
1627,Residencial,87XXXX99,982XXX407,cliente01627***@correo.com,15,2022-01-10,ACTIVO
1628,Residencial,83XXXX60,976XXX110,cliente01628***@correo.com,35,2024-03-09,ACTIVO
1629,Residencial,65XXXX37,952XXX022,cliente01629***@correo.com,19,2018-08-16,ACTIVO
1630,Residencial,41XXXX24,969XXX524,cliente01630***@correo.com,43,2023-04-14,ACTIVO
1631,Residencial,53XXXX34,938XXX421,cliente01631***@correo.com,28,2023-10-11,ACTIVO
1632,Residencial,60XXXX15,940XXX822,cliente01632***@correo.com,9,2024-11-05,ACTIVO
1633,Residencial,87XXXX47,945XXX074,cliente01633***@correo.com,14,2021-01-31,ACTIVO
1634,Residencial,39XXXX29,906XXX444,cliente01634***@correo.com,6,2020-11-28,ACTIVO
1635,Residencial,24XXXX87,975XXX289,cliente01635***@correo.com,15,2019-06-10,ACTIVO
1636,Residencial,70XXXX86,998XXX546,cliente01636***@correo.com,30,2022-09-17,ACTIVO
1637,Residencial,78XXXX97,917XXX372,cliente01637***@correo.com,9,2020-01-22,ACTIVO
1638,Residencial,50XXXX83,950XXX265,cliente01638***@correo.com,34,2022-05-01,ACTIVO
1639,Residencial,30XXXX77,913XXX931,cliente01639***@correo.com,11,2022-05-16,ACTIVO
1640,Residencial,45XXXX78,998XXX444,cliente01640***@correo.com,15,2022-11-15,ACTIVO
1641,Residencial,17XXXX31,950XXX503,cliente01641***@correo.com,9,2019-07-31,ACTIVO
1642,Residencial,31XXXX97,924XXX899,cliente01642***@correo.com,7,2023-11-17,ACTIVO
1643,Residencial,41XXXX99,943XXX401,cliente01643***@correo.com,34,2024-11-18,ACTIVO
1644,Industrial,24XXXX73,989XXX418,cliente01644***@correo.com,8,2019-10-19,ACTIVO
1645,Residencial,66XXXX97,963XXX976,cliente01645***@correo.com,14,2023-10-07,ACTIVO
1646,Residencial,63XXXX63,928XXX870,cliente01646***@correo.com,12,2020-03-04,ACTIVO
1647,Residencial,43XXXX57,922XXX712,cliente01647***@correo.com,43,2022-01-10,ACTIVO
1648,Residencial,88XXXX54,970XXX235,cliente01648***@correo.com,43,2022-04-23,ACTIVO
1649,Residencial,55XXXX40,984XXX848,cliente01649***@correo.com,43,2022-10-07,ACTIVO
1650,Residencial,37XXXX93,964XXX023,cliente01650***@correo.com,7,2022-11-22,ACTIVO
1651,Comercial,26XXXX24,956XXX356,cliente01651***@correo.com,39,2018-01-17,INACTIVO
1652,Residencial,23XXXX40,975XXX274,cliente01652***@correo.com,9,2021-03-15,ACTIVO
1653,Residencial,28XXXX18,992XXX990,cliente01653***@correo.com,43,2023-06-19,ACTIVO
1654,Residencial,10XXXX50,931XXX873,cliente01654***@correo.com,9,2018-01-22,ACTIVO
1655,Residencial,19XXXX34,925XXX190,cliente01655***@correo.com,15,2019-09-22,ACTIVO
1656,Residencial,56XXXX99,987XXX117,cliente01656***@correo.com,29,2020-03-12,ACTIVO
1657,Residencial,21XXXX92,985XXX750,cliente01657***@correo.com,5,2020-02-03,ACTIVO
1658,Residencial,76XXXX24,930XXX082,cliente01658***@correo.com,5,2022-07-03,ACTIVO
1659,Residencial,39XXXX75,919XXX180,cliente01659***@correo.com,30,2022-05-28,ACTIVO
1660,Residencial,58XXXX94,914XXX728,cliente01660***@correo.com,40,2019-06-06,ACTIVO
1661,Residencial,29XXXX06,965XXX561,cliente01661***@correo.com,42,2018-10-14,ACTIVO
1662,Residencial,48XXXX16,900XXX833,cliente01662***@correo.com,13,2022-08-18,ACTIVO
1663,Residencial,19XXXX50,992XXX816,cliente01663***@correo.com,1,2020-11-16,ACTIVO
1664,Residencial,69XXXX72,981XXX866,cliente01664***@correo.com,32,2019-04-13,ACTIVO
1665,Residencial,93XXXX98,912XXX472,cliente01665***@correo.com,1,2024-11-03,ACTIVO
1666,Residencial,30XXXX85,992XXX888,cliente01666***@correo.com,14,2023-01-10,ACTIVO
1667,Residencial,54XXXX12,957XXX730,cliente01667***@correo.com,7,2021-05-21,ACTIVO
1668,Residencial,82XXXX30,951XXX821,cliente01668***@correo.com,3,2022-04-17,ACTIVO
1669,Residencial,28XXXX13,960XXX668,cliente01669***@correo.com,9,2022-12-06,ACTIVO
1670,Residencial,23XXXX63,928XXX820,cliente01670***@correo.com,26,2022-12-09,ACTIVO
1671,Residencial,55XXXX63,984XXX387,cliente01671***@correo.com,43,2018-02-17,ACTIVO
1672,Residencial,69XXXX91,921XXX124,cliente01672***@correo.com,3,2023-06-18,ACTIVO
1673,Residencial,21XXXX08,923XXX185,cliente01673***@correo.com,36,2023-11-06,INACTIVO
1674,Residencial,82XXXX55,923XXX070,cliente01674***@correo.com,15,2024-06-21,ACTIVO
1675,Residencial,38XXXX92,964XXX225,cliente01675***@correo.com,41,2018-12-15,ACTIVO
1676,Residencial,27XXXX98,934XXX454,cliente01676***@correo.com,29,2024-01-23,ACTIVO
1677,Residencial,34XXXX56,992XXX256,cliente01677***@correo.com,9,2023-04-02,ACTIVO
1678,Residencial,50XXXX85,919XXX202,cliente01678***@correo.com,15,2018-07-29,ACTIVO
1679,Residencial,16XXXX97,974XXX131,cliente01679***@correo.com,9,2024-03-06,ACTIVO
1680,Residencial,34XXXX43,902XXX889,cliente01680***@correo.com,30,2018-11-27,ACTIVO
1681,Residencial,90XXXX20,935XXX249,cliente01681***@correo.com,43,2023-06-05,ACTIVO
1682,Residencial,67XXXX19,973XXX747,cliente01682***@correo.com,9,2018-09-29,ACTIVO
1683,Residencial,32XXXX06,979XXX005,cliente01683***@correo.com,40,2023-06-10,ACTIVO
1684,Residencial,46XXXX74,904XXX493,cliente01684***@correo.com,20,2019-06-30,ACTIVO
1685,Residencial,71XXXX39,976XXX841,cliente01685***@correo.com,25,2018-11-16,ACTIVO
1686,Residencial,50XXXX45,985XXX537,cliente01686***@correo.com,15,2024-06-30,ACTIVO
1687,Gobierno,36XXXX84,904XXX753,cliente01687***@correo.com,4,2020-11-04,ACTIVO
1688,Residencial,43XXXX32,970XXX977,cliente01688***@correo.com,13,2024-08-27,ACTIVO
1689,Residencial,91XXXX86,944XXX006,cliente01689***@correo.com,14,2018-12-06,ACTIVO
1690,Residencial,75XXXX98,921XXX469,cliente01690***@correo.com,4,2019-04-05,ACTIVO
1691,Comercial,60XXXX72,900XXX188,cliente01691***@correo.com,15,2022-06-15,ACTIVO
1692,Residencial,26XXXX14,965XXX357,cliente01692***@correo.com,7,2021-10-12,ACTIVO
1693,Residencial,38XXXX13,980XXX225,cliente01693***@correo.com,43,2022-05-21,ACTIVO
1694,Residencial,32XXXX53,979XXX931,cliente01694***@correo.com,4,2023-07-06,ACTIVO
1695,Residencial,58XXXX80,986XXX328,cliente01695***@correo.com,15,2024-06-14,ACTIVO
1696,Residencial,67XXXX31,986XXX437,cliente01696***@correo.com,32,2022-12-22,ACTIVO
1697,Comercial,75XXXX59,960XXX684,cliente01697***@correo.com,9,2018-11-04,ACTIVO
1698,Residencial,67XXXX74,903XXX708,cliente01698***@correo.com,15,2022-08-10,ACTIVO
1699,Residencial,33XXXX44,906XXX993,cliente01699***@correo.com,3,2022-11-11,ACTIVO
1700,Residencial,29XXXX46,922XXX641,cliente01700***@correo.com,15,2021-05-03,INACTIVO
1701,Residencial,58XXXX52,922XXX717,cliente01701***@correo.com,15,2024-09-26,ACTIVO
1702,Comercial,64XXXX81,980XXX820,cliente01702***@correo.com,9,2023-02-02,ACTIVO
1703,Comercial,53XXXX94,946XXX905,cliente01703***@correo.com,28,2019-12-27,ACTIVO
1704,Residencial,71XXXX76,910XXX430,cliente01704***@correo.com,36,2024-11-02,ACTIVO
1705,Residencial,97XXXX91,956XXX741,cliente01705***@correo.com,7,2020-02-01,SUSPENDIDO
1706,Residencial,22XXXX63,922XXX248,cliente01706***@correo.com,3,2023-02-05,ACTIVO
1707,Residencial,22XXXX38,967XXX384,cliente01707***@correo.com,19,2022-02-12,ACTIVO
1708,Residencial,56XXXX58,934XXX421,cliente01708***@correo.com,23,2021-03-13,ACTIVO
1709,Comercial,52XXXX01,975XXX458,cliente01709***@correo.com,15,2024-04-06,ACTIVO
1710,Residencial,83XXXX90,962XXX047,cliente01710***@correo.com,20,2021-05-13,ACTIVO
1711,Comercial,65XXXX66,952XXX496,cliente01711***@correo.com,3,2020-12-28,ACTIVO
1712,Residencial,78XXXX54,909XXX735,cliente01712***@correo.com,26,2022-06-15,ACTIVO
1713,Residencial,84XXXX72,912XXX779,cliente01713***@correo.com,15,2022-12-10,ACTIVO
1714,Residencial,32XXXX17,994XXX945,cliente01714***@correo.com,11,2018-03-03,ACTIVO
1715,Residencial,90XXXX45,991XXX599,cliente01715***@correo.com,30,2020-01-09,ACTIVO
1716,Residencial,64XXXX20,970XXX852,cliente01716***@correo.com,15,2021-12-25,ACTIVO
1717,Residencial,22XXXX26,936XXX388,cliente01717***@correo.com,9,2023-01-12,INACTIVO
1718,Residencial,35XXXX09,945XXX201,cliente01718***@correo.com,29,2019-01-29,ACTIVO
1719,Residencial,96XXXX11,910XXX360,cliente01719***@correo.com,41,2021-05-14,ACTIVO
1720,Residencial,39XXXX83,945XXX578,cliente01720***@correo.com,3,2019-05-28,ACTIVO
1721,Residencial,37XXXX49,954XXX066,cliente01721***@correo.com,38,2018-04-12,ACTIVO
1722,Residencial,72XXXX55,927XXX377,cliente01722***@correo.com,4,2020-07-21,ACTIVO
1723,Residencial,38XXXX37,905XXX471,cliente01723***@correo.com,7,2018-09-13,ACTIVO
1724,Residencial,30XXXX85,969XXX242,cliente01724***@correo.com,12,2021-07-04,ACTIVO
1725,Gobierno,86XXXX61,992XXX501,cliente01725***@correo.com,7,2024-12-23,ACTIVO
1726,Residencial,60XXXX61,982XXX294,cliente01726***@correo.com,13,2021-06-06,ACTIVO
1727,Residencial,42XXXX53,976XXX204,cliente01727***@correo.com,28,2024-12-03,ACTIVO
1728,Residencial,63XXXX88,920XXX684,cliente01728***@correo.com,34,2023-08-10,ACTIVO
1729,Residencial,39XXXX47,973XXX801,cliente01729***@correo.com,34,2018-05-09,ACTIVO
1730,Comercial,69XXXX33,900XXX916,cliente01730***@correo.com,13,2022-08-05,ACTIVO
1731,Alumbrado Público,93XXXX76,912XXX161,cliente01731***@correo.com,28,2022-12-26,ACTIVO
1732,Residencial,37XXXX34,972XXX569,cliente01732***@correo.com,13,2018-02-11,ACTIVO
1733,Residencial,21XXXX47,924XXX126,cliente01733***@correo.com,21,2019-09-02,ACTIVO
1734,Residencial,86XXXX38,944XXX132,cliente01734***@correo.com,1,2020-04-16,ACTIVO
1735,Residencial,39XXXX35,946XXX266,cliente01735***@correo.com,39,2024-04-05,ACTIVO
1736,Residencial,79XXXX95,909XXX709,cliente01736***@correo.com,28,2024-09-05,ACTIVO
1737,Residencial,34XXXX45,997XXX304,cliente01737***@correo.com,35,2023-11-20,ACTIVO
1738,Residencial,65XXXX47,980XXX036,cliente01738***@correo.com,7,2021-06-23,ACTIVO
1739,Residencial,29XXXX47,945XXX130,cliente01739***@correo.com,13,2019-05-11,ACTIVO
1740,Residencial,37XXXX80,921XXX618,cliente01740***@correo.com,33,2022-10-16,ACTIVO
1741,Residencial,28XXXX14,914XXX076,cliente01741***@correo.com,11,2021-09-14,ACTIVO
1742,Residencial,46XXXX82,902XXX579,cliente01742***@correo.com,5,2021-04-02,ACTIVO
1743,Residencial,49XXXX09,971XXX789,cliente01743***@correo.com,5,2019-02-16,ACTIVO
1744,Residencial,48XXXX24,923XXX987,cliente01744***@correo.com,13,2021-10-24,ACTIVO
1745,Residencial,71XXXX09,980XXX625,cliente01745***@correo.com,43,2024-03-13,ACTIVO
1746,Residencial,18XXXX46,995XXX125,cliente01746***@correo.com,43,2024-04-30,ACTIVO
1747,Residencial,46XXXX97,911XXX074,cliente01747***@correo.com,10,2021-11-15,ACTIVO
1748,Residencial,89XXXX02,954XXX569,cliente01748***@correo.com,33,2020-04-23,INACTIVO
1749,Residencial,86XXXX83,993XXX764,cliente01749***@correo.com,4,2020-06-29,ACTIVO
1750,Residencial,81XXXX52,966XXX150,cliente01750***@correo.com,7,2023-03-12,ACTIVO
1751,Residencial,40XXXX65,938XXX683,cliente01751***@correo.com,30,2021-06-29,INACTIVO
1752,Comercial,60XXXX25,974XXX122,cliente01752***@correo.com,30,2021-03-23,ACTIVO
1753,Residencial,52XXXX62,953XXX089,cliente01753***@correo.com,10,2024-05-17,ACTIVO
1754,Residencial,40XXXX98,960XXX833,cliente01754***@correo.com,38,2022-12-05,ACTIVO
1755,Residencial,71XXXX33,943XXX031,cliente01755***@correo.com,8,2021-11-15,ACTIVO
1756,Residencial,80XXXX41,988XXX383,cliente01756***@correo.com,40,2018-12-18,ACTIVO
1757,Residencial,80XXXX59,982XXX383,cliente01757***@correo.com,28,2021-10-28,ACTIVO
1758,Residencial,39XXXX89,973XXX272,cliente01758***@correo.com,30,2022-12-09,ACTIVO
1759,Residencial,12XXXX15,921XXX393,cliente01759***@correo.com,12,2024-01-21,ACTIVO
1760,Residencial,19XXXX52,914XXX534,cliente01760***@correo.com,15,2024-09-15,ACTIVO
1761,Residencial,19XXXX71,983XXX259,cliente01761***@correo.com,7,2024-11-28,ACTIVO
1762,Residencial,87XXXX70,911XXX733,cliente01762***@correo.com,40,2022-03-06,ACTIVO
1763,Residencial,30XXXX62,940XXX615,cliente01763***@correo.com,43,2024-07-23,ACTIVO
1764,Residencial,28XXXX43,959XXX879,cliente01764***@correo.com,7,2024-09-02,ACTIVO
1765,Comercial,66XXXX64,930XXX540,cliente01765***@correo.com,40,2023-03-18,ACTIVO
1766,Residencial,84XXXX03,969XXX299,cliente01766***@correo.com,31,2022-04-24,ACTIVO
1767,Residencial,74XXXX05,930XXX825,cliente01767***@correo.com,15,2022-07-16,ACTIVO
1768,Residencial,13XXXX66,957XXX574,cliente01768***@correo.com,29,2018-09-06,ACTIVO
1769,Residencial,24XXXX22,909XXX215,cliente01769***@correo.com,43,2021-03-13,ACTIVO
1770,Residencial,78XXXX36,903XXX463,cliente01770***@correo.com,21,2021-09-17,ACTIVO
1771,Residencial,68XXXX77,963XXX622,cliente01771***@correo.com,7,2023-06-08,ACTIVO
1772,Residencial,17XXXX29,947XXX410,cliente01772***@correo.com,19,2021-11-10,ACTIVO
1773,Residencial,13XXXX88,983XXX040,cliente01773***@correo.com,19,2020-07-29,ACTIVO
1774,Residencial,14XXXX55,944XXX943,cliente01774***@correo.com,22,2022-06-16,ACTIVO
1775,Residencial,81XXXX24,959XXX103,cliente01775***@correo.com,30,2019-01-30,INACTIVO
1776,Residencial,40XXXX67,960XXX741,cliente01776***@correo.com,29,2021-01-04,ACTIVO
1777,Residencial,89XXXX34,914XXX036,cliente01777***@correo.com,28,2021-04-26,ACTIVO
1778,Residencial,81XXXX30,980XXX338,cliente01778***@correo.com,3,2020-07-29,ACTIVO
1779,Residencial,22XXXX41,975XXX953,cliente01779***@correo.com,7,2020-07-11,ACTIVO
1780,Comercial,96XXXX01,902XXX698,cliente01780***@correo.com,39,2022-02-25,ACTIVO
1781,Residencial,38XXXX13,929XXX300,cliente01781***@correo.com,38,2018-02-14,ACTIVO
1782,Residencial,52XXXX79,913XXX101,cliente01782***@correo.com,17,2023-06-08,ACTIVO
1783,Residencial,76XXXX56,982XXX820,cliente01783***@correo.com,5,2019-03-13,ACTIVO
1784,Residencial,65XXXX73,998XXX186,cliente01784***@correo.com,43,2022-04-01,ACTIVO
1785,Residencial,93XXXX36,916XXX094,cliente01785***@correo.com,40,2021-11-22,ACTIVO
1786,Comercial,58XXXX48,938XXX763,cliente01786***@correo.com,16,2024-11-22,ACTIVO
1787,Residencial,64XXXX38,970XXX121,cliente01787***@correo.com,30,2024-07-30,ACTIVO
1788,Residencial,97XXXX46,972XXX151,cliente01788***@correo.com,13,2022-08-21,ACTIVO
1789,Residencial,13XXXX36,994XXX429,cliente01789***@correo.com,28,2019-04-04,ACTIVO
1790,Residencial,93XXXX51,992XXX716,cliente01790***@correo.com,9,2021-11-04,ACTIVO
1791,Residencial,53XXXX35,980XXX471,cliente01791***@correo.com,3,2024-06-04,ACTIVO
1792,Residencial,87XXXX75,976XXX980,cliente01792***@correo.com,15,2022-02-03,ACTIVO
1793,Residencial,17XXXX72,992XXX962,cliente01793***@correo.com,7,2024-12-23,ACTIVO
1794,Residencial,91XXXX28,945XXX016,cliente01794***@correo.com,16,2022-09-09,ACTIVO
1795,Residencial,61XXXX22,945XXX984,cliente01795***@correo.com,5,2018-01-04,ACTIVO
1796,Residencial,84XXXX71,930XXX525,cliente01796***@correo.com,9,2022-08-19,ACTIVO
1797,Residencial,35XXXX79,924XXX549,cliente01797***@correo.com,15,2023-05-17,ACTIVO
1798,Residencial,46XXXX50,954XXX140,cliente01798***@correo.com,28,2019-07-27,ACTIVO
1799,Comercial,99XXXX69,963XXX768,cliente01799***@correo.com,24,2023-12-31,ACTIVO
1800,Gobierno,29XXXX18,966XXX066,cliente01800***@correo.com,26,2020-04-08,ACTIVO
1801,Residencial,37XXXX74,977XXX163,cliente01801***@correo.com,3,2023-09-12,ACTIVO
1802,Residencial,76XXXX56,920XXX891,cliente01802***@correo.com,40,2020-08-14,ACTIVO
1803,Residencial,35XXXX05,943XXX280,cliente01803***@correo.com,4,2021-04-17,ACTIVO
1804,Residencial,92XXXX54,962XXX580,cliente01804***@correo.com,40,2023-07-06,ACTIVO
1805,Residencial,98XXXX21,974XXX649,cliente01805***@correo.com,27,2022-03-24,ACTIVO
1806,Residencial,85XXXX09,926XXX781,cliente01806***@correo.com,5,2022-02-14,ACTIVO
1807,Residencial,74XXXX35,924XXX424,cliente01807***@correo.com,4,2021-01-28,ACTIVO
1808,Comercial,10XXXX62,991XXX358,cliente01808***@correo.com,9,2018-05-26,ACTIVO
1809,Residencial,61XXXX05,945XXX208,cliente01809***@correo.com,7,2023-07-15,ACTIVO
1810,Residencial,19XXXX52,964XXX116,cliente01810***@correo.com,5,2023-10-22,ACTIVO
1811,Residencial,22XXXX40,995XXX310,cliente01811***@correo.com,43,2020-04-07,ACTIVO
1812,Residencial,34XXXX96,979XXX292,cliente01812***@correo.com,26,2019-01-21,ACTIVO
1813,Residencial,99XXXX42,927XXX567,cliente01813***@correo.com,40,2024-03-02,ACTIVO
1814,Residencial,19XXXX33,959XXX026,cliente01814***@correo.com,39,2019-05-29,ACTIVO
1815,Residencial,72XXXX98,975XXX196,cliente01815***@correo.com,43,2023-07-22,ACTIVO
1816,Residencial,88XXXX65,984XXX473,cliente01816***@correo.com,11,2020-03-21,ACTIVO
1817,Residencial,18XXXX72,921XXX863,cliente01817***@correo.com,28,2022-09-24,ACTIVO
1818,Residencial,81XXXX91,915XXX639,cliente01818***@correo.com,37,2024-01-29,ACTIVO
1819,Residencial,32XXXX72,923XXX967,cliente01819***@correo.com,15,2024-04-16,ACTIVO
1820,Residencial,28XXXX25,900XXX839,cliente01820***@correo.com,9,2019-12-23,ACTIVO
1821,Residencial,74XXXX94,917XXX724,cliente01821***@correo.com,15,2023-01-24,ACTIVO
1822,Residencial,98XXXX47,976XXX442,cliente01822***@correo.com,26,2019-03-03,ACTIVO
1823,Residencial,43XXXX78,914XXX987,cliente01823***@correo.com,28,2024-01-16,ACTIVO
1824,Residencial,18XXXX66,996XXX817,cliente01824***@correo.com,26,2019-10-19,ACTIVO
1825,Residencial,77XXXX76,961XXX639,cliente01825***@correo.com,19,2024-09-11,ACTIVO
1826,Industrial,65XXXX85,921XXX910,cliente01826***@correo.com,5,2019-09-24,ACTIVO
1827,Residencial,71XXXX13,951XXX231,cliente01827***@correo.com,5,2018-12-17,ACTIVO
1828,Residencial,71XXXX53,969XXX078,cliente01828***@correo.com,24,2024-04-10,ACTIVO
1829,Residencial,72XXXX56,955XXX194,cliente01829***@correo.com,9,2022-08-22,ACTIVO
1830,Residencial,76XXXX57,922XXX658,cliente01830***@correo.com,43,2019-09-15,ACTIVO
1831,Gobierno,31XXXX56,947XXX081,cliente01831***@correo.com,5,2018-03-22,ACTIVO
1832,Residencial,23XXXX10,936XXX587,cliente01832***@correo.com,8,2023-08-03,ACTIVO
1833,Residencial,78XXXX16,985XXX859,cliente01833***@correo.com,4,2022-09-30,ACTIVO
1834,Residencial,59XXXX13,943XXX484,cliente01834***@correo.com,9,2019-01-15,ACTIVO
1835,Residencial,20XXXX48,937XXX458,cliente01835***@correo.com,20,2019-09-07,ACTIVO
1836,Residencial,62XXXX41,914XXX718,cliente01836***@correo.com,7,2018-10-11,ACTIVO
1837,Residencial,56XXXX99,968XXX619,cliente01837***@correo.com,5,2022-03-16,ACTIVO
1838,Residencial,59XXXX29,971XXX707,cliente01838***@correo.com,2,2022-10-30,ACTIVO
1839,Residencial,78XXXX02,955XXX661,cliente01839***@correo.com,28,2019-01-14,ACTIVO
1840,Residencial,79XXXX11,963XXX488,cliente01840***@correo.com,28,2023-06-01,ACTIVO
1841,Comercial,27XXXX19,970XXX056,cliente01841***@correo.com,6,2021-09-12,ACTIVO
1842,Residencial,84XXXX49,993XXX491,cliente01842***@correo.com,5,2019-06-13,ACTIVO
1843,Residencial,20XXXX98,991XXX522,cliente01843***@correo.com,26,2021-12-02,ACTIVO
1844,Residencial,42XXXX12,938XXX658,cliente01844***@correo.com,6,2022-01-13,ACTIVO
1845,Residencial,54XXXX72,923XXX799,cliente01845***@correo.com,39,2024-06-29,ACTIVO
1846,Residencial,35XXXX26,979XXX745,cliente01846***@correo.com,40,2021-05-01,ACTIVO
1847,Comercial,25XXXX05,986XXX280,cliente01847***@correo.com,5,2024-12-10,ACTIVO
1848,Residencial,59XXXX77,966XXX230,cliente01848***@correo.com,7,2019-06-03,ACTIVO
1849,Residencial,85XXXX61,933XXX017,cliente01849***@correo.com,31,2024-08-17,ACTIVO
1850,Residencial,98XXXX81,958XXX114,cliente01850***@correo.com,7,2022-12-25,ACTIVO
1851,Alumbrado Público,68XXXX25,941XXX490,cliente01851***@correo.com,15,2018-08-26,ACTIVO
1852,Residencial,12XXXX18,940XXX780,cliente01852***@correo.com,30,2021-09-22,ACTIVO
1853,Residencial,86XXXX79,938XXX594,cliente01853***@correo.com,28,2024-08-07,INACTIVO
1854,Residencial,21XXXX09,975XXX249,cliente01854***@correo.com,43,2019-05-13,INACTIVO
1855,Industrial,97XXXX57,999XXX291,cliente01855***@correo.com,30,2022-04-11,ACTIVO
1856,Residencial,62XXXX47,954XXX684,cliente01856***@correo.com,9,2024-09-08,ACTIVO
1857,Residencial,12XXXX23,914XXX337,cliente01857***@correo.com,29,2024-08-06,ACTIVO
1858,Residencial,21XXXX84,938XXX484,cliente01858***@correo.com,37,2024-07-13,ACTIVO
1859,Residencial,46XXXX42,941XXX909,cliente01859***@correo.com,12,2023-07-17,ACTIVO
1860,Residencial,61XXXX87,975XXX162,cliente01860***@correo.com,15,2024-09-10,ACTIVO
1861,Comercial,75XXXX11,907XXX066,cliente01861***@correo.com,9,2022-10-02,ACTIVO
1862,Residencial,33XXXX62,900XXX562,cliente01862***@correo.com,4,2019-09-17,ACTIVO
1863,Residencial,84XXXX85,979XXX652,cliente01863***@correo.com,38,2020-12-01,ACTIVO
1864,Residencial,70XXXX04,991XXX100,cliente01864***@correo.com,9,2021-02-24,ACTIVO
1865,Residencial,40XXXX29,932XXX664,cliente01865***@correo.com,12,2018-03-28,ACTIVO
1866,Comercial,21XXXX70,945XXX245,cliente01866***@correo.com,26,2022-02-14,ACTIVO
1867,Residencial,93XXXX68,908XXX950,cliente01867***@correo.com,39,2020-10-18,ACTIVO
1868,Residencial,68XXXX43,963XXX739,cliente01868***@correo.com,5,2021-07-05,ACTIVO
1869,Residencial,48XXXX29,909XXX259,cliente01869***@correo.com,9,2022-03-30,ACTIVO
1870,Comercial,35XXXX16,976XXX769,cliente01870***@correo.com,29,2024-05-26,ACTIVO
1871,Residencial,15XXXX92,916XXX743,cliente01871***@correo.com,33,2019-08-15,ACTIVO
1872,Residencial,98XXXX40,993XXX213,cliente01872***@correo.com,15,2018-07-18,ACTIVO
1873,Residencial,23XXXX27,940XXX982,cliente01873***@correo.com,7,2024-11-06,ACTIVO
1874,Residencial,40XXXX06,962XXX261,cliente01874***@correo.com,7,2024-10-07,ACTIVO
1875,Industrial,14XXXX29,999XXX967,cliente01875***@correo.com,29,2018-04-24,ACTIVO
1876,Residencial,49XXXX70,990XXX514,cliente01876***@correo.com,26,2019-03-18,ACTIVO
1877,Residencial,66XXXX96,953XXX047,cliente01877***@correo.com,30,2020-08-25,ACTIVO
1878,Residencial,38XXXX56,986XXX924,cliente01878***@correo.com,5,2020-06-30,ACTIVO
1879,Residencial,55XXXX88,939XXX248,cliente01879***@correo.com,7,2023-09-13,ACTIVO
1880,Residencial,83XXXX87,920XXX937,cliente01880***@correo.com,3,2018-10-12,ACTIVO
1881,Residencial,69XXXX09,946XXX612,cliente01881***@correo.com,8,2021-11-19,ACTIVO
1882,Residencial,95XXXX79,996XXX220,cliente01882***@correo.com,17,2024-10-09,ACTIVO
1883,Comercial,98XXXX54,913XXX430,cliente01883***@correo.com,9,2021-06-20,ACTIVO
1884,Residencial,72XXXX60,981XXX383,cliente01884***@correo.com,15,2023-12-17,ACTIVO
1885,Residencial,36XXXX14,945XXX039,cliente01885***@correo.com,3,2024-01-22,ACTIVO
1886,Residencial,35XXXX34,962XXX227,cliente01886***@correo.com,9,2021-11-20,ACTIVO
1887,Residencial,43XXXX55,976XXX560,cliente01887***@correo.com,32,2019-06-18,ACTIVO
1888,Residencial,78XXXX29,983XXX170,cliente01888***@correo.com,15,2020-01-20,ACTIVO
1889,Residencial,18XXXX99,919XXX001,cliente01889***@correo.com,30,2021-09-14,ACTIVO
1890,Residencial,23XXXX29,941XXX459,cliente01890***@correo.com,7,2018-10-17,ACTIVO
1891,Residencial,11XXXX14,953XXX887,cliente01891***@correo.com,39,2021-02-23,ACTIVO
1892,Residencial,45XXXX55,998XXX806,cliente01892***@correo.com,15,2022-05-16,ACTIVO
1893,Residencial,87XXXX72,902XXX513,cliente01893***@correo.com,28,2024-01-21,ACTIVO
1894,Residencial,32XXXX27,928XXX066,cliente01894***@correo.com,11,2022-12-24,ACTIVO
1895,Residencial,38XXXX76,922XXX331,cliente01895***@correo.com,26,2024-12-20,ACTIVO
1896,Residencial,98XXXX93,994XXX573,cliente01896***@correo.com,33,2022-08-28,ACTIVO
1897,Residencial,37XXXX17,921XXX463,cliente01897***@correo.com,26,2024-05-26,ACTIVO
1898,Comercial,58XXXX22,927XXX787,cliente01898***@correo.com,28,2022-06-02,ACTIVO
1899,Residencial,47XXXX42,928XXX567,cliente01899***@correo.com,3,2023-06-19,ACTIVO
1900,Residencial,54XXXX99,902XXX177,cliente01900***@correo.com,15,2018-08-10,ACTIVO
1901,Residencial,96XXXX80,912XXX641,cliente01901***@correo.com,8,2018-10-01,ACTIVO
1902,Residencial,13XXXX45,922XXX131,cliente01902***@correo.com,33,2018-04-22,ACTIVO
1903,Residencial,40XXXX05,992XXX462,cliente01903***@correo.com,7,2024-02-04,ACTIVO
1904,Residencial,27XXXX05,977XXX705,cliente01904***@correo.com,23,2019-08-12,ACTIVO
1905,Gobierno,62XXXX57,976XXX978,cliente01905***@correo.com,4,2018-03-12,ACTIVO
1906,Residencial,16XXXX57,928XXX404,cliente01906***@correo.com,26,2024-03-08,ACTIVO
1907,Residencial,10XXXX69,976XXX656,cliente01907***@correo.com,30,2018-06-02,ACTIVO
1908,Residencial,85XXXX35,935XXX914,cliente01908***@correo.com,29,2023-06-28,ACTIVO
1909,Residencial,47XXXX86,908XXX668,cliente01909***@correo.com,9,2023-01-28,ACTIVO
1910,Residencial,13XXXX51,902XXX825,cliente01910***@correo.com,3,2019-01-28,ACTIVO
1911,Residencial,95XXXX02,973XXX192,cliente01911***@correo.com,15,2019-01-07,ACTIVO
1912,Residencial,94XXXX01,917XXX263,cliente01912***@correo.com,7,2018-03-27,ACTIVO
1913,Residencial,63XXXX56,936XXX171,cliente01913***@correo.com,43,2024-03-14,ACTIVO
1914,Residencial,68XXXX44,906XXX496,cliente01914***@correo.com,7,2019-09-21,ACTIVO
1915,Residencial,82XXXX62,913XXX053,cliente01915***@correo.com,36,2024-03-09,ACTIVO
1916,Comercial,97XXXX72,905XXX054,cliente01916***@correo.com,29,2020-10-22,ACTIVO
1917,Residencial,26XXXX38,902XXX620,cliente01917***@correo.com,30,2024-05-30,ACTIVO
1918,Residencial,42XXXX44,966XXX375,cliente01918***@correo.com,9,2021-10-16,ACTIVO
1919,Comercial,94XXXX02,954XXX306,cliente01919***@correo.com,19,2018-08-21,SUSPENDIDO
1920,Residencial,25XXXX43,918XXX602,cliente01920***@correo.com,28,2022-05-11,ACTIVO
1921,Residencial,82XXXX72,979XXX484,cliente01921***@correo.com,15,2023-09-12,ACTIVO
1922,Comercial,69XXXX49,920XXX697,cliente01922***@correo.com,15,2021-12-15,SUSPENDIDO
1923,Residencial,85XXXX02,981XXX334,cliente01923***@correo.com,21,2023-05-19,INACTIVO
1924,Residencial,57XXXX00,992XXX877,cliente01924***@correo.com,5,2020-04-22,ACTIVO
1925,Comercial,84XXXX67,990XXX584,cliente01925***@correo.com,3,2019-02-13,ACTIVO
1926,Residencial,12XXXX82,925XXX209,cliente01926***@correo.com,19,2019-05-18,ACTIVO
1927,Comercial,80XXXX16,998XXX164,cliente01927***@correo.com,15,2023-08-04,ACTIVO
1928,Residencial,85XXXX35,900XXX746,cliente01928***@correo.com,9,2024-12-16,ACTIVO
1929,Residencial,64XXXX93,953XXX716,cliente01929***@correo.com,10,2020-09-22,ACTIVO
1930,Residencial,37XXXX46,916XXX210,cliente01930***@correo.com,3,2019-09-08,ACTIVO
1931,Residencial,14XXXX67,916XXX791,cliente01931***@correo.com,21,2020-04-06,ACTIVO
1932,Residencial,38XXXX63,922XXX047,cliente01932***@correo.com,19,2019-04-18,ACTIVO
1933,Comercial,39XXXX95,938XXX652,cliente01933***@correo.com,22,2020-07-30,ACTIVO
1934,Residencial,74XXXX55,941XXX958,cliente01934***@correo.com,19,2022-10-09,ACTIVO
1935,Residencial,67XXXX56,946XXX984,cliente01935***@correo.com,38,2019-06-09,ACTIVO
1936,Residencial,57XXXX15,978XXX654,cliente01936***@correo.com,39,2024-08-25,SUSPENDIDO
1937,Residencial,40XXXX15,962XXX787,cliente01937***@correo.com,7,2022-08-28,ACTIVO
1938,Residencial,44XXXX37,921XXX929,cliente01938***@correo.com,9,2024-04-24,ACTIVO
1939,Residencial,89XXXX67,919XXX668,cliente01939***@correo.com,3,2019-04-08,ACTIVO
1940,Residencial,69XXXX60,955XXX673,cliente01940***@correo.com,29,2020-02-22,ACTIVO
1941,Residencial,94XXXX97,924XXX283,cliente01941***@correo.com,9,2018-04-17,ACTIVO
1942,Residencial,38XXXX28,933XXX076,cliente01942***@correo.com,41,2020-09-05,ACTIVO
1943,Residencial,85XXXX85,967XXX695,cliente01943***@correo.com,15,2024-07-05,ACTIVO
1944,Residencial,49XXXX43,933XXX736,cliente01944***@correo.com,43,2022-08-17,ACTIVO
1945,Residencial,71XXXX08,964XXX289,cliente01945***@correo.com,29,2023-06-19,ACTIVO
1946,Residencial,99XXXX51,959XXX730,cliente01946***@correo.com,26,2023-09-15,ACTIVO
1947,Residencial,12XXXX54,923XXX929,cliente01947***@correo.com,22,2018-02-25,ACTIVO
1948,Residencial,58XXXX46,982XXX672,cliente01948***@correo.com,9,2019-09-04,ACTIVO
1949,Residencial,51XXXX99,922XXX851,cliente01949***@correo.com,35,2018-03-20,ACTIVO
1950,Residencial,30XXXX30,930XXX186,cliente01950***@correo.com,17,2022-08-01,ACTIVO
1951,Residencial,46XXXX75,949XXX391,cliente01951***@correo.com,36,2023-02-13,ACTIVO
1952,Residencial,70XXXX46,904XXX066,cliente01952***@correo.com,13,2022-01-04,ACTIVO
1953,Residencial,58XXXX74,978XXX857,cliente01953***@correo.com,3,2022-10-25,ACTIVO
1954,Residencial,45XXXX20,990XXX295,cliente01954***@correo.com,5,2020-09-29,ACTIVO
1955,Residencial,77XXXX08,930XXX691,cliente01955***@correo.com,4,2023-02-16,ACTIVO
1956,Residencial,24XXXX54,910XXX758,cliente01956***@correo.com,9,2022-11-08,ACTIVO
1957,Gobierno,64XXXX75,957XXX778,cliente01957***@correo.com,28,2021-05-29,ACTIVO
1958,Residencial,22XXXX29,942XXX687,cliente01958***@correo.com,29,2024-10-27,ACTIVO
1959,Residencial,41XXXX71,973XXX174,cliente01959***@correo.com,8,2019-11-26,ACTIVO
1960,Residencial,67XXXX88,916XXX127,cliente01960***@correo.com,26,2019-03-29,ACTIVO
1961,Residencial,46XXXX13,995XXX430,cliente01961***@correo.com,43,2023-11-23,ACTIVO
1962,Residencial,57XXXX26,903XXX547,cliente01962***@correo.com,3,2022-08-26,INACTIVO
1963,Residencial,91XXXX11,913XXX891,cliente01963***@correo.com,15,2019-10-13,ACTIVO
1964,Residencial,73XXXX98,968XXX168,cliente01964***@correo.com,30,2020-07-17,ACTIVO
1965,Residencial,17XXXX68,903XXX165,cliente01965***@correo.com,13,2019-06-01,ACTIVO
1966,Residencial,10XXXX28,951XXX503,cliente01966***@correo.com,7,2023-08-12,ACTIVO
1967,Residencial,31XXXX68,955XXX586,cliente01967***@correo.com,4,2022-05-20,ACTIVO
1968,Residencial,24XXXX60,924XXX911,cliente01968***@correo.com,11,2020-12-10,ACTIVO
1969,Comercial,65XXXX51,962XXX220,cliente01969***@correo.com,9,2023-05-02,ACTIVO
1970,Residencial,86XXXX99,924XXX306,cliente01970***@correo.com,39,2021-06-19,INACTIVO
1971,Comercial,12XXXX55,949XXX782,cliente01971***@correo.com,39,2019-01-08,ACTIVO
1972,Residencial,34XXXX65,989XXX871,cliente01972***@correo.com,17,2024-10-26,ACTIVO
1973,Residencial,60XXXX28,975XXX991,cliente01973***@correo.com,7,2023-10-13,ACTIVO
1974,Residencial,45XXXX43,949XXX425,cliente01974***@correo.com,10,2020-06-08,ACTIVO
1975,Comercial,38XXXX90,923XXX355,cliente01975***@correo.com,32,2018-04-06,ACTIVO
1976,Residencial,11XXXX56,988XXX334,cliente01976***@correo.com,27,2020-03-13,ACTIVO
1977,Residencial,11XXXX78,961XXX595,cliente01977***@correo.com,21,2022-01-26,ACTIVO
1978,Industrial,77XXXX38,957XXX002,cliente01978***@correo.com,7,2022-11-29,ACTIVO
1979,Comercial,44XXXX15,967XXX425,cliente01979***@correo.com,12,2024-07-07,ACTIVO
1980,Alumbrado Público,92XXXX42,943XXX862,cliente01980***@correo.com,39,2019-07-13,ACTIVO
1981,Residencial,14XXXX34,944XXX983,cliente01981***@correo.com,19,2024-03-06,ACTIVO
1982,Residencial,59XXXX86,979XXX476,cliente01982***@correo.com,28,2023-06-13,ACTIVO
1983,Comercial,98XXXX44,914XXX184,cliente01983***@correo.com,42,2022-04-11,ACTIVO
1984,Residencial,57XXXX61,984XXX904,cliente01984***@correo.com,11,2020-06-12,ACTIVO
1985,Comercial,77XXXX82,959XXX680,cliente01985***@correo.com,22,2021-09-03,ACTIVO
1986,Comercial,18XXXX89,932XXX787,cliente01986***@correo.com,13,2024-10-17,ACTIVO
1987,Residencial,84XXXX99,924XXX438,cliente01987***@correo.com,4,2022-10-03,ACTIVO
1988,Comercial,77XXXX27,984XXX466,cliente01988***@correo.com,43,2018-11-03,ACTIVO
1989,Alumbrado Público,18XXXX95,998XXX679,cliente01989***@correo.com,29,2018-05-06,ACTIVO
1990,Residencial,45XXXX20,931XXX736,cliente01990***@correo.com,14,2024-04-29,INACTIVO
1991,Residencial,11XXXX18,980XXX318,cliente01991***@correo.com,28,2023-01-05,ACTIVO
1992,Residencial,38XXXX00,944XXX622,cliente01992***@correo.com,43,2021-06-02,ACTIVO
1993,Residencial,17XXXX17,947XXX244,cliente01993***@correo.com,43,2019-04-01,ACTIVO
1994,Residencial,20XXXX60,932XXX938,cliente01994***@correo.com,20,2023-10-19,ACTIVO
1995,Residencial,91XXXX87,901XXX247,cliente01995***@correo.com,15,2021-04-23,ACTIVO
1996,Comercial,75XXXX60,953XXX812,cliente01996***@correo.com,13,2020-09-25,ACTIVO
1997,Residencial,21XXXX45,905XXX020,cliente01997***@correo.com,4,2021-12-17,ACTIVO
1998,Residencial,71XXXX30,904XXX784,cliente01998***@correo.com,7,2023-11-22,ACTIVO
1999,Comercial,83XXXX18,959XXX071,cliente01999***@correo.com,7,2019-08-10,ACTIVO
2000,Residencial,88XXXX78,953XXX354,cliente02000***@correo.com,7,2023-08-10,ACTIVO
2001,Residencial,39XXXX19,951XXX183,cliente02001***@correo.com,15,2021-01-02,ACTIVO
2002,Residencial,25XXXX35,981XXX727,cliente02002***@correo.com,4,2020-12-09,ACTIVO
2003,Residencial,43XXXX70,998XXX850,cliente02003***@correo.com,29,2024-02-20,ACTIVO
2004,Residencial,48XXXX96,992XXX473,cliente02004***@correo.com,30,2024-03-31,ACTIVO
2005,Residencial,84XXXX61,940XXX727,cliente02005***@correo.com,43,2024-04-15,ACTIVO
2006,Residencial,63XXXX24,923XXX087,cliente02006***@correo.com,9,2024-08-19,ACTIVO
2007,Residencial,98XXXX40,971XXX525,cliente02007***@correo.com,26,2020-05-26,ACTIVO
2008,Comercial,67XXXX51,917XXX684,cliente02008***@correo.com,38,2023-10-11,ACTIVO
2009,Residencial,87XXXX27,904XXX935,cliente02009***@correo.com,22,2022-04-27,ACTIVO
2010,Residencial,30XXXX27,998XXX283,cliente02010***@correo.com,29,2018-02-27,ACTIVO
2011,Residencial,19XXXX70,970XXX215,cliente02011***@correo.com,4,2023-02-08,ACTIVO
2012,Residencial,39XXXX44,995XXX589,cliente02012***@correo.com,39,2018-11-13,ACTIVO
2013,Residencial,77XXXX19,981XXX689,cliente02013***@correo.com,30,2019-10-10,ACTIVO
2014,Residencial,39XXXX91,928XXX021,cliente02014***@correo.com,39,2018-10-22,ACTIVO
2015,Residencial,68XXXX46,946XXX015,cliente02015***@correo.com,22,2019-08-12,ACTIVO
2016,Residencial,87XXXX11,948XXX903,cliente02016***@correo.com,10,2020-09-13,ACTIVO
2017,Residencial,75XXXX31,930XXX179,cliente02017***@correo.com,26,2023-02-05,ACTIVO
2018,Residencial,16XXXX98,930XXX275,cliente02018***@correo.com,30,2020-04-12,ACTIVO
2019,Residencial,81XXXX11,907XXX864,cliente02019***@correo.com,13,2023-02-26,ACTIVO
2020,Residencial,11XXXX40,996XXX101,cliente02020***@correo.com,3,2024-01-29,ACTIVO
2021,Residencial,66XXXX37,916XXX719,cliente02021***@correo.com,26,2022-08-22,ACTIVO
2022,Comercial,64XXXX59,925XXX767,cliente02022***@correo.com,28,2021-08-14,ACTIVO
2023,Residencial,43XXXX96,924XXX506,cliente02023***@correo.com,3,2022-08-21,ACTIVO
2024,Residencial,34XXXX22,998XXX661,cliente02024***@correo.com,4,2019-05-29,ACTIVO
2025,Residencial,12XXXX62,933XXX201,cliente02025***@correo.com,30,2021-07-28,ACTIVO
2026,Residencial,46XXXX45,985XXX626,cliente02026***@correo.com,40,2022-09-21,ACTIVO
2027,Residencial,50XXXX51,944XXX382,cliente02027***@correo.com,11,2022-05-06,INACTIVO
2028,Comercial,87XXXX52,930XXX948,cliente02028***@correo.com,9,2023-09-17,ACTIVO
2029,Residencial,45XXXX23,956XXX275,cliente02029***@correo.com,7,2020-02-01,ACTIVO
2030,Residencial,78XXXX58,983XXX550,cliente02030***@correo.com,9,2018-08-25,ACTIVO
2031,Residencial,12XXXX94,947XXX135,cliente02031***@correo.com,9,2018-08-21,ACTIVO
2032,Residencial,67XXXX02,989XXX793,cliente02032***@correo.com,29,2018-05-27,ACTIVO
2033,Residencial,50XXXX75,948XXX421,cliente02033***@correo.com,8,2019-04-08,ACTIVO
2034,Residencial,30XXXX49,936XXX092,cliente02034***@correo.com,29,2020-08-16,ACTIVO
2035,Residencial,80XXXX29,972XXX992,cliente02035***@correo.com,40,2023-12-16,INACTIVO
2036,Residencial,41XXXX80,914XXX284,cliente02036***@correo.com,41,2024-09-11,ACTIVO
2037,Alumbrado Público,90XXXX92,964XXX510,cliente02037***@correo.com,15,2024-01-30,ACTIVO
2038,Residencial,33XXXX83,902XXX113,cliente02038***@correo.com,9,2023-03-11,ACTIVO
2039,Residencial,12XXXX49,939XXX778,cliente02039***@correo.com,38,2020-10-10,ACTIVO
2040,Residencial,19XXXX70,931XXX757,cliente02040***@correo.com,29,2023-04-13,ACTIVO
2041,Residencial,85XXXX50,916XXX205,cliente02041***@correo.com,26,2021-10-15,ACTIVO
2042,Residencial,69XXXX90,995XXX167,cliente02042***@correo.com,22,2020-01-07,ACTIVO
2043,Residencial,17XXXX42,993XXX153,cliente02043***@correo.com,42,2020-07-09,ACTIVO
2044,Comercial,14XXXX00,981XXX679,cliente02044***@correo.com,3,2023-05-29,ACTIVO
2045,Residencial,96XXXX46,926XXX721,cliente02045***@correo.com,5,2021-05-29,ACTIVO
2046,Residencial,34XXXX74,984XXX705,cliente02046***@correo.com,28,2020-02-08,ACTIVO
2047,Residencial,89XXXX34,997XXX416,cliente02047***@correo.com,43,2021-04-24,ACTIVO
2048,Residencial,71XXXX51,968XXX891,cliente02048***@correo.com,25,2023-01-01,ACTIVO
2049,Residencial,25XXXX01,975XXX810,cliente02049***@correo.com,30,2024-04-13,ACTIVO
2050,Residencial,94XXXX41,900XXX262,cliente02050***@correo.com,7,2022-01-24,ACTIVO
2051,Residencial,47XXXX96,940XXX971,cliente02051***@correo.com,34,2023-08-10,ACTIVO
2052,Residencial,94XXXX35,976XXX083,cliente02052***@correo.com,12,2019-06-06,ACTIVO
2053,Residencial,62XXXX62,925XXX597,cliente02053***@correo.com,28,2019-01-24,ACTIVO
2054,Residencial,69XXXX89,929XXX127,cliente02054***@correo.com,30,2023-06-08,ACTIVO
2055,Residencial,44XXXX83,903XXX774,cliente02055***@correo.com,7,2024-08-07,ACTIVO
2056,Residencial,82XXXX13,942XXX151,cliente02056***@correo.com,30,2018-04-12,ACTIVO
2057,Residencial,11XXXX24,966XXX346,cliente02057***@correo.com,7,2024-08-20,ACTIVO
2058,Residencial,25XXXX86,935XXX446,cliente02058***@correo.com,13,2020-04-14,ACTIVO
2059,Residencial,16XXXX39,955XXX013,cliente02059***@correo.com,29,2023-03-16,ACTIVO
2060,Residencial,60XXXX03,959XXX022,cliente02060***@correo.com,9,2024-10-30,ACTIVO
2061,Residencial,34XXXX56,914XXX339,cliente02061***@correo.com,17,2020-11-07,ACTIVO
2062,Alumbrado Público,44XXXX35,982XXX880,cliente02062***@correo.com,15,2018-03-13,ACTIVO
2063,Residencial,58XXXX96,961XXX010,cliente02063***@correo.com,38,2021-06-06,ACTIVO
2064,Residencial,93XXXX20,912XXX045,cliente02064***@correo.com,34,2024-07-13,ACTIVO
2065,Residencial,99XXXX92,961XXX831,cliente02065***@correo.com,28,2021-12-10,ACTIVO
2066,Residencial,24XXXX84,944XXX469,cliente02066***@correo.com,19,2024-05-30,ACTIVO
2067,Residencial,46XXXX66,962XXX220,cliente02067***@correo.com,5,2023-02-24,ACTIVO
2068,Residencial,10XXXX71,937XXX511,cliente02068***@correo.com,38,2021-08-25,ACTIVO
2069,Residencial,96XXXX94,912XXX492,cliente02069***@correo.com,28,2019-09-23,ACTIVO
2070,Comercial,53XXXX85,937XXX051,cliente02070***@correo.com,15,2022-07-31,ACTIVO
2071,Residencial,93XXXX27,900XXX749,cliente02071***@correo.com,21,2022-01-02,ACTIVO
2072,Residencial,45XXXX87,996XXX847,cliente02072***@correo.com,29,2024-02-01,ACTIVO
2073,Residencial,96XXXX66,917XXX674,cliente02073***@correo.com,43,2022-02-05,ACTIVO
2074,Residencial,17XXXX48,980XXX263,cliente02074***@correo.com,3,2019-08-13,ACTIVO
2075,Residencial,85XXXX36,979XXX129,cliente02075***@correo.com,2,2023-11-13,ACTIVO
2076,Residencial,89XXXX91,945XXX519,cliente02076***@correo.com,24,2024-10-02,ACTIVO
2077,Residencial,36XXXX33,991XXX108,cliente02077***@correo.com,9,2018-07-04,ACTIVO
2078,Residencial,25XXXX21,994XXX586,cliente02078***@correo.com,35,2024-08-13,ACTIVO
2079,Residencial,99XXXX20,927XXX474,cliente02079***@correo.com,26,2023-08-16,ACTIVO
2080,Residencial,14XXXX84,951XXX379,cliente02080***@correo.com,40,2022-03-01,ACTIVO
2081,Residencial,47XXXX73,912XXX318,cliente02081***@correo.com,9,2021-12-15,ACTIVO
2082,Residencial,36XXXX58,984XXX515,cliente02082***@correo.com,40,2022-05-23,ACTIVO
2083,Residencial,58XXXX77,973XXX613,cliente02083***@correo.com,13,2024-06-10,ACTIVO
2084,Residencial,56XXXX71,990XXX620,cliente02084***@correo.com,30,2019-09-16,ACTIVO
2085,Residencial,69XXXX33,988XXX881,cliente02085***@correo.com,19,2021-02-19,ACTIVO
2086,Residencial,34XXXX61,977XXX749,cliente02086***@correo.com,28,2023-10-28,ACTIVO
2087,Residencial,15XXXX93,902XXX567,cliente02087***@correo.com,39,2020-10-19,ACTIVO
2088,Industrial,76XXXX67,973XXX284,cliente02088***@correo.com,15,2023-10-04,ACTIVO
2089,Residencial,68XXXX08,937XXX152,cliente02089***@correo.com,40,2020-04-27,ACTIVO
2090,Residencial,39XXXX28,985XXX214,cliente02090***@correo.com,28,2023-06-15,ACTIVO
2091,Residencial,18XXXX97,931XXX444,cliente02091***@correo.com,3,2020-12-13,ACTIVO
2092,Residencial,40XXXX51,992XXX325,cliente02092***@correo.com,22,2018-05-28,ACTIVO
2093,Residencial,74XXXX06,916XXX963,cliente02093***@correo.com,15,2021-12-07,ACTIVO
2094,Residencial,21XXXX46,970XXX489,cliente02094***@correo.com,13,2019-05-01,ACTIVO
2095,Residencial,63XXXX74,949XXX736,cliente02095***@correo.com,19,2024-07-06,ACTIVO
2096,Comercial,13XXXX20,968XXX151,cliente02096***@correo.com,5,2018-07-18,ACTIVO
2097,Residencial,13XXXX22,978XXX699,cliente02097***@correo.com,15,2022-09-18,ACTIVO
2098,Residencial,47XXXX64,911XXX534,cliente02098***@correo.com,37,2021-12-08,ACTIVO
2099,Residencial,27XXXX78,922XXX196,cliente02099***@correo.com,26,2022-06-15,ACTIVO
2100,Residencial,76XXXX32,970XXX360,cliente02100***@correo.com,9,2018-09-17,ACTIVO
2101,Residencial,88XXXX86,958XXX180,cliente02101***@correo.com,5,2023-07-29,ACTIVO
2102,Residencial,50XXXX24,956XXX946,cliente02102***@correo.com,29,2023-07-05,ACTIVO
2103,Residencial,40XXXX68,908XXX869,cliente02103***@correo.com,28,2020-03-13,ACTIVO
2104,Residencial,61XXXX69,941XXX521,cliente02104***@correo.com,18,2023-02-25,ACTIVO
2105,Residencial,33XXXX18,965XXX789,cliente02105***@correo.com,15,2020-08-18,ACTIVO
2106,Comercial,25XXXX02,933XXX076,cliente02106***@correo.com,43,2022-12-05,ACTIVO
2107,Residencial,62XXXX39,914XXX919,cliente02107***@correo.com,30,2019-03-25,ACTIVO
2108,Comercial,58XXXX49,980XXX855,cliente02108***@correo.com,2,2022-10-14,ACTIVO
2109,Residencial,85XXXX93,901XXX004,cliente02109***@correo.com,5,2024-08-30,ACTIVO
2110,Residencial,80XXXX94,933XXX649,cliente02110***@correo.com,2,2019-01-18,ACTIVO
2111,Residencial,75XXXX47,987XXX799,cliente02111***@correo.com,23,2024-07-19,ACTIVO
2112,Residencial,21XXXX53,927XXX712,cliente02112***@correo.com,9,2021-12-16,ACTIVO
2113,Residencial,88XXXX30,911XXX477,cliente02113***@correo.com,4,2023-11-28,ACTIVO
2114,Residencial,20XXXX91,975XXX302,cliente02114***@correo.com,7,2023-04-17,ACTIVO
2115,Residencial,27XXXX55,941XXX337,cliente02115***@correo.com,43,2023-05-26,ACTIVO
2116,Residencial,55XXXX79,933XXX078,cliente02116***@correo.com,28,2024-05-27,ACTIVO
2117,Residencial,81XXXX89,973XXX169,cliente02117***@correo.com,29,2019-12-19,ACTIVO
2118,Residencial,23XXXX47,985XXX224,cliente02118***@correo.com,39,2020-03-14,ACTIVO
2119,Residencial,73XXXX68,920XXX675,cliente02119***@correo.com,15,2018-01-30,ACTIVO
2120,Residencial,13XXXX34,963XXX220,cliente02120***@correo.com,24,2022-09-17,ACTIVO
2121,Residencial,13XXXX82,903XXX979,cliente02121***@correo.com,7,2018-09-08,ACTIVO
2122,Residencial,46XXXX44,961XXX138,cliente02122***@correo.com,7,2022-05-02,ACTIVO
2123,Residencial,62XXXX91,947XXX818,cliente02123***@correo.com,39,2023-11-04,ACTIVO
2124,Industrial,34XXXX23,941XXX731,cliente02124***@correo.com,29,2019-02-25,ACTIVO
2125,Residencial,43XXXX88,926XXX355,cliente02125***@correo.com,26,2023-02-26,ACTIVO
2126,Comercial,35XXXX63,998XXX977,cliente02126***@correo.com,13,2018-07-31,ACTIVO
2127,Residencial,35XXXX10,905XXX286,cliente02127***@correo.com,19,2023-09-06,ACTIVO
2128,Comercial,10XXXX58,965XXX228,cliente02128***@correo.com,43,2018-01-08,ACTIVO
2129,Residencial,88XXXX62,911XXX216,cliente02129***@correo.com,29,2018-12-28,ACTIVO
2130,Residencial,79XXXX85,919XXX800,cliente02130***@correo.com,15,2023-11-30,ACTIVO
2131,Gobierno,33XXXX69,958XXX219,cliente02131***@correo.com,43,2018-01-14,ACTIVO
2132,Residencial,53XXXX44,962XXX002,cliente02132***@correo.com,9,2024-03-28,ACTIVO
2133,Residencial,99XXXX11,923XXX701,cliente02133***@correo.com,15,2019-03-12,ACTIVO
2134,Residencial,68XXXX75,954XXX461,cliente02134***@correo.com,19,2018-02-25,ACTIVO
2135,Residencial,43XXXX38,943XXX797,cliente02135***@correo.com,28,2023-10-30,INACTIVO
2136,Residencial,93XXXX55,920XXX906,cliente02136***@correo.com,30,2024-02-09,ACTIVO
2137,Residencial,26XXXX75,950XXX638,cliente02137***@correo.com,11,2021-08-18,ACTIVO
2138,Residencial,11XXXX20,931XXX385,cliente02138***@correo.com,15,2023-10-18,ACTIVO
2139,Residencial,15XXXX63,932XXX194,cliente02139***@correo.com,19,2018-02-20,ACTIVO
2140,Residencial,54XXXX31,967XXX063,cliente02140***@correo.com,36,2024-07-07,ACTIVO
2141,Residencial,89XXXX80,999XXX771,cliente02141***@correo.com,7,2024-09-29,ACTIVO
2142,Residencial,10XXXX92,955XXX671,cliente02142***@correo.com,39,2023-07-04,ACTIVO
2143,Residencial,92XXXX95,920XXX957,cliente02143***@correo.com,7,2019-02-25,ACTIVO
2144,Residencial,24XXXX31,932XXX415,cliente02144***@correo.com,15,2019-05-11,ACTIVO
2145,Residencial,90XXXX98,977XXX964,cliente02145***@correo.com,13,2022-09-20,ACTIVO
2146,Residencial,30XXXX68,946XXX787,cliente02146***@correo.com,4,2018-10-01,ACTIVO
2147,Residencial,88XXXX93,964XXX092,cliente02147***@correo.com,29,2024-05-05,ACTIVO
2148,Residencial,80XXXX52,965XXX190,cliente02148***@correo.com,9,2021-09-04,ACTIVO
2149,Residencial,86XXXX27,942XXX747,cliente02149***@correo.com,26,2024-12-23,ACTIVO
2150,Residencial,69XXXX27,988XXX224,cliente02150***@correo.com,43,2021-08-29,ACTIVO
2151,Residencial,56XXXX43,974XXX715,cliente02151***@correo.com,4,2024-10-07,ACTIVO
2152,Residencial,86XXXX96,981XXX871,cliente02152***@correo.com,29,2020-06-22,ACTIVO
2153,Comercial,86XXXX16,992XXX960,cliente02153***@correo.com,2,2018-05-27,ACTIVO
2154,Residencial,52XXXX10,933XXX717,cliente02154***@correo.com,7,2021-02-09,ACTIVO
2155,Residencial,54XXXX78,948XXX782,cliente02155***@correo.com,42,2018-01-30,ACTIVO
2156,Residencial,21XXXX90,978XXX337,cliente02156***@correo.com,43,2021-02-27,ACTIVO
2157,Residencial,86XXXX41,948XXX811,cliente02157***@correo.com,19,2018-06-23,ACTIVO
2158,Residencial,52XXXX79,913XXX273,cliente02158***@correo.com,39,2024-02-20,ACTIVO
2159,Residencial,82XXXX13,941XXX373,cliente02159***@correo.com,15,2020-05-15,ACTIVO
2160,Residencial,30XXXX80,991XXX284,cliente02160***@correo.com,21,2020-11-28,ACTIVO
2161,Residencial,18XXXX85,929XXX462,cliente02161***@correo.com,15,2022-02-28,ACTIVO
2162,Residencial,13XXXX55,959XXX177,cliente02162***@correo.com,7,2022-02-04,ACTIVO
2163,Residencial,39XXXX54,957XXX916,cliente02163***@correo.com,7,2018-10-03,ACTIVO
2164,Residencial,55XXXX90,961XXX094,cliente02164***@correo.com,21,2021-03-11,ACTIVO
2165,Residencial,74XXXX90,963XXX469,cliente02165***@correo.com,26,2024-09-21,ACTIVO
2166,Residencial,21XXXX63,965XXX086,cliente02166***@correo.com,20,2021-05-02,ACTIVO
2167,Residencial,62XXXX64,986XXX886,cliente02167***@correo.com,37,2024-12-07,ACTIVO
2168,Comercial,42XXXX90,975XXX789,cliente02168***@correo.com,17,2018-05-04,ACTIVO
2169,Residencial,79XXXX22,986XXX925,cliente02169***@correo.com,9,2020-11-19,ACTIVO
2170,Residencial,74XXXX93,964XXX907,cliente02170***@correo.com,3,2018-12-13,ACTIVO
2171,Residencial,16XXXX87,938XXX381,cliente02171***@correo.com,2,2023-01-01,ACTIVO
2172,Residencial,21XXXX83,913XXX655,cliente02172***@correo.com,38,2018-01-22,ACTIVO
2173,Residencial,65XXXX86,922XXX334,cliente02173***@correo.com,6,2020-06-12,ACTIVO
2174,Residencial,84XXXX33,984XXX501,cliente02174***@correo.com,30,2018-04-12,ACTIVO
2175,Residencial,96XXXX56,933XXX967,cliente02175***@correo.com,15,2022-04-07,ACTIVO
2176,Residencial,62XXXX01,987XXX464,cliente02176***@correo.com,43,2019-10-10,ACTIVO
2177,Residencial,54XXXX47,903XXX449,cliente02177***@correo.com,6,2021-02-19,ACTIVO
2178,Residencial,22XXXX48,924XXX647,cliente02178***@correo.com,14,2018-07-22,ACTIVO
2179,Residencial,29XXXX52,975XXX089,cliente02179***@correo.com,27,2023-04-20,ACTIVO
2180,Residencial,26XXXX79,958XXX892,cliente02180***@correo.com,21,2019-04-21,ACTIVO
2181,Residencial,10XXXX93,926XXX097,cliente02181***@correo.com,3,2021-08-03,INACTIVO
2182,Residencial,22XXXX32,942XXX881,cliente02182***@correo.com,28,2019-11-06,ACTIVO
2183,Residencial,19XXXX77,946XXX369,cliente02183***@correo.com,31,2018-11-04,ACTIVO
2184,Residencial,45XXXX28,908XXX019,cliente02184***@correo.com,4,2019-01-02,ACTIVO
2185,Residencial,25XXXX14,964XXX878,cliente02185***@correo.com,13,2023-02-17,ACTIVO
2186,Residencial,89XXXX91,917XXX493,cliente02186***@correo.com,4,2018-06-17,INACTIVO
2187,Alumbrado Público,39XXXX50,947XXX355,cliente02187***@correo.com,5,2022-11-04,ACTIVO
2188,Comercial,87XXXX89,921XXX244,cliente02188***@correo.com,40,2022-10-08,ACTIVO
2189,Comercial,69XXXX94,936XXX606,cliente02189***@correo.com,15,2019-06-28,ACTIVO
2190,Residencial,59XXXX22,934XXX059,cliente02190***@correo.com,28,2019-08-19,ACTIVO
2191,Alumbrado Público,14XXXX08,922XXX836,cliente02191***@correo.com,9,2022-07-21,ACTIVO
2192,Residencial,74XXXX88,980XXX038,cliente02192***@correo.com,28,2019-03-01,ACTIVO
2193,Residencial,92XXXX71,989XXX947,cliente02193***@correo.com,7,2022-10-27,ACTIVO
2194,Residencial,12XXXX59,903XXX647,cliente02194***@correo.com,29,2022-09-18,ACTIVO
2195,Comercial,65XXXX86,907XXX412,cliente02195***@correo.com,16,2018-10-26,ACTIVO
2196,Residencial,52XXXX08,969XXX949,cliente02196***@correo.com,40,2023-10-12,ACTIVO
2197,Residencial,18XXXX54,929XXX477,cliente02197***@correo.com,3,2021-11-05,ACTIVO
2198,Alumbrado Público,26XXXX33,917XXX139,cliente02198***@correo.com,5,2018-03-30,ACTIVO
2199,Comercial,16XXXX19,959XXX430,cliente02199***@correo.com,29,2019-05-30,ACTIVO
2200,Residencial,66XXXX75,974XXX665,cliente02200***@correo.com,15,2023-03-21,ACTIVO
2201,Residencial,99XXXX85,995XXX784,cliente02201***@correo.com,26,2018-08-08,ACTIVO
2202,Residencial,92XXXX90,939XXX532,cliente02202***@correo.com,9,2022-02-01,ACTIVO
2203,Residencial,58XXXX17,923XXX450,cliente02203***@correo.com,39,2019-08-03,ACTIVO
2204,Residencial,46XXXX06,929XXX610,cliente02204***@correo.com,31,2019-04-26,ACTIVO
2205,Residencial,19XXXX85,904XXX714,cliente02205***@correo.com,9,2023-01-20,ACTIVO
2206,Residencial,96XXXX75,941XXX774,cliente02206***@correo.com,39,2023-03-22,ACTIVO
2207,Residencial,48XXXX22,965XXX557,cliente02207***@correo.com,15,2020-11-02,ACTIVO
2208,Residencial,55XXXX90,973XXX970,cliente02208***@correo.com,34,2021-09-25,ACTIVO
2209,Residencial,43XXXX58,921XXX147,cliente02209***@correo.com,3,2021-05-21,ACTIVO
2210,Residencial,12XXXX51,989XXX601,cliente02210***@correo.com,7,2019-07-02,ACTIVO
2211,Residencial,52XXXX41,927XXX530,cliente02211***@correo.com,11,2020-08-12,ACTIVO
2212,Residencial,86XXXX60,943XXX687,cliente02212***@correo.com,29,2018-04-22,ACTIVO
2213,Residencial,22XXXX32,942XXX960,cliente02213***@correo.com,10,2021-08-22,ACTIVO
2214,Residencial,48XXXX95,929XXX137,cliente02214***@correo.com,3,2021-02-01,ACTIVO
2215,Residencial,15XXXX34,957XXX273,cliente02215***@correo.com,3,2024-01-18,ACTIVO
2216,Residencial,38XXXX89,960XXX566,cliente02216***@correo.com,43,2021-12-07,ACTIVO
2217,Residencial,81XXXX12,952XXX983,cliente02217***@correo.com,15,2018-01-11,ACTIVO
2218,Residencial,67XXXX98,915XXX831,cliente02218***@correo.com,22,2023-05-09,ACTIVO
2219,Residencial,58XXXX96,965XXX493,cliente02219***@correo.com,39,2023-03-09,ACTIVO
2220,Residencial,63XXXX08,929XXX317,cliente02220***@correo.com,40,2024-07-17,ACTIVO
2221,Residencial,36XXXX03,946XXX993,cliente02221***@correo.com,28,2024-09-20,ACTIVO
2222,Residencial,59XXXX62,927XXX063,cliente02222***@correo.com,13,2021-02-26,ACTIVO
2223,Residencial,20XXXX66,963XXX556,cliente02223***@correo.com,13,2020-02-11,ACTIVO
2224,Residencial,11XXXX15,928XXX736,cliente02224***@correo.com,20,2020-04-29,ACTIVO
2225,Residencial,21XXXX03,949XXX187,cliente02225***@correo.com,3,2023-10-08,ACTIVO
2226,Residencial,12XXXX15,926XXX481,cliente02226***@correo.com,19,2022-05-26,ACTIVO
2227,Residencial,55XXXX31,977XXX510,cliente02227***@correo.com,13,2019-04-21,ACTIVO
2228,Residencial,20XXXX13,957XXX182,cliente02228***@correo.com,14,2021-02-05,ACTIVO
2229,Residencial,21XXXX63,934XXX444,cliente02229***@correo.com,31,2023-09-08,ACTIVO
2230,Residencial,56XXXX24,906XXX955,cliente02230***@correo.com,29,2023-05-11,ACTIVO
2231,Residencial,56XXXX18,999XXX545,cliente02231***@correo.com,15,2019-06-06,ACTIVO
2232,Residencial,90XXXX04,943XXX920,cliente02232***@correo.com,30,2018-03-10,ACTIVO
2233,Residencial,82XXXX41,969XXX560,cliente02233***@correo.com,6,2020-11-07,ACTIVO
2234,Comercial,97XXXX76,956XXX358,cliente02234***@correo.com,12,2019-05-26,ACTIVO
2235,Residencial,77XXXX49,948XXX640,cliente02235***@correo.com,7,2022-06-05,ACTIVO
2236,Residencial,78XXXX36,981XXX001,cliente02236***@correo.com,13,2024-09-25,ACTIVO
2237,Residencial,99XXXX57,968XXX474,cliente02237***@correo.com,15,2022-01-03,ACTIVO
2238,Residencial,29XXXX41,967XXX879,cliente02238***@correo.com,28,2018-03-06,ACTIVO
2239,Residencial,53XXXX48,954XXX016,cliente02239***@correo.com,26,2021-12-13,ACTIVO
2240,Residencial,25XXXX18,914XXX294,cliente02240***@correo.com,3,2022-08-08,ACTIVO
2241,Residencial,50XXXX19,922XXX260,cliente02241***@correo.com,29,2019-03-17,ACTIVO
2242,Comercial,26XXXX93,905XXX854,cliente02242***@correo.com,9,2021-06-06,ACTIVO
2243,Residencial,66XXXX66,958XXX098,cliente02243***@correo.com,9,2019-02-12,ACTIVO
2244,Residencial,14XXXX43,939XXX295,cliente02244***@correo.com,4,2022-02-03,ACTIVO
2245,Comercial,52XXXX24,930XXX127,cliente02245***@correo.com,39,2022-08-26,ACTIVO
2246,Residencial,81XXXX33,989XXX418,cliente02246***@correo.com,29,2021-05-13,ACTIVO
2247,Residencial,47XXXX72,925XXX512,cliente02247***@correo.com,7,2018-01-19,ACTIVO
2248,Residencial,38XXXX38,946XXX922,cliente02248***@correo.com,25,2021-03-12,ACTIVO
2249,Residencial,77XXXX42,948XXX702,cliente02249***@correo.com,15,2023-09-19,ACTIVO
2250,Residencial,65XXXX63,932XXX933,cliente02250***@correo.com,8,2018-01-29,ACTIVO
2251,Residencial,14XXXX03,995XXX520,cliente02251***@correo.com,15,2018-09-15,ACTIVO
2252,Residencial,89XXXX33,903XXX303,cliente02252***@correo.com,3,2018-11-04,ACTIVO
2253,Residencial,43XXXX60,909XXX740,cliente02253***@correo.com,18,2018-01-14,ACTIVO
2254,Residencial,12XXXX15,925XXX593,cliente02254***@correo.com,24,2019-12-28,ACTIVO
2255,Residencial,20XXXX36,992XXX281,cliente02255***@correo.com,19,2020-09-27,ACTIVO
2256,Residencial,64XXXX81,957XXX353,cliente02256***@correo.com,9,2024-11-05,ACTIVO
2257,Residencial,86XXXX52,943XXX161,cliente02257***@correo.com,40,2021-11-27,ACTIVO
2258,Residencial,31XXXX86,910XXX920,cliente02258***@correo.com,15,2019-09-26,ACTIVO
2259,Residencial,95XXXX07,967XXX613,cliente02259***@correo.com,38,2018-10-30,ACTIVO
2260,Residencial,99XXXX49,943XXX263,cliente02260***@correo.com,9,2018-06-10,ACTIVO
2261,Residencial,74XXXX07,908XXX150,cliente02261***@correo.com,39,2024-11-11,ACTIVO
2262,Residencial,64XXXX26,921XXX068,cliente02262***@correo.com,9,2023-03-29,ACTIVO
2263,Residencial,72XXXX83,925XXX075,cliente02263***@correo.com,15,2022-09-15,ACTIVO
2264,Residencial,92XXXX36,980XXX948,cliente02264***@correo.com,7,2018-04-30,ACTIVO
2265,Residencial,22XXXX41,978XXX316,cliente02265***@correo.com,7,2021-01-19,ACTIVO
2266,Comercial,28XXXX72,926XXX511,cliente02266***@correo.com,30,2020-02-12,ACTIVO
2267,Residencial,80XXXX24,983XXX109,cliente02267***@correo.com,18,2020-02-03,ACTIVO
2268,Residencial,14XXXX99,970XXX395,cliente02268***@correo.com,39,2020-10-25,ACTIVO
2269,Residencial,50XXXX51,928XXX733,cliente02269***@correo.com,16,2022-10-30,ACTIVO
2270,Residencial,44XXXX23,951XXX714,cliente02270***@correo.com,3,2018-10-30,ACTIVO
2271,Residencial,23XXXX86,907XXX149,cliente02271***@correo.com,5,2024-10-28,ACTIVO
2272,Residencial,34XXXX08,936XXX252,cliente02272***@correo.com,26,2020-12-23,ACTIVO
2273,Residencial,92XXXX52,935XXX414,cliente02273***@correo.com,26,2020-02-20,ACTIVO
2274,Residencial,14XXXX29,937XXX790,cliente02274***@correo.com,34,2023-11-25,ACTIVO
2275,Residencial,42XXXX55,974XXX125,cliente02275***@correo.com,11,2024-02-02,ACTIVO
2276,Residencial,97XXXX78,923XXX052,cliente02276***@correo.com,29,2019-08-19,ACTIVO
2277,Residencial,71XXXX41,951XXX826,cliente02277***@correo.com,26,2022-07-12,ACTIVO
2278,Residencial,92XXXX11,989XXX457,cliente02278***@correo.com,32,2018-01-02,ACTIVO
2279,Residencial,28XXXX67,936XXX633,cliente02279***@correo.com,29,2020-07-21,ACTIVO
2280,Industrial,21XXXX93,995XXX115,cliente02280***@correo.com,5,2018-02-27,ACTIVO
2281,Residencial,87XXXX91,931XXX770,cliente02281***@correo.com,34,2018-05-03,ACTIVO
2282,Residencial,54XXXX21,929XXX570,cliente02282***@correo.com,40,2018-06-23,ACTIVO
2283,Industrial,43XXXX39,980XXX108,cliente02283***@correo.com,19,2023-08-07,ACTIVO
2284,Residencial,62XXXX06,944XXX093,cliente02284***@correo.com,4,2023-02-08,ACTIVO
2285,Comercial,92XXXX57,957XXX446,cliente02285***@correo.com,42,2018-06-09,ACTIVO
2286,Residencial,15XXXX74,978XXX804,cliente02286***@correo.com,7,2020-05-26,ACTIVO
2287,Residencial,10XXXX64,908XXX522,cliente02287***@correo.com,28,2023-02-04,ACTIVO
2288,Comercial,76XXXX92,991XXX202,cliente02288***@correo.com,39,2021-08-15,ACTIVO
2289,Residencial,13XXXX74,951XXX926,cliente02289***@correo.com,43,2021-02-09,ACTIVO
2290,Residencial,26XXXX05,935XXX898,cliente02290***@correo.com,30,2023-02-28,ACTIVO
2291,Residencial,71XXXX45,972XXX940,cliente02291***@correo.com,43,2019-11-11,ACTIVO
2292,Residencial,48XXXX53,900XXX445,cliente02292***@correo.com,9,2022-11-27,ACTIVO
2293,Residencial,78XXXX64,951XXX103,cliente02293***@correo.com,28,2024-04-12,ACTIVO
2294,Residencial,95XXXX34,931XXX498,cliente02294***@correo.com,28,2020-02-10,ACTIVO
2295,Comercial,64XXXX79,982XXX516,cliente02295***@correo.com,4,2020-10-24,ACTIVO
2296,Residencial,99XXXX25,939XXX434,cliente02296***@correo.com,27,2019-08-01,ACTIVO
2297,Residencial,62XXXX17,937XXX594,cliente02297***@correo.com,27,2021-09-27,ACTIVO
2298,Residencial,43XXXX32,997XXX015,cliente02298***@correo.com,43,2024-01-29,ACTIVO
2299,Residencial,28XXXX42,978XXX883,cliente02299***@correo.com,7,2018-06-19,ACTIVO
2300,Residencial,53XXXX57,946XXX774,cliente02300***@correo.com,19,2018-04-19,ACTIVO
2301,Comercial,85XXXX22,914XXX904,cliente02301***@correo.com,29,2024-12-23,ACTIVO
2302,Comercial,47XXXX63,963XXX938,cliente02302***@correo.com,7,2023-04-26,ACTIVO
2303,Residencial,56XXXX54,982XXX231,cliente02303***@correo.com,26,2020-05-26,ACTIVO
2304,Comercial,18XXXX24,962XXX659,cliente02304***@correo.com,43,2019-05-18,ACTIVO
2305,Comercial,85XXXX13,986XXX556,cliente02305***@correo.com,9,2018-04-10,ACTIVO
2306,Residencial,31XXXX14,902XXX490,cliente02306***@correo.com,4,2021-10-29,ACTIVO
2307,Residencial,94XXXX11,962XXX778,cliente02307***@correo.com,1,2024-01-21,ACTIVO
2308,Residencial,79XXXX69,997XXX975,cliente02308***@correo.com,24,2024-09-23,ACTIVO
2309,Residencial,95XXXX22,997XXX311,cliente02309***@correo.com,27,2024-07-11,ACTIVO
2310,Residencial,38XXXX82,972XXX684,cliente02310***@correo.com,15,2021-06-25,ACTIVO
2311,Comercial,91XXXX18,970XXX505,cliente02311***@correo.com,7,2020-12-12,ACTIVO
2312,Residencial,94XXXX21,955XXX209,cliente02312***@correo.com,26,2024-02-12,ACTIVO
2313,Residencial,73XXXX14,945XXX383,cliente02313***@correo.com,38,2019-07-07,ACTIVO
2314,Residencial,23XXXX88,994XXX143,cliente02314***@correo.com,29,2021-07-11,ACTIVO
2315,Residencial,64XXXX71,955XXX272,cliente02315***@correo.com,40,2019-03-18,ACTIVO
2316,Residencial,29XXXX99,987XXX313,cliente02316***@correo.com,28,2022-07-08,ACTIVO
2317,Residencial,90XXXX66,936XXX068,cliente02317***@correo.com,17,2020-01-03,ACTIVO
2318,Comercial,32XXXX73,983XXX039,cliente02318***@correo.com,43,2021-04-19,ACTIVO
2319,Residencial,59XXXX68,981XXX782,cliente02319***@correo.com,4,2019-04-23,ACTIVO
2320,Residencial,41XXXX37,934XXX742,cliente02320***@correo.com,7,2022-11-05,ACTIVO
2321,Alumbrado Público,85XXXX98,924XXX725,cliente02321***@correo.com,28,2020-03-06,ACTIVO
2322,Residencial,82XXXX09,995XXX976,cliente02322***@correo.com,29,2019-01-01,ACTIVO
2323,Residencial,83XXXX19,910XXX812,cliente02323***@correo.com,5,2023-12-20,ACTIVO
2324,Residencial,33XXXX22,962XXX712,cliente02324***@correo.com,7,2020-10-01,ACTIVO
2325,Comercial,76XXXX56,911XXX533,cliente02325***@correo.com,39,2022-10-15,ACTIVO
2326,Residencial,90XXXX02,919XXX908,cliente02326***@correo.com,7,2018-08-08,ACTIVO
2327,Residencial,27XXXX85,949XXX488,cliente02327***@correo.com,5,2019-03-15,ACTIVO
2328,Industrial,26XXXX69,926XXX576,cliente02328***@correo.com,12,2022-10-05,ACTIVO
2329,Residencial,23XXXX59,906XXX153,cliente02329***@correo.com,8,2024-06-18,ACTIVO
2330,Residencial,57XXXX34,935XXX859,cliente02330***@correo.com,3,2024-05-20,ACTIVO
2331,Residencial,27XXXX07,989XXX971,cliente02331***@correo.com,7,2023-11-06,ACTIVO
2332,Residencial,85XXXX81,945XXX697,cliente02332***@correo.com,6,2020-04-21,ACTIVO
2333,Residencial,33XXXX89,917XXX970,cliente02333***@correo.com,4,2020-11-27,ACTIVO
2334,Residencial,99XXXX47,983XXX127,cliente02334***@correo.com,43,2019-07-01,ACTIVO
2335,Residencial,53XXXX83,974XXX304,cliente02335***@correo.com,30,2020-03-03,ACTIVO
2336,Residencial,21XXXX57,919XXX288,cliente02336***@correo.com,7,2021-10-21,ACTIVO
2337,Residencial,36XXXX95,907XXX102,cliente02337***@correo.com,9,2023-01-26,ACTIVO
2338,Residencial,51XXXX16,923XXX390,cliente02338***@correo.com,18,2022-04-24,ACTIVO
2339,Residencial,32XXXX40,974XXX366,cliente02339***@correo.com,9,2021-04-21,ACTIVO
2340,Residencial,75XXXX22,967XXX582,cliente02340***@correo.com,31,2020-12-10,ACTIVO
2341,Residencial,91XXXX77,907XXX180,cliente02341***@correo.com,15,2024-10-12,SUSPENDIDO
2342,Residencial,62XXXX89,910XXX002,cliente02342***@correo.com,15,2020-05-19,ACTIVO
2343,Gobierno,55XXXX60,942XXX208,cliente02343***@correo.com,29,2019-07-04,ACTIVO
2344,Residencial,88XXXX49,927XXX615,cliente02344***@correo.com,30,2019-01-02,SUSPENDIDO
2345,Residencial,45XXXX19,905XXX586,cliente02345***@correo.com,15,2018-05-24,ACTIVO
2346,Residencial,85XXXX38,976XXX097,cliente02346***@correo.com,40,2019-02-07,ACTIVO
2347,Residencial,44XXXX36,913XXX986,cliente02347***@correo.com,26,2021-09-25,ACTIVO
2348,Residencial,94XXXX01,912XXX562,cliente02348***@correo.com,7,2021-05-26,ACTIVO
2349,Residencial,38XXXX54,996XXX814,cliente02349***@correo.com,14,2020-02-09,ACTIVO
2350,Residencial,60XXXX42,908XXX396,cliente02350***@correo.com,30,2018-01-28,ACTIVO
2351,Residencial,35XXXX71,909XXX926,cliente02351***@correo.com,8,2022-03-31,ACTIVO
2352,Residencial,43XXXX04,916XXX697,cliente02352***@correo.com,26,2019-10-27,ACTIVO
2353,Residencial,66XXXX84,956XXX584,cliente02353***@correo.com,28,2019-10-09,ACTIVO
2354,Comercial,62XXXX17,981XXX006,cliente02354***@correo.com,3,2020-07-28,ACTIVO
2355,Residencial,20XXXX96,981XXX880,cliente02355***@correo.com,25,2021-11-11,INACTIVO
2356,Residencial,22XXXX87,903XXX866,cliente02356***@correo.com,8,2023-03-30,ACTIVO
2357,Residencial,37XXXX14,978XXX620,cliente02357***@correo.com,43,2018-06-20,ACTIVO
2358,Industrial,14XXXX47,961XXX182,cliente02358***@correo.com,30,2023-02-22,ACTIVO
2359,Residencial,29XXXX00,937XXX131,cliente02359***@correo.com,9,2020-04-13,ACTIVO
2360,Residencial,77XXXX78,931XXX230,cliente02360***@correo.com,15,2018-08-09,ACTIVO
2361,Residencial,42XXXX46,952XXX692,cliente02361***@correo.com,15,2020-05-30,ACTIVO
2362,Residencial,22XXXX93,991XXX794,cliente02362***@correo.com,41,2021-08-11,ACTIVO
2363,Comercial,80XXXX18,990XXX619,cliente02363***@correo.com,29,2021-12-23,ACTIVO
2364,Comercial,19XXXX27,940XXX772,cliente02364***@correo.com,15,2018-12-21,ACTIVO
2365,Residencial,40XXXX67,914XXX785,cliente02365***@correo.com,5,2021-06-21,ACTIVO
2366,Residencial,69XXXX38,918XXX815,cliente02366***@correo.com,11,2019-10-06,ACTIVO
2367,Residencial,48XXXX91,932XXX510,cliente02367***@correo.com,32,2024-05-16,ACTIVO
2368,Residencial,11XXXX97,981XXX122,cliente02368***@correo.com,28,2024-01-05,ACTIVO
2369,Residencial,28XXXX05,949XXX022,cliente02369***@correo.com,28,2023-02-27,ACTIVO
2370,Residencial,73XXXX58,945XXX153,cliente02370***@correo.com,23,2018-06-11,ACTIVO
2371,Comercial,29XXXX64,904XXX968,cliente02371***@correo.com,19,2020-05-13,ACTIVO
2372,Residencial,42XXXX39,924XXX973,cliente02372***@correo.com,33,2021-07-14,ACTIVO
2373,Residencial,82XXXX02,906XXX042,cliente02373***@correo.com,17,2022-08-16,ACTIVO
2374,Comercial,67XXXX49,986XXX041,cliente02374***@correo.com,16,2023-11-20,ACTIVO
2375,Residencial,81XXXX37,906XXX885,cliente02375***@correo.com,3,2019-11-29,ACTIVO
2376,Residencial,84XXXX03,913XXX371,cliente02376***@correo.com,43,2018-06-21,ACTIVO
2377,Residencial,89XXXX24,944XXX837,cliente02377***@correo.com,29,2023-11-17,ACTIVO
2378,Alumbrado Público,98XXXX11,970XXX394,cliente02378***@correo.com,15,2020-10-09,ACTIVO
2379,Residencial,32XXXX83,904XXX146,cliente02379***@correo.com,43,2019-06-01,ACTIVO
2380,Residencial,99XXXX09,984XXX059,cliente02380***@correo.com,1,2020-10-19,ACTIVO
2381,Residencial,35XXXX59,978XXX546,cliente02381***@correo.com,9,2018-09-30,ACTIVO
2382,Residencial,72XXXX84,998XXX430,cliente02382***@correo.com,41,2020-11-11,ACTIVO
2383,Residencial,74XXXX72,967XXX668,cliente02383***@correo.com,15,2022-09-29,ACTIVO
2384,Comercial,60XXXX11,995XXX514,cliente02384***@correo.com,13,2019-01-01,ACTIVO
2385,Industrial,62XXXX72,906XXX404,cliente02385***@correo.com,4,2021-06-17,ACTIVO
2386,Residencial,82XXXX57,997XXX133,cliente02386***@correo.com,15,2023-10-16,ACTIVO
2387,Residencial,56XXXX60,925XXX749,cliente02387***@correo.com,40,2019-03-09,ACTIVO
2388,Residencial,95XXXX06,983XXX899,cliente02388***@correo.com,30,2018-08-05,ACTIVO
2389,Residencial,41XXXX77,921XXX384,cliente02389***@correo.com,7,2018-01-05,ACTIVO
2390,Residencial,94XXXX30,958XXX329,cliente02390***@correo.com,10,2018-12-20,ACTIVO
2391,Residencial,84XXXX50,958XXX663,cliente02391***@correo.com,38,2018-05-30,ACTIVO
2392,Residencial,62XXXX83,982XXX703,cliente02392***@correo.com,8,2019-06-11,ACTIVO
2393,Comercial,69XXXX25,953XXX195,cliente02393***@correo.com,15,2023-07-31,ACTIVO
2394,Residencial,74XXXX58,955XXX026,cliente02394***@correo.com,30,2019-06-03,ACTIVO
2395,Residencial,84XXXX05,933XXX641,cliente02395***@correo.com,26,2023-06-05,ACTIVO
2396,Residencial,10XXXX46,938XXX589,cliente02396***@correo.com,25,2020-09-18,ACTIVO
2397,Residencial,25XXXX19,953XXX044,cliente02397***@correo.com,9,2019-06-22,ACTIVO
2398,Residencial,17XXXX58,996XXX747,cliente02398***@correo.com,15,2021-04-20,ACTIVO
2399,Residencial,70XXXX20,925XXX420,cliente02399***@correo.com,31,2021-11-02,ACTIVO
2400,Gobierno,99XXXX23,945XXX732,cliente02400***@correo.com,38,2018-05-14,ACTIVO
2401,Residencial,52XXXX15,967XXX640,cliente02401***@correo.com,7,2022-12-21,ACTIVO
2402,Comercial,13XXXX39,927XXX589,cliente02402***@correo.com,15,2022-11-02,ACTIVO
2403,Residencial,63XXXX40,924XXX692,cliente02403***@correo.com,23,2020-01-13,ACTIVO
2404,Industrial,91XXXX33,989XXX601,cliente02404***@correo.com,9,2020-06-25,ACTIVO
2405,Industrial,88XXXX32,990XXX296,cliente02405***@correo.com,16,2021-04-17,ACTIVO
2406,Residencial,87XXXX62,978XXX305,cliente02406***@correo.com,18,2018-06-02,INACTIVO
2407,Residencial,57XXXX45,955XXX173,cliente02407***@correo.com,16,2018-10-20,ACTIVO
2408,Industrial,34XXXX57,924XXX445,cliente02408***@correo.com,15,2018-01-09,ACTIVO
2409,Residencial,38XXXX59,946XXX516,cliente02409***@correo.com,36,2019-11-25,ACTIVO
2410,Residencial,72XXXX88,951XXX885,cliente02410***@correo.com,30,2023-01-10,ACTIVO
2411,Residencial,35XXXX51,996XXX570,cliente02411***@correo.com,6,2024-09-10,ACTIVO
2412,Residencial,97XXXX39,902XXX615,cliente02412***@correo.com,29,2023-11-05,ACTIVO
2413,Residencial,46XXXX96,986XXX886,cliente02413***@correo.com,15,2020-10-23,ACTIVO
2414,Residencial,73XXXX50,947XXX943,cliente02414***@correo.com,3,2022-06-06,ACTIVO
2415,Residencial,41XXXX88,989XXX946,cliente02415***@correo.com,4,2022-03-31,ACTIVO
2416,Residencial,32XXXX97,917XXX924,cliente02416***@correo.com,30,2023-02-25,ACTIVO
2417,Residencial,96XXXX62,934XXX277,cliente02417***@correo.com,13,2022-12-10,INACTIVO
2418,Residencial,31XXXX32,926XXX067,cliente02418***@correo.com,43,2023-05-28,ACTIVO
2419,Comercial,47XXXX76,986XXX439,cliente02419***@correo.com,28,2020-09-11,ACTIVO
2420,Residencial,41XXXX40,995XXX971,cliente02420***@correo.com,15,2021-04-04,ACTIVO
2421,Comercial,34XXXX30,975XXX593,cliente02421***@correo.com,25,2022-04-15,ACTIVO
2422,Comercial,51XXXX99,912XXX957,cliente02422***@correo.com,43,2022-04-21,ACTIVO
2423,Residencial,51XXXX08,993XXX915,cliente02423***@correo.com,19,2021-04-10,ACTIVO
2424,Residencial,40XXXX47,901XXX971,cliente02424***@correo.com,7,2019-06-17,ACTIVO
2425,Residencial,26XXXX28,996XXX735,cliente02425***@correo.com,15,2024-05-24,ACTIVO
2426,Residencial,45XXXX97,937XXX863,cliente02426***@correo.com,30,2024-08-24,INACTIVO
2427,Residencial,89XXXX10,971XXX039,cliente02427***@correo.com,15,2024-03-30,ACTIVO
2428,Residencial,12XXXX36,926XXX519,cliente02428***@correo.com,29,2022-02-26,ACTIVO
2429,Residencial,49XXXX44,980XXX934,cliente02429***@correo.com,34,2021-09-03,ACTIVO
2430,Residencial,89XXXX07,908XXX642,cliente02430***@correo.com,25,2019-01-01,ACTIVO
2431,Residencial,23XXXX10,938XXX675,cliente02431***@correo.com,12,2024-01-01,ACTIVO
2432,Comercial,51XXXX31,953XXX928,cliente02432***@correo.com,4,2021-09-08,ACTIVO
2433,Residencial,91XXXX79,933XXX677,cliente02433***@correo.com,40,2022-09-13,ACTIVO
2434,Residencial,60XXXX13,932XXX975,cliente02434***@correo.com,32,2018-12-25,ACTIVO
2435,Residencial,12XXXX35,973XXX902,cliente02435***@correo.com,39,2018-06-20,ACTIVO
2436,Residencial,24XXXX27,970XXX865,cliente02436***@correo.com,29,2018-09-07,ACTIVO
2437,Residencial,69XXXX05,961XXX068,cliente02437***@correo.com,15,2022-12-04,ACTIVO
2438,Residencial,46XXXX32,944XXX160,cliente02438***@correo.com,15,2021-04-13,ACTIVO
2439,Residencial,84XXXX90,908XXX530,cliente02439***@correo.com,13,2018-10-31,ACTIVO
2440,Residencial,81XXXX61,960XXX256,cliente02440***@correo.com,41,2018-06-24,ACTIVO
2441,Residencial,29XXXX56,900XXX220,cliente02441***@correo.com,19,2021-10-08,ACTIVO
2442,Residencial,44XXXX97,939XXX442,cliente02442***@correo.com,42,2023-03-10,ACTIVO
2443,Residencial,96XXXX99,909XXX549,cliente02443***@correo.com,28,2024-10-25,ACTIVO
2444,Residencial,35XXXX28,974XXX099,cliente02444***@correo.com,5,2019-07-20,ACTIVO
2445,Residencial,45XXXX77,988XXX013,cliente02445***@correo.com,43,2019-06-27,ACTIVO
2446,Residencial,56XXXX15,967XXX130,cliente02446***@correo.com,9,2023-07-21,ACTIVO
2447,Residencial,70XXXX58,982XXX937,cliente02447***@correo.com,25,2022-07-08,ACTIVO
2448,Residencial,63XXXX28,975XXX382,cliente02448***@correo.com,15,2019-02-01,ACTIVO
2449,Residencial,62XXXX91,911XXX955,cliente02449***@correo.com,24,2024-06-12,ACTIVO
2450,Residencial,59XXXX51,969XXX768,cliente02450***@correo.com,9,2022-06-03,ACTIVO
2451,Residencial,70XXXX26,991XXX046,cliente02451***@correo.com,3,2018-08-31,ACTIVO
2452,Residencial,10XXXX42,947XXX635,cliente02452***@correo.com,29,2022-05-22,ACTIVO
2453,Residencial,82XXXX13,932XXX115,cliente02453***@correo.com,38,2020-12-01,ACTIVO
2454,Residencial,25XXXX94,957XXX391,cliente02454***@correo.com,28,2024-04-11,ACTIVO
2455,Residencial,46XXXX43,955XXX482,cliente02455***@correo.com,7,2019-05-28,ACTIVO
2456,Residencial,26XXXX37,951XXX253,cliente02456***@correo.com,11,2022-07-03,ACTIVO
2457,Comercial,45XXXX51,951XXX864,cliente02457***@correo.com,13,2019-05-26,ACTIVO
2458,Residencial,44XXXX84,956XXX849,cliente02458***@correo.com,39,2022-08-24,ACTIVO
2459,Residencial,19XXXX03,917XXX543,cliente02459***@correo.com,5,2018-10-15,ACTIVO
2460,Residencial,34XXXX19,984XXX638,cliente02460***@correo.com,15,2018-04-08,ACTIVO
2461,Residencial,94XXXX29,929XXX711,cliente02461***@correo.com,38,2018-06-05,ACTIVO
2462,Comercial,23XXXX37,913XXX238,cliente02462***@correo.com,3,2024-03-03,ACTIVO
2463,Residencial,49XXXX08,966XXX262,cliente02463***@correo.com,42,2022-12-05,ACTIVO
2464,Residencial,51XXXX72,985XXX354,cliente02464***@correo.com,15,2023-11-08,ACTIVO
2465,Residencial,94XXXX33,918XXX637,cliente02465***@correo.com,5,2022-07-22,ACTIVO
2466,Residencial,29XXXX94,958XXX485,cliente02466***@correo.com,9,2022-09-27,ACTIVO
2467,Residencial,26XXXX32,970XXX807,cliente02467***@correo.com,25,2021-04-27,ACTIVO
2468,Residencial,66XXXX20,994XXX394,cliente02468***@correo.com,9,2018-08-29,ACTIVO
2469,Residencial,67XXXX79,986XXX212,cliente02469***@correo.com,26,2018-07-16,ACTIVO
2470,Residencial,51XXXX80,980XXX308,cliente02470***@correo.com,15,2018-08-06,ACTIVO
2471,Residencial,11XXXX90,927XXX885,cliente02471***@correo.com,38,2018-12-06,ACTIVO
2472,Residencial,65XXXX50,950XXX948,cliente02472***@correo.com,7,2019-12-20,ACTIVO
2473,Residencial,95XXXX40,981XXX866,cliente02473***@correo.com,4,2018-05-07,ACTIVO
2474,Comercial,85XXXX66,959XXX612,cliente02474***@correo.com,23,2020-04-29,ACTIVO
2475,Residencial,38XXXX03,977XXX511,cliente02475***@correo.com,30,2019-01-14,ACTIVO
2476,Residencial,79XXXX97,908XXX091,cliente02476***@correo.com,15,2018-02-04,ACTIVO
2477,Residencial,26XXXX63,935XXX858,cliente02477***@correo.com,15,2023-03-17,ACTIVO
2478,Residencial,55XXXX84,952XXX804,cliente02478***@correo.com,7,2024-02-06,ACTIVO
2479,Residencial,92XXXX92,959XXX562,cliente02479***@correo.com,39,2021-03-24,ACTIVO
2480,Residencial,93XXXX75,903XXX732,cliente02480***@correo.com,15,2024-03-22,ACTIVO
2481,Residencial,85XXXX33,923XXX039,cliente02481***@correo.com,39,2021-02-08,ACTIVO
2482,Residencial,71XXXX45,936XXX298,cliente02482***@correo.com,15,2018-12-18,ACTIVO
2483,Residencial,73XXXX09,921XXX932,cliente02483***@correo.com,5,2024-10-06,ACTIVO
2484,Residencial,40XXXX18,954XXX197,cliente02484***@correo.com,3,2020-10-07,ACTIVO
2485,Residencial,90XXXX22,959XXX903,cliente02485***@correo.com,9,2023-08-23,ACTIVO
2486,Residencial,22XXXX14,935XXX577,cliente02486***@correo.com,33,2018-12-27,ACTIVO
2487,Gobierno,26XXXX41,946XXX671,cliente02487***@correo.com,34,2020-09-21,ACTIVO
2488,Residencial,32XXXX17,903XXX467,cliente02488***@correo.com,15,2018-01-14,ACTIVO
2489,Residencial,62XXXX86,989XXX577,cliente02489***@correo.com,33,2022-05-02,ACTIVO
2490,Residencial,83XXXX15,904XXX014,cliente02490***@correo.com,3,2023-05-15,ACTIVO
2491,Residencial,26XXXX80,940XXX035,cliente02491***@correo.com,15,2019-07-03,ACTIVO
2492,Residencial,33XXXX77,982XXX497,cliente02492***@correo.com,2,2020-05-07,ACTIVO
2493,Residencial,56XXXX62,950XXX806,cliente02493***@correo.com,15,2021-08-31,ACTIVO
2494,Residencial,85XXXX03,965XXX195,cliente02494***@correo.com,39,2021-09-20,ACTIVO
2495,Residencial,71XXXX65,955XXX927,cliente02495***@correo.com,13,2019-09-20,ACTIVO
2496,Residencial,44XXXX09,963XXX308,cliente02496***@correo.com,34,2023-09-14,ACTIVO
2497,Residencial,93XXXX87,950XXX318,cliente02497***@correo.com,7,2020-05-06,ACTIVO
2498,Residencial,45XXXX58,939XXX286,cliente02498***@correo.com,3,2019-12-09,ACTIVO
2499,Residencial,21XXXX39,915XXX121,cliente02499***@correo.com,34,2019-10-15,ACTIVO
2500,Residencial,40XXXX39,964XXX135,cliente02500***@correo.com,3,2020-06-08,ACTIVO
2501,Residencial,77XXXX08,934XXX874,cliente02501***@correo.com,3,2020-07-22,ACTIVO
2502,Residencial,38XXXX16,999XXX080,cliente02502***@correo.com,17,2022-09-03,ACTIVO
2503,Comercial,92XXXX96,936XXX586,cliente02503***@correo.com,40,2022-12-21,ACTIVO
2504,Residencial,58XXXX89,927XXX874,cliente02504***@correo.com,3,2024-06-04,ACTIVO
2505,Residencial,92XXXX40,967XXX639,cliente02505***@correo.com,38,2018-11-22,ACTIVO
2506,Residencial,75XXXX36,974XXX357,cliente02506***@correo.com,36,2021-06-01,ACTIVO
2507,Industrial,63XXXX12,959XXX001,cliente02507***@correo.com,15,2024-03-11,ACTIVO
2508,Residencial,78XXXX55,999XXX309,cliente02508***@correo.com,34,2021-11-13,ACTIVO
2509,Residencial,54XXXX24,974XXX976,cliente02509***@correo.com,9,2024-07-14,ACTIVO
2510,Residencial,34XXXX30,924XXX750,cliente02510***@correo.com,9,2019-06-12,ACTIVO
2511,Residencial,40XXXX87,999XXX320,cliente02511***@correo.com,28,2020-01-05,ACTIVO
2512,Residencial,48XXXX33,906XXX152,cliente02512***@correo.com,9,2018-03-15,ACTIVO
2513,Residencial,57XXXX99,924XXX080,cliente02513***@correo.com,41,2021-09-16,ACTIVO
2514,Residencial,12XXXX72,940XXX710,cliente02514***@correo.com,38,2023-03-30,ACTIVO
2515,Residencial,98XXXX08,951XXX565,cliente02515***@correo.com,29,2023-09-03,ACTIVO
2516,Residencial,49XXXX25,943XXX765,cliente02516***@correo.com,43,2020-01-19,ACTIVO
2517,Residencial,21XXXX93,957XXX668,cliente02517***@correo.com,7,2024-11-13,ACTIVO
2518,Comercial,34XXXX56,991XXX131,cliente02518***@correo.com,24,2020-09-17,ACTIVO
2519,Residencial,75XXXX58,924XXX228,cliente02519***@correo.com,15,2020-03-21,ACTIVO
2520,Residencial,87XXXX69,901XXX047,cliente02520***@correo.com,31,2023-07-21,ACTIVO
2521,Residencial,55XXXX48,900XXX115,cliente02521***@correo.com,10,2020-06-15,ACTIVO
2522,Residencial,11XXXX57,991XXX191,cliente02522***@correo.com,29,2019-03-10,ACTIVO
2523,Residencial,17XXXX37,902XXX356,cliente02523***@correo.com,43,2023-07-09,ACTIVO
2524,Residencial,37XXXX06,964XXX821,cliente02524***@correo.com,14,2024-10-04,ACTIVO
2525,Residencial,88XXXX45,905XXX436,cliente02525***@correo.com,15,2020-11-14,ACTIVO
2526,Residencial,27XXXX89,957XXX053,cliente02526***@correo.com,4,2023-06-05,ACTIVO
2527,Comercial,72XXXX11,997XXX903,cliente02527***@correo.com,5,2022-09-26,ACTIVO
2528,Residencial,49XXXX55,929XXX902,cliente02528***@correo.com,23,2020-04-11,ACTIVO
2529,Residencial,37XXXX54,959XXX294,cliente02529***@correo.com,43,2020-01-14,ACTIVO
2530,Residencial,17XXXX73,914XXX492,cliente02530***@correo.com,13,2018-09-17,ACTIVO
2531,Residencial,60XXXX24,943XXX271,cliente02531***@correo.com,15,2023-06-20,ACTIVO
2532,Industrial,62XXXX10,935XXX131,cliente02532***@correo.com,29,2024-07-19,ACTIVO
2533,Residencial,33XXXX26,994XXX807,cliente02533***@correo.com,26,2022-12-26,ACTIVO
2534,Residencial,59XXXX27,918XXX484,cliente02534***@correo.com,34,2022-04-27,ACTIVO
2535,Residencial,51XXXX88,910XXX724,cliente02535***@correo.com,26,2024-11-24,ACTIVO
2536,Residencial,75XXXX62,970XXX325,cliente02536***@correo.com,26,2019-07-22,ACTIVO
2537,Residencial,76XXXX46,940XXX779,cliente02537***@correo.com,34,2022-04-06,ACTIVO
2538,Residencial,96XXXX26,924XXX754,cliente02538***@correo.com,3,2018-10-02,ACTIVO
2539,Comercial,67XXXX37,940XXX492,cliente02539***@correo.com,6,2024-03-15,ACTIVO
2540,Residencial,56XXXX23,923XXX044,cliente02540***@correo.com,36,2022-11-06,ACTIVO
2541,Residencial,45XXXX83,940XXX981,cliente02541***@correo.com,3,2020-07-17,ACTIVO
2542,Residencial,76XXXX10,971XXX596,cliente02542***@correo.com,29,2022-01-15,ACTIVO
2543,Residencial,15XXXX41,988XXX524,cliente02543***@correo.com,30,2018-09-22,ACTIVO
2544,Residencial,30XXXX63,924XXX985,cliente02544***@correo.com,15,2019-03-31,ACTIVO
2545,Residencial,74XXXX87,961XXX314,cliente02545***@correo.com,40,2022-12-05,ACTIVO
2546,Residencial,86XXXX62,919XXX852,cliente02546***@correo.com,9,2024-09-09,ACTIVO
2547,Residencial,64XXXX79,935XXX110,cliente02547***@correo.com,15,2020-12-03,ACTIVO
2548,Residencial,49XXXX29,974XXX071,cliente02548***@correo.com,9,2019-04-12,ACTIVO
2549,Residencial,28XXXX92,945XXX548,cliente02549***@correo.com,25,2022-11-26,ACTIVO
2550,Residencial,55XXXX54,946XXX647,cliente02550***@correo.com,5,2022-08-01,ACTIVO
2551,Residencial,19XXXX26,986XXX553,cliente02551***@correo.com,7,2021-02-20,ACTIVO
2552,Residencial,58XXXX30,998XXX355,cliente02552***@correo.com,30,2023-10-22,ACTIVO
2553,Residencial,48XXXX20,945XXX366,cliente02553***@correo.com,19,2021-06-03,ACTIVO
2554,Residencial,50XXXX97,916XXX487,cliente02554***@correo.com,37,2019-07-06,ACTIVO
2555,Residencial,86XXXX08,951XXX280,cliente02555***@correo.com,4,2018-01-30,ACTIVO
2556,Gobierno,74XXXX46,985XXX903,cliente02556***@correo.com,29,2024-02-12,ACTIVO
2557,Comercial,92XXXX59,951XXX473,cliente02557***@correo.com,5,2019-01-19,ACTIVO
2558,Residencial,89XXXX02,996XXX728,cliente02558***@correo.com,7,2021-12-26,ACTIVO
2559,Residencial,49XXXX86,980XXX860,cliente02559***@correo.com,12,2018-03-23,ACTIVO
2560,Residencial,96XXXX95,948XXX085,cliente02560***@correo.com,15,2022-07-14,ACTIVO
2561,Comercial,22XXXX56,921XXX995,cliente02561***@correo.com,11,2020-12-09,ACTIVO
2562,Residencial,77XXXX81,977XXX752,cliente02562***@correo.com,3,2023-11-22,SUSPENDIDO
2563,Residencial,66XXXX04,985XXX475,cliente02563***@correo.com,14,2020-06-23,ACTIVO
2564,Residencial,97XXXX48,900XXX738,cliente02564***@correo.com,13,2024-11-10,ACTIVO
2565,Residencial,51XXXX89,956XXX675,cliente02565***@correo.com,9,2021-04-02,ACTIVO
2566,Residencial,93XXXX79,997XXX780,cliente02566***@correo.com,15,2022-02-11,ACTIVO
2567,Residencial,91XXXX64,906XXX348,cliente02567***@correo.com,13,2022-06-06,ACTIVO
2568,Comercial,46XXXX26,954XXX768,cliente02568***@correo.com,15,2023-10-03,ACTIVO
2569,Residencial,25XXXX92,968XXX846,cliente02569***@correo.com,7,2020-03-04,ACTIVO
2570,Residencial,76XXXX97,935XXX210,cliente02570***@correo.com,7,2021-09-30,ACTIVO
2571,Residencial,99XXXX48,999XXX188,cliente02571***@correo.com,7,2019-09-02,ACTIVO
2572,Residencial,63XXXX30,980XXX490,cliente02572***@correo.com,27,2024-11-30,ACTIVO
2573,Residencial,70XXXX15,904XXX609,cliente02573***@correo.com,13,2024-01-06,ACTIVO
2574,Residencial,96XXXX12,973XXX138,cliente02574***@correo.com,13,2021-10-08,SUSPENDIDO
2575,Residencial,85XXXX52,930XXX989,cliente02575***@correo.com,9,2022-08-20,ACTIVO
2576,Residencial,74XXXX25,942XXX606,cliente02576***@correo.com,5,2024-06-01,ACTIVO
2577,Residencial,75XXXX87,941XXX155,cliente02577***@correo.com,15,2020-08-12,ACTIVO
2578,Residencial,75XXXX57,921XXX342,cliente02578***@correo.com,28,2023-06-30,ACTIVO
2579,Residencial,58XXXX83,906XXX753,cliente02579***@correo.com,39,2023-09-08,ACTIVO
2580,Residencial,38XXXX48,957XXX283,cliente02580***@correo.com,2,2021-01-21,ACTIVO
2581,Residencial,73XXXX11,952XXX441,cliente02581***@correo.com,37,2020-03-29,ACTIVO
2582,Residencial,65XXXX23,904XXX034,cliente02582***@correo.com,7,2023-02-14,ACTIVO
2583,Residencial,38XXXX39,957XXX811,cliente02583***@correo.com,43,2024-07-29,ACTIVO
2584,Residencial,43XXXX69,998XXX056,cliente02584***@correo.com,19,2018-02-21,ACTIVO
2585,Comercial,64XXXX13,969XXX008,cliente02585***@correo.com,43,2019-03-30,ACTIVO
2586,Comercial,16XXXX74,919XXX958,cliente02586***@correo.com,38,2018-09-08,ACTIVO
2587,Residencial,43XXXX68,908XXX282,cliente02587***@correo.com,30,2019-09-07,ACTIVO
2588,Residencial,81XXXX01,991XXX571,cliente02588***@correo.com,26,2020-12-22,ACTIVO
2589,Alumbrado Público,57XXXX78,902XXX289,cliente02589***@correo.com,15,2020-04-06,ACTIVO
2590,Residencial,48XXXX23,975XXX163,cliente02590***@correo.com,15,2018-04-12,ACTIVO
2591,Residencial,62XXXX15,936XXX126,cliente02591***@correo.com,3,2022-05-31,ACTIVO
2592,Residencial,99XXXX14,901XXX603,cliente02592***@correo.com,36,2021-02-19,ACTIVO
2593,Residencial,45XXXX04,907XXX764,cliente02593***@correo.com,14,2019-08-18,ACTIVO
2594,Comercial,77XXXX35,989XXX870,cliente02594***@correo.com,5,2019-11-17,ACTIVO
2595,Residencial,59XXXX54,921XXX759,cliente02595***@correo.com,4,2021-05-02,ACTIVO
2596,Residencial,55XXXX33,953XXX616,cliente02596***@correo.com,9,2018-11-24,ACTIVO
2597,Alumbrado Público,94XXXX69,968XXX396,cliente02597***@correo.com,29,2020-02-10,ACTIVO
2598,Residencial,98XXXX70,933XXX596,cliente02598***@correo.com,20,2024-01-21,ACTIVO
2599,Residencial,88XXXX31,920XXX155,cliente02599***@correo.com,13,2022-09-21,ACTIVO
2600,Residencial,29XXXX68,962XXX169,cliente02600***@correo.com,28,2019-06-19,ACTIVO
2601,Industrial,19XXXX32,932XXX241,cliente02601***@correo.com,10,2019-10-02,ACTIVO
2602,Alumbrado Público,89XXXX72,921XXX601,cliente02602***@correo.com,13,2024-06-15,ACTIVO
2603,Residencial,59XXXX04,971XXX239,cliente02603***@correo.com,13,2022-02-28,ACTIVO
2604,Residencial,88XXXX90,949XXX329,cliente02604***@correo.com,29,2023-02-13,ACTIVO
2605,Residencial,65XXXX16,963XXX558,cliente02605***@correo.com,9,2022-10-22,ACTIVO
2606,Residencial,34XXXX37,905XXX616,cliente02606***@correo.com,40,2021-06-23,ACTIVO
2607,Residencial,23XXXX85,951XXX426,cliente02607***@correo.com,16,2022-11-15,ACTIVO
2608,Residencial,53XXXX47,981XXX995,cliente02608***@correo.com,8,2023-12-04,ACTIVO
2609,Residencial,15XXXX90,986XXX498,cliente02609***@correo.com,3,2019-12-15,ACTIVO
2610,Residencial,23XXXX28,907XXX379,cliente02610***@correo.com,7,2018-08-14,ACTIVO
2611,Residencial,90XXXX68,914XXX170,cliente02611***@correo.com,12,2023-08-17,ACTIVO
2612,Comercial,29XXXX00,924XXX764,cliente02612***@correo.com,29,2022-07-17,ACTIVO
2613,Residencial,96XXXX29,976XXX152,cliente02613***@correo.com,15,2020-07-05,ACTIVO
2614,Industrial,70XXXX85,937XXX580,cliente02614***@correo.com,15,2021-11-03,ACTIVO
2615,Residencial,20XXXX78,995XXX679,cliente02615***@correo.com,26,2020-07-13,ACTIVO
2616,Residencial,31XXXX21,970XXX309,cliente02616***@correo.com,7,2018-03-26,ACTIVO
2617,Residencial,25XXXX94,938XXX469,cliente02617***@correo.com,28,2024-02-27,ACTIVO
2618,Alumbrado Público,21XXXX67,924XXX806,cliente02618***@correo.com,30,2024-09-26,ACTIVO
2619,Residencial,15XXXX84,933XXX526,cliente02619***@correo.com,40,2020-10-28,ACTIVO
2620,Residencial,89XXXX30,949XXX542,cliente02620***@correo.com,5,2018-07-18,ACTIVO
2621,Residencial,22XXXX94,990XXX089,cliente02621***@correo.com,29,2022-03-10,ACTIVO
2622,Residencial,98XXXX73,918XXX474,cliente02622***@correo.com,28,2018-02-23,ACTIVO
2623,Residencial,11XXXX39,921XXX389,cliente02623***@correo.com,22,2019-08-24,ACTIVO
2624,Residencial,43XXXX17,917XXX756,cliente02624***@correo.com,29,2021-05-05,ACTIVO
2625,Residencial,21XXXX31,992XXX692,cliente02625***@correo.com,29,2024-05-21,ACTIVO
2626,Comercial,62XXXX29,930XXX587,cliente02626***@correo.com,21,2019-03-20,ACTIVO
2627,Residencial,52XXXX10,984XXX511,cliente02627***@correo.com,35,2024-09-24,ACTIVO
2628,Comercial,40XXXX96,985XXX212,cliente02628***@correo.com,4,2022-09-28,ACTIVO
2629,Residencial,57XXXX50,999XXX198,cliente02629***@correo.com,33,2024-07-21,ACTIVO
2630,Residencial,74XXXX95,927XXX158,cliente02630***@correo.com,33,2019-08-04,ACTIVO
2631,Residencial,29XXXX69,915XXX726,cliente02631***@correo.com,15,2021-05-05,ACTIVO
2632,Residencial,26XXXX17,963XXX297,cliente02632***@correo.com,4,2021-05-15,ACTIVO
2633,Residencial,43XXXX05,990XXX611,cliente02633***@correo.com,13,2022-05-08,ACTIVO
2634,Comercial,96XXXX28,917XXX929,cliente02634***@correo.com,43,2023-12-11,ACTIVO
2635,Residencial,58XXXX95,982XXX857,cliente02635***@correo.com,2,2019-11-04,ACTIVO
2636,Comercial,70XXXX64,947XXX335,cliente02636***@correo.com,9,2024-03-07,ACTIVO
2637,Residencial,66XXXX24,953XXX681,cliente02637***@correo.com,40,2021-08-02,ACTIVO
2638,Residencial,53XXXX86,949XXX520,cliente02638***@correo.com,26,2019-08-25,ACTIVO
2639,Residencial,94XXXX56,936XXX227,cliente02639***@correo.com,29,2021-01-29,ACTIVO
2640,Residencial,69XXXX00,984XXX055,cliente02640***@correo.com,9,2020-10-22,ACTIVO
2641,Comercial,43XXXX35,936XXX504,cliente02641***@correo.com,29,2019-11-17,ACTIVO
2642,Residencial,80XXXX65,995XXX941,cliente02642***@correo.com,38,2023-05-12,ACTIVO
2643,Residencial,50XXXX71,900XXX801,cliente02643***@correo.com,29,2018-08-26,ACTIVO
2644,Residencial,10XXXX23,991XXX480,cliente02644***@correo.com,26,2018-11-01,SUSPENDIDO
2645,Residencial,59XXXX87,941XXX056,cliente02645***@correo.com,26,2018-05-28,ACTIVO
2646,Residencial,43XXXX82,946XXX772,cliente02646***@correo.com,15,2023-03-20,ACTIVO
2647,Residencial,11XXXX87,968XXX959,cliente02647***@correo.com,15,2020-10-13,ACTIVO
2648,Residencial,60XXXX72,978XXX534,cliente02648***@correo.com,30,2019-09-26,ACTIVO
2649,Residencial,86XXXX62,989XXX394,cliente02649***@correo.com,16,2024-02-25,ACTIVO
2650,Residencial,66XXXX90,967XXX730,cliente02650***@correo.com,11,2021-06-19,ACTIVO
2651,Residencial,14XXXX96,977XXX806,cliente02651***@correo.com,7,2024-01-16,ACTIVO
2652,Residencial,59XXXX08,912XXX597,cliente02652***@correo.com,15,2018-05-04,ACTIVO
2653,Comercial,43XXXX77,953XXX018,cliente02653***@correo.com,38,2022-10-30,ACTIVO
2654,Residencial,78XXXX16,937XXX055,cliente02654***@correo.com,29,2024-02-06,ACTIVO
2655,Residencial,41XXXX55,942XXX014,cliente02655***@correo.com,5,2018-05-12,ACTIVO
2656,Residencial,99XXXX21,958XXX791,cliente02656***@correo.com,39,2023-07-11,ACTIVO
2657,Residencial,77XXXX92,912XXX463,cliente02657***@correo.com,28,2019-04-02,ACTIVO
2658,Gobierno,31XXXX88,988XXX944,cliente02658***@correo.com,15,2024-04-02,ACTIVO
2659,Residencial,57XXXX58,981XXX149,cliente02659***@correo.com,26,2024-09-05,ACTIVO
2660,Residencial,83XXXX20,987XXX147,cliente02660***@correo.com,12,2024-08-03,ACTIVO
2661,Residencial,66XXXX77,912XXX324,cliente02661***@correo.com,7,2023-03-30,ACTIVO
2662,Residencial,64XXXX00,910XXX085,cliente02662***@correo.com,15,2018-02-26,ACTIVO
2663,Residencial,15XXXX56,938XXX127,cliente02663***@correo.com,7,2022-11-14,ACTIVO
2664,Residencial,98XXXX80,990XXX112,cliente02664***@correo.com,7,2023-04-24,ACTIVO
2665,Residencial,66XXXX26,943XXX919,cliente02665***@correo.com,12,2024-05-27,ACTIVO
2666,Residencial,16XXXX47,939XXX105,cliente02666***@correo.com,15,2018-05-25,ACTIVO
2667,Residencial,48XXXX23,912XXX938,cliente02667***@correo.com,26,2018-06-27,ACTIVO
2668,Residencial,24XXXX15,924XXX237,cliente02668***@correo.com,28,2023-01-01,ACTIVO
2669,Residencial,54XXXX25,930XXX773,cliente02669***@correo.com,26,2020-06-17,ACTIVO
2670,Residencial,58XXXX49,949XXX079,cliente02670***@correo.com,13,2021-04-08,ACTIVO
2671,Residencial,94XXXX05,917XXX992,cliente02671***@correo.com,7,2021-11-06,ACTIVO
2672,Residencial,69XXXX50,909XXX923,cliente02672***@correo.com,8,2019-12-19,ACTIVO
2673,Residencial,19XXXX62,910XXX919,cliente02673***@correo.com,9,2023-01-03,ACTIVO
2674,Residencial,35XXXX38,912XXX638,cliente02674***@correo.com,39,2023-06-12,ACTIVO
2675,Residencial,62XXXX01,946XXX497,cliente02675***@correo.com,15,2018-08-04,ACTIVO
2676,Residencial,95XXXX95,929XXX101,cliente02676***@correo.com,26,2019-08-13,ACTIVO
2677,Residencial,15XXXX79,916XXX469,cliente02677***@correo.com,13,2023-12-12,ACTIVO
2678,Residencial,89XXXX36,927XXX840,cliente02678***@correo.com,9,2021-12-26,ACTIVO
2679,Residencial,82XXXX37,972XXX577,cliente02679***@correo.com,15,2021-11-01,ACTIVO
2680,Industrial,58XXXX11,921XXX363,cliente02680***@correo.com,28,2020-02-10,ACTIVO
2681,Residencial,73XXXX48,936XXX248,cliente02681***@correo.com,26,2024-03-23,ACTIVO
2682,Residencial,46XXXX54,987XXX472,cliente02682***@correo.com,7,2018-05-30,INACTIVO
2683,Residencial,47XXXX36,980XXX416,cliente02683***@correo.com,26,2018-12-25,ACTIVO
2684,Residencial,26XXXX17,938XXX423,cliente02684***@correo.com,13,2023-01-06,ACTIVO
2685,Alumbrado Público,11XXXX22,996XXX792,cliente02685***@correo.com,41,2022-09-11,ACTIVO
2686,Residencial,17XXXX41,937XXX170,cliente02686***@correo.com,26,2023-10-17,ACTIVO
2687,Residencial,65XXXX82,908XXX538,cliente02687***@correo.com,29,2019-08-15,ACTIVO
2688,Residencial,28XXXX52,925XXX079,cliente02688***@correo.com,20,2024-05-07,ACTIVO
2689,Residencial,30XXXX49,973XXX121,cliente02689***@correo.com,25,2019-12-08,ACTIVO
2690,Comercial,85XXXX72,979XXX057,cliente02690***@correo.com,29,2018-04-14,ACTIVO
2691,Residencial,84XXXX42,979XXX841,cliente02691***@correo.com,7,2024-04-14,ACTIVO
2692,Residencial,95XXXX22,968XXX482,cliente02692***@correo.com,4,2019-10-16,ACTIVO
2693,Residencial,93XXXX62,915XXX575,cliente02693***@correo.com,7,2020-06-02,ACTIVO
2694,Residencial,76XXXX57,951XXX668,cliente02694***@correo.com,31,2021-12-28,ACTIVO
2695,Residencial,45XXXX80,992XXX862,cliente02695***@correo.com,7,2021-02-03,ACTIVO
2696,Residencial,89XXXX13,916XXX623,cliente02696***@correo.com,23,2024-05-24,ACTIVO
2697,Industrial,38XXXX21,969XXX063,cliente02697***@correo.com,26,2021-02-05,ACTIVO
2698,Residencial,29XXXX79,970XXX475,cliente02698***@correo.com,9,2022-03-14,ACTIVO
2699,Residencial,22XXXX08,922XXX665,cliente02699***@correo.com,30,2019-03-01,ACTIVO
2700,Residencial,12XXXX16,988XXX700,cliente02700***@correo.com,40,2021-11-10,ACTIVO
2701,Residencial,10XXXX52,919XXX400,cliente02701***@correo.com,25,2024-04-21,ACTIVO
2702,Residencial,41XXXX67,981XXX702,cliente02702***@correo.com,9,2023-03-14,ACTIVO
2703,Residencial,21XXXX90,902XXX066,cliente02703***@correo.com,40,2023-06-10,ACTIVO
2704,Residencial,14XXXX60,922XXX083,cliente02704***@correo.com,26,2023-04-08,ACTIVO
2705,Residencial,78XXXX97,930XXX274,cliente02705***@correo.com,4,2019-03-22,ACTIVO
2706,Residencial,95XXXX27,910XXX747,cliente02706***@correo.com,42,2019-08-11,ACTIVO
2707,Residencial,38XXXX73,905XXX382,cliente02707***@correo.com,28,2020-08-24,ACTIVO
2708,Residencial,90XXXX58,998XXX161,cliente02708***@correo.com,6,2020-05-15,ACTIVO
2709,Residencial,76XXXX82,907XXX344,cliente02709***@correo.com,40,2024-08-18,ACTIVO
2710,Residencial,71XXXX26,990XXX831,cliente02710***@correo.com,39,2024-02-12,ACTIVO
2711,Residencial,13XXXX40,974XXX468,cliente02711***@correo.com,15,2021-07-19,ACTIVO
2712,Residencial,50XXXX72,913XXX473,cliente02712***@correo.com,19,2020-08-03,ACTIVO
2713,Alumbrado Público,49XXXX63,928XXX945,cliente02713***@correo.com,15,2020-02-10,ACTIVO
2714,Residencial,84XXXX87,913XXX991,cliente02714***@correo.com,40,2021-01-19,ACTIVO
2715,Industrial,21XXXX10,953XXX410,cliente02715***@correo.com,40,2022-11-27,ACTIVO
2716,Residencial,53XXXX36,937XXX514,cliente02716***@correo.com,28,2019-06-20,ACTIVO
2717,Residencial,98XXXX77,989XXX675,cliente02717***@correo.com,16,2020-08-25,ACTIVO
2718,Residencial,23XXXX58,902XXX580,cliente02718***@correo.com,43,2020-08-31,ACTIVO
2719,Residencial,78XXXX76,995XXX919,cliente02719***@correo.com,43,2020-03-30,ACTIVO
2720,Residencial,15XXXX42,985XXX328,cliente02720***@correo.com,34,2020-04-19,ACTIVO
2721,Comercial,64XXXX57,930XXX126,cliente02721***@correo.com,9,2021-04-03,ACTIVO
2722,Residencial,30XXXX91,986XXX496,cliente02722***@correo.com,20,2022-10-14,ACTIVO
2723,Residencial,98XXXX79,925XXX564,cliente02723***@correo.com,15,2024-11-25,ACTIVO
2724,Residencial,61XXXX74,997XXX727,cliente02724***@correo.com,43,2018-03-14,ACTIVO
2725,Residencial,23XXXX31,921XXX142,cliente02725***@correo.com,23,2024-03-30,ACTIVO
2726,Residencial,13XXXX68,930XXX422,cliente02726***@correo.com,9,2024-09-24,ACTIVO
2727,Residencial,48XXXX53,944XXX585,cliente02727***@correo.com,15,2024-02-21,ACTIVO
2728,Residencial,24XXXX11,993XXX098,cliente02728***@correo.com,29,2021-03-28,ACTIVO
2729,Residencial,64XXXX20,943XXX825,cliente02729***@correo.com,43,2020-06-06,ACTIVO
2730,Residencial,19XXXX20,907XXX401,cliente02730***@correo.com,7,2024-01-02,ACTIVO
2731,Residencial,29XXXX64,926XXX637,cliente02731***@correo.com,19,2023-06-23,ACTIVO
2732,Comercial,39XXXX69,992XXX585,cliente02732***@correo.com,9,2018-06-09,ACTIVO
2733,Residencial,59XXXX78,908XXX299,cliente02733***@correo.com,38,2020-08-22,ACTIVO
2734,Industrial,76XXXX18,948XXX780,cliente02734***@correo.com,38,2024-12-11,ACTIVO
2735,Residencial,87XXXX15,953XXX032,cliente02735***@correo.com,7,2024-05-04,ACTIVO
2736,Residencial,57XXXX18,913XXX633,cliente02736***@correo.com,28,2022-09-01,ACTIVO
2737,Residencial,67XXXX72,944XXX171,cliente02737***@correo.com,32,2020-02-28,ACTIVO
2738,Residencial,89XXXX11,977XXX796,cliente02738***@correo.com,28,2020-03-23,ACTIVO
2739,Comercial,46XXXX80,957XXX866,cliente02739***@correo.com,4,2021-09-01,ACTIVO
2740,Residencial,83XXXX04,962XXX203,cliente02740***@correo.com,3,2022-08-22,ACTIVO
2741,Residencial,66XXXX78,952XXX411,cliente02741***@correo.com,28,2023-10-22,ACTIVO
2742,Residencial,75XXXX48,975XXX554,cliente02742***@correo.com,30,2023-01-23,ACTIVO
2743,Residencial,21XXXX98,983XXX045,cliente02743***@correo.com,15,2021-06-20,ACTIVO
2744,Residencial,68XXXX21,972XXX491,cliente02744***@correo.com,3,2018-12-23,ACTIVO
2745,Comercial,55XXXX48,988XXX149,cliente02745***@correo.com,28,2024-09-20,ACTIVO
2746,Residencial,86XXXX94,984XXX149,cliente02746***@correo.com,29,2021-01-17,ACTIVO
2747,Residencial,38XXXX84,985XXX198,cliente02747***@correo.com,30,2024-06-28,ACTIVO
2748,Residencial,94XXXX10,906XXX311,cliente02748***@correo.com,5,2024-01-04,ACTIVO
2749,Residencial,41XXXX04,998XXX034,cliente02749***@correo.com,3,2019-12-27,ACTIVO
2750,Residencial,30XXXX50,965XXX868,cliente02750***@correo.com,13,2024-06-25,ACTIVO
2751,Residencial,21XXXX82,968XXX837,cliente02751***@correo.com,29,2024-07-28,ACTIVO
2752,Residencial,50XXXX48,931XXX511,cliente02752***@correo.com,5,2018-05-30,ACTIVO
2753,Residencial,18XXXX67,944XXX274,cliente02753***@correo.com,5,2021-07-17,ACTIVO
2754,Residencial,23XXXX59,945XXX924,cliente02754***@correo.com,36,2024-01-18,ACTIVO
2755,Residencial,43XXXX87,960XXX782,cliente02755***@correo.com,35,2024-08-10,ACTIVO
2756,Residencial,45XXXX74,942XXX751,cliente02756***@correo.com,15,2018-10-29,ACTIVO
2757,Residencial,85XXXX95,947XXX685,cliente02757***@correo.com,9,2022-06-19,ACTIVO
2758,Residencial,45XXXX76,955XXX168,cliente02758***@correo.com,7,2021-06-29,ACTIVO
2759,Residencial,65XXXX39,976XXX128,cliente02759***@correo.com,16,2020-05-14,ACTIVO
2760,Residencial,73XXXX03,962XXX279,cliente02760***@correo.com,19,2020-10-13,ACTIVO
2761,Residencial,92XXXX92,947XXX342,cliente02761***@correo.com,22,2023-03-26,ACTIVO
2762,Residencial,41XXXX92,988XXX331,cliente02762***@correo.com,43,2019-08-02,ACTIVO
2763,Residencial,42XXXX76,951XXX165,cliente02763***@correo.com,39,2019-12-16,ACTIVO
2764,Residencial,30XXXX51,903XXX858,cliente02764***@correo.com,3,2024-02-12,ACTIVO
2765,Residencial,96XXXX04,968XXX119,cliente02765***@correo.com,9,2018-11-22,ACTIVO
2766,Residencial,73XXXX47,925XXX388,cliente02766***@correo.com,43,2020-07-22,ACTIVO
2767,Residencial,17XXXX98,944XXX189,cliente02767***@correo.com,22,2022-07-13,ACTIVO
2768,Residencial,26XXXX61,929XXX903,cliente02768***@correo.com,35,2020-09-07,ACTIVO
2769,Alumbrado Público,40XXXX89,956XXX608,cliente02769***@correo.com,40,2020-05-05,ACTIVO
2770,Residencial,60XXXX53,939XXX692,cliente02770***@correo.com,19,2018-09-03,ACTIVO
2771,Residencial,76XXXX86,933XXX222,cliente02771***@correo.com,5,2022-01-14,ACTIVO
2772,Residencial,89XXXX71,900XXX736,cliente02772***@correo.com,40,2022-07-23,ACTIVO
2773,Residencial,55XXXX35,912XXX780,cliente02773***@correo.com,29,2019-11-02,ACTIVO
2774,Residencial,68XXXX13,961XXX146,cliente02774***@correo.com,13,2022-02-18,ACTIVO
2775,Residencial,69XXXX72,976XXX296,cliente02775***@correo.com,4,2021-08-26,ACTIVO
2776,Residencial,76XXXX94,964XXX671,cliente02776***@correo.com,28,2018-12-31,ACTIVO
2777,Residencial,93XXXX74,983XXX156,cliente02777***@correo.com,15,2019-03-01,ACTIVO
2778,Gobierno,65XXXX92,918XXX104,cliente02778***@correo.com,4,2019-11-04,ACTIVO
2779,Residencial,16XXXX24,940XXX547,cliente02779***@correo.com,38,2020-07-05,ACTIVO
2780,Residencial,25XXXX84,955XXX528,cliente02780***@correo.com,15,2020-02-13,ACTIVO
2781,Residencial,78XXXX27,911XXX084,cliente02781***@correo.com,7,2019-05-18,ACTIVO
2782,Residencial,98XXXX63,944XXX518,cliente02782***@correo.com,18,2020-02-02,ACTIVO
2783,Residencial,55XXXX67,942XXX753,cliente02783***@correo.com,7,2020-07-09,ACTIVO
2784,Residencial,84XXXX82,970XXX100,cliente02784***@correo.com,43,2023-03-25,ACTIVO
2785,Residencial,53XXXX29,945XXX671,cliente02785***@correo.com,39,2020-01-29,ACTIVO
2786,Residencial,43XXXX42,911XXX136,cliente02786***@correo.com,9,2018-11-23,ACTIVO
2787,Residencial,31XXXX66,916XXX492,cliente02787***@correo.com,30,2022-02-16,ACTIVO
2788,Residencial,60XXXX43,971XXX265,cliente02788***@correo.com,39,2022-09-02,ACTIVO
2789,Residencial,99XXXX28,977XXX151,cliente02789***@correo.com,26,2019-05-25,ACTIVO
2790,Residencial,96XXXX56,905XXX651,cliente02790***@correo.com,15,2020-06-07,ACTIVO
2791,Comercial,68XXXX75,978XXX129,cliente02791***@correo.com,42,2024-06-19,ACTIVO
2792,Residencial,46XXXX62,924XXX507,cliente02792***@correo.com,22,2024-03-12,ACTIVO
2793,Residencial,77XXXX81,990XXX135,cliente02793***@correo.com,15,2023-02-22,ACTIVO
2794,Residencial,66XXXX32,963XXX754,cliente02794***@correo.com,15,2023-09-22,ACTIVO
2795,Residencial,67XXXX90,933XXX364,cliente02795***@correo.com,43,2021-09-04,ACTIVO
2796,Residencial,65XXXX54,938XXX231,cliente02796***@correo.com,15,2020-08-27,ACTIVO
2797,Residencial,29XXXX79,949XXX014,cliente02797***@correo.com,32,2023-01-03,ACTIVO
2798,Residencial,28XXXX02,961XXX318,cliente02798***@correo.com,19,2020-03-11,ACTIVO
2799,Residencial,71XXXX79,917XXX640,cliente02799***@correo.com,3,2019-02-24,ACTIVO
2800,Residencial,78XXXX46,981XXX905,cliente02800***@correo.com,15,2021-04-05,ACTIVO
2801,Residencial,38XXXX87,951XXX035,cliente02801***@correo.com,5,2023-04-13,ACTIVO
2802,Comercial,19XXXX32,925XXX062,cliente02802***@correo.com,8,2019-02-11,ACTIVO
2803,Residencial,99XXXX21,954XXX388,cliente02803***@correo.com,37,2019-09-27,ACTIVO
2804,Residencial,74XXXX90,984XXX469,cliente02804***@correo.com,39,2019-05-18,ACTIVO
2805,Comercial,73XXXX91,906XXX443,cliente02805***@correo.com,7,2024-09-25,ACTIVO
2806,Residencial,61XXXX85,901XXX050,cliente02806***@correo.com,30,2019-11-02,ACTIVO
2807,Comercial,66XXXX46,953XXX003,cliente02807***@correo.com,26,2022-01-05,ACTIVO
2808,Residencial,22XXXX70,975XXX122,cliente02808***@correo.com,9,2020-07-23,ACTIVO
2809,Residencial,14XXXX44,997XXX923,cliente02809***@correo.com,3,2018-03-23,ACTIVO
2810,Residencial,46XXXX91,966XXX294,cliente02810***@correo.com,13,2023-05-28,ACTIVO
2811,Residencial,27XXXX67,906XXX310,cliente02811***@correo.com,9,2020-03-20,ACTIVO
2812,Residencial,85XXXX77,940XXX350,cliente02812***@correo.com,28,2021-11-09,ACTIVO
2813,Residencial,19XXXX81,991XXX911,cliente02813***@correo.com,40,2022-01-29,ACTIVO
2814,Residencial,10XXXX50,941XXX151,cliente02814***@correo.com,21,2022-01-18,ACTIVO
2815,Residencial,54XXXX49,920XXX183,cliente02815***@correo.com,9,2021-04-05,ACTIVO
2816,Residencial,91XXXX80,982XXX741,cliente02816***@correo.com,7,2023-02-03,ACTIVO
2817,Residencial,81XXXX42,913XXX508,cliente02817***@correo.com,39,2021-11-11,ACTIVO
2818,Residencial,18XXXX79,943XXX928,cliente02818***@correo.com,19,2018-01-13,ACTIVO
2819,Residencial,64XXXX14,948XXX833,cliente02819***@correo.com,26,2024-07-30,ACTIVO
2820,Comercial,25XXXX39,990XXX696,cliente02820***@correo.com,41,2018-04-21,ACTIVO
2821,Residencial,44XXXX85,904XXX646,cliente02821***@correo.com,41,2023-05-12,ACTIVO
2822,Residencial,76XXXX63,998XXX160,cliente02822***@correo.com,15,2024-05-02,ACTIVO
2823,Residencial,62XXXX90,912XXX652,cliente02823***@correo.com,9,2020-03-26,ACTIVO
2824,Industrial,18XXXX32,906XXX492,cliente02824***@correo.com,7,2023-07-12,ACTIVO
2825,Residencial,24XXXX88,997XXX249,cliente02825***@correo.com,33,2019-12-13,ACTIVO
2826,Residencial,90XXXX57,917XXX639,cliente02826***@correo.com,38,2024-01-27,ACTIVO
2827,Residencial,35XXXX00,994XXX031,cliente02827***@correo.com,5,2019-12-20,ACTIVO
2828,Residencial,58XXXX31,977XXX143,cliente02828***@correo.com,10,2024-10-27,ACTIVO
2829,Comercial,70XXXX24,959XXX335,cliente02829***@correo.com,12,2024-01-14,ACTIVO
2830,Residencial,19XXXX25,956XXX440,cliente02830***@correo.com,39,2021-06-13,ACTIVO
2831,Residencial,21XXXX16,909XXX515,cliente02831***@correo.com,19,2024-08-14,ACTIVO
2832,Industrial,67XXXX02,949XXX371,cliente02832***@correo.com,13,2024-12-25,ACTIVO
2833,Residencial,89XXXX02,927XXX708,cliente02833***@correo.com,13,2018-10-09,ACTIVO
2834,Residencial,52XXXX99,994XXX748,cliente02834***@correo.com,19,2020-11-15,ACTIVO
2835,Residencial,41XXXX35,949XXX906,cliente02835***@correo.com,38,2023-06-06,ACTIVO
2836,Residencial,19XXXX84,913XXX688,cliente02836***@correo.com,26,2024-01-25,ACTIVO
2837,Residencial,64XXXX70,989XXX798,cliente02837***@correo.com,9,2022-11-17,ACTIVO
2838,Residencial,61XXXX50,991XXX485,cliente02838***@correo.com,16,2022-02-15,ACTIVO
2839,Residencial,76XXXX63,924XXX870,cliente02839***@correo.com,15,2018-08-09,ACTIVO
2840,Residencial,31XXXX19,906XXX003,cliente02840***@correo.com,3,2020-12-25,ACTIVO
2841,Residencial,83XXXX20,998XXX444,cliente02841***@correo.com,9,2021-05-14,INACTIVO
2842,Residencial,42XXXX49,984XXX355,cliente02842***@correo.com,19,2018-09-15,ACTIVO
2843,Residencial,84XXXX80,970XXX389,cliente02843***@correo.com,43,2020-01-25,ACTIVO
2844,Residencial,52XXXX02,981XXX255,cliente02844***@correo.com,3,2023-12-22,ACTIVO
2845,Residencial,28XXXX35,983XXX046,cliente02845***@correo.com,9,2023-02-03,ACTIVO
2846,Residencial,39XXXX45,955XXX657,cliente02846***@correo.com,7,2021-08-15,INACTIVO
2847,Residencial,79XXXX84,939XXX631,cliente02847***@correo.com,29,2021-07-28,ACTIVO
2848,Residencial,35XXXX56,922XXX918,cliente02848***@correo.com,15,2022-07-27,ACTIVO
2849,Residencial,66XXXX78,912XXX740,cliente02849***@correo.com,17,2019-02-12,ACTIVO
2850,Residencial,59XXXX88,983XXX185,cliente02850***@correo.com,26,2018-05-29,ACTIVO
2851,Residencial,85XXXX55,983XXX153,cliente02851***@correo.com,9,2021-12-14,ACTIVO
2852,Residencial,93XXXX42,911XXX904,cliente02852***@correo.com,7,2024-12-23,ACTIVO
2853,Residencial,55XXXX61,962XXX186,cliente02853***@correo.com,32,2022-12-15,ACTIVO
2854,Residencial,39XXXX24,938XXX829,cliente02854***@correo.com,30,2022-08-14,ACTIVO
2855,Residencial,68XXXX57,932XXX271,cliente02855***@correo.com,28,2020-05-31,ACTIVO
2856,Comercial,68XXXX34,947XXX226,cliente02856***@correo.com,7,2023-12-05,ACTIVO
2857,Residencial,82XXXX77,998XXX497,cliente02857***@correo.com,29,2021-03-18,ACTIVO
2858,Residencial,21XXXX90,974XXX084,cliente02858***@correo.com,30,2022-05-23,ACTIVO
2859,Residencial,93XXXX07,940XXX500,cliente02859***@correo.com,18,2022-07-04,ACTIVO
2860,Gobierno,44XXXX37,907XXX083,cliente02860***@correo.com,7,2024-09-23,ACTIVO
2861,Residencial,37XXXX72,951XXX997,cliente02861***@correo.com,7,2022-07-24,ACTIVO
2862,Residencial,61XXXX78,918XXX384,cliente02862***@correo.com,9,2020-10-29,ACTIVO
2863,Residencial,29XXXX54,986XXX321,cliente02863***@correo.com,40,2022-08-23,ACTIVO
2864,Residencial,55XXXX80,997XXX829,cliente02864***@correo.com,43,2022-01-20,ACTIVO
2865,Residencial,55XXXX00,987XXX904,cliente02865***@correo.com,34,2018-11-19,ACTIVO
2866,Residencial,20XXXX18,963XXX553,cliente02866***@correo.com,33,2023-05-18,ACTIVO
2867,Residencial,21XXXX40,904XXX418,cliente02867***@correo.com,15,2019-04-03,ACTIVO
2868,Residencial,76XXXX58,926XXX264,cliente02868***@correo.com,24,2022-08-23,ACTIVO
2869,Residencial,92XXXX40,971XXX508,cliente02869***@correo.com,15,2020-04-28,ACTIVO
2870,Residencial,80XXXX15,979XXX949,cliente02870***@correo.com,39,2023-03-29,ACTIVO
2871,Residencial,33XXXX62,995XXX482,cliente02871***@correo.com,19,2023-08-04,ACTIVO
2872,Residencial,11XXXX12,982XXX238,cliente02872***@correo.com,22,2018-01-14,ACTIVO
2873,Comercial,50XXXX44,903XXX141,cliente02873***@correo.com,23,2021-06-14,ACTIVO
2874,Residencial,50XXXX40,964XXX924,cliente02874***@correo.com,4,2021-01-13,ACTIVO
2875,Residencial,34XXXX34,959XXX842,cliente02875***@correo.com,15,2023-01-04,ACTIVO
2876,Comercial,64XXXX70,925XXX282,cliente02876***@correo.com,39,2020-07-11,ACTIVO
2877,Residencial,47XXXX57,946XXX605,cliente02877***@correo.com,43,2024-01-12,ACTIVO
2878,Industrial,86XXXX99,939XXX138,cliente02878***@correo.com,9,2018-05-16,ACTIVO
2879,Comercial,54XXXX17,904XXX032,cliente02879***@correo.com,26,2019-04-13,ACTIVO
2880,Residencial,62XXXX14,903XXX908,cliente02880***@correo.com,4,2023-12-13,ACTIVO
2881,Residencial,32XXXX52,932XXX653,cliente02881***@correo.com,34,2023-06-24,ACTIVO
2882,Comercial,26XXXX35,939XXX717,cliente02882***@correo.com,7,2022-05-29,ACTIVO
2883,Residencial,41XXXX39,918XXX638,cliente02883***@correo.com,25,2020-11-20,ACTIVO
2884,Residencial,91XXXX56,948XXX422,cliente02884***@correo.com,26,2022-09-03,ACTIVO
2885,Residencial,18XXXX89,962XXX473,cliente02885***@correo.com,30,2022-04-01,ACTIVO
2886,Residencial,80XXXX33,927XXX843,cliente02886***@correo.com,28,2022-08-11,ACTIVO
2887,Comercial,35XXXX37,990XXX415,cliente02887***@correo.com,15,2023-03-07,ACTIVO
2888,Residencial,61XXXX55,912XXX890,cliente02888***@correo.com,9,2019-05-28,ACTIVO
2889,Residencial,86XXXX29,921XXX576,cliente02889***@correo.com,33,2021-10-04,ACTIVO
2890,Comercial,58XXXX00,932XXX674,cliente02890***@correo.com,21,2024-07-24,ACTIVO
2891,Residencial,88XXXX47,972XXX802,cliente02891***@correo.com,9,2022-05-28,ACTIVO
2892,Residencial,89XXXX37,973XXX288,cliente02892***@correo.com,15,2020-01-16,ACTIVO
2893,Residencial,62XXXX93,963XXX089,cliente02893***@correo.com,9,2020-01-12,ACTIVO
2894,Residencial,76XXXX58,909XXX999,cliente02894***@correo.com,1,2024-10-26,ACTIVO
2895,Residencial,24XXXX59,936XXX873,cliente02895***@correo.com,28,2020-05-10,ACTIVO
2896,Residencial,55XXXX20,968XXX335,cliente02896***@correo.com,28,2018-07-18,ACTIVO
2897,Residencial,18XXXX14,930XXX466,cliente02897***@correo.com,28,2019-09-09,ACTIVO
2898,Comercial,31XXXX09,978XXX404,cliente02898***@correo.com,9,2022-03-15,ACTIVO
2899,Gobierno,33XXXX56,908XXX597,cliente02899***@correo.com,12,2020-06-24,ACTIVO
2900,Residencial,10XXXX33,944XXX613,cliente02900***@correo.com,29,2024-10-08,ACTIVO
2901,Comercial,10XXXX66,909XXX804,cliente02901***@correo.com,9,2023-12-13,ACTIVO
2902,Comercial,24XXXX10,937XXX139,cliente02902***@correo.com,13,2022-01-11,ACTIVO
2903,Residencial,12XXXX32,909XXX778,cliente02903***@correo.com,13,2019-12-21,ACTIVO
2904,Residencial,46XXXX97,986XXX216,cliente02904***@correo.com,39,2024-09-20,ACTIVO
2905,Residencial,53XXXX09,972XXX296,cliente02905***@correo.com,9,2024-04-04,ACTIVO
2906,Residencial,72XXXX21,993XXX066,cliente02906***@correo.com,21,2020-08-13,ACTIVO
2907,Comercial,11XXXX38,945XXX977,cliente02907***@correo.com,6,2019-02-12,ACTIVO
2908,Residencial,34XXXX68,910XXX410,cliente02908***@correo.com,4,2018-07-18,ACTIVO
2909,Residencial,92XXXX44,967XXX621,cliente02909***@correo.com,15,2019-04-01,ACTIVO
2910,Residencial,77XXXX94,946XXX467,cliente02910***@correo.com,5,2020-07-31,ACTIVO
2911,Residencial,63XXXX66,902XXX977,cliente02911***@correo.com,33,2020-02-27,ACTIVO
2912,Alumbrado Público,15XXXX11,986XXX006,cliente02912***@correo.com,40,2022-01-18,ACTIVO
2913,Residencial,79XXXX83,920XXX785,cliente02913***@correo.com,7,2021-04-10,ACTIVO
2914,Residencial,99XXXX81,903XXX748,cliente02914***@correo.com,26,2018-04-08,ACTIVO
2915,Residencial,92XXXX31,941XXX931,cliente02915***@correo.com,40,2024-01-05,ACTIVO
2916,Residencial,51XXXX83,964XXX086,cliente02916***@correo.com,27,2023-01-08,ACTIVO
2917,Residencial,24XXXX44,970XXX696,cliente02917***@correo.com,4,2021-12-25,ACTIVO
2918,Residencial,19XXXX16,984XXX061,cliente02918***@correo.com,7,2019-01-15,ACTIVO
2919,Residencial,35XXXX24,955XXX161,cliente02919***@correo.com,38,2024-04-16,ACTIVO
2920,Comercial,16XXXX96,973XXX532,cliente02920***@correo.com,3,2020-12-13,ACTIVO
2921,Residencial,60XXXX95,911XXX678,cliente02921***@correo.com,16,2024-07-12,ACTIVO
2922,Residencial,95XXXX23,997XXX399,cliente02922***@correo.com,38,2024-03-17,ACTIVO
2923,Residencial,55XXXX47,922XXX655,cliente02923***@correo.com,10,2019-09-27,ACTIVO
2924,Residencial,56XXXX51,902XXX515,cliente02924***@correo.com,43,2018-07-29,ACTIVO
2925,Comercial,37XXXX25,909XXX420,cliente02925***@correo.com,9,2019-05-07,ACTIVO
2926,Residencial,51XXXX30,948XXX760,cliente02926***@correo.com,15,2021-02-26,ACTIVO
2927,Residencial,34XXXX34,918XXX635,cliente02927***@correo.com,38,2020-03-21,ACTIVO
2928,Residencial,93XXXX25,952XXX061,cliente02928***@correo.com,4,2020-09-04,ACTIVO
2929,Residencial,67XXXX94,949XXX755,cliente02929***@correo.com,29,2022-04-08,ACTIVO
2930,Residencial,18XXXX11,974XXX402,cliente02930***@correo.com,9,2024-03-23,ACTIVO
2931,Residencial,60XXXX68,983XXX442,cliente02931***@correo.com,7,2018-12-07,ACTIVO
2932,Residencial,71XXXX07,924XXX081,cliente02932***@correo.com,29,2021-11-27,ACTIVO
2933,Residencial,18XXXX97,914XXX962,cliente02933***@correo.com,30,2024-12-28,ACTIVO
2934,Residencial,24XXXX88,984XXX724,cliente02934***@correo.com,43,2021-06-27,ACTIVO
2935,Residencial,67XXXX44,944XXX546,cliente02935***@correo.com,30,2021-07-17,ACTIVO
2936,Residencial,49XXXX41,994XXX545,cliente02936***@correo.com,39,2024-01-22,ACTIVO
2937,Residencial,18XXXX48,944XXX823,cliente02937***@correo.com,15,2019-06-09,ACTIVO
2938,Residencial,65XXXX90,931XXX054,cliente02938***@correo.com,7,2023-09-10,ACTIVO
2939,Residencial,89XXXX73,906XXX949,cliente02939***@correo.com,24,2021-01-21,ACTIVO
2940,Residencial,10XXXX61,909XXX999,cliente02940***@correo.com,23,2018-05-06,ACTIVO
2941,Residencial,78XXXX01,943XXX091,cliente02941***@correo.com,28,2020-10-04,ACTIVO
2942,Residencial,12XXXX02,951XXX556,cliente02942***@correo.com,9,2019-06-29,ACTIVO
2943,Gobierno,55XXXX90,964XXX585,cliente02943***@correo.com,3,2020-09-27,ACTIVO
2944,Residencial,33XXXX37,924XXX120,cliente02944***@correo.com,4,2018-04-22,ACTIVO
2945,Residencial,98XXXX59,950XXX219,cliente02945***@correo.com,30,2022-04-29,ACTIVO
2946,Residencial,58XXXX55,919XXX243,cliente02946***@correo.com,28,2018-01-03,ACTIVO
2947,Comercial,57XXXX33,987XXX438,cliente02947***@correo.com,31,2018-03-30,ACTIVO
2948,Residencial,95XXXX06,988XXX833,cliente02948***@correo.com,5,2019-01-17,ACTIVO
2949,Residencial,40XXXX86,949XXX797,cliente02949***@correo.com,9,2019-01-17,ACTIVO
2950,Residencial,77XXXX96,990XXX462,cliente02950***@correo.com,7,2019-11-03,ACTIVO
2951,Residencial,17XXXX93,974XXX025,cliente02951***@correo.com,15,2019-02-03,ACTIVO
2952,Residencial,42XXXX00,987XXX820,cliente02952***@correo.com,42,2024-04-22,ACTIVO
2953,Residencial,24XXXX65,929XXX492,cliente02953***@correo.com,29,2022-01-18,ACTIVO
2954,Residencial,65XXXX02,943XXX112,cliente02954***@correo.com,15,2018-02-11,ACTIVO
2955,Comercial,66XXXX05,985XXX347,cliente02955***@correo.com,28,2022-07-27,ACTIVO
2956,Residencial,34XXXX65,911XXX432,cliente02956***@correo.com,15,2018-06-29,ACTIVO
2957,Residencial,14XXXX53,930XXX819,cliente02957***@correo.com,11,2018-09-13,ACTIVO
2958,Residencial,45XXXX54,906XXX486,cliente02958***@correo.com,26,2024-03-19,ACTIVO
2959,Residencial,38XXXX43,916XXX308,cliente02959***@correo.com,34,2018-02-27,ACTIVO
2960,Comercial,82XXXX15,903XXX758,cliente02960***@correo.com,25,2024-07-17,ACTIVO
2961,Residencial,44XXXX76,907XXX362,cliente02961***@correo.com,13,2022-03-21,INACTIVO
2962,Residencial,53XXXX67,974XXX429,cliente02962***@correo.com,5,2019-08-24,ACTIVO
2963,Residencial,27XXXX98,969XXX250,cliente02963***@correo.com,38,2021-10-07,ACTIVO
2964,Residencial,52XXXX63,932XXX866,cliente02964***@correo.com,5,2020-02-17,ACTIVO
2965,Residencial,44XXXX10,998XXX813,cliente02965***@correo.com,3,2019-02-06,ACTIVO
2966,Residencial,39XXXX55,957XXX533,cliente02966***@correo.com,1,2023-03-22,ACTIVO
2967,Residencial,31XXXX84,981XXX288,cliente02967***@correo.com,29,2024-06-12,ACTIVO
2968,Residencial,58XXXX01,923XXX370,cliente02968***@correo.com,19,2019-03-03,ACTIVO
2969,Residencial,65XXXX61,992XXX459,cliente02969***@correo.com,32,2024-08-27,ACTIVO
2970,Residencial,73XXXX07,925XXX029,cliente02970***@correo.com,2,2018-06-07,ACTIVO
2971,Comercial,22XXXX30,911XXX907,cliente02971***@correo.com,8,2023-02-22,ACTIVO
2972,Residencial,81XXXX72,921XXX913,cliente02972***@correo.com,29,2018-02-16,ACTIVO
2973,Residencial,82XXXX95,955XXX936,cliente02973***@correo.com,3,2022-10-13,ACTIVO
2974,Comercial,68XXXX20,932XXX125,cliente02974***@correo.com,24,2023-07-24,ACTIVO
2975,Residencial,27XXXX17,911XXX622,cliente02975***@correo.com,13,2024-03-21,ACTIVO
2976,Residencial,82XXXX12,913XXX493,cliente02976***@correo.com,9,2019-08-25,ACTIVO
2977,Industrial,47XXXX15,901XXX349,cliente02977***@correo.com,29,2022-10-02,ACTIVO
2978,Residencial,74XXXX03,941XXX064,cliente02978***@correo.com,15,2022-03-19,ACTIVO
2979,Residencial,42XXXX27,941XXX291,cliente02979***@correo.com,40,2019-06-27,ACTIVO
2980,Industrial,92XXXX56,913XXX460,cliente02980***@correo.com,10,2023-09-16,ACTIVO
2981,Residencial,20XXXX05,994XXX429,cliente02981***@correo.com,43,2021-03-21,ACTIVO
2982,Residencial,44XXXX70,990XXX558,cliente02982***@correo.com,1,2023-08-03,ACTIVO
2983,Alumbrado Público,44XXXX64,930XXX394,cliente02983***@correo.com,8,2019-10-22,ACTIVO
2984,Residencial,40XXXX32,983XXX896,cliente02984***@correo.com,25,2024-08-03,ACTIVO
2985,Residencial,66XXXX59,979XXX371,cliente02985***@correo.com,13,2019-07-25,ACTIVO
2986,Residencial,45XXXX63,969XXX559,cliente02986***@correo.com,35,2020-05-21,ACTIVO
2987,Comercial,99XXXX35,989XXX169,cliente02987***@correo.com,39,2019-08-30,ACTIVO
2988,Residencial,19XXXX53,980XXX722,cliente02988***@correo.com,41,2024-11-10,ACTIVO
2989,Residencial,91XXXX55,947XXX074,cliente02989***@correo.com,26,2020-10-01,ACTIVO
2990,Residencial,34XXXX49,934XXX596,cliente02990***@correo.com,7,2024-11-19,ACTIVO
2991,Residencial,71XXXX96,978XXX410,cliente02991***@correo.com,15,2019-11-03,ACTIVO
2992,Residencial,88XXXX83,934XXX204,cliente02992***@correo.com,28,2024-04-25,ACTIVO
2993,Residencial,36XXXX70,926XXX351,cliente02993***@correo.com,20,2022-03-30,ACTIVO
2994,Residencial,83XXXX43,965XXX807,cliente02994***@correo.com,23,2021-10-14,ACTIVO
2995,Residencial,47XXXX15,988XXX350,cliente02995***@correo.com,43,2020-06-24,ACTIVO
2996,Residencial,64XXXX75,900XXX944,cliente02996***@correo.com,38,2018-09-07,ACTIVO
2997,Residencial,84XXXX98,967XXX859,cliente02997***@correo.com,8,2020-06-28,ACTIVO
2998,Residencial,63XXXX17,924XXX627,cliente02998***@correo.com,12,2018-08-15,ACTIVO
2999,Residencial,26XXXX42,938XXX823,cliente02999***@correo.com,7,2023-12-16,ACTIVO
3000,Residencial,34XXXX56,926XXX279,cliente03000***@correo.com,15,2018-01-27,ACTIVO
3001,Residencial,50XXXX10,992XXX371,cliente03001***@correo.com,39,2019-11-22,ACTIVO
3002,Residencial,78XXXX07,942XXX497,cliente03002***@correo.com,3,2019-11-20,ACTIVO
3003,Residencial,22XXXX01,911XXX392,cliente03003***@correo.com,3,2021-03-24,SUSPENDIDO
3004,Residencial,52XXXX85,943XXX198,cliente03004***@correo.com,22,2023-08-26,ACTIVO
3005,Residencial,37XXXX19,915XXX140,cliente03005***@correo.com,28,2023-11-08,ACTIVO
3006,Residencial,53XXXX51,973XXX261,cliente03006***@correo.com,9,2022-03-11,ACTIVO
3007,Residencial,29XXXX52,991XXX702,cliente03007***@correo.com,13,2020-08-28,ACTIVO
3008,Residencial,64XXXX05,980XXX787,cliente03008***@correo.com,38,2019-10-29,ACTIVO
3009,Residencial,74XXXX27,921XXX836,cliente03009***@correo.com,15,2023-05-01,ACTIVO
3010,Residencial,35XXXX74,964XXX696,cliente03010***@correo.com,29,2020-04-09,ACTIVO
3011,Comercial,28XXXX38,914XXX369,cliente03011***@correo.com,7,2019-07-07,ACTIVO
3012,Residencial,44XXXX70,902XXX341,cliente03012***@correo.com,32,2020-05-04,ACTIVO
3013,Residencial,28XXXX06,976XXX927,cliente03013***@correo.com,19,2021-12-18,ACTIVO
3014,Residencial,91XXXX97,976XXX349,cliente03014***@correo.com,26,2024-10-08,ACTIVO
3015,Residencial,28XXXX28,993XXX255,cliente03015***@correo.com,38,2018-03-06,ACTIVO
3016,Residencial,71XXXX87,983XXX700,cliente03016***@correo.com,26,2019-10-31,ACTIVO
3017,Residencial,20XXXX32,909XXX888,cliente03017***@correo.com,5,2018-11-23,ACTIVO
3018,Residencial,73XXXX96,977XXX776,cliente03018***@correo.com,40,2020-03-04,ACTIVO
3019,Residencial,77XXXX64,952XXX422,cliente03019***@correo.com,43,2023-04-26,ACTIVO
3020,Residencial,74XXXX18,937XXX507,cliente03020***@correo.com,19,2024-01-02,ACTIVO
3021,Residencial,82XXXX47,901XXX758,cliente03021***@correo.com,31,2022-01-08,ACTIVO
3022,Residencial,36XXXX17,995XXX124,cliente03022***@correo.com,39,2024-12-06,ACTIVO
3023,Residencial,14XXXX59,954XXX672,cliente03023***@correo.com,26,2019-05-15,ACTIVO
3024,Residencial,33XXXX46,969XXX640,cliente03024***@correo.com,13,2023-03-29,ACTIVO
3025,Residencial,38XXXX89,927XXX049,cliente03025***@correo.com,9,2018-05-20,ACTIVO
3026,Residencial,99XXXX03,938XXX537,cliente03026***@correo.com,36,2021-09-02,ACTIVO
3027,Residencial,74XXXX55,974XXX884,cliente03027***@correo.com,14,2020-05-27,ACTIVO
3028,Residencial,69XXXX22,995XXX364,cliente03028***@correo.com,3,2019-08-30,ACTIVO
3029,Residencial,40XXXX16,910XXX730,cliente03029***@correo.com,26,2021-07-25,ACTIVO
3030,Residencial,85XXXX06,988XXX837,cliente03030***@correo.com,29,2018-07-29,ACTIVO
3031,Residencial,80XXXX53,915XXX119,cliente03031***@correo.com,3,2021-01-02,ACTIVO
3032,Residencial,24XXXX85,945XXX458,cliente03032***@correo.com,9,2020-05-26,ACTIVO
3033,Residencial,30XXXX87,911XXX877,cliente03033***@correo.com,26,2019-05-01,ACTIVO
3034,Residencial,33XXXX95,955XXX226,cliente03034***@correo.com,5,2019-04-29,ACTIVO
3035,Residencial,22XXXX85,910XXX663,cliente03035***@correo.com,40,2024-10-07,ACTIVO
3036,Gobierno,40XXXX10,994XXX567,cliente03036***@correo.com,29,2023-08-02,ACTIVO
3037,Residencial,97XXXX30,932XXX348,cliente03037***@correo.com,9,2023-10-23,ACTIVO
3038,Alumbrado Público,58XXXX35,921XXX969,cliente03038***@correo.com,19,2024-06-05,ACTIVO
3039,Residencial,32XXXX56,961XXX976,cliente03039***@correo.com,29,2024-07-15,ACTIVO
3040,Residencial,29XXXX81,956XXX527,cliente03040***@correo.com,29,2023-09-03,ACTIVO
3041,Residencial,10XXXX56,934XXX112,cliente03041***@correo.com,43,2022-06-01,ACTIVO
3042,Comercial,72XXXX49,964XXX463,cliente03042***@correo.com,42,2018-11-05,ACTIVO
3043,Comercial,11XXXX33,918XXX412,cliente03043***@correo.com,43,2019-10-05,ACTIVO
3044,Residencial,55XXXX92,926XXX057,cliente03044***@correo.com,19,2020-01-08,ACTIVO
3045,Residencial,28XXXX40,907XXX105,cliente03045***@correo.com,38,2022-01-16,ACTIVO
3046,Residencial,90XXXX71,916XXX422,cliente03046***@correo.com,29,2019-06-17,ACTIVO
3047,Residencial,29XXXX90,924XXX382,cliente03047***@correo.com,15,2024-10-03,ACTIVO
3048,Residencial,26XXXX70,937XXX370,cliente03048***@correo.com,26,2020-12-29,ACTIVO
3049,Residencial,33XXXX06,987XXX056,cliente03049***@correo.com,43,2022-02-24,ACTIVO
3050,Residencial,94XXXX67,991XXX438,cliente03050***@correo.com,8,2019-06-12,ACTIVO
3051,Residencial,52XXXX33,930XXX620,cliente03051***@correo.com,35,2021-10-04,ACTIVO
3052,Comercial,25XXXX90,932XXX997,cliente03052***@correo.com,28,2019-02-04,ACTIVO
3053,Residencial,66XXXX49,907XXX010,cliente03053***@correo.com,7,2019-10-23,ACTIVO
3054,Residencial,93XXXX77,989XXX821,cliente03054***@correo.com,7,2024-07-27,ACTIVO
3055,Residencial,90XXXX52,912XXX938,cliente03055***@correo.com,25,2023-08-02,ACTIVO
3056,Residencial,55XXXX39,981XXX601,cliente03056***@correo.com,9,2020-08-26,ACTIVO
3057,Gobierno,81XXXX18,927XXX551,cliente03057***@correo.com,25,2021-06-02,ACTIVO
3058,Residencial,98XXXX09,930XXX507,cliente03058***@correo.com,37,2020-08-04,ACTIVO
3059,Residencial,94XXXX83,910XXX566,cliente03059***@correo.com,10,2018-12-02,ACTIVO
3060,Residencial,76XXXX06,954XXX725,cliente03060***@correo.com,31,2021-08-06,ACTIVO
3061,Residencial,57XXXX82,991XXX620,cliente03061***@correo.com,9,2020-10-05,ACTIVO
3062,Residencial,96XXXX76,983XXX005,cliente03062***@correo.com,28,2020-07-28,ACTIVO
3063,Residencial,98XXXX54,939XXX951,cliente03063***@correo.com,38,2019-11-21,ACTIVO
3064,Residencial,67XXXX02,958XXX311,cliente03064***@correo.com,28,2020-02-28,ACTIVO
3065,Residencial,62XXXX11,950XXX735,cliente03065***@correo.com,29,2018-04-02,ACTIVO
3066,Residencial,30XXXX03,943XXX125,cliente03066***@correo.com,1,2022-09-21,ACTIVO
3067,Gobierno,38XXXX60,963XXX167,cliente03067***@correo.com,43,2018-05-29,ACTIVO
3068,Residencial,27XXXX03,970XXX712,cliente03068***@correo.com,19,2018-03-17,ACTIVO
3069,Comercial,43XXXX94,908XXX254,cliente03069***@correo.com,35,2023-04-17,ACTIVO
3070,Residencial,89XXXX93,963XXX840,cliente03070***@correo.com,40,2019-07-04,ACTIVO
3071,Residencial,38XXXX22,924XXX624,cliente03071***@correo.com,15,2020-11-02,ACTIVO
3072,Residencial,84XXXX12,969XXX241,cliente03072***@correo.com,35,2018-09-03,ACTIVO
3073,Residencial,58XXXX00,963XXX004,cliente03073***@correo.com,28,2018-07-31,ACTIVO
3074,Residencial,64XXXX68,941XXX920,cliente03074***@correo.com,19,2020-07-21,ACTIVO
3075,Residencial,95XXXX09,981XXX426,cliente03075***@correo.com,40,2024-01-11,ACTIVO
3076,Residencial,25XXXX38,906XXX779,cliente03076***@correo.com,28,2024-02-28,ACTIVO
3077,Comercial,41XXXX63,908XXX245,cliente03077***@correo.com,15,2021-12-20,ACTIVO
3078,Residencial,39XXXX60,997XXX179,cliente03078***@correo.com,27,2020-03-24,ACTIVO
3079,Residencial,58XXXX75,913XXX073,cliente03079***@correo.com,9,2021-10-02,ACTIVO
3080,Residencial,83XXXX73,935XXX641,cliente03080***@correo.com,3,2019-10-21,ACTIVO
3081,Residencial,44XXXX51,903XXX741,cliente03081***@correo.com,37,2022-05-19,ACTIVO
3082,Residencial,93XXXX79,939XXX604,cliente03082***@correo.com,19,2023-11-29,ACTIVO
3083,Residencial,85XXXX71,927XXX808,cliente03083***@correo.com,5,2021-12-02,ACTIVO
3084,Comercial,63XXXX10,961XXX264,cliente03084***@correo.com,5,2023-06-04,ACTIVO
3085,Residencial,26XXXX72,914XXX981,cliente03085***@correo.com,13,2021-04-17,ACTIVO
3086,Residencial,48XXXX60,995XXX974,cliente03086***@correo.com,19,2022-10-06,ACTIVO
3087,Industrial,11XXXX31,909XXX795,cliente03087***@correo.com,39,2023-07-09,ACTIVO
3088,Residencial,54XXXX87,957XXX353,cliente03088***@correo.com,29,2022-06-09,ACTIVO
3089,Residencial,66XXXX53,922XXX755,cliente03089***@correo.com,3,2023-07-20,ACTIVO
3090,Residencial,21XXXX86,969XXX717,cliente03090***@correo.com,43,2023-02-23,ACTIVO
3091,Comercial,56XXXX10,957XXX251,cliente03091***@correo.com,7,2020-12-05,ACTIVO
3092,Residencial,98XXXX51,907XXX664,cliente03092***@correo.com,8,2023-12-01,ACTIVO
3093,Residencial,23XXXX53,966XXX446,cliente03093***@correo.com,4,2020-08-04,ACTIVO
3094,Residencial,49XXXX18,990XXX755,cliente03094***@correo.com,9,2020-05-26,ACTIVO
3095,Comercial,68XXXX52,943XXX223,cliente03095***@correo.com,7,2023-09-30,ACTIVO
3096,Residencial,89XXXX71,935XXX911,cliente03096***@correo.com,9,2019-03-29,INACTIVO
3097,Residencial,74XXXX13,912XXX154,cliente03097***@correo.com,15,2023-06-04,ACTIVO
3098,Residencial,45XXXX63,947XXX976,cliente03098***@correo.com,13,2018-11-30,ACTIVO
3099,Residencial,65XXXX38,970XXX899,cliente03099***@correo.com,43,2023-01-30,ACTIVO
3100,Residencial,97XXXX04,980XXX995,cliente03100***@correo.com,29,2024-11-03,ACTIVO
3101,Residencial,96XXXX54,972XXX533,cliente03101***@correo.com,3,2023-07-01,ACTIVO
3102,Residencial,90XXXX04,978XXX773,cliente03102***@correo.com,26,2022-06-10,ACTIVO
3103,Residencial,50XXXX07,996XXX166,cliente03103***@correo.com,7,2023-11-02,ACTIVO
3104,Residencial,98XXXX50,929XXX149,cliente03104***@correo.com,26,2018-10-22,ACTIVO
3105,Residencial,83XXXX42,973XXX163,cliente03105***@correo.com,15,2022-08-15,ACTIVO
3106,Residencial,78XXXX54,997XXX657,cliente03106***@correo.com,26,2020-05-25,ACTIVO
3107,Residencial,12XXXX12,961XXX977,cliente03107***@correo.com,15,2020-06-25,ACTIVO
3108,Residencial,42XXXX24,972XXX750,cliente03108***@correo.com,3,2019-09-25,ACTIVO
3109,Residencial,34XXXX89,999XXX578,cliente03109***@correo.com,29,2023-09-13,ACTIVO
3110,Residencial,96XXXX91,938XXX981,cliente03110***@correo.com,40,2024-04-24,INACTIVO
3111,Residencial,48XXXX01,980XXX529,cliente03111***@correo.com,25,2024-12-13,ACTIVO
3112,Residencial,69XXXX97,977XXX103,cliente03112***@correo.com,5,2018-05-25,ACTIVO
3113,Residencial,89XXXX43,907XXX283,cliente03113***@correo.com,15,2019-12-24,ACTIVO
3114,Residencial,52XXXX56,912XXX137,cliente03114***@correo.com,36,2021-06-15,ACTIVO
3115,Residencial,31XXXX15,974XXX203,cliente03115***@correo.com,30,2023-07-25,INACTIVO
3116,Residencial,65XXXX78,941XXX756,cliente03116***@correo.com,26,2018-03-06,ACTIVO
3117,Residencial,63XXXX81,997XXX258,cliente03117***@correo.com,3,2024-08-27,ACTIVO
3118,Residencial,10XXXX24,983XXX186,cliente03118***@correo.com,5,2018-08-15,ACTIVO
3119,Residencial,69XXXX43,926XXX490,cliente03119***@correo.com,28,2023-10-07,ACTIVO
3120,Residencial,13XXXX87,912XXX001,cliente03120***@correo.com,43,2024-03-25,ACTIVO
3121,Residencial,82XXXX49,905XXX994,cliente03121***@correo.com,9,2021-08-27,ACTIVO
3122,Residencial,71XXXX51,949XXX407,cliente03122***@correo.com,13,2019-10-28,ACTIVO
3123,Residencial,51XXXX01,930XXX411,cliente03123***@correo.com,3,2020-11-12,ACTIVO
3124,Residencial,51XXXX19,954XXX364,cliente03124***@correo.com,7,2019-09-13,ACTIVO
3125,Industrial,23XXXX97,921XXX654,cliente03125***@correo.com,9,2018-08-03,ACTIVO
3126,Residencial,88XXXX74,943XXX858,cliente03126***@correo.com,34,2023-05-28,ACTIVO
3127,Residencial,22XXXX34,935XXX685,cliente03127***@correo.com,30,2018-05-06,ACTIVO
3128,Residencial,43XXXX77,906XXX099,cliente03128***@correo.com,3,2020-12-04,ACTIVO
3129,Residencial,47XXXX72,954XXX641,cliente03129***@correo.com,38,2023-04-19,ACTIVO
3130,Residencial,63XXXX13,950XXX740,cliente03130***@correo.com,7,2022-10-31,ACTIVO
3131,Residencial,34XXXX82,918XXX269,cliente03131***@correo.com,19,2021-12-24,ACTIVO
3132,Comercial,57XXXX03,986XXX708,cliente03132***@correo.com,7,2024-08-01,ACTIVO
3133,Residencial,92XXXX77,916XXX381,cliente03133***@correo.com,3,2024-01-29,ACTIVO
3134,Comercial,52XXXX14,934XXX192,cliente03134***@correo.com,26,2024-02-23,ACTIVO
3135,Residencial,98XXXX52,956XXX837,cliente03135***@correo.com,30,2021-07-12,ACTIVO
3136,Residencial,84XXXX02,942XXX782,cliente03136***@correo.com,29,2022-07-27,ACTIVO
3137,Residencial,98XXXX57,990XXX676,cliente03137***@correo.com,5,2023-04-04,ACTIVO
3138,Residencial,86XXXX49,931XXX075,cliente03138***@correo.com,13,2020-07-03,ACTIVO
3139,Residencial,41XXXX32,954XXX468,cliente03139***@correo.com,15,2023-02-19,ACTIVO
3140,Gobierno,42XXXX63,923XXX484,cliente03140***@correo.com,15,2022-12-13,ACTIVO
3141,Residencial,10XXXX47,966XXX980,cliente03141***@correo.com,28,2024-05-29,ACTIVO
3142,Residencial,25XXXX46,980XXX534,cliente03142***@correo.com,28,2019-03-06,ACTIVO
3143,Residencial,22XXXX15,984XXX939,cliente03143***@correo.com,19,2023-02-26,ACTIVO
3144,Residencial,39XXXX59,988XXX346,cliente03144***@correo.com,6,2022-09-04,ACTIVO
3145,Residencial,17XXXX54,968XXX879,cliente03145***@correo.com,17,2018-03-29,ACTIVO
3146,Residencial,30XXXX72,923XXX773,cliente03146***@correo.com,16,2019-06-08,ACTIVO
3147,Residencial,94XXXX79,975XXX670,cliente03147***@correo.com,43,2019-06-23,ACTIVO
3148,Residencial,34XXXX02,918XXX328,cliente03148***@correo.com,15,2024-08-01,ACTIVO
3149,Residencial,95XXXX04,978XXX591,cliente03149***@correo.com,29,2019-12-14,ACTIVO
3150,Residencial,96XXXX56,988XXX363,cliente03150***@correo.com,33,2021-10-02,ACTIVO
3151,Residencial,87XXXX42,998XXX123,cliente03151***@correo.com,5,2024-08-15,ACTIVO
3152,Gobierno,16XXXX34,940XXX191,cliente03152***@correo.com,13,2023-11-08,ACTIVO
3153,Residencial,85XXXX87,904XXX253,cliente03153***@correo.com,7,2018-04-23,ACTIVO
3154,Residencial,29XXXX23,905XXX921,cliente03154***@correo.com,36,2022-08-01,ACTIVO
3155,Residencial,18XXXX74,980XXX964,cliente03155***@correo.com,26,2023-07-09,ACTIVO
3156,Residencial,73XXXX69,988XXX288,cliente03156***@correo.com,6,2022-01-23,ACTIVO
3157,Residencial,73XXXX62,961XXX150,cliente03157***@correo.com,5,2020-05-11,ACTIVO
3158,Residencial,21XXXX57,911XXX431,cliente03158***@correo.com,7,2019-06-23,ACTIVO
3159,Residencial,97XXXX86,928XXX341,cliente03159***@correo.com,40,2020-08-20,ACTIVO
3160,Residencial,47XXXX27,990XXX741,cliente03160***@correo.com,9,2023-03-31,ACTIVO
3161,Gobierno,87XXXX19,988XXX586,cliente03161***@correo.com,26,2021-05-15,ACTIVO
3162,Residencial,95XXXX20,916XXX472,cliente03162***@correo.com,30,2024-02-17,ACTIVO
3163,Comercial,40XXXX31,960XXX149,cliente03163***@correo.com,21,2023-04-12,ACTIVO
3164,Residencial,65XXXX91,942XXX899,cliente03164***@correo.com,37,2021-04-30,ACTIVO
3165,Residencial,78XXXX78,995XXX788,cliente03165***@correo.com,43,2020-04-23,ACTIVO
3166,Residencial,99XXXX67,979XXX314,cliente03166***@correo.com,40,2020-11-19,ACTIVO
3167,Industrial,67XXXX80,969XXX972,cliente03167***@correo.com,17,2024-07-27,ACTIVO
3168,Residencial,12XXXX46,920XXX030,cliente03168***@correo.com,38,2019-12-26,ACTIVO
3169,Comercial,29XXXX11,914XXX104,cliente03169***@correo.com,15,2018-05-14,ACTIVO
3170,Residencial,44XXXX39,986XXX852,cliente03170***@correo.com,39,2021-01-01,ACTIVO
3171,Residencial,95XXXX72,987XXX431,cliente03171***@correo.com,43,2021-08-22,ACTIVO
3172,Residencial,67XXXX00,967XXX964,cliente03172***@correo.com,7,2022-08-03,ACTIVO
3173,Residencial,26XXXX87,928XXX498,cliente03173***@correo.com,14,2022-12-01,ACTIVO
3174,Residencial,58XXXX41,912XXX961,cliente03174***@correo.com,32,2018-11-29,ACTIVO
3175,Residencial,82XXXX34,963XXX666,cliente03175***@correo.com,9,2022-07-28,ACTIVO
3176,Residencial,52XXXX36,907XXX321,cliente03176***@correo.com,33,2022-06-04,ACTIVO
3177,Comercial,28XXXX78,972XXX987,cliente03177***@correo.com,30,2018-03-14,ACTIVO
3178,Residencial,76XXXX45,910XXX291,cliente03178***@correo.com,29,2020-02-01,ACTIVO
3179,Comercial,49XXXX65,948XXX877,cliente03179***@correo.com,43,2023-04-26,ACTIVO
3180,Residencial,17XXXX56,985XXX981,cliente03180***@correo.com,14,2021-11-29,ACTIVO
3181,Residencial,20XXXX55,981XXX835,cliente03181***@correo.com,26,2023-10-09,ACTIVO
3182,Residencial,47XXXX42,942XXX275,cliente03182***@correo.com,7,2023-09-06,ACTIVO
3183,Residencial,17XXXX45,971XXX496,cliente03183***@correo.com,30,2018-06-04,ACTIVO
3184,Residencial,63XXXX87,907XXX875,cliente03184***@correo.com,26,2019-05-12,ACTIVO
3185,Residencial,24XXXX12,926XXX907,cliente03185***@correo.com,28,2021-05-07,ACTIVO
3186,Residencial,26XXXX70,963XXX670,cliente03186***@correo.com,38,2023-04-10,ACTIVO
3187,Residencial,44XXXX08,997XXX895,cliente03187***@correo.com,8,2020-03-31,ACTIVO
3188,Residencial,71XXXX12,922XXX943,cliente03188***@correo.com,15,2024-04-24,ACTIVO
3189,Residencial,18XXXX93,949XXX076,cliente03189***@correo.com,23,2019-05-14,ACTIVO
3190,Residencial,62XXXX80,904XXX336,cliente03190***@correo.com,4,2020-07-22,ACTIVO
3191,Residencial,94XXXX73,902XXX691,cliente03191***@correo.com,12,2020-09-14,ACTIVO
3192,Residencial,95XXXX28,994XXX788,cliente03192***@correo.com,43,2023-07-27,ACTIVO
3193,Residencial,56XXXX28,954XXX330,cliente03193***@correo.com,3,2022-07-27,ACTIVO
3194,Residencial,67XXXX23,920XXX937,cliente03194***@correo.com,7,2023-07-18,ACTIVO
3195,Residencial,32XXXX08,957XXX956,cliente03195***@correo.com,1,2023-07-16,ACTIVO
3196,Comercial,60XXXX67,952XXX408,cliente03196***@correo.com,9,2019-08-25,ACTIVO
3197,Residencial,97XXXX71,983XXX861,cliente03197***@correo.com,43,2018-06-12,ACTIVO
3198,Comercial,33XXXX14,990XXX012,cliente03198***@correo.com,13,2019-08-17,ACTIVO
3199,Residencial,34XXXX74,955XXX801,cliente03199***@correo.com,15,2021-06-13,ACTIVO
3200,Comercial,11XXXX81,982XXX513,cliente03200***@correo.com,5,2024-05-10,ACTIVO
3201,Residencial,23XXXX71,978XXX725,cliente03201***@correo.com,14,2021-01-08,ACTIVO
3202,Residencial,93XXXX18,916XXX731,cliente03202***@correo.com,40,2023-03-17,ACTIVO
3203,Residencial,55XXXX44,998XXX174,cliente03203***@correo.com,22,2023-12-08,ACTIVO
3204,Residencial,82XXXX24,903XXX054,cliente03204***@correo.com,39,2018-01-22,ACTIVO
3205,Residencial,35XXXX62,962XXX554,cliente03205***@correo.com,15,2018-09-09,ACTIVO
3206,Residencial,50XXXX94,935XXX872,cliente03206***@correo.com,10,2021-06-08,ACTIVO
3207,Comercial,50XXXX86,969XXX192,cliente03207***@correo.com,15,2023-05-03,ACTIVO
3208,Residencial,16XXXX89,980XXX525,cliente03208***@correo.com,5,2019-09-13,ACTIVO
3209,Industrial,27XXXX60,987XXX478,cliente03209***@correo.com,10,2020-10-21,ACTIVO
3210,Residencial,28XXXX83,963XXX506,cliente03210***@correo.com,7,2024-04-28,ACTIVO
3211,Comercial,49XXXX65,972XXX762,cliente03211***@correo.com,32,2019-07-03,ACTIVO
3212,Residencial,17XXXX51,900XXX374,cliente03212***@correo.com,24,2018-03-26,ACTIVO
3213,Alumbrado Público,18XXXX96,997XXX150,cliente03213***@correo.com,32,2018-11-18,ACTIVO
3214,Residencial,33XXXX79,995XXX067,cliente03214***@correo.com,4,2022-08-22,ACTIVO
3215,Residencial,92XXXX57,924XXX554,cliente03215***@correo.com,15,2022-06-13,ACTIVO
3216,Residencial,26XXXX43,962XXX942,cliente03216***@correo.com,9,2021-11-19,ACTIVO
3217,Comercial,45XXXX30,998XXX040,cliente03217***@correo.com,34,2018-04-14,ACTIVO
3218,Residencial,70XXXX80,905XXX027,cliente03218***@correo.com,40,2019-05-22,ACTIVO
3219,Residencial,89XXXX88,913XXX632,cliente03219***@correo.com,3,2023-06-23,ACTIVO
3220,Comercial,34XXXX93,937XXX897,cliente03220***@correo.com,43,2018-10-31,ACTIVO
3221,Residencial,63XXXX29,927XXX616,cliente03221***@correo.com,30,2018-11-23,ACTIVO
3222,Residencial,54XXXX14,950XXX675,cliente03222***@correo.com,35,2021-12-02,ACTIVO
3223,Residencial,87XXXX23,978XXX161,cliente03223***@correo.com,5,2018-12-05,ACTIVO
3224,Residencial,14XXXX64,991XXX314,cliente03224***@correo.com,38,2020-09-10,ACTIVO
3225,Residencial,73XXXX95,918XXX774,cliente03225***@correo.com,39,2020-10-24,ACTIVO
3226,Residencial,50XXXX84,996XXX778,cliente03226***@correo.com,7,2022-08-13,ACTIVO
3227,Residencial,64XXXX44,944XXX898,cliente03227***@correo.com,16,2020-04-20,ACTIVO
3228,Residencial,28XXXX40,988XXX307,cliente03228***@correo.com,6,2023-05-13,ACTIVO
3229,Residencial,39XXXX45,936XXX712,cliente03229***@correo.com,30,2020-01-28,ACTIVO
3230,Residencial,24XXXX68,929XXX080,cliente03230***@correo.com,15,2019-02-28,ACTIVO
3231,Comercial,57XXXX09,990XXX312,cliente03231***@correo.com,28,2023-11-23,ACTIVO
3232,Residencial,44XXXX31,921XXX260,cliente03232***@correo.com,36,2020-05-28,ACTIVO
3233,Residencial,95XXXX28,950XXX412,cliente03233***@correo.com,26,2024-05-01,ACTIVO
3234,Residencial,37XXXX52,932XXX189,cliente03234***@correo.com,15,2020-11-17,ACTIVO
3235,Comercial,36XXXX56,942XXX678,cliente03235***@correo.com,27,2020-09-10,ACTIVO
3236,Residencial,85XXXX58,970XXX713,cliente03236***@correo.com,39,2024-05-21,ACTIVO
3237,Residencial,11XXXX34,955XXX717,cliente03237***@correo.com,43,2019-07-07,ACTIVO
3238,Residencial,94XXXX11,901XXX128,cliente03238***@correo.com,29,2018-07-22,ACTIVO
3239,Residencial,70XXXX42,998XXX406,cliente03239***@correo.com,1,2024-07-02,ACTIVO
3240,Residencial,87XXXX04,906XXX009,cliente03240***@correo.com,15,2023-11-18,ACTIVO
3241,Residencial,18XXXX48,988XXX457,cliente03241***@correo.com,39,2020-09-05,ACTIVO
3242,Residencial,14XXXX64,955XXX922,cliente03242***@correo.com,43,2022-09-15,ACTIVO
3243,Residencial,90XXXX05,919XXX961,cliente03243***@correo.com,15,2023-04-23,ACTIVO
3244,Residencial,24XXXX36,997XXX309,cliente03244***@correo.com,15,2022-12-09,ACTIVO
3245,Residencial,11XXXX33,959XXX686,cliente03245***@correo.com,30,2019-07-27,ACTIVO
3246,Residencial,78XXXX53,928XXX354,cliente03246***@correo.com,26,2019-04-26,ACTIVO
3247,Residencial,37XXXX83,973XXX265,cliente03247***@correo.com,23,2018-10-17,ACTIVO
3248,Industrial,37XXXX07,973XXX432,cliente03248***@correo.com,29,2020-10-08,ACTIVO
3249,Residencial,25XXXX80,970XXX445,cliente03249***@correo.com,18,2018-05-07,ACTIVO
3250,Industrial,36XXXX91,973XXX313,cliente03250***@correo.com,26,2024-09-02,ACTIVO
3251,Residencial,91XXXX32,912XXX794,cliente03251***@correo.com,3,2020-11-27,ACTIVO
3252,Residencial,33XXXX37,919XXX393,cliente03252***@correo.com,28,2021-04-20,SUSPENDIDO
3253,Residencial,53XXXX15,999XXX786,cliente03253***@correo.com,22,2019-07-09,ACTIVO
3254,Residencial,44XXXX28,905XXX655,cliente03254***@correo.com,22,2023-05-20,ACTIVO
3255,Industrial,32XXXX87,988XXX198,cliente03255***@correo.com,15,2024-02-18,ACTIVO
3256,Residencial,87XXXX06,913XXX032,cliente03256***@correo.com,43,2020-03-11,ACTIVO
3257,Residencial,74XXXX91,936XXX122,cliente03257***@correo.com,9,2019-07-16,ACTIVO
3258,Residencial,34XXXX71,919XXX188,cliente03258***@correo.com,22,2022-07-07,ACTIVO
3259,Residencial,68XXXX08,992XXX218,cliente03259***@correo.com,15,2018-01-30,ACTIVO
3260,Residencial,60XXXX46,986XXX324,cliente03260***@correo.com,3,2023-01-10,ACTIVO
3261,Residencial,72XXXX90,994XXX755,cliente03261***@correo.com,4,2022-05-30,ACTIVO
3262,Residencial,75XXXX89,966XXX600,cliente03262***@correo.com,28,2019-11-30,ACTIVO
3263,Residencial,98XXXX68,903XXX443,cliente03263***@correo.com,40,2021-11-22,ACTIVO
3264,Residencial,85XXXX43,946XXX084,cliente03264***@correo.com,40,2019-01-05,ACTIVO
3265,Residencial,10XXXX03,931XXX565,cliente03265***@correo.com,39,2020-02-25,ACTIVO
3266,Comercial,26XXXX67,991XXX240,cliente03266***@correo.com,15,2023-08-14,ACTIVO
3267,Comercial,12XXXX70,980XXX473,cliente03267***@correo.com,30,2020-10-15,ACTIVO
3268,Comercial,52XXXX67,978XXX002,cliente03268***@correo.com,43,2023-09-02,ACTIVO
3269,Residencial,33XXXX50,906XXX384,cliente03269***@correo.com,43,2023-10-10,ACTIVO
3270,Residencial,54XXXX03,952XXX138,cliente03270***@correo.com,43,2023-04-13,ACTIVO
3271,Comercial,78XXXX97,919XXX965,cliente03271***@correo.com,6,2023-09-17,ACTIVO
3272,Comercial,59XXXX23,925XXX660,cliente03272***@correo.com,7,2022-07-12,ACTIVO
3273,Residencial,59XXXX17,959XXX551,cliente03273***@correo.com,31,2022-11-11,ACTIVO
3274,Residencial,97XXXX58,911XXX465,cliente03274***@correo.com,15,2020-02-27,ACTIVO
3275,Residencial,84XXXX29,936XXX847,cliente03275***@correo.com,38,2020-05-07,ACTIVO
3276,Residencial,34XXXX99,999XXX443,cliente03276***@correo.com,29,2023-08-05,ACTIVO
3277,Comercial,48XXXX19,906XXX742,cliente03277***@correo.com,22,2023-04-07,ACTIVO
3278,Residencial,39XXXX41,976XXX813,cliente03278***@correo.com,5,2020-01-13,ACTIVO
3279,Residencial,23XXXX52,913XXX255,cliente03279***@correo.com,7,2021-12-07,ACTIVO
3280,Residencial,56XXXX45,960XXX470,cliente03280***@correo.com,29,2018-07-15,ACTIVO
3281,Residencial,52XXXX58,988XXX053,cliente03281***@correo.com,3,2023-12-08,ACTIVO
3282,Residencial,55XXXX97,941XXX612,cliente03282***@correo.com,36,2023-09-05,ACTIVO
3283,Residencial,53XXXX07,934XXX461,cliente03283***@correo.com,28,2018-06-18,ACTIVO
3284,Residencial,21XXXX59,975XXX097,cliente03284***@correo.com,2,2021-12-08,ACTIVO
3285,Residencial,35XXXX81,945XXX179,cliente03285***@correo.com,28,2018-12-02,ACTIVO
3286,Residencial,23XXXX39,919XXX266,cliente03286***@correo.com,15,2022-10-24,ACTIVO
3287,Residencial,40XXXX67,981XXX665,cliente03287***@correo.com,43,2024-01-25,ACTIVO
3288,Residencial,63XXXX90,976XXX490,cliente03288***@correo.com,1,2021-09-19,ACTIVO
3289,Residencial,61XXXX11,983XXX548,cliente03289***@correo.com,13,2023-12-23,ACTIVO
3290,Residencial,61XXXX81,960XXX115,cliente03290***@correo.com,16,2023-07-06,ACTIVO
3291,Residencial,49XXXX27,900XXX327,cliente03291***@correo.com,31,2023-04-24,ACTIVO
3292,Residencial,90XXXX53,948XXX836,cliente03292***@correo.com,23,2021-05-22,ACTIVO
3293,Comercial,38XXXX87,944XXX695,cliente03293***@correo.com,7,2021-03-15,ACTIVO
3294,Residencial,10XXXX75,956XXX012,cliente03294***@correo.com,34,2018-04-18,ACTIVO
3295,Comercial,56XXXX75,930XXX984,cliente03295***@correo.com,43,2022-05-19,ACTIVO
3296,Residencial,29XXXX40,965XXX636,cliente03296***@correo.com,7,2019-09-10,ACTIVO
3297,Residencial,75XXXX54,916XXX688,cliente03297***@correo.com,30,2024-09-26,ACTIVO
3298,Residencial,74XXXX29,941XXX203,cliente03298***@correo.com,3,2023-11-07,ACTIVO
3299,Comercial,56XXXX77,906XXX684,cliente03299***@correo.com,31,2020-11-09,ACTIVO
3300,Comercial,74XXXX59,937XXX194,cliente03300***@correo.com,5,2021-05-26,ACTIVO
3301,Residencial,34XXXX39,960XXX905,cliente03301***@correo.com,7,2018-05-07,ACTIVO
3302,Residencial,59XXXX37,909XXX972,cliente03302***@correo.com,28,2023-01-10,ACTIVO
3303,Residencial,23XXXX64,907XXX650,cliente03303***@correo.com,2,2024-06-04,ACTIVO
3304,Residencial,22XXXX18,911XXX597,cliente03304***@correo.com,29,2020-11-14,ACTIVO
3305,Residencial,75XXXX73,944XXX609,cliente03305***@correo.com,18,2018-07-29,ACTIVO
3306,Residencial,89XXXX19,925XXX205,cliente03306***@correo.com,15,2021-01-29,ACTIVO
3307,Residencial,21XXXX69,981XXX890,cliente03307***@correo.com,26,2022-05-25,ACTIVO
3308,Residencial,87XXXX07,914XXX295,cliente03308***@correo.com,38,2020-02-10,ACTIVO
3309,Residencial,41XXXX53,931XXX901,cliente03309***@correo.com,30,2018-04-26,ACTIVO
3310,Residencial,72XXXX31,988XXX998,cliente03310***@correo.com,21,2023-06-13,ACTIVO
3311,Residencial,49XXXX14,924XXX634,cliente03311***@correo.com,6,2023-11-24,ACTIVO
3312,Residencial,11XXXX89,955XXX891,cliente03312***@correo.com,15,2024-12-27,ACTIVO
3313,Comercial,35XXXX02,918XXX370,cliente03313***@correo.com,26,2023-07-01,ACTIVO
3314,Residencial,77XXXX78,981XXX136,cliente03314***@correo.com,20,2024-05-13,ACTIVO
3315,Residencial,73XXXX45,942XXX129,cliente03315***@correo.com,5,2023-11-23,ACTIVO
3316,Comercial,95XXXX53,981XXX760,cliente03316***@correo.com,13,2018-03-25,ACTIVO
3317,Residencial,22XXXX53,911XXX722,cliente03317***@correo.com,15,2023-12-12,ACTIVO
3318,Residencial,96XXXX67,953XXX065,cliente03318***@correo.com,3,2022-04-19,ACTIVO
3319,Residencial,71XXXX71,946XXX434,cliente03319***@correo.com,39,2019-06-10,ACTIVO
3320,Residencial,47XXXX54,994XXX204,cliente03320***@correo.com,29,2024-04-23,ACTIVO
3321,Residencial,78XXXX31,992XXX532,cliente03321***@correo.com,15,2022-01-09,ACTIVO
3322,Residencial,12XXXX64,983XXX290,cliente03322***@correo.com,11,2018-11-08,ACTIVO
3323,Residencial,75XXXX81,994XXX167,cliente03323***@correo.com,27,2020-01-20,ACTIVO
3324,Residencial,34XXXX33,999XXX284,cliente03324***@correo.com,29,2019-05-05,ACTIVO
3325,Residencial,27XXXX45,981XXX154,cliente03325***@correo.com,7,2023-10-06,ACTIVO
3326,Residencial,65XXXX61,938XXX150,cliente03326***@correo.com,7,2022-07-30,ACTIVO
3327,Residencial,25XXXX01,978XXX035,cliente03327***@correo.com,4,2023-07-24,ACTIVO
3328,Residencial,88XXXX60,933XXX403,cliente03328***@correo.com,15,2019-08-09,ACTIVO
3329,Residencial,93XXXX49,992XXX852,cliente03329***@correo.com,4,2023-12-03,ACTIVO
3330,Residencial,16XXXX58,983XXX423,cliente03330***@correo.com,30,2018-11-05,ACTIVO
3331,Residencial,28XXXX85,991XXX594,cliente03331***@correo.com,15,2021-02-01,ACTIVO
3332,Residencial,89XXXX27,960XXX219,cliente03332***@correo.com,13,2020-09-02,ACTIVO
3333,Residencial,70XXXX71,947XXX734,cliente03333***@correo.com,42,2019-03-07,ACTIVO
3334,Comercial,60XXXX79,901XXX014,cliente03334***@correo.com,9,2022-09-23,ACTIVO
3335,Residencial,44XXXX44,902XXX646,cliente03335***@correo.com,17,2020-03-08,ACTIVO
3336,Residencial,66XXXX18,912XXX497,cliente03336***@correo.com,17,2022-08-23,ACTIVO
3337,Residencial,13XXXX59,971XXX091,cliente03337***@correo.com,28,2021-10-15,ACTIVO
3338,Residencial,90XXXX04,996XXX373,cliente03338***@correo.com,7,2023-09-09,ACTIVO
3339,Residencial,16XXXX43,929XXX269,cliente03339***@correo.com,39,2018-06-20,ACTIVO
3340,Residencial,14XXXX28,942XXX921,cliente03340***@correo.com,28,2021-11-11,ACTIVO
3341,Residencial,41XXXX16,937XXX526,cliente03341***@correo.com,13,2018-04-11,ACTIVO
3342,Residencial,63XXXX56,969XXX656,cliente03342***@correo.com,7,2018-05-05,ACTIVO
3343,Comercial,64XXXX41,962XXX649,cliente03343***@correo.com,9,2018-03-10,ACTIVO
3344,Residencial,74XXXX80,919XXX915,cliente03344***@correo.com,4,2024-05-19,ACTIVO
3345,Comercial,29XXXX23,990XXX501,cliente03345***@correo.com,15,2021-12-19,ACTIVO
3346,Residencial,46XXXX12,989XXX783,cliente03346***@correo.com,40,2021-03-17,ACTIVO
3347,Alumbrado Público,84XXXX19,960XXX958,cliente03347***@correo.com,6,2018-04-12,ACTIVO
3348,Residencial,19XXXX85,934XXX252,cliente03348***@correo.com,32,2020-09-07,ACTIVO
3349,Residencial,29XXXX18,920XXX847,cliente03349***@correo.com,40,2021-07-24,ACTIVO
3350,Residencial,33XXXX69,925XXX448,cliente03350***@correo.com,15,2020-06-27,ACTIVO
3351,Residencial,73XXXX99,944XXX519,cliente03351***@correo.com,9,2019-05-21,INACTIVO
3352,Residencial,38XXXX31,998XXX103,cliente03352***@correo.com,3,2022-12-27,ACTIVO
3353,Residencial,42XXXX10,991XXX052,cliente03353***@correo.com,17,2024-02-03,ACTIVO
3354,Residencial,75XXXX85,938XXX862,cliente03354***@correo.com,15,2024-05-23,ACTIVO
3355,Residencial,31XXXX11,977XXX712,cliente03355***@correo.com,15,2024-11-03,ACTIVO
3356,Residencial,94XXXX69,943XXX215,cliente03356***@correo.com,28,2019-09-11,ACTIVO
3357,Residencial,78XXXX04,989XXX749,cliente03357***@correo.com,29,2021-09-07,ACTIVO
3358,Residencial,21XXXX73,904XXX996,cliente03358***@correo.com,30,2023-10-29,ACTIVO
3359,Residencial,16XXXX32,945XXX668,cliente03359***@correo.com,41,2024-12-19,ACTIVO
3360,Residencial,22XXXX77,976XXX639,cliente03360***@correo.com,29,2022-07-28,INACTIVO
3361,Residencial,72XXXX57,926XXX261,cliente03361***@correo.com,5,2024-05-28,ACTIVO
3362,Comercial,29XXXX28,967XXX537,cliente03362***@correo.com,40,2020-10-22,ACTIVO
3363,Residencial,87XXXX03,910XXX302,cliente03363***@correo.com,43,2021-12-03,ACTIVO
3364,Comercial,90XXXX37,943XXX467,cliente03364***@correo.com,4,2024-11-06,ACTIVO
3365,Residencial,68XXXX72,957XXX423,cliente03365***@correo.com,28,2024-08-19,ACTIVO
3366,Residencial,51XXXX47,986XXX499,cliente03366***@correo.com,2,2022-09-30,ACTIVO
3367,Residencial,82XXXX19,992XXX113,cliente03367***@correo.com,3,2018-04-28,ACTIVO
3368,Residencial,22XXXX78,935XXX128,cliente03368***@correo.com,43,2018-05-01,ACTIVO
3369,Residencial,93XXXX37,975XXX188,cliente03369***@correo.com,29,2018-04-17,ACTIVO
3370,Residencial,55XXXX08,953XXX286,cliente03370***@correo.com,15,2024-05-25,ACTIVO
3371,Residencial,78XXXX02,996XXX400,cliente03371***@correo.com,7,2019-01-21,ACTIVO
3372,Comercial,58XXXX05,978XXX779,cliente03372***@correo.com,27,2020-04-13,ACTIVO
3373,Residencial,39XXXX04,927XXX824,cliente03373***@correo.com,42,2020-05-24,ACTIVO
3374,Comercial,89XXXX28,976XXX864,cliente03374***@correo.com,4,2023-11-20,ACTIVO
3375,Residencial,98XXXX59,944XXX807,cliente03375***@correo.com,39,2021-04-28,ACTIVO
3376,Residencial,57XXXX68,971XXX152,cliente03376***@correo.com,7,2023-04-19,ACTIVO
3377,Residencial,83XXXX44,917XXX758,cliente03377***@correo.com,39,2024-12-11,ACTIVO
3378,Residencial,87XXXX18,982XXX033,cliente03378***@correo.com,3,2022-11-21,ACTIVO
3379,Residencial,46XXXX75,985XXX687,cliente03379***@correo.com,26,2024-05-15,ACTIVO
3380,Residencial,94XXXX87,959XXX005,cliente03380***@correo.com,38,2022-10-03,ACTIVO
3381,Residencial,74XXXX01,932XXX068,cliente03381***@correo.com,43,2021-07-22,ACTIVO
3382,Comercial,76XXXX69,949XXX106,cliente03382***@correo.com,38,2023-11-16,ACTIVO
3383,Residencial,97XXXX73,962XXX867,cliente03383***@correo.com,24,2021-01-19,ACTIVO
3384,Residencial,97XXXX23,921XXX950,cliente03384***@correo.com,5,2021-10-09,ACTIVO
3385,Residencial,53XXXX10,984XXX484,cliente03385***@correo.com,18,2018-04-24,ACTIVO
3386,Residencial,22XXXX69,993XXX373,cliente03386***@correo.com,15,2018-11-04,ACTIVO
3387,Residencial,92XXXX88,985XXX034,cliente03387***@correo.com,43,2018-01-02,ACTIVO
3388,Comercial,78XXXX44,991XXX874,cliente03388***@correo.com,29,2024-09-05,ACTIVO
3389,Residencial,57XXXX11,996XXX021,cliente03389***@correo.com,7,2019-10-26,ACTIVO
3390,Residencial,39XXXX24,958XXX518,cliente03390***@correo.com,40,2018-12-13,ACTIVO
3391,Residencial,29XXXX31,974XXX937,cliente03391***@correo.com,17,2020-10-07,ACTIVO
3392,Residencial,21XXXX11,953XXX339,cliente03392***@correo.com,30,2019-01-31,ACTIVO
3393,Comercial,87XXXX61,924XXX780,cliente03393***@correo.com,38,2018-04-19,ACTIVO
3394,Residencial,29XXXX10,965XXX783,cliente03394***@correo.com,7,2023-03-07,ACTIVO
3395,Residencial,43XXXX48,959XXX317,cliente03395***@correo.com,9,2018-10-17,ACTIVO
3396,Residencial,91XXXX33,981XXX632,cliente03396***@correo.com,3,2023-05-12,ACTIVO
3397,Residencial,77XXXX55,998XXX062,cliente03397***@correo.com,7,2024-11-19,ACTIVO
3398,Residencial,78XXXX58,995XXX865,cliente03398***@correo.com,15,2018-02-14,ACTIVO
3399,Residencial,53XXXX25,913XXX808,cliente03399***@correo.com,18,2021-03-08,ACTIVO
3400,Residencial,43XXXX73,938XXX802,cliente03400***@correo.com,5,2018-03-09,ACTIVO
3401,Residencial,52XXXX30,964XXX187,cliente03401***@correo.com,15,2019-06-12,ACTIVO
3402,Residencial,67XXXX24,929XXX238,cliente03402***@correo.com,3,2019-03-24,ACTIVO
3403,Residencial,78XXXX68,910XXX249,cliente03403***@correo.com,38,2020-10-22,ACTIVO
3404,Residencial,41XXXX11,946XXX815,cliente03404***@correo.com,9,2020-11-19,ACTIVO
3405,Residencial,76XXXX38,953XXX984,cliente03405***@correo.com,42,2020-08-29,ACTIVO
3406,Residencial,69XXXX18,984XXX129,cliente03406***@correo.com,39,2018-08-16,ACTIVO
3407,Residencial,77XXXX76,984XXX347,cliente03407***@correo.com,7,2020-10-01,ACTIVO
3408,Residencial,71XXXX93,981XXX043,cliente03408***@correo.com,37,2024-08-07,ACTIVO
3409,Residencial,31XXXX80,944XXX116,cliente03409***@correo.com,30,2020-12-03,ACTIVO
3410,Residencial,15XXXX72,998XXX898,cliente03410***@correo.com,9,2022-12-07,ACTIVO
3411,Residencial,41XXXX89,908XXX521,cliente03411***@correo.com,12,2020-01-29,ACTIVO
3412,Residencial,44XXXX16,945XXX566,cliente03412***@correo.com,43,2021-11-20,ACTIVO
3413,Residencial,86XXXX26,934XXX994,cliente03413***@correo.com,28,2022-07-06,ACTIVO
3414,Residencial,29XXXX51,950XXX281,cliente03414***@correo.com,15,2019-05-06,ACTIVO
3415,Residencial,48XXXX83,997XXX123,cliente03415***@correo.com,4,2023-04-23,ACTIVO
3416,Residencial,25XXXX97,942XXX919,cliente03416***@correo.com,31,2018-05-09,ACTIVO
3417,Residencial,32XXXX72,970XXX670,cliente03417***@correo.com,19,2022-11-26,ACTIVO
3418,Residencial,91XXXX85,916XXX560,cliente03418***@correo.com,5,2021-09-23,ACTIVO
3419,Residencial,79XXXX09,943XXX829,cliente03419***@correo.com,3,2022-02-02,ACTIVO
3420,Residencial,55XXXX73,904XXX469,cliente03420***@correo.com,9,2023-07-05,ACTIVO
3421,Residencial,19XXXX39,903XXX256,cliente03421***@correo.com,18,2024-07-12,ACTIVO
3422,Residencial,90XXXX11,923XXX166,cliente03422***@correo.com,15,2020-10-25,ACTIVO
3423,Residencial,12XXXX28,984XXX056,cliente03423***@correo.com,37,2018-03-15,SUSPENDIDO
3424,Residencial,13XXXX94,943XXX944,cliente03424***@correo.com,13,2024-03-25,ACTIVO
3425,Residencial,41XXXX33,906XXX904,cliente03425***@correo.com,26,2024-12-20,ACTIVO
3426,Residencial,92XXXX84,983XXX306,cliente03426***@correo.com,28,2019-05-11,ACTIVO
3427,Residencial,90XXXX99,959XXX855,cliente03427***@correo.com,37,2023-06-10,ACTIVO
3428,Residencial,28XXXX74,952XXX039,cliente03428***@correo.com,32,2020-03-28,ACTIVO
3429,Residencial,58XXXX77,958XXX623,cliente03429***@correo.com,4,2024-01-25,ACTIVO
3430,Residencial,41XXXX39,992XXX290,cliente03430***@correo.com,15,2018-06-19,ACTIVO
3431,Residencial,40XXXX57,967XXX178,cliente03431***@correo.com,7,2024-12-22,ACTIVO
3432,Residencial,14XXXX72,985XXX148,cliente03432***@correo.com,13,2018-09-01,ACTIVO
3433,Residencial,65XXXX82,916XXX032,cliente03433***@correo.com,32,2018-08-11,ACTIVO
3434,Residencial,25XXXX84,929XXX688,cliente03434***@correo.com,29,2024-10-12,ACTIVO
3435,Residencial,99XXXX17,965XXX629,cliente03435***@correo.com,43,2024-11-26,ACTIVO
3436,Residencial,48XXXX65,922XXX415,cliente03436***@correo.com,3,2024-04-29,ACTIVO
3437,Residencial,79XXXX34,900XXX695,cliente03437***@correo.com,40,2020-12-25,ACTIVO
3438,Residencial,12XXXX18,983XXX185,cliente03438***@correo.com,3,2024-08-14,ACTIVO
3439,Residencial,68XXXX14,976XXX663,cliente03439***@correo.com,5,2019-03-28,ACTIVO
3440,Residencial,78XXXX03,918XXX331,cliente03440***@correo.com,3,2024-10-08,ACTIVO
3441,Alumbrado Público,55XXXX52,939XXX217,cliente03441***@correo.com,4,2024-11-29,ACTIVO
3442,Industrial,16XXXX37,963XXX008,cliente03442***@correo.com,25,2021-11-21,ACTIVO
3443,Residencial,65XXXX77,938XXX305,cliente03443***@correo.com,40,2020-12-05,ACTIVO
3444,Residencial,42XXXX25,959XXX319,cliente03444***@correo.com,15,2020-04-26,ACTIVO
3445,Residencial,14XXXX97,927XXX366,cliente03445***@correo.com,9,2022-05-10,ACTIVO
3446,Residencial,66XXXX97,941XXX184,cliente03446***@correo.com,2,2019-08-08,ACTIVO
3447,Residencial,95XXXX00,930XXX623,cliente03447***@correo.com,43,2022-05-30,ACTIVO
3448,Residencial,14XXXX90,937XXX068,cliente03448***@correo.com,24,2020-10-29,ACTIVO
3449,Residencial,80XXXX51,939XXX163,cliente03449***@correo.com,7,2021-12-06,ACTIVO
3450,Residencial,47XXXX87,909XXX692,cliente03450***@correo.com,5,2018-05-06,ACTIVO
3451,Residencial,47XXXX01,997XXX879,cliente03451***@correo.com,5,2018-04-28,ACTIVO
3452,Residencial,98XXXX75,931XXX398,cliente03452***@correo.com,30,2024-08-24,ACTIVO
3453,Residencial,36XXXX75,909XXX701,cliente03453***@correo.com,39,2021-01-06,ACTIVO
3454,Comercial,67XXXX57,976XXX307,cliente03454***@correo.com,43,2020-11-19,ACTIVO
3455,Residencial,55XXXX26,937XXX615,cliente03455***@correo.com,5,2021-12-24,ACTIVO
3456,Residencial,31XXXX92,906XXX207,cliente03456***@correo.com,33,2020-10-08,ACTIVO
3457,Residencial,13XXXX84,976XXX176,cliente03457***@correo.com,43,2023-07-22,ACTIVO
3458,Residencial,47XXXX89,998XXX937,cliente03458***@correo.com,3,2020-03-14,ACTIVO
3459,Residencial,46XXXX60,916XXX616,cliente03459***@correo.com,13,2018-09-06,ACTIVO
3460,Residencial,34XXXX75,998XXX335,cliente03460***@correo.com,3,2020-04-12,ACTIVO
3461,Residencial,96XXXX72,974XXX802,cliente03461***@correo.com,30,2020-12-18,ACTIVO
3462,Residencial,14XXXX44,918XXX467,cliente03462***@correo.com,15,2022-03-01,ACTIVO
3463,Residencial,35XXXX59,942XXX027,cliente03463***@correo.com,28,2020-12-10,ACTIVO
3464,Residencial,94XXXX41,916XXX293,cliente03464***@correo.com,29,2020-08-03,ACTIVO
3465,Residencial,31XXXX35,973XXX683,cliente03465***@correo.com,5,2022-03-04,ACTIVO
3466,Residencial,54XXXX22,905XXX444,cliente03466***@correo.com,3,2022-02-17,ACTIVO
3467,Residencial,32XXXX81,934XXX823,cliente03467***@correo.com,26,2023-12-23,ACTIVO
3468,Residencial,90XXXX38,945XXX873,cliente03468***@correo.com,15,2021-07-14,ACTIVO
3469,Comercial,99XXXX85,982XXX387,cliente03469***@correo.com,16,2018-01-09,ACTIVO
3470,Residencial,19XXXX69,908XXX051,cliente03470***@correo.com,39,2019-01-17,ACTIVO
3471,Residencial,46XXXX66,912XXX257,cliente03471***@correo.com,20,2019-10-02,ACTIVO
3472,Comercial,23XXXX38,907XXX499,cliente03472***@correo.com,34,2023-03-04,ACTIVO
3473,Comercial,73XXXX35,990XXX512,cliente03473***@correo.com,25,2020-12-17,INACTIVO
3474,Residencial,95XXXX98,913XXX845,cliente03474***@correo.com,26,2019-11-18,ACTIVO
3475,Residencial,39XXXX29,969XXX681,cliente03475***@correo.com,31,2022-12-13,ACTIVO
3476,Residencial,90XXXX62,945XXX179,cliente03476***@correo.com,29,2018-05-01,ACTIVO
3477,Residencial,74XXXX16,986XXX867,cliente03477***@correo.com,37,2024-11-11,INACTIVO
3478,Comercial,31XXXX45,993XXX405,cliente03478***@correo.com,10,2018-01-01,ACTIVO
3479,Residencial,73XXXX39,994XXX385,cliente03479***@correo.com,19,2020-10-04,ACTIVO
3480,Residencial,52XXXX95,980XXX349,cliente03480***@correo.com,29,2024-06-10,ACTIVO
3481,Residencial,34XXXX80,922XXX609,cliente03481***@correo.com,9,2022-06-28,ACTIVO
3482,Comercial,79XXXX41,927XXX220,cliente03482***@correo.com,39,2022-05-09,ACTIVO
3483,Residencial,68XXXX29,917XXX282,cliente03483***@correo.com,14,2024-02-23,ACTIVO
3484,Residencial,60XXXX06,912XXX517,cliente03484***@correo.com,43,2021-05-02,ACTIVO
3485,Residencial,21XXXX61,924XXX602,cliente03485***@correo.com,28,2024-05-28,ACTIVO
3486,Residencial,13XXXX81,953XXX345,cliente03486***@correo.com,30,2018-10-07,ACTIVO
3487,Residencial,89XXXX28,997XXX873,cliente03487***@correo.com,17,2018-05-26,ACTIVO
3488,Comercial,28XXXX35,934XXX451,cliente03488***@correo.com,30,2022-06-20,ACTIVO
3489,Residencial,20XXXX07,979XXX503,cliente03489***@correo.com,43,2022-08-05,ACTIVO
3490,Alumbrado Público,34XXXX69,982XXX685,cliente03490***@correo.com,6,2022-07-05,ACTIVO
3491,Residencial,92XXXX23,906XXX936,cliente03491***@correo.com,20,2018-11-07,ACTIVO
3492,Residencial,94XXXX87,944XXX230,cliente03492***@correo.com,22,2024-10-20,ACTIVO
3493,Residencial,96XXXX51,981XXX928,cliente03493***@correo.com,15,2023-05-03,ACTIVO
3494,Residencial,70XXXX03,982XXX801,cliente03494***@correo.com,43,2023-12-27,ACTIVO
3495,Comercial,50XXXX85,997XXX399,cliente03495***@correo.com,9,2023-07-18,ACTIVO
3496,Residencial,18XXXX53,913XXX780,cliente03496***@correo.com,2,2018-10-18,ACTIVO
3497,Residencial,43XXXX93,978XXX878,cliente03497***@correo.com,28,2019-08-14,ACTIVO
3498,Residencial,64XXXX94,922XXX034,cliente03498***@correo.com,15,2019-10-25,ACTIVO
3499,Residencial,82XXXX01,908XXX925,cliente03499***@correo.com,26,2024-05-08,ACTIVO
3500,Comercial,38XXXX37,968XXX312,cliente03500***@correo.com,35,2023-08-15,ACTIVO
3501,Residencial,60XXXX95,934XXX081,cliente03501***@correo.com,30,2021-08-31,ACTIVO
3502,Residencial,68XXXX52,911XXX757,cliente03502***@correo.com,22,2019-03-05,ACTIVO
3503,Residencial,47XXXX88,985XXX583,cliente03503***@correo.com,21,2021-03-28,ACTIVO
3504,Residencial,44XXXX68,973XXX266,cliente03504***@correo.com,29,2023-11-22,ACTIVO
3505,Residencial,70XXXX60,967XXX453,cliente03505***@correo.com,15,2021-11-21,ACTIVO
3506,Residencial,33XXXX06,973XXX168,cliente03506***@correo.com,26,2019-12-22,ACTIVO
3507,Residencial,85XXXX63,932XXX504,cliente03507***@correo.com,3,2023-08-12,ACTIVO
3508,Alumbrado Público,10XXXX83,925XXX810,cliente03508***@correo.com,15,2023-02-06,ACTIVO
3509,Residencial,45XXXX11,991XXX671,cliente03509***@correo.com,17,2023-12-16,ACTIVO
3510,Industrial,27XXXX99,959XXX295,cliente03510***@correo.com,30,2019-10-05,ACTIVO
3511,Comercial,88XXXX45,963XXX621,cliente03511***@correo.com,29,2021-07-23,ACTIVO
3512,Residencial,35XXXX12,901XXX616,cliente03512***@correo.com,9,2018-09-30,ACTIVO
3513,Residencial,70XXXX07,933XXX143,cliente03513***@correo.com,30,2024-08-03,ACTIVO
3514,Residencial,85XXXX99,992XXX560,cliente03514***@correo.com,10,2019-01-05,ACTIVO
3515,Residencial,35XXXX15,988XXX422,cliente03515***@correo.com,9,2021-12-13,ACTIVO
3516,Residencial,65XXXX20,919XXX307,cliente03516***@correo.com,5,2018-12-21,ACTIVO
3517,Comercial,88XXXX79,957XXX825,cliente03517***@correo.com,30,2023-06-05,ACTIVO
3518,Residencial,37XXXX66,923XXX223,cliente03518***@correo.com,13,2024-10-31,ACTIVO
3519,Residencial,30XXXX09,956XXX642,cliente03519***@correo.com,43,2024-07-03,ACTIVO
3520,Residencial,93XXXX14,900XXX181,cliente03520***@correo.com,26,2019-03-11,ACTIVO
3521,Residencial,30XXXX79,986XXX248,cliente03521***@correo.com,9,2021-11-04,ACTIVO
3522,Residencial,24XXXX53,988XXX869,cliente03522***@correo.com,3,2018-07-05,ACTIVO
3523,Comercial,81XXXX00,969XXX042,cliente03523***@correo.com,15,2023-01-19,ACTIVO
3524,Residencial,73XXXX45,995XXX549,cliente03524***@correo.com,40,2020-06-02,ACTIVO
3525,Residencial,67XXXX45,902XXX183,cliente03525***@correo.com,3,2024-12-25,ACTIVO
3526,Residencial,46XXXX42,991XXX215,cliente03526***@correo.com,25,2023-09-01,ACTIVO
3527,Residencial,73XXXX68,917XXX072,cliente03527***@correo.com,19,2019-03-26,ACTIVO
3528,Residencial,85XXXX88,982XXX120,cliente03528***@correo.com,7,2024-01-23,ACTIVO
3529,Residencial,86XXXX66,977XXX892,cliente03529***@correo.com,8,2018-12-01,ACTIVO
3530,Residencial,91XXXX80,994XXX691,cliente03530***@correo.com,9,2018-11-16,ACTIVO
3531,Residencial,43XXXX78,936XXX107,cliente03531***@correo.com,7,2024-04-14,ACTIVO
3532,Residencial,42XXXX03,984XXX210,cliente03532***@correo.com,33,2022-09-23,ACTIVO
3533,Residencial,78XXXX87,947XXX279,cliente03533***@correo.com,13,2018-03-06,ACTIVO
3534,Residencial,22XXXX85,957XXX525,cliente03534***@correo.com,7,2024-12-18,ACTIVO
3535,Residencial,21XXXX05,945XXX839,cliente03535***@correo.com,12,2019-06-01,ACTIVO
3536,Residencial,43XXXX16,910XXX802,cliente03536***@correo.com,15,2022-01-13,ACTIVO
3537,Residencial,54XXXX40,975XXX109,cliente03537***@correo.com,9,2018-10-18,ACTIVO
3538,Comercial,64XXXX55,975XXX157,cliente03538***@correo.com,37,2018-11-14,ACTIVO
3539,Residencial,62XXXX35,972XXX254,cliente03539***@correo.com,7,2019-06-06,ACTIVO
3540,Residencial,17XXXX31,933XXX891,cliente03540***@correo.com,31,2019-06-28,ACTIVO
3541,Residencial,46XXXX17,999XXX979,cliente03541***@correo.com,9,2022-10-28,ACTIVO
3542,Residencial,86XXXX39,962XXX414,cliente03542***@correo.com,19,2019-02-10,ACTIVO
3543,Residencial,85XXXX14,931XXX172,cliente03543***@correo.com,12,2022-03-21,ACTIVO
3544,Residencial,28XXXX38,949XXX178,cliente03544***@correo.com,15,2021-10-06,ACTIVO
3545,Residencial,66XXXX38,998XXX881,cliente03545***@correo.com,3,2018-03-24,ACTIVO
3546,Residencial,28XXXX33,912XXX858,cliente03546***@correo.com,15,2023-04-05,ACTIVO
3547,Residencial,98XXXX70,971XXX095,cliente03547***@correo.com,7,2022-10-21,ACTIVO
3548,Residencial,60XXXX74,975XXX875,cliente03548***@correo.com,28,2023-03-12,ACTIVO
3549,Residencial,17XXXX77,914XXX255,cliente03549***@correo.com,10,2018-09-12,ACTIVO
3550,Residencial,60XXXX84,902XXX344,cliente03550***@correo.com,15,2021-05-06,ACTIVO
3551,Residencial,62XXXX27,929XXX309,cliente03551***@correo.com,19,2021-04-08,ACTIVO
3552,Residencial,54XXXX52,964XXX187,cliente03552***@correo.com,9,2020-03-03,INACTIVO
3553,Residencial,24XXXX02,936XXX179,cliente03553***@correo.com,28,2023-05-16,ACTIVO
3554,Residencial,61XXXX60,908XXX273,cliente03554***@correo.com,5,2024-02-18,ACTIVO
3555,Residencial,90XXXX85,919XXX162,cliente03555***@correo.com,7,2021-02-10,ACTIVO
3556,Residencial,42XXXX68,968XXX132,cliente03556***@correo.com,7,2023-04-06,ACTIVO
3557,Residencial,96XXXX07,921XXX176,cliente03557***@correo.com,10,2021-08-17,ACTIVO
3558,Residencial,97XXXX45,964XXX625,cliente03558***@correo.com,32,2021-10-16,ACTIVO
3559,Residencial,12XXXX70,916XXX867,cliente03559***@correo.com,8,2020-08-26,ACTIVO
3560,Residencial,91XXXX32,984XXX103,cliente03560***@correo.com,29,2022-01-24,ACTIVO
3561,Residencial,71XXXX71,976XXX363,cliente03561***@correo.com,20,2022-03-12,ACTIVO
3562,Residencial,54XXXX90,928XXX822,cliente03562***@correo.com,15,2021-04-13,ACTIVO
3563,Residencial,20XXXX51,919XXX078,cliente03563***@correo.com,3,2022-04-24,ACTIVO
3564,Residencial,86XXXX97,996XXX435,cliente03564***@correo.com,29,2020-05-13,ACTIVO
3565,Residencial,44XXXX42,937XXX036,cliente03565***@correo.com,26,2023-02-09,ACTIVO
3566,Residencial,90XXXX06,906XXX363,cliente03566***@correo.com,11,2018-10-18,ACTIVO
3567,Residencial,14XXXX38,919XXX992,cliente03567***@correo.com,31,2018-07-09,ACTIVO
3568,Industrial,43XXXX90,974XXX399,cliente03568***@correo.com,34,2022-08-28,ACTIVO
3569,Residencial,14XXXX01,926XXX385,cliente03569***@correo.com,25,2018-02-16,ACTIVO
3570,Comercial,47XXXX80,918XXX494,cliente03570***@correo.com,43,2022-02-09,ACTIVO
3571,Residencial,51XXXX50,925XXX411,cliente03571***@correo.com,3,2021-09-13,ACTIVO
3572,Residencial,90XXXX45,910XXX916,cliente03572***@correo.com,2,2018-06-24,ACTIVO
3573,Residencial,69XXXX51,943XXX052,cliente03573***@correo.com,31,2018-12-19,ACTIVO
3574,Industrial,28XXXX13,904XXX541,cliente03574***@correo.com,9,2020-10-20,ACTIVO
3575,Residencial,36XXXX12,971XXX733,cliente03575***@correo.com,28,2018-10-22,ACTIVO
3576,Residencial,92XXXX01,951XXX681,cliente03576***@correo.com,28,2024-05-01,ACTIVO
3577,Residencial,99XXXX18,969XXX966,cliente03577***@correo.com,15,2019-11-22,ACTIVO
3578,Residencial,86XXXX69,912XXX242,cliente03578***@correo.com,28,2020-02-15,ACTIVO
3579,Residencial,76XXXX60,957XXX501,cliente03579***@correo.com,15,2021-02-27,ACTIVO
3580,Residencial,66XXXX93,937XXX314,cliente03580***@correo.com,38,2023-01-17,ACTIVO
3581,Residencial,79XXXX29,999XXX778,cliente03581***@correo.com,7,2022-06-20,ACTIVO
3582,Residencial,30XXXX82,957XXX620,cliente03582***@correo.com,43,2022-06-28,ACTIVO
3583,Comercial,85XXXX85,904XXX483,cliente03583***@correo.com,26,2024-11-03,ACTIVO
3584,Residencial,33XXXX09,953XXX165,cliente03584***@correo.com,28,2022-05-19,SUSPENDIDO
3585,Residencial,51XXXX99,957XXX633,cliente03585***@correo.com,43,2023-09-24,ACTIVO
3586,Residencial,29XXXX35,921XXX359,cliente03586***@correo.com,15,2022-09-10,ACTIVO
3587,Residencial,25XXXX69,960XXX832,cliente03587***@correo.com,39,2021-05-18,ACTIVO
3588,Residencial,13XXXX01,919XXX714,cliente03588***@correo.com,25,2020-10-10,ACTIVO
3589,Residencial,89XXXX61,926XXX881,cliente03589***@correo.com,40,2021-11-18,ACTIVO
3590,Residencial,76XXXX49,920XXX068,cliente03590***@correo.com,40,2023-10-31,ACTIVO
3591,Residencial,73XXXX12,956XXX178,cliente03591***@correo.com,26,2024-09-24,ACTIVO
3592,Residencial,93XXXX39,954XXX565,cliente03592***@correo.com,15,2020-12-03,ACTIVO
3593,Comercial,38XXXX38,918XXX082,cliente03593***@correo.com,29,2020-09-17,ACTIVO
3594,Residencial,80XXXX73,939XXX064,cliente03594***@correo.com,29,2024-07-01,ACTIVO
3595,Residencial,87XXXX34,989XXX359,cliente03595***@correo.com,1,2018-07-12,ACTIVO
3596,Residencial,66XXXX45,941XXX136,cliente03596***@correo.com,41,2019-03-24,ACTIVO
3597,Residencial,18XXXX84,911XXX805,cliente03597***@correo.com,19,2018-10-11,ACTIVO
3598,Residencial,81XXXX96,945XXX160,cliente03598***@correo.com,3,2021-02-05,ACTIVO
3599,Residencial,75XXXX05,975XXX470,cliente03599***@correo.com,15,2020-09-17,INACTIVO
3600,Residencial,92XXXX92,929XXX838,cliente03600***@correo.com,15,2023-07-14,ACTIVO
3601,Residencial,59XXXX78,932XXX591,cliente03601***@correo.com,43,2020-01-17,ACTIVO
3602,Residencial,17XXXX66,981XXX093,cliente03602***@correo.com,43,2019-11-18,SUSPENDIDO
3603,Residencial,87XXXX52,958XXX467,cliente03603***@correo.com,16,2024-02-26,ACTIVO
3604,Residencial,79XXXX76,981XXX153,cliente03604***@correo.com,38,2023-06-22,ACTIVO
3605,Residencial,60XXXX00,999XXX343,cliente03605***@correo.com,40,2020-12-16,ACTIVO
3606,Residencial,37XXXX18,955XXX302,cliente03606***@correo.com,29,2019-01-19,ACTIVO
3607,Comercial,83XXXX52,946XXX428,cliente03607***@correo.com,19,2021-05-20,ACTIVO
3608,Residencial,65XXXX29,937XXX958,cliente03608***@correo.com,19,2023-01-02,ACTIVO
3609,Residencial,20XXXX04,990XXX846,cliente03609***@correo.com,1,2022-11-26,ACTIVO
3610,Residencial,71XXXX36,995XXX421,cliente03610***@correo.com,15,2019-10-03,ACTIVO
3611,Residencial,34XXXX43,933XXX299,cliente03611***@correo.com,28,2022-03-20,ACTIVO
3612,Residencial,90XXXX19,926XXX203,cliente03612***@correo.com,26,2018-04-24,ACTIVO
3613,Residencial,78XXXX79,932XXX712,cliente03613***@correo.com,38,2024-05-20,ACTIVO
3614,Residencial,35XXXX65,957XXX691,cliente03614***@correo.com,14,2020-08-19,ACTIVO
3615,Residencial,63XXXX19,908XXX718,cliente03615***@correo.com,13,2018-01-15,ACTIVO
3616,Residencial,87XXXX76,921XXX526,cliente03616***@correo.com,30,2020-04-15,ACTIVO
3617,Comercial,50XXXX09,983XXX802,cliente03617***@correo.com,20,2021-12-19,ACTIVO
3618,Residencial,15XXXX41,990XXX623,cliente03618***@correo.com,15,2023-10-30,ACTIVO
3619,Residencial,47XXXX77,900XXX874,cliente03619***@correo.com,22,2018-04-28,ACTIVO
3620,Residencial,86XXXX19,904XXX144,cliente03620***@correo.com,7,2023-08-09,ACTIVO
3621,Residencial,18XXXX08,986XXX475,cliente03621***@correo.com,3,2019-12-13,SUSPENDIDO
3622,Residencial,62XXXX38,923XXX398,cliente03622***@correo.com,29,2023-06-13,ACTIVO
3623,Residencial,67XXXX59,946XXX199,cliente03623***@correo.com,28,2020-05-11,SUSPENDIDO
3624,Residencial,93XXXX32,961XXX020,cliente03624***@correo.com,3,2023-11-03,ACTIVO
3625,Residencial,15XXXX40,966XXX572,cliente03625***@correo.com,28,2023-03-28,ACTIVO
3626,Residencial,16XXXX76,946XXX692,cliente03626***@correo.com,30,2022-04-16,ACTIVO
3627,Residencial,97XXXX60,967XXX191,cliente03627***@correo.com,28,2022-06-12,ACTIVO
3628,Residencial,81XXXX77,984XXX876,cliente03628***@correo.com,3,2019-08-01,INACTIVO
3629,Residencial,10XXXX26,967XXX854,cliente03629***@correo.com,5,2019-09-27,ACTIVO
3630,Residencial,91XXXX67,914XXX706,cliente03630***@correo.com,7,2024-01-10,ACTIVO
3631,Residencial,20XXXX15,935XXX423,cliente03631***@correo.com,5,2018-10-31,ACTIVO
3632,Residencial,88XXXX29,977XXX950,cliente03632***@correo.com,15,2023-07-02,ACTIVO
3633,Residencial,77XXXX56,976XXX841,cliente03633***@correo.com,30,2019-09-22,ACTIVO
3634,Residencial,64XXXX54,926XXX642,cliente03634***@correo.com,5,2020-03-04,ACTIVO
3635,Residencial,65XXXX74,949XXX842,cliente03635***@correo.com,15,2022-09-14,ACTIVO
3636,Residencial,11XXXX25,933XXX560,cliente03636***@correo.com,3,2023-12-04,ACTIVO
3637,Residencial,93XXXX79,916XXX919,cliente03637***@correo.com,15,2020-08-01,ACTIVO
3638,Alumbrado Público,23XXXX50,987XXX540,cliente03638***@correo.com,28,2024-01-25,ACTIVO
3639,Residencial,80XXXX36,989XXX530,cliente03639***@correo.com,40,2022-12-26,ACTIVO
3640,Residencial,19XXXX88,935XXX890,cliente03640***@correo.com,7,2023-08-31,ACTIVO
3641,Residencial,39XXXX95,917XXX305,cliente03641***@correo.com,5,2023-12-19,ACTIVO
3642,Comercial,46XXXX32,973XXX676,cliente03642***@correo.com,19,2020-09-24,ACTIVO
3643,Residencial,21XXXX24,949XXX140,cliente03643***@correo.com,3,2024-11-07,ACTIVO
3644,Alumbrado Público,22XXXX42,985XXX427,cliente03644***@correo.com,1,2022-02-25,ACTIVO
3645,Residencial,12XXXX41,939XXX581,cliente03645***@correo.com,9,2019-09-17,ACTIVO
3646,Residencial,77XXXX53,903XXX652,cliente03646***@correo.com,42,2023-07-06,ACTIVO
3647,Residencial,89XXXX73,902XXX386,cliente03647***@correo.com,5,2020-07-25,ACTIVO
3648,Alumbrado Público,30XXXX26,982XXX965,cliente03648***@correo.com,5,2019-12-23,ACTIVO
3649,Residencial,25XXXX85,959XXX881,cliente03649***@correo.com,26,2022-08-31,ACTIVO
3650,Residencial,37XXXX39,994XXX762,cliente03650***@correo.com,23,2023-02-16,ACTIVO
3651,Residencial,41XXXX44,970XXX244,cliente03651***@correo.com,1,2024-05-17,ACTIVO
3652,Residencial,14XXXX93,939XXX173,cliente03652***@correo.com,43,2024-12-04,ACTIVO
3653,Industrial,54XXXX73,976XXX104,cliente03653***@correo.com,38,2023-03-24,ACTIVO
3654,Residencial,85XXXX39,966XXX273,cliente03654***@correo.com,3,2019-08-02,ACTIVO
3655,Residencial,78XXXX34,974XXX111,cliente03655***@correo.com,39,2024-04-02,ACTIVO
3656,Residencial,14XXXX18,910XXX471,cliente03656***@correo.com,18,2018-03-19,ACTIVO
3657,Comercial,27XXXX25,977XXX642,cliente03657***@correo.com,23,2024-03-16,ACTIVO
3658,Residencial,31XXXX05,957XXX470,cliente03658***@correo.com,9,2021-08-03,ACTIVO
3659,Residencial,88XXXX54,936XXX654,cliente03659***@correo.com,5,2019-11-23,ACTIVO
3660,Residencial,86XXXX23,902XXX365,cliente03660***@correo.com,4,2020-03-07,ACTIVO
3661,Residencial,80XXXX89,963XXX994,cliente03661***@correo.com,25,2022-12-28,ACTIVO
3662,Residencial,39XXXX14,912XXX300,cliente03662***@correo.com,43,2021-10-28,ACTIVO
3663,Residencial,71XXXX62,978XXX451,cliente03663***@correo.com,43,2024-08-08,ACTIVO
3664,Residencial,93XXXX76,959XXX570,cliente03664***@correo.com,13,2020-08-23,ACTIVO
3665,Comercial,98XXXX53,992XXX306,cliente03665***@correo.com,31,2021-07-31,ACTIVO
3666,Residencial,58XXXX34,987XXX352,cliente03666***@correo.com,30,2020-11-29,ACTIVO
3667,Comercial,16XXXX39,956XXX898,cliente03667***@correo.com,13,2022-02-01,ACTIVO
3668,Residencial,50XXXX93,909XXX191,cliente03668***@correo.com,19,2021-10-25,ACTIVO
3669,Residencial,60XXXX12,928XXX857,cliente03669***@correo.com,15,2022-09-08,ACTIVO
3670,Residencial,27XXXX14,989XXX632,cliente03670***@correo.com,31,2021-04-01,ACTIVO
3671,Residencial,58XXXX38,941XXX182,cliente03671***@correo.com,43,2022-08-01,ACTIVO
3672,Residencial,30XXXX40,922XXX931,cliente03672***@correo.com,19,2018-06-22,ACTIVO
3673,Residencial,68XXXX22,903XXX243,cliente03673***@correo.com,9,2023-09-27,ACTIVO
3674,Residencial,97XXXX94,934XXX145,cliente03674***@correo.com,5,2024-05-25,ACTIVO
3675,Residencial,53XXXX70,992XXX112,cliente03675***@correo.com,5,2020-01-02,ACTIVO
3676,Residencial,51XXXX26,995XXX373,cliente03676***@correo.com,9,2024-08-18,ACTIVO
3677,Residencial,59XXXX26,983XXX261,cliente03677***@correo.com,9,2018-10-05,ACTIVO
3678,Residencial,16XXXX46,926XXX436,cliente03678***@correo.com,5,2024-02-10,ACTIVO
3679,Residencial,95XXXX69,921XXX291,cliente03679***@correo.com,3,2022-05-14,ACTIVO
3680,Residencial,18XXXX43,936XXX980,cliente03680***@correo.com,28,2020-08-06,ACTIVO
3681,Residencial,88XXXX50,920XXX509,cliente03681***@correo.com,29,2018-04-01,ACTIVO
3682,Residencial,98XXXX91,906XXX352,cliente03682***@correo.com,6,2023-12-03,ACTIVO
3683,Residencial,73XXXX63,982XXX416,cliente03683***@correo.com,15,2018-02-06,ACTIVO
3684,Residencial,30XXXX59,965XXX202,cliente03684***@correo.com,4,2023-04-17,ACTIVO
3685,Residencial,74XXXX09,915XXX026,cliente03685***@correo.com,29,2018-01-31,ACTIVO
3686,Residencial,60XXXX55,924XXX805,cliente03686***@correo.com,7,2022-10-19,ACTIVO
3687,Residencial,78XXXX41,983XXX847,cliente03687***@correo.com,10,2018-05-13,ACTIVO
3688,Residencial,57XXXX37,967XXX052,cliente03688***@correo.com,40,2023-06-02,ACTIVO
3689,Residencial,25XXXX79,918XXX986,cliente03689***@correo.com,3,2019-06-17,ACTIVO
3690,Comercial,96XXXX56,971XXX995,cliente03690***@correo.com,3,2020-04-03,ACTIVO
3691,Residencial,35XXXX38,997XXX883,cliente03691***@correo.com,29,2020-04-13,ACTIVO
3692,Residencial,46XXXX15,906XXX127,cliente03692***@correo.com,2,2021-12-31,ACTIVO
3693,Residencial,56XXXX68,944XXX120,cliente03693***@correo.com,38,2024-01-19,ACTIVO
3694,Residencial,63XXXX92,918XXX064,cliente03694***@correo.com,15,2019-01-05,ACTIVO
3695,Comercial,70XXXX26,926XXX535,cliente03695***@correo.com,28,2020-02-22,ACTIVO
3696,Residencial,90XXXX13,914XXX212,cliente03696***@correo.com,28,2020-01-01,ACTIVO
3697,Residencial,29XXXX80,906XXX657,cliente03697***@correo.com,29,2024-08-11,ACTIVO
3698,Comercial,11XXXX82,995XXX133,cliente03698***@correo.com,38,2023-07-30,ACTIVO
3699,Residencial,53XXXX11,978XXX170,cliente03699***@correo.com,15,2018-04-06,ACTIVO
3700,Residencial,86XXXX41,943XXX821,cliente03700***@correo.com,3,2020-03-31,ACTIVO
3701,Residencial,56XXXX81,974XXX627,cliente03701***@correo.com,29,2024-10-11,ACTIVO
3702,Residencial,80XXXX86,912XXX345,cliente03702***@correo.com,28,2018-04-03,ACTIVO
3703,Residencial,72XXXX34,973XXX521,cliente03703***@correo.com,4,2018-06-04,ACTIVO
3704,Residencial,14XXXX30,957XXX236,cliente03704***@correo.com,30,2022-09-29,ACTIVO
3705,Residencial,25XXXX18,901XXX451,cliente03705***@correo.com,31,2023-05-20,ACTIVO
3706,Residencial,77XXXX07,965XXX171,cliente03706***@correo.com,15,2021-05-12,ACTIVO
3707,Residencial,62XXXX09,917XXX002,cliente03707***@correo.com,8,2022-01-07,ACTIVO
3708,Residencial,28XXXX99,916XXX192,cliente03708***@correo.com,1,2023-12-08,ACTIVO
3709,Residencial,62XXXX38,922XXX866,cliente03709***@correo.com,7,2022-10-07,ACTIVO
3710,Residencial,59XXXX04,947XXX948,cliente03710***@correo.com,36,2019-12-10,ACTIVO
3711,Residencial,30XXXX42,923XXX185,cliente03711***@correo.com,35,2023-07-23,ACTIVO
3712,Residencial,38XXXX17,971XXX366,cliente03712***@correo.com,37,2024-01-20,ACTIVO
3713,Residencial,72XXXX60,911XXX367,cliente03713***@correo.com,28,2024-01-01,ACTIVO
3714,Residencial,16XXXX64,943XXX898,cliente03714***@correo.com,28,2019-11-16,ACTIVO
3715,Residencial,58XXXX49,933XXX784,cliente03715***@correo.com,4,2023-03-18,ACTIVO
3716,Comercial,41XXXX08,987XXX317,cliente03716***@correo.com,7,2021-01-19,ACTIVO
3717,Comercial,97XXXX92,928XXX429,cliente03717***@correo.com,7,2020-01-12,ACTIVO
3718,Industrial,84XXXX32,971XXX805,cliente03718***@correo.com,16,2021-04-16,ACTIVO
3719,Residencial,35XXXX54,987XXX050,cliente03719***@correo.com,34,2020-06-16,ACTIVO
3720,Residencial,30XXXX40,995XXX982,cliente03720***@correo.com,22,2021-10-29,SUSPENDIDO
3721,Residencial,59XXXX76,965XXX735,cliente03721***@correo.com,3,2019-08-17,ACTIVO
3722,Residencial,82XXXX75,921XXX592,cliente03722***@correo.com,26,2018-09-16,ACTIVO
3723,Residencial,84XXXX25,990XXX729,cliente03723***@correo.com,43,2022-10-21,ACTIVO
3724,Residencial,76XXXX83,966XXX882,cliente03724***@correo.com,9,2023-09-09,ACTIVO
3725,Comercial,54XXXX90,991XXX473,cliente03725***@correo.com,9,2023-10-09,ACTIVO
3726,Residencial,40XXXX42,947XXX759,cliente03726***@correo.com,15,2022-02-11,ACTIVO
3727,Residencial,77XXXX89,917XXX747,cliente03727***@correo.com,21,2020-12-14,ACTIVO
3728,Residencial,69XXXX64,954XXX745,cliente03728***@correo.com,19,2018-04-30,ACTIVO
3729,Residencial,23XXXX17,993XXX855,cliente03729***@correo.com,33,2018-06-13,ACTIVO
3730,Residencial,31XXXX31,990XXX410,cliente03730***@correo.com,30,2024-08-11,ACTIVO
3731,Comercial,32XXXX89,995XXX291,cliente03731***@correo.com,22,2024-12-04,ACTIVO
3732,Residencial,28XXXX08,914XXX118,cliente03732***@correo.com,40,2023-11-02,ACTIVO
3733,Residencial,92XXXX35,998XXX481,cliente03733***@correo.com,18,2019-04-07,ACTIVO
3734,Residencial,29XXXX21,912XXX076,cliente03734***@correo.com,23,2019-09-12,ACTIVO
3735,Residencial,32XXXX88,971XXX986,cliente03735***@correo.com,7,2023-06-19,ACTIVO
3736,Gobierno,30XXXX60,917XXX305,cliente03736***@correo.com,32,2019-02-26,ACTIVO
3737,Residencial,36XXXX34,972XXX041,cliente03737***@correo.com,15,2019-12-06,ACTIVO
3738,Residencial,61XXXX63,926XXX596,cliente03738***@correo.com,22,2021-06-02,ACTIVO
3739,Residencial,75XXXX63,948XXX519,cliente03739***@correo.com,11,2019-12-01,ACTIVO
3740,Residencial,15XXXX37,923XXX400,cliente03740***@correo.com,15,2020-10-15,ACTIVO
3741,Residencial,84XXXX17,931XXX369,cliente03741***@correo.com,15,2020-06-08,ACTIVO
3742,Residencial,73XXXX06,932XXX405,cliente03742***@correo.com,28,2019-01-17,ACTIVO
3743,Residencial,88XXXX85,922XXX783,cliente03743***@correo.com,7,2020-01-17,ACTIVO
3744,Residencial,39XXXX04,995XXX277,cliente03744***@correo.com,19,2024-12-03,ACTIVO
3745,Residencial,80XXXX11,956XXX598,cliente03745***@correo.com,19,2018-12-29,ACTIVO
3746,Residencial,35XXXX68,947XXX577,cliente03746***@correo.com,43,2023-09-03,ACTIVO
3747,Alumbrado Público,13XXXX94,954XXX646,cliente03747***@correo.com,8,2024-10-21,ACTIVO
3748,Residencial,28XXXX23,998XXX186,cliente03748***@correo.com,26,2018-05-13,ACTIVO
3749,Residencial,65XXXX44,926XXX259,cliente03749***@correo.com,5,2024-06-26,ACTIVO
3750,Residencial,70XXXX02,903XXX644,cliente03750***@correo.com,18,2020-05-17,ACTIVO
3751,Residencial,91XXXX87,953XXX205,cliente03751***@correo.com,9,2024-07-19,ACTIVO
3752,Residencial,73XXXX19,965XXX925,cliente03752***@correo.com,19,2023-05-31,ACTIVO
3753,Residencial,38XXXX63,931XXX373,cliente03753***@correo.com,39,2023-02-11,ACTIVO
3754,Residencial,61XXXX88,992XXX123,cliente03754***@correo.com,4,2018-10-20,ACTIVO
3755,Residencial,60XXXX52,902XXX790,cliente03755***@correo.com,39,2024-08-19,ACTIVO
3756,Residencial,41XXXX79,975XXX439,cliente03756***@correo.com,33,2018-02-14,ACTIVO
3757,Residencial,86XXXX30,901XXX445,cliente03757***@correo.com,39,2018-06-14,ACTIVO
3758,Residencial,24XXXX87,985XXX078,cliente03758***@correo.com,9,2018-01-08,ACTIVO
3759,Comercial,77XXXX43,945XXX880,cliente03759***@correo.com,7,2020-08-14,ACTIVO
3760,Residencial,10XXXX65,945XXX083,cliente03760***@correo.com,39,2022-10-23,ACTIVO
3761,Residencial,43XXXX42,983XXX271,cliente03761***@correo.com,43,2019-01-23,ACTIVO
3762,Residencial,89XXXX81,980XXX378,cliente03762***@correo.com,38,2018-05-05,ACTIVO
3763,Residencial,84XXXX10,953XXX992,cliente03763***@correo.com,15,2021-01-31,ACTIVO
3764,Industrial,51XXXX81,995XXX452,cliente03764***@correo.com,24,2019-10-26,ACTIVO
3765,Residencial,91XXXX69,958XXX647,cliente03765***@correo.com,27,2023-10-07,INACTIVO
3766,Residencial,83XXXX90,959XXX302,cliente03766***@correo.com,43,2018-06-01,INACTIVO
3767,Residencial,63XXXX06,957XXX630,cliente03767***@correo.com,5,2020-01-20,ACTIVO
3768,Residencial,14XXXX08,971XXX112,cliente03768***@correo.com,39,2019-04-16,ACTIVO
3769,Industrial,76XXXX99,906XXX074,cliente03769***@correo.com,9,2018-09-05,ACTIVO
3770,Residencial,22XXXX43,961XXX271,cliente03770***@correo.com,7,2020-01-11,ACTIVO
3771,Residencial,38XXXX43,958XXX107,cliente03771***@correo.com,16,2021-01-30,ACTIVO
3772,Residencial,72XXXX67,910XXX511,cliente03772***@correo.com,40,2022-02-09,ACTIVO
3773,Residencial,35XXXX61,931XXX293,cliente03773***@correo.com,28,2022-10-11,ACTIVO
3774,Residencial,92XXXX15,997XXX394,cliente03774***@correo.com,38,2022-05-27,ACTIVO
3775,Residencial,87XXXX37,925XXX110,cliente03775***@correo.com,31,2018-01-02,ACTIVO
3776,Residencial,51XXXX36,928XXX030,cliente03776***@correo.com,19,2018-08-20,ACTIVO
3777,Residencial,40XXXX40,967XXX801,cliente03777***@correo.com,15,2022-07-09,ACTIVO
3778,Residencial,16XXXX89,975XXX586,cliente03778***@correo.com,21,2019-12-28,ACTIVO
3779,Residencial,12XXXX83,985XXX860,cliente03779***@correo.com,19,2022-02-26,ACTIVO
3780,Residencial,85XXXX95,964XXX883,cliente03780***@correo.com,15,2020-07-18,ACTIVO
3781,Residencial,52XXXX12,900XXX788,cliente03781***@correo.com,32,2019-04-26,ACTIVO
3782,Residencial,73XXXX33,970XXX935,cliente03782***@correo.com,24,2018-08-12,ACTIVO
3783,Residencial,11XXXX85,913XXX427,cliente03783***@correo.com,43,2021-09-28,ACTIVO
3784,Residencial,75XXXX05,915XXX718,cliente03784***@correo.com,28,2021-09-11,ACTIVO
3785,Residencial,55XXXX61,968XXX265,cliente03785***@correo.com,22,2020-11-23,ACTIVO
3786,Residencial,78XXXX33,938XXX804,cliente03786***@correo.com,4,2021-07-04,ACTIVO
3787,Residencial,15XXXX78,923XXX918,cliente03787***@correo.com,7,2021-12-13,ACTIVO
3788,Alumbrado Público,87XXXX94,982XXX444,cliente03788***@correo.com,43,2018-06-15,ACTIVO
3789,Residencial,84XXXX17,995XXX363,cliente03789***@correo.com,34,2020-05-23,ACTIVO
3790,Residencial,75XXXX87,985XXX001,cliente03790***@correo.com,26,2018-01-05,ACTIVO
3791,Residencial,18XXXX14,925XXX716,cliente03791***@correo.com,5,2019-02-16,ACTIVO
3792,Residencial,71XXXX99,973XXX206,cliente03792***@correo.com,28,2019-03-10,ACTIVO
3793,Residencial,28XXXX45,994XXX875,cliente03793***@correo.com,15,2018-09-17,SUSPENDIDO
3794,Residencial,78XXXX87,937XXX538,cliente03794***@correo.com,3,2020-08-12,ACTIVO
3795,Residencial,91XXXX25,969XXX012,cliente03795***@correo.com,26,2024-10-25,ACTIVO
3796,Residencial,55XXXX99,961XXX986,cliente03796***@correo.com,43,2021-12-06,ACTIVO
3797,Residencial,50XXXX97,993XXX831,cliente03797***@correo.com,34,2020-06-01,ACTIVO
3798,Residencial,48XXXX25,970XXX563,cliente03798***@correo.com,9,2018-11-23,ACTIVO
3799,Residencial,19XXXX67,913XXX567,cliente03799***@correo.com,9,2021-04-29,ACTIVO
3800,Residencial,51XXXX42,961XXX149,cliente03800***@correo.com,6,2023-01-17,ACTIVO
3801,Residencial,79XXXX82,920XXX216,cliente03801***@correo.com,15,2020-07-10,ACTIVO
3802,Residencial,73XXXX62,920XXX615,cliente03802***@correo.com,7,2022-11-21,ACTIVO
3803,Residencial,34XXXX80,906XXX050,cliente03803***@correo.com,39,2024-10-06,ACTIVO
3804,Alumbrado Público,70XXXX40,973XXX791,cliente03804***@correo.com,1,2020-05-18,ACTIVO
3805,Residencial,67XXXX38,916XXX450,cliente03805***@correo.com,29,2022-06-26,ACTIVO
3806,Residencial,45XXXX16,963XXX438,cliente03806***@correo.com,19,2022-08-28,ACTIVO
3807,Residencial,99XXXX00,946XXX515,cliente03807***@correo.com,36,2018-04-06,ACTIVO
3808,Residencial,33XXXX02,924XXX148,cliente03808***@correo.com,27,2018-07-31,ACTIVO
3809,Residencial,29XXXX04,951XXX061,cliente03809***@correo.com,11,2021-07-22,ACTIVO
3810,Residencial,75XXXX61,910XXX495,cliente03810***@correo.com,29,2023-06-27,ACTIVO
3811,Comercial,48XXXX62,907XXX933,cliente03811***@correo.com,15,2022-08-11,ACTIVO
3812,Residencial,57XXXX61,902XXX964,cliente03812***@correo.com,5,2018-04-29,ACTIVO
3813,Industrial,31XXXX52,904XXX788,cliente03813***@correo.com,9,2018-05-03,ACTIVO
3814,Comercial,93XXXX06,934XXX134,cliente03814***@correo.com,5,2018-02-16,ACTIVO
3815,Residencial,29XXXX23,966XXX167,cliente03815***@correo.com,5,2023-09-23,ACTIVO
3816,Residencial,31XXXX55,971XXX778,cliente03816***@correo.com,40,2021-01-03,ACTIVO
3817,Comercial,68XXXX50,934XXX301,cliente03817***@correo.com,4,2019-04-25,ACTIVO
3818,Comercial,50XXXX01,980XXX022,cliente03818***@correo.com,4,2022-11-25,ACTIVO
3819,Residencial,90XXXX22,926XXX423,cliente03819***@correo.com,38,2019-07-04,ACTIVO
3820,Comercial,71XXXX07,923XXX703,cliente03820***@correo.com,9,2019-08-10,ACTIVO
3821,Industrial,47XXXX14,935XXX843,cliente03821***@correo.com,38,2020-03-27,ACTIVO
3822,Residencial,94XXXX48,918XXX001,cliente03822***@correo.com,6,2020-06-20,ACTIVO
3823,Residencial,18XXXX25,948XXX640,cliente03823***@correo.com,15,2022-09-24,ACTIVO
3824,Residencial,28XXXX41,977XXX253,cliente03824***@correo.com,15,2021-07-20,ACTIVO
3825,Comercial,55XXXX14,970XXX216,cliente03825***@correo.com,28,2024-09-21,ACTIVO
3826,Residencial,95XXXX85,921XXX001,cliente03826***@correo.com,12,2022-02-26,ACTIVO
3827,Residencial,89XXXX56,907XXX379,cliente03827***@correo.com,9,2020-11-18,ACTIVO
3828,Residencial,75XXXX75,933XXX259,cliente03828***@correo.com,22,2018-10-21,ACTIVO
3829,Residencial,17XXXX04,948XXX901,cliente03829***@correo.com,36,2022-11-27,ACTIVO
3830,Residencial,18XXXX57,944XXX652,cliente03830***@correo.com,15,2022-11-30,ACTIVO
3831,Residencial,82XXXX36,951XXX982,cliente03831***@correo.com,38,2023-06-28,SUSPENDIDO
3832,Residencial,22XXXX04,998XXX093,cliente03832***@correo.com,43,2018-04-27,ACTIVO
3833,Comercial,22XXXX59,927XXX266,cliente03833***@correo.com,15,2023-09-15,ACTIVO
3834,Residencial,38XXXX28,965XXX046,cliente03834***@correo.com,9,2022-01-11,ACTIVO
3835,Residencial,31XXXX94,959XXX741,cliente03835***@correo.com,28,2023-02-03,ACTIVO
3836,Comercial,45XXXX21,964XXX418,cliente03836***@correo.com,16,2023-04-16,ACTIVO
3837,Residencial,44XXXX54,936XXX895,cliente03837***@correo.com,41,2023-04-21,ACTIVO
3838,Residencial,73XXXX78,907XXX758,cliente03838***@correo.com,34,2018-03-30,ACTIVO
3839,Residencial,38XXXX70,945XXX622,cliente03839***@correo.com,36,2019-08-12,ACTIVO
3840,Residencial,63XXXX31,947XXX828,cliente03840***@correo.com,5,2019-06-02,ACTIVO
3841,Residencial,28XXXX27,959XXX889,cliente03841***@correo.com,15,2024-07-27,ACTIVO
3842,Residencial,97XXXX50,934XXX134,cliente03842***@correo.com,23,2021-08-23,ACTIVO
3843,Residencial,28XXXX76,957XXX683,cliente03843***@correo.com,26,2018-04-28,ACTIVO
3844,Residencial,47XXXX67,943XXX167,cliente03844***@correo.com,28,2023-10-15,ACTIVO
3845,Residencial,83XXXX73,993XXX317,cliente03845***@correo.com,40,2021-01-05,ACTIVO
3846,Residencial,14XXXX22,923XXX949,cliente03846***@correo.com,23,2024-07-15,ACTIVO
3847,Residencial,19XXXX27,978XXX652,cliente03847***@correo.com,25,2021-06-26,ACTIVO
3848,Residencial,48XXXX34,962XXX134,cliente03848***@correo.com,28,2021-08-06,ACTIVO
3849,Residencial,77XXXX46,975XXX917,cliente03849***@correo.com,7,2019-11-25,ACTIVO
3850,Residencial,42XXXX03,911XXX163,cliente03850***@correo.com,15,2019-10-25,ACTIVO
3851,Residencial,94XXXX27,940XXX527,cliente03851***@correo.com,29,2020-05-18,ACTIVO
3852,Residencial,20XXXX25,917XXX586,cliente03852***@correo.com,15,2021-07-19,ACTIVO
3853,Residencial,61XXXX24,991XXX266,cliente03853***@correo.com,9,2024-12-19,ACTIVO
3854,Residencial,35XXXX73,918XXX680,cliente03854***@correo.com,19,2021-02-04,ACTIVO
3855,Residencial,91XXXX27,916XXX345,cliente03855***@correo.com,28,2024-05-04,ACTIVO
3856,Residencial,81XXXX71,972XXX253,cliente03856***@correo.com,7,2021-11-25,ACTIVO
3857,Residencial,77XXXX48,916XXX838,cliente03857***@correo.com,28,2020-05-21,ACTIVO
3858,Residencial,54XXXX92,916XXX267,cliente03858***@correo.com,35,2019-11-25,ACTIVO
3859,Residencial,86XXXX78,906XXX277,cliente03859***@correo.com,43,2024-11-29,ACTIVO
3860,Comercial,11XXXX04,944XXX524,cliente03860***@correo.com,43,2018-10-26,ACTIVO
3861,Residencial,47XXXX91,956XXX955,cliente03861***@correo.com,3,2024-02-16,ACTIVO
3862,Residencial,19XXXX63,993XXX113,cliente03862***@correo.com,37,2019-03-31,ACTIVO
3863,Residencial,46XXXX88,948XXX633,cliente03863***@correo.com,15,2019-04-05,ACTIVO
3864,Residencial,29XXXX10,979XXX184,cliente03864***@correo.com,43,2019-08-01,ACTIVO
3865,Residencial,76XXXX67,968XXX246,cliente03865***@correo.com,29,2023-09-29,ACTIVO
3866,Residencial,78XXXX92,995XXX804,cliente03866***@correo.com,39,2023-03-16,ACTIVO
3867,Residencial,49XXXX39,990XXX623,cliente03867***@correo.com,15,2021-05-06,ACTIVO
3868,Residencial,61XXXX28,989XXX668,cliente03868***@correo.com,15,2019-03-30,ACTIVO
3869,Residencial,74XXXX56,953XXX073,cliente03869***@correo.com,19,2018-12-14,ACTIVO
3870,Residencial,56XXXX08,930XXX496,cliente03870***@correo.com,19,2019-10-16,ACTIVO
3871,Residencial,70XXXX74,949XXX543,cliente03871***@correo.com,15,2023-12-06,ACTIVO
3872,Residencial,66XXXX90,979XXX082,cliente03872***@correo.com,28,2023-12-20,ACTIVO
3873,Residencial,68XXXX58,931XXX477,cliente03873***@correo.com,29,2018-07-09,ACTIVO
3874,Residencial,86XXXX33,983XXX134,cliente03874***@correo.com,5,2024-04-27,ACTIVO
3875,Residencial,17XXXX50,908XXX711,cliente03875***@correo.com,7,2020-08-19,ACTIVO
3876,Residencial,86XXXX72,903XXX074,cliente03876***@correo.com,3,2019-11-20,ACTIVO
3877,Residencial,87XXXX07,929XXX149,cliente03877***@correo.com,26,2020-07-19,ACTIVO
3878,Residencial,87XXXX71,945XXX461,cliente03878***@correo.com,28,2019-03-11,ACTIVO
3879,Residencial,82XXXX01,965XXX046,cliente03879***@correo.com,43,2023-02-05,ACTIVO
3880,Residencial,84XXXX72,957XXX010,cliente03880***@correo.com,3,2018-08-22,ACTIVO
3881,Comercial,93XXXX19,914XXX465,cliente03881***@correo.com,3,2022-01-19,ACTIVO
3882,Residencial,34XXXX21,916XXX715,cliente03882***@correo.com,11,2021-06-11,ACTIVO
3883,Residencial,41XXXX05,975XXX119,cliente03883***@correo.com,9,2021-06-02,ACTIVO
3884,Residencial,86XXXX52,903XXX426,cliente03884***@correo.com,15,2021-08-17,ACTIVO
3885,Residencial,89XXXX14,958XXX393,cliente03885***@correo.com,34,2022-01-19,ACTIVO
3886,Residencial,19XXXX59,953XXX727,cliente03886***@correo.com,11,2021-12-20,ACTIVO
3887,Residencial,91XXXX94,993XXX321,cliente03887***@correo.com,27,2022-08-03,ACTIVO
3888,Residencial,35XXXX31,905XXX001,cliente03888***@correo.com,29,2023-01-20,ACTIVO
3889,Residencial,83XXXX32,958XXX257,cliente03889***@correo.com,36,2023-04-11,ACTIVO
3890,Comercial,37XXXX03,906XXX192,cliente03890***@correo.com,19,2019-11-19,ACTIVO
3891,Residencial,18XXXX05,935XXX590,cliente03891***@correo.com,30,2018-01-07,ACTIVO
3892,Residencial,81XXXX28,934XXX050,cliente03892***@correo.com,43,2024-11-25,ACTIVO
3893,Residencial,54XXXX30,972XXX044,cliente03893***@correo.com,7,2019-03-19,ACTIVO
3894,Residencial,97XXXX78,972XXX555,cliente03894***@correo.com,9,2023-06-05,ACTIVO
3895,Residencial,54XXXX47,928XXX419,cliente03895***@correo.com,29,2018-10-10,ACTIVO
3896,Residencial,58XXXX21,910XXX436,cliente03896***@correo.com,25,2019-12-27,ACTIVO
3897,Residencial,43XXXX91,926XXX320,cliente03897***@correo.com,29,2022-11-22,ACTIVO
3898,Residencial,53XXXX45,999XXX896,cliente03898***@correo.com,9,2018-05-07,ACTIVO
3899,Residencial,62XXXX11,949XXX045,cliente03899***@correo.com,7,2018-11-12,ACTIVO
3900,Residencial,93XXXX81,953XXX549,cliente03900***@correo.com,29,2021-09-02,ACTIVO
3901,Gobierno,27XXXX00,982XXX268,cliente03901***@correo.com,15,2019-06-06,ACTIVO
3902,Residencial,35XXXX81,948XXX546,cliente03902***@correo.com,3,2019-05-28,ACTIVO
3903,Comercial,94XXXX98,946XXX936,cliente03903***@correo.com,40,2018-04-14,ACTIVO
3904,Residencial,24XXXX23,995XXX211,cliente03904***@correo.com,42,2019-12-20,ACTIVO
3905,Residencial,68XXXX93,948XXX089,cliente03905***@correo.com,29,2024-09-17,ACTIVO
3906,Residencial,34XXXX19,977XXX767,cliente03906***@correo.com,19,2023-04-16,ACTIVO
3907,Residencial,35XXXX46,944XXX128,cliente03907***@correo.com,3,2023-11-07,ACTIVO
3908,Residencial,80XXXX67,953XXX263,cliente03908***@correo.com,28,2022-08-17,ACTIVO
3909,Residencial,83XXXX16,907XXX841,cliente03909***@correo.com,28,2018-03-25,ACTIVO
3910,Residencial,81XXXX88,914XXX520,cliente03910***@correo.com,40,2023-09-17,ACTIVO
3911,Residencial,91XXXX79,947XXX472,cliente03911***@correo.com,7,2022-07-22,ACTIVO
3912,Residencial,35XXXX36,907XXX271,cliente03912***@correo.com,40,2018-05-26,ACTIVO
3913,Residencial,14XXXX21,930XXX484,cliente03913***@correo.com,5,2021-02-20,INACTIVO
3914,Residencial,58XXXX44,978XXX191,cliente03914***@correo.com,28,2019-01-06,ACTIVO
3915,Comercial,43XXXX14,991XXX351,cliente03915***@correo.com,40,2020-01-31,INACTIVO
3916,Residencial,14XXXX34,956XXX863,cliente03916***@correo.com,42,2024-12-31,ACTIVO
3917,Residencial,10XXXX07,954XXX160,cliente03917***@correo.com,24,2019-08-17,ACTIVO
3918,Comercial,85XXXX53,921XXX356,cliente03918***@correo.com,40,2023-04-17,ACTIVO
3919,Residencial,89XXXX47,924XXX881,cliente03919***@correo.com,30,2021-05-12,ACTIVO
3920,Residencial,73XXXX13,927XXX489,cliente03920***@correo.com,7,2024-06-21,ACTIVO
3921,Comercial,97XXXX42,978XXX736,cliente03921***@correo.com,39,2022-02-11,ACTIVO
3922,Residencial,12XXXX53,917XXX883,cliente03922***@correo.com,7,2018-09-19,ACTIVO
3923,Residencial,75XXXX93,933XXX739,cliente03923***@correo.com,33,2018-02-21,ACTIVO
3924,Residencial,22XXXX37,908XXX638,cliente03924***@correo.com,19,2022-12-27,ACTIVO
3925,Residencial,20XXXX06,905XXX121,cliente03925***@correo.com,28,2020-06-19,ACTIVO
3926,Residencial,52XXXX60,978XXX771,cliente03926***@correo.com,27,2020-07-27,ACTIVO
3927,Residencial,68XXXX12,926XXX049,cliente03927***@correo.com,4,2024-04-15,ACTIVO
3928,Residencial,13XXXX46,931XXX058,cliente03928***@correo.com,28,2024-10-19,ACTIVO
3929,Residencial,17XXXX04,926XXX509,cliente03929***@correo.com,9,2021-08-13,ACTIVO
3930,Residencial,14XXXX26,969XXX037,cliente03930***@correo.com,15,2019-04-11,ACTIVO
3931,Comercial,83XXXX22,984XXX348,cliente03931***@correo.com,8,2020-03-31,ACTIVO
3932,Residencial,99XXXX99,911XXX943,cliente03932***@correo.com,31,2024-07-11,ACTIVO
3933,Residencial,99XXXX83,987XXX803,cliente03933***@correo.com,15,2023-09-13,ACTIVO
3934,Residencial,73XXXX51,902XXX683,cliente03934***@correo.com,40,2018-01-14,ACTIVO
3935,Residencial,42XXXX52,973XXX480,cliente03935***@correo.com,17,2020-12-24,ACTIVO
3936,Residencial,83XXXX44,987XXX313,cliente03936***@correo.com,30,2022-05-14,ACTIVO
3937,Gobierno,46XXXX33,930XXX093,cliente03937***@correo.com,9,2024-03-11,ACTIVO
3938,Residencial,69XXXX78,913XXX609,cliente03938***@correo.com,28,2021-12-29,ACTIVO
3939,Comercial,80XXXX17,989XXX494,cliente03939***@correo.com,3,2019-04-24,ACTIVO
3940,Comercial,39XXXX64,962XXX574,cliente03940***@correo.com,3,2024-06-20,ACTIVO
3941,Residencial,33XXXX11,968XXX583,cliente03941***@correo.com,7,2019-12-15,ACTIVO
3942,Industrial,19XXXX92,990XXX660,cliente03942***@correo.com,13,2018-03-31,ACTIVO
3943,Residencial,84XXXX54,963XXX163,cliente03943***@correo.com,43,2024-08-01,SUSPENDIDO
3944,Residencial,59XXXX48,996XXX902,cliente03944***@correo.com,35,2022-07-16,ACTIVO
3945,Residencial,13XXXX68,991XXX916,cliente03945***@correo.com,28,2018-08-23,SUSPENDIDO
3946,Residencial,65XXXX92,976XXX951,cliente03946***@correo.com,30,2019-12-22,ACTIVO
3947,Residencial,73XXXX93,932XXX801,cliente03947***@correo.com,39,2019-08-19,ACTIVO
3948,Residencial,91XXXX24,946XXX816,cliente03948***@correo.com,3,2023-08-08,ACTIVO
3949,Residencial,27XXXX60,956XXX588,cliente03949***@correo.com,11,2020-12-15,ACTIVO
3950,Residencial,98XXXX94,986XXX235,cliente03950***@correo.com,15,2018-04-25,ACTIVO
3951,Comercial,57XXXX28,933XXX673,cliente03951***@correo.com,7,2018-06-06,INACTIVO
3952,Residencial,60XXXX72,995XXX869,cliente03952***@correo.com,29,2018-09-02,ACTIVO
3953,Residencial,26XXXX40,968XXX284,cliente03953***@correo.com,29,2018-07-13,ACTIVO
3954,Residencial,30XXXX23,936XXX797,cliente03954***@correo.com,32,2022-03-21,ACTIVO
3955,Residencial,27XXXX79,945XXX821,cliente03955***@correo.com,1,2018-09-24,ACTIVO
3956,Residencial,86XXXX04,953XXX070,cliente03956***@correo.com,11,2024-02-10,ACTIVO
3957,Residencial,62XXXX38,957XXX116,cliente03957***@correo.com,3,2020-10-09,ACTIVO
3958,Residencial,25XXXX37,998XXX634,cliente03958***@correo.com,7,2023-03-30,INACTIVO
3959,Residencial,83XXXX87,941XXX656,cliente03959***@correo.com,30,2022-07-04,ACTIVO
3960,Comercial,17XXXX05,903XXX137,cliente03960***@correo.com,40,2023-11-05,ACTIVO
3961,Residencial,66XXXX56,992XXX378,cliente03961***@correo.com,29,2018-09-10,ACTIVO
3962,Residencial,90XXXX72,927XXX361,cliente03962***@correo.com,33,2022-12-11,ACTIVO
3963,Residencial,63XXXX67,998XXX373,cliente03963***@correo.com,9,2021-06-12,ACTIVO
3964,Residencial,23XXXX17,942XXX351,cliente03964***@correo.com,3,2022-04-17,ACTIVO
3965,Residencial,47XXXX88,976XXX459,cliente03965***@correo.com,9,2024-02-06,ACTIVO
3966,Residencial,55XXXX09,902XXX243,cliente03966***@correo.com,8,2024-11-21,ACTIVO
3967,Residencial,61XXXX04,984XXX769,cliente03967***@correo.com,32,2019-10-17,ACTIVO
3968,Residencial,84XXXX47,937XXX452,cliente03968***@correo.com,43,2024-08-19,ACTIVO
3969,Residencial,99XXXX37,913XXX253,cliente03969***@correo.com,38,2018-05-01,ACTIVO
3970,Gobierno,81XXXX87,992XXX208,cliente03970***@correo.com,26,2019-08-19,SUSPENDIDO
3971,Residencial,90XXXX09,970XXX300,cliente03971***@correo.com,38,2020-04-11,ACTIVO
3972,Residencial,17XXXX09,956XXX170,cliente03972***@correo.com,15,2024-12-02,ACTIVO
3973,Residencial,91XXXX85,965XXX453,cliente03973***@correo.com,4,2020-10-19,ACTIVO
3974,Residencial,90XXXX52,936XXX310,cliente03974***@correo.com,15,2018-06-27,ACTIVO
3975,Residencial,51XXXX98,975XXX854,cliente03975***@correo.com,23,2022-03-06,ACTIVO
3976,Residencial,22XXXX78,978XXX933,cliente03976***@correo.com,9,2022-08-10,ACTIVO
3977,Residencial,56XXXX44,903XXX873,cliente03977***@correo.com,15,2021-09-12,ACTIVO
3978,Residencial,88XXXX17,900XXX689,cliente03978***@correo.com,31,2021-05-03,ACTIVO
3979,Residencial,25XXXX56,942XXX057,cliente03979***@correo.com,17,2023-12-27,INACTIVO
3980,Residencial,49XXXX25,928XXX006,cliente03980***@correo.com,7,2021-08-22,ACTIVO
3981,Residencial,48XXXX47,938XXX466,cliente03981***@correo.com,37,2022-12-19,ACTIVO
3982,Residencial,83XXXX13,993XXX436,cliente03982***@correo.com,9,2018-12-05,ACTIVO
3983,Residencial,37XXXX02,908XXX689,cliente03983***@correo.com,23,2018-10-29,ACTIVO
3984,Residencial,86XXXX50,988XXX221,cliente03984***@correo.com,5,2021-09-24,ACTIVO
3985,Residencial,26XXXX12,942XXX929,cliente03985***@correo.com,28,2020-11-22,ACTIVO
3986,Residencial,42XXXX32,999XXX835,cliente03986***@correo.com,3,2018-08-26,ACTIVO
3987,Residencial,85XXXX37,952XXX209,cliente03987***@correo.com,3,2021-06-23,ACTIVO
3988,Industrial,53XXXX10,922XXX910,cliente03988***@correo.com,33,2023-10-10,ACTIVO
3989,Residencial,77XXXX03,922XXX754,cliente03989***@correo.com,15,2019-10-29,ACTIVO
3990,Residencial,75XXXX77,926XXX635,cliente03990***@correo.com,29,2018-01-11,ACTIVO
3991,Residencial,54XXXX80,985XXX473,cliente03991***@correo.com,4,2018-01-31,ACTIVO
3992,Residencial,13XXXX04,983XXX656,cliente03992***@correo.com,28,2023-02-26,ACTIVO
3993,Comercial,31XXXX04,940XXX582,cliente03993***@correo.com,13,2020-12-21,ACTIVO
3994,Residencial,86XXXX14,933XXX941,cliente03994***@correo.com,38,2018-03-11,ACTIVO
3995,Residencial,29XXXX59,978XXX099,cliente03995***@correo.com,9,2019-04-18,ACTIVO
3996,Residencial,23XXXX77,910XXX559,cliente03996***@correo.com,26,2020-07-30,ACTIVO
3997,Residencial,19XXXX02,922XXX921,cliente03997***@correo.com,32,2018-11-14,ACTIVO
3998,Residencial,34XXXX53,974XXX405,cliente03998***@correo.com,22,2019-05-06,ACTIVO
3999,Residencial,15XXXX51,931XXX641,cliente03999***@correo.com,15,2022-05-23,ACTIVO
4000,Residencial,72XXXX21,945XXX227,cliente04000***@correo.com,15,2022-06-20,ACTIVO
4001,Residencial,39XXXX15,990XXX733,cliente04001***@correo.com,41,2020-01-03,ACTIVO
4002,Residencial,14XXXX95,927XXX105,cliente04002***@correo.com,23,2020-08-24,ACTIVO
4003,Residencial,10XXXX45,949XXX954,cliente04003***@correo.com,28,2019-03-13,ACTIVO
4004,Comercial,87XXXX54,995XXX874,cliente04004***@correo.com,9,2021-01-25,INACTIVO
4005,Industrial,54XXXX04,994XXX537,cliente04005***@correo.com,38,2018-11-18,ACTIVO
4006,Comercial,56XXXX24,916XXX038,cliente04006***@correo.com,18,2019-10-14,ACTIVO
4007,Residencial,45XXXX08,926XXX568,cliente04007***@correo.com,40,2021-04-25,ACTIVO
4008,Residencial,39XXXX05,983XXX478,cliente04008***@correo.com,29,2019-11-04,ACTIVO
4009,Comercial,92XXXX75,919XXX031,cliente04009***@correo.com,3,2018-08-20,ACTIVO
4010,Residencial,46XXXX81,975XXX625,cliente04010***@correo.com,13,2018-09-21,ACTIVO
4011,Residencial,23XXXX30,917XXX720,cliente04011***@correo.com,3,2024-04-21,ACTIVO
4012,Residencial,24XXXX04,945XXX240,cliente04012***@correo.com,3,2023-11-10,ACTIVO
4013,Residencial,24XXXX55,954XXX370,cliente04013***@correo.com,5,2022-01-21,ACTIVO
4014,Comercial,15XXXX14,902XXX348,cliente04014***@correo.com,35,2020-05-19,ACTIVO
4015,Residencial,21XXXX03,969XXX396,cliente04015***@correo.com,33,2024-01-30,ACTIVO
4016,Industrial,76XXXX59,985XXX165,cliente04016***@correo.com,9,2023-12-12,ACTIVO
4017,Residencial,33XXXX65,981XXX601,cliente04017***@correo.com,39,2021-01-26,ACTIVO
4018,Residencial,57XXXX23,909XXX703,cliente04018***@correo.com,7,2018-05-05,ACTIVO
4019,Residencial,33XXXX49,907XXX177,cliente04019***@correo.com,40,2022-01-15,ACTIVO
4020,Residencial,56XXXX00,918XXX458,cliente04020***@correo.com,40,2022-01-09,ACTIVO
4021,Residencial,45XXXX46,972XXX153,cliente04021***@correo.com,15,2023-05-05,ACTIVO
4022,Residencial,20XXXX43,989XXX473,cliente04022***@correo.com,15,2024-11-16,ACTIVO
4023,Residencial,18XXXX97,991XXX478,cliente04023***@correo.com,19,2024-06-23,ACTIVO
4024,Residencial,56XXXX04,927XXX242,cliente04024***@correo.com,39,2023-01-20,ACTIVO
4025,Residencial,96XXXX05,966XXX421,cliente04025***@correo.com,18,2019-09-29,ACTIVO
4026,Residencial,85XXXX75,909XXX890,cliente04026***@correo.com,3,2023-05-09,ACTIVO
4027,Residencial,79XXXX11,961XXX762,cliente04027***@correo.com,5,2022-07-01,ACTIVO
4028,Gobierno,19XXXX23,985XXX380,cliente04028***@correo.com,43,2018-07-17,ACTIVO
4029,Residencial,26XXXX79,975XXX666,cliente04029***@correo.com,5,2022-05-28,ACTIVO
4030,Residencial,57XXXX48,985XXX062,cliente04030***@correo.com,3,2023-10-27,ACTIVO
4031,Residencial,55XXXX99,925XXX785,cliente04031***@correo.com,13,2020-01-30,ACTIVO
4032,Residencial,39XXXX68,991XXX416,cliente04032***@correo.com,26,2024-01-27,ACTIVO
4033,Comercial,97XXXX44,951XXX924,cliente04033***@correo.com,3,2018-09-03,ACTIVO
4034,Residencial,57XXXX88,959XXX444,cliente04034***@correo.com,15,2022-11-09,ACTIVO
4035,Residencial,81XXXX07,913XXX143,cliente04035***@correo.com,5,2020-10-25,ACTIVO
4036,Comercial,62XXXX20,991XXX616,cliente04036***@correo.com,4,2023-02-17,ACTIVO
4037,Residencial,35XXXX92,979XXX096,cliente04037***@correo.com,43,2024-09-19,ACTIVO
4038,Residencial,75XXXX21,977XXX138,cliente04038***@correo.com,7,2021-04-23,ACTIVO
4039,Comercial,36XXXX53,958XXX193,cliente04039***@correo.com,28,2021-12-26,ACTIVO
4040,Residencial,44XXXX53,965XXX921,cliente04040***@correo.com,40,2024-12-11,ACTIVO
4041,Residencial,94XXXX47,964XXX707,cliente04041***@correo.com,43,2022-02-04,ACTIVO
4042,Residencial,44XXXX68,919XXX172,cliente04042***@correo.com,15,2019-05-13,ACTIVO
4043,Industrial,73XXXX50,986XXX411,cliente04043***@correo.com,28,2019-07-14,ACTIVO
4044,Residencial,18XXXX66,991XXX253,cliente04044***@correo.com,15,2018-12-08,ACTIVO
4045,Residencial,27XXXX70,988XXX389,cliente04045***@correo.com,15,2023-03-07,ACTIVO
4046,Residencial,82XXXX35,941XXX364,cliente04046***@correo.com,4,2022-05-17,ACTIVO
4047,Residencial,86XXXX61,973XXX198,cliente04047***@correo.com,41,2018-12-09,ACTIVO
4048,Comercial,35XXXX79,919XXX084,cliente04048***@correo.com,43,2024-02-29,ACTIVO
4049,Alumbrado Público,98XXXX45,913XXX036,cliente04049***@correo.com,31,2020-02-04,ACTIVO
4050,Industrial,44XXXX01,951XXX568,cliente04050***@correo.com,9,2021-02-19,ACTIVO
4051,Residencial,67XXXX15,920XXX043,cliente04051***@correo.com,3,2021-12-03,ACTIVO
4052,Comercial,42XXXX91,934XXX945,cliente04052***@correo.com,16,2022-09-21,ACTIVO
4053,Residencial,83XXXX40,950XXX507,cliente04053***@correo.com,28,2024-10-27,ACTIVO
4054,Comercial,98XXXX76,901XXX390,cliente04054***@correo.com,1,2023-10-02,ACTIVO
4055,Residencial,14XXXX19,923XXX052,cliente04055***@correo.com,3,2020-02-26,ACTIVO
4056,Residencial,24XXXX22,964XXX029,cliente04056***@correo.com,3,2021-04-30,ACTIVO
4057,Residencial,65XXXX10,977XXX093,cliente04057***@correo.com,39,2022-05-27,ACTIVO
4058,Comercial,57XXXX82,975XXX463,cliente04058***@correo.com,40,2022-10-19,ACTIVO
4059,Residencial,22XXXX79,968XXX975,cliente04059***@correo.com,4,2023-08-18,ACTIVO
4060,Residencial,47XXXX16,907XXX754,cliente04060***@correo.com,5,2022-07-23,ACTIVO
4061,Residencial,58XXXX93,987XXX192,cliente04061***@correo.com,14,2023-11-11,ACTIVO
4062,Residencial,28XXXX04,937XXX561,cliente04062***@correo.com,38,2022-04-10,ACTIVO
4063,Residencial,83XXXX38,960XXX054,cliente04063***@correo.com,30,2020-03-24,ACTIVO
4064,Residencial,10XXXX67,960XXX252,cliente04064***@correo.com,20,2021-03-15,ACTIVO
4065,Residencial,42XXXX44,931XXX074,cliente04065***@correo.com,15,2021-11-10,ACTIVO
4066,Residencial,53XXXX89,907XXX613,cliente04066***@correo.com,15,2024-03-30,ACTIVO
4067,Residencial,32XXXX41,988XXX669,cliente04067***@correo.com,14,2023-10-07,ACTIVO
4068,Residencial,19XXXX53,909XXX340,cliente04068***@correo.com,38,2020-12-26,ACTIVO
4069,Residencial,92XXXX60,927XXX084,cliente04069***@correo.com,35,2023-12-17,ACTIVO
4070,Residencial,29XXXX31,929XXX509,cliente04070***@correo.com,29,2019-02-16,ACTIVO
4071,Residencial,14XXXX41,980XXX144,cliente04071***@correo.com,28,2018-09-27,ACTIVO
4072,Residencial,39XXXX40,923XXX714,cliente04072***@correo.com,6,2019-05-17,ACTIVO
4073,Residencial,55XXXX99,993XXX444,cliente04073***@correo.com,43,2020-07-03,ACTIVO
4074,Residencial,32XXXX93,962XXX636,cliente04074***@correo.com,29,2024-10-02,ACTIVO
4075,Residencial,56XXXX39,931XXX438,cliente04075***@correo.com,29,2023-10-24,ACTIVO
4076,Residencial,50XXXX89,916XXX361,cliente04076***@correo.com,5,2024-03-06,ACTIVO
4077,Residencial,36XXXX85,959XXX270,cliente04077***@correo.com,17,2023-08-14,ACTIVO
4078,Residencial,67XXXX09,911XXX527,cliente04078***@correo.com,15,2024-01-18,ACTIVO
4079,Residencial,84XXXX29,972XXX862,cliente04079***@correo.com,14,2020-11-09,ACTIVO
4080,Residencial,40XXXX94,940XXX624,cliente04080***@correo.com,9,2019-05-31,ACTIVO
4081,Residencial,64XXXX29,965XXX357,cliente04081***@correo.com,30,2021-09-21,ACTIVO
4082,Residencial,18XXXX65,997XXX724,cliente04082***@correo.com,3,2022-06-17,ACTIVO
4083,Comercial,45XXXX63,906XXX571,cliente04083***@correo.com,18,2021-03-23,ACTIVO
4084,Residencial,41XXXX70,908XXX517,cliente04084***@correo.com,13,2019-07-15,ACTIVO
4085,Residencial,22XXXX97,924XXX227,cliente04085***@correo.com,2,2018-09-26,ACTIVO
4086,Residencial,53XXXX38,997XXX647,cliente04086***@correo.com,9,2020-06-08,ACTIVO
4087,Residencial,34XXXX55,936XXX342,cliente04087***@correo.com,40,2020-09-23,ACTIVO
4088,Residencial,45XXXX15,930XXX511,cliente04088***@correo.com,7,2023-03-01,ACTIVO
4089,Residencial,99XXXX08,948XXX125,cliente04089***@correo.com,3,2019-03-25,ACTIVO
4090,Residencial,37XXXX22,972XXX689,cliente04090***@correo.com,7,2018-09-02,ACTIVO
4091,Residencial,36XXXX97,919XXX868,cliente04091***@correo.com,28,2023-06-02,ACTIVO
4092,Comercial,25XXXX39,974XXX047,cliente04092***@correo.com,7,2021-06-17,ACTIVO
4093,Residencial,37XXXX64,959XXX148,cliente04093***@correo.com,15,2019-12-18,ACTIVO
4094,Residencial,67XXXX36,901XXX797,cliente04094***@correo.com,40,2023-03-10,ACTIVO
4095,Residencial,41XXXX18,952XXX137,cliente04095***@correo.com,43,2021-05-19,ACTIVO
4096,Residencial,77XXXX15,940XXX675,cliente04096***@correo.com,7,2018-07-30,ACTIVO
4097,Residencial,72XXXX08,925XXX808,cliente04097***@correo.com,7,2022-06-07,ACTIVO
4098,Residencial,40XXXX03,908XXX151,cliente04098***@correo.com,7,2021-05-16,ACTIVO
4099,Residencial,96XXXX42,927XXX534,cliente04099***@correo.com,16,2020-09-27,SUSPENDIDO
4100,Residencial,47XXXX76,953XXX664,cliente04100***@correo.com,15,2024-05-10,ACTIVO
4101,Residencial,85XXXX75,970XXX558,cliente04101***@correo.com,21,2024-02-20,ACTIVO
4102,Residencial,70XXXX97,932XXX094,cliente04102***@correo.com,33,2020-11-29,ACTIVO
4103,Residencial,69XXXX87,919XXX067,cliente04103***@correo.com,5,2020-07-28,ACTIVO
4104,Residencial,86XXXX61,947XXX933,cliente04104***@correo.com,4,2020-07-26,ACTIVO
4105,Residencial,45XXXX49,993XXX096,cliente04105***@correo.com,38,2022-11-30,ACTIVO
4106,Residencial,45XXXX61,929XXX759,cliente04106***@correo.com,19,2021-06-03,ACTIVO
4107,Residencial,72XXXX48,904XXX914,cliente04107***@correo.com,15,2023-04-11,ACTIVO
4108,Residencial,88XXXX18,908XXX466,cliente04108***@correo.com,15,2024-10-05,ACTIVO
4109,Residencial,69XXXX55,921XXX119,cliente04109***@correo.com,34,2024-02-05,ACTIVO
4110,Residencial,11XXXX48,970XXX627,cliente04110***@correo.com,3,2019-01-29,ACTIVO
4111,Residencial,42XXXX41,932XXX778,cliente04111***@correo.com,5,2024-07-08,ACTIVO
4112,Gobierno,60XXXX64,998XXX030,cliente04112***@correo.com,4,2020-09-05,ACTIVO
4113,Residencial,34XXXX02,946XXX211,cliente04113***@correo.com,4,2022-01-19,ACTIVO
4114,Residencial,41XXXX30,976XXX384,cliente04114***@correo.com,11,2022-04-14,ACTIVO
4115,Residencial,67XXXX64,973XXX144,cliente04115***@correo.com,29,2024-01-13,ACTIVO
4116,Comercial,67XXXX42,933XXX970,cliente04116***@correo.com,30,2018-06-10,ACTIVO
4117,Residencial,55XXXX88,914XXX828,cliente04117***@correo.com,30,2024-12-11,ACTIVO
4118,Residencial,54XXXX53,964XXX950,cliente04118***@correo.com,19,2018-12-13,ACTIVO
4119,Residencial,16XXXX90,927XXX550,cliente04119***@correo.com,31,2018-05-07,ACTIVO
4120,Residencial,44XXXX55,907XXX530,cliente04120***@correo.com,3,2023-12-04,ACTIVO
4121,Comercial,38XXXX90,923XXX009,cliente04121***@correo.com,36,2022-10-18,INACTIVO
4122,Comercial,75XXXX84,941XXX831,cliente04122***@correo.com,28,2023-11-25,ACTIVO
4123,Comercial,37XXXX23,935XXX693,cliente04123***@correo.com,10,2021-10-26,ACTIVO
4124,Gobierno,43XXXX37,932XXX621,cliente04124***@correo.com,15,2023-08-05,ACTIVO
4125,Residencial,47XXXX57,956XXX207,cliente04125***@correo.com,26,2018-06-16,INACTIVO
4126,Comercial,81XXXX48,991XXX655,cliente04126***@correo.com,26,2018-10-29,ACTIVO
4127,Residencial,18XXXX40,973XXX649,cliente04127***@correo.com,26,2023-06-11,ACTIVO
4128,Residencial,52XXXX00,971XXX635,cliente04128***@correo.com,39,2023-04-29,ACTIVO
4129,Industrial,94XXXX21,952XXX390,cliente04129***@correo.com,38,2024-09-14,ACTIVO
4130,Residencial,16XXXX64,961XXX352,cliente04130***@correo.com,15,2018-07-30,ACTIVO
4131,Residencial,71XXXX21,941XXX431,cliente04131***@correo.com,4,2021-12-12,ACTIVO
4132,Residencial,36XXXX63,945XXX155,cliente04132***@correo.com,26,2018-07-14,ACTIVO
4133,Residencial,61XXXX36,942XXX422,cliente04133***@correo.com,26,2020-01-23,ACTIVO
4134,Residencial,51XXXX26,967XXX195,cliente04134***@correo.com,15,2023-09-01,ACTIVO
4135,Comercial,47XXXX43,936XXX433,cliente04135***@correo.com,30,2020-04-26,ACTIVO
4136,Residencial,37XXXX89,918XXX760,cliente04136***@correo.com,3,2018-08-29,ACTIVO
4137,Residencial,19XXXX65,999XXX934,cliente04137***@correo.com,15,2019-10-17,ACTIVO
4138,Residencial,80XXXX96,927XXX140,cliente04138***@correo.com,26,2018-11-01,ACTIVO
4139,Alumbrado Público,33XXXX93,970XXX233,cliente04139***@correo.com,25,2019-02-13,ACTIVO
4140,Residencial,48XXXX05,925XXX568,cliente04140***@correo.com,5,2020-12-18,ACTIVO
4141,Residencial,19XXXX05,988XXX716,cliente04141***@correo.com,7,2022-02-18,ACTIVO
4142,Residencial,78XXXX32,900XXX951,cliente04142***@correo.com,35,2023-10-10,ACTIVO
4143,Residencial,41XXXX17,958XXX055,cliente04143***@correo.com,37,2022-03-19,ACTIVO
4144,Residencial,84XXXX48,932XXX612,cliente04144***@correo.com,7,2018-07-17,ACTIVO
4145,Residencial,85XXXX19,979XXX563,cliente04145***@correo.com,41,2022-10-12,ACTIVO
4146,Residencial,61XXXX29,998XXX766,cliente04146***@correo.com,7,2020-04-13,ACTIVO
4147,Residencial,50XXXX55,973XXX425,cliente04147***@correo.com,7,2022-04-13,ACTIVO
4148,Residencial,78XXXX28,963XXX611,cliente04148***@correo.com,18,2021-09-01,ACTIVO
4149,Residencial,77XXXX42,925XXX085,cliente04149***@correo.com,6,2022-03-14,ACTIVO
4150,Residencial,88XXXX45,949XXX225,cliente04150***@correo.com,43,2020-01-10,ACTIVO
4151,Residencial,29XXXX27,982XXX280,cliente04151***@correo.com,5,2018-02-22,ACTIVO
4152,Residencial,33XXXX67,958XXX124,cliente04152***@correo.com,12,2023-09-16,ACTIVO
4153,Residencial,84XXXX26,913XXX534,cliente04153***@correo.com,43,2022-03-20,ACTIVO
4154,Residencial,31XXXX15,994XXX626,cliente04154***@correo.com,30,2022-02-15,ACTIVO
4155,Residencial,67XXXX47,932XXX399,cliente04155***@correo.com,15,2018-06-11,ACTIVO
4156,Residencial,83XXXX08,926XXX659,cliente04156***@correo.com,7,2020-08-23,ACTIVO
4157,Residencial,62XXXX42,958XXX034,cliente04157***@correo.com,43,2018-04-27,ACTIVO
4158,Comercial,87XXXX17,932XXX356,cliente04158***@correo.com,10,2023-02-04,ACTIVO
4159,Residencial,68XXXX65,925XXX503,cliente04159***@correo.com,19,2018-12-16,ACTIVO
4160,Residencial,60XXXX26,904XXX240,cliente04160***@correo.com,32,2022-12-09,ACTIVO
4161,Residencial,52XXXX38,926XXX460,cliente04161***@correo.com,5,2023-11-22,ACTIVO
4162,Industrial,95XXXX42,980XXX194,cliente04162***@correo.com,17,2021-10-12,ACTIVO
4163,Residencial,67XXXX52,914XXX409,cliente04163***@correo.com,9,2020-04-03,ACTIVO
4164,Residencial,67XXXX59,939XXX686,cliente04164***@correo.com,3,2021-03-31,ACTIVO
4165,Residencial,81XXXX47,955XXX525,cliente04165***@correo.com,18,2022-08-18,ACTIVO
4166,Residencial,72XXXX77,973XXX319,cliente04166***@correo.com,29,2020-09-17,ACTIVO
4167,Residencial,54XXXX79,937XXX906,cliente04167***@correo.com,38,2022-04-23,ACTIVO
4168,Residencial,93XXXX17,998XXX414,cliente04168***@correo.com,7,2022-09-04,ACTIVO
4169,Residencial,70XXXX11,948XXX804,cliente04169***@correo.com,43,2020-07-17,ACTIVO
4170,Residencial,87XXXX07,920XXX051,cliente04170***@correo.com,41,2022-08-30,ACTIVO
4171,Residencial,99XXXX74,977XXX109,cliente04171***@correo.com,28,2021-01-22,ACTIVO
4172,Residencial,72XXXX96,991XXX516,cliente04172***@correo.com,28,2024-05-27,ACTIVO
4173,Residencial,16XXXX65,933XXX719,cliente04173***@correo.com,40,2018-05-09,INACTIVO
4174,Residencial,95XXXX25,973XXX782,cliente04174***@correo.com,15,2023-10-01,ACTIVO
4175,Residencial,60XXXX61,925XXX313,cliente04175***@correo.com,31,2021-04-13,ACTIVO
4176,Comercial,70XXXX63,954XXX691,cliente04176***@correo.com,7,2023-10-07,ACTIVO
4177,Residencial,26XXXX78,995XXX193,cliente04177***@correo.com,38,2023-04-23,ACTIVO
4178,Residencial,30XXXX23,946XXX240,cliente04178***@correo.com,15,2021-10-03,ACTIVO
4179,Residencial,24XXXX60,998XXX541,cliente04179***@correo.com,28,2023-04-15,ACTIVO
4180,Residencial,50XXXX70,931XXX647,cliente04180***@correo.com,28,2019-11-09,ACTIVO
4181,Residencial,79XXXX13,957XXX267,cliente04181***@correo.com,28,2018-02-19,ACTIVO
4182,Residencial,13XXXX79,984XXX580,cliente04182***@correo.com,39,2018-10-16,ACTIVO
4183,Residencial,58XXXX50,993XXX514,cliente04183***@correo.com,39,2019-05-28,ACTIVO
4184,Residencial,60XXXX98,943XXX891,cliente04184***@correo.com,5,2022-12-11,ACTIVO
4185,Residencial,35XXXX52,924XXX089,cliente04185***@correo.com,42,2024-06-27,ACTIVO
4186,Residencial,92XXXX03,932XXX072,cliente04186***@correo.com,9,2020-02-01,ACTIVO
4187,Residencial,28XXXX87,950XXX008,cliente04187***@correo.com,1,2020-05-23,ACTIVO
4188,Residencial,88XXXX51,908XXX994,cliente04188***@correo.com,4,2019-01-08,ACTIVO
4189,Residencial,40XXXX23,901XXX828,cliente04189***@correo.com,20,2019-03-18,ACTIVO
4190,Comercial,56XXXX15,921XXX507,cliente04190***@correo.com,3,2018-08-31,ACTIVO
4191,Residencial,26XXXX84,954XXX747,cliente04191***@correo.com,7,2019-05-18,ACTIVO
4192,Residencial,46XXXX03,935XXX294,cliente04192***@correo.com,19,2024-08-10,ACTIVO
4193,Comercial,59XXXX75,932XXX472,cliente04193***@correo.com,43,2021-01-22,ACTIVO
4194,Residencial,19XXXX18,912XXX911,cliente04194***@correo.com,39,2024-05-29,ACTIVO
4195,Alumbrado Público,52XXXX85,976XXX977,cliente04195***@correo.com,26,2021-08-05,ACTIVO
4196,Residencial,91XXXX90,900XXX113,cliente04196***@correo.com,7,2018-12-06,ACTIVO
4197,Comercial,57XXXX94,960XXX760,cliente04197***@correo.com,26,2024-11-26,ACTIVO
4198,Residencial,71XXXX32,941XXX416,cliente04198***@correo.com,42,2021-11-29,ACTIVO
4199,Residencial,97XXXX15,949XXX315,cliente04199***@correo.com,3,2024-12-12,ACTIVO
4200,Residencial,78XXXX44,960XXX820,cliente04200***@correo.com,29,2020-04-19,ACTIVO
4201,Residencial,28XXXX81,988XXX956,cliente04201***@correo.com,40,2024-06-06,ACTIVO
4202,Residencial,73XXXX07,911XXX262,cliente04202***@correo.com,7,2019-06-09,ACTIVO
4203,Residencial,81XXXX55,940XXX912,cliente04203***@correo.com,26,2020-11-15,ACTIVO
4204,Residencial,70XXXX88,993XXX484,cliente04204***@correo.com,29,2022-08-12,ACTIVO
4205,Comercial,66XXXX16,950XXX992,cliente04205***@correo.com,30,2020-08-09,ACTIVO
4206,Residencial,45XXXX33,983XXX147,cliente04206***@correo.com,15,2020-04-09,ACTIVO
4207,Residencial,40XXXX09,967XXX102,cliente04207***@correo.com,19,2020-03-15,ACTIVO
4208,Residencial,45XXXX43,945XXX857,cliente04208***@correo.com,3,2019-09-13,ACTIVO
4209,Residencial,67XXXX54,928XXX046,cliente04209***@correo.com,29,2022-11-29,ACTIVO
4210,Residencial,41XXXX37,974XXX705,cliente04210***@correo.com,3,2024-12-25,ACTIVO
4211,Residencial,12XXXX82,905XXX882,cliente04211***@correo.com,15,2022-07-28,ACTIVO
4212,Residencial,67XXXX17,907XXX812,cliente04212***@correo.com,6,2021-07-22,INACTIVO
4213,Residencial,17XXXX76,927XXX738,cliente04213***@correo.com,15,2020-10-02,ACTIVO
4214,Residencial,42XXXX72,958XXX503,cliente04214***@correo.com,15,2018-02-01,ACTIVO
4215,Residencial,58XXXX18,916XXX479,cliente04215***@correo.com,43,2022-11-23,ACTIVO
4216,Residencial,39XXXX57,984XXX995,cliente04216***@correo.com,37,2019-05-20,ACTIVO
4217,Residencial,23XXXX44,968XXX293,cliente04217***@correo.com,38,2021-02-12,ACTIVO
4218,Residencial,85XXXX92,912XXX911,cliente04218***@correo.com,7,2023-11-10,ACTIVO
4219,Residencial,73XXXX60,951XXX522,cliente04219***@correo.com,5,2023-09-28,ACTIVO
4220,Residencial,77XXXX51,956XXX260,cliente04220***@correo.com,43,2020-11-15,ACTIVO
4221,Comercial,28XXXX93,928XXX515,cliente04221***@correo.com,25,2021-08-09,ACTIVO
4222,Residencial,25XXXX16,928XXX441,cliente04222***@correo.com,7,2022-12-05,ACTIVO
4223,Residencial,59XXXX43,943XXX522,cliente04223***@correo.com,15,2021-02-11,ACTIVO
4224,Residencial,16XXXX56,993XXX366,cliente04224***@correo.com,7,2022-09-14,ACTIVO
4225,Industrial,72XXXX56,964XXX795,cliente04225***@correo.com,7,2024-05-04,ACTIVO
4226,Residencial,97XXXX46,922XXX163,cliente04226***@correo.com,25,2022-06-05,ACTIVO
4227,Residencial,63XXXX36,919XXX419,cliente04227***@correo.com,3,2022-09-22,ACTIVO
4228,Residencial,90XXXX38,948XXX757,cliente04228***@correo.com,3,2022-02-24,ACTIVO
4229,Residencial,47XXXX99,915XXX492,cliente04229***@correo.com,40,2020-04-19,ACTIVO
4230,Residencial,92XXXX68,924XXX548,cliente04230***@correo.com,4,2020-11-15,ACTIVO
4231,Residencial,69XXXX52,947XXX998,cliente04231***@correo.com,38,2024-01-25,ACTIVO
4232,Comercial,72XXXX10,931XXX873,cliente04232***@correo.com,15,2019-05-29,ACTIVO
4233,Residencial,62XXXX96,912XXX319,cliente04233***@correo.com,40,2019-03-08,ACTIVO
4234,Residencial,26XXXX31,913XXX261,cliente04234***@correo.com,43,2021-10-14,ACTIVO
4235,Residencial,20XXXX55,928XXX129,cliente04235***@correo.com,15,2023-01-01,ACTIVO
4236,Residencial,33XXXX86,905XXX357,cliente04236***@correo.com,43,2021-08-25,ACTIVO
4237,Residencial,57XXXX48,954XXX080,cliente04237***@correo.com,30,2024-03-16,ACTIVO
4238,Residencial,97XXXX80,974XXX853,cliente04238***@correo.com,1,2019-05-02,ACTIVO
4239,Residencial,49XXXX84,941XXX933,cliente04239***@correo.com,28,2021-02-16,ACTIVO
4240,Residencial,44XXXX16,982XXX961,cliente04240***@correo.com,12,2024-01-06,ACTIVO
4241,Residencial,91XXXX86,976XXX314,cliente04241***@correo.com,26,2019-11-04,ACTIVO
4242,Residencial,46XXXX08,948XXX600,cliente04242***@correo.com,3,2023-09-05,ACTIVO
4243,Residencial,29XXXX81,982XXX021,cliente04243***@correo.com,15,2023-06-05,ACTIVO
4244,Residencial,78XXXX09,908XXX018,cliente04244***@correo.com,42,2023-08-15,ACTIVO
4245,Residencial,47XXXX25,981XXX747,cliente04245***@correo.com,3,2021-11-14,ACTIVO
4246,Residencial,29XXXX39,966XXX212,cliente04246***@correo.com,7,2019-06-17,ACTIVO
4247,Comercial,84XXXX53,985XXX530,cliente04247***@correo.com,15,2020-05-12,ACTIVO
4248,Residencial,15XXXX06,955XXX332,cliente04248***@correo.com,15,2024-08-30,ACTIVO
4249,Residencial,25XXXX85,901XXX689,cliente04249***@correo.com,26,2020-12-25,ACTIVO
4250,Residencial,91XXXX20,906XXX095,cliente04250***@correo.com,15,2021-12-23,ACTIVO
4251,Residencial,70XXXX85,941XXX149,cliente04251***@correo.com,28,2022-12-02,ACTIVO
4252,Residencial,56XXXX95,914XXX514,cliente04252***@correo.com,20,2021-12-24,ACTIVO
4253,Residencial,23XXXX42,938XXX832,cliente04253***@correo.com,9,2023-07-14,ACTIVO
4254,Residencial,53XXXX27,943XXX662,cliente04254***@correo.com,40,2018-09-25,ACTIVO
4255,Residencial,34XXXX17,902XXX717,cliente04255***@correo.com,22,2019-06-17,ACTIVO
4256,Residencial,38XXXX76,985XXX737,cliente04256***@correo.com,15,2022-06-01,ACTIVO
4257,Residencial,72XXXX54,959XXX402,cliente04257***@correo.com,25,2022-01-04,ACTIVO
4258,Residencial,25XXXX29,979XXX189,cliente04258***@correo.com,9,2020-02-01,ACTIVO
4259,Comercial,70XXXX27,901XXX738,cliente04259***@correo.com,33,2019-04-01,ACTIVO
4260,Residencial,40XXXX51,997XXX409,cliente04260***@correo.com,7,2021-12-02,ACTIVO
4261,Residencial,58XXXX77,995XXX190,cliente04261***@correo.com,7,2019-02-19,ACTIVO
4262,Residencial,98XXXX49,958XXX449,cliente04262***@correo.com,40,2021-04-25,ACTIVO
4263,Residencial,50XXXX38,917XXX535,cliente04263***@correo.com,9,2021-12-30,ACTIVO
4264,Residencial,60XXXX04,925XXX918,cliente04264***@correo.com,28,2021-07-10,ACTIVO
4265,Residencial,20XXXX65,979XXX122,cliente04265***@correo.com,33,2022-07-18,ACTIVO
4266,Residencial,42XXXX33,959XXX512,cliente04266***@correo.com,41,2019-01-29,ACTIVO
4267,Residencial,38XXXX03,993XXX715,cliente04267***@correo.com,38,2020-01-24,ACTIVO
4268,Residencial,41XXXX80,973XXX757,cliente04268***@correo.com,40,2023-08-12,ACTIVO
4269,Residencial,75XXXX64,996XXX843,cliente04269***@correo.com,9,2024-08-23,INACTIVO
4270,Residencial,99XXXX13,926XXX960,cliente04270***@correo.com,9,2023-06-13,ACTIVO
4271,Residencial,38XXXX96,917XXX981,cliente04271***@correo.com,17,2020-04-06,ACTIVO
4272,Residencial,24XXXX09,943XXX524,cliente04272***@correo.com,26,2018-12-22,ACTIVO
4273,Residencial,42XXXX40,979XXX383,cliente04273***@correo.com,29,2021-06-14,ACTIVO
4274,Residencial,82XXXX01,961XXX668,cliente04274***@correo.com,5,2024-07-30,ACTIVO
4275,Residencial,40XXXX43,952XXX203,cliente04275***@correo.com,9,2024-10-15,ACTIVO
4276,Residencial,41XXXX57,941XXX237,cliente04276***@correo.com,43,2022-09-30,ACTIVO
4277,Residencial,58XXXX80,936XXX757,cliente04277***@correo.com,37,2020-02-03,ACTIVO
4278,Residencial,37XXXX24,918XXX786,cliente04278***@correo.com,19,2019-08-18,ACTIVO
4279,Residencial,31XXXX06,939XXX738,cliente04279***@correo.com,28,2019-07-31,ACTIVO
4280,Comercial,88XXXX25,971XXX632,cliente04280***@correo.com,3,2021-05-07,ACTIVO
4281,Residencial,41XXXX57,955XXX400,cliente04281***@correo.com,7,2020-04-07,ACTIVO
4282,Residencial,49XXXX25,992XXX477,cliente04282***@correo.com,7,2018-02-14,ACTIVO
4283,Residencial,19XXXX29,921XXX757,cliente04283***@correo.com,7,2020-10-24,ACTIVO
4284,Comercial,23XXXX33,987XXX651,cliente04284***@correo.com,21,2018-09-18,ACTIVO
4285,Residencial,31XXXX00,900XXX126,cliente04285***@correo.com,15,2023-10-19,ACTIVO
4286,Residencial,77XXXX33,977XXX254,cliente04286***@correo.com,19,2019-10-19,ACTIVO
4287,Comercial,24XXXX97,971XXX669,cliente04287***@correo.com,7,2018-12-27,ACTIVO
4288,Residencial,30XXXX04,941XXX618,cliente04288***@correo.com,13,2018-01-05,ACTIVO
4289,Residencial,29XXXX34,926XXX139,cliente04289***@correo.com,15,2022-07-08,ACTIVO
4290,Residencial,64XXXX86,922XXX525,cliente04290***@correo.com,26,2023-06-29,ACTIVO
4291,Residencial,45XXXX78,937XXX527,cliente04291***@correo.com,5,2022-05-04,INACTIVO
4292,Residencial,42XXXX42,956XXX734,cliente04292***@correo.com,7,2020-07-22,ACTIVO
4293,Gobierno,16XXXX81,973XXX330,cliente04293***@correo.com,9,2020-02-04,ACTIVO
4294,Comercial,19XXXX64,938XXX293,cliente04294***@correo.com,38,2019-11-16,ACTIVO
4295,Residencial,58XXXX85,991XXX655,cliente04295***@correo.com,15,2018-11-12,ACTIVO
4296,Residencial,64XXXX04,931XXX136,cliente04296***@correo.com,26,2024-12-13,ACTIVO
4297,Comercial,92XXXX65,957XXX385,cliente04297***@correo.com,9,2020-10-06,ACTIVO
4298,Industrial,46XXXX89,962XXX273,cliente04298***@correo.com,38,2023-07-07,ACTIVO
4299,Residencial,34XXXX97,995XXX780,cliente04299***@correo.com,40,2024-09-06,ACTIVO
4300,Residencial,43XXXX33,944XXX762,cliente04300***@correo.com,5,2023-05-01,ACTIVO
4301,Residencial,19XXXX36,992XXX744,cliente04301***@correo.com,38,2018-05-04,ACTIVO
4302,Residencial,91XXXX87,905XXX546,cliente04302***@correo.com,43,2018-04-02,ACTIVO
4303,Residencial,39XXXX61,998XXX359,cliente04303***@correo.com,41,2020-09-27,ACTIVO
4304,Residencial,76XXXX65,947XXX668,cliente04304***@correo.com,15,2020-08-14,ACTIVO
4305,Residencial,89XXXX84,969XXX933,cliente04305***@correo.com,7,2023-08-01,ACTIVO
4306,Residencial,55XXXX50,945XXX905,cliente04306***@correo.com,38,2022-01-27,ACTIVO
4307,Residencial,66XXXX18,985XXX077,cliente04307***@correo.com,41,2023-05-17,ACTIVO
4308,Residencial,27XXXX21,972XXX558,cliente04308***@correo.com,19,2024-09-21,ACTIVO
4309,Comercial,87XXXX76,983XXX114,cliente04309***@correo.com,3,2018-09-15,ACTIVO
4310,Residencial,85XXXX59,903XXX981,cliente04310***@correo.com,18,2022-04-27,ACTIVO
4311,Residencial,49XXXX03,903XXX120,cliente04311***@correo.com,39,2019-12-20,ACTIVO
4312,Residencial,34XXXX70,937XXX463,cliente04312***@correo.com,26,2023-02-17,ACTIVO
4313,Residencial,40XXXX21,932XXX095,cliente04313***@correo.com,43,2018-07-28,ACTIVO
4314,Residencial,16XXXX30,973XXX784,cliente04314***@correo.com,14,2024-11-20,ACTIVO
4315,Residencial,37XXXX44,963XXX675,cliente04315***@correo.com,9,2020-04-28,ACTIVO
4316,Residencial,76XXXX39,957XXX656,cliente04316***@correo.com,19,2022-09-16,ACTIVO
4317,Industrial,62XXXX44,974XXX897,cliente04317***@correo.com,19,2018-02-08,ACTIVO
4318,Residencial,23XXXX54,959XXX531,cliente04318***@correo.com,13,2021-08-09,ACTIVO
4319,Residencial,39XXXX75,906XXX292,cliente04319***@correo.com,3,2024-05-13,ACTIVO
4320,Residencial,55XXXX42,967XXX033,cliente04320***@correo.com,29,2019-06-01,ACTIVO
4321,Residencial,42XXXX15,977XXX415,cliente04321***@correo.com,26,2019-10-07,ACTIVO
4322,Residencial,73XXXX59,934XXX906,cliente04322***@correo.com,19,2019-09-15,SUSPENDIDO
4323,Comercial,75XXXX07,946XXX513,cliente04323***@correo.com,15,2018-11-05,ACTIVO
4324,Comercial,31XXXX31,936XXX872,cliente04324***@correo.com,15,2023-10-25,ACTIVO
4325,Residencial,33XXXX22,934XXX132,cliente04325***@correo.com,15,2024-02-24,ACTIVO
4326,Residencial,25XXXX29,905XXX690,cliente04326***@correo.com,3,2019-12-05,ACTIVO
4327,Residencial,23XXXX14,994XXX811,cliente04327***@correo.com,3,2023-09-16,ACTIVO
4328,Residencial,93XXXX47,984XXX114,cliente04328***@correo.com,9,2021-12-11,ACTIVO
4329,Residencial,33XXXX43,913XXX957,cliente04329***@correo.com,26,2020-02-01,ACTIVO
4330,Comercial,65XXXX24,981XXX544,cliente04330***@correo.com,38,2021-09-14,SUSPENDIDO
4331,Residencial,12XXXX57,965XXX332,cliente04331***@correo.com,18,2024-12-31,ACTIVO
4332,Residencial,90XXXX87,972XXX020,cliente04332***@correo.com,2,2022-12-29,ACTIVO
4333,Residencial,16XXXX56,983XXX576,cliente04333***@correo.com,3,2018-01-24,ACTIVO
4334,Residencial,39XXXX67,993XXX689,cliente04334***@correo.com,19,2018-06-19,ACTIVO
4335,Residencial,87XXXX26,936XXX602,cliente04335***@correo.com,37,2022-08-21,ACTIVO
4336,Residencial,90XXXX93,942XXX541,cliente04336***@correo.com,15,2024-08-05,INACTIVO
4337,Residencial,81XXXX53,903XXX127,cliente04337***@correo.com,26,2022-04-08,ACTIVO
4338,Residencial,97XXXX85,989XXX133,cliente04338***@correo.com,9,2022-11-23,ACTIVO
4339,Residencial,96XXXX69,981XXX089,cliente04339***@correo.com,15,2020-07-27,ACTIVO
4340,Residencial,72XXXX44,962XXX763,cliente04340***@correo.com,19,2018-05-01,ACTIVO
4341,Residencial,46XXXX28,945XXX092,cliente04341***@correo.com,5,2019-04-22,ACTIVO
4342,Residencial,19XXXX21,929XXX069,cliente04342***@correo.com,38,2018-11-30,ACTIVO
4343,Residencial,36XXXX22,990XXX947,cliente04343***@correo.com,28,2022-07-18,ACTIVO
4344,Residencial,75XXXX51,989XXX317,cliente04344***@correo.com,7,2020-12-27,ACTIVO
4345,Residencial,71XXXX38,922XXX100,cliente04345***@correo.com,15,2020-11-26,ACTIVO
4346,Residencial,93XXXX84,984XXX045,cliente04346***@correo.com,9,2021-03-18,ACTIVO
4347,Residencial,72XXXX75,905XXX585,cliente04347***@correo.com,30,2020-09-07,ACTIVO
4348,Residencial,63XXXX01,920XXX672,cliente04348***@correo.com,29,2018-01-30,ACTIVO
4349,Residencial,76XXXX91,992XXX064,cliente04349***@correo.com,30,2019-11-13,ACTIVO
4350,Residencial,73XXXX23,974XXX617,cliente04350***@correo.com,31,2023-05-07,ACTIVO
4351,Residencial,54XXXX21,906XXX728,cliente04351***@correo.com,7,2021-05-28,ACTIVO
4352,Residencial,65XXXX69,950XXX323,cliente04352***@correo.com,26,2024-06-21,ACTIVO
4353,Comercial,41XXXX35,906XXX140,cliente04353***@correo.com,18,2023-01-14,ACTIVO
4354,Residencial,59XXXX41,941XXX937,cliente04354***@correo.com,3,2021-07-25,ACTIVO
4355,Residencial,19XXXX76,989XXX618,cliente04355***@correo.com,38,2024-12-19,ACTIVO
4356,Residencial,25XXXX00,928XXX164,cliente04356***@correo.com,15,2018-04-24,ACTIVO
4357,Residencial,34XXXX63,936XXX531,cliente04357***@correo.com,5,2022-05-27,ACTIVO
4358,Residencial,23XXXX26,991XXX970,cliente04358***@correo.com,13,2024-12-20,ACTIVO
4359,Residencial,81XXXX54,945XXX126,cliente04359***@correo.com,7,2022-06-24,ACTIVO
4360,Residencial,35XXXX78,971XXX131,cliente04360***@correo.com,32,2022-09-20,ACTIVO
4361,Residencial,17XXXX43,936XXX980,cliente04361***@correo.com,4,2021-05-31,ACTIVO
4362,Residencial,23XXXX94,951XXX840,cliente04362***@correo.com,7,2020-11-15,ACTIVO
4363,Residencial,81XXXX45,931XXX094,cliente04363***@correo.com,15,2019-02-12,ACTIVO
4364,Residencial,62XXXX81,911XXX639,cliente04364***@correo.com,40,2022-04-04,ACTIVO
4365,Residencial,13XXXX62,908XXX867,cliente04365***@correo.com,37,2019-04-16,ACTIVO
4366,Residencial,21XXXX36,915XXX304,cliente04366***@correo.com,17,2024-06-27,ACTIVO
4367,Residencial,43XXXX93,969XXX948,cliente04367***@correo.com,30,2020-05-23,ACTIVO
4368,Comercial,14XXXX31,928XXX244,cliente04368***@correo.com,28,2021-11-29,ACTIVO
4369,Residencial,51XXXX31,999XXX480,cliente04369***@correo.com,40,2021-06-10,ACTIVO
4370,Residencial,22XXXX56,943XXX804,cliente04370***@correo.com,43,2018-06-26,ACTIVO
4371,Residencial,76XXXX12,951XXX750,cliente04371***@correo.com,3,2021-05-14,ACTIVO
4372,Residencial,80XXXX26,952XXX841,cliente04372***@correo.com,39,2022-12-26,ACTIVO
4373,Residencial,61XXXX69,986XXX083,cliente04373***@correo.com,30,2021-08-03,ACTIVO
4374,Residencial,32XXXX50,977XXX856,cliente04374***@correo.com,38,2024-07-25,ACTIVO
4375,Residencial,37XXXX93,923XXX626,cliente04375***@correo.com,5,2018-09-04,ACTIVO
4376,Residencial,66XXXX44,908XXX278,cliente04376***@correo.com,19,2021-06-29,ACTIVO
4377,Industrial,85XXXX09,914XXX596,cliente04377***@correo.com,7,2023-12-23,ACTIVO
4378,Residencial,23XXXX64,927XXX964,cliente04378***@correo.com,13,2020-09-03,ACTIVO
4379,Residencial,92XXXX88,962XXX170,cliente04379***@correo.com,43,2021-03-04,ACTIVO
4380,Residencial,62XXXX44,982XXX670,cliente04380***@correo.com,26,2022-12-30,ACTIVO
4381,Residencial,56XXXX58,927XXX132,cliente04381***@correo.com,33,2023-10-31,ACTIVO
4382,Residencial,35XXXX75,930XXX523,cliente04382***@correo.com,43,2024-05-28,ACTIVO
4383,Comercial,30XXXX66,993XXX468,cliente04383***@correo.com,1,2018-03-06,ACTIVO
4384,Comercial,67XXXX99,983XXX141,cliente04384***@correo.com,7,2018-06-27,ACTIVO
4385,Gobierno,11XXXX40,930XXX184,cliente04385***@correo.com,15,2023-08-10,ACTIVO
4386,Residencial,84XXXX27,986XXX832,cliente04386***@correo.com,28,2020-09-22,ACTIVO
4387,Residencial,41XXXX88,918XXX665,cliente04387***@correo.com,15,2024-12-24,ACTIVO
4388,Residencial,94XXXX54,935XXX102,cliente04388***@correo.com,34,2022-08-21,ACTIVO
4389,Residencial,36XXXX26,927XXX924,cliente04389***@correo.com,6,2021-09-09,ACTIVO
4390,Residencial,93XXXX94,979XXX863,cliente04390***@correo.com,15,2023-04-17,ACTIVO
4391,Comercial,40XXXX44,934XXX507,cliente04391***@correo.com,26,2020-01-22,ACTIVO
4392,Residencial,94XXXX61,911XXX502,cliente04392***@correo.com,9,2022-06-05,ACTIVO
4393,Residencial,27XXXX06,934XXX413,cliente04393***@correo.com,7,2022-05-17,ACTIVO
4394,Residencial,34XXXX57,946XXX657,cliente04394***@correo.com,37,2023-09-08,ACTIVO
4395,Residencial,65XXXX61,992XXX165,cliente04395***@correo.com,18,2021-07-24,ACTIVO
4396,Comercial,13XXXX64,997XXX793,cliente04396***@correo.com,22,2024-02-13,ACTIVO
4397,Residencial,28XXXX86,993XXX998,cliente04397***@correo.com,30,2023-03-10,ACTIVO
4398,Residencial,96XXXX47,996XXX904,cliente04398***@correo.com,3,2018-05-10,ACTIVO
4399,Residencial,58XXXX65,927XXX884,cliente04399***@correo.com,13,2021-01-21,ACTIVO
4400,Comercial,98XXXX57,953XXX446,cliente04400***@correo.com,15,2023-11-28,ACTIVO
4401,Residencial,26XXXX88,909XXX963,cliente04401***@correo.com,7,2022-09-11,ACTIVO
4402,Residencial,59XXXX87,962XXX079,cliente04402***@correo.com,9,2019-12-22,ACTIVO
4403,Residencial,20XXXX02,955XXX090,cliente04403***@correo.com,43,2024-04-12,ACTIVO
4404,Comercial,77XXXX90,945XXX113,cliente04404***@correo.com,24,2018-12-28,INACTIVO
4405,Residencial,94XXXX29,921XXX933,cliente04405***@correo.com,7,2024-06-28,ACTIVO
4406,Residencial,40XXXX88,954XXX940,cliente04406***@correo.com,39,2019-12-17,ACTIVO
4407,Residencial,94XXXX09,993XXX753,cliente04407***@correo.com,6,2024-04-17,ACTIVO
4408,Residencial,97XXXX46,942XXX851,cliente04408***@correo.com,26,2021-05-15,ACTIVO
4409,Residencial,63XXXX25,980XXX514,cliente04409***@correo.com,43,2018-08-28,INACTIVO
4410,Comercial,32XXXX86,971XXX098,cliente04410***@correo.com,9,2019-03-04,ACTIVO
4411,Residencial,29XXXX04,903XXX628,cliente04411***@correo.com,15,2023-06-12,ACTIVO
4412,Residencial,27XXXX53,922XXX024,cliente04412***@correo.com,4,2023-01-10,ACTIVO
4413,Residencial,49XXXX51,953XXX934,cliente04413***@correo.com,7,2024-08-01,ACTIVO
4414,Residencial,65XXXX82,968XXX666,cliente04414***@correo.com,25,2024-05-21,ACTIVO
4415,Residencial,13XXXX13,915XXX741,cliente04415***@correo.com,29,2024-12-18,ACTIVO
4416,Residencial,10XXXX03,933XXX295,cliente04416***@correo.com,35,2022-09-02,ACTIVO
4417,Residencial,52XXXX72,978XXX844,cliente04417***@correo.com,15,2021-01-28,ACTIVO
4418,Residencial,55XXXX10,981XXX233,cliente04418***@correo.com,5,2021-11-10,ACTIVO
4419,Residencial,91XXXX59,916XXX837,cliente04419***@correo.com,15,2023-10-27,ACTIVO
4420,Residencial,36XXXX00,952XXX703,cliente04420***@correo.com,35,2023-07-07,ACTIVO
4421,Residencial,56XXXX83,984XXX768,cliente04421***@correo.com,7,2019-06-03,ACTIVO
4422,Comercial,36XXXX11,906XXX412,cliente04422***@correo.com,29,2024-01-06,ACTIVO
4423,Residencial,55XXXX85,942XXX696,cliente04423***@correo.com,9,2018-03-13,ACTIVO
4424,Residencial,78XXXX94,912XXX387,cliente04424***@correo.com,15,2024-11-20,ACTIVO
4425,Residencial,66XXXX14,999XXX914,cliente04425***@correo.com,31,2022-05-29,ACTIVO
4426,Residencial,64XXXX26,944XXX421,cliente04426***@correo.com,39,2021-11-28,ACTIVO
4427,Residencial,18XXXX52,998XXX986,cliente04427***@correo.com,15,2021-07-08,ACTIVO
4428,Residencial,13XXXX39,961XXX400,cliente04428***@correo.com,30,2018-07-27,ACTIVO
4429,Residencial,83XXXX44,959XXX058,cliente04429***@correo.com,12,2023-01-27,ACTIVO
4430,Residencial,44XXXX67,963XXX176,cliente04430***@correo.com,15,2020-01-30,ACTIVO
4431,Residencial,84XXXX61,927XXX830,cliente04431***@correo.com,1,2019-04-09,ACTIVO
4432,Residencial,35XXXX35,929XXX411,cliente04432***@correo.com,7,2019-02-21,ACTIVO
4433,Residencial,20XXXX66,935XXX266,cliente04433***@correo.com,7,2021-12-28,ACTIVO
4434,Residencial,33XXXX73,903XXX752,cliente04434***@correo.com,36,2018-10-07,ACTIVO
4435,Residencial,59XXXX86,943XXX606,cliente04435***@correo.com,15,2020-02-14,ACTIVO
4436,Residencial,71XXXX25,982XXX755,cliente04436***@correo.com,12,2023-09-24,ACTIVO
4437,Residencial,49XXXX07,911XXX254,cliente04437***@correo.com,15,2024-07-03,INACTIVO
4438,Residencial,19XXXX87,935XXX782,cliente04438***@correo.com,18,2024-06-21,ACTIVO
4439,Industrial,24XXXX08,903XXX298,cliente04439***@correo.com,15,2021-10-02,ACTIVO
4440,Residencial,24XXXX38,931XXX261,cliente04440***@correo.com,9,2024-12-17,ACTIVO
4441,Residencial,58XXXX47,933XXX780,cliente04441***@correo.com,43,2022-04-20,ACTIVO
4442,Residencial,84XXXX66,980XXX186,cliente04442***@correo.com,15,2022-04-21,ACTIVO
4443,Residencial,40XXXX07,999XXX302,cliente04443***@correo.com,7,2019-01-10,ACTIVO
4444,Residencial,77XXXX74,946XXX961,cliente04444***@correo.com,7,2019-06-13,ACTIVO
4445,Residencial,16XXXX00,922XXX350,cliente04445***@correo.com,9,2020-01-30,ACTIVO
4446,Residencial,33XXXX10,950XXX100,cliente04446***@correo.com,30,2018-09-25,INACTIVO
4447,Comercial,18XXXX56,929XXX196,cliente04447***@correo.com,43,2020-01-04,ACTIVO
4448,Residencial,95XXXX06,998XXX492,cliente04448***@correo.com,29,2020-07-10,ACTIVO
4449,Alumbrado Público,81XXXX97,950XXX747,cliente04449***@correo.com,1,2023-05-01,ACTIVO
4450,Comercial,82XXXX62,980XXX318,cliente04450***@correo.com,21,2021-11-04,ACTIVO
4451,Residencial,87XXXX82,981XXX482,cliente04451***@correo.com,7,2022-01-25,ACTIVO
4452,Comercial,27XXXX04,913XXX559,cliente04452***@correo.com,29,2024-02-20,ACTIVO
4453,Residencial,78XXXX23,959XXX412,cliente04453***@correo.com,41,2024-06-28,ACTIVO
4454,Residencial,37XXXX40,933XXX505,cliente04454***@correo.com,7,2018-06-28,ACTIVO
4455,Residencial,73XXXX59,939XXX910,cliente04455***@correo.com,28,2018-02-20,ACTIVO
4456,Residencial,93XXXX42,906XXX320,cliente04456***@correo.com,15,2019-07-14,ACTIVO
4457,Residencial,61XXXX77,997XXX946,cliente04457***@correo.com,13,2023-10-15,ACTIVO
4458,Residencial,25XXXX17,982XXX405,cliente04458***@correo.com,16,2019-12-19,ACTIVO
4459,Residencial,44XXXX58,990XXX338,cliente04459***@correo.com,22,2019-12-29,ACTIVO
4460,Residencial,76XXXX51,934XXX441,cliente04460***@correo.com,30,2023-05-08,ACTIVO
4461,Residencial,12XXXX16,993XXX441,cliente04461***@correo.com,41,2021-01-30,ACTIVO
4462,Residencial,79XXXX27,929XXX287,cliente04462***@correo.com,26,2023-02-14,ACTIVO
4463,Residencial,17XXXX76,919XXX679,cliente04463***@correo.com,19,2021-02-07,ACTIVO
4464,Residencial,69XXXX38,998XXX785,cliente04464***@correo.com,2,2019-12-27,ACTIVO
4465,Residencial,30XXXX20,966XXX016,cliente04465***@correo.com,13,2019-09-27,ACTIVO
4466,Residencial,22XXXX02,992XXX748,cliente04466***@correo.com,23,2022-10-13,ACTIVO
4467,Residencial,34XXXX05,949XXX264,cliente04467***@correo.com,40,2019-08-08,ACTIVO
4468,Comercial,93XXXX07,956XXX169,cliente04468***@correo.com,29,2022-09-29,ACTIVO
4469,Residencial,15XXXX05,945XXX744,cliente04469***@correo.com,4,2022-12-20,ACTIVO
4470,Residencial,50XXXX33,901XXX272,cliente04470***@correo.com,5,2024-03-23,ACTIVO
4471,Residencial,55XXXX47,969XXX143,cliente04471***@correo.com,43,2019-11-22,ACTIVO
4472,Residencial,39XXXX56,914XXX781,cliente04472***@correo.com,3,2018-12-29,ACTIVO
4473,Comercial,48XXXX03,921XXX052,cliente04473***@correo.com,36,2021-04-30,ACTIVO
4474,Residencial,40XXXX95,921XXX826,cliente04474***@correo.com,28,2023-03-26,ACTIVO
4475,Residencial,66XXXX69,953XXX844,cliente04475***@correo.com,15,2021-12-26,ACTIVO
4476,Residencial,33XXXX31,990XXX602,cliente04476***@correo.com,9,2024-11-17,ACTIVO
4477,Residencial,18XXXX42,937XXX685,cliente04477***@correo.com,19,2022-09-11,ACTIVO
4478,Residencial,56XXXX74,913XXX180,cliente04478***@correo.com,3,2023-11-05,ACTIVO
4479,Comercial,79XXXX92,987XXX978,cliente04479***@correo.com,27,2022-06-30,INACTIVO
4480,Residencial,49XXXX42,924XXX696,cliente04480***@correo.com,43,2023-04-06,ACTIVO
4481,Residencial,81XXXX69,914XXX292,cliente04481***@correo.com,4,2018-05-23,ACTIVO
4482,Residencial,56XXXX88,923XXX724,cliente04482***@correo.com,10,2020-10-04,ACTIVO
4483,Residencial,20XXXX63,975XXX089,cliente04483***@correo.com,29,2022-01-07,ACTIVO
4484,Residencial,58XXXX96,909XXX813,cliente04484***@correo.com,15,2024-08-27,ACTIVO
4485,Residencial,14XXXX42,918XXX869,cliente04485***@correo.com,30,2020-06-08,ACTIVO
4486,Comercial,66XXXX23,935XXX121,cliente04486***@correo.com,29,2024-05-12,ACTIVO
4487,Comercial,63XXXX26,998XXX637,cliente04487***@correo.com,9,2019-03-18,ACTIVO
4488,Residencial,30XXXX37,984XXX498,cliente04488***@correo.com,28,2018-03-17,ACTIVO
4489,Residencial,69XXXX57,928XXX378,cliente04489***@correo.com,29,2018-04-26,ACTIVO
4490,Residencial,65XXXX63,905XXX594,cliente04490***@correo.com,38,2024-12-27,ACTIVO
4491,Residencial,42XXXX11,936XXX068,cliente04491***@correo.com,41,2021-09-10,ACTIVO
4492,Residencial,18XXXX62,954XXX337,cliente04492***@correo.com,15,2023-12-07,ACTIVO
4493,Residencial,16XXXX75,954XXX762,cliente04493***@correo.com,29,2022-03-20,ACTIVO
4494,Residencial,30XXXX50,973XXX490,cliente04494***@correo.com,24,2018-09-30,ACTIVO
4495,Residencial,17XXXX08,997XXX309,cliente04495***@correo.com,15,2020-05-22,ACTIVO
4496,Industrial,62XXXX24,961XXX583,cliente04496***@correo.com,15,2021-03-25,ACTIVO
4497,Residencial,48XXXX76,996XXX140,cliente04497***@correo.com,9,2024-12-18,ACTIVO
4498,Residencial,52XXXX37,997XXX140,cliente04498***@correo.com,36,2019-05-30,INACTIVO
4499,Residencial,74XXXX54,981XXX880,cliente04499***@correo.com,14,2020-09-20,ACTIVO
4500,Residencial,40XXXX67,908XXX377,cliente04500***@correo.com,17,2020-08-16,ACTIVO
4501,Residencial,12XXXX87,980XXX097,cliente04501***@correo.com,34,2018-04-15,ACTIVO
4502,Residencial,38XXXX52,999XXX137,cliente04502***@correo.com,30,2022-07-25,ACTIVO
4503,Residencial,34XXXX10,956XXX318,cliente04503***@correo.com,28,2021-03-18,ACTIVO
4504,Residencial,98XXXX69,992XXX258,cliente04504***@correo.com,28,2019-02-11,ACTIVO
4505,Residencial,20XXXX69,995XXX118,cliente04505***@correo.com,38,2020-01-07,ACTIVO
4506,Industrial,68XXXX93,923XXX667,cliente04506***@correo.com,8,2020-02-13,ACTIVO
4507,Residencial,25XXXX80,974XXX929,cliente04507***@correo.com,15,2024-02-28,ACTIVO
4508,Residencial,28XXXX34,922XXX415,cliente04508***@correo.com,7,2023-08-29,ACTIVO
4509,Residencial,25XXXX61,969XXX967,cliente04509***@correo.com,1,2021-04-30,ACTIVO
4510,Residencial,13XXXX02,944XXX076,cliente04510***@correo.com,25,2019-02-07,ACTIVO
4511,Residencial,50XXXX96,966XXX190,cliente04511***@correo.com,30,2023-10-19,ACTIVO
4512,Residencial,37XXXX62,974XXX953,cliente04512***@correo.com,17,2023-02-05,ACTIVO
4513,Residencial,52XXXX89,907XXX635,cliente04513***@correo.com,36,2022-02-15,INACTIVO
4514,Residencial,66XXXX18,933XXX528,cliente04514***@correo.com,7,2022-06-29,ACTIVO
4515,Residencial,31XXXX31,997XXX521,cliente04515***@correo.com,20,2020-04-16,ACTIVO
4516,Residencial,52XXXX48,934XXX263,cliente04516***@correo.com,7,2018-01-10,ACTIVO
4517,Residencial,50XXXX07,978XXX308,cliente04517***@correo.com,5,2020-07-23,ACTIVO
4518,Residencial,75XXXX11,918XXX929,cliente04518***@correo.com,5,2024-07-26,ACTIVO
4519,Residencial,24XXXX97,941XXX035,cliente04519***@correo.com,7,2021-08-19,ACTIVO
4520,Residencial,11XXXX83,957XXX893,cliente04520***@correo.com,9,2019-02-21,ACTIVO
4521,Residencial,83XXXX20,924XXX074,cliente04521***@correo.com,29,2018-04-04,ACTIVO
4522,Residencial,21XXXX25,958XXX392,cliente04522***@correo.com,5,2024-10-06,ACTIVO
4523,Residencial,58XXXX83,943XXX510,cliente04523***@correo.com,23,2022-06-23,ACTIVO
4524,Residencial,34XXXX51,947XXX801,cliente04524***@correo.com,28,2021-07-16,ACTIVO
4525,Residencial,30XXXX93,992XXX391,cliente04525***@correo.com,28,2024-10-19,ACTIVO
4526,Residencial,55XXXX95,956XXX353,cliente04526***@correo.com,3,2022-05-05,SUSPENDIDO
4527,Residencial,26XXXX93,949XXX832,cliente04527***@correo.com,27,2018-01-09,ACTIVO
4528,Residencial,53XXXX69,974XXX781,cliente04528***@correo.com,6,2022-09-08,INACTIVO
4529,Residencial,73XXXX67,920XXX312,cliente04529***@correo.com,43,2023-08-16,ACTIVO
4530,Residencial,92XXXX83,917XXX677,cliente04530***@correo.com,11,2021-04-02,ACTIVO
4531,Residencial,11XXXX08,943XXX563,cliente04531***@correo.com,15,2022-10-22,ACTIVO
4532,Residencial,52XXXX76,940XXX777,cliente04532***@correo.com,16,2019-01-03,ACTIVO
4533,Residencial,14XXXX08,937XXX065,cliente04533***@correo.com,15,2024-12-17,ACTIVO
4534,Residencial,33XXXX74,998XXX059,cliente04534***@correo.com,9,2022-03-14,ACTIVO
4535,Comercial,44XXXX17,985XXX594,cliente04535***@correo.com,26,2019-12-18,ACTIVO
4536,Residencial,67XXXX47,921XXX572,cliente04536***@correo.com,5,2020-05-07,ACTIVO
4537,Residencial,12XXXX75,936XXX286,cliente04537***@correo.com,9,2018-10-19,ACTIVO
4538,Residencial,47XXXX96,932XXX318,cliente04538***@correo.com,39,2019-05-25,ACTIVO
4539,Residencial,37XXXX99,930XXX830,cliente04539***@correo.com,29,2019-02-09,ACTIVO
4540,Residencial,73XXXX75,994XXX379,cliente04540***@correo.com,1,2018-01-04,ACTIVO
4541,Residencial,26XXXX00,951XXX223,cliente04541***@correo.com,15,2020-03-19,ACTIVO
4542,Residencial,80XXXX99,941XXX846,cliente04542***@correo.com,40,2020-10-05,ACTIVO
4543,Residencial,24XXXX66,953XXX879,cliente04543***@correo.com,3,2020-04-19,ACTIVO
4544,Residencial,70XXXX03,980XXX358,cliente04544***@correo.com,28,2024-07-29,ACTIVO
4545,Comercial,12XXXX88,962XXX453,cliente04545***@correo.com,5,2020-10-18,ACTIVO
4546,Residencial,32XXXX25,931XXX365,cliente04546***@correo.com,4,2024-08-14,ACTIVO
4547,Residencial,79XXXX42,998XXX422,cliente04547***@correo.com,3,2019-01-02,ACTIVO
4548,Comercial,61XXXX51,967XXX970,cliente04548***@correo.com,9,2020-06-12,ACTIVO
4549,Residencial,48XXXX49,931XXX202,cliente04549***@correo.com,39,2021-10-18,ACTIVO
4550,Residencial,22XXXX86,920XXX981,cliente04550***@correo.com,7,2023-10-28,ACTIVO
4551,Residencial,81XXXX02,957XXX510,cliente04551***@correo.com,29,2021-02-11,ACTIVO
4552,Residencial,30XXXX12,971XXX874,cliente04552***@correo.com,40,2018-03-26,ACTIVO
4553,Gobierno,13XXXX05,967XXX342,cliente04553***@correo.com,42,2021-08-27,ACTIVO
4554,Residencial,85XXXX25,906XXX507,cliente04554***@correo.com,35,2019-05-30,ACTIVO
4555,Residencial,91XXXX80,921XXX255,cliente04555***@correo.com,12,2021-11-19,ACTIVO
4556,Residencial,27XXXX39,962XXX672,cliente04556***@correo.com,7,2023-07-20,ACTIVO
4557,Comercial,21XXXX77,910XXX108,cliente04557***@correo.com,7,2021-12-16,ACTIVO
4558,Residencial,38XXXX64,939XXX446,cliente04558***@correo.com,35,2023-12-26,ACTIVO
4559,Residencial,99XXXX15,904XXX691,cliente04559***@correo.com,27,2022-01-11,ACTIVO
4560,Residencial,75XXXX89,946XXX979,cliente04560***@correo.com,1,2023-09-04,ACTIVO
4561,Comercial,94XXXX63,982XXX028,cliente04561***@correo.com,38,2021-09-12,ACTIVO
4562,Residencial,15XXXX51,913XXX256,cliente04562***@correo.com,7,2020-09-24,ACTIVO
4563,Residencial,73XXXX39,932XXX452,cliente04563***@correo.com,38,2024-11-14,ACTIVO
4564,Residencial,37XXXX92,994XXX748,cliente04564***@correo.com,33,2021-11-06,ACTIVO
4565,Residencial,14XXXX29,929XXX300,cliente04565***@correo.com,7,2023-10-07,ACTIVO
4566,Comercial,27XXXX29,902XXX571,cliente04566***@correo.com,6,2018-04-26,ACTIVO
4567,Residencial,87XXXX62,992XXX653,cliente04567***@correo.com,15,2020-09-17,ACTIVO
4568,Residencial,75XXXX20,953XXX768,cliente04568***@correo.com,38,2020-04-02,ACTIVO
4569,Residencial,60XXXX99,905XXX359,cliente04569***@correo.com,15,2022-12-17,ACTIVO
4570,Residencial,90XXXX85,928XXX493,cliente04570***@correo.com,28,2019-05-27,ACTIVO
4571,Residencial,54XXXX29,943XXX467,cliente04571***@correo.com,22,2019-11-10,ACTIVO
4572,Residencial,49XXXX52,976XXX023,cliente04572***@correo.com,43,2018-01-22,ACTIVO
4573,Residencial,43XXXX71,996XXX162,cliente04573***@correo.com,5,2022-01-23,ACTIVO
4574,Comercial,44XXXX18,973XXX030,cliente04574***@correo.com,23,2020-05-24,ACTIVO
4575,Comercial,45XXXX64,958XXX363,cliente04575***@correo.com,28,2021-04-29,ACTIVO
4576,Residencial,79XXXX85,991XXX419,cliente04576***@correo.com,15,2023-10-23,ACTIVO
4577,Industrial,34XXXX21,943XXX749,cliente04577***@correo.com,38,2019-12-09,ACTIVO
4578,Residencial,47XXXX57,911XXX288,cliente04578***@correo.com,4,2019-03-15,ACTIVO
4579,Residencial,26XXXX20,970XXX105,cliente04579***@correo.com,5,2021-07-01,SUSPENDIDO
4580,Residencial,82XXXX85,927XXX899,cliente04580***@correo.com,4,2018-09-30,ACTIVO
4581,Residencial,53XXXX81,982XXX060,cliente04581***@correo.com,30,2024-03-28,ACTIVO
4582,Residencial,17XXXX78,982XXX575,cliente04582***@correo.com,15,2018-11-27,ACTIVO
4583,Gobierno,42XXXX02,948XXX959,cliente04583***@correo.com,16,2020-02-08,ACTIVO
4584,Residencial,28XXXX12,907XXX702,cliente04584***@correo.com,28,2020-06-27,ACTIVO
4585,Residencial,40XXXX67,933XXX514,cliente04585***@correo.com,3,2024-05-21,ACTIVO
4586,Residencial,64XXXX12,932XXX297,cliente04586***@correo.com,25,2019-08-08,ACTIVO
4587,Residencial,15XXXX21,916XXX386,cliente04587***@correo.com,15,2022-09-17,ACTIVO
4588,Residencial,12XXXX64,954XXX356,cliente04588***@correo.com,43,2022-08-29,ACTIVO
4589,Gobierno,95XXXX20,970XXX247,cliente04589***@correo.com,38,2020-10-30,ACTIVO
4590,Residencial,44XXXX00,907XXX615,cliente04590***@correo.com,15,2018-08-26,ACTIVO
4591,Residencial,94XXXX74,915XXX999,cliente04591***@correo.com,40,2022-12-26,ACTIVO
4592,Residencial,11XXXX39,966XXX191,cliente04592***@correo.com,40,2019-06-04,ACTIVO
4593,Residencial,69XXXX99,967XXX623,cliente04593***@correo.com,15,2023-09-06,ACTIVO
4594,Residencial,59XXXX44,984XXX491,cliente04594***@correo.com,29,2023-04-26,ACTIVO
4595,Residencial,99XXXX09,990XXX559,cliente04595***@correo.com,28,2023-09-24,SUSPENDIDO
4596,Residencial,74XXXX40,973XXX921,cliente04596***@correo.com,43,2019-04-14,ACTIVO
4597,Residencial,69XXXX93,944XXX720,cliente04597***@correo.com,42,2019-07-09,ACTIVO
4598,Residencial,10XXXX64,996XXX322,cliente04598***@correo.com,35,2023-09-29,ACTIVO
4599,Residencial,18XXXX22,939XXX071,cliente04599***@correo.com,25,2023-02-12,ACTIVO
4600,Residencial,54XXXX26,948XXX263,cliente04600***@correo.com,38,2023-07-11,ACTIVO
4601,Residencial,28XXXX10,981XXX777,cliente04601***@correo.com,29,2022-11-17,ACTIVO
4602,Residencial,37XXXX43,902XXX307,cliente04602***@correo.com,9,2020-06-03,ACTIVO
4603,Residencial,81XXXX50,994XXX664,cliente04603***@correo.com,26,2024-12-30,ACTIVO
4604,Residencial,92XXXX17,991XXX120,cliente04604***@correo.com,19,2024-11-28,ACTIVO
4605,Residencial,42XXXX33,922XXX050,cliente04605***@correo.com,36,2020-04-20,ACTIVO
4606,Comercial,16XXXX26,954XXX998,cliente04606***@correo.com,9,2018-01-15,ACTIVO
4607,Industrial,83XXXX64,902XXX024,cliente04607***@correo.com,3,2020-04-18,ACTIVO
4608,Residencial,67XXXX67,990XXX961,cliente04608***@correo.com,9,2024-10-14,ACTIVO
4609,Residencial,94XXXX19,960XXX178,cliente04609***@correo.com,15,2020-02-16,ACTIVO
4610,Residencial,60XXXX45,904XXX877,cliente04610***@correo.com,30,2021-05-07,ACTIVO
4611,Residencial,58XXXX61,984XXX651,cliente04611***@correo.com,38,2021-09-03,ACTIVO
4612,Residencial,66XXXX05,991XXX930,cliente04612***@correo.com,15,2023-10-21,ACTIVO
4613,Residencial,51XXXX47,922XXX339,cliente04613***@correo.com,4,2019-08-29,ACTIVO
4614,Residencial,35XXXX48,917XXX191,cliente04614***@correo.com,26,2018-05-28,ACTIVO
4615,Residencial,37XXXX76,969XXX974,cliente04615***@correo.com,38,2021-12-09,ACTIVO
4616,Comercial,68XXXX80,947XXX747,cliente04616***@correo.com,21,2021-12-29,ACTIVO
4617,Residencial,95XXXX21,979XXX142,cliente04617***@correo.com,40,2018-02-19,ACTIVO
4618,Residencial,37XXXX20,922XXX828,cliente04618***@correo.com,28,2020-09-26,ACTIVO
4619,Residencial,91XXXX04,957XXX619,cliente04619***@correo.com,4,2020-09-23,ACTIVO
4620,Residencial,64XXXX17,993XXX235,cliente04620***@correo.com,19,2021-02-14,ACTIVO
4621,Residencial,87XXXX65,966XXX080,cliente04621***@correo.com,9,2024-06-16,ACTIVO
4622,Residencial,72XXXX65,904XXX245,cliente04622***@correo.com,7,2021-02-20,ACTIVO
4623,Residencial,38XXXX01,988XXX585,cliente04623***@correo.com,43,2018-04-09,INACTIVO
4624,Residencial,86XXXX15,968XXX826,cliente04624***@correo.com,5,2024-12-05,ACTIVO
4625,Residencial,34XXXX91,953XXX430,cliente04625***@correo.com,26,2024-12-01,ACTIVO
4626,Residencial,94XXXX45,910XXX609,cliente04626***@correo.com,5,2021-10-18,ACTIVO
4627,Residencial,73XXXX61,996XXX831,cliente04627***@correo.com,5,2023-10-30,ACTIVO
4628,Residencial,28XXXX30,928XXX321,cliente04628***@correo.com,22,2020-01-24,ACTIVO
4629,Residencial,85XXXX21,923XXX176,cliente04629***@correo.com,15,2020-11-19,ACTIVO
4630,Comercial,24XXXX77,958XXX118,cliente04630***@correo.com,25,2020-12-18,SUSPENDIDO
4631,Residencial,54XXXX14,951XXX445,cliente04631***@correo.com,40,2020-09-23,ACTIVO
4632,Residencial,54XXXX90,995XXX071,cliente04632***@correo.com,17,2021-08-23,ACTIVO
4633,Comercial,75XXXX39,983XXX241,cliente04633***@correo.com,13,2022-09-27,ACTIVO
4634,Residencial,49XXXX80,915XXX056,cliente04634***@correo.com,36,2021-10-23,ACTIVO
4635,Industrial,77XXXX04,915XXX417,cliente04635***@correo.com,5,2022-08-16,ACTIVO
4636,Comercial,18XXXX29,910XXX631,cliente04636***@correo.com,29,2023-07-25,ACTIVO
4637,Comercial,87XXXX06,918XXX500,cliente04637***@correo.com,15,2023-11-24,ACTIVO
4638,Industrial,17XXXX46,985XXX348,cliente04638***@correo.com,18,2021-10-30,ACTIVO
4639,Residencial,21XXXX64,938XXX767,cliente04639***@correo.com,29,2019-09-27,ACTIVO
4640,Residencial,33XXXX16,976XXX784,cliente04640***@correo.com,15,2024-04-01,ACTIVO
4641,Residencial,61XXXX07,947XXX024,cliente04641***@correo.com,28,2024-06-26,ACTIVO
4642,Residencial,17XXXX66,957XXX571,cliente04642***@correo.com,19,2023-04-02,ACTIVO
4643,Residencial,61XXXX93,937XXX695,cliente04643***@correo.com,13,2024-06-29,ACTIVO
4644,Residencial,42XXXX85,960XXX176,cliente04644***@correo.com,28,2020-11-07,ACTIVO
4645,Residencial,18XXXX45,940XXX164,cliente04645***@correo.com,13,2020-09-12,ACTIVO
4646,Residencial,10XXXX27,947XXX582,cliente04646***@correo.com,7,2021-05-09,ACTIVO
4647,Residencial,66XXXX56,967XXX454,cliente04647***@correo.com,13,2020-08-17,ACTIVO
4648,Comercial,77XXXX96,926XXX722,cliente04648***@correo.com,26,2018-08-11,ACTIVO
4649,Residencial,40XXXX61,939XXX257,cliente04649***@correo.com,3,2018-03-01,ACTIVO
4650,Residencial,71XXXX76,940XXX428,cliente04650***@correo.com,7,2024-11-24,ACTIVO
4651,Residencial,72XXXX49,950XXX504,cliente04651***@correo.com,41,2024-05-29,ACTIVO
4652,Residencial,72XXXX30,916XXX850,cliente04652***@correo.com,6,2020-04-24,ACTIVO
4653,Residencial,39XXXX23,901XXX238,cliente04653***@correo.com,43,2023-02-18,ACTIVO
4654,Residencial,68XXXX40,901XXX790,cliente04654***@correo.com,31,2023-08-01,ACTIVO
4655,Residencial,56XXXX73,966XXX091,cliente04655***@correo.com,26,2018-11-30,ACTIVO
4656,Residencial,11XXXX28,937XXX734,cliente04656***@correo.com,7,2023-06-26,ACTIVO
4657,Residencial,89XXXX12,949XXX632,cliente04657***@correo.com,11,2022-03-13,ACTIVO
4658,Residencial,37XXXX14,902XXX704,cliente04658***@correo.com,1,2019-12-31,ACTIVO
4659,Residencial,20XXXX69,956XXX586,cliente04659***@correo.com,26,2022-07-22,ACTIVO
4660,Comercial,93XXXX38,937XXX695,cliente04660***@correo.com,27,2018-01-20,ACTIVO
4661,Residencial,17XXXX44,911XXX037,cliente04661***@correo.com,3,2024-07-21,ACTIVO
4662,Residencial,35XXXX40,949XXX624,cliente04662***@correo.com,37,2023-10-24,ACTIVO
4663,Residencial,70XXXX05,994XXX474,cliente04663***@correo.com,9,2021-04-21,ACTIVO
4664,Residencial,34XXXX77,937XXX811,cliente04664***@correo.com,28,2024-05-02,ACTIVO
4665,Residencial,88XXXX93,979XXX981,cliente04665***@correo.com,15,2019-11-03,ACTIVO
4666,Residencial,20XXXX79,939XXX179,cliente04666***@correo.com,21,2018-01-27,ACTIVO
4667,Residencial,35XXXX37,970XXX661,cliente04667***@correo.com,9,2023-03-09,ACTIVO
4668,Residencial,24XXXX72,913XXX475,cliente04668***@correo.com,4,2022-03-29,ACTIVO
4669,Residencial,57XXXX22,972XXX092,cliente04669***@correo.com,30,2023-04-21,ACTIVO
4670,Residencial,42XXXX82,988XXX129,cliente04670***@correo.com,39,2024-10-01,ACTIVO
4671,Residencial,59XXXX25,948XXX620,cliente04671***@correo.com,15,2018-09-04,ACTIVO
4672,Residencial,38XXXX34,993XXX794,cliente04672***@correo.com,29,2020-01-27,ACTIVO
4673,Residencial,75XXXX98,987XXX780,cliente04673***@correo.com,18,2019-05-07,ACTIVO
4674,Residencial,39XXXX62,921XXX688,cliente04674***@correo.com,1,2021-03-10,INACTIVO
4675,Residencial,72XXXX65,980XXX093,cliente04675***@correo.com,1,2023-04-12,ACTIVO
4676,Residencial,31XXXX41,904XXX089,cliente04676***@correo.com,35,2020-08-09,ACTIVO
4677,Residencial,37XXXX74,988XXX294,cliente04677***@correo.com,5,2019-01-09,ACTIVO
4678,Residencial,92XXXX57,930XXX063,cliente04678***@correo.com,11,2020-10-01,ACTIVO
4679,Residencial,66XXXX68,914XXX775,cliente04679***@correo.com,8,2019-08-23,ACTIVO
4680,Gobierno,13XXXX31,907XXX866,cliente04680***@correo.com,7,2020-01-24,ACTIVO
4681,Residencial,61XXXX22,952XXX920,cliente04681***@correo.com,41,2022-12-21,ACTIVO
4682,Residencial,46XXXX37,946XXX156,cliente04682***@correo.com,13,2022-03-05,ACTIVO
4683,Residencial,46XXXX26,937XXX291,cliente04683***@correo.com,29,2019-02-11,ACTIVO
4684,Residencial,92XXXX29,951XXX620,cliente04684***@correo.com,15,2023-04-02,ACTIVO
4685,Residencial,87XXXX02,928XXX643,cliente04685***@correo.com,40,2023-01-23,ACTIVO
4686,Comercial,86XXXX06,979XXX333,cliente04686***@correo.com,3,2023-05-06,SUSPENDIDO
4687,Residencial,86XXXX25,968XXX483,cliente04687***@correo.com,12,2020-01-28,ACTIVO
4688,Residencial,32XXXX96,927XXX196,cliente04688***@correo.com,43,2019-05-21,ACTIVO
4689,Residencial,91XXXX03,906XXX575,cliente04689***@correo.com,3,2019-09-02,ACTIVO
4690,Residencial,28XXXX35,976XXX717,cliente04690***@correo.com,15,2024-03-23,ACTIVO
4691,Residencial,50XXXX41,998XXX226,cliente04691***@correo.com,9,2024-12-18,ACTIVO
4692,Residencial,16XXXX86,904XXX192,cliente04692***@correo.com,28,2020-05-10,ACTIVO
4693,Residencial,21XXXX94,924XXX274,cliente04693***@correo.com,28,2023-10-23,ACTIVO
4694,Residencial,71XXXX41,949XXX478,cliente04694***@correo.com,41,2018-05-04,ACTIVO
4695,Residencial,99XXXX30,999XXX933,cliente04695***@correo.com,7,2023-07-20,ACTIVO
4696,Residencial,21XXXX36,981XXX558,cliente04696***@correo.com,30,2021-12-14,ACTIVO
4697,Residencial,50XXXX10,992XXX165,cliente04697***@correo.com,40,2020-03-06,ACTIVO
4698,Residencial,50XXXX57,955XXX163,cliente04698***@correo.com,15,2018-10-27,ACTIVO
4699,Residencial,17XXXX84,980XXX169,cliente04699***@correo.com,30,2022-11-28,ACTIVO
4700,Comercial,85XXXX74,960XXX785,cliente04700***@correo.com,3,2018-03-15,ACTIVO
4701,Residencial,15XXXX63,960XXX162,cliente04701***@correo.com,15,2022-07-13,ACTIVO
4702,Residencial,96XXXX78,978XXX675,cliente04702***@correo.com,15,2023-08-06,ACTIVO
4703,Residencial,25XXXX00,922XXX294,cliente04703***@correo.com,7,2023-06-06,ACTIVO
4704,Residencial,75XXXX64,990XXX875,cliente04704***@correo.com,33,2019-03-02,ACTIVO
4705,Residencial,51XXXX73,984XXX280,cliente04705***@correo.com,33,2020-06-16,ACTIVO
4706,Residencial,64XXXX81,997XXX659,cliente04706***@correo.com,28,2019-12-22,ACTIVO
4707,Residencial,54XXXX66,950XXX845,cliente04707***@correo.com,40,2019-11-18,ACTIVO
4708,Residencial,64XXXX66,913XXX932,cliente04708***@correo.com,7,2022-12-26,ACTIVO
4709,Residencial,95XXXX47,902XXX549,cliente04709***@correo.com,8,2024-11-13,ACTIVO
4710,Residencial,87XXXX53,902XXX349,cliente04710***@correo.com,43,2024-06-04,ACTIVO
4711,Residencial,69XXXX66,989XXX306,cliente04711***@correo.com,15,2021-12-26,ACTIVO
4712,Gobierno,96XXXX01,916XXX895,cliente04712***@correo.com,43,2023-01-25,ACTIVO
4713,Residencial,38XXXX85,913XXX474,cliente04713***@correo.com,25,2022-10-25,ACTIVO
4714,Residencial,96XXXX05,915XXX530,cliente04714***@correo.com,43,2019-06-24,ACTIVO
4715,Residencial,88XXXX10,992XXX278,cliente04715***@correo.com,9,2019-08-19,ACTIVO
4716,Comercial,21XXXX19,936XXX449,cliente04716***@correo.com,3,2021-02-19,ACTIVO
4717,Residencial,32XXXX66,944XXX471,cliente04717***@correo.com,29,2023-08-24,ACTIVO
4718,Residencial,52XXXX12,917XXX648,cliente04718***@correo.com,38,2019-06-26,SUSPENDIDO
4719,Residencial,63XXXX29,976XXX016,cliente04719***@correo.com,13,2022-12-04,ACTIVO
4720,Residencial,11XXXX74,993XXX016,cliente04720***@correo.com,43,2024-04-12,ACTIVO
4721,Residencial,83XXXX57,931XXX065,cliente04721***@correo.com,13,2020-01-09,ACTIVO
4722,Comercial,46XXXX67,993XXX747,cliente04722***@correo.com,9,2020-09-26,ACTIVO
4723,Residencial,61XXXX31,984XXX705,cliente04723***@correo.com,32,2018-04-26,ACTIVO
4724,Residencial,80XXXX66,962XXX982,cliente04724***@correo.com,7,2019-04-29,ACTIVO
4725,Residencial,46XXXX14,968XXX135,cliente04725***@correo.com,5,2023-10-10,ACTIVO
4726,Gobierno,98XXXX43,959XXX323,cliente04726***@correo.com,7,2024-03-31,ACTIVO
4727,Residencial,53XXXX69,947XXX030,cliente04727***@correo.com,15,2022-09-14,ACTIVO
4728,Residencial,78XXXX62,940XXX247,cliente04728***@correo.com,3,2018-11-03,ACTIVO
4729,Residencial,70XXXX72,920XXX817,cliente04729***@correo.com,15,2023-04-05,ACTIVO
4730,Residencial,43XXXX15,960XXX536,cliente04730***@correo.com,29,2018-07-12,ACTIVO
4731,Residencial,23XXXX32,954XXX647,cliente04731***@correo.com,2,2021-07-12,ACTIVO
4732,Residencial,64XXXX12,943XXX787,cliente04732***@correo.com,19,2018-07-05,ACTIVO
4733,Industrial,72XXXX46,963XXX371,cliente04733***@correo.com,36,2021-04-24,ACTIVO
4734,Residencial,43XXXX92,973XXX805,cliente04734***@correo.com,34,2018-04-24,ACTIVO
4735,Residencial,53XXXX45,973XXX648,cliente04735***@correo.com,31,2024-07-02,ACTIVO
4736,Residencial,41XXXX41,942XXX830,cliente04736***@correo.com,5,2024-10-26,ACTIVO
4737,Residencial,27XXXX81,957XXX958,cliente04737***@correo.com,19,2022-04-06,ACTIVO
4738,Residencial,83XXXX77,990XXX835,cliente04738***@correo.com,8,2022-02-03,ACTIVO
4739,Residencial,70XXXX99,922XXX022,cliente04739***@correo.com,7,2023-09-08,ACTIVO
4740,Residencial,31XXXX49,933XXX830,cliente04740***@correo.com,7,2019-07-03,ACTIVO
4741,Residencial,98XXXX51,976XXX191,cliente04741***@correo.com,5,2018-02-18,ACTIVO
4742,Residencial,69XXXX01,953XXX590,cliente04742***@correo.com,21,2019-09-01,ACTIVO
4743,Residencial,57XXXX89,998XXX588,cliente04743***@correo.com,37,2023-07-20,ACTIVO
4744,Residencial,97XXXX33,919XXX668,cliente04744***@correo.com,3,2020-11-27,ACTIVO
4745,Residencial,32XXXX01,928XXX403,cliente04745***@correo.com,15,2018-11-24,ACTIVO
4746,Residencial,92XXXX69,940XXX392,cliente04746***@correo.com,15,2021-08-20,ACTIVO
4747,Residencial,22XXXX13,973XXX173,cliente04747***@correo.com,36,2022-04-22,ACTIVO
4748,Comercial,66XXXX04,967XXX600,cliente04748***@correo.com,33,2020-02-15,ACTIVO
4749,Residencial,22XXXX56,948XXX191,cliente04749***@correo.com,17,2021-05-19,ACTIVO
4750,Residencial,93XXXX85,900XXX331,cliente04750***@correo.com,19,2022-11-09,ACTIVO
4751,Residencial,76XXXX29,932XXX085,cliente04751***@correo.com,30,2018-01-06,ACTIVO
4752,Residencial,91XXXX33,963XXX761,cliente04752***@correo.com,13,2021-01-14,ACTIVO
4753,Residencial,18XXXX46,962XXX357,cliente04753***@correo.com,15,2018-03-07,SUSPENDIDO
4754,Residencial,69XXXX23,935XXX524,cliente04754***@correo.com,9,2021-08-16,ACTIVO
4755,Residencial,93XXXX20,974XXX661,cliente04755***@correo.com,43,2020-03-21,ACTIVO
4756,Residencial,99XXXX22,998XXX017,cliente04756***@correo.com,15,2019-03-18,INACTIVO
4757,Residencial,20XXXX35,934XXX287,cliente04757***@correo.com,41,2022-07-17,ACTIVO
4758,Residencial,36XXXX25,943XXX322,cliente04758***@correo.com,22,2019-04-02,ACTIVO
4759,Comercial,78XXXX71,977XXX225,cliente04759***@correo.com,7,2021-07-08,ACTIVO
4760,Residencial,17XXXX97,959XXX640,cliente04760***@correo.com,9,2020-06-20,ACTIVO
4761,Alumbrado Público,52XXXX85,971XXX433,cliente04761***@correo.com,13,2020-09-08,ACTIVO
4762,Residencial,80XXXX29,993XXX892,cliente04762***@correo.com,34,2023-10-05,ACTIVO
4763,Comercial,52XXXX35,966XXX891,cliente04763***@correo.com,28,2024-12-31,ACTIVO
4764,Residencial,65XXXX18,945XXX629,cliente04764***@correo.com,5,2019-04-20,ACTIVO
4765,Comercial,54XXXX87,901XXX669,cliente04765***@correo.com,7,2020-10-05,ACTIVO
4766,Residencial,54XXXX28,913XXX306,cliente04766***@correo.com,42,2022-05-20,ACTIVO
4767,Residencial,38XXXX48,948XXX555,cliente04767***@correo.com,9,2021-04-08,ACTIVO
4768,Residencial,20XXXX10,979XXX090,cliente04768***@correo.com,9,2024-06-26,ACTIVO
4769,Residencial,43XXXX93,937XXX872,cliente04769***@correo.com,8,2020-03-16,ACTIVO
4770,Residencial,69XXXX94,993XXX110,cliente04770***@correo.com,32,2023-08-01,ACTIVO
4771,Residencial,35XXXX44,933XXX508,cliente04771***@correo.com,7,2020-03-07,ACTIVO
4772,Residencial,71XXXX07,900XXX247,cliente04772***@correo.com,39,2022-04-11,ACTIVO
4773,Residencial,71XXXX37,904XXX138,cliente04773***@correo.com,3,2020-10-19,ACTIVO
4774,Residencial,63XXXX16,904XXX794,cliente04774***@correo.com,24,2019-06-22,ACTIVO
4775,Residencial,64XXXX92,911XXX711,cliente04775***@correo.com,7,2020-12-23,ACTIVO
4776,Residencial,50XXXX19,958XXX272,cliente04776***@correo.com,30,2023-06-26,ACTIVO
4777,Residencial,14XXXX17,998XXX195,cliente04777***@correo.com,30,2019-03-12,ACTIVO
4778,Comercial,26XXXX27,974XXX414,cliente04778***@correo.com,5,2020-03-04,ACTIVO
4779,Residencial,11XXXX75,980XXX361,cliente04779***@correo.com,19,2024-01-31,ACTIVO
4780,Residencial,24XXXX48,963XXX971,cliente04780***@correo.com,4,2018-10-29,ACTIVO
4781,Residencial,58XXXX51,918XXX847,cliente04781***@correo.com,16,2019-12-11,ACTIVO
4782,Residencial,65XXXX25,924XXX210,cliente04782***@correo.com,7,2022-02-05,ACTIVO
4783,Residencial,32XXXX10,954XXX386,cliente04783***@correo.com,4,2023-05-14,ACTIVO
4784,Residencial,74XXXX11,998XXX180,cliente04784***@correo.com,19,2019-11-16,ACTIVO
4785,Residencial,69XXXX08,909XXX643,cliente04785***@correo.com,5,2021-08-13,ACTIVO
4786,Residencial,95XXXX96,973XXX417,cliente04786***@correo.com,30,2019-03-07,ACTIVO
4787,Residencial,73XXXX12,973XXX208,cliente04787***@correo.com,19,2021-08-20,ACTIVO
4788,Comercial,94XXXX10,930XXX504,cliente04788***@correo.com,4,2022-07-28,ACTIVO
4789,Residencial,21XXXX30,999XXX955,cliente04789***@correo.com,39,2024-06-25,ACTIVO
4790,Residencial,67XXXX03,921XXX420,cliente04790***@correo.com,3,2019-05-24,ACTIVO
4791,Residencial,14XXXX89,976XXX944,cliente04791***@correo.com,40,2021-09-16,ACTIVO
4792,Residencial,86XXXX87,910XXX604,cliente04792***@correo.com,7,2022-12-31,ACTIVO
4793,Residencial,51XXXX31,993XXX914,cliente04793***@correo.com,3,2021-11-04,ACTIVO
4794,Residencial,11XXXX46,952XXX636,cliente04794***@correo.com,7,2022-01-27,ACTIVO
4795,Alumbrado Público,27XXXX01,995XXX786,cliente04795***@correo.com,27,2020-06-01,ACTIVO
4796,Residencial,30XXXX54,984XXX719,cliente04796***@correo.com,15,2022-08-12,ACTIVO
4797,Residencial,40XXXX81,976XXX801,cliente04797***@correo.com,15,2022-08-15,ACTIVO
4798,Residencial,90XXXX95,916XXX460,cliente04798***@correo.com,25,2023-12-23,ACTIVO
4799,Residencial,65XXXX59,971XXX702,cliente04799***@correo.com,3,2018-10-14,ACTIVO
4800,Residencial,58XXXX73,910XXX585,cliente04800***@correo.com,15,2018-03-09,ACTIVO
4801,Residencial,67XXXX77,928XXX857,cliente04801***@correo.com,13,2024-01-29,ACTIVO
4802,Residencial,71XXXX66,937XXX967,cliente04802***@correo.com,28,2022-08-12,ACTIVO
4803,Residencial,61XXXX01,988XXX799,cliente04803***@correo.com,19,2022-05-15,ACTIVO
4804,Residencial,67XXXX00,946XXX220,cliente04804***@correo.com,39,2020-04-08,ACTIVO
4805,Gobierno,95XXXX43,985XXX763,cliente04805***@correo.com,23,2020-04-25,ACTIVO
4806,Gobierno,81XXXX40,943XXX881,cliente04806***@correo.com,8,2020-06-10,ACTIVO
4807,Residencial,15XXXX01,928XXX607,cliente04807***@correo.com,7,2020-02-11,ACTIVO
4808,Residencial,75XXXX01,919XXX220,cliente04808***@correo.com,5,2018-02-05,ACTIVO
4809,Residencial,81XXXX06,900XXX015,cliente04809***@correo.com,25,2021-02-25,ACTIVO
4810,Residencial,85XXXX36,993XXX497,cliente04810***@correo.com,39,2024-07-01,ACTIVO
4811,Alumbrado Público,94XXXX56,915XXX555,cliente04811***@correo.com,15,2023-11-09,ACTIVO
4812,Residencial,93XXXX61,986XXX956,cliente04812***@correo.com,11,2024-08-16,ACTIVO
4813,Residencial,94XXXX12,993XXX044,cliente04813***@correo.com,11,2018-10-04,ACTIVO
4814,Residencial,88XXXX28,904XXX058,cliente04814***@correo.com,30,2018-02-12,ACTIVO
4815,Gobierno,53XXXX76,955XXX923,cliente04815***@correo.com,29,2023-07-16,ACTIVO
4816,Residencial,53XXXX94,966XXX287,cliente04816***@correo.com,7,2019-08-09,INACTIVO
4817,Residencial,15XXXX81,915XXX379,cliente04817***@correo.com,36,2018-12-28,ACTIVO
4818,Residencial,66XXXX70,992XXX794,cliente04818***@correo.com,9,2019-12-01,ACTIVO
4819,Residencial,45XXXX43,996XXX287,cliente04819***@correo.com,10,2018-06-18,ACTIVO
4820,Residencial,15XXXX62,938XXX001,cliente04820***@correo.com,30,2018-02-19,ACTIVO
4821,Residencial,14XXXX25,934XXX708,cliente04821***@correo.com,40,2021-03-11,ACTIVO
4822,Residencial,89XXXX62,988XXX156,cliente04822***@correo.com,15,2024-03-02,ACTIVO
4823,Residencial,72XXXX90,966XXX173,cliente04823***@correo.com,15,2024-02-14,ACTIVO
4824,Residencial,47XXXX95,994XXX707,cliente04824***@correo.com,29,2023-11-20,ACTIVO
4825,Residencial,75XXXX66,937XXX475,cliente04825***@correo.com,38,2021-01-27,ACTIVO
4826,Residencial,16XXXX51,920XXX555,cliente04826***@correo.com,39,2018-03-01,ACTIVO
4827,Residencial,77XXXX62,960XXX092,cliente04827***@correo.com,39,2021-05-17,ACTIVO
4828,Comercial,47XXXX99,960XXX285,cliente04828***@correo.com,26,2021-11-13,ACTIVO
4829,Residencial,99XXXX97,999XXX304,cliente04829***@correo.com,11,2022-12-14,INACTIVO
4830,Residencial,30XXXX14,937XXX212,cliente04830***@correo.com,28,2021-07-04,ACTIVO
4831,Residencial,79XXXX41,951XXX268,cliente04831***@correo.com,29,2022-06-24,ACTIVO
4832,Residencial,11XXXX37,943XXX514,cliente04832***@correo.com,19,2018-09-04,ACTIVO
4833,Residencial,61XXXX06,900XXX107,cliente04833***@correo.com,10,2018-08-25,ACTIVO
4834,Residencial,38XXXX60,970XXX603,cliente04834***@correo.com,4,2021-02-04,ACTIVO
4835,Residencial,69XXXX06,926XXX144,cliente04835***@correo.com,7,2020-04-28,ACTIVO
4836,Residencial,18XXXX64,908XXX222,cliente04836***@correo.com,43,2023-06-23,ACTIVO
4837,Residencial,11XXXX13,944XXX873,cliente04837***@correo.com,34,2022-03-06,ACTIVO
4838,Residencial,42XXXX62,921XXX329,cliente04838***@correo.com,43,2018-12-02,ACTIVO
4839,Residencial,29XXXX27,920XXX619,cliente04839***@correo.com,3,2023-04-18,ACTIVO
4840,Residencial,13XXXX18,991XXX152,cliente04840***@correo.com,41,2020-06-16,ACTIVO
4841,Residencial,48XXXX08,923XXX333,cliente04841***@correo.com,33,2018-01-14,ACTIVO
4842,Residencial,78XXXX33,935XXX161,cliente04842***@correo.com,15,2024-09-07,ACTIVO
4843,Residencial,11XXXX93,963XXX246,cliente04843***@correo.com,3,2024-05-26,ACTIVO
4844,Comercial,62XXXX22,939XXX150,cliente04844***@correo.com,6,2022-09-23,ACTIVO
4845,Residencial,64XXXX24,945XXX941,cliente04845***@correo.com,3,2020-02-16,ACTIVO
4846,Residencial,50XXXX99,935XXX281,cliente04846***@correo.com,16,2018-11-18,ACTIVO
4847,Residencial,36XXXX53,991XXX716,cliente04847***@correo.com,7,2018-03-24,ACTIVO
4848,Residencial,24XXXX33,989XXX529,cliente04848***@correo.com,7,2019-03-24,ACTIVO
4849,Residencial,78XXXX84,996XXX496,cliente04849***@correo.com,34,2023-02-14,ACTIVO
4850,Residencial,29XXXX81,955XXX700,cliente04850***@correo.com,15,2023-11-20,ACTIVO
4851,Residencial,57XXXX91,918XXX688,cliente04851***@correo.com,14,2019-07-10,ACTIVO
4852,Residencial,50XXXX80,904XXX922,cliente04852***@correo.com,7,2024-12-22,ACTIVO
4853,Residencial,95XXXX67,979XXX170,cliente04853***@correo.com,23,2018-05-06,ACTIVO
4854,Residencial,49XXXX98,974XXX272,cliente04854***@correo.com,15,2018-12-08,ACTIVO
4855,Residencial,85XXXX05,989XXX416,cliente04855***@correo.com,40,2021-10-09,ACTIVO
4856,Residencial,45XXXX77,956XXX056,cliente04856***@correo.com,28,2020-04-08,ACTIVO
4857,Residencial,94XXXX43,997XXX212,cliente04857***@correo.com,3,2020-09-05,ACTIVO
4858,Residencial,88XXXX19,917XXX773,cliente04858***@correo.com,15,2024-10-30,ACTIVO
4859,Residencial,68XXXX25,922XXX609,cliente04859***@correo.com,3,2019-07-13,ACTIVO
4860,Residencial,20XXXX29,969XXX180,cliente04860***@correo.com,19,2018-11-03,ACTIVO
4861,Residencial,31XXXX93,993XXX604,cliente04861***@correo.com,18,2022-07-08,ACTIVO
4862,Residencial,16XXXX08,993XXX852,cliente04862***@correo.com,28,2018-03-29,ACTIVO
4863,Comercial,50XXXX16,971XXX631,cliente04863***@correo.com,23,2024-11-24,ACTIVO
4864,Residencial,41XXXX26,977XXX122,cliente04864***@correo.com,15,2020-10-25,ACTIVO
4865,Residencial,78XXXX43,954XXX538,cliente04865***@correo.com,26,2021-07-05,ACTIVO
4866,Residencial,52XXXX65,905XXX188,cliente04866***@correo.com,29,2020-09-26,ACTIVO
4867,Residencial,83XXXX62,947XXX571,cliente04867***@correo.com,20,2022-04-06,ACTIVO
4868,Residencial,93XXXX07,902XXX345,cliente04868***@correo.com,35,2021-01-12,ACTIVO
4869,Residencial,98XXXX99,997XXX914,cliente04869***@correo.com,31,2024-05-19,ACTIVO
4870,Residencial,40XXXX24,952XXX451,cliente04870***@correo.com,30,2023-08-18,ACTIVO
4871,Residencial,67XXXX92,951XXX902,cliente04871***@correo.com,7,2022-07-20,ACTIVO
4872,Alumbrado Público,43XXXX82,931XXX745,cliente04872***@correo.com,16,2024-07-08,ACTIVO
4873,Residencial,16XXXX18,946XXX215,cliente04873***@correo.com,7,2022-01-25,ACTIVO
4874,Residencial,89XXXX18,950XXX690,cliente04874***@correo.com,3,2018-03-21,ACTIVO
4875,Residencial,85XXXX91,922XXX972,cliente04875***@correo.com,3,2021-12-21,ACTIVO
4876,Comercial,58XXXX98,972XXX060,cliente04876***@correo.com,9,2024-05-01,ACTIVO
4877,Residencial,80XXXX53,944XXX160,cliente04877***@correo.com,26,2020-09-29,ACTIVO
4878,Residencial,95XXXX02,985XXX186,cliente04878***@correo.com,7,2024-06-27,ACTIVO
4879,Residencial,68XXXX07,947XXX869,cliente04879***@correo.com,28,2023-09-15,ACTIVO
4880,Residencial,79XXXX42,986XXX375,cliente04880***@correo.com,40,2019-12-04,ACTIVO
4881,Residencial,49XXXX51,983XXX260,cliente04881***@correo.com,4,2018-01-20,ACTIVO
4882,Residencial,46XXXX77,913XXX894,cliente04882***@correo.com,9,2018-10-18,ACTIVO
4883,Residencial,24XXXX57,957XXX814,cliente04883***@correo.com,29,2024-09-19,ACTIVO
4884,Residencial,20XXXX56,989XXX407,cliente04884***@correo.com,29,2019-05-08,ACTIVO
4885,Residencial,14XXXX27,918XXX551,cliente04885***@correo.com,39,2023-11-18,ACTIVO
4886,Residencial,75XXXX83,936XXX594,cliente04886***@correo.com,15,2021-10-31,ACTIVO
4887,Residencial,95XXXX89,957XXX860,cliente04887***@correo.com,26,2024-02-17,ACTIVO
4888,Residencial,91XXXX60,965XXX901,cliente04888***@correo.com,43,2024-07-27,ACTIVO
4889,Residencial,94XXXX20,980XXX146,cliente04889***@correo.com,4,2019-02-01,ACTIVO
4890,Residencial,63XXXX59,939XXX164,cliente04890***@correo.com,40,2023-06-10,ACTIVO
4891,Residencial,89XXXX46,968XXX694,cliente04891***@correo.com,7,2024-12-16,ACTIVO
4892,Residencial,73XXXX83,983XXX333,cliente04892***@correo.com,19,2024-09-19,ACTIVO
4893,Residencial,70XXXX33,975XXX017,cliente04893***@correo.com,30,2020-10-09,ACTIVO
4894,Residencial,19XXXX64,966XXX876,cliente04894***@correo.com,24,2023-07-29,ACTIVO
4895,Residencial,88XXXX20,968XXX388,cliente04895***@correo.com,15,2019-10-18,ACTIVO
4896,Residencial,19XXXX85,957XXX391,cliente04896***@correo.com,30,2024-11-04,ACTIVO
4897,Residencial,99XXXX41,900XXX920,cliente04897***@correo.com,28,2023-02-27,ACTIVO
4898,Residencial,51XXXX96,980XXX022,cliente04898***@correo.com,28,2019-08-05,ACTIVO
4899,Residencial,27XXXX49,904XXX076,cliente04899***@correo.com,30,2021-10-25,INACTIVO
4900,Residencial,37XXXX56,933XXX245,cliente04900***@correo.com,40,2021-02-03,ACTIVO
4901,Residencial,49XXXX73,903XXX026,cliente04901***@correo.com,11,2024-09-25,ACTIVO
4902,Residencial,43XXXX50,970XXX651,cliente04902***@correo.com,12,2020-01-25,ACTIVO
4903,Residencial,43XXXX42,983XXX050,cliente04903***@correo.com,30,2024-04-10,ACTIVO
4904,Residencial,89XXXX58,909XXX256,cliente04904***@correo.com,41,2024-10-05,ACTIVO
4905,Residencial,96XXXX50,985XXX784,cliente04905***@correo.com,15,2018-07-08,ACTIVO
4906,Residencial,61XXXX57,953XXX017,cliente04906***@correo.com,3,2023-08-31,ACTIVO
4907,Residencial,72XXXX50,928XXX565,cliente04907***@correo.com,2,2019-02-09,ACTIVO
4908,Residencial,76XXXX25,951XXX191,cliente04908***@correo.com,9,2018-03-25,ACTIVO
4909,Residencial,10XXXX04,979XXX651,cliente04909***@correo.com,18,2021-09-07,ACTIVO
4910,Residencial,77XXXX58,934XXX449,cliente04910***@correo.com,19,2020-07-18,ACTIVO
4911,Residencial,70XXXX50,938XXX819,cliente04911***@correo.com,29,2018-12-06,ACTIVO
4912,Residencial,95XXXX16,982XXX237,cliente04912***@correo.com,28,2019-03-28,ACTIVO
4913,Residencial,25XXXX93,909XXX155,cliente04913***@correo.com,7,2018-03-23,ACTIVO
4914,Residencial,60XXXX83,957XXX284,cliente04914***@correo.com,3,2022-09-30,ACTIVO
4915,Comercial,49XXXX41,925XXX174,cliente04915***@correo.com,12,2024-09-30,ACTIVO
4916,Residencial,58XXXX24,923XXX595,cliente04916***@correo.com,7,2022-03-06,ACTIVO
4917,Residencial,12XXXX33,975XXX879,cliente04917***@correo.com,7,2022-08-09,ACTIVO
4918,Residencial,70XXXX72,991XXX434,cliente04918***@correo.com,39,2020-02-25,ACTIVO
4919,Industrial,79XXXX51,914XXX127,cliente04919***@correo.com,40,2023-09-09,ACTIVO
4920,Residencial,76XXXX49,962XXX917,cliente04920***@correo.com,29,2021-04-19,ACTIVO
4921,Comercial,48XXXX84,902XXX368,cliente04921***@correo.com,26,2022-02-25,ACTIVO
4922,Residencial,37XXXX16,980XXX656,cliente04922***@correo.com,28,2022-05-28,ACTIVO
4923,Residencial,72XXXX48,980XXX261,cliente04923***@correo.com,35,2021-10-26,ACTIVO
4924,Residencial,64XXXX22,979XXX752,cliente04924***@correo.com,21,2021-10-07,ACTIVO
4925,Residencial,75XXXX74,961XXX012,cliente04925***@correo.com,7,2020-05-27,INACTIVO
4926,Residencial,13XXXX09,913XXX372,cliente04926***@correo.com,28,2019-05-14,ACTIVO
4927,Residencial,38XXXX38,903XXX594,cliente04927***@correo.com,39,2021-04-08,ACTIVO
4928,Comercial,56XXXX10,948XXX774,cliente04928***@correo.com,6,2021-06-25,ACTIVO
4929,Comercial,50XXXX17,914XXX171,cliente04929***@correo.com,4,2024-01-20,ACTIVO
4930,Residencial,68XXXX83,932XXX697,cliente04930***@correo.com,29,2021-05-14,ACTIVO
4931,Residencial,72XXXX76,904XXX704,cliente04931***@correo.com,30,2022-01-13,ACTIVO
4932,Residencial,10XXXX97,950XXX039,cliente04932***@correo.com,13,2019-02-05,ACTIVO
4933,Residencial,91XXXX59,974XXX342,cliente04933***@correo.com,31,2019-03-06,ACTIVO
4934,Residencial,38XXXX90,925XXX604,cliente04934***@correo.com,4,2018-01-02,ACTIVO
4935,Residencial,40XXXX07,955XXX004,cliente04935***@correo.com,34,2022-03-20,ACTIVO
4936,Residencial,35XXXX27,951XXX929,cliente04936***@correo.com,41,2018-03-12,ACTIVO
4937,Comercial,38XXXX72,975XXX807,cliente04937***@correo.com,26,2019-06-09,INACTIVO
4938,Residencial,18XXXX15,940XXX835,cliente04938***@correo.com,29,2018-04-18,ACTIVO
4939,Residencial,36XXXX28,944XXX265,cliente04939***@correo.com,15,2024-06-02,ACTIVO
4940,Residencial,97XXXX73,911XXX830,cliente04940***@correo.com,15,2023-12-25,ACTIVO
4941,Residencial,93XXXX71,963XXX655,cliente04941***@correo.com,15,2020-04-10,ACTIVO
4942,Gobierno,80XXXX41,918XXX175,cliente04942***@correo.com,3,2020-09-05,ACTIVO
4943,Residencial,24XXXX26,938XXX582,cliente04943***@correo.com,19,2023-11-29,ACTIVO
4944,Residencial,29XXXX83,969XXX762,cliente04944***@correo.com,3,2022-05-27,ACTIVO
4945,Residencial,53XXXX72,927XXX779,cliente04945***@correo.com,15,2019-12-01,ACTIVO
4946,Residencial,53XXXX01,952XXX148,cliente04946***@correo.com,37,2020-10-08,ACTIVO
4947,Residencial,23XXXX59,978XXX346,cliente04947***@correo.com,5,2020-02-21,ACTIVO
4948,Residencial,74XXXX91,997XXX215,cliente04948***@correo.com,17,2020-11-18,ACTIVO
4949,Residencial,72XXXX53,905XXX669,cliente04949***@correo.com,32,2018-02-15,ACTIVO
4950,Alumbrado Público,91XXXX94,984XXX865,cliente04950***@correo.com,1,2020-12-21,ACTIVO
4951,Residencial,13XXXX95,945XXX833,cliente04951***@correo.com,39,2020-05-12,ACTIVO
4952,Industrial,61XXXX51,920XXX302,cliente04952***@correo.com,12,2018-06-19,ACTIVO
4953,Gobierno,37XXXX06,949XXX666,cliente04953***@correo.com,7,2020-01-31,ACTIVO
4954,Residencial,69XXXX54,990XXX237,cliente04954***@correo.com,7,2019-04-29,ACTIVO
4955,Comercial,32XXXX70,951XXX863,cliente04955***@correo.com,26,2020-10-08,ACTIVO
4956,Residencial,85XXXX87,963XXX848,cliente04956***@correo.com,42,2018-03-11,ACTIVO
4957,Residencial,17XXXX42,990XXX755,cliente04957***@correo.com,26,2021-05-29,ACTIVO
4958,Residencial,96XXXX73,995XXX712,cliente04958***@correo.com,4,2020-08-01,ACTIVO
4959,Residencial,97XXXX40,926XXX004,cliente04959***@correo.com,15,2024-01-17,ACTIVO
4960,Residencial,16XXXX90,929XXX824,cliente04960***@correo.com,20,2019-05-31,ACTIVO
4961,Residencial,22XXXX22,918XXX445,cliente04961***@correo.com,40,2018-09-04,ACTIVO
4962,Residencial,21XXXX72,999XXX004,cliente04962***@correo.com,5,2022-07-05,ACTIVO
4963,Residencial,42XXXX25,931XXX668,cliente04963***@correo.com,7,2023-03-28,ACTIVO
4964,Residencial,36XXXX24,931XXX743,cliente04964***@correo.com,20,2024-03-20,ACTIVO
4965,Residencial,88XXXX83,929XXX824,cliente04965***@correo.com,39,2023-10-23,ACTIVO
4966,Residencial,95XXXX39,917XXX476,cliente04966***@correo.com,7,2020-10-04,ACTIVO
4967,Residencial,38XXXX45,916XXX993,cliente04967***@correo.com,9,2019-06-03,ACTIVO
4968,Residencial,32XXXX39,981XXX880,cliente04968***@correo.com,7,2022-01-20,ACTIVO
4969,Residencial,71XXXX37,963XXX486,cliente04969***@correo.com,10,2019-05-15,ACTIVO
4970,Residencial,67XXXX66,977XXX840,cliente04970***@correo.com,14,2018-01-08,ACTIVO
4971,Residencial,12XXXX40,921XXX293,cliente04971***@correo.com,9,2022-07-20,INACTIVO
4972,Comercial,18XXXX83,987XXX591,cliente04972***@correo.com,28,2023-01-06,ACTIVO
4973,Industrial,56XXXX23,960XXX714,cliente04973***@correo.com,9,2020-09-17,ACTIVO
4974,Residencial,21XXXX73,945XXX851,cliente04974***@correo.com,7,2023-12-11,ACTIVO
4975,Residencial,50XXXX88,908XXX147,cliente04975***@correo.com,34,2021-12-29,ACTIVO
4976,Residencial,13XXXX70,942XXX139,cliente04976***@correo.com,26,2018-12-06,ACTIVO
4977,Industrial,34XXXX67,922XXX936,cliente04977***@correo.com,5,2019-01-27,ACTIVO
4978,Residencial,99XXXX50,949XXX569,cliente04978***@correo.com,15,2018-07-30,ACTIVO
4979,Residencial,33XXXX17,964XXX876,cliente04979***@correo.com,15,2024-12-11,ACTIVO
4980,Residencial,69XXXX41,908XXX904,cliente04980***@correo.com,31,2019-06-19,ACTIVO
4981,Residencial,53XXXX99,909XXX478,cliente04981***@correo.com,26,2018-01-14,ACTIVO
4982,Residencial,19XXXX69,913XXX846,cliente04982***@correo.com,40,2018-02-09,ACTIVO
4983,Residencial,63XXXX84,967XXX910,cliente04983***@correo.com,28,2022-02-17,ACTIVO
4984,Residencial,76XXXX68,950XXX734,cliente04984***@correo.com,28,2020-06-27,ACTIVO
4985,Residencial,85XXXX42,914XXX329,cliente04985***@correo.com,9,2019-06-29,ACTIVO
4986,Residencial,42XXXX97,977XXX798,cliente04986***@correo.com,5,2024-11-03,ACTIVO
4987,Residencial,63XXXX82,992XXX293,cliente04987***@correo.com,15,2023-10-13,ACTIVO
4988,Comercial,94XXXX11,930XXX386,cliente04988***@correo.com,34,2022-12-20,ACTIVO
4989,Comercial,95XXXX04,933XXX273,cliente04989***@correo.com,43,2019-01-19,INACTIVO
4990,Comercial,22XXXX28,901XXX224,cliente04990***@correo.com,29,2021-01-25,ACTIVO
4991,Alumbrado Público,71XXXX20,925XXX188,cliente04991***@correo.com,4,2019-05-24,ACTIVO
4992,Residencial,86XXXX39,972XXX191,cliente04992***@correo.com,3,2022-03-07,ACTIVO
4993,Residencial,91XXXX68,970XXX446,cliente04993***@correo.com,30,2022-01-04,ACTIVO
4994,Residencial,79XXXX37,974XXX746,cliente04994***@correo.com,26,2018-07-19,ACTIVO
4995,Residencial,69XXXX80,911XXX143,cliente04995***@correo.com,5,2023-09-30,ACTIVO
4996,Residencial,69XXXX26,915XXX337,cliente04996***@correo.com,7,2022-07-17,ACTIVO
4997,Residencial,49XXXX70,973XXX964,cliente04997***@correo.com,4,2021-05-09,ACTIVO
4998,Residencial,75XXXX12,968XXX776,cliente04998***@correo.com,7,2018-11-21,ACTIVO
4999,Residencial,37XXXX41,907XXX669,cliente04999***@correo.com,27,2023-05-06,ACTIVO
5000,Residencial,16XXXX75,970XXX834,cliente05000***@correo.com,15,2019-10-04,ACTIVO
5001,Residencial,55XXXX96,992XXX063,cliente05001***@correo.com,40,2018-07-27,ACTIVO
5002,Residencial,23XXXX77,913XXX203,cliente05002***@correo.com,9,2023-02-20,ACTIVO
5003,Comercial,34XXXX51,936XXX052,cliente05003***@correo.com,7,2019-12-11,ACTIVO
5004,Residencial,22XXXX95,963XXX359,cliente05004***@correo.com,5,2019-10-09,ACTIVO
5005,Residencial,31XXXX32,949XXX604,cliente05005***@correo.com,28,2021-06-07,ACTIVO
5006,Residencial,14XXXX13,973XXX223,cliente05006***@correo.com,26,2020-09-07,ACTIVO
5007,Residencial,54XXXX56,992XXX365,cliente05007***@correo.com,6,2018-08-14,ACTIVO
5008,Residencial,96XXXX84,936XXX296,cliente05008***@correo.com,4,2023-01-02,ACTIVO
5009,Residencial,86XXXX43,991XXX235,cliente05009***@correo.com,28,2020-10-20,ACTIVO
5010,Comercial,82XXXX84,940XXX647,cliente05010***@correo.com,17,2023-09-04,ACTIVO
5011,Alumbrado Público,18XXXX02,962XXX412,cliente05011***@correo.com,29,2019-09-09,ACTIVO
5012,Residencial,20XXXX00,923XXX536,cliente05012***@correo.com,39,2023-07-22,ACTIVO
5013,Residencial,85XXXX82,989XXX039,cliente05013***@correo.com,15,2020-03-24,ACTIVO
5014,Residencial,44XXXX91,924XXX481,cliente05014***@correo.com,3,2019-10-21,ACTIVO
5015,Residencial,65XXXX56,903XXX500,cliente05015***@correo.com,9,2022-07-17,ACTIVO
5016,Residencial,21XXXX45,940XXX351,cliente05016***@correo.com,21,2024-06-20,ACTIVO
5017,Residencial,75XXXX50,981XXX629,cliente05017***@correo.com,15,2019-12-10,ACTIVO
5018,Comercial,71XXXX53,918XXX284,cliente05018***@correo.com,7,2018-01-07,ACTIVO
5019,Residencial,95XXXX60,956XXX110,cliente05019***@correo.com,38,2024-08-05,ACTIVO
5020,Residencial,76XXXX08,978XXX824,cliente05020***@correo.com,7,2024-04-12,ACTIVO
5021,Residencial,95XXXX00,992XXX943,cliente05021***@correo.com,19,2019-03-27,ACTIVO
5022,Residencial,37XXXX27,942XXX564,cliente05022***@correo.com,11,2024-11-22,ACTIVO
5023,Residencial,13XXXX28,939XXX134,cliente05023***@correo.com,36,2023-12-02,ACTIVO
5024,Residencial,63XXXX06,933XXX637,cliente05024***@correo.com,3,2023-01-18,ACTIVO
5025,Residencial,73XXXX14,972XXX061,cliente05025***@correo.com,30,2018-01-27,ACTIVO
5026,Residencial,41XXXX92,955XXX211,cliente05026***@correo.com,4,2021-12-04,ACTIVO
5027,Alumbrado Público,88XXXX81,967XXX598,cliente05027***@correo.com,4,2020-12-26,ACTIVO
5028,Residencial,32XXXX38,926XXX757,cliente05028***@correo.com,40,2019-04-01,ACTIVO
5029,Residencial,39XXXX13,903XXX250,cliente05029***@correo.com,38,2019-07-20,ACTIVO
5030,Residencial,80XXXX46,986XXX050,cliente05030***@correo.com,15,2020-08-20,ACTIVO
5031,Residencial,78XXXX20,920XXX016,cliente05031***@correo.com,24,2023-07-04,ACTIVO
5032,Residencial,63XXXX87,967XXX689,cliente05032***@correo.com,19,2020-11-18,ACTIVO
5033,Alumbrado Público,69XXXX04,910XXX626,cliente05033***@correo.com,30,2020-04-24,ACTIVO
5034,Residencial,66XXXX63,922XXX224,cliente05034***@correo.com,42,2022-01-06,ACTIVO
5035,Residencial,23XXXX14,949XXX586,cliente05035***@correo.com,32,2021-08-23,ACTIVO
5036,Residencial,43XXXX29,941XXX847,cliente05036***@correo.com,6,2019-03-14,INACTIVO
5037,Residencial,18XXXX03,973XXX489,cliente05037***@correo.com,30,2021-07-02,ACTIVO
5038,Residencial,71XXXX97,957XXX042,cliente05038***@correo.com,5,2018-09-18,ACTIVO
5039,Comercial,12XXXX94,966XXX394,cliente05039***@correo.com,40,2024-04-19,ACTIVO
5040,Residencial,15XXXX20,976XXX119,cliente05040***@correo.com,39,2024-07-13,ACTIVO
5041,Residencial,32XXXX36,910XXX265,cliente05041***@correo.com,5,2022-05-30,ACTIVO
5042,Residencial,95XXXX97,997XXX880,cliente05042***@correo.com,5,2022-03-02,ACTIVO
5043,Residencial,47XXXX22,950XXX108,cliente05043***@correo.com,9,2019-10-18,ACTIVO
5044,Comercial,43XXXX79,905XXX984,cliente05044***@correo.com,29,2019-07-19,ACTIVO
5045,Residencial,48XXXX02,995XXX463,cliente05045***@correo.com,29,2022-03-09,ACTIVO
5046,Residencial,72XXXX32,995XXX523,cliente05046***@correo.com,15,2024-07-03,ACTIVO
5047,Residencial,74XXXX50,957XXX766,cliente05047***@correo.com,26,2023-07-18,ACTIVO
5048,Residencial,41XXXX24,958XXX794,cliente05048***@correo.com,4,2020-07-11,ACTIVO
5049,Residencial,94XXXX18,950XXX812,cliente05049***@correo.com,40,2022-02-16,ACTIVO
5050,Residencial,61XXXX70,935XXX156,cliente05050***@correo.com,15,2023-12-25,ACTIVO
5051,Residencial,53XXXX54,997XXX757,cliente05051***@correo.com,7,2020-12-26,ACTIVO
5052,Residencial,47XXXX26,982XXX251,cliente05052***@correo.com,2,2021-05-24,ACTIVO
5053,Residencial,77XXXX06,973XXX483,cliente05053***@correo.com,39,2019-01-13,ACTIVO
5054,Residencial,10XXXX82,941XXX652,cliente05054***@correo.com,16,2024-05-08,ACTIVO
5055,Residencial,19XXXX42,989XXX808,cliente05055***@correo.com,32,2019-03-13,ACTIVO
5056,Residencial,86XXXX79,975XXX723,cliente05056***@correo.com,38,2021-07-28,ACTIVO
5057,Residencial,13XXXX26,916XXX705,cliente05057***@correo.com,3,2020-02-05,ACTIVO
5058,Residencial,65XXXX03,917XXX272,cliente05058***@correo.com,5,2019-05-25,ACTIVO
5059,Residencial,91XXXX94,964XXX244,cliente05059***@correo.com,28,2023-04-18,ACTIVO
5060,Residencial,18XXXX63,949XXX731,cliente05060***@correo.com,43,2024-09-18,ACTIVO
5061,Residencial,13XXXX23,954XXX165,cliente05061***@correo.com,13,2021-07-19,ACTIVO
5062,Residencial,68XXXX69,999XXX947,cliente05062***@correo.com,26,2018-11-01,ACTIVO
5063,Gobierno,45XXXX54,915XXX625,cliente05063***@correo.com,10,2019-01-11,ACTIVO
5064,Residencial,85XXXX83,938XXX741,cliente05064***@correo.com,36,2021-02-22,ACTIVO
5065,Residencial,98XXXX70,969XXX047,cliente05065***@correo.com,28,2023-01-23,ACTIVO
5066,Residencial,95XXXX99,995XXX883,cliente05066***@correo.com,3,2024-09-30,ACTIVO
5067,Comercial,76XXXX21,923XXX820,cliente05067***@correo.com,16,2019-06-03,ACTIVO
5068,Residencial,96XXXX36,919XXX140,cliente05068***@correo.com,7,2018-07-27,ACTIVO
5069,Residencial,76XXXX77,929XXX050,cliente05069***@correo.com,28,2018-06-29,ACTIVO
5070,Residencial,13XXXX21,953XXX742,cliente05070***@correo.com,15,2018-01-26,ACTIVO
5071,Residencial,69XXXX20,900XXX424,cliente05071***@correo.com,22,2019-05-20,ACTIVO
5072,Comercial,71XXXX14,958XXX292,cliente05072***@correo.com,3,2024-04-02,SUSPENDIDO
5073,Comercial,63XXXX73,911XXX111,cliente05073***@correo.com,6,2024-05-12,ACTIVO
5074,Residencial,63XXXX31,948XXX477,cliente05074***@correo.com,24,2024-03-03,ACTIVO
5075,Residencial,36XXXX09,942XXX464,cliente05075***@correo.com,37,2022-07-27,ACTIVO
5076,Residencial,68XXXX33,937XXX621,cliente05076***@correo.com,29,2020-03-31,ACTIVO
5077,Residencial,96XXXX15,965XXX252,cliente05077***@correo.com,27,2018-04-23,ACTIVO
5078,Residencial,96XXXX46,921XXX029,cliente05078***@correo.com,33,2018-01-11,ACTIVO
5079,Residencial,47XXXX37,987XXX925,cliente05079***@correo.com,1,2021-03-09,ACTIVO
5080,Residencial,33XXXX66,996XXX288,cliente05080***@correo.com,9,2021-01-02,ACTIVO
5081,Comercial,82XXXX57,917XXX750,cliente05081***@correo.com,38,2021-05-10,ACTIVO
5082,Residencial,30XXXX93,924XXX206,cliente05082***@correo.com,32,2019-03-10,ACTIVO
5083,Residencial,71XXXX90,983XXX242,cliente05083***@correo.com,4,2018-10-06,ACTIVO
5084,Residencial,94XXXX08,983XXX637,cliente05084***@correo.com,5,2019-09-05,ACTIVO
5085,Residencial,39XXXX02,963XXX659,cliente05085***@correo.com,5,2019-11-18,ACTIVO
5086,Residencial,94XXXX39,936XXX316,cliente05086***@correo.com,29,2019-03-26,ACTIVO
5087,Residencial,17XXXX55,923XXX382,cliente05087***@correo.com,43,2021-06-13,ACTIVO
5088,Residencial,41XXXX27,948XXX725,cliente05088***@correo.com,5,2020-07-06,ACTIVO
5089,Residencial,71XXXX22,937XXX923,cliente05089***@correo.com,16,2024-10-09,ACTIVO
5090,Residencial,56XXXX98,996XXX674,cliente05090***@correo.com,18,2022-06-09,ACTIVO
5091,Residencial,10XXXX81,965XXX868,cliente05091***@correo.com,33,2022-08-28,ACTIVO
5092,Residencial,34XXXX52,999XXX800,cliente05092***@correo.com,29,2020-09-13,INACTIVO
5093,Residencial,15XXXX10,926XXX286,cliente05093***@correo.com,23,2021-11-03,INACTIVO
5094,Residencial,94XXXX64,944XXX856,cliente05094***@correo.com,29,2019-01-06,ACTIVO
5095,Comercial,24XXXX32,970XXX809,cliente05095***@correo.com,7,2020-07-25,ACTIVO
5096,Alumbrado Público,98XXXX08,909XXX337,cliente05096***@correo.com,29,2018-03-21,ACTIVO
5097,Residencial,76XXXX20,904XXX491,cliente05097***@correo.com,3,2018-02-20,ACTIVO
5098,Residencial,82XXXX65,928XXX025,cliente05098***@correo.com,19,2022-09-27,ACTIVO
5099,Residencial,72XXXX69,933XXX855,cliente05099***@correo.com,10,2018-12-12,ACTIVO
5100,Comercial,77XXXX94,940XXX754,cliente05100***@correo.com,29,2018-09-30,ACTIVO
5101,Residencial,32XXXX38,986XXX542,cliente05101***@correo.com,9,2018-08-11,ACTIVO
5102,Residencial,89XXXX02,908XXX014,cliente05102***@correo.com,7,2021-01-30,ACTIVO
5103,Residencial,57XXXX87,965XXX478,cliente05103***@correo.com,39,2021-11-23,ACTIVO
5104,Residencial,44XXXX98,959XXX170,cliente05104***@correo.com,9,2018-07-17,ACTIVO
5105,Residencial,39XXXX93,935XXX715,cliente05105***@correo.com,19,2024-02-23,ACTIVO
5106,Residencial,36XXXX39,991XXX136,cliente05106***@correo.com,43,2023-06-19,ACTIVO
5107,Industrial,96XXXX66,927XXX322,cliente05107***@correo.com,5,2021-12-04,ACTIVO
5108,Residencial,53XXXX70,933XXX954,cliente05108***@correo.com,9,2024-03-09,ACTIVO
5109,Residencial,45XXXX80,988XXX279,cliente05109***@correo.com,9,2023-01-12,ACTIVO
5110,Residencial,93XXXX07,943XXX431,cliente05110***@correo.com,26,2019-10-14,ACTIVO
5111,Residencial,38XXXX69,978XXX102,cliente05111***@correo.com,3,2023-10-29,ACTIVO
5112,Residencial,83XXXX68,952XXX905,cliente05112***@correo.com,7,2020-01-28,ACTIVO
5113,Residencial,34XXXX50,923XXX882,cliente05113***@correo.com,15,2018-12-19,ACTIVO
5114,Residencial,63XXXX61,933XXX467,cliente05114***@correo.com,43,2020-12-20,ACTIVO
5115,Residencial,93XXXX38,986XXX015,cliente05115***@correo.com,15,2022-02-02,ACTIVO
5116,Residencial,95XXXX52,923XXX348,cliente05116***@correo.com,3,2024-04-07,ACTIVO
5117,Residencial,22XXXX06,928XXX870,cliente05117***@correo.com,40,2018-10-27,ACTIVO
5118,Residencial,27XXXX94,996XXX090,cliente05118***@correo.com,3,2018-04-18,ACTIVO
5119,Comercial,95XXXX64,953XXX848,cliente05119***@correo.com,21,2018-09-30,ACTIVO
5120,Residencial,21XXXX52,984XXX796,cliente05120***@correo.com,25,2018-12-16,ACTIVO
5121,Residencial,11XXXX35,901XXX190,cliente05121***@correo.com,38,2023-09-07,ACTIVO
5122,Residencial,26XXXX95,946XXX614,cliente05122***@correo.com,4,2021-11-18,ACTIVO
5123,Residencial,33XXXX49,920XXX964,cliente05123***@correo.com,15,2022-01-29,ACTIVO
5124,Residencial,97XXXX73,960XXX980,cliente05124***@correo.com,30,2021-05-07,ACTIVO
5125,Residencial,40XXXX17,932XXX629,cliente05125***@correo.com,22,2021-05-15,ACTIVO
5126,Gobierno,10XXXX40,936XXX729,cliente05126***@correo.com,40,2022-04-06,ACTIVO
5127,Residencial,70XXXX38,963XXX667,cliente05127***@correo.com,9,2024-04-08,ACTIVO
5128,Residencial,77XXXX95,958XXX263,cliente05128***@correo.com,28,2020-02-17,ACTIVO
5129,Residencial,50XXXX67,931XXX759,cliente05129***@correo.com,7,2019-09-27,ACTIVO
5130,Residencial,83XXXX49,959XXX732,cliente05130***@correo.com,5,2023-07-22,ACTIVO
5131,Residencial,67XXXX13,943XXX251,cliente05131***@correo.com,4,2020-12-03,ACTIVO
5132,Residencial,99XXXX47,956XXX333,cliente05132***@correo.com,2,2018-03-10,ACTIVO
5133,Residencial,40XXXX27,954XXX235,cliente05133***@correo.com,15,2021-10-12,ACTIVO
5134,Industrial,64XXXX61,986XXX030,cliente05134***@correo.com,3,2024-10-13,ACTIVO
5135,Residencial,19XXXX72,950XXX444,cliente05135***@correo.com,28,2020-12-01,ACTIVO
5136,Residencial,58XXXX10,935XXX567,cliente05136***@correo.com,13,2018-03-18,ACTIVO
5137,Industrial,98XXXX27,909XXX383,cliente05137***@correo.com,15,2022-12-31,ACTIVO
5138,Comercial,14XXXX08,970XXX918,cliente05138***@correo.com,30,2018-11-27,ACTIVO
5139,Residencial,67XXXX18,979XXX458,cliente05139***@correo.com,9,2022-10-30,ACTIVO
5140,Residencial,33XXXX93,936XXX154,cliente05140***@correo.com,15,2018-03-09,ACTIVO
5141,Comercial,28XXXX89,969XXX770,cliente05141***@correo.com,39,2020-03-29,ACTIVO
5142,Residencial,22XXXX73,951XXX062,cliente05142***@correo.com,2,2022-07-21,ACTIVO
5143,Residencial,61XXXX52,919XXX531,cliente05143***@correo.com,3,2023-06-12,ACTIVO
5144,Residencial,59XXXX10,921XXX262,cliente05144***@correo.com,13,2024-01-20,ACTIVO
5145,Residencial,77XXXX41,945XXX339,cliente05145***@correo.com,3,2019-08-27,ACTIVO
5146,Residencial,75XXXX28,905XXX906,cliente05146***@correo.com,15,2019-08-02,ACTIVO
5147,Residencial,95XXXX08,902XXX687,cliente05147***@correo.com,7,2023-03-03,ACTIVO
5148,Residencial,88XXXX21,913XXX006,cliente05148***@correo.com,30,2019-11-30,ACTIVO
5149,Residencial,91XXXX25,998XXX884,cliente05149***@correo.com,9,2018-03-31,ACTIVO
5150,Residencial,66XXXX84,972XXX455,cliente05150***@correo.com,9,2019-12-21,ACTIVO
5151,Residencial,54XXXX65,998XXX354,cliente05151***@correo.com,3,2024-10-04,ACTIVO
5152,Alumbrado Público,36XXXX85,925XXX713,cliente05152***@correo.com,28,2019-08-14,ACTIVO
5153,Residencial,68XXXX26,997XXX345,cliente05153***@correo.com,15,2019-03-26,SUSPENDIDO
5154,Residencial,29XXXX58,974XXX573,cliente05154***@correo.com,26,2022-08-04,ACTIVO
5155,Residencial,75XXXX26,922XXX378,cliente05155***@correo.com,12,2021-02-04,ACTIVO
5156,Residencial,43XXXX69,974XXX100,cliente05156***@correo.com,7,2019-02-24,SUSPENDIDO
5157,Residencial,92XXXX43,960XXX399,cliente05157***@correo.com,15,2023-02-05,ACTIVO
5158,Comercial,11XXXX48,935XXX926,cliente05158***@correo.com,29,2021-09-08,ACTIVO
5159,Residencial,24XXXX31,967XXX408,cliente05159***@correo.com,15,2018-01-31,ACTIVO
5160,Residencial,59XXXX05,936XXX803,cliente05160***@correo.com,4,2023-09-13,ACTIVO
5161,Residencial,75XXXX74,939XXX754,cliente05161***@correo.com,38,2022-07-30,ACTIVO
5162,Residencial,51XXXX79,906XXX999,cliente05162***@correo.com,28,2023-04-13,ACTIVO
5163,Residencial,91XXXX77,993XXX406,cliente05163***@correo.com,27,2023-07-03,ACTIVO
5164,Residencial,38XXXX00,934XXX114,cliente05164***@correo.com,19,2024-07-21,ACTIVO
5165,Residencial,21XXXX55,971XXX444,cliente05165***@correo.com,12,2022-07-16,SUSPENDIDO
5166,Residencial,40XXXX44,965XXX774,cliente05166***@correo.com,30,2019-10-10,ACTIVO
5167,Residencial,10XXXX16,917XXX741,cliente05167***@correo.com,26,2023-01-13,ACTIVO
5168,Residencial,26XXXX73,953XXX721,cliente05168***@correo.com,19,2019-12-08,ACTIVO
5169,Residencial,69XXXX81,950XXX355,cliente05169***@correo.com,9,2018-08-28,ACTIVO
5170,Residencial,64XXXX26,920XXX417,cliente05170***@correo.com,29,2023-03-11,ACTIVO
5171,Residencial,48XXXX16,942XXX420,cliente05171***@correo.com,11,2018-09-08,ACTIVO
5172,Residencial,90XXXX80,934XXX976,cliente05172***@correo.com,7,2020-05-08,ACTIVO
5173,Residencial,42XXXX29,936XXX779,cliente05173***@correo.com,3,2024-10-10,ACTIVO
5174,Residencial,93XXXX94,923XXX384,cliente05174***@correo.com,16,2024-02-07,ACTIVO
5175,Residencial,24XXXX30,927XXX637,cliente05175***@correo.com,28,2020-04-12,ACTIVO
5176,Residencial,93XXXX17,900XXX562,cliente05176***@correo.com,3,2022-09-09,ACTIVO
5177,Residencial,13XXXX41,942XXX718,cliente05177***@correo.com,9,2022-04-02,ACTIVO
5178,Residencial,30XXXX83,952XXX284,cliente05178***@correo.com,3,2018-03-15,ACTIVO
5179,Residencial,62XXXX13,944XXX244,cliente05179***@correo.com,15,2024-12-23,ACTIVO
5180,Residencial,79XXXX47,968XXX147,cliente05180***@correo.com,19,2024-11-15,ACTIVO
5181,Residencial,88XXXX71,924XXX870,cliente05181***@correo.com,7,2019-06-16,ACTIVO
5182,Residencial,75XXXX21,932XXX198,cliente05182***@correo.com,30,2021-01-30,ACTIVO
5183,Residencial,81XXXX57,974XXX742,cliente05183***@correo.com,34,2018-06-10,ACTIVO
5184,Residencial,98XXXX91,967XXX671,cliente05184***@correo.com,5,2021-12-04,SUSPENDIDO
5185,Residencial,32XXXX18,967XXX031,cliente05185***@correo.com,7,2022-08-19,ACTIVO
5186,Residencial,46XXXX12,955XXX112,cliente05186***@correo.com,30,2022-08-16,ACTIVO
5187,Residencial,63XXXX33,962XXX245,cliente05187***@correo.com,28,2018-08-21,ACTIVO
5188,Residencial,47XXXX89,933XXX082,cliente05188***@correo.com,9,2020-11-01,ACTIVO
5189,Comercial,87XXXX23,988XXX681,cliente05189***@correo.com,26,2023-05-19,ACTIVO
5190,Residencial,49XXXX58,925XXX686,cliente05190***@correo.com,30,2022-05-10,ACTIVO
5191,Residencial,15XXXX30,960XXX803,cliente05191***@correo.com,9,2021-04-11,ACTIVO
5192,Residencial,99XXXX10,932XXX526,cliente05192***@correo.com,11,2023-11-26,ACTIVO
5193,Residencial,84XXXX18,985XXX744,cliente05193***@correo.com,33,2020-06-16,ACTIVO
5194,Residencial,89XXXX06,936XXX245,cliente05194***@correo.com,9,2022-02-18,ACTIVO
5195,Residencial,26XXXX58,989XXX314,cliente05195***@correo.com,29,2023-07-24,ACTIVO
5196,Residencial,66XXXX60,930XXX504,cliente05196***@correo.com,22,2023-11-25,ACTIVO
5197,Residencial,88XXXX17,918XXX713,cliente05197***@correo.com,29,2019-04-28,ACTIVO
5198,Residencial,47XXXX74,920XXX275,cliente05198***@correo.com,39,2019-11-23,ACTIVO
5199,Residencial,14XXXX66,918XXX965,cliente05199***@correo.com,19,2021-10-04,ACTIVO
5200,Residencial,86XXXX84,962XXX339,cliente05200***@correo.com,30,2020-07-25,ACTIVO
5201,Residencial,78XXXX54,971XXX393,cliente05201***@correo.com,7,2021-02-16,ACTIVO
5202,Residencial,32XXXX11,909XXX929,cliente05202***@correo.com,28,2023-07-29,ACTIVO
5203,Residencial,99XXXX46,997XXX878,cliente05203***@correo.com,43,2024-09-13,ACTIVO
5204,Residencial,24XXXX38,956XXX197,cliente05204***@correo.com,40,2022-01-22,ACTIVO
5205,Comercial,43XXXX07,905XXX930,cliente05205***@correo.com,3,2020-06-04,ACTIVO
5206,Residencial,27XXXX15,995XXX911,cliente05206***@correo.com,29,2020-05-30,ACTIVO
5207,Residencial,37XXXX36,910XXX614,cliente05207***@correo.com,15,2022-03-21,ACTIVO
5208,Residencial,64XXXX08,975XXX299,cliente05208***@correo.com,43,2023-07-29,ACTIVO
5209,Residencial,46XXXX39,912XXX388,cliente05209***@correo.com,6,2020-02-12,ACTIVO
5210,Residencial,39XXXX52,915XXX626,cliente05210***@correo.com,12,2019-04-10,ACTIVO
5211,Residencial,82XXXX14,977XXX254,cliente05211***@correo.com,37,2018-11-06,ACTIVO
5212,Residencial,83XXXX45,965XXX296,cliente05212***@correo.com,25,2021-05-23,ACTIVO
5213,Gobierno,82XXXX95,959XXX289,cliente05213***@correo.com,40,2019-03-03,ACTIVO
5214,Residencial,22XXXX46,935XXX620,cliente05214***@correo.com,35,2021-05-31,ACTIVO
5215,Residencial,56XXXX73,942XXX783,cliente05215***@correo.com,43,2018-07-04,ACTIVO
5216,Residencial,35XXXX97,922XXX051,cliente05216***@correo.com,9,2019-12-01,ACTIVO
5217,Industrial,83XXXX79,965XXX839,cliente05217***@correo.com,40,2022-02-25,ACTIVO
5218,Comercial,92XXXX02,993XXX991,cliente05218***@correo.com,7,2024-06-28,ACTIVO
5219,Comercial,15XXXX92,921XXX866,cliente05219***@correo.com,29,2022-07-31,ACTIVO
5220,Residencial,41XXXX84,906XXX151,cliente05220***@correo.com,30,2024-01-14,ACTIVO
5221,Residencial,92XXXX17,915XXX731,cliente05221***@correo.com,15,2021-02-12,ACTIVO
5222,Comercial,39XXXX48,968XXX591,cliente05222***@correo.com,17,2019-06-08,ACTIVO
5223,Residencial,33XXXX06,925XXX919,cliente05223***@correo.com,15,2020-08-27,ACTIVO
5224,Comercial,50XXXX72,954XXX092,cliente05224***@correo.com,7,2020-11-10,ACTIVO
5225,Residencial,60XXXX98,986XXX351,cliente05225***@correo.com,39,2020-04-08,ACTIVO
5226,Residencial,67XXXX59,931XXX733,cliente05226***@correo.com,29,2018-09-23,ACTIVO
5227,Comercial,54XXXX88,959XXX898,cliente05227***@correo.com,5,2020-09-15,ACTIVO
5228,Residencial,11XXXX85,997XXX663,cliente05228***@correo.com,13,2021-08-24,ACTIVO
5229,Industrial,67XXXX25,972XXX205,cliente05229***@correo.com,3,2019-02-27,ACTIVO
5230,Residencial,56XXXX57,983XXX815,cliente05230***@correo.com,3,2021-06-21,ACTIVO
5231,Residencial,44XXXX92,991XXX532,cliente05231***@correo.com,9,2018-01-18,ACTIVO
5232,Residencial,49XXXX12,964XXX860,cliente05232***@correo.com,26,2021-12-25,ACTIVO
5233,Residencial,89XXXX11,952XXX067,cliente05233***@correo.com,15,2024-12-29,ACTIVO
5234,Residencial,49XXXX59,936XXX041,cliente05234***@correo.com,38,2018-08-09,ACTIVO
5235,Residencial,33XXXX53,914XXX676,cliente05235***@correo.com,5,2023-11-09,ACTIVO
5236,Residencial,97XXXX20,954XXX379,cliente05236***@correo.com,35,2023-08-09,ACTIVO
5237,Residencial,29XXXX65,979XXX768,cliente05237***@correo.com,39,2023-11-02,ACTIVO
5238,Residencial,60XXXX02,993XXX806,cliente05238***@correo.com,10,2020-07-05,ACTIVO
5239,Residencial,47XXXX66,929XXX589,cliente05239***@correo.com,8,2024-12-13,ACTIVO
5240,Residencial,89XXXX86,990XXX299,cliente05240***@correo.com,9,2020-09-06,ACTIVO
5241,Residencial,47XXXX74,969XXX438,cliente05241***@correo.com,6,2018-10-30,SUSPENDIDO
5242,Residencial,39XXXX86,985XXX692,cliente05242***@correo.com,29,2020-07-12,ACTIVO
5243,Residencial,32XXXX33,987XXX766,cliente05243***@correo.com,39,2024-04-07,ACTIVO
5244,Residencial,55XXXX17,954XXX736,cliente05244***@correo.com,39,2023-08-03,ACTIVO
5245,Residencial,56XXXX94,911XXX184,cliente05245***@correo.com,7,2022-03-20,ACTIVO
5246,Residencial,16XXXX87,937XXX968,cliente05246***@correo.com,26,2019-03-06,ACTIVO
5247,Residencial,97XXXX44,915XXX884,cliente05247***@correo.com,39,2022-11-29,ACTIVO
5248,Residencial,15XXXX64,944XXX034,cliente05248***@correo.com,15,2019-01-21,ACTIVO
5249,Residencial,32XXXX62,933XXX490,cliente05249***@correo.com,5,2018-02-17,ACTIVO
5250,Residencial,47XXXX86,987XXX435,cliente05250***@correo.com,7,2020-09-07,ACTIVO
5251,Residencial,93XXXX19,918XXX540,cliente05251***@correo.com,19,2023-11-22,ACTIVO
5252,Residencial,38XXXX16,908XXX126,cliente05252***@correo.com,18,2019-07-03,ACTIVO
5253,Residencial,69XXXX02,972XXX551,cliente05253***@correo.com,30,2021-04-02,ACTIVO
5254,Residencial,60XXXX52,907XXX352,cliente05254***@correo.com,28,2019-05-06,ACTIVO
5255,Residencial,88XXXX19,950XXX401,cliente05255***@correo.com,26,2021-01-07,ACTIVO
5256,Residencial,88XXXX97,980XXX745,cliente05256***@correo.com,17,2019-09-04,ACTIVO
5257,Residencial,31XXXX31,949XXX356,cliente05257***@correo.com,4,2018-04-14,ACTIVO
5258,Residencial,23XXXX88,924XXX125,cliente05258***@correo.com,37,2018-03-01,ACTIVO
5259,Alumbrado Público,87XXXX30,938XXX167,cliente05259***@correo.com,23,2020-03-18,ACTIVO
5260,Residencial,65XXXX24,986XXX292,cliente05260***@correo.com,28,2019-03-08,ACTIVO
5261,Comercial,40XXXX00,943XXX789,cliente05261***@correo.com,38,2022-01-24,ACTIVO
5262,Residencial,61XXXX96,968XXX035,cliente05262***@correo.com,30,2023-04-18,ACTIVO
5263,Residencial,39XXXX76,907XXX410,cliente05263***@correo.com,7,2022-07-24,ACTIVO
5264,Residencial,63XXXX35,968XXX669,cliente05264***@correo.com,30,2020-02-25,ACTIVO
5265,Residencial,88XXXX83,953XXX924,cliente05265***@correo.com,43,2024-03-31,ACTIVO
5266,Residencial,78XXXX62,932XXX671,cliente05266***@correo.com,33,2024-02-12,ACTIVO
5267,Residencial,77XXXX55,959XXX256,cliente05267***@correo.com,23,2023-12-22,ACTIVO
5268,Residencial,37XXXX86,981XXX207,cliente05268***@correo.com,15,2024-06-22,ACTIVO
5269,Residencial,20XXXX57,966XXX449,cliente05269***@correo.com,28,2024-06-29,ACTIVO
5270,Residencial,31XXXX38,960XXX229,cliente05270***@correo.com,39,2023-01-11,ACTIVO
5271,Residencial,66XXXX48,978XXX063,cliente05271***@correo.com,5,2021-07-01,INACTIVO
5272,Residencial,32XXXX29,960XXX075,cliente05272***@correo.com,9,2018-09-10,ACTIVO
5273,Residencial,52XXXX39,908XXX320,cliente05273***@correo.com,41,2021-04-24,ACTIVO
5274,Comercial,61XXXX53,941XXX608,cliente05274***@correo.com,38,2023-12-25,ACTIVO
5275,Residencial,29XXXX80,913XXX209,cliente05275***@correo.com,28,2022-04-25,ACTIVO
5276,Comercial,80XXXX56,962XXX796,cliente05276***@correo.com,43,2024-09-04,ACTIVO
5277,Residencial,12XXXX38,948XXX352,cliente05277***@correo.com,35,2020-10-14,INACTIVO
5278,Residencial,61XXXX82,903XXX080,cliente05278***@correo.com,39,2022-04-13,ACTIVO
5279,Residencial,92XXXX37,999XXX307,cliente05279***@correo.com,23,2021-06-04,ACTIVO
5280,Residencial,39XXXX65,956XXX375,cliente05280***@correo.com,28,2021-12-11,ACTIVO
5281,Residencial,83XXXX63,906XXX759,cliente05281***@correo.com,15,2022-03-20,ACTIVO
5282,Residencial,82XXXX18,904XXX720,cliente05282***@correo.com,7,2018-12-13,ACTIVO
5283,Residencial,76XXXX41,974XXX997,cliente05283***@correo.com,9,2023-09-14,ACTIVO
5284,Residencial,14XXXX84,960XXX723,cliente05284***@correo.com,21,2022-12-03,ACTIVO
5285,Residencial,86XXXX20,973XXX759,cliente05285***@correo.com,15,2020-12-10,ACTIVO
5286,Residencial,96XXXX42,988XXX252,cliente05286***@correo.com,28,2024-09-05,ACTIVO
5287,Comercial,19XXXX75,968XXX168,cliente05287***@correo.com,9,2019-07-05,ACTIVO
5288,Residencial,81XXXX88,998XXX382,cliente05288***@correo.com,13,2020-08-21,ACTIVO
5289,Comercial,18XXXX10,924XXX460,cliente05289***@correo.com,37,2020-02-09,ACTIVO
5290,Residencial,17XXXX65,958XXX643,cliente05290***@correo.com,3,2018-02-20,ACTIVO
5291,Residencial,68XXXX66,921XXX691,cliente05291***@correo.com,3,2023-08-31,ACTIVO
5292,Residencial,22XXXX84,915XXX495,cliente05292***@correo.com,15,2020-05-03,ACTIVO
5293,Residencial,99XXXX04,984XXX727,cliente05293***@correo.com,38,2022-06-09,ACTIVO
5294,Residencial,74XXXX73,969XXX854,cliente05294***@correo.com,6,2020-03-21,ACTIVO
5295,Residencial,73XXXX01,928XXX735,cliente05295***@correo.com,15,2022-06-06,ACTIVO
5296,Residencial,37XXXX98,947XXX664,cliente05296***@correo.com,41,2020-02-13,ACTIVO
5297,Residencial,11XXXX55,921XXX306,cliente05297***@correo.com,15,2021-09-14,ACTIVO
5298,Residencial,68XXXX03,995XXX180,cliente05298***@correo.com,8,2021-12-01,ACTIVO
5299,Residencial,90XXXX81,946XXX590,cliente05299***@correo.com,26,2024-10-06,ACTIVO
5300,Comercial,30XXXX91,996XXX345,cliente05300***@correo.com,3,2024-07-20,ACTIVO
5301,Residencial,34XXXX57,974XXX918,cliente05301***@correo.com,39,2019-01-25,ACTIVO
5302,Residencial,55XXXX11,924XXX821,cliente05302***@correo.com,25,2020-03-23,ACTIVO
5303,Comercial,98XXXX12,963XXX898,cliente05303***@correo.com,29,2022-08-06,ACTIVO
5304,Residencial,78XXXX34,968XXX884,cliente05304***@correo.com,18,2021-03-20,ACTIVO
5305,Gobierno,43XXXX12,902XXX966,cliente05305***@correo.com,15,2023-07-11,ACTIVO
5306,Residencial,43XXXX91,914XXX529,cliente05306***@correo.com,31,2022-05-23,ACTIVO
5307,Residencial,62XXXX58,986XXX342,cliente05307***@correo.com,30,2019-09-03,ACTIVO
5308,Residencial,84XXXX57,986XXX209,cliente05308***@correo.com,40,2024-10-25,ACTIVO
5309,Residencial,24XXXX87,999XXX660,cliente05309***@correo.com,15,2018-01-25,ACTIVO
5310,Alumbrado Público,90XXXX21,945XXX230,cliente05310***@correo.com,3,2021-03-15,ACTIVO
5311,Residencial,92XXXX38,909XXX988,cliente05311***@correo.com,15,2022-04-15,ACTIVO
5312,Residencial,47XXXX73,990XXX955,cliente05312***@correo.com,29,2018-09-04,ACTIVO
5313,Residencial,28XXXX18,976XXX572,cliente05313***@correo.com,30,2021-09-18,ACTIVO
5314,Residencial,98XXXX42,982XXX788,cliente05314***@correo.com,5,2022-10-17,ACTIVO
5315,Residencial,72XXXX34,970XXX728,cliente05315***@correo.com,28,2023-02-20,ACTIVO
5316,Residencial,27XXXX17,902XXX163,cliente05316***@correo.com,43,2021-01-13,ACTIVO
5317,Residencial,22XXXX83,913XXX385,cliente05317***@correo.com,24,2020-11-28,ACTIVO
5318,Residencial,76XXXX18,912XXX235,cliente05318***@correo.com,4,2022-08-29,ACTIVO
5319,Residencial,40XXXX03,948XXX646,cliente05319***@correo.com,13,2023-09-14,ACTIVO
5320,Residencial,40XXXX38,993XXX596,cliente05320***@correo.com,4,2018-10-26,ACTIVO
5321,Comercial,32XXXX09,926XXX531,cliente05321***@correo.com,3,2024-01-01,ACTIVO
5322,Gobierno,45XXXX61,964XXX238,cliente05322***@correo.com,11,2020-08-10,ACTIVO
5323,Residencial,50XXXX88,952XXX666,cliente05323***@correo.com,26,2018-02-08,ACTIVO
5324,Residencial,11XXXX10,919XXX779,cliente05324***@correo.com,22,2024-09-29,ACTIVO
5325,Residencial,24XXXX82,932XXX649,cliente05325***@correo.com,9,2019-05-28,ACTIVO
5326,Residencial,55XXXX34,948XXX063,cliente05326***@correo.com,15,2022-10-27,ACTIVO
5327,Residencial,92XXXX21,957XXX124,cliente05327***@correo.com,4,2020-08-28,ACTIVO
5328,Residencial,51XXXX33,932XXX692,cliente05328***@correo.com,26,2020-06-23,ACTIVO
5329,Industrial,80XXXX91,954XXX232,cliente05329***@correo.com,38,2023-08-17,ACTIVO
5330,Comercial,22XXXX52,952XXX562,cliente05330***@correo.com,32,2019-07-05,ACTIVO
5331,Residencial,73XXXX06,977XXX470,cliente05331***@correo.com,21,2023-05-10,ACTIVO
5332,Residencial,96XXXX33,951XXX281,cliente05332***@correo.com,19,2018-07-04,ACTIVO
5333,Residencial,82XXXX66,929XXX586,cliente05333***@correo.com,43,2020-01-19,ACTIVO
5334,Alumbrado Público,68XXXX48,991XXX489,cliente05334***@correo.com,7,2024-03-25,ACTIVO
5335,Residencial,87XXXX02,920XXX031,cliente05335***@correo.com,13,2024-06-05,ACTIVO
5336,Residencial,88XXXX21,908XXX144,cliente05336***@correo.com,27,2019-03-10,ACTIVO
5337,Residencial,50XXXX04,946XXX895,cliente05337***@correo.com,39,2022-12-16,ACTIVO
5338,Residencial,63XXXX86,947XXX856,cliente05338***@correo.com,3,2018-10-19,ACTIVO
5339,Residencial,10XXXX84,939XXX539,cliente05339***@correo.com,38,2021-01-03,ACTIVO
5340,Residencial,93XXXX29,947XXX017,cliente05340***@correo.com,9,2020-03-09,ACTIVO
5341,Comercial,81XXXX01,964XXX729,cliente05341***@correo.com,10,2018-06-09,ACTIVO
5342,Residencial,31XXXX02,932XXX304,cliente05342***@correo.com,7,2020-03-26,ACTIVO
5343,Residencial,69XXXX85,986XXX722,cliente05343***@correo.com,30,2023-08-17,ACTIVO
5344,Residencial,88XXXX54,988XXX898,cliente05344***@correo.com,34,2024-08-05,ACTIVO
5345,Residencial,92XXXX91,933XXX503,cliente05345***@correo.com,40,2021-07-17,ACTIVO
5346,Residencial,18XXXX97,940XXX720,cliente05346***@correo.com,9,2019-03-18,ACTIVO
5347,Residencial,10XXXX45,977XXX627,cliente05347***@correo.com,5,2020-02-07,ACTIVO
5348,Residencial,13XXXX29,920XXX523,cliente05348***@correo.com,9,2018-01-06,ACTIVO
5349,Residencial,33XXXX80,951XXX239,cliente05349***@correo.com,13,2021-09-19,ACTIVO
5350,Residencial,36XXXX00,922XXX321,cliente05350***@correo.com,8,2024-04-19,ACTIVO
5351,Residencial,33XXXX06,983XXX513,cliente05351***@correo.com,38,2018-11-24,ACTIVO
5352,Residencial,60XXXX86,967XXX619,cliente05352***@correo.com,7,2018-06-27,ACTIVO
5353,Residencial,18XXXX15,915XXX635,cliente05353***@correo.com,7,2024-12-18,ACTIVO
5354,Residencial,79XXXX16,947XXX407,cliente05354***@correo.com,43,2023-10-20,ACTIVO
5355,Residencial,24XXXX93,913XXX985,cliente05355***@correo.com,24,2021-05-23,ACTIVO
5356,Comercial,16XXXX97,918XXX076,cliente05356***@correo.com,40,2023-06-12,ACTIVO
5357,Residencial,99XXXX36,960XXX657,cliente05357***@correo.com,26,2019-06-09,ACTIVO
5358,Residencial,65XXXX14,994XXX439,cliente05358***@correo.com,14,2021-02-10,ACTIVO
5359,Residencial,95XXXX36,911XXX297,cliente05359***@correo.com,29,2023-10-23,ACTIVO
5360,Residencial,11XXXX44,944XXX480,cliente05360***@correo.com,9,2024-10-22,ACTIVO
5361,Residencial,85XXXX42,995XXX796,cliente05361***@correo.com,33,2019-02-15,ACTIVO
5362,Residencial,71XXXX97,927XXX873,cliente05362***@correo.com,9,2018-05-11,ACTIVO
5363,Residencial,77XXXX40,947XXX569,cliente05363***@correo.com,27,2023-04-05,ACTIVO
5364,Residencial,57XXXX08,902XXX837,cliente05364***@correo.com,15,2019-06-05,ACTIVO
5365,Alumbrado Público,42XXXX42,984XXX047,cliente05365***@correo.com,1,2021-06-16,ACTIVO
5366,Residencial,10XXXX28,920XXX084,cliente05366***@correo.com,19,2022-11-03,ACTIVO
5367,Residencial,77XXXX82,972XXX216,cliente05367***@correo.com,26,2018-09-07,ACTIVO
5368,Residencial,18XXXX16,960XXX559,cliente05368***@correo.com,3,2018-07-16,ACTIVO
5369,Gobierno,68XXXX54,942XXX165,cliente05369***@correo.com,15,2020-02-23,ACTIVO
5370,Residencial,57XXXX92,920XXX359,cliente05370***@correo.com,40,2024-12-18,ACTIVO
5371,Residencial,83XXXX68,984XXX686,cliente05371***@correo.com,18,2021-09-09,ACTIVO
5372,Residencial,49XXXX75,967XXX956,cliente05372***@correo.com,43,2018-12-26,ACTIVO
5373,Residencial,37XXXX40,920XXX911,cliente05373***@correo.com,20,2021-06-15,ACTIVO
5374,Residencial,62XXXX20,946XXX659,cliente05374***@correo.com,43,2022-10-07,ACTIVO
5375,Residencial,60XXXX45,941XXX030,cliente05375***@correo.com,26,2022-05-16,ACTIVO
5376,Residencial,29XXXX89,903XXX456,cliente05376***@correo.com,43,2022-04-05,ACTIVO
5377,Residencial,32XXXX23,901XXX268,cliente05377***@correo.com,15,2021-09-18,ACTIVO
5378,Residencial,22XXXX56,901XXX070,cliente05378***@correo.com,35,2019-10-07,ACTIVO
5379,Residencial,59XXXX52,978XXX273,cliente05379***@correo.com,26,2021-03-29,ACTIVO
5380,Residencial,31XXXX22,901XXX265,cliente05380***@correo.com,40,2022-10-19,ACTIVO
5381,Residencial,48XXXX12,952XXX219,cliente05381***@correo.com,3,2022-07-24,ACTIVO
5382,Residencial,29XXXX93,934XXX730,cliente05382***@correo.com,15,2022-03-02,ACTIVO
5383,Residencial,81XXXX59,975XXX161,cliente05383***@correo.com,7,2020-01-31,ACTIVO
5384,Residencial,57XXXX52,960XXX924,cliente05384***@correo.com,15,2019-08-27,ACTIVO
5385,Residencial,33XXXX64,987XXX981,cliente05385***@correo.com,9,2022-09-04,ACTIVO
5386,Residencial,87XXXX06,905XXX861,cliente05386***@correo.com,22,2019-01-15,ACTIVO
5387,Residencial,77XXXX89,963XXX320,cliente05387***@correo.com,40,2022-11-24,ACTIVO
5388,Residencial,58XXXX41,900XXX475,cliente05388***@correo.com,3,2018-03-21,ACTIVO
5389,Residencial,16XXXX69,999XXX449,cliente05389***@correo.com,29,2019-10-24,ACTIVO
5390,Residencial,96XXXX63,911XXX465,cliente05390***@correo.com,29,2022-07-02,ACTIVO
5391,Residencial,23XXXX80,905XXX424,cliente05391***@correo.com,4,2021-05-18,ACTIVO
5392,Residencial,32XXXX14,938XXX018,cliente05392***@correo.com,3,2018-08-07,ACTIVO
5393,Residencial,52XXXX10,917XXX947,cliente05393***@correo.com,19,2024-05-20,ACTIVO
5394,Residencial,53XXXX78,991XXX258,cliente05394***@correo.com,9,2022-05-02,ACTIVO
5395,Residencial,26XXXX83,954XXX713,cliente05395***@correo.com,29,2022-07-10,ACTIVO
5396,Residencial,69XXXX79,900XXX713,cliente05396***@correo.com,15,2022-08-14,ACTIVO
5397,Residencial,86XXXX71,942XXX528,cliente05397***@correo.com,8,2018-11-27,ACTIVO
5398,Industrial,39XXXX25,990XXX313,cliente05398***@correo.com,30,2022-02-17,ACTIVO
5399,Residencial,30XXXX52,908XXX368,cliente05399***@correo.com,29,2024-02-01,ACTIVO
5400,Residencial,92XXXX70,958XXX274,cliente05400***@correo.com,16,2020-08-06,ACTIVO
5401,Residencial,20XXXX56,956XXX211,cliente05401***@correo.com,3,2023-12-01,ACTIVO
5402,Gobierno,18XXXX50,959XXX403,cliente05402***@correo.com,38,2022-03-25,ACTIVO
5403,Residencial,82XXXX32,989XXX702,cliente05403***@correo.com,19,2022-09-07,ACTIVO
5404,Industrial,19XXXX42,988XXX946,cliente05404***@correo.com,30,2019-06-05,ACTIVO
5405,Residencial,70XXXX11,950XXX241,cliente05405***@correo.com,35,2023-09-18,ACTIVO
5406,Residencial,20XXXX54,992XXX149,cliente05406***@correo.com,29,2024-12-28,INACTIVO
5407,Residencial,64XXXX14,992XXX043,cliente05407***@correo.com,42,2019-10-10,ACTIVO
5408,Residencial,55XXXX78,912XXX045,cliente05408***@correo.com,15,2021-06-14,ACTIVO
5409,Residencial,99XXXX33,982XXX426,cliente05409***@correo.com,3,2021-12-18,ACTIVO
5410,Residencial,97XXXX00,969XXX172,cliente05410***@correo.com,38,2020-12-27,ACTIVO
5411,Residencial,86XXXX04,906XXX132,cliente05411***@correo.com,21,2024-08-18,ACTIVO
5412,Residencial,72XXXX29,928XXX187,cliente05412***@correo.com,15,2022-02-05,ACTIVO
5413,Comercial,54XXXX59,994XXX693,cliente05413***@correo.com,19,2024-11-04,ACTIVO
5414,Residencial,16XXXX65,912XXX214,cliente05414***@correo.com,38,2018-06-06,ACTIVO
5415,Residencial,68XXXX77,998XXX713,cliente05415***@correo.com,5,2019-05-08,ACTIVO
5416,Residencial,27XXXX53,912XXX441,cliente05416***@correo.com,7,2019-12-20,ACTIVO
5417,Residencial,86XXXX12,943XXX614,cliente05417***@correo.com,43,2021-10-30,ACTIVO
5418,Residencial,56XXXX55,972XXX537,cliente05418***@correo.com,15,2023-07-31,ACTIVO
5419,Residencial,52XXXX86,973XXX654,cliente05419***@correo.com,19,2022-05-17,ACTIVO
5420,Residencial,82XXXX37,972XXX757,cliente05420***@correo.com,9,2023-10-17,ACTIVO
5421,Residencial,22XXXX55,962XXX632,cliente05421***@correo.com,13,2020-10-19,ACTIVO
5422,Residencial,29XXXX30,949XXX727,cliente05422***@correo.com,41,2020-04-11,ACTIVO
5423,Residencial,69XXXX92,945XXX548,cliente05423***@correo.com,9,2021-04-10,ACTIVO
5424,Residencial,82XXXX45,956XXX266,cliente05424***@correo.com,30,2018-11-26,ACTIVO
5425,Comercial,41XXXX75,993XXX089,cliente05425***@correo.com,29,2024-01-30,ACTIVO
5426,Residencial,59XXXX12,990XXX049,cliente05426***@correo.com,30,2022-03-03,ACTIVO
5427,Residencial,85XXXX47,910XXX179,cliente05427***@correo.com,5,2021-02-15,ACTIVO
5428,Comercial,88XXXX61,904XXX602,cliente05428***@correo.com,3,2021-09-09,INACTIVO
5429,Residencial,98XXXX82,914XXX777,cliente05429***@correo.com,9,2023-07-29,ACTIVO
5430,Residencial,90XXXX92,979XXX768,cliente05430***@correo.com,5,2019-02-18,ACTIVO
5431,Residencial,51XXXX93,902XXX090,cliente05431***@correo.com,30,2019-06-24,ACTIVO
5432,Residencial,44XXXX98,961XXX458,cliente05432***@correo.com,40,2021-08-08,ACTIVO
5433,Residencial,29XXXX98,961XXX516,cliente05433***@correo.com,40,2022-01-22,ACTIVO
5434,Residencial,65XXXX93,901XXX348,cliente05434***@correo.com,15,2024-02-18,ACTIVO
5435,Residencial,26XXXX92,953XXX947,cliente05435***@correo.com,43,2022-04-12,ACTIVO
5436,Residencial,65XXXX71,914XXX923,cliente05436***@correo.com,28,2020-05-11,ACTIVO
5437,Comercial,21XXXX80,904XXX130,cliente05437***@correo.com,27,2019-07-11,ACTIVO
5438,Residencial,72XXXX35,991XXX213,cliente05438***@correo.com,40,2018-12-18,ACTIVO
5439,Alumbrado Público,75XXXX86,916XXX418,cliente05439***@correo.com,5,2021-09-16,ACTIVO
5440,Residencial,47XXXX35,970XXX149,cliente05440***@correo.com,41,2020-11-01,ACTIVO
5441,Residencial,72XXXX60,923XXX429,cliente05441***@correo.com,19,2022-07-31,ACTIVO
5442,Residencial,40XXXX75,935XXX944,cliente05442***@correo.com,27,2024-03-24,ACTIVO
5443,Residencial,95XXXX94,976XXX607,cliente05443***@correo.com,15,2024-11-19,ACTIVO
5444,Residencial,37XXXX99,957XXX520,cliente05444***@correo.com,15,2022-05-22,ACTIVO
5445,Residencial,52XXXX74,934XXX653,cliente05445***@correo.com,10,2024-03-04,ACTIVO
5446,Residencial,15XXXX67,961XXX113,cliente05446***@correo.com,7,2018-11-26,ACTIVO
5447,Residencial,64XXXX07,997XXX862,cliente05447***@correo.com,30,2021-12-25,ACTIVO
5448,Residencial,89XXXX27,905XXX586,cliente05448***@correo.com,3,2024-04-03,ACTIVO
5449,Residencial,13XXXX18,948XXX497,cliente05449***@correo.com,7,2019-06-30,ACTIVO
5450,Residencial,65XXXX06,928XXX395,cliente05450***@correo.com,28,2022-01-17,ACTIVO
5451,Alumbrado Público,98XXXX37,904XXX807,cliente05451***@correo.com,21,2019-10-06,ACTIVO
5452,Residencial,52XXXX44,997XXX838,cliente05452***@correo.com,28,2022-01-08,ACTIVO
5453,Residencial,38XXXX60,930XXX799,cliente05453***@correo.com,19,2023-11-08,ACTIVO
5454,Residencial,89XXXX79,969XXX605,cliente05454***@correo.com,40,2021-08-13,ACTIVO
5455,Residencial,98XXXX14,912XXX255,cliente05455***@correo.com,5,2020-10-17,ACTIVO
5456,Residencial,15XXXX57,912XXX780,cliente05456***@correo.com,15,2018-07-23,ACTIVO
5457,Residencial,89XXXX75,927XXX372,cliente05457***@correo.com,13,2020-04-09,ACTIVO
5458,Residencial,64XXXX49,942XXX070,cliente05458***@correo.com,30,2023-11-09,ACTIVO
5459,Industrial,99XXXX38,965XXX021,cliente05459***@correo.com,29,2022-09-09,ACTIVO
5460,Residencial,33XXXX55,998XXX579,cliente05460***@correo.com,3,2023-11-07,ACTIVO
5461,Residencial,83XXXX48,971XXX013,cliente05461***@correo.com,9,2020-02-05,ACTIVO
5462,Residencial,82XXXX30,919XXX227,cliente05462***@correo.com,28,2024-01-05,ACTIVO
5463,Comercial,10XXXX70,914XXX583,cliente05463***@correo.com,43,2022-01-31,ACTIVO
5464,Residencial,53XXXX53,939XXX904,cliente05464***@correo.com,38,2021-07-06,ACTIVO
5465,Industrial,65XXXX15,968XXX608,cliente05465***@correo.com,30,2019-01-05,ACTIVO
5466,Residencial,76XXXX24,947XXX301,cliente05466***@correo.com,15,2019-08-19,ACTIVO
5467,Residencial,19XXXX48,967XXX624,cliente05467***@correo.com,9,2018-03-09,ACTIVO
5468,Residencial,90XXXX56,908XXX500,cliente05468***@correo.com,7,2018-11-07,SUSPENDIDO
5469,Residencial,33XXXX53,963XXX779,cliente05469***@correo.com,30,2022-02-22,ACTIVO
5470,Residencial,92XXXX64,948XXX232,cliente05470***@correo.com,9,2023-12-04,ACTIVO
5471,Residencial,66XXXX04,941XXX731,cliente05471***@correo.com,24,2019-07-23,ACTIVO
5472,Residencial,43XXXX21,956XXX218,cliente05472***@correo.com,15,2023-04-01,ACTIVO
5473,Residencial,63XXXX78,938XXX761,cliente05473***@correo.com,9,2021-06-16,ACTIVO
5474,Residencial,30XXXX11,931XXX130,cliente05474***@correo.com,3,2019-05-10,ACTIVO
5475,Residencial,22XXXX55,910XXX707,cliente05475***@correo.com,43,2023-12-02,ACTIVO
5476,Residencial,66XXXX20,970XXX049,cliente05476***@correo.com,27,2023-11-24,ACTIVO
5477,Residencial,81XXXX12,911XXX696,cliente05477***@correo.com,15,2019-05-09,ACTIVO
5478,Comercial,32XXXX39,962XXX850,cliente05478***@correo.com,37,2020-01-25,ACTIVO
5479,Residencial,26XXXX67,939XXX344,cliente05479***@correo.com,28,2018-08-11,ACTIVO
5480,Residencial,56XXXX33,900XXX335,cliente05480***@correo.com,39,2023-03-20,ACTIVO
5481,Residencial,45XXXX42,994XXX671,cliente05481***@correo.com,25,2024-10-11,ACTIVO
5482,Comercial,67XXXX83,975XXX991,cliente05482***@correo.com,11,2018-01-12,ACTIVO
5483,Residencial,84XXXX92,937XXX360,cliente05483***@correo.com,40,2018-11-03,ACTIVO
5484,Residencial,15XXXX42,919XXX227,cliente05484***@correo.com,7,2019-01-20,ACTIVO
5485,Residencial,50XXXX45,922XXX614,cliente05485***@correo.com,31,2021-06-23,ACTIVO
5486,Residencial,30XXXX94,998XXX965,cliente05486***@correo.com,26,2020-05-01,ACTIVO
5487,Industrial,90XXXX92,959XXX276,cliente05487***@correo.com,6,2022-06-09,ACTIVO
5488,Residencial,58XXXX68,989XXX323,cliente05488***@correo.com,33,2021-05-06,ACTIVO
5489,Residencial,14XXXX89,913XXX863,cliente05489***@correo.com,29,2018-10-23,ACTIVO
5490,Residencial,26XXXX78,989XXX383,cliente05490***@correo.com,29,2020-03-25,ACTIVO
5491,Comercial,47XXXX99,985XXX591,cliente05491***@correo.com,39,2022-11-28,ACTIVO
5492,Residencial,46XXXX75,944XXX907,cliente05492***@correo.com,9,2020-08-13,ACTIVO
5493,Comercial,36XXXX27,910XXX160,cliente05493***@correo.com,36,2019-04-06,ACTIVO
5494,Residencial,25XXXX26,944XXX402,cliente05494***@correo.com,7,2020-08-30,SUSPENDIDO
5495,Industrial,47XXXX56,904XXX896,cliente05495***@correo.com,3,2022-09-22,ACTIVO
5496,Residencial,14XXXX23,909XXX333,cliente05496***@correo.com,15,2022-04-12,ACTIVO
5497,Residencial,69XXXX47,954XXX539,cliente05497***@correo.com,28,2022-03-26,ACTIVO
5498,Residencial,52XXXX38,915XXX847,cliente05498***@correo.com,38,2023-07-18,ACTIVO
5499,Residencial,99XXXX65,979XXX571,cliente05499***@correo.com,20,2024-07-26,ACTIVO
5500,Residencial,56XXXX52,954XXX205,cliente05500***@correo.com,39,2018-05-16,ACTIVO
5501,Residencial,10XXXX26,978XXX288,cliente05501***@correo.com,3,2021-10-27,ACTIVO
5502,Residencial,58XXXX02,944XXX382,cliente05502***@correo.com,26,2023-09-11,ACTIVO
5503,Residencial,63XXXX95,909XXX450,cliente05503***@correo.com,9,2020-03-24,ACTIVO
5504,Residencial,57XXXX05,928XXX468,cliente05504***@correo.com,15,2022-11-14,ACTIVO
5505,Residencial,13XXXX59,996XXX831,cliente05505***@correo.com,3,2023-02-23,ACTIVO
5506,Residencial,61XXXX30,919XXX296,cliente05506***@correo.com,11,2021-06-28,INACTIVO
5507,Residencial,73XXXX22,936XXX915,cliente05507***@correo.com,5,2019-03-10,ACTIVO
5508,Residencial,86XXXX61,953XXX303,cliente05508***@correo.com,26,2019-06-05,ACTIVO
5509,Residencial,58XXXX93,961XXX643,cliente05509***@correo.com,6,2024-02-05,INACTIVO
5510,Residencial,48XXXX90,919XXX652,cliente05510***@correo.com,10,2022-07-25,ACTIVO
5511,Residencial,72XXXX87,970XXX796,cliente05511***@correo.com,26,2024-11-22,ACTIVO
5512,Residencial,96XXXX38,957XXX179,cliente05512***@correo.com,7,2020-06-14,ACTIVO
5513,Industrial,11XXXX99,986XXX064,cliente05513***@correo.com,9,2022-09-01,ACTIVO
5514,Residencial,16XXXX97,902XXX392,cliente05514***@correo.com,43,2023-08-10,ACTIVO
5515,Residencial,86XXXX04,933XXX656,cliente05515***@correo.com,7,2020-09-05,ACTIVO
5516,Residencial,98XXXX08,919XXX525,cliente05516***@correo.com,15,2024-04-16,ACTIVO
5517,Residencial,79XXXX38,932XXX671,cliente05517***@correo.com,43,2019-10-23,ACTIVO
5518,Comercial,32XXXX59,954XXX560,cliente05518***@correo.com,24,2022-10-12,ACTIVO
5519,Comercial,99XXXX81,912XXX012,cliente05519***@correo.com,28,2022-06-27,ACTIVO
5520,Residencial,16XXXX47,985XXX163,cliente05520***@correo.com,39,2020-10-18,ACTIVO
5521,Residencial,86XXXX69,972XXX789,cliente05521***@correo.com,29,2019-05-21,ACTIVO
5522,Residencial,71XXXX90,976XXX700,cliente05522***@correo.com,7,2021-06-24,ACTIVO
5523,Residencial,47XXXX78,968XXX555,cliente05523***@correo.com,9,2022-01-19,ACTIVO
5524,Residencial,88XXXX76,999XXX666,cliente05524***@correo.com,2,2023-01-13,ACTIVO
5525,Residencial,77XXXX25,915XXX610,cliente05525***@correo.com,15,2022-11-07,ACTIVO
5526,Comercial,27XXXX03,981XXX161,cliente05526***@correo.com,18,2022-07-02,ACTIVO
5527,Residencial,65XXXX14,924XXX736,cliente05527***@correo.com,28,2021-02-06,ACTIVO
5528,Residencial,60XXXX67,920XXX799,cliente05528***@correo.com,5,2019-08-17,ACTIVO
5529,Residencial,98XXXX77,901XXX779,cliente05529***@correo.com,6,2021-03-20,ACTIVO
5530,Industrial,71XXXX75,916XXX072,cliente05530***@correo.com,21,2018-05-17,ACTIVO
5531,Residencial,22XXXX06,958XXX161,cliente05531***@correo.com,9,2021-11-30,ACTIVO
5532,Residencial,15XXXX27,987XXX980,cliente05532***@correo.com,13,2024-02-06,ACTIVO
5533,Residencial,86XXXX21,928XXX646,cliente05533***@correo.com,43,2024-04-09,ACTIVO
5534,Residencial,64XXXX33,970XXX996,cliente05534***@correo.com,5,2018-05-02,ACTIVO
5535,Residencial,66XXXX13,995XXX492,cliente05535***@correo.com,15,2020-11-18,ACTIVO
5536,Residencial,44XXXX50,984XXX016,cliente05536***@correo.com,30,2020-11-11,ACTIVO
5537,Residencial,99XXXX54,944XXX108,cliente05537***@correo.com,42,2024-05-19,ACTIVO
5538,Residencial,75XXXX17,994XXX258,cliente05538***@correo.com,15,2023-05-18,ACTIVO
5539,Residencial,98XXXX56,908XXX640,cliente05539***@correo.com,3,2018-08-11,ACTIVO
5540,Residencial,12XXXX51,975XXX219,cliente05540***@correo.com,28,2020-07-22,ACTIVO
5541,Residencial,84XXXX51,928XXX497,cliente05541***@correo.com,17,2024-07-25,ACTIVO
5542,Residencial,21XXXX93,933XXX675,cliente05542***@correo.com,1,2021-06-12,ACTIVO
5543,Residencial,13XXXX27,998XXX869,cliente05543***@correo.com,43,2020-03-24,ACTIVO
5544,Residencial,58XXXX05,969XXX256,cliente05544***@correo.com,9,2021-09-02,ACTIVO
5545,Alumbrado Público,66XXXX23,922XXX954,cliente05545***@correo.com,7,2023-09-19,ACTIVO
5546,Comercial,91XXXX70,971XXX186,cliente05546***@correo.com,15,2020-07-07,ACTIVO
5547,Residencial,43XXXX85,984XXX593,cliente05547***@correo.com,37,2023-07-20,ACTIVO
5548,Residencial,25XXXX97,911XXX883,cliente05548***@correo.com,38,2021-04-19,ACTIVO
5549,Residencial,83XXXX88,947XXX007,cliente05549***@correo.com,9,2023-03-25,ACTIVO
5550,Residencial,20XXXX05,994XXX918,cliente05550***@correo.com,3,2018-10-03,ACTIVO
5551,Residencial,30XXXX70,964XXX562,cliente05551***@correo.com,22,2020-10-04,ACTIVO
5552,Residencial,97XXXX38,997XXX549,cliente05552***@correo.com,38,2018-08-06,ACTIVO
5553,Residencial,84XXXX44,970XXX427,cliente05553***@correo.com,15,2023-09-22,ACTIVO
5554,Residencial,54XXXX10,924XXX985,cliente05554***@correo.com,15,2022-11-04,ACTIVO
5555,Residencial,90XXXX60,959XXX981,cliente05555***@correo.com,29,2019-10-02,ACTIVO
5556,Residencial,76XXXX65,965XXX630,cliente05556***@correo.com,15,2018-06-25,ACTIVO
5557,Residencial,15XXXX01,946XXX548,cliente05557***@correo.com,40,2024-12-13,ACTIVO
5558,Residencial,19XXXX67,977XXX628,cliente05558***@correo.com,7,2024-08-28,ACTIVO
5559,Comercial,70XXXX69,980XXX537,cliente05559***@correo.com,15,2020-05-23,ACTIVO
5560,Residencial,60XXXX85,935XXX676,cliente05560***@correo.com,15,2020-10-05,ACTIVO
5561,Residencial,57XXXX53,976XXX136,cliente05561***@correo.com,26,2023-04-26,ACTIVO
5562,Residencial,49XXXX75,961XXX564,cliente05562***@correo.com,15,2019-12-16,ACTIVO
5563,Gobierno,89XXXX42,989XXX018,cliente05563***@correo.com,3,2021-11-29,ACTIVO
5564,Residencial,96XXXX82,915XXX370,cliente05564***@correo.com,7,2021-06-20,ACTIVO
5565,Residencial,54XXXX25,900XXX320,cliente05565***@correo.com,7,2019-05-21,ACTIVO
5566,Residencial,13XXXX05,920XXX715,cliente05566***@correo.com,42,2022-03-30,INACTIVO
5567,Residencial,72XXXX45,962XXX269,cliente05567***@correo.com,4,2024-09-18,ACTIVO
5568,Residencial,71XXXX46,994XXX494,cliente05568***@correo.com,26,2019-12-27,ACTIVO
5569,Residencial,51XXXX96,974XXX479,cliente05569***@correo.com,11,2023-05-14,ACTIVO
5570,Residencial,24XXXX67,954XXX568,cliente05570***@correo.com,13,2023-08-03,ACTIVO
5571,Residencial,72XXXX37,990XXX244,cliente05571***@correo.com,28,2020-06-09,ACTIVO
5572,Residencial,95XXXX99,947XXX333,cliente05572***@correo.com,15,2019-05-19,ACTIVO
5573,Comercial,73XXXX73,994XXX352,cliente05573***@correo.com,34,2024-01-05,ACTIVO
5574,Residencial,32XXXX10,986XXX818,cliente05574***@correo.com,23,2021-05-05,ACTIVO
5575,Residencial,96XXXX21,945XXX125,cliente05575***@correo.com,29,2022-09-04,ACTIVO
5576,Gobierno,80XXXX39,987XXX217,cliente05576***@correo.com,15,2018-11-11,ACTIVO
5577,Residencial,65XXXX97,950XXX252,cliente05577***@correo.com,43,2020-05-10,ACTIVO
5578,Residencial,24XXXX89,968XXX071,cliente05578***@correo.com,29,2020-12-18,ACTIVO
5579,Residencial,85XXXX06,994XXX032,cliente05579***@correo.com,3,2024-11-26,ACTIVO
5580,Residencial,71XXXX33,976XXX754,cliente05580***@correo.com,30,2022-07-27,ACTIVO
5581,Residencial,73XXXX20,949XXX646,cliente05581***@correo.com,29,2018-12-27,ACTIVO
5582,Residencial,97XXXX91,927XXX399,cliente05582***@correo.com,15,2024-11-15,ACTIVO
5583,Residencial,47XXXX52,938XXX896,cliente05583***@correo.com,21,2022-02-01,ACTIVO
5584,Comercial,12XXXX31,973XXX809,cliente05584***@correo.com,38,2020-12-03,ACTIVO
5585,Residencial,61XXXX36,961XXX791,cliente05585***@correo.com,26,2023-08-26,ACTIVO
5586,Residencial,63XXXX78,956XXX218,cliente05586***@correo.com,19,2018-03-10,ACTIVO
5587,Residencial,97XXXX93,946XXX024,cliente05587***@correo.com,15,2021-10-21,ACTIVO
5588,Residencial,15XXXX78,941XXX697,cliente05588***@correo.com,36,2022-04-10,ACTIVO
5589,Residencial,88XXXX52,995XXX652,cliente05589***@correo.com,3,2024-04-17,ACTIVO
5590,Residencial,29XXXX90,923XXX821,cliente05590***@correo.com,29,2020-09-20,ACTIVO
5591,Residencial,35XXXX75,909XXX926,cliente05591***@correo.com,40,2023-02-07,ACTIVO
5592,Residencial,47XXXX91,952XXX899,cliente05592***@correo.com,26,2023-10-22,ACTIVO
5593,Residencial,49XXXX76,908XXX222,cliente05593***@correo.com,30,2024-08-25,ACTIVO
5594,Residencial,58XXXX25,998XXX785,cliente05594***@correo.com,7,2023-06-12,ACTIVO
5595,Residencial,35XXXX21,978XXX819,cliente05595***@correo.com,8,2023-09-09,ACTIVO
5596,Residencial,38XXXX75,930XXX830,cliente05596***@correo.com,28,2024-03-21,ACTIVO
5597,Residencial,77XXXX27,901XXX966,cliente05597***@correo.com,9,2018-04-16,ACTIVO
5598,Residencial,60XXXX09,979XXX599,cliente05598***@correo.com,39,2020-06-04,ACTIVO
5599,Residencial,94XXXX14,974XXX225,cliente05599***@correo.com,24,2019-07-18,ACTIVO
5600,Residencial,91XXXX78,975XXX787,cliente05600***@correo.com,28,2018-07-27,ACTIVO
5601,Residencial,11XXXX73,946XXX383,cliente05601***@correo.com,28,2023-11-16,ACTIVO
5602,Residencial,32XXXX85,994XXX966,cliente05602***@correo.com,15,2021-05-25,ACTIVO
5603,Residencial,49XXXX75,993XXX792,cliente05603***@correo.com,1,2019-12-18,ACTIVO
5604,Residencial,88XXXX68,988XXX790,cliente05604***@correo.com,7,2024-10-31,ACTIVO
5605,Residencial,38XXXX10,916XXX448,cliente05605***@correo.com,26,2021-08-23,ACTIVO
5606,Comercial,71XXXX15,990XXX398,cliente05606***@correo.com,4,2024-10-21,ACTIVO
5607,Residencial,10XXXX88,966XXX008,cliente05607***@correo.com,4,2022-01-09,ACTIVO
5608,Residencial,65XXXX55,940XXX507,cliente05608***@correo.com,9,2018-05-14,ACTIVO
5609,Residencial,59XXXX84,946XXX177,cliente05609***@correo.com,5,2023-01-23,ACTIVO
5610,Residencial,40XXXX22,981XXX244,cliente05610***@correo.com,15,2022-12-15,ACTIVO
5611,Residencial,98XXXX07,983XXX864,cliente05611***@correo.com,7,2019-12-22,ACTIVO
5612,Gobierno,81XXXX33,903XXX669,cliente05612***@correo.com,5,2022-07-17,ACTIVO
5613,Residencial,74XXXX03,913XXX679,cliente05613***@correo.com,39,2022-10-06,ACTIVO
5614,Residencial,64XXXX98,997XXX608,cliente05614***@correo.com,26,2024-10-22,ACTIVO
5615,Residencial,91XXXX29,975XXX226,cliente05615***@correo.com,24,2018-07-26,ACTIVO
5616,Residencial,77XXXX21,964XXX172,cliente05616***@correo.com,27,2019-03-20,ACTIVO
5617,Residencial,36XXXX84,925XXX648,cliente05617***@correo.com,28,2023-01-27,ACTIVO
5618,Industrial,78XXXX43,953XXX080,cliente05618***@correo.com,4,2020-07-14,ACTIVO
5619,Residencial,90XXXX06,991XXX186,cliente05619***@correo.com,3,2022-02-13,ACTIVO
5620,Gobierno,28XXXX17,996XXX275,cliente05620***@correo.com,39,2023-06-25,ACTIVO
5621,Comercial,23XXXX79,935XXX460,cliente05621***@correo.com,9,2022-05-11,ACTIVO
5622,Residencial,53XXXX95,916XXX691,cliente05622***@correo.com,5,2018-01-02,ACTIVO
5623,Residencial,31XXXX23,923XXX924,cliente05623***@correo.com,38,2019-09-21,ACTIVO
5624,Residencial,10XXXX84,904XXX214,cliente05624***@correo.com,29,2020-09-19,ACTIVO
5625,Residencial,36XXXX54,937XXX690,cliente05625***@correo.com,5,2020-11-15,ACTIVO
5626,Residencial,73XXXX12,947XXX408,cliente05626***@correo.com,15,2023-12-01,ACTIVO
5627,Residencial,80XXXX08,927XXX720,cliente05627***@correo.com,24,2020-05-19,ACTIVO
5628,Residencial,88XXXX15,954XXX999,cliente05628***@correo.com,20,2023-06-08,ACTIVO
5629,Residencial,64XXXX18,965XXX730,cliente05629***@correo.com,26,2023-11-14,ACTIVO
5630,Alumbrado Público,22XXXX80,933XXX523,cliente05630***@correo.com,7,2020-06-12,ACTIVO
5631,Residencial,41XXXX20,928XXX564,cliente05631***@correo.com,7,2021-03-29,ACTIVO
5632,Comercial,88XXXX99,943XXX510,cliente05632***@correo.com,15,2021-09-06,ACTIVO
5633,Residencial,26XXXX85,919XXX415,cliente05633***@correo.com,13,2019-05-02,ACTIVO
5634,Residencial,23XXXX59,945XXX712,cliente05634***@correo.com,29,2018-10-26,ACTIVO
5635,Residencial,10XXXX33,974XXX560,cliente05635***@correo.com,39,2020-01-03,ACTIVO
5636,Residencial,87XXXX90,937XXX527,cliente05636***@correo.com,5,2019-07-23,ACTIVO
5637,Residencial,95XXXX21,990XXX145,cliente05637***@correo.com,34,2023-11-10,ACTIVO
5638,Residencial,81XXXX37,977XXX515,cliente05638***@correo.com,34,2021-02-15,ACTIVO
5639,Residencial,56XXXX41,909XXX927,cliente05639***@correo.com,19,2020-11-24,ACTIVO
5640,Residencial,87XXXX71,968XXX766,cliente05640***@correo.com,39,2022-11-19,ACTIVO
5641,Residencial,14XXXX81,954XXX217,cliente05641***@correo.com,29,2021-10-20,INACTIVO
5642,Residencial,73XXXX53,919XXX974,cliente05642***@correo.com,9,2024-11-11,ACTIVO
5643,Residencial,52XXXX37,954XXX518,cliente05643***@correo.com,4,2021-03-28,ACTIVO
5644,Residencial,82XXXX53,903XXX102,cliente05644***@correo.com,29,2023-06-24,ACTIVO
5645,Residencial,11XXXX03,900XXX954,cliente05645***@correo.com,7,2018-08-23,ACTIVO
5646,Residencial,15XXXX64,963XXX045,cliente05646***@correo.com,26,2021-01-20,ACTIVO
5647,Residencial,77XXXX84,982XXX991,cliente05647***@correo.com,40,2021-09-08,ACTIVO
5648,Residencial,96XXXX71,993XXX567,cliente05648***@correo.com,9,2019-05-12,ACTIVO
5649,Residencial,19XXXX41,949XXX083,cliente05649***@correo.com,26,2019-06-24,ACTIVO
5650,Residencial,62XXXX06,992XXX874,cliente05650***@correo.com,29,2020-05-09,ACTIVO
5651,Comercial,55XXXX46,954XXX676,cliente05651***@correo.com,3,2018-07-14,ACTIVO
5652,Residencial,49XXXX28,900XXX839,cliente05652***@correo.com,39,2018-04-25,ACTIVO
5653,Residencial,70XXXX46,947XXX616,cliente05653***@correo.com,15,2018-12-05,ACTIVO
5654,Residencial,59XXXX71,937XXX942,cliente05654***@correo.com,9,2021-03-06,ACTIVO
5655,Residencial,82XXXX44,959XXX837,cliente05655***@correo.com,10,2021-04-07,ACTIVO
5656,Residencial,18XXXX65,916XXX653,cliente05656***@correo.com,13,2019-08-20,ACTIVO
5657,Residencial,10XXXX96,902XXX020,cliente05657***@correo.com,20,2022-06-07,ACTIVO
5658,Residencial,68XXXX10,938XXX267,cliente05658***@correo.com,30,2020-09-02,ACTIVO
5659,Residencial,42XXXX44,959XXX369,cliente05659***@correo.com,38,2023-09-13,ACTIVO
5660,Residencial,91XXXX56,923XXX935,cliente05660***@correo.com,15,2024-02-12,ACTIVO
5661,Residencial,37XXXX80,903XXX453,cliente05661***@correo.com,6,2021-09-16,ACTIVO
5662,Residencial,82XXXX51,964XXX554,cliente05662***@correo.com,19,2021-06-20,ACTIVO
5663,Residencial,67XXXX38,986XXX387,cliente05663***@correo.com,19,2024-05-31,ACTIVO
5664,Residencial,33XXXX03,973XXX835,cliente05664***@correo.com,38,2018-04-25,ACTIVO
5665,Residencial,19XXXX34,912XXX156,cliente05665***@correo.com,12,2023-06-09,ACTIVO
5666,Residencial,13XXXX75,948XXX281,cliente05666***@correo.com,23,2020-09-08,ACTIVO
5667,Residencial,55XXXX56,981XXX602,cliente05667***@correo.com,19,2023-11-15,ACTIVO
5668,Residencial,38XXXX33,988XXX563,cliente05668***@correo.com,9,2022-02-06,ACTIVO
5669,Residencial,15XXXX95,994XXX634,cliente05669***@correo.com,21,2020-03-09,ACTIVO
5670,Residencial,11XXXX60,925XXX640,cliente05670***@correo.com,39,2023-11-28,ACTIVO
5671,Residencial,31XXXX56,953XXX533,cliente05671***@correo.com,4,2023-09-27,ACTIVO
5672,Residencial,86XXXX31,955XXX083,cliente05672***@correo.com,9,2020-09-15,ACTIVO
5673,Residencial,30XXXX41,914XXX917,cliente05673***@correo.com,7,2019-06-07,ACTIVO
5674,Comercial,65XXXX20,917XXX908,cliente05674***@correo.com,15,2024-08-07,ACTIVO
5675,Residencial,96XXXX16,921XXX498,cliente05675***@correo.com,24,2024-11-16,ACTIVO
5676,Residencial,85XXXX16,906XXX694,cliente05676***@correo.com,13,2022-03-24,ACTIVO
5677,Residencial,90XXXX11,908XXX460,cliente05677***@correo.com,26,2023-03-06,ACTIVO
5678,Comercial,35XXXX05,940XXX732,cliente05678***@correo.com,15,2021-06-28,ACTIVO
5679,Industrial,45XXXX22,911XXX020,cliente05679***@correo.com,26,2023-08-17,ACTIVO
5680,Residencial,86XXXX27,904XXX225,cliente05680***@correo.com,28,2024-12-18,ACTIVO
5681,Comercial,75XXXX87,984XXX572,cliente05681***@correo.com,38,2020-04-11,ACTIVO
5682,Residencial,58XXXX51,983XXX727,cliente05682***@correo.com,15,2021-04-25,ACTIVO
5683,Residencial,68XXXX08,987XXX244,cliente05683***@correo.com,3,2021-04-10,ACTIVO
5684,Residencial,59XXXX71,982XXX573,cliente05684***@correo.com,15,2023-06-09,ACTIVO
5685,Residencial,23XXXX48,903XXX137,cliente05685***@correo.com,1,2024-12-09,ACTIVO
5686,Residencial,37XXXX15,916XXX644,cliente05686***@correo.com,26,2020-08-06,ACTIVO
5687,Residencial,53XXXX05,959XXX980,cliente05687***@correo.com,9,2020-06-04,ACTIVO
5688,Residencial,88XXXX52,905XXX980,cliente05688***@correo.com,26,2024-05-28,ACTIVO
5689,Residencial,94XXXX68,958XXX394,cliente05689***@correo.com,3,2018-01-13,ACTIVO
5690,Residencial,12XXXX35,936XXX545,cliente05690***@correo.com,15,2018-05-21,ACTIVO
5691,Residencial,80XXXX02,912XXX841,cliente05691***@correo.com,39,2018-10-18,ACTIVO
5692,Residencial,47XXXX81,922XXX627,cliente05692***@correo.com,21,2022-01-14,ACTIVO
5693,Residencial,52XXXX63,948XXX289,cliente05693***@correo.com,26,2022-09-22,ACTIVO
5694,Residencial,12XXXX43,996XXX140,cliente05694***@correo.com,7,2024-12-13,ACTIVO
5695,Comercial,50XXXX29,946XXX711,cliente05695***@correo.com,24,2024-04-01,ACTIVO
5696,Residencial,50XXXX78,983XXX714,cliente05696***@correo.com,31,2023-01-19,ACTIVO
5697,Residencial,47XXXX04,986XXX413,cliente05697***@correo.com,30,2024-03-20,ACTIVO
5698,Residencial,96XXXX45,970XXX237,cliente05698***@correo.com,13,2021-10-16,ACTIVO
5699,Residencial,60XXXX84,992XXX394,cliente05699***@correo.com,14,2021-10-25,ACTIVO
5700,Residencial,17XXXX99,991XXX544,cliente05700***@correo.com,20,2022-12-14,ACTIVO
5701,Residencial,14XXXX72,937XXX618,cliente05701***@correo.com,7,2021-12-12,ACTIVO
5702,Residencial,91XXXX16,976XXX315,cliente05702***@correo.com,43,2020-12-10,ACTIVO
5703,Comercial,63XXXX07,984XXX018,cliente05703***@correo.com,3,2019-06-02,ACTIVO
5704,Residencial,96XXXX26,975XXX411,cliente05704***@correo.com,3,2021-01-25,ACTIVO
5705,Comercial,86XXXX13,934XXX163,cliente05705***@correo.com,15,2018-05-18,ACTIVO
5706,Residencial,43XXXX72,997XXX697,cliente05706***@correo.com,5,2022-05-31,ACTIVO
5707,Residencial,73XXXX82,903XXX609,cliente05707***@correo.com,8,2019-04-16,ACTIVO
5708,Residencial,78XXXX81,972XXX741,cliente05708***@correo.com,37,2018-03-13,ACTIVO
5709,Residencial,38XXXX81,921XXX357,cliente05709***@correo.com,33,2022-07-17,ACTIVO
5710,Residencial,10XXXX23,935XXX692,cliente05710***@correo.com,40,2020-07-16,ACTIVO
5711,Residencial,73XXXX39,978XXX816,cliente05711***@correo.com,43,2024-12-08,ACTIVO
5712,Residencial,30XXXX56,911XXX014,cliente05712***@correo.com,9,2018-06-02,ACTIVO
5713,Residencial,47XXXX01,941XXX704,cliente05713***@correo.com,28,2019-05-09,ACTIVO
5714,Residencial,51XXXX49,919XXX200,cliente05714***@correo.com,30,2023-08-08,ACTIVO
5715,Residencial,66XXXX39,909XXX622,cliente05715***@correo.com,43,2022-10-19,ACTIVO
5716,Residencial,90XXXX89,988XXX281,cliente05716***@correo.com,7,2024-07-07,ACTIVO
5717,Residencial,43XXXX76,999XXX925,cliente05717***@correo.com,29,2020-01-30,ACTIVO
5718,Comercial,99XXXX62,915XXX825,cliente05718***@correo.com,24,2021-01-29,ACTIVO
5719,Residencial,51XXXX18,918XXX471,cliente05719***@correo.com,3,2022-07-25,ACTIVO
5720,Residencial,74XXXX18,947XXX588,cliente05720***@correo.com,5,2018-04-21,ACTIVO
5721,Residencial,29XXXX57,929XXX712,cliente05721***@correo.com,28,2018-02-27,ACTIVO
5722,Residencial,61XXXX47,974XXX189,cliente05722***@correo.com,26,2024-10-05,ACTIVO
5723,Residencial,48XXXX08,901XXX793,cliente05723***@correo.com,4,2018-06-29,ACTIVO
5724,Residencial,34XXXX46,926XXX388,cliente05724***@correo.com,26,2018-03-01,ACTIVO
5725,Residencial,98XXXX76,989XXX159,cliente05725***@correo.com,11,2021-03-27,ACTIVO
5726,Residencial,54XXXX46,995XXX864,cliente05726***@correo.com,32,2020-06-09,ACTIVO
5727,Residencial,17XXXX05,953XXX979,cliente05727***@correo.com,33,2024-02-17,ACTIVO
5728,Residencial,10XXXX07,979XXX195,cliente05728***@correo.com,3,2020-06-18,ACTIVO
5729,Residencial,84XXXX49,913XXX231,cliente05729***@correo.com,9,2019-09-28,ACTIVO
5730,Residencial,83XXXX84,910XXX293,cliente05730***@correo.com,13,2019-11-26,ACTIVO
5731,Comercial,72XXXX92,916XXX086,cliente05731***@correo.com,4,2022-03-19,ACTIVO
5732,Residencial,52XXXX59,932XXX258,cliente05732***@correo.com,15,2018-07-27,ACTIVO
5733,Residencial,68XXXX02,955XXX152,cliente05733***@correo.com,4,2023-12-17,ACTIVO
5734,Residencial,17XXXX17,936XXX539,cliente05734***@correo.com,39,2024-02-29,ACTIVO
5735,Residencial,91XXXX82,929XXX229,cliente05735***@correo.com,42,2022-06-04,INACTIVO
5736,Residencial,92XXXX38,913XXX986,cliente05736***@correo.com,15,2019-10-18,ACTIVO
5737,Residencial,87XXXX15,920XXX215,cliente05737***@correo.com,26,2019-04-05,ACTIVO
5738,Gobierno,85XXXX15,998XXX282,cliente05738***@correo.com,39,2021-02-18,ACTIVO
5739,Residencial,82XXXX13,906XXX500,cliente05739***@correo.com,28,2021-05-17,ACTIVO
5740,Comercial,72XXXX23,931XXX290,cliente05740***@correo.com,23,2023-06-22,ACTIVO
5741,Comercial,91XXXX58,966XXX370,cliente05741***@correo.com,15,2022-12-01,ACTIVO
5742,Comercial,37XXXX55,975XXX310,cliente05742***@correo.com,29,2020-10-06,ACTIVO
5743,Residencial,40XXXX24,920XXX875,cliente05743***@correo.com,43,2019-12-11,ACTIVO
5744,Residencial,83XXXX21,949XXX753,cliente05744***@correo.com,39,2021-10-20,ACTIVO
5745,Residencial,33XXXX12,960XXX409,cliente05745***@correo.com,3,2021-09-21,ACTIVO
5746,Residencial,77XXXX84,993XXX948,cliente05746***@correo.com,39,2024-09-04,ACTIVO
5747,Residencial,56XXXX63,995XXX468,cliente05747***@correo.com,38,2022-01-26,ACTIVO
5748,Residencial,16XXXX18,996XXX262,cliente05748***@correo.com,40,2020-09-19,ACTIVO
5749,Comercial,75XXXX79,931XXX708,cliente05749***@correo.com,30,2024-01-23,ACTIVO
5750,Residencial,65XXXX38,941XXX219,cliente05750***@correo.com,7,2019-10-30,ACTIVO
5751,Residencial,79XXXX71,919XXX529,cliente05751***@correo.com,9,2021-04-27,ACTIVO
5752,Residencial,15XXXX58,977XXX736,cliente05752***@correo.com,31,2021-05-14,ACTIVO
5753,Residencial,97XXXX21,946XXX178,cliente05753***@correo.com,12,2019-03-01,ACTIVO
5754,Residencial,16XXXX48,905XXX922,cliente05754***@correo.com,16,2018-07-04,ACTIVO
5755,Residencial,25XXXX59,958XXX139,cliente05755***@correo.com,19,2024-04-24,ACTIVO
5756,Residencial,11XXXX43,983XXX326,cliente05756***@correo.com,15,2023-07-03,ACTIVO
5757,Residencial,36XXXX13,926XXX751,cliente05757***@correo.com,13,2021-03-28,ACTIVO
5758,Residencial,74XXXX16,953XXX535,cliente05758***@correo.com,15,2020-05-17,INACTIVO
5759,Residencial,52XXXX33,957XXX639,cliente05759***@correo.com,7,2021-11-06,ACTIVO
5760,Residencial,28XXXX67,996XXX184,cliente05760***@correo.com,15,2021-06-01,ACTIVO
5761,Residencial,35XXXX98,932XXX760,cliente05761***@correo.com,28,2021-05-18,ACTIVO
5762,Residencial,14XXXX47,939XXX007,cliente05762***@correo.com,9,2018-07-30,ACTIVO
5763,Residencial,40XXXX67,946XXX778,cliente05763***@correo.com,15,2020-09-04,ACTIVO
5764,Residencial,66XXXX83,918XXX350,cliente05764***@correo.com,7,2021-02-26,ACTIVO
5765,Residencial,45XXXX56,951XXX141,cliente05765***@correo.com,12,2018-06-30,SUSPENDIDO
5766,Industrial,75XXXX62,987XXX382,cliente05766***@correo.com,36,2018-12-03,ACTIVO
5767,Residencial,95XXXX14,958XXX958,cliente05767***@correo.com,35,2018-11-10,ACTIVO
5768,Residencial,62XXXX83,981XXX567,cliente05768***@correo.com,28,2019-01-25,ACTIVO
5769,Residencial,10XXXX70,957XXX787,cliente05769***@correo.com,4,2020-06-19,ACTIVO
5770,Residencial,55XXXX73,920XXX298,cliente05770***@correo.com,29,2020-02-19,ACTIVO
5771,Residencial,12XXXX43,917XXX753,cliente05771***@correo.com,30,2018-02-17,ACTIVO
5772,Industrial,48XXXX10,972XXX268,cliente05772***@correo.com,26,2019-06-22,ACTIVO
5773,Residencial,72XXXX76,969XXX278,cliente05773***@correo.com,18,2022-05-03,ACTIVO
5774,Residencial,69XXXX35,902XXX998,cliente05774***@correo.com,43,2021-09-15,ACTIVO
5775,Residencial,78XXXX93,986XXX807,cliente05775***@correo.com,29,2021-01-14,ACTIVO
5776,Residencial,95XXXX42,993XXX834,cliente05776***@correo.com,27,2021-11-28,ACTIVO
5777,Residencial,74XXXX43,901XXX436,cliente05777***@correo.com,38,2023-04-13,ACTIVO
5778,Residencial,59XXXX94,915XXX024,cliente05778***@correo.com,43,2024-10-25,ACTIVO
5779,Residencial,49XXXX32,950XXX323,cliente05779***@correo.com,43,2021-01-29,ACTIVO
5780,Residencial,60XXXX48,994XXX467,cliente05780***@correo.com,29,2018-01-31,ACTIVO
5781,Residencial,22XXXX01,903XXX800,cliente05781***@correo.com,28,2018-03-04,ACTIVO
5782,Residencial,62XXXX14,908XXX111,cliente05782***@correo.com,9,2023-09-30,ACTIVO
5783,Residencial,16XXXX01,903XXX822,cliente05783***@correo.com,31,2019-07-02,ACTIVO
5784,Comercial,44XXXX66,999XXX801,cliente05784***@correo.com,43,2024-03-02,ACTIVO
5785,Residencial,54XXXX52,904XXX951,cliente05785***@correo.com,24,2019-11-15,ACTIVO
5786,Residencial,81XXXX58,942XXX517,cliente05786***@correo.com,25,2019-04-15,ACTIVO
5787,Residencial,70XXXX10,925XXX744,cliente05787***@correo.com,19,2018-05-11,ACTIVO
5788,Residencial,98XXXX05,962XXX411,cliente05788***@correo.com,43,2018-12-13,ACTIVO
5789,Comercial,46XXXX50,901XXX974,cliente05789***@correo.com,28,2021-11-15,ACTIVO
5790,Residencial,88XXXX01,916XXX163,cliente05790***@correo.com,39,2020-05-10,ACTIVO
5791,Residencial,58XXXX42,941XXX357,cliente05791***@correo.com,7,2023-07-03,ACTIVO
5792,Residencial,26XXXX74,916XXX832,cliente05792***@correo.com,3,2019-10-06,ACTIVO
5793,Residencial,12XXXX31,966XXX822,cliente05793***@correo.com,15,2018-07-09,ACTIVO
5794,Residencial,66XXXX60,975XXX404,cliente05794***@correo.com,15,2022-11-15,ACTIVO
5795,Residencial,89XXXX35,918XXX313,cliente05795***@correo.com,32,2024-03-07,ACTIVO
5796,Residencial,57XXXX06,955XXX213,cliente05796***@correo.com,29,2023-11-19,ACTIVO
5797,Residencial,32XXXX95,912XXX980,cliente05797***@correo.com,9,2020-02-29,ACTIVO
5798,Comercial,45XXXX71,922XXX710,cliente05798***@correo.com,5,2019-05-17,ACTIVO
5799,Residencial,46XXXX92,912XXX260,cliente05799***@correo.com,7,2020-09-06,ACTIVO
5800,Residencial,68XXXX42,928XXX715,cliente05800***@correo.com,9,2023-03-03,ACTIVO
5801,Residencial,59XXXX73,904XXX164,cliente05801***@correo.com,26,2023-05-09,ACTIVO
5802,Residencial,47XXXX56,985XXX396,cliente05802***@correo.com,22,2021-09-23,ACTIVO
5803,Residencial,70XXXX91,978XXX325,cliente05803***@correo.com,11,2018-08-10,ACTIVO
5804,Residencial,21XXXX31,903XXX347,cliente05804***@correo.com,3,2021-10-18,ACTIVO
5805,Residencial,89XXXX76,949XXX959,cliente05805***@correo.com,15,2022-01-09,ACTIVO
5806,Residencial,21XXXX28,937XXX964,cliente05806***@correo.com,32,2024-04-29,ACTIVO
5807,Residencial,32XXXX22,996XXX616,cliente05807***@correo.com,43,2020-07-20,ACTIVO
5808,Residencial,64XXXX19,968XXX498,cliente05808***@correo.com,26,2024-08-29,ACTIVO
5809,Residencial,72XXXX81,974XXX730,cliente05809***@correo.com,7,2022-01-21,ACTIVO
5810,Residencial,80XXXX05,972XXX173,cliente05810***@correo.com,30,2024-03-19,ACTIVO
5811,Industrial,65XXXX02,975XXX458,cliente05811***@correo.com,6,2018-12-21,ACTIVO
5812,Comercial,88XXXX67,902XXX391,cliente05812***@correo.com,22,2020-09-20,ACTIVO
5813,Residencial,77XXXX52,992XXX899,cliente05813***@correo.com,4,2022-09-25,ACTIVO
5814,Residencial,68XXXX62,949XXX070,cliente05814***@correo.com,26,2023-03-25,ACTIVO
5815,Residencial,76XXXX32,975XXX251,cliente05815***@correo.com,28,2018-12-29,ACTIVO
5816,Residencial,27XXXX51,966XXX656,cliente05816***@correo.com,5,2018-10-22,ACTIVO
5817,Residencial,65XXXX25,911XXX744,cliente05817***@correo.com,26,2020-11-21,ACTIVO
5818,Comercial,95XXXX58,952XXX377,cliente05818***@correo.com,7,2023-09-07,ACTIVO
5819,Residencial,32XXXX54,944XXX356,cliente05819***@correo.com,43,2023-08-19,ACTIVO
5820,Residencial,72XXXX64,902XXX383,cliente05820***@correo.com,39,2019-04-22,ACTIVO
5821,Residencial,83XXXX73,984XXX689,cliente05821***@correo.com,42,2019-10-12,ACTIVO
5822,Residencial,51XXXX48,961XXX893,cliente05822***@correo.com,28,2020-05-07,ACTIVO
5823,Residencial,44XXXX16,965XXX337,cliente05823***@correo.com,17,2021-04-04,ACTIVO
5824,Residencial,60XXXX39,904XXX889,cliente05824***@correo.com,27,2024-03-30,ACTIVO
5825,Residencial,41XXXX83,946XXX162,cliente05825***@correo.com,43,2018-10-30,ACTIVO
5826,Residencial,62XXXX65,900XXX944,cliente05826***@correo.com,3,2018-10-11,ACTIVO
5827,Residencial,81XXXX27,977XXX172,cliente05827***@correo.com,7,2019-07-18,ACTIVO
5828,Residencial,89XXXX02,992XXX128,cliente05828***@correo.com,7,2019-12-12,ACTIVO
5829,Residencial,77XXXX35,993XXX803,cliente05829***@correo.com,40,2019-08-10,ACTIVO
5830,Residencial,76XXXX51,976XXX798,cliente05830***@correo.com,9,2020-05-03,ACTIVO
5831,Comercial,55XXXX72,959XXX277,cliente05831***@correo.com,42,2022-02-06,ACTIVO
5832,Residencial,13XXXX49,982XXX839,cliente05832***@correo.com,35,2020-03-27,ACTIVO
5833,Comercial,25XXXX32,965XXX113,cliente05833***@correo.com,30,2018-04-14,ACTIVO
5834,Industrial,67XXXX88,914XXX333,cliente05834***@correo.com,9,2018-04-07,ACTIVO
5835,Residencial,16XXXX47,959XXX584,cliente05835***@correo.com,20,2024-06-28,ACTIVO
5836,Residencial,40XXXX93,990XXX682,cliente05836***@correo.com,28,2022-06-02,ACTIVO
5837,Residencial,60XXXX40,983XXX079,cliente05837***@correo.com,30,2023-03-10,ACTIVO
5838,Residencial,45XXXX01,941XXX321,cliente05838***@correo.com,7,2024-07-21,ACTIVO
5839,Residencial,96XXXX46,920XXX172,cliente05839***@correo.com,4,2020-06-21,ACTIVO
5840,Residencial,68XXXX21,986XXX231,cliente05840***@correo.com,9,2018-07-06,ACTIVO
5841,Residencial,11XXXX26,981XXX139,cliente05841***@correo.com,40,2021-07-10,ACTIVO
5842,Residencial,63XXXX51,924XXX963,cliente05842***@correo.com,19,2018-05-14,ACTIVO
5843,Residencial,19XXXX77,937XXX009,cliente05843***@correo.com,38,2019-02-09,ACTIVO
5844,Alumbrado Público,74XXXX93,937XXX490,cliente05844***@correo.com,9,2021-06-26,ACTIVO
5845,Residencial,88XXXX12,948XXX378,cliente05845***@correo.com,24,2022-05-22,ACTIVO
5846,Residencial,41XXXX27,950XXX448,cliente05846***@correo.com,7,2022-04-08,ACTIVO
5847,Residencial,67XXXX96,933XXX048,cliente05847***@correo.com,9,2018-11-15,ACTIVO
5848,Residencial,78XXXX93,916XXX122,cliente05848***@correo.com,2,2022-12-28,ACTIVO
5849,Residencial,56XXXX67,982XXX376,cliente05849***@correo.com,27,2023-07-30,ACTIVO
5850,Residencial,21XXXX79,997XXX253,cliente05850***@correo.com,43,2022-07-29,ACTIVO
5851,Comercial,53XXXX46,994XXX445,cliente05851***@correo.com,3,2022-04-19,ACTIVO
5852,Residencial,44XXXX60,984XXX970,cliente05852***@correo.com,30,2021-09-14,ACTIVO
5853,Residencial,77XXXX29,932XXX499,cliente05853***@correo.com,21,2022-08-05,ACTIVO
5854,Residencial,78XXXX81,922XXX720,cliente05854***@correo.com,30,2024-03-27,ACTIVO
5855,Residencial,90XXXX98,981XXX218,cliente05855***@correo.com,13,2021-01-30,ACTIVO
5856,Residencial,24XXXX54,955XXX369,cliente05856***@correo.com,9,2018-03-30,ACTIVO
5857,Residencial,41XXXX75,997XXX381,cliente05857***@correo.com,8,2019-04-30,ACTIVO
5858,Comercial,39XXXX94,939XXX610,cliente05858***@correo.com,5,2018-05-26,ACTIVO
5859,Residencial,57XXXX82,974XXX402,cliente05859***@correo.com,7,2021-12-21,ACTIVO
5860,Residencial,55XXXX52,959XXX743,cliente05860***@correo.com,20,2022-11-08,ACTIVO
5861,Residencial,18XXXX55,991XXX353,cliente05861***@correo.com,15,2022-05-14,ACTIVO
5862,Gobierno,51XXXX85,965XXX588,cliente05862***@correo.com,15,2018-11-18,ACTIVO
5863,Residencial,76XXXX28,958XXX303,cliente05863***@correo.com,38,2018-12-01,ACTIVO
5864,Residencial,21XXXX19,942XXX112,cliente05864***@correo.com,7,2019-08-28,ACTIVO
5865,Gobierno,95XXXX42,988XXX163,cliente05865***@correo.com,4,2024-07-28,ACTIVO
5866,Comercial,50XXXX31,976XXX186,cliente05866***@correo.com,9,2018-05-25,ACTIVO
5867,Residencial,32XXXX11,980XXX880,cliente05867***@correo.com,15,2020-10-04,ACTIVO
5868,Residencial,72XXXX24,992XXX587,cliente05868***@correo.com,43,2019-02-20,ACTIVO
5869,Residencial,30XXXX09,946XXX182,cliente05869***@correo.com,13,2019-10-27,ACTIVO
5870,Residencial,87XXXX33,986XXX838,cliente05870***@correo.com,24,2020-06-16,ACTIVO
5871,Alumbrado Público,88XXXX99,953XXX602,cliente05871***@correo.com,5,2018-04-21,ACTIVO
5872,Residencial,31XXXX33,904XXX343,cliente05872***@correo.com,29,2021-03-03,ACTIVO
5873,Residencial,86XXXX34,911XXX908,cliente05873***@correo.com,9,2019-03-28,ACTIVO
5874,Gobierno,64XXXX82,941XXX904,cliente05874***@correo.com,29,2024-09-25,ACTIVO
5875,Residencial,85XXXX66,986XXX356,cliente05875***@correo.com,9,2019-08-30,ACTIVO
5876,Comercial,19XXXX26,939XXX540,cliente05876***@correo.com,3,2024-02-19,ACTIVO
5877,Residencial,15XXXX98,900XXX498,cliente05877***@correo.com,9,2021-06-15,SUSPENDIDO
5878,Residencial,87XXXX18,997XXX962,cliente05878***@correo.com,7,2022-12-22,ACTIVO
5879,Residencial,73XXXX02,978XXX752,cliente05879***@correo.com,38,2018-08-15,ACTIVO
5880,Comercial,40XXXX88,991XXX885,cliente05880***@correo.com,4,2022-04-21,ACTIVO
5881,Comercial,81XXXX03,948XXX252,cliente05881***@correo.com,5,2022-07-25,ACTIVO
5882,Residencial,33XXXX18,963XXX829,cliente05882***@correo.com,43,2022-04-17,ACTIVO
5883,Residencial,54XXXX38,932XXX188,cliente05883***@correo.com,3,2022-09-16,ACTIVO
5884,Gobierno,90XXXX95,900XXX723,cliente05884***@correo.com,38,2024-12-12,ACTIVO
5885,Residencial,56XXXX88,920XXX119,cliente05885***@correo.com,43,2022-05-12,ACTIVO
5886,Residencial,37XXXX68,920XXX092,cliente05886***@correo.com,15,2021-01-09,ACTIVO
5887,Residencial,74XXXX20,955XXX719,cliente05887***@correo.com,12,2024-05-14,ACTIVO
5888,Residencial,31XXXX43,937XXX403,cliente05888***@correo.com,7,2018-01-09,ACTIVO
5889,Comercial,34XXXX26,958XXX997,cliente05889***@correo.com,38,2022-06-02,ACTIVO
5890,Residencial,66XXXX07,987XXX508,cliente05890***@correo.com,26,2019-07-18,ACTIVO
5891,Residencial,87XXXX69,994XXX754,cliente05891***@correo.com,3,2022-07-14,ACTIVO
5892,Residencial,98XXXX77,904XXX632,cliente05892***@correo.com,9,2018-10-16,ACTIVO
5893,Residencial,47XXXX91,945XXX583,cliente05893***@correo.com,3,2023-07-17,ACTIVO
5894,Residencial,31XXXX55,978XXX408,cliente05894***@correo.com,38,2024-07-15,ACTIVO
5895,Residencial,90XXXX82,914XXX183,cliente05895***@correo.com,23,2018-06-03,ACTIVO
5896,Residencial,31XXXX51,989XXX891,cliente05896***@correo.com,28,2021-05-15,SUSPENDIDO
5897,Residencial,64XXXX68,917XXX160,cliente05897***@correo.com,29,2024-09-12,ACTIVO
5898,Residencial,79XXXX65,948XXX178,cliente05898***@correo.com,7,2022-04-18,ACTIVO
5899,Residencial,22XXXX58,989XXX080,cliente05899***@correo.com,15,2021-09-21,ACTIVO
5900,Residencial,92XXXX47,947XXX094,cliente05900***@correo.com,3,2018-05-22,ACTIVO
5901,Residencial,28XXXX47,912XXX165,cliente05901***@correo.com,17,2022-01-03,ACTIVO
5902,Residencial,77XXXX48,912XXX790,cliente05902***@correo.com,43,2023-09-10,ACTIVO
5903,Comercial,25XXXX03,979XXX895,cliente05903***@correo.com,9,2022-03-23,ACTIVO
5904,Comercial,38XXXX64,903XXX507,cliente05904***@correo.com,34,2021-05-03,ACTIVO
5905,Comercial,17XXXX89,998XXX387,cliente05905***@correo.com,29,2020-09-06,ACTIVO
5906,Residencial,66XXXX65,900XXX783,cliente05906***@correo.com,16,2022-05-28,ACTIVO
5907,Residencial,47XXXX98,919XXX932,cliente05907***@correo.com,13,2023-04-07,ACTIVO
5908,Residencial,38XXXX16,957XXX364,cliente05908***@correo.com,7,2024-02-22,ACTIVO
5909,Residencial,84XXXX34,941XXX127,cliente05909***@correo.com,9,2021-08-19,ACTIVO
5910,Residencial,61XXXX74,925XXX735,cliente05910***@correo.com,40,2018-04-03,ACTIVO
5911,Residencial,96XXXX93,952XXX690,cliente05911***@correo.com,29,2018-05-15,ACTIVO
5912,Residencial,27XXXX06,924XXX954,cliente05912***@correo.com,8,2019-10-11,ACTIVO
5913,Residencial,27XXXX79,957XXX783,cliente05913***@correo.com,28,2019-06-15,ACTIVO
5914,Residencial,53XXXX19,926XXX318,cliente05914***@correo.com,39,2021-09-02,ACTIVO
5915,Residencial,65XXXX15,914XXX844,cliente05915***@correo.com,15,2019-07-09,ACTIVO
5916,Residencial,96XXXX14,975XXX511,cliente05916***@correo.com,38,2018-04-24,ACTIVO
5917,Residencial,81XXXX53,960XXX614,cliente05917***@correo.com,38,2022-02-21,ACTIVO
5918,Residencial,55XXXX28,907XXX453,cliente05918***@correo.com,38,2022-03-11,ACTIVO
5919,Residencial,59XXXX77,946XXX666,cliente05919***@correo.com,3,2024-01-08,ACTIVO
5920,Gobierno,57XXXX65,950XXX804,cliente05920***@correo.com,3,2019-09-15,ACTIVO
5921,Residencial,68XXXX13,942XXX873,cliente05921***@correo.com,13,2024-04-01,ACTIVO
5922,Residencial,69XXXX52,928XXX402,cliente05922***@correo.com,43,2022-09-22,ACTIVO
5923,Residencial,99XXXX43,992XXX911,cliente05923***@correo.com,15,2021-01-08,ACTIVO
5924,Residencial,49XXXX07,993XXX224,cliente05924***@correo.com,41,2022-09-16,ACTIVO
5925,Residencial,46XXXX75,901XXX145,cliente05925***@correo.com,6,2020-03-08,ACTIVO
5926,Residencial,86XXXX04,948XXX659,cliente05926***@correo.com,6,2022-02-03,ACTIVO
5927,Residencial,64XXXX60,916XXX726,cliente05927***@correo.com,39,2018-10-05,ACTIVO
5928,Comercial,62XXXX59,934XXX450,cliente05928***@correo.com,43,2022-06-16,ACTIVO
5929,Residencial,74XXXX42,996XXX473,cliente05929***@correo.com,28,2018-10-06,ACTIVO
5930,Alumbrado Público,80XXXX14,980XXX884,cliente05930***@correo.com,38,2022-10-01,ACTIVO
5931,Residencial,27XXXX10,962XXX043,cliente05931***@correo.com,7,2021-05-19,ACTIVO
5932,Residencial,70XXXX16,927XXX417,cliente05932***@correo.com,39,2022-07-16,ACTIVO
5933,Industrial,57XXXX40,982XXX091,cliente05933***@correo.com,29,2022-06-04,ACTIVO
5934,Residencial,32XXXX79,921XXX781,cliente05934***@correo.com,26,2019-04-30,ACTIVO
5935,Residencial,93XXXX61,978XXX372,cliente05935***@correo.com,3,2024-07-08,ACTIVO
5936,Residencial,56XXXX85,933XXX200,cliente05936***@correo.com,3,2019-08-25,ACTIVO
5937,Residencial,68XXXX73,978XXX955,cliente05937***@correo.com,7,2018-05-22,ACTIVO
5938,Residencial,45XXXX56,956XXX692,cliente05938***@correo.com,26,2023-10-06,ACTIVO
5939,Residencial,68XXXX25,923XXX455,cliente05939***@correo.com,33,2023-08-06,ACTIVO
5940,Residencial,49XXXX52,927XXX097,cliente05940***@correo.com,30,2024-05-25,ACTIVO
5941,Residencial,75XXXX65,909XXX570,cliente05941***@correo.com,9,2018-12-21,ACTIVO
5942,Residencial,23XXXX70,986XXX707,cliente05942***@correo.com,7,2021-08-15,ACTIVO
5943,Comercial,68XXXX21,977XXX539,cliente05943***@correo.com,43,2024-04-13,ACTIVO
5944,Residencial,43XXXX39,995XXX233,cliente05944***@correo.com,4,2020-07-17,ACTIVO
5945,Residencial,14XXXX70,970XXX865,cliente05945***@correo.com,5,2019-06-22,ACTIVO
5946,Residencial,52XXXX46,907XXX328,cliente05946***@correo.com,11,2021-03-28,ACTIVO
5947,Alumbrado Público,65XXXX81,975XXX687,cliente05947***@correo.com,4,2018-11-28,ACTIVO
5948,Residencial,37XXXX16,940XXX356,cliente05948***@correo.com,4,2024-09-26,ACTIVO
5949,Residencial,68XXXX48,969XXX988,cliente05949***@correo.com,40,2023-10-23,ACTIVO
5950,Residencial,53XXXX31,905XXX791,cliente05950***@correo.com,15,2018-11-25,ACTIVO
5951,Residencial,74XXXX62,967XXX524,cliente05951***@correo.com,6,2020-07-31,ACTIVO
5952,Residencial,41XXXX77,930XXX205,cliente05952***@correo.com,15,2020-12-04,ACTIVO
5953,Comercial,43XXXX53,930XXX001,cliente05953***@correo.com,27,2023-03-10,ACTIVO
5954,Residencial,68XXXX89,929XXX357,cliente05954***@correo.com,3,2019-08-17,ACTIVO
5955,Residencial,92XXXX49,929XXX281,cliente05955***@correo.com,43,2020-04-25,ACTIVO
5956,Residencial,61XXXX94,965XXX112,cliente05956***@correo.com,29,2022-04-15,ACTIVO
5957,Residencial,11XXXX63,965XXX261,cliente05957***@correo.com,9,2023-07-04,ACTIVO
5958,Residencial,44XXXX41,975XXX059,cliente05958***@correo.com,5,2021-12-05,ACTIVO
5959,Residencial,70XXXX07,999XXX287,cliente05959***@correo.com,15,2023-08-16,ACTIVO
5960,Residencial,76XXXX94,938XXX314,cliente05960***@correo.com,9,2022-10-15,ACTIVO
5961,Residencial,59XXXX75,908XXX066,cliente05961***@correo.com,5,2021-05-16,ACTIVO
5962,Residencial,88XXXX88,914XXX326,cliente05962***@correo.com,3,2024-12-23,ACTIVO
5963,Residencial,83XXXX97,914XXX403,cliente05963***@correo.com,7,2020-06-26,ACTIVO
5964,Residencial,44XXXX19,966XXX613,cliente05964***@correo.com,43,2022-11-13,ACTIVO
5965,Residencial,22XXXX44,971XXX398,cliente05965***@correo.com,15,2019-12-01,ACTIVO
5966,Residencial,15XXXX99,941XXX711,cliente05966***@correo.com,38,2019-12-07,ACTIVO
5967,Residencial,96XXXX19,916XXX482,cliente05967***@correo.com,39,2024-02-11,ACTIVO
5968,Residencial,59XXXX68,981XXX795,cliente05968***@correo.com,20,2019-02-19,ACTIVO
5969,Comercial,60XXXX48,965XXX910,cliente05969***@correo.com,11,2018-01-14,ACTIVO
5970,Residencial,75XXXX41,947XXX112,cliente05970***@correo.com,39,2019-07-17,ACTIVO
5971,Residencial,17XXXX70,937XXX987,cliente05971***@correo.com,15,2022-11-13,INACTIVO
5972,Residencial,51XXXX69,983XXX228,cliente05972***@correo.com,38,2023-12-21,ACTIVO
5973,Residencial,73XXXX52,954XXX502,cliente05973***@correo.com,4,2023-04-19,ACTIVO
5974,Residencial,57XXXX00,980XXX361,cliente05974***@correo.com,40,2024-08-21,ACTIVO
5975,Comercial,40XXXX84,911XXX887,cliente05975***@correo.com,39,2023-09-03,ACTIVO
5976,Residencial,16XXXX72,985XXX846,cliente05976***@correo.com,4,2019-09-14,ACTIVO
5977,Residencial,83XXXX99,937XXX443,cliente05977***@correo.com,42,2020-11-07,ACTIVO
5978,Comercial,31XXXX24,914XXX472,cliente05978***@correo.com,39,2023-09-16,ACTIVO
5979,Residencial,71XXXX82,903XXX415,cliente05979***@correo.com,40,2019-03-26,ACTIVO
5980,Residencial,80XXXX33,949XXX494,cliente05980***@correo.com,37,2022-01-10,ACTIVO
5981,Residencial,38XXXX43,917XXX025,cliente05981***@correo.com,15,2024-01-17,ACTIVO
5982,Residencial,59XXXX05,946XXX822,cliente05982***@correo.com,19,2019-04-04,ACTIVO
5983,Residencial,12XXXX74,993XXX939,cliente05983***@correo.com,30,2019-09-15,ACTIVO
5984,Residencial,97XXXX90,919XXX751,cliente05984***@correo.com,9,2023-10-28,ACTIVO
5985,Residencial,23XXXX28,958XXX021,cliente05985***@correo.com,15,2022-11-17,ACTIVO
5986,Residencial,56XXXX86,941XXX617,cliente05986***@correo.com,15,2023-05-07,ACTIVO
5987,Residencial,21XXXX46,916XXX782,cliente05987***@correo.com,28,2018-03-02,ACTIVO
5988,Residencial,94XXXX48,908XXX422,cliente05988***@correo.com,5,2021-03-01,ACTIVO
5989,Residencial,67XXXX95,972XXX612,cliente05989***@correo.com,9,2024-03-21,ACTIVO
5990,Residencial,72XXXX79,950XXX453,cliente05990***@correo.com,4,2020-03-21,ACTIVO
5991,Gobierno,96XXXX61,905XXX626,cliente05991***@correo.com,40,2018-11-19,ACTIVO
5992,Residencial,21XXXX42,931XXX826,cliente05992***@correo.com,3,2018-06-30,ACTIVO
5993,Comercial,68XXXX67,919XXX706,cliente05993***@correo.com,29,2023-07-13,ACTIVO
5994,Residencial,45XXXX24,935XXX091,cliente05994***@correo.com,38,2023-10-26,ACTIVO
5995,Comercial,54XXXX17,996XXX121,cliente05995***@correo.com,3,2022-06-06,ACTIVO
5996,Residencial,87XXXX50,932XXX445,cliente05996***@correo.com,30,2021-03-28,ACTIVO
5997,Residencial,52XXXX13,941XXX630,cliente05997***@correo.com,43,2024-02-18,ACTIVO
5998,Residencial,76XXXX89,905XXX117,cliente05998***@correo.com,13,2018-03-13,ACTIVO
5999,Residencial,28XXXX49,931XXX236,cliente05999***@correo.com,10,2021-02-23,ACTIVO
6000,Residencial,85XXXX41,986XXX866,cliente06000***@correo.com,30,2019-07-22,ACTIVO
6001,Residencial,16XXXX90,924XXX342,cliente06001***@correo.com,4,2023-08-19,INACTIVO
6002,Comercial,10XXXX12,922XXX431,cliente06002***@correo.com,20,2018-12-11,ACTIVO
6003,Residencial,45XXXX26,976XXX453,cliente06003***@correo.com,38,2020-09-23,ACTIVO
6004,Comercial,93XXXX16,922XXX251,cliente06004***@correo.com,27,2020-10-22,ACTIVO
6005,Residencial,53XXXX77,956XXX342,cliente06005***@correo.com,9,2019-10-26,ACTIVO
6006,Comercial,60XXXX62,993XXX988,cliente06006***@correo.com,43,2024-06-10,ACTIVO
6007,Residencial,61XXXX68,974XXX660,cliente06007***@correo.com,2,2018-02-18,ACTIVO
6008,Gobierno,13XXXX73,982XXX004,cliente06008***@correo.com,15,2022-05-20,ACTIVO
6009,Residencial,62XXXX58,917XXX091,cliente06009***@correo.com,29,2023-01-02,ACTIVO
6010,Residencial,42XXXX52,962XXX386,cliente06010***@correo.com,4,2021-07-25,ACTIVO
6011,Residencial,36XXXX71,975XXX919,cliente06011***@correo.com,26,2021-03-14,ACTIVO
6012,Residencial,18XXXX10,907XXX764,cliente06012***@correo.com,40,2022-10-09,ACTIVO
6013,Residencial,58XXXX81,967XXX668,cliente06013***@correo.com,20,2020-05-07,ACTIVO
6014,Residencial,31XXXX99,934XXX167,cliente06014***@correo.com,5,2019-04-20,ACTIVO
6015,Alumbrado Público,85XXXX07,910XXX874,cliente06015***@correo.com,19,2023-06-08,ACTIVO
6016,Residencial,80XXXX73,966XXX506,cliente06016***@correo.com,3,2018-11-08,ACTIVO
6017,Residencial,61XXXX61,923XXX377,cliente06017***@correo.com,24,2021-07-20,ACTIVO
6018,Residencial,68XXXX41,976XXX034,cliente06018***@correo.com,15,2018-02-15,ACTIVO
6019,Residencial,43XXXX40,905XXX877,cliente06019***@correo.com,7,2020-05-29,ACTIVO
6020,Residencial,13XXXX64,941XXX997,cliente06020***@correo.com,28,2019-12-21,ACTIVO
6021,Residencial,81XXXX52,986XXX663,cliente06021***@correo.com,28,2024-05-25,ACTIVO
6022,Residencial,38XXXX37,965XXX989,cliente06022***@correo.com,15,2021-06-19,ACTIVO
6023,Residencial,85XXXX30,932XXX603,cliente06023***@correo.com,27,2020-03-20,ACTIVO
6024,Residencial,89XXXX34,919XXX521,cliente06024***@correo.com,13,2020-09-15,ACTIVO
6025,Residencial,89XXXX28,950XXX573,cliente06025***@correo.com,15,2018-05-17,ACTIVO
6026,Residencial,42XXXX40,903XXX369,cliente06026***@correo.com,38,2020-02-16,ACTIVO
6027,Residencial,36XXXX50,944XXX991,cliente06027***@correo.com,10,2023-08-29,ACTIVO
6028,Residencial,75XXXX99,942XXX509,cliente06028***@correo.com,26,2024-01-29,ACTIVO
6029,Residencial,25XXXX49,920XXX361,cliente06029***@correo.com,9,2024-07-27,ACTIVO
6030,Comercial,25XXXX88,969XXX836,cliente06030***@correo.com,6,2022-04-06,ACTIVO
6031,Residencial,31XXXX55,945XXX454,cliente06031***@correo.com,43,2020-05-29,ACTIVO
6032,Residencial,95XXXX17,994XXX586,cliente06032***@correo.com,9,2024-07-28,ACTIVO
6033,Residencial,32XXXX53,920XXX385,cliente06033***@correo.com,18,2020-06-19,ACTIVO
6034,Residencial,24XXXX99,994XXX526,cliente06034***@correo.com,20,2020-11-14,ACTIVO
6035,Residencial,40XXXX60,910XXX019,cliente06035***@correo.com,5,2018-07-22,ACTIVO
6036,Residencial,60XXXX34,976XXX148,cliente06036***@correo.com,4,2020-08-22,ACTIVO
6037,Residencial,52XXXX90,951XXX286,cliente06037***@correo.com,26,2019-08-12,ACTIVO
6038,Residencial,89XXXX17,984XXX375,cliente06038***@correo.com,9,2019-05-17,ACTIVO
6039,Residencial,32XXXX86,922XXX880,cliente06039***@correo.com,24,2019-01-24,ACTIVO
6040,Residencial,82XXXX39,976XXX619,cliente06040***@correo.com,7,2020-08-19,ACTIVO
6041,Residencial,32XXXX74,917XXX937,cliente06041***@correo.com,7,2020-03-11,ACTIVO
6042,Residencial,71XXXX78,909XXX388,cliente06042***@correo.com,28,2018-06-24,ACTIVO
6043,Residencial,49XXXX32,997XXX794,cliente06043***@correo.com,11,2021-12-02,ACTIVO
6044,Residencial,48XXXX42,995XXX670,cliente06044***@correo.com,29,2018-08-27,ACTIVO
6045,Industrial,28XXXX24,973XXX596,cliente06045***@correo.com,26,2022-10-24,ACTIVO
6046,Residencial,94XXXX27,904XXX947,cliente06046***@correo.com,3,2020-03-26,ACTIVO
6047,Residencial,97XXXX44,934XXX794,cliente06047***@correo.com,27,2018-10-29,ACTIVO
6048,Residencial,96XXXX30,900XXX992,cliente06048***@correo.com,34,2021-05-31,INACTIVO
6049,Residencial,71XXXX89,900XXX497,cliente06049***@correo.com,30,2024-04-26,ACTIVO
6050,Residencial,55XXXX05,939XXX082,cliente06050***@correo.com,22,2023-09-13,ACTIVO
6051,Residencial,74XXXX53,965XXX280,cliente06051***@correo.com,15,2018-08-28,ACTIVO
6052,Residencial,75XXXX26,995XXX445,cliente06052***@correo.com,15,2022-01-28,ACTIVO
6053,Industrial,73XXXX17,955XXX273,cliente06053***@correo.com,4,2024-08-16,ACTIVO
6054,Residencial,65XXXX27,956XXX767,cliente06054***@correo.com,42,2024-12-10,ACTIVO
6055,Industrial,37XXXX60,964XXX274,cliente06055***@correo.com,40,2019-05-10,ACTIVO
6056,Comercial,83XXXX06,983XXX149,cliente06056***@correo.com,37,2024-11-03,ACTIVO
6057,Residencial,85XXXX37,987XXX260,cliente06057***@correo.com,15,2022-06-08,ACTIVO
6058,Residencial,17XXXX47,952XXX208,cliente06058***@correo.com,29,2020-06-14,ACTIVO
6059,Residencial,41XXXX03,923XXX501,cliente06059***@correo.com,3,2018-08-13,ACTIVO
6060,Residencial,65XXXX70,994XXX902,cliente06060***@correo.com,39,2019-09-20,ACTIVO
6061,Residencial,24XXXX18,924XXX861,cliente06061***@correo.com,39,2019-07-16,ACTIVO
6062,Residencial,41XXXX41,989XXX988,cliente06062***@correo.com,42,2020-05-20,ACTIVO
6063,Residencial,92XXXX65,962XXX669,cliente06063***@correo.com,29,2024-10-06,ACTIVO
6064,Residencial,88XXXX48,902XXX005,cliente06064***@correo.com,15,2022-04-19,ACTIVO
6065,Residencial,55XXXX67,974XXX894,cliente06065***@correo.com,43,2019-04-24,ACTIVO
6066,Residencial,58XXXX04,921XXX073,cliente06066***@correo.com,35,2019-01-29,ACTIVO
6067,Residencial,19XXXX47,921XXX174,cliente06067***@correo.com,2,2021-09-10,ACTIVO
6068,Residencial,67XXXX33,924XXX941,cliente06068***@correo.com,29,2024-01-20,ACTIVO
6069,Residencial,56XXXX55,985XXX913,cliente06069***@correo.com,30,2019-02-11,ACTIVO
6070,Residencial,81XXXX71,961XXX459,cliente06070***@correo.com,9,2020-10-01,ACTIVO
6071,Residencial,62XXXX10,913XXX376,cliente06071***@correo.com,13,2020-07-08,ACTIVO
6072,Residencial,35XXXX37,959XXX043,cliente06072***@correo.com,34,2020-01-28,ACTIVO
6073,Residencial,61XXXX31,923XXX167,cliente06073***@correo.com,19,2020-04-12,ACTIVO
6074,Residencial,19XXXX10,934XXX625,cliente06074***@correo.com,29,2021-12-28,ACTIVO
6075,Residencial,44XXXX24,934XXX245,cliente06075***@correo.com,2,2019-03-03,ACTIVO
6076,Residencial,91XXXX53,938XXX990,cliente06076***@correo.com,30,2019-08-19,ACTIVO
6077,Residencial,50XXXX11,911XXX587,cliente06077***@correo.com,3,2023-01-22,ACTIVO
6078,Residencial,66XXXX02,919XXX780,cliente06078***@correo.com,9,2020-01-08,ACTIVO
6079,Comercial,19XXXX98,966XXX660,cliente06079***@correo.com,15,2023-12-14,ACTIVO
6080,Residencial,65XXXX01,973XXX327,cliente06080***@correo.com,24,2021-07-31,ACTIVO
6081,Residencial,58XXXX47,940XXX792,cliente06081***@correo.com,38,2021-06-12,ACTIVO
6082,Residencial,59XXXX89,971XXX911,cliente06082***@correo.com,4,2023-04-02,ACTIVO
6083,Residencial,47XXXX25,917XXX079,cliente06083***@correo.com,9,2019-02-10,ACTIVO
6084,Residencial,75XXXX22,906XXX376,cliente06084***@correo.com,43,2021-11-13,ACTIVO
6085,Residencial,46XXXX97,908XXX687,cliente06085***@correo.com,20,2020-08-23,ACTIVO
6086,Residencial,93XXXX39,914XXX210,cliente06086***@correo.com,43,2024-07-11,ACTIVO
6087,Residencial,99XXXX45,978XXX366,cliente06087***@correo.com,23,2023-12-28,ACTIVO
6088,Residencial,18XXXX99,955XXX916,cliente06088***@correo.com,7,2022-02-06,ACTIVO
6089,Residencial,94XXXX51,916XXX382,cliente06089***@correo.com,39,2020-05-13,ACTIVO
6090,Residencial,83XXXX67,931XXX845,cliente06090***@correo.com,5,2023-06-16,ACTIVO
6091,Comercial,27XXXX52,902XXX823,cliente06091***@correo.com,13,2023-10-07,SUSPENDIDO
6092,Comercial,35XXXX06,926XXX026,cliente06092***@correo.com,40,2024-06-19,INACTIVO
6093,Residencial,38XXXX03,945XXX304,cliente06093***@correo.com,3,2023-09-29,ACTIVO
6094,Residencial,85XXXX66,934XXX260,cliente06094***@correo.com,9,2023-01-02,ACTIVO
6095,Residencial,68XXXX26,995XXX458,cliente06095***@correo.com,28,2018-07-05,ACTIVO
6096,Residencial,39XXXX89,999XXX937,cliente06096***@correo.com,32,2024-06-03,ACTIVO
6097,Residencial,86XXXX90,922XXX508,cliente06097***@correo.com,39,2019-11-06,ACTIVO
6098,Residencial,60XXXX30,956XXX494,cliente06098***@correo.com,30,2020-10-18,ACTIVO
6099,Comercial,21XXXX09,950XXX991,cliente06099***@correo.com,5,2020-08-04,ACTIVO
6100,Residencial,20XXXX23,992XXX890,cliente06100***@correo.com,28,2020-12-27,ACTIVO
6101,Residencial,73XXXX27,908XXX429,cliente06101***@correo.com,5,2022-08-19,ACTIVO
6102,Residencial,74XXXX28,986XXX944,cliente06102***@correo.com,39,2024-01-09,ACTIVO
6103,Residencial,68XXXX75,940XXX094,cliente06103***@correo.com,16,2018-01-19,ACTIVO
6104,Residencial,37XXXX37,923XXX556,cliente06104***@correo.com,24,2019-03-29,ACTIVO
6105,Residencial,48XXXX94,996XXX550,cliente06105***@correo.com,1,2021-11-04,ACTIVO
6106,Residencial,91XXXX93,982XXX545,cliente06106***@correo.com,29,2020-12-05,INACTIVO
6107,Residencial,33XXXX90,971XXX003,cliente06107***@correo.com,15,2023-03-24,INACTIVO
6108,Residencial,23XXXX61,962XXX261,cliente06108***@correo.com,15,2019-02-01,ACTIVO
6109,Residencial,11XXXX62,986XXX508,cliente06109***@correo.com,22,2019-11-08,ACTIVO
6110,Comercial,10XXXX40,952XXX109,cliente06110***@correo.com,26,2024-08-06,ACTIVO
6111,Residencial,74XXXX89,973XXX812,cliente06111***@correo.com,43,2024-07-12,ACTIVO
6112,Residencial,80XXXX59,968XXX049,cliente06112***@correo.com,15,2020-11-03,ACTIVO
6113,Residencial,49XXXX42,950XXX216,cliente06113***@correo.com,15,2024-01-06,ACTIVO
6114,Residencial,51XXXX15,972XXX902,cliente06114***@correo.com,38,2021-05-19,ACTIVO
6115,Residencial,11XXXX31,931XXX650,cliente06115***@correo.com,7,2020-12-05,ACTIVO
6116,Residencial,57XXXX54,951XXX499,cliente06116***@correo.com,11,2024-06-30,ACTIVO
6117,Comercial,72XXXX42,968XXX500,cliente06117***@correo.com,43,2024-02-11,ACTIVO
6118,Residencial,95XXXX68,986XXX592,cliente06118***@correo.com,19,2024-07-12,ACTIVO
6119,Residencial,61XXXX96,910XXX607,cliente06119***@correo.com,26,2023-02-02,ACTIVO
6120,Residencial,15XXXX77,951XXX419,cliente06120***@correo.com,22,2024-06-20,ACTIVO
6121,Residencial,61XXXX36,905XXX395,cliente06121***@correo.com,24,2022-10-10,ACTIVO
6122,Residencial,54XXXX21,919XXX978,cliente06122***@correo.com,40,2021-06-03,ACTIVO
6123,Residencial,12XXXX45,976XXX600,cliente06123***@correo.com,7,2021-09-28,ACTIVO
6124,Residencial,46XXXX27,995XXX640,cliente06124***@correo.com,30,2018-09-20,ACTIVO
6125,Residencial,86XXXX85,912XXX956,cliente06125***@correo.com,15,2020-09-02,ACTIVO
6126,Residencial,92XXXX61,965XXX346,cliente06126***@correo.com,41,2021-02-04,ACTIVO
6127,Residencial,44XXXX64,979XXX428,cliente06127***@correo.com,7,2024-02-24,ACTIVO
6128,Residencial,44XXXX33,913XXX141,cliente06128***@correo.com,7,2018-11-01,ACTIVO
6129,Residencial,60XXXX89,976XXX176,cliente06129***@correo.com,38,2023-07-10,ACTIVO
6130,Residencial,56XXXX41,909XXX558,cliente06130***@correo.com,15,2019-07-19,ACTIVO
6131,Residencial,28XXXX95,956XXX005,cliente06131***@correo.com,28,2020-01-10,ACTIVO
6132,Residencial,59XXXX09,971XXX805,cliente06132***@correo.com,29,2023-11-08,ACTIVO
6133,Residencial,89XXXX04,941XXX097,cliente06133***@correo.com,8,2021-02-24,ACTIVO
6134,Comercial,98XXXX90,908XXX340,cliente06134***@correo.com,9,2019-02-17,ACTIVO
6135,Comercial,92XXXX77,954XXX942,cliente06135***@correo.com,30,2019-02-01,ACTIVO
6136,Residencial,47XXXX98,913XXX050,cliente06136***@correo.com,15,2022-02-13,ACTIVO
6137,Alumbrado Público,48XXXX94,954XXX318,cliente06137***@correo.com,35,2019-09-07,ACTIVO
6138,Residencial,57XXXX09,967XXX803,cliente06138***@correo.com,19,2022-01-21,ACTIVO
6139,Residencial,55XXXX29,963XXX249,cliente06139***@correo.com,15,2018-05-28,ACTIVO
6140,Alumbrado Público,51XXXX09,909XXX168,cliente06140***@correo.com,43,2018-05-03,ACTIVO
6141,Residencial,61XXXX36,947XXX823,cliente06141***@correo.com,24,2018-02-11,ACTIVO
6142,Residencial,85XXXX88,903XXX660,cliente06142***@correo.com,8,2021-10-31,ACTIVO
6143,Residencial,76XXXX13,907XXX933,cliente06143***@correo.com,38,2020-11-08,ACTIVO
6144,Residencial,93XXXX05,937XXX993,cliente06144***@correo.com,15,2021-02-10,ACTIVO
6145,Residencial,43XXXX45,919XXX870,cliente06145***@correo.com,30,2019-01-11,ACTIVO
6146,Residencial,44XXXX60,960XXX715,cliente06146***@correo.com,11,2022-10-14,ACTIVO
6147,Residencial,69XXXX51,963XXX819,cliente06147***@correo.com,5,2023-02-28,ACTIVO
6148,Residencial,39XXXX72,913XXX397,cliente06148***@correo.com,17,2023-07-23,ACTIVO
6149,Residencial,28XXXX63,988XXX960,cliente06149***@correo.com,16,2023-10-25,ACTIVO
6150,Residencial,76XXXX49,931XXX759,cliente06150***@correo.com,7,2019-06-29,ACTIVO
6151,Residencial,41XXXX80,989XXX287,cliente06151***@correo.com,38,2024-03-06,ACTIVO
6152,Residencial,81XXXX60,969XXX370,cliente06152***@correo.com,29,2021-03-29,SUSPENDIDO
6153,Residencial,31XXXX17,903XXX008,cliente06153***@correo.com,15,2020-06-07,ACTIVO
6154,Residencial,66XXXX74,949XXX268,cliente06154***@correo.com,12,2021-08-17,ACTIVO
6155,Residencial,95XXXX14,973XXX088,cliente06155***@correo.com,29,2020-03-24,ACTIVO
6156,Residencial,49XXXX45,960XXX402,cliente06156***@correo.com,4,2018-11-29,SUSPENDIDO
6157,Residencial,65XXXX19,977XXX516,cliente06157***@correo.com,28,2021-04-08,ACTIVO
6158,Gobierno,48XXXX29,932XXX835,cliente06158***@correo.com,29,2019-01-19,ACTIVO
6159,Residencial,59XXXX25,960XXX828,cliente06159***@correo.com,32,2019-11-18,ACTIVO
6160,Residencial,55XXXX17,904XXX825,cliente06160***@correo.com,7,2022-04-13,ACTIVO
6161,Residencial,49XXXX30,938XXX902,cliente06161***@correo.com,15,2021-12-19,ACTIVO
6162,Residencial,86XXXX44,901XXX505,cliente06162***@correo.com,1,2019-12-28,ACTIVO
6163,Residencial,36XXXX74,925XXX029,cliente06163***@correo.com,24,2024-03-03,ACTIVO
6164,Residencial,62XXXX48,990XXX484,cliente06164***@correo.com,7,2018-05-13,INACTIVO
6165,Residencial,33XXXX82,985XXX424,cliente06165***@correo.com,9,2020-07-12,ACTIVO
6166,Residencial,67XXXX94,919XXX819,cliente06166***@correo.com,38,2024-06-13,ACTIVO
6167,Comercial,17XXXX87,941XXX386,cliente06167***@correo.com,15,2018-09-22,ACTIVO
6168,Residencial,18XXXX73,961XXX561,cliente06168***@correo.com,15,2020-09-29,INACTIVO
6169,Residencial,45XXXX42,978XXX899,cliente06169***@correo.com,30,2018-04-27,ACTIVO
6170,Residencial,97XXXX87,995XXX235,cliente06170***@correo.com,27,2020-06-07,ACTIVO
6171,Residencial,47XXXX58,915XXX686,cliente06171***@correo.com,43,2020-04-18,ACTIVO
6172,Alumbrado Público,35XXXX33,952XXX458,cliente06172***@correo.com,28,2022-09-25,ACTIVO
6173,Residencial,26XXXX96,990XXX452,cliente06173***@correo.com,29,2019-02-28,ACTIVO
6174,Residencial,89XXXX57,901XXX764,cliente06174***@correo.com,7,2020-08-20,ACTIVO
6175,Residencial,61XXXX15,943XXX313,cliente06175***@correo.com,40,2020-09-16,ACTIVO
6176,Residencial,48XXXX59,938XXX761,cliente06176***@correo.com,12,2019-09-22,ACTIVO
6177,Residencial,40XXXX77,930XXX581,cliente06177***@correo.com,7,2023-10-09,ACTIVO
6178,Residencial,99XXXX48,938XXX240,cliente06178***@correo.com,26,2022-02-07,ACTIVO
6179,Residencial,79XXXX35,983XXX682,cliente06179***@correo.com,19,2023-01-26,ACTIVO
6180,Residencial,49XXXX19,910XXX842,cliente06180***@correo.com,28,2021-12-27,ACTIVO
6181,Residencial,27XXXX45,963XXX561,cliente06181***@correo.com,19,2020-11-25,ACTIVO
6182,Residencial,42XXXX91,980XXX720,cliente06182***@correo.com,9,2019-05-21,ACTIVO
6183,Residencial,50XXXX06,932XXX492,cliente06183***@correo.com,19,2023-04-23,ACTIVO
6184,Comercial,46XXXX36,997XXX705,cliente06184***@correo.com,19,2022-12-22,ACTIVO
6185,Residencial,13XXXX61,948XXX992,cliente06185***@correo.com,39,2020-07-11,ACTIVO
6186,Residencial,77XXXX00,950XXX497,cliente06186***@correo.com,3,2022-07-31,ACTIVO
6187,Residencial,48XXXX93,985XXX781,cliente06187***@correo.com,9,2019-11-10,ACTIVO
6188,Residencial,31XXXX37,902XXX948,cliente06188***@correo.com,28,2020-02-18,ACTIVO
6189,Residencial,26XXXX08,973XXX786,cliente06189***@correo.com,14,2018-02-15,ACTIVO
6190,Residencial,70XXXX10,917XXX190,cliente06190***@correo.com,15,2023-03-15,ACTIVO
6191,Residencial,73XXXX94,930XXX839,cliente06191***@correo.com,26,2021-05-02,ACTIVO
6192,Residencial,32XXXX32,913XXX634,cliente06192***@correo.com,40,2024-09-15,ACTIVO
6193,Residencial,88XXXX32,900XXX550,cliente06193***@correo.com,15,2021-09-17,ACTIVO
6194,Residencial,43XXXX36,924XXX095,cliente06194***@correo.com,4,2023-09-19,INACTIVO
6195,Residencial,46XXXX29,922XXX211,cliente06195***@correo.com,38,2018-06-14,ACTIVO
6196,Residencial,44XXXX64,906XXX262,cliente06196***@correo.com,13,2019-08-09,ACTIVO
6197,Residencial,42XXXX36,924XXX136,cliente06197***@correo.com,22,2019-10-31,ACTIVO
6198,Residencial,86XXXX58,905XXX017,cliente06198***@correo.com,29,2021-03-27,ACTIVO
6199,Comercial,91XXXX16,926XXX354,cliente06199***@correo.com,13,2024-04-07,ACTIVO
6200,Gobierno,18XXXX66,931XXX587,cliente06200***@correo.com,38,2018-10-09,ACTIVO
6201,Residencial,67XXXX64,971XXX151,cliente06201***@correo.com,11,2024-08-18,ACTIVO
6202,Comercial,49XXXX67,987XXX166,cliente06202***@correo.com,15,2024-04-10,ACTIVO
6203,Comercial,98XXXX17,981XXX823,cliente06203***@correo.com,18,2021-11-29,SUSPENDIDO
6204,Residencial,82XXXX08,912XXX236,cliente06204***@correo.com,29,2019-08-20,ACTIVO
6205,Residencial,99XXXX33,915XXX657,cliente06205***@correo.com,15,2019-08-28,ACTIVO
6206,Comercial,29XXXX48,945XXX812,cliente06206***@correo.com,39,2018-08-03,ACTIVO
6207,Residencial,35XXXX92,903XXX417,cliente06207***@correo.com,4,2022-03-16,ACTIVO
6208,Residencial,34XXXX69,946XXX783,cliente06208***@correo.com,4,2022-06-16,ACTIVO
6209,Comercial,65XXXX94,935XXX145,cliente06209***@correo.com,43,2021-02-10,ACTIVO
6210,Residencial,42XXXX48,987XXX353,cliente06210***@correo.com,19,2023-02-18,ACTIVO
6211,Residencial,69XXXX32,975XXX704,cliente06211***@correo.com,3,2019-09-11,ACTIVO
6212,Residencial,17XXXX04,959XXX357,cliente06212***@correo.com,15,2022-08-16,ACTIVO
6213,Residencial,87XXXX67,972XXX344,cliente06213***@correo.com,42,2023-05-29,ACTIVO
6214,Residencial,11XXXX40,994XXX100,cliente06214***@correo.com,36,2018-02-25,ACTIVO
6215,Residencial,42XXXX81,980XXX792,cliente06215***@correo.com,32,2022-10-10,ACTIVO
6216,Residencial,62XXXX85,944XXX642,cliente06216***@correo.com,43,2019-11-15,ACTIVO
6217,Residencial,65XXXX18,986XXX238,cliente06217***@correo.com,28,2018-03-02,ACTIVO
6218,Residencial,90XXXX43,908XXX262,cliente06218***@correo.com,13,2020-09-04,ACTIVO
6219,Residencial,98XXXX63,979XXX423,cliente06219***@correo.com,9,2023-02-10,ACTIVO
6220,Residencial,60XXXX73,964XXX014,cliente06220***@correo.com,15,2018-01-17,ACTIVO
6221,Residencial,13XXXX41,916XXX374,cliente06221***@correo.com,9,2020-05-02,ACTIVO
6222,Residencial,16XXXX96,937XXX245,cliente06222***@correo.com,6,2018-02-17,ACTIVO
6223,Comercial,90XXXX35,955XXX416,cliente06223***@correo.com,13,2018-09-16,ACTIVO
6224,Residencial,48XXXX78,940XXX049,cliente06224***@correo.com,31,2022-01-06,ACTIVO
6225,Residencial,71XXXX72,963XXX754,cliente06225***@correo.com,7,2018-09-23,ACTIVO
6226,Residencial,86XXXX75,901XXX859,cliente06226***@correo.com,31,2024-05-28,ACTIVO
6227,Residencial,84XXXX90,917XXX419,cliente06227***@correo.com,26,2020-08-02,ACTIVO
6228,Comercial,73XXXX29,987XXX061,cliente06228***@correo.com,9,2018-04-08,ACTIVO
6229,Comercial,38XXXX68,973XXX703,cliente06229***@correo.com,43,2024-03-06,ACTIVO
6230,Residencial,71XXXX75,915XXX067,cliente06230***@correo.com,9,2020-12-01,ACTIVO
6231,Residencial,29XXXX44,908XXX983,cliente06231***@correo.com,4,2021-10-07,ACTIVO
6232,Residencial,44XXXX84,942XXX762,cliente06232***@correo.com,29,2024-06-27,ACTIVO
6233,Residencial,86XXXX42,933XXX807,cliente06233***@correo.com,6,2023-06-26,ACTIVO
6234,Residencial,89XXXX81,914XXX920,cliente06234***@correo.com,13,2018-01-24,ACTIVO
6235,Residencial,42XXXX63,904XXX879,cliente06235***@correo.com,20,2022-03-17,ACTIVO
6236,Residencial,72XXXX94,914XXX070,cliente06236***@correo.com,9,2024-03-23,ACTIVO
6237,Residencial,22XXXX78,971XXX790,cliente06237***@correo.com,20,2020-09-16,ACTIVO
6238,Residencial,74XXXX97,977XXX087,cliente06238***@correo.com,34,2023-07-16,ACTIVO
6239,Residencial,81XXXX86,921XXX335,cliente06239***@correo.com,30,2019-10-23,ACTIVO
6240,Residencial,85XXXX65,904XXX319,cliente06240***@correo.com,15,2019-12-29,ACTIVO
6241,Residencial,71XXXX45,952XXX549,cliente06241***@correo.com,26,2023-05-08,INACTIVO
6242,Residencial,87XXXX76,983XXX944,cliente06242***@correo.com,7,2019-08-19,ACTIVO
6243,Residencial,40XXXX95,956XXX658,cliente06243***@correo.com,29,2019-12-06,ACTIVO
6244,Residencial,31XXXX71,976XXX619,cliente06244***@correo.com,7,2021-11-29,ACTIVO
6245,Residencial,29XXXX79,945XXX670,cliente06245***@correo.com,39,2020-10-27,ACTIVO
6246,Residencial,25XXXX48,984XXX870,cliente06246***@correo.com,29,2023-02-01,ACTIVO
6247,Residencial,17XXXX01,984XXX471,cliente06247***@correo.com,40,2021-04-04,ACTIVO
6248,Residencial,92XXXX81,953XXX499,cliente06248***@correo.com,9,2024-09-26,ACTIVO
6249,Residencial,53XXXX88,962XXX986,cliente06249***@correo.com,39,2022-02-03,ACTIVO
6250,Residencial,16XXXX51,932XXX049,cliente06250***@correo.com,38,2020-07-20,ACTIVO
6251,Alumbrado Público,38XXXX59,962XXX675,cliente06251***@correo.com,36,2018-02-14,ACTIVO
6252,Residencial,94XXXX26,933XXX318,cliente06252***@correo.com,9,2019-01-19,ACTIVO
6253,Residencial,81XXXX60,948XXX207,cliente06253***@correo.com,28,2020-08-02,ACTIVO
6254,Residencial,57XXXX60,981XXX695,cliente06254***@correo.com,30,2024-12-08,ACTIVO
6255,Residencial,69XXXX15,974XXX764,cliente06255***@correo.com,9,2022-03-23,ACTIVO
6256,Residencial,58XXXX35,983XXX114,cliente06256***@correo.com,37,2022-09-29,ACTIVO
6257,Residencial,35XXXX91,903XXX447,cliente06257***@correo.com,11,2018-11-10,ACTIVO
6258,Residencial,60XXXX81,970XXX152,cliente06258***@correo.com,18,2022-01-31,ACTIVO
6259,Residencial,49XXXX83,998XXX315,cliente06259***@correo.com,13,2021-10-16,ACTIVO
6260,Industrial,80XXXX16,999XXX956,cliente06260***@correo.com,5,2022-01-01,ACTIVO
6261,Residencial,55XXXX43,908XXX917,cliente06261***@correo.com,7,2020-05-11,ACTIVO
6262,Residencial,68XXXX21,925XXX265,cliente06262***@correo.com,5,2024-01-20,ACTIVO
6263,Residencial,66XXXX71,957XXX980,cliente06263***@correo.com,19,2024-12-20,ACTIVO
6264,Residencial,32XXXX82,938XXX419,cliente06264***@correo.com,29,2020-06-10,ACTIVO
6265,Residencial,18XXXX87,945XXX783,cliente06265***@correo.com,8,2021-01-30,ACTIVO
6266,Alumbrado Público,33XXXX62,981XXX665,cliente06266***@correo.com,19,2020-11-30,ACTIVO
6267,Residencial,15XXXX26,959XXX891,cliente06267***@correo.com,5,2022-05-16,ACTIVO
6268,Residencial,20XXXX99,908XXX250,cliente06268***@correo.com,18,2023-09-17,ACTIVO
6269,Residencial,46XXXX99,953XXX278,cliente06269***@correo.com,5,2021-12-09,ACTIVO
6270,Industrial,53XXXX38,984XXX723,cliente06270***@correo.com,42,2024-10-02,ACTIVO
6271,Residencial,91XXXX82,944XXX761,cliente06271***@correo.com,13,2019-12-21,ACTIVO
6272,Residencial,80XXXX06,901XXX294,cliente06272***@correo.com,27,2024-11-15,ACTIVO
6273,Residencial,55XXXX52,986XXX532,cliente06273***@correo.com,8,2019-09-13,ACTIVO
6274,Comercial,83XXXX52,924XXX404,cliente06274***@correo.com,5,2018-02-16,ACTIVO
6275,Residencial,93XXXX47,980XXX824,cliente06275***@correo.com,20,2019-11-04,ACTIVO
6276,Residencial,12XXXX11,978XXX748,cliente06276***@correo.com,15,2022-03-04,ACTIVO
6277,Residencial,59XXXX76,940XXX399,cliente06277***@correo.com,39,2024-09-13,ACTIVO
6278,Residencial,84XXXX27,977XXX506,cliente06278***@correo.com,21,2018-04-22,ACTIVO
6279,Residencial,86XXXX33,972XXX152,cliente06279***@correo.com,17,2022-10-15,ACTIVO
6280,Residencial,41XXXX24,930XXX524,cliente06280***@correo.com,7,2023-05-06,ACTIVO
6281,Residencial,11XXXX85,956XXX511,cliente06281***@correo.com,15,2019-07-22,ACTIVO
6282,Residencial,54XXXX67,993XXX792,cliente06282***@correo.com,7,2024-10-04,ACTIVO
6283,Residencial,67XXXX27,909XXX975,cliente06283***@correo.com,15,2019-10-19,ACTIVO
6284,Residencial,52XXXX04,935XXX773,cliente06284***@correo.com,13,2018-10-20,ACTIVO
6285,Residencial,55XXXX13,912XXX055,cliente06285***@correo.com,3,2022-11-24,ACTIVO
6286,Residencial,50XXXX87,945XXX114,cliente06286***@correo.com,7,2019-12-17,ACTIVO
6287,Residencial,54XXXX23,911XXX986,cliente06287***@correo.com,9,2022-01-02,ACTIVO
6288,Residencial,50XXXX27,962XXX638,cliente06288***@correo.com,29,2019-01-17,ACTIVO
6289,Residencial,87XXXX95,945XXX018,cliente06289***@correo.com,37,2023-09-05,ACTIVO
6290,Residencial,67XXXX29,954XXX483,cliente06290***@correo.com,15,2024-01-10,ACTIVO
6291,Residencial,59XXXX15,920XXX919,cliente06291***@correo.com,15,2019-10-30,ACTIVO
6292,Residencial,11XXXX63,976XXX131,cliente06292***@correo.com,31,2020-04-25,ACTIVO
6293,Residencial,10XXXX24,998XXX746,cliente06293***@correo.com,28,2021-10-14,ACTIVO
6294,Residencial,64XXXX90,994XXX773,cliente06294***@correo.com,13,2024-02-12,ACTIVO
6295,Residencial,88XXXX99,902XXX767,cliente06295***@correo.com,13,2019-01-25,ACTIVO
6296,Residencial,57XXXX02,909XXX605,cliente06296***@correo.com,36,2018-07-21,ACTIVO
6297,Residencial,38XXXX63,991XXX602,cliente06297***@correo.com,23,2024-09-01,ACTIVO
6298,Residencial,85XXXX19,910XXX567,cliente06298***@correo.com,43,2023-10-28,ACTIVO
6299,Residencial,86XXXX98,950XXX723,cliente06299***@correo.com,7,2020-01-14,ACTIVO
6300,Comercial,87XXXX63,992XXX577,cliente06300***@correo.com,4,2022-04-26,INACTIVO
6301,Comercial,57XXXX06,928XXX020,cliente06301***@correo.com,43,2021-03-31,ACTIVO
6302,Gobierno,51XXXX06,987XXX124,cliente06302***@correo.com,29,2018-09-28,ACTIVO
6303,Residencial,90XXXX83,925XXX919,cliente06303***@correo.com,24,2019-12-29,ACTIVO
6304,Residencial,14XXXX68,907XXX595,cliente06304***@correo.com,39,2023-09-22,ACTIVO
6305,Residencial,63XXXX15,955XXX721,cliente06305***@correo.com,21,2021-06-22,ACTIVO
6306,Residencial,42XXXX41,928XXX460,cliente06306***@correo.com,29,2018-01-30,ACTIVO
6307,Residencial,62XXXX44,985XXX618,cliente06307***@correo.com,15,2018-07-20,ACTIVO
6308,Gobierno,33XXXX22,966XXX213,cliente06308***@correo.com,43,2023-02-27,ACTIVO
6309,Residencial,39XXXX77,983XXX588,cliente06309***@correo.com,13,2023-09-11,ACTIVO
6310,Residencial,86XXXX24,918XXX264,cliente06310***@correo.com,43,2024-01-15,ACTIVO
6311,Residencial,24XXXX40,929XXX827,cliente06311***@correo.com,26,2019-08-22,ACTIVO
6312,Residencial,81XXXX20,957XXX810,cliente06312***@correo.com,12,2022-02-12,ACTIVO
6313,Residencial,99XXXX40,913XXX073,cliente06313***@correo.com,29,2023-11-27,ACTIVO
6314,Residencial,21XXXX58,910XXX620,cliente06314***@correo.com,29,2023-02-26,ACTIVO
6315,Residencial,93XXXX20,952XXX380,cliente06315***@correo.com,43,2021-11-28,ACTIVO
6316,Residencial,27XXXX35,952XXX181,cliente06316***@correo.com,39,2024-09-06,ACTIVO
6317,Residencial,70XXXX81,947XXX962,cliente06317***@correo.com,33,2020-09-15,ACTIVO
6318,Residencial,99XXXX23,989XXX653,cliente06318***@correo.com,26,2021-02-01,ACTIVO
6319,Residencial,16XXXX42,962XXX806,cliente06319***@correo.com,3,2019-03-03,ACTIVO
6320,Comercial,69XXXX01,917XXX269,cliente06320***@correo.com,40,2018-08-08,ACTIVO
6321,Residencial,71XXXX90,949XXX608,cliente06321***@correo.com,5,2021-03-22,ACTIVO
6322,Residencial,36XXXX49,929XXX161,cliente06322***@correo.com,3,2021-10-27,ACTIVO
6323,Residencial,46XXXX86,946XXX830,cliente06323***@correo.com,7,2020-06-03,ACTIVO
6324,Residencial,45XXXX74,975XXX652,cliente06324***@correo.com,29,2023-01-17,ACTIVO
6325,Residencial,52XXXX37,980XXX790,cliente06325***@correo.com,7,2023-10-14,ACTIVO
6326,Residencial,33XXXX37,919XXX012,cliente06326***@correo.com,5,2024-08-03,ACTIVO
6327,Industrial,29XXXX33,926XXX694,cliente06327***@correo.com,15,2019-05-15,ACTIVO
6328,Residencial,21XXXX98,902XXX083,cliente06328***@correo.com,15,2021-10-18,ACTIVO
6329,Residencial,27XXXX76,938XXX033,cliente06329***@correo.com,43,2021-03-20,ACTIVO
6330,Residencial,31XXXX82,973XXX678,cliente06330***@correo.com,9,2024-11-28,ACTIVO
6331,Residencial,19XXXX23,935XXX720,cliente06331***@correo.com,12,2023-07-11,ACTIVO
6332,Residencial,17XXXX93,925XXX449,cliente06332***@correo.com,11,2023-08-21,INACTIVO
6333,Residencial,96XXXX16,961XXX133,cliente06333***@correo.com,7,2021-10-13,ACTIVO
6334,Residencial,84XXXX57,976XXX616,cliente06334***@correo.com,9,2021-01-05,ACTIVO
6335,Residencial,32XXXX67,926XXX722,cliente06335***@correo.com,7,2023-02-23,INACTIVO
6336,Residencial,15XXXX27,984XXX091,cliente06336***@correo.com,34,2024-12-16,ACTIVO
6337,Residencial,84XXXX88,948XXX615,cliente06337***@correo.com,28,2020-03-21,ACTIVO
6338,Residencial,55XXXX63,989XXX330,cliente06338***@correo.com,9,2022-05-06,ACTIVO
6339,Residencial,16XXXX98,998XXX414,cliente06339***@correo.com,39,2019-02-19,ACTIVO
6340,Residencial,38XXXX10,969XXX516,cliente06340***@correo.com,24,2020-02-07,ACTIVO
6341,Residencial,13XXXX60,971XXX961,cliente06341***@correo.com,13,2018-05-23,ACTIVO
6342,Residencial,73XXXX67,926XXX949,cliente06342***@correo.com,20,2018-02-25,ACTIVO
6343,Residencial,63XXXX00,900XXX364,cliente06343***@correo.com,10,2018-05-09,ACTIVO
6344,Residencial,33XXXX98,909XXX528,cliente06344***@correo.com,6,2021-05-13,ACTIVO
6345,Residencial,70XXXX66,969XXX888,cliente06345***@correo.com,19,2020-12-27,ACTIVO
6346,Residencial,29XXXX81,969XXX196,cliente06346***@correo.com,19,2023-01-25,ACTIVO
6347,Residencial,24XXXX14,954XXX903,cliente06347***@correo.com,30,2020-07-16,ACTIVO
6348,Residencial,15XXXX84,980XXX323,cliente06348***@correo.com,1,2020-12-21,ACTIVO
6349,Residencial,66XXXX09,902XXX981,cliente06349***@correo.com,36,2022-03-18,ACTIVO
6350,Residencial,18XXXX28,925XXX799,cliente06350***@correo.com,36,2023-11-26,ACTIVO
6351,Residencial,14XXXX14,940XXX920,cliente06351***@correo.com,5,2021-06-06,ACTIVO
6352,Residencial,66XXXX10,913XXX002,cliente06352***@correo.com,9,2021-02-10,ACTIVO
6353,Residencial,17XXXX12,960XXX521,cliente06353***@correo.com,29,2019-10-23,ACTIVO
6354,Residencial,75XXXX80,912XXX125,cliente06354***@correo.com,29,2021-09-28,ACTIVO
6355,Residencial,63XXXX05,954XXX628,cliente06355***@correo.com,39,2024-06-23,ACTIVO
6356,Residencial,16XXXX26,988XXX256,cliente06356***@correo.com,3,2020-12-29,ACTIVO
6357,Residencial,90XXXX14,908XXX580,cliente06357***@correo.com,7,2023-12-30,ACTIVO
6358,Residencial,61XXXX88,942XXX634,cliente06358***@correo.com,39,2021-06-30,ACTIVO
6359,Residencial,77XXXX78,982XXX979,cliente06359***@correo.com,9,2019-10-11,ACTIVO
6360,Residencial,69XXXX60,902XXX581,cliente06360***@correo.com,7,2024-03-02,ACTIVO
6361,Residencial,25XXXX38,942XXX114,cliente06361***@correo.com,30,2024-05-12,ACTIVO
6362,Residencial,80XXXX95,991XXX718,cliente06362***@correo.com,27,2023-01-06,ACTIVO
6363,Alumbrado Público,35XXXX08,904XXX451,cliente06363***@correo.com,31,2018-07-14,ACTIVO
6364,Industrial,91XXXX22,943XXX450,cliente06364***@correo.com,19,2018-09-23,ACTIVO
6365,Residencial,78XXXX05,963XXX537,cliente06365***@correo.com,30,2023-04-02,ACTIVO
6366,Residencial,69XXXX22,968XXX157,cliente06366***@correo.com,15,2018-07-18,ACTIVO
6367,Residencial,16XXXX90,906XXX595,cliente06367***@correo.com,40,2020-01-01,ACTIVO
6368,Residencial,68XXXX50,931XXX799,cliente06368***@correo.com,28,2023-10-21,ACTIVO
6369,Gobierno,68XXXX51,965XXX903,cliente06369***@correo.com,4,2024-12-02,ACTIVO
6370,Comercial,61XXXX72,972XXX420,cliente06370***@correo.com,15,2024-05-27,ACTIVO
6371,Residencial,64XXXX87,935XXX083,cliente06371***@correo.com,4,2024-02-22,ACTIVO
6372,Residencial,46XXXX83,976XXX073,cliente06372***@correo.com,38,2018-04-23,ACTIVO
6373,Residencial,21XXXX52,953XXX075,cliente06373***@correo.com,4,2020-07-18,ACTIVO
6374,Residencial,66XXXX68,959XXX209,cliente06374***@correo.com,9,2021-12-26,ACTIVO
6375,Residencial,83XXXX73,928XXX802,cliente06375***@correo.com,15,2024-01-25,ACTIVO
6376,Residencial,96XXXX71,924XXX684,cliente06376***@correo.com,9,2018-03-26,ACTIVO
6377,Residencial,89XXXX05,979XXX559,cliente06377***@correo.com,7,2020-02-17,ACTIVO
6378,Residencial,99XXXX39,971XXX324,cliente06378***@correo.com,3,2024-04-12,ACTIVO
6379,Residencial,48XXXX31,901XXX276,cliente06379***@correo.com,20,2018-01-23,ACTIVO
6380,Residencial,46XXXX85,960XXX243,cliente06380***@correo.com,38,2022-12-13,ACTIVO
6381,Residencial,16XXXX33,992XXX354,cliente06381***@correo.com,7,2021-05-30,ACTIVO
6382,Residencial,18XXXX25,948XXX786,cliente06382***@correo.com,37,2018-10-27,ACTIVO
6383,Residencial,93XXXX12,990XXX438,cliente06383***@correo.com,13,2018-07-25,ACTIVO
6384,Comercial,90XXXX46,949XXX315,cliente06384***@correo.com,39,2019-09-11,ACTIVO
6385,Residencial,50XXXX23,986XXX163,cliente06385***@correo.com,38,2019-09-17,INACTIVO
6386,Residencial,55XXXX30,955XXX038,cliente06386***@correo.com,1,2023-07-13,ACTIVO
6387,Residencial,26XXXX83,930XXX817,cliente06387***@correo.com,27,2020-07-17,ACTIVO
6388,Residencial,95XXXX91,915XXX649,cliente06388***@correo.com,15,2021-03-17,ACTIVO
6389,Comercial,95XXXX14,938XXX874,cliente06389***@correo.com,30,2018-04-11,ACTIVO
6390,Comercial,60XXXX52,943XXX023,cliente06390***@correo.com,3,2019-01-19,ACTIVO
6391,Residencial,41XXXX51,925XXX674,cliente06391***@correo.com,2,2019-10-23,ACTIVO
6392,Residencial,71XXXX65,996XXX076,cliente06392***@correo.com,26,2024-03-30,ACTIVO
6393,Residencial,41XXXX22,993XXX563,cliente06393***@correo.com,38,2021-09-08,ACTIVO
6394,Residencial,24XXXX25,900XXX209,cliente06394***@correo.com,16,2021-12-18,ACTIVO
6395,Comercial,74XXXX13,926XXX384,cliente06395***@correo.com,32,2023-10-27,ACTIVO
6396,Residencial,32XXXX08,989XXX829,cliente06396***@correo.com,15,2021-09-12,ACTIVO
6397,Residencial,34XXXX68,974XXX070,cliente06397***@correo.com,9,2018-03-25,ACTIVO
6398,Residencial,59XXXX90,972XXX639,cliente06398***@correo.com,8,2024-11-14,ACTIVO
6399,Residencial,53XXXX80,948XXX389,cliente06399***@correo.com,7,2024-05-13,ACTIVO
6400,Residencial,34XXXX57,941XXX619,cliente06400***@correo.com,39,2023-03-14,ACTIVO
6401,Residencial,27XXXX28,970XXX603,cliente06401***@correo.com,15,2021-11-10,ACTIVO
6402,Residencial,45XXXX99,954XXX602,cliente06402***@correo.com,9,2022-08-28,ACTIVO
6403,Residencial,58XXXX90,993XXX567,cliente06403***@correo.com,26,2019-12-22,ACTIVO
6404,Residencial,96XXXX41,952XXX234,cliente06404***@correo.com,43,2019-04-05,ACTIVO
6405,Residencial,38XXXX01,967XXX578,cliente06405***@correo.com,15,2023-07-21,ACTIVO
6406,Comercial,36XXXX49,963XXX984,cliente06406***@correo.com,3,2024-08-30,ACTIVO
6407,Residencial,49XXXX60,968XXX449,cliente06407***@correo.com,24,2018-03-13,ACTIVO
6408,Residencial,73XXXX80,900XXX128,cliente06408***@correo.com,15,2020-03-26,ACTIVO
6409,Residencial,87XXXX12,979XXX458,cliente06409***@correo.com,9,2018-02-26,ACTIVO
6410,Residencial,52XXXX50,983XXX348,cliente06410***@correo.com,9,2018-08-26,ACTIVO
6411,Residencial,47XXXX52,989XXX843,cliente06411***@correo.com,37,2021-05-31,ACTIVO
6412,Residencial,79XXXX70,943XXX281,cliente06412***@correo.com,5,2022-06-20,ACTIVO
6413,Industrial,90XXXX19,962XXX353,cliente06413***@correo.com,13,2018-05-01,ACTIVO
6414,Residencial,24XXXX61,923XXX675,cliente06414***@correo.com,15,2018-03-21,ACTIVO
6415,Residencial,80XXXX92,935XXX020,cliente06415***@correo.com,29,2023-01-21,ACTIVO
6416,Residencial,43XXXX57,932XXX592,cliente06416***@correo.com,26,2021-06-24,ACTIVO
6417,Residencial,87XXXX04,951XXX400,cliente06417***@correo.com,43,2019-04-16,ACTIVO
6418,Comercial,56XXXX42,928XXX576,cliente06418***@correo.com,9,2023-10-22,ACTIVO
6419,Residencial,18XXXX81,931XXX694,cliente06419***@correo.com,19,2019-02-03,ACTIVO
6420,Residencial,97XXXX44,954XXX771,cliente06420***@correo.com,39,2024-05-01,ACTIVO
6421,Residencial,86XXXX38,901XXX899,cliente06421***@correo.com,10,2023-04-07,ACTIVO
6422,Residencial,93XXXX79,968XXX519,cliente06422***@correo.com,30,2024-11-05,ACTIVO
6423,Residencial,22XXXX08,909XXX188,cliente06423***@correo.com,12,2023-01-09,ACTIVO
6424,Residencial,75XXXX81,919XXX436,cliente06424***@correo.com,39,2021-08-15,ACTIVO
6425,Residencial,30XXXX45,937XXX304,cliente06425***@correo.com,30,2019-04-02,ACTIVO
6426,Residencial,51XXXX34,993XXX892,cliente06426***@correo.com,7,2020-05-26,ACTIVO
6427,Residencial,26XXXX32,995XXX476,cliente06427***@correo.com,28,2020-07-15,ACTIVO
6428,Residencial,65XXXX34,970XXX006,cliente06428***@correo.com,15,2022-12-12,ACTIVO
6429,Residencial,56XXXX28,982XXX046,cliente06429***@correo.com,4,2021-11-05,ACTIVO
6430,Residencial,60XXXX17,959XXX000,cliente06430***@correo.com,3,2020-07-29,ACTIVO
6431,Comercial,80XXXX69,975XXX625,cliente06431***@correo.com,4,2022-04-02,ACTIVO
6432,Residencial,31XXXX43,929XXX689,cliente06432***@correo.com,29,2023-09-19,ACTIVO
6433,Comercial,18XXXX82,960XXX335,cliente06433***@correo.com,7,2024-01-07,ACTIVO
6434,Residencial,83XXXX26,998XXX135,cliente06434***@correo.com,15,2020-12-30,ACTIVO
6435,Residencial,64XXXX66,994XXX514,cliente06435***@correo.com,43,2023-08-01,ACTIVO
6436,Alumbrado Público,60XXXX60,948XXX946,cliente06436***@correo.com,40,2020-06-19,ACTIVO
6437,Residencial,85XXXX20,968XXX750,cliente06437***@correo.com,30,2024-05-24,ACTIVO
6438,Residencial,26XXXX11,929XXX062,cliente06438***@correo.com,22,2019-10-02,ACTIVO
6439,Residencial,90XXXX26,944XXX542,cliente06439***@correo.com,5,2023-05-16,ACTIVO
6440,Residencial,46XXXX41,936XXX697,cliente06440***@correo.com,40,2018-08-10,ACTIVO
6441,Residencial,52XXXX60,966XXX243,cliente06441***@correo.com,40,2019-07-25,ACTIVO
6442,Residencial,58XXXX37,905XXX968,cliente06442***@correo.com,39,2021-03-11,ACTIVO
6443,Residencial,86XXXX46,993XXX263,cliente06443***@correo.com,16,2020-04-18,SUSPENDIDO
6444,Comercial,36XXXX05,998XXX006,cliente06444***@correo.com,15,2024-08-14,ACTIVO
6445,Residencial,94XXXX93,930XXX072,cliente06445***@correo.com,40,2023-03-31,ACTIVO
6446,Residencial,75XXXX17,940XXX501,cliente06446***@correo.com,39,2021-10-11,ACTIVO
6447,Comercial,35XXXX87,914XXX408,cliente06447***@correo.com,20,2024-11-18,ACTIVO
6448,Residencial,20XXXX47,991XXX999,cliente06448***@correo.com,3,2024-05-25,ACTIVO
6449,Residencial,46XXXX58,938XXX384,cliente06449***@correo.com,38,2022-12-20,ACTIVO
6450,Residencial,95XXXX76,987XXX495,cliente06450***@correo.com,30,2024-11-09,ACTIVO
6451,Residencial,47XXXX43,903XXX727,cliente06451***@correo.com,38,2022-07-19,ACTIVO
6452,Residencial,99XXXX85,994XXX686,cliente06452***@correo.com,14,2019-11-04,ACTIVO
6453,Residencial,76XXXX58,994XXX596,cliente06453***@correo.com,4,2022-10-19,ACTIVO
6454,Residencial,50XXXX98,919XXX430,cliente06454***@correo.com,39,2018-06-27,ACTIVO
6455,Comercial,84XXXX53,902XXX219,cliente06455***@correo.com,2,2024-04-09,ACTIVO
6456,Residencial,27XXXX23,917XXX482,cliente06456***@correo.com,28,2018-02-11,ACTIVO
6457,Residencial,62XXXX55,993XXX072,cliente06457***@correo.com,28,2018-06-24,ACTIVO
6458,Residencial,51XXXX25,902XXX479,cliente06458***@correo.com,3,2021-11-10,ACTIVO
6459,Residencial,68XXXX64,927XXX038,cliente06459***@correo.com,5,2018-05-19,ACTIVO
6460,Comercial,39XXXX84,991XXX027,cliente06460***@correo.com,5,2024-09-01,ACTIVO
6461,Residencial,10XXXX73,911XXX493,cliente06461***@correo.com,9,2018-06-01,ACTIVO
6462,Residencial,31XXXX26,993XXX162,cliente06462***@correo.com,5,2021-12-22,ACTIVO
6463,Residencial,86XXXX06,931XXX426,cliente06463***@correo.com,15,2023-08-24,ACTIVO
6464,Residencial,14XXXX06,956XXX435,cliente06464***@correo.com,15,2019-09-16,ACTIVO
6465,Residencial,53XXXX60,952XXX442,cliente06465***@correo.com,3,2019-08-21,ACTIVO
6466,Residencial,51XXXX73,932XXX841,cliente06466***@correo.com,27,2018-04-03,ACTIVO
6467,Residencial,69XXXX96,987XXX468,cliente06467***@correo.com,5,2021-03-02,ACTIVO
6468,Residencial,61XXXX68,976XXX039,cliente06468***@correo.com,2,2022-01-22,ACTIVO
6469,Residencial,52XXXX73,968XXX640,cliente06469***@correo.com,38,2023-10-08,ACTIVO
6470,Residencial,19XXXX34,994XXX844,cliente06470***@correo.com,23,2018-08-07,ACTIVO
6471,Residencial,38XXXX60,935XXX088,cliente06471***@correo.com,13,2020-10-31,ACTIVO
6472,Residencial,82XXXX67,917XXX666,cliente06472***@correo.com,9,2022-01-17,ACTIVO
6473,Residencial,10XXXX21,970XXX149,cliente06473***@correo.com,12,2021-06-27,ACTIVO
6474,Residencial,27XXXX37,900XXX731,cliente06474***@correo.com,26,2019-04-01,ACTIVO
6475,Residencial,92XXXX31,986XXX810,cliente06475***@correo.com,7,2024-12-27,INACTIVO
6476,Comercial,86XXXX71,960XXX122,cliente06476***@correo.com,19,2019-06-11,ACTIVO
6477,Residencial,64XXXX32,977XXX454,cliente06477***@correo.com,23,2021-03-23,ACTIVO
6478,Comercial,65XXXX35,904XXX105,cliente06478***@correo.com,40,2022-02-06,ACTIVO
6479,Residencial,73XXXX75,973XXX044,cliente06479***@correo.com,40,2020-09-18,ACTIVO
6480,Residencial,10XXXX04,992XXX998,cliente06480***@correo.com,29,2019-11-17,ACTIVO
6481,Residencial,38XXXX38,955XXX249,cliente06481***@correo.com,15,2024-07-12,ACTIVO
6482,Residencial,59XXXX85,951XXX431,cliente06482***@correo.com,21,2021-06-12,ACTIVO
6483,Residencial,76XXXX70,953XXX009,cliente06483***@correo.com,30,2022-07-05,ACTIVO
6484,Residencial,91XXXX81,908XXX007,cliente06484***@correo.com,5,2019-01-23,ACTIVO
6485,Residencial,69XXXX86,977XXX956,cliente06485***@correo.com,7,2022-08-29,ACTIVO
6486,Residencial,90XXXX31,992XXX914,cliente06486***@correo.com,5,2021-10-22,ACTIVO
6487,Residencial,57XXXX04,941XXX532,cliente06487***@correo.com,31,2022-11-12,ACTIVO
6488,Residencial,51XXXX87,929XXX194,cliente06488***@correo.com,30,2023-10-05,ACTIVO
6489,Comercial,40XXXX86,999XXX374,cliente06489***@correo.com,15,2020-06-13,ACTIVO
6490,Residencial,38XXXX95,964XXX463,cliente06490***@correo.com,28,2019-06-03,INACTIVO
6491,Residencial,27XXXX45,900XXX705,cliente06491***@correo.com,41,2018-09-26,ACTIVO
6492,Residencial,85XXXX59,911XXX191,cliente06492***@correo.com,27,2023-01-17,ACTIVO
6493,Comercial,52XXXX10,923XXX789,cliente06493***@correo.com,9,2022-02-16,ACTIVO
6494,Residencial,69XXXX22,984XXX589,cliente06494***@correo.com,30,2020-07-05,ACTIVO
6495,Residencial,36XXXX62,953XXX515,cliente06495***@correo.com,3,2020-10-05,ACTIVO
6496,Residencial,84XXXX35,946XXX274,cliente06496***@correo.com,3,2022-01-01,ACTIVO
6497,Residencial,93XXXX90,984XXX270,cliente06497***@correo.com,40,2018-07-30,ACTIVO
6498,Residencial,51XXXX03,917XXX065,cliente06498***@correo.com,3,2023-08-04,ACTIVO
6499,Residencial,20XXXX56,940XXX531,cliente06499***@correo.com,16,2018-09-19,ACTIVO
6500,Residencial,78XXXX38,934XXX401,cliente06500***@correo.com,26,2019-03-26,ACTIVO
6501,Residencial,80XXXX49,997XXX028,cliente06501***@correo.com,40,2021-06-04,ACTIVO
6502,Residencial,89XXXX85,905XXX764,cliente06502***@correo.com,3,2022-03-02,ACTIVO
6503,Residencial,76XXXX37,977XXX829,cliente06503***@correo.com,4,2023-07-26,ACTIVO
6504,Residencial,55XXXX46,975XXX810,cliente06504***@correo.com,29,2023-05-13,ACTIVO
6505,Residencial,59XXXX16,977XXX451,cliente06505***@correo.com,38,2018-08-09,ACTIVO
6506,Residencial,17XXXX62,925XXX406,cliente06506***@correo.com,33,2019-04-09,ACTIVO
6507,Residencial,62XXXX69,919XXX313,cliente06507***@correo.com,4,2020-06-16,ACTIVO
6508,Residencial,70XXXX33,935XXX901,cliente06508***@correo.com,4,2022-08-03,ACTIVO
6509,Residencial,78XXXX64,963XXX490,cliente06509***@correo.com,9,2021-09-04,ACTIVO
6510,Residencial,29XXXX12,980XXX175,cliente06510***@correo.com,40,2019-06-25,ACTIVO
6511,Residencial,87XXXX43,924XXX731,cliente06511***@correo.com,26,2020-02-29,ACTIVO
6512,Residencial,28XXXX66,947XXX809,cliente06512***@correo.com,15,2021-02-06,ACTIVO
6513,Residencial,69XXXX77,942XXX908,cliente06513***@correo.com,26,2019-01-17,ACTIVO
6514,Residencial,64XXXX49,919XXX309,cliente06514***@correo.com,15,2023-05-15,ACTIVO
6515,Residencial,96XXXX91,968XXX461,cliente06515***@correo.com,15,2021-08-10,ACTIVO
6516,Residencial,61XXXX14,963XXX769,cliente06516***@correo.com,9,2022-03-31,INACTIVO
6517,Residencial,38XXXX20,966XXX734,cliente06517***@correo.com,26,2021-08-13,ACTIVO
6518,Residencial,91XXXX64,935XXX772,cliente06518***@correo.com,19,2021-11-30,ACTIVO
6519,Residencial,16XXXX00,938XXX931,cliente06519***@correo.com,23,2023-11-01,ACTIVO
6520,Residencial,15XXXX02,903XXX646,cliente06520***@correo.com,37,2023-03-05,ACTIVO
6521,Residencial,84XXXX55,908XXX071,cliente06521***@correo.com,43,2022-02-09,ACTIVO
6522,Residencial,26XXXX20,982XXX398,cliente06522***@correo.com,32,2023-03-10,ACTIVO
6523,Residencial,55XXXX41,937XXX271,cliente06523***@correo.com,43,2024-10-31,ACTIVO
6524,Residencial,83XXXX29,925XXX407,cliente06524***@correo.com,30,2024-02-27,INACTIVO
6525,Residencial,16XXXX78,938XXX749,cliente06525***@correo.com,5,2021-07-02,ACTIVO
6526,Residencial,56XXXX74,910XXX793,cliente06526***@correo.com,28,2021-06-01,INACTIVO
6527,Residencial,62XXXX58,974XXX533,cliente06527***@correo.com,15,2021-09-30,ACTIVO
6528,Residencial,55XXXX42,920XXX220,cliente06528***@correo.com,20,2022-12-02,ACTIVO
6529,Residencial,37XXXX11,937XXX649,cliente06529***@correo.com,38,2019-01-24,ACTIVO
6530,Residencial,14XXXX52,997XXX566,cliente06530***@correo.com,38,2020-02-17,ACTIVO
6531,Residencial,18XXXX52,935XXX005,cliente06531***@correo.com,38,2024-05-11,ACTIVO
6532,Residencial,21XXXX23,916XXX863,cliente06532***@correo.com,9,2019-06-27,INACTIVO
6533,Comercial,18XXXX82,972XXX612,cliente06533***@correo.com,15,2023-02-03,ACTIVO
6534,Residencial,86XXXX89,973XXX415,cliente06534***@correo.com,28,2019-05-15,ACTIVO
6535,Residencial,11XXXX35,934XXX248,cliente06535***@correo.com,27,2020-05-01,ACTIVO
6536,Residencial,88XXXX15,980XXX099,cliente06536***@correo.com,24,2022-11-23,ACTIVO
6537,Residencial,75XXXX33,964XXX787,cliente06537***@correo.com,43,2021-01-14,ACTIVO
6538,Residencial,90XXXX82,929XXX744,cliente06538***@correo.com,39,2021-06-29,ACTIVO
6539,Residencial,67XXXX11,992XXX603,cliente06539***@correo.com,29,2020-01-14,ACTIVO
6540,Residencial,32XXXX64,918XXX527,cliente06540***@correo.com,3,2021-12-31,ACTIVO
6541,Comercial,24XXXX14,945XXX509,cliente06541***@correo.com,40,2023-05-15,ACTIVO
6542,Gobierno,41XXXX21,910XXX023,cliente06542***@correo.com,43,2024-01-10,ACTIVO
6543,Residencial,83XXXX83,942XXX689,cliente06543***@correo.com,30,2023-08-31,ACTIVO
6544,Residencial,37XXXX08,927XXX978,cliente06544***@correo.com,28,2018-11-20,ACTIVO
6545,Comercial,61XXXX06,946XXX251,cliente06545***@correo.com,3,2024-07-22,ACTIVO
6546,Residencial,75XXXX27,944XXX555,cliente06546***@correo.com,43,2020-11-01,ACTIVO
6547,Residencial,51XXXX84,929XXX768,cliente06547***@correo.com,15,2023-07-03,ACTIVO
6548,Residencial,13XXXX13,915XXX229,cliente06548***@correo.com,15,2022-05-21,ACTIVO
6549,Residencial,11XXXX73,938XXX693,cliente06549***@correo.com,5,2024-02-13,ACTIVO
6550,Residencial,77XXXX24,941XXX113,cliente06550***@correo.com,5,2023-08-24,ACTIVO
6551,Residencial,81XXXX22,948XXX671,cliente06551***@correo.com,39,2019-06-21,ACTIVO
6552,Residencial,61XXXX85,946XXX243,cliente06552***@correo.com,15,2021-03-11,ACTIVO
6553,Residencial,52XXXX19,964XXX680,cliente06553***@correo.com,28,2024-02-29,ACTIVO
6554,Residencial,76XXXX38,939XXX593,cliente06554***@correo.com,29,2023-07-01,ACTIVO
6555,Residencial,45XXXX53,981XXX949,cliente06555***@correo.com,15,2022-06-24,ACTIVO
6556,Residencial,15XXXX52,909XXX275,cliente06556***@correo.com,26,2023-02-22,SUSPENDIDO
6557,Residencial,40XXXX70,911XXX875,cliente06557***@correo.com,29,2019-02-21,ACTIVO
6558,Residencial,54XXXX26,936XXX215,cliente06558***@correo.com,42,2021-01-19,ACTIVO
6559,Residencial,27XXXX76,910XXX963,cliente06559***@correo.com,40,2018-11-22,ACTIVO
6560,Comercial,10XXXX35,972XXX158,cliente06560***@correo.com,2,2024-11-24,ACTIVO
6561,Residencial,75XXXX80,901XXX552,cliente06561***@correo.com,26,2021-02-03,ACTIVO
6562,Residencial,96XXXX31,956XXX049,cliente06562***@correo.com,9,2021-03-12,ACTIVO
6563,Residencial,67XXXX36,966XXX584,cliente06563***@correo.com,3,2024-02-11,ACTIVO
6564,Residencial,15XXXX37,992XXX243,cliente06564***@correo.com,15,2020-09-09,ACTIVO
6565,Comercial,28XXXX12,980XXX461,cliente06565***@correo.com,3,2019-05-21,ACTIVO
6566,Comercial,51XXXX79,916XXX894,cliente06566***@correo.com,3,2018-11-25,ACTIVO
6567,Residencial,16XXXX45,998XXX697,cliente06567***@correo.com,40,2020-03-13,ACTIVO
6568,Residencial,11XXXX01,983XXX031,cliente06568***@correo.com,9,2020-12-25,ACTIVO
6569,Residencial,99XXXX32,995XXX397,cliente06569***@correo.com,5,2023-08-27,ACTIVO
6570,Residencial,92XXXX00,913XXX891,cliente06570***@correo.com,3,2024-10-28,ACTIVO
6571,Industrial,34XXXX97,963XXX258,cliente06571***@correo.com,43,2019-02-27,ACTIVO
6572,Comercial,14XXXX05,951XXX553,cliente06572***@correo.com,28,2023-11-22,ACTIVO
6573,Residencial,94XXXX94,937XXX815,cliente06573***@correo.com,1,2022-09-28,ACTIVO
6574,Residencial,36XXXX21,907XXX164,cliente06574***@correo.com,33,2024-05-15,ACTIVO
6575,Residencial,76XXXX54,909XXX476,cliente06575***@correo.com,7,2024-01-04,ACTIVO
6576,Gobierno,12XXXX69,969XXX412,cliente06576***@correo.com,15,2022-03-02,ACTIVO
6577,Residencial,25XXXX40,987XXX744,cliente06577***@correo.com,36,2024-06-30,ACTIVO
6578,Residencial,94XXXX86,990XXX094,cliente06578***@correo.com,15,2020-01-15,ACTIVO
6579,Residencial,17XXXX93,979XXX790,cliente06579***@correo.com,40,2023-12-12,ACTIVO
6580,Residencial,51XXXX44,911XXX988,cliente06580***@correo.com,7,2018-04-16,ACTIVO
6581,Residencial,65XXXX97,909XXX238,cliente06581***@correo.com,28,2021-06-04,ACTIVO
6582,Residencial,87XXXX86,905XXX769,cliente06582***@correo.com,21,2019-08-23,ACTIVO
6583,Residencial,99XXXX19,953XXX615,cliente06583***@correo.com,30,2020-08-27,ACTIVO
6584,Comercial,91XXXX17,966XXX814,cliente06584***@correo.com,13,2019-12-10,ACTIVO
6585,Residencial,60XXXX53,972XXX571,cliente06585***@correo.com,29,2021-07-07,ACTIVO
6586,Residencial,40XXXX48,922XXX303,cliente06586***@correo.com,5,2021-07-02,ACTIVO
6587,Residencial,12XXXX86,968XXX590,cliente06587***@correo.com,30,2019-06-10,ACTIVO
6588,Residencial,13XXXX64,908XXX841,cliente06588***@correo.com,3,2024-12-24,ACTIVO
6589,Residencial,99XXXX09,918XXX616,cliente06589***@correo.com,15,2021-03-05,ACTIVO
6590,Residencial,82XXXX61,987XXX182,cliente06590***@correo.com,20,2019-03-12,ACTIVO
6591,Comercial,30XXXX78,927XXX471,cliente06591***@correo.com,39,2022-11-05,ACTIVO
6592,Residencial,13XXXX37,918XXX255,cliente06592***@correo.com,29,2023-12-15,ACTIVO
6593,Residencial,14XXXX56,993XXX686,cliente06593***@correo.com,4,2024-05-19,ACTIVO
6594,Residencial,28XXXX28,936XXX090,cliente06594***@correo.com,40,2019-04-21,ACTIVO
6595,Residencial,60XXXX75,984XXX887,cliente06595***@correo.com,15,2023-02-02,ACTIVO
6596,Residencial,47XXXX71,927XXX727,cliente06596***@correo.com,3,2019-04-14,ACTIVO
6597,Residencial,58XXXX65,916XXX425,cliente06597***@correo.com,30,2018-09-12,ACTIVO
6598,Comercial,98XXXX84,965XXX760,cliente06598***@correo.com,13,2020-04-17,INACTIVO
6599,Residencial,94XXXX19,997XXX400,cliente06599***@correo.com,7,2019-12-15,ACTIVO
6600,Residencial,80XXXX94,928XXX489,cliente06600***@correo.com,39,2023-03-24,ACTIVO
6601,Residencial,60XXXX17,900XXX811,cliente06601***@correo.com,15,2020-07-30,ACTIVO
6602,Residencial,19XXXX67,933XXX407,cliente06602***@correo.com,28,2018-07-31,INACTIVO
6603,Alumbrado Público,51XXXX02,967XXX059,cliente06603***@correo.com,16,2023-01-05,ACTIVO
6604,Comercial,68XXXX13,935XXX862,cliente06604***@correo.com,39,2018-12-02,ACTIVO
6605,Residencial,58XXXX88,996XXX023,cliente06605***@correo.com,15,2024-08-25,ACTIVO
6606,Comercial,75XXXX94,957XXX131,cliente06606***@correo.com,3,2021-02-04,ACTIVO
6607,Residencial,17XXXX23,909XXX794,cliente06607***@correo.com,1,2020-03-02,ACTIVO
6608,Residencial,86XXXX29,993XXX407,cliente06608***@correo.com,38,2021-12-22,ACTIVO
6609,Residencial,80XXXX02,927XXX540,cliente06609***@correo.com,32,2024-08-13,ACTIVO
6610,Residencial,56XXXX35,956XXX364,cliente06610***@correo.com,7,2024-07-28,ACTIVO
6611,Residencial,63XXXX24,956XXX439,cliente06611***@correo.com,13,2022-02-15,ACTIVO
6612,Residencial,68XXXX88,930XXX493,cliente06612***@correo.com,16,2020-04-04,ACTIVO
6613,Residencial,12XXXX88,999XXX141,cliente06613***@correo.com,28,2023-12-23,ACTIVO
6614,Residencial,82XXXX19,958XXX644,cliente06614***@correo.com,14,2020-03-10,ACTIVO
6615,Residencial,14XXXX79,985XXX027,cliente06615***@correo.com,16,2019-03-06,ACTIVO
6616,Residencial,13XXXX02,975XXX021,cliente06616***@correo.com,9,2020-07-01,ACTIVO
6617,Residencial,47XXXX95,956XXX882,cliente06617***@correo.com,28,2020-11-21,ACTIVO
6618,Residencial,78XXXX86,914XXX538,cliente06618***@correo.com,9,2019-08-13,ACTIVO
6619,Industrial,79XXXX11,904XXX225,cliente06619***@correo.com,6,2024-10-09,ACTIVO
6620,Comercial,42XXXX01,960XXX264,cliente06620***@correo.com,39,2022-11-27,ACTIVO
6621,Residencial,67XXXX18,939XXX813,cliente06621***@correo.com,3,2019-11-10,ACTIVO
6622,Residencial,89XXXX31,998XXX644,cliente06622***@correo.com,3,2023-10-31,ACTIVO
6623,Residencial,39XXXX98,925XXX280,cliente06623***@correo.com,30,2023-05-26,ACTIVO
6624,Residencial,16XXXX61,958XXX071,cliente06624***@correo.com,3,2018-06-14,ACTIVO
6625,Industrial,96XXXX69,999XXX801,cliente06625***@correo.com,7,2018-11-06,ACTIVO
6626,Comercial,84XXXX52,987XXX181,cliente06626***@correo.com,30,2021-01-29,ACTIVO
6627,Residencial,47XXXX70,976XXX717,cliente06627***@correo.com,26,2024-01-07,ACTIVO
6628,Residencial,59XXXX77,969XXX468,cliente06628***@correo.com,40,2022-06-22,ACTIVO
6629,Residencial,65XXXX81,923XXX406,cliente06629***@correo.com,29,2024-04-07,ACTIVO
6630,Residencial,36XXXX93,908XXX706,cliente06630***@correo.com,15,2020-03-25,ACTIVO
6631,Comercial,80XXXX25,998XXX410,cliente06631***@correo.com,38,2023-07-22,ACTIVO
6632,Alumbrado Público,80XXXX38,926XXX510,cliente06632***@correo.com,7,2021-05-05,ACTIVO
6633,Residencial,78XXXX86,920XXX556,cliente06633***@correo.com,19,2019-01-11,ACTIVO
6634,Residencial,19XXXX77,998XXX808,cliente06634***@correo.com,43,2018-04-03,ACTIVO
6635,Residencial,38XXXX62,903XXX859,cliente06635***@correo.com,36,2022-05-30,ACTIVO
6636,Residencial,44XXXX71,924XXX686,cliente06636***@correo.com,9,2021-09-25,INACTIVO
6637,Residencial,36XXXX37,943XXX455,cliente06637***@correo.com,15,2024-06-28,ACTIVO
6638,Residencial,86XXXX45,914XXX613,cliente06638***@correo.com,15,2020-12-21,ACTIVO
6639,Residencial,12XXXX31,937XXX251,cliente06639***@correo.com,43,2022-12-24,ACTIVO
6640,Comercial,23XXXX54,964XXX779,cliente06640***@correo.com,9,2018-05-17,ACTIVO
6641,Comercial,76XXXX84,940XXX746,cliente06641***@correo.com,39,2023-02-18,ACTIVO
6642,Residencial,70XXXX05,932XXX671,cliente06642***@correo.com,5,2021-12-13,ACTIVO
6643,Residencial,94XXXX36,963XXX222,cliente06643***@correo.com,5,2022-08-01,ACTIVO
6644,Residencial,84XXXX64,925XXX601,cliente06644***@correo.com,26,2022-08-11,ACTIVO
6645,Residencial,86XXXX54,931XXX337,cliente06645***@correo.com,4,2020-06-06,ACTIVO
6646,Residencial,48XXXX42,961XXX418,cliente06646***@correo.com,1,2023-04-20,ACTIVO
6647,Residencial,37XXXX16,970XXX602,cliente06647***@correo.com,7,2020-03-10,ACTIVO
6648,Comercial,47XXXX16,980XXX380,cliente06648***@correo.com,7,2018-01-09,ACTIVO
6649,Residencial,76XXXX95,974XXX528,cliente06649***@correo.com,19,2023-05-30,ACTIVO
6650,Residencial,20XXXX91,972XXX184,cliente06650***@correo.com,15,2018-06-10,ACTIVO
6651,Residencial,55XXXX68,950XXX731,cliente06651***@correo.com,28,2020-09-14,ACTIVO
6652,Residencial,62XXXX30,906XXX273,cliente06652***@correo.com,15,2022-12-09,ACTIVO
6653,Comercial,37XXXX88,965XXX131,cliente06653***@correo.com,4,2020-02-11,ACTIVO
6654,Residencial,78XXXX22,962XXX686,cliente06654***@correo.com,3,2023-07-23,ACTIVO
6655,Residencial,72XXXX38,929XXX878,cliente06655***@correo.com,31,2023-08-05,ACTIVO
6656,Residencial,15XXXX10,937XXX136,cliente06656***@correo.com,7,2021-04-19,ACTIVO
6657,Residencial,93XXXX12,959XXX135,cliente06657***@correo.com,4,2019-12-02,ACTIVO
6658,Residencial,62XXXX41,972XXX254,cliente06658***@correo.com,39,2022-05-02,ACTIVO
6659,Residencial,62XXXX24,908XXX763,cliente06659***@correo.com,12,2024-04-19,ACTIVO
6660,Residencial,24XXXX83,960XXX591,cliente06660***@correo.com,15,2019-07-31,ACTIVO
6661,Alumbrado Público,87XXXX16,979XXX819,cliente06661***@correo.com,5,2019-05-19,ACTIVO
6662,Residencial,24XXXX42,934XXX241,cliente06662***@correo.com,26,2024-06-08,ACTIVO
6663,Residencial,96XXXX10,997XXX401,cliente06663***@correo.com,7,2019-11-19,ACTIVO
6664,Residencial,29XXXX77,996XXX770,cliente06664***@correo.com,15,2022-01-23,ACTIVO
6665,Residencial,92XXXX24,916XXX532,cliente06665***@correo.com,6,2021-03-06,ACTIVO
6666,Residencial,28XXXX01,988XXX204,cliente06666***@correo.com,42,2020-09-13,ACTIVO
6667,Residencial,15XXXX64,970XXX959,cliente06667***@correo.com,4,2024-02-06,ACTIVO
6668,Residencial,15XXXX38,925XXX707,cliente06668***@correo.com,3,2022-09-19,ACTIVO
6669,Residencial,12XXXX56,916XXX454,cliente06669***@correo.com,13,2023-08-27,ACTIVO
6670,Residencial,21XXXX32,918XXX571,cliente06670***@correo.com,29,2021-11-09,ACTIVO
6671,Residencial,23XXXX12,902XXX176,cliente06671***@correo.com,30,2018-03-03,ACTIVO
6672,Residencial,48XXXX54,979XXX972,cliente06672***@correo.com,24,2023-07-16,ACTIVO
6673,Residencial,58XXXX22,956XXX436,cliente06673***@correo.com,15,2022-05-12,ACTIVO
6674,Residencial,54XXXX48,943XXX941,cliente06674***@correo.com,3,2023-11-06,ACTIVO
6675,Residencial,75XXXX96,998XXX977,cliente06675***@correo.com,43,2019-10-26,ACTIVO
6676,Residencial,83XXXX81,901XXX239,cliente06676***@correo.com,29,2018-10-14,ACTIVO
6677,Comercial,38XXXX92,962XXX927,cliente06677***@correo.com,9,2020-10-24,ACTIVO
6678,Residencial,30XXXX89,999XXX195,cliente06678***@correo.com,9,2019-03-25,ACTIVO
6679,Residencial,66XXXX22,920XXX211,cliente06679***@correo.com,6,2023-03-21,ACTIVO
6680,Residencial,52XXXX05,934XXX183,cliente06680***@correo.com,30,2021-04-02,ACTIVO
6681,Residencial,71XXXX06,958XXX505,cliente06681***@correo.com,15,2019-02-04,ACTIVO
6682,Residencial,47XXXX05,992XXX176,cliente06682***@correo.com,18,2021-01-27,ACTIVO
6683,Comercial,60XXXX71,937XXX780,cliente06683***@correo.com,29,2018-04-18,ACTIVO
6684,Comercial,14XXXX54,919XXX404,cliente06684***@correo.com,21,2023-12-22,ACTIVO
6685,Alumbrado Público,76XXXX59,973XXX186,cliente06685***@correo.com,10,2019-08-19,ACTIVO
6686,Residencial,80XXXX44,933XXX026,cliente06686***@correo.com,15,2018-08-14,ACTIVO
6687,Comercial,95XXXX23,944XXX391,cliente06687***@correo.com,30,2022-09-06,ACTIVO
6688,Residencial,28XXXX29,905XXX636,cliente06688***@correo.com,25,2021-01-22,ACTIVO
6689,Residencial,72XXXX51,957XXX653,cliente06689***@correo.com,38,2019-02-04,ACTIVO
6690,Residencial,76XXXX80,911XXX931,cliente06690***@correo.com,3,2024-11-13,ACTIVO
6691,Residencial,50XXXX08,970XXX954,cliente06691***@correo.com,11,2022-03-22,ACTIVO
6692,Residencial,43XXXX67,970XXX713,cliente06692***@correo.com,9,2023-07-07,ACTIVO
6693,Comercial,93XXXX82,907XXX914,cliente06693***@correo.com,27,2019-02-11,ACTIVO
6694,Residencial,50XXXX03,969XXX416,cliente06694***@correo.com,15,2019-02-25,ACTIVO
6695,Residencial,73XXXX43,989XXX121,cliente06695***@correo.com,23,2018-01-20,ACTIVO
6696,Residencial,27XXXX70,964XXX126,cliente06696***@correo.com,3,2020-04-24,ACTIVO
6697,Residencial,71XXXX33,913XXX130,cliente06697***@correo.com,6,2020-02-27,ACTIVO
6698,Residencial,97XXXX51,927XXX110,cliente06698***@correo.com,3,2021-02-16,ACTIVO
6699,Residencial,81XXXX00,997XXX991,cliente06699***@correo.com,15,2021-09-06,ACTIVO
6700,Residencial,31XXXX19,916XXX215,cliente06700***@correo.com,17,2024-03-10,ACTIVO
6701,Residencial,79XXXX96,963XXX111,cliente06701***@correo.com,7,2022-12-01,ACTIVO
6702,Comercial,42XXXX88,962XXX380,cliente06702***@correo.com,14,2023-05-07,ACTIVO
6703,Comercial,27XXXX66,962XXX157,cliente06703***@correo.com,41,2022-04-10,ACTIVO
6704,Residencial,55XXXX21,992XXX596,cliente06704***@correo.com,31,2024-07-16,ACTIVO
6705,Residencial,68XXXX26,929XXX654,cliente06705***@correo.com,29,2018-04-18,ACTIVO
6706,Residencial,32XXXX76,925XXX922,cliente06706***@correo.com,27,2024-09-12,ACTIVO
6707,Residencial,17XXXX13,910XXX558,cliente06707***@correo.com,15,2021-02-09,ACTIVO
6708,Residencial,65XXXX14,935XXX333,cliente06708***@correo.com,26,2020-01-14,ACTIVO
6709,Gobierno,36XXXX62,981XXX633,cliente06709***@correo.com,14,2020-06-13,ACTIVO
6710,Residencial,43XXXX44,990XXX099,cliente06710***@correo.com,7,2019-04-22,ACTIVO
6711,Residencial,16XXXX22,915XXX394,cliente06711***@correo.com,15,2018-03-01,ACTIVO
6712,Residencial,53XXXX85,987XXX870,cliente06712***@correo.com,35,2021-06-03,ACTIVO
6713,Comercial,23XXXX32,942XXX973,cliente06713***@correo.com,3,2018-03-05,ACTIVO
6714,Residencial,30XXXX67,934XXX853,cliente06714***@correo.com,15,2022-03-26,ACTIVO
6715,Residencial,99XXXX02,956XXX193,cliente06715***@correo.com,28,2019-05-22,ACTIVO
6716,Gobierno,84XXXX43,910XXX896,cliente06716***@correo.com,7,2019-01-04,ACTIVO
6717,Comercial,35XXXX37,955XXX216,cliente06717***@correo.com,39,2018-09-18,ACTIVO
6718,Residencial,60XXXX20,918XXX372,cliente06718***@correo.com,15,2022-06-01,ACTIVO
6719,Residencial,44XXXX99,923XXX623,cliente06719***@correo.com,24,2018-01-19,ACTIVO
6720,Residencial,16XXXX48,975XXX678,cliente06720***@correo.com,7,2021-08-14,ACTIVO
6721,Residencial,34XXXX77,925XXX483,cliente06721***@correo.com,28,2018-12-13,ACTIVO
6722,Residencial,72XXXX34,949XXX957,cliente06722***@correo.com,13,2021-06-17,ACTIVO
6723,Residencial,81XXXX24,980XXX917,cliente06723***@correo.com,29,2019-10-10,ACTIVO
6724,Residencial,88XXXX36,942XXX242,cliente06724***@correo.com,38,2024-03-23,ACTIVO
6725,Residencial,47XXXX54,979XXX806,cliente06725***@correo.com,29,2024-02-01,ACTIVO
6726,Alumbrado Público,61XXXX58,926XXX219,cliente06726***@correo.com,7,2023-03-08,ACTIVO
6727,Residencial,40XXXX42,926XXX694,cliente06727***@correo.com,15,2022-10-06,ACTIVO
6728,Residencial,48XXXX84,991XXX702,cliente06728***@correo.com,15,2021-06-07,ACTIVO
6729,Residencial,77XXXX34,963XXX333,cliente06729***@correo.com,1,2019-05-17,ACTIVO
6730,Residencial,61XXXX48,939XXX506,cliente06730***@correo.com,4,2024-08-24,ACTIVO
6731,Residencial,25XXXX56,933XXX193,cliente06731***@correo.com,26,2022-06-12,ACTIVO
6732,Residencial,60XXXX30,954XXX046,cliente06732***@correo.com,4,2023-12-23,ACTIVO
6733,Residencial,94XXXX57,978XXX581,cliente06733***@correo.com,5,2020-02-18,ACTIVO
6734,Residencial,93XXXX03,945XXX604,cliente06734***@correo.com,21,2019-11-17,ACTIVO
6735,Residencial,14XXXX23,927XXX090,cliente06735***@correo.com,15,2022-10-30,ACTIVO
6736,Residencial,14XXXX94,993XXX280,cliente06736***@correo.com,32,2020-09-30,ACTIVO
6737,Residencial,79XXXX09,908XXX020,cliente06737***@correo.com,30,2022-02-12,ACTIVO
6738,Comercial,51XXXX27,923XXX557,cliente06738***@correo.com,30,2024-06-30,ACTIVO
6739,Alumbrado Público,56XXXX14,909XXX525,cliente06739***@correo.com,30,2019-06-07,ACTIVO
6740,Residencial,94XXXX52,951XXX984,cliente06740***@correo.com,15,2021-09-28,ACTIVO
6741,Residencial,73XXXX29,960XXX056,cliente06741***@correo.com,15,2022-11-11,ACTIVO
6742,Residencial,46XXXX78,939XXX896,cliente06742***@correo.com,30,2024-04-25,ACTIVO
6743,Residencial,28XXXX79,940XXX609,cliente06743***@correo.com,7,2018-07-16,ACTIVO
6744,Residencial,60XXXX25,948XXX775,cliente06744***@correo.com,3,2019-06-16,ACTIVO
6745,Comercial,14XXXX74,966XXX563,cliente06745***@correo.com,18,2023-01-23,ACTIVO
6746,Residencial,98XXXX05,980XXX148,cliente06746***@correo.com,9,2024-03-04,ACTIVO
6747,Residencial,20XXXX29,906XXX997,cliente06747***@correo.com,30,2021-03-13,ACTIVO
6748,Residencial,83XXXX83,940XXX044,cliente06748***@correo.com,33,2019-11-25,ACTIVO
6749,Residencial,53XXXX49,947XXX796,cliente06749***@correo.com,30,2020-05-23,ACTIVO
6750,Residencial,45XXXX67,996XXX003,cliente06750***@correo.com,15,2018-02-13,ACTIVO
6751,Residencial,92XXXX72,974XXX877,cliente06751***@correo.com,19,2021-06-05,ACTIVO
6752,Residencial,16XXXX74,983XXX771,cliente06752***@correo.com,9,2021-10-15,ACTIVO
6753,Residencial,54XXXX71,919XXX507,cliente06753***@correo.com,38,2020-02-22,ACTIVO
6754,Residencial,90XXXX07,941XXX076,cliente06754***@correo.com,21,2018-02-27,ACTIVO
6755,Residencial,11XXXX15,936XXX579,cliente06755***@correo.com,9,2021-04-14,ACTIVO
6756,Comercial,84XXXX29,956XXX091,cliente06756***@correo.com,28,2018-03-19,ACTIVO
6757,Comercial,47XXXX94,956XXX410,cliente06757***@correo.com,15,2023-05-26,ACTIVO
6758,Residencial,36XXXX50,964XXX822,cliente06758***@correo.com,13,2018-07-12,ACTIVO
6759,Residencial,33XXXX40,931XXX996,cliente06759***@correo.com,5,2019-02-09,ACTIVO
6760,Residencial,63XXXX88,914XXX427,cliente06760***@correo.com,9,2024-05-15,ACTIVO
6761,Residencial,77XXXX26,946XXX110,cliente06761***@correo.com,15,2020-01-13,ACTIVO
6762,Residencial,59XXXX86,979XXX871,cliente06762***@correo.com,9,2018-07-28,ACTIVO
6763,Residencial,18XXXX43,901XXX398,cliente06763***@correo.com,9,2021-04-13,ACTIVO
6764,Residencial,57XXXX26,904XXX854,cliente06764***@correo.com,15,2019-07-24,ACTIVO
6765,Residencial,15XXXX60,918XXX696,cliente06765***@correo.com,32,2019-07-19,INACTIVO
6766,Residencial,65XXXX44,930XXX752,cliente06766***@correo.com,18,2019-01-08,ACTIVO
6767,Residencial,22XXXX37,933XXX285,cliente06767***@correo.com,7,2021-06-25,ACTIVO
6768,Residencial,93XXXX72,951XXX191,cliente06768***@correo.com,5,2018-01-01,ACTIVO
6769,Residencial,77XXXX24,964XXX365,cliente06769***@correo.com,32,2023-06-03,ACTIVO
6770,Residencial,68XXXX11,985XXX236,cliente06770***@correo.com,43,2020-05-07,ACTIVO
6771,Residencial,83XXXX46,909XXX485,cliente06771***@correo.com,7,2021-09-14,ACTIVO
6772,Residencial,93XXXX14,917XXX492,cliente06772***@correo.com,3,2023-04-21,ACTIVO
6773,Residencial,35XXXX62,910XXX578,cliente06773***@correo.com,28,2023-06-04,ACTIVO
6774,Residencial,12XXXX69,937XXX446,cliente06774***@correo.com,29,2022-11-22,ACTIVO
6775,Residencial,35XXXX51,988XXX423,cliente06775***@correo.com,7,2019-09-16,ACTIVO
6776,Residencial,91XXXX78,992XXX531,cliente06776***@correo.com,22,2022-09-04,ACTIVO
6777,Residencial,34XXXX26,970XXX775,cliente06777***@correo.com,17,2020-08-27,ACTIVO
6778,Comercial,66XXXX76,900XXX512,cliente06778***@correo.com,43,2022-07-23,ACTIVO
6779,Comercial,39XXXX04,921XXX227,cliente06779***@correo.com,15,2018-05-30,ACTIVO
6780,Residencial,88XXXX33,946XXX667,cliente06780***@correo.com,5,2018-04-07,ACTIVO
6781,Residencial,38XXXX55,924XXX855,cliente06781***@correo.com,1,2020-11-13,ACTIVO
6782,Industrial,14XXXX04,963XXX697,cliente06782***@correo.com,15,2023-07-24,ACTIVO
6783,Residencial,68XXXX79,916XXX976,cliente06783***@correo.com,40,2018-01-21,ACTIVO
6784,Residencial,64XXXX68,968XXX261,cliente06784***@correo.com,7,2023-02-13,ACTIVO
6785,Industrial,55XXXX49,926XXX659,cliente06785***@correo.com,9,2024-04-19,ACTIVO
6786,Gobierno,89XXXX22,988XXX487,cliente06786***@correo.com,15,2018-03-05,ACTIVO
6787,Residencial,33XXXX58,904XXX247,cliente06787***@correo.com,5,2022-09-21,SUSPENDIDO
6788,Residencial,40XXXX11,904XXX471,cliente06788***@correo.com,12,2021-10-17,ACTIVO
6789,Residencial,78XXXX15,969XXX741,cliente06789***@correo.com,22,2024-03-04,ACTIVO
6790,Comercial,94XXXX86,987XXX733,cliente06790***@correo.com,40,2020-09-22,ACTIVO
6791,Residencial,20XXXX00,974XXX618,cliente06791***@correo.com,7,2018-07-07,ACTIVO
6792,Residencial,84XXXX41,976XXX529,cliente06792***@correo.com,3,2019-12-10,ACTIVO
6793,Residencial,38XXXX20,993XXX578,cliente06793***@correo.com,32,2020-08-14,SUSPENDIDO
6794,Residencial,34XXXX64,940XXX414,cliente06794***@correo.com,10,2018-05-04,ACTIVO
6795,Residencial,11XXXX42,926XXX397,cliente06795***@correo.com,30,2019-12-07,ACTIVO
6796,Residencial,35XXXX74,989XXX356,cliente06796***@correo.com,42,2021-04-29,ACTIVO
6797,Residencial,46XXXX96,918XXX161,cliente06797***@correo.com,17,2019-07-05,ACTIVO
6798,Residencial,20XXXX67,949XXX776,cliente06798***@correo.com,5,2018-01-21,ACTIVO
6799,Residencial,21XXXX55,927XXX375,cliente06799***@correo.com,23,2019-06-26,ACTIVO
6800,Residencial,78XXXX33,971XXX244,cliente06800***@correo.com,18,2018-07-20,ACTIVO
6801,Residencial,92XXXX08,957XXX197,cliente06801***@correo.com,3,2019-07-24,ACTIVO
6802,Residencial,20XXXX57,922XXX776,cliente06802***@correo.com,19,2019-05-20,ACTIVO
6803,Residencial,24XXXX55,967XXX097,cliente06803***@correo.com,7,2018-01-08,ACTIVO
6804,Residencial,36XXXX92,989XXX275,cliente06804***@correo.com,29,2022-06-21,ACTIVO
6805,Residencial,33XXXX87,991XXX670,cliente06805***@correo.com,35,2024-05-08,ACTIVO
6806,Residencial,68XXXX49,952XXX513,cliente06806***@correo.com,5,2020-03-08,ACTIVO
6807,Residencial,53XXXX07,933XXX961,cliente06807***@correo.com,25,2022-05-15,ACTIVO
6808,Residencial,14XXXX22,934XXX920,cliente06808***@correo.com,13,2024-04-08,ACTIVO
6809,Residencial,34XXXX48,997XXX486,cliente06809***@correo.com,29,2024-02-17,ACTIVO
6810,Residencial,43XXXX23,950XXX338,cliente06810***@correo.com,32,2019-02-21,ACTIVO
6811,Residencial,98XXXX28,925XXX876,cliente06811***@correo.com,28,2023-10-25,ACTIVO
6812,Comercial,35XXXX50,953XXX664,cliente06812***@correo.com,30,2022-11-11,ACTIVO
6813,Residencial,81XXXX02,976XXX035,cliente06813***@correo.com,3,2019-09-15,ACTIVO
6814,Residencial,10XXXX95,967XXX963,cliente06814***@correo.com,30,2024-09-19,ACTIVO
6815,Residencial,95XXXX72,981XXX305,cliente06815***@correo.com,5,2019-04-28,SUSPENDIDO
6816,Residencial,39XXXX24,972XXX373,cliente06816***@correo.com,26,2021-01-17,ACTIVO
6817,Comercial,33XXXX92,922XXX098,cliente06817***@correo.com,5,2023-01-22,ACTIVO
6818,Residencial,50XXXX63,968XXX169,cliente06818***@correo.com,29,2024-03-21,ACTIVO
6819,Residencial,87XXXX79,999XXX121,cliente06819***@correo.com,5,2023-08-01,ACTIVO
6820,Residencial,55XXXX00,906XXX758,cliente06820***@correo.com,15,2019-01-03,ACTIVO
6821,Comercial,20XXXX15,946XXX560,cliente06821***@correo.com,15,2018-01-16,ACTIVO
6822,Residencial,44XXXX53,993XXX102,cliente06822***@correo.com,9,2021-05-31,ACTIVO
6823,Residencial,31XXXX13,966XXX513,cliente06823***@correo.com,38,2022-03-21,ACTIVO
6824,Comercial,42XXXX94,948XXX781,cliente06824***@correo.com,3,2022-06-01,ACTIVO
6825,Residencial,66XXXX55,932XXX084,cliente06825***@correo.com,43,2022-07-24,ACTIVO
6826,Residencial,60XXXX54,974XXX963,cliente06826***@correo.com,5,2020-09-01,ACTIVO
6827,Residencial,25XXXX53,937XXX153,cliente06827***@correo.com,4,2022-10-18,ACTIVO
6828,Residencial,84XXXX93,993XXX135,cliente06828***@correo.com,4,2020-10-08,ACTIVO
6829,Comercial,65XXXX10,955XXX004,cliente06829***@correo.com,7,2024-09-20,ACTIVO
6830,Residencial,26XXXX25,986XXX434,cliente06830***@correo.com,9,2018-04-09,ACTIVO
6831,Comercial,31XXXX46,912XXX916,cliente06831***@correo.com,9,2024-08-05,ACTIVO
6832,Residencial,98XXXX29,995XXX198,cliente06832***@correo.com,28,2022-09-14,ACTIVO
6833,Gobierno,17XXXX73,930XXX302,cliente06833***@correo.com,15,2023-07-17,ACTIVO
6834,Residencial,14XXXX05,992XXX047,cliente06834***@correo.com,5,2024-06-30,ACTIVO
6835,Residencial,66XXXX75,924XXX126,cliente06835***@correo.com,28,2022-03-29,ACTIVO
6836,Residencial,34XXXX16,919XXX038,cliente06836***@correo.com,2,2018-08-10,ACTIVO
6837,Gobierno,31XXXX22,995XXX724,cliente06837***@correo.com,36,2022-02-25,ACTIVO
6838,Residencial,78XXXX49,953XXX151,cliente06838***@correo.com,2,2018-06-08,ACTIVO
6839,Residencial,27XXXX66,958XXX659,cliente06839***@correo.com,29,2022-03-29,ACTIVO
6840,Residencial,89XXXX89,966XXX390,cliente06840***@correo.com,26,2023-09-13,ACTIVO
6841,Residencial,50XXXX51,914XXX863,cliente06841***@correo.com,22,2022-01-25,ACTIVO
6842,Alumbrado Público,42XXXX97,931XXX185,cliente06842***@correo.com,43,2021-09-19,ACTIVO
6843,Alumbrado Público,59XXXX12,972XXX962,cliente06843***@correo.com,25,2023-04-30,ACTIVO
6844,Residencial,25XXXX34,922XXX319,cliente06844***@correo.com,4,2019-11-25,ACTIVO
6845,Comercial,76XXXX06,916XXX472,cliente06845***@correo.com,5,2024-05-05,ACTIVO
6846,Residencial,74XXXX90,901XXX335,cliente06846***@correo.com,11,2019-10-16,ACTIVO
6847,Residencial,24XXXX90,943XXX087,cliente06847***@correo.com,8,2020-06-05,ACTIVO
6848,Residencial,59XXXX44,944XXX210,cliente06848***@correo.com,9,2024-08-17,ACTIVO
6849,Gobierno,29XXXX93,988XXX366,cliente06849***@correo.com,13,2018-11-09,ACTIVO
6850,Residencial,85XXXX98,961XXX049,cliente06850***@correo.com,9,2019-04-03,ACTIVO
6851,Residencial,24XXXX40,913XXX068,cliente06851***@correo.com,39,2021-07-11,ACTIVO
6852,Residencial,93XXXX83,905XXX553,cliente06852***@correo.com,15,2018-06-12,ACTIVO
6853,Gobierno,57XXXX62,953XXX634,cliente06853***@correo.com,4,2024-02-14,ACTIVO
6854,Residencial,46XXXX81,952XXX251,cliente06854***@correo.com,29,2021-06-07,ACTIVO
6855,Residencial,55XXXX02,911XXX247,cliente06855***@correo.com,4,2022-02-03,ACTIVO
6856,Residencial,66XXXX48,926XXX626,cliente06856***@correo.com,31,2023-11-12,ACTIVO
6857,Residencial,46XXXX02,939XXX933,cliente06857***@correo.com,37,2018-10-22,ACTIVO
6858,Residencial,76XXXX63,950XXX992,cliente06858***@correo.com,11,2023-01-06,ACTIVO
6859,Residencial,80XXXX03,993XXX275,cliente06859***@correo.com,7,2022-06-05,ACTIVO
6860,Residencial,51XXXX87,959XXX822,cliente06860***@correo.com,22,2022-09-10,ACTIVO
6861,Residencial,16XXXX22,959XXX817,cliente06861***@correo.com,29,2022-12-15,ACTIVO
6862,Residencial,99XXXX57,988XXX248,cliente06862***@correo.com,3,2019-05-20,ACTIVO
6863,Residencial,92XXXX73,908XXX179,cliente06863***@correo.com,43,2023-05-16,ACTIVO
6864,Residencial,13XXXX46,948XXX061,cliente06864***@correo.com,15,2024-11-23,ACTIVO
6865,Residencial,21XXXX46,990XXX487,cliente06865***@correo.com,19,2023-08-26,ACTIVO
6866,Residencial,96XXXX20,997XXX421,cliente06866***@correo.com,3,2020-07-27,ACTIVO
6867,Residencial,10XXXX39,947XXX618,cliente06867***@correo.com,30,2024-10-03,ACTIVO
6868,Residencial,84XXXX07,912XXX515,cliente06868***@correo.com,19,2022-08-24,INACTIVO
6869,Residencial,22XXXX28,971XXX050,cliente06869***@correo.com,28,2020-03-02,ACTIVO
6870,Comercial,29XXXX83,981XXX849,cliente06870***@correo.com,28,2022-07-27,INACTIVO
6871,Residencial,89XXXX62,939XXX754,cliente06871***@correo.com,6,2018-06-01,ACTIVO
6872,Residencial,46XXXX61,902XXX897,cliente06872***@correo.com,26,2023-01-23,ACTIVO
6873,Comercial,34XXXX81,968XXX177,cliente06873***@correo.com,5,2024-11-18,ACTIVO
6874,Residencial,41XXXX04,993XXX968,cliente06874***@correo.com,26,2022-01-17,ACTIVO
6875,Residencial,29XXXX81,995XXX169,cliente06875***@correo.com,5,2024-06-05,ACTIVO
6876,Residencial,39XXXX62,954XXX883,cliente06876***@correo.com,3,2024-11-28,ACTIVO
6877,Residencial,54XXXX80,954XXX044,cliente06877***@correo.com,9,2021-07-11,ACTIVO
6878,Residencial,89XXXX52,956XXX784,cliente06878***@correo.com,14,2020-06-21,ACTIVO
6879,Residencial,27XXXX13,908XXX433,cliente06879***@correo.com,14,2019-12-21,ACTIVO
6880,Residencial,53XXXX17,986XXX386,cliente06880***@correo.com,43,2024-01-01,ACTIVO
6881,Residencial,89XXXX79,970XXX380,cliente06881***@correo.com,15,2019-03-17,ACTIVO
6882,Residencial,99XXXX72,952XXX311,cliente06882***@correo.com,19,2021-04-05,ACTIVO
6883,Residencial,59XXXX95,931XXX317,cliente06883***@correo.com,19,2021-01-01,ACTIVO
6884,Residencial,43XXXX28,940XXX200,cliente06884***@correo.com,39,2023-09-18,ACTIVO
6885,Industrial,83XXXX39,951XXX412,cliente06885***@correo.com,15,2021-03-18,ACTIVO
6886,Residencial,67XXXX52,907XXX535,cliente06886***@correo.com,38,2022-10-29,ACTIVO
6887,Residencial,36XXXX55,913XXX896,cliente06887***@correo.com,9,2018-03-22,ACTIVO
6888,Residencial,34XXXX95,926XXX685,cliente06888***@correo.com,26,2022-02-28,ACTIVO
6889,Residencial,91XXXX11,955XXX707,cliente06889***@correo.com,7,2023-02-14,ACTIVO
6890,Comercial,78XXXX30,954XXX730,cliente06890***@correo.com,39,2018-01-17,ACTIVO
6891,Residencial,55XXXX36,945XXX364,cliente06891***@correo.com,38,2019-01-18,ACTIVO
6892,Residencial,42XXXX75,987XXX456,cliente06892***@correo.com,40,2024-06-21,ACTIVO
6893,Residencial,87XXXX45,923XXX068,cliente06893***@correo.com,40,2022-06-20,ACTIVO
6894,Comercial,74XXXX66,970XXX845,cliente06894***@correo.com,27,2022-08-31,ACTIVO
6895,Gobierno,37XXXX59,948XXX675,cliente06895***@correo.com,7,2020-11-19,ACTIVO
6896,Residencial,91XXXX81,936XXX298,cliente06896***@correo.com,15,2020-11-25,ACTIVO
6897,Residencial,11XXXX45,980XXX176,cliente06897***@correo.com,10,2023-04-08,ACTIVO
6898,Residencial,73XXXX03,983XXX318,cliente06898***@correo.com,7,2021-06-08,ACTIVO
6899,Comercial,34XXXX72,983XXX048,cliente06899***@correo.com,7,2022-02-02,ACTIVO
6900,Residencial,64XXXX05,992XXX468,cliente06900***@correo.com,3,2019-04-12,ACTIVO
6901,Industrial,48XXXX68,941XXX485,cliente06901***@correo.com,26,2019-08-30,ACTIVO
6902,Residencial,58XXXX86,925XXX904,cliente06902***@correo.com,30,2020-03-28,ACTIVO
6903,Residencial,39XXXX87,968XXX195,cliente06903***@correo.com,21,2023-03-13,ACTIVO
6904,Residencial,73XXXX30,921XXX766,cliente06904***@correo.com,16,2023-03-10,ACTIVO
6905,Residencial,53XXXX75,990XXX872,cliente06905***@correo.com,8,2020-03-11,ACTIVO
6906,Residencial,42XXXX36,963XXX116,cliente06906***@correo.com,7,2024-02-02,ACTIVO
6907,Residencial,77XXXX13,999XXX004,cliente06907***@correo.com,9,2018-09-07,ACTIVO
6908,Residencial,52XXXX90,908XXX418,cliente06908***@correo.com,4,2022-03-28,ACTIVO
6909,Residencial,44XXXX48,996XXX249,cliente06909***@correo.com,29,2023-08-25,ACTIVO
6910,Industrial,87XXXX48,982XXX070,cliente06910***@correo.com,40,2024-02-27,ACTIVO
6911,Residencial,40XXXX34,936XXX537,cliente06911***@correo.com,24,2020-09-16,ACTIVO
6912,Residencial,25XXXX50,933XXX836,cliente06912***@correo.com,26,2024-01-01,ACTIVO
6913,Residencial,64XXXX74,930XXX211,cliente06913***@correo.com,19,2020-04-07,ACTIVO
6914,Comercial,20XXXX74,999XXX308,cliente06914***@correo.com,38,2018-09-21,ACTIVO
6915,Residencial,24XXXX11,908XXX423,cliente06915***@correo.com,15,2019-03-18,ACTIVO
6916,Residencial,17XXXX44,953XXX482,cliente06916***@correo.com,7,2020-01-16,ACTIVO
6917,Residencial,61XXXX85,964XXX802,cliente06917***@correo.com,15,2019-01-02,SUSPENDIDO
6918,Residencial,16XXXX09,987XXX613,cliente06918***@correo.com,40,2021-02-25,ACTIVO
6919,Residencial,70XXXX36,945XXX279,cliente06919***@correo.com,40,2024-10-23,ACTIVO
6920,Residencial,43XXXX94,958XXX315,cliente06920***@correo.com,43,2018-09-01,ACTIVO
6921,Residencial,24XXXX39,904XXX066,cliente06921***@correo.com,13,2022-11-07,ACTIVO
6922,Residencial,49XXXX50,943XXX137,cliente06922***@correo.com,4,2019-12-22,ACTIVO
6923,Residencial,81XXXX39,991XXX105,cliente06923***@correo.com,35,2022-08-09,ACTIVO
6924,Comercial,56XXXX71,909XXX332,cliente06924***@correo.com,39,2023-05-07,ACTIVO
6925,Comercial,23XXXX45,981XXX585,cliente06925***@correo.com,19,2021-02-24,ACTIVO
6926,Comercial,76XXXX09,966XXX784,cliente06926***@correo.com,35,2020-05-04,ACTIVO
6927,Residencial,67XXXX83,977XXX214,cliente06927***@correo.com,5,2018-02-28,ACTIVO
6928,Residencial,25XXXX85,924XXX472,cliente06928***@correo.com,32,2019-02-25,ACTIVO
6929,Industrial,94XXXX53,934XXX273,cliente06929***@correo.com,40,2023-12-14,ACTIVO
6930,Residencial,79XXXX61,975XXX667,cliente06930***@correo.com,26,2020-10-08,ACTIVO
6931,Residencial,85XXXX21,949XXX849,cliente06931***@correo.com,30,2018-04-22,ACTIVO
6932,Residencial,65XXXX10,915XXX922,cliente06932***@correo.com,7,2022-08-30,ACTIVO
6933,Residencial,37XXXX61,933XXX161,cliente06933***@correo.com,15,2019-04-09,ACTIVO
6934,Residencial,43XXXX90,955XXX633,cliente06934***@correo.com,13,2019-09-13,ACTIVO
6935,Comercial,86XXXX97,987XXX997,cliente06935***@correo.com,15,2022-09-19,ACTIVO
6936,Residencial,30XXXX90,915XXX360,cliente06936***@correo.com,13,2021-07-28,ACTIVO
6937,Residencial,60XXXX20,987XXX435,cliente06937***@correo.com,26,2023-05-10,ACTIVO
6938,Residencial,26XXXX56,956XXX061,cliente06938***@correo.com,7,2022-07-22,ACTIVO
6939,Residencial,30XXXX93,989XXX851,cliente06939***@correo.com,41,2020-02-22,ACTIVO
6940,Residencial,74XXXX85,942XXX007,cliente06940***@correo.com,7,2023-09-10,ACTIVO
6941,Comercial,40XXXX65,955XXX772,cliente06941***@correo.com,29,2024-02-23,ACTIVO
6942,Residencial,51XXXX20,903XXX654,cliente06942***@correo.com,35,2018-02-28,ACTIVO
6943,Residencial,47XXXX40,983XXX389,cliente06943***@correo.com,30,2024-01-01,ACTIVO
6944,Residencial,12XXXX86,949XXX002,cliente06944***@correo.com,15,2019-01-26,ACTIVO
6945,Comercial,65XXXX92,995XXX799,cliente06945***@correo.com,26,2023-12-31,SUSPENDIDO
6946,Residencial,38XXXX59,919XXX899,cliente06946***@correo.com,43,2022-04-02,ACTIVO
6947,Residencial,13XXXX48,905XXX880,cliente06947***@correo.com,43,2024-11-24,ACTIVO
6948,Residencial,46XXXX80,969XXX249,cliente06948***@correo.com,15,2018-01-30,ACTIVO
6949,Residencial,69XXXX25,949XXX471,cliente06949***@correo.com,9,2024-04-04,ACTIVO
6950,Residencial,52XXXX37,992XXX421,cliente06950***@correo.com,7,2023-12-30,ACTIVO
6951,Residencial,56XXXX08,976XXX577,cliente06951***@correo.com,15,2023-12-09,ACTIVO
6952,Residencial,77XXXX84,970XXX330,cliente06952***@correo.com,2,2021-06-28,ACTIVO
6953,Residencial,51XXXX32,933XXX275,cliente06953***@correo.com,3,2021-03-18,ACTIVO
6954,Residencial,56XXXX45,975XXX796,cliente06954***@correo.com,7,2020-10-24,ACTIVO
6955,Residencial,89XXXX98,998XXX636,cliente06955***@correo.com,43,2020-03-25,ACTIVO
6956,Residencial,58XXXX87,943XXX863,cliente06956***@correo.com,1,2019-10-03,ACTIVO
6957,Residencial,92XXXX69,994XXX928,cliente06957***@correo.com,4,2018-09-06,ACTIVO
6958,Residencial,93XXXX29,942XXX505,cliente06958***@correo.com,15,2019-11-17,ACTIVO
6959,Residencial,26XXXX30,927XXX996,cliente06959***@correo.com,28,2023-06-27,ACTIVO
6960,Residencial,39XXXX13,941XXX649,cliente06960***@correo.com,20,2020-02-14,INACTIVO
6961,Residencial,43XXXX81,986XXX576,cliente06961***@correo.com,19,2018-12-26,ACTIVO
6962,Residencial,34XXXX00,999XXX484,cliente06962***@correo.com,39,2024-03-01,ACTIVO
6963,Residencial,60XXXX36,972XXX635,cliente06963***@correo.com,20,2023-07-10,ACTIVO
6964,Comercial,89XXXX29,911XXX958,cliente06964***@correo.com,24,2022-09-09,ACTIVO
6965,Residencial,82XXXX52,971XXX128,cliente06965***@correo.com,42,2022-06-16,ACTIVO
6966,Residencial,26XXXX31,929XXX728,cliente06966***@correo.com,29,2022-10-27,ACTIVO
6967,Residencial,10XXXX46,933XXX097,cliente06967***@correo.com,28,2023-09-28,ACTIVO
6968,Residencial,23XXXX60,974XXX623,cliente06968***@correo.com,4,2018-01-22,ACTIVO
6969,Residencial,81XXXX46,935XXX778,cliente06969***@correo.com,12,2021-06-19,ACTIVO
6970,Alumbrado Público,22XXXX56,975XXX240,cliente06970***@correo.com,39,2020-02-22,ACTIVO
6971,Residencial,18XXXX60,975XXX935,cliente06971***@correo.com,7,2023-05-18,ACTIVO
6972,Gobierno,74XXXX14,924XXX371,cliente06972***@correo.com,28,2019-12-27,ACTIVO
6973,Residencial,95XXXX97,973XXX823,cliente06973***@correo.com,7,2018-09-29,ACTIVO
6974,Residencial,45XXXX07,920XXX610,cliente06974***@correo.com,15,2021-01-16,ACTIVO
6975,Residencial,83XXXX39,947XXX293,cliente06975***@correo.com,30,2023-12-28,ACTIVO
6976,Residencial,50XXXX49,997XXX610,cliente06976***@correo.com,7,2023-09-23,ACTIVO
6977,Residencial,53XXXX39,981XXX760,cliente06977***@correo.com,9,2019-07-18,ACTIVO
6978,Residencial,77XXXX87,933XXX227,cliente06978***@correo.com,15,2024-11-09,ACTIVO
6979,Residencial,26XXXX83,955XXX704,cliente06979***@correo.com,25,2024-08-06,ACTIVO
6980,Industrial,17XXXX44,932XXX146,cliente06980***@correo.com,15,2022-02-05,ACTIVO
6981,Residencial,22XXXX90,916XXX521,cliente06981***@correo.com,3,2021-08-26,ACTIVO
6982,Residencial,44XXXX47,951XXX091,cliente06982***@correo.com,3,2019-01-11,ACTIVO
6983,Gobierno,97XXXX32,996XXX940,cliente06983***@correo.com,19,2022-12-31,ACTIVO
6984,Residencial,68XXXX78,927XXX205,cliente06984***@correo.com,30,2020-04-05,ACTIVO
6985,Residencial,62XXXX37,908XXX348,cliente06985***@correo.com,7,2020-10-31,ACTIVO
6986,Residencial,75XXXX83,979XXX161,cliente06986***@correo.com,15,2024-08-16,ACTIVO
6987,Residencial,56XXXX53,931XXX495,cliente06987***@correo.com,15,2018-10-28,INACTIVO
6988,Residencial,15XXXX66,941XXX545,cliente06988***@correo.com,40,2023-01-23,ACTIVO
6989,Residencial,79XXXX63,970XXX718,cliente06989***@correo.com,3,2021-06-07,ACTIVO
6990,Residencial,53XXXX41,984XXX845,cliente06990***@correo.com,7,2020-08-16,ACTIVO
6991,Residencial,80XXXX96,911XXX063,cliente06991***@correo.com,2,2020-05-21,ACTIVO
6992,Residencial,30XXXX72,905XXX879,cliente06992***@correo.com,9,2018-07-06,ACTIVO
6993,Residencial,80XXXX15,931XXX892,cliente06993***@correo.com,3,2020-03-30,ACTIVO
6994,Residencial,31XXXX63,990XXX142,cliente06994***@correo.com,4,2024-01-12,ACTIVO
6995,Residencial,83XXXX64,987XXX840,cliente06995***@correo.com,38,2020-12-07,ACTIVO
6996,Residencial,85XXXX84,947XXX475,cliente06996***@correo.com,1,2020-06-27,ACTIVO
6997,Residencial,28XXXX36,993XXX005,cliente06997***@correo.com,29,2020-04-24,ACTIVO
6998,Residencial,15XXXX84,999XXX393,cliente06998***@correo.com,22,2018-10-16,ACTIVO
6999,Residencial,92XXXX16,972XXX290,cliente06999***@correo.com,7,2020-01-09,ACTIVO
7000,Residencial,69XXXX28,955XXX096,cliente07000***@correo.com,9,2018-05-02,ACTIVO
7001,Industrial,12XXXX59,970XXX419,cliente07001***@correo.com,15,2022-02-20,ACTIVO
7002,Residencial,98XXXX57,916XXX187,cliente07002***@correo.com,27,2021-07-08,ACTIVO
7003,Residencial,40XXXX36,997XXX362,cliente07003***@correo.com,43,2024-06-12,ACTIVO
7004,Residencial,13XXXX02,936XXX079,cliente07004***@correo.com,12,2020-02-15,ACTIVO
7005,Residencial,56XXXX08,926XXX623,cliente07005***@correo.com,26,2022-12-05,ACTIVO
7006,Industrial,96XXXX18,957XXX375,cliente07006***@correo.com,28,2024-07-28,ACTIVO
7007,Alumbrado Público,70XXXX20,906XXX562,cliente07007***@correo.com,15,2020-06-04,ACTIVO
7008,Residencial,31XXXX84,961XXX059,cliente07008***@correo.com,39,2019-06-08,ACTIVO
7009,Residencial,60XXXX36,927XXX338,cliente07009***@correo.com,20,2022-02-16,ACTIVO
7010,Residencial,61XXXX85,979XXX888,cliente07010***@correo.com,15,2020-10-14,ACTIVO
7011,Residencial,30XXXX91,903XXX887,cliente07011***@correo.com,5,2024-03-08,ACTIVO
7012,Residencial,13XXXX65,999XXX949,cliente07012***@correo.com,28,2021-02-22,ACTIVO
7013,Residencial,50XXXX40,950XXX639,cliente07013***@correo.com,30,2019-06-18,ACTIVO
7014,Residencial,55XXXX71,900XXX704,cliente07014***@correo.com,5,2020-04-30,ACTIVO
7015,Industrial,38XXXX84,917XXX859,cliente07015***@correo.com,7,2021-03-14,INACTIVO
7016,Residencial,41XXXX48,948XXX040,cliente07016***@correo.com,9,2018-06-14,ACTIVO
7017,Residencial,70XXXX19,910XXX696,cliente07017***@correo.com,23,2018-02-26,ACTIVO
7018,Comercial,68XXXX48,978XXX168,cliente07018***@correo.com,15,2022-05-17,ACTIVO
7019,Residencial,59XXXX91,951XXX940,cliente07019***@correo.com,43,2023-08-09,ACTIVO
7020,Comercial,42XXXX69,930XXX048,cliente07020***@correo.com,9,2019-09-23,ACTIVO
7021,Residencial,47XXXX21,975XXX407,cliente07021***@correo.com,19,2019-03-11,ACTIVO
7022,Industrial,85XXXX55,939XXX876,cliente07022***@correo.com,25,2023-07-20,ACTIVO
7023,Residencial,78XXXX12,936XXX788,cliente07023***@correo.com,36,2021-04-26,ACTIVO
7024,Residencial,69XXXX51,990XXX672,cliente07024***@correo.com,30,2024-11-03,INACTIVO
7025,Industrial,92XXXX66,951XXX429,cliente07025***@correo.com,29,2020-06-29,ACTIVO
7026,Residencial,56XXXX27,914XXX287,cliente07026***@correo.com,23,2018-02-18,ACTIVO
7027,Residencial,63XXXX65,918XXX765,cliente07027***@correo.com,18,2020-12-10,ACTIVO
7028,Residencial,77XXXX73,929XXX816,cliente07028***@correo.com,19,2019-09-30,ACTIVO
7029,Alumbrado Público,15XXXX28,929XXX133,cliente07029***@correo.com,36,2020-04-12,ACTIVO
7030,Residencial,34XXXX51,994XXX547,cliente07030***@correo.com,23,2024-07-27,SUSPENDIDO
7031,Residencial,82XXXX59,920XXX454,cliente07031***@correo.com,15,2020-09-22,ACTIVO
7032,Industrial,87XXXX14,997XXX527,cliente07032***@correo.com,19,2020-08-13,ACTIVO
7033,Residencial,78XXXX35,900XXX125,cliente07033***@correo.com,9,2018-06-04,ACTIVO
7034,Residencial,97XXXX68,964XXX556,cliente07034***@correo.com,11,2021-05-29,ACTIVO
7035,Residencial,33XXXX07,997XXX483,cliente07035***@correo.com,22,2018-10-13,ACTIVO
7036,Residencial,92XXXX79,901XXX062,cliente07036***@correo.com,31,2021-01-27,ACTIVO
7037,Residencial,80XXXX74,993XXX634,cliente07037***@correo.com,3,2022-08-25,ACTIVO
7038,Residencial,22XXXX59,927XXX091,cliente07038***@correo.com,5,2018-07-19,ACTIVO
7039,Residencial,41XXXX61,912XXX346,cliente07039***@correo.com,43,2024-07-16,ACTIVO
7040,Comercial,71XXXX46,951XXX710,cliente07040***@correo.com,13,2021-11-07,SUSPENDIDO
7041,Comercial,74XXXX67,963XXX738,cliente07041***@correo.com,30,2021-06-30,ACTIVO
7042,Residencial,87XXXX09,938XXX750,cliente07042***@correo.com,7,2021-02-15,ACTIVO
7043,Residencial,85XXXX94,925XXX243,cliente07043***@correo.com,9,2019-03-23,ACTIVO
7044,Residencial,81XXXX09,938XXX094,cliente07044***@correo.com,14,2019-02-22,ACTIVO
7045,Comercial,71XXXX57,973XXX471,cliente07045***@correo.com,7,2024-01-21,ACTIVO
7046,Residencial,17XXXX64,945XXX457,cliente07046***@correo.com,32,2024-07-12,ACTIVO
7047,Comercial,72XXXX28,989XXX025,cliente07047***@correo.com,20,2018-03-16,ACTIVO
7048,Residencial,31XXXX52,930XXX543,cliente07048***@correo.com,10,2019-03-14,ACTIVO
7049,Residencial,52XXXX30,994XXX115,cliente07049***@correo.com,7,2024-02-22,ACTIVO
7050,Residencial,90XXXX21,917XXX915,cliente07050***@correo.com,42,2024-11-27,ACTIVO
7051,Residencial,71XXXX95,971XXX669,cliente07051***@correo.com,36,2018-07-24,ACTIVO
7052,Residencial,33XXXX11,958XXX642,cliente07052***@correo.com,4,2024-09-02,INACTIVO
7053,Residencial,37XXXX35,900XXX440,cliente07053***@correo.com,2,2018-08-01,ACTIVO
7054,Residencial,65XXXX63,972XXX885,cliente07054***@correo.com,9,2023-03-07,ACTIVO
7055,Residencial,46XXXX75,951XXX933,cliente07055***@correo.com,9,2018-12-26,ACTIVO
7056,Comercial,11XXXX23,977XXX202,cliente07056***@correo.com,15,2021-02-08,ACTIVO
7057,Residencial,99XXXX30,978XXX263,cliente07057***@correo.com,29,2019-05-28,ACTIVO
7058,Residencial,91XXXX28,972XXX464,cliente07058***@correo.com,28,2022-03-06,ACTIVO
7059,Residencial,82XXXX38,989XXX301,cliente07059***@correo.com,28,2023-11-15,ACTIVO
7060,Residencial,75XXXX95,997XXX499,cliente07060***@correo.com,15,2020-08-27,ACTIVO
7061,Residencial,14XXXX63,907XXX701,cliente07061***@correo.com,41,2024-03-09,ACTIVO
7062,Residencial,61XXXX90,924XXX556,cliente07062***@correo.com,29,2021-07-07,ACTIVO
7063,Comercial,52XXXX64,968XXX070,cliente07063***@correo.com,29,2024-01-29,ACTIVO
7064,Residencial,31XXXX77,906XXX660,cliente07064***@correo.com,39,2021-09-10,ACTIVO
7065,Residencial,89XXXX47,961XXX254,cliente07065***@correo.com,28,2020-08-09,ACTIVO
7066,Residencial,40XXXX62,971XXX965,cliente07066***@correo.com,5,2019-06-10,ACTIVO
7067,Alumbrado Público,53XXXX12,966XXX278,cliente07067***@correo.com,7,2019-06-25,ACTIVO
7068,Comercial,34XXXX78,985XXX056,cliente07068***@correo.com,20,2019-07-17,ACTIVO
7069,Residencial,36XXXX70,916XXX027,cliente07069***@correo.com,5,2022-07-20,ACTIVO
7070,Residencial,28XXXX94,983XXX528,cliente07070***@correo.com,30,2020-02-11,ACTIVO
7071,Residencial,18XXXX25,912XXX270,cliente07071***@correo.com,4,2019-09-21,ACTIVO
7072,Residencial,74XXXX89,918XXX879,cliente07072***@correo.com,24,2021-09-19,ACTIVO
7073,Alumbrado Público,52XXXX69,953XXX478,cliente07073***@correo.com,41,2022-04-12,ACTIVO
7074,Residencial,23XXXX73,936XXX493,cliente07074***@correo.com,40,2022-02-12,ACTIVO
7075,Residencial,42XXXX26,963XXX856,cliente07075***@correo.com,5,2022-01-27,ACTIVO
7076,Comercial,30XXXX48,940XXX649,cliente07076***@correo.com,13,2021-01-08,ACTIVO
7077,Residencial,29XXXX93,939XXX261,cliente07077***@correo.com,8,2024-01-12,ACTIVO
7078,Residencial,90XXXX58,967XXX399,cliente07078***@correo.com,5,2020-01-20,ACTIVO
7079,Comercial,86XXXX56,912XXX393,cliente07079***@correo.com,32,2022-11-29,ACTIVO
7080,Residencial,71XXXX24,968XXX407,cliente07080***@correo.com,4,2024-12-23,ACTIVO
7081,Residencial,93XXXX55,971XXX194,cliente07081***@correo.com,4,2020-01-18,ACTIVO
7082,Residencial,62XXXX40,932XXX344,cliente07082***@correo.com,28,2018-06-28,ACTIVO
7083,Residencial,77XXXX31,995XXX701,cliente07083***@correo.com,3,2018-12-25,ACTIVO
7084,Residencial,41XXXX94,911XXX459,cliente07084***@correo.com,7,2020-10-22,ACTIVO
7085,Residencial,75XXXX02,938XXX716,cliente07085***@correo.com,1,2019-10-13,ACTIVO
7086,Residencial,77XXXX81,978XXX629,cliente07086***@correo.com,12,2021-10-01,ACTIVO
7087,Residencial,55XXXX30,922XXX929,cliente07087***@correo.com,18,2020-02-11,ACTIVO
7088,Alumbrado Público,17XXXX91,919XXX336,cliente07088***@correo.com,21,2024-10-16,ACTIVO
7089,Residencial,12XXXX42,924XXX680,cliente07089***@correo.com,26,2024-06-15,ACTIVO
7090,Industrial,40XXXX57,933XXX963,cliente07090***@correo.com,28,2024-09-26,ACTIVO
7091,Residencial,16XXXX32,922XXX938,cliente07091***@correo.com,5,2019-02-11,ACTIVO
7092,Residencial,47XXXX06,979XXX847,cliente07092***@correo.com,43,2023-10-28,ACTIVO
7093,Residencial,73XXXX39,913XXX542,cliente07093***@correo.com,39,2022-06-06,ACTIVO
7094,Residencial,93XXXX04,934XXX712,cliente07094***@correo.com,15,2022-09-29,ACTIVO
7095,Comercial,73XXXX50,912XXX977,cliente07095***@correo.com,30,2020-08-16,ACTIVO
7096,Residencial,75XXXX78,965XXX106,cliente07096***@correo.com,15,2018-08-09,ACTIVO
7097,Residencial,25XXXX81,990XXX422,cliente07097***@correo.com,7,2022-08-01,ACTIVO
7098,Residencial,50XXXX46,983XXX877,cliente07098***@correo.com,27,2023-09-16,ACTIVO
7099,Residencial,11XXXX45,956XXX296,cliente07099***@correo.com,13,2018-01-18,SUSPENDIDO
7100,Residencial,28XXXX11,997XXX733,cliente07100***@correo.com,3,2020-10-31,ACTIVO
7101,Residencial,99XXXX65,912XXX546,cliente07101***@correo.com,9,2020-05-16,ACTIVO
7102,Residencial,89XXXX34,974XXX341,cliente07102***@correo.com,15,2018-07-05,ACTIVO
7103,Residencial,23XXXX55,958XXX648,cliente07103***@correo.com,5,2019-02-22,ACTIVO
7104,Comercial,12XXXX75,925XXX086,cliente07104***@correo.com,5,2024-12-25,ACTIVO
7105,Residencial,88XXXX15,998XXX387,cliente07105***@correo.com,13,2021-07-15,ACTIVO
7106,Comercial,43XXXX74,907XXX351,cliente07106***@correo.com,31,2021-05-02,ACTIVO
7107,Residencial,53XXXX19,980XXX319,cliente07107***@correo.com,9,2023-03-20,ACTIVO
7108,Alumbrado Público,31XXXX91,920XXX094,cliente07108***@correo.com,15,2021-08-31,ACTIVO
7109,Residencial,20XXXX59,988XXX067,cliente07109***@correo.com,16,2019-02-06,ACTIVO
7110,Residencial,82XXXX20,977XXX078,cliente07110***@correo.com,11,2020-03-07,ACTIVO
7111,Residencial,41XXXX48,932XXX834,cliente07111***@correo.com,19,2018-02-03,ACTIVO
7112,Gobierno,38XXXX94,921XXX354,cliente07112***@correo.com,15,2019-07-15,ACTIVO
7113,Comercial,32XXXX73,990XXX145,cliente07113***@correo.com,11,2020-10-02,ACTIVO
7114,Residencial,39XXXX12,919XXX764,cliente07114***@correo.com,3,2018-04-26,ACTIVO
7115,Residencial,24XXXX49,998XXX028,cliente07115***@correo.com,36,2022-05-07,ACTIVO
7116,Residencial,69XXXX61,946XXX622,cliente07116***@correo.com,33,2024-05-20,ACTIVO
7117,Comercial,44XXXX17,969XXX775,cliente07117***@correo.com,9,2018-07-28,ACTIVO
7118,Residencial,39XXXX72,967XXX376,cliente07118***@correo.com,5,2023-12-06,ACTIVO
7119,Residencial,49XXXX13,910XXX976,cliente07119***@correo.com,22,2024-01-29,ACTIVO
7120,Residencial,40XXXX85,913XXX225,cliente07120***@correo.com,40,2021-03-12,ACTIVO
7121,Residencial,83XXXX82,999XXX031,cliente07121***@correo.com,3,2019-09-13,ACTIVO
7122,Residencial,35XXXX59,979XXX634,cliente07122***@correo.com,40,2022-11-27,ACTIVO
7123,Residencial,53XXXX29,904XXX201,cliente07123***@correo.com,9,2022-07-15,ACTIVO
7124,Residencial,86XXXX57,985XXX920,cliente07124***@correo.com,7,2022-05-29,ACTIVO
7125,Residencial,24XXXX82,981XXX470,cliente07125***@correo.com,38,2019-11-30,ACTIVO
7126,Residencial,88XXXX97,979XXX014,cliente07126***@correo.com,26,2022-08-01,ACTIVO
7127,Residencial,12XXXX62,992XXX339,cliente07127***@correo.com,7,2024-12-02,ACTIVO
7128,Residencial,45XXXX70,968XXX729,cliente07128***@correo.com,40,2023-07-20,ACTIVO
7129,Residencial,81XXXX97,929XXX569,cliente07129***@correo.com,7,2020-05-03,ACTIVO
7130,Residencial,36XXXX12,908XXX776,cliente07130***@correo.com,2,2024-10-31,ACTIVO
7131,Residencial,51XXXX70,958XXX946,cliente07131***@correo.com,15,2023-07-22,ACTIVO
7132,Comercial,80XXXX10,901XXX415,cliente07132***@correo.com,5,2022-10-16,ACTIVO
7133,Residencial,97XXXX45,991XXX403,cliente07133***@correo.com,40,2022-06-25,ACTIVO
7134,Residencial,62XXXX41,915XXX670,cliente07134***@correo.com,3,2018-11-18,ACTIVO
7135,Residencial,35XXXX45,953XXX535,cliente07135***@correo.com,28,2023-06-17,ACTIVO
7136,Residencial,86XXXX38,959XXX779,cliente07136***@correo.com,37,2021-06-22,ACTIVO
7137,Comercial,13XXXX22,919XXX447,cliente07137***@correo.com,41,2021-01-05,ACTIVO
7138,Residencial,28XXXX75,983XXX699,cliente07138***@correo.com,39,2024-03-30,ACTIVO
7139,Comercial,50XXXX46,984XXX087,cliente07139***@correo.com,3,2020-07-01,ACTIVO
7140,Residencial,55XXXX25,995XXX072,cliente07140***@correo.com,11,2023-09-02,ACTIVO
7141,Residencial,98XXXX30,919XXX363,cliente07141***@correo.com,17,2019-07-04,ACTIVO
7142,Residencial,46XXXX88,966XXX854,cliente07142***@correo.com,28,2018-09-17,ACTIVO
7143,Residencial,51XXXX99,982XXX080,cliente07143***@correo.com,19,2021-10-24,ACTIVO
7144,Industrial,87XXXX71,974XXX140,cliente07144***@correo.com,7,2023-08-15,ACTIVO
7145,Residencial,59XXXX49,955XXX867,cliente07145***@correo.com,15,2022-11-30,ACTIVO
7146,Residencial,78XXXX69,979XXX293,cliente07146***@correo.com,37,2022-07-21,ACTIVO
7147,Residencial,91XXXX94,929XXX326,cliente07147***@correo.com,43,2022-05-16,ACTIVO
7148,Residencial,80XXXX58,962XXX781,cliente07148***@correo.com,18,2022-04-25,ACTIVO
7149,Residencial,18XXXX66,903XXX670,cliente07149***@correo.com,28,2019-07-30,INACTIVO
7150,Residencial,17XXXX00,941XXX751,cliente07150***@correo.com,30,2020-09-12,ACTIVO
7151,Comercial,12XXXX47,927XXX519,cliente07151***@correo.com,15,2023-07-03,ACTIVO
7152,Residencial,30XXXX38,953XXX388,cliente07152***@correo.com,18,2024-05-26,ACTIVO
7153,Residencial,11XXXX10,923XXX503,cliente07153***@correo.com,7,2019-11-17,ACTIVO
7154,Residencial,43XXXX10,951XXX695,cliente07154***@correo.com,25,2024-09-04,ACTIVO
7155,Residencial,81XXXX78,907XXX711,cliente07155***@correo.com,19,2024-08-07,ACTIVO
7156,Residencial,23XXXX95,921XXX830,cliente07156***@correo.com,38,2019-01-06,ACTIVO
7157,Residencial,43XXXX09,964XXX090,cliente07157***@correo.com,19,2021-10-24,ACTIVO
7158,Residencial,54XXXX01,985XXX020,cliente07158***@correo.com,38,2019-07-24,ACTIVO
7159,Residencial,78XXXX50,922XXX181,cliente07159***@correo.com,15,2019-02-22,ACTIVO
7160,Gobierno,25XXXX88,943XXX777,cliente07160***@correo.com,39,2021-07-21,ACTIVO
7161,Residencial,41XXXX77,986XXX918,cliente07161***@correo.com,3,2022-10-07,ACTIVO
7162,Residencial,49XXXX28,928XXX919,cliente07162***@correo.com,29,2024-10-06,ACTIVO
7163,Comercial,93XXXX60,959XXX987,cliente07163***@correo.com,5,2020-08-20,ACTIVO
7164,Residencial,97XXXX13,905XXX534,cliente07164***@correo.com,29,2020-08-02,ACTIVO
7165,Comercial,41XXXX97,931XXX592,cliente07165***@correo.com,7,2024-06-25,ACTIVO
7166,Residencial,52XXXX69,999XXX167,cliente07166***@correo.com,9,2022-02-15,ACTIVO
7167,Comercial,45XXXX00,984XXX536,cliente07167***@correo.com,9,2022-01-14,ACTIVO
7168,Residencial,88XXXX08,973XXX435,cliente07168***@correo.com,43,2020-09-10,INACTIVO
7169,Residencial,60XXXX61,902XXX818,cliente07169***@correo.com,7,2024-10-16,ACTIVO
7170,Residencial,94XXXX70,952XXX052,cliente07170***@correo.com,41,2023-11-13,ACTIVO
7171,Residencial,55XXXX80,957XXX971,cliente07171***@correo.com,5,2021-07-29,ACTIVO
7172,Residencial,21XXXX54,953XXX067,cliente07172***@correo.com,9,2021-01-06,ACTIVO
7173,Residencial,86XXXX02,940XXX479,cliente07173***@correo.com,26,2020-07-12,ACTIVO
7174,Residencial,69XXXX43,947XXX519,cliente07174***@correo.com,18,2018-03-19,ACTIVO
7175,Residencial,83XXXX37,933XXX916,cliente07175***@correo.com,35,2024-12-01,ACTIVO
7176,Residencial,64XXXX09,933XXX308,cliente07176***@correo.com,40,2019-09-18,ACTIVO
7177,Residencial,70XXXX60,967XXX512,cliente07177***@correo.com,12,2021-08-09,ACTIVO
7178,Residencial,44XXXX57,952XXX957,cliente07178***@correo.com,29,2021-11-02,ACTIVO
7179,Residencial,25XXXX46,984XXX881,cliente07179***@correo.com,4,2022-12-29,ACTIVO
7180,Residencial,24XXXX82,929XXX596,cliente07180***@correo.com,15,2023-06-10,ACTIVO
7181,Residencial,67XXXX88,977XXX188,cliente07181***@correo.com,15,2020-05-24,ACTIVO
7182,Residencial,67XXXX40,953XXX102,cliente07182***@correo.com,9,2021-02-13,ACTIVO
7183,Gobierno,70XXXX18,954XXX512,cliente07183***@correo.com,4,2024-02-02,ACTIVO
7184,Industrial,63XXXX96,964XXX037,cliente07184***@correo.com,4,2022-03-13,SUSPENDIDO
7185,Residencial,56XXXX31,986XXX831,cliente07185***@correo.com,43,2022-03-12,ACTIVO
7186,Residencial,70XXXX13,953XXX129,cliente07186***@correo.com,29,2023-05-25,ACTIVO
7187,Residencial,39XXXX42,902XXX258,cliente07187***@correo.com,28,2018-10-09,ACTIVO
7188,Residencial,18XXXX44,905XXX775,cliente07188***@correo.com,38,2018-02-14,ACTIVO
7189,Residencial,52XXXX07,919XXX684,cliente07189***@correo.com,36,2024-04-28,ACTIVO
7190,Residencial,91XXXX36,965XXX082,cliente07190***@correo.com,15,2024-02-29,ACTIVO
7191,Residencial,15XXXX04,956XXX557,cliente07191***@correo.com,17,2022-09-16,ACTIVO
7192,Residencial,46XXXX74,986XXX938,cliente07192***@correo.com,9,2019-08-10,ACTIVO
7193,Residencial,52XXXX95,926XXX263,cliente07193***@correo.com,3,2018-11-30,ACTIVO
7194,Residencial,49XXXX48,934XXX267,cliente07194***@correo.com,9,2018-12-11,ACTIVO
7195,Residencial,81XXXX57,926XXX183,cliente07195***@correo.com,9,2022-07-12,ACTIVO
7196,Residencial,27XXXX74,935XXX156,cliente07196***@correo.com,6,2019-01-16,ACTIVO
7197,Residencial,58XXXX46,948XXX181,cliente07197***@correo.com,31,2018-04-20,ACTIVO
7198,Alumbrado Público,87XXXX73,975XXX260,cliente07198***@correo.com,39,2022-08-23,ACTIVO
7199,Residencial,97XXXX53,906XXX061,cliente07199***@correo.com,32,2021-05-28,ACTIVO
7200,Residencial,70XXXX67,911XXX304,cliente07200***@correo.com,43,2022-03-02,ACTIVO
7201,Residencial,67XXXX00,910XXX816,cliente07201***@correo.com,8,2019-02-04,ACTIVO
7202,Residencial,14XXXX21,983XXX780,cliente07202***@correo.com,40,2020-08-02,INACTIVO
7203,Residencial,58XXXX38,988XXX165,cliente07203***@correo.com,19,2019-11-03,ACTIVO
7204,Residencial,27XXXX86,959XXX327,cliente07204***@correo.com,28,2022-06-11,SUSPENDIDO
7205,Residencial,47XXXX53,923XXX596,cliente07205***@correo.com,30,2020-01-31,ACTIVO
7206,Residencial,36XXXX83,948XXX667,cliente07206***@correo.com,9,2020-08-29,ACTIVO
7207,Residencial,82XXXX29,981XXX090,cliente07207***@correo.com,15,2020-07-07,ACTIVO
7208,Residencial,28XXXX63,927XXX723,cliente07208***@correo.com,6,2024-01-30,ACTIVO
7209,Residencial,35XXXX93,927XXX473,cliente07209***@correo.com,7,2021-01-27,ACTIVO
7210,Residencial,62XXXX46,951XXX819,cliente07210***@correo.com,9,2022-02-16,ACTIVO
7211,Residencial,63XXXX82,927XXX532,cliente07211***@correo.com,3,2019-05-31,ACTIVO
7212,Residencial,59XXXX52,961XXX895,cliente07212***@correo.com,28,2020-04-21,ACTIVO
7213,Residencial,38XXXX70,946XXX512,cliente07213***@correo.com,3,2023-12-11,ACTIVO
7214,Comercial,24XXXX12,983XXX911,cliente07214***@correo.com,3,2019-05-31,ACTIVO
7215,Gobierno,30XXXX27,930XXX010,cliente07215***@correo.com,39,2024-12-26,ACTIVO
7216,Residencial,71XXXX65,956XXX364,cliente07216***@correo.com,9,2020-11-16,ACTIVO
7217,Residencial,90XXXX20,972XXX747,cliente07217***@correo.com,15,2021-02-28,ACTIVO
7218,Residencial,74XXXX53,926XXX194,cliente07218***@correo.com,43,2023-05-30,ACTIVO
7219,Residencial,85XXXX76,977XXX296,cliente07219***@correo.com,13,2023-04-02,ACTIVO
7220,Residencial,80XXXX22,911XXX207,cliente07220***@correo.com,15,2022-09-10,ACTIVO
7221,Residencial,89XXXX12,929XXX509,cliente07221***@correo.com,24,2023-03-02,ACTIVO
7222,Residencial,25XXXX40,988XXX275,cliente07222***@correo.com,13,2021-07-23,ACTIVO
7223,Residencial,76XXXX17,932XXX615,cliente07223***@correo.com,43,2024-02-02,ACTIVO
7224,Residencial,96XXXX01,935XXX956,cliente07224***@correo.com,9,2022-06-12,ACTIVO
7225,Residencial,65XXXX11,900XXX682,cliente07225***@correo.com,29,2023-06-02,ACTIVO
7226,Residencial,85XXXX34,976XXX663,cliente07226***@correo.com,5,2021-02-16,ACTIVO
7227,Gobierno,47XXXX16,923XXX098,cliente07227***@correo.com,15,2024-04-30,ACTIVO
7228,Residencial,43XXXX47,910XXX919,cliente07228***@correo.com,15,2023-03-23,ACTIVO
7229,Residencial,25XXXX13,934XXX028,cliente07229***@correo.com,43,2018-06-03,ACTIVO
7230,Residencial,57XXXX57,926XXX255,cliente07230***@correo.com,26,2020-09-04,ACTIVO
7231,Gobierno,40XXXX77,905XXX305,cliente07231***@correo.com,3,2023-09-13,ACTIVO
7232,Residencial,63XXXX89,995XXX493,cliente07232***@correo.com,5,2019-08-15,ACTIVO
7233,Residencial,40XXXX87,917XXX599,cliente07233***@correo.com,42,2024-09-07,ACTIVO
7234,Residencial,22XXXX77,996XXX438,cliente07234***@correo.com,43,2024-08-08,ACTIVO
7235,Residencial,74XXXX08,928XXX103,cliente07235***@correo.com,33,2020-02-28,ACTIVO
7236,Residencial,85XXXX14,903XXX674,cliente07236***@correo.com,34,2021-02-14,ACTIVO
7237,Residencial,73XXXX90,993XXX433,cliente07237***@correo.com,38,2018-09-27,ACTIVO
7238,Residencial,78XXXX11,968XXX130,cliente07238***@correo.com,15,2019-06-05,ACTIVO
7239,Residencial,62XXXX83,958XXX449,cliente07239***@correo.com,29,2021-06-05,ACTIVO
7240,Residencial,51XXXX07,967XXX138,cliente07240***@correo.com,10,2020-01-29,ACTIVO
7241,Residencial,37XXXX93,968XXX587,cliente07241***@correo.com,43,2019-10-22,ACTIVO
7242,Residencial,90XXXX40,993XXX827,cliente07242***@correo.com,7,2022-12-24,ACTIVO
7243,Gobierno,83XXXX19,949XXX419,cliente07243***@correo.com,13,2018-12-15,ACTIVO
7244,Residencial,76XXXX23,911XXX160,cliente07244***@correo.com,15,2021-09-16,ACTIVO
7245,Residencial,16XXXX06,994XXX941,cliente07245***@correo.com,7,2020-03-16,INACTIVO
7246,Residencial,48XXXX51,933XXX500,cliente07246***@correo.com,33,2022-01-11,ACTIVO
7247,Comercial,63XXXX95,946XXX444,cliente07247***@correo.com,38,2023-11-05,ACTIVO
7248,Residencial,62XXXX45,935XXX933,cliente07248***@correo.com,18,2021-04-25,ACTIVO
7249,Residencial,84XXXX69,905XXX057,cliente07249***@correo.com,14,2021-08-26,ACTIVO
7250,Residencial,97XXXX76,980XXX389,cliente07250***@correo.com,31,2022-10-04,ACTIVO
7251,Residencial,27XXXX98,955XXX904,cliente07251***@correo.com,29,2019-08-21,ACTIVO
7252,Comercial,90XXXX22,971XXX237,cliente07252***@correo.com,18,2022-09-03,ACTIVO
7253,Alumbrado Público,45XXXX97,942XXX118,cliente07253***@correo.com,39,2022-03-29,ACTIVO
7254,Residencial,21XXXX26,945XXX354,cliente07254***@correo.com,43,2024-08-06,ACTIVO
7255,Residencial,74XXXX36,997XXX165,cliente07255***@correo.com,43,2019-11-26,INACTIVO
7256,Residencial,94XXXX31,962XXX263,cliente07256***@correo.com,13,2021-02-15,ACTIVO
7257,Industrial,40XXXX96,971XXX130,cliente07257***@correo.com,43,2018-01-13,ACTIVO
7258,Residencial,13XXXX93,922XXX344,cliente07258***@correo.com,34,2021-08-30,ACTIVO
7259,Residencial,69XXXX30,959XXX698,cliente07259***@correo.com,15,2019-07-30,ACTIVO
7260,Residencial,50XXXX17,976XXX202,cliente07260***@correo.com,28,2021-08-07,ACTIVO
7261,Residencial,50XXXX59,956XXX287,cliente07261***@correo.com,25,2024-07-18,ACTIVO
7262,Comercial,91XXXX99,943XXX367,cliente07262***@correo.com,4,2020-02-06,ACTIVO
7263,Comercial,42XXXX50,972XXX854,cliente07263***@correo.com,15,2021-10-11,ACTIVO
7264,Residencial,72XXXX73,920XXX719,cliente07264***@correo.com,29,2024-06-27,ACTIVO
7265,Residencial,29XXXX79,942XXX630,cliente07265***@correo.com,15,2020-10-12,ACTIVO
7266,Residencial,24XXXX11,991XXX940,cliente07266***@correo.com,7,2021-03-09,ACTIVO
7267,Residencial,91XXXX22,907XXX287,cliente07267***@correo.com,1,2023-12-19,ACTIVO
7268,Residencial,40XXXX51,997XXX387,cliente07268***@correo.com,29,2018-08-11,INACTIVO
7269,Gobierno,68XXXX22,983XXX978,cliente07269***@correo.com,28,2022-09-26,ACTIVO
7270,Residencial,47XXXX06,963XXX466,cliente07270***@correo.com,26,2022-01-23,ACTIVO
7271,Residencial,30XXXX75,946XXX057,cliente07271***@correo.com,39,2024-10-26,ACTIVO
7272,Residencial,43XXXX08,978XXX208,cliente07272***@correo.com,13,2020-06-29,ACTIVO
7273,Residencial,72XXXX99,949XXX215,cliente07273***@correo.com,18,2024-05-04,ACTIVO
7274,Residencial,13XXXX12,903XXX695,cliente07274***@correo.com,23,2019-03-22,ACTIVO
7275,Residencial,16XXXX53,998XXX067,cliente07275***@correo.com,16,2024-05-02,ACTIVO
7276,Residencial,75XXXX01,915XXX997,cliente07276***@correo.com,4,2020-01-30,ACTIVO
7277,Residencial,36XXXX67,964XXX909,cliente07277***@correo.com,11,2021-03-01,ACTIVO
7278,Residencial,30XXXX72,905XXX277,cliente07278***@correo.com,9,2024-06-04,ACTIVO
7279,Residencial,69XXXX80,952XXX978,cliente07279***@correo.com,7,2022-02-17,ACTIVO
7280,Alumbrado Público,10XXXX82,984XXX016,cliente07280***@correo.com,19,2019-10-09,ACTIVO
7281,Residencial,67XXXX52,987XXX457,cliente07281***@correo.com,16,2024-07-06,ACTIVO
7282,Residencial,53XXXX75,904XXX533,cliente07282***@correo.com,7,2021-09-09,ACTIVO
7283,Residencial,27XXXX44,941XXX308,cliente07283***@correo.com,3,2019-02-19,ACTIVO
7284,Comercial,23XXXX80,949XXX246,cliente07284***@correo.com,9,2022-01-28,ACTIVO
7285,Residencial,60XXXX27,970XXX115,cliente07285***@correo.com,30,2021-08-24,ACTIVO
7286,Residencial,13XXXX21,931XXX543,cliente07286***@correo.com,28,2020-04-23,ACTIVO
7287,Residencial,74XXXX14,932XXX902,cliente07287***@correo.com,9,2020-01-23,ACTIVO
7288,Residencial,56XXXX64,968XXX066,cliente07288***@correo.com,9,2023-11-23,ACTIVO
7289,Residencial,10XXXX48,994XXX301,cliente07289***@correo.com,9,2018-01-29,ACTIVO
7290,Residencial,38XXXX57,909XXX199,cliente07290***@correo.com,29,2019-12-11,ACTIVO
7291,Residencial,10XXXX25,919XXX464,cliente07291***@correo.com,26,2023-07-26,ACTIVO
7292,Residencial,17XXXX71,978XXX849,cliente07292***@correo.com,26,2022-01-19,ACTIVO
7293,Residencial,89XXXX01,940XXX042,cliente07293***@correo.com,39,2024-10-06,ACTIVO
7294,Residencial,89XXXX92,917XXX182,cliente07294***@correo.com,3,2023-11-08,ACTIVO
7295,Residencial,87XXXX43,996XXX658,cliente07295***@correo.com,4,2019-07-13,ACTIVO
7296,Residencial,86XXXX72,925XXX459,cliente07296***@correo.com,7,2020-12-25,ACTIVO
7297,Residencial,95XXXX19,929XXX654,cliente07297***@correo.com,15,2018-03-06,ACTIVO
7298,Comercial,83XXXX83,943XXX491,cliente07298***@correo.com,29,2023-06-26,ACTIVO
7299,Residencial,84XXXX82,928XXX396,cliente07299***@correo.com,30,2023-12-21,ACTIVO
7300,Residencial,38XXXX68,958XXX489,cliente07300***@correo.com,28,2019-07-30,ACTIVO
7301,Residencial,84XXXX06,965XXX426,cliente07301***@correo.com,37,2020-11-14,ACTIVO
7302,Residencial,34XXXX00,903XXX326,cliente07302***@correo.com,30,2024-02-10,ACTIVO
7303,Residencial,13XXXX73,915XXX907,cliente07303***@correo.com,43,2021-06-07,ACTIVO
7304,Residencial,19XXXX87,997XXX492,cliente07304***@correo.com,26,2023-06-23,ACTIVO
7305,Residencial,40XXXX72,987XXX754,cliente07305***@correo.com,42,2021-05-22,ACTIVO
7306,Residencial,60XXXX45,966XXX627,cliente07306***@correo.com,38,2018-08-30,ACTIVO
7307,Residencial,13XXXX08,936XXX662,cliente07307***@correo.com,8,2023-11-21,ACTIVO
7308,Residencial,86XXXX79,915XXX526,cliente07308***@correo.com,6,2021-01-14,ACTIVO
7309,Residencial,51XXXX47,974XXX772,cliente07309***@correo.com,15,2019-08-29,ACTIVO
7310,Residencial,49XXXX78,900XXX756,cliente07310***@correo.com,41,2024-12-25,ACTIVO
7311,Comercial,37XXXX34,992XXX812,cliente07311***@correo.com,39,2022-04-13,ACTIVO
7312,Residencial,12XXXX85,954XXX372,cliente07312***@correo.com,7,2020-09-27,ACTIVO
7313,Residencial,22XXXX75,927XXX269,cliente07313***@correo.com,3,2024-07-08,ACTIVO
7314,Residencial,19XXXX15,949XXX633,cliente07314***@correo.com,3,2018-11-13,ACTIVO
7315,Residencial,84XXXX37,905XXX538,cliente07315***@correo.com,11,2021-07-09,ACTIVO
7316,Residencial,39XXXX41,980XXX638,cliente07316***@correo.com,5,2020-09-23,ACTIVO
7317,Residencial,44XXXX95,908XXX768,cliente07317***@correo.com,14,2019-12-22,ACTIVO
7318,Residencial,33XXXX76,988XXX330,cliente07318***@correo.com,37,2024-09-11,ACTIVO
7319,Residencial,53XXXX72,986XXX327,cliente07319***@correo.com,35,2023-01-08,ACTIVO
7320,Comercial,11XXXX18,944XXX126,cliente07320***@correo.com,29,2021-07-18,ACTIVO
7321,Residencial,60XXXX60,943XXX094,cliente07321***@correo.com,7,2020-05-24,ACTIVO
7322,Residencial,86XXXX66,984XXX457,cliente07322***@correo.com,15,2023-03-13,ACTIVO
7323,Residencial,57XXXX88,981XXX968,cliente07323***@correo.com,13,2021-12-04,ACTIVO
7324,Residencial,65XXXX46,935XXX225,cliente07324***@correo.com,7,2022-08-11,ACTIVO
7325,Residencial,75XXXX64,962XXX328,cliente07325***@correo.com,15,2018-05-07,INACTIVO
7326,Residencial,61XXXX19,906XXX872,cliente07326***@correo.com,7,2024-03-13,ACTIVO
7327,Residencial,79XXXX40,995XXX500,cliente07327***@correo.com,32,2018-11-25,ACTIVO
7328,Residencial,14XXXX60,942XXX930,cliente07328***@correo.com,30,2019-11-06,ACTIVO
7329,Residencial,48XXXX53,939XXX162,cliente07329***@correo.com,7,2024-05-26,ACTIVO
7330,Residencial,18XXXX28,938XXX714,cliente07330***@correo.com,15,2018-11-05,ACTIVO
7331,Comercial,89XXXX00,928XXX002,cliente07331***@correo.com,18,2020-01-10,ACTIVO
7332,Residencial,42XXXX04,983XXX786,cliente07332***@correo.com,33,2018-05-20,ACTIVO
7333,Residencial,43XXXX99,914XXX301,cliente07333***@correo.com,40,2020-06-12,ACTIVO
7334,Alumbrado Público,72XXXX25,902XXX220,cliente07334***@correo.com,4,2022-02-13,ACTIVO
7335,Residencial,50XXXX11,911XXX863,cliente07335***@correo.com,38,2023-12-05,ACTIVO
7336,Residencial,63XXXX52,929XXX314,cliente07336***@correo.com,31,2023-05-16,ACTIVO
7337,Residencial,14XXXX33,995XXX432,cliente07337***@correo.com,39,2021-05-14,ACTIVO
7338,Residencial,75XXXX82,914XXX804,cliente07338***@correo.com,9,2024-04-11,ACTIVO
7339,Residencial,50XXXX96,983XXX753,cliente07339***@correo.com,9,2021-11-05,ACTIVO
7340,Residencial,29XXXX22,926XXX479,cliente07340***@correo.com,9,2024-08-16,ACTIVO
7341,Residencial,57XXXX62,946XXX546,cliente07341***@correo.com,29,2021-03-13,ACTIVO
7342,Residencial,24XXXX66,949XXX081,cliente07342***@correo.com,7,2019-08-26,SUSPENDIDO
7343,Residencial,48XXXX29,980XXX554,cliente07343***@correo.com,24,2020-04-08,ACTIVO
7344,Residencial,57XXXX45,969XXX414,cliente07344***@correo.com,9,2020-04-06,ACTIVO
7345,Residencial,79XXXX81,942XXX219,cliente07345***@correo.com,3,2022-03-06,ACTIVO
7346,Residencial,58XXXX54,944XXX093,cliente07346***@correo.com,9,2022-11-12,ACTIVO
7347,Residencial,49XXXX14,963XXX710,cliente07347***@correo.com,37,2022-08-22,ACTIVO
7348,Residencial,17XXXX85,925XXX048,cliente07348***@correo.com,3,2023-06-19,ACTIVO
7349,Residencial,69XXXX03,902XXX539,cliente07349***@correo.com,29,2022-03-22,ACTIVO
7350,Residencial,76XXXX35,913XXX819,cliente07350***@correo.com,43,2019-08-10,ACTIVO
7351,Residencial,75XXXX13,995XXX145,cliente07351***@correo.com,43,2018-01-25,ACTIVO
7352,Residencial,80XXXX52,981XXX429,cliente07352***@correo.com,2,2024-04-16,INACTIVO
7353,Residencial,89XXXX30,908XXX663,cliente07353***@correo.com,43,2020-01-09,ACTIVO
7354,Residencial,50XXXX18,994XXX219,cliente07354***@correo.com,15,2021-01-22,ACTIVO
7355,Residencial,83XXXX70,937XXX715,cliente07355***@correo.com,6,2019-10-07,ACTIVO
7356,Residencial,64XXXX02,914XXX681,cliente07356***@correo.com,43,2019-12-04,ACTIVO
7357,Residencial,13XXXX21,938XXX050,cliente07357***@correo.com,38,2021-02-10,ACTIVO
7358,Residencial,99XXXX37,984XXX123,cliente07358***@correo.com,26,2020-09-26,ACTIVO
7359,Residencial,44XXXX56,928XXX834,cliente07359***@correo.com,20,2018-08-07,ACTIVO
7360,Residencial,50XXXX35,937XXX106,cliente07360***@correo.com,15,2020-03-28,ACTIVO
7361,Residencial,84XXXX01,902XXX412,cliente07361***@correo.com,14,2023-03-18,ACTIVO
7362,Comercial,46XXXX00,960XXX938,cliente07362***@correo.com,6,2020-03-06,ACTIVO
7363,Residencial,59XXXX16,922XXX365,cliente07363***@correo.com,43,2022-11-16,ACTIVO
7364,Residencial,60XXXX98,977XXX369,cliente07364***@correo.com,30,2018-08-19,ACTIVO
7365,Residencial,10XXXX45,987XXX202,cliente07365***@correo.com,4,2020-01-24,ACTIVO
7366,Residencial,45XXXX94,986XXX775,cliente07366***@correo.com,1,2022-07-07,ACTIVO
7367,Residencial,80XXXX39,964XXX810,cliente07367***@correo.com,37,2020-10-13,ACTIVO
7368,Residencial,32XXXX84,949XXX453,cliente07368***@correo.com,29,2018-06-11,ACTIVO
7369,Residencial,32XXXX63,925XXX112,cliente07369***@correo.com,40,2018-11-15,ACTIVO
7370,Residencial,13XXXX30,947XXX762,cliente07370***@correo.com,29,2022-04-04,ACTIVO
7371,Residencial,96XXXX88,944XXX522,cliente07371***@correo.com,29,2024-03-22,ACTIVO
7372,Residencial,75XXXX28,980XXX433,cliente07372***@correo.com,28,2019-03-17,ACTIVO
7373,Residencial,60XXXX61,931XXX343,cliente07373***@correo.com,13,2022-01-22,ACTIVO
7374,Residencial,94XXXX40,927XXX283,cliente07374***@correo.com,23,2022-01-30,ACTIVO
7375,Residencial,36XXXX21,986XXX484,cliente07375***@correo.com,26,2022-09-16,ACTIVO
7376,Residencial,68XXXX00,921XXX288,cliente07376***@correo.com,27,2018-09-28,ACTIVO
7377,Residencial,89XXXX91,907XXX648,cliente07377***@correo.com,7,2022-03-18,ACTIVO
7378,Residencial,18XXXX36,972XXX839,cliente07378***@correo.com,17,2018-03-05,ACTIVO
7379,Residencial,58XXXX68,976XXX158,cliente07379***@correo.com,35,2020-05-31,ACTIVO
7380,Residencial,64XXXX18,946XXX262,cliente07380***@correo.com,10,2022-09-15,ACTIVO
7381,Comercial,18XXXX91,921XXX035,cliente07381***@correo.com,35,2020-09-09,ACTIVO
7382,Residencial,71XXXX70,942XXX111,cliente07382***@correo.com,3,2022-03-24,ACTIVO
7383,Residencial,40XXXX91,950XXX085,cliente07383***@correo.com,26,2023-11-19,ACTIVO
7384,Residencial,97XXXX88,900XXX286,cliente07384***@correo.com,30,2021-03-20,ACTIVO
7385,Residencial,25XXXX45,950XXX727,cliente07385***@correo.com,17,2019-03-09,ACTIVO
7386,Residencial,30XXXX05,927XXX965,cliente07386***@correo.com,21,2018-02-28,ACTIVO
7387,Residencial,87XXXX27,964XXX230,cliente07387***@correo.com,7,2024-10-15,ACTIVO
7388,Alumbrado Público,66XXXX05,939XXX732,cliente07388***@correo.com,24,2024-07-08,ACTIVO
7389,Residencial,29XXXX04,940XXX769,cliente07389***@correo.com,4,2024-09-14,ACTIVO
7390,Residencial,44XXXX54,958XXX755,cliente07390***@correo.com,6,2023-09-14,ACTIVO
7391,Residencial,19XXXX32,973XXX462,cliente07391***@correo.com,27,2021-03-11,ACTIVO
7392,Comercial,50XXXX88,941XXX277,cliente07392***@correo.com,7,2018-04-27,ACTIVO
7393,Residencial,66XXXX99,998XXX291,cliente07393***@correo.com,40,2021-01-13,ACTIVO
7394,Residencial,58XXXX18,976XXX393,cliente07394***@correo.com,9,2022-02-21,ACTIVO
7395,Alumbrado Público,16XXXX04,939XXX424,cliente07395***@correo.com,17,2019-08-09,ACTIVO
7396,Residencial,68XXXX95,979XXX994,cliente07396***@correo.com,10,2020-04-01,ACTIVO
7397,Residencial,73XXXX36,926XXX727,cliente07397***@correo.com,15,2020-09-19,ACTIVO
7398,Residencial,74XXXX78,966XXX899,cliente07398***@correo.com,30,2020-03-18,ACTIVO
7399,Residencial,19XXXX25,987XXX973,cliente07399***@correo.com,6,2022-04-11,ACTIVO
7400,Residencial,34XXXX55,941XXX633,cliente07400***@correo.com,43,2018-06-15,ACTIVO
7401,Residencial,90XXXX80,932XXX484,cliente07401***@correo.com,39,2023-04-22,ACTIVO
7402,Residencial,76XXXX35,940XXX650,cliente07402***@correo.com,15,2022-12-30,ACTIVO
7403,Residencial,77XXXX07,911XXX875,cliente07403***@correo.com,23,2023-02-18,ACTIVO
7404,Gobierno,66XXXX49,993XXX516,cliente07404***@correo.com,4,2024-04-17,ACTIVO
7405,Residencial,53XXXX81,928XXX153,cliente07405***@correo.com,26,2018-05-17,ACTIVO
7406,Residencial,90XXXX00,913XXX157,cliente07406***@correo.com,39,2022-02-10,ACTIVO
7407,Residencial,18XXXX73,925XXX953,cliente07407***@correo.com,13,2021-01-30,ACTIVO
7408,Residencial,54XXXX25,954XXX886,cliente07408***@correo.com,29,2018-01-14,ACTIVO
7409,Residencial,28XXXX49,906XXX394,cliente07409***@correo.com,40,2021-10-17,ACTIVO
7410,Residencial,93XXXX62,964XXX467,cliente07410***@correo.com,29,2023-04-13,ACTIVO
7411,Residencial,83XXXX57,994XXX654,cliente07411***@correo.com,28,2023-07-29,ACTIVO
7412,Comercial,80XXXX89,918XXX179,cliente07412***@correo.com,22,2020-05-16,ACTIVO
7413,Residencial,72XXXX44,960XXX623,cliente07413***@correo.com,28,2021-02-27,ACTIVO
7414,Gobierno,29XXXX24,928XXX666,cliente07414***@correo.com,3,2022-05-15,ACTIVO
7415,Residencial,33XXXX74,930XXX408,cliente07415***@correo.com,41,2023-02-15,ACTIVO
7416,Residencial,21XXXX12,928XXX475,cliente07416***@correo.com,43,2022-05-23,ACTIVO
7417,Residencial,27XXXX50,936XXX682,cliente07417***@correo.com,2,2021-04-12,ACTIVO
7418,Comercial,43XXXX91,963XXX157,cliente07418***@correo.com,26,2018-07-11,ACTIVO
7419,Comercial,36XXXX82,984XXX776,cliente07419***@correo.com,30,2018-08-30,ACTIVO
7420,Comercial,45XXXX98,966XXX810,cliente07420***@correo.com,27,2018-05-08,ACTIVO
7421,Residencial,86XXXX84,969XXX837,cliente07421***@correo.com,4,2023-05-24,ACTIVO
7422,Residencial,71XXXX26,929XXX740,cliente07422***@correo.com,3,2022-03-15,ACTIVO
7423,Residencial,53XXXX39,976XXX819,cliente07423***@correo.com,29,2020-06-28,ACTIVO
7424,Residencial,56XXXX13,929XXX946,cliente07424***@correo.com,32,2020-07-09,ACTIVO
7425,Residencial,58XXXX03,911XXX710,cliente07425***@correo.com,7,2022-09-05,ACTIVO
7426,Residencial,29XXXX96,982XXX823,cliente07426***@correo.com,15,2018-04-18,ACTIVO
7427,Residencial,56XXXX30,989XXX059,cliente07427***@correo.com,30,2023-09-18,ACTIVO
7428,Residencial,42XXXX10,991XXX089,cliente07428***@correo.com,15,2021-11-07,ACTIVO
7429,Residencial,89XXXX78,937XXX407,cliente07429***@correo.com,4,2024-03-30,ACTIVO
7430,Residencial,95XXXX91,988XXX916,cliente07430***@correo.com,7,2021-01-24,ACTIVO
7431,Residencial,42XXXX43,981XXX862,cliente07431***@correo.com,9,2020-03-12,INACTIVO
7432,Residencial,54XXXX20,900XXX790,cliente07432***@correo.com,16,2019-11-18,ACTIVO
7433,Residencial,32XXXX75,925XXX985,cliente07433***@correo.com,19,2024-12-23,ACTIVO
7434,Comercial,75XXXX97,997XXX466,cliente07434***@correo.com,28,2024-09-04,ACTIVO
7435,Residencial,62XXXX11,932XXX331,cliente07435***@correo.com,15,2022-12-27,ACTIVO
7436,Residencial,82XXXX05,932XXX414,cliente07436***@correo.com,15,2021-05-03,ACTIVO
7437,Residencial,49XXXX58,927XXX804,cliente07437***@correo.com,9,2019-12-22,ACTIVO
7438,Comercial,94XXXX65,916XXX094,cliente07438***@correo.com,3,2023-05-01,ACTIVO
7439,Alumbrado Público,61XXXX39,942XXX175,cliente07439***@correo.com,29,2024-06-27,ACTIVO
7440,Comercial,63XXXX71,943XXX017,cliente07440***@correo.com,30,2019-07-16,ACTIVO
7441,Comercial,60XXXX08,959XXX554,cliente07441***@correo.com,7,2018-01-22,ACTIVO
7442,Residencial,11XXXX54,917XXX882,cliente07442***@correo.com,15,2020-07-23,ACTIVO
7443,Residencial,81XXXX01,947XXX001,cliente07443***@correo.com,13,2022-02-18,ACTIVO
7444,Residencial,20XXXX94,957XXX549,cliente07444***@correo.com,26,2023-01-06,ACTIVO
7445,Residencial,86XXXX96,921XXX327,cliente07445***@correo.com,20,2018-08-08,ACTIVO
7446,Residencial,72XXXX79,917XXX176,cliente07446***@correo.com,25,2018-10-17,ACTIVO
7447,Residencial,48XXXX28,910XXX243,cliente07447***@correo.com,29,2023-02-26,ACTIVO
7448,Residencial,69XXXX71,944XXX530,cliente07448***@correo.com,7,2024-10-29,ACTIVO
7449,Residencial,17XXXX65,933XXX162,cliente07449***@correo.com,15,2018-09-24,ACTIVO
7450,Residencial,30XXXX08,980XXX559,cliente07450***@correo.com,6,2019-07-10,ACTIVO
7451,Comercial,34XXXX38,937XXX813,cliente07451***@correo.com,29,2023-11-13,ACTIVO
7452,Industrial,44XXXX33,948XXX556,cliente07452***@correo.com,29,2023-05-14,ACTIVO
7453,Residencial,99XXXX67,962XXX395,cliente07453***@correo.com,17,2024-07-10,ACTIVO
7454,Residencial,23XXXX67,924XXX417,cliente07454***@correo.com,19,2021-06-19,ACTIVO
7455,Residencial,70XXXX14,927XXX525,cliente07455***@correo.com,40,2024-10-13,ACTIVO
7456,Residencial,61XXXX54,923XXX923,cliente07456***@correo.com,7,2024-04-04,ACTIVO
7457,Residencial,97XXXX05,926XXX444,cliente07457***@correo.com,3,2023-06-22,ACTIVO
7458,Residencial,31XXXX60,915XXX075,cliente07458***@correo.com,40,2024-05-09,ACTIVO
7459,Industrial,90XXXX96,982XXX204,cliente07459***@correo.com,4,2021-06-29,ACTIVO
7460,Residencial,11XXXX86,903XXX037,cliente07460***@correo.com,3,2023-09-15,ACTIVO
7461,Comercial,49XXXX96,963XXX129,cliente07461***@correo.com,14,2022-12-26,ACTIVO
7462,Comercial,52XXXX94,975XXX536,cliente07462***@correo.com,38,2019-06-12,ACTIVO
7463,Residencial,42XXXX96,922XXX694,cliente07463***@correo.com,7,2020-01-06,ACTIVO
7464,Residencial,27XXXX13,966XXX063,cliente07464***@correo.com,32,2021-11-19,ACTIVO
7465,Residencial,67XXXX10,985XXX316,cliente07465***@correo.com,24,2020-09-13,ACTIVO
7466,Comercial,83XXXX94,981XXX393,cliente07466***@correo.com,3,2020-06-24,ACTIVO
7467,Residencial,63XXXX29,900XXX713,cliente07467***@correo.com,4,2018-11-07,ACTIVO
7468,Residencial,70XXXX86,987XXX013,cliente07468***@correo.com,37,2022-12-30,ACTIVO
7469,Comercial,97XXXX53,969XXX349,cliente07469***@correo.com,3,2024-10-28,ACTIVO
7470,Comercial,85XXXX43,950XXX960,cliente07470***@correo.com,3,2024-07-16,ACTIVO
7471,Residencial,40XXXX42,922XXX593,cliente07471***@correo.com,3,2024-10-04,ACTIVO
7472,Residencial,87XXXX18,978XXX499,cliente07472***@correo.com,15,2020-03-29,ACTIVO
7473,Residencial,36XXXX92,980XXX218,cliente07473***@correo.com,25,2021-10-25,ACTIVO
7474,Comercial,34XXXX08,955XXX545,cliente07474***@correo.com,39,2020-12-20,ACTIVO
7475,Residencial,18XXXX73,987XXX589,cliente07475***@correo.com,28,2019-03-22,ACTIVO
7476,Residencial,56XXXX16,970XXX889,cliente07476***@correo.com,3,2020-09-16,ACTIVO
7477,Residencial,60XXXX30,913XXX307,cliente07477***@correo.com,3,2021-04-13,ACTIVO
7478,Residencial,60XXXX39,996XXX069,cliente07478***@correo.com,15,2024-09-27,ACTIVO
7479,Residencial,50XXXX67,920XXX438,cliente07479***@correo.com,3,2019-08-27,INACTIVO
7480,Residencial,69XXXX41,997XXX163,cliente07480***@correo.com,30,2024-05-17,ACTIVO
7481,Residencial,82XXXX38,966XXX701,cliente07481***@correo.com,38,2019-03-12,ACTIVO
7482,Alumbrado Público,16XXXX18,947XXX892,cliente07482***@correo.com,7,2023-04-21,ACTIVO
7483,Residencial,33XXXX73,914XXX343,cliente07483***@correo.com,7,2021-07-09,ACTIVO
7484,Residencial,21XXXX89,900XXX755,cliente07484***@correo.com,43,2021-07-23,ACTIVO
7485,Comercial,33XXXX20,995XXX835,cliente07485***@correo.com,40,2024-02-13,ACTIVO
7486,Residencial,64XXXX20,987XXX445,cliente07486***@correo.com,27,2022-03-14,ACTIVO
7487,Comercial,43XXXX32,985XXX752,cliente07487***@correo.com,43,2021-05-01,ACTIVO
7488,Residencial,64XXXX64,958XXX889,cliente07488***@correo.com,16,2021-11-15,ACTIVO
7489,Residencial,73XXXX42,901XXX418,cliente07489***@correo.com,28,2019-03-15,ACTIVO
7490,Residencial,51XXXX41,932XXX876,cliente07490***@correo.com,3,2023-07-05,ACTIVO
7491,Residencial,93XXXX69,999XXX666,cliente07491***@correo.com,28,2018-03-05,ACTIVO
7492,Residencial,35XXXX86,974XXX176,cliente07492***@correo.com,3,2021-12-24,ACTIVO
7493,Residencial,36XXXX26,919XXX760,cliente07493***@correo.com,38,2022-05-17,ACTIVO
7494,Comercial,59XXXX18,971XXX201,cliente07494***@correo.com,40,2023-05-10,ACTIVO
7495,Residencial,62XXXX25,955XXX909,cliente07495***@correo.com,28,2022-08-06,ACTIVO
7496,Residencial,39XXXX81,980XXX680,cliente07496***@correo.com,29,2022-11-09,ACTIVO
7497,Residencial,88XXXX13,991XXX666,cliente07497***@correo.com,26,2024-10-09,ACTIVO
7498,Residencial,19XXXX00,908XXX896,cliente07498***@correo.com,28,2018-03-20,ACTIVO
7499,Residencial,97XXXX22,955XXX578,cliente07499***@correo.com,29,2024-08-08,ACTIVO
7500,Residencial,57XXXX78,918XXX381,cliente07500***@correo.com,17,2018-08-28,ACTIVO
7501,Residencial,28XXXX35,919XXX134,cliente07501***@correo.com,43,2019-11-15,ACTIVO
7502,Residencial,79XXXX96,915XXX138,cliente07502***@correo.com,8,2019-12-25,ACTIVO
7503,Comercial,72XXXX11,943XXX875,cliente07503***@correo.com,29,2018-01-23,ACTIVO
7504,Residencial,71XXXX66,988XXX364,cliente07504***@correo.com,9,2018-11-04,ACTIVO
7505,Comercial,78XXXX48,930XXX124,cliente07505***@correo.com,15,2024-03-10,INACTIVO
7506,Residencial,62XXXX23,912XXX675,cliente07506***@correo.com,28,2020-06-04,ACTIVO
7507,Residencial,47XXXX86,951XXX698,cliente07507***@correo.com,15,2020-06-10,ACTIVO
7508,Residencial,58XXXX72,908XXX289,cliente07508***@correo.com,40,2020-10-02,ACTIVO
7509,Residencial,33XXXX76,997XXX641,cliente07509***@correo.com,39,2019-07-07,ACTIVO
7510,Residencial,54XXXX82,911XXX272,cliente07510***@correo.com,6,2022-05-30,ACTIVO
7511,Residencial,68XXXX52,955XXX894,cliente07511***@correo.com,16,2022-09-16,ACTIVO
7512,Residencial,15XXXX24,953XXX215,cliente07512***@correo.com,5,2024-12-08,ACTIVO
7513,Residencial,13XXXX57,965XXX247,cliente07513***@correo.com,9,2018-11-04,ACTIVO
7514,Residencial,68XXXX91,999XXX209,cliente07514***@correo.com,38,2021-03-17,ACTIVO
7515,Residencial,50XXXX28,931XXX045,cliente07515***@correo.com,26,2019-03-30,ACTIVO
7516,Residencial,63XXXX76,943XXX816,cliente07516***@correo.com,7,2020-11-09,ACTIVO
7517,Gobierno,63XXXX15,920XXX884,cliente07517***@correo.com,3,2019-08-04,ACTIVO
7518,Residencial,60XXXX16,989XXX731,cliente07518***@correo.com,43,2020-07-27,ACTIVO
7519,Residencial,12XXXX19,900XXX834,cliente07519***@correo.com,40,2018-02-01,ACTIVO
7520,Residencial,32XXXX07,936XXX129,cliente07520***@correo.com,28,2023-11-29,ACTIVO
7521,Residencial,78XXXX43,917XXX277,cliente07521***@correo.com,7,2022-11-25,ACTIVO
7522,Residencial,17XXXX72,978XXX552,cliente07522***@correo.com,9,2020-08-16,ACTIVO
7523,Residencial,69XXXX01,990XXX674,cliente07523***@correo.com,21,2024-09-06,ACTIVO
7524,Residencial,52XXXX04,956XXX601,cliente07524***@correo.com,15,2019-11-21,ACTIVO
7525,Residencial,21XXXX04,930XXX950,cliente07525***@correo.com,9,2021-11-19,ACTIVO
7526,Comercial,49XXXX07,952XXX689,cliente07526***@correo.com,32,2019-05-30,ACTIVO
7527,Residencial,10XXXX50,904XXX553,cliente07527***@correo.com,9,2021-04-04,ACTIVO
7528,Residencial,92XXXX26,979XXX568,cliente07528***@correo.com,9,2021-06-24,ACTIVO
7529,Residencial,33XXXX26,970XXX022,cliente07529***@correo.com,5,2018-08-11,ACTIVO
7530,Residencial,56XXXX94,950XXX391,cliente07530***@correo.com,29,2024-09-20,ACTIVO
7531,Residencial,87XXXX59,998XXX451,cliente07531***@correo.com,39,2022-12-15,ACTIVO
7532,Residencial,78XXXX15,954XXX302,cliente07532***@correo.com,4,2020-01-12,ACTIVO
7533,Residencial,20XXXX53,986XXX424,cliente07533***@correo.com,26,2023-08-24,ACTIVO
7534,Residencial,10XXXX35,902XXX815,cliente07534***@correo.com,30,2022-03-31,ACTIVO
7535,Residencial,97XXXX15,918XXX058,cliente07535***@correo.com,30,2023-06-04,ACTIVO
7536,Residencial,88XXXX53,953XXX171,cliente07536***@correo.com,13,2021-08-11,ACTIVO
7537,Residencial,57XXXX40,911XXX174,cliente07537***@correo.com,43,2024-05-27,ACTIVO
7538,Industrial,43XXXX34,979XXX274,cliente07538***@correo.com,15,2019-09-09,ACTIVO
7539,Residencial,25XXXX42,918XXX479,cliente07539***@correo.com,3,2020-01-10,ACTIVO
7540,Residencial,42XXXX11,942XXX468,cliente07540***@correo.com,30,2024-07-30,ACTIVO
7541,Residencial,12XXXX57,983XXX882,cliente07541***@correo.com,4,2023-09-20,ACTIVO
7542,Residencial,71XXXX40,985XXX628,cliente07542***@correo.com,5,2018-01-09,ACTIVO
7543,Residencial,81XXXX30,996XXX402,cliente07543***@correo.com,9,2020-08-20,ACTIVO
7544,Residencial,83XXXX27,910XXX829,cliente07544***@correo.com,29,2020-07-27,ACTIVO
7545,Residencial,89XXXX75,993XXX057,cliente07545***@correo.com,24,2018-11-25,ACTIVO
7546,Residencial,12XXXX81,915XXX911,cliente07546***@correo.com,29,2019-11-09,ACTIVO
7547,Residencial,35XXXX47,944XXX436,cliente07547***@correo.com,33,2023-11-29,ACTIVO
7548,Residencial,62XXXX55,996XXX275,cliente07548***@correo.com,5,2018-01-25,ACTIVO
7549,Residencial,21XXXX03,970XXX540,cliente07549***@correo.com,30,2024-06-06,ACTIVO
7550,Residencial,37XXXX46,926XXX913,cliente07550***@correo.com,9,2020-02-14,ACTIVO
7551,Residencial,65XXXX95,990XXX592,cliente07551***@correo.com,4,2023-04-29,ACTIVO
7552,Residencial,30XXXX87,993XXX166,cliente07552***@correo.com,26,2019-12-22,ACTIVO
7553,Comercial,13XXXX36,939XXX311,cliente07553***@correo.com,25,2022-07-16,ACTIVO
7554,Residencial,76XXXX12,985XXX549,cliente07554***@correo.com,43,2018-06-04,ACTIVO
7555,Residencial,53XXXX12,968XXX350,cliente07555***@correo.com,22,2021-10-01,INACTIVO
7556,Residencial,17XXXX65,997XXX921,cliente07556***@correo.com,40,2020-04-03,ACTIVO
7557,Residencial,26XXXX80,951XXX877,cliente07557***@correo.com,43,2024-09-19,ACTIVO
7558,Alumbrado Público,30XXXX45,926XXX406,cliente07558***@correo.com,40,2022-12-18,ACTIVO
7559,Residencial,25XXXX54,911XXX154,cliente07559***@correo.com,5,2023-06-13,ACTIVO
7560,Alumbrado Público,89XXXX87,923XXX859,cliente07560***@correo.com,18,2022-10-16,ACTIVO
7561,Residencial,79XXXX21,933XXX516,cliente07561***@correo.com,29,2019-10-09,ACTIVO
7562,Residencial,91XXXX17,950XXX480,cliente07562***@correo.com,26,2020-02-04,ACTIVO
7563,Residencial,80XXXX00,921XXX532,cliente07563***@correo.com,13,2019-05-20,ACTIVO
7564,Residencial,66XXXX24,929XXX747,cliente07564***@correo.com,4,2019-11-24,ACTIVO
7565,Comercial,53XXXX33,923XXX464,cliente07565***@correo.com,15,2019-06-15,ACTIVO
7566,Comercial,18XXXX30,956XXX748,cliente07566***@correo.com,3,2022-01-03,ACTIVO
7567,Residencial,37XXXX09,977XXX313,cliente07567***@correo.com,26,2024-01-27,ACTIVO
7568,Residencial,62XXXX80,931XXX462,cliente07568***@correo.com,4,2021-06-18,ACTIVO
7569,Residencial,22XXXX40,950XXX441,cliente07569***@correo.com,14,2019-07-29,ACTIVO
7570,Industrial,69XXXX52,933XXX405,cliente07570***@correo.com,2,2018-09-09,ACTIVO
7571,Residencial,46XXXX94,966XXX634,cliente07571***@correo.com,7,2022-02-28,ACTIVO
7572,Residencial,69XXXX44,948XXX006,cliente07572***@correo.com,4,2020-02-27,ACTIVO
7573,Residencial,14XXXX49,929XXX659,cliente07573***@correo.com,13,2022-09-03,ACTIVO
7574,Residencial,14XXXX20,906XXX456,cliente07574***@correo.com,28,2020-07-09,ACTIVO
7575,Residencial,83XXXX76,983XXX809,cliente07575***@correo.com,38,2022-03-18,ACTIVO
7576,Residencial,28XXXX42,985XXX826,cliente07576***@correo.com,15,2020-11-20,ACTIVO
7577,Residencial,39XXXX88,936XXX221,cliente07577***@correo.com,5,2023-10-15,ACTIVO
7578,Residencial,10XXXX48,934XXX213,cliente07578***@correo.com,1,2024-04-16,ACTIVO
7579,Residencial,13XXXX13,978XXX986,cliente07579***@correo.com,39,2022-10-29,ACTIVO
7580,Residencial,85XXXX90,939XXX865,cliente07580***@correo.com,23,2021-09-03,ACTIVO
7581,Residencial,23XXXX68,955XXX934,cliente07581***@correo.com,15,2022-10-05,ACTIVO
7582,Residencial,43XXXX93,913XXX460,cliente07582***@correo.com,43,2022-03-25,ACTIVO
7583,Residencial,39XXXX40,941XXX121,cliente07583***@correo.com,7,2019-12-16,ACTIVO
7584,Residencial,44XXXX16,995XXX498,cliente07584***@correo.com,9,2022-05-05,ACTIVO
7585,Residencial,10XXXX05,962XXX040,cliente07585***@correo.com,26,2023-08-05,ACTIVO
7586,Residencial,75XXXX49,900XXX151,cliente07586***@correo.com,30,2018-06-23,ACTIVO
7587,Residencial,86XXXX61,942XXX756,cliente07587***@correo.com,40,2022-11-08,ACTIVO
7588,Residencial,53XXXX94,997XXX585,cliente07588***@correo.com,3,2018-06-12,ACTIVO
7589,Residencial,92XXXX58,960XXX739,cliente07589***@correo.com,10,2019-03-02,ACTIVO
7590,Residencial,94XXXX19,944XXX614,cliente07590***@correo.com,39,2021-01-16,ACTIVO
7591,Residencial,51XXXX27,962XXX037,cliente07591***@correo.com,28,2018-02-20,ACTIVO
7592,Comercial,33XXXX57,983XXX687,cliente07592***@correo.com,15,2021-12-12,ACTIVO
7593,Residencial,37XXXX98,995XXX660,cliente07593***@correo.com,21,2022-02-27,ACTIVO
7594,Residencial,74XXXX17,931XXX273,cliente07594***@correo.com,19,2022-01-29,ACTIVO
7595,Residencial,86XXXX08,998XXX203,cliente07595***@correo.com,4,2023-11-27,ACTIVO
7596,Residencial,15XXXX73,904XXX958,cliente07596***@correo.com,13,2022-06-16,ACTIVO
7597,Residencial,35XXXX55,983XXX150,cliente07597***@correo.com,19,2024-01-27,ACTIVO
7598,Residencial,79XXXX25,932XXX866,cliente07598***@correo.com,31,2018-07-27,ACTIVO
7599,Residencial,23XXXX07,907XXX078,cliente07599***@correo.com,13,2021-01-13,ACTIVO
7600,Residencial,69XXXX12,983XXX910,cliente07600***@correo.com,38,2024-08-29,ACTIVO
7601,Residencial,61XXXX24,955XXX579,cliente07601***@correo.com,19,2018-01-06,ACTIVO
7602,Residencial,79XXXX34,920XXX260,cliente07602***@correo.com,19,2022-10-08,ACTIVO
7603,Residencial,11XXXX95,915XXX071,cliente07603***@correo.com,43,2022-03-02,ACTIVO
7604,Residencial,60XXXX63,992XXX890,cliente07604***@correo.com,19,2020-01-04,ACTIVO
7605,Residencial,94XXXX17,986XXX681,cliente07605***@correo.com,26,2022-05-30,ACTIVO
7606,Residencial,98XXXX12,995XXX078,cliente07606***@correo.com,26,2021-01-12,ACTIVO
7607,Residencial,54XXXX26,982XXX053,cliente07607***@correo.com,15,2023-04-28,ACTIVO
7608,Residencial,43XXXX54,913XXX224,cliente07608***@correo.com,5,2019-10-17,ACTIVO
7609,Residencial,46XXXX04,964XXX074,cliente07609***@correo.com,7,2020-03-25,ACTIVO
7610,Residencial,67XXXX83,909XXX994,cliente07610***@correo.com,7,2018-07-21,ACTIVO
7611,Residencial,56XXXX99,992XXX125,cliente07611***@correo.com,30,2020-01-14,ACTIVO
7612,Residencial,48XXXX03,911XXX181,cliente07612***@correo.com,40,2019-06-24,ACTIVO
7613,Industrial,62XXXX93,980XXX180,cliente07613***@correo.com,39,2024-05-29,ACTIVO
7614,Residencial,80XXXX23,978XXX632,cliente07614***@correo.com,19,2019-05-03,ACTIVO
7615,Residencial,36XXXX04,993XXX460,cliente07615***@correo.com,5,2021-04-28,ACTIVO
7616,Residencial,97XXXX15,908XXX619,cliente07616***@correo.com,34,2024-07-23,ACTIVO
7617,Residencial,33XXXX64,932XXX336,cliente07617***@correo.com,29,2021-02-08,ACTIVO
7618,Residencial,30XXXX17,999XXX035,cliente07618***@correo.com,9,2021-09-11,ACTIVO
7619,Residencial,72XXXX98,936XXX966,cliente07619***@correo.com,4,2021-12-29,ACTIVO
7620,Residencial,72XXXX01,945XXX939,cliente07620***@correo.com,43,2023-05-02,ACTIVO
7621,Residencial,44XXXX10,925XXX623,cliente07621***@correo.com,7,2021-05-02,SUSPENDIDO
7622,Residencial,31XXXX03,907XXX688,cliente07622***@correo.com,15,2022-07-12,ACTIVO
7623,Residencial,67XXXX03,972XXX043,cliente07623***@correo.com,9,2018-12-11,ACTIVO
7624,Residencial,70XXXX98,964XXX344,cliente07624***@correo.com,11,2019-02-23,ACTIVO
7625,Comercial,15XXXX82,992XXX245,cliente07625***@correo.com,7,2020-03-25,ACTIVO
7626,Residencial,21XXXX01,928XXX097,cliente07626***@correo.com,14,2018-01-16,ACTIVO
7627,Residencial,77XXXX33,960XXX673,cliente07627***@correo.com,26,2024-01-12,ACTIVO
7628,Comercial,51XXXX38,958XXX878,cliente07628***@correo.com,9,2018-04-12,ACTIVO
7629,Residencial,43XXXX36,903XXX380,cliente07629***@correo.com,11,2019-06-02,ACTIVO
7630,Gobierno,39XXXX86,930XXX815,cliente07630***@correo.com,43,2019-05-10,ACTIVO
7631,Residencial,76XXXX13,943XXX889,cliente07631***@correo.com,9,2024-03-19,ACTIVO
7632,Industrial,77XXXX68,917XXX793,cliente07632***@correo.com,16,2019-02-20,ACTIVO
7633,Residencial,56XXXX22,993XXX462,cliente07633***@correo.com,9,2019-03-21,ACTIVO
7634,Residencial,89XXXX88,909XXX222,cliente07634***@correo.com,20,2020-05-23,ACTIVO
7635,Residencial,40XXXX89,908XXX188,cliente07635***@correo.com,5,2022-09-09,ACTIVO
7636,Gobierno,78XXXX51,943XXX041,cliente07636***@correo.com,4,2023-10-31,ACTIVO
7637,Residencial,25XXXX62,959XXX900,cliente07637***@correo.com,7,2024-10-20,ACTIVO
7638,Residencial,83XXXX10,965XXX434,cliente07638***@correo.com,37,2019-12-09,ACTIVO
7639,Residencial,56XXXX07,908XXX695,cliente07639***@correo.com,43,2021-12-27,INACTIVO
7640,Residencial,20XXXX73,958XXX498,cliente07640***@correo.com,43,2023-05-14,ACTIVO
7641,Residencial,23XXXX59,977XXX844,cliente07641***@correo.com,17,2019-06-29,ACTIVO
7642,Residencial,73XXXX29,998XXX160,cliente07642***@correo.com,4,2021-05-06,ACTIVO
7643,Residencial,24XXXX62,980XXX392,cliente07643***@correo.com,10,2024-03-09,ACTIVO
7644,Residencial,83XXXX34,936XXX435,cliente07644***@correo.com,43,2024-03-02,ACTIVO
7645,Residencial,94XXXX43,938XXX747,cliente07645***@correo.com,19,2018-08-21,ACTIVO
7646,Residencial,25XXXX54,921XXX637,cliente07646***@correo.com,38,2024-07-06,ACTIVO
7647,Residencial,87XXXX96,915XXX500,cliente07647***@correo.com,19,2020-08-23,ACTIVO
7648,Residencial,81XXXX63,970XXX215,cliente07648***@correo.com,9,2024-01-05,ACTIVO
7649,Residencial,59XXXX65,964XXX329,cliente07649***@correo.com,17,2019-07-05,ACTIVO
7650,Comercial,38XXXX60,903XXX544,cliente07650***@correo.com,13,2024-09-14,ACTIVO
7651,Residencial,78XXXX05,941XXX690,cliente07651***@correo.com,38,2018-09-25,ACTIVO
7652,Residencial,80XXXX00,980XXX460,cliente07652***@correo.com,28,2022-11-18,ACTIVO
7653,Residencial,71XXXX65,933XXX329,cliente07653***@correo.com,43,2019-07-28,ACTIVO
7654,Residencial,33XXXX57,963XXX364,cliente07654***@correo.com,7,2022-07-19,ACTIVO
7655,Residencial,18XXXX32,983XXX282,cliente07655***@correo.com,40,2021-03-17,ACTIVO
7656,Residencial,28XXXX38,950XXX081,cliente07656***@correo.com,4,2018-07-03,ACTIVO
7657,Residencial,12XXXX92,950XXX832,cliente07657***@correo.com,41,2018-12-07,ACTIVO
7658,Residencial,30XXXX41,919XXX703,cliente07658***@correo.com,28,2022-03-27,ACTIVO
7659,Residencial,12XXXX89,936XXX483,cliente07659***@correo.com,20,2020-11-02,ACTIVO
7660,Residencial,46XXXX82,971XXX530,cliente07660***@correo.com,43,2024-04-23,ACTIVO
7661,Residencial,19XXXX67,911XXX307,cliente07661***@correo.com,4,2019-10-10,ACTIVO
7662,Residencial,49XXXX55,902XXX885,cliente07662***@correo.com,3,2019-02-18,ACTIVO
7663,Residencial,49XXXX17,939XXX756,cliente07663***@correo.com,36,2020-04-22,ACTIVO
7664,Residencial,41XXXX95,965XXX409,cliente07664***@correo.com,9,2022-06-28,ACTIVO
7665,Residencial,22XXXX77,914XXX120,cliente07665***@correo.com,36,2018-05-25,ACTIVO
7666,Residencial,72XXXX59,997XXX746,cliente07666***@correo.com,9,2022-02-14,ACTIVO
7667,Residencial,18XXXX86,973XXX015,cliente07667***@correo.com,30,2021-03-05,ACTIVO
7668,Residencial,36XXXX35,990XXX405,cliente07668***@correo.com,15,2019-09-05,ACTIVO
7669,Residencial,60XXXX53,980XXX475,cliente07669***@correo.com,10,2024-11-03,ACTIVO
7670,Residencial,75XXXX50,953XXX498,cliente07670***@correo.com,9,2019-05-06,ACTIVO
7671,Residencial,38XXXX13,929XXX677,cliente07671***@correo.com,26,2018-07-25,ACTIVO
7672,Residencial,57XXXX23,901XXX164,cliente07672***@correo.com,29,2019-08-01,ACTIVO
7673,Residencial,78XXXX94,934XXX044,cliente07673***@correo.com,13,2024-06-12,ACTIVO
7674,Residencial,85XXXX93,933XXX114,cliente07674***@correo.com,7,2021-12-05,ACTIVO
7675,Residencial,67XXXX08,979XXX192,cliente07675***@correo.com,4,2020-09-20,ACTIVO
7676,Residencial,47XXXX59,946XXX782,cliente07676***@correo.com,39,2021-04-13,ACTIVO
7677,Comercial,67XXXX79,991XXX989,cliente07677***@correo.com,10,2021-09-21,ACTIVO
7678,Residencial,36XXXX96,941XXX915,cliente07678***@correo.com,20,2020-12-23,ACTIVO
7679,Residencial,55XXXX58,984XXX788,cliente07679***@correo.com,36,2018-09-23,ACTIVO
7680,Residencial,43XXXX86,946XXX422,cliente07680***@correo.com,15,2018-04-04,ACTIVO
7681,Residencial,86XXXX85,914XXX153,cliente07681***@correo.com,26,2020-11-12,ACTIVO
7682,Residencial,16XXXX53,981XXX053,cliente07682***@correo.com,43,2020-08-30,ACTIVO
7683,Residencial,29XXXX39,928XXX214,cliente07683***@correo.com,4,2022-02-03,ACTIVO
7684,Residencial,99XXXX20,917XXX191,cliente07684***@correo.com,7,2020-02-11,ACTIVO
7685,Residencial,35XXXX39,932XXX839,cliente07685***@correo.com,26,2022-08-07,ACTIVO
7686,Residencial,48XXXX33,967XXX444,cliente07686***@correo.com,4,2024-04-16,ACTIVO
7687,Residencial,20XXXX85,965XXX466,cliente07687***@correo.com,6,2024-04-29,ACTIVO
7688,Residencial,35XXXX19,944XXX444,cliente07688***@correo.com,43,2024-05-28,ACTIVO
7689,Residencial,98XXXX95,979XXX553,cliente07689***@correo.com,43,2022-11-28,ACTIVO
7690,Residencial,47XXXX55,942XXX390,cliente07690***@correo.com,29,2020-12-26,ACTIVO
7691,Residencial,14XXXX81,956XXX904,cliente07691***@correo.com,28,2019-09-30,ACTIVO
7692,Residencial,13XXXX74,964XXX594,cliente07692***@correo.com,18,2024-03-10,ACTIVO
7693,Residencial,78XXXX72,917XXX182,cliente07693***@correo.com,9,2018-02-28,ACTIVO
7694,Residencial,61XXXX42,948XXX313,cliente07694***@correo.com,20,2024-05-28,ACTIVO
7695,Comercial,56XXXX05,913XXX797,cliente07695***@correo.com,7,2022-03-16,ACTIVO
7696,Residencial,31XXXX67,996XXX243,cliente07696***@correo.com,43,2020-09-02,ACTIVO
7697,Residencial,10XXXX59,967XXX242,cliente07697***@correo.com,28,2021-07-13,ACTIVO
7698,Residencial,94XXXX82,940XXX301,cliente07698***@correo.com,38,2022-08-05,ACTIVO
7699,Residencial,18XXXX77,995XXX318,cliente07699***@correo.com,26,2023-04-16,ACTIVO
7700,Residencial,57XXXX03,990XXX042,cliente07700***@correo.com,15,2018-10-30,ACTIVO
7701,Residencial,58XXXX39,982XXX606,cliente07701***@correo.com,38,2020-08-07,ACTIVO
7702,Residencial,92XXXX23,943XXX691,cliente07702***@correo.com,29,2022-04-10,ACTIVO
7703,Comercial,91XXXX63,935XXX293,cliente07703***@correo.com,9,2019-06-28,ACTIVO
7704,Residencial,65XXXX73,974XXX877,cliente07704***@correo.com,42,2019-10-08,ACTIVO
7705,Residencial,14XXXX52,995XXX898,cliente07705***@correo.com,12,2019-11-26,ACTIVO
7706,Residencial,44XXXX21,955XXX938,cliente07706***@correo.com,29,2019-04-28,ACTIVO
7707,Residencial,54XXXX06,987XXX894,cliente07707***@correo.com,43,2020-08-22,ACTIVO
7708,Residencial,61XXXX57,928XXX802,cliente07708***@correo.com,30,2023-08-28,ACTIVO
7709,Residencial,98XXXX40,983XXX319,cliente07709***@correo.com,38,2018-09-02,ACTIVO
7710,Residencial,74XXXX73,929XXX641,cliente07710***@correo.com,29,2018-12-29,ACTIVO
7711,Residencial,43XXXX87,948XXX651,cliente07711***@correo.com,13,2021-05-27,ACTIVO
7712,Residencial,67XXXX12,982XXX280,cliente07712***@correo.com,9,2018-01-05,ACTIVO
7713,Residencial,98XXXX24,929XXX541,cliente07713***@correo.com,5,2020-09-18,ACTIVO
7714,Residencial,90XXXX42,985XXX421,cliente07714***@correo.com,30,2024-11-16,ACTIVO
7715,Residencial,42XXXX62,983XXX881,cliente07715***@correo.com,38,2021-05-14,ACTIVO
7716,Residencial,58XXXX13,962XXX493,cliente07716***@correo.com,28,2021-03-03,ACTIVO
7717,Residencial,80XXXX99,948XXX323,cliente07717***@correo.com,3,2023-07-16,ACTIVO
7718,Residencial,84XXXX97,981XXX316,cliente07718***@correo.com,15,2019-07-02,ACTIVO
7719,Residencial,15XXXX57,932XXX081,cliente07719***@correo.com,18,2021-11-17,ACTIVO
7720,Residencial,21XXXX89,946XXX127,cliente07720***@correo.com,32,2021-05-14,ACTIVO
7721,Residencial,22XXXX22,916XXX622,cliente07721***@correo.com,34,2021-09-10,ACTIVO
7722,Residencial,95XXXX28,958XXX317,cliente07722***@correo.com,3,2024-08-28,ACTIVO
7723,Residencial,43XXXX77,917XXX616,cliente07723***@correo.com,27,2023-01-27,ACTIVO
7724,Residencial,13XXXX40,919XXX524,cliente07724***@correo.com,26,2021-03-27,ACTIVO
7725,Residencial,93XXXX38,900XXX647,cliente07725***@correo.com,40,2022-10-26,ACTIVO
7726,Industrial,44XXXX97,977XXX421,cliente07726***@correo.com,26,2018-07-03,ACTIVO
7727,Residencial,88XXXX19,937XXX226,cliente07727***@correo.com,15,2023-12-26,ACTIVO
7728,Comercial,14XXXX09,936XXX899,cliente07728***@correo.com,20,2018-05-04,ACTIVO
7729,Comercial,29XXXX45,950XXX344,cliente07729***@correo.com,15,2024-10-16,ACTIVO
7730,Comercial,84XXXX93,907XXX739,cliente07730***@correo.com,40,2019-05-11,ACTIVO
7731,Residencial,35XXXX22,991XXX364,cliente07731***@correo.com,4,2019-12-13,ACTIVO
7732,Residencial,51XXXX35,986XXX059,cliente07732***@correo.com,42,2021-03-13,ACTIVO
7733,Residencial,46XXXX14,913XXX188,cliente07733***@correo.com,43,2020-03-17,ACTIVO
7734,Comercial,95XXXX35,961XXX313,cliente07734***@correo.com,22,2023-09-28,ACTIVO
7735,Residencial,30XXXX42,997XXX045,cliente07735***@correo.com,12,2023-10-07,ACTIVO
7736,Residencial,81XXXX21,940XXX384,cliente07736***@correo.com,30,2024-10-11,ACTIVO
7737,Residencial,19XXXX82,913XXX816,cliente07737***@correo.com,5,2024-01-12,ACTIVO
7738,Residencial,47XXXX32,927XXX195,cliente07738***@correo.com,15,2022-07-09,ACTIVO
7739,Comercial,75XXXX37,947XXX282,cliente07739***@correo.com,7,2018-06-15,ACTIVO
7740,Residencial,27XXXX00,954XXX816,cliente07740***@correo.com,12,2018-06-04,ACTIVO
7741,Residencial,62XXXX65,948XXX804,cliente07741***@correo.com,7,2022-11-08,ACTIVO
7742,Residencial,58XXXX02,943XXX333,cliente07742***@correo.com,5,2024-12-19,ACTIVO
7743,Residencial,90XXXX89,903XXX339,cliente07743***@correo.com,3,2018-06-30,ACTIVO
7744,Residencial,77XXXX31,959XXX666,cliente07744***@correo.com,32,2021-04-07,ACTIVO
7745,Residencial,17XXXX84,937XXX972,cliente07745***@correo.com,30,2021-07-14,ACTIVO
7746,Residencial,12XXXX58,978XXX517,cliente07746***@correo.com,39,2024-10-07,ACTIVO
7747,Residencial,88XXXX71,946XXX165,cliente07747***@correo.com,38,2024-01-17,ACTIVO
7748,Residencial,29XXXX73,935XXX118,cliente07748***@correo.com,3,2019-02-18,ACTIVO
7749,Industrial,50XXXX06,988XXX241,cliente07749***@correo.com,7,2023-11-01,ACTIVO
7750,Residencial,72XXXX28,916XXX207,cliente07750***@correo.com,5,2024-04-01,ACTIVO
7751,Residencial,53XXXX19,945XXX423,cliente07751***@correo.com,5,2019-06-03,ACTIVO
7752,Residencial,79XXXX22,900XXX346,cliente07752***@correo.com,8,2023-10-15,ACTIVO
7753,Alumbrado Público,99XXXX68,998XXX311,cliente07753***@correo.com,21,2021-07-17,ACTIVO
7754,Residencial,55XXXX00,962XXX356,cliente07754***@correo.com,39,2023-08-24,ACTIVO
7755,Residencial,97XXXX93,962XXX147,cliente07755***@correo.com,9,2019-11-03,ACTIVO
7756,Residencial,97XXXX65,987XXX659,cliente07756***@correo.com,35,2024-12-09,ACTIVO
7757,Industrial,78XXXX36,974XXX135,cliente07757***@correo.com,7,2024-04-30,ACTIVO
7758,Comercial,71XXXX23,910XXX544,cliente07758***@correo.com,36,2018-11-03,ACTIVO
7759,Residencial,76XXXX46,933XXX934,cliente07759***@correo.com,15,2019-11-10,ACTIVO
7760,Residencial,72XXXX40,948XXX567,cliente07760***@correo.com,7,2018-02-23,ACTIVO
7761,Residencial,30XXXX43,970XXX182,cliente07761***@correo.com,15,2021-01-26,ACTIVO
7762,Residencial,94XXXX47,992XXX377,cliente07762***@correo.com,43,2020-10-12,ACTIVO
7763,Residencial,69XXXX25,922XXX121,cliente07763***@correo.com,12,2019-04-28,ACTIVO
7764,Gobierno,83XXXX65,963XXX469,cliente07764***@correo.com,9,2023-10-16,INACTIVO
7765,Residencial,37XXXX77,961XXX482,cliente07765***@correo.com,27,2023-12-27,ACTIVO
7766,Gobierno,57XXXX39,910XXX642,cliente07766***@correo.com,3,2022-01-06,ACTIVO
7767,Residencial,29XXXX81,961XXX837,cliente07767***@correo.com,15,2020-04-25,ACTIVO
7768,Residencial,18XXXX64,977XXX767,cliente07768***@correo.com,43,2019-11-11,ACTIVO
7769,Residencial,16XXXX53,994XXX674,cliente07769***@correo.com,23,2020-06-14,ACTIVO
7770,Residencial,69XXXX54,965XXX348,cliente07770***@correo.com,8,2023-04-04,ACTIVO
7771,Residencial,78XXXX92,919XXX761,cliente07771***@correo.com,43,2021-06-15,ACTIVO
7772,Residencial,93XXXX50,949XXX725,cliente07772***@correo.com,7,2022-04-26,ACTIVO
7773,Comercial,10XXXX17,992XXX655,cliente07773***@correo.com,42,2021-12-12,ACTIVO
7774,Residencial,64XXXX45,925XXX850,cliente07774***@correo.com,40,2019-08-10,ACTIVO
7775,Residencial,31XXXX80,921XXX638,cliente07775***@correo.com,5,2021-02-10,ACTIVO
7776,Comercial,42XXXX27,985XXX033,cliente07776***@correo.com,19,2023-07-04,ACTIVO
7777,Residencial,92XXXX93,971XXX411,cliente07777***@correo.com,33,2021-01-30,ACTIVO
7778,Residencial,93XXXX52,901XXX316,cliente07778***@correo.com,9,2020-10-28,ACTIVO
7779,Residencial,74XXXX24,945XXX596,cliente07779***@correo.com,19,2019-05-04,ACTIVO
7780,Industrial,18XXXX38,951XXX103,cliente07780***@correo.com,7,2018-11-04,ACTIVO
7781,Comercial,86XXXX50,944XXX796,cliente07781***@correo.com,9,2019-02-26,ACTIVO
7782,Residencial,92XXXX10,963XXX294,cliente07782***@correo.com,2,2019-11-14,ACTIVO
7783,Residencial,90XXXX61,953XXX796,cliente07783***@correo.com,7,2023-09-10,ACTIVO
7784,Residencial,56XXXX01,992XXX673,cliente07784***@correo.com,26,2019-06-13,ACTIVO
7785,Residencial,17XXXX11,988XXX172,cliente07785***@correo.com,39,2020-05-28,ACTIVO
7786,Industrial,86XXXX93,948XXX866,cliente07786***@correo.com,6,2018-02-11,ACTIVO
7787,Residencial,27XXXX26,984XXX056,cliente07787***@correo.com,5,2024-01-30,ACTIVO
7788,Residencial,63XXXX27,964XXX093,cliente07788***@correo.com,43,2018-01-05,SUSPENDIDO
7789,Residencial,34XXXX26,986XXX496,cliente07789***@correo.com,15,2021-03-28,ACTIVO
7790,Residencial,58XXXX00,998XXX088,cliente07790***@correo.com,9,2020-04-26,INACTIVO
7791,Residencial,88XXXX39,943XXX531,cliente07791***@correo.com,9,2018-03-29,ACTIVO
7792,Residencial,43XXXX46,906XXX028,cliente07792***@correo.com,19,2023-02-10,ACTIVO
7793,Residencial,65XXXX98,992XXX062,cliente07793***@correo.com,29,2021-12-07,ACTIVO
7794,Comercial,75XXXX60,997XXX824,cliente07794***@correo.com,36,2023-01-29,ACTIVO
7795,Residencial,96XXXX44,987XXX655,cliente07795***@correo.com,13,2019-01-11,ACTIVO
7796,Residencial,65XXXX18,900XXX738,cliente07796***@correo.com,3,2024-09-30,ACTIVO
7797,Residencial,90XXXX62,975XXX199,cliente07797***@correo.com,13,2018-04-01,ACTIVO
7798,Comercial,11XXXX89,914XXX420,cliente07798***@correo.com,15,2022-04-04,ACTIVO
7799,Residencial,53XXXX28,909XXX908,cliente07799***@correo.com,4,2024-07-07,ACTIVO
7800,Residencial,31XXXX19,986XXX633,cliente07800***@correo.com,43,2021-01-07,ACTIVO
7801,Residencial,48XXXX10,927XXX428,cliente07801***@correo.com,7,2019-02-22,ACTIVO
7802,Residencial,70XXXX92,984XXX906,cliente07802***@correo.com,7,2024-12-25,ACTIVO
7803,Comercial,51XXXX12,947XXX145,cliente07803***@correo.com,8,2020-10-19,ACTIVO
7804,Residencial,88XXXX17,923XXX080,cliente07804***@correo.com,13,2023-06-13,ACTIVO
7805,Residencial,83XXXX97,978XXX479,cliente07805***@correo.com,26,2018-08-01,ACTIVO
7806,Residencial,46XXXX80,992XXX788,cliente07806***@correo.com,22,2018-08-12,ACTIVO
7807,Residencial,22XXXX46,993XXX119,cliente07807***@correo.com,31,2023-12-03,ACTIVO
7808,Residencial,90XXXX99,943XXX629,cliente07808***@correo.com,15,2024-09-11,ACTIVO
7809,Comercial,63XXXX96,937XXX118,cliente07809***@correo.com,9,2022-01-11,ACTIVO
7810,Residencial,36XXXX53,990XXX787,cliente07810***@correo.com,4,2022-08-02,ACTIVO
7811,Residencial,57XXXX46,914XXX532,cliente07811***@correo.com,9,2022-12-01,ACTIVO
7812,Residencial,57XXXX22,940XXX648,cliente07812***@correo.com,37,2018-10-10,ACTIVO
7813,Residencial,70XXXX76,965XXX238,cliente07813***@correo.com,15,2020-11-25,ACTIVO
7814,Residencial,67XXXX74,936XXX992,cliente07814***@correo.com,33,2024-11-20,ACTIVO
7815,Residencial,14XXXX30,999XXX262,cliente07815***@correo.com,18,2022-08-28,ACTIVO
7816,Residencial,62XXXX31,975XXX386,cliente07816***@correo.com,15,2021-03-24,ACTIVO
7817,Residencial,20XXXX37,952XXX630,cliente07817***@correo.com,11,2024-03-25,INACTIVO
7818,Residencial,50XXXX45,932XXX980,cliente07818***@correo.com,23,2018-04-02,ACTIVO
7819,Residencial,29XXXX48,959XXX301,cliente07819***@correo.com,9,2024-05-19,ACTIVO
7820,Residencial,36XXXX49,978XXX327,cliente07820***@correo.com,15,2024-09-08,ACTIVO
7821,Residencial,76XXXX82,937XXX560,cliente07821***@correo.com,3,2022-04-14,ACTIVO
7822,Residencial,18XXXX53,924XXX977,cliente07822***@correo.com,39,2024-04-10,ACTIVO
7823,Residencial,89XXXX42,985XXX381,cliente07823***@correo.com,20,2021-05-01,ACTIVO
7824,Residencial,90XXXX09,990XXX816,cliente07824***@correo.com,21,2021-12-26,ACTIVO
7825,Residencial,57XXXX87,922XXX922,cliente07825***@correo.com,3,2019-01-01,ACTIVO
7826,Residencial,86XXXX93,967XXX686,cliente07826***@correo.com,13,2020-12-29,ACTIVO
7827,Residencial,65XXXX31,965XXX996,cliente07827***@correo.com,28,2020-11-08,ACTIVO
7828,Residencial,82XXXX64,911XXX495,cliente07828***@correo.com,23,2024-12-09,ACTIVO
7829,Residencial,37XXXX49,957XXX677,cliente07829***@correo.com,7,2021-03-23,ACTIVO
7830,Comercial,33XXXX40,936XXX466,cliente07830***@correo.com,6,2021-07-18,ACTIVO
7831,Residencial,28XXXX95,980XXX512,cliente07831***@correo.com,15,2018-11-16,ACTIVO
7832,Residencial,58XXXX46,949XXX124,cliente07832***@correo.com,20,2019-12-30,ACTIVO
7833,Residencial,73XXXX91,906XXX631,cliente07833***@correo.com,32,2020-11-13,ACTIVO
7834,Residencial,61XXXX92,964XXX486,cliente07834***@correo.com,3,2020-06-13,ACTIVO
7835,Residencial,68XXXX67,922XXX259,cliente07835***@correo.com,23,2018-05-07,ACTIVO
7836,Residencial,34XXXX25,939XXX672,cliente07836***@correo.com,3,2022-05-30,ACTIVO
7837,Residencial,78XXXX71,907XXX687,cliente07837***@correo.com,43,2019-10-24,ACTIVO
7838,Residencial,64XXXX36,978XXX684,cliente07838***@correo.com,7,2024-12-29,ACTIVO
7839,Residencial,49XXXX10,998XXX422,cliente07839***@correo.com,11,2024-04-11,ACTIVO
7840,Residencial,93XXXX78,918XXX973,cliente07840***@correo.com,25,2022-06-15,ACTIVO
7841,Residencial,48XXXX72,924XXX984,cliente07841***@correo.com,15,2022-02-09,ACTIVO
7842,Residencial,92XXXX77,932XXX144,cliente07842***@correo.com,43,2018-06-29,ACTIVO
7843,Residencial,59XXXX13,933XXX055,cliente07843***@correo.com,43,2022-10-27,ACTIVO
7844,Residencial,21XXXX66,968XXX173,cliente07844***@correo.com,3,2018-01-11,ACTIVO
7845,Residencial,69XXXX47,938XXX697,cliente07845***@correo.com,15,2024-03-14,ACTIVO
7846,Residencial,86XXXX84,913XXX637,cliente07846***@correo.com,35,2019-03-15,ACTIVO
7847,Residencial,43XXXX44,910XXX621,cliente07847***@correo.com,5,2022-06-02,ACTIVO
7848,Residencial,81XXXX24,900XXX197,cliente07848***@correo.com,39,2023-02-07,ACTIVO
7849,Residencial,55XXXX61,904XXX734,cliente07849***@correo.com,5,2024-11-09,ACTIVO
7850,Comercial,69XXXX73,979XXX991,cliente07850***@correo.com,29,2019-01-23,ACTIVO
7851,Comercial,47XXXX51,919XXX031,cliente07851***@correo.com,21,2020-05-06,ACTIVO
7852,Comercial,18XXXX65,997XXX969,cliente07852***@correo.com,5,2023-04-09,ACTIVO
7853,Residencial,13XXXX04,974XXX177,cliente07853***@correo.com,41,2022-04-19,ACTIVO
7854,Residencial,36XXXX15,943XXX542,cliente07854***@correo.com,39,2023-04-30,ACTIVO
7855,Residencial,62XXXX00,935XXX871,cliente07855***@correo.com,15,2021-08-19,ACTIVO
7856,Comercial,56XXXX84,960XXX419,cliente07856***@correo.com,14,2018-01-29,ACTIVO
7857,Residencial,13XXXX59,909XXX046,cliente07857***@correo.com,28,2022-07-19,ACTIVO
7858,Residencial,93XXXX78,935XXX645,cliente07858***@correo.com,34,2018-11-20,ACTIVO
7859,Residencial,33XXXX44,937XXX765,cliente07859***@correo.com,43,2020-03-20,ACTIVO
7860,Residencial,50XXXX74,951XXX418,cliente07860***@correo.com,9,2024-06-16,ACTIVO
7861,Residencial,31XXXX04,988XXX937,cliente07861***@correo.com,15,2024-09-21,ACTIVO
7862,Residencial,79XXXX69,913XXX049,cliente07862***@correo.com,19,2022-10-15,ACTIVO
7863,Residencial,67XXXX83,932XXX171,cliente07863***@correo.com,38,2022-07-14,ACTIVO
7864,Residencial,91XXXX12,945XXX455,cliente07864***@correo.com,9,2020-12-03,ACTIVO
7865,Residencial,77XXXX93,999XXX764,cliente07865***@correo.com,8,2020-03-06,ACTIVO
7866,Residencial,83XXXX93,919XXX387,cliente07866***@correo.com,15,2021-11-12,ACTIVO
7867,Residencial,31XXXX47,920XXX296,cliente07867***@correo.com,40,2023-02-07,ACTIVO
7868,Residencial,26XXXX64,950XXX926,cliente07868***@correo.com,17,2018-06-11,ACTIVO
7869,Residencial,67XXXX90,985XXX047,cliente07869***@correo.com,17,2023-01-28,ACTIVO
7870,Comercial,66XXXX14,908XXX013,cliente07870***@correo.com,9,2019-11-22,ACTIVO
7871,Residencial,68XXXX87,928XXX503,cliente07871***@correo.com,29,2024-04-30,ACTIVO
7872,Residencial,50XXXX62,971XXX382,cliente07872***@correo.com,15,2023-10-29,ACTIVO
7873,Gobierno,39XXXX76,962XXX954,cliente07873***@correo.com,42,2023-09-27,ACTIVO
7874,Alumbrado Público,73XXXX47,998XXX571,cliente07874***@correo.com,7,2024-04-16,ACTIVO
7875,Residencial,42XXXX99,998XXX245,cliente07875***@correo.com,9,2020-04-19,ACTIVO
7876,Residencial,53XXXX79,912XXX199,cliente07876***@correo.com,9,2023-04-21,ACTIVO
7877,Residencial,98XXXX93,915XXX692,cliente07877***@correo.com,29,2019-05-31,ACTIVO
7878,Residencial,57XXXX17,933XXX237,cliente07878***@correo.com,20,2023-10-25,ACTIVO
7879,Residencial,83XXXX53,936XXX404,cliente07879***@correo.com,13,2018-09-27,ACTIVO
7880,Comercial,97XXXX98,935XXX403,cliente07880***@correo.com,26,2020-07-25,ACTIVO
7881,Residencial,57XXXX88,909XXX717,cliente07881***@correo.com,9,2020-03-04,ACTIVO
7882,Comercial,63XXXX16,988XXX322,cliente07882***@correo.com,7,2023-08-14,ACTIVO
7883,Residencial,25XXXX85,984XXX377,cliente07883***@correo.com,36,2024-01-23,ACTIVO
7884,Residencial,55XXXX44,933XXX293,cliente07884***@correo.com,13,2023-12-23,ACTIVO
7885,Residencial,15XXXX33,942XXX248,cliente07885***@correo.com,15,2018-02-01,ACTIVO
7886,Comercial,37XXXX65,928XXX895,cliente07886***@correo.com,1,2022-02-27,ACTIVO
7887,Residencial,11XXXX93,986XXX606,cliente07887***@correo.com,35,2023-02-07,ACTIVO
7888,Comercial,86XXXX89,999XXX323,cliente07888***@correo.com,7,2024-02-09,ACTIVO
7889,Residencial,59XXXX56,987XXX267,cliente07889***@correo.com,15,2022-01-17,ACTIVO
7890,Residencial,15XXXX46,953XXX781,cliente07890***@correo.com,13,2020-11-10,ACTIVO
7891,Residencial,56XXXX77,969XXX989,cliente07891***@correo.com,9,2019-07-23,INACTIVO
7892,Residencial,78XXXX15,999XXX609,cliente07892***@correo.com,28,2023-05-31,INACTIVO
7893,Residencial,89XXXX23,989XXX917,cliente07893***@correo.com,12,2023-11-15,ACTIVO
7894,Residencial,11XXXX41,916XXX084,cliente07894***@correo.com,39,2019-11-15,ACTIVO
7895,Residencial,45XXXX27,963XXX520,cliente07895***@correo.com,30,2022-07-09,ACTIVO
7896,Residencial,99XXXX03,955XXX824,cliente07896***@correo.com,28,2020-06-25,ACTIVO
7897,Residencial,98XXXX42,997XXX416,cliente07897***@correo.com,7,2020-07-14,ACTIVO
7898,Residencial,93XXXX33,910XXX075,cliente07898***@correo.com,40,2023-03-30,ACTIVO
7899,Residencial,38XXXX74,956XXX845,cliente07899***@correo.com,12,2018-01-22,ACTIVO
7900,Residencial,52XXXX26,912XXX164,cliente07900***@correo.com,7,2024-02-16,ACTIVO
7901,Residencial,28XXXX16,995XXX791,cliente07901***@correo.com,15,2024-06-28,ACTIVO
7902,Residencial,14XXXX19,910XXX517,cliente07902***@correo.com,39,2024-12-25,ACTIVO
7903,Residencial,38XXXX86,991XXX353,cliente07903***@correo.com,35,2022-08-24,ACTIVO
7904,Alumbrado Público,91XXXX05,932XXX142,cliente07904***@correo.com,28,2024-09-07,ACTIVO
7905,Residencial,46XXXX39,936XXX838,cliente07905***@correo.com,9,2024-12-24,ACTIVO
7906,Residencial,57XXXX22,987XXX424,cliente07906***@correo.com,26,2020-07-01,ACTIVO
7907,Residencial,55XXXX95,925XXX148,cliente07907***@correo.com,4,2022-01-08,ACTIVO
7908,Residencial,36XXXX64,963XXX295,cliente07908***@correo.com,32,2020-12-22,ACTIVO
7909,Residencial,34XXXX47,943XXX691,cliente07909***@correo.com,38,2024-11-15,ACTIVO
7910,Comercial,85XXXX27,910XXX185,cliente07910***@correo.com,7,2022-09-10,ACTIVO
7911,Residencial,30XXXX45,917XXX117,cliente07911***@correo.com,24,2022-10-16,ACTIVO
7912,Comercial,97XXXX85,902XXX611,cliente07912***@correo.com,5,2022-11-12,ACTIVO
7913,Residencial,18XXXX83,913XXX458,cliente07913***@correo.com,5,2019-01-27,ACTIVO
7914,Residencial,79XXXX02,965XXX041,cliente07914***@correo.com,7,2024-12-25,ACTIVO
7915,Residencial,53XXXX66,900XXX302,cliente07915***@correo.com,7,2022-10-03,ACTIVO
7916,Residencial,12XXXX90,974XXX641,cliente07916***@correo.com,9,2020-01-09,ACTIVO
7917,Residencial,15XXXX08,963XXX129,cliente07917***@correo.com,29,2024-11-19,ACTIVO
7918,Residencial,37XXXX26,972XXX429,cliente07918***@correo.com,9,2022-05-12,ACTIVO
7919,Alumbrado Público,83XXXX06,917XXX879,cliente07919***@correo.com,9,2023-12-13,ACTIVO
7920,Residencial,11XXXX96,940XXX763,cliente07920***@correo.com,9,2024-08-26,ACTIVO
7921,Comercial,83XXXX63,904XXX545,cliente07921***@correo.com,39,2018-02-06,ACTIVO
7922,Residencial,71XXXX07,950XXX013,cliente07922***@correo.com,33,2022-11-15,ACTIVO
7923,Residencial,55XXXX62,990XXX823,cliente07923***@correo.com,29,2020-11-29,ACTIVO
7924,Residencial,42XXXX26,960XXX280,cliente07924***@correo.com,19,2022-09-30,ACTIVO
7925,Residencial,47XXXX35,981XXX374,cliente07925***@correo.com,15,2024-11-06,ACTIVO
7926,Residencial,73XXXX70,982XXX100,cliente07926***@correo.com,28,2023-08-13,ACTIVO
7927,Comercial,38XXXX46,962XXX095,cliente07927***@correo.com,23,2021-11-02,ACTIVO
7928,Residencial,79XXXX81,916XXX070,cliente07928***@correo.com,38,2018-01-14,ACTIVO
7929,Residencial,12XXXX71,956XXX485,cliente07929***@correo.com,15,2022-04-09,ACTIVO
7930,Residencial,97XXXX35,960XXX420,cliente07930***@correo.com,3,2023-05-30,ACTIVO
7931,Residencial,34XXXX87,946XXX463,cliente07931***@correo.com,9,2018-08-10,ACTIVO
7932,Residencial,50XXXX82,911XXX672,cliente07932***@correo.com,20,2022-11-15,ACTIVO
7933,Comercial,28XXXX21,927XXX847,cliente07933***@correo.com,39,2018-04-23,ACTIVO
7934,Residencial,65XXXX69,962XXX728,cliente07934***@correo.com,16,2023-09-23,ACTIVO
7935,Residencial,85XXXX99,979XXX184,cliente07935***@correo.com,15,2020-01-22,ACTIVO
7936,Residencial,68XXXX01,981XXX383,cliente07936***@correo.com,7,2024-06-25,ACTIVO
7937,Residencial,92XXXX43,905XXX642,cliente07937***@correo.com,39,2018-10-01,ACTIVO
7938,Residencial,97XXXX44,990XXX706,cliente07938***@correo.com,3,2018-01-25,ACTIVO
7939,Residencial,90XXXX91,947XXX595,cliente07939***@correo.com,5,2023-08-23,ACTIVO
7940,Residencial,67XXXX14,919XXX536,cliente07940***@correo.com,7,2022-08-27,ACTIVO
7941,Residencial,54XXXX45,947XXX209,cliente07941***@correo.com,40,2022-01-04,ACTIVO
7942,Residencial,51XXXX00,924XXX682,cliente07942***@correo.com,43,2021-08-23,ACTIVO
7943,Residencial,60XXXX13,997XXX144,cliente07943***@correo.com,28,2023-03-10,ACTIVO
7944,Residencial,77XXXX29,900XXX415,cliente07944***@correo.com,7,2020-11-19,ACTIVO
7945,Residencial,80XXXX56,991XXX078,cliente07945***@correo.com,28,2024-09-23,ACTIVO
7946,Comercial,28XXXX65,970XXX565,cliente07946***@correo.com,39,2024-03-11,ACTIVO
7947,Residencial,64XXXX10,977XXX312,cliente07947***@correo.com,24,2021-02-08,ACTIVO
7948,Residencial,87XXXX09,938XXX080,cliente07948***@correo.com,29,2019-01-08,ACTIVO
7949,Residencial,92XXXX93,982XXX276,cliente07949***@correo.com,4,2019-05-01,ACTIVO
7950,Residencial,65XXXX16,925XXX293,cliente07950***@correo.com,39,2019-11-22,ACTIVO
7951,Residencial,42XXXX92,904XXX653,cliente07951***@correo.com,9,2021-09-12,ACTIVO
7952,Comercial,32XXXX13,903XXX596,cliente07952***@correo.com,34,2020-12-17,ACTIVO
7953,Industrial,62XXXX21,943XXX154,cliente07953***@correo.com,39,2018-10-29,ACTIVO
7954,Residencial,93XXXX93,964XXX228,cliente07954***@correo.com,30,2018-04-29,ACTIVO
7955,Residencial,32XXXX92,941XXX669,cliente07955***@correo.com,40,2021-02-18,ACTIVO
7956,Residencial,99XXXX53,938XXX178,cliente07956***@correo.com,9,2024-11-08,ACTIVO
7957,Residencial,31XXXX57,919XXX620,cliente07957***@correo.com,5,2021-03-19,ACTIVO
7958,Residencial,34XXXX29,989XXX880,cliente07958***@correo.com,3,2018-03-20,ACTIVO
7959,Residencial,38XXXX61,906XXX202,cliente07959***@correo.com,19,2021-03-26,ACTIVO
7960,Residencial,33XXXX96,967XXX861,cliente07960***@correo.com,7,2021-07-18,ACTIVO
7961,Residencial,85XXXX36,949XXX691,cliente07961***@correo.com,9,2023-12-27,ACTIVO
7962,Residencial,73XXXX13,920XXX640,cliente07962***@correo.com,38,2022-08-01,ACTIVO
7963,Residencial,99XXXX08,939XXX212,cliente07963***@correo.com,17,2021-03-06,INACTIVO
7964,Residencial,96XXXX93,918XXX025,cliente07964***@correo.com,15,2024-01-22,ACTIVO
7965,Residencial,76XXXX27,935XXX996,cliente07965***@correo.com,28,2023-08-08,ACTIVO
7966,Residencial,75XXXX62,934XXX678,cliente07966***@correo.com,30,2018-11-18,ACTIVO
7967,Residencial,22XXXX27,915XXX248,cliente07967***@correo.com,28,2023-01-27,ACTIVO
7968,Alumbrado Público,66XXXX43,956XXX312,cliente07968***@correo.com,28,2019-07-06,ACTIVO
7969,Residencial,20XXXX50,987XXX561,cliente07969***@correo.com,11,2022-08-30,ACTIVO
7970,Residencial,47XXXX61,905XXX502,cliente07970***@correo.com,39,2021-01-25,ACTIVO
7971,Residencial,52XXXX53,943XXX630,cliente07971***@correo.com,28,2018-07-27,ACTIVO
7972,Residencial,12XXXX33,952XXX921,cliente07972***@correo.com,15,2021-03-02,ACTIVO
7973,Residencial,10XXXX69,938XXX125,cliente07973***@correo.com,3,2019-08-03,ACTIVO
7974,Residencial,11XXXX96,967XXX469,cliente07974***@correo.com,4,2018-10-03,ACTIVO
7975,Residencial,34XXXX41,941XXX644,cliente07975***@correo.com,26,2021-01-28,ACTIVO
7976,Residencial,56XXXX12,971XXX718,cliente07976***@correo.com,30,2022-01-01,ACTIVO
7977,Residencial,54XXXX21,968XXX922,cliente07977***@correo.com,4,2024-09-29,ACTIVO
7978,Residencial,77XXXX20,993XXX170,cliente07978***@correo.com,40,2024-03-20,ACTIVO
7979,Comercial,73XXXX52,965XXX120,cliente07979***@correo.com,43,2023-08-02,INACTIVO
7980,Residencial,49XXXX16,985XXX789,cliente07980***@correo.com,7,2024-06-26,ACTIVO
7981,Industrial,50XXXX48,903XXX343,cliente07981***@correo.com,9,2023-05-27,ACTIVO
7982,Residencial,28XXXX75,900XXX122,cliente07982***@correo.com,26,2021-01-06,ACTIVO
7983,Residencial,31XXXX47,971XXX179,cliente07983***@correo.com,28,2021-10-10,ACTIVO
7984,Residencial,58XXXX67,951XXX363,cliente07984***@correo.com,29,2023-05-11,INACTIVO
7985,Residencial,55XXXX67,958XXX632,cliente07985***@correo.com,29,2022-05-11,ACTIVO
7986,Residencial,83XXXX67,918XXX819,cliente07986***@correo.com,39,2021-09-17,ACTIVO
7987,Residencial,87XXXX88,951XXX302,cliente07987***@correo.com,36,2020-11-09,ACTIVO
7988,Residencial,60XXXX50,974XXX779,cliente07988***@correo.com,9,2021-10-10,ACTIVO
7989,Comercial,51XXXX47,912XXX509,cliente07989***@correo.com,39,2022-09-25,ACTIVO
7990,Residencial,46XXXX18,926XXX228,cliente07990***@correo.com,7,2022-06-21,ACTIVO
7991,Residencial,78XXXX67,965XXX909,cliente07991***@correo.com,15,2021-09-13,ACTIVO
7992,Residencial,90XXXX48,958XXX864,cliente07992***@correo.com,3,2022-07-16,ACTIVO
7993,Residencial,42XXXX17,986XXX533,cliente07993***@correo.com,15,2021-06-12,ACTIVO
7994,Residencial,92XXXX24,958XXX634,cliente07994***@correo.com,39,2023-11-25,ACTIVO
7995,Residencial,74XXXX15,993XXX628,cliente07995***@correo.com,15,2023-09-01,ACTIVO
7996,Residencial,59XXXX78,984XXX794,cliente07996***@correo.com,5,2024-12-07,ACTIVO
7997,Comercial,91XXXX62,923XXX199,cliente07997***@correo.com,1,2023-09-29,ACTIVO
7998,Residencial,12XXXX33,992XXX573,cliente07998***@correo.com,43,2022-08-12,ACTIVO
7999,Residencial,60XXXX80,901XXX272,cliente07999***@correo.com,29,2024-10-10,ACTIVO
8000,Residencial,41XXXX30,977XXX782,cliente08000***@correo.com,29,2018-06-02,ACTIVO
8001,Residencial,43XXXX21,944XXX472,cliente08001***@correo.com,7,2024-04-02,ACTIVO
8002,Residencial,13XXXX96,927XXX927,cliente08002***@correo.com,3,2021-12-31,ACTIVO
8003,Residencial,14XXXX42,969XXX286,cliente08003***@correo.com,5,2022-09-30,ACTIVO
8004,Alumbrado Público,94XXXX60,995XXX899,cliente08004***@correo.com,43,2021-03-28,ACTIVO
8005,Residencial,41XXXX42,935XXX174,cliente08005***@correo.com,19,2024-07-12,ACTIVO
8006,Residencial,81XXXX40,916XXX626,cliente08006***@correo.com,35,2020-11-09,ACTIVO
8007,Residencial,14XXXX75,968XXX742,cliente08007***@correo.com,9,2021-04-05,ACTIVO
8008,Residencial,89XXXX88,955XXX910,cliente08008***@correo.com,3,2020-09-30,ACTIVO
8009,Residencial,26XXXX59,951XXX154,cliente08009***@correo.com,9,2023-01-17,ACTIVO
8010,Comercial,49XXXX58,987XXX108,cliente08010***@correo.com,15,2018-06-04,ACTIVO
8011,Residencial,77XXXX94,933XXX330,cliente08011***@correo.com,38,2019-04-06,ACTIVO
8012,Residencial,95XXXX17,903XXX958,cliente08012***@correo.com,3,2020-09-07,ACTIVO
8013,Residencial,69XXXX44,912XXX896,cliente08013***@correo.com,38,2021-03-06,ACTIVO
8014,Comercial,29XXXX64,925XXX617,cliente08014***@correo.com,19,2021-05-20,ACTIVO
8015,Residencial,58XXXX78,978XXX671,cliente08015***@correo.com,43,2019-10-29,ACTIVO
8016,Residencial,77XXXX95,925XXX241,cliente08016***@correo.com,19,2021-10-31,ACTIVO
8017,Residencial,83XXXX01,996XXX925,cliente08017***@correo.com,26,2020-01-06,ACTIVO
8018,Residencial,85XXXX41,975XXX567,cliente08018***@correo.com,21,2024-04-09,ACTIVO
8019,Residencial,80XXXX84,959XXX348,cliente08019***@correo.com,3,2018-11-15,ACTIVO
8020,Residencial,28XXXX30,921XXX476,cliente08020***@correo.com,26,2018-10-30,ACTIVO
8021,Residencial,44XXXX73,962XXX977,cliente08021***@correo.com,15,2020-08-17,ACTIVO
8022,Residencial,74XXXX81,947XXX580,cliente08022***@correo.com,9,2023-10-25,ACTIVO
8023,Industrial,67XXXX91,968XXX680,cliente08023***@correo.com,19,2021-11-20,SUSPENDIDO
8024,Residencial,34XXXX63,911XXX050,cliente08024***@correo.com,15,2018-03-16,ACTIVO
8025,Residencial,48XXXX62,948XXX038,cliente08025***@correo.com,25,2020-12-19,ACTIVO
8026,Residencial,76XXXX63,950XXX457,cliente08026***@correo.com,29,2018-08-03,ACTIVO
8027,Residencial,46XXXX02,944XXX857,cliente08027***@correo.com,3,2018-01-04,ACTIVO
8028,Residencial,38XXXX07,942XXX049,cliente08028***@correo.com,32,2018-05-09,ACTIVO
8029,Comercial,58XXXX09,924XXX588,cliente08029***@correo.com,29,2018-10-06,ACTIVO
8030,Residencial,19XXXX86,991XXX988,cliente08030***@correo.com,30,2020-09-01,ACTIVO
8031,Comercial,27XXXX78,942XXX919,cliente08031***@correo.com,29,2018-02-07,ACTIVO
8032,Residencial,64XXXX75,938XXX150,cliente08032***@correo.com,15,2019-11-24,ACTIVO
8033,Residencial,27XXXX04,946XXX328,cliente08033***@correo.com,3,2021-07-08,ACTIVO
8034,Residencial,78XXXX07,988XXX161,cliente08034***@correo.com,15,2019-06-10,ACTIVO
8035,Residencial,29XXXX84,971XXX142,cliente08035***@correo.com,19,2023-08-28,ACTIVO
8036,Residencial,20XXXX74,950XXX324,cliente08036***@correo.com,19,2022-12-03,ACTIVO
8037,Residencial,95XXXX53,909XXX133,cliente08037***@correo.com,10,2024-05-02,ACTIVO
8038,Residencial,99XXXX94,950XXX022,cliente08038***@correo.com,43,2020-08-25,ACTIVO
8039,Comercial,13XXXX39,941XXX800,cliente08039***@correo.com,9,2022-08-18,ACTIVO
8040,Residencial,11XXXX96,947XXX190,cliente08040***@correo.com,3,2022-07-23,ACTIVO
8041,Residencial,91XXXX21,970XXX065,cliente08041***@correo.com,3,2022-07-30,INACTIVO
8042,Residencial,82XXXX65,908XXX854,cliente08042***@correo.com,19,2024-12-20,ACTIVO
8043,Residencial,67XXXX37,914XXX720,cliente08043***@correo.com,22,2024-10-18,ACTIVO
8044,Residencial,55XXXX30,918XXX628,cliente08044***@correo.com,29,2019-06-10,ACTIVO
8045,Residencial,54XXXX92,948XXX205,cliente08045***@correo.com,40,2021-07-27,ACTIVO
8046,Comercial,19XXXX77,955XXX097,cliente08046***@correo.com,18,2022-06-26,ACTIVO
8047,Residencial,36XXXX10,974XXX332,cliente08047***@correo.com,24,2023-06-24,ACTIVO
8048,Comercial,49XXXX71,993XXX927,cliente08048***@correo.com,4,2023-01-07,ACTIVO
8049,Residencial,33XXXX19,995XXX627,cliente08049***@correo.com,15,2024-03-19,ACTIVO
8050,Residencial,62XXXX18,979XXX541,cliente08050***@correo.com,30,2019-07-13,ACTIVO
8051,Residencial,86XXXX58,909XXX533,cliente08051***@correo.com,29,2018-06-12,ACTIVO
8052,Residencial,79XXXX97,975XXX239,cliente08052***@correo.com,30,2019-12-29,ACTIVO
8053,Residencial,20XXXX65,949XXX969,cliente08053***@correo.com,26,2023-10-03,ACTIVO
8054,Comercial,57XXXX18,913XXX982,cliente08054***@correo.com,7,2021-10-29,ACTIVO
8055,Residencial,36XXXX11,998XXX526,cliente08055***@correo.com,1,2024-07-21,ACTIVO
8056,Residencial,57XXXX87,985XXX816,cliente08056***@correo.com,16,2018-02-01,ACTIVO
8057,Residencial,52XXXX10,903XXX227,cliente08057***@correo.com,9,2021-07-24,ACTIVO
8058,Residencial,15XXXX97,953XXX907,cliente08058***@correo.com,19,2021-04-16,ACTIVO
8059,Residencial,35XXXX70,948XXX265,cliente08059***@correo.com,34,2022-05-10,ACTIVO
8060,Residencial,22XXXX53,945XXX184,cliente08060***@correo.com,43,2023-02-22,ACTIVO
8061,Residencial,75XXXX87,931XXX084,cliente08061***@correo.com,11,2020-05-13,ACTIVO
8062,Residencial,31XXXX54,975XXX422,cliente08062***@correo.com,2,2020-01-10,ACTIVO
8063,Residencial,81XXXX65,967XXX250,cliente08063***@correo.com,22,2022-05-28,ACTIVO
8064,Residencial,60XXXX03,975XXX230,cliente08064***@correo.com,7,2023-08-17,ACTIVO
8065,Comercial,55XXXX87,977XXX439,cliente08065***@correo.com,13,2019-03-01,ACTIVO
8066,Residencial,22XXXX70,901XXX883,cliente08066***@correo.com,30,2020-07-16,ACTIVO
8067,Residencial,27XXXX42,957XXX757,cliente08067***@correo.com,5,2023-06-18,ACTIVO
8068,Residencial,66XXXX33,994XXX988,cliente08068***@correo.com,31,2022-06-25,ACTIVO
8069,Residencial,63XXXX88,991XXX049,cliente08069***@correo.com,23,2023-03-17,ACTIVO
8070,Residencial,52XXXX20,910XXX650,cliente08070***@correo.com,31,2020-03-09,ACTIVO
8071,Comercial,45XXXX13,908XXX841,cliente08071***@correo.com,7,2019-08-03,ACTIVO
8072,Residencial,96XXXX06,999XXX077,cliente08072***@correo.com,5,2020-11-17,ACTIVO
8073,Residencial,66XXXX33,936XXX783,cliente08073***@correo.com,30,2024-08-10,ACTIVO
8074,Residencial,44XXXX32,982XXX480,cliente08074***@correo.com,21,2021-10-11,ACTIVO
8075,Comercial,70XXXX81,915XXX647,cliente08075***@correo.com,15,2022-12-07,ACTIVO
8076,Residencial,33XXXX06,952XXX639,cliente08076***@correo.com,3,2020-09-01,ACTIVO
8077,Residencial,34XXXX28,953XXX807,cliente08077***@correo.com,43,2018-05-24,ACTIVO
8078,Residencial,81XXXX48,980XXX285,cliente08078***@correo.com,5,2019-06-20,ACTIVO
8079,Residencial,57XXXX23,958XXX818,cliente08079***@correo.com,29,2018-01-03,ACTIVO
8080,Residencial,89XXXX26,975XXX608,cliente08080***@correo.com,26,2023-07-28,ACTIVO
8081,Residencial,33XXXX85,972XXX946,cliente08081***@correo.com,3,2021-09-05,ACTIVO
8082,Residencial,81XXXX88,963XXX542,cliente08082***@correo.com,43,2019-10-01,ACTIVO
8083,Residencial,38XXXX86,902XXX766,cliente08083***@correo.com,28,2024-03-04,ACTIVO
8084,Residencial,73XXXX83,924XXX689,cliente08084***@correo.com,20,2022-02-06,ACTIVO
8085,Residencial,88XXXX98,954XXX005,cliente08085***@correo.com,10,2018-05-14,ACTIVO
8086,Residencial,67XXXX33,959XXX678,cliente08086***@correo.com,3,2019-07-06,ACTIVO
8087,Residencial,17XXXX26,940XXX138,cliente08087***@correo.com,9,2023-08-13,ACTIVO
8088,Residencial,47XXXX56,916XXX411,cliente08088***@correo.com,27,2018-02-18,ACTIVO
8089,Residencial,13XXXX95,964XXX389,cliente08089***@correo.com,15,2018-03-11,ACTIVO
8090,Residencial,83XXXX23,985XXX568,cliente08090***@correo.com,19,2023-08-12,ACTIVO
8091,Residencial,45XXXX00,932XXX488,cliente08091***@correo.com,43,2018-07-27,ACTIVO
8092,Residencial,79XXXX33,977XXX935,cliente08092***@correo.com,7,2021-11-14,ACTIVO
8093,Residencial,57XXXX48,981XXX832,cliente08093***@correo.com,15,2018-07-03,ACTIVO
8094,Comercial,60XXXX12,961XXX068,cliente08094***@correo.com,7,2018-08-03,ACTIVO
8095,Residencial,47XXXX39,965XXX453,cliente08095***@correo.com,26,2020-11-29,ACTIVO
8096,Residencial,26XXXX08,972XXX017,cliente08096***@correo.com,30,2020-11-28,ACTIVO
8097,Residencial,86XXXX37,905XXX229,cliente08097***@correo.com,19,2020-12-30,ACTIVO
8098,Residencial,28XXXX78,955XXX346,cliente08098***@correo.com,39,2023-07-07,ACTIVO
8099,Residencial,87XXXX02,930XXX062,cliente08099***@correo.com,37,2019-03-24,ACTIVO
8100,Residencial,72XXXX51,944XXX169,cliente08100***@correo.com,15,2020-12-21,ACTIVO
8101,Residencial,89XXXX48,932XXX659,cliente08101***@correo.com,43,2022-08-19,ACTIVO
8102,Residencial,71XXXX33,904XXX598,cliente08102***@correo.com,5,2024-04-02,ACTIVO
8103,Comercial,58XXXX56,925XXX660,cliente08103***@correo.com,5,2020-12-25,ACTIVO
8104,Gobierno,64XXXX67,957XXX424,cliente08104***@correo.com,6,2022-01-07,ACTIVO
8105,Residencial,24XXXX95,920XXX388,cliente08105***@correo.com,15,2018-05-30,ACTIVO
8106,Residencial,56XXXX83,960XXX549,cliente08106***@correo.com,35,2021-10-22,ACTIVO
8107,Industrial,29XXXX08,992XXX210,cliente08107***@correo.com,28,2021-05-09,ACTIVO
8108,Residencial,60XXXX22,907XXX739,cliente08108***@correo.com,38,2024-03-28,INACTIVO
8109,Residencial,59XXXX65,949XXX826,cliente08109***@correo.com,15,2019-08-06,ACTIVO
8110,Residencial,70XXXX41,978XXX266,cliente08110***@correo.com,29,2024-06-02,ACTIVO
8111,Residencial,77XXXX19,986XXX627,cliente08111***@correo.com,5,2018-02-15,ACTIVO
8112,Residencial,15XXXX70,988XXX671,cliente08112***@correo.com,43,2019-01-21,ACTIVO
8113,Residencial,85XXXX56,935XXX428,cliente08113***@correo.com,3,2020-02-04,ACTIVO
8114,Residencial,47XXXX92,906XXX819,cliente08114***@correo.com,15,2021-12-12,INACTIVO
8115,Residencial,67XXXX99,917XXX185,cliente08115***@correo.com,43,2021-04-04,ACTIVO
8116,Residencial,51XXXX05,901XXX340,cliente08116***@correo.com,29,2021-08-14,ACTIVO
8117,Residencial,50XXXX26,986XXX168,cliente08117***@correo.com,13,2022-12-24,ACTIVO
8118,Comercial,47XXXX43,912XXX954,cliente08118***@correo.com,38,2018-07-11,ACTIVO
8119,Residencial,43XXXX60,901XXX311,cliente08119***@correo.com,19,2023-12-25,ACTIVO
8120,Residencial,97XXXX08,964XXX435,cliente08120***@correo.com,21,2018-05-30,ACTIVO
8121,Residencial,96XXXX47,902XXX063,cliente08121***@correo.com,32,2018-02-24,ACTIVO
8122,Residencial,94XXXX61,996XXX811,cliente08122***@correo.com,5,2021-10-02,ACTIVO
8123,Residencial,10XXXX61,979XXX986,cliente08123***@correo.com,3,2024-04-10,ACTIVO
8124,Comercial,21XXXX49,913XXX472,cliente08124***@correo.com,39,2023-09-08,ACTIVO
8125,Residencial,36XXXX61,999XXX902,cliente08125***@correo.com,8,2023-12-16,ACTIVO
8126,Residencial,33XXXX28,989XXX330,cliente08126***@correo.com,7,2019-07-10,ACTIVO
8127,Residencial,33XXXX51,930XXX373,cliente08127***@correo.com,43,2024-03-06,ACTIVO
8128,Residencial,82XXXX61,931XXX979,cliente08128***@correo.com,3,2023-04-28,ACTIVO
8129,Residencial,68XXXX37,989XXX662,cliente08129***@correo.com,9,2018-11-03,ACTIVO
8130,Residencial,39XXXX03,947XXX448,cliente08130***@correo.com,41,2023-05-07,ACTIVO
8131,Residencial,20XXXX65,984XXX950,cliente08131***@correo.com,15,2022-06-14,ACTIVO
8132,Residencial,78XXXX62,918XXX295,cliente08132***@correo.com,38,2023-10-16,ACTIVO
8133,Residencial,39XXXX17,969XXX287,cliente08133***@correo.com,18,2022-12-17,ACTIVO
8134,Residencial,51XXXX99,922XXX608,cliente08134***@correo.com,38,2018-10-09,ACTIVO
8135,Residencial,87XXXX72,929XXX301,cliente08135***@correo.com,15,2020-02-18,ACTIVO
8136,Alumbrado Público,19XXXX28,954XXX308,cliente08136***@correo.com,40,2019-03-12,ACTIVO
8137,Residencial,51XXXX59,924XXX382,cliente08137***@correo.com,4,2024-03-18,ACTIVO
8138,Residencial,52XXXX43,958XXX038,cliente08138***@correo.com,15,2021-09-07,ACTIVO
8139,Residencial,59XXXX96,912XXX840,cliente08139***@correo.com,35,2019-05-13,ACTIVO
8140,Residencial,66XXXX57,933XXX056,cliente08140***@correo.com,9,2020-11-21,ACTIVO
8141,Residencial,26XXXX43,985XXX792,cliente08141***@correo.com,13,2023-05-02,ACTIVO
8142,Residencial,80XXXX93,987XXX098,cliente08142***@correo.com,29,2021-07-08,ACTIVO
8143,Residencial,46XXXX80,917XXX468,cliente08143***@correo.com,41,2020-11-29,ACTIVO
8144,Residencial,21XXXX57,977XXX921,cliente08144***@correo.com,37,2021-10-31,ACTIVO
8145,Residencial,54XXXX15,982XXX231,cliente08145***@correo.com,31,2024-10-13,ACTIVO
8146,Residencial,32XXXX31,934XXX091,cliente08146***@correo.com,15,2024-06-12,ACTIVO
8147,Residencial,86XXXX51,956XXX678,cliente08147***@correo.com,39,2023-06-21,ACTIVO
8148,Residencial,49XXXX36,915XXX295,cliente08148***@correo.com,26,2019-09-18,INACTIVO
8149,Residencial,93XXXX82,959XXX730,cliente08149***@correo.com,31,2022-12-03,ACTIVO
8150,Residencial,39XXXX83,959XXX434,cliente08150***@correo.com,22,2024-02-10,ACTIVO
8151,Residencial,86XXXX95,922XXX053,cliente08151***@correo.com,7,2022-02-17,ACTIVO
8152,Residencial,61XXXX63,948XXX705,cliente08152***@correo.com,32,2024-05-12,ACTIVO
8153,Residencial,34XXXX88,901XXX338,cliente08153***@correo.com,30,2024-04-29,ACTIVO
8154,Comercial,55XXXX19,916XXX790,cliente08154***@correo.com,7,2020-12-16,ACTIVO
8155,Comercial,22XXXX27,909XXX512,cliente08155***@correo.com,19,2024-10-18,ACTIVO
8156,Residencial,51XXXX55,972XXX880,cliente08156***@correo.com,15,2024-11-04,ACTIVO
8157,Residencial,81XXXX96,952XXX787,cliente08157***@correo.com,15,2020-09-11,ACTIVO
8158,Residencial,98XXXX73,904XXX528,cliente08158***@correo.com,26,2023-02-21,ACTIVO
8159,Comercial,25XXXX11,957XXX825,cliente08159***@correo.com,39,2024-10-01,ACTIVO
8160,Residencial,56XXXX37,959XXX965,cliente08160***@correo.com,15,2021-06-06,ACTIVO
8161,Residencial,88XXXX38,965XXX036,cliente08161***@correo.com,15,2018-05-31,ACTIVO
8162,Residencial,39XXXX16,922XXX249,cliente08162***@correo.com,23,2019-11-26,ACTIVO
8163,Residencial,52XXXX13,929XXX937,cliente08163***@correo.com,30,2018-11-25,ACTIVO
8164,Residencial,66XXXX20,917XXX056,cliente08164***@correo.com,30,2022-10-30,ACTIVO
8165,Residencial,75XXXX25,919XXX353,cliente08165***@correo.com,3,2021-08-09,ACTIVO
8166,Residencial,45XXXX99,972XXX281,cliente08166***@correo.com,9,2021-01-16,ACTIVO
8167,Residencial,29XXXX95,932XXX178,cliente08167***@correo.com,9,2023-12-08,ACTIVO
8168,Residencial,89XXXX78,969XXX862,cliente08168***@correo.com,9,2022-10-29,ACTIVO
8169,Residencial,39XXXX35,919XXX244,cliente08169***@correo.com,3,2018-10-21,ACTIVO
8170,Residencial,16XXXX99,908XXX742,cliente08170***@correo.com,3,2019-06-03,ACTIVO
8171,Residencial,46XXXX30,900XXX654,cliente08171***@correo.com,30,2022-07-29,ACTIVO
8172,Comercial,63XXXX94,973XXX536,cliente08172***@correo.com,29,2018-06-28,ACTIVO
8173,Residencial,59XXXX98,969XXX910,cliente08173***@correo.com,38,2019-02-17,ACTIVO
8174,Residencial,76XXXX15,929XXX280,cliente08174***@correo.com,15,2021-08-20,ACTIVO
8175,Residencial,98XXXX51,962XXX096,cliente08175***@correo.com,13,2023-07-30,ACTIVO
8176,Residencial,32XXXX19,926XXX876,cliente08176***@correo.com,13,2020-11-23,ACTIVO
8177,Residencial,43XXXX99,954XXX588,cliente08177***@correo.com,19,2020-11-09,ACTIVO
8178,Residencial,25XXXX87,985XXX992,cliente08178***@correo.com,20,2023-02-26,ACTIVO
8179,Residencial,21XXXX30,932XXX829,cliente08179***@correo.com,1,2020-04-23,ACTIVO
8180,Gobierno,64XXXX93,921XXX140,cliente08180***@correo.com,26,2019-11-26,ACTIVO
8181,Residencial,50XXXX50,981XXX156,cliente08181***@correo.com,30,2024-03-15,ACTIVO
8182,Residencial,26XXXX92,950XXX609,cliente08182***@correo.com,39,2021-06-05,ACTIVO
8183,Residencial,78XXXX04,974XXX234,cliente08183***@correo.com,30,2023-12-29,ACTIVO
8184,Comercial,33XXXX04,955XXX455,cliente08184***@correo.com,9,2018-11-19,ACTIVO
8185,Residencial,30XXXX54,980XXX627,cliente08185***@correo.com,11,2024-09-12,ACTIVO
8186,Residencial,15XXXX04,910XXX642,cliente08186***@correo.com,9,2023-06-26,ACTIVO
8187,Residencial,82XXXX97,982XXX541,cliente08187***@correo.com,15,2019-09-25,ACTIVO
8188,Residencial,16XXXX75,964XXX831,cliente08188***@correo.com,29,2022-12-07,ACTIVO
8189,Residencial,75XXXX09,964XXX870,cliente08189***@correo.com,15,2024-07-01,ACTIVO
8190,Residencial,76XXXX19,966XXX344,cliente08190***@correo.com,32,2023-11-14,ACTIVO
8191,Residencial,99XXXX14,981XXX071,cliente08191***@correo.com,40,2022-01-28,ACTIVO
8192,Residencial,66XXXX00,983XXX898,cliente08192***@correo.com,33,2020-12-02,ACTIVO
8193,Residencial,42XXXX54,957XXX700,cliente08193***@correo.com,9,2024-07-23,ACTIVO
8194,Residencial,77XXXX02,984XXX894,cliente08194***@correo.com,7,2023-08-04,ACTIVO
8195,Industrial,55XXXX77,968XXX808,cliente08195***@correo.com,9,2024-08-09,ACTIVO
8196,Residencial,30XXXX41,986XXX328,cliente08196***@correo.com,4,2018-12-01,ACTIVO
8197,Residencial,40XXXX02,905XXX662,cliente08197***@correo.com,21,2021-09-05,ACTIVO
8198,Residencial,57XXXX72,946XXX895,cliente08198***@correo.com,9,2024-11-23,ACTIVO
8199,Residencial,38XXXX21,920XXX221,cliente08199***@correo.com,35,2024-10-19,ACTIVO
8200,Residencial,62XXXX86,912XXX335,cliente08200***@correo.com,30,2024-08-08,ACTIVO
8201,Comercial,23XXXX96,954XXX553,cliente08201***@correo.com,3,2019-11-10,ACTIVO
8202,Residencial,55XXXX43,933XXX900,cliente08202***@correo.com,27,2023-02-17,ACTIVO
8203,Residencial,95XXXX85,962XXX985,cliente08203***@correo.com,15,2019-02-18,ACTIVO
8204,Residencial,89XXXX05,995XXX536,cliente08204***@correo.com,37,2020-02-14,ACTIVO
8205,Residencial,57XXXX34,971XXX943,cliente08205***@correo.com,29,2018-11-10,ACTIVO
8206,Residencial,52XXXX55,967XXX267,cliente08206***@correo.com,3,2020-04-22,ACTIVO
8207,Residencial,17XXXX53,961XXX029,cliente08207***@correo.com,30,2023-03-05,ACTIVO
8208,Residencial,70XXXX85,952XXX935,cliente08208***@correo.com,26,2018-11-22,INACTIVO
8209,Residencial,23XXXX57,931XXX032,cliente08209***@correo.com,3,2022-04-02,ACTIVO
8210,Residencial,55XXXX88,993XXX629,cliente08210***@correo.com,24,2018-07-06,ACTIVO
8211,Residencial,82XXXX59,915XXX815,cliente08211***@correo.com,30,2020-08-01,ACTIVO
8212,Residencial,84XXXX22,922XXX222,cliente08212***@correo.com,5,2019-08-14,ACTIVO
8213,Residencial,16XXXX05,980XXX667,cliente08213***@correo.com,3,2018-04-06,ACTIVO
8214,Residencial,25XXXX75,990XXX321,cliente08214***@correo.com,3,2022-03-12,ACTIVO
8215,Residencial,51XXXX87,964XXX120,cliente08215***@correo.com,29,2019-09-07,ACTIVO
8216,Gobierno,94XXXX00,961XXX109,cliente08216***@correo.com,38,2024-04-15,ACTIVO
8217,Residencial,52XXXX51,994XXX737,cliente08217***@correo.com,34,2022-11-06,ACTIVO
8218,Alumbrado Público,54XXXX37,978XXX162,cliente08218***@correo.com,20,2021-01-31,ACTIVO
8219,Comercial,80XXXX74,911XXX025,cliente08219***@correo.com,40,2021-11-07,ACTIVO
8220,Residencial,70XXXX63,969XXX620,cliente08220***@correo.com,7,2020-04-17,ACTIVO
8221,Comercial,93XXXX11,947XXX603,cliente08221***@correo.com,29,2018-12-10,INACTIVO
8222,Residencial,51XXXX43,963XXX134,cliente08222***@correo.com,3,2019-05-02,ACTIVO
8223,Residencial,96XXXX92,904XXX571,cliente08223***@correo.com,36,2021-04-09,ACTIVO
8224,Residencial,10XXXX51,912XXX909,cliente08224***@correo.com,13,2021-06-19,ACTIVO
8225,Residencial,57XXXX88,997XXX667,cliente08225***@correo.com,37,2019-10-13,ACTIVO
8226,Residencial,31XXXX08,988XXX930,cliente08226***@correo.com,28,2024-08-18,ACTIVO
8227,Residencial,15XXXX95,938XXX747,cliente08227***@correo.com,27,2023-12-30,ACTIVO
8228,Residencial,61XXXX21,989XXX327,cliente08228***@correo.com,15,2020-12-17,ACTIVO
8229,Residencial,14XXXX85,992XXX048,cliente08229***@correo.com,7,2023-07-02,ACTIVO
8230,Residencial,28XXXX88,928XXX835,cliente08230***@correo.com,43,2020-07-03,ACTIVO
8231,Residencial,57XXXX39,978XXX737,cliente08231***@correo.com,22,2023-02-25,ACTIVO
8232,Residencial,48XXXX79,946XXX689,cliente08232***@correo.com,33,2022-01-29,ACTIVO
8233,Residencial,71XXXX32,960XXX239,cliente08233***@correo.com,13,2018-03-06,ACTIVO
8234,Residencial,93XXXX85,935XXX948,cliente08234***@correo.com,13,2020-04-20,ACTIVO
8235,Residencial,10XXXX20,995XXX530,cliente08235***@correo.com,28,2023-07-07,INACTIVO
8236,Residencial,29XXXX17,958XXX726,cliente08236***@correo.com,3,2018-06-15,ACTIVO
8237,Comercial,67XXXX19,980XXX078,cliente08237***@correo.com,3,2021-11-03,ACTIVO
8238,Comercial,21XXXX78,983XXX204,cliente08238***@correo.com,18,2023-12-21,ACTIVO
8239,Residencial,13XXXX44,930XXX335,cliente08239***@correo.com,43,2022-04-05,ACTIVO
8240,Comercial,41XXXX83,987XXX185,cliente08240***@correo.com,29,2022-02-05,ACTIVO
8241,Residencial,90XXXX33,915XXX332,cliente08241***@correo.com,29,2021-02-20,ACTIVO
8242,Residencial,24XXXX28,981XXX620,cliente08242***@correo.com,20,2022-12-29,ACTIVO
8243,Residencial,19XXXX95,977XXX748,cliente08243***@correo.com,9,2023-02-03,ACTIVO
8244,Comercial,32XXXX78,903XXX615,cliente08244***@correo.com,39,2024-05-18,ACTIVO
8245,Residencial,38XXXX89,912XXX003,cliente08245***@correo.com,30,2018-06-21,ACTIVO
8246,Comercial,12XXXX70,955XXX009,cliente08246***@correo.com,30,2022-06-27,ACTIVO
8247,Residencial,21XXXX69,904XXX833,cliente08247***@correo.com,11,2024-08-11,ACTIVO
8248,Residencial,19XXXX27,953XXX580,cliente08248***@correo.com,28,2022-08-05,ACTIVO
8249,Residencial,68XXXX98,913XXX349,cliente08249***@correo.com,2,2022-01-09,ACTIVO
8250,Residencial,20XXXX02,914XXX135,cliente08250***@correo.com,43,2024-08-04,ACTIVO
8251,Residencial,18XXXX50,961XXX146,cliente08251***@correo.com,15,2022-03-24,ACTIVO
8252,Residencial,87XXXX31,905XXX433,cliente08252***@correo.com,4,2023-03-24,ACTIVO
8253,Residencial,43XXXX52,956XXX417,cliente08253***@correo.com,15,2019-05-21,ACTIVO
8254,Residencial,84XXXX40,900XXX505,cliente08254***@correo.com,38,2021-03-19,ACTIVO
8255,Residencial,63XXXX22,908XXX556,cliente08255***@correo.com,30,2019-04-07,ACTIVO
8256,Comercial,85XXXX23,991XXX407,cliente08256***@correo.com,36,2021-05-17,ACTIVO
8257,Residencial,76XXXX79,922XXX069,cliente08257***@correo.com,7,2020-04-28,ACTIVO
8258,Comercial,40XXXX64,931XXX688,cliente08258***@correo.com,15,2022-05-28,ACTIVO
8259,Comercial,22XXXX31,976XXX472,cliente08259***@correo.com,20,2020-06-20,ACTIVO
8260,Residencial,10XXXX45,940XXX428,cliente08260***@correo.com,37,2018-04-30,ACTIVO
8261,Comercial,21XXXX99,984XXX734,cliente08261***@correo.com,19,2021-01-23,ACTIVO
8262,Comercial,20XXXX74,998XXX365,cliente08262***@correo.com,3,2022-03-23,ACTIVO
8263,Residencial,45XXXX25,965XXX984,cliente08263***@correo.com,39,2019-05-06,ACTIVO
8264,Residencial,57XXXX33,947XXX421,cliente08264***@correo.com,3,2022-03-05,ACTIVO
8265,Residencial,36XXXX73,951XXX575,cliente08265***@correo.com,30,2020-06-27,ACTIVO
8266,Residencial,55XXXX73,949XXX142,cliente08266***@correo.com,39,2021-04-24,ACTIVO
8267,Residencial,77XXXX52,959XXX492,cliente08267***@correo.com,5,2022-07-14,ACTIVO
8268,Residencial,49XXXX64,978XXX615,cliente08268***@correo.com,19,2023-03-13,ACTIVO
8269,Residencial,52XXXX70,931XXX606,cliente08269***@correo.com,19,2019-02-07,ACTIVO
8270,Residencial,33XXXX04,974XXX664,cliente08270***@correo.com,6,2022-05-17,ACTIVO
8271,Residencial,85XXXX41,913XXX473,cliente08271***@correo.com,38,2023-06-03,ACTIVO
8272,Residencial,18XXXX60,999XXX682,cliente08272***@correo.com,7,2022-09-15,ACTIVO
8273,Residencial,72XXXX89,939XXX002,cliente08273***@correo.com,15,2021-06-12,ACTIVO
8274,Residencial,82XXXX42,954XXX433,cliente08274***@correo.com,9,2020-05-29,ACTIVO
8275,Residencial,34XXXX78,909XXX018,cliente08275***@correo.com,27,2024-01-27,ACTIVO
8276,Residencial,14XXXX31,964XXX893,cliente08276***@correo.com,9,2019-08-10,ACTIVO
8277,Residencial,62XXXX41,935XXX927,cliente08277***@correo.com,7,2022-02-05,ACTIVO
8278,Residencial,56XXXX26,941XXX652,cliente08278***@correo.com,39,2024-10-31,ACTIVO
8279,Comercial,29XXXX88,975XXX406,cliente08279***@correo.com,4,2021-11-20,ACTIVO
8280,Residencial,91XXXX43,950XXX028,cliente08280***@correo.com,7,2023-11-21,ACTIVO
8281,Residencial,89XXXX58,947XXX520,cliente08281***@correo.com,9,2024-08-17,ACTIVO
8282,Residencial,33XXXX26,993XXX590,cliente08282***@correo.com,4,2022-06-04,ACTIVO
8283,Residencial,64XXXX97,993XXX320,cliente08283***@correo.com,30,2019-02-23,ACTIVO
8284,Residencial,36XXXX20,966XXX916,cliente08284***@correo.com,15,2023-09-11,ACTIVO
8285,Residencial,18XXXX32,985XXX514,cliente08285***@correo.com,28,2020-01-07,ACTIVO
8286,Residencial,22XXXX29,909XXX742,cliente08286***@correo.com,4,2021-03-21,ACTIVO
8287,Industrial,77XXXX68,970XXX629,cliente08287***@correo.com,7,2022-11-12,ACTIVO
8288,Residencial,63XXXX16,910XXX001,cliente08288***@correo.com,10,2024-05-01,SUSPENDIDO
8289,Comercial,72XXXX45,900XXX696,cliente08289***@correo.com,3,2024-10-24,ACTIVO
8290,Residencial,52XXXX20,958XXX199,cliente08290***@correo.com,7,2024-02-27,ACTIVO
8291,Residencial,81XXXX44,903XXX876,cliente08291***@correo.com,14,2021-07-11,ACTIVO
8292,Residencial,80XXXX08,934XXX364,cliente08292***@correo.com,43,2023-02-27,ACTIVO
8293,Residencial,86XXXX63,931XXX947,cliente08293***@correo.com,38,2020-06-30,ACTIVO
8294,Gobierno,19XXXX47,989XXX482,cliente08294***@correo.com,19,2021-09-14,ACTIVO
8295,Industrial,86XXXX45,955XXX032,cliente08295***@correo.com,3,2019-03-23,ACTIVO
8296,Residencial,15XXXX86,957XXX485,cliente08296***@correo.com,36,2021-03-21,ACTIVO
8297,Residencial,34XXXX90,966XXX106,cliente08297***@correo.com,28,2022-02-15,ACTIVO
8298,Residencial,28XXXX95,942XXX253,cliente08298***@correo.com,9,2021-06-18,ACTIVO
8299,Residencial,30XXXX53,963XXX898,cliente08299***@correo.com,40,2024-03-01,ACTIVO
8300,Residencial,67XXXX07,956XXX722,cliente08300***@correo.com,19,2018-09-17,ACTIVO
8301,Residencial,53XXXX12,923XXX932,cliente08301***@correo.com,39,2020-02-03,ACTIVO
8302,Residencial,71XXXX74,916XXX537,cliente08302***@correo.com,9,2023-05-29,ACTIVO
8303,Residencial,58XXXX45,913XXX652,cliente08303***@correo.com,42,2023-11-03,ACTIVO
8304,Residencial,16XXXX97,976XXX774,cliente08304***@correo.com,4,2022-01-22,ACTIVO
8305,Residencial,15XXXX91,909XXX770,cliente08305***@correo.com,43,2022-09-25,ACTIVO
8306,Residencial,44XXXX00,948XXX697,cliente08306***@correo.com,39,2021-01-26,ACTIVO
8307,Residencial,85XXXX61,943XXX171,cliente08307***@correo.com,15,2021-11-16,ACTIVO
8308,Residencial,20XXXX89,999XXX315,cliente08308***@correo.com,15,2018-09-03,ACTIVO
8309,Comercial,79XXXX43,944XXX758,cliente08309***@correo.com,30,2019-02-10,ACTIVO
8310,Residencial,77XXXX10,975XXX929,cliente08310***@correo.com,40,2021-11-02,ACTIVO
8311,Residencial,31XXXX24,957XXX550,cliente08311***@correo.com,28,2021-12-11,ACTIVO
8312,Residencial,78XXXX57,940XXX493,cliente08312***@correo.com,26,2021-07-09,ACTIVO
8313,Residencial,91XXXX97,956XXX177,cliente08313***@correo.com,2,2022-10-03,ACTIVO
8314,Residencial,16XXXX71,943XXX593,cliente08314***@correo.com,19,2020-10-31,ACTIVO
8315,Residencial,97XXXX29,939XXX796,cliente08315***@correo.com,9,2018-05-19,ACTIVO
8316,Residencial,79XXXX94,983XXX004,cliente08316***@correo.com,4,2019-06-21,ACTIVO
8317,Residencial,87XXXX89,922XXX438,cliente08317***@correo.com,39,2020-12-21,ACTIVO
8318,Residencial,92XXXX25,962XXX522,cliente08318***@correo.com,7,2018-09-20,ACTIVO
8319,Residencial,98XXXX11,960XXX133,cliente08319***@correo.com,11,2018-11-07,ACTIVO
8320,Residencial,33XXXX78,953XXX526,cliente08320***@correo.com,40,2023-11-16,INACTIVO
8321,Residencial,19XXXX50,947XXX614,cliente08321***@correo.com,15,2019-11-22,ACTIVO
8322,Residencial,55XXXX27,971XXX306,cliente08322***@correo.com,40,2020-02-18,ACTIVO
8323,Residencial,87XXXX45,927XXX619,cliente08323***@correo.com,19,2022-12-05,ACTIVO
8324,Residencial,88XXXX63,944XXX909,cliente08324***@correo.com,5,2024-07-19,ACTIVO
8325,Comercial,93XXXX93,968XXX406,cliente08325***@correo.com,43,2023-07-08,ACTIVO
8326,Residencial,73XXXX67,992XXX284,cliente08326***@correo.com,28,2024-06-16,ACTIVO
8327,Residencial,93XXXX29,905XXX352,cliente08327***@correo.com,6,2020-02-29,ACTIVO
8328,Residencial,39XXXX41,972XXX636,cliente08328***@correo.com,5,2022-04-13,ACTIVO
8329,Comercial,75XXXX36,913XXX464,cliente08329***@correo.com,35,2023-02-08,ACTIVO
8330,Residencial,31XXXX22,939XXX290,cliente08330***@correo.com,9,2018-09-18,ACTIVO
8331,Residencial,98XXXX46,901XXX494,cliente08331***@correo.com,7,2024-05-24,ACTIVO
8332,Residencial,70XXXX60,966XXX043,cliente08332***@correo.com,9,2022-06-13,ACTIVO
8333,Residencial,10XXXX98,999XXX669,cliente08333***@correo.com,20,2021-08-30,ACTIVO
8334,Residencial,77XXXX19,920XXX973,cliente08334***@correo.com,13,2022-05-28,ACTIVO
8335,Residencial,93XXXX70,914XXX253,cliente08335***@correo.com,9,2022-12-24,ACTIVO
8336,Residencial,74XXXX72,998XXX664,cliente08336***@correo.com,15,2024-05-13,ACTIVO
8337,Residencial,39XXXX65,998XXX699,cliente08337***@correo.com,29,2022-10-13,ACTIVO
8338,Residencial,69XXXX77,914XXX567,cliente08338***@correo.com,15,2019-08-22,ACTIVO
8339,Residencial,96XXXX69,917XXX288,cliente08339***@correo.com,13,2024-03-07,ACTIVO
8340,Residencial,70XXXX22,942XXX666,cliente08340***@correo.com,7,2021-01-28,ACTIVO
8341,Residencial,74XXXX43,972XXX731,cliente08341***@correo.com,42,2023-01-22,ACTIVO
8342,Comercial,15XXXX26,918XXX568,cliente08342***@correo.com,5,2018-02-15,ACTIVO
8343,Residencial,11XXXX92,974XXX669,cliente08343***@correo.com,42,2024-09-10,ACTIVO
8344,Residencial,52XXXX62,931XXX987,cliente08344***@correo.com,29,2020-07-08,ACTIVO
8345,Residencial,91XXXX56,906XXX166,cliente08345***@correo.com,29,2020-05-25,INACTIVO
8346,Alumbrado Público,98XXXX24,915XXX050,cliente08346***@correo.com,37,2019-02-12,ACTIVO
8347,Residencial,10XXXX10,974XXX972,cliente08347***@correo.com,3,2020-04-15,ACTIVO
8348,Residencial,90XXXX50,922XXX306,cliente08348***@correo.com,13,2019-05-16,ACTIVO
8349,Residencial,90XXXX74,949XXX708,cliente08349***@correo.com,39,2020-06-05,ACTIVO
8350,Residencial,86XXXX68,976XXX392,cliente08350***@correo.com,29,2024-11-28,ACTIVO
8351,Residencial,55XXXX68,985XXX549,cliente08351***@correo.com,9,2020-01-02,ACTIVO
8352,Comercial,78XXXX87,939XXX375,cliente08352***@correo.com,30,2019-03-17,ACTIVO
8353,Residencial,63XXXX97,967XXX801,cliente08353***@correo.com,38,2018-09-25,ACTIVO
8354,Residencial,55XXXX24,900XXX066,cliente08354***@correo.com,29,2022-05-01,ACTIVO
8355,Residencial,28XXXX06,953XXX538,cliente08355***@correo.com,11,2019-11-23,ACTIVO
8356,Residencial,55XXXX55,921XXX980,cliente08356***@correo.com,19,2024-10-06,ACTIVO
8357,Residencial,89XXXX10,981XXX936,cliente08357***@correo.com,15,2018-01-06,ACTIVO
8358,Residencial,91XXXX28,991XXX134,cliente08358***@correo.com,28,2021-05-18,ACTIVO
8359,Comercial,23XXXX81,939XXX781,cliente08359***@correo.com,29,2022-10-27,ACTIVO
8360,Residencial,78XXXX32,987XXX150,cliente08360***@correo.com,13,2023-10-26,ACTIVO
8361,Residencial,20XXXX52,920XXX651,cliente08361***@correo.com,28,2020-10-01,ACTIVO
8362,Residencial,98XXXX82,913XXX395,cliente08362***@correo.com,38,2021-02-24,ACTIVO
8363,Residencial,47XXXX33,915XXX461,cliente08363***@correo.com,26,2022-03-30,ACTIVO
8364,Residencial,78XXXX08,962XXX672,cliente08364***@correo.com,43,2021-10-17,ACTIVO
8365,Residencial,75XXXX12,993XXX785,cliente08365***@correo.com,43,2020-10-26,ACTIVO
8366,Residencial,63XXXX22,948XXX724,cliente08366***@correo.com,15,2019-06-26,ACTIVO
8367,Comercial,55XXXX86,953XXX315,cliente08367***@correo.com,37,2020-03-29,ACTIVO
8368,Residencial,15XXXX10,948XXX844,cliente08368***@correo.com,9,2019-12-05,ACTIVO
8369,Residencial,14XXXX82,948XXX937,cliente08369***@correo.com,28,2023-02-23,ACTIVO
8370,Residencial,27XXXX63,912XXX644,cliente08370***@correo.com,4,2018-12-28,ACTIVO
8371,Gobierno,75XXXX08,948XXX863,cliente08371***@correo.com,29,2023-10-18,ACTIVO
8372,Residencial,96XXXX44,960XXX182,cliente08372***@correo.com,28,2019-06-12,ACTIVO
8373,Residencial,52XXXX30,908XXX283,cliente08373***@correo.com,5,2019-01-14,ACTIVO
8374,Residencial,28XXXX85,948XXX787,cliente08374***@correo.com,39,2023-07-03,ACTIVO
8375,Residencial,23XXXX31,938XXX294,cliente08375***@correo.com,33,2018-07-15,ACTIVO
8376,Residencial,44XXXX64,905XXX072,cliente08376***@correo.com,9,2020-04-04,ACTIVO
8377,Gobierno,42XXXX12,951XXX624,cliente08377***@correo.com,40,2021-11-16,ACTIVO
8378,Residencial,82XXXX44,946XXX747,cliente08378***@correo.com,30,2021-08-06,ACTIVO
8379,Residencial,73XXXX35,998XXX447,cliente08379***@correo.com,15,2022-08-21,ACTIVO
8380,Gobierno,50XXXX65,937XXX107,cliente08380***@correo.com,3,2021-07-09,ACTIVO
8381,Residencial,92XXXX86,959XXX265,cliente08381***@correo.com,13,2020-04-29,ACTIVO
8382,Industrial,44XXXX71,920XXX993,cliente08382***@correo.com,41,2022-02-15,ACTIVO
8383,Residencial,76XXXX66,952XXX484,cliente08383***@correo.com,7,2020-04-15,ACTIVO
8384,Comercial,47XXXX41,954XXX225,cliente08384***@correo.com,5,2021-11-14,ACTIVO
8385,Residencial,21XXXX45,964XXX582,cliente08385***@correo.com,39,2023-07-07,ACTIVO
8386,Residencial,32XXXX98,904XXX828,cliente08386***@correo.com,37,2019-01-30,ACTIVO
8387,Residencial,42XXXX88,987XXX737,cliente08387***@correo.com,33,2023-05-27,ACTIVO
8388,Gobierno,52XXXX29,958XXX436,cliente08388***@correo.com,15,2024-06-06,ACTIVO
8389,Residencial,26XXXX54,900XXX694,cliente08389***@correo.com,3,2022-04-17,ACTIVO
8390,Residencial,73XXXX59,993XXX652,cliente08390***@correo.com,39,2018-09-14,ACTIVO
8391,Residencial,91XXXX90,939XXX805,cliente08391***@correo.com,19,2024-06-20,ACTIVO
8392,Residencial,67XXXX36,910XXX370,cliente08392***@correo.com,27,2022-07-01,ACTIVO
8393,Residencial,42XXXX40,993XXX604,cliente08393***@correo.com,5,2024-02-20,ACTIVO
8394,Residencial,93XXXX81,972XXX535,cliente08394***@correo.com,35,2023-03-31,ACTIVO
8395,Residencial,71XXXX11,925XXX341,cliente08395***@correo.com,28,2021-12-22,ACTIVO
8396,Residencial,16XXXX65,974XXX828,cliente08396***@correo.com,9,2020-09-07,ACTIVO
8397,Residencial,46XXXX84,990XXX878,cliente08397***@correo.com,5,2024-02-03,INACTIVO
8398,Comercial,16XXXX16,998XXX387,cliente08398***@correo.com,4,2019-08-31,ACTIVO
8399,Residencial,28XXXX19,939XXX631,cliente08399***@correo.com,9,2024-09-27,ACTIVO
8400,Comercial,11XXXX92,995XXX060,cliente08400***@correo.com,19,2023-11-29,ACTIVO
8401,Residencial,36XXXX83,952XXX506,cliente08401***@correo.com,4,2020-01-26,ACTIVO
8402,Residencial,60XXXX03,916XXX715,cliente08402***@correo.com,15,2023-12-03,ACTIVO
8403,Residencial,85XXXX40,911XXX850,cliente08403***@correo.com,9,2022-01-17,INACTIVO
8404,Comercial,32XXXX05,921XXX243,cliente08404***@correo.com,12,2024-09-16,ACTIVO
8405,Comercial,26XXXX74,901XXX331,cliente08405***@correo.com,40,2018-11-28,ACTIVO
8406,Residencial,49XXXX69,904XXX564,cliente08406***@correo.com,23,2020-01-12,ACTIVO
8407,Residencial,53XXXX17,941XXX169,cliente08407***@correo.com,34,2020-11-23,ACTIVO
8408,Residencial,19XXXX63,923XXX670,cliente08408***@correo.com,4,2019-10-19,ACTIVO
8409,Comercial,46XXXX28,924XXX228,cliente08409***@correo.com,29,2023-02-26,ACTIVO
8410,Residencial,78XXXX03,977XXX938,cliente08410***@correo.com,35,2020-08-07,ACTIVO
8411,Residencial,27XXXX73,978XXX880,cliente08411***@correo.com,4,2024-02-22,ACTIVO
8412,Residencial,37XXXX93,977XXX754,cliente08412***@correo.com,39,2023-02-13,ACTIVO
8413,Residencial,92XXXX12,986XXX743,cliente08413***@correo.com,29,2020-02-12,ACTIVO
8414,Residencial,21XXXX08,947XXX975,cliente08414***@correo.com,7,2022-11-11,ACTIVO
8415,Comercial,50XXXX56,947XXX849,cliente08415***@correo.com,15,2021-03-21,ACTIVO
8416,Residencial,50XXXX85,941XXX647,cliente08416***@correo.com,9,2019-08-05,ACTIVO
8417,Residencial,42XXXX14,977XXX772,cliente08417***@correo.com,26,2021-09-17,ACTIVO
8418,Residencial,80XXXX08,975XXX784,cliente08418***@correo.com,5,2019-10-30,ACTIVO
8419,Comercial,96XXXX94,938XXX453,cliente08419***@correo.com,5,2023-09-11,SUSPENDIDO
8420,Residencial,40XXXX84,935XXX547,cliente08420***@correo.com,26,2022-05-21,ACTIVO
8421,Industrial,60XXXX30,969XXX404,cliente08421***@correo.com,7,2019-06-18,ACTIVO
8422,Residencial,79XXXX17,921XXX653,cliente08422***@correo.com,40,2018-04-17,ACTIVO
8423,Residencial,46XXXX27,996XXX315,cliente08423***@correo.com,13,2022-04-19,ACTIVO
8424,Residencial,57XXXX73,977XXX735,cliente08424***@correo.com,15,2018-01-09,ACTIVO
8425,Comercial,81XXXX94,927XXX783,cliente08425***@correo.com,26,2022-05-05,ACTIVO
8426,Residencial,87XXXX61,931XXX738,cliente08426***@correo.com,26,2024-05-02,ACTIVO
8427,Residencial,50XXXX71,936XXX591,cliente08427***@correo.com,15,2022-10-07,ACTIVO
8428,Residencial,54XXXX64,963XXX313,cliente08428***@correo.com,20,2024-07-11,ACTIVO
8429,Residencial,57XXXX56,933XXX579,cliente08429***@correo.com,13,2024-07-16,INACTIVO
8430,Residencial,48XXXX86,953XXX896,cliente08430***@correo.com,3,2024-11-08,ACTIVO
8431,Residencial,50XXXX67,993XXX670,cliente08431***@correo.com,9,2023-02-14,ACTIVO
8432,Comercial,31XXXX25,901XXX934,cliente08432***@correo.com,7,2022-10-11,ACTIVO
8433,Residencial,33XXXX29,955XXX478,cliente08433***@correo.com,28,2019-07-16,ACTIVO
8434,Residencial,66XXXX90,960XXX234,cliente08434***@correo.com,33,2023-12-01,ACTIVO
8435,Residencial,78XXXX69,913XXX841,cliente08435***@correo.com,15,2022-06-04,ACTIVO
8436,Residencial,89XXXX82,972XXX135,cliente08436***@correo.com,17,2022-06-26,ACTIVO
8437,Residencial,88XXXX28,907XXX651,cliente08437***@correo.com,9,2020-11-15,ACTIVO
8438,Residencial,39XXXX01,936XXX967,cliente08438***@correo.com,15,2023-11-04,ACTIVO
8439,Residencial,31XXXX99,993XXX755,cliente08439***@correo.com,8,2019-04-09,ACTIVO
8440,Residencial,85XXXX28,967XXX746,cliente08440***@correo.com,9,2018-09-27,ACTIVO
8441,Residencial,82XXXX26,970XXX719,cliente08441***@correo.com,3,2023-05-09,ACTIVO
8442,Residencial,12XXXX05,937XXX928,cliente08442***@correo.com,3,2021-06-18,ACTIVO
8443,Residencial,33XXXX09,970XXX072,cliente08443***@correo.com,26,2019-09-04,ACTIVO
8444,Gobierno,73XXXX21,909XXX147,cliente08444***@correo.com,19,2024-03-05,ACTIVO
8445,Residencial,85XXXX57,958XXX984,cliente08445***@correo.com,41,2021-04-14,ACTIVO
8446,Residencial,86XXXX22,917XXX863,cliente08446***@correo.com,40,2018-07-11,ACTIVO
8447,Residencial,94XXXX13,981XXX692,cliente08447***@correo.com,15,2020-09-03,ACTIVO
8448,Residencial,41XXXX09,945XXX960,cliente08448***@correo.com,15,2020-10-22,ACTIVO
8449,Residencial,56XXXX69,953XXX927,cliente08449***@correo.com,26,2018-05-12,ACTIVO
8450,Residencial,56XXXX99,943XXX294,cliente08450***@correo.com,19,2019-10-01,ACTIVO
8451,Residencial,31XXXX20,940XXX738,cliente08451***@correo.com,13,2020-12-26,ACTIVO
8452,Residencial,77XXXX20,952XXX944,cliente08452***@correo.com,15,2023-11-07,ACTIVO
8453,Residencial,67XXXX52,911XXX044,cliente08453***@correo.com,15,2019-11-22,ACTIVO
8454,Residencial,57XXXX54,973XXX834,cliente08454***@correo.com,35,2020-02-11,ACTIVO
8455,Residencial,78XXXX97,976XXX732,cliente08455***@correo.com,43,2021-01-31,ACTIVO
8456,Residencial,64XXXX04,955XXX569,cliente08456***@correo.com,4,2024-02-03,ACTIVO
8457,Residencial,89XXXX02,923XXX068,cliente08457***@correo.com,43,2021-08-15,ACTIVO
8458,Residencial,24XXXX05,986XXX960,cliente08458***@correo.com,26,2021-07-15,ACTIVO
8459,Comercial,92XXXX43,989XXX303,cliente08459***@correo.com,4,2023-08-11,ACTIVO
8460,Comercial,35XXXX82,946XXX887,cliente08460***@correo.com,9,2022-11-10,ACTIVO
8461,Comercial,82XXXX26,985XXX703,cliente08461***@correo.com,39,2024-07-29,ACTIVO
8462,Comercial,87XXXX00,952XXX680,cliente08462***@correo.com,7,2024-12-21,ACTIVO
8463,Residencial,80XXXX57,967XXX407,cliente08463***@correo.com,30,2024-09-06,ACTIVO
8464,Residencial,77XXXX89,965XXX502,cliente08464***@correo.com,4,2018-07-08,ACTIVO
8465,Residencial,99XXXX56,936XXX530,cliente08465***@correo.com,29,2018-02-20,ACTIVO
8466,Residencial,42XXXX62,992XXX669,cliente08466***@correo.com,13,2018-11-29,ACTIVO
8467,Residencial,39XXXX40,969XXX623,cliente08467***@correo.com,30,2018-04-28,ACTIVO
8468,Residencial,78XXXX25,936XXX074,cliente08468***@correo.com,31,2020-04-12,ACTIVO
8469,Industrial,34XXXX22,970XXX177,cliente08469***@correo.com,35,2024-10-24,ACTIVO
8470,Comercial,10XXXX08,989XXX220,cliente08470***@correo.com,19,2021-04-18,ACTIVO
8471,Residencial,50XXXX31,925XXX104,cliente08471***@correo.com,7,2021-10-22,ACTIVO
8472,Residencial,15XXXX02,911XXX011,cliente08472***@correo.com,26,2022-03-28,ACTIVO
8473,Comercial,89XXXX23,920XXX106,cliente08473***@correo.com,15,2021-12-08,ACTIVO
8474,Residencial,26XXXX31,991XXX564,cliente08474***@correo.com,15,2019-08-29,ACTIVO
8475,Residencial,12XXXX12,968XXX315,cliente08475***@correo.com,2,2023-07-05,ACTIVO
8476,Comercial,17XXXX64,979XXX574,cliente08476***@correo.com,19,2018-10-06,ACTIVO
8477,Residencial,41XXXX57,927XXX827,cliente08477***@correo.com,19,2019-04-17,ACTIVO
8478,Residencial,43XXXX15,930XXX228,cliente08478***@correo.com,19,2024-12-23,ACTIVO
8479,Residencial,55XXXX47,924XXX871,cliente08479***@correo.com,15,2020-05-21,ACTIVO
8480,Residencial,98XXXX05,929XXX136,cliente08480***@correo.com,30,2019-06-05,ACTIVO
8481,Residencial,20XXXX47,905XXX534,cliente08481***@correo.com,19,2024-12-19,ACTIVO
8482,Residencial,90XXXX67,935XXX682,cliente08482***@correo.com,23,2022-05-23,ACTIVO
8483,Residencial,22XXXX69,943XXX896,cliente08483***@correo.com,4,2019-05-08,ACTIVO
8484,Residencial,77XXXX95,969XXX595,cliente08484***@correo.com,3,2019-10-17,ACTIVO
8485,Residencial,11XXXX65,945XXX612,cliente08485***@correo.com,15,2019-05-02,ACTIVO
8486,Residencial,29XXXX46,998XXX586,cliente08486***@correo.com,27,2018-07-15,ACTIVO
8487,Residencial,62XXXX29,903XXX607,cliente08487***@correo.com,30,2020-01-09,ACTIVO
8488,Residencial,42XXXX99,915XXX899,cliente08488***@correo.com,4,2024-03-04,ACTIVO
8489,Residencial,15XXXX09,916XXX495,cliente08489***@correo.com,43,2023-07-10,ACTIVO
8490,Residencial,12XXXX14,937XXX978,cliente08490***@correo.com,26,2021-12-27,ACTIVO
8491,Residencial,15XXXX13,957XXX791,cliente08491***@correo.com,38,2023-10-09,ACTIVO
8492,Residencial,77XXXX96,908XXX682,cliente08492***@correo.com,18,2020-04-17,ACTIVO
8493,Residencial,35XXXX95,911XXX280,cliente08493***@correo.com,3,2024-11-17,ACTIVO
8494,Residencial,95XXXX08,949XXX395,cliente08494***@correo.com,28,2023-02-24,ACTIVO
8495,Residencial,61XXXX08,904XXX464,cliente08495***@correo.com,7,2019-06-13,ACTIVO
8496,Residencial,94XXXX31,965XXX418,cliente08496***@correo.com,26,2023-03-04,ACTIVO
8497,Residencial,98XXXX83,981XXX491,cliente08497***@correo.com,3,2024-10-26,ACTIVO
8498,Residencial,55XXXX77,964XXX771,cliente08498***@correo.com,15,2021-03-21,ACTIVO
8499,Residencial,44XXXX40,905XXX653,cliente08499***@correo.com,15,2018-11-14,ACTIVO
8500,Residencial,47XXXX60,975XXX670,cliente08500***@correo.com,3,2021-12-15,ACTIVO
8501,Residencial,51XXXX03,979XXX457,cliente08501***@correo.com,30,2022-10-13,ACTIVO
8502,Residencial,46XXXX70,972XXX051,cliente08502***@correo.com,32,2020-08-29,ACTIVO
8503,Residencial,87XXXX59,921XXX945,cliente08503***@correo.com,15,2023-04-23,ACTIVO
8504,Residencial,91XXXX03,917XXX835,cliente08504***@correo.com,7,2022-10-03,ACTIVO
8505,Residencial,71XXXX81,965XXX262,cliente08505***@correo.com,43,2024-10-05,ACTIVO
8506,Residencial,91XXXX84,932XXX915,cliente08506***@correo.com,38,2020-11-01,ACTIVO
8507,Residencial,76XXXX67,946XXX133,cliente08507***@correo.com,39,2023-10-07,ACTIVO
8508,Residencial,56XXXX95,995XXX342,cliente08508***@correo.com,9,2024-04-24,ACTIVO
8509,Residencial,64XXXX60,926XXX475,cliente08509***@correo.com,15,2023-10-18,ACTIVO
8510,Residencial,67XXXX09,923XXX902,cliente08510***@correo.com,30,2019-05-18,ACTIVO
8511,Residencial,40XXXX11,922XXX943,cliente08511***@correo.com,15,2023-09-30,ACTIVO
8512,Residencial,89XXXX46,960XXX614,cliente08512***@correo.com,13,2018-03-31,ACTIVO
8513,Residencial,87XXXX36,923XXX970,cliente08513***@correo.com,28,2024-09-30,ACTIVO
8514,Comercial,55XXXX18,904XXX071,cliente08514***@correo.com,7,2019-09-25,ACTIVO
8515,Residencial,22XXXX48,962XXX764,cliente08515***@correo.com,24,2024-03-09,ACTIVO
8516,Residencial,17XXXX30,956XXX594,cliente08516***@correo.com,29,2021-04-08,ACTIVO
8517,Comercial,62XXXX13,963XXX729,cliente08517***@correo.com,39,2024-06-15,INACTIVO
8518,Residencial,62XXXX29,966XXX457,cliente08518***@correo.com,9,2023-10-18,ACTIVO
8519,Residencial,20XXXX60,983XXX272,cliente08519***@correo.com,26,2021-04-17,ACTIVO
8520,Residencial,11XXXX52,900XXX379,cliente08520***@correo.com,3,2021-05-21,ACTIVO
8521,Residencial,42XXXX53,989XXX741,cliente08521***@correo.com,7,2020-12-29,ACTIVO
8522,Residencial,43XXXX21,920XXX348,cliente08522***@correo.com,28,2020-12-27,ACTIVO
8523,Residencial,34XXXX92,975XXX593,cliente08523***@correo.com,26,2021-05-25,ACTIVO
8524,Comercial,80XXXX30,942XXX887,cliente08524***@correo.com,43,2019-10-01,ACTIVO
8525,Residencial,86XXXX77,925XXX134,cliente08525***@correo.com,15,2020-11-20,ACTIVO
8526,Comercial,51XXXX82,905XXX409,cliente08526***@correo.com,28,2023-09-15,ACTIVO
8527,Comercial,54XXXX04,977XXX033,cliente08527***@correo.com,28,2021-01-08,ACTIVO
8528,Residencial,76XXXX68,918XXX606,cliente08528***@correo.com,31,2022-12-05,ACTIVO
8529,Residencial,85XXXX83,930XXX666,cliente08529***@correo.com,30,2021-04-15,ACTIVO
8530,Residencial,13XXXX20,974XXX327,cliente08530***@correo.com,15,2020-04-13,ACTIVO
8531,Residencial,17XXXX59,955XXX398,cliente08531***@correo.com,4,2021-04-18,ACTIVO
8532,Residencial,72XXXX59,909XXX226,cliente08532***@correo.com,43,2019-09-06,ACTIVO
8533,Residencial,23XXXX54,941XXX541,cliente08533***@correo.com,15,2022-11-06,ACTIVO
8534,Residencial,81XXXX53,910XXX185,cliente08534***@correo.com,5,2018-06-27,ACTIVO
8535,Residencial,42XXXX36,960XXX031,cliente08535***@correo.com,9,2019-06-15,ACTIVO
8536,Residencial,43XXXX58,922XXX932,cliente08536***@correo.com,29,2019-04-29,ACTIVO
8537,Residencial,38XXXX74,913XXX043,cliente08537***@correo.com,29,2023-07-23,ACTIVO
8538,Residencial,78XXXX48,960XXX488,cliente08538***@correo.com,43,2018-03-15,ACTIVO
8539,Residencial,92XXXX67,926XXX643,cliente08539***@correo.com,4,2022-11-07,ACTIVO
8540,Residencial,18XXXX52,929XXX964,cliente08540***@correo.com,39,2022-12-23,ACTIVO
8541,Residencial,13XXXX02,988XXX701,cliente08541***@correo.com,15,2020-11-04,ACTIVO
8542,Residencial,85XXXX55,919XXX543,cliente08542***@correo.com,34,2018-07-04,ACTIVO
8543,Residencial,51XXXX43,993XXX660,cliente08543***@correo.com,37,2022-02-17,ACTIVO
8544,Residencial,49XXXX63,910XXX143,cliente08544***@correo.com,15,2024-04-02,ACTIVO
8545,Residencial,38XXXX02,966XXX993,cliente08545***@correo.com,13,2019-02-04,ACTIVO
8546,Residencial,55XXXX64,944XXX554,cliente08546***@correo.com,30,2024-12-21,ACTIVO
8547,Residencial,49XXXX92,976XXX867,cliente08547***@correo.com,7,2024-03-05,ACTIVO
8548,Residencial,93XXXX81,997XXX203,cliente08548***@correo.com,30,2018-11-28,ACTIVO
8549,Residencial,16XXXX83,996XXX897,cliente08549***@correo.com,43,2023-05-11,ACTIVO
8550,Residencial,70XXXX15,985XXX773,cliente08550***@correo.com,30,2023-07-11,ACTIVO
8551,Residencial,50XXXX00,940XXX410,cliente08551***@correo.com,15,2019-03-17,ACTIVO
8552,Gobierno,53XXXX85,958XXX685,cliente08552***@correo.com,5,2019-12-17,ACTIVO
8553,Comercial,88XXXX51,930XXX614,cliente08553***@correo.com,29,2018-05-04,ACTIVO
8554,Residencial,87XXXX13,908XXX557,cliente08554***@correo.com,37,2023-07-13,ACTIVO
8555,Residencial,93XXXX14,944XXX834,cliente08555***@correo.com,26,2019-05-28,ACTIVO
8556,Comercial,47XXXX69,952XXX561,cliente08556***@correo.com,2,2024-03-26,ACTIVO
8557,Residencial,97XXXX03,951XXX659,cliente08557***@correo.com,38,2022-12-21,ACTIVO
8558,Residencial,72XXXX96,920XXX162,cliente08558***@correo.com,21,2020-07-11,ACTIVO
8559,Residencial,69XXXX44,918XXX841,cliente08559***@correo.com,30,2022-09-28,ACTIVO
8560,Residencial,55XXXX35,943XXX843,cliente08560***@correo.com,11,2022-02-16,ACTIVO
8561,Comercial,52XXXX98,930XXX007,cliente08561***@correo.com,15,2023-12-25,ACTIVO
8562,Residencial,71XXXX14,914XXX911,cliente08562***@correo.com,40,2023-09-30,ACTIVO
8563,Residencial,58XXXX14,916XXX718,cliente08563***@correo.com,28,2018-12-10,ACTIVO
8564,Residencial,43XXXX00,938XXX030,cliente08564***@correo.com,32,2018-03-20,ACTIVO
8565,Residencial,13XXXX58,998XXX920,cliente08565***@correo.com,2,2018-09-24,ACTIVO
8566,Residencial,51XXXX01,965XXX451,cliente08566***@correo.com,7,2024-06-06,ACTIVO
8567,Residencial,22XXXX26,978XXX216,cliente08567***@correo.com,1,2020-04-24,ACTIVO
8568,Residencial,23XXXX25,919XXX172,cliente08568***@correo.com,17,2024-12-26,ACTIVO
8569,Residencial,83XXXX30,909XXX282,cliente08569***@correo.com,39,2020-11-29,ACTIVO
8570,Residencial,11XXXX38,953XXX129,cliente08570***@correo.com,5,2023-04-30,INACTIVO
8571,Residencial,81XXXX50,950XXX783,cliente08571***@correo.com,7,2021-12-16,ACTIVO
8572,Residencial,68XXXX81,951XXX890,cliente08572***@correo.com,13,2023-11-02,ACTIVO
8573,Residencial,57XXXX44,972XXX347,cliente08573***@correo.com,27,2023-03-08,ACTIVO
8574,Residencial,58XXXX94,966XXX750,cliente08574***@correo.com,9,2020-08-20,ACTIVO
8575,Residencial,29XXXX19,981XXX978,cliente08575***@correo.com,13,2019-07-31,ACTIVO
8576,Residencial,26XXXX91,909XXX734,cliente08576***@correo.com,34,2020-09-18,ACTIVO
8577,Residencial,84XXXX78,912XXX236,cliente08577***@correo.com,30,2024-09-12,ACTIVO
8578,Residencial,81XXXX87,951XXX182,cliente08578***@correo.com,15,2021-03-31,ACTIVO
8579,Industrial,95XXXX28,916XXX955,cliente08579***@correo.com,13,2024-08-29,ACTIVO
8580,Residencial,39XXXX15,902XXX673,cliente08580***@correo.com,43,2021-03-19,ACTIVO
8581,Residencial,11XXXX66,994XXX307,cliente08581***@correo.com,17,2020-12-12,ACTIVO
8582,Residencial,75XXXX91,935XXX493,cliente08582***@correo.com,41,2019-09-21,ACTIVO
8583,Residencial,38XXXX89,901XXX811,cliente08583***@correo.com,29,2019-09-25,ACTIVO
8584,Comercial,75XXXX10,934XXX255,cliente08584***@correo.com,38,2022-04-14,ACTIVO
8585,Comercial,38XXXX14,959XXX663,cliente08585***@correo.com,23,2023-11-08,ACTIVO
8586,Residencial,31XXXX84,991XXX722,cliente08586***@correo.com,13,2019-06-06,INACTIVO
8587,Residencial,35XXXX58,948XXX367,cliente08587***@correo.com,1,2024-04-13,ACTIVO
8588,Comercial,66XXXX68,981XXX670,cliente08588***@correo.com,20,2020-10-17,ACTIVO
8589,Residencial,25XXXX19,977XXX057,cliente08589***@correo.com,20,2018-10-31,ACTIVO
8590,Residencial,43XXXX68,965XXX410,cliente08590***@correo.com,3,2022-07-19,ACTIVO
8591,Residencial,84XXXX44,993XXX943,cliente08591***@correo.com,19,2021-11-03,ACTIVO
8592,Residencial,28XXXX75,985XXX986,cliente08592***@correo.com,26,2021-01-12,ACTIVO
8593,Residencial,42XXXX62,928XXX400,cliente08593***@correo.com,28,2024-11-23,ACTIVO
8594,Residencial,98XXXX33,951XXX136,cliente08594***@correo.com,17,2020-05-02,ACTIVO
8595,Residencial,11XXXX87,910XXX301,cliente08595***@correo.com,14,2024-10-23,ACTIVO
8596,Residencial,31XXXX28,938XXX522,cliente08596***@correo.com,28,2023-11-06,ACTIVO
8597,Residencial,17XXXX54,956XXX904,cliente08597***@correo.com,43,2024-01-06,ACTIVO
8598,Residencial,28XXXX98,927XXX815,cliente08598***@correo.com,15,2018-01-16,ACTIVO
8599,Residencial,16XXXX24,980XXX391,cliente08599***@correo.com,5,2023-05-31,ACTIVO
8600,Residencial,42XXXX67,952XXX664,cliente08600***@correo.com,15,2022-12-22,ACTIVO
8601,Residencial,48XXXX49,938XXX564,cliente08601***@correo.com,9,2022-01-14,ACTIVO
8602,Residencial,38XXXX07,938XXX574,cliente08602***@correo.com,15,2023-07-19,INACTIVO
8603,Residencial,58XXXX36,966XXX956,cliente08603***@correo.com,21,2023-08-14,ACTIVO
8604,Residencial,65XXXX84,905XXX397,cliente08604***@correo.com,38,2023-10-17,ACTIVO
8605,Residencial,48XXXX36,990XXX343,cliente08605***@correo.com,30,2018-04-12,ACTIVO
8606,Residencial,13XXXX05,997XXX217,cliente08606***@correo.com,40,2018-02-03,ACTIVO
8607,Alumbrado Público,98XXXX32,937XXX503,cliente08607***@correo.com,38,2022-11-11,ACTIVO
8608,Residencial,23XXXX78,960XXX539,cliente08608***@correo.com,3,2021-02-01,ACTIVO
8609,Residencial,20XXXX56,973XXX427,cliente08609***@correo.com,6,2023-05-27,ACTIVO
8610,Residencial,95XXXX58,910XXX114,cliente08610***@correo.com,36,2023-04-11,ACTIVO
8611,Residencial,15XXXX53,995XXX259,cliente08611***@correo.com,4,2024-10-05,ACTIVO
8612,Residencial,21XXXX93,934XXX468,cliente08612***@correo.com,38,2020-06-29,ACTIVO
8613,Residencial,68XXXX38,997XXX128,cliente08613***@correo.com,26,2018-03-02,ACTIVO
8614,Residencial,22XXXX62,996XXX573,cliente08614***@correo.com,7,2023-03-14,ACTIVO
8615,Residencial,51XXXX36,925XXX117,cliente08615***@correo.com,43,2018-09-10,ACTIVO
8616,Comercial,28XXXX75,940XXX455,cliente08616***@correo.com,9,2019-08-28,ACTIVO
8617,Residencial,68XXXX17,942XXX875,cliente08617***@correo.com,30,2021-05-17,ACTIVO
8618,Residencial,45XXXX28,985XXX987,cliente08618***@correo.com,29,2021-08-04,ACTIVO
8619,Residencial,15XXXX10,932XXX117,cliente08619***@correo.com,3,2023-10-19,ACTIVO
8620,Residencial,60XXXX57,969XXX348,cliente08620***@correo.com,40,2024-12-08,ACTIVO
8621,Comercial,28XXXX53,919XXX462,cliente08621***@correo.com,43,2023-10-28,ACTIVO
8622,Residencial,22XXXX02,973XXX476,cliente08622***@correo.com,9,2021-01-19,ACTIVO
8623,Residencial,93XXXX74,928XXX356,cliente08623***@correo.com,7,2022-12-29,ACTIVO
8624,Residencial,27XXXX37,978XXX192,cliente08624***@correo.com,39,2024-05-26,ACTIVO
8625,Residencial,24XXXX04,901XXX230,cliente08625***@correo.com,3,2022-05-31,ACTIVO
8626,Residencial,66XXXX63,909XXX374,cliente08626***@correo.com,30,2020-01-18,ACTIVO
8627,Residencial,76XXXX49,984XXX527,cliente08627***@correo.com,7,2023-08-16,ACTIVO
8628,Residencial,89XXXX04,953XXX292,cliente08628***@correo.com,3,2018-04-30,ACTIVO
8629,Residencial,34XXXX90,915XXX739,cliente08629***@correo.com,13,2021-02-03,ACTIVO
8630,Gobierno,16XXXX95,966XXX708,cliente08630***@correo.com,15,2018-07-13,ACTIVO
8631,Residencial,15XXXX78,981XXX415,cliente08631***@correo.com,28,2021-10-25,ACTIVO
8632,Residencial,47XXXX26,990XXX831,cliente08632***@correo.com,39,2019-12-22,ACTIVO
8633,Residencial,73XXXX85,994XXX880,cliente08633***@correo.com,40,2021-09-28,ACTIVO
8634,Residencial,22XXXX46,908XXX261,cliente08634***@correo.com,43,2019-11-07,ACTIVO
8635,Industrial,25XXXX77,958XXX032,cliente08635***@correo.com,19,2020-07-26,ACTIVO
8636,Residencial,97XXXX28,986XXX955,cliente08636***@correo.com,15,2024-03-01,ACTIVO
8637,Residencial,95XXXX88,902XXX773,cliente08637***@correo.com,32,2024-03-27,ACTIVO
8638,Residencial,38XXXX71,991XXX870,cliente08638***@correo.com,2,2021-10-22,ACTIVO
8639,Residencial,55XXXX99,904XXX266,cliente08639***@correo.com,17,2021-12-06,ACTIVO
8640,Residencial,14XXXX02,931XXX592,cliente08640***@correo.com,36,2023-05-21,ACTIVO
8641,Residencial,90XXXX52,991XXX077,cliente08641***@correo.com,28,2022-10-14,ACTIVO
8642,Residencial,61XXXX12,979XXX344,cliente08642***@correo.com,7,2024-04-11,ACTIVO
8643,Residencial,69XXXX20,971XXX538,cliente08643***@correo.com,30,2023-10-08,ACTIVO
8644,Residencial,99XXXX41,950XXX121,cliente08644***@correo.com,9,2020-11-28,ACTIVO
8645,Residencial,27XXXX49,923XXX908,cliente08645***@correo.com,4,2021-08-26,ACTIVO
8646,Residencial,98XXXX40,961XXX663,cliente08646***@correo.com,40,2021-05-09,ACTIVO
8647,Residencial,17XXXX44,950XXX718,cliente08647***@correo.com,43,2019-03-03,ACTIVO
8648,Residencial,44XXXX04,926XXX564,cliente08648***@correo.com,28,2023-07-20,ACTIVO
8649,Residencial,61XXXX48,957XXX516,cliente08649***@correo.com,7,2021-03-31,ACTIVO
8650,Residencial,82XXXX07,915XXX091,cliente08650***@correo.com,30,2021-04-06,ACTIVO
8651,Comercial,18XXXX44,990XXX597,cliente08651***@correo.com,13,2024-03-28,ACTIVO
8652,Residencial,69XXXX85,986XXX984,cliente08652***@correo.com,38,2018-04-18,ACTIVO
8653,Residencial,46XXXX73,990XXX897,cliente08653***@correo.com,15,2018-10-08,ACTIVO
8654,Residencial,95XXXX42,996XXX581,cliente08654***@correo.com,3,2024-06-11,ACTIVO
8655,Residencial,49XXXX55,951XXX377,cliente08655***@correo.com,38,2021-01-15,ACTIVO
8656,Residencial,50XXXX75,999XXX589,cliente08656***@correo.com,26,2019-08-16,INACTIVO
8657,Residencial,88XXXX80,928XXX955,cliente08657***@correo.com,28,2021-03-22,ACTIVO
8658,Residencial,18XXXX24,965XXX033,cliente08658***@correo.com,9,2021-08-24,ACTIVO
8659,Comercial,35XXXX83,905XXX288,cliente08659***@correo.com,3,2023-05-25,ACTIVO
8660,Residencial,25XXXX40,949XXX701,cliente08660***@correo.com,19,2021-10-08,ACTIVO
8661,Residencial,28XXXX16,918XXX655,cliente08661***@correo.com,29,2018-08-30,ACTIVO
8662,Residencial,35XXXX25,909XXX125,cliente08662***@correo.com,5,2022-04-17,ACTIVO
8663,Residencial,14XXXX83,977XXX064,cliente08663***@correo.com,2,2022-02-04,ACTIVO
8664,Residencial,43XXXX27,968XXX406,cliente08664***@correo.com,43,2021-05-04,ACTIVO
8665,Residencial,97XXXX11,908XXX053,cliente08665***@correo.com,28,2022-03-27,ACTIVO
8666,Residencial,27XXXX77,914XXX923,cliente08666***@correo.com,9,2018-12-07,ACTIVO
8667,Residencial,36XXXX89,993XXX630,cliente08667***@correo.com,15,2023-02-25,ACTIVO
8668,Residencial,53XXXX26,917XXX947,cliente08668***@correo.com,40,2023-12-27,ACTIVO
8669,Residencial,67XXXX89,970XXX848,cliente08669***@correo.com,39,2021-05-21,ACTIVO
8670,Residencial,61XXXX59,933XXX230,cliente08670***@correo.com,15,2023-02-02,ACTIVO
8671,Industrial,33XXXX36,940XXX286,cliente08671***@correo.com,7,2020-06-24,ACTIVO
8672,Residencial,48XXXX58,921XXX041,cliente08672***@correo.com,30,2019-05-26,ACTIVO
8673,Gobierno,71XXXX16,995XXX599,cliente08673***@correo.com,3,2023-09-30,ACTIVO
8674,Residencial,83XXXX51,968XXX651,cliente08674***@correo.com,38,2022-11-06,ACTIVO
8675,Residencial,26XXXX20,950XXX552,cliente08675***@correo.com,3,2020-12-13,ACTIVO
8676,Residencial,48XXXX12,956XXX321,cliente08676***@correo.com,38,2018-06-11,ACTIVO
8677,Residencial,52XXXX59,940XXX814,cliente08677***@correo.com,15,2024-01-04,ACTIVO
8678,Residencial,14XXXX43,905XXX963,cliente08678***@correo.com,15,2021-06-09,ACTIVO
8679,Residencial,60XXXX33,900XXX232,cliente08679***@correo.com,5,2020-06-16,ACTIVO
8680,Residencial,60XXXX83,986XXX795,cliente08680***@correo.com,13,2018-09-09,ACTIVO
8681,Residencial,54XXXX35,997XXX315,cliente08681***@correo.com,28,2024-07-19,ACTIVO
8682,Residencial,88XXXX42,931XXX895,cliente08682***@correo.com,40,2022-06-08,ACTIVO
8683,Residencial,64XXXX57,909XXX275,cliente08683***@correo.com,15,2019-10-30,ACTIVO
8684,Residencial,14XXXX29,921XXX485,cliente08684***@correo.com,4,2021-01-30,ACTIVO
8685,Comercial,36XXXX51,975XXX674,cliente08685***@correo.com,18,2021-04-16,ACTIVO
8686,Residencial,71XXXX85,904XXX845,cliente08686***@correo.com,1,2020-06-13,ACTIVO
8687,Residencial,73XXXX28,984XXX810,cliente08687***@correo.com,9,2022-10-09,ACTIVO
8688,Alumbrado Público,60XXXX06,936XXX072,cliente08688***@correo.com,9,2018-04-20,ACTIVO
8689,Residencial,16XXXX41,909XXX728,cliente08689***@correo.com,26,2022-01-05,ACTIVO
8690,Residencial,36XXXX83,918XXX008,cliente08690***@correo.com,7,2022-07-19,ACTIVO
8691,Residencial,38XXXX38,935XXX294,cliente08691***@correo.com,4,2022-11-11,ACTIVO
8692,Residencial,59XXXX59,980XXX835,cliente08692***@correo.com,40,2021-06-27,ACTIVO
8693,Residencial,90XXXX40,943XXX827,cliente08693***@correo.com,15,2022-11-26,ACTIVO
8694,Residencial,68XXXX61,901XXX807,cliente08694***@correo.com,19,2018-07-16,ACTIVO
8695,Industrial,51XXXX32,968XXX625,cliente08695***@correo.com,29,2020-03-07,ACTIVO
8696,Residencial,54XXXX81,912XXX231,cliente08696***@correo.com,15,2024-12-23,ACTIVO
8697,Residencial,21XXXX11,980XXX333,cliente08697***@correo.com,29,2018-11-21,ACTIVO
8698,Residencial,29XXXX51,997XXX405,cliente08698***@correo.com,9,2023-03-29,ACTIVO
8699,Residencial,18XXXX16,902XXX660,cliente08699***@correo.com,13,2018-11-03,ACTIVO
8700,Residencial,15XXXX80,974XXX563,cliente08700***@correo.com,38,2024-08-31,ACTIVO
8701,Residencial,17XXXX11,983XXX762,cliente08701***@correo.com,4,2019-12-18,ACTIVO
8702,Residencial,49XXXX71,966XXX779,cliente08702***@correo.com,40,2018-09-23,ACTIVO
8703,Residencial,68XXXX30,950XXX077,cliente08703***@correo.com,5,2018-07-02,ACTIVO
8704,Residencial,24XXXX02,934XXX977,cliente08704***@correo.com,19,2024-11-17,ACTIVO
8705,Residencial,72XXXX26,995XXX388,cliente08705***@correo.com,38,2020-07-21,ACTIVO
8706,Residencial,14XXXX06,995XXX082,cliente08706***@correo.com,26,2018-06-26,ACTIVO
8707,Alumbrado Público,88XXXX34,970XXX956,cliente08707***@correo.com,12,2024-03-04,ACTIVO
8708,Residencial,12XXXX10,998XXX227,cliente08708***@correo.com,4,2023-10-25,ACTIVO
8709,Residencial,84XXXX90,984XXX189,cliente08709***@correo.com,28,2023-01-28,ACTIVO
8710,Residencial,92XXXX12,952XXX221,cliente08710***@correo.com,29,2024-06-27,ACTIVO
8711,Residencial,41XXXX85,955XXX504,cliente08711***@correo.com,26,2022-11-18,ACTIVO
8712,Residencial,59XXXX46,930XXX695,cliente08712***@correo.com,5,2023-06-09,ACTIVO
8713,Residencial,68XXXX01,973XXX815,cliente08713***@correo.com,16,2023-11-22,ACTIVO
8714,Residencial,18XXXX99,949XXX242,cliente08714***@correo.com,20,2021-06-23,ACTIVO
8715,Comercial,47XXXX63,902XXX913,cliente08715***@correo.com,15,2022-03-06,ACTIVO
8716,Residencial,86XXXX99,960XXX080,cliente08716***@correo.com,28,2023-02-06,ACTIVO
8717,Residencial,74XXXX82,923XXX072,cliente08717***@correo.com,9,2018-03-13,ACTIVO
8718,Gobierno,98XXXX60,963XXX786,cliente08718***@correo.com,7,2023-04-12,ACTIVO
8719,Residencial,46XXXX76,949XXX388,cliente08719***@correo.com,7,2019-01-02,ACTIVO
8720,Residencial,40XXXX49,976XXX815,cliente08720***@correo.com,9,2020-02-27,ACTIVO
8721,Industrial,40XXXX64,977XXX540,cliente08721***@correo.com,43,2018-10-21,ACTIVO
8722,Residencial,84XXXX98,971XXX033,cliente08722***@correo.com,13,2020-10-05,ACTIVO
8723,Residencial,35XXXX00,912XXX228,cliente08723***@correo.com,43,2024-06-11,ACTIVO
8724,Residencial,66XXXX86,954XXX598,cliente08724***@correo.com,32,2019-10-12,ACTIVO
8725,Residencial,22XXXX74,995XXX808,cliente08725***@correo.com,17,2020-07-30,ACTIVO
8726,Residencial,23XXXX93,914XXX607,cliente08726***@correo.com,39,2020-03-01,ACTIVO
8727,Residencial,95XXXX10,954XXX695,cliente08727***@correo.com,19,2020-07-10,ACTIVO
8728,Residencial,99XXXX27,941XXX458,cliente08728***@correo.com,29,2024-02-04,ACTIVO
8729,Comercial,56XXXX60,990XXX888,cliente08729***@correo.com,29,2018-06-15,ACTIVO
8730,Comercial,73XXXX85,904XXX536,cliente08730***@correo.com,29,2020-08-04,ACTIVO
8731,Residencial,97XXXX40,958XXX752,cliente08731***@correo.com,13,2019-07-02,ACTIVO
8732,Comercial,71XXXX05,987XXX114,cliente08732***@correo.com,5,2019-11-17,ACTIVO
8733,Residencial,74XXXX04,962XXX958,cliente08733***@correo.com,26,2024-01-12,ACTIVO
8734,Residencial,84XXXX73,907XXX747,cliente08734***@correo.com,26,2018-10-08,ACTIVO
8735,Residencial,97XXXX33,995XXX941,cliente08735***@correo.com,43,2020-03-19,SUSPENDIDO
8736,Residencial,95XXXX66,976XXX949,cliente08736***@correo.com,30,2021-01-25,ACTIVO
8737,Residencial,19XXXX56,905XXX190,cliente08737***@correo.com,24,2019-10-31,ACTIVO
8738,Residencial,10XXXX84,905XXX356,cliente08738***@correo.com,11,2018-06-27,ACTIVO
8739,Residencial,76XXXX61,986XXX280,cliente08739***@correo.com,26,2021-02-25,ACTIVO
8740,Residencial,90XXXX75,913XXX279,cliente08740***@correo.com,29,2020-09-24,ACTIVO
8741,Comercial,35XXXX71,992XXX673,cliente08741***@correo.com,3,2020-11-14,ACTIVO
8742,Comercial,84XXXX27,946XXX987,cliente08742***@correo.com,9,2019-05-30,ACTIVO
8743,Residencial,79XXXX37,922XXX152,cliente08743***@correo.com,28,2023-02-13,ACTIVO
8744,Residencial,53XXXX87,944XXX946,cliente08744***@correo.com,43,2020-06-16,ACTIVO
8745,Residencial,91XXXX16,923XXX849,cliente08745***@correo.com,39,2022-07-14,ACTIVO
8746,Residencial,53XXXX74,932XXX657,cliente08746***@correo.com,28,2020-10-24,ACTIVO
8747,Residencial,70XXXX60,977XXX244,cliente08747***@correo.com,7,2018-05-26,ACTIVO
8748,Residencial,91XXXX39,990XXX130,cliente08748***@correo.com,3,2023-05-06,ACTIVO
8749,Residencial,18XXXX50,987XXX638,cliente08749***@correo.com,7,2021-08-09,ACTIVO
8750,Residencial,97XXXX48,963XXX078,cliente08750***@correo.com,4,2020-01-28,ACTIVO
8751,Residencial,74XXXX10,971XXX555,cliente08751***@correo.com,7,2024-04-19,ACTIVO
8752,Residencial,71XXXX27,937XXX923,cliente08752***@correo.com,13,2024-09-16,ACTIVO
8753,Residencial,92XXXX61,925XXX424,cliente08753***@correo.com,27,2023-06-06,ACTIVO
8754,Residencial,34XXXX93,975XXX208,cliente08754***@correo.com,26,2023-02-01,ACTIVO
8755,Residencial,51XXXX45,965XXX836,cliente08755***@correo.com,26,2024-07-01,INACTIVO
8756,Comercial,60XXXX75,971XXX799,cliente08756***@correo.com,3,2021-04-01,ACTIVO
8757,Residencial,45XXXX89,933XXX197,cliente08757***@correo.com,30,2021-11-24,ACTIVO
8758,Residencial,88XXXX12,942XXX909,cliente08758***@correo.com,1,2018-07-04,ACTIVO
8759,Residencial,74XXXX27,956XXX989,cliente08759***@correo.com,29,2019-08-29,ACTIVO
8760,Residencial,98XXXX03,921XXX746,cliente08760***@correo.com,7,2022-11-04,ACTIVO
8761,Residencial,13XXXX37,998XXX906,cliente08761***@correo.com,21,2020-08-22,ACTIVO
8762,Residencial,19XXXX27,981XXX897,cliente08762***@correo.com,38,2022-09-05,ACTIVO
8763,Alumbrado Público,11XXXX02,938XXX381,cliente08763***@correo.com,9,2023-10-24,ACTIVO
8764,Residencial,24XXXX04,966XXX510,cliente08764***@correo.com,15,2023-11-08,ACTIVO
8765,Residencial,88XXXX86,932XXX083,cliente08765***@correo.com,30,2024-02-15,ACTIVO
8766,Residencial,89XXXX46,933XXX311,cliente08766***@correo.com,23,2021-04-03,ACTIVO
8767,Residencial,12XXXX82,941XXX539,cliente08767***@correo.com,13,2022-05-09,ACTIVO
8768,Comercial,73XXXX89,936XXX042,cliente08768***@correo.com,3,2024-03-31,ACTIVO
8769,Residencial,38XXXX71,928XXX003,cliente08769***@correo.com,25,2023-07-08,ACTIVO
8770,Residencial,92XXXX54,996XXX626,cliente08770***@correo.com,3,2024-07-28,ACTIVO
8771,Residencial,14XXXX59,921XXX146,cliente08771***@correo.com,15,2019-01-12,ACTIVO
8772,Residencial,40XXXX32,986XXX241,cliente08772***@correo.com,19,2022-08-20,ACTIVO
8773,Comercial,92XXXX67,997XXX740,cliente08773***@correo.com,15,2018-09-10,ACTIVO
8774,Alumbrado Público,77XXXX00,966XXX239,cliente08774***@correo.com,4,2018-05-23,ACTIVO
8775,Residencial,47XXXX03,971XXX200,cliente08775***@correo.com,4,2018-07-25,INACTIVO
8776,Comercial,64XXXX48,931XXX890,cliente08776***@correo.com,3,2022-12-06,ACTIVO
8777,Residencial,22XXXX63,903XXX182,cliente08777***@correo.com,35,2022-05-26,ACTIVO
8778,Gobierno,30XXXX42,960XXX255,cliente08778***@correo.com,9,2022-05-07,ACTIVO
8779,Residencial,54XXXX00,931XXX471,cliente08779***@correo.com,15,2023-11-02,ACTIVO
8780,Residencial,54XXXX04,965XXX721,cliente08780***@correo.com,23,2023-05-17,ACTIVO
8781,Gobierno,19XXXX12,952XXX570,cliente08781***@correo.com,38,2019-11-09,ACTIVO
8782,Residencial,59XXXX90,950XXX157,cliente08782***@correo.com,29,2022-11-30,ACTIVO
8783,Residencial,88XXXX12,994XXX040,cliente08783***@correo.com,2,2023-06-22,ACTIVO
8784,Comercial,68XXXX37,945XXX462,cliente08784***@correo.com,15,2019-08-23,ACTIVO
8785,Residencial,36XXXX82,962XXX345,cliente08785***@correo.com,29,2018-10-13,ACTIVO
8786,Comercial,79XXXX57,919XXX976,cliente08786***@correo.com,28,2019-03-22,ACTIVO
8787,Gobierno,89XXXX29,921XXX839,cliente08787***@correo.com,9,2019-07-16,ACTIVO
8788,Residencial,62XXXX41,973XXX632,cliente08788***@correo.com,39,2020-10-06,ACTIVO
8789,Residencial,27XXXX73,921XXX417,cliente08789***@correo.com,29,2021-02-03,ACTIVO
8790,Residencial,84XXXX08,913XXX970,cliente08790***@correo.com,29,2023-09-14,ACTIVO
8791,Residencial,53XXXX80,935XXX173,cliente08791***@correo.com,12,2020-08-29,ACTIVO
8792,Industrial,38XXXX29,916XXX720,cliente08792***@correo.com,40,2018-06-06,ACTIVO
8793,Residencial,72XXXX62,938XXX955,cliente08793***@correo.com,4,2023-08-24,ACTIVO
8794,Residencial,87XXXX18,963XXX522,cliente08794***@correo.com,9,2022-05-15,ACTIVO
8795,Residencial,99XXXX74,904XXX583,cliente08795***@correo.com,14,2018-05-08,ACTIVO
8796,Residencial,70XXXX95,935XXX567,cliente08796***@correo.com,28,2021-03-09,ACTIVO
8797,Comercial,80XXXX20,970XXX997,cliente08797***@correo.com,30,2020-10-11,ACTIVO
8798,Residencial,59XXXX59,997XXX355,cliente08798***@correo.com,15,2019-08-04,INACTIVO
8799,Residencial,16XXXX07,947XXX717,cliente08799***@correo.com,38,2022-03-20,ACTIVO
8800,Residencial,45XXXX12,959XXX663,cliente08800***@correo.com,5,2021-04-18,ACTIVO
8801,Residencial,56XXXX05,975XXX466,cliente08801***@correo.com,29,2022-08-22,ACTIVO
8802,Residencial,70XXXX19,962XXX405,cliente08802***@correo.com,19,2020-03-27,ACTIVO
8803,Comercial,15XXXX32,972XXX912,cliente08803***@correo.com,3,2024-07-06,ACTIVO
8804,Comercial,48XXXX89,922XXX197,cliente08804***@correo.com,30,2023-12-28,ACTIVO
8805,Residencial,88XXXX65,963XXX600,cliente08805***@correo.com,23,2021-03-04,ACTIVO
8806,Residencial,69XXXX61,995XXX515,cliente08806***@correo.com,4,2023-09-24,ACTIVO
8807,Residencial,93XXXX40,942XXX964,cliente08807***@correo.com,1,2021-05-14,ACTIVO
8808,Residencial,20XXXX32,986XXX923,cliente08808***@correo.com,17,2018-01-31,ACTIVO
8809,Gobierno,27XXXX48,928XXX490,cliente08809***@correo.com,23,2018-12-28,ACTIVO
8810,Residencial,17XXXX80,943XXX192,cliente08810***@correo.com,38,2023-01-09,ACTIVO
8811,Comercial,92XXXX49,943XXX197,cliente08811***@correo.com,28,2023-05-12,ACTIVO
8812,Residencial,81XXXX11,989XXX931,cliente08812***@correo.com,13,2018-09-14,ACTIVO
8813,Residencial,50XXXX03,996XXX264,cliente08813***@correo.com,32,2018-07-22,ACTIVO
8814,Residencial,60XXXX45,935XXX400,cliente08814***@correo.com,20,2018-11-07,ACTIVO
8815,Residencial,10XXXX19,988XXX571,cliente08815***@correo.com,9,2023-04-07,ACTIVO
8816,Residencial,68XXXX63,975XXX932,cliente08816***@correo.com,6,2021-06-04,ACTIVO
8817,Residencial,99XXXX21,983XXX921,cliente08817***@correo.com,15,2022-08-09,ACTIVO
8818,Residencial,86XXXX84,987XXX608,cliente08818***@correo.com,11,2021-08-29,ACTIVO
8819,Residencial,63XXXX86,998XXX591,cliente08819***@correo.com,39,2023-07-19,ACTIVO
8820,Comercial,38XXXX41,950XXX010,cliente08820***@correo.com,15,2018-04-21,ACTIVO
8821,Residencial,16XXXX87,901XXX822,cliente08821***@correo.com,8,2020-04-10,ACTIVO
8822,Comercial,10XXXX68,986XXX087,cliente08822***@correo.com,4,2023-04-02,ACTIVO
8823,Industrial,11XXXX66,936XXX586,cliente08823***@correo.com,9,2019-12-28,ACTIVO
8824,Residencial,39XXXX03,920XXX556,cliente08824***@correo.com,16,2018-01-27,ACTIVO
8825,Residencial,51XXXX99,957XXX899,cliente08825***@correo.com,9,2024-09-03,ACTIVO
8826,Residencial,60XXXX92,984XXX558,cliente08826***@correo.com,3,2022-11-13,ACTIVO
8827,Residencial,29XXXX24,933XXX414,cliente08827***@correo.com,6,2019-02-14,ACTIVO
8828,Residencial,23XXXX70,953XXX907,cliente08828***@correo.com,18,2019-05-21,ACTIVO
8829,Industrial,46XXXX80,969XXX396,cliente08829***@correo.com,32,2019-12-21,ACTIVO
8830,Residencial,32XXXX36,948XXX971,cliente08830***@correo.com,11,2019-04-25,ACTIVO
8831,Residencial,24XXXX87,930XXX606,cliente08831***@correo.com,1,2020-05-25,ACTIVO
8832,Residencial,66XXXX81,948XXX188,cliente08832***@correo.com,38,2022-05-28,ACTIVO
8833,Residencial,97XXXX79,965XXX699,cliente08833***@correo.com,38,2024-08-28,ACTIVO
8834,Residencial,60XXXX85,911XXX715,cliente08834***@correo.com,13,2023-09-06,ACTIVO
8835,Residencial,17XXXX46,903XXX480,cliente08835***@correo.com,3,2021-04-05,ACTIVO
8836,Residencial,43XXXX45,968XXX049,cliente08836***@correo.com,28,2021-10-07,ACTIVO
8837,Residencial,26XXXX65,935XXX577,cliente08837***@correo.com,35,2021-04-20,ACTIVO
8838,Residencial,28XXXX16,994XXX874,cliente08838***@correo.com,36,2023-06-19,ACTIVO
8839,Residencial,88XXXX02,999XXX234,cliente08839***@correo.com,41,2019-12-27,ACTIVO
8840,Residencial,36XXXX73,966XXX181,cliente08840***@correo.com,28,2023-01-21,ACTIVO
8841,Residencial,76XXXX47,923XXX912,cliente08841***@correo.com,17,2020-04-18,ACTIVO
8842,Residencial,43XXXX97,934XXX636,cliente08842***@correo.com,19,2022-04-08,ACTIVO
8843,Industrial,40XXXX64,933XXX082,cliente08843***@correo.com,28,2024-10-24,ACTIVO
8844,Residencial,53XXXX41,958XXX236,cliente08844***@correo.com,29,2018-11-07,ACTIVO
8845,Residencial,73XXXX57,941XXX153,cliente08845***@correo.com,19,2021-07-28,ACTIVO
8846,Residencial,73XXXX06,962XXX111,cliente08846***@correo.com,15,2020-03-28,ACTIVO
8847,Residencial,97XXXX56,930XXX771,cliente08847***@correo.com,7,2018-08-27,ACTIVO
8848,Residencial,62XXXX49,929XXX031,cliente08848***@correo.com,9,2021-01-15,ACTIVO
8849,Residencial,61XXXX10,987XXX530,cliente08849***@correo.com,38,2018-11-27,ACTIVO
8850,Residencial,91XXXX47,901XXX446,cliente08850***@correo.com,13,2020-11-17,ACTIVO
8851,Comercial,49XXXX64,946XXX710,cliente08851***@correo.com,7,2024-03-20,ACTIVO
8852,Residencial,39XXXX52,996XXX220,cliente08852***@correo.com,43,2020-02-20,ACTIVO
8853,Residencial,29XXXX77,911XXX878,cliente08853***@correo.com,40,2024-10-22,ACTIVO
8854,Residencial,37XXXX17,903XXX122,cliente08854***@correo.com,43,2022-11-19,ACTIVO
8855,Residencial,95XXXX53,977XXX632,cliente08855***@correo.com,30,2023-12-03,ACTIVO
8856,Comercial,68XXXX59,905XXX771,cliente08856***@correo.com,9,2021-07-05,ACTIVO
8857,Residencial,91XXXX80,926XXX309,cliente08857***@correo.com,9,2022-01-07,ACTIVO
8858,Residencial,55XXXX69,916XXX722,cliente08858***@correo.com,9,2019-10-07,ACTIVO
8859,Residencial,73XXXX19,984XXX441,cliente08859***@correo.com,5,2020-05-06,ACTIVO
8860,Residencial,53XXXX72,912XXX690,cliente08860***@correo.com,40,2023-04-28,ACTIVO
8861,Comercial,18XXXX22,919XXX256,cliente08861***@correo.com,17,2018-10-10,ACTIVO
8862,Residencial,64XXXX67,904XXX820,cliente08862***@correo.com,15,2019-02-26,ACTIVO
8863,Comercial,48XXXX70,981XXX260,cliente08863***@correo.com,15,2023-07-13,ACTIVO
8864,Residencial,95XXXX58,955XXX411,cliente08864***@correo.com,15,2023-12-31,ACTIVO
8865,Residencial,99XXXX32,931XXX386,cliente08865***@correo.com,43,2018-03-10,ACTIVO
8866,Residencial,67XXXX09,963XXX665,cliente08866***@correo.com,43,2020-01-18,ACTIVO
8867,Comercial,45XXXX97,948XXX249,cliente08867***@correo.com,13,2022-04-29,ACTIVO
8868,Residencial,19XXXX78,949XXX919,cliente08868***@correo.com,9,2023-10-18,ACTIVO
8869,Residencial,58XXXX90,953XXX905,cliente08869***@correo.com,38,2024-11-04,ACTIVO
8870,Residencial,19XXXX84,900XXX086,cliente08870***@correo.com,43,2022-12-18,ACTIVO
8871,Residencial,20XXXX94,923XXX654,cliente08871***@correo.com,3,2019-06-10,ACTIVO
8872,Residencial,26XXXX82,987XXX013,cliente08872***@correo.com,5,2019-07-11,ACTIVO
8873,Residencial,73XXXX46,980XXX345,cliente08873***@correo.com,15,2021-12-27,ACTIVO
8874,Residencial,58XXXX64,944XXX436,cliente08874***@correo.com,38,2018-09-12,ACTIVO
8875,Residencial,73XXXX25,987XXX892,cliente08875***@correo.com,7,2024-07-30,ACTIVO
8876,Residencial,52XXXX73,984XXX818,cliente08876***@correo.com,9,2023-06-12,ACTIVO
8877,Residencial,81XXXX10,902XXX136,cliente08877***@correo.com,36,2020-09-27,ACTIVO
8878,Residencial,80XXXX52,917XXX686,cliente08878***@correo.com,16,2018-06-08,ACTIVO
8879,Residencial,56XXXX02,940XXX753,cliente08879***@correo.com,38,2020-10-30,INACTIVO
8880,Residencial,25XXXX75,922XXX936,cliente08880***@correo.com,43,2019-12-12,ACTIVO
8881,Residencial,70XXXX29,972XXX772,cliente08881***@correo.com,25,2020-06-22,ACTIVO
8882,Residencial,28XXXX84,925XXX979,cliente08882***@correo.com,43,2018-12-15,ACTIVO
8883,Residencial,83XXXX98,929XXX661,cliente08883***@correo.com,7,2022-01-12,ACTIVO
8884,Residencial,52XXXX12,957XXX620,cliente08884***@correo.com,4,2018-02-21,ACTIVO
8885,Residencial,79XXXX20,935XXX982,cliente08885***@correo.com,28,2022-10-01,ACTIVO
8886,Residencial,46XXXX62,927XXX789,cliente08886***@correo.com,10,2019-12-12,ACTIVO
8887,Comercial,47XXXX25,914XXX049,cliente08887***@correo.com,13,2018-11-13,SUSPENDIDO
8888,Residencial,94XXXX14,923XXX047,cliente08888***@correo.com,25,2024-02-26,ACTIVO
8889,Residencial,62XXXX17,954XXX863,cliente08889***@correo.com,30,2020-12-21,ACTIVO
8890,Residencial,28XXXX30,917XXX910,cliente08890***@correo.com,10,2024-06-17,ACTIVO
8891,Residencial,24XXXX27,940XXX159,cliente08891***@correo.com,38,2018-11-02,ACTIVO
8892,Residencial,63XXXX27,972XXX033,cliente08892***@correo.com,39,2022-04-29,ACTIVO
8893,Residencial,56XXXX96,992XXX549,cliente08893***@correo.com,7,2018-04-21,ACTIVO
8894,Residencial,49XXXX01,944XXX737,cliente08894***@correo.com,8,2023-06-30,ACTIVO
8895,Residencial,20XXXX23,914XXX268,cliente08895***@correo.com,13,2019-07-09,ACTIVO
8896,Residencial,40XXXX21,925XXX184,cliente08896***@correo.com,7,2021-01-04,ACTIVO
8897,Comercial,82XXXX33,925XXX091,cliente08897***@correo.com,15,2023-02-14,ACTIVO
8898,Residencial,72XXXX08,926XXX262,cliente08898***@correo.com,30,2022-08-31,ACTIVO
8899,Residencial,62XXXX98,997XXX231,cliente08899***@correo.com,15,2023-05-23,ACTIVO
8900,Residencial,77XXXX52,920XXX975,cliente08900***@correo.com,9,2024-02-08,ACTIVO
8901,Residencial,57XXXX24,942XXX276,cliente08901***@correo.com,9,2023-03-04,ACTIVO
8902,Residencial,93XXXX78,950XXX951,cliente08902***@correo.com,36,2020-04-04,ACTIVO
8903,Residencial,82XXXX50,967XXX193,cliente08903***@correo.com,40,2024-08-01,ACTIVO
8904,Residencial,70XXXX85,996XXX872,cliente08904***@correo.com,40,2024-03-07,ACTIVO
8905,Residencial,89XXXX30,968XXX723,cliente08905***@correo.com,17,2021-05-06,ACTIVO
8906,Residencial,33XXXX23,998XXX677,cliente08906***@correo.com,43,2021-11-14,ACTIVO
8907,Industrial,37XXXX25,948XXX400,cliente08907***@correo.com,39,2019-11-07,ACTIVO
8908,Residencial,51XXXX21,941XXX405,cliente08908***@correo.com,12,2022-10-13,ACTIVO
8909,Residencial,81XXXX75,925XXX460,cliente08909***@correo.com,26,2019-05-04,ACTIVO
8910,Residencial,97XXXX35,979XXX541,cliente08910***@correo.com,19,2020-12-30,ACTIVO
8911,Residencial,89XXXX82,954XXX364,cliente08911***@correo.com,39,2024-04-13,ACTIVO
8912,Residencial,75XXXX77,911XXX277,cliente08912***@correo.com,15,2019-08-23,ACTIVO
8913,Residencial,30XXXX12,992XXX333,cliente08913***@correo.com,33,2021-02-01,ACTIVO
8914,Residencial,88XXXX84,931XXX175,cliente08914***@correo.com,36,2023-12-25,ACTIVO
8915,Residencial,98XXXX37,915XXX843,cliente08915***@correo.com,15,2024-11-09,ACTIVO
8916,Residencial,14XXXX02,941XXX863,cliente08916***@correo.com,40,2019-01-04,ACTIVO
8917,Alumbrado Público,28XXXX23,906XXX982,cliente08917***@correo.com,31,2021-08-13,ACTIVO
8918,Residencial,66XXXX55,960XXX709,cliente08918***@correo.com,4,2022-07-20,ACTIVO
8919,Residencial,33XXXX07,974XXX746,cliente08919***@correo.com,26,2018-08-18,ACTIVO
8920,Residencial,65XXXX51,934XXX983,cliente08920***@correo.com,14,2020-11-08,ACTIVO
8921,Industrial,16XXXX98,940XXX362,cliente08921***@correo.com,38,2021-07-17,ACTIVO
8922,Comercial,83XXXX58,998XXX232,cliente08922***@correo.com,25,2023-01-08,ACTIVO
8923,Residencial,22XXXX45,955XXX377,cliente08923***@correo.com,39,2021-04-28,ACTIVO
8924,Residencial,45XXXX44,913XXX347,cliente08924***@correo.com,30,2024-02-05,ACTIVO
8925,Residencial,91XXXX78,900XXX616,cliente08925***@correo.com,15,2021-02-12,ACTIVO
8926,Residencial,47XXXX37,908XXX270,cliente08926***@correo.com,3,2020-04-16,ACTIVO
8927,Residencial,27XXXX92,941XXX876,cliente08927***@correo.com,7,2020-07-31,ACTIVO
8928,Residencial,34XXXX92,984XXX340,cliente08928***@correo.com,5,2024-11-15,ACTIVO
8929,Residencial,57XXXX10,946XXX154,cliente08929***@correo.com,38,2018-03-05,ACTIVO
8930,Residencial,62XXXX99,971XXX394,cliente08930***@correo.com,40,2024-07-04,ACTIVO
8931,Residencial,68XXXX16,941XXX635,cliente08931***@correo.com,9,2021-12-24,ACTIVO
8932,Residencial,66XXXX67,947XXX069,cliente08932***@correo.com,9,2018-06-19,ACTIVO
8933,Residencial,89XXXX02,965XXX367,cliente08933***@correo.com,13,2023-10-29,ACTIVO
8934,Residencial,67XXXX78,931XXX964,cliente08934***@correo.com,3,2022-06-15,ACTIVO
8935,Residencial,14XXXX22,902XXX814,cliente08935***@correo.com,28,2019-07-23,ACTIVO
8936,Residencial,11XXXX48,948XXX119,cliente08936***@correo.com,37,2021-12-30,ACTIVO
8937,Residencial,14XXXX41,940XXX378,cliente08937***@correo.com,30,2021-03-04,ACTIVO
8938,Residencial,44XXXX07,918XXX875,cliente08938***@correo.com,15,2019-08-22,ACTIVO
8939,Residencial,63XXXX38,996XXX603,cliente08939***@correo.com,13,2024-10-23,ACTIVO
8940,Residencial,67XXXX25,966XXX808,cliente08940***@correo.com,7,2018-06-14,ACTIVO
8941,Residencial,70XXXX10,989XXX743,cliente08941***@correo.com,9,2019-10-15,ACTIVO
8942,Residencial,86XXXX19,983XXX551,cliente08942***@correo.com,4,2021-11-09,ACTIVO
8943,Gobierno,94XXXX70,970XXX360,cliente08943***@correo.com,28,2018-12-30,ACTIVO
8944,Residencial,50XXXX04,959XXX818,cliente08944***@correo.com,43,2021-05-20,ACTIVO
8945,Residencial,31XXXX44,968XXX717,cliente08945***@correo.com,3,2020-06-18,ACTIVO
8946,Residencial,89XXXX57,956XXX012,cliente08946***@correo.com,3,2023-10-28,ACTIVO
8947,Residencial,96XXXX98,993XXX321,cliente08947***@correo.com,28,2021-03-29,ACTIVO
8948,Residencial,97XXXX48,907XXX461,cliente08948***@correo.com,4,2021-05-20,ACTIVO
8949,Residencial,88XXXX42,954XXX484,cliente08949***@correo.com,28,2021-05-08,ACTIVO
8950,Comercial,19XXXX78,901XXX733,cliente08950***@correo.com,36,2022-05-25,ACTIVO
8951,Residencial,47XXXX24,932XXX507,cliente08951***@correo.com,3,2021-04-16,ACTIVO
8952,Residencial,14XXXX03,962XXX446,cliente08952***@correo.com,30,2024-07-17,ACTIVO
8953,Residencial,54XXXX51,949XXX166,cliente08953***@correo.com,20,2024-01-20,ACTIVO
8954,Comercial,64XXXX60,942XXX045,cliente08954***@correo.com,4,2024-04-22,ACTIVO
8955,Residencial,53XXXX31,910XXX271,cliente08955***@correo.com,5,2022-09-01,ACTIVO
8956,Gobierno,12XXXX00,900XXX566,cliente08956***@correo.com,7,2020-02-10,ACTIVO
8957,Residencial,17XXXX52,933XXX265,cliente08957***@correo.com,4,2018-06-21,ACTIVO
8958,Comercial,32XXXX82,988XXX193,cliente08958***@correo.com,28,2024-10-22,ACTIVO
8959,Residencial,79XXXX78,935XXX822,cliente08959***@correo.com,28,2021-12-12,ACTIVO
8960,Residencial,79XXXX77,939XXX389,cliente08960***@correo.com,30,2023-12-05,ACTIVO
8961,Gobierno,42XXXX50,915XXX899,cliente08961***@correo.com,38,2020-09-08,ACTIVO
8962,Residencial,87XXXX60,918XXX523,cliente08962***@correo.com,4,2024-12-21,ACTIVO
8963,Residencial,81XXXX67,972XXX743,cliente08963***@correo.com,26,2024-03-31,ACTIVO
8964,Residencial,51XXXX14,970XXX902,cliente08964***@correo.com,9,2021-10-06,ACTIVO
8965,Residencial,59XXXX57,982XXX031,cliente08965***@correo.com,9,2018-03-26,ACTIVO
8966,Residencial,48XXXX81,926XXX657,cliente08966***@correo.com,40,2023-09-19,ACTIVO
8967,Comercial,46XXXX03,915XXX354,cliente08967***@correo.com,15,2021-06-05,ACTIVO
8968,Residencial,60XXXX98,901XXX490,cliente08968***@correo.com,30,2020-10-30,ACTIVO
8969,Residencial,48XXXX22,946XXX815,cliente08969***@correo.com,13,2022-02-12,ACTIVO
8970,Residencial,85XXXX45,970XXX409,cliente08970***@correo.com,29,2020-03-17,ACTIVO
8971,Residencial,77XXXX96,943XXX704,cliente08971***@correo.com,10,2021-10-03,ACTIVO
8972,Residencial,15XXXX36,960XXX626,cliente08972***@correo.com,30,2022-03-21,ACTIVO
8973,Industrial,20XXXX09,975XXX177,cliente08973***@correo.com,5,2021-06-14,ACTIVO
8974,Residencial,77XXXX38,925XXX179,cliente08974***@correo.com,25,2018-10-27,ACTIVO
8975,Residencial,29XXXX78,953XXX742,cliente08975***@correo.com,39,2018-06-13,ACTIVO
8976,Residencial,13XXXX17,929XXX580,cliente08976***@correo.com,15,2022-07-26,ACTIVO
8977,Residencial,90XXXX45,916XXX720,cliente08977***@correo.com,3,2018-10-30,ACTIVO
8978,Industrial,70XXXX18,965XXX661,cliente08978***@correo.com,7,2024-03-28,ACTIVO
8979,Residencial,57XXXX76,904XXX991,cliente08979***@correo.com,33,2019-07-31,ACTIVO
8980,Residencial,54XXXX05,952XXX542,cliente08980***@correo.com,3,2024-09-21,ACTIVO
8981,Residencial,58XXXX68,975XXX292,cliente08981***@correo.com,5,2023-11-19,ACTIVO
8982,Residencial,88XXXX11,965XXX982,cliente08982***@correo.com,4,2023-05-22,ACTIVO
8983,Residencial,30XXXX68,907XXX060,cliente08983***@correo.com,1,2021-03-18,ACTIVO
8984,Residencial,61XXXX73,941XXX209,cliente08984***@correo.com,7,2020-06-06,ACTIVO
8985,Residencial,53XXXX22,968XXX172,cliente08985***@correo.com,5,2024-02-26,ACTIVO
8986,Residencial,30XXXX58,990XXX767,cliente08986***@correo.com,41,2018-01-03,ACTIVO
8987,Residencial,28XXXX70,973XXX025,cliente08987***@correo.com,15,2022-10-02,ACTIVO
8988,Residencial,69XXXX14,971XXX523,cliente08988***@correo.com,43,2022-09-02,ACTIVO
8989,Residencial,74XXXX31,903XXX439,cliente08989***@correo.com,15,2020-05-21,ACTIVO
8990,Residencial,19XXXX31,948XXX531,cliente08990***@correo.com,30,2018-09-20,ACTIVO
8991,Residencial,37XXXX90,940XXX576,cliente08991***@correo.com,38,2024-09-17,ACTIVO
8992,Residencial,50XXXX45,946XXX938,cliente08992***@correo.com,5,2018-04-01,ACTIVO
8993,Residencial,25XXXX53,939XXX085,cliente08993***@correo.com,15,2024-02-25,ACTIVO
8994,Residencial,76XXXX94,913XXX332,cliente08994***@correo.com,15,2019-09-15,ACTIVO
8995,Residencial,15XXXX30,907XXX641,cliente08995***@correo.com,3,2018-09-19,ACTIVO
8996,Residencial,61XXXX22,990XXX225,cliente08996***@correo.com,3,2022-06-01,ACTIVO
8997,Residencial,67XXXX05,979XXX727,cliente08997***@correo.com,28,2024-03-05,ACTIVO
8998,Residencial,51XXXX93,982XXX340,cliente08998***@correo.com,38,2020-03-26,ACTIVO
8999,Residencial,19XXXX83,961XXX978,cliente08999***@correo.com,38,2024-12-20,ACTIVO
9000,Residencial,15XXXX33,952XXX089,cliente09000***@correo.com,8,2024-06-21,ACTIVO
9001,Residencial,94XXXX26,956XXX237,cliente09001***@correo.com,28,2024-06-07,ACTIVO
9002,Comercial,65XXXX72,969XXX525,cliente09002***@correo.com,4,2023-02-03,ACTIVO
9003,Alumbrado Público,94XXXX66,930XXX932,cliente09003***@correo.com,39,2018-03-12,INACTIVO
9004,Residencial,28XXXX11,921XXX233,cliente09004***@correo.com,3,2022-12-26,ACTIVO
9005,Residencial,39XXXX09,987XXX385,cliente09005***@correo.com,40,2021-07-25,ACTIVO
9006,Comercial,11XXXX87,926XXX888,cliente09006***@correo.com,43,2019-06-11,ACTIVO
9007,Residencial,16XXXX79,929XXX072,cliente09007***@correo.com,22,2021-01-20,ACTIVO
9008,Residencial,84XXXX83,986XXX050,cliente09008***@correo.com,28,2022-09-14,ACTIVO
9009,Residencial,60XXXX20,969XXX723,cliente09009***@correo.com,40,2024-04-10,ACTIVO
9010,Residencial,32XXXX39,995XXX223,cliente09010***@correo.com,30,2021-02-09,ACTIVO
9011,Residencial,31XXXX15,948XXX949,cliente09011***@correo.com,30,2020-04-05,SUSPENDIDO
9012,Residencial,72XXXX31,960XXX900,cliente09012***@correo.com,5,2020-05-30,ACTIVO
9013,Residencial,57XXXX18,931XXX678,cliente09013***@correo.com,12,2021-11-03,ACTIVO
9014,Residencial,26XXXX15,942XXX608,cliente09014***@correo.com,38,2018-07-15,ACTIVO
9015,Residencial,75XXXX24,973XXX281,cliente09015***@correo.com,7,2019-01-08,ACTIVO
9016,Residencial,28XXXX04,979XXX442,cliente09016***@correo.com,3,2018-09-26,ACTIVO
9017,Residencial,19XXXX01,995XXX777,cliente09017***@correo.com,9,2021-01-14,ACTIVO
9018,Residencial,92XXXX29,973XXX477,cliente09018***@correo.com,9,2019-06-02,ACTIVO
9019,Residencial,18XXXX98,984XXX871,cliente09019***@correo.com,40,2022-03-28,ACTIVO
9020,Comercial,61XXXX46,950XXX221,cliente09020***@correo.com,3,2020-09-26,ACTIVO
9021,Residencial,41XXXX45,943XXX407,cliente09021***@correo.com,13,2023-04-24,INACTIVO
9022,Residencial,37XXXX63,994XXX687,cliente09022***@correo.com,3,2018-07-22,ACTIVO
9023,Residencial,19XXXX18,990XXX858,cliente09023***@correo.com,7,2023-12-17,ACTIVO
9024,Residencial,53XXXX14,980XXX381,cliente09024***@correo.com,28,2018-01-12,ACTIVO
9025,Residencial,74XXXX89,986XXX467,cliente09025***@correo.com,15,2018-12-13,ACTIVO
9026,Residencial,62XXXX43,965XXX661,cliente09026***@correo.com,12,2024-01-30,ACTIVO
9027,Residencial,50XXXX98,954XXX945,cliente09027***@correo.com,25,2023-05-03,ACTIVO
9028,Residencial,39XXXX17,924XXX861,cliente09028***@correo.com,28,2019-06-27,ACTIVO
9029,Residencial,68XXXX07,941XXX879,cliente09029***@correo.com,26,2024-10-24,ACTIVO
9030,Residencial,80XXXX00,921XXX207,cliente09030***@correo.com,20,2018-05-05,ACTIVO
9031,Residencial,16XXXX38,958XXX070,cliente09031***@correo.com,2,2021-03-13,ACTIVO
9032,Comercial,82XXXX22,945XXX863,cliente09032***@correo.com,15,2018-07-10,ACTIVO
9033,Residencial,97XXXX05,999XXX514,cliente09033***@correo.com,5,2021-12-30,ACTIVO
9034,Residencial,64XXXX34,937XXX139,cliente09034***@correo.com,15,2022-01-02,ACTIVO
9035,Residencial,50XXXX07,999XXX899,cliente09035***@correo.com,9,2021-12-31,ACTIVO
9036,Residencial,65XXXX87,921XXX204,cliente09036***@correo.com,12,2022-09-22,ACTIVO
9037,Residencial,17XXXX71,985XXX874,cliente09037***@correo.com,29,2018-03-16,ACTIVO
9038,Residencial,23XXXX38,984XXX014,cliente09038***@correo.com,8,2023-11-04,ACTIVO
9039,Comercial,33XXXX54,924XXX671,cliente09039***@correo.com,42,2018-04-29,ACTIVO
9040,Residencial,78XXXX88,980XXX556,cliente09040***@correo.com,2,2023-03-22,ACTIVO
9041,Residencial,19XXXX44,975XXX601,cliente09041***@correo.com,28,2022-04-11,ACTIVO
9042,Residencial,15XXXX18,976XXX300,cliente09042***@correo.com,15,2021-11-21,ACTIVO
9043,Residencial,47XXXX05,952XXX094,cliente09043***@correo.com,40,2024-09-01,ACTIVO
9044,Residencial,22XXXX26,946XXX184,cliente09044***@correo.com,40,2020-12-23,ACTIVO
9045,Residencial,63XXXX98,984XXX436,cliente09045***@correo.com,39,2019-09-05,ACTIVO
9046,Residencial,16XXXX61,992XXX958,cliente09046***@correo.com,25,2018-11-08,ACTIVO
9047,Residencial,57XXXX53,983XXX589,cliente09047***@correo.com,30,2022-09-22,ACTIVO
9048,Residencial,92XXXX31,992XXX027,cliente09048***@correo.com,16,2023-08-07,ACTIVO
9049,Residencial,39XXXX60,957XXX082,cliente09049***@correo.com,28,2022-12-10,ACTIVO
9050,Residencial,94XXXX83,995XXX950,cliente09050***@correo.com,24,2022-01-02,ACTIVO
9051,Industrial,21XXXX44,910XXX360,cliente09051***@correo.com,2,2023-03-28,ACTIVO
9052,Residencial,89XXXX75,974XXX450,cliente09052***@correo.com,29,2024-04-07,ACTIVO
9053,Residencial,98XXXX19,902XXX762,cliente09053***@correo.com,18,2023-06-06,ACTIVO
9054,Comercial,78XXXX04,969XXX051,cliente09054***@correo.com,28,2018-06-05,ACTIVO
9055,Residencial,91XXXX76,996XXX569,cliente09055***@correo.com,37,2022-06-08,ACTIVO
9056,Residencial,81XXXX31,900XXX824,cliente09056***@correo.com,7,2022-09-30,ACTIVO
9057,Residencial,12XXXX27,904XXX127,cliente09057***@correo.com,43,2019-08-21,ACTIVO
9058,Residencial,11XXXX45,982XXX204,cliente09058***@correo.com,15,2019-12-03,ACTIVO
9059,Residencial,42XXXX37,998XXX259,cliente09059***@correo.com,9,2020-11-08,ACTIVO
9060,Residencial,27XXXX20,902XXX494,cliente09060***@correo.com,7,2018-09-01,ACTIVO
9061,Residencial,90XXXX74,958XXX022,cliente09061***@correo.com,15,2019-03-23,ACTIVO
9062,Residencial,85XXXX48,946XXX847,cliente09062***@correo.com,15,2019-06-05,ACTIVO
9063,Residencial,36XXXX52,970XXX113,cliente09063***@correo.com,27,2023-11-06,ACTIVO
9064,Residencial,20XXXX53,983XXX268,cliente09064***@correo.com,13,2023-05-16,ACTIVO
9065,Residencial,35XXXX40,991XXX535,cliente09065***@correo.com,11,2021-03-22,ACTIVO
9066,Residencial,84XXXX17,946XXX898,cliente09066***@correo.com,24,2023-06-13,ACTIVO
9067,Residencial,83XXXX84,986XXX703,cliente09067***@correo.com,13,2024-05-07,ACTIVO
9068,Comercial,90XXXX96,902XXX778,cliente09068***@correo.com,28,2024-08-18,ACTIVO
9069,Residencial,43XXXX77,970XXX209,cliente09069***@correo.com,13,2023-06-08,ACTIVO
9070,Residencial,39XXXX51,970XXX277,cliente09070***@correo.com,28,2019-10-23,ACTIVO
9071,Residencial,65XXXX29,924XXX703,cliente09071***@correo.com,3,2022-10-13,ACTIVO
9072,Residencial,97XXXX93,939XXX855,cliente09072***@correo.com,26,2023-07-14,ACTIVO
9073,Residencial,11XXXX85,984XXX670,cliente09073***@correo.com,28,2020-01-11,ACTIVO
9074,Residencial,41XXXX86,963XXX765,cliente09074***@correo.com,7,2024-12-30,ACTIVO
9075,Residencial,59XXXX79,914XXX899,cliente09075***@correo.com,43,2023-03-31,ACTIVO
9076,Residencial,29XXXX19,979XXX205,cliente09076***@correo.com,9,2024-10-11,ACTIVO
9077,Residencial,93XXXX10,973XXX661,cliente09077***@correo.com,30,2022-06-13,SUSPENDIDO
9078,Residencial,28XXXX44,939XXX568,cliente09078***@correo.com,15,2023-10-13,ACTIVO
9079,Residencial,78XXXX40,981XXX573,cliente09079***@correo.com,28,2022-12-06,ACTIVO
9080,Residencial,75XXXX21,918XXX296,cliente09080***@correo.com,9,2020-10-10,ACTIVO
9081,Residencial,59XXXX85,921XXX639,cliente09081***@correo.com,15,2020-03-22,ACTIVO
9082,Residencial,43XXXX93,915XXX605,cliente09082***@correo.com,43,2023-06-29,ACTIVO
9083,Residencial,23XXXX61,997XXX490,cliente09083***@correo.com,23,2022-05-28,ACTIVO
9084,Residencial,46XXXX71,973XXX943,cliente09084***@correo.com,9,2018-03-28,ACTIVO
9085,Residencial,30XXXX31,961XXX107,cliente09085***@correo.com,26,2023-11-06,ACTIVO
9086,Comercial,73XXXX38,919XXX891,cliente09086***@correo.com,43,2022-06-12,ACTIVO
9087,Residencial,91XXXX32,937XXX471,cliente09087***@correo.com,19,2021-10-02,ACTIVO
9088,Residencial,75XXXX43,982XXX997,cliente09088***@correo.com,40,2019-12-03,ACTIVO
9089,Residencial,86XXXX51,967XXX817,cliente09089***@correo.com,43,2021-02-24,ACTIVO
9090,Residencial,78XXXX20,940XXX511,cliente09090***@correo.com,39,2024-09-07,ACTIVO
9091,Residencial,79XXXX65,982XXX654,cliente09091***@correo.com,17,2019-09-19,ACTIVO
9092,Residencial,15XXXX46,953XXX018,cliente09092***@correo.com,7,2021-02-12,ACTIVO
9093,Residencial,61XXXX85,970XXX573,cliente09093***@correo.com,32,2023-11-25,ACTIVO
9094,Residencial,71XXXX48,989XXX028,cliente09094***@correo.com,13,2018-12-10,ACTIVO
9095,Residencial,78XXXX38,957XXX696,cliente09095***@correo.com,27,2021-09-17,ACTIVO
9096,Residencial,89XXXX23,964XXX445,cliente09096***@correo.com,43,2020-03-23,ACTIVO
9097,Residencial,14XXXX52,916XXX438,cliente09097***@correo.com,37,2022-02-17,ACTIVO
9098,Residencial,41XXXX98,981XXX335,cliente09098***@correo.com,36,2020-05-27,ACTIVO
9099,Residencial,47XXXX92,942XXX473,cliente09099***@correo.com,29,2020-08-17,ACTIVO
9100,Residencial,51XXXX65,970XXX829,cliente09100***@correo.com,29,2021-01-17,ACTIVO
9101,Residencial,10XXXX24,923XXX504,cliente09101***@correo.com,19,2020-08-10,ACTIVO
9102,Residencial,97XXXX35,903XXX324,cliente09102***@correo.com,9,2022-10-15,ACTIVO
9103,Residencial,56XXXX24,951XXX228,cliente09103***@correo.com,40,2024-08-06,ACTIVO
9104,Residencial,25XXXX21,969XXX361,cliente09104***@correo.com,9,2021-09-16,ACTIVO
9105,Comercial,27XXXX42,968XXX296,cliente09105***@correo.com,5,2021-05-15,ACTIVO
9106,Residencial,11XXXX81,970XXX255,cliente09106***@correo.com,7,2021-05-12,ACTIVO
9107,Residencial,14XXXX71,950XXX760,cliente09107***@correo.com,15,2022-05-24,ACTIVO
9108,Residencial,28XXXX47,959XXX624,cliente09108***@correo.com,9,2018-06-18,ACTIVO
9109,Comercial,96XXXX02,930XXX573,cliente09109***@correo.com,3,2020-11-02,ACTIVO
9110,Residencial,96XXXX68,975XXX607,cliente09110***@correo.com,29,2019-06-29,ACTIVO
9111,Residencial,31XXXX22,989XXX494,cliente09111***@correo.com,43,2022-12-31,ACTIVO
9112,Residencial,12XXXX98,918XXX489,cliente09112***@correo.com,20,2021-01-07,ACTIVO
9113,Residencial,45XXXX68,911XXX872,cliente09113***@correo.com,40,2024-02-20,ACTIVO
9114,Residencial,95XXXX44,911XXX615,cliente09114***@correo.com,9,2023-07-16,ACTIVO
9115,Residencial,60XXXX64,978XXX273,cliente09115***@correo.com,11,2021-12-13,ACTIVO
9116,Residencial,63XXXX30,949XXX996,cliente09116***@correo.com,22,2019-05-26,ACTIVO
9117,Residencial,90XXXX10,945XXX634,cliente09117***@correo.com,26,2018-10-06,ACTIVO
9118,Residencial,34XXXX63,959XXX596,cliente09118***@correo.com,26,2019-02-11,ACTIVO
9119,Residencial,47XXXX69,905XXX052,cliente09119***@correo.com,43,2022-09-28,ACTIVO
9120,Residencial,66XXXX45,967XXX825,cliente09120***@correo.com,13,2024-02-07,ACTIVO
9121,Residencial,88XXXX17,999XXX922,cliente09121***@correo.com,38,2018-08-10,ACTIVO
9122,Residencial,29XXXX78,947XXX772,cliente09122***@correo.com,9,2022-04-26,ACTIVO
9123,Residencial,97XXXX21,936XXX041,cliente09123***@correo.com,7,2022-06-17,ACTIVO
9124,Residencial,26XXXX36,990XXX248,cliente09124***@correo.com,3,2023-09-23,ACTIVO
9125,Residencial,13XXXX68,932XXX049,cliente09125***@correo.com,15,2019-05-22,ACTIVO
9126,Residencial,85XXXX63,922XXX552,cliente09126***@correo.com,26,2023-09-10,ACTIVO
9127,Residencial,44XXXX46,944XXX558,cliente09127***@correo.com,10,2018-10-21,ACTIVO
9128,Residencial,37XXXX95,933XXX336,cliente09128***@correo.com,39,2022-12-01,ACTIVO
9129,Residencial,33XXXX04,938XXX694,cliente09129***@correo.com,19,2018-06-04,ACTIVO
9130,Residencial,54XXXX68,967XXX798,cliente09130***@correo.com,30,2018-06-08,ACTIVO
9131,Residencial,71XXXX00,998XXX952,cliente09131***@correo.com,19,2020-07-08,ACTIVO
9132,Comercial,69XXXX92,930XXX701,cliente09132***@correo.com,38,2022-05-22,ACTIVO
9133,Residencial,26XXXX00,973XXX785,cliente09133***@correo.com,4,2018-08-27,ACTIVO
9134,Residencial,23XXXX94,906XXX837,cliente09134***@correo.com,5,2020-02-18,ACTIVO
9135,Residencial,75XXXX85,948XXX553,cliente09135***@correo.com,9,2019-03-27,ACTIVO
9136,Comercial,62XXXX39,985XXX199,cliente09136***@correo.com,2,2019-08-16,ACTIVO
9137,Comercial,67XXXX89,921XXX332,cliente09137***@correo.com,4,2023-08-19,ACTIVO
9138,Residencial,62XXXX22,979XXX846,cliente09138***@correo.com,28,2018-05-30,ACTIVO
9139,Residencial,49XXXX32,995XXX708,cliente09139***@correo.com,39,2020-11-24,ACTIVO
9140,Residencial,11XXXX67,928XXX212,cliente09140***@correo.com,3,2022-09-18,ACTIVO
9141,Residencial,31XXXX91,987XXX950,cliente09141***@correo.com,29,2024-03-30,ACTIVO
9142,Residencial,35XXXX15,931XXX482,cliente09142***@correo.com,38,2021-07-23,ACTIVO
9143,Residencial,58XXXX26,933XXX473,cliente09143***@correo.com,8,2018-03-04,ACTIVO
9144,Residencial,16XXXX61,982XXX482,cliente09144***@correo.com,28,2020-03-01,ACTIVO
9145,Residencial,95XXXX13,958XXX293,cliente09145***@correo.com,7,2022-02-26,ACTIVO
9146,Residencial,82XXXX94,904XXX403,cliente09146***@correo.com,3,2022-02-23,ACTIVO
9147,Residencial,82XXXX60,949XXX663,cliente09147***@correo.com,31,2020-06-20,ACTIVO
9148,Residencial,69XXXX11,960XXX779,cliente09148***@correo.com,7,2018-04-28,ACTIVO
9149,Residencial,34XXXX88,979XXX153,cliente09149***@correo.com,38,2018-11-12,ACTIVO
9150,Residencial,10XXXX06,999XXX208,cliente09150***@correo.com,13,2018-11-18,ACTIVO
9151,Residencial,32XXXX22,946XXX283,cliente09151***@correo.com,15,2018-04-24,ACTIVO
9152,Residencial,31XXXX67,913XXX335,cliente09152***@correo.com,7,2022-04-18,ACTIVO
9153,Residencial,91XXXX54,929XXX673,cliente09153***@correo.com,7,2024-12-10,ACTIVO
9154,Residencial,42XXXX06,921XXX564,cliente09154***@correo.com,19,2020-09-19,ACTIVO
9155,Residencial,39XXXX85,906XXX145,cliente09155***@correo.com,3,2018-01-12,ACTIVO
9156,Residencial,94XXXX73,996XXX162,cliente09156***@correo.com,9,2023-04-15,ACTIVO
9157,Residencial,47XXXX17,919XXX167,cliente09157***@correo.com,32,2020-01-21,ACTIVO
9158,Residencial,14XXXX67,991XXX392,cliente09158***@correo.com,29,2022-10-29,ACTIVO
9159,Residencial,77XXXX71,943XXX496,cliente09159***@correo.com,28,2019-09-03,ACTIVO
9160,Residencial,78XXXX20,909XXX740,cliente09160***@correo.com,35,2022-11-25,ACTIVO
9161,Residencial,68XXXX02,999XXX844,cliente09161***@correo.com,6,2021-10-31,ACTIVO
9162,Residencial,49XXXX94,906XXX487,cliente09162***@correo.com,40,2019-09-04,ACTIVO
9163,Residencial,46XXXX21,970XXX161,cliente09163***@correo.com,7,2022-09-08,ACTIVO
9164,Residencial,97XXXX32,911XXX282,cliente09164***@correo.com,38,2021-04-10,ACTIVO
9165,Comercial,17XXXX32,947XXX073,cliente09165***@correo.com,15,2022-03-23,ACTIVO
9166,Residencial,98XXXX00,969XXX527,cliente09166***@correo.com,18,2024-01-01,ACTIVO
9167,Residencial,51XXXX44,932XXX408,cliente09167***@correo.com,13,2021-05-25,ACTIVO
9168,Residencial,14XXXX45,980XXX972,cliente09168***@correo.com,13,2021-02-25,ACTIVO
9169,Residencial,40XXXX02,930XXX276,cliente09169***@correo.com,9,2019-10-08,ACTIVO
9170,Residencial,15XXXX84,945XXX634,cliente09170***@correo.com,3,2020-12-08,ACTIVO
9171,Residencial,94XXXX33,961XXX041,cliente09171***@correo.com,26,2024-10-24,ACTIVO
9172,Residencial,16XXXX86,976XXX537,cliente09172***@correo.com,7,2021-01-31,ACTIVO
9173,Residencial,74XXXX41,902XXX831,cliente09173***@correo.com,7,2023-09-01,ACTIVO
9174,Comercial,89XXXX47,983XXX300,cliente09174***@correo.com,15,2019-07-19,ACTIVO
9175,Residencial,95XXXX19,913XXX752,cliente09175***@correo.com,10,2022-11-04,SUSPENDIDO
9176,Residencial,51XXXX85,941XXX202,cliente09176***@correo.com,30,2024-02-24,ACTIVO
9177,Residencial,26XXXX82,972XXX678,cliente09177***@correo.com,8,2019-11-08,ACTIVO
9178,Residencial,33XXXX00,996XXX980,cliente09178***@correo.com,23,2021-09-09,ACTIVO
9179,Residencial,50XXXX85,999XXX626,cliente09179***@correo.com,38,2022-10-06,ACTIVO
9180,Residencial,99XXXX36,913XXX351,cliente09180***@correo.com,3,2018-01-14,ACTIVO
9181,Residencial,45XXXX02,997XXX475,cliente09181***@correo.com,7,2018-11-17,ACTIVO
9182,Residencial,53XXXX73,927XXX572,cliente09182***@correo.com,30,2024-02-20,ACTIVO
9183,Residencial,64XXXX15,910XXX769,cliente09183***@correo.com,6,2024-08-09,INACTIVO
9184,Residencial,18XXXX02,966XXX848,cliente09184***@correo.com,7,2023-06-03,ACTIVO
9185,Residencial,97XXXX80,954XXX065,cliente09185***@correo.com,28,2019-02-03,ACTIVO
9186,Residencial,93XXXX54,966XXX569,cliente09186***@correo.com,9,2022-09-06,ACTIVO
9187,Residencial,37XXXX03,964XXX935,cliente09187***@correo.com,4,2019-12-01,ACTIVO
9188,Residencial,13XXXX88,959XXX434,cliente09188***@correo.com,30,2020-10-02,ACTIVO
9189,Residencial,95XXXX52,978XXX340,cliente09189***@correo.com,9,2021-06-13,ACTIVO
9190,Comercial,59XXXX55,979XXX811,cliente09190***@correo.com,15,2024-04-08,ACTIVO
9191,Residencial,31XXXX97,928XXX638,cliente09191***@correo.com,7,2022-07-08,ACTIVO
9192,Residencial,12XXXX61,969XXX174,cliente09192***@correo.com,15,2018-02-09,ACTIVO
9193,Residencial,98XXXX14,922XXX787,cliente09193***@correo.com,9,2023-01-16,ACTIVO
9194,Residencial,90XXXX09,986XXX397,cliente09194***@correo.com,9,2024-01-08,ACTIVO
9195,Residencial,44XXXX76,915XXX467,cliente09195***@correo.com,28,2018-07-19,ACTIVO
9196,Comercial,21XXXX78,951XXX053,cliente09196***@correo.com,15,2024-01-21,ACTIVO
9197,Residencial,30XXXX33,985XXX658,cliente09197***@correo.com,30,2024-06-28,ACTIVO
9198,Comercial,77XXXX41,948XXX653,cliente09198***@correo.com,15,2024-12-10,ACTIVO
9199,Residencial,20XXXX53,938XXX507,cliente09199***@correo.com,39,2021-08-18,ACTIVO
9200,Residencial,25XXXX67,934XXX209,cliente09200***@correo.com,29,2021-03-09,ACTIVO
9201,Residencial,69XXXX63,930XXX278,cliente09201***@correo.com,16,2024-03-23,ACTIVO
9202,Residencial,52XXXX15,968XXX564,cliente09202***@correo.com,29,2018-12-04,INACTIVO
9203,Residencial,41XXXX70,974XXX593,cliente09203***@correo.com,15,2019-08-13,ACTIVO
9204,Residencial,31XXXX78,926XXX304,cliente09204***@correo.com,9,2024-11-26,ACTIVO
9205,Residencial,98XXXX56,909XXX649,cliente09205***@correo.com,26,2019-07-10,ACTIVO
9206,Residencial,50XXXX68,916XXX399,cliente09206***@correo.com,4,2023-03-25,ACTIVO
9207,Residencial,31XXXX77,909XXX926,cliente09207***@correo.com,42,2021-07-27,ACTIVO
9208,Residencial,55XXXX46,952XXX536,cliente09208***@correo.com,28,2021-07-12,ACTIVO
9209,Residencial,20XXXX71,992XXX929,cliente09209***@correo.com,9,2020-07-20,ACTIVO
9210,Residencial,25XXXX32,951XXX070,cliente09210***@correo.com,18,2021-04-16,ACTIVO
9211,Residencial,22XXXX38,900XXX649,cliente09211***@correo.com,38,2023-08-09,ACTIVO
9212,Comercial,98XXXX63,909XXX307,cliente09212***@correo.com,15,2022-04-05,ACTIVO
9213,Residencial,31XXXX95,901XXX228,cliente09213***@correo.com,34,2023-09-28,ACTIVO
9214,Residencial,67XXXX93,916XXX184,cliente09214***@correo.com,1,2024-01-05,ACTIVO
9215,Residencial,85XXXX12,973XXX551,cliente09215***@correo.com,43,2022-04-04,ACTIVO
9216,Residencial,50XXXX09,940XXX928,cliente09216***@correo.com,3,2019-12-23,ACTIVO
9217,Residencial,39XXXX59,964XXX627,cliente09217***@correo.com,8,2020-03-26,ACTIVO
9218,Industrial,98XXXX18,940XXX845,cliente09218***@correo.com,29,2020-08-25,ACTIVO
9219,Residencial,79XXXX30,973XXX280,cliente09219***@correo.com,19,2022-10-25,ACTIVO
9220,Comercial,19XXXX99,900XXX552,cliente09220***@correo.com,3,2024-08-25,ACTIVO
9221,Residencial,34XXXX95,972XXX562,cliente09221***@correo.com,34,2023-04-10,ACTIVO
9222,Residencial,24XXXX74,930XXX928,cliente09222***@correo.com,37,2023-01-01,ACTIVO
9223,Residencial,41XXXX00,979XXX481,cliente09223***@correo.com,30,2020-10-23,ACTIVO
9224,Residencial,38XXXX79,930XXX917,cliente09224***@correo.com,29,2022-07-03,ACTIVO
9225,Residencial,64XXXX21,970XXX902,cliente09225***@correo.com,7,2021-01-05,ACTIVO
9226,Residencial,30XXXX63,945XXX541,cliente09226***@correo.com,43,2018-01-14,ACTIVO
9227,Residencial,94XXXX46,922XXX012,cliente09227***@correo.com,36,2021-09-14,ACTIVO
9228,Residencial,39XXXX97,967XXX839,cliente09228***@correo.com,15,2019-04-26,ACTIVO
9229,Residencial,84XXXX59,914XXX605,cliente09229***@correo.com,15,2023-01-29,ACTIVO
9230,Residencial,21XXXX81,925XXX439,cliente09230***@correo.com,43,2024-10-07,ACTIVO
9231,Comercial,35XXXX78,999XXX297,cliente09231***@correo.com,7,2023-11-23,ACTIVO
9232,Comercial,92XXXX55,984XXX564,cliente09232***@correo.com,8,2023-08-31,ACTIVO
9233,Residencial,70XXXX77,950XXX257,cliente09233***@correo.com,7,2020-04-08,ACTIVO
9234,Residencial,66XXXX56,912XXX563,cliente09234***@correo.com,31,2018-06-07,ACTIVO
9235,Comercial,20XXXX98,900XXX487,cliente09235***@correo.com,22,2020-10-21,ACTIVO
9236,Residencial,31XXXX46,951XXX258,cliente09236***@correo.com,5,2020-11-16,ACTIVO
9237,Industrial,25XXXX31,914XXX676,cliente09237***@correo.com,7,2019-05-16,ACTIVO
9238,Residencial,25XXXX65,981XXX600,cliente09238***@correo.com,6,2020-04-11,ACTIVO
9239,Comercial,64XXXX23,923XXX085,cliente09239***@correo.com,3,2018-08-25,ACTIVO
9240,Residencial,16XXXX33,941XXX133,cliente09240***@correo.com,9,2021-01-21,ACTIVO
9241,Residencial,30XXXX59,907XXX889,cliente09241***@correo.com,26,2022-01-13,ACTIVO
9242,Residencial,68XXXX03,917XXX595,cliente09242***@correo.com,15,2024-11-24,ACTIVO
9243,Residencial,54XXXX99,923XXX180,cliente09243***@correo.com,30,2020-06-27,ACTIVO
9244,Residencial,88XXXX90,944XXX170,cliente09244***@correo.com,15,2020-11-05,ACTIVO
9245,Residencial,85XXXX16,935XXX151,cliente09245***@correo.com,7,2023-10-25,ACTIVO
9246,Residencial,57XXXX42,971XXX584,cliente09246***@correo.com,10,2022-07-11,ACTIVO
9247,Residencial,68XXXX99,986XXX911,cliente09247***@correo.com,5,2018-07-06,ACTIVO
9248,Residencial,98XXXX94,946XXX306,cliente09248***@correo.com,15,2019-02-17,ACTIVO
9249,Residencial,98XXXX94,968XXX328,cliente09249***@correo.com,4,2018-03-23,ACTIVO
9250,Residencial,66XXXX56,921XXX470,cliente09250***@correo.com,29,2019-11-05,ACTIVO
9251,Residencial,77XXXX75,969XXX369,cliente09251***@correo.com,15,2022-11-01,ACTIVO
9252,Residencial,13XXXX29,910XXX542,cliente09252***@correo.com,3,2021-12-01,ACTIVO
9253,Residencial,47XXXX18,961XXX554,cliente09253***@correo.com,41,2019-11-26,ACTIVO
9254,Residencial,77XXXX20,992XXX307,cliente09254***@correo.com,3,2020-05-29,ACTIVO
9255,Comercial,87XXXX20,916XXX931,cliente09255***@correo.com,3,2020-07-10,ACTIVO
9256,Residencial,90XXXX53,995XXX754,cliente09256***@correo.com,5,2021-10-07,ACTIVO
9257,Residencial,94XXXX24,995XXX477,cliente09257***@correo.com,14,2023-02-26,ACTIVO
9258,Residencial,41XXXX25,950XXX557,cliente09258***@correo.com,5,2023-05-18,ACTIVO
9259,Residencial,99XXXX89,967XXX518,cliente09259***@correo.com,30,2021-03-03,ACTIVO
9260,Residencial,86XXXX51,928XXX333,cliente09260***@correo.com,7,2020-07-11,ACTIVO
9261,Comercial,56XXXX43,910XXX996,cliente09261***@correo.com,43,2021-10-06,ACTIVO
9262,Gobierno,63XXXX75,980XXX653,cliente09262***@correo.com,38,2024-05-29,ACTIVO
9263,Residencial,34XXXX07,994XXX702,cliente09263***@correo.com,28,2020-03-04,SUSPENDIDO
9264,Residencial,42XXXX45,987XXX026,cliente09264***@correo.com,29,2019-07-09,ACTIVO
9265,Residencial,97XXXX88,916XXX495,cliente09265***@correo.com,7,2024-12-02,ACTIVO
9266,Residencial,26XXXX98,922XXX797,cliente09266***@correo.com,3,2021-10-22,ACTIVO
9267,Residencial,32XXXX60,903XXX817,cliente09267***@correo.com,2,2021-12-11,ACTIVO
9268,Comercial,42XXXX89,931XXX313,cliente09268***@correo.com,12,2018-07-15,ACTIVO
9269,Comercial,20XXXX56,955XXX468,cliente09269***@correo.com,15,2023-06-09,ACTIVO
9270,Residencial,66XXXX95,913XXX519,cliente09270***@correo.com,7,2019-12-27,ACTIVO
9271,Residencial,15XXXX94,999XXX742,cliente09271***@correo.com,26,2020-01-06,ACTIVO
9272,Residencial,37XXXX15,942XXX662,cliente09272***@correo.com,12,2018-02-10,ACTIVO
9273,Residencial,84XXXX88,985XXX981,cliente09273***@correo.com,30,2019-07-08,ACTIVO
9274,Residencial,95XXXX05,984XXX906,cliente09274***@correo.com,29,2021-10-06,ACTIVO
9275,Residencial,85XXXX60,971XXX137,cliente09275***@correo.com,43,2022-08-04,ACTIVO
9276,Residencial,39XXXX03,920XXX760,cliente09276***@correo.com,19,2021-10-12,ACTIVO
9277,Comercial,26XXXX46,939XXX796,cliente09277***@correo.com,30,2021-02-12,ACTIVO
9278,Residencial,73XXXX96,942XXX321,cliente09278***@correo.com,33,2021-09-21,ACTIVO
9279,Residencial,22XXXX81,945XXX861,cliente09279***@correo.com,9,2022-06-17,ACTIVO
9280,Comercial,46XXXX81,914XXX463,cliente09280***@correo.com,16,2020-12-27,ACTIVO
9281,Gobierno,68XXXX26,926XXX555,cliente09281***@correo.com,43,2019-10-28,ACTIVO
9282,Residencial,18XXXX21,903XXX383,cliente09282***@correo.com,30,2024-09-18,ACTIVO
9283,Residencial,86XXXX21,973XXX112,cliente09283***@correo.com,28,2020-03-08,ACTIVO
9284,Residencial,85XXXX12,982XXX485,cliente09284***@correo.com,7,2023-02-21,ACTIVO
9285,Residencial,80XXXX45,941XXX039,cliente09285***@correo.com,17,2019-01-22,ACTIVO
9286,Residencial,21XXXX34,926XXX195,cliente09286***@correo.com,29,2021-05-21,ACTIVO
9287,Comercial,98XXXX63,937XXX394,cliente09287***@correo.com,29,2024-12-27,ACTIVO
9288,Residencial,58XXXX60,950XXX002,cliente09288***@correo.com,15,2018-08-12,ACTIVO
9289,Residencial,14XXXX37,957XXX605,cliente09289***@correo.com,39,2018-08-01,ACTIVO
9290,Residencial,23XXXX04,969XXX423,cliente09290***@correo.com,21,2022-05-28,ACTIVO
9291,Residencial,54XXXX03,916XXX389,cliente09291***@correo.com,30,2024-05-04,ACTIVO
9292,Alumbrado Público,90XXXX83,948XXX278,cliente09292***@correo.com,29,2019-05-02,ACTIVO
9293,Residencial,70XXXX61,963XXX544,cliente09293***@correo.com,39,2024-10-05,ACTIVO
9294,Comercial,96XXXX57,940XXX794,cliente09294***@correo.com,15,2023-10-29,ACTIVO
9295,Residencial,93XXXX47,905XXX142,cliente09295***@correo.com,30,2018-01-30,ACTIVO
9296,Residencial,98XXXX05,914XXX782,cliente09296***@correo.com,39,2020-05-16,ACTIVO
9297,Residencial,30XXXX68,956XXX100,cliente09297***@correo.com,8,2019-08-13,ACTIVO
9298,Residencial,38XXXX92,935XXX990,cliente09298***@correo.com,15,2018-01-19,ACTIVO
9299,Industrial,97XXXX90,942XXX899,cliente09299***@correo.com,29,2024-12-18,ACTIVO
9300,Residencial,82XXXX74,959XXX941,cliente09300***@correo.com,7,2024-10-30,ACTIVO
9301,Industrial,31XXXX79,954XXX641,cliente09301***@correo.com,13,2022-04-12,ACTIVO
9302,Comercial,87XXXX07,935XXX851,cliente09302***@correo.com,5,2020-04-13,ACTIVO
9303,Residencial,64XXXX87,944XXX632,cliente09303***@correo.com,7,2022-04-29,ACTIVO
9304,Residencial,57XXXX34,927XXX127,cliente09304***@correo.com,35,2023-07-09,ACTIVO
9305,Residencial,17XXXX15,924XXX580,cliente09305***@correo.com,39,2020-12-19,ACTIVO
9306,Residencial,57XXXX73,938XXX650,cliente09306***@correo.com,34,2018-05-25,ACTIVO
9307,Residencial,21XXXX04,927XXX522,cliente09307***@correo.com,7,2020-09-14,ACTIVO
9308,Residencial,64XXXX24,906XXX325,cliente09308***@correo.com,41,2019-01-30,ACTIVO
9309,Residencial,43XXXX95,929XXX882,cliente09309***@correo.com,24,2024-11-01,ACTIVO
9310,Residencial,80XXXX20,972XXX384,cliente09310***@correo.com,7,2024-03-05,ACTIVO
9311,Residencial,98XXXX00,941XXX825,cliente09311***@correo.com,7,2022-03-02,ACTIVO
9312,Comercial,82XXXX55,988XXX542,cliente09312***@correo.com,28,2020-12-04,ACTIVO
9313,Residencial,22XXXX01,976XXX403,cliente09313***@correo.com,40,2023-06-23,ACTIVO
9314,Residencial,35XXXX69,914XXX405,cliente09314***@correo.com,26,2024-08-04,ACTIVO
9315,Residencial,59XXXX26,962XXX871,cliente09315***@correo.com,5,2023-01-29,ACTIVO
9316,Residencial,11XXXX18,988XXX254,cliente09316***@correo.com,5,2024-09-26,ACTIVO
9317,Residencial,51XXXX28,969XXX340,cliente09317***@correo.com,15,2020-11-02,ACTIVO
9318,Residencial,96XXXX72,909XXX721,cliente09318***@correo.com,3,2019-02-24,ACTIVO
9319,Residencial,71XXXX58,998XXX274,cliente09319***@correo.com,13,2019-11-08,ACTIVO
9320,Residencial,24XXXX61,963XXX797,cliente09320***@correo.com,4,2019-02-08,ACTIVO
9321,Residencial,91XXXX07,914XXX817,cliente09321***@correo.com,3,2023-11-02,ACTIVO
9322,Residencial,76XXXX49,929XXX437,cliente09322***@correo.com,29,2022-08-11,ACTIVO
9323,Residencial,56XXXX70,992XXX969,cliente09323***@correo.com,3,2021-03-28,ACTIVO
9324,Residencial,92XXXX58,965XXX817,cliente09324***@correo.com,10,2024-10-24,ACTIVO
9325,Residencial,71XXXX09,979XXX446,cliente09325***@correo.com,24,2020-08-08,ACTIVO
9326,Residencial,24XXXX02,949XXX315,cliente09326***@correo.com,5,2022-04-25,ACTIVO
9327,Residencial,94XXXX47,957XXX157,cliente09327***@correo.com,7,2018-11-20,ACTIVO
9328,Residencial,21XXXX56,969XXX662,cliente09328***@correo.com,30,2019-09-17,ACTIVO
9329,Residencial,87XXXX48,985XXX780,cliente09329***@correo.com,13,2018-04-27,ACTIVO
9330,Residencial,95XXXX09,979XXX930,cliente09330***@correo.com,28,2018-12-15,ACTIVO
9331,Residencial,50XXXX66,990XXX078,cliente09331***@correo.com,26,2018-04-29,ACTIVO
9332,Residencial,72XXXX83,953XXX845,cliente09332***@correo.com,35,2018-05-22,ACTIVO
9333,Residencial,77XXXX62,970XXX900,cliente09333***@correo.com,3,2018-04-21,ACTIVO
9334,Residencial,48XXXX28,905XXX490,cliente09334***@correo.com,19,2018-11-04,ACTIVO
9335,Comercial,66XXXX60,928XXX515,cliente09335***@correo.com,3,2019-02-26,ACTIVO
9336,Residencial,35XXXX98,977XXX180,cliente09336***@correo.com,40,2019-05-05,ACTIVO
9337,Residencial,32XXXX75,961XXX793,cliente09337***@correo.com,29,2021-01-08,ACTIVO
9338,Residencial,25XXXX98,914XXX956,cliente09338***@correo.com,9,2020-05-09,ACTIVO
9339,Residencial,14XXXX94,955XXX926,cliente09339***@correo.com,3,2021-01-09,ACTIVO
9340,Residencial,95XXXX34,916XXX239,cliente09340***@correo.com,39,2019-01-28,ACTIVO
9341,Residencial,16XXXX62,973XXX676,cliente09341***@correo.com,32,2024-08-03,ACTIVO
9342,Residencial,14XXXX14,902XXX344,cliente09342***@correo.com,23,2022-04-25,ACTIVO
9343,Residencial,90XXXX62,908XXX599,cliente09343***@correo.com,15,2023-05-20,ACTIVO
9344,Residencial,10XXXX53,980XXX090,cliente09344***@correo.com,20,2021-10-08,ACTIVO
9345,Residencial,62XXXX00,901XXX687,cliente09345***@correo.com,5,2023-08-12,ACTIVO
9346,Residencial,45XXXX69,943XXX209,cliente09346***@correo.com,3,2018-09-23,ACTIVO
9347,Residencial,74XXXX86,983XXX474,cliente09347***@correo.com,3,2020-12-30,ACTIVO
9348,Residencial,31XXXX39,950XXX697,cliente09348***@correo.com,38,2019-10-29,ACTIVO
9349,Residencial,12XXXX52,995XXX563,cliente09349***@correo.com,28,2020-10-14,ACTIVO
9350,Residencial,56XXXX78,917XXX158,cliente09350***@correo.com,7,2021-08-22,ACTIVO
9351,Comercial,44XXXX52,969XXX233,cliente09351***@correo.com,5,2024-08-17,ACTIVO
9352,Residencial,51XXXX63,965XXX126,cliente09352***@correo.com,15,2021-04-25,ACTIVO
9353,Residencial,77XXXX72,947XXX557,cliente09353***@correo.com,29,2018-09-29,ACTIVO
9354,Residencial,83XXXX66,907XXX145,cliente09354***@correo.com,28,2023-05-21,ACTIVO
9355,Residencial,73XXXX66,937XXX936,cliente09355***@correo.com,43,2021-01-01,ACTIVO
9356,Comercial,80XXXX49,918XXX660,cliente09356***@correo.com,7,2023-07-23,SUSPENDIDO
9357,Comercial,27XXXX63,955XXX858,cliente09357***@correo.com,40,2019-01-21,ACTIVO
9358,Residencial,69XXXX08,912XXX248,cliente09358***@correo.com,9,2022-04-08,INACTIVO
9359,Residencial,58XXXX36,900XXX564,cliente09359***@correo.com,12,2023-10-04,ACTIVO
9360,Comercial,13XXXX29,941XXX513,cliente09360***@correo.com,39,2019-05-31,ACTIVO
9361,Residencial,24XXXX98,931XXX420,cliente09361***@correo.com,26,2023-03-29,ACTIVO
9362,Residencial,29XXXX30,922XXX679,cliente09362***@correo.com,15,2024-02-13,ACTIVO
9363,Residencial,72XXXX31,919XXX594,cliente09363***@correo.com,31,2018-05-24,ACTIVO
9364,Residencial,77XXXX00,924XXX061,cliente09364***@correo.com,40,2019-11-23,ACTIVO
9365,Residencial,60XXXX28,956XXX215,cliente09365***@correo.com,7,2020-06-18,ACTIVO
9366,Residencial,83XXXX58,905XXX814,cliente09366***@correo.com,5,2022-02-19,ACTIVO
9367,Residencial,17XXXX67,951XXX248,cliente09367***@correo.com,15,2024-10-01,ACTIVO
9368,Comercial,63XXXX89,982XXX242,cliente09368***@correo.com,15,2020-08-14,ACTIVO
9369,Residencial,82XXXX98,908XXX548,cliente09369***@correo.com,15,2018-12-01,ACTIVO
9370,Alumbrado Público,19XXXX87,971XXX956,cliente09370***@correo.com,7,2022-08-18,ACTIVO
9371,Comercial,75XXXX96,970XXX590,cliente09371***@correo.com,15,2022-09-05,ACTIVO
9372,Residencial,47XXXX77,912XXX901,cliente09372***@correo.com,38,2023-10-13,ACTIVO
9373,Residencial,41XXXX95,944XXX311,cliente09373***@correo.com,29,2023-07-19,ACTIVO
9374,Residencial,87XXXX33,948XXX152,cliente09374***@correo.com,12,2020-09-09,ACTIVO
9375,Residencial,49XXXX13,933XXX086,cliente09375***@correo.com,30,2021-01-31,ACTIVO
9376,Residencial,18XXXX93,999XXX132,cliente09376***@correo.com,15,2019-11-17,ACTIVO
9377,Residencial,23XXXX26,951XXX182,cliente09377***@correo.com,10,2022-10-03,ACTIVO
9378,Residencial,69XXXX38,902XXX560,cliente09378***@correo.com,15,2023-11-15,ACTIVO
9379,Residencial,43XXXX97,982XXX581,cliente09379***@correo.com,13,2024-04-20,ACTIVO
9380,Residencial,89XXXX41,985XXX806,cliente09380***@correo.com,9,2019-03-18,ACTIVO
9381,Residencial,54XXXX88,910XXX411,cliente09381***@correo.com,19,2023-12-13,ACTIVO
9382,Alumbrado Público,63XXXX02,948XXX131,cliente09382***@correo.com,30,2024-03-14,ACTIVO
9383,Residencial,77XXXX61,931XXX681,cliente09383***@correo.com,19,2024-12-09,ACTIVO
9384,Residencial,90XXXX75,999XXX188,cliente09384***@correo.com,15,2024-09-20,ACTIVO
9385,Residencial,76XXXX48,923XXX513,cliente09385***@correo.com,43,2018-11-16,ACTIVO
9386,Residencial,45XXXX80,997XXX126,cliente09386***@correo.com,4,2024-01-01,ACTIVO
9387,Residencial,84XXXX89,963XXX584,cliente09387***@correo.com,9,2022-11-12,ACTIVO
9388,Residencial,70XXXX39,929XXX318,cliente09388***@correo.com,35,2019-01-23,ACTIVO
9389,Residencial,57XXXX57,992XXX691,cliente09389***@correo.com,7,2023-03-05,ACTIVO
9390,Residencial,37XXXX70,961XXX423,cliente09390***@correo.com,27,2018-11-06,ACTIVO
9391,Residencial,62XXXX00,963XXX567,cliente09391***@correo.com,24,2021-05-14,ACTIVO
9392,Residencial,51XXXX71,902XXX802,cliente09392***@correo.com,30,2024-11-21,ACTIVO
9393,Residencial,18XXXX67,947XXX479,cliente09393***@correo.com,15,2022-09-27,ACTIVO
9394,Alumbrado Público,47XXXX96,959XXX236,cliente09394***@correo.com,9,2023-02-22,ACTIVO
9395,Residencial,33XXXX96,947XXX421,cliente09395***@correo.com,15,2022-09-30,ACTIVO
9396,Residencial,40XXXX29,991XXX725,cliente09396***@correo.com,29,2022-11-11,ACTIVO
9397,Residencial,34XXXX02,954XXX078,cliente09397***@correo.com,13,2022-04-28,ACTIVO
9398,Residencial,52XXXX09,933XXX879,cliente09398***@correo.com,15,2018-03-02,ACTIVO
9399,Residencial,66XXXX41,968XXX070,cliente09399***@correo.com,22,2022-02-27,ACTIVO
9400,Comercial,85XXXX41,970XXX782,cliente09400***@correo.com,2,2022-01-14,ACTIVO
9401,Residencial,22XXXX18,972XXX662,cliente09401***@correo.com,38,2022-10-12,ACTIVO
9402,Comercial,65XXXX26,985XXX439,cliente09402***@correo.com,31,2023-06-14,ACTIVO
9403,Comercial,67XXXX14,977XXX614,cliente09403***@correo.com,38,2021-01-24,ACTIVO
9404,Residencial,55XXXX12,922XXX167,cliente09404***@correo.com,30,2019-05-25,ACTIVO
9405,Residencial,55XXXX31,914XXX570,cliente09405***@correo.com,9,2018-10-03,ACTIVO
9406,Residencial,38XXXX62,939XXX332,cliente09406***@correo.com,4,2021-01-23,ACTIVO
9407,Residencial,30XXXX28,944XXX755,cliente09407***@correo.com,30,2019-10-29,ACTIVO
9408,Residencial,50XXXX21,955XXX205,cliente09408***@correo.com,9,2023-05-29,ACTIVO
9409,Comercial,53XXXX74,907XXX190,cliente09409***@correo.com,38,2022-07-24,INACTIVO
9410,Residencial,78XXXX76,902XXX494,cliente09410***@correo.com,15,2020-06-21,ACTIVO
9411,Residencial,93XXXX63,919XXX530,cliente09411***@correo.com,15,2024-10-07,ACTIVO
9412,Residencial,89XXXX60,972XXX445,cliente09412***@correo.com,30,2019-09-27,ACTIVO
9413,Comercial,85XXXX47,912XXX962,cliente09413***@correo.com,25,2018-06-08,ACTIVO
9414,Residencial,65XXXX57,900XXX352,cliente09414***@correo.com,15,2020-10-28,ACTIVO
9415,Residencial,75XXXX86,961XXX555,cliente09415***@correo.com,7,2024-12-21,ACTIVO
9416,Residencial,39XXXX07,911XXX421,cliente09416***@correo.com,5,2021-05-14,ACTIVO
9417,Residencial,29XXXX64,956XXX720,cliente09417***@correo.com,7,2019-11-05,ACTIVO
9418,Residencial,81XXXX51,981XXX319,cliente09418***@correo.com,37,2023-02-15,ACTIVO
9419,Residencial,24XXXX06,940XXX349,cliente09419***@correo.com,15,2021-04-30,ACTIVO
9420,Residencial,53XXXX62,994XXX950,cliente09420***@correo.com,42,2024-11-13,ACTIVO
9421,Residencial,80XXXX76,982XXX735,cliente09421***@correo.com,39,2021-09-18,ACTIVO
9422,Residencial,23XXXX30,905XXX778,cliente09422***@correo.com,7,2022-09-13,ACTIVO
9423,Residencial,22XXXX41,939XXX861,cliente09423***@correo.com,15,2020-07-16,ACTIVO
9424,Industrial,37XXXX54,936XXX183,cliente09424***@correo.com,3,2021-04-28,ACTIVO
9425,Residencial,61XXXX48,927XXX781,cliente09425***@correo.com,9,2019-11-06,ACTIVO
9426,Residencial,37XXXX89,953XXX924,cliente09426***@correo.com,23,2023-07-17,ACTIVO
9427,Comercial,72XXXX80,965XXX507,cliente09427***@correo.com,34,2022-07-06,ACTIVO
9428,Residencial,97XXXX50,973XXX463,cliente09428***@correo.com,28,2023-08-26,ACTIVO
9429,Industrial,84XXXX92,998XXX393,cliente09429***@correo.com,19,2020-10-01,ACTIVO
9430,Comercial,55XXXX01,963XXX696,cliente09430***@correo.com,26,2020-12-26,ACTIVO
9431,Residencial,76XXXX73,936XXX112,cliente09431***@correo.com,16,2022-05-01,ACTIVO
9432,Residencial,39XXXX79,983XXX838,cliente09432***@correo.com,26,2022-06-16,ACTIVO
9433,Comercial,21XXXX30,993XXX648,cliente09433***@correo.com,28,2019-06-01,ACTIVO
9434,Residencial,51XXXX82,913XXX557,cliente09434***@correo.com,30,2020-01-17,ACTIVO
9435,Residencial,94XXXX20,908XXX556,cliente09435***@correo.com,28,2022-08-25,ACTIVO
9436,Residencial,72XXXX11,980XXX407,cliente09436***@correo.com,14,2024-03-25,ACTIVO
9437,Residencial,49XXXX51,946XXX655,cliente09437***@correo.com,7,2022-01-20,ACTIVO
9438,Residencial,23XXXX42,928XXX762,cliente09438***@correo.com,38,2019-08-26,ACTIVO
9439,Comercial,22XXXX83,998XXX099,cliente09439***@correo.com,28,2018-12-22,ACTIVO
9440,Residencial,36XXXX34,983XXX013,cliente09440***@correo.com,29,2024-05-22,ACTIVO
9441,Residencial,76XXXX76,970XXX592,cliente09441***@correo.com,15,2024-12-15,ACTIVO
9442,Residencial,65XXXX32,922XXX539,cliente09442***@correo.com,2,2024-10-18,ACTIVO
9443,Residencial,49XXXX32,974XXX457,cliente09443***@correo.com,15,2019-12-03,ACTIVO
9444,Residencial,83XXXX62,964XXX300,cliente09444***@correo.com,29,2023-11-28,INACTIVO
9445,Residencial,64XXXX21,926XXX870,cliente09445***@correo.com,3,2023-03-20,ACTIVO
9446,Residencial,23XXXX93,904XXX773,cliente09446***@correo.com,15,2018-10-14,ACTIVO
9447,Residencial,37XXXX80,926XXX074,cliente09447***@correo.com,31,2021-08-30,ACTIVO
9448,Residencial,38XXXX11,961XXX982,cliente09448***@correo.com,7,2024-11-01,ACTIVO
9449,Residencial,81XXXX72,923XXX867,cliente09449***@correo.com,3,2024-09-23,ACTIVO
9450,Residencial,71XXXX62,928XXX604,cliente09450***@correo.com,4,2018-06-13,ACTIVO
9451,Residencial,60XXXX26,964XXX689,cliente09451***@correo.com,43,2022-08-13,ACTIVO
9452,Residencial,56XXXX53,971XXX530,cliente09452***@correo.com,26,2024-09-07,ACTIVO
9453,Residencial,87XXXX12,980XXX406,cliente09453***@correo.com,8,2024-03-11,ACTIVO
9454,Residencial,16XXXX55,949XXX899,cliente09454***@correo.com,3,2020-01-03,ACTIVO
9455,Residencial,29XXXX81,952XXX006,cliente09455***@correo.com,7,2019-04-19,ACTIVO
9456,Residencial,68XXXX52,964XXX731,cliente09456***@correo.com,25,2024-06-27,ACTIVO
9457,Residencial,67XXXX43,975XXX035,cliente09457***@correo.com,7,2022-09-06,ACTIVO
9458,Residencial,43XXXX03,931XXX505,cliente09458***@correo.com,40,2018-09-13,ACTIVO
9459,Industrial,35XXXX74,924XXX108,cliente09459***@correo.com,15,2023-08-22,ACTIVO
9460,Residencial,95XXXX40,936XXX833,cliente09460***@correo.com,9,2022-12-05,ACTIVO
9461,Residencial,35XXXX57,980XXX069,cliente09461***@correo.com,42,2020-09-03,ACTIVO
9462,Residencial,73XXXX45,941XXX455,cliente09462***@correo.com,15,2018-12-18,ACTIVO
9463,Comercial,91XXXX65,904XXX537,cliente09463***@correo.com,3,2023-06-15,ACTIVO
9464,Comercial,21XXXX43,975XXX585,cliente09464***@correo.com,28,2019-12-11,ACTIVO
9465,Residencial,22XXXX89,949XXX456,cliente09465***@correo.com,4,2024-11-06,ACTIVO
9466,Alumbrado Público,67XXXX79,972XXX794,cliente09466***@correo.com,29,2024-01-08,ACTIVO
9467,Residencial,19XXXX69,912XXX886,cliente09467***@correo.com,14,2018-06-25,ACTIVO
9468,Residencial,12XXXX03,961XXX561,cliente09468***@correo.com,9,2023-06-19,ACTIVO
9469,Comercial,40XXXX59,943XXX594,cliente09469***@correo.com,29,2018-11-02,ACTIVO
9470,Residencial,11XXXX74,909XXX043,cliente09470***@correo.com,4,2018-04-01,ACTIVO
9471,Residencial,95XXXX14,918XXX936,cliente09471***@correo.com,3,2020-06-09,ACTIVO
9472,Residencial,26XXXX37,976XXX103,cliente09472***@correo.com,39,2020-07-10,ACTIVO
9473,Comercial,44XXXX40,909XXX892,cliente09473***@correo.com,3,2024-12-11,ACTIVO
9474,Comercial,49XXXX17,967XXX385,cliente09474***@correo.com,29,2023-10-12,SUSPENDIDO
9475,Residencial,44XXXX93,901XXX783,cliente09475***@correo.com,4,2021-04-16,INACTIVO
9476,Residencial,75XXXX87,949XXX889,cliente09476***@correo.com,41,2019-04-24,ACTIVO
9477,Residencial,58XXXX42,922XXX842,cliente09477***@correo.com,37,2024-04-07,ACTIVO
9478,Residencial,88XXXX68,977XXX569,cliente09478***@correo.com,28,2023-05-08,ACTIVO
9479,Residencial,86XXXX23,972XXX930,cliente09479***@correo.com,9,2022-06-15,ACTIVO
9480,Residencial,56XXXX19,961XXX104,cliente09480***@correo.com,9,2024-12-17,ACTIVO
9481,Residencial,25XXXX35,927XXX683,cliente09481***@correo.com,19,2022-01-28,ACTIVO
9482,Comercial,22XXXX64,959XXX959,cliente09482***@correo.com,43,2021-08-28,ACTIVO
9483,Residencial,75XXXX32,903XXX863,cliente09483***@correo.com,22,2018-02-26,ACTIVO
9484,Residencial,52XXXX71,904XXX539,cliente09484***@correo.com,30,2022-06-22,ACTIVO
9485,Residencial,44XXXX81,963XXX865,cliente09485***@correo.com,5,2022-11-18,ACTIVO
9486,Residencial,39XXXX96,975XXX228,cliente09486***@correo.com,16,2018-03-29,ACTIVO
9487,Residencial,15XXXX66,930XXX119,cliente09487***@correo.com,15,2019-04-05,ACTIVO
9488,Residencial,39XXXX69,901XXX446,cliente09488***@correo.com,39,2022-06-26,ACTIVO
9489,Gobierno,16XXXX56,919XXX624,cliente09489***@correo.com,38,2021-05-09,ACTIVO
9490,Residencial,21XXXX62,937XXX493,cliente09490***@correo.com,20,2018-09-07,ACTIVO
9491,Residencial,73XXXX02,923XXX573,cliente09491***@correo.com,4,2020-05-03,ACTIVO
9492,Residencial,37XXXX62,970XXX621,cliente09492***@correo.com,5,2018-03-30,ACTIVO
9493,Residencial,61XXXX02,901XXX606,cliente09493***@correo.com,30,2020-04-05,ACTIVO
9494,Residencial,82XXXX87,974XXX222,cliente09494***@correo.com,5,2021-07-09,ACTIVO
9495,Residencial,91XXXX04,922XXX396,cliente09495***@correo.com,30,2022-12-27,ACTIVO
9496,Residencial,64XXXX26,972XXX215,cliente09496***@correo.com,15,2018-05-02,INACTIVO
9497,Residencial,47XXXX48,982XXX927,cliente09497***@correo.com,9,2021-06-19,ACTIVO
9498,Residencial,17XXXX04,909XXX890,cliente09498***@correo.com,4,2020-08-01,ACTIVO
9499,Residencial,75XXXX87,958XXX800,cliente09499***@correo.com,15,2018-05-04,ACTIVO
9500,Residencial,43XXXX71,973XXX810,cliente09500***@correo.com,15,2022-01-14,ACTIVO
9501,Residencial,11XXXX08,932XXX285,cliente09501***@correo.com,7,2024-06-10,ACTIVO
9502,Residencial,41XXXX07,945XXX142,cliente09502***@correo.com,9,2019-05-11,ACTIVO
9503,Residencial,49XXXX20,958XXX971,cliente09503***@correo.com,28,2023-09-28,ACTIVO
9504,Comercial,97XXXX20,957XXX398,cliente09504***@correo.com,15,2022-11-04,ACTIVO
9505,Comercial,13XXXX26,971XXX361,cliente09505***@correo.com,29,2020-11-06,ACTIVO
9506,Residencial,33XXXX08,998XXX167,cliente09506***@correo.com,23,2022-03-13,INACTIVO
9507,Residencial,35XXXX02,921XXX667,cliente09507***@correo.com,3,2022-11-07,ACTIVO
9508,Residencial,48XXXX50,970XXX268,cliente09508***@correo.com,7,2019-11-27,INACTIVO
9509,Gobierno,98XXXX20,962XXX813,cliente09509***@correo.com,17,2024-10-10,ACTIVO
9510,Residencial,13XXXX51,973XXX304,cliente09510***@correo.com,23,2020-09-12,ACTIVO
9511,Residencial,41XXXX58,967XXX896,cliente09511***@correo.com,28,2022-08-12,ACTIVO
9512,Comercial,76XXXX81,970XXX795,cliente09512***@correo.com,15,2023-09-18,ACTIVO
9513,Residencial,44XXXX02,998XXX112,cliente09513***@correo.com,3,2020-12-02,ACTIVO
9514,Residencial,13XXXX50,979XXX376,cliente09514***@correo.com,9,2018-05-10,ACTIVO
9515,Residencial,62XXXX08,963XXX301,cliente09515***@correo.com,30,2020-09-08,ACTIVO
9516,Residencial,72XXXX53,945XXX508,cliente09516***@correo.com,15,2019-01-24,ACTIVO
9517,Residencial,48XXXX23,907XXX824,cliente09517***@correo.com,3,2019-10-19,ACTIVO
9518,Industrial,31XXXX59,994XXX864,cliente09518***@correo.com,7,2024-03-20,ACTIVO
9519,Residencial,13XXXX56,928XXX447,cliente09519***@correo.com,38,2023-01-27,ACTIVO
9520,Residencial,49XXXX34,991XXX925,cliente09520***@correo.com,43,2018-04-21,ACTIVO
9521,Residencial,14XXXX27,964XXX625,cliente09521***@correo.com,7,2020-10-31,ACTIVO
9522,Residencial,66XXXX44,989XXX342,cliente09522***@correo.com,17,2023-08-04,ACTIVO
9523,Residencial,52XXXX03,967XXX604,cliente09523***@correo.com,9,2018-10-23,ACTIVO
9524,Residencial,40XXXX33,991XXX443,cliente09524***@correo.com,9,2018-03-29,ACTIVO
9525,Residencial,55XXXX00,905XXX830,cliente09525***@correo.com,7,2020-06-10,ACTIVO
9526,Residencial,81XXXX02,906XXX344,cliente09526***@correo.com,28,2021-09-02,ACTIVO
9527,Residencial,42XXXX94,906XXX189,cliente09527***@correo.com,5,2018-10-30,ACTIVO
9528,Residencial,92XXXX26,997XXX385,cliente09528***@correo.com,26,2018-08-22,ACTIVO
9529,Industrial,96XXXX29,939XXX791,cliente09529***@correo.com,28,2022-12-12,ACTIVO
9530,Residencial,27XXXX32,979XXX408,cliente09530***@correo.com,29,2024-05-03,ACTIVO
9531,Residencial,96XXXX69,968XXX692,cliente09531***@correo.com,40,2021-08-08,ACTIVO
9532,Residencial,12XXXX98,966XXX637,cliente09532***@correo.com,9,2023-08-27,ACTIVO
9533,Gobierno,85XXXX19,961XXX212,cliente09533***@correo.com,3,2023-12-04,ACTIVO
9534,Comercial,57XXXX97,951XXX478,cliente09534***@correo.com,28,2020-09-24,ACTIVO
9535,Residencial,52XXXX54,904XXX045,cliente09535***@correo.com,15,2018-10-20,ACTIVO
9536,Comercial,41XXXX01,945XXX145,cliente09536***@correo.com,13,2023-06-01,ACTIVO
9537,Residencial,65XXXX75,992XXX341,cliente09537***@correo.com,4,2019-12-23,ACTIVO
9538,Residencial,63XXXX12,921XXX519,cliente09538***@correo.com,42,2024-10-23,ACTIVO
9539,Residencial,96XXXX43,981XXX313,cliente09539***@correo.com,15,2022-10-26,ACTIVO
9540,Residencial,29XXXX77,909XXX511,cliente09540***@correo.com,3,2020-07-12,ACTIVO
9541,Residencial,57XXXX69,957XXX519,cliente09541***@correo.com,28,2021-09-22,ACTIVO
9542,Residencial,52XXXX12,902XXX048,cliente09542***@correo.com,26,2020-10-06,ACTIVO
9543,Residencial,10XXXX53,908XXX276,cliente09543***@correo.com,29,2021-03-05,ACTIVO
9544,Residencial,27XXXX87,979XXX198,cliente09544***@correo.com,7,2022-10-06,ACTIVO
9545,Residencial,38XXXX28,930XXX391,cliente09545***@correo.com,5,2021-07-10,ACTIVO
9546,Residencial,31XXXX82,990XXX241,cliente09546***@correo.com,13,2021-09-20,ACTIVO
9547,Residencial,29XXXX10,900XXX756,cliente09547***@correo.com,30,2021-08-08,ACTIVO
9548,Residencial,28XXXX79,931XXX041,cliente09548***@correo.com,15,2021-07-31,ACTIVO
9549,Residencial,13XXXX46,966XXX405,cliente09549***@correo.com,7,2024-10-05,ACTIVO
9550,Residencial,86XXXX62,902XXX889,cliente09550***@correo.com,39,2023-01-09,ACTIVO
9551,Comercial,77XXXX32,989XXX944,cliente09551***@correo.com,15,2020-08-08,ACTIVO
9552,Residencial,37XXXX03,907XXX747,cliente09552***@correo.com,7,2020-05-12,ACTIVO
9553,Comercial,96XXXX49,980XXX712,cliente09553***@correo.com,15,2018-10-24,ACTIVO
9554,Residencial,11XXXX38,987XXX940,cliente09554***@correo.com,1,2019-08-22,ACTIVO
9555,Residencial,68XXXX70,920XXX134,cliente09555***@correo.com,30,2021-08-05,ACTIVO
9556,Residencial,82XXXX35,986XXX796,cliente09556***@correo.com,5,2022-01-22,ACTIVO
9557,Comercial,80XXXX81,945XXX119,cliente09557***@correo.com,15,2024-11-04,ACTIVO
9558,Residencial,75XXXX62,914XXX283,cliente09558***@correo.com,9,2018-05-18,ACTIVO
9559,Residencial,23XXXX41,925XXX364,cliente09559***@correo.com,14,2019-11-21,ACTIVO
9560,Residencial,29XXXX71,973XXX606,cliente09560***@correo.com,15,2022-01-12,ACTIVO
9561,Residencial,85XXXX38,999XXX407,cliente09561***@correo.com,10,2021-11-10,ACTIVO
9562,Residencial,42XXXX96,960XXX986,cliente09562***@correo.com,7,2021-09-30,ACTIVO
9563,Residencial,97XXXX85,925XXX131,cliente09563***@correo.com,38,2018-05-30,ACTIVO
9564,Residencial,98XXXX15,937XXX780,cliente09564***@correo.com,43,2020-09-27,ACTIVO
9565,Residencial,34XXXX66,993XXX860,cliente09565***@correo.com,43,2022-01-31,ACTIVO
9566,Residencial,65XXXX37,914XXX829,cliente09566***@correo.com,43,2019-11-09,ACTIVO
9567,Residencial,36XXXX96,909XXX839,cliente09567***@correo.com,7,2022-06-27,ACTIVO
9568,Residencial,38XXXX43,935XXX084,cliente09568***@correo.com,15,2019-12-10,ACTIVO
9569,Residencial,79XXXX48,963XXX790,cliente09569***@correo.com,15,2024-01-06,ACTIVO
9570,Residencial,76XXXX50,948XXX649,cliente09570***@correo.com,38,2018-12-08,ACTIVO
9571,Residencial,86XXXX57,914XXX382,cliente09571***@correo.com,33,2019-05-21,ACTIVO
9572,Comercial,74XXXX09,918XXX003,cliente09572***@correo.com,14,2024-04-06,ACTIVO
9573,Residencial,97XXXX48,931XXX299,cliente09573***@correo.com,43,2024-12-20,ACTIVO
9574,Residencial,86XXXX41,970XXX392,cliente09574***@correo.com,15,2020-08-18,ACTIVO
9575,Residencial,50XXXX70,994XXX991,cliente09575***@correo.com,15,2019-02-07,ACTIVO
9576,Residencial,95XXXX05,916XXX589,cliente09576***@correo.com,29,2022-06-26,ACTIVO
9577,Residencial,41XXXX33,993XXX421,cliente09577***@correo.com,19,2021-09-27,ACTIVO
9578,Residencial,51XXXX81,948XXX192,cliente09578***@correo.com,22,2018-06-13,ACTIVO
9579,Residencial,77XXXX09,931XXX226,cliente09579***@correo.com,7,2019-09-06,ACTIVO
9580,Residencial,81XXXX41,911XXX309,cliente09580***@correo.com,36,2023-09-24,INACTIVO
9581,Residencial,48XXXX97,980XXX986,cliente09581***@correo.com,24,2024-06-09,ACTIVO
9582,Residencial,75XXXX95,982XXX256,cliente09582***@correo.com,9,2022-07-11,ACTIVO
9583,Residencial,74XXXX92,900XXX405,cliente09583***@correo.com,43,2021-02-19,INACTIVO
9584,Residencial,33XXXX50,917XXX599,cliente09584***@correo.com,7,2021-05-14,ACTIVO
9585,Residencial,40XXXX66,910XXX372,cliente09585***@correo.com,5,2022-10-28,ACTIVO
9586,Residencial,43XXXX98,916XXX290,cliente09586***@correo.com,40,2021-05-25,ACTIVO
9587,Gobierno,55XXXX79,999XXX698,cliente09587***@correo.com,15,2023-04-14,ACTIVO
9588,Residencial,83XXXX75,957XXX264,cliente09588***@correo.com,29,2018-12-14,ACTIVO
9589,Residencial,32XXXX19,942XXX308,cliente09589***@correo.com,28,2024-08-24,ACTIVO
9590,Comercial,85XXXX82,983XXX723,cliente09590***@correo.com,15,2018-11-03,ACTIVO
9591,Residencial,54XXXX27,900XXX803,cliente09591***@correo.com,39,2024-01-23,ACTIVO
9592,Residencial,36XXXX09,943XXX144,cliente09592***@correo.com,8,2024-10-31,ACTIVO
9593,Residencial,86XXXX23,967XXX601,cliente09593***@correo.com,15,2019-08-15,ACTIVO
9594,Residencial,80XXXX61,935XXX521,cliente09594***@correo.com,8,2018-04-22,ACTIVO
9595,Residencial,59XXXX20,950XXX823,cliente09595***@correo.com,26,2019-05-25,ACTIVO
9596,Residencial,79XXXX34,974XXX243,cliente09596***@correo.com,29,2023-05-07,ACTIVO
9597,Residencial,98XXXX41,928XXX864,cliente09597***@correo.com,39,2018-11-12,ACTIVO
9598,Residencial,84XXXX21,973XXX058,cliente09598***@correo.com,7,2021-04-30,ACTIVO
9599,Comercial,13XXXX78,985XXX544,cliente09599***@correo.com,31,2023-12-31,ACTIVO
9600,Residencial,74XXXX04,995XXX025,cliente09600***@correo.com,3,2021-06-02,ACTIVO
9601,Residencial,82XXXX06,921XXX075,cliente09601***@correo.com,3,2022-07-25,ACTIVO
9602,Residencial,87XXXX64,985XXX631,cliente09602***@correo.com,7,2018-07-04,ACTIVO
9603,Residencial,67XXXX56,978XXX969,cliente09603***@correo.com,27,2019-02-22,ACTIVO
9604,Residencial,88XXXX64,938XXX347,cliente09604***@correo.com,30,2023-09-16,ACTIVO
9605,Residencial,49XXXX07,988XXX073,cliente09605***@correo.com,4,2023-12-13,ACTIVO
9606,Residencial,77XXXX16,985XXX836,cliente09606***@correo.com,38,2021-07-21,ACTIVO
9607,Residencial,43XXXX89,938XXX718,cliente09607***@correo.com,19,2022-02-04,ACTIVO
9608,Residencial,67XXXX27,991XXX043,cliente09608***@correo.com,4,2022-03-26,ACTIVO
9609,Residencial,94XXXX26,981XXX653,cliente09609***@correo.com,3,2021-07-10,ACTIVO
9610,Residencial,20XXXX91,943XXX345,cliente09610***@correo.com,28,2020-02-24,ACTIVO
9611,Residencial,28XXXX39,925XXX172,cliente09611***@correo.com,26,2022-09-29,ACTIVO
9612,Residencial,41XXXX17,931XXX177,cliente09612***@correo.com,31,2018-06-29,ACTIVO
9613,Residencial,76XXXX38,931XXX090,cliente09613***@correo.com,5,2024-09-25,ACTIVO
9614,Residencial,75XXXX06,935XXX737,cliente09614***@correo.com,40,2024-11-20,ACTIVO
9615,Residencial,10XXXX88,972XXX025,cliente09615***@correo.com,38,2019-04-18,ACTIVO
9616,Residencial,80XXXX62,959XXX943,cliente09616***@correo.com,7,2020-12-31,ACTIVO
9617,Residencial,88XXXX91,986XXX176,cliente09617***@correo.com,4,2023-09-23,ACTIVO
9618,Residencial,34XXXX20,977XXX351,cliente09618***@correo.com,15,2023-01-13,ACTIVO
9619,Residencial,37XXXX04,906XXX423,cliente09619***@correo.com,20,2020-11-21,ACTIVO
9620,Residencial,53XXXX02,912XXX987,cliente09620***@correo.com,13,2018-02-18,ACTIVO
9621,Residencial,51XXXX29,998XXX201,cliente09621***@correo.com,6,2020-12-17,ACTIVO
9622,Residencial,18XXXX08,909XXX005,cliente09622***@correo.com,5,2023-03-21,ACTIVO
9623,Residencial,53XXXX66,918XXX187,cliente09623***@correo.com,34,2022-09-03,ACTIVO
9624,Residencial,22XXXX36,963XXX748,cliente09624***@correo.com,7,2024-11-16,ACTIVO
9625,Residencial,99XXXX86,970XXX846,cliente09625***@correo.com,15,2018-07-07,ACTIVO
9626,Residencial,95XXXX35,990XXX557,cliente09626***@correo.com,43,2018-06-13,ACTIVO
9627,Residencial,94XXXX99,925XXX215,cliente09627***@correo.com,43,2018-05-31,ACTIVO
9628,Residencial,67XXXX29,957XXX547,cliente09628***@correo.com,35,2022-08-17,ACTIVO
9629,Residencial,15XXXX87,912XXX568,cliente09629***@correo.com,7,2019-11-27,ACTIVO
9630,Comercial,32XXXX18,979XXX833,cliente09630***@correo.com,13,2018-02-21,ACTIVO
9631,Residencial,10XXXX73,933XXX263,cliente09631***@correo.com,26,2019-03-14,ACTIVO
9632,Residencial,86XXXX26,972XXX349,cliente09632***@correo.com,19,2018-04-07,ACTIVO
9633,Residencial,98XXXX36,949XXX156,cliente09633***@correo.com,39,2021-04-24,ACTIVO
9634,Residencial,48XXXX31,907XXX873,cliente09634***@correo.com,9,2022-11-12,ACTIVO
9635,Comercial,41XXXX46,951XXX212,cliente09635***@correo.com,43,2021-12-17,ACTIVO
9636,Residencial,53XXXX93,955XXX009,cliente09636***@correo.com,15,2023-05-10,ACTIVO
9637,Residencial,61XXXX61,901XXX146,cliente09637***@correo.com,26,2024-01-09,ACTIVO
9638,Residencial,19XXXX02,991XXX920,cliente09638***@correo.com,23,2021-09-20,ACTIVO
9639,Residencial,99XXXX73,996XXX087,cliente09639***@correo.com,15,2021-01-14,ACTIVO
9640,Residencial,32XXXX66,933XXX664,cliente09640***@correo.com,5,2020-03-28,ACTIVO
9641,Residencial,11XXXX29,939XXX410,cliente09641***@correo.com,15,2019-11-05,ACTIVO
9642,Residencial,60XXXX52,949XXX157,cliente09642***@correo.com,25,2023-04-16,ACTIVO
9643,Residencial,29XXXX73,902XXX451,cliente09643***@correo.com,9,2022-09-22,ACTIVO
9644,Residencial,52XXXX93,906XXX841,cliente09644***@correo.com,39,2020-05-01,ACTIVO
9645,Residencial,63XXXX58,932XXX705,cliente09645***@correo.com,39,2021-04-19,ACTIVO
9646,Residencial,54XXXX11,964XXX502,cliente09646***@correo.com,7,2019-11-02,ACTIVO
9647,Residencial,32XXXX51,969XXX149,cliente09647***@correo.com,20,2019-11-06,ACTIVO
9648,Residencial,46XXXX04,961XXX845,cliente09648***@correo.com,9,2023-10-14,ACTIVO
9649,Residencial,62XXXX73,910XXX051,cliente09649***@correo.com,19,2024-02-17,ACTIVO
9650,Residencial,68XXXX88,921XXX688,cliente09650***@correo.com,3,2020-07-11,ACTIVO
9651,Residencial,16XXXX07,975XXX381,cliente09651***@correo.com,40,2019-05-15,ACTIVO
9652,Residencial,79XXXX41,984XXX077,cliente09652***@correo.com,20,2023-07-26,ACTIVO
9653,Residencial,61XXXX78,989XXX212,cliente09653***@correo.com,15,2018-09-11,ACTIVO
9654,Residencial,17XXXX04,959XXX410,cliente09654***@correo.com,9,2023-11-02,ACTIVO
9655,Residencial,94XXXX76,929XXX518,cliente09655***@correo.com,23,2024-09-01,ACTIVO
9656,Residencial,57XXXX38,923XXX660,cliente09656***@correo.com,20,2020-06-11,ACTIVO
9657,Residencial,84XXXX29,971XXX171,cliente09657***@correo.com,1,2020-03-01,ACTIVO
9658,Residencial,22XXXX15,948XXX033,cliente09658***@correo.com,28,2024-01-19,ACTIVO
9659,Residencial,79XXXX82,931XXX393,cliente09659***@correo.com,19,2018-04-17,ACTIVO
9660,Residencial,84XXXX91,995XXX475,cliente09660***@correo.com,7,2018-03-06,ACTIVO
9661,Comercial,99XXXX38,958XXX939,cliente09661***@correo.com,42,2024-12-22,ACTIVO
9662,Residencial,88XXXX22,986XXX585,cliente09662***@correo.com,29,2023-07-06,ACTIVO
9663,Residencial,87XXXX48,946XXX682,cliente09663***@correo.com,32,2020-10-18,ACTIVO
9664,Comercial,21XXXX73,944XXX758,cliente09664***@correo.com,38,2019-02-10,ACTIVO
9665,Residencial,67XXXX97,959XXX173,cliente09665***@correo.com,11,2020-12-26,ACTIVO
9666,Residencial,76XXXX69,949XXX005,cliente09666***@correo.com,39,2020-04-28,ACTIVO
9667,Comercial,91XXXX69,934XXX341,cliente09667***@correo.com,15,2024-10-23,ACTIVO
9668,Industrial,64XXXX73,914XXX961,cliente09668***@correo.com,3,2023-05-05,ACTIVO
9669,Residencial,74XXXX16,914XXX442,cliente09669***@correo.com,29,2023-06-25,ACTIVO
9670,Residencial,72XXXX29,942XXX636,cliente09670***@correo.com,28,2021-04-28,ACTIVO
9671,Residencial,12XXXX21,973XXX925,cliente09671***@correo.com,26,2023-11-11,ACTIVO
9672,Residencial,49XXXX16,906XXX431,cliente09672***@correo.com,37,2019-07-30,ACTIVO
9673,Alumbrado Público,93XXXX81,956XXX843,cliente09673***@correo.com,29,2024-02-16,ACTIVO
9674,Industrial,95XXXX59,986XXX953,cliente09674***@correo.com,4,2023-09-15,ACTIVO
9675,Residencial,48XXXX23,912XXX819,cliente09675***@correo.com,30,2022-04-09,ACTIVO
9676,Residencial,58XXXX89,931XXX423,cliente09676***@correo.com,26,2024-04-18,ACTIVO
9677,Residencial,53XXXX77,965XXX688,cliente09677***@correo.com,15,2024-01-31,ACTIVO
9678,Residencial,15XXXX07,978XXX536,cliente09678***@correo.com,18,2024-04-17,ACTIVO
9679,Residencial,86XXXX43,900XXX426,cliente09679***@correo.com,29,2020-03-07,ACTIVO
9680,Residencial,87XXXX67,945XXX073,cliente09680***@correo.com,7,2020-05-30,ACTIVO
9681,Residencial,90XXXX09,982XXX748,cliente09681***@correo.com,11,2021-10-05,ACTIVO
9682,Alumbrado Público,43XXXX03,946XXX169,cliente09682***@correo.com,5,2023-08-17,ACTIVO
9683,Residencial,32XXXX79,914XXX255,cliente09683***@correo.com,30,2021-08-04,ACTIVO
9684,Residencial,67XXXX67,948XXX356,cliente09684***@correo.com,15,2022-02-14,ACTIVO
9685,Comercial,86XXXX44,997XXX561,cliente09685***@correo.com,34,2019-08-24,ACTIVO
9686,Residencial,57XXXX77,991XXX515,cliente09686***@correo.com,11,2022-09-01,ACTIVO
9687,Alumbrado Público,31XXXX24,969XXX470,cliente09687***@correo.com,26,2022-03-29,ACTIVO
9688,Residencial,52XXXX24,959XXX091,cliente09688***@correo.com,15,2024-07-07,ACTIVO
9689,Residencial,69XXXX26,984XXX872,cliente09689***@correo.com,7,2021-11-24,ACTIVO
9690,Residencial,52XXXX26,980XXX160,cliente09690***@correo.com,1,2023-03-31,ACTIVO
9691,Comercial,57XXXX98,921XXX744,cliente09691***@correo.com,14,2019-03-17,ACTIVO
9692,Residencial,94XXXX71,914XXX562,cliente09692***@correo.com,7,2021-10-11,ACTIVO
9693,Residencial,17XXXX55,990XXX360,cliente09693***@correo.com,5,2021-04-08,ACTIVO
9694,Alumbrado Público,64XXXX27,937XXX440,cliente09694***@correo.com,8,2019-04-11,ACTIVO
9695,Residencial,23XXXX41,938XXX245,cliente09695***@correo.com,43,2023-11-21,ACTIVO
9696,Residencial,45XXXX04,925XXX445,cliente09696***@correo.com,43,2020-11-30,ACTIVO
9697,Residencial,57XXXX65,916XXX977,cliente09697***@correo.com,15,2018-06-01,ACTIVO
9698,Residencial,25XXXX65,971XXX338,cliente09698***@correo.com,26,2019-07-03,ACTIVO
9699,Residencial,68XXXX31,902XXX695,cliente09699***@correo.com,29,2019-05-03,ACTIVO
9700,Residencial,23XXXX72,950XXX158,cliente09700***@correo.com,15,2022-03-08,ACTIVO
9701,Residencial,41XXXX39,995XXX330,cliente09701***@correo.com,5,2023-07-16,ACTIVO
9702,Residencial,34XXXX15,956XXX790,cliente09702***@correo.com,31,2020-02-25,ACTIVO
9703,Residencial,16XXXX36,943XXX715,cliente09703***@correo.com,4,2019-08-09,ACTIVO
9704,Residencial,82XXXX21,940XXX110,cliente09704***@correo.com,7,2022-09-12,ACTIVO
9705,Residencial,31XXXX96,938XXX125,cliente09705***@correo.com,9,2022-03-16,ACTIVO
9706,Residencial,97XXXX68,980XXX582,cliente09706***@correo.com,28,2018-09-25,ACTIVO
9707,Residencial,47XXXX83,997XXX146,cliente09707***@correo.com,4,2024-08-10,ACTIVO
9708,Residencial,94XXXX03,968XXX148,cliente09708***@correo.com,31,2018-07-18,ACTIVO
9709,Residencial,92XXXX73,919XXX939,cliente09709***@correo.com,29,2020-07-29,ACTIVO
9710,Residencial,71XXXX64,910XXX356,cliente09710***@correo.com,9,2018-05-14,ACTIVO
9711,Residencial,93XXXX75,968XXX642,cliente09711***@correo.com,34,2020-04-18,ACTIVO
9712,Residencial,25XXXX78,947XXX200,cliente09712***@correo.com,30,2019-05-26,ACTIVO
9713,Residencial,52XXXX03,969XXX368,cliente09713***@correo.com,22,2021-12-22,ACTIVO
9714,Residencial,92XXXX79,920XXX101,cliente09714***@correo.com,24,2021-04-16,ACTIVO
9715,Residencial,89XXXX35,954XXX936,cliente09715***@correo.com,15,2023-08-01,ACTIVO
9716,Residencial,64XXXX63,955XXX479,cliente09716***@correo.com,29,2021-10-08,ACTIVO
9717,Residencial,77XXXX32,965XXX492,cliente09717***@correo.com,26,2020-08-06,ACTIVO
9718,Residencial,90XXXX38,926XXX185,cliente09718***@correo.com,32,2019-06-06,ACTIVO
9719,Residencial,63XXXX39,928XXX148,cliente09719***@correo.com,40,2022-05-22,ACTIVO
9720,Residencial,60XXXX59,957XXX939,cliente09720***@correo.com,3,2022-12-21,ACTIVO
9721,Residencial,62XXXX01,973XXX273,cliente09721***@correo.com,9,2018-12-29,INACTIVO
9722,Residencial,10XXXX50,901XXX965,cliente09722***@correo.com,15,2019-11-19,ACTIVO
9723,Residencial,51XXXX08,971XXX272,cliente09723***@correo.com,7,2023-01-03,ACTIVO
9724,Residencial,47XXXX58,936XXX827,cliente09724***@correo.com,7,2021-12-17,ACTIVO
9725,Residencial,61XXXX06,903XXX348,cliente09725***@correo.com,17,2018-01-31,ACTIVO
9726,Residencial,91XXXX27,919XXX210,cliente09726***@correo.com,32,2018-04-30,ACTIVO
9727,Residencial,17XXXX97,983XXX100,cliente09727***@correo.com,4,2020-08-20,ACTIVO
9728,Comercial,85XXXX22,960XXX914,cliente09728***@correo.com,15,2019-07-14,ACTIVO
9729,Residencial,55XXXX91,963XXX925,cliente09729***@correo.com,15,2019-02-10,ACTIVO
9730,Residencial,22XXXX85,904XXX620,cliente09730***@correo.com,39,2024-08-29,ACTIVO
9731,Residencial,10XXXX64,964XXX351,cliente09731***@correo.com,23,2019-10-15,ACTIVO
9732,Residencial,51XXXX56,951XXX313,cliente09732***@correo.com,26,2020-09-02,ACTIVO
9733,Residencial,64XXXX88,946XXX937,cliente09733***@correo.com,28,2019-11-28,ACTIVO
9734,Residencial,70XXXX57,961XXX065,cliente09734***@correo.com,5,2020-02-04,ACTIVO
9735,Residencial,15XXXX75,958XXX761,cliente09735***@correo.com,15,2024-01-08,ACTIVO
9736,Residencial,62XXXX10,945XXX525,cliente09736***@correo.com,7,2021-06-13,ACTIVO
9737,Residencial,83XXXX55,902XXX316,cliente09737***@correo.com,15,2022-07-12,ACTIVO
9738,Comercial,60XXXX09,960XXX646,cliente09738***@correo.com,19,2023-06-25,ACTIVO
9739,Residencial,40XXXX47,961XXX906,cliente09739***@correo.com,13,2024-12-20,ACTIVO
9740,Residencial,20XXXX89,973XXX636,cliente09740***@correo.com,7,2019-02-20,ACTIVO
9741,Residencial,17XXXX66,984XXX954,cliente09741***@correo.com,3,2022-11-23,ACTIVO
9742,Comercial,10XXXX38,945XXX311,cliente09742***@correo.com,15,2019-05-12,ACTIVO
9743,Residencial,17XXXX74,939XXX728,cliente09743***@correo.com,39,2021-09-24,ACTIVO
9744,Residencial,14XXXX23,969XXX323,cliente09744***@correo.com,38,2021-10-19,ACTIVO
9745,Residencial,36XXXX58,920XXX008,cliente09745***@correo.com,28,2020-04-30,ACTIVO
9746,Residencial,17XXXX04,984XXX145,cliente09746***@correo.com,11,2018-10-23,ACTIVO
9747,Residencial,59XXXX59,977XXX383,cliente09747***@correo.com,14,2019-04-15,ACTIVO
9748,Residencial,32XXXX91,991XXX050,cliente09748***@correo.com,9,2020-05-07,ACTIVO
9749,Residencial,15XXXX41,939XXX788,cliente09749***@correo.com,43,2019-03-07,ACTIVO
9750,Residencial,83XXXX18,975XXX870,cliente09750***@correo.com,5,2024-05-16,ACTIVO
9751,Comercial,65XXXX26,937XXX862,cliente09751***@correo.com,15,2023-04-06,ACTIVO
9752,Residencial,48XXXX09,950XXX682,cliente09752***@correo.com,43,2019-01-18,ACTIVO
9753,Comercial,97XXXX32,931XXX455,cliente09753***@correo.com,30,2023-10-10,ACTIVO
9754,Residencial,87XXXX33,971XXX645,cliente09754***@correo.com,17,2021-12-19,ACTIVO
9755,Residencial,82XXXX70,923XXX314,cliente09755***@correo.com,8,2021-03-15,ACTIVO
9756,Residencial,30XXXX28,919XXX393,cliente09756***@correo.com,4,2018-12-10,ACTIVO
9757,Residencial,29XXXX17,993XXX157,cliente09757***@correo.com,16,2024-04-13,ACTIVO
9758,Residencial,89XXXX03,984XXX937,cliente09758***@correo.com,7,2018-06-09,ACTIVO
9759,Residencial,10XXXX84,920XXX848,cliente09759***@correo.com,26,2018-08-19,ACTIVO
9760,Residencial,44XXXX88,968XXX298,cliente09760***@correo.com,12,2023-06-12,ACTIVO
9761,Comercial,45XXXX47,971XXX549,cliente09761***@correo.com,12,2018-08-18,INACTIVO
9762,Residencial,78XXXX70,968XXX222,cliente09762***@correo.com,13,2023-03-12,ACTIVO
9763,Residencial,35XXXX75,923XXX165,cliente09763***@correo.com,28,2018-08-17,ACTIVO
9764,Residencial,48XXXX16,944XXX310,cliente09764***@correo.com,16,2019-11-16,ACTIVO
9765,Comercial,22XXXX56,969XXX697,cliente09765***@correo.com,43,2023-05-04,ACTIVO
9766,Comercial,21XXXX81,918XXX503,cliente09766***@correo.com,9,2023-10-29,ACTIVO
9767,Residencial,81XXXX50,909XXX941,cliente09767***@correo.com,3,2021-03-03,ACTIVO
9768,Comercial,61XXXX77,904XXX513,cliente09768***@correo.com,15,2024-03-11,ACTIVO
9769,Residencial,24XXXX11,923XXX413,cliente09769***@correo.com,20,2019-10-08,ACTIVO
9770,Residencial,52XXXX22,927XXX763,cliente09770***@correo.com,30,2020-01-21,ACTIVO
9771,Residencial,76XXXX00,970XXX450,cliente09771***@correo.com,14,2019-07-15,ACTIVO
9772,Gobierno,24XXXX35,931XXX664,cliente09772***@correo.com,28,2021-01-05,ACTIVO
9773,Residencial,87XXXX55,918XXX444,cliente09773***@correo.com,5,2023-03-09,ACTIVO
9774,Comercial,44XXXX94,953XXX732,cliente09774***@correo.com,16,2023-04-22,ACTIVO
9775,Gobierno,59XXXX56,944XXX334,cliente09775***@correo.com,15,2020-09-26,ACTIVO
9776,Industrial,61XXXX66,989XXX770,cliente09776***@correo.com,15,2020-09-02,ACTIVO
9777,Residencial,86XXXX82,999XXX416,cliente09777***@correo.com,43,2018-03-01,ACTIVO
9778,Residencial,74XXXX69,920XXX908,cliente09778***@correo.com,36,2022-10-09,ACTIVO
9779,Residencial,89XXXX47,923XXX149,cliente09779***@correo.com,29,2019-02-09,ACTIVO
9780,Residencial,82XXXX23,938XXX226,cliente09780***@correo.com,40,2022-10-21,ACTIVO
9781,Residencial,70XXXX32,992XXX201,cliente09781***@correo.com,27,2021-01-29,ACTIVO
9782,Residencial,72XXXX26,953XXX481,cliente09782***@correo.com,4,2018-02-10,ACTIVO
9783,Residencial,72XXXX75,922XXX163,cliente09783***@correo.com,28,2023-06-17,ACTIVO
9784,Residencial,51XXXX56,986XXX375,cliente09784***@correo.com,5,2022-02-20,ACTIVO
9785,Residencial,41XXXX52,976XXX691,cliente09785***@correo.com,15,2018-02-15,ACTIVO
9786,Residencial,11XXXX99,908XXX805,cliente09786***@correo.com,28,2021-11-29,ACTIVO
9787,Residencial,71XXXX38,906XXX878,cliente09787***@correo.com,9,2023-06-10,ACTIVO
9788,Comercial,85XXXX49,930XXX772,cliente09788***@correo.com,15,2021-05-11,ACTIVO
9789,Residencial,78XXXX12,908XXX369,cliente09789***@correo.com,7,2024-05-05,ACTIVO
9790,Residencial,65XXXX94,932XXX257,cliente09790***@correo.com,27,2023-05-23,ACTIVO
9791,Residencial,97XXXX07,969XXX203,cliente09791***@correo.com,7,2022-02-08,ACTIVO
9792,Residencial,24XXXX37,928XXX014,cliente09792***@correo.com,20,2024-06-23,ACTIVO
9793,Gobierno,17XXXX21,935XXX997,cliente09793***@correo.com,20,2024-02-15,ACTIVO
9794,Residencial,64XXXX90,930XXX910,cliente09794***@correo.com,9,2018-01-07,ACTIVO
9795,Residencial,20XXXX05,947XXX239,cliente09795***@correo.com,15,2019-07-22,ACTIVO
9796,Residencial,48XXXX11,939XXX798,cliente09796***@correo.com,43,2023-07-03,ACTIVO
9797,Residencial,33XXXX56,907XXX557,cliente09797***@correo.com,13,2023-09-22,ACTIVO
9798,Residencial,22XXXX13,923XXX121,cliente09798***@correo.com,43,2019-01-19,ACTIVO
9799,Residencial,35XXXX87,925XXX724,cliente09799***@correo.com,13,2020-02-17,ACTIVO
9800,Residencial,44XXXX52,939XXX033,cliente09800***@correo.com,3,2023-09-29,ACTIVO
9801,Residencial,25XXXX85,968XXX003,cliente09801***@correo.com,43,2019-07-31,ACTIVO
9802,Residencial,62XXXX86,936XXX220,cliente09802***@correo.com,7,2019-10-08,ACTIVO
9803,Residencial,25XXXX11,906XXX128,cliente09803***@correo.com,43,2021-05-30,ACTIVO
9804,Residencial,92XXXX37,940XXX706,cliente09804***@correo.com,41,2021-05-31,ACTIVO
9805,Comercial,74XXXX13,983XXX987,cliente09805***@correo.com,38,2021-01-03,ACTIVO
9806,Residencial,54XXXX32,922XXX079,cliente09806***@correo.com,30,2019-10-04,ACTIVO
9807,Residencial,50XXXX86,925XXX649,cliente09807***@correo.com,3,2021-06-12,ACTIVO
9808,Residencial,47XXXX64,995XXX794,cliente09808***@correo.com,35,2023-07-05,ACTIVO
9809,Residencial,54XXXX26,953XXX028,cliente09809***@correo.com,29,2019-06-24,ACTIVO
9810,Residencial,87XXXX49,959XXX474,cliente09810***@correo.com,15,2019-12-14,ACTIVO
9811,Comercial,50XXXX60,936XXX571,cliente09811***@correo.com,34,2020-05-24,ACTIVO
9812,Residencial,36XXXX86,964XXX964,cliente09812***@correo.com,43,2019-03-29,ACTIVO
9813,Residencial,70XXXX42,910XXX676,cliente09813***@correo.com,7,2018-03-31,ACTIVO
9814,Residencial,98XXXX71,945XXX003,cliente09814***@correo.com,3,2024-09-25,ACTIVO
9815,Comercial,87XXXX28,993XXX461,cliente09815***@correo.com,5,2018-12-12,ACTIVO
9816,Residencial,28XXXX09,922XXX173,cliente09816***@correo.com,9,2022-01-28,ACTIVO
9817,Residencial,20XXXX70,968XXX983,cliente09817***@correo.com,43,2018-05-29,ACTIVO
9818,Residencial,95XXXX35,921XXX531,cliente09818***@correo.com,7,2024-10-06,ACTIVO
9819,Comercial,75XXXX00,979XXX968,cliente09819***@correo.com,9,2018-09-29,ACTIVO
9820,Residencial,28XXXX02,992XXX265,cliente09820***@correo.com,38,2022-02-14,ACTIVO
9821,Residencial,67XXXX49,972XXX407,cliente09821***@correo.com,39,2018-08-02,ACTIVO
9822,Residencial,60XXXX40,924XXX189,cliente09822***@correo.com,29,2019-02-07,ACTIVO
9823,Residencial,74XXXX10,931XXX428,cliente09823***@correo.com,20,2018-10-24,ACTIVO
9824,Comercial,86XXXX83,915XXX804,cliente09824***@correo.com,28,2024-02-09,SUSPENDIDO
9825,Residencial,92XXXX04,945XXX292,cliente09825***@correo.com,11,2021-07-14,ACTIVO
9826,Residencial,11XXXX90,975XXX448,cliente09826***@correo.com,7,2019-10-07,ACTIVO
9827,Residencial,90XXXX14,965XXX549,cliente09827***@correo.com,13,2019-08-11,ACTIVO
9828,Residencial,11XXXX05,978XXX368,cliente09828***@correo.com,8,2021-11-08,ACTIVO
9829,Residencial,10XXXX76,930XXX161,cliente09829***@correo.com,21,2020-07-11,ACTIVO
9830,Alumbrado Público,89XXXX09,957XXX833,cliente09830***@correo.com,30,2023-02-06,ACTIVO
9831,Residencial,52XXXX63,992XXX454,cliente09831***@correo.com,30,2021-06-24,ACTIVO
9832,Residencial,74XXXX01,938XXX707,cliente09832***@correo.com,25,2022-06-24,ACTIVO
9833,Residencial,39XXXX61,940XXX664,cliente09833***@correo.com,39,2019-03-18,ACTIVO
9834,Residencial,59XXXX90,931XXX338,cliente09834***@correo.com,22,2021-10-09,ACTIVO
9835,Residencial,52XXXX80,949XXX355,cliente09835***@correo.com,3,2023-11-03,ACTIVO
9836,Residencial,26XXXX65,979XXX507,cliente09836***@correo.com,26,2024-01-16,ACTIVO
9837,Residencial,80XXXX89,950XXX514,cliente09837***@correo.com,28,2019-01-18,ACTIVO
9838,Residencial,24XXXX75,933XXX260,cliente09838***@correo.com,36,2023-02-05,ACTIVO
9839,Residencial,63XXXX45,947XXX144,cliente09839***@correo.com,7,2024-01-29,ACTIVO
9840,Comercial,52XXXX44,921XXX574,cliente09840***@correo.com,30,2023-10-05,ACTIVO
9841,Residencial,81XXXX16,988XXX660,cliente09841***@correo.com,39,2018-06-11,ACTIVO
9842,Residencial,14XXXX69,998XXX299,cliente09842***@correo.com,39,2023-06-09,ACTIVO
9843,Residencial,28XXXX73,941XXX244,cliente09843***@correo.com,38,2018-04-25,ACTIVO
9844,Comercial,64XXXX82,998XXX265,cliente09844***@correo.com,4,2018-10-19,ACTIVO
9845,Residencial,66XXXX56,953XXX842,cliente09845***@correo.com,39,2022-01-10,ACTIVO
9846,Residencial,33XXXX37,995XXX329,cliente09846***@correo.com,13,2022-10-13,ACTIVO
9847,Residencial,89XXXX63,947XXX845,cliente09847***@correo.com,5,2021-03-18,ACTIVO
9848,Residencial,57XXXX31,956XXX008,cliente09848***@correo.com,3,2023-11-30,ACTIVO
9849,Residencial,93XXXX39,966XXX914,cliente09849***@correo.com,4,2020-04-19,ACTIVO
9850,Residencial,86XXXX77,969XXX651,cliente09850***@correo.com,5,2024-01-12,ACTIVO
9851,Residencial,30XXXX20,903XXX152,cliente09851***@correo.com,3,2024-06-16,ACTIVO
9852,Residencial,18XXXX52,903XXX575,cliente09852***@correo.com,19,2018-09-20,ACTIVO
9853,Residencial,34XXXX87,939XXX122,cliente09853***@correo.com,13,2023-07-27,ACTIVO
9854,Comercial,25XXXX53,989XXX076,cliente09854***@correo.com,32,2020-11-30,ACTIVO
9855,Residencial,19XXXX15,957XXX700,cliente09855***@correo.com,9,2020-10-19,ACTIVO
9856,Residencial,70XXXX90,950XXX715,cliente09856***@correo.com,28,2023-08-26,ACTIVO
9857,Residencial,64XXXX59,962XXX886,cliente09857***@correo.com,43,2018-03-28,ACTIVO
9858,Residencial,11XXXX64,982XXX746,cliente09858***@correo.com,15,2020-03-07,ACTIVO
9859,Comercial,56XXXX83,932XXX244,cliente09859***@correo.com,15,2020-08-02,ACTIVO
9860,Residencial,40XXXX48,979XXX714,cliente09860***@correo.com,23,2024-05-12,ACTIVO
9861,Residencial,27XXXX45,986XXX586,cliente09861***@correo.com,42,2024-09-16,ACTIVO
9862,Residencial,16XXXX52,909XXX523,cliente09862***@correo.com,36,2020-07-31,ACTIVO
9863,Residencial,50XXXX58,984XXX546,cliente09863***@correo.com,8,2020-07-19,ACTIVO
9864,Residencial,30XXXX77,901XXX171,cliente09864***@correo.com,29,2019-01-25,ACTIVO
9865,Comercial,56XXXX66,961XXX341,cliente09865***@correo.com,26,2021-08-18,ACTIVO
9866,Residencial,14XXXX63,969XXX904,cliente09866***@correo.com,3,2024-03-13,ACTIVO
9867,Residencial,41XXXX82,953XXX409,cliente09867***@correo.com,38,2018-05-25,ACTIVO
9868,Industrial,48XXXX18,908XXX873,cliente09868***@correo.com,7,2018-06-25,ACTIVO
9869,Residencial,73XXXX40,962XXX914,cliente09869***@correo.com,43,2024-03-26,ACTIVO
9870,Residencial,14XXXX05,905XXX675,cliente09870***@correo.com,29,2018-03-06,ACTIVO
9871,Gobierno,22XXXX15,964XXX585,cliente09871***@correo.com,9,2020-10-06,ACTIVO
9872,Industrial,16XXXX23,933XXX410,cliente09872***@correo.com,42,2021-09-16,ACTIVO
9873,Industrial,20XXXX54,903XXX419,cliente09873***@correo.com,3,2019-03-13,ACTIVO
9874,Residencial,17XXXX57,969XXX246,cliente09874***@correo.com,39,2019-08-26,ACTIVO
9875,Residencial,76XXXX65,903XXX083,cliente09875***@correo.com,13,2018-03-25,ACTIVO
9876,Residencial,33XXXX37,960XXX411,cliente09876***@correo.com,9,2022-03-15,ACTIVO
9877,Alumbrado Público,74XXXX40,997XXX570,cliente09877***@correo.com,7,2023-09-09,ACTIVO
9878,Residencial,43XXXX88,976XXX400,cliente09878***@correo.com,19,2022-04-27,ACTIVO
9879,Residencial,84XXXX79,912XXX661,cliente09879***@correo.com,23,2022-03-08,ACTIVO
9880,Residencial,14XXXX94,998XXX447,cliente09880***@correo.com,13,2024-07-18,ACTIVO
9881,Residencial,39XXXX98,963XXX319,cliente09881***@correo.com,3,2023-06-19,ACTIVO
9882,Residencial,17XXXX56,964XXX552,cliente09882***@correo.com,5,2019-03-05,ACTIVO
9883,Residencial,79XXXX56,910XXX011,cliente09883***@correo.com,38,2019-11-19,INACTIVO
9884,Residencial,37XXXX99,990XXX215,cliente09884***@correo.com,10,2024-06-16,ACTIVO
9885,Residencial,25XXXX88,904XXX181,cliente09885***@correo.com,35,2024-08-24,ACTIVO
9886,Residencial,55XXXX56,915XXX272,cliente09886***@correo.com,29,2024-08-29,ACTIVO
9887,Residencial,31XXXX28,957XXX572,cliente09887***@correo.com,15,2020-05-18,ACTIVO
9888,Residencial,86XXXX13,955XXX509,cliente09888***@correo.com,29,2021-05-08,ACTIVO
9889,Comercial,59XXXX76,921XXX719,cliente09889***@correo.com,38,2023-06-05,ACTIVO
9890,Residencial,78XXXX68,989XXX187,cliente09890***@correo.com,26,2021-04-21,ACTIVO
9891,Residencial,35XXXX85,927XXX675,cliente09891***@correo.com,29,2018-12-18,ACTIVO
9892,Residencial,43XXXX48,997XXX459,cliente09892***@correo.com,38,2018-04-11,ACTIVO
9893,Gobierno,58XXXX97,994XXX364,cliente09893***@correo.com,38,2020-05-19,ACTIVO
9894,Alumbrado Público,78XXXX35,924XXX634,cliente09894***@correo.com,29,2020-07-29,ACTIVO
9895,Residencial,70XXXX47,916XXX672,cliente09895***@correo.com,15,2021-04-29,ACTIVO
9896,Residencial,79XXXX42,913XXX229,cliente09896***@correo.com,30,2022-10-17,ACTIVO
9897,Residencial,95XXXX79,977XXX381,cliente09897***@correo.com,3,2024-07-12,ACTIVO
9898,Residencial,70XXXX64,912XXX031,cliente09898***@correo.com,40,2022-09-21,ACTIVO
9899,Comercial,14XXXX93,962XXX325,cliente09899***@correo.com,4,2018-06-28,ACTIVO
9900,Residencial,19XXXX98,944XXX636,cliente09900***@correo.com,13,2024-08-20,ACTIVO
9901,Residencial,39XXXX82,970XXX958,cliente09901***@correo.com,26,2020-01-17,ACTIVO
9902,Residencial,50XXXX04,904XXX301,cliente09902***@correo.com,26,2019-03-31,ACTIVO
9903,Residencial,44XXXX94,943XXX192,cliente09903***@correo.com,9,2019-04-05,ACTIVO
9904,Residencial,47XXXX79,926XXX173,cliente09904***@correo.com,26,2022-05-08,ACTIVO
9905,Residencial,74XXXX51,991XXX701,cliente09905***@correo.com,5,2020-11-22,ACTIVO
9906,Residencial,93XXXX94,948XXX873,cliente09906***@correo.com,30,2020-02-20,ACTIVO
9907,Residencial,93XXXX73,955XXX292,cliente09907***@correo.com,28,2023-11-13,ACTIVO
9908,Residencial,42XXXX96,906XXX901,cliente09908***@correo.com,15,2020-03-28,ACTIVO
9909,Residencial,33XXXX92,958XXX447,cliente09909***@correo.com,3,2018-02-27,ACTIVO
9910,Residencial,83XXXX80,975XXX142,cliente09910***@correo.com,15,2019-12-31,ACTIVO
9911,Residencial,68XXXX29,928XXX117,cliente09911***@correo.com,29,2019-04-18,ACTIVO
9912,Residencial,92XXXX41,934XXX209,cliente09912***@correo.com,4,2018-03-01,ACTIVO
9913,Residencial,71XXXX30,905XXX738,cliente09913***@correo.com,21,2020-07-03,ACTIVO
9914,Residencial,98XXXX22,957XXX935,cliente09914***@correo.com,26,2020-11-21,ACTIVO
9915,Residencial,41XXXX99,973XXX548,cliente09915***@correo.com,3,2020-07-12,ACTIVO
9916,Residencial,40XXXX66,930XXX663,cliente09916***@correo.com,35,2019-10-24,ACTIVO
9917,Alumbrado Público,33XXXX47,968XXX378,cliente09917***@correo.com,9,2018-04-19,ACTIVO
9918,Residencial,48XXXX19,976XXX212,cliente09918***@correo.com,26,2018-11-18,ACTIVO
9919,Residencial,54XXXX59,971XXX995,cliente09919***@correo.com,27,2022-09-13,ACTIVO
9920,Residencial,76XXXX83,928XXX032,cliente09920***@correo.com,13,2024-05-27,ACTIVO
9921,Residencial,29XXXX28,909XXX142,cliente09921***@correo.com,15,2020-08-10,ACTIVO
9922,Residencial,51XXXX27,919XXX469,cliente09922***@correo.com,13,2021-04-25,ACTIVO
9923,Residencial,20XXXX27,948XXX188,cliente09923***@correo.com,29,2023-08-26,ACTIVO
9924,Residencial,20XXXX09,926XXX628,cliente09924***@correo.com,26,2022-12-19,ACTIVO
9925,Residencial,83XXXX93,901XXX424,cliente09925***@correo.com,1,2023-02-02,ACTIVO
9926,Residencial,62XXXX79,913XXX922,cliente09926***@correo.com,4,2018-01-19,ACTIVO
9927,Residencial,17XXXX24,974XXX523,cliente09927***@correo.com,29,2023-04-11,ACTIVO
9928,Residencial,16XXXX18,901XXX520,cliente09928***@correo.com,5,2022-12-27,ACTIVO
9929,Residencial,71XXXX39,981XXX528,cliente09929***@correo.com,9,2024-07-06,ACTIVO
9930,Industrial,74XXXX65,956XXX124,cliente09930***@correo.com,9,2018-04-19,ACTIVO
9931,Residencial,96XXXX27,955XXX057,cliente09931***@correo.com,12,2018-10-14,ACTIVO
9932,Residencial,80XXXX14,925XXX611,cliente09932***@correo.com,29,2024-01-01,ACTIVO
9933,Residencial,42XXXX22,957XXX234,cliente09933***@correo.com,29,2018-11-20,ACTIVO
9934,Comercial,40XXXX98,903XXX811,cliente09934***@correo.com,30,2024-01-14,ACTIVO
9935,Comercial,13XXXX72,926XXX886,cliente09935***@correo.com,14,2020-11-23,ACTIVO
9936,Residencial,85XXXX23,927XXX975,cliente09936***@correo.com,15,2019-08-19,ACTIVO
9937,Residencial,83XXXX98,992XXX493,cliente09937***@correo.com,29,2018-10-21,ACTIVO
9938,Residencial,75XXXX04,958XXX472,cliente09938***@correo.com,15,2024-04-27,ACTIVO
9939,Comercial,13XXXX17,963XXX987,cliente09939***@correo.com,15,2022-11-03,ACTIVO
9940,Industrial,92XXXX32,941XXX644,cliente09940***@correo.com,7,2024-06-07,ACTIVO
9941,Residencial,55XXXX27,970XXX992,cliente09941***@correo.com,1,2020-01-05,ACTIVO
9942,Residencial,23XXXX63,970XXX499,cliente09942***@correo.com,26,2023-08-29,ACTIVO
9943,Residencial,32XXXX55,929XXX898,cliente09943***@correo.com,29,2018-02-22,ACTIVO
9944,Residencial,74XXXX20,969XXX380,cliente09944***@correo.com,15,2018-01-14,ACTIVO
9945,Residencial,80XXXX84,996XXX888,cliente09945***@correo.com,9,2021-03-21,ACTIVO
9946,Residencial,79XXXX18,951XXX204,cliente09946***@correo.com,16,2018-10-31,ACTIVO
9947,Residencial,36XXXX03,920XXX353,cliente09947***@correo.com,19,2023-01-08,ACTIVO
9948,Residencial,67XXXX70,907XXX299,cliente09948***@correo.com,28,2022-04-25,ACTIVO
9949,Residencial,86XXXX11,954XXX053,cliente09949***@correo.com,7,2023-04-01,ACTIVO
9950,Residencial,13XXXX87,981XXX738,cliente09950***@correo.com,15,2019-10-01,ACTIVO
9951,Residencial,13XXXX32,956XXX380,cliente09951***@correo.com,34,2019-05-18,ACTIVO
9952,Residencial,11XXXX77,987XXX470,cliente09952***@correo.com,28,2019-11-01,ACTIVO
9953,Residencial,60XXXX80,950XXX490,cliente09953***@correo.com,29,2024-10-16,INACTIVO
9954,Residencial,46XXXX04,977XXX036,cliente09954***@correo.com,15,2018-08-17,ACTIVO
9955,Alumbrado Público,25XXXX97,954XXX064,cliente09955***@correo.com,7,2018-05-24,ACTIVO
9956,Residencial,37XXXX86,923XXX141,cliente09956***@correo.com,15,2024-07-23,ACTIVO
9957,Residencial,50XXXX67,958XXX665,cliente09957***@correo.com,43,2022-05-30,ACTIVO
9958,Residencial,69XXXX05,942XXX955,cliente09958***@correo.com,41,2018-08-31,ACTIVO
9959,Residencial,83XXXX37,985XXX021,cliente09959***@correo.com,7,2023-06-26,ACTIVO
9960,Residencial,37XXXX17,989XXX931,cliente09960***@correo.com,8,2019-07-08,ACTIVO
9961,Residencial,76XXXX91,935XXX670,cliente09961***@correo.com,5,2018-10-20,ACTIVO
9962,Residencial,70XXXX51,990XXX619,cliente09962***@correo.com,15,2019-12-18,ACTIVO
9963,Residencial,76XXXX42,909XXX924,cliente09963***@correo.com,14,2019-01-06,ACTIVO
9964,Comercial,32XXXX88,931XXX929,cliente09964***@correo.com,22,2019-03-14,ACTIVO
9965,Comercial,76XXXX55,954XXX465,cliente09965***@correo.com,26,2023-05-12,ACTIVO
9966,Residencial,96XXXX82,975XXX942,cliente09966***@correo.com,3,2023-11-01,ACTIVO
9967,Residencial,37XXXX86,952XXX471,cliente09967***@correo.com,7,2019-11-23,ACTIVO
9968,Residencial,11XXXX59,920XXX172,cliente09968***@correo.com,40,2018-03-09,ACTIVO
9969,Residencial,27XXXX89,962XXX518,cliente09969***@correo.com,3,2024-06-08,ACTIVO
9970,Residencial,41XXXX99,997XXX674,cliente09970***@correo.com,30,2020-01-13,ACTIVO
9971,Residencial,27XXXX62,982XXX806,cliente09971***@correo.com,39,2022-08-02,ACTIVO
9972,Residencial,74XXXX82,983XXX752,cliente09972***@correo.com,30,2019-12-27,ACTIVO
9973,Residencial,19XXXX83,900XXX287,cliente09973***@correo.com,3,2020-06-16,ACTIVO
9974,Residencial,50XXXX71,911XXX072,cliente09974***@correo.com,12,2018-09-18,ACTIVO
9975,Comercial,76XXXX64,902XXX211,cliente09975***@correo.com,33,2023-10-14,ACTIVO
9976,Residencial,99XXXX58,945XXX916,cliente09976***@correo.com,6,2019-06-13,ACTIVO
9977,Residencial,64XXXX02,945XXX852,cliente09977***@correo.com,43,2020-07-10,ACTIVO
9978,Residencial,87XXXX18,902XXX070,cliente09978***@correo.com,36,2024-03-27,ACTIVO
9979,Residencial,53XXXX44,976XXX749,cliente09979***@correo.com,3,2021-11-12,ACTIVO
9980,Residencial,53XXXX42,942XXX224,cliente09980***@correo.com,7,2019-03-23,ACTIVO
9981,Residencial,20XXXX37,994XXX093,cliente09981***@correo.com,28,2020-09-06,ACTIVO
9982,Comercial,21XXXX01,907XXX652,cliente09982***@correo.com,15,2021-05-11,ACTIVO
9983,Residencial,36XXXX37,972XXX698,cliente09983***@correo.com,17,2018-09-23,ACTIVO
9984,Residencial,45XXXX63,923XXX652,cliente09984***@correo.com,24,2023-12-20,ACTIVO
9985,Alumbrado Público,12XXXX03,980XXX856,cliente09985***@correo.com,39,2020-09-27,ACTIVO
9986,Residencial,34XXXX92,949XXX212,cliente09986***@correo.com,24,2020-12-15,INACTIVO
9987,Comercial,84XXXX79,990XXX263,cliente09987***@correo.com,19,2020-11-18,ACTIVO
9988,Residencial,87XXXX12,956XXX596,cliente09988***@correo.com,17,2018-02-01,ACTIVO
9989,Residencial,46XXXX19,910XXX311,cliente09989***@correo.com,38,2018-12-17,ACTIVO
9990,Residencial,88XXXX45,962XXX469,cliente09990***@correo.com,5,2022-03-15,ACTIVO
9991,Residencial,85XXXX34,977XXX096,cliente09991***@correo.com,4,2019-10-11,ACTIVO
9992,Residencial,98XXXX12,915XXX977,cliente09992***@correo.com,40,2023-08-18,ACTIVO
9993,Residencial,13XXXX91,992XXX347,cliente09993***@correo.com,2,2023-04-02,ACTIVO
9994,Residencial,95XXXX83,948XXX172,cliente09994***@correo.com,7,2024-08-24,ACTIVO
9995,Residencial,97XXXX09,978XXX850,cliente09995***@correo.com,3,2018-05-16,ACTIVO
9996,Residencial,62XXXX38,995XXX593,cliente09996***@correo.com,13,2023-11-01,ACTIVO
9997,Residencial,28XXXX34,942XXX097,cliente09997***@correo.com,26,2022-04-27,ACTIVO
9998,Comercial,81XXXX40,950XXX247,cliente09998***@correo.com,15,2020-07-05,ACTIVO
9999,Comercial,84XXXX80,936XXX309,cliente09999***@correo.com,7,2024-04-12,ACTIVO
10000,Residencial,37XXXX84,920XXX150,cliente10000***@correo.com,9,2020-10-23,ACTIVO
