id_suministro,id_cliente,id_ubicacion,direccion_suministro,nivel_tension,id_sist_electrico,fecha_alta_suministro,estado_suministro
1000000,1,40,Pasaje Bolívar 2312,BT,5,2017-05-04 09:04:18,INACTIVO
1000001,2,31,Pasaje Bolívar 2692,BT,8,2000-09-18 08:33:09,ACTIVO
1000002,3,9,Psje. El Sol 2734,BT,1,2011-07-23 16:32:22,ACTIVO
1000003,4,43,Calle Los Pinos 7085,BT,1,2006-03-07 01:47:14,ACTIVO
1000004,5,15,Psje. Venezuela 6696,BT,4,2007-05-20 04:29:11,ACTIVO
1000005,6,41,Jr. Grau 9207,BT,6,2004-09-16 21:21:15,ACTIVO
1000006,6,41,Jr. Venezuela 4499,BT,3,2009-04-24 18:05:53,ACTIVO
1000007,7,25,Jr. Bolívar 2222,BT,2,2014-10-10 19:01:23,ACTIVO
1000008,7,25,Psje. San Martín 3064,BT,7,2005-06-09 16:51:20,INACTIVO
1000009,8,9,Calle Los Pinos 869,BT,6,2000-03-18 15:23:19,ACTIVO
1000010,9,22,Jr. Universitaria 8926,BT,3,2017-12-09 16:23:19,ACTIVO
1000011,9,22,Jr. Progreso 1940,BT,8,2000-07-21 08:33:10,SUSPENDIDO
1000012,10,2,Av. La Molina 6313,BT,1,2017-06-17 04:14:20,ACTIVO
1000013,10,2,Av. Bolívar 1216,BT,1,2009-02-25 16:28:40,ACTIVO
1000014,11,34,Calle Universitaria 775,BT,1,2009-09-20 16:04:41,ACTIVO
1000015,12,28,Pasaje Grau 2598,BT,7,2020-02-08 01:52:06,ACTIVO
1000016,13,20,Pasaje Bolívar 3092,BT,3,2008-01-22 03:31:19,ACTIVO
1000017,13,20,Pasaje Los Pinos 5646,BT,4,2020-11-10 00:45:36,ACTIVO
1000018,14,33,Calle Universitaria 9980,BT,8,2004-06-18 17:47:03,ACTIVO
1000019,15,15,Calle San Martín 6275,BT,1,2010-04-22 04:35:39,ACTIVO
1000020,16,40,Calle Los Pinos 3085,BT,4,2010-01-21 07:50:29,ACTIVO
1000021,17,39,Jr. San Martín 6737,BT,7,2010-04-23 14:31:49,ACTIVO
1000022,17,39,Psje. El Sol 2532,BT,3,2005-10-26 12:02:22,ACTIVO
1000023,18,28,Jr. Panamericana 3061,BT,3,2001-03-08 15:10:55,ACTIVO
1000024,19,26,Psje. Bolívar 8507,BT,3,2011-04-10 19:47:50,ACTIVO
1000025,20,7,Av. Universitaria 427,BT,1,2002-05-16 15:07:17,ACTIVO
1000026,21,3,Pasaje La Molina 3256,BT,4,2020-12-30 09:34:29,ACTIVO
1000027,22,41,Av. San Martín 8888,BT,2,2018-09-15 08:08:22,ACTIVO
1000028,23,3,Calle El Sol 2656,BT,6,2000-08-10 09:37:27,ACTIVO
1000029,24,26,Av. San Martín 1972,BT,6,2002-01-04 16:49:28,ACTIVO
1000030,25,9,Psje. Bolívar 2618,BT,4,2018-10-24 20:57:06,ACTIVO
1000031,26,14,Av. Panamericana 9921,BT,5,2009-07-21 20:46:33,ACTIVO
1000032,27,9,Calle Venezuela 6742,BT,8,2000-01-08 16:11:52,ACTIVO
1000033,28,9,Psje. Progreso 2004,BT,3,2016-10-02 05:06:40,ACTIVO
1000034,29,15,Psje. Grau 489,BT,5,2006-04-27 00:01:35,INACTIVO
1000035,29,15,Av. La Molina 8174,BT,1,2004-10-03 11:47:08,ACTIVO
1000036,30,9,Pasaje Progreso 9611,BT,7,2005-04-14 12:56:37,INACTIVO
1000037,31,15,Jr. Grau 6876,BT,5,2020-08-31 00:08:27,ACTIVO
1000038,31,15,Psje. El Sol 5617,BT,8,2016-08-06 15:25:35,ACTIVO
1000039,32,30,Psje. Grau 7174,BT,7,2003-01-16 08:42:54,INACTIVO
1000040,32,30,Psje. San Martín 4498,BT,1,2009-06-30 16:55:23,INACTIVO
1000041,33,27,Jr. Venezuela 6984,BT,5,2010-08-06 08:05:30,ACTIVO
1000042,34,28,Psje. Venezuela 8155,BT,3,2009-07-14 12:02:19,ACTIVO
1000043,34,28,Jr. Los Pinos 429,BT,2,2014-05-23 07:47:13,ACTIVO
1000044,35,9,Calle Los Pinos 6146,BT,3,2017-07-04 23:44:06,ACTIVO
1000045,36,1,Pasaje Los Pinos 6968,BT,1,2017-06-16 03:27:42,ACTIVO
1000046,37,6,Calle Venezuela 9381,MT,3,2003-03-27 15:32:31,ACTIVO
1000047,38,30,Av. La Molina 7490,BT,6,2015-06-01 06:10:44,ACTIVO
1000048,38,30,Av. Bolívar 1582,BT,8,2000-07-06 20:06:44,ACTIVO
1000049,39,9,Psje. Bolívar 590,BT,5,2002-09-28 04:00:07,ACTIVO
1000050,40,36,Calle Panamericana 8538,BT,2,2008-11-15 12:31:04,ACTIVO
1000051,41,33,Av. San Martín 337,BT,1,2018-02-25 02:47:08,ACTIVO
1000052,42,17,Pasaje San Martín 5593,BT,7,2010-12-19 21:15:40,ACTIVO
1000053,43,28,Psje. Los Pinos 8153,BT,2,2013-10-03 09:12:33,ACTIVO
1000054,44,36,Calle Panamericana 2710,BT,1,2004-12-25 02:49:22,ACTIVO
1000055,45,26,Jr. San Martín 1933,BT,3,2014-08-20 22:46:57,ACTIVO
1000056,46,25,Jr. El Sol 1004,BT,6,2018-08-08 16:42:47,ACTIVO
1000057,47,29,Calle Progreso 7783,BT,8,2005-07-04 00:09:03,ACTIVO
1000058,48,9,Calle Bolívar 4038,BT,7,2002-11-05 00:13:02,ACTIVO
1000059,49,7,Psje. Universitaria 1924,BT,7,2005-01-20 22:34:35,ACTIVO
1000060,50,3,Calle Los Pinos 8784,BT,4,2001-04-14 12:22:12,ACTIVO
1000061,51,7,Calle Progreso 8882,BT,6,2002-07-14 08:49:09,ACTIVO
1000062,52,29,Calle San Martín 1831,BT,6,2003-05-08 09:43:01,ACTIVO
1000063,53,7,Jr. Grau 1028,BT,5,2015-01-10 11:13:40,ACTIVO
1000064,54,15,Calle Universitaria 154,BT,1,2004-06-19 03:12:56,ACTIVO
1000065,55,29,Av. La Molina 6631,BT,5,2003-09-20 18:39:50,ACTIVO
1000066,56,7,Psje. San Martín 6409,BT,8,2022-07-07 00:00:00,ACTIVO
1000067,57,4,Calle El Sol 4624,BT,1,2013-08-27 20:01:35,ACTIVO
1000068,57,4,Psje. San Martín 3722,BT,2,2015-06-14 07:41:41,ACTIVO
1000069,58,21,Psje. Progreso 5580,BT,8,2012-04-06 00:02:50,ACTIVO
1000070,59,12,Calle Venezuela 6806,BT,7,2009-06-25 17:35:46,ACTIVO
1000071,60,7,Calle Grau 9759,BT,6,2018-08-28 06:57:31,ACTIVO
1000072,60,7,Jr. Panamericana 1820,BT,2,2016-06-08 15:36:42,ACTIVO
1000073,61,43,Psje. La Molina 6351,BT,2,2020-10-24 23:40:30,ACTIVO
1000074,62,29,Jr. San Martín 6424,BT,2,2010-09-21 01:57:33,ACTIVO
1000075,63,34,Pasaje Bolívar 6852,BT,1,2006-08-10 08:48:42,ACTIVO
1000076,64,43,Av. La Molina 4899,BT,8,2011-03-05 16:05:43,ACTIVO
1000077,65,9,Calle Los Pinos 7996,BT,5,2016-12-20 01:10:00,ACTIVO
1000078,66,1,Calle Progreso 288,BT,4,2001-05-28 12:54:48,ACTIVO
1000079,67,37,Pasaje Venezuela 6672,BT,8,2000-10-30 20:45:06,ACTIVO
1000080,68,13,Pasaje La Molina 8047,BT,7,2002-02-16 20:46:19,ACTIVO
1000081,69,43,Av. Universitaria 6230,BT,1,2004-05-24 07:15:03,ACTIVO
1000082,69,43,Pasaje La Molina 1063,BT,1,2005-07-15 19:37:48,ACTIVO
1000083,70,17,Pasaje Panamericana 8448,BT,7,2023-10-22 00:00:00,ACTIVO
1000084,71,35,Psje. Universitaria 8509,BT,4,2004-06-27 02:49:30,ACTIVO
1000085,72,28,Pasaje Venezuela 2107,BT,3,2005-01-25 10:01:04,ACTIVO
1000086,73,9,Jr. Bolívar 1117,BT,1,2012-02-04 12:00:09,ACTIVO
1000087,74,29,Pasaje Grau 8837,BT,6,2010-10-06 00:30:12,ACTIVO
1000088,75,40,Jr. Grau 3036,BT,4,2006-03-23 08:19:52,ACTIVO
1000089,76,31,Calle San Martín 8625,BT,6,2005-11-23 22:47:15,ACTIVO
1000090,77,7,Psje. Los Pinos 7846,BT,3,2011-05-03 06:58:50,ACTIVO
1000091,78,28,Pasaje Universitaria 8874,BT,2,2003-08-17 08:02:27,ACTIVO
1000092,79,42,Av. Universitaria 1205,BT,3,2018-04-11 00:10:48,ACTIVO
1000093,80,9,Psje. Panamericana 8876,MT,3,2009-08-13 12:40:47,ACTIVO
1000094,81,29,Calle Los Pinos 6737,BT,4,2007-10-22 15:04:26,ACTIVO
1000095,82,26,Jr. San Martín 3506,BT,3,2011-02-26 13:24:44,ACTIVO
1000096,83,3,Calle El Sol 8437,BT,6,2006-05-26 18:50:55,ACTIVO
1000097,84,29,Psje. El Sol 2850,BT,1,2006-09-12 12:29:09,ACTIVO
1000098,85,9,Jr. Progreso 8072,BT,7,2011-10-29 09:24:16,ACTIVO
1000099,86,26,Jr. Progreso 4260,BT,7,2016-08-22 12:23:04,ACTIVO
1000100,86,26,Av. Universitaria 2814,BT,4,2016-03-25 08:47:16,ACTIVO
1000101,87,15,Jr. San Martín 9486,BT,5,2014-05-13 02:24:25,ACTIVO
1000102,87,15,Jr. Los Pinos 9210,BT,5,2013-11-14 15:38:47,ACTIVO
1000103,88,5,Pasaje La Molina 8838,BT,5,2018-11-07 15:12:20,ACTIVO
1000104,89,43,Calle Los Pinos 2211,BT,6,2005-10-23 20:47:11,ACTIVO
1000105,89,43,Psje. Los Pinos 2223,MT,4,2009-10-31 08:33:34,ACTIVO
1000106,90,3,Jr. Venezuela 7903,BT,6,2003-08-30 07:13:15,ACTIVO
1000107,91,21,Av. El Sol 9417,BT,4,2004-06-29 18:11:26,ACTIVO
1000108,91,21,Jr. La Molina 8207,BT,7,2006-08-11 20:36:53,ACTIVO
1000109,92,15,Jr. El Sol 9920,BT,5,2007-09-28 07:17:08,ACTIVO
1000110,93,14,Psje. Panamericana 9065,BT,1,2002-10-01 01:30:42,ACTIVO
1000111,94,11,Pasaje Venezuela 4433,BT,6,2001-11-09 03:34:24,ACTIVO
1000112,95,12,Calle Grau 205,BT,5,2004-11-25 19:47:45,ACTIVO
1000113,96,7,Pasaje La Molina 6483,BT,1,2003-05-15 06:38:58,ACTIVO
1000114,97,1,Pasaje Grau 7938,BT,4,2000-08-14 14:34:20,ACTIVO
1000115,98,28,Psje. Bolívar 4057,BT,1,2004-07-14 05:47:54,ACTIVO
1000116,98,28,Pasaje San Martín 9177,BT,2,2013-06-29 12:19:37,ACTIVO
1000117,99,38,Jr. El Sol 8019,BT,8,2003-06-23 10:47:26,ACTIVO
1000118,100,15,Av. Progreso 5299,BT,3,2012-07-26 03:14:06,ACTIVO
1000119,101,7,Pasaje Universitaria 3435,BT,5,2007-09-14 06:35:49,ACTIVO
1000120,102,15,Pasaje Progreso 1129,BT,6,2017-02-13 15:37:25,ACTIVO
1000121,103,42,Calle Panamericana 7260,BT,4,2000-11-17 18:00:15,ACTIVO
1000122,103,42,Calle El Sol 1357,BT,7,2007-09-05 02:55:09,ACTIVO
1000123,104,5,Av. Venezuela 5101,BT,6,2011-05-31 21:45:07,ACTIVO
1000124,105,30,Calle Los Pinos 5180,MT,8,2007-03-02 16:27:08,ACTIVO
1000125,106,36,Av. Universitaria 4301,BT,7,2023-06-17 00:00:00,ACTIVO
1000126,107,17,Psje. Progreso 3432,BT,6,2009-03-25 02:51:24,ACTIVO
1000127,107,17,Psje. La Molina 4764,BT,7,2005-02-18 17:35:52,ACTIVO
1000128,108,36,Calle Universitaria 7482,BT,5,2007-12-04 10:32:11,ACTIVO
1000129,109,3,Av. La Molina 2867,BT,1,2009-12-13 21:00:09,ACTIVO
1000130,110,30,Psje. Venezuela 789,BT,2,2007-06-18 21:37:41,ACTIVO
1000131,111,9,Psje. Universitaria 956,BT,8,2020-03-11 23:53:35,ACTIVO
1000132,112,39,Psje. Progreso 2176,BT,1,2014-08-03 00:03:44,ACTIVO
1000133,113,40,Psje. Los Pinos 8759,BT,5,2017-04-13 21:47:32,ACTIVO
1000134,114,15,Calle Universitaria 8013,BT,5,2011-01-06 06:05:29,ACTIVO
1000135,115,6,Jr. Progreso 3876,BT,3,2011-10-29 07:05:29,ACTIVO
1000136,116,29,Psje. Progreso 7174,BT,7,2009-01-19 11:18:31,ACTIVO
1000137,117,7,Calle Progreso 5321,BT,3,2012-08-22 17:59:26,ACTIVO
1000138,118,29,Calle Progreso 4885,BT,2,2004-02-10 15:34:46,ACTIVO
1000139,119,28,Psje. Bolívar 7342,BT,8,2019-04-04 08:10:25,ACTIVO
1000140,120,9,Av. Venezuela 8641,BT,3,2000-01-21 21:53:41,ACTIVO
1000141,121,39,Pasaje Progreso 5994,MT,8,2005-05-29 18:20:19,ACTIVO
1000142,121,39,Calle Los Pinos 1000,BT,8,2005-03-10 04:09:03,ACTIVO
1000143,122,5,Psje. Bolívar 2535,BT,5,2003-10-12 09:02:45,ACTIVO
1000144,123,26,Calle El Sol 3618,BT,2,2002-09-29 05:15:40,ACTIVO
1000145,124,38,Calle Panamericana 9998,BT,5,2010-12-20 01:44:48,ACTIVO
1000146,125,33,Pasaje Grau 7079,BT,6,2014-09-14 02:27:39,ACTIVO
1000147,126,40,Psje. El Sol 8459,BT,5,2012-02-18 21:29:51,ACTIVO
1000148,127,39,Pasaje La Molina 7928,BT,6,2016-03-03 12:54:07,ACTIVO
1000149,128,38,Jr. Bolívar 9206,BT,3,2013-11-30 22:39:10,ACTIVO
1000150,129,7,Pasaje Panamericana 9571,BT,2,2018-11-20 05:49:30,ACTIVO
1000151,130,31,Psje. Venezuela 7278,BT,8,2019-10-11 03:50:21,ACTIVO
1000152,131,5,Pasaje Los Pinos 435,BT,2,2004-01-22 05:17:59,ACTIVO
1000153,132,26,Av. Progreso 602,BT,8,2004-12-27 03:01:32,ACTIVO
1000154,133,38,Pasaje Panamericana 5811,BT,4,2015-11-25 03:27:18,ACTIVO
1000155,134,43,Pasaje Venezuela 8010,BT,4,2000-05-25 07:09:22,ACTIVO
1000156,135,31,Pasaje Venezuela 5722,BT,8,2018-06-20 22:39:32,ACTIVO
1000157,135,31,Pasaje Panamericana 5582,BT,8,2014-04-08 03:14:55,ACTIVO
1000158,136,32,Psje. Grau 6045,BT,4,2020-10-15 15:18:59,ACTIVO
1000159,137,21,Pasaje Panamericana 8417,BT,7,2001-04-03 10:52:21,ACTIVO
1000160,138,3,Calle Universitaria 7340,BT,7,2009-07-26 21:42:05,ACTIVO
1000161,138,3,Psje. San Martín 9372,MT,2,2018-04-16 01:30:30,ACTIVO
1000162,138,3,Av. San Martín 7424,BT,7,2003-04-28 23:38:55,SUSPENDIDO
1000163,139,13,Av. Venezuela 3562,BT,8,2019-08-20 17:43:36,ACTIVO
1000164,140,13,Calle San Martín 1461,BT,5,2007-07-07 01:35:21,ACTIVO
1000165,141,5,Av. Panamericana 7187,BT,8,2006-08-27 01:12:10,ACTIVO
1000166,141,5,Jr. Panamericana 2967,BT,6,2004-09-04 15:42:24,ACTIVO
1000167,142,43,Psje. Bolívar 9712,BT,4,2007-01-10 06:29:54,ACTIVO
1000168,143,19,Calle Los Pinos 5427,BT,5,2002-01-19 18:30:11,ACTIVO
1000169,143,19,Av. San Martín 9531,BT,1,2006-05-07 15:26:16,ACTIVO
1000170,144,4,Jr. Los Pinos 9667,BT,2,2017-11-10 18:35:36,ACTIVO
1000171,145,36,Psje. Progreso 3257,BT,5,2006-07-04 12:52:30,ACTIVO
1000172,146,3,Jr. Los Pinos 174,BT,6,2011-06-03 12:26:07,ACTIVO
1000173,147,9,Calle Venezuela 1534,BT,1,2003-02-09 18:00:50,ACTIVO
1000174,147,9,Av. Bolívar 546,BT,5,2012-08-10 01:58:17,ACTIVO
1000175,148,37,Jr. La Molina 3414,BT,2,2018-04-20 23:12:11,ACTIVO
1000176,149,24,Psje. Progreso 8755,BT,4,2013-11-20 22:21:02,SUSPENDIDO
1000177,150,15,Calle Bolívar 9175,BT,2,2013-06-30 07:53:35,INACTIVO
1000178,151,13,Jr. Grau 2910,BT,3,2013-02-11 01:46:47,ACTIVO
1000179,152,4,Calle Venezuela 6944,BT,4,2007-12-07 03:01:02,ACTIVO
1000180,153,4,Jr. Panamericana 3836,BT,5,2014-08-18 17:18:04,ACTIVO
1000181,154,4,Calle Progreso 8442,BT,2,2010-01-14 08:42:39,ACTIVO
1000182,155,7,Jr. San Martín 8802,BT,6,2010-02-20 19:25:58,ACTIVO
1000183,156,28,Jr. Los Pinos 4039,BT,3,2019-12-12 18:16:45,ACTIVO
1000184,156,28,Jr. Progreso 5775,BT,6,2001-06-23 18:41:04,ACTIVO
1000185,157,33,Av. Progreso 4346,BT,5,2006-12-04 01:25:15,ACTIVO
1000186,158,43,Calle Los Pinos 2130,BT,8,2018-01-25 23:39:28,ACTIVO
1000187,159,22,Calle La Molina 5295,BT,2,2014-06-25 02:41:09,ACTIVO
1000188,159,22,Av. Grau 1513,BT,3,2007-02-24 20:03:09,ACTIVO
1000189,160,9,Jr. Progreso 5641,BT,7,2000-01-22 05:32:38,ACTIVO
1000190,160,9,Jr. El Sol 4819,MT,2,2001-11-08 09:03:29,ACTIVO
1000191,161,38,Calle Venezuela 8681,BT,4,2008-04-22 05:02:05,ACTIVO
1000192,162,15,Pasaje Venezuela 6255,BT,6,2008-06-14 21:25:01,ACTIVO
1000193,162,15,Psje. La Molina 8406,BT,2,2010-08-27 02:09:00,ACTIVO
1000194,163,15,Pasaje La Molina 4903,BT,5,2010-08-02 10:01:11,ACTIVO
1000195,164,15,Calle Universitaria 2445,BT,3,2005-11-26 14:06:29,INACTIVO
1000196,165,15,Av. Los Pinos 1794,BT,1,2013-01-23 02:41:54,ACTIVO
1000197,166,13,Av. San Martín 3335,BT,8,2020-01-02 07:29:51,INACTIVO
1000198,167,29,Psje. Progreso 6034,BT,6,2018-11-18 15:09:13,ACTIVO
1000199,168,6,Av. Grau 1656,BT,4,2017-11-09 16:50:45,ACTIVO
1000200,169,28,Psje. La Molina 9920,BT,2,2013-07-08 11:25:03,ACTIVO
1000201,170,9,Calle Bolívar 2954,BT,3,2003-06-24 18:03:37,ACTIVO
1000202,171,43,Pasaje Panamericana 4758,BT,3,2005-12-08 06:56:26,ACTIVO
1000203,172,43,Calle Bolívar 8716,BT,1,2014-01-24 00:46:20,ACTIVO
1000204,173,19,Jr. Bolívar 574,BT,7,2000-04-30 23:34:22,ACTIVO
1000205,174,15,Av. Grau 8923,BT,1,2017-10-04 08:12:03,ACTIVO
1000206,175,7,Psje. La Molina 518,BT,4,2011-11-28 09:01:01,ACTIVO
1000207,175,7,Psje. Venezuela 5194,BT,4,2012-01-22 19:41:03,ACTIVO
1000208,176,4,Av. Bolívar 8468,BT,3,2010-10-01 16:41:32,ACTIVO
1000209,177,5,Av. La Molina 8944,BT,6,2019-05-06 21:37:09,ACTIVO
1000210,178,26,Jr. El Sol 4288,BT,6,2005-01-29 17:01:00,ACTIVO
1000211,179,33,Psje. Panamericana 7950,BT,4,2010-05-20 23:11:32,ACTIVO
1000212,180,8,Calle El Sol 1101,BT,8,2013-03-05 09:17:16,ACTIVO
1000213,180,8,Pasaje Venezuela 6551,BT,8,2017-07-21 18:01:15,ACTIVO
1000214,181,30,Pasaje Bolívar 1724,BT,3,2001-09-11 08:00:21,ACTIVO
1000215,182,39,Psje. San Martín 8791,BT,4,2016-05-19 13:57:46,ACTIVO
1000216,183,9,Calle Venezuela 270,BT,2,2011-07-15 16:16:20,ACTIVO
1000217,184,20,Pasaje Universitaria 7900,BT,6,2020-02-24 11:18:12,ACTIVO
1000218,185,3,Jr. Progreso 5097,BT,6,2001-05-27 07:16:28,ACTIVO
1000219,186,7,Calle Progreso 8166,BT,2,2016-10-30 15:16:56,ACTIVO
1000220,187,7,Av. Los Pinos 1314,BT,4,2020-08-25 19:26:24,ACTIVO
1000221,188,27,Pasaje Venezuela 1446,BT,5,2015-01-25 16:54:31,ACTIVO
1000222,189,18,Jr. San Martín 4905,BT,6,2018-12-27 11:39:35,ACTIVO
1000223,189,18,Jr. Progreso 5552,MT,1,2012-09-19 21:19:26,ACTIVO
1000224,189,18,Pasaje Progreso 6949,BT,6,2003-08-10 15:03:35,ACTIVO
1000225,190,11,Calle Grau 5060,BT,7,2003-02-27 06:53:29,ACTIVO
1000226,191,4,Jr. La Molina 1034,BT,6,2019-07-28 10:58:18,ACTIVO
1000227,192,3,Pasaje San Martín 1373,BT,7,2002-05-04 15:01:21,ACTIVO
1000228,192,3,Psje. Bolívar 3612,BT,1,2005-06-22 13:29:13,ACTIVO
1000229,193,4,Psje. Panamericana 8639,BT,1,2011-09-07 13:19:12,ACTIVO
1000230,194,10,Av. Bolívar 5589,BT,1,2000-10-27 06:03:44,ACTIVO
1000231,194,10,Jr. Universitaria 9288,BT,1,2016-07-19 08:13:50,ACTIVO
1000232,195,13,Pasaje Panamericana 5417,BT,4,2000-06-09 08:21:00,ACTIVO
1000233,196,43,Calle Bolívar 4074,BT,5,2020-11-30 21:47:03,ACTIVO
1000234,197,9,Jr. Bolívar 3691,BT,8,2009-09-07 14:59:33,ACTIVO
1000235,198,15,Calle Venezuela 7022,BT,5,2004-10-06 07:09:21,ACTIVO
1000236,199,26,Jr. Venezuela 9285,BT,4,2002-11-26 10:01:15,ACTIVO
1000237,200,7,Pasaje La Molina 6070,BT,5,2012-10-28 02:58:52,ACTIVO
1000238,201,25,Psje. Universitaria 6579,BT,5,2011-09-02 08:38:49,ACTIVO
1000239,202,34,Pasaje San Martín 8566,BT,1,2014-08-24 07:07:29,ACTIVO
1000240,203,10,Calle San Martín 4430,BT,2,2020-11-24 14:59:27,ACTIVO
1000241,204,39,Calle Grau 6312,BT,8,2003-02-09 06:29:10,ACTIVO
1000242,205,16,Jr. San Martín 9717,BT,4,2003-06-06 00:04:49,ACTIVO
1000243,206,43,Pasaje Grau 3581,BT,8,2019-06-13 16:39:09,ACTIVO
1000244,207,29,Jr. Venezuela 8722,BT,3,2015-07-19 01:23:50,ACTIVO
1000245,208,9,Av. Progreso 4135,BT,1,2018-04-10 15:25:34,ACTIVO
1000246,208,9,Psje. Los Pinos 9284,BT,2,2006-04-20 09:11:26,ACTIVO
1000247,209,7,Calle Progreso 8662,BT,2,2016-03-15 00:26:09,ACTIVO
1000248,209,7,Jr. Panamericana 2158,BT,3,2004-02-10 01:17:04,ACTIVO
1000249,209,7,Jr. Universitaria 446,BT,1,2000-08-10 14:37:38,ACTIVO
1000250,210,26,Calle Universitaria 8967,BT,4,2007-12-26 19:46:36,ACTIVO
1000251,211,5,Av. Bolívar 8661,MT,1,2018-04-25 08:23:39,ACTIVO
1000252,212,16,Psje. Progreso 5669,BT,4,2009-10-24 21:41:53,ACTIVO
1000253,213,12,Calle Universitaria 2640,BT,4,2007-05-25 14:13:27,ACTIVO
1000254,214,9,Calle Panamericana 206,BT,4,2009-02-16 22:53:45,ACTIVO
1000255,215,35,Pasaje El Sol 4054,BT,3,2016-02-06 11:56:43,ACTIVO
1000256,216,15,Calle Bolívar 2590,BT,7,2014-03-11 02:13:24,ACTIVO
1000257,217,38,Pasaje Universitaria 8273,BT,5,2007-03-04 16:27:04,ACTIVO
1000258,218,33,Jr. La Molina 3492,BT,5,2020-10-18 19:24:42,ACTIVO
1000259,219,13,Av. Grau 5926,BT,3,2015-05-05 15:40:25,ACTIVO
1000260,220,38,Jr. Los Pinos 4083,MT,8,2002-09-04 12:45:33,ACTIVO
1000261,220,38,Psje. Panamericana 2748,BT,7,2016-10-22 00:13:17,ACTIVO
1000262,221,35,Psje. Panamericana 1142,BT,1,2019-01-03 09:13:11,ACTIVO
1000263,222,30,Pasaje Panamericana 948,BT,1,2001-04-02 07:53:34,ACTIVO
1000264,223,15,Pasaje Los Pinos 2442,BT,6,2000-03-15 09:47:15,ACTIVO
1000265,224,30,Av. El Sol 5488,BT,7,2015-09-05 12:52:55,ACTIVO
1000266,224,30,Calle Universitaria 6372,BT,1,2006-05-03 03:03:31,ACTIVO
1000267,224,30,Calle La Molina 547,BT,5,2006-03-08 20:30:06,ACTIVO
1000268,225,15,Jr. El Sol 7895,BT,5,2008-09-24 08:19:09,ACTIVO
1000269,226,5,Psje. Bolívar 996,BT,6,2017-02-02 11:24:48,ACTIVO
1000270,226,5,Av. La Molina 5660,BT,4,2019-05-04 20:25:59,ACTIVO
1000271,227,9,Av. Universitaria 1200,BT,4,2008-08-06 15:24:36,ACTIVO
1000272,228,13,Calle Universitaria 7462,BT,2,2006-08-21 06:15:19,ACTIVO
1000273,229,7,Psje. Bolívar 5836,BT,3,2000-10-14 08:56:29,ACTIVO
1000274,230,15,Calle El Sol 5033,BT,2,2016-07-03 16:50:35,ACTIVO
1000275,231,43,Av. Venezuela 679,BT,4,2011-09-16 00:40:08,ACTIVO
1000276,231,43,Calle El Sol 6108,BT,2,2005-03-15 01:09:57,ACTIVO
1000277,232,39,Pasaje San Martín 6363,BT,3,2010-09-23 14:15:08,ACTIVO
1000278,232,39,Jr. Grau 9260,BT,4,2002-11-26 04:22:06,ACTIVO
1000279,232,39,Av. Grau 1776,BT,8,2011-08-28 08:42:09,ACTIVO
1000280,233,27,Pasaje Bolívar 5488,BT,5,2018-04-06 19:00:09,ACTIVO
1000281,234,33,Jr. Panamericana 1215,BT,5,2009-12-19 01:32:03,ACTIVO
1000282,235,7,Pasaje El Sol 479,BT,2,2007-04-15 00:05:45,ACTIVO
1000283,236,26,Psje. Progreso 3441,BT,1,2015-10-03 06:02:12,ACTIVO
1000284,236,26,Pasaje Panamericana 3480,BT,2,2009-08-06 14:44:13,ACTIVO
1000285,237,29,Psje. Grau 5903,BT,6,2001-07-28 06:56:48,ACTIVO
1000286,238,5,Av. Venezuela 8218,BT,8,2011-12-22 01:40:05,ACTIVO
1000287,239,12,Calle La Molina 354,BT,5,2002-11-24 13:49:44,ACTIVO
1000288,239,12,Jr. Los Pinos 7356,BT,5,2004-08-17 18:06:40,ACTIVO
1000289,240,39,Psje. San Martín 1720,BT,8,2005-10-22 03:13:17,ACTIVO
1000290,241,3,Pasaje Bolívar 5761,BT,5,2009-04-05 07:21:09,ACTIVO
1000291,242,38,Pasaje Progreso 8408,BT,3,2004-05-01 17:06:56,ACTIVO
1000292,242,38,Calle Los Pinos 6445,BT,5,2012-07-18 00:37:10,ACTIVO
1000293,242,38,Calle Panamericana 6319,MT,7,2002-10-21 18:54:20,ACTIVO
1000294,243,7,Pasaje Venezuela 3564,BT,8,2002-02-25 12:44:18,ACTIVO
1000295,244,19,Av. Progreso 5971,BT,5,2000-06-29 19:59:01,ACTIVO
1000296,245,15,Pasaje Venezuela 9694,MT,7,2008-02-06 16:27:42,ACTIVO
1000297,246,7,Pasaje La Molina 8881,BT,1,2018-08-10 09:43:27,ACTIVO
1000298,247,6,Jr. Bolívar 5436,BT,5,2009-05-13 10:52:09,ACTIVO
1000299,248,30,Jr. La Molina 4336,BT,8,2009-09-07 03:00:01,ACTIVO
1000300,249,5,Calle San Martín 7001,BT,3,2020-10-11 02:49:03,ACTIVO
1000301,250,21,Pasaje La Molina 433,BT,7,2018-12-02 09:33:49,ACTIVO
1000302,251,28,Psje. Bolívar 5422,BT,7,2024-12-23 00:00:00,ACTIVO
1000303,252,12,Av. Los Pinos 2108,BT,8,2009-11-14 23:51:30,ACTIVO
1000304,253,28,Jr. Los Pinos 8759,BT,8,2017-06-01 03:48:30,ACTIVO
1000305,254,4,Jr. Panamericana 1363,BT,1,2002-12-27 17:02:51,ACTIVO
1000306,254,4,Av. El Sol 5609,BT,5,2023-12-06 00:00:00,ACTIVO
1000307,255,26,Pasaje Venezuela 1268,BT,3,2011-02-02 01:57:28,ACTIVO
1000308,256,40,Psje. Grau 9415,BT,1,2015-02-02 14:12:26,ACTIVO
1000309,257,40,Pasaje Progreso 9381,MT,4,2010-06-08 12:13:43,ACTIVO
1000310,257,40,Pasaje Grau 7045,BT,3,2012-09-25 09:32:56,ACTIVO
1000311,258,41,Psje. Bolívar 8782,BT,7,2001-12-13 15:27:43,ACTIVO
1000312,259,26,Jr. Universitaria 561,BT,7,2003-04-05 20:12:35,ACTIVO
1000313,259,26,Calle La Molina 917,BT,4,2008-03-24 11:35:05,SUSPENDIDO
1000314,260,17,Pasaje Progreso 7585,BT,2,2004-05-23 00:53:57,ACTIVO
1000315,261,43,Calle Venezuela 5818,BT,8,2020-02-17 08:20:59,ACTIVO
1000316,261,43,Av. Universitaria 6654,BT,2,2019-02-27 06:19:54,ACTIVO
1000317,262,3,Pasaje Progreso 8850,BT,2,2010-07-14 15:37:00,ACTIVO
1000318,263,18,Jr. Universitaria 6208,BT,4,2004-08-03 04:48:55,ACTIVO
1000319,264,43,Psje. Los Pinos 7948,BT,7,2010-04-03 12:59:25,ACTIVO
1000320,265,7,Jr. Panamericana 7179,BT,3,2004-12-01 12:10:20,ACTIVO
1000321,266,3,Calle San Martín 540,BT,3,2011-03-13 11:19:02,ACTIVO
1000322,267,15,Calle Grau 4799,BT,6,2015-07-09 13:59:39,ACTIVO
1000323,268,19,Jr. El Sol 6516,BT,3,2017-11-20 22:08:46,ACTIVO
1000324,269,43,Av. San Martín 4754,BT,8,2012-07-28 15:23:50,ACTIVO
1000325,269,43,Jr. Universitaria 4917,BT,3,2009-11-23 04:19:40,ACTIVO
1000326,270,28,Av. San Martín 5516,BT,8,2000-08-10 10:54:41,ACTIVO
1000327,271,15,Av. Los Pinos 6074,BT,6,2019-06-29 22:27:23,ACTIVO
1000328,271,15,Pasaje Panamericana 6837,BT,4,2024-09-26 00:00:00,ACTIVO
1000329,272,6,Av. Los Pinos 4211,BT,7,2004-01-29 21:52:14,ACTIVO
1000330,273,1,Av. Progreso 1671,BT,6,2017-03-01 04:05:26,ACTIVO
1000331,274,15,Av. San Martín 9290,BT,6,2017-06-20 21:54:01,ACTIVO
1000332,275,41,Psje. Venezuela 795,BT,5,2009-03-02 11:32:19,SUSPENDIDO
1000333,276,26,Av. El Sol 6500,BT,5,2020-05-21 21:37:39,ACTIVO
1000334,276,26,Pasaje La Molina 3628,BT,5,2017-02-09 07:28:10,ACTIVO
1000335,276,26,Av. Venezuela 9786,BT,5,2010-06-26 20:08:10,ACTIVO
1000336,277,41,Calle Progreso 4894,BT,5,2006-11-08 04:08:04,SUSPENDIDO
1000337,278,24,Calle Venezuela 4800,BT,5,2019-01-18 23:41:06,ACTIVO
1000338,279,30,Calle San Martín 5550,BT,6,2011-11-02 04:26:40,ACTIVO
1000339,280,30,Psje. La Molina 5565,BT,4,2007-03-20 01:02:17,ACTIVO
1000340,281,7,Pasaje San Martín 197,BT,1,2004-10-16 23:39:01,ACTIVO
1000341,281,7,Pasaje Progreso 7339,BT,4,2012-06-01 18:10:51,ACTIVO
1000342,282,15,Jr. Universitaria 9759,BT,8,2018-11-22 08:43:19,ACTIVO
1000343,283,19,Pasaje Universitaria 5113,BT,3,2014-06-24 18:07:29,ACTIVO
1000344,284,1,Av. Panamericana 1534,BT,5,2015-01-24 04:56:23,INACTIVO
1000345,285,9,Psje. Venezuela 8787,BT,8,2005-05-15 19:08:58,ACTIVO
1000346,286,9,Psje. Progreso 3146,BT,1,2014-11-25 13:12:03,ACTIVO
1000347,287,9,Calle Grau 7409,BT,6,2009-01-12 22:35:06,ACTIVO
1000348,288,6,Psje. La Molina 9567,BT,2,2020-09-02 22:12:32,ACTIVO
1000349,289,28,Calle Venezuela 1588,BT,6,2000-12-29 01:09:04,ACTIVO
1000350,289,28,Calle Venezuela 4470,BT,1,2009-02-07 09:34:01,ACTIVO
1000351,290,26,Calle Universitaria 3077,BT,6,2014-10-19 22:29:39,ACTIVO
1000352,291,10,Calle El Sol 7056,BT,3,2010-02-12 15:13:42,ACTIVO
1000353,292,34,Av. Los Pinos 3885,BT,1,2020-05-05 20:40:45,ACTIVO
1000354,292,34,Jr. Bolívar 2407,BT,7,2018-01-23 05:30:03,ACTIVO
1000355,293,5,Pasaje Panamericana 2972,BT,6,2016-12-24 12:58:31,ACTIVO
1000356,294,19,Calle El Sol 3361,MT,4,2019-06-04 14:00:31,ACTIVO
1000357,295,15,Pasaje La Molina 1834,BT,2,2000-10-05 00:20:17,ACTIVO
1000358,296,15,Jr. San Martín 5728,BT,5,2002-07-17 22:58:21,ACTIVO
1000359,297,15,Psje. Bolívar 5263,BT,4,2014-08-25 10:09:10,ACTIVO
1000360,298,9,Pasaje Bolívar 8145,BT,1,2012-03-17 23:43:38,ACTIVO
1000361,298,9,Pasaje San Martín 8775,BT,4,2015-03-08 13:00:47,ACTIVO
1000362,299,7,Pasaje La Molina 2796,BT,4,2020-08-18 08:58:01,ACTIVO
1000363,300,28,Pasaje Universitaria 6190,BT,1,2015-04-12 10:01:35,ACTIVO
1000364,301,15,Pasaje El Sol 2765,BT,3,2003-07-26 23:55:42,ACTIVO
1000365,302,43,Pasaje Panamericana 1792,BT,1,2001-02-11 18:14:40,ACTIVO
1000366,303,12,Jr. El Sol 2490,BT,1,2004-05-25 14:05:29,ACTIVO
1000367,304,37,Av. Panamericana 9090,BT,2,2020-01-28 09:34:08,ACTIVO
1000368,305,43,Psje. La Molina 3423,BT,4,2008-04-17 20:05:59,ACTIVO
1000369,306,29,Calle Bolívar 3577,BT,3,2005-10-04 17:43:29,ACTIVO
1000370,307,38,Psje. Progreso 9198,BT,5,2019-06-15 13:35:41,ACTIVO
1000371,308,22,Psje. Bolívar 1810,BT,8,2017-06-07 21:01:35,ACTIVO
1000372,309,7,Pasaje Grau 6792,BT,3,2014-12-26 09:05:00,ACTIVO
1000373,310,9,Pasaje Panamericana 3182,BT,6,2009-09-27 02:50:11,ACTIVO
1000374,311,3,Jr. El Sol 2223,BT,4,2009-08-12 07:03:49,ACTIVO
1000375,312,36,Jr. Los Pinos 4827,BT,3,2018-01-13 01:54:22,ACTIVO
1000376,312,36,Pasaje Grau 5891,BT,1,2008-08-03 00:54:17,ACTIVO
1000377,313,41,Pasaje Universitaria 9799,MT,6,2001-01-26 03:07:08,ACTIVO
1000378,314,43,Pasaje El Sol 6291,BT,2,2012-02-26 13:21:41,ACTIVO
1000379,315,15,Av. Panamericana 3109,BT,5,2009-11-16 19:21:37,ACTIVO
1000380,315,15,Pasaje Los Pinos 2085,BT,4,2005-12-30 22:42:40,ACTIVO
1000381,316,15,Av. Universitaria 7613,BT,3,2007-01-29 22:50:20,ACTIVO
1000382,317,43,Pasaje Panamericana 5484,BT,3,2010-02-19 17:20:24,ACTIVO
1000383,317,43,Pasaje San Martín 2805,BT,1,2011-07-14 06:19:04,ACTIVO
1000384,317,43,Jr. La Molina 154,BT,4,2016-09-13 15:41:43,ACTIVO
1000385,318,43,Jr. Universitaria 5888,BT,8,2016-09-29 22:24:14,ACTIVO
1000386,318,43,Pasaje Universitaria 4055,BT,7,2001-09-18 19:00:02,ACTIVO
1000387,319,30,Jr. Los Pinos 8382,BT,5,2018-07-21 23:18:17,ACTIVO
1000388,320,7,Av. Panamericana 6246,BT,4,2009-10-22 09:47:04,ACTIVO
1000389,321,13,Pasaje Universitaria 5393,BT,1,2016-05-17 03:22:04,ACTIVO
1000390,322,21,Psje. Panamericana 3555,BT,1,2018-09-12 08:44:03,ACTIVO
1000391,323,29,Pasaje Los Pinos 6590,BT,2,2023-06-14 00:00:00,ACTIVO
1000392,324,15,Calle Progreso 9148,BT,5,2016-05-17 06:44:23,ACTIVO
1000393,325,13,Psje. Progreso 5733,BT,3,2005-05-24 16:59:53,ACTIVO
1000394,325,13,Av. San Martín 7116,BT,4,2002-02-05 08:21:15,ACTIVO
1000395,326,29,Psje. Universitaria 2081,BT,2,2012-07-17 19:08:53,ACTIVO
1000396,327,42,Av. Bolívar 905,BT,5,2000-11-03 13:06:28,ACTIVO
1000397,328,7,Psje. Venezuela 8741,BT,1,2024-05-19 00:00:00,ACTIVO
1000398,328,7,Pasaje La Molina 8078,BT,1,2010-02-04 19:32:25,ACTIVO
1000399,329,5,Jr. San Martín 1797,BT,1,2015-11-30 18:51:27,ACTIVO
1000400,329,5,Calle Universitaria 9393,BT,2,2010-01-23 08:04:49,ACTIVO
1000401,330,26,Psje. Los Pinos 8299,BT,3,2012-12-11 15:12:49,ACTIVO
1000402,331,37,Pasaje San Martín 5392,BT,2,2010-04-15 19:14:36,ACTIVO
1000403,332,3,Psje. Bolívar 9679,BT,4,2006-02-02 05:17:35,ACTIVO
1000404,333,23,Av. Los Pinos 9959,BT,2,2000-01-03 01:03:27,ACTIVO
1000405,334,5,Jr. San Martín 311,BT,6,2023-03-07 00:00:00,ACTIVO
1000406,335,5,Psje. San Martín 249,BT,5,2005-02-03 04:15:00,ACTIVO
1000407,336,13,Pasaje Bolívar 5051,BT,3,2004-10-28 08:07:39,ACTIVO
1000408,337,8,Calle Grau 6725,BT,8,2003-03-09 01:42:36,ACTIVO
1000409,338,7,Calle Universitaria 791,BT,4,2005-12-07 05:47:35,ACTIVO
1000410,338,7,Av. Venezuela 9397,BT,4,2017-10-18 19:04:09,ACTIVO
1000411,339,29,Calle Los Pinos 8854,BT,4,2000-05-13 08:33:06,ACTIVO
1000412,340,25,Jr. La Molina 4554,BT,1,2006-11-14 01:23:39,ACTIVO
1000413,340,25,Pasaje Panamericana 4963,BT,5,2011-08-21 00:23:41,ACTIVO
1000414,341,29,Psje. San Martín 3338,BT,5,2011-10-03 15:29:04,ACTIVO
1000415,342,39,Av. Universitaria 8377,BT,3,2020-06-15 18:44:20,ACTIVO
1000416,342,39,Psje. Panamericana 5432,BT,8,2021-09-03 00:00:00,ACTIVO
1000417,342,39,Psje. Venezuela 3366,BT,7,2010-05-19 10:07:16,ACTIVO
1000418,343,33,Calle Panamericana 9830,BT,6,2019-05-19 17:56:54,ACTIVO
1000419,343,33,Pasaje Bolívar 9577,BT,6,2001-10-13 11:41:03,INACTIVO
1000420,344,15,Psje. Bolívar 1654,BT,4,2010-01-24 20:34:46,ACTIVO
1000421,345,17,Calle Bolívar 8932,BT,1,2014-11-21 22:32:14,ACTIVO
1000422,346,7,Calle Grau 4368,BT,2,2000-12-17 23:52:41,ACTIVO
1000423,347,3,Calle Venezuela 6951,BT,8,2011-04-13 03:59:33,ACTIVO
1000424,348,38,Psje. Panamericana 5289,BT,2,2002-06-27 03:04:15,ACTIVO
1000425,349,29,Av. Los Pinos 9226,BT,4,2005-07-04 21:11:05,ACTIVO
1000426,350,9,Psje. Bolívar 7896,BT,6,2017-03-13 12:50:28,ACTIVO
1000427,351,10,Jr. La Molina 4022,BT,2,2011-01-28 11:02:50,ACTIVO
1000428,352,7,Calle Progreso 121,BT,6,2017-06-23 15:12:50,ACTIVO
1000429,353,13,Psje. El Sol 4577,BT,8,2003-05-03 22:52:07,ACTIVO
1000430,354,29,Pasaje Grau 7195,BT,2,2003-04-08 00:40:56,ACTIVO
1000431,355,20,Jr. La Molina 8018,BT,5,2010-11-17 02:56:10,ACTIVO
1000432,356,27,Jr. Bolívar 2307,BT,1,2014-11-07 11:19:36,ACTIVO
1000433,356,27,Psje. Venezuela 1096,BT,8,2020-03-27 20:47:45,ACTIVO
1000434,357,3,Pasaje Venezuela 3270,BT,2,2006-09-01 08:14:42,ACTIVO
1000435,358,43,Calle Universitaria 1252,BT,1,2020-02-03 12:43:13,ACTIVO
1000436,359,3,Psje. San Martín 6821,BT,2,2006-04-02 05:37:31,ACTIVO
1000437,359,3,Calle Universitaria 2594,BT,1,2018-12-31 23:35:18,ACTIVO
1000438,360,9,Jr. Grau 7586,BT,8,2010-11-06 11:25:12,ACTIVO
1000439,361,43,Pasaje Venezuela 1185,BT,1,2005-10-08 22:23:03,ACTIVO
1000440,362,20,Pasaje Venezuela 2057,BT,5,2000-02-11 05:19:26,ACTIVO
1000441,363,43,Av. La Molina 4080,BT,8,2018-07-28 08:02:00,ACTIVO
1000442,364,26,Pasaje Venezuela 6389,BT,7,2000-11-05 05:25:05,ACTIVO
1000443,365,15,Calle Progreso 8512,BT,3,2009-07-22 16:05:01,ACTIVO
1000444,366,15,Jr. Grau 1111,BT,7,2003-07-02 08:38:47,INACTIVO
1000445,367,4,Psje. San Martín 5659,BT,1,2000-01-07 16:49:25,ACTIVO
1000446,368,2,Psje. Venezuela 4460,BT,6,2010-11-20 06:28:20,ACTIVO
1000447,369,34,Av. San Martín 2597,BT,5,2005-04-04 15:50:16,ACTIVO
1000448,370,13,Pasaje San Martín 7625,MT,1,2013-09-03 15:06:55,INACTIVO
1000449,371,43,Pasaje Universitaria 2299,BT,3,2001-03-08 21:41:42,ACTIVO
1000450,372,3,Jr. Los Pinos 2004,BT,2,2005-07-02 11:22:46,ACTIVO
1000451,373,13,Psje. San Martín 2774,BT,8,2001-09-24 15:05:41,ACTIVO
1000452,374,3,Av. El Sol 9627,BT,3,2000-09-15 21:06:37,ACTIVO
1000453,375,30,Av. Panamericana 7910,BT,6,2019-03-15 00:00:00,ACTIVO
1000454,376,26,Pasaje Bolívar 9640,BT,3,2000-06-29 16:32:29,ACTIVO
1000455,377,29,Psje. Universitaria 6983,BT,2,2012-06-11 16:57:33,ACTIVO
1000456,377,29,Pasaje Grau 3803,BT,2,2016-06-03 13:22:08,ACTIVO
1000457,378,26,Jr. La Molina 4636,BT,5,2019-10-12 10:00:21,ACTIVO
1000458,379,38,Psje. San Martín 1098,BT,4,2016-07-05 00:01:16,ACTIVO
1000459,379,38,Jr. Bolívar 1014,BT,8,2002-05-08 08:26:34,ACTIVO
1000460,380,9,Jr. Venezuela 4797,BT,7,2020-06-18 08:54:23,ACTIVO
1000461,381,15,Pasaje Los Pinos 4269,BT,1,2005-09-01 05:49:20,SUSPENDIDO
1000462,382,30,Calle Los Pinos 4217,BT,5,2019-02-28 07:57:00,ACTIVO
1000463,383,26,Calle Universitaria 8611,BT,5,2012-06-30 20:20:56,ACTIVO
1000464,384,4,Av. San Martín 5091,BT,3,2003-01-02 22:19:52,ACTIVO
1000465,384,4,Calle El Sol 461,BT,4,2004-01-25 09:35:05,INACTIVO
1000466,385,33,Psje. Progreso 6332,BT,2,2011-12-12 05:50:51,ACTIVO
1000467,386,7,Pasaje El Sol 1843,BT,1,2015-02-15 18:46:54,ACTIVO
1000468,387,1,Psje. Progreso 8675,BT,2,2003-01-31 07:23:29,INACTIVO
1000469,388,26,Jr. Panamericana 3361,BT,4,2001-05-10 02:23:58,ACTIVO
1000470,389,27,Jr. Bolívar 6047,BT,1,2010-01-10 23:43:53,ACTIVO
1000471,389,27,Av. El Sol 6998,BT,3,2020-07-11 07:57:43,ACTIVO
1000472,390,13,Pasaje Panamericana 7991,BT,2,2007-02-19 04:50:50,ACTIVO
1000473,391,7,Jr. El Sol 7008,MT,6,2015-08-25 23:19:41,ACTIVO
1000474,392,5,Pasaje Universitaria 185,BT,3,2006-04-03 08:48:02,ACTIVO
1000475,393,6,Calle San Martín 5630,BT,5,2002-01-29 13:56:46,ACTIVO
1000476,394,33,Calle El Sol 2486,BT,8,2008-03-08 02:55:15,ACTIVO
1000477,394,33,Calle Los Pinos 4882,BT,1,2004-09-16 19:25:59,ACTIVO
1000478,395,19,Pasaje Universitaria 5164,BT,5,2019-06-08 07:23:37,ACTIVO
1000479,396,19,Av. Panamericana 5867,BT,8,2018-02-11 04:48:22,ACTIVO
1000480,397,13,Psje. Grau 4405,BT,3,2006-02-09 18:03:07,ACTIVO
1000481,398,42,Psje. Panamericana 8012,BT,4,2015-05-07 05:14:30,ACTIVO
1000482,399,29,Pasaje Venezuela 2133,BT,7,2018-07-29 05:11:29,ACTIVO
1000483,399,29,Psje. San Martín 3782,MT,1,2005-11-09 22:39:17,ACTIVO
1000484,400,19,Psje. La Molina 4676,BT,8,2011-03-06 11:45:06,ACTIVO
1000485,401,36,Av. Venezuela 7515,BT,2,2012-05-02 22:33:55,ACTIVO
1000486,402,26,Jr. Bolívar 7428,BT,2,2000-06-22 04:59:16,ACTIVO
1000487,403,4,Calle Panamericana 220,BT,2,2018-09-01 21:19:55,ACTIVO
1000488,404,7,Psje. Venezuela 8032,BT,7,2005-02-27 18:12:16,ACTIVO
1000489,405,13,Av. Grau 4189,BT,7,2007-08-01 09:01:41,ACTIVO
1000490,406,43,Av. Progreso 1406,BT,1,2019-08-26 17:25:57,ACTIVO
1000491,406,43,Calle El Sol 1700,BT,2,2013-07-27 14:20:30,ACTIVO
1000492,407,15,Jr. San Martín 7036,BT,7,2000-04-02 13:01:24,ACTIVO
1000493,407,15,Calle Venezuela 341,BT,6,2012-06-11 13:20:33,ACTIVO
1000494,408,7,Calle Grau 2688,BT,4,2007-10-16 17:10:48,ACTIVO
1000495,409,6,Pasaje Venezuela 5935,BT,5,2012-04-15 13:43:10,INACTIVO
1000496,409,6,Jr. Panamericana 8894,BT,7,2009-09-15 11:16:08,ACTIVO
1000497,410,7,Psje. Grau 8295,BT,6,2000-11-24 05:40:47,ACTIVO
1000498,411,38,Psje. Grau 2182,BT,5,2018-08-01 02:16:27,ACTIVO
1000499,411,38,Pasaje San Martín 7302,BT,5,2000-07-02 08:51:45,ACTIVO
1000500,412,15,Calle Venezuela 2640,BT,2,2013-11-25 21:53:48,ACTIVO
1000501,413,43,Calle Progreso 1314,BT,1,2017-02-22 22:12:17,ACTIVO
1000502,414,11,Psje. Panamericana 3640,BT,8,2002-01-06 03:27:27,ACTIVO
1000503,415,43,Jr. San Martín 7676,BT,8,2003-05-26 09:21:17,ACTIVO
1000504,415,43,Jr. Los Pinos 3737,BT,5,2000-04-28 04:08:44,ACTIVO
1000505,416,6,Pasaje El Sol 2118,BT,3,2017-11-11 00:49:39,ACTIVO
1000506,417,40,Pasaje Los Pinos 5574,BT,6,2004-01-17 05:19:25,ACTIVO
1000507,418,16,Calle Universitaria 2693,BT,1,2014-04-24 18:14:13,ACTIVO
1000508,419,15,Jr. Bolívar 7711,BT,8,2003-10-06 09:32:51,ACTIVO
1000509,420,3,Pasaje Bolívar 2270,BT,6,2002-10-14 10:31:17,ACTIVO
1000510,420,3,Psje. Bolívar 1110,BT,5,2002-04-26 17:43:46,ACTIVO
1000511,421,7,Psje. Grau 993,BT,6,2020-05-12 08:06:18,ACTIVO
1000512,422,5,Pasaje Universitaria 1297,BT,3,2018-07-30 14:37:11,ACTIVO
1000513,423,1,Av. Progreso 4799,BT,8,2004-04-28 23:07:39,ACTIVO
1000514,424,15,Psje. Universitaria 3504,BT,8,2020-12-04 04:33:28,ACTIVO
1000515,424,15,Psje. La Molina 3803,MT,7,2001-11-16 21:19:25,ACTIVO
1000516,425,9,Av. Progreso 5963,BT,2,2020-03-13 23:33:52,ACTIVO
1000517,426,13,Av. Los Pinos 6894,BT,4,2001-02-05 16:53:08,ACTIVO
1000518,427,21,Calle Bolívar 8399,BT,6,2009-12-16 12:37:20,ACTIVO
1000519,428,30,Calle Grau 6250,BT,1,2011-11-05 08:53:39,ACTIVO
1000520,429,3,Calle Grau 9346,BT,5,2020-05-03 03:29:41,ACTIVO
1000521,429,3,Pasaje Universitaria 4999,BT,1,2009-10-10 18:30:15,ACTIVO
1000522,430,7,Psje. Los Pinos 3858,BT,2,2004-05-18 09:33:44,ACTIVO
1000523,431,19,Psje. Venezuela 6123,BT,7,2006-02-03 02:57:16,ACTIVO
1000524,432,35,Psje. Progreso 5480,BT,7,2012-10-04 05:33:50,ACTIVO
1000525,433,39,Jr. Los Pinos 5125,MT,4,2010-11-22 18:53:49,ACTIVO
1000526,434,26,Calle Venezuela 6870,BT,7,2018-12-06 06:15:20,ACTIVO
1000527,435,36,Psje. Bolívar 4278,BT,8,2020-02-27 11:45:27,ACTIVO
1000528,436,43,Jr. Venezuela 5742,BT,3,2005-02-14 23:57:44,ACTIVO
1000529,437,3,Jr. Venezuela 4263,BT,8,2019-03-20 22:39:37,ACTIVO
1000530,438,34,Av. Progreso 7530,BT,3,2015-12-12 16:45:39,ACTIVO
1000531,439,15,Pasaje Universitaria 9256,BT,2,2007-01-07 05:15:10,ACTIVO
1000532,440,31,Jr. La Molina 8588,BT,7,2020-07-29 02:20:28,ACTIVO
1000533,440,31,Av. El Sol 2136,BT,2,2011-09-13 12:07:47,ACTIVO
1000534,441,41,Av. Universitaria 9868,BT,5,2018-10-22 17:57:31,ACTIVO
1000535,441,41,Jr. Bolívar 2487,BT,8,2007-04-13 17:11:36,ACTIVO
1000536,442,32,Calle San Martín 5775,BT,3,2003-03-21 01:27:05,ACTIVO
1000537,443,8,Psje. Progreso 8818,BT,3,2004-02-28 22:52:08,ACTIVO
1000538,443,8,Jr. Universitaria 5857,BT,7,2015-12-02 11:16:06,SUSPENDIDO
1000539,443,8,Av. El Sol 8908,BT,5,2019-07-04 13:13:59,ACTIVO
1000540,444,39,Jr. Bolívar 3405,BT,7,2018-08-21 12:00:08,ACTIVO
1000541,444,39,Jr. Bolívar 6119,BT,6,2002-08-16 11:07:12,ACTIVO
1000542,445,4,Jr. Venezuela 7581,MT,8,2013-02-19 06:40:42,ACTIVO
1000543,446,27,Calle Panamericana 6203,BT,5,2018-10-29 00:34:49,ACTIVO
1000544,447,33,Jr. Grau 8040,BT,8,2000-05-02 21:32:05,ACTIVO
1000545,447,33,Pasaje Universitaria 3749,BT,8,2004-06-20 04:50:16,ACTIVO
1000546,448,29,Calle Bolívar 4741,BT,6,2020-05-24 22:58:38,ACTIVO
1000547,448,29,Psje. Venezuela 5055,BT,2,2020-03-21 01:35:40,ACTIVO
1000548,449,30,Jr. Universitaria 3666,BT,6,2007-11-25 09:24:23,ACTIVO
1000549,450,3,Av. Venezuela 9651,BT,4,2012-02-13 19:37:39,ACTIVO
1000550,450,3,Calle Universitaria 4021,BT,6,2020-12-29 00:16:21,ACTIVO
1000551,451,15,Pasaje San Martín 8514,BT,5,2007-10-13 12:26:25,ACTIVO
1000552,452,39,Av. San Martín 1706,BT,2,2013-10-05 20:42:27,ACTIVO
1000553,453,43,Jr. Bolívar 625,BT,3,2011-08-01 13:12:32,ACTIVO
1000554,454,3,Jr. Venezuela 477,BT,4,2012-05-26 07:21:54,ACTIVO
1000555,455,7,Psje. Panamericana 9472,BT,5,2003-03-15 17:28:25,ACTIVO
1000556,456,30,Pasaje Panamericana 2816,BT,2,2002-05-14 18:06:07,ACTIVO
1000557,456,30,Pasaje La Molina 4829,BT,5,2018-11-30 14:09:30,ACTIVO
1000558,457,9,Av. Universitaria 6387,BT,7,2012-03-13 04:48:42,ACTIVO
1000559,458,7,Pasaje San Martín 2664,BT,2,2015-04-09 10:29:58,ACTIVO
1000560,458,7,Av. El Sol 1523,BT,3,2002-05-16 05:40:09,ACTIVO
1000561,458,7,Av. Bolívar 6575,BT,2,2010-03-01 04:02:23,ACTIVO
1000562,459,5,Av. Venezuela 8224,BT,3,2005-10-14 20:05:57,ACTIVO
1000563,460,18,Calle San Martín 1337,BT,2,2013-05-10 15:52:34,ACTIVO
1000564,461,28,Av. La Molina 9955,BT,6,2005-03-13 03:03:27,ACTIVO
1000565,461,28,Calle Panamericana 1279,BT,6,2024-12-28 00:00:00,ACTIVO
1000566,462,30,Pasaje Venezuela 1105,BT,4,2006-06-30 04:13:10,ACTIVO
1000567,463,7,Psje. Panamericana 9380,BT,5,2006-03-16 22:56:57,ACTIVO
1000568,464,4,Calle Universitaria 1769,BT,1,2011-09-27 10:51:49,ACTIVO
1000569,465,10,Jr. Los Pinos 6999,BT,3,2002-01-01 18:33:05,ACTIVO
1000570,466,13,Calle Venezuela 5797,MT,8,2000-04-25 04:35:18,ACTIVO
1000571,467,28,Jr. El Sol 8143,BT,3,2015-10-31 01:49:06,ACTIVO
1000572,468,8,Av. Bolívar 5033,BT,7,2018-01-04 01:36:59,ACTIVO
1000573,469,26,Calle San Martín 5062,BT,3,2002-05-18 02:37:56,ACTIVO
1000574,470,33,Jr. Universitaria 7786,BT,2,2015-10-08 18:34:31,ACTIVO
1000575,470,33,Pasaje Grau 5254,BT,8,2011-06-25 14:13:49,ACTIVO
1000576,471,15,Av. San Martín 7275,BT,2,2009-01-19 19:07:24,ACTIVO
1000577,472,13,Calle Universitaria 7933,BT,4,2005-09-10 13:19:40,ACTIVO
1000578,473,38,Jr. El Sol 3624,BT,5,2006-06-23 09:12:15,ACTIVO
1000579,474,7,Pasaje Venezuela 4328,BT,5,2007-04-27 23:56:55,ACTIVO
1000580,475,7,Calle Los Pinos 4102,BT,6,2012-09-17 11:34:21,ACTIVO
1000581,476,5,Pasaje La Molina 2295,BT,2,2004-09-29 22:20:49,INACTIVO
1000582,476,5,Calle La Molina 3261,BT,2,2013-01-09 21:52:38,INACTIVO
1000583,477,7,Psje. Bolívar 8609,BT,3,2020-08-03 07:46:43,ACTIVO
1000584,478,7,Pasaje La Molina 5567,BT,8,2020-11-12 22:12:29,ACTIVO
1000585,479,3,Jr. Universitaria 5492,BT,1,2015-06-28 17:09:26,ACTIVO
1000586,480,5,Av. Panamericana 6033,BT,5,2023-12-24 00:00:00,ACTIVO
1000587,480,5,Pasaje Venezuela 6752,BT,5,2006-11-23 09:42:17,ACTIVO
1000588,481,28,Pasaje Progreso 8320,BT,5,2014-09-03 21:05:10,ACTIVO
1000589,482,15,Pasaje Progreso 7594,BT,4,2007-08-22 03:08:55,ACTIVO
1000590,483,38,Pasaje Progreso 3740,BT,4,2015-03-23 09:46:55,ACTIVO
1000591,484,15,Calle Los Pinos 6887,BT,5,2001-11-22 07:08:25,ACTIVO
1000592,485,39,Pasaje Progreso 6322,BT,2,2007-12-23 11:29:57,ACTIVO
1000593,486,39,Pasaje El Sol 9168,BT,2,2016-01-22 19:16:01,ACTIVO
1000594,487,7,Jr. Venezuela 4098,BT,4,2010-03-31 12:08:55,ACTIVO
1000595,487,7,Psje. San Martín 5964,BT,5,2006-10-22 02:33:29,ACTIVO
1000596,487,7,Pasaje Panamericana 6592,BT,7,2013-04-27 11:17:21,ACTIVO
1000597,488,29,Jr. San Martín 1963,BT,3,2000-03-06 07:55:07,ACTIVO
1000598,489,40,Calle El Sol 9757,BT,7,2014-08-28 03:16:28,ACTIVO
1000599,490,30,Pasaje Venezuela 812,BT,7,2004-02-29 05:07:16,ACTIVO
1000600,490,30,Av. Panamericana 9462,MT,1,2016-10-24 12:54:21,ACTIVO
1000601,491,19,Jr. Progreso 6758,BT,2,2015-01-02 06:15:16,ACTIVO
1000602,492,38,Psje. Progreso 3084,BT,8,2005-04-22 20:06:10,ACTIVO
1000603,492,38,Pasaje Universitaria 4182,BT,4,2008-06-15 17:05:59,ACTIVO
1000604,492,38,Pasaje Los Pinos 6980,BT,5,2011-04-22 09:53:12,ACTIVO
1000605,493,15,Psje. San Martín 3418,BT,2,2011-01-15 17:56:58,ACTIVO
1000606,494,26,Pasaje San Martín 6621,BT,3,2019-03-14 23:56:58,ACTIVO
1000607,494,26,Jr. La Molina 5680,BT,8,2017-10-16 11:03:23,ACTIVO
1000608,494,26,Pasaje Progreso 9664,BT,1,2020-11-22 06:01:26,ACTIVO
1000609,495,3,Jr. San Martín 1345,BT,5,2001-10-31 06:57:11,ACTIVO
1000610,496,19,Calle La Molina 3568,BT,4,2015-08-17 14:36:07,ACTIVO
1000611,497,15,Av. Venezuela 6568,BT,6,2015-07-16 04:24:39,ACTIVO
1000612,498,31,Psje. Universitaria 1641,BT,4,2015-10-06 15:36:02,ACTIVO
1000613,499,21,Psje. La Molina 4134,BT,8,2008-07-28 20:48:47,ACTIVO
1000614,499,21,Psje. La Molina 9246,BT,5,2020-12-22 11:17:48,ACTIVO
1000615,499,21,Psje. San Martín 941,BT,3,2004-12-18 22:46:14,ACTIVO
1000616,500,25,Av. La Molina 4195,BT,1,2014-07-24 15:22:43,ACTIVO
1000617,501,43,Calle Bolívar 3020,BT,8,2005-07-27 06:02:16,ACTIVO
1000618,501,43,Jr. Los Pinos 6381,BT,1,2023-09-29 00:00:00,ACTIVO
1000619,502,11,Jr. La Molina 4998,BT,1,2013-06-16 17:26:28,ACTIVO
1000620,503,3,Calle Los Pinos 3992,BT,1,2010-03-30 07:55:59,ACTIVO
1000621,503,3,Calle La Molina 8398,BT,4,2014-04-21 08:16:22,ACTIVO
1000622,504,40,Av. El Sol 2255,BT,7,2002-04-30 21:47:28,ACTIVO
1000623,504,40,Jr. Grau 2986,BT,3,2015-07-02 16:44:24,SUSPENDIDO
1000624,505,7,Psje. El Sol 1415,BT,2,2002-03-30 14:36:07,ACTIVO
1000625,506,11,Psje. El Sol 4159,BT,5,2020-04-19 15:27:32,ACTIVO
1000626,506,11,Av. El Sol 2746,BT,8,2013-09-21 21:43:53,ACTIVO
1000627,506,11,Calle Progreso 201,BT,3,2016-05-25 06:41:43,ACTIVO
1000628,507,42,Pasaje El Sol 1507,BT,1,2011-04-06 19:43:54,ACTIVO
1000629,508,28,Av. Bolívar 7916,BT,8,2004-12-09 21:18:39,ACTIVO
1000630,509,26,Av. El Sol 9927,BT,3,2012-02-28 01:45:02,ACTIVO
1000631,510,43,Jr. La Molina 9542,BT,5,2010-03-11 00:15:07,ACTIVO
1000632,510,43,Calle El Sol 9119,BT,7,2003-04-16 09:13:23,ACTIVO
1000633,510,43,Pasaje La Molina 2555,BT,6,2013-01-25 14:08:41,ACTIVO
1000634,511,28,Jr. San Martín 3203,BT,2,2018-09-17 05:51:00,ACTIVO
1000635,512,7,Pasaje Venezuela 767,BT,4,2017-04-20 10:37:21,ACTIVO
1000636,513,35,Calle Bolívar 9642,BT,1,2004-07-06 13:59:46,ACTIVO
1000637,514,29,Av. Progreso 2928,BT,4,2008-12-06 14:06:58,ACTIVO
1000638,515,7,Av. Los Pinos 8912,BT,7,2004-06-23 10:35:06,ACTIVO
1000639,516,39,Jr. Los Pinos 2814,BT,2,2014-05-21 13:34:02,ACTIVO
1000640,516,39,Psje. Grau 1761,BT,3,2006-05-11 18:43:35,ACTIVO
1000641,517,22,Jr. Bolívar 7934,BT,4,2012-03-03 11:41:03,ACTIVO
1000642,517,22,Calle Universitaria 7004,BT,4,2003-04-17 04:23:06,ACTIVO
1000643,518,19,Calle La Molina 2572,BT,3,2001-08-27 04:02:56,ACTIVO
1000644,518,19,Av. Universitaria 4933,BT,2,2023-09-11 00:00:00,ACTIVO
1000645,518,19,Av. San Martín 7628,BT,1,2015-01-10 03:01:21,ACTIVO
1000646,519,28,Jr. Venezuela 3079,BT,6,2008-03-29 17:26:56,ACTIVO
1000647,519,28,Psje. Venezuela 6657,BT,3,2010-12-24 02:20:33,ACTIVO
1000648,520,35,Psje. Panamericana 3207,BT,8,2006-12-29 11:41:41,ACTIVO
1000649,521,4,Av. Panamericana 5012,BT,6,2011-02-10 11:10:44,ACTIVO
1000650,522,39,Av. Grau 4262,BT,2,2002-09-04 14:05:10,ACTIVO
1000651,523,42,Jr. Universitaria 8497,BT,5,2006-05-12 19:03:43,ACTIVO
1000652,524,33,Av. Bolívar 9255,BT,4,2009-06-21 03:34:02,ACTIVO
1000653,525,7,Psje. San Martín 1449,BT,8,2020-10-19 22:28:12,ACTIVO
1000654,525,7,Av. Universitaria 8825,BT,5,2016-04-08 14:41:29,ACTIVO
1000655,526,15,Jr. Los Pinos 452,BT,7,2018-02-27 09:38:43,ACTIVO
1000656,527,38,Av. Grau 2964,BT,4,2002-07-06 16:25:30,ACTIVO
1000657,528,7,Av. Bolívar 5170,BT,6,2008-03-31 07:27:41,ACTIVO
1000658,528,7,Av. San Martín 4706,BT,4,2020-11-02 13:30:37,INACTIVO
1000659,529,5,Av. El Sol 5444,BT,6,2019-02-02 03:22:20,ACTIVO
1000660,530,41,Calle Venezuela 342,BT,3,2003-05-06 00:52:01,ACTIVO
1000661,531,29,Jr. Los Pinos 6310,BT,3,2009-01-01 00:13:35,ACTIVO
1000662,532,30,Calle Panamericana 2132,BT,4,2013-10-03 16:28:32,ACTIVO
1000663,533,43,Psje. San Martín 6531,BT,7,2017-05-28 03:48:56,ACTIVO
1000664,534,9,Pasaje El Sol 9986,BT,5,2010-08-27 19:42:47,ACTIVO
1000665,535,9,Pasaje Grau 6257,BT,8,2012-08-11 21:31:07,ACTIVO
1000666,536,5,Av. Venezuela 9792,BT,8,2008-11-21 02:55:52,ACTIVO
1000667,537,31,Calle Bolívar 3988,BT,7,2019-04-21 20:55:48,ACTIVO
1000668,538,22,Jr. Grau 1344,BT,6,2012-05-30 09:38:40,SUSPENDIDO
1000669,539,15,Calle Los Pinos 3368,BT,8,2007-09-03 15:41:14,ACTIVO
1000670,540,9,Calle Bolívar 9944,BT,1,2012-08-26 05:33:59,ACTIVO
1000671,541,19,Calle Panamericana 5026,BT,4,2007-12-21 03:08:03,ACTIVO
1000672,542,26,Calle El Sol 1415,BT,7,2011-11-27 13:20:37,ACTIVO
1000673,543,13,Calle Bolívar 5146,BT,8,2010-06-12 03:16:12,ACTIVO
1000674,544,42,Psje. Los Pinos 8359,BT,1,2001-10-31 22:53:45,ACTIVO
1000675,545,19,Psje. Panamericana 2966,BT,5,2000-12-21 13:59:23,ACTIVO
1000676,546,17,Calle La Molina 4045,BT,7,2017-08-30 07:40:22,ACTIVO
1000677,546,17,Av. La Molina 7022,MT,7,2002-08-10 17:50:25,ACTIVO
1000678,546,17,Psje. Universitaria 9285,BT,5,2000-10-26 05:37:24,ACTIVO
1000679,547,9,Pasaje La Molina 1707,MT,8,2006-04-07 21:17:29,ACTIVO
1000680,547,9,Calle El Sol 9382,BT,8,2016-02-21 05:44:55,ACTIVO
1000681,548,39,Av. Grau 976,BT,4,2004-08-10 04:44:19,ACTIVO
1000682,549,28,Av. Panamericana 2142,BT,6,2015-11-26 14:10:15,ACTIVO
1000683,550,43,Jr. Grau 889,BT,2,2014-01-21 14:41:24,ACTIVO
1000684,551,34,Psje. San Martín 9255,BT,7,2011-11-15 06:12:45,ACTIVO
1000685,552,25,Jr. Bolívar 2452,BT,5,2015-09-30 12:35:02,SUSPENDIDO
1000686,553,39,Psje. Grau 2625,BT,7,2003-07-22 06:49:28,ACTIVO
1000687,554,4,Jr. Bolívar 5255,BT,5,2007-08-08 09:16:00,ACTIVO
1000688,555,13,Calle El Sol 7882,BT,3,2014-05-04 16:54:56,ACTIVO
1000689,555,13,Calle Bolívar 2251,BT,5,2007-06-10 15:35:04,ACTIVO
1000690,556,13,Jr. Grau 1504,BT,5,2000-08-02 09:01:43,ACTIVO
1000691,557,15,Calle San Martín 8981,BT,5,2009-03-18 22:10:46,ACTIVO
1000692,558,9,Calle Progreso 7935,BT,8,2001-08-17 03:08:02,ACTIVO
1000693,559,29,Jr. Universitaria 6290,BT,2,2003-05-20 16:47:40,ACTIVO
1000694,560,28,Jr. La Molina 6624,BT,2,2017-03-21 17:18:42,ACTIVO
1000695,561,38,Jr. Los Pinos 7267,BT,2,2017-08-21 16:50:34,ACTIVO
1000696,561,38,Av. Universitaria 4535,MT,2,2013-01-06 12:49:49,ACTIVO
1000697,562,10,Calle Venezuela 5588,BT,8,2008-11-28 12:58:47,ACTIVO
1000698,563,28,Av. San Martín 6557,BT,6,2017-02-27 16:38:42,ACTIVO
1000699,564,29,Pasaje El Sol 7138,BT,2,2005-12-05 13:32:55,ACTIVO
1000700,565,39,Calle Los Pinos 1169,BT,4,2001-10-14 21:21:37,ACTIVO
1000701,566,15,Av. La Molina 5405,BT,8,2005-12-14 03:14:01,ACTIVO
1000702,567,9,Pasaje El Sol 7690,BT,6,2013-06-17 02:04:26,ACTIVO
1000703,568,15,Pasaje Grau 8350,BT,8,2007-01-23 23:26:07,ACTIVO
1000704,568,15,Pasaje Bolívar 6618,BT,6,2019-01-25 03:00:41,ACTIVO
1000705,569,43,Av. San Martín 2214,BT,2,2001-03-01 12:56:49,ACTIVO
1000706,570,29,Pasaje El Sol 4414,BT,1,2016-05-02 16:50:32,ACTIVO
1000707,570,29,Pasaje Universitaria 6929,BT,1,2017-02-25 16:35:18,ACTIVO
1000708,571,26,Pasaje Los Pinos 1207,BT,5,2015-02-23 18:03:39,ACTIVO
1000709,572,17,Pasaje Grau 2510,BT,7,2002-05-28 03:21:59,ACTIVO
1000710,573,7,Av. El Sol 4178,BT,5,2008-04-22 06:16:28,ACTIVO
1000711,574,24,Jr. Grau 5423,BT,2,2003-12-10 05:37:11,ACTIVO
1000712,575,11,Av. La Molina 9628,BT,3,2020-01-07 02:09:04,ACTIVO
1000713,576,43,Jr. Los Pinos 5664,BT,4,2004-11-26 13:58:33,ACTIVO
1000714,577,38,Av. La Molina 3286,BT,6,2016-01-06 03:00:09,ACTIVO
1000715,578,34,Pasaje Los Pinos 8814,BT,2,2007-10-29 11:10:08,ACTIVO
1000716,579,7,Calle La Molina 7505,BT,6,2012-02-07 20:49:00,ACTIVO
1000717,580,33,Calle Progreso 7777,BT,5,2002-11-05 02:39:04,ACTIVO
1000718,580,33,Psje. Venezuela 6688,BT,4,2011-07-12 07:14:58,ACTIVO
1000719,581,26,Av. Progreso 3961,BT,5,2010-12-23 08:09:30,ACTIVO
1000720,582,3,Jr. Los Pinos 3282,BT,7,2019-10-08 14:26:58,ACTIVO
1000721,583,15,Jr. Los Pinos 2408,BT,7,2007-03-26 10:59:13,ACTIVO
1000722,584,19,Jr. El Sol 2162,BT,2,2018-06-18 02:11:44,ACTIVO
1000723,584,19,Jr. Progreso 4140,BT,2,2008-08-07 11:28:26,ACTIVO
1000724,585,3,Av. Los Pinos 7959,BT,1,2020-05-02 20:06:50,ACTIVO
1000725,586,43,Jr. San Martín 2828,BT,7,2019-09-20 14:43:34,ACTIVO
1000726,587,39,Av. Venezuela 2761,BT,6,2004-05-11 06:23:56,ACTIVO
1000727,587,39,Calle Grau 6738,BT,2,2011-06-17 00:57:28,SUSPENDIDO
1000728,588,27,Jr. Grau 7050,BT,7,2014-02-14 18:16:30,ACTIVO
1000729,588,27,Av. Progreso 7801,BT,6,2015-09-01 19:03:10,ACTIVO
1000730,588,27,Pasaje Progreso 9045,BT,1,2006-02-26 11:37:53,ACTIVO
1000731,589,7,Psje. Panamericana 1843,BT,4,2014-01-24 10:58:06,ACTIVO
1000732,590,10,Av. San Martín 1890,BT,8,2008-11-04 23:46:45,ACTIVO
1000733,590,10,Jr. Venezuela 7556,BT,6,2013-11-14 15:26:02,ACTIVO
1000734,591,3,Psje. San Martín 1255,BT,8,2017-01-07 22:07:19,ACTIVO
1000735,592,7,Pasaje Progreso 3529,BT,1,2001-10-20 16:31:06,ACTIVO
1000736,593,35,Av. Universitaria 3636,BT,1,2020-10-20 23:15:01,ACTIVO
1000737,594,3,Av. Bolívar 6629,BT,2,2012-09-18 20:39:46,ACTIVO
1000738,595,24,Psje. El Sol 9704,BT,6,2020-04-03 05:28:10,ACTIVO
1000739,596,26,Jr. Universitaria 7600,BT,3,2000-09-29 22:52:52,ACTIVO
1000740,597,18,Pasaje Venezuela 5620,MT,7,2010-08-27 05:19:44,ACTIVO
1000741,598,40,Jr. Panamericana 9390,BT,6,2018-09-27 10:06:19,ACTIVO
1000742,599,13,Av. Venezuela 4518,BT,1,2010-06-11 06:10:53,ACTIVO
1000743,600,42,Calle Panamericana 7371,BT,6,2009-11-05 08:48:48,ACTIVO
1000744,601,3,Jr. La Molina 939,BT,7,2000-07-09 01:30:00,ACTIVO
1000745,602,15,Jr. El Sol 6416,BT,5,2016-04-26 09:04:33,ACTIVO
1000746,602,15,Pasaje San Martín 670,BT,7,2006-08-17 03:29:51,ACTIVO
1000747,603,15,Jr. La Molina 3486,BT,1,2013-02-15 04:06:25,ACTIVO
1000748,603,15,Av. Universitaria 6594,BT,2,2011-08-16 19:40:19,ACTIVO
1000749,604,15,Psje. La Molina 6726,BT,2,2002-11-11 18:04:36,ACTIVO
1000750,605,4,Calle Universitaria 491,BT,7,2012-04-13 16:31:12,ACTIVO
1000751,606,5,Jr. Progreso 6181,BT,4,2008-07-16 12:17:22,ACTIVO
1000752,607,15,Av. Universitaria 7146,BT,5,2015-09-18 07:37:32,ACTIVO
1000753,608,5,Jr. Grau 9887,BT,8,2011-06-24 16:29:04,ACTIVO
1000754,609,9,Jr. Grau 4187,BT,5,2002-09-03 17:02:31,ACTIVO
1000755,610,33,Jr. El Sol 9953,BT,5,2011-09-22 04:50:03,ACTIVO
1000756,611,8,Pasaje La Molina 5957,BT,3,2017-05-16 13:09:59,ACTIVO
1000757,612,4,Pasaje La Molina 8463,BT,2,2011-03-16 17:13:32,ACTIVO
1000758,613,28,Psje. El Sol 9570,MT,5,2003-12-14 23:31:19,ACTIVO
1000759,614,7,Calle San Martín 720,BT,6,2011-05-26 14:50:51,ACTIVO
1000760,615,13,Av. Progreso 5734,BT,7,2005-04-06 17:22:16,ACTIVO
1000761,616,29,Av. Universitaria 2173,MT,8,2018-09-30 13:45:38,ACTIVO
1000762,617,13,Pasaje Universitaria 352,BT,8,2014-03-30 21:04:57,ACTIVO
1000763,618,43,Jr. Universitaria 1329,BT,5,2015-12-19 13:32:50,ACTIVO
1000764,619,30,Pasaje Universitaria 9820,BT,8,2011-06-02 10:50:07,ACTIVO
1000765,620,9,Calle Venezuela 8060,BT,6,2006-02-10 12:33:30,ACTIVO
1000766,621,7,Psje. Los Pinos 3435,BT,5,2001-05-14 06:43:47,ACTIVO
1000767,622,30,Jr. Los Pinos 9255,BT,1,2001-03-31 18:25:39,ACTIVO
1000768,623,19,Pasaje Universitaria 9329,BT,3,2004-07-31 11:18:12,ACTIVO
1000769,623,19,Psje. El Sol 1935,BT,3,2010-05-15 19:08:18,ACTIVO
1000770,623,19,Calle Bolívar 5639,BT,8,2008-04-16 21:20:26,ACTIVO
1000771,624,5,Av. Panamericana 4395,BT,4,2012-10-23 17:04:16,ACTIVO
1000772,625,30,Av. Bolívar 1548,BT,3,2017-07-10 09:50:32,ACTIVO
1000773,625,30,Jr. La Molina 1196,BT,2,2023-08-07 00:00:00,ACTIVO
1000774,626,38,Psje. Panamericana 6899,BT,5,2016-05-15 10:37:24,ACTIVO
1000775,626,38,Psje. San Martín 7755,BT,2,2016-12-09 13:56:46,ACTIVO
1000776,627,20,Av. Universitaria 3456,BT,4,2004-01-01 01:40:48,ACTIVO
1000777,628,43,Av. La Molina 7902,BT,5,2003-05-27 23:34:08,ACTIVO
1000778,629,15,Calle Universitaria 9614,BT,3,2004-02-07 08:15:55,ACTIVO
1000779,630,15,Pasaje El Sol 8059,BT,8,2007-10-30 21:00:43,ACTIVO
1000780,631,30,Calle La Molina 8825,BT,5,2002-02-11 22:37:35,ACTIVO
1000781,632,43,Calle Los Pinos 9244,BT,8,2010-09-25 13:24:05,ACTIVO
1000782,632,43,Pasaje Venezuela 799,BT,1,2004-06-28 10:33:37,ACTIVO
1000783,632,43,Calle Universitaria 9808,MT,6,2005-07-03 04:17:56,ACTIVO
1000784,633,7,Calle Panamericana 3196,BT,2,2016-08-22 00:02:16,ACTIVO
1000785,634,9,Jr. Grau 1956,BT,1,2011-11-20 18:27:50,ACTIVO
1000786,635,11,Calle El Sol 3488,BT,1,2012-10-22 20:08:41,ACTIVO
1000787,636,20,Calle Progreso 7718,BT,6,2004-08-11 10:27:50,ACTIVO
1000788,637,38,Psje. San Martín 5061,BT,4,2002-01-15 05:02:36,ACTIVO
1000789,638,7,Pasaje Progreso 9515,BT,7,2015-09-04 01:24:01,ACTIVO
1000790,639,40,Psje. Panamericana 9898,BT,1,2007-01-13 09:32:53,INACTIVO
1000791,640,26,Pasaje Universitaria 3080,BT,6,2009-09-12 02:58:35,ACTIVO
1000792,640,26,Calle San Martín 2502,BT,2,2001-03-25 01:16:28,ACTIVO
1000793,641,7,Psje. Bolívar 9249,BT,6,2004-10-17 20:44:32,ACTIVO
1000794,642,13,Calle La Molina 1114,BT,8,2016-08-18 18:56:21,ACTIVO
1000795,643,43,Psje. Los Pinos 810,BT,4,2008-08-29 16:32:13,ACTIVO
1000796,644,39,Pasaje Los Pinos 228,BT,8,2013-01-31 00:13:32,ACTIVO
1000797,645,9,Av. Bolívar 7997,BT,8,2006-01-17 15:57:34,ACTIVO
1000798,646,7,Calle Universitaria 2866,BT,1,2016-05-16 23:18:41,ACTIVO
1000799,647,37,Calle El Sol 971,BT,5,2009-03-30 10:02:54,ACTIVO
1000800,648,3,Av. Venezuela 1425,BT,6,2009-06-06 11:09:24,ACTIVO
1000801,648,3,Av. San Martín 4559,BT,4,2017-01-21 16:53:07,ACTIVO
1000802,649,19,Jr. Progreso 9268,BT,8,2001-03-19 00:11:48,ACTIVO
1000803,649,19,Pasaje San Martín 352,BT,1,2007-09-06 16:30:27,ACTIVO
1000804,650,43,Calle Panamericana 360,BT,1,2011-06-02 17:47:17,ACTIVO
1000805,651,26,Av. San Martín 8490,BT,3,2019-03-09 23:10:13,ACTIVO
1000806,652,15,Jr. Progreso 5052,BT,5,2008-08-29 02:58:01,ACTIVO
1000807,653,23,Jr. Los Pinos 6435,BT,7,2010-04-23 17:52:39,ACTIVO
1000808,654,43,Psje. El Sol 7798,BT,3,2012-10-23 05:38:06,ACTIVO
1000809,655,30,Pasaje Progreso 8697,BT,4,2019-11-08 17:06:58,ACTIVO
1000810,656,21,Jr. Bolívar 6969,BT,4,2014-04-22 18:49:34,ACTIVO
1000811,657,28,Psje. Los Pinos 9260,BT,1,2022-08-21 00:00:00,ACTIVO
1000812,658,5,Av. San Martín 7748,BT,6,2015-12-16 14:54:47,ACTIVO
1000813,659,17,Calle El Sol 6535,BT,8,2018-04-28 06:26:46,ACTIVO
1000814,660,29,Jr. La Molina 509,BT,3,2004-04-23 17:59:57,ACTIVO
1000815,660,29,Av. San Martín 4552,BT,6,2016-03-12 22:10:35,ACTIVO
1000816,661,28,Calle Los Pinos 972,BT,1,2001-03-16 14:50:36,ACTIVO
1000817,662,18,Pasaje San Martín 6074,BT,1,2011-12-25 10:12:18,ACTIVO
1000818,663,40,Calle Grau 9701,BT,5,2005-08-11 00:02:50,ACTIVO
1000819,664,3,Av. La Molina 4583,BT,8,2009-01-21 03:46:26,ACTIVO
1000820,665,28,Jr. Los Pinos 8122,BT,6,2024-06-19 00:00:00,ACTIVO
1000821,666,7,Calle La Molina 1267,BT,2,2014-11-16 17:33:21,ACTIVO
1000822,667,15,Jr. Universitaria 5983,BT,5,2002-10-07 10:53:35,ACTIVO
1000823,667,15,Jr. San Martín 3218,BT,2,2007-11-04 20:10:01,ACTIVO
1000824,668,39,Av. El Sol 7556,BT,3,2000-05-24 20:09:35,ACTIVO
1000825,669,3,Calle Grau 1139,BT,4,2007-08-07 10:58:41,ACTIVO
1000826,670,35,Av. Universitaria 3721,BT,4,2002-09-08 04:05:41,ACTIVO
1000827,671,26,Av. Los Pinos 8534,BT,5,2001-04-15 19:42:27,ACTIVO
1000828,672,35,Calle Panamericana 134,BT,6,2012-03-12 09:35:53,ACTIVO
1000829,673,34,Jr. El Sol 275,BT,5,2001-08-22 14:59:20,ACTIVO
1000830,674,3,Calle Bolívar 1056,BT,2,2015-04-11 16:22:05,ACTIVO
1000831,675,26,Jr. Bolívar 9528,BT,8,2006-07-18 06:43:10,ACTIVO
1000832,676,15,Av. Bolívar 5197,BT,5,2014-05-13 05:43:11,ACTIVO
1000833,677,20,Av. Grau 9155,BT,6,2014-12-20 20:16:32,ACTIVO
1000834,678,5,Av. El Sol 6567,BT,3,2019-05-11 04:00:48,ACTIVO
1000835,679,10,Av. Venezuela 5763,BT,4,2010-10-31 11:58:13,ACTIVO
1000836,680,42,Av. Panamericana 402,BT,5,2016-08-07 00:36:04,ACTIVO
1000837,681,25,Psje. Venezuela 1075,BT,2,2001-10-30 12:56:07,ACTIVO
1000838,682,15,Jr. Progreso 5206,BT,3,2015-12-26 19:52:57,ACTIVO
1000839,683,28,Pasaje Panamericana 280,BT,6,2001-05-16 22:34:54,ACTIVO
1000840,684,43,Pasaje San Martín 7086,BT,8,2013-03-25 16:32:14,ACTIVO
1000841,685,3,Av. Panamericana 4753,BT,7,2016-06-04 19:25:41,ACTIVO
1000842,686,26,Psje. Venezuela 6730,BT,4,2001-07-28 11:44:51,ACTIVO
1000843,687,43,Jr. Grau 4374,BT,1,2001-07-25 13:39:16,ACTIVO
1000844,688,43,Av. Venezuela 3648,BT,4,2007-01-31 15:17:50,ACTIVO
1000845,689,9,Av. San Martín 1079,MT,7,2016-06-21 17:53:59,ACTIVO
1000846,690,15,Jr. Universitaria 8666,BT,4,2011-11-25 06:34:35,ACTIVO
1000847,690,15,Jr. Los Pinos 3153,BT,7,2005-12-03 05:00:31,ACTIVO
1000848,691,28,Av. Grau 4689,BT,7,2012-09-11 15:36:07,ACTIVO
1000849,692,7,Calle Grau 6954,BT,1,2015-10-27 10:36:51,ACTIVO
1000850,693,30,Psje. Panamericana 9834,BT,6,2006-08-04 21:35:52,ACTIVO
1000851,694,43,Psje. El Sol 646,BT,7,2018-02-16 23:04:43,ACTIVO
1000852,695,28,Psje. Bolívar 7488,BT,2,2015-01-16 12:18:53,ACTIVO
1000853,696,7,Av. Panamericana 7636,BT,7,2004-04-14 15:23:02,ACTIVO
1000854,697,9,Jr. El Sol 8450,BT,4,2011-09-28 13:02:29,ACTIVO
1000855,698,13,Jr. Bolívar 1934,BT,5,2005-07-14 18:57:19,ACTIVO
1000856,699,30,Psje. Bolívar 7023,BT,7,2016-07-17 14:10:11,ACTIVO
1000857,700,29,Jr. Progreso 2045,BT,5,2024-12-12 00:00:00,ACTIVO
1000858,701,7,Calle San Martín 5126,MT,2,2020-03-19 16:24:39,ACTIVO
1000859,702,3,Calle Bolívar 5207,BT,8,2015-07-30 13:53:04,ACTIVO
1000860,703,10,Psje. Venezuela 356,BT,3,2015-12-18 04:12:53,ACTIVO
1000861,704,19,Pasaje Venezuela 4040,BT,1,2008-12-27 19:04:36,ACTIVO
1000862,705,15,Av. San Martín 3691,BT,8,2016-10-28 10:34:59,ACTIVO
1000863,706,18,Pasaje Universitaria 8220,BT,2,2004-08-22 18:51:03,ACTIVO
1000864,707,9,Calle Progreso 6860,BT,5,2020-05-07 15:10:58,ACTIVO
1000865,707,9,Av. Grau 9376,BT,5,2009-12-30 18:00:53,ACTIVO
1000866,707,9,Jr. Progreso 9693,BT,3,2010-01-02 13:34:56,ACTIVO
1000867,708,28,Jr. El Sol 1504,BT,7,2020-02-15 02:35:18,ACTIVO
1000868,709,19,Pasaje Los Pinos 8813,BT,8,2015-11-25 22:39:35,ACTIVO
1000869,710,25,Calle Progreso 7717,BT,5,2015-04-30 11:30:44,SUSPENDIDO
1000870,711,9,Psje. Progreso 1653,BT,7,2014-07-12 23:19:06,ACTIVO
1000871,711,9,Pasaje Panamericana 3833,BT,6,2004-02-07 18:37:47,INACTIVO
1000872,712,9,Pasaje Progreso 4364,BT,2,2015-08-15 09:45:28,ACTIVO
1000873,713,8,Pasaje Progreso 2392,BT,3,2014-12-14 18:26:21,ACTIVO
1000874,714,19,Calle San Martín 7679,BT,7,2013-03-18 09:13:50,ACTIVO
1000875,715,15,Av. San Martín 4562,BT,4,2016-12-24 18:47:34,ACTIVO
1000876,716,30,Jr. La Molina 7859,BT,7,2019-03-01 10:42:03,ACTIVO
1000877,717,15,Psje. Panamericana 3954,BT,4,2005-07-22 08:55:28,ACTIVO
1000878,718,43,Pasaje Grau 2455,BT,3,2007-01-07 03:28:31,ACTIVO
1000879,719,15,Pasaje Panamericana 8333,BT,1,2004-03-16 09:06:35,ACTIVO
1000880,719,15,Calle Universitaria 9740,BT,5,2015-05-08 17:57:54,ACTIVO
1000881,719,15,Psje. San Martín 3450,BT,3,2009-06-18 00:02:58,ACTIVO
1000882,720,26,Av. Progreso 7219,BT,7,2006-04-30 06:40:38,ACTIVO
1000883,720,26,Pasaje Progreso 3222,BT,7,2000-09-21 19:46:25,ACTIVO
1000884,721,13,Psje. Progreso 5241,BT,2,2007-06-03 05:15:59,ACTIVO
1000885,722,29,Pasaje El Sol 3455,BT,1,2008-12-24 20:02:41,ACTIVO
1000886,723,3,Pasaje Venezuela 2249,BT,5,2018-10-05 01:46:37,ACTIVO
1000887,724,43,Psje. Grau 9244,BT,7,2004-12-14 13:09:09,ACTIVO
1000888,725,2,Calle Los Pinos 1856,BT,2,2009-03-08 04:49:18,ACTIVO
1000889,725,2,Av. Bolívar 4658,BT,6,2014-04-06 07:19:59,ACTIVO
1000890,726,28,Calle La Molina 2652,BT,8,2013-06-21 15:34:01,ACTIVO
1000891,727,43,Av. Los Pinos 9571,BT,4,2019-12-25 19:49:59,ACTIVO
1000892,728,31,Calle Bolívar 7734,BT,8,2004-10-18 11:30:58,ACTIVO
1000893,729,16,Calle Los Pinos 3042,BT,6,2016-10-26 14:14:48,ACTIVO
1000894,730,3,Calle Grau 2089,BT,6,2013-01-18 20:31:47,ACTIVO
1000895,731,19,Pasaje Progreso 4116,BT,7,2003-07-11 17:05:49,ACTIVO
1000896,732,7,Calle La Molina 8804,BT,8,2011-01-08 20:37:41,ACTIVO
1000897,733,16,Av. Los Pinos 396,BT,5,2002-08-20 05:10:53,ACTIVO
1000898,734,3,Pasaje Venezuela 9449,BT,7,2014-08-28 02:51:05,ACTIVO
1000899,735,11,Psje. Panamericana 719,BT,6,2002-08-05 01:44:47,ACTIVO
1000900,735,11,Psje. El Sol 8179,BT,7,2003-10-22 07:17:16,ACTIVO
1000901,736,19,Jr. Universitaria 4606,BT,6,2008-01-29 05:46:49,ACTIVO
1000902,737,28,Jr. Panamericana 514,BT,5,2005-06-30 05:12:35,ACTIVO
1000903,738,26,Psje. La Molina 8567,BT,2,2015-10-11 12:55:31,ACTIVO
1000904,739,25,Calle Progreso 6827,BT,5,2009-06-08 01:25:56,ACTIVO
1000905,740,9,Psje. San Martín 6989,BT,1,2006-10-10 18:01:41,INACTIVO
1000906,741,30,Jr. Panamericana 266,MT,1,2017-11-13 18:54:52,ACTIVO
1000907,742,13,Psje. Universitaria 245,BT,7,2011-05-20 19:54:55,ACTIVO
1000908,743,40,Psje. El Sol 2967,BT,1,2008-06-29 09:28:15,ACTIVO
1000909,743,40,Psje. San Martín 2504,BT,2,2015-10-31 12:04:44,ACTIVO
1000910,744,3,Pasaje Bolívar 1078,BT,7,2003-06-11 06:17:28,ACTIVO
1000911,745,34,Jr. Grau 4411,BT,8,2007-01-26 16:03:46,ACTIVO
1000912,746,28,Calle Venezuela 3145,BT,4,2020-09-03 07:57:10,ACTIVO
1000913,747,43,Av. El Sol 317,BT,1,2007-06-28 11:39:21,ACTIVO
1000914,748,7,Psje. Grau 4028,BT,4,2011-12-03 11:13:16,ACTIVO
1000915,749,7,Calle Panamericana 9726,BT,3,2003-08-25 01:16:43,ACTIVO
1000916,750,43,Av. Panamericana 6823,BT,7,2014-08-02 03:21:16,ACTIVO
1000917,751,3,Psje. Los Pinos 7393,BT,1,2021-12-17 00:00:00,ACTIVO
1000918,751,3,Jr. Bolívar 8775,BT,1,2014-04-06 15:46:37,ACTIVO
1000919,752,37,Av. Los Pinos 943,BT,2,2004-07-17 06:56:01,ACTIVO
1000920,752,37,Jr. San Martín 9239,BT,6,2008-01-16 11:05:58,ACTIVO
1000921,753,14,Jr. Panamericana 4103,BT,4,2018-07-27 10:40:21,ACTIVO
1000922,754,11,Psje. Los Pinos 5105,BT,2,2019-09-17 16:51:25,SUSPENDIDO
1000923,755,3,Av. Venezuela 3519,BT,1,2002-06-23 06:40:46,ACTIVO
1000924,756,9,Jr. La Molina 5989,BT,6,2016-06-25 20:24:38,ACTIVO
1000925,757,7,Jr. Grau 3550,BT,8,2016-02-24 05:21:22,ACTIVO
1000926,758,7,Jr. La Molina 6696,BT,6,2009-05-17 10:54:57,ACTIVO
1000927,759,30,Calle Los Pinos 135,BT,4,2020-04-08 10:44:18,ACTIVO
1000928,760,31,Pasaje Bolívar 2916,MT,6,2024-12-02 00:00:00,ACTIVO
1000929,761,37,Calle Venezuela 1771,BT,6,2002-07-08 23:24:32,ACTIVO
1000930,762,12,Pasaje Panamericana 3945,BT,4,2005-06-07 09:19:39,ACTIVO
1000931,763,15,Pasaje San Martín 3049,BT,4,2018-09-27 09:53:28,ACTIVO
1000932,764,15,Calle El Sol 3421,BT,4,2003-07-01 02:42:50,ACTIVO
1000933,765,7,Pasaje Los Pinos 2677,BT,2,2019-03-27 09:02:14,ACTIVO
1000934,766,29,Av. Progreso 9533,BT,6,2000-02-19 00:33:00,ACTIVO
1000935,766,29,Jr. El Sol 2144,BT,8,2014-08-09 16:26:15,ACTIVO
1000936,767,28,Pasaje Universitaria 4996,BT,1,2001-11-27 00:37:52,ACTIVO
1000937,768,40,Pasaje San Martín 4324,BT,2,2016-06-20 07:25:01,ACTIVO
1000938,769,10,Calle La Molina 6011,MT,4,2019-02-02 08:45:59,ACTIVO
1000939,770,6,Psje. Progreso 1145,BT,1,2019-10-19 07:39:04,ACTIVO
1000940,771,15,Jr. Panamericana 9215,BT,6,2013-06-14 09:55:44,ACTIVO
1000941,772,9,Pasaje El Sol 8962,BT,5,2017-02-18 13:32:51,ACTIVO
1000942,773,15,Psje. Universitaria 4577,BT,5,2006-01-07 13:19:42,ACTIVO
1000943,774,28,Calle El Sol 2693,BT,5,2001-12-15 02:22:40,ACTIVO
1000944,775,15,Psje. Universitaria 3127,BT,2,2010-08-13 17:56:29,ACTIVO
1000945,775,15,Pasaje San Martín 3572,BT,3,2014-07-03 02:13:00,ACTIVO
1000946,775,15,Av. San Martín 2332,BT,3,2005-09-30 16:16:39,ACTIVO
1000947,776,9,Av. Progreso 552,MT,2,2013-12-27 03:18:46,ACTIVO
1000948,777,15,Av. El Sol 6078,BT,4,2003-10-06 11:34:44,ACTIVO
1000949,777,15,Jr. Los Pinos 3558,BT,7,2017-05-13 18:56:55,ACTIVO
1000950,778,14,Calle Panamericana 4827,BT,7,2004-07-25 22:50:57,SUSPENDIDO
1000951,778,14,Av. Bolívar 124,BT,6,2016-12-21 15:10:50,ACTIVO
1000952,778,14,Psje. Los Pinos 8699,BT,4,2013-09-10 14:09:12,ACTIVO
1000953,779,24,Jr. La Molina 1028,BT,4,2008-02-22 22:40:19,ACTIVO
1000954,779,24,Pasaje Venezuela 8670,BT,1,2018-04-13 16:02:46,ACTIVO
1000955,780,3,Calle Progreso 9983,BT,4,2013-01-12 17:36:08,ACTIVO
1000956,781,43,Av. Los Pinos 9361,BT,5,2008-12-09 11:03:37,ACTIVO
1000957,782,7,Calle Panamericana 3714,BT,1,2007-12-27 22:06:16,ACTIVO
1000958,783,11,Pasaje Bolívar 4159,BT,3,2020-03-28 13:32:49,ACTIVO
1000959,784,15,Calle San Martín 5385,BT,7,2001-01-15 17:40:29,ACTIVO
1000960,785,10,Calle Los Pinos 1968,BT,6,2020-06-23 21:09:38,ACTIVO
1000961,785,10,Pasaje Bolívar 9736,BT,8,2004-06-02 23:37:19,ACTIVO
1000962,786,9,Psje. Universitaria 7242,BT,4,2011-04-15 01:45:36,ACTIVO
1000963,787,39,Jr. Venezuela 6702,BT,3,2019-09-22 18:10:21,ACTIVO
1000964,788,9,Av. San Martín 8168,BT,6,2012-10-15 17:14:17,ACTIVO
1000965,789,3,Av. San Martín 5966,BT,3,2005-12-27 07:48:41,ACTIVO
1000966,790,30,Av. Los Pinos 4962,BT,2,2000-05-07 22:31:02,ACTIVO
1000967,791,30,Calle Progreso 5167,BT,5,2003-11-01 23:37:23,ACTIVO
1000968,792,39,Pasaje El Sol 3767,BT,6,2009-06-09 08:31:19,ACTIVO
1000969,793,29,Jr. Panamericana 5541,BT,4,2010-11-22 01:04:59,ACTIVO
1000970,794,30,Jr. Progreso 3715,BT,3,2010-05-20 15:08:45,ACTIVO
1000971,795,16,Pasaje Los Pinos 8332,BT,7,2012-08-08 10:26:12,ACTIVO
1000972,796,43,Psje. Bolívar 8115,BT,7,2008-07-24 04:59:42,ACTIVO
1000973,797,13,Av. Universitaria 6492,BT,6,2003-03-07 12:10:04,ACTIVO
1000974,798,36,Av. Venezuela 3819,BT,5,2013-05-21 21:27:56,ACTIVO
1000975,799,5,Psje. Venezuela 9549,BT,5,2019-03-19 08:22:02,ACTIVO
1000976,800,22,Av. La Molina 6997,BT,6,2000-01-23 22:43:22,ACTIVO
1000977,801,4,Calle Panamericana 2986,BT,6,2011-05-23 01:44:06,ACTIVO
1000978,802,4,Calle Bolívar 3844,BT,5,2003-05-27 05:57:38,ACTIVO
1000979,802,4,Jr. Panamericana 5091,BT,4,2009-04-17 01:57:01,ACTIVO
1000980,803,28,Av. Grau 3183,BT,6,2011-08-14 11:57:35,ACTIVO
1000981,804,9,Av. San Martín 9422,BT,4,2006-10-03 04:39:34,ACTIVO
1000982,805,30,Calle El Sol 2863,BT,3,2010-09-04 03:19:28,ACTIVO
1000983,805,30,Av. Grau 1498,BT,5,2007-06-23 10:01:08,ACTIVO
1000984,805,30,Pasaje Progreso 506,BT,4,2020-07-12 18:17:04,ACTIVO
1000985,806,3,Psje. Universitaria 1120,BT,3,2013-01-14 19:21:52,ACTIVO
1000986,806,3,Jr. Bolívar 1926,BT,7,2013-04-28 21:03:23,ACTIVO
1000987,807,7,Av. San Martín 2132,BT,7,2011-06-28 12:18:38,ACTIVO
1000988,808,15,Jr. San Martín 9330,BT,5,2000-09-02 16:20:56,ACTIVO
1000989,809,9,Psje. San Martín 4381,BT,5,2014-06-19 09:47:23,ACTIVO
1000990,809,9,Calle Universitaria 3646,BT,2,2013-04-19 17:08:54,ACTIVO
1000991,810,36,Psje. Bolívar 4009,BT,4,2018-12-06 06:29:06,ACTIVO
1000992,811,30,Psje. El Sol 9708,BT,2,2018-10-16 08:07:14,ACTIVO
1000993,812,35,Jr. San Martín 9046,MT,3,2008-08-19 00:10:13,ACTIVO
1000994,813,29,Av. Bolívar 6340,BT,8,2015-02-11 23:38:08,ACTIVO
1000995,814,28,Calle El Sol 8295,BT,1,2007-08-01 21:48:25,ACTIVO
1000996,815,7,Jr. Venezuela 3914,BT,8,2015-07-31 13:56:58,ACTIVO
1000997,816,7,Av. El Sol 8238,BT,3,2014-10-27 03:17:04,ACTIVO
1000998,817,24,Calle Venezuela 9200,BT,6,2013-09-02 04:22:52,SUSPENDIDO
1000999,818,7,Jr. Venezuela 7297,BT,5,2017-06-11 18:20:19,ACTIVO
1001000,819,14,Psje. El Sol 2905,BT,7,2011-04-18 06:25:40,ACTIVO
1001001,819,14,Jr. Panamericana 2283,BT,5,2007-09-23 06:59:14,ACTIVO
1001002,820,34,Calle Universitaria 7023,BT,6,2020-01-01 03:58:50,ACTIVO
1001003,821,19,Jr. Universitaria 2687,BT,5,2008-09-25 04:32:18,ACTIVO
1001004,822,26,Jr. Progreso 5651,BT,1,2016-07-25 16:56:00,ACTIVO
1001005,823,3,Calle Venezuela 3422,BT,3,2009-04-13 08:52:36,ACTIVO
1001006,824,19,Jr. Los Pinos 6784,BT,5,2009-01-11 12:10:29,ACTIVO
1001007,825,3,Pasaje El Sol 5532,BT,6,2002-04-18 02:59:22,ACTIVO
1001008,826,15,Psje. Progreso 2964,BT,3,2016-03-07 03:18:13,ACTIVO
1001009,827,40,Psje. Venezuela 9795,BT,3,2012-06-26 00:54:09,ACTIVO
1001010,828,28,Jr. La Molina 6162,BT,5,2010-11-21 11:44:54,ACTIVO
1001011,828,28,Psje. Grau 5333,BT,2,2006-04-07 01:21:22,ACTIVO
1001012,828,28,Calle San Martín 7709,BT,1,2012-10-13 19:56:33,ACTIVO
1001013,829,3,Calle El Sol 1438,BT,8,2010-01-24 00:52:03,ACTIVO
1001014,830,5,Pasaje El Sol 6658,BT,5,2001-01-10 09:53:17,ACTIVO
1001015,831,4,Psje. El Sol 2452,BT,4,2016-04-04 14:01:40,ACTIVO
1001016,832,9,Av. Grau 6198,BT,5,2011-03-05 23:54:28,ACTIVO
1001017,833,29,Jr. Bolívar 4595,BT,5,2005-10-28 05:48:29,ACTIVO
1001018,833,29,Av. Los Pinos 7601,BT,1,2007-08-17 18:12:51,ACTIVO
1001019,834,21,Calle La Molina 4501,BT,4,2006-07-07 07:20:46,ACTIVO
1001020,835,29,Jr. Panamericana 9837,BT,6,2008-07-26 13:25:19,ACTIVO
1001021,836,20,Jr. Progreso 8475,BT,6,2014-02-21 12:37:32,ACTIVO
1001022,837,5,Pasaje Venezuela 3524,BT,7,2008-08-23 22:31:08,ACTIVO
1001023,838,31,Pasaje San Martín 2752,BT,3,2005-10-17 18:11:26,ACTIVO
1001024,839,16,Psje. Panamericana 7953,BT,5,2001-07-29 00:38:32,ACTIVO
1001025,840,29,Pasaje Los Pinos 5276,BT,2,2017-10-12 00:00:32,ACTIVO
1001026,841,9,Psje. Grau 1632,BT,1,2007-02-05 13:01:04,ACTIVO
1001027,842,15,Psje. Los Pinos 5420,BT,7,2005-03-23 12:57:41,ACTIVO
1001028,843,29,Jr. Venezuela 352,BT,3,2009-12-26 23:56:54,ACTIVO
1001029,844,29,Psje. Venezuela 990,BT,2,2006-01-15 23:30:53,ACTIVO
1001030,845,41,Calle La Molina 2298,BT,5,2020-05-14 00:00:00,ACTIVO
1001031,846,38,Pasaje La Molina 134,BT,3,2002-02-05 00:33:11,ACTIVO
1001032,847,15,Calle El Sol 8390,BT,4,2012-05-20 19:54:05,ACTIVO
1001033,848,5,Calle Panamericana 8008,BT,4,2010-01-26 22:22:30,ACTIVO
1001034,849,15,Jr. Bolívar 6729,BT,8,2000-09-25 18:32:57,ACTIVO
1001035,850,15,Calle Grau 7475,BT,3,2016-11-29 00:01:14,ACTIVO
1001036,850,15,Jr. Venezuela 5967,BT,4,2016-02-14 22:33:26,ACTIVO
1001037,851,24,Psje. Bolívar 1120,BT,2,2016-10-22 12:03:47,ACTIVO
1001038,852,28,Av. Panamericana 1273,BT,8,2000-11-10 14:58:46,ACTIVO
1001039,853,4,Pasaje Progreso 1553,BT,6,2015-04-15 23:18:56,ACTIVO
1001040,854,7,Psje. Bolívar 3439,BT,1,2014-08-08 00:02:18,ACTIVO
1001041,855,15,Pasaje Venezuela 3582,BT,1,2001-08-22 20:47:51,ACTIVO
1001042,856,2,Jr. Bolívar 5909,BT,4,2019-05-21 04:59:24,ACTIVO
1001043,857,3,Av. Venezuela 109,BT,8,2015-07-04 09:54:47,ACTIVO
1001044,857,3,Jr. Venezuela 5370,MT,2,2012-09-19 12:32:24,ACTIVO
1001045,858,24,Calle Venezuela 4736,BT,8,2010-01-29 03:15:56,ACTIVO
1001046,859,5,Pasaje Los Pinos 2088,BT,6,2003-11-09 15:26:25,ACTIVO
1001047,860,13,Calle Grau 1795,BT,5,2016-06-01 09:45:55,ACTIVO
1001048,861,6,Calle La Molina 3082,MT,3,2001-03-06 08:28:57,ACTIVO
1001049,862,40,Pasaje Grau 4632,BT,3,2005-09-18 23:37:58,INACTIVO
1001050,863,9,Pasaje Bolívar 5878,BT,8,2004-07-08 07:42:21,ACTIVO
1001051,864,26,Pasaje El Sol 5886,BT,6,2004-12-25 21:45:00,ACTIVO
1001052,865,43,Calle San Martín 9403,BT,2,2010-05-10 17:08:28,ACTIVO
1001053,866,38,Jr. Venezuela 2974,BT,2,2009-03-24 23:34:24,ACTIVO
1001054,867,31,Av. Bolívar 492,BT,8,2005-06-09 05:19:04,ACTIVO
1001055,867,31,Jr. San Martín 740,BT,8,2016-12-17 18:32:00,ACTIVO
1001056,868,30,Psje. Grau 8431,BT,5,2005-11-01 14:45:11,ACTIVO
1001057,869,16,Calle La Molina 4817,BT,2,2005-12-06 08:57:38,ACTIVO
1001058,870,29,Psje. San Martín 1011,BT,5,2013-04-16 20:10:34,ACTIVO
1001059,871,15,Calle El Sol 5600,BT,1,2002-06-23 21:30:00,ACTIVO
1001060,871,15,Jr. Panamericana 3445,BT,3,2011-09-19 11:42:20,ACTIVO
1001061,871,15,Av. Panamericana 9712,BT,7,2001-10-24 16:26:08,ACTIVO
1001062,872,7,Calle Universitaria 9491,BT,6,2009-10-13 17:07:42,ACTIVO
1001063,873,15,Calle El Sol 9427,BT,5,2018-11-17 16:49:26,ACTIVO
1001064,874,7,Av. Panamericana 6092,BT,6,2012-09-22 08:33:08,ACTIVO
1001065,874,7,Calle La Molina 4485,BT,7,2010-06-24 12:25:38,ACTIVO
1001066,875,37,Calle Los Pinos 7179,BT,1,2016-11-17 13:02:12,ACTIVO
1001067,876,30,Calle Bolívar 2694,BT,8,2003-11-18 15:17:51,ACTIVO
1001068,877,8,Av. San Martín 6585,BT,2,2000-02-25 06:22:56,ACTIVO
1001069,878,43,Jr. La Molina 6709,BT,7,2010-04-13 01:42:27,ACTIVO
1001070,879,5,Calle Progreso 1184,BT,8,2011-05-16 00:52:05,ACTIVO
1001071,880,3,Calle El Sol 9390,BT,1,2024-07-17 00:00:00,ACTIVO
1001072,881,9,Jr. Venezuela 4625,BT,5,2002-09-06 18:30:48,ACTIVO
1001073,882,11,Jr. San Martín 5617,BT,6,2018-06-04 00:03:21,ACTIVO
1001074,883,23,Calle La Molina 9952,BT,4,2018-06-30 08:33:50,ACTIVO
1001075,884,18,Pasaje Venezuela 3892,BT,5,2007-12-17 16:56:15,ACTIVO
1001076,884,18,Calle Bolívar 184,BT,7,2002-03-05 14:34:44,ACTIVO
1001077,885,29,Jr. Venezuela 4894,BT,6,2008-06-05 06:23:33,ACTIVO
1001078,885,29,Calle Bolívar 4800,BT,6,2011-02-13 23:27:13,ACTIVO
1001079,886,3,Av. Grau 4078,BT,3,2007-02-10 06:59:28,ACTIVO
1001080,887,33,Pasaje El Sol 3729,BT,4,2014-01-16 20:03:21,ACTIVO
1001081,888,29,Pasaje Los Pinos 6827,BT,1,2006-11-08 06:39:06,ACTIVO
1001082,888,29,Jr. El Sol 8404,BT,6,2014-10-31 19:00:49,ACTIVO
1001083,889,1,Calle Universitaria 1612,BT,3,2007-09-13 13:44:53,ACTIVO
1001084,890,37,Calle Bolívar 3878,BT,3,2003-03-12 11:23:41,ACTIVO
1001085,891,7,Pasaje Progreso 1374,BT,6,2011-04-07 09:02:29,ACTIVO
1001086,892,42,Av. Venezuela 8410,BT,6,2018-10-28 17:29:34,ACTIVO
1001087,893,13,Pasaje Panamericana 3101,BT,2,2005-10-26 20:13:27,SUSPENDIDO
1001088,894,29,Jr. La Molina 9319,BT,7,2003-07-15 10:33:09,ACTIVO
1001089,895,34,Psje. Progreso 4935,BT,4,2007-11-18 10:28:49,ACTIVO
1001090,896,15,Psje. El Sol 9404,BT,4,2003-12-14 18:51:09,ACTIVO
1001091,897,9,Calle Los Pinos 5879,BT,3,2006-01-22 02:58:19,ACTIVO
1001092,897,9,Psje. Grau 9584,BT,4,2012-06-07 22:18:56,ACTIVO
1001093,898,15,Pasaje La Molina 328,MT,3,2017-09-03 21:05:24,ACTIVO
1001094,899,43,Psje. Los Pinos 5741,BT,6,2016-11-17 03:01:18,ACTIVO
1001095,900,43,Calle Progreso 956,BT,3,2014-02-07 02:54:18,ACTIVO
1001096,901,38,Psje. Venezuela 3179,BT,1,2017-03-02 17:51:52,ACTIVO
1001097,902,30,Pasaje Universitaria 4743,BT,5,2009-02-15 20:38:44,ACTIVO
1001098,902,30,Calle Bolívar 9248,BT,5,2019-05-20 23:04:05,ACTIVO
1001099,903,19,Psje. Grau 7387,BT,2,2007-07-25 22:23:21,ACTIVO
1001100,904,29,Jr. San Martín 5385,BT,3,2015-03-28 15:58:22,ACTIVO
1001101,905,26,Psje. Progreso 7540,BT,5,2019-01-21 00:11:20,ACTIVO
1001102,906,15,Jr. Bolívar 1289,BT,8,2013-05-30 19:24:59,ACTIVO
1001103,907,18,Psje. Panamericana 1791,BT,8,2009-04-17 08:55:00,ACTIVO
1001104,908,43,Psje. Panamericana 5726,BT,7,2000-12-22 09:59:30,ACTIVO
1001105,908,43,Pasaje Panamericana 2540,BT,2,2000-02-18 08:24:21,INACTIVO
1001106,909,15,Calle El Sol 1677,BT,3,2004-10-12 16:21:40,ACTIVO
1001107,910,9,Calle Los Pinos 6944,BT,7,2002-07-13 18:41:17,SUSPENDIDO
1001108,911,23,Pasaje Grau 8291,BT,8,2018-12-18 12:05:34,ACTIVO
1001109,912,19,Calle Universitaria 4660,BT,6,2004-12-05 16:18:05,ACTIVO
1001110,913,28,Pasaje San Martín 8807,BT,3,2009-07-21 11:57:07,ACTIVO
1001111,914,26,Jr. La Molina 3762,BT,5,2004-06-21 12:11:02,ACTIVO
1001112,915,30,Av. Progreso 7152,BT,1,2014-08-11 08:50:41,ACTIVO
1001113,916,9,Calle Progreso 7024,MT,8,2006-02-16 02:46:53,ACTIVO
1001114,917,3,Calle Bolívar 2145,BT,8,2001-05-02 19:17:21,ACTIVO
1001115,918,29,Pasaje San Martín 4217,BT,3,2003-02-26 12:14:10,INACTIVO
1001116,918,29,Pasaje Los Pinos 6225,BT,7,2016-02-23 00:01:25,ACTIVO
1001117,919,38,Pasaje Bolívar 3297,BT,6,2002-11-02 02:58:44,ACTIVO
1001118,920,25,Psje. Los Pinos 7116,BT,1,2016-08-09 05:29:55,ACTIVO
1001119,920,25,Pasaje La Molina 4558,BT,6,2004-01-13 05:57:21,ACTIVO
1001120,921,9,Psje. El Sol 4129,BT,5,2001-03-12 03:13:19,ACTIVO
1001121,922,30,Pasaje Panamericana 8881,BT,1,2018-06-06 08:02:52,ACTIVO
1001122,923,28,Calle Los Pinos 6280,BT,2,2014-05-18 17:46:12,ACTIVO
1001123,924,30,Av. Panamericana 293,BT,4,2019-03-02 19:44:37,ACTIVO
1001124,924,30,Psje. La Molina 1552,BT,6,2018-05-19 11:10:34,SUSPENDIDO
1001125,925,7,Calle Grau 4819,BT,7,2017-01-01 10:10:41,ACTIVO
1001126,925,7,Psje. Panamericana 6379,BT,5,2019-07-25 09:31:34,ACTIVO
1001127,926,29,Jr. Panamericana 5389,BT,5,2005-07-04 19:02:09,ACTIVO
1001128,927,25,Calle Grau 7250,BT,6,2009-11-18 14:32:11,ACTIVO
1001129,927,25,Jr. Panamericana 1443,BT,6,2011-03-28 10:47:06,ACTIVO
1001130,928,11,Psje. Universitaria 7724,BT,4,2005-10-18 05:29:17,ACTIVO
1001131,929,13,Calle Los Pinos 8990,BT,6,2010-02-22 10:04:21,ACTIVO
1001132,930,40,Jr. Panamericana 3526,BT,2,2006-05-18 02:22:58,ACTIVO
1001133,930,40,Av. El Sol 4416,BT,2,2009-12-04 15:13:44,ACTIVO
1001134,930,40,Calle El Sol 5732,BT,3,2010-06-27 14:32:47,ACTIVO
1001135,931,26,Psje. La Molina 518,BT,2,2002-08-18 20:56:34,ACTIVO
1001136,932,43,Jr. El Sol 1339,BT,4,2013-04-13 00:49:25,ACTIVO
1001137,933,15,Jr. Bolívar 8514,MT,1,2020-02-22 14:01:15,ACTIVO
1001138,933,15,Av. Los Pinos 171,BT,2,2019-10-03 19:32:42,ACTIVO
1001139,933,15,Calle San Martín 4948,BT,5,2001-04-10 02:48:42,ACTIVO
1001140,934,28,Calle San Martín 7140,BT,1,2012-10-09 18:34:23,ACTIVO
1001141,935,43,Jr. Progreso 724,BT,2,2005-01-09 05:50:26,ACTIVO
1001142,936,3,Av. El Sol 1320,BT,7,2011-03-31 15:14:37,ACTIVO
1001143,937,39,Psje. Grau 4819,BT,6,2005-08-21 20:10:55,ACTIVO
1001144,938,43,Calle Universitaria 4048,BT,1,2015-03-01 16:34:38,ACTIVO
1001145,938,43,Av. Progreso 297,BT,3,2003-09-29 02:17:53,ACTIVO
1001146,939,7,Psje. El Sol 317,BT,3,2008-05-02 06:45:29,ACTIVO
1001147,940,28,Psje. La Molina 2833,BT,6,2016-09-19 15:47:03,ACTIVO
1001148,941,31,Calle Bolívar 2071,BT,1,2019-06-13 00:00:00,ACTIVO
1001149,942,10,Jr. Progreso 5460,BT,5,2024-11-27 00:00:00,ACTIVO
1001150,943,14,Pasaje Progreso 3662,BT,8,2012-05-12 00:14:08,ACTIVO
1001151,943,14,Pasaje La Molina 9298,BT,5,2013-06-24 09:44:25,ACTIVO
1001152,944,15,Pasaje Grau 6053,BT,7,2009-11-20 03:52:22,ACTIVO
1001153,944,15,Pasaje Progreso 3051,BT,4,2006-01-30 02:30:19,ACTIVO
1001154,945,40,Av. Panamericana 2673,MT,8,2005-05-22 07:24:04,ACTIVO
1001155,946,3,Calle Los Pinos 7307,BT,8,2015-04-25 20:12:45,ACTIVO
1001156,946,3,Psje. San Martín 5069,BT,3,2014-03-21 03:28:44,ACTIVO
1001157,947,38,Av. La Molina 4098,BT,3,2012-06-06 17:14:35,ACTIVO
1001158,947,38,Calle Bolívar 2148,BT,5,2007-05-01 18:14:59,ACTIVO
1001159,948,5,Pasaje El Sol 2292,BT,7,2016-11-19 00:24:44,ACTIVO
1001160,949,7,Pasaje El Sol 6249,BT,6,2006-05-25 21:05:30,ACTIVO
1001161,949,7,Psje. Venezuela 3650,BT,6,2012-11-30 16:25:18,ACTIVO
1001162,950,26,Av. Progreso 348,BT,7,2003-08-02 23:46:07,ACTIVO
1001163,951,30,Pasaje El Sol 9132,BT,5,2016-05-16 00:56:24,ACTIVO
1001164,951,30,Jr. Venezuela 2320,BT,7,2008-12-18 18:45:52,ACTIVO
1001165,951,30,Pasaje El Sol 9158,BT,4,2018-01-31 21:40:25,ACTIVO
1001166,952,40,Psje. La Molina 1845,BT,7,2001-08-10 05:11:13,ACTIVO
1001167,953,15,Calle Panamericana 1834,BT,4,2010-11-21 19:24:55,ACTIVO
1001168,954,28,Pasaje Universitaria 4574,BT,3,2000-09-30 07:21:55,ACTIVO
1001169,955,7,Jr. Venezuela 1181,BT,3,2010-05-17 23:27:24,ACTIVO
1001170,956,21,Calle Progreso 3782,BT,6,2005-08-15 03:14:05,ACTIVO
1001171,956,21,Pasaje Venezuela 744,BT,4,2005-11-03 23:58:29,ACTIVO
1001172,957,2,Jr. El Sol 5206,BT,5,2011-09-21 02:51:08,ACTIVO
1001173,958,4,Pasaje Bolívar 9909,BT,3,2011-08-12 15:32:40,ACTIVO
1001174,959,15,Av. Bolívar 5752,BT,5,2002-03-28 21:21:19,ACTIVO
1001175,960,15,Pasaje Universitaria 6761,BT,5,2002-07-03 02:22:26,ACTIVO
1001176,961,8,Av. Los Pinos 3608,BT,4,2023-08-29 00:00:00,ACTIVO
1001177,961,8,Psje. Venezuela 8163,BT,3,2016-08-07 09:17:01,ACTIVO
1001178,962,15,Psje. Progreso 4975,BT,3,2011-04-03 21:45:15,ACTIVO
1001179,963,39,Calle Progreso 9003,BT,8,2007-04-01 09:51:07,ACTIVO
1001180,964,5,Jr. Universitaria 7331,BT,4,2011-04-12 15:32:40,ACTIVO
1001181,964,5,Jr. Progreso 4218,BT,5,2014-03-25 03:28:16,ACTIVO
1001182,965,9,Calle Grau 3869,BT,5,2005-01-10 15:16:52,ACTIVO
1001183,966,7,Psje. La Molina 5421,BT,3,2018-07-04 22:57:27,ACTIVO
1001184,967,4,Psje. La Molina 3149,BT,4,2000-04-13 05:02:39,ACTIVO
1001185,968,22,Psje. Progreso 4946,BT,6,2003-04-18 02:10:08,ACTIVO
1001186,969,36,Jr. Grau 6871,BT,6,2008-07-30 03:06:33,ACTIVO
1001187,969,36,Jr. El Sol 9406,BT,3,2020-05-29 22:49:11,ACTIVO
1001188,970,15,Av. Grau 8385,BT,5,2017-09-15 11:55:14,ACTIVO
1001189,971,3,Av. La Molina 1167,BT,1,2002-02-20 09:02:25,ACTIVO
1001190,972,38,Calle Progreso 4063,BT,7,2010-01-05 01:20:42,ACTIVO
1001191,973,34,Pasaje Los Pinos 9867,BT,7,2008-10-24 09:02:32,ACTIVO
1001192,974,25,Av. Los Pinos 9501,BT,5,2004-11-04 08:55:41,ACTIVO
1001193,975,30,Jr. El Sol 3359,BT,6,2006-10-08 17:42:27,ACTIVO
1001194,976,38,Jr. San Martín 9377,BT,4,2017-11-01 09:27:16,ACTIVO
1001195,976,38,Pasaje Grau 9915,BT,3,2007-08-19 03:00:23,ACTIVO
1001196,977,7,Psje. Progreso 588,BT,1,2015-10-19 21:55:44,ACTIVO
1001197,978,10,Av. Progreso 3844,BT,5,2005-08-06 17:34:10,ACTIVO
1001198,979,15,Psje. San Martín 8018,BT,1,2008-11-30 22:30:30,ACTIVO
1001199,980,42,Psje. La Molina 9928,BT,6,2012-12-02 14:48:47,ACTIVO
1001200,981,10,Jr. Grau 7723,BT,4,2010-01-31 04:41:55,ACTIVO
1001201,982,4,Av. Universitaria 8511,BT,3,2004-12-09 11:55:35,ACTIVO
1001202,983,2,Calle Venezuela 1928,BT,2,2006-12-23 21:23:04,ACTIVO
1001203,983,2,Calle Los Pinos 9949,BT,7,2007-05-04 02:09:05,ACTIVO
1001204,984,9,Av. Progreso 7449,BT,6,2018-01-05 14:21:51,ACTIVO
1001205,985,43,Calle San Martín 759,BT,1,2000-02-12 01:27:45,ACTIVO
1001206,986,40,Psje. Venezuela 3721,BT,5,2017-04-15 06:29:49,ACTIVO
1001207,987,30,Calle Bolívar 3254,BT,4,2017-04-01 05:52:27,ACTIVO
1001208,988,3,Av. Progreso 5560,BT,3,2014-07-04 12:43:57,ACTIVO
1001209,988,3,Pasaje Los Pinos 8723,BT,6,2012-10-07 08:42:10,ACTIVO
1001210,989,7,Pasaje Progreso 9656,BT,8,2006-06-25 10:58:41,ACTIVO
1001211,990,3,Calle Progreso 8854,BT,6,2011-12-18 16:07:42,ACTIVO
1001212,990,3,Pasaje El Sol 8441,BT,5,2001-11-23 22:47:05,ACTIVO
1001213,991,28,Calle San Martín 2901,BT,5,2013-06-13 15:38:13,ACTIVO
1001214,992,40,Jr. Panamericana 8109,BT,3,2014-02-28 23:49:30,ACTIVO
1001215,993,6,Jr. La Molina 5490,BT,2,2015-10-29 06:16:29,ACTIVO
1001216,994,15,Pasaje La Molina 5005,BT,4,2014-04-28 20:17:40,INACTIVO
1001217,994,15,Av. Los Pinos 3879,BT,3,2008-11-01 19:47:13,ACTIVO
1001218,995,43,Calle San Martín 7833,BT,2,2006-01-15 11:39:36,ACTIVO
1001219,996,40,Pasaje Universitaria 1295,BT,6,2000-12-09 13:15:17,ACTIVO
1001220,997,19,Av. Progreso 5220,BT,5,2007-10-06 07:23:07,ACTIVO
1001221,998,38,Calle La Molina 9083,BT,2,2011-04-09 23:04:00,ACTIVO
1001222,999,28,Pasaje Progreso 6597,BT,3,2018-01-08 10:09:54,ACTIVO
1001223,1000,26,Calle La Molina 4903,BT,6,2002-10-02 11:30:48,ACTIVO
1001224,1001,32,Pasaje Universitaria 6741,BT,1,2005-12-03 16:05:14,ACTIVO
1001225,1002,15,Pasaje El Sol 5177,BT,5,2000-05-12 18:11:14,ACTIVO
1001226,1003,43,Psje. La Molina 4505,BT,3,2003-08-20 11:39:11,ACTIVO
1001227,1004,9,Pasaje Venezuela 7377,BT,8,2011-07-19 08:57:19,ACTIVO
1001228,1004,9,Calle Venezuela 9475,BT,3,2002-11-11 07:24:02,ACTIVO
1001229,1005,7,Calle Los Pinos 8028,BT,8,2006-08-04 04:18:27,ACTIVO
1001230,1006,18,Av. Panamericana 742,BT,8,2014-01-05 05:21:32,ACTIVO
1001231,1007,43,Psje. El Sol 8098,BT,8,2012-08-22 21:04:07,ACTIVO
1001232,1008,9,Av. Venezuela 8217,BT,4,2013-12-20 03:36:13,ACTIVO
1001233,1009,7,Jr. La Molina 1479,BT,1,2008-12-12 23:33:05,ACTIVO
1001234,1010,3,Pasaje Progreso 393,BT,7,2011-05-30 22:19:39,ACTIVO
1001235,1011,26,Jr. Universitaria 7539,BT,4,2001-02-23 23:46:56,ACTIVO
1001236,1012,11,Calle Grau 5537,BT,7,2002-05-31 18:09:06,ACTIVO
1001237,1012,11,Calle Progreso 6936,BT,2,2014-09-28 12:58:30,ACTIVO
1001238,1013,38,Calle La Molina 4087,BT,7,2005-09-16 07:38:07,ACTIVO
1001239,1014,4,Calle Panamericana 2820,MT,6,2003-08-26 14:59:29,ACTIVO
1001240,1015,7,Pasaje La Molina 4647,BT,5,2003-10-24 22:05:46,ACTIVO
1001241,1016,21,Psje. Universitaria 3286,BT,3,2015-07-10 11:28:35,ACTIVO
1001242,1017,28,Pasaje Panamericana 1661,BT,2,2011-11-29 21:05:26,ACTIVO
1001243,1018,9,Psje. Venezuela 7899,BT,4,2009-01-31 10:43:46,INACTIVO
1001244,1019,15,Pasaje Bolívar 3349,BT,2,2002-09-29 22:10:27,ACTIVO
1001245,1019,15,Av. Universitaria 8040,BT,2,2006-03-09 18:00:46,ACTIVO
1001246,1019,15,Psje. Bolívar 3011,BT,4,2014-02-03 11:49:23,ACTIVO
1001247,1020,26,Pasaje Grau 203,BT,2,2006-06-05 18:42:25,ACTIVO
1001248,1021,26,Pasaje Universitaria 818,BT,2,2014-01-21 08:11:42,ACTIVO
1001249,1021,26,Psje. El Sol 1133,BT,1,2020-05-12 12:11:10,ACTIVO
1001250,1022,13,Psje. Panamericana 4241,BT,2,2012-09-27 14:15:22,ACTIVO
1001251,1023,13,Psje. Universitaria 4117,BT,3,2001-08-07 16:57:33,ACTIVO
1001252,1024,17,Jr. El Sol 6400,BT,7,2004-12-10 04:27:24,ACTIVO
1001253,1025,36,Pasaje Panamericana 9260,BT,7,2000-11-16 12:19:19,ACTIVO
1001254,1026,43,Av. La Molina 3767,BT,1,2014-06-27 08:37:34,ACTIVO
1001255,1027,26,Jr. El Sol 6831,BT,5,2014-10-29 13:22:25,ACTIVO
1001256,1027,26,Av. Bolívar 9951,BT,4,2004-12-02 17:56:34,ACTIVO
1001257,1028,14,Psje. Progreso 4921,BT,7,2017-11-07 13:39:31,ACTIVO
1001258,1029,28,Jr. Venezuela 992,BT,3,2008-12-13 17:21:21,ACTIVO
1001259,1030,7,Pasaje Progreso 3971,BT,4,2007-12-31 07:38:53,SUSPENDIDO
1001260,1031,35,Psje. Grau 7610,BT,6,2005-07-16 09:32:21,ACTIVO
1001261,1032,3,Pasaje Venezuela 8038,BT,5,2001-08-24 00:54:39,ACTIVO
1001262,1032,3,Av. Bolívar 3640,BT,2,2002-09-08 18:27:10,ACTIVO
1001263,1033,9,Pasaje Los Pinos 5184,BT,5,2008-07-29 02:48:40,ACTIVO
1001264,1033,9,Pasaje San Martín 5372,BT,1,2008-10-19 19:11:44,ACTIVO
1001265,1034,9,Jr. El Sol 529,BT,8,2003-09-11 07:50:16,ACTIVO
1001266,1034,9,Jr. Bolívar 6436,BT,1,2015-05-24 05:09:44,SUSPENDIDO
1001267,1034,9,Pasaje Panamericana 597,BT,1,2012-06-27 05:18:23,ACTIVO
1001268,1035,7,Pasaje Panamericana 984,BT,6,2002-07-02 13:27:27,ACTIVO
1001269,1035,7,Pasaje Venezuela 8282,BT,4,2019-08-30 15:54:55,ACTIVO
1001270,1035,7,Av. Panamericana 1507,BT,7,2001-06-05 05:29:29,ACTIVO
1001271,1036,11,Psje. El Sol 7039,BT,4,2000-06-30 16:15:49,ACTIVO
1001272,1036,11,Pasaje Los Pinos 5719,MT,8,2007-09-16 06:35:44,ACTIVO
1001273,1037,29,Psje. Venezuela 3058,BT,8,2018-01-13 08:03:39,ACTIVO
1001274,1038,26,Jr. La Molina 3878,BT,7,2010-05-14 05:25:14,ACTIVO
1001275,1039,12,Pasaje El Sol 9175,BT,8,2016-06-26 03:06:41,ACTIVO
1001276,1040,15,Av. Universitaria 3709,BT,8,2014-06-21 09:10:34,ACTIVO
1001277,1041,42,Jr. Venezuela 5155,BT,8,2002-06-07 20:26:24,INACTIVO
1001278,1042,27,Jr. Panamericana 2555,BT,1,2010-11-01 15:15:48,ACTIVO
1001279,1043,15,Pasaje Los Pinos 561,BT,5,2007-12-18 16:42:17,ACTIVO
1001280,1043,15,Calle Grau 7985,BT,2,2005-04-22 06:02:01,ACTIVO
1001281,1044,39,Jr. San Martín 8752,BT,6,2017-08-01 09:39:20,ACTIVO
1001282,1045,38,Psje. Progreso 7073,BT,5,2004-07-27 23:01:22,ACTIVO
1001283,1046,15,Av. Panamericana 6186,BT,4,2010-09-14 11:45:13,ACTIVO
1001284,1047,30,Av. Los Pinos 4066,BT,8,2011-11-11 07:49:04,ACTIVO
1001285,1047,30,Jr. El Sol 2360,MT,5,2003-03-02 00:53:25,ACTIVO
1001286,1048,19,Jr. Progreso 6544,BT,1,2002-05-12 16:23:12,SUSPENDIDO
1001287,1049,9,Pasaje Bolívar 7436,BT,3,2013-02-08 01:22:47,ACTIVO
1001288,1050,30,Pasaje Progreso 9496,BT,3,2023-06-05 00:00:00,ACTIVO
1001289,1050,30,Pasaje Grau 1285,BT,2,2018-09-14 14:55:08,ACTIVO
1001290,1051,28,Jr. La Molina 4075,BT,2,2008-09-24 02:06:06,ACTIVO
1001291,1052,21,Jr. Los Pinos 3285,BT,5,2018-05-03 16:40:53,ACTIVO
1001292,1053,39,Psje. El Sol 1454,BT,2,2004-12-23 02:43:15,ACTIVO
1001293,1054,40,Pasaje Bolívar 861,BT,5,2019-03-18 17:13:09,ACTIVO
1001294,1054,40,Psje. San Martín 1662,BT,7,2017-07-28 17:03:33,ACTIVO
1001295,1055,4,Psje. La Molina 4811,BT,1,2013-06-20 01:49:38,ACTIVO
1001296,1055,4,Av. Los Pinos 8525,BT,7,2009-03-17 16:01:16,ACTIVO
1001297,1056,21,Jr. La Molina 3565,BT,7,2001-01-07 16:19:27,ACTIVO
1001298,1057,39,Psje. El Sol 1313,BT,7,2003-01-20 10:27:42,ACTIVO
1001299,1058,26,Calle Bolívar 7032,BT,7,2004-07-14 13:39:38,ACTIVO
1001300,1059,13,Pasaje Progreso 194,BT,8,2012-04-15 00:45:22,ACTIVO
1001301,1060,3,Av. Bolívar 2422,BT,7,2009-09-07 19:09:25,ACTIVO
1001302,1061,8,Jr. Venezuela 5475,BT,7,2001-06-30 14:37:40,ACTIVO
1001303,1062,15,Calle San Martín 2096,BT,7,2008-11-01 23:49:51,ACTIVO
1001304,1063,7,Pasaje Bolívar 8784,MT,6,2020-02-28 09:15:08,INACTIVO
1001305,1064,26,Av. Grau 3180,BT,5,2013-02-02 12:59:04,ACTIVO
1001306,1064,26,Calle Los Pinos 7383,BT,3,2003-03-18 09:01:59,ACTIVO
1001307,1065,7,Calle El Sol 9401,BT,2,2020-10-02 03:34:02,ACTIVO
1001308,1065,7,Psje. Universitaria 257,BT,8,2004-04-29 22:57:49,ACTIVO
1001309,1066,29,Jr. Grau 4861,BT,2,2005-05-27 02:20:58,ACTIVO
1001310,1067,43,Av. Panamericana 9100,BT,7,2015-08-18 07:12:51,ACTIVO
1001311,1068,43,Av. Progreso 6254,BT,5,2012-06-02 02:37:05,ACTIVO
1001312,1069,27,Psje. Universitaria 915,BT,5,2005-03-23 07:43:11,ACTIVO
1001313,1070,5,Av. Panamericana 3902,BT,5,2001-07-27 06:36:11,ACTIVO
1001314,1070,5,Av. Grau 1148,BT,5,2017-02-04 15:05:18,ACTIVO
1001315,1070,5,Calle Panamericana 1922,BT,2,2005-07-28 22:37:37,ACTIVO
1001316,1071,26,Calle La Molina 6675,BT,4,2009-11-13 01:50:56,ACTIVO
1001317,1071,26,Av. Universitaria 5037,BT,8,2011-04-12 23:27:04,ACTIVO
1001318,1072,13,Psje. La Molina 5217,BT,3,2005-02-13 09:15:57,ACTIVO
1001319,1072,13,Calle Venezuela 4303,BT,1,2020-09-24 05:55:17,ACTIVO
1001320,1073,43,Calle Los Pinos 4939,BT,8,2011-07-03 02:16:16,ACTIVO
1001321,1073,43,Calle Grau 736,BT,3,2002-11-11 08:15:59,ACTIVO
1001322,1074,40,Pasaje San Martín 9477,BT,3,2014-02-03 03:00:57,ACTIVO
1001323,1075,9,Av. Venezuela 8384,BT,6,2000-02-27 10:22:25,ACTIVO
1001324,1076,7,Jr. El Sol 295,BT,3,2017-03-07 02:49:17,ACTIVO
1001325,1077,26,Av. Progreso 9238,BT,2,2012-11-12 14:05:16,ACTIVO
1001326,1078,12,Jr. Panamericana 4803,BT,6,2018-06-02 05:19:00,ACTIVO
1001327,1079,43,Pasaje Grau 5131,BT,1,2002-12-20 09:28:43,ACTIVO
1001328,1080,4,Jr. Venezuela 7607,BT,7,2013-08-25 18:43:46,ACTIVO
1001329,1081,43,Calle Panamericana 3256,BT,7,2007-10-07 06:22:00,ACTIVO
1001330,1082,9,Calle El Sol 5073,BT,1,2001-09-05 10:59:29,ACTIVO
1001331,1083,3,Av. El Sol 969,BT,3,2010-03-29 05:24:53,ACTIVO
1001332,1084,15,Psje. Venezuela 3505,BT,7,2016-06-22 15:42:02,ACTIVO
1001333,1085,4,Calle Panamericana 4203,BT,2,2012-10-05 06:13:45,ACTIVO
1001334,1086,29,Pasaje Venezuela 5399,BT,4,2001-05-05 12:09:39,ACTIVO
1001335,1086,29,Av. Panamericana 2242,BT,3,2004-12-22 00:05:53,ACTIVO
1001336,1087,29,Av. Venezuela 2121,BT,3,2018-11-24 13:09:47,ACTIVO
1001337,1088,3,Av. Universitaria 7652,BT,5,2006-12-17 07:11:09,ACTIVO
1001338,1089,26,Av. Universitaria 6004,BT,2,2008-11-15 07:52:09,ACTIVO
1001339,1090,29,Av. Venezuela 5776,BT,3,2003-08-04 13:45:41,ACTIVO
1001340,1090,29,Jr. Bolívar 811,BT,2,2010-07-25 15:11:23,ACTIVO
1001341,1091,15,Psje. Panamericana 3599,BT,7,2018-02-06 06:58:18,ACTIVO
1001342,1092,19,Jr. Panamericana 9255,BT,8,2016-02-16 07:22:30,ACTIVO
1001343,1093,15,Av. Bolívar 813,BT,5,2019-03-27 17:22:20,ACTIVO
1001344,1093,15,Pasaje Universitaria 8890,BT,7,2000-12-30 00:09:20,ACTIVO
1001345,1094,40,Psje. Universitaria 9139,BT,1,2011-03-20 21:39:01,ACTIVO
1001346,1095,7,Psje. Universitaria 8724,MT,7,2011-10-09 19:05:17,ACTIVO
1001347,1096,9,Psje. Venezuela 8941,BT,4,2005-06-13 22:44:36,ACTIVO
1001348,1097,9,Calle La Molina 755,BT,3,2018-09-21 11:59:24,ACTIVO
1001349,1098,40,Av. Los Pinos 693,BT,5,2014-08-13 09:14:42,ACTIVO
1001350,1099,15,Jr. Panamericana 2922,BT,2,2016-04-10 06:22:34,ACTIVO
1001351,1100,33,Calle Panamericana 8650,BT,2,2005-07-07 01:25:51,ACTIVO
1001352,1101,41,Jr. Panamericana 6160,BT,8,2000-07-13 08:43:42,ACTIVO
1001353,1102,4,Psje. Venezuela 6453,BT,6,2007-03-13 05:52:34,ACTIVO
1001354,1103,28,Psje. Grau 7630,BT,5,2016-12-22 12:15:05,ACTIVO
1001355,1104,38,Jr. Venezuela 4645,BT,7,2001-02-02 00:19:07,ACTIVO
1001356,1104,38,Psje. Panamericana 3815,BT,8,2024-11-20 00:00:00,ACTIVO
1001357,1104,38,Pasaje Grau 8754,BT,6,2002-04-16 04:40:31,ACTIVO
1001358,1105,26,Av. Los Pinos 1709,BT,5,2012-03-16 12:16:54,ACTIVO
1001359,1106,39,Pasaje Venezuela 219,BT,1,2018-10-19 00:50:15,ACTIVO
1001360,1106,39,Jr. Universitaria 5148,BT,5,2009-02-19 23:03:20,ACTIVO
1001361,1107,6,Pasaje La Molina 218,BT,5,2010-01-19 21:30:23,ACTIVO
1001362,1108,3,Psje. Bolívar 2763,BT,7,2013-01-28 17:00:13,ACTIVO
1001363,1109,7,Pasaje Los Pinos 7995,BT,3,2018-08-17 11:35:57,ACTIVO
1001364,1109,7,Calle Grau 3405,BT,8,2020-07-28 21:05:25,ACTIVO
1001365,1110,18,Calle Bolívar 4908,BT,2,2007-08-28 23:46:11,ACTIVO
1001366,1111,9,Psje. Bolívar 6758,BT,4,2017-12-28 04:09:35,ACTIVO
1001367,1112,39,Psje. Bolívar 2330,BT,6,2002-09-09 17:26:51,ACTIVO
1001368,1113,6,Jr. El Sol 9844,BT,2,2012-01-05 22:00:16,ACTIVO
1001369,1114,15,Pasaje Universitaria 3157,BT,7,2007-01-21 08:11:12,ACTIVO
1001370,1115,39,Jr. Venezuela 9706,BT,2,2012-07-20 13:22:23,ACTIVO
1001371,1116,8,Calle El Sol 462,BT,4,2012-10-16 08:01:58,ACTIVO
1001372,1116,8,Jr. Panamericana 2619,BT,1,2017-09-10 16:34:08,ACTIVO
1001373,1117,6,Av. Grau 1354,BT,3,2009-10-03 07:54:45,ACTIVO
1001374,1118,37,Calle San Martín 1737,BT,8,2007-10-27 00:07:39,ACTIVO
1001375,1119,10,Psje. Universitaria 4446,BT,3,2014-08-24 06:54:49,ACTIVO
1001376,1120,14,Calle Bolívar 9086,BT,3,2010-02-10 16:34:53,INACTIVO
1001377,1121,18,Av. Grau 7098,BT,6,2000-05-22 21:07:46,ACTIVO
1001378,1122,7,Jr. Grau 625,BT,3,2008-03-05 13:32:04,ACTIVO
1001379,1123,41,Calle El Sol 482,BT,2,2011-05-15 18:32:54,ACTIVO
1001380,1124,8,Psje. Venezuela 940,BT,7,2014-01-19 12:46:55,ACTIVO
1001381,1125,26,Calle Los Pinos 3269,BT,1,2019-12-15 22:32:43,SUSPENDIDO
1001382,1125,26,Psje. Panamericana 6291,BT,2,2001-09-20 03:08:35,ACTIVO
1001383,1126,7,Pasaje Los Pinos 9089,BT,4,2005-02-03 07:37:11,ACTIVO
1001384,1127,8,Psje. Panamericana 886,BT,5,2006-09-18 17:04:01,ACTIVO
1001385,1128,1,Calle El Sol 2159,BT,3,2015-04-30 16:49:16,ACTIVO
1001386,1128,1,Jr. Bolívar 3426,BT,2,2010-11-18 08:51:06,SUSPENDIDO
1001387,1129,30,Av. San Martín 5401,MT,5,2002-12-16 14:22:13,SUSPENDIDO
1001388,1130,5,Jr. Bolívar 7731,MT,5,2016-01-05 23:27:59,ACTIVO
1001389,1131,23,Av. San Martín 4609,BT,3,2011-05-01 14:09:19,ACTIVO
1001390,1131,23,Jr. Grau 6123,BT,8,2014-04-05 02:35:43,ACTIVO
1001391,1132,6,Jr. Los Pinos 2500,BT,5,2015-05-24 22:17:52,ACTIVO
1001392,1133,7,Av. La Molina 6628,BT,5,2020-12-29 00:00:00,ACTIVO
1001393,1134,15,Psje. Los Pinos 4022,BT,3,2005-01-09 17:15:26,ACTIVO
1001394,1135,10,Pasaje El Sol 3323,BT,1,2010-09-06 01:50:45,ACTIVO
1001395,1136,23,Pasaje Universitaria 4715,BT,1,2014-08-13 17:31:05,ACTIVO
1001396,1136,23,Jr. San Martín 8848,BT,3,2005-11-02 02:00:51,ACTIVO
1001397,1137,13,Jr. Universitaria 9297,BT,1,2001-04-22 01:09:55,ACTIVO
1001398,1138,3,Av. Universitaria 2640,BT,3,2011-06-12 16:43:28,ACTIVO
1001399,1139,42,Pasaje Grau 3013,BT,1,2004-09-05 13:53:08,ACTIVO
1001400,1140,2,Jr. Panamericana 8183,BT,3,2018-07-01 12:16:20,ACTIVO
1001401,1141,31,Pasaje Grau 6403,BT,3,2008-11-06 06:43:48,ACTIVO
1001402,1142,28,Psje. Bolívar 3703,BT,2,2015-11-23 18:33:45,ACTIVO
1001403,1143,3,Av. Venezuela 8299,BT,2,2000-10-11 21:19:54,INACTIVO
1001404,1143,3,Jr. Grau 4575,BT,2,2005-02-17 09:06:11,ACTIVO
1001405,1143,3,Calle La Molina 2007,BT,8,2000-08-23 10:14:03,ACTIVO
1001406,1144,4,Av. Progreso 3768,BT,3,2005-10-27 01:24:20,ACTIVO
1001407,1145,38,Av. Progreso 1659,BT,2,2000-05-25 18:27:11,ACTIVO
1001408,1146,40,Pasaje Venezuela 9858,BT,2,2020-05-10 01:09:51,ACTIVO
1001409,1147,21,Jr. Grau 671,MT,8,2001-04-06 22:40:16,ACTIVO
1001410,1148,3,Psje. Grau 1223,BT,2,2017-08-14 12:51:30,ACTIVO
1001411,1149,28,Pasaje San Martín 7248,BT,5,2008-06-17 16:34:28,ACTIVO
1001412,1149,28,Psje. Panamericana 8624,BT,3,2007-03-09 00:12:58,ACTIVO
1001413,1150,11,Av. Panamericana 8378,BT,3,2004-10-11 16:08:52,ACTIVO
1001414,1151,29,Calle Bolívar 8826,BT,2,2007-06-14 16:57:34,ACTIVO
1001415,1152,15,Psje. El Sol 885,BT,6,2002-12-27 16:42:26,ACTIVO
1001416,1153,23,Pasaje El Sol 3141,BT,8,2006-08-04 00:40:27,ACTIVO
1001417,1154,39,Psje. El Sol 8580,BT,5,2008-01-13 02:25:24,ACTIVO
1001418,1155,6,Psje. Progreso 2621,BT,5,2011-01-11 13:25:19,ACTIVO
1001419,1156,9,Pasaje El Sol 7322,BT,8,2009-01-13 07:18:49,ACTIVO
1001420,1157,3,Jr. Bolívar 9100,BT,5,2015-11-29 10:13:28,ACTIVO
1001421,1158,29,Calle Venezuela 6897,BT,8,2011-11-04 02:48:34,ACTIVO
1001422,1159,7,Av. Progreso 2798,BT,8,2005-06-11 03:11:46,ACTIVO
1001423,1160,39,Jr. Grau 1910,BT,8,2008-02-05 16:17:11,ACTIVO
1001424,1161,17,Jr. Los Pinos 5309,BT,7,2009-10-07 13:38:41,ACTIVO
1001425,1162,17,Psje. La Molina 6477,BT,8,2001-11-19 11:01:39,ACTIVO
1001426,1162,17,Jr. Venezuela 5753,BT,7,2010-03-08 10:01:38,ACTIVO
1001427,1163,30,Av. Bolívar 3193,BT,4,2018-05-07 20:48:22,ACTIVO
1001428,1164,15,Pasaje El Sol 7539,BT,3,2005-11-17 04:55:12,ACTIVO
1001429,1165,3,Av. Los Pinos 6923,BT,8,2012-10-14 09:04:48,ACTIVO
1001430,1166,28,Calle Universitaria 4026,BT,7,2007-05-17 10:02:12,ACTIVO
1001431,1167,28,Av. San Martín 2034,BT,4,2000-08-26 12:12:26,SUSPENDIDO
1001432,1168,43,Pasaje Grau 2233,BT,5,2015-12-30 19:32:01,ACTIVO
1001433,1168,43,Psje. Los Pinos 4104,BT,4,2020-08-23 20:51:43,ACTIVO
1001434,1169,43,Calle Grau 5956,BT,8,2023-09-22 00:00:00,ACTIVO
1001435,1169,43,Jr. San Martín 1671,BT,6,2010-02-12 13:56:45,ACTIVO
1001436,1170,29,Av. Venezuela 5236,BT,6,2003-04-21 22:02:20,ACTIVO
1001437,1171,15,Pasaje Progreso 4248,BT,3,2020-06-17 08:09:52,ACTIVO
1001438,1172,5,Jr. Universitaria 1385,MT,4,2006-06-30 03:52:22,ACTIVO
1001439,1173,13,Calle San Martín 9355,BT,6,2010-06-05 20:29:15,ACTIVO
1001440,1173,13,Pasaje Bolívar 224,MT,2,2001-07-14 00:48:01,ACTIVO
1001441,1174,39,Calle San Martín 9515,BT,3,2013-04-06 04:36:42,ACTIVO
1001442,1175,31,Calle San Martín 7669,BT,3,2013-03-21 07:57:09,ACTIVO
1001443,1176,17,Calle Los Pinos 9116,BT,3,2017-06-22 22:16:21,ACTIVO
1001444,1176,17,Calle Progreso 7567,BT,7,2018-12-12 15:53:13,INACTIVO
1001445,1177,30,Av. San Martín 7217,BT,7,2001-05-28 03:03:59,ACTIVO
1001446,1178,24,Pasaje Universitaria 7063,BT,2,2007-06-13 11:08:39,ACTIVO
1001447,1178,24,Av. Grau 9719,BT,2,2019-02-01 07:20:24,INACTIVO
1001448,1179,14,Calle Grau 1045,BT,5,2015-09-08 21:42:37,ACTIVO
1001449,1180,3,Jr. La Molina 4364,BT,3,2020-03-11 06:24:54,ACTIVO
1001450,1181,18,Pasaje La Molina 5014,BT,4,2016-03-17 22:43:30,ACTIVO
1001451,1182,28,Jr. Universitaria 1333,BT,7,2004-05-08 16:26:50,ACTIVO
1001452,1183,14,Jr. Bolívar 3143,BT,1,2015-08-29 14:44:32,ACTIVO
1001453,1184,26,Calle Grau 5892,BT,2,2005-10-03 14:39:35,ACTIVO
1001454,1185,15,Pasaje Los Pinos 6693,BT,2,2006-12-30 01:31:00,ACTIVO
1001455,1186,28,Psje. Progreso 2023,BT,6,2014-07-18 06:53:34,ACTIVO
1001456,1187,38,Av. Grau 8614,BT,5,2002-11-20 22:37:45,ACTIVO
1001457,1188,22,Pasaje San Martín 3107,BT,2,2019-07-31 08:33:05,ACTIVO
1001458,1188,22,Calle La Molina 1513,BT,8,2020-07-28 07:26:15,ACTIVO
1001459,1189,7,Pasaje Los Pinos 5725,BT,8,2005-01-15 20:20:54,ACTIVO
1001460,1190,17,Calle Grau 7009,MT,1,2011-12-18 13:08:10,ACTIVO
1001461,1191,15,Av. Bolívar 3035,BT,8,2008-03-17 08:41:07,ACTIVO
1001462,1192,20,Psje. Los Pinos 7672,BT,1,2015-02-12 18:18:13,ACTIVO
1001463,1193,13,Calle Grau 9711,BT,6,2004-10-13 05:35:51,ACTIVO
1001464,1194,15,Av. Progreso 3251,MT,2,2007-03-06 15:07:45,ACTIVO
1001465,1195,38,Jr. Bolívar 2402,MT,8,2020-02-13 01:30:10,ACTIVO
1001466,1196,43,Jr. Progreso 6193,BT,2,2006-02-21 11:25:29,ACTIVO
1001467,1197,40,Calle La Molina 5551,BT,7,2009-03-28 18:34:07,ACTIVO
1001468,1198,7,Pasaje Bolívar 9434,BT,4,2010-10-22 14:08:23,ACTIVO
1001469,1199,15,Psje. Universitaria 3356,BT,5,2008-11-29 05:33:53,ACTIVO
1001470,1200,3,Pasaje El Sol 8118,BT,2,2017-05-04 02:03:48,ACTIVO
1001471,1200,3,Psje. San Martín 7269,BT,5,2010-10-14 14:48:56,ACTIVO
1001472,1201,5,Pasaje San Martín 1231,BT,4,2002-12-29 13:28:46,ACTIVO
1001473,1202,41,Av. San Martín 2511,BT,2,2017-01-18 04:23:39,ACTIVO
1001474,1203,30,Psje. Grau 7735,BT,7,2010-11-08 16:54:07,ACTIVO
1001475,1204,16,Pasaje Los Pinos 5491,BT,2,2020-02-01 22:29:27,ACTIVO
1001476,1205,2,Calle San Martín 6367,BT,1,2018-10-23 21:30:08,ACTIVO
1001477,1206,15,Av. Progreso 2549,BT,4,2006-09-21 19:51:50,ACTIVO
1001478,1207,29,Jr. Venezuela 4341,MT,7,2015-11-01 00:38:38,ACTIVO
1001479,1208,5,Jr. Panamericana 2062,BT,3,2020-09-13 16:47:26,ACTIVO
1001480,1209,3,Av. San Martín 1211,BT,8,2010-12-01 04:41:40,ACTIVO
1001481,1210,9,Psje. Grau 4262,BT,1,2010-01-20 08:51:47,ACTIVO
1001482,1210,9,Psje. La Molina 9202,BT,5,2015-10-27 11:08:51,ACTIVO
1001483,1211,15,Jr. Bolívar 1451,BT,4,2003-12-15 05:16:32,ACTIVO
1001484,1211,15,Pasaje Panamericana 6173,BT,2,2018-01-25 09:01:43,ACTIVO
1001485,1211,15,Pasaje El Sol 7731,BT,5,2014-06-12 10:55:00,ACTIVO
1001486,1212,29,Psje. Panamericana 453,BT,6,2015-10-13 19:29:44,ACTIVO
1001487,1213,16,Jr. La Molina 2597,BT,3,2010-07-19 06:19:06,ACTIVO
1001488,1213,16,Pasaje Universitaria 8589,BT,3,2024-03-09 00:00:00,INACTIVO
1001489,1214,4,Psje. Los Pinos 5197,BT,6,2013-04-22 23:48:02,ACTIVO
1001490,1215,35,Pasaje Grau 8057,BT,1,2011-02-19 09:38:40,ACTIVO
1001491,1216,26,Pasaje Bolívar 7606,BT,1,2012-10-22 00:02:08,ACTIVO
1001492,1217,9,Pasaje Progreso 437,BT,8,2001-08-21 21:03:45,ACTIVO
1001493,1218,13,Jr. Grau 1264,BT,5,2006-07-15 06:00:59,ACTIVO
1001494,1219,25,Pasaje El Sol 1439,BT,6,2000-05-24 23:18:41,ACTIVO
1001495,1219,25,Pasaje San Martín 8112,BT,1,2008-08-22 05:29:37,ACTIVO
1001496,1219,25,Psje. Panamericana 1358,BT,5,2013-04-30 01:43:27,ACTIVO
1001497,1220,9,Calle Bolívar 4172,MT,4,2011-02-18 14:14:06,ACTIVO
1001498,1221,33,Pasaje Venezuela 9308,BT,4,2011-04-27 16:59:15,ACTIVO
1001499,1222,38,Calle Panamericana 9707,BT,4,2019-05-21 16:35:01,ACTIVO
1001500,1223,30,Av. Universitaria 7395,BT,8,2004-07-02 08:33:27,ACTIVO
1001501,1224,43,Jr. Venezuela 9364,BT,3,2010-09-23 02:58:18,INACTIVO
1001502,1225,15,Pasaje Universitaria 8079,BT,4,2001-07-25 23:41:43,ACTIVO
1001503,1226,30,Psje. Los Pinos 1782,BT,1,2004-05-29 13:44:24,ACTIVO
1001504,1227,15,Psje. Bolívar 3077,BT,5,2018-01-08 05:33:29,ACTIVO
1001505,1228,7,Pasaje Grau 6716,BT,3,2014-02-06 14:57:55,ACTIVO
1001506,1228,7,Av. Progreso 8488,BT,1,2015-08-17 13:58:04,ACTIVO
1001507,1228,7,Av. Progreso 6144,BT,2,2005-08-17 20:56:56,ACTIVO
1001508,1229,39,Av. Panamericana 1521,BT,5,2011-04-13 19:19:55,ACTIVO
1001509,1230,38,Pasaje Progreso 1129,BT,1,2016-09-03 14:38:37,ACTIVO
1001510,1231,43,Av. El Sol 9226,BT,7,2005-12-17 06:01:38,ACTIVO
1001511,1231,43,Psje. Venezuela 1744,BT,2,2000-03-26 01:18:53,ACTIVO
1001512,1232,7,Pasaje El Sol 6006,BT,3,2023-12-02 00:00:00,ACTIVO
1001513,1233,29,Psje. Universitaria 8657,BT,3,2006-05-28 23:02:44,ACTIVO
1001514,1234,26,Pasaje Progreso 382,BT,7,2011-03-06 06:21:04,ACTIVO
1001515,1235,19,Jr. Universitaria 3927,BT,7,2013-08-19 07:43:33,ACTIVO
1001516,1236,9,Calle San Martín 5767,MT,4,2022-02-20 00:00:00,ACTIVO
1001517,1237,24,Calle Universitaria 3975,BT,6,2001-09-10 08:38:21,ACTIVO
1001518,1238,40,Pasaje Progreso 9644,BT,1,2014-01-27 10:58:05,SUSPENDIDO
1001519,1239,23,Pasaje Progreso 3636,BT,5,2019-08-29 06:44:47,ACTIVO
1001520,1240,29,Jr. Progreso 2827,BT,6,2005-08-09 19:41:01,ACTIVO
1001521,1241,14,Pasaje Los Pinos 752,BT,4,2010-08-24 00:59:25,ACTIVO
1001522,1241,14,Psje. San Martín 6135,BT,6,2016-08-20 07:07:22,ACTIVO
1001523,1242,40,Av. Bolívar 8683,BT,2,2001-06-20 07:09:49,ACTIVO
1001524,1243,26,Av. Los Pinos 8764,BT,3,2002-06-26 12:19:42,SUSPENDIDO
1001525,1244,3,Psje. Universitaria 3771,BT,6,2012-08-16 07:06:38,ACTIVO
1001526,1245,7,Psje. La Molina 8331,BT,5,2015-05-01 15:32:28,ACTIVO
1001527,1245,7,Jr. Los Pinos 4103,BT,4,2003-01-05 22:32:11,ACTIVO
1001528,1246,4,Calle Grau 7104,BT,8,2002-05-06 23:13:56,ACTIVO
1001529,1247,34,Calle Universitaria 4621,BT,8,2002-07-20 07:10:29,ACTIVO
1001530,1247,34,Av. El Sol 9110,BT,5,2005-01-26 22:50:38,ACTIVO
1001531,1248,7,Av. La Molina 6583,BT,4,2002-06-01 09:07:27,ACTIVO
1001532,1248,7,Jr. El Sol 3260,BT,4,2008-12-17 11:10:20,ACTIVO
1001533,1249,15,Jr. El Sol 9520,BT,7,2000-04-29 13:50:13,ACTIVO
1001534,1249,15,Psje. San Martín 7894,BT,8,2017-04-06 05:00:24,INACTIVO
1001535,1250,19,Calle Panamericana 8305,BT,6,2019-11-02 13:21:13,ACTIVO
1001536,1251,19,Calle Universitaria 1064,BT,3,2011-05-29 10:14:35,ACTIVO
1001537,1252,43,Pasaje Progreso 9201,BT,8,2018-09-19 01:49:49,ACTIVO
1001538,1253,38,Calle Panamericana 1326,BT,3,2015-03-20 23:15:16,ACTIVO
1001539,1254,28,Calle Grau 7647,BT,4,2020-12-29 13:08:18,ACTIVO
1001540,1255,40,Psje. Venezuela 2216,BT,2,2020-02-09 19:40:47,ACTIVO
1001541,1256,3,Av. La Molina 9614,BT,3,2009-03-28 04:49:58,ACTIVO
1001542,1257,7,Pasaje Panamericana 2368,BT,2,2011-06-18 14:48:50,ACTIVO
1001543,1258,5,Av. Bolívar 2269,BT,6,2001-10-25 18:29:37,ACTIVO
1001544,1258,5,Pasaje La Molina 3988,BT,5,2014-11-10 23:52:12,ACTIVO
1001545,1259,4,Av. Universitaria 2811,BT,4,2005-01-26 01:22:18,ACTIVO
1001546,1260,30,Av. Universitaria 7166,BT,2,2012-03-28 10:28:37,ACTIVO
1001547,1261,15,Pasaje Panamericana 160,BT,2,2007-08-14 00:02:59,ACTIVO
1001548,1262,6,Psje. San Martín 9502,BT,1,2009-09-02 17:09:41,ACTIVO
1001549,1263,2,Calle Los Pinos 1762,BT,6,2015-07-13 07:04:06,ACTIVO
1001550,1264,38,Pasaje Bolívar 6940,BT,6,2003-04-23 00:53:15,ACTIVO
1001551,1264,38,Calle Progreso 3758,BT,1,2014-07-07 01:22:44,ACTIVO
1001552,1265,41,Av. Venezuela 6153,BT,5,2015-05-12 21:56:27,ACTIVO
1001553,1266,17,Psje. La Molina 1852,BT,1,2000-05-18 16:44:28,ACTIVO
1001554,1266,17,Pasaje Universitaria 9345,BT,7,2016-01-12 05:36:51,ACTIVO
1001555,1267,40,Jr. San Martín 9287,BT,6,2004-12-07 00:56:36,ACTIVO
1001556,1268,3,Calle La Molina 7431,BT,6,2012-12-28 07:12:47,ACTIVO
1001557,1269,8,Jr. Progreso 1996,BT,5,2009-11-07 19:54:17,ACTIVO
1001558,1270,8,Pasaje Bolívar 2348,BT,7,2006-02-23 13:47:34,ACTIVO
1001559,1271,7,Psje. Bolívar 5417,BT,7,2002-08-10 23:49:42,ACTIVO
1001560,1272,43,Calle Progreso 9092,BT,3,2003-02-01 17:05:00,ACTIVO
1001561,1272,43,Calle Venezuela 1625,BT,8,2020-05-21 17:00:29,ACTIVO
1001562,1273,29,Jr. El Sol 8007,BT,2,2024-07-14 00:00:00,ACTIVO
1001563,1274,3,Pasaje Progreso 2322,BT,2,2020-03-27 13:06:03,ACTIVO
1001564,1275,15,Psje. Grau 2961,BT,1,2011-02-08 23:36:56,ACTIVO
1001565,1276,30,Calle Universitaria 2573,BT,4,2019-08-23 18:00:57,ACTIVO
1001566,1277,29,Calle Los Pinos 7318,BT,4,2009-10-12 07:16:00,ACTIVO
1001567,1278,10,Pasaje Universitaria 3692,BT,6,2019-03-26 04:40:59,ACTIVO
1001568,1279,29,Av. Panamericana 5874,BT,2,2019-07-04 21:09:48,ACTIVO
1001569,1279,29,Calle Grau 1924,BT,8,2017-07-29 18:22:42,ACTIVO
1001570,1280,5,Calle San Martín 2615,BT,4,2022-04-25 00:00:00,ACTIVO
1001571,1281,43,Calle La Molina 2725,BT,5,2014-11-08 03:10:54,ACTIVO
1001572,1282,3,Calle Venezuela 3288,BT,3,2014-07-07 13:45:01,ACTIVO
1001573,1283,15,Calle Los Pinos 2668,BT,8,2001-04-17 02:40:14,ACTIVO
1001574,1284,15,Psje. El Sol 1433,BT,3,2017-03-23 02:37:56,ACTIVO
1001575,1284,15,Av. Universitaria 8468,BT,4,2007-05-23 03:20:12,ACTIVO
1001576,1284,15,Av. La Molina 6170,BT,1,2009-09-22 09:08:22,ACTIVO
1001577,1285,3,Psje. Progreso 529,MT,3,2016-01-31 10:03:21,ACTIVO
1001578,1286,3,Av. Venezuela 5488,BT,2,2008-12-16 14:38:41,ACTIVO
1001579,1287,15,Psje. Panamericana 2779,BT,4,2005-04-13 04:15:22,ACTIVO
1001580,1288,26,Pasaje San Martín 8628,BT,7,2005-02-20 11:23:28,ACTIVO
1001581,1289,29,Calle Universitaria 3721,BT,3,2020-02-13 13:38:34,ACTIVO
1001582,1290,15,Calle Progreso 7673,BT,4,2006-07-20 14:32:25,ACTIVO
1001583,1291,39,Av. Venezuela 7209,BT,2,2005-06-10 10:49:35,ACTIVO
1001584,1291,39,Av. San Martín 4433,BT,1,2008-05-03 13:30:03,ACTIVO
1001585,1292,15,Pasaje Panamericana 2976,BT,6,2004-11-14 05:37:13,ACTIVO
1001586,1293,29,Calle Panamericana 5212,BT,1,2010-11-16 13:39:10,ACTIVO
1001587,1294,3,Calle Grau 8635,BT,1,2008-11-26 05:47:31,ACTIVO
1001588,1295,39,Pasaje Progreso 8264,BT,8,2010-04-07 05:01:01,ACTIVO
1001589,1296,15,Calle Grau 3343,BT,1,2022-04-18 00:00:00,ACTIVO
1001590,1297,19,Calle Grau 8389,BT,6,2016-07-02 08:39:58,ACTIVO
1001591,1298,7,Pasaje Universitaria 2191,BT,5,2001-03-22 11:28:24,ACTIVO
1001592,1299,4,Pasaje El Sol 3521,BT,3,2014-03-17 11:09:00,ACTIVO
1001593,1300,1,Calle Los Pinos 6464,BT,5,2000-11-19 10:23:21,ACTIVO
1001594,1300,1,Pasaje Grau 6033,BT,2,2013-08-09 04:05:37,ACTIVO
1001595,1301,28,Jr. El Sol 104,BT,5,2015-04-19 06:19:36,ACTIVO
1001596,1302,20,Jr. Bolívar 3066,BT,3,2018-05-02 07:40:00,ACTIVO
1001597,1303,15,Psje. Progreso 2854,BT,5,2017-02-20 08:56:46,ACTIVO
1001598,1304,15,Jr. La Molina 4124,BT,6,2006-02-25 13:24:33,ACTIVO
1001599,1305,15,Av. Panamericana 9552,BT,6,2013-10-18 18:45:18,ACTIVO
1001600,1306,28,Calle Bolívar 2738,BT,3,2020-05-01 08:39:35,ACTIVO
1001601,1307,29,Calle Grau 6296,BT,5,2003-09-18 12:33:38,ACTIVO
1001602,1308,16,Av. La Molina 9929,BT,8,2017-02-20 01:16:09,ACTIVO
1001603,1309,4,Jr. Panamericana 556,BT,2,2018-09-12 18:21:13,ACTIVO
1001604,1310,38,Av. Panamericana 9710,BT,5,2008-04-20 07:47:13,ACTIVO
1001605,1311,39,Jr. Bolívar 9576,BT,8,2015-01-19 06:05:58,ACTIVO
1001606,1312,42,Pasaje La Molina 4205,BT,4,2008-10-01 17:40:27,ACTIVO
1001607,1313,15,Jr. Universitaria 3897,BT,8,2000-09-04 23:12:44,ACTIVO
1001608,1314,7,Calle Grau 4199,BT,5,2008-03-01 01:34:09,ACTIVO
1001609,1315,29,Jr. Venezuela 5249,MT,5,2004-09-28 03:06:32,ACTIVO
1001610,1316,26,Psje. Universitaria 8831,BT,2,2009-05-11 02:24:22,ACTIVO
1001611,1317,28,Psje. El Sol 6990,BT,5,2018-08-04 19:13:27,ACTIVO
1001612,1318,43,Jr. Venezuela 8470,BT,3,2010-07-16 09:00:39,ACTIVO
1001613,1319,15,Calle Progreso 8683,BT,8,2011-01-04 10:09:27,ACTIVO
1001614,1320,7,Pasaje Venezuela 1554,BT,1,2010-01-20 21:34:01,ACTIVO
1001615,1321,15,Pasaje Grau 5128,BT,8,2011-12-17 12:50:01,ACTIVO
1001616,1322,3,Pasaje La Molina 8649,BT,3,2014-08-16 13:27:07,ACTIVO
1001617,1322,3,Pasaje Venezuela 5820,BT,7,2009-03-10 14:20:03,ACTIVO
1001618,1323,19,Pasaje La Molina 9774,MT,2,2007-02-26 14:47:11,ACTIVO
1001619,1324,43,Calle Panamericana 7346,BT,6,2001-04-07 09:41:00,ACTIVO
1001620,1325,30,Pasaje Panamericana 4568,BT,4,2017-12-01 11:49:38,ACTIVO
1001621,1326,43,Av. Progreso 5960,BT,2,2002-03-10 23:58:40,ACTIVO
1001622,1327,39,Calle Universitaria 5102,MT,2,2009-03-31 22:47:30,ACTIVO
1001623,1328,35,Av. Bolívar 2899,BT,8,2003-10-14 13:36:44,ACTIVO
1001624,1329,30,Calle Universitaria 8290,BT,6,2000-10-24 04:52:34,ACTIVO
1001625,1329,30,Pasaje Universitaria 5912,BT,2,2008-09-17 07:33:27,ACTIVO
1001626,1330,9,Jr. Panamericana 3933,BT,7,2010-03-03 10:27:52,ACTIVO
1001627,1331,26,Psje. Universitaria 2922,BT,3,2012-10-27 16:58:55,ACTIVO
1001628,1332,9,Calle La Molina 3350,BT,6,2002-09-23 08:22:36,INACTIVO
1001629,1332,9,Psje. La Molina 2344,BT,1,2006-02-15 11:42:56,ACTIVO
1001630,1333,2,Pasaje Progreso 3845,BT,3,2006-11-28 04:52:09,ACTIVO
1001631,1334,9,Psje. Venezuela 761,BT,6,2007-04-23 06:07:04,ACTIVO
1001632,1334,9,Jr. San Martín 2225,BT,3,2010-12-10 15:05:23,ACTIVO
1001633,1335,33,Psje. Los Pinos 4342,BT,5,2020-05-14 21:57:35,ACTIVO
1001634,1336,15,Psje. Los Pinos 5096,BT,5,2007-01-19 08:46:36,ACTIVO
1001635,1336,15,Pasaje Progreso 9385,BT,5,2003-07-08 01:00:53,ACTIVO
1001636,1337,28,Pasaje San Martín 6454,BT,2,2013-11-06 19:43:11,ACTIVO
1001637,1338,42,Pasaje Bolívar 7314,BT,6,2002-10-18 23:22:38,ACTIVO
1001638,1339,13,Psje. Universitaria 3773,BT,7,2006-02-13 05:19:06,ACTIVO
1001639,1340,15,Jr. Los Pinos 8951,BT,1,2008-01-04 10:08:01,ACTIVO
1001640,1341,7,Psje. Universitaria 6268,BT,1,2009-03-05 13:41:35,ACTIVO
1001641,1342,4,Calle Universitaria 3278,BT,5,2008-12-14 23:55:11,SUSPENDIDO
1001642,1343,29,Av. Venezuela 3501,BT,7,2008-04-21 13:10:23,ACTIVO
1001643,1343,29,Av. Venezuela 5932,BT,1,2014-08-09 04:19:54,ACTIVO
1001644,1343,29,Av. La Molina 3813,BT,8,2005-05-09 22:00:57,ACTIVO
1001645,1344,43,Psje. Progreso 7981,BT,1,2000-10-13 03:28:43,ACTIVO
1001646,1344,43,Pasaje Progreso 2676,BT,7,2010-03-17 18:08:39,ACTIVO
1001647,1345,4,Av. Panamericana 2947,BT,1,2005-08-21 07:27:34,ACTIVO
1001648,1346,38,Av. La Molina 4149,BT,4,2012-01-19 04:07:23,ACTIVO
1001649,1347,15,Psje. Grau 6349,MT,1,2002-01-10 14:11:15,ACTIVO
1001650,1348,26,Psje. San Martín 7774,BT,1,2005-09-26 10:39:12,ACTIVO
1001651,1349,25,Av. Bolívar 5855,BT,6,2010-12-05 17:07:14,ACTIVO
1001652,1350,3,Jr. San Martín 7944,BT,2,2019-07-25 09:21:04,ACTIVO
1001653,1351,30,Pasaje El Sol 7221,BT,7,2020-09-25 19:12:08,ACTIVO
1001654,1352,9,Psje. La Molina 6112,BT,8,2006-05-13 12:47:36,SUSPENDIDO
1001655,1353,38,Psje. Panamericana 3039,BT,8,2014-02-12 01:56:33,ACTIVO
1001656,1354,19,Pasaje San Martín 521,BT,7,2011-04-23 22:44:17,ACTIVO
1001657,1355,29,Pasaje Universitaria 607,BT,2,2002-08-18 15:39:15,ACTIVO
1001658,1356,22,Jr. El Sol 6610,BT,7,2014-09-06 16:12:17,ACTIVO
1001659,1357,5,Calle Universitaria 6455,BT,2,2015-03-16 21:29:20,ACTIVO
1001660,1357,5,Psje. Panamericana 8830,BT,5,2017-02-22 17:06:33,ACTIVO
1001661,1358,16,Jr. El Sol 5368,BT,7,2002-03-25 23:04:44,ACTIVO
1001662,1359,6,Calle Los Pinos 478,BT,4,2007-01-02 12:42:40,ACTIVO
1001663,1359,6,Psje. Universitaria 6441,BT,1,2017-11-11 07:17:41,ACTIVO
1001664,1360,29,Av. La Molina 5758,BT,2,2008-05-27 22:23:00,ACTIVO
1001665,1361,3,Pasaje Universitaria 309,BT,3,2018-04-14 19:55:30,ACTIVO
1001666,1362,7,Jr. La Molina 1406,BT,7,2009-08-20 06:13:00,ACTIVO
1001667,1363,5,Calle Panamericana 9551,BT,5,2011-01-05 00:01:02,ACTIVO
1001668,1364,19,Pasaje San Martín 5168,BT,1,2004-10-31 09:44:39,SUSPENDIDO
1001669,1365,12,Av. Bolívar 5017,BT,6,2019-01-18 12:18:56,ACTIVO
1001670,1366,18,Psje. La Molina 4722,BT,3,2001-12-31 01:50:13,ACTIVO
1001671,1367,39,Psje. Progreso 7374,BT,6,2009-05-21 01:51:43,ACTIVO
1001672,1368,7,Jr. Los Pinos 7251,BT,2,2003-10-07 10:43:15,ACTIVO
1001673,1368,7,Psje. Bolívar 8185,BT,2,2022-10-31 00:00:00,ACTIVO
1001674,1368,7,Psje. Los Pinos 1828,BT,7,2009-06-23 07:52:05,ACTIVO
1001675,1369,40,Jr. La Molina 2955,BT,6,2022-10-28 00:00:00,SUSPENDIDO
1001676,1370,9,Pasaje La Molina 2427,BT,7,2020-03-05 16:41:16,ACTIVO
1001677,1370,9,Jr. Bolívar 9570,BT,5,2005-12-28 12:06:12,ACTIVO
1001678,1371,19,Jr. San Martín 5113,BT,3,2016-02-07 04:11:38,ACTIVO
1001679,1371,19,Psje. Progreso 4179,BT,7,2017-03-01 09:45:00,ACTIVO
1001680,1372,40,Calle Bolívar 4547,BT,7,2007-10-18 08:14:25,ACTIVO
1001681,1373,43,Av. Universitaria 6330,BT,3,2003-11-30 06:46:19,ACTIVO
1001682,1374,12,Calle Venezuela 8117,BT,5,2023-11-29 00:00:00,ACTIVO
1001683,1375,19,Av. Los Pinos 9264,BT,7,2003-05-15 20:45:30,ACTIVO
1001684,1376,39,Psje. Venezuela 3534,BT,4,2007-04-11 11:54:09,ACTIVO
1001685,1377,15,Pasaje Panamericana 4252,BT,1,2007-10-03 23:26:33,ACTIVO
1001686,1378,40,Pasaje San Martín 2810,BT,7,2008-08-01 10:56:26,ACTIVO
1001687,1379,15,Av. Grau 267,BT,4,2014-10-27 14:08:14,ACTIVO
1001688,1380,40,Av. El Sol 8534,MT,8,2018-10-20 23:47:58,SUSPENDIDO
1001689,1381,14,Calle Grau 4057,BT,2,2013-12-30 04:12:20,ACTIVO
1001690,1382,21,Calle El Sol 6013,BT,7,2019-10-01 01:38:06,ACTIVO
1001691,1383,15,Pasaje Bolívar 1205,BT,3,2005-01-12 11:34:55,ACTIVO
1001692,1383,15,Jr. Progreso 4598,BT,8,2010-10-01 13:33:36,ACTIVO
1001693,1384,26,Pasaje Los Pinos 9232,BT,4,2012-03-22 18:30:53,ACTIVO
1001694,1385,26,Psje. Panamericana 5899,BT,6,2023-07-20 00:00:00,ACTIVO
1001695,1386,1,Pasaje Progreso 5451,BT,8,2024-05-17 00:00:00,ACTIVO
1001696,1387,25,Jr. Grau 9002,BT,4,2001-02-07 05:11:41,ACTIVO
1001697,1388,9,Pasaje Progreso 1113,BT,6,2016-03-02 05:23:13,ACTIVO
1001698,1388,9,Pasaje El Sol 5820,BT,4,2018-06-01 12:55:56,ACTIVO
1001699,1389,9,Calle San Martín 5320,BT,7,2006-05-25 15:47:48,ACTIVO
1001700,1390,18,Calle San Martín 3728,BT,6,2000-07-13 23:51:47,ACTIVO
1001701,1391,40,Jr. La Molina 2321,BT,5,2007-04-09 09:12:15,ACTIVO
1001702,1392,30,Psje. Venezuela 3977,BT,1,2002-03-25 04:33:54,ACTIVO
1001703,1393,26,Jr. La Molina 9973,BT,7,2008-06-02 20:43:02,ACTIVO
1001704,1394,28,Jr. La Molina 4994,BT,1,2006-11-08 19:01:38,ACTIVO
1001705,1395,34,Calle El Sol 4814,BT,3,2001-10-03 12:32:35,ACTIVO
1001706,1396,26,Av. Panamericana 9055,BT,1,2013-04-12 13:31:04,ACTIVO
1001707,1397,40,Pasaje Los Pinos 1710,BT,4,2018-10-09 01:28:54,ACTIVO
1001708,1398,15,Jr. El Sol 7627,BT,5,2009-04-23 14:15:03,ACTIVO
1001709,1399,36,Pasaje Venezuela 4082,BT,8,2019-01-21 12:31:15,ACTIVO
1001710,1399,36,Psje. Grau 5296,BT,3,2007-08-13 12:13:09,ACTIVO
1001711,1400,29,Calle La Molina 3129,BT,2,2003-06-28 19:06:12,ACTIVO
1001712,1401,8,Av. Venezuela 6932,BT,8,2017-08-22 17:25:59,ACTIVO
1001713,1401,8,Jr. Progreso 4944,BT,5,2005-03-10 23:18:28,ACTIVO
1001714,1402,15,Jr. San Martín 2343,BT,3,2020-07-20 04:26:14,ACTIVO
1001715,1403,39,Jr. Panamericana 586,BT,7,2010-10-13 01:25:32,ACTIVO
1001716,1404,5,Jr. Los Pinos 2559,BT,2,2014-04-08 22:59:17,ACTIVO
1001717,1405,5,Av. Bolívar 3363,BT,7,2008-05-03 18:40:00,ACTIVO
1001718,1406,15,Psje. El Sol 2405,BT,5,2003-12-05 09:11:10,ACTIVO
1001719,1407,15,Calle Venezuela 4792,BT,4,2001-08-04 02:29:49,ACTIVO
1001720,1408,26,Psje. Grau 3400,BT,5,2010-07-08 09:37:33,ACTIVO
1001721,1409,3,Calle Venezuela 7505,BT,1,2010-08-09 19:56:28,ACTIVO
1001722,1410,9,Jr. Progreso 2860,BT,8,2019-12-03 03:36:46,ACTIVO
1001723,1411,15,Pasaje La Molina 519,BT,8,2010-11-10 00:12:13,ACTIVO
1001724,1412,15,Jr. Grau 4499,BT,8,2011-09-10 00:11:04,ACTIVO
1001725,1413,43,Calle Venezuela 9825,BT,7,2006-12-09 09:53:46,ACTIVO
1001726,1414,7,Av. Universitaria 6973,BT,3,2016-10-29 22:48:49,ACTIVO
1001727,1415,15,Jr. Panamericana 9612,BT,6,2011-08-04 20:32:35,ACTIVO
1001728,1416,30,Calle La Molina 4361,BT,8,2003-12-23 20:25:16,ACTIVO
1001729,1417,33,Jr. Venezuela 2627,BT,1,2012-03-12 17:34:52,ACTIVO
1001730,1418,4,Av. La Molina 9963,BT,1,2013-11-29 15:14:52,ACTIVO
1001731,1419,5,Calle Progreso 2514,BT,3,2002-02-08 18:29:12,ACTIVO
1001732,1420,42,Calle Grau 7921,BT,7,2017-12-20 13:18:56,ACTIVO
1001733,1421,19,Calle Grau 2533,BT,7,2012-06-30 20:21:55,ACTIVO
1001734,1422,39,Pasaje Venezuela 601,BT,1,2012-10-18 23:10:49,ACTIVO
1001735,1423,12,Calle San Martín 1913,BT,3,2023-04-23 00:00:00,ACTIVO
1001736,1424,13,Jr. La Molina 2194,BT,2,2010-08-06 06:14:39,ACTIVO
1001737,1425,38,Av. El Sol 3306,BT,7,2012-02-23 04:58:29,ACTIVO
1001738,1425,38,Jr. La Molina 511,BT,7,2001-05-04 00:03:04,ACTIVO
1001739,1425,38,Jr. Venezuela 4152,BT,6,2010-08-03 02:34:58,ACTIVO
1001740,1426,15,Pasaje Los Pinos 6237,BT,6,2002-03-11 06:21:09,ACTIVO
1001741,1427,29,Calle El Sol 9692,BT,3,2018-11-03 18:51:30,ACTIVO
1001742,1428,29,Av. Bolívar 2927,MT,6,2004-08-25 04:38:59,ACTIVO
1001743,1429,38,Calle La Molina 7075,BT,3,2004-02-03 17:06:10,ACTIVO
1001744,1430,38,Pasaje El Sol 5448,BT,1,2020-08-01 00:00:00,ACTIVO
1001745,1431,4,Psje. La Molina 7280,BT,4,2015-04-09 13:47:24,SUSPENDIDO
1001746,1432,5,Av. Progreso 156,BT,5,2020-09-13 10:57:33,ACTIVO
1001747,1433,19,Pasaje Grau 7247,BT,1,2016-08-22 00:38:23,ACTIVO
1001748,1434,29,Psje. Los Pinos 670,BT,1,2017-04-25 10:25:08,ACTIVO
1001749,1435,38,Jr. Bolívar 4520,BT,1,2007-02-27 10:30:46,ACTIVO
1001750,1436,29,Av. Panamericana 8132,BT,7,2009-09-29 11:48:40,ACTIVO
1001751,1436,29,Av. El Sol 7690,BT,3,2002-06-22 08:55:42,ACTIVO
1001752,1437,15,Psje. Bolívar 3897,BT,5,2014-04-08 07:12:53,ACTIVO
1001753,1438,1,Psje. San Martín 1796,BT,6,2016-02-10 11:16:18,ACTIVO
1001754,1439,29,Calle San Martín 6748,BT,5,2006-03-16 18:33:03,ACTIVO
1001755,1439,29,Jr. San Martín 4619,BT,2,2020-09-08 01:00:27,ACTIVO
1001756,1440,5,Av. Universitaria 1449,BT,3,2013-06-23 07:42:47,ACTIVO
1001757,1441,19,Psje. La Molina 1054,BT,2,2010-04-16 22:29:27,ACTIVO
1001758,1441,19,Calle Panamericana 4527,BT,6,2002-01-11 01:19:06,ACTIVO
1001759,1442,3,Calle Venezuela 6606,BT,6,2020-05-09 05:15:35,ACTIVO
1001760,1442,3,Pasaje Bolívar 4347,BT,5,2005-09-17 08:24:50,ACTIVO
1001761,1443,39,Pasaje Bolívar 8216,BT,4,2005-09-14 14:02:37,ACTIVO
1001762,1444,35,Av. Progreso 7707,BT,5,2014-09-06 23:15:35,ACTIVO
1001763,1445,29,Av. Venezuela 2182,BT,4,2001-07-17 20:15:44,ACTIVO
1001764,1446,15,Psje. Panamericana 6630,BT,6,2015-07-12 07:08:27,INACTIVO
1001765,1447,26,Psje. La Molina 1921,BT,3,2020-11-23 21:58:53,ACTIVO
1001766,1448,29,Av. Los Pinos 4803,BT,8,2019-03-13 09:08:53,ACTIVO
1001767,1449,29,Pasaje La Molina 4973,BT,3,2015-03-24 18:24:23,ACTIVO
1001768,1450,3,Pasaje Venezuela 1527,BT,4,2018-03-10 21:38:34,ACTIVO
1001769,1451,18,Pasaje Bolívar 7143,BT,5,2001-12-18 18:17:58,ACTIVO
1001770,1452,40,Av. Los Pinos 4385,BT,4,2013-11-30 09:07:46,ACTIVO
1001771,1452,40,Calle Panamericana 7334,BT,5,2003-08-23 03:59:16,ACTIVO
1001772,1452,40,Av. La Molina 5050,BT,8,2022-06-13 00:00:00,ACTIVO
1001773,1453,7,Calle Grau 7655,BT,4,2013-06-05 02:58:42,ACTIVO
1001774,1454,28,Calle Progreso 1313,BT,3,2012-08-13 02:23:08,ACTIVO
1001775,1455,28,Jr. Bolívar 5470,BT,5,2000-09-24 17:10:57,ACTIVO
1001776,1456,39,Pasaje Venezuela 7025,BT,7,2000-04-06 18:40:53,ACTIVO
1001777,1456,39,Jr. Universitaria 4853,BT,8,2018-08-19 02:17:55,ACTIVO
1001778,1457,43,Calle Bolívar 9016,BT,2,2004-04-01 06:41:04,SUSPENDIDO
1001779,1458,7,Pasaje Grau 3580,BT,5,2003-03-27 00:36:03,ACTIVO
1001780,1459,28,Calle Grau 4206,BT,4,2005-04-30 08:17:59,ACTIVO
1001781,1460,7,Pasaje Venezuela 4834,BT,1,2007-02-28 22:56:48,ACTIVO
1001782,1461,38,Psje. Panamericana 7985,BT,2,2006-04-08 06:10:23,ACTIVO
1001783,1462,7,Psje. Los Pinos 4165,BT,7,2001-10-17 13:03:44,ACTIVO
1001784,1462,7,Av. Los Pinos 4102,BT,7,2009-05-04 18:59:53,ACTIVO
1001785,1463,15,Jr. San Martín 5876,BT,8,2016-11-30 05:28:49,ACTIVO
1001786,1464,43,Jr. Venezuela 2144,BT,1,2006-08-31 06:25:20,ACTIVO
1001787,1465,29,Av. Progreso 1867,BT,5,2013-01-03 14:33:45,ACTIVO
1001788,1466,4,Av. Panamericana 1928,BT,6,2020-01-29 12:55:06,ACTIVO
1001789,1467,7,Av. Venezuela 1858,BT,2,2019-08-07 12:55:40,SUSPENDIDO
1001790,1468,9,Av. La Molina 4611,BT,2,2003-08-03 20:10:12,ACTIVO
1001791,1469,30,Jr. La Molina 6243,BT,6,2002-01-16 08:10:21,ACTIVO
1001792,1470,7,Pasaje Progreso 9109,BT,2,2003-12-04 00:47:50,ACTIVO
1001793,1471,10,Jr. Bolívar 6828,BT,5,2007-01-10 07:16:17,ACTIVO
1001794,1472,3,Pasaje Progreso 569,BT,2,2004-07-23 14:21:42,ACTIVO
1001795,1473,39,Calle La Molina 4776,BT,2,2017-06-11 14:58:08,ACTIVO
1001796,1474,39,Psje. Panamericana 650,BT,8,2016-07-12 22:20:39,ACTIVO
1001797,1475,42,Pasaje Progreso 906,BT,8,2011-07-30 02:12:25,ACTIVO
1001798,1475,42,Calle Progreso 6183,BT,3,2013-01-02 01:19:57,ACTIVO
1001799,1476,40,Jr. Venezuela 1993,BT,5,2017-07-27 20:16:35,ACTIVO
1001800,1476,40,Calle Grau 1205,BT,2,2007-08-24 14:46:31,ACTIVO
1001801,1477,5,Psje. Bolívar 9540,BT,3,2020-04-24 20:26:01,SUSPENDIDO
1001802,1478,5,Pasaje Grau 6907,BT,7,2003-10-26 15:45:10,ACTIVO
1001803,1479,18,Jr. Bolívar 4010,BT,3,2001-11-12 09:18:39,ACTIVO
1001804,1480,14,Psje. Universitaria 6151,BT,7,2005-03-16 06:36:27,ACTIVO
1001805,1481,9,Calle Universitaria 1905,BT,4,2016-01-29 07:52:29,ACTIVO
1001806,1482,15,Jr. Grau 6994,BT,7,2014-03-22 21:44:28,ACTIVO
1001807,1482,15,Pasaje Progreso 6244,BT,6,2018-07-29 03:04:41,ACTIVO
1001808,1483,26,Jr. Venezuela 3737,BT,3,2013-04-29 22:47:15,ACTIVO
1001809,1484,38,Psje. Bolívar 9622,BT,3,2014-03-14 04:38:14,ACTIVO
1001810,1485,2,Av. Los Pinos 6903,BT,3,2015-06-16 17:10:26,ACTIVO
1001811,1485,2,Pasaje Progreso 8543,BT,4,2002-01-05 10:22:40,ACTIVO
1001812,1486,26,Psje. Grau 3217,BT,8,2007-10-26 13:14:42,ACTIVO
1001813,1487,17,Calle Venezuela 1643,BT,7,2017-01-05 18:31:22,ACTIVO
1001814,1488,15,Jr. Los Pinos 7252,BT,5,2013-09-03 19:32:54,ACTIVO
1001815,1489,28,Psje. El Sol 2203,BT,3,2000-01-30 17:15:08,ACTIVO
1001816,1490,4,Pasaje La Molina 2297,BT,8,2007-04-28 11:26:22,ACTIVO
1001817,1491,7,Pasaje El Sol 3552,BT,5,2012-12-18 02:30:50,ACTIVO
1001818,1492,42,Jr. Los Pinos 3964,BT,3,2011-07-29 06:58:53,ACTIVO
1001819,1493,26,Psje. El Sol 4273,BT,2,2019-03-22 22:34:34,ACTIVO
1001820,1494,29,Calle Progreso 4124,BT,3,2008-07-18 20:50:24,ACTIVO
1001821,1495,15,Jr. Venezuela 832,BT,1,2002-06-08 01:40:44,ACTIVO
1001822,1496,41,Pasaje Universitaria 2549,BT,8,2005-07-11 02:49:46,INACTIVO
1001823,1496,41,Jr. El Sol 860,BT,2,2017-11-15 05:04:09,ACTIVO
1001824,1497,30,Psje. Panamericana 8291,BT,4,2006-05-09 19:38:54,SUSPENDIDO
1001825,1497,30,Jr. San Martín 7950,BT,7,2013-05-23 15:28:53,ACTIVO
1001826,1498,21,Pasaje La Molina 173,BT,2,2001-10-30 21:03:59,ACTIVO
1001827,1499,19,Psje. El Sol 7666,BT,6,2000-06-27 18:44:12,ACTIVO
1001828,1500,15,Pasaje Universitaria 9984,BT,3,2004-09-10 04:18:24,ACTIVO
1001829,1501,43,Pasaje Los Pinos 3607,BT,1,2005-04-18 04:16:05,ACTIVO
1001830,1502,43,Av. Progreso 6074,MT,1,2001-03-25 15:22:06,ACTIVO
1001831,1503,4,Calle Los Pinos 5749,BT,5,2006-10-30 23:34:37,ACTIVO
1001832,1504,20,Calle Panamericana 9246,MT,3,2022-03-23 00:00:00,ACTIVO
1001833,1505,15,Pasaje La Molina 8808,BT,4,2008-02-11 06:39:11,ACTIVO
1001834,1506,13,Psje. Los Pinos 6134,BT,1,2012-12-28 19:25:41,ACTIVO
1001835,1507,7,Av. Los Pinos 5504,BT,1,2022-06-25 00:00:00,ACTIVO
1001836,1508,3,Pasaje Panamericana 5713,BT,2,2010-04-22 02:55:40,ACTIVO
1001837,1509,9,Pasaje Panamericana 9196,BT,5,2003-03-10 21:01:04,ACTIVO
1001838,1510,5,Jr. Universitaria 4566,BT,6,2007-10-15 17:29:27,ACTIVO
1001839,1510,5,Calle Los Pinos 8657,BT,3,2009-11-18 07:52:11,ACTIVO
1001840,1511,40,Pasaje Bolívar 8681,BT,1,2000-06-13 20:44:39,ACTIVO
1001841,1512,28,Pasaje San Martín 1280,BT,7,2009-08-21 23:50:50,ACTIVO
1001842,1513,16,Psje. El Sol 7909,BT,8,2006-03-22 01:48:00,ACTIVO
1001843,1514,7,Pasaje Progreso 1524,BT,8,2012-11-02 02:18:28,ACTIVO
1001844,1514,7,Jr. Panamericana 5048,BT,8,2005-11-01 13:11:39,ACTIVO
1001845,1515,24,Psje. Progreso 1646,BT,1,2008-12-06 20:31:28,ACTIVO
1001846,1516,7,Pasaje El Sol 437,BT,6,2008-09-09 17:02:59,ACTIVO
1001847,1517,6,Calle Bolívar 5680,BT,1,2019-01-21 14:25:57,ACTIVO
1001848,1518,30,Pasaje Grau 2743,BT,4,2014-10-08 18:41:59,ACTIVO
1001849,1518,30,Pasaje Bolívar 3303,BT,5,2009-10-22 21:18:37,ACTIVO
1001850,1518,30,Av. Grau 1565,BT,3,2005-01-28 12:57:04,ACTIVO
1001851,1519,34,Calle Progreso 959,BT,5,2017-07-26 01:39:21,ACTIVO
1001852,1520,15,Jr. Venezuela 168,BT,3,2006-08-21 11:33:45,ACTIVO
1001853,1521,5,Jr. San Martín 4422,BT,7,2003-03-01 11:39:37,ACTIVO
1001854,1522,7,Psje. Grau 1703,BT,7,2015-08-31 00:25:17,ACTIVO
1001855,1523,29,Av. Panamericana 1984,BT,4,2022-01-25 00:00:00,ACTIVO
1001856,1524,29,Psje. Progreso 9812,MT,5,2015-09-26 04:42:32,ACTIVO
1001857,1525,29,Psje. Venezuela 4643,BT,2,2011-09-14 12:14:45,ACTIVO
1001858,1526,2,Jr. Universitaria 4523,BT,4,2002-07-14 14:09:59,ACTIVO
1001859,1527,15,Av. El Sol 2726,BT,1,2011-03-20 06:46:03,ACTIVO
1001860,1528,5,Jr. San Martín 1305,BT,7,2019-10-08 11:41:03,ACTIVO
1001861,1529,23,Jr. Universitaria 1346,BT,1,2020-09-14 23:31:24,ACTIVO
1001862,1529,23,Psje. Progreso 5445,MT,3,2000-01-13 23:53:38,ACTIVO
1001863,1530,13,Pasaje Progreso 2654,BT,7,2011-10-06 17:46:40,ACTIVO
1001864,1531,30,Psje. El Sol 8382,BT,4,2005-02-08 18:55:04,ACTIVO
1001865,1532,40,Jr. San Martín 3807,BT,3,2014-05-02 19:49:00,ACTIVO
1001866,1533,38,Calle El Sol 5121,BT,7,2016-12-25 22:34:13,ACTIVO
1001867,1534,37,Psje. San Martín 5055,BT,5,2012-10-18 16:29:18,ACTIVO
1001868,1535,26,Jr. Progreso 4104,BT,1,2010-12-27 14:39:43,ACTIVO
1001869,1536,41,Jr. Venezuela 6421,BT,7,2011-09-07 16:23:06,ACTIVO
1001870,1536,41,Jr. Los Pinos 5676,MT,7,2018-10-06 17:51:14,ACTIVO
1001871,1537,40,Av. La Molina 3089,BT,1,2004-11-24 01:18:19,ACTIVO
1001872,1538,15,Av. Bolívar 1674,BT,2,2007-07-11 07:07:50,ACTIVO
1001873,1539,22,Av. La Molina 4948,BT,2,2013-01-20 02:47:53,ACTIVO
1001874,1540,7,Pasaje Los Pinos 2668,BT,5,2000-02-20 10:28:01,ACTIVO
1001875,1540,7,Av. Progreso 5076,BT,8,2000-01-16 22:31:50,ACTIVO
1001876,1541,15,Psje. Venezuela 7325,BT,7,2004-12-05 21:41:02,ACTIVO
1001877,1541,15,Pasaje Panamericana 2437,BT,8,2007-07-06 09:04:26,ACTIVO
1001878,1542,17,Pasaje Progreso 4110,BT,5,2017-06-09 09:48:00,ACTIVO
1001879,1543,3,Pasaje San Martín 3022,BT,8,2013-04-29 11:34:42,SUSPENDIDO
1001880,1544,7,Psje. La Molina 730,BT,6,2011-12-30 22:31:35,ACTIVO
1001881,1545,7,Psje. Grau 6486,MT,6,2009-10-31 13:00:34,ACTIVO
1001882,1546,40,Calle Grau 8680,BT,6,2017-06-28 19:06:35,ACTIVO
1001883,1546,40,Psje. Panamericana 5462,BT,4,2011-11-15 04:10:52,ACTIVO
1001884,1547,29,Calle San Martín 7293,BT,8,2013-09-21 03:03:42,ACTIVO
1001885,1548,5,Calle Progreso 7700,BT,3,2019-11-14 03:55:20,ACTIVO
1001886,1549,29,Calle Los Pinos 4560,BT,2,2016-03-04 23:14:05,ACTIVO
1001887,1550,18,Pasaje La Molina 7116,MT,7,2014-10-14 08:08:37,ACTIVO
1001888,1551,9,Jr. Panamericana 9810,BT,1,2008-02-21 08:39:42,ACTIVO
1001889,1552,39,Pasaje Progreso 1113,BT,2,2013-07-13 13:22:05,ACTIVO
1001890,1553,38,Psje. Bolívar 5811,BT,6,2001-02-10 16:33:58,ACTIVO
1001891,1554,19,Psje. Progreso 5993,BT,7,2009-05-07 15:04:57,ACTIVO
1001892,1555,5,Av. San Martín 9864,BT,3,2015-10-05 22:19:02,ACTIVO
1001893,1556,7,Av. San Martín 6557,BT,6,2017-05-26 05:02:03,ACTIVO
1001894,1557,9,Av. Los Pinos 6929,BT,4,2009-08-18 04:45:20,ACTIVO
1001895,1558,30,Psje. Bolívar 4757,BT,6,2009-07-31 15:20:57,ACTIVO
1001896,1559,37,Psje. Universitaria 5425,BT,5,2000-06-11 11:14:17,ACTIVO
1001897,1560,9,Calle Universitaria 7788,BT,1,2007-02-13 14:45:05,ACTIVO
1001898,1561,3,Calle Universitaria 5965,BT,7,2008-05-02 21:47:16,ACTIVO
1001899,1562,43,Pasaje Bolívar 8205,BT,5,2005-01-17 06:45:37,ACTIVO
1001900,1563,19,Psje. Venezuela 3287,BT,1,2009-08-15 21:51:24,ACTIVO
1001901,1564,30,Calle Venezuela 2671,BT,2,2005-10-11 22:29:55,ACTIVO
1001902,1565,19,Av. Universitaria 7173,MT,4,2012-06-08 12:48:09,ACTIVO
1001903,1566,26,Jr. El Sol 8650,MT,3,2017-02-02 10:31:23,ACTIVO
1001904,1567,22,Jr. Los Pinos 2528,BT,8,2001-08-07 12:21:48,ACTIVO
1001905,1568,11,Av. Los Pinos 2663,BT,1,2024-10-14 00:00:00,ACTIVO
1001906,1568,11,Psje. Grau 6446,BT,5,2007-09-10 06:25:35,ACTIVO
1001907,1568,11,Pasaje Grau 8553,BT,8,2014-08-18 18:09:00,ACTIVO
1001908,1569,24,Pasaje Los Pinos 5592,BT,5,2016-07-27 07:21:35,ACTIVO
1001909,1570,3,Pasaje Panamericana 5388,BT,7,2000-11-15 10:45:28,ACTIVO
1001910,1571,28,Pasaje La Molina 787,BT,1,2013-10-11 12:08:54,ACTIVO
1001911,1572,36,Jr. Panamericana 9678,BT,8,2003-09-05 05:31:07,ACTIVO
1001912,1573,17,Psje. Bolívar 2221,BT,6,2008-03-01 16:05:28,ACTIVO
1001913,1574,2,Av. Venezuela 5628,BT,7,2001-10-30 12:42:36,ACTIVO
1001914,1575,9,Av. Universitaria 1542,BT,6,2020-03-27 17:10:04,ACTIVO
1001915,1576,28,Calle Universitaria 7482,MT,8,2019-01-12 22:05:55,ACTIVO
1001916,1577,18,Psje. Universitaria 5193,BT,5,2004-12-01 02:29:54,ACTIVO
1001917,1577,18,Pasaje Progreso 4398,BT,1,2013-12-11 02:26:50,ACTIVO
1001918,1578,26,Calle La Molina 5167,BT,3,2000-03-31 22:03:47,ACTIVO
1001919,1579,43,Psje. San Martín 4914,BT,7,2019-04-05 08:09:27,ACTIVO
1001920,1580,7,Jr. Universitaria 2271,BT,4,2012-03-20 00:12:36,ACTIVO
1001921,1580,7,Pasaje Bolívar 7581,BT,8,2023-06-30 00:00:00,ACTIVO
1001922,1580,7,Av. Universitaria 5573,BT,4,2016-05-15 03:03:58,ACTIVO
1001923,1581,28,Jr. Venezuela 4556,BT,1,2013-12-26 18:31:37,ACTIVO
1001924,1581,28,Av. Panamericana 2700,BT,5,2015-07-30 05:33:58,ACTIVO
1001925,1582,5,Pasaje San Martín 911,BT,5,2010-01-19 13:22:13,ACTIVO
1001926,1583,28,Calle Grau 7498,BT,8,2005-05-18 09:45:21,ACTIVO
1001927,1584,38,Psje. Progreso 9430,BT,7,2003-11-08 10:41:02,ACTIVO
1001928,1585,40,Av. San Martín 2195,BT,2,2019-12-10 19:55:48,ACTIVO
1001929,1585,40,Pasaje Los Pinos 4439,BT,3,2017-08-15 01:40:16,ACTIVO
1001930,1586,15,Av. Venezuela 6320,BT,8,2001-09-10 13:25:55,ACTIVO
1001931,1587,24,Av. Universitaria 8725,BT,6,2018-01-07 10:27:32,ACTIVO
1001932,1588,15,Psje. El Sol 6214,BT,7,2015-12-19 19:56:51,ACTIVO
1001933,1589,2,Jr. La Molina 8348,BT,4,2000-09-05 02:19:19,ACTIVO
1001934,1590,35,Psje. San Martín 1905,BT,6,2022-08-31 00:00:00,INACTIVO
1001935,1590,35,Calle Progreso 6159,BT,8,2019-01-16 03:08:16,ACTIVO
1001936,1591,15,Psje. Progreso 1869,BT,6,2002-10-04 21:12:24,ACTIVO
1001937,1592,33,Pasaje El Sol 4390,BT,5,2005-07-12 07:03:01,ACTIVO
1001938,1593,34,Jr. Bolívar 713,BT,1,2011-01-29 13:41:56,ACTIVO
1001939,1594,26,Calle Progreso 263,BT,8,2003-11-05 12:06:04,ACTIVO
1001940,1595,38,Psje. La Molina 9408,BT,4,2019-12-19 12:58:33,ACTIVO
1001941,1595,38,Jr. Venezuela 7904,BT,3,2017-07-03 11:42:12,ACTIVO
1001942,1596,7,Av. Bolívar 9536,BT,7,2018-08-04 10:25:43,SUSPENDIDO
1001943,1596,7,Calle Los Pinos 3721,BT,3,2008-01-02 18:16:45,ACTIVO
1001944,1597,17,Psje. Universitaria 817,BT,5,2010-12-30 13:59:16,ACTIVO
1001945,1598,30,Jr. Venezuela 3601,BT,8,2018-08-19 17:47:40,ACTIVO
1001946,1599,5,Calle Universitaria 1590,BT,2,2012-03-08 21:33:47,ACTIVO
1001947,1600,35,Calle Venezuela 8441,BT,8,2017-08-14 07:05:26,ACTIVO
1001948,1601,10,Psje. Universitaria 8554,BT,4,2009-03-20 07:27:01,INACTIVO
1001949,1602,39,Pasaje San Martín 7121,BT,6,2002-12-10 22:16:40,ACTIVO
1001950,1603,22,Jr. La Molina 6346,BT,2,2017-03-16 08:43:12,ACTIVO
1001951,1604,19,Av. San Martín 9341,BT,7,2012-05-06 01:34:53,ACTIVO
1001952,1605,3,Jr. Los Pinos 8536,BT,1,2019-03-17 06:33:19,ACTIVO
1001953,1606,15,Psje. El Sol 6653,BT,8,2019-03-05 00:35:16,ACTIVO
1001954,1606,15,Av. San Martín 9054,BT,6,2015-04-22 03:24:00,ACTIVO
1001955,1607,39,Psje. Progreso 7659,BT,5,2000-10-10 23:47:15,ACTIVO
1001956,1608,7,Psje. Bolívar 505,BT,3,2004-09-30 04:45:03,ACTIVO
1001957,1609,39,Jr. Venezuela 8816,BT,7,2010-02-02 04:46:22,ACTIVO
1001958,1610,19,Psje. Grau 6664,BT,6,2015-08-23 04:55:20,ACTIVO
1001959,1611,7,Psje. San Martín 2303,BT,6,2010-03-21 19:38:45,ACTIVO
1001960,1611,7,Psje. Panamericana 5123,BT,4,2005-02-12 21:38:13,INACTIVO
1001961,1612,42,Calle Venezuela 9608,BT,6,2001-12-19 01:38:19,ACTIVO
1001962,1613,17,Jr. Los Pinos 9554,BT,3,2021-05-24 00:00:00,ACTIVO
1001963,1614,1,Calle Bolívar 513,BT,4,2000-04-14 10:52:14,ACTIVO
1001964,1615,41,Jr. San Martín 3679,BT,3,2006-10-29 14:48:17,ACTIVO
1001965,1615,41,Pasaje San Martín 6209,BT,6,2005-07-30 21:38:18,ACTIVO
1001966,1616,15,Calle Universitaria 9843,BT,4,2013-08-22 23:21:51,ACTIVO
1001967,1617,29,Calle San Martín 4213,BT,4,2011-05-24 18:16:52,ACTIVO
1001968,1618,7,Pasaje Panamericana 5332,BT,6,2009-12-03 02:40:56,ACTIVO
1001969,1619,29,Jr. Universitaria 9569,BT,5,2000-09-30 02:41:41,ACTIVO
1001970,1620,15,Jr. Grau 3552,BT,2,2002-05-11 12:39:31,ACTIVO
1001971,1621,5,Psje. San Martín 5463,BT,1,2007-09-15 05:45:34,ACTIVO
1001972,1622,27,Calle Grau 2225,BT,4,2020-10-15 19:50:33,ACTIVO
1001973,1623,9,Pasaje Los Pinos 753,BT,2,2004-03-26 02:43:34,ACTIVO
1001974,1624,30,Av. La Molina 4661,BT,3,2011-11-14 09:33:05,ACTIVO
1001975,1625,7,Psje. San Martín 490,BT,2,2023-12-04 00:00:00,INACTIVO
1001976,1625,7,Av. Progreso 8096,BT,4,2018-12-06 14:46:54,ACTIVO
1001977,1626,27,Jr. Venezuela 896,BT,3,2015-06-09 09:02:53,SUSPENDIDO
1001978,1627,15,Psje. Panamericana 3091,BT,7,2013-04-28 16:13:35,ACTIVO
1001979,1627,15,Jr. Progreso 7439,BT,3,2006-06-24 21:47:19,ACTIVO
1001980,1628,35,Pasaje Venezuela 2326,BT,5,2006-02-03 10:44:25,ACTIVO
1001981,1629,19,Calle Bolívar 1186,BT,5,2015-04-08 10:46:35,ACTIVO
1001982,1630,43,Av. La Molina 1839,BT,2,2014-11-03 18:15:35,ACTIVO
1001983,1631,28,Pasaje San Martín 7667,BT,2,2018-10-26 11:05:26,ACTIVO
1001984,1632,9,Calle Los Pinos 670,BT,2,2019-08-22 00:17:33,ACTIVO
1001985,1633,14,Calle La Molina 893,BT,4,2004-06-26 14:46:26,ACTIVO
1001986,1633,14,Pasaje Panamericana 4436,BT,1,2012-04-05 10:48:59,ACTIVO
1001987,1634,6,Psje. Grau 9813,BT,2,2010-07-05 23:54:47,ACTIVO
1001988,1635,15,Psje. Progreso 7687,BT,4,2014-10-26 04:59:37,ACTIVO
1001989,1636,30,Pasaje Panamericana 9636,BT,7,2007-06-06 17:07:41,ACTIVO
1001990,1636,30,Psje. El Sol 3943,BT,2,2013-09-24 16:47:20,ACTIVO
1001991,1637,9,Psje. Venezuela 8703,BT,2,2012-06-15 06:31:27,ACTIVO
1001992,1638,34,Calle Grau 2786,BT,2,2020-01-06 10:18:20,ACTIVO
1001993,1639,11,Pasaje Universitaria 7097,BT,4,2017-02-22 15:57:08,ACTIVO
1001994,1639,11,Calle Panamericana 3731,BT,5,2013-08-31 14:34:13,ACTIVO
1001995,1640,15,Psje. Bolívar 6875,BT,6,2001-02-28 08:01:30,ACTIVO
1001996,1640,15,Calle Universitaria 7986,BT,3,2012-01-18 00:44:15,ACTIVO
1001997,1641,9,Av. San Martín 2505,BT,7,2005-04-09 10:43:50,INACTIVO
1001998,1642,7,Pasaje Los Pinos 3930,BT,4,2006-03-20 16:40:19,ACTIVO
1001999,1643,34,Jr. San Martín 961,BT,5,2015-04-08 07:51:37,SUSPENDIDO
1002000,1644,8,Psje. Panamericana 6116,BT,1,2009-04-07 04:21:07,ACTIVO
1002001,1645,14,Av. El Sol 9861,BT,5,2012-09-12 23:59:58,ACTIVO
1002002,1646,12,Av. La Molina 2058,BT,1,2010-02-22 08:00:11,ACTIVO
1002003,1646,12,Psje. Panamericana 1434,MT,6,2004-08-06 22:11:25,ACTIVO
1002004,1647,43,Av. Venezuela 5763,BT,8,2009-03-28 01:09:49,ACTIVO
1002005,1648,43,Psje. Panamericana 8148,BT,6,2012-06-02 17:47:06,ACTIVO
1002006,1649,43,Calle San Martín 6658,BT,3,2002-02-17 07:17:16,ACTIVO
1002007,1650,7,Jr. Grau 8141,BT,8,2017-05-19 06:09:46,ACTIVO
1002008,1651,39,Jr. Venezuela 5234,BT,3,2014-03-11 01:40:52,ACTIVO
1002009,1652,9,Jr. Universitaria 7629,BT,1,2006-06-08 05:22:03,ACTIVO
1002010,1653,43,Calle Progreso 8533,BT,4,2002-04-30 07:14:16,ACTIVO
1002011,1654,9,Pasaje San Martín 7972,BT,6,2019-08-20 17:54:28,ACTIVO
1002012,1655,15,Jr. Universitaria 1130,BT,2,2014-01-10 00:36:53,INACTIVO
1002013,1656,29,Av. Venezuela 3437,BT,1,2007-08-11 10:55:01,ACTIVO
1002014,1657,5,Psje. Venezuela 2622,BT,7,2013-04-17 17:28:22,ACTIVO
1002015,1658,5,Psje. Bolívar 532,BT,8,2019-02-02 18:45:28,ACTIVO
1002016,1659,30,Pasaje San Martín 6719,BT,5,2019-03-10 01:21:56,ACTIVO
1002017,1659,30,Jr. Los Pinos 9199,BT,4,2008-05-13 11:35:17,ACTIVO
1002018,1659,30,Av. El Sol 9465,BT,4,2017-07-24 23:00:09,ACTIVO
1002019,1660,40,Psje. Panamericana 4725,BT,8,2020-05-29 15:03:57,ACTIVO
1002020,1660,40,Calle Universitaria 7939,BT,3,2011-07-13 06:38:21,ACTIVO
1002021,1661,42,Calle Progreso 4328,MT,2,2015-09-24 12:44:22,ACTIVO
1002022,1662,13,Pasaje Grau 4689,BT,3,2005-03-27 23:20:07,ACTIVO
1002023,1663,1,Pasaje Bolívar 9627,BT,6,2017-10-28 23:03:21,ACTIVO
1002024,1664,32,Jr. El Sol 3426,BT,5,2001-06-17 02:16:11,ACTIVO
1002025,1665,1,Psje. Progreso 3695,BT,7,2004-08-12 02:19:55,ACTIVO
1002026,1666,14,Jr. Bolívar 8095,BT,4,2014-06-03 01:59:00,ACTIVO
1002027,1666,14,Av. El Sol 5146,BT,3,2011-01-18 20:00:38,ACTIVO
1002028,1667,7,Av. San Martín 2136,BT,4,2018-02-18 15:08:03,ACTIVO
1002029,1668,3,Jr. Venezuela 337,BT,4,2006-12-09 07:33:29,ACTIVO
1002030,1669,9,Psje. San Martín 2509,BT,1,2020-12-30 16:35:13,ACTIVO
1002031,1669,9,Psje. Venezuela 9329,BT,8,2001-11-17 00:18:52,ACTIVO
1002032,1670,26,Jr. Universitaria 1958,BT,8,2003-05-28 22:12:29,ACTIVO
1002033,1671,43,Psje. El Sol 8906,BT,7,2008-02-14 18:59:02,ACTIVO
1002034,1672,3,Av. El Sol 2547,BT,8,2013-08-27 13:22:23,ACTIVO
1002035,1673,36,Psje. San Martín 1966,BT,6,2016-04-04 17:12:38,ACTIVO
1002036,1674,15,Pasaje Universitaria 2378,BT,2,2018-01-06 15:10:30,ACTIVO
1002037,1675,41,Calle San Martín 6039,BT,1,2000-03-31 09:23:46,ACTIVO
1002038,1675,41,Pasaje Los Pinos 9554,BT,3,2020-11-13 01:52:08,ACTIVO
1002039,1676,29,Calle Progreso 5111,BT,8,2024-02-26 00:00:00,ACTIVO
1002040,1676,29,Calle Universitaria 5058,BT,3,2000-11-06 12:47:25,ACTIVO
1002041,1676,29,Psje. Progreso 8265,BT,3,2018-01-24 22:03:12,ACTIVO
1002042,1677,9,Jr. El Sol 1500,BT,8,2010-12-06 01:36:58,ACTIVO
1002043,1678,15,Calle Panamericana 7825,BT,2,2010-09-03 18:41:52,ACTIVO
1002044,1679,9,Pasaje Progreso 8708,BT,3,2020-11-02 20:26:11,ACTIVO
1002045,1679,9,Pasaje San Martín 5795,BT,2,2011-03-04 11:52:47,ACTIVO
1002046,1680,30,Av. Universitaria 2532,BT,6,2017-02-17 16:35:13,ACTIVO
1002047,1681,43,Psje. Bolívar 6967,BT,1,2002-05-21 12:23:41,ACTIVO
1002048,1681,43,Psje. El Sol 4076,BT,4,2013-02-16 01:26:24,ACTIVO
1002049,1682,9,Pasaje La Molina 9427,BT,5,2005-08-14 00:09:45,ACTIVO
1002050,1683,40,Av. Universitaria 297,BT,8,2020-07-13 17:31:05,ACTIVO
1002051,1684,20,Jr. Los Pinos 9585,BT,1,2017-10-07 21:53:37,ACTIVO
1002052,1684,20,Jr. Universitaria 6874,BT,7,2010-05-25 15:19:44,ACTIVO
1002053,1685,25,Pasaje Venezuela 5778,BT,2,2000-10-23 14:23:25,ACTIVO
1002054,1686,15,Jr. La Molina 2407,BT,6,2011-05-11 08:56:26,ACTIVO
1002055,1687,4,Pasaje La Molina 5388,MT,5,2015-10-29 11:24:22,ACTIVO
1002056,1687,4,Av. Panamericana 2644,BT,2,2007-08-23 15:20:04,ACTIVO
1002057,1688,13,Calle La Molina 5208,BT,5,2006-10-27 10:42:02,ACTIVO
1002058,1689,14,Calle La Molina 722,BT,8,2011-07-25 03:53:08,ACTIVO
1002059,1689,14,Av. San Martín 1147,MT,6,2010-05-14 12:09:35,ACTIVO
1002060,1690,4,Pasaje Grau 7473,BT,3,2003-06-01 18:00:30,ACTIVO
1002061,1691,15,Jr. La Molina 9086,BT,7,2010-12-09 01:54:46,ACTIVO
1002062,1692,7,Psje. El Sol 6540,BT,7,2017-11-07 00:09:55,ACTIVO
1002063,1692,7,Av. Panamericana 5984,BT,4,2010-05-07 09:41:45,ACTIVO
1002064,1693,43,Pasaje Venezuela 5713,BT,8,2017-02-12 11:19:41,ACTIVO
1002065,1694,4,Jr. Venezuela 5129,BT,1,2020-07-31 21:48:57,ACTIVO
1002066,1695,15,Psje. La Molina 4876,MT,3,2002-09-22 22:33:22,ACTIVO
1002067,1696,32,Pasaje Grau 621,BT,7,2002-10-28 05:48:00,ACTIVO
1002068,1697,9,Calle Universitaria 2974,BT,2,2008-11-23 09:27:26,ACTIVO
1002069,1698,15,Pasaje La Molina 2267,BT,7,2013-07-26 15:07:06,ACTIVO
1002070,1699,3,Calle Panamericana 2784,BT,4,2008-09-30 17:04:14,ACTIVO
1002071,1700,15,Jr. Venezuela 2745,BT,6,2007-03-19 11:21:34,ACTIVO
1002072,1701,15,Calle Venezuela 7360,BT,7,2017-02-25 08:07:00,ACTIVO
1002073,1702,9,Psje. Panamericana 9213,BT,5,2011-01-24 00:13:59,ACTIVO
1002074,1703,28,Pasaje Progreso 2274,BT,7,2003-09-18 20:41:03,ACTIVO
1002075,1704,36,Jr. Bolívar 7604,BT,7,2004-02-09 02:49:07,ACTIVO
1002076,1704,36,Av. El Sol 3386,BT,1,2020-10-24 09:25:21,ACTIVO
1002077,1705,7,Psje. Bolívar 9250,BT,2,2003-05-20 05:53:43,ACTIVO
1002078,1706,3,Calle Grau 1061,BT,2,2001-07-22 09:41:10,ACTIVO
1002079,1707,19,Psje. Los Pinos 7471,BT,6,2003-09-14 22:58:23,ACTIVO
1002080,1708,23,Pasaje Universitaria 7900,BT,5,2006-07-17 23:31:27,ACTIVO
1002081,1709,15,Calle Panamericana 8675,BT,7,2014-01-28 10:20:11,ACTIVO
1002082,1709,15,Jr. Bolívar 6925,BT,8,2016-09-05 18:05:24,ACTIVO
1002083,1710,20,Jr. Bolívar 4755,BT,4,2019-09-23 18:41:13,ACTIVO
1002084,1710,20,Jr. El Sol 413,BT,2,2017-01-21 16:01:47,ACTIVO
1002085,1710,20,Psje. San Martín 9276,BT,5,2015-04-08 12:48:29,ACTIVO
1002086,1711,3,Psje. San Martín 8946,BT,7,2008-05-11 19:49:21,ACTIVO
1002087,1712,26,Jr. Panamericana 4151,BT,5,2005-12-28 08:29:58,ACTIVO
1002088,1713,15,Pasaje El Sol 8177,BT,6,2020-11-03 12:58:50,ACTIVO
1002089,1714,11,Av. Panamericana 9967,BT,7,2014-11-16 10:29:16,ACTIVO
1002090,1715,30,Calle Universitaria 8255,BT,6,2013-09-25 07:53:18,ACTIVO
1002091,1716,15,Psje. La Molina 6916,BT,4,2012-09-09 02:32:06,ACTIVO
1002092,1717,9,Pasaje Bolívar 7123,BT,5,2005-03-23 07:14:25,ACTIVO
1002093,1718,29,Pasaje La Molina 1538,BT,3,2019-01-12 10:11:32,ACTIVO
1002094,1719,41,Jr. El Sol 2512,BT,2,2007-09-25 02:27:50,ACTIVO
1002095,1720,3,Psje. Universitaria 5237,BT,6,2008-12-10 22:51:20,ACTIVO
1002096,1721,38,Psje. Grau 2797,BT,4,2014-04-08 12:10:35,ACTIVO
1002097,1722,4,Psje. Venezuela 6541,BT,1,2019-12-09 00:54:00,ACTIVO
1002098,1723,7,Psje. Grau 4574,BT,4,2004-09-28 12:24:53,ACTIVO
1002099,1724,12,Psje. Universitaria 6010,BT,3,2016-04-26 07:12:18,ACTIVO
1002100,1725,7,Calle Progreso 1222,BT,8,2020-01-13 09:44:24,ACTIVO
1002101,1726,13,Jr. Progreso 9857,BT,6,2000-10-15 17:20:54,ACTIVO
1002102,1727,28,Psje. Venezuela 5831,BT,8,2020-04-03 17:04:50,ACTIVO
1002103,1728,34,Jr. Universitaria 422,BT,5,2000-11-25 07:37:03,ACTIVO
1002104,1729,34,Jr. Venezuela 2080,BT,5,2011-08-05 02:05:47,ACTIVO
1002105,1730,13,Calle Venezuela 6453,BT,3,2012-07-07 22:21:23,ACTIVO
1002106,1731,28,Psje. Grau 9110,BT,3,2002-11-18 06:16:19,ACTIVO
1002107,1731,28,Jr. El Sol 8767,BT,3,2014-12-20 14:59:28,ACTIVO
1002108,1732,13,Av. La Molina 7806,BT,5,2004-07-12 19:22:23,ACTIVO
1002109,1733,21,Jr. La Molina 9436,BT,5,2006-10-01 05:38:44,ACTIVO
1002110,1733,21,Calle La Molina 7689,BT,8,2014-02-05 10:09:56,ACTIVO
1002111,1734,1,Av. San Martín 836,BT,1,2014-02-01 05:43:39,ACTIVO
1002112,1735,39,Calle Panamericana 1713,BT,8,2020-05-14 22:47:36,ACTIVO
1002113,1736,28,Pasaje San Martín 626,BT,3,2004-08-01 14:42:44,ACTIVO
1002114,1737,35,Psje. El Sol 9717,BT,2,2000-06-02 13:53:12,ACTIVO
1002115,1738,7,Psje. Venezuela 3075,BT,7,2000-08-25 07:31:00,ACTIVO
1002116,1739,13,Av. Los Pinos 4908,BT,3,2001-05-07 17:07:53,ACTIVO
1002117,1740,33,Psje. Universitaria 1399,BT,7,2005-07-19 17:08:42,ACTIVO
1002118,1741,11,Psje. Bolívar 6707,BT,4,2003-04-24 05:54:54,ACTIVO
1002119,1742,5,Pasaje Panamericana 5692,BT,7,2006-07-01 15:04:04,ACTIVO
1002120,1743,5,Psje. Panamericana 4564,BT,2,2018-05-21 13:55:56,ACTIVO
1002121,1744,13,Psje. Grau 9073,BT,3,2019-12-22 09:02:55,ACTIVO
1002122,1745,43,Jr. Grau 2479,BT,4,2011-01-03 12:08:20,ACTIVO
1002123,1746,43,Pasaje Progreso 889,BT,5,2016-10-07 00:04:11,ACTIVO
1002124,1747,10,Jr. Universitaria 9756,BT,6,2009-06-05 09:11:49,ACTIVO
1002125,1747,10,Psje. Grau 4125,BT,6,2004-12-05 17:38:38,ACTIVO
1002126,1747,10,Pasaje San Martín 9480,BT,8,2010-02-25 11:58:09,ACTIVO
1002127,1748,33,Calle Panamericana 9114,BT,1,2009-09-15 05:57:01,ACTIVO
1002128,1749,4,Psje. Bolívar 6689,BT,8,2016-01-06 11:59:04,ACTIVO
1002129,1750,7,Jr. El Sol 3999,BT,4,2006-12-22 13:40:07,ACTIVO
1002130,1751,30,Psje. Grau 3005,BT,7,2023-10-20 00:00:00,ACTIVO
1002131,1752,30,Jr. Panamericana 1741,BT,8,2001-04-16 11:33:45,ACTIVO
1002132,1753,10,Av. Universitaria 6067,BT,8,2007-01-26 21:42:58,ACTIVO
1002133,1754,38,Psje. La Molina 2928,BT,1,2000-08-18 09:15:05,ACTIVO
1002134,1755,8,Pasaje Venezuela 2097,BT,7,2019-07-21 21:28:10,ACTIVO
1002135,1755,8,Av. La Molina 1235,BT,2,2006-07-04 02:46:04,ACTIVO
1002136,1756,40,Jr. Universitaria 9083,BT,5,2017-11-30 01:57:05,ACTIVO
1002137,1757,28,Pasaje Los Pinos 3772,BT,5,2017-05-17 14:42:04,ACTIVO
1002138,1758,30,Calle Los Pinos 6387,BT,1,2006-08-03 18:30:43,ACTIVO
1002139,1759,12,Pasaje Grau 6343,BT,6,2005-02-10 14:36:50,ACTIVO
1002140,1760,15,Pasaje Venezuela 4361,BT,8,2008-03-05 19:39:19,ACTIVO
1002141,1761,7,Psje. El Sol 9642,BT,2,2001-03-29 19:36:27,ACTIVO
1002142,1761,7,Av. La Molina 591,BT,6,2016-08-25 15:33:33,ACTIVO
1002143,1762,40,Pasaje San Martín 6603,BT,2,2000-01-09 20:51:06,ACTIVO
1002144,1763,43,Calle El Sol 1365,BT,4,2009-11-12 12:22:52,ACTIVO
1002145,1764,7,Pasaje Panamericana 3187,BT,2,2005-09-16 02:31:45,ACTIVO
1002146,1765,40,Jr. Progreso 6301,BT,7,2016-08-29 06:55:23,ACTIVO
1002147,1766,31,Calle Grau 5643,BT,3,2006-08-05 21:53:50,ACTIVO
1002148,1767,15,Av. Los Pinos 9386,BT,7,2018-06-21 11:12:59,ACTIVO
1002149,1768,29,Jr. Panamericana 7951,BT,7,2020-01-11 17:06:10,ACTIVO
1002150,1769,43,Pasaje Los Pinos 4195,BT,3,2004-01-20 09:42:48,ACTIVO
1002151,1770,21,Jr. La Molina 6671,BT,6,2010-11-12 18:46:24,ACTIVO
1002152,1770,21,Pasaje Panamericana 7272,BT,3,2011-10-27 09:43:30,ACTIVO
1002153,1771,7,Calle Panamericana 5586,MT,8,2004-10-20 16:04:29,ACTIVO
1002154,1772,19,Psje. Panamericana 4474,BT,6,2015-10-04 09:53:28,ACTIVO
1002155,1773,19,Psje. San Martín 1300,BT,1,2016-01-05 02:17:13,ACTIVO
1002156,1773,19,Av. Grau 6590,BT,3,2007-10-13 16:06:02,ACTIVO
1002157,1773,19,Jr. Bolívar 8075,BT,8,2020-05-04 21:30:16,ACTIVO
1002158,1774,22,Jr. Progreso 1828,BT,7,2005-08-22 07:58:34,ACTIVO
1002159,1775,30,Jr. Universitaria 6210,BT,6,2006-12-02 20:39:07,ACTIVO
1002160,1776,29,Pasaje El Sol 7533,BT,7,2012-12-12 08:30:14,INACTIVO
1002161,1777,28,Psje. Bolívar 6287,BT,8,2017-01-08 01:27:18,ACTIVO
1002162,1778,3,Pasaje Panamericana 3749,BT,2,2002-12-30 18:54:12,ACTIVO
1002163,1778,3,Calle Panamericana 6906,BT,2,2012-07-10 23:09:17,ACTIVO
1002164,1779,7,Pasaje San Martín 1994,BT,7,2020-07-12 12:47:10,ACTIVO
1002165,1780,39,Psje. Panamericana 7822,BT,2,2010-01-03 03:45:47,ACTIVO
1002166,1781,38,Av. San Martín 6540,BT,7,2003-06-03 03:18:05,ACTIVO
1002167,1781,38,Psje. Grau 3673,BT,7,2012-10-24 10:10:00,ACTIVO
1002168,1782,17,Calle La Molina 6379,BT,3,2001-06-14 09:14:54,ACTIVO
1002169,1783,5,Pasaje La Molina 4878,BT,7,2006-04-21 13:48:02,ACTIVO
1002170,1784,43,Psje. Venezuela 1205,BT,7,2001-12-20 14:21:08,ACTIVO
1002171,1785,40,Psje. Bolívar 4521,BT,3,2007-12-24 22:46:08,ACTIVO
1002172,1786,16,Pasaje Bolívar 831,BT,1,2004-05-25 05:09:46,ACTIVO
1002173,1787,30,Pasaje Progreso 2861,BT,5,2009-10-04 20:36:12,ACTIVO
1002174,1787,30,Psje. El Sol 9068,BT,6,2001-06-10 09:58:58,ACTIVO
1002175,1788,13,Calle Universitaria 4275,BT,7,2005-01-23 03:23:40,ACTIVO
1002176,1789,28,Pasaje Venezuela 8052,MT,3,2013-06-12 17:56:28,ACTIVO
1002177,1790,9,Psje. San Martín 8304,BT,2,2009-09-04 13:23:00,ACTIVO
1002178,1791,3,Av. Progreso 4833,BT,8,2020-02-09 16:10:41,ACTIVO
1002179,1791,3,Pasaje Bolívar 9338,BT,1,2024-09-02 00:00:00,ACTIVO
1002180,1791,3,Jr. Panamericana 5813,BT,7,2011-06-14 18:15:57,ACTIVO
1002181,1792,15,Jr. Universitaria 1931,BT,1,2005-04-04 11:22:44,ACTIVO
1002182,1792,15,Psje. Panamericana 1339,BT,1,2007-11-15 22:34:51,ACTIVO
1002183,1793,7,Jr. Venezuela 4968,BT,2,2004-02-29 04:25:12,ACTIVO
1002184,1794,16,Psje. Panamericana 4614,BT,5,2013-08-25 17:18:52,ACTIVO
1002185,1794,16,Jr. La Molina 1704,BT,7,2010-11-06 03:40:34,ACTIVO
1002186,1795,5,Pasaje Bolívar 726,BT,4,2016-01-27 06:49:41,INACTIVO
1002187,1796,9,Jr. Universitaria 2229,BT,6,2012-04-16 07:00:13,ACTIVO
1002188,1797,15,Psje. San Martín 9335,BT,6,2007-06-10 18:46:13,ACTIVO
1002189,1797,15,Av. Universitaria 9399,BT,7,2007-10-21 11:32:59,ACTIVO
1002190,1798,28,Psje. Los Pinos 4409,BT,5,2001-08-12 21:42:13,ACTIVO
1002191,1799,24,Jr. Progreso 7048,BT,1,2018-08-29 20:38:32,ACTIVO
1002192,1799,24,Av. Venezuela 4519,BT,7,2014-08-17 09:13:32,ACTIVO
1002193,1800,26,Pasaje Venezuela 927,BT,5,2011-04-01 07:54:56,ACTIVO
1002194,1801,3,Calle San Martín 6154,MT,3,2014-07-10 15:41:29,ACTIVO
1002195,1802,40,Calle Los Pinos 903,BT,8,2004-09-26 03:55:57,ACTIVO
1002196,1802,40,Psje. Los Pinos 8570,BT,3,2020-06-04 03:47:03,ACTIVO
1002197,1803,4,Av. Bolívar 8817,BT,7,2015-05-06 06:50:22,ACTIVO
1002198,1804,40,Av. Venezuela 9704,BT,7,2006-02-02 15:29:00,ACTIVO
1002199,1805,27,Psje. Bolívar 9421,BT,8,2007-07-21 08:57:27,ACTIVO
1002200,1805,27,Psje. Panamericana 6706,BT,6,2003-07-18 09:19:55,ACTIVO
1002201,1806,5,Av. La Molina 1887,BT,8,2009-02-02 06:04:15,INACTIVO
1002202,1807,4,Av. San Martín 5997,BT,5,2020-07-18 05:39:35,ACTIVO
1002203,1808,9,Psje. Los Pinos 6564,BT,3,2020-06-08 23:13:39,ACTIVO
1002204,1809,7,Pasaje La Molina 9373,BT,8,2004-10-03 12:14:29,ACTIVO
1002205,1809,7,Jr. Bolívar 117,BT,8,2013-11-11 22:48:58,ACTIVO
1002206,1810,5,Pasaje Bolívar 1884,BT,7,2011-01-12 10:00:27,ACTIVO
1002207,1811,43,Pasaje Venezuela 5725,BT,7,2009-12-25 02:21:30,ACTIVO
1002208,1812,26,Av. Los Pinos 6125,BT,2,2005-02-07 19:06:10,ACTIVO
1002209,1813,40,Jr. Progreso 5480,BT,6,2011-07-26 11:33:20,ACTIVO
1002210,1814,39,Av. Venezuela 8143,BT,3,2017-03-23 04:39:14,ACTIVO
1002211,1814,39,Jr. Universitaria 204,BT,8,2006-05-12 19:11:38,ACTIVO
1002212,1815,43,Av. Bolívar 2097,BT,2,2019-11-18 03:05:37,ACTIVO
1002213,1816,11,Psje. Grau 8704,BT,1,2016-05-05 10:07:19,ACTIVO
1002214,1817,28,Pasaje San Martín 2787,BT,2,2011-12-01 05:31:47,ACTIVO
1002215,1818,37,Calle La Molina 2443,BT,8,2020-11-07 08:41:07,ACTIVO
1002216,1819,15,Jr. Panamericana 5279,BT,2,2008-11-29 00:31:56,ACTIVO
1002217,1820,9,Jr. Grau 2363,BT,7,2018-05-18 08:39:55,ACTIVO
1002218,1821,15,Jr. Progreso 5873,BT,5,2013-04-09 08:38:05,ACTIVO
1002219,1822,26,Pasaje La Molina 1516,BT,8,2001-03-11 14:56:54,ACTIVO
1002220,1823,28,Calle Los Pinos 3073,BT,2,2009-07-09 07:33:52,ACTIVO
1002221,1824,26,Jr. La Molina 2214,BT,4,2018-04-14 05:39:50,ACTIVO
1002222,1825,19,Av. San Martín 662,BT,3,2016-04-20 00:43:26,ACTIVO
1002223,1826,5,Av. Bolívar 5516,BT,8,2017-08-11 13:37:22,ACTIVO
1002224,1826,5,Av. Bolívar 6666,BT,6,2010-06-17 06:12:44,ACTIVO
1002225,1827,5,Psje. La Molina 7560,BT,5,2014-09-07 09:53:25,SUSPENDIDO
1002226,1828,24,Calle Bolívar 1701,BT,2,2011-01-03 03:21:11,INACTIVO
1002227,1829,9,Pasaje Universitaria 869,BT,3,2001-11-03 10:49:26,ACTIVO
1002228,1830,43,Pasaje Grau 6408,BT,8,2005-12-13 23:26:48,ACTIVO
1002229,1831,5,Psje. La Molina 5091,BT,8,2010-07-03 20:10:38,ACTIVO
1002230,1832,8,Av. Progreso 8482,MT,5,2007-09-04 17:08:56,ACTIVO
1002231,1832,8,Calle San Martín 2110,BT,2,2019-07-28 17:15:15,ACTIVO
1002232,1833,4,Jr. Panamericana 8361,BT,2,2017-10-13 06:18:14,ACTIVO
1002233,1834,9,Av. El Sol 5983,BT,4,2011-10-01 01:45:59,ACTIVO
1002234,1835,20,Jr. Universitaria 5562,BT,5,2001-11-04 22:52:03,ACTIVO
1002235,1836,7,Calle Panamericana 4964,BT,6,2016-07-23 19:33:58,SUSPENDIDO
1002236,1836,7,Calle Bolívar 3685,BT,2,2014-04-18 09:42:40,ACTIVO
1002237,1836,7,Psje. San Martín 1285,BT,7,2008-01-29 00:41:22,ACTIVO
1002238,1837,5,Pasaje San Martín 3723,BT,6,2002-07-28 08:40:40,ACTIVO
1002239,1838,2,Calle Grau 5980,BT,1,2000-07-25 20:05:08,ACTIVO
1002240,1839,28,Av. Universitaria 1847,BT,2,2014-07-02 17:49:08,ACTIVO
1002241,1840,28,Calle Universitaria 5794,BT,7,2014-05-19 21:09:08,ACTIVO
1002242,1841,6,Psje. Bolívar 3572,BT,3,2012-02-22 08:54:06,ACTIVO
1002243,1842,5,Calle Universitaria 5164,BT,7,2017-10-23 17:49:11,ACTIVO
1002244,1843,26,Av. La Molina 7331,BT,5,2015-06-04 09:44:00,ACTIVO
1002245,1844,6,Psje. Los Pinos 7803,BT,3,2012-03-28 11:54:01,ACTIVO
1002246,1844,6,Av. El Sol 7441,BT,1,2018-02-23 07:43:07,ACTIVO
1002247,1845,39,Calle Panamericana 4023,BT,5,2019-03-23 17:32:11,ACTIVO
1002248,1846,40,Av. El Sol 1264,BT,5,2006-02-20 09:49:16,ACTIVO
1002249,1847,5,Av. San Martín 2815,BT,7,2003-12-24 12:15:12,ACTIVO
1002250,1848,7,Jr. San Martín 4496,BT,8,2008-01-08 00:52:26,ACTIVO
1002251,1849,31,Calle San Martín 6893,BT,5,2009-07-22 09:18:51,ACTIVO
1002252,1849,31,Av. Progreso 3373,BT,6,2019-08-09 18:46:09,ACTIVO
1002253,1850,7,Calle Grau 4744,BT,7,2016-08-25 11:37:37,ACTIVO
1002254,1851,15,Calle Progreso 2390,BT,2,2004-10-11 10:48:52,ACTIVO
1002255,1852,30,Psje. Progreso 3623,BT,4,2019-09-20 20:40:25,ACTIVO
1002256,1853,28,Calle Panamericana 4045,BT,7,2004-04-21 17:03:21,ACTIVO
1002257,1854,43,Av. Venezuela 7619,BT,7,2004-03-25 07:34:24,ACTIVO
1002258,1855,30,Jr. Panamericana 828,BT,4,2000-07-01 13:39:12,ACTIVO
1002259,1856,9,Psje. San Martín 3919,BT,8,2005-01-20 04:58:24,ACTIVO
1002260,1856,9,Psje. Progreso 8538,BT,8,2007-04-29 15:18:54,ACTIVO
1002261,1857,29,Psje. Los Pinos 9971,BT,2,2024-11-26 00:00:00,INACTIVO
1002262,1858,37,Calle Universitaria 488,BT,8,2016-07-05 12:06:54,ACTIVO
1002263,1859,12,Av. El Sol 7199,BT,7,2016-06-12 16:06:12,ACTIVO
1002264,1860,15,Jr. La Molina 309,BT,2,2020-02-03 01:47:21,ACTIVO
1002265,1861,9,Jr. Progreso 7919,BT,8,2019-11-23 12:35:54,ACTIVO
1002266,1861,9,Psje. Grau 9161,BT,2,2014-06-24 07:32:28,ACTIVO
1002267,1862,4,Calle Progreso 9542,BT,2,2006-04-28 23:51:24,ACTIVO
1002268,1863,38,Pasaje San Martín 2349,BT,4,2008-04-13 03:08:57,ACTIVO
1002269,1864,9,Psje. Panamericana 1995,BT,5,2004-08-09 17:28:29,ACTIVO
1002270,1865,12,Av. Venezuela 4981,BT,4,2012-09-11 16:19:56,ACTIVO
1002271,1866,26,Av. Progreso 2826,BT,1,2000-01-26 04:43:25,ACTIVO
1002272,1867,39,Pasaje El Sol 2591,BT,6,2001-06-18 13:01:03,ACTIVO
1002273,1868,5,Psje. Universitaria 2428,BT,6,2003-03-21 00:07:33,ACTIVO
1002274,1869,9,Psje. El Sol 5267,BT,1,2014-06-01 05:57:58,ACTIVO
1002275,1869,9,Psje. Bolívar 5239,BT,8,2012-07-14 06:01:14,ACTIVO
1002276,1870,29,Av. Grau 9546,BT,6,2015-09-06 22:13:49,ACTIVO
1002277,1871,33,Av. Grau 8203,BT,5,2017-01-08 00:41:53,ACTIVO
1002278,1872,15,Av. Venezuela 3796,BT,4,2003-08-31 06:17:21,ACTIVO
1002279,1873,7,Pasaje La Molina 8429,BT,2,2003-06-20 21:40:05,ACTIVO
1002280,1873,7,Av. La Molina 1173,BT,6,2000-08-23 16:10:32,ACTIVO
1002281,1874,7,Av. Bolívar 6742,BT,5,2014-09-13 14:09:41,ACTIVO
1002282,1874,7,Av. San Martín 5322,BT,6,2001-11-28 19:58:50,ACTIVO
1002283,1875,29,Psje. El Sol 1889,MT,3,2001-02-19 13:37:59,ACTIVO
1002284,1876,26,Jr. Progreso 4697,BT,8,2002-10-07 19:39:14,ACTIVO
1002285,1877,30,Av. San Martín 8518,BT,6,2018-12-20 21:58:38,ACTIVO
1002286,1878,5,Av. Grau 6708,BT,6,2001-04-18 04:42:56,ACTIVO
1002287,1879,7,Jr. Venezuela 7396,BT,8,2011-06-11 02:09:54,ACTIVO
1002288,1880,3,Av. Universitaria 3425,BT,5,2006-08-02 16:11:18,ACTIVO
1002289,1881,8,Pasaje Bolívar 7707,BT,5,2019-06-10 09:30:12,ACTIVO
1002290,1881,8,Jr. Los Pinos 3898,BT,8,2011-02-05 03:00:40,ACTIVO
1002291,1882,17,Calle San Martín 9844,BT,6,2008-08-22 08:25:42,ACTIVO
1002292,1883,9,Av. Panamericana 8047,BT,1,2003-10-23 18:11:06,ACTIVO
1002293,1884,15,Jr. Grau 2649,BT,1,2007-01-25 06:27:34,ACTIVO
1002294,1885,3,Jr. Universitaria 5667,BT,1,2009-10-17 16:54:44,ACTIVO
1002295,1886,9,Jr. Panamericana 7239,BT,8,2002-08-10 20:43:04,ACTIVO
1002296,1887,32,Jr. San Martín 2789,BT,8,2004-08-08 22:10:15,ACTIVO
1002297,1888,15,Pasaje Universitaria 8439,BT,1,2009-07-29 08:05:32,ACTIVO
1002298,1889,30,Psje. Progreso 3742,BT,7,2000-04-15 20:06:35,ACTIVO
1002299,1890,7,Calle Universitaria 5228,BT,6,2004-06-19 05:52:05,ACTIVO
1002300,1891,39,Jr. Venezuela 9000,BT,8,2016-07-16 22:51:11,ACTIVO
1002301,1892,15,Pasaje San Martín 9584,BT,2,2019-03-13 09:26:06,ACTIVO
1002302,1893,28,Jr. Los Pinos 423,BT,4,2009-09-30 18:31:30,ACTIVO
1002303,1894,11,Pasaje Progreso 1697,BT,1,2000-09-07 06:00:42,ACTIVO
1002304,1894,11,Av. Progreso 9894,BT,5,2006-01-15 15:28:15,ACTIVO
1002305,1895,26,Av. San Martín 8176,BT,6,2017-09-02 03:10:02,ACTIVO
1002306,1896,33,Av. La Molina 1666,BT,1,2003-04-23 21:35:42,ACTIVO
1002307,1897,26,Jr. Progreso 2862,BT,2,2007-11-17 16:06:14,ACTIVO
1002308,1898,28,Psje. San Martín 908,BT,4,2006-12-18 12:29:55,ACTIVO
1002309,1899,3,Psje. Los Pinos 3454,BT,8,2002-03-30 16:30:56,ACTIVO
1002310,1899,3,Psje. Bolívar 7447,BT,3,2015-05-18 05:17:04,ACTIVO
1002311,1900,15,Pasaje Los Pinos 9086,BT,5,2004-12-05 13:00:01,ACTIVO
1002312,1901,8,Psje. Universitaria 2833,BT,3,2006-07-28 02:32:15,ACTIVO
1002313,1902,33,Calle El Sol 1800,BT,8,2006-12-30 18:54:16,ACTIVO
1002314,1903,7,Psje. Universitaria 6766,BT,1,2009-12-10 21:07:45,ACTIVO
1002315,1904,23,Av. Bolívar 7075,BT,4,2005-12-08 12:39:18,ACTIVO
1002316,1905,4,Psje. Grau 6152,BT,4,2012-04-20 19:44:36,ACTIVO
1002317,1906,26,Psje. Venezuela 5020,BT,6,2024-04-16 00:00:00,ACTIVO
1002318,1907,30,Jr. Venezuela 9820,BT,3,2011-02-21 00:14:18,ACTIVO
1002319,1907,30,Calle Universitaria 7008,BT,1,2013-03-02 17:11:54,ACTIVO
1002320,1908,29,Jr. El Sol 9943,BT,6,2013-11-30 11:02:45,ACTIVO
1002321,1909,9,Psje. Venezuela 2412,BT,1,2006-07-14 04:34:18,ACTIVO
1002322,1910,3,Calle Venezuela 2022,BT,4,2016-09-17 22:29:38,ACTIVO
1002323,1910,3,Psje. Universitaria 7538,BT,8,2002-09-08 09:11:30,ACTIVO
1002324,1911,15,Jr. Universitaria 8342,BT,2,2018-05-13 22:41:11,ACTIVO
1002325,1912,7,Pasaje La Molina 1501,BT,8,2005-11-02 00:47:07,ACTIVO
1002326,1912,7,Pasaje San Martín 4918,BT,4,2019-04-03 12:30:29,ACTIVO
1002327,1913,43,Pasaje Los Pinos 2948,BT,4,2015-02-07 19:50:21,ACTIVO
1002328,1913,43,Calle San Martín 3234,BT,5,2018-04-14 00:53:07,ACTIVO
1002329,1914,7,Pasaje El Sol 8850,BT,3,2019-03-12 14:07:00,ACTIVO
1002330,1915,36,Jr. Progreso 1489,BT,5,2014-07-18 07:05:26,ACTIVO
1002331,1916,29,Av. Los Pinos 3325,MT,7,2000-10-19 20:48:09,ACTIVO
1002332,1917,30,Psje. San Martín 3586,BT,2,2003-12-01 18:02:28,ACTIVO
1002333,1918,9,Av. San Martín 3058,BT,7,2012-04-05 23:42:01,ACTIVO
1002334,1919,19,Jr. Universitaria 6569,BT,7,2016-11-02 20:02:12,ACTIVO
1002335,1920,28,Calle Bolívar 9565,BT,1,2000-06-08 23:39:04,ACTIVO
1002336,1921,15,Jr. Los Pinos 8425,BT,4,2017-03-16 01:25:00,ACTIVO
1002337,1922,15,Psje. Progreso 7573,BT,5,2012-08-02 08:37:14,ACTIVO
1002338,1923,21,Jr. Progreso 597,BT,7,2023-10-07 00:00:00,INACTIVO
1002339,1923,21,Psje. Universitaria 3628,BT,3,2020-08-05 04:36:56,ACTIVO
1002340,1923,21,Pasaje La Molina 4530,BT,5,2017-10-22 10:33:16,ACTIVO
1002341,1924,5,Av. Universitaria 1404,BT,6,2023-05-08 00:00:00,ACTIVO
1002342,1925,3,Psje. Grau 8909,BT,5,2003-04-13 20:58:23,ACTIVO
1002343,1926,19,Calle Los Pinos 7805,BT,7,2003-06-16 16:30:54,ACTIVO
1002344,1927,15,Jr. Panamericana 6019,BT,7,2019-05-22 19:38:37,INACTIVO
1002345,1928,9,Av. Grau 6560,BT,5,2018-08-18 22:02:06,ACTIVO
1002346,1929,10,Calle Venezuela 9914,BT,7,2008-03-05 02:17:09,ACTIVO
1002347,1930,3,Jr. El Sol 6247,BT,4,2003-01-31 19:39:05,ACTIVO
1002348,1931,21,Psje. Venezuela 3809,BT,8,2007-12-25 07:08:36,ACTIVO
1002349,1932,19,Av. El Sol 3489,BT,8,2022-10-08 00:00:00,ACTIVO
1002350,1933,22,Av. El Sol 3005,BT,2,2006-09-18 10:33:56,ACTIVO
1002351,1934,19,Psje. Progreso 8542,BT,4,2002-06-20 13:58:30,ACTIVO
1002352,1935,38,Av. San Martín 5628,BT,4,2018-07-24 20:30:05,ACTIVO
1002353,1935,38,Calle Panamericana 4095,BT,8,2003-03-05 01:41:13,ACTIVO
1002354,1936,39,Pasaje El Sol 4283,BT,3,2008-11-18 05:28:42,ACTIVO
1002355,1937,7,Calle San Martín 6852,BT,8,2006-04-26 04:45:44,ACTIVO
1002356,1938,9,Pasaje Venezuela 9196,BT,4,2016-12-03 01:25:28,ACTIVO
1002357,1939,3,Calle El Sol 8694,BT,7,2008-02-05 08:37:07,ACTIVO
1002358,1939,3,Av. El Sol 6703,BT,7,2002-08-09 03:08:00,ACTIVO
1002359,1939,3,Pasaje Venezuela 6546,BT,2,2014-06-01 01:31:49,SUSPENDIDO
1002360,1940,29,Pasaje Venezuela 2195,BT,7,2009-07-01 07:30:48,ACTIVO
1002361,1941,9,Av. Bolívar 8761,BT,4,2006-04-05 16:06:54,ACTIVO
1002362,1942,41,Calle Venezuela 1183,BT,1,2006-04-25 00:04:51,ACTIVO
1002363,1942,41,Psje. Bolívar 3775,BT,1,2000-07-15 06:25:38,ACTIVO
1002364,1943,15,Av. San Martín 2179,BT,1,2004-10-19 23:06:41,ACTIVO
1002365,1944,43,Psje. Los Pinos 6238,BT,5,2000-05-29 16:41:54,ACTIVO
1002366,1945,29,Calle Panamericana 1198,BT,4,2000-09-14 15:33:58,ACTIVO
1002367,1946,26,Psje. Venezuela 7056,BT,6,2011-08-31 08:36:51,ACTIVO
1002368,1947,22,Psje. El Sol 5131,BT,6,2003-09-03 10:56:33,ACTIVO
1002369,1947,22,Calle La Molina 6138,BT,8,2000-06-01 14:36:56,ACTIVO
1002370,1948,9,Jr. El Sol 6718,BT,5,2000-07-30 16:44:50,ACTIVO
1002371,1949,35,Calle Venezuela 2326,BT,7,2017-04-06 03:48:18,ACTIVO
1002372,1950,17,Calle La Molina 321,BT,4,2017-04-24 02:09:46,ACTIVO
1002373,1951,36,Av. Grau 6869,BT,7,2001-03-26 03:21:37,ACTIVO
1002374,1952,13,Pasaje El Sol 3862,BT,5,2004-07-25 17:24:13,ACTIVO
1002375,1953,3,Jr. Universitaria 7387,BT,1,2016-01-13 22:27:10,ACTIVO
1002376,1954,5,Av. San Martín 7604,BT,1,2016-09-15 14:30:28,ACTIVO
1002377,1955,4,Psje. Universitaria 5938,BT,4,2019-07-15 23:43:54,ACTIVO
1002378,1956,9,Calle Progreso 7267,BT,2,2008-03-03 07:28:34,ACTIVO
1002379,1957,28,Av. Bolívar 8255,BT,1,2009-05-18 05:14:38,ACTIVO
1002380,1957,28,Pasaje Universitaria 441,BT,4,2013-10-13 18:24:15,ACTIVO
1002381,1958,29,Jr. Grau 8099,BT,7,2003-02-20 14:56:49,ACTIVO
1002382,1958,29,Psje. Los Pinos 6497,BT,2,2019-04-10 15:57:21,ACTIVO
1002383,1958,29,Jr. San Martín 1426,BT,4,2003-12-04 05:22:10,ACTIVO
1002384,1959,8,Calle Grau 7552,BT,6,2020-02-08 06:24:09,ACTIVO
1002385,1960,26,Calle Panamericana 6530,BT,2,2014-09-13 19:50:38,ACTIVO
1002386,1960,26,Av. Los Pinos 6846,BT,5,2019-06-14 01:19:30,ACTIVO
1002387,1961,43,Psje. Grau 1294,BT,5,2002-10-25 19:56:40,INACTIVO
1002388,1961,43,Av. Panamericana 9880,BT,2,2009-03-21 12:57:04,ACTIVO
1002389,1962,3,Pasaje Venezuela 115,BT,5,2024-11-26 00:00:00,ACTIVO
1002390,1963,15,Pasaje Los Pinos 131,BT,8,2010-07-03 16:32:13,ACTIVO
1002391,1964,30,Pasaje Panamericana 8071,BT,7,2024-07-22 00:00:00,ACTIVO
1002392,1965,13,Psje. Progreso 2794,BT,5,2013-07-08 18:38:40,ACTIVO
1002393,1966,7,Jr. Universitaria 4076,BT,6,2005-03-23 12:14:54,ACTIVO
1002394,1967,4,Psje. Bolívar 3680,BT,3,2013-05-28 17:24:47,ACTIVO
1002395,1967,4,Psje. La Molina 3315,BT,7,2009-04-18 08:30:37,ACTIVO
1002396,1967,4,Jr. Grau 5435,BT,1,2015-06-08 16:10:38,ACTIVO
1002397,1968,11,Av. La Molina 9162,BT,4,2003-01-07 14:07:45,ACTIVO
1002398,1968,11,Av. Venezuela 1453,BT,7,2005-04-07 23:19:58,ACTIVO
1002399,1969,9,Calle Universitaria 3390,BT,7,2018-08-19 02:13:31,ACTIVO
1002400,1970,39,Jr. San Martín 9325,BT,6,2002-01-05 20:05:21,ACTIVO
1002401,1970,39,Av. Universitaria 1807,BT,7,2018-08-15 20:07:39,ACTIVO
1002402,1970,39,Psje. Grau 4101,BT,5,2013-12-22 10:15:38,ACTIVO
1002403,1971,39,Psje. Bolívar 9783,BT,4,2011-10-27 20:06:44,ACTIVO
1002404,1972,17,Psje. Universitaria 9704,BT,6,2024-12-26 00:00:00,ACTIVO
1002405,1973,7,Jr. Universitaria 4408,BT,8,2003-03-06 03:25:57,ACTIVO
1002406,1973,7,Av. Grau 1147,BT,7,2009-06-05 21:38:25,ACTIVO
1002407,1974,10,Pasaje Los Pinos 5273,BT,7,2017-05-14 06:27:16,ACTIVO
1002408,1975,32,Calle San Martín 3055,BT,6,2009-11-03 16:47:23,ACTIVO
1002409,1976,27,Jr. Progreso 1869,BT,4,2005-06-16 04:01:59,ACTIVO
1002410,1977,21,Psje. La Molina 1113,BT,6,2014-08-28 02:52:16,ACTIVO
1002411,1978,7,Calle Venezuela 9711,BT,1,2003-08-26 22:02:20,ACTIVO
1002412,1979,12,Psje. Progreso 8624,BT,3,2019-08-17 09:16:39,ACTIVO
1002413,1980,39,Psje. Universitaria 9962,BT,6,2019-10-01 01:46:51,ACTIVO
1002414,1981,19,Av. Universitaria 3010,BT,4,2017-04-18 18:57:10,SUSPENDIDO
1002415,1982,28,Pasaje Universitaria 9987,BT,3,2000-04-10 08:11:58,ACTIVO
1002416,1982,28,Jr. Grau 7204,BT,8,2013-06-08 04:04:41,ACTIVO
1002417,1983,42,Av. Los Pinos 1977,BT,4,2003-07-16 11:08:09,ACTIVO
1002418,1984,11,Calle San Martín 2474,BT,2,2020-05-25 19:34:37,ACTIVO
1002419,1985,22,Psje. La Molina 5405,BT,7,2016-02-05 21:18:38,ACTIVO
1002420,1986,13,Calle Venezuela 123,BT,5,2020-07-08 17:17:13,INACTIVO
1002421,1987,4,Pasaje Los Pinos 7166,BT,1,2005-10-22 08:06:15,ACTIVO
1002422,1987,4,Jr. Los Pinos 4302,BT,8,2018-03-18 00:51:20,ACTIVO
1002423,1987,4,Av. La Molina 6188,BT,8,2020-10-23 03:56:53,ACTIVO
1002424,1988,43,Pasaje Bolívar 2781,BT,3,2006-09-18 02:31:23,ACTIVO
1002425,1989,29,Jr. Venezuela 2380,BT,7,2010-04-17 20:48:08,ACTIVO
1002426,1990,14,Av. Los Pinos 6098,BT,7,2020-08-21 01:08:01,ACTIVO
1002427,1991,28,Psje. Bolívar 146,BT,1,2015-09-19 21:27:16,ACTIVO
1002428,1992,43,Psje. Bolívar 1771,BT,2,2010-03-22 05:44:19,ACTIVO
1002429,1993,43,Psje. Panamericana 4458,BT,3,2012-11-17 16:43:24,ACTIVO
1002430,1994,20,Jr. Venezuela 6632,BT,2,2008-02-08 05:46:07,ACTIVO
1002431,1995,15,Calle Venezuela 7476,BT,6,2013-11-11 19:14:55,ACTIVO
1002432,1996,13,Psje. Panamericana 7683,BT,8,2018-03-29 09:51:44,ACTIVO
1002433,1997,4,Jr. Venezuela 4853,BT,5,2010-12-07 15:29:10,ACTIVO
1002434,1997,4,Av. Panamericana 4915,BT,1,2009-09-22 15:22:59,ACTIVO
1002435,1997,4,Psje. Los Pinos 931,BT,3,2006-10-06 00:03:08,ACTIVO
1002436,1998,7,Jr. Los Pinos 1505,BT,2,2015-08-27 01:55:19,ACTIVO
1002437,1999,7,Calle Venezuela 7171,BT,1,2004-10-23 17:17:15,ACTIVO
1002438,2000,7,Av. Panamericana 1765,BT,2,2013-11-15 14:12:34,ACTIVO
1002439,2001,15,Jr. Venezuela 2243,BT,1,2006-07-01 19:45:36,ACTIVO
1002440,2002,4,Psje. La Molina 8584,BT,4,2002-12-18 04:36:47,ACTIVO
1002441,2002,4,Jr. Bolívar 2560,BT,8,2005-05-26 21:45:06,ACTIVO
1002442,2003,29,Psje. Los Pinos 7143,BT,6,2011-12-15 01:44:23,ACTIVO
1002443,2003,29,Psje. Panamericana 4475,BT,8,2002-04-22 14:39:17,ACTIVO
1002444,2004,30,Psje. La Molina 4922,BT,3,2003-08-29 21:06:25,ACTIVO
1002445,2005,43,Calle Panamericana 7161,BT,1,2024-12-29 00:00:00,INACTIVO
1002446,2006,9,Av. Progreso 2967,BT,4,2020-09-29 05:02:44,ACTIVO
1002447,2007,26,Pasaje El Sol 4927,BT,5,2007-03-10 11:02:00,ACTIVO
1002448,2007,26,Av. La Molina 3377,BT,3,2005-02-09 22:47:35,ACTIVO
1002449,2008,38,Av. Progreso 6741,BT,6,2002-05-19 14:38:17,ACTIVO
1002450,2009,22,Psje. Universitaria 1471,BT,8,2017-02-04 02:44:27,ACTIVO
1002451,2010,29,Jr. El Sol 1968,BT,4,2012-04-12 21:47:48,ACTIVO
1002452,2011,4,Pasaje Grau 3880,BT,4,2014-03-03 17:36:22,SUSPENDIDO
1002453,2011,4,Av. Grau 5827,BT,3,2001-01-06 11:43:45,ACTIVO
1002454,2012,39,Av. Panamericana 4576,BT,4,2001-09-20 22:22:43,ACTIVO
1002455,2013,30,Av. La Molina 5821,BT,1,2006-07-12 19:20:32,SUSPENDIDO
1002456,2014,39,Calle Progreso 2153,BT,4,2019-08-04 00:00:00,ACTIVO
1002457,2015,22,Psje. Grau 2758,BT,2,2000-07-21 16:35:01,ACTIVO
1002458,2016,10,Calle Universitaria 5577,BT,6,2008-06-18 09:40:52,ACTIVO
1002459,2017,26,Av. La Molina 5268,BT,2,2001-06-04 09:56:15,ACTIVO
1002460,2018,30,Calle El Sol 6819,BT,7,2016-11-24 00:35:28,ACTIVO
1002461,2019,13,Pasaje San Martín 862,BT,6,2000-04-25 18:33:08,ACTIVO
1002462,2020,3,Calle Progreso 4024,BT,5,2007-10-30 18:10:15,ACTIVO
1002463,2021,26,Calle Bolívar 639,BT,5,2002-01-12 08:58:56,ACTIVO
1002464,2022,28,Pasaje Progreso 6011,BT,6,2007-10-10 19:44:28,ACTIVO
1002465,2023,3,Jr. La Molina 2930,BT,7,2008-10-06 18:45:15,ACTIVO
1002466,2024,4,Pasaje Bolívar 1550,BT,7,2020-11-08 20:27:18,ACTIVO
1002467,2025,30,Av. Panamericana 4482,BT,2,2017-06-14 04:59:28,ACTIVO
1002468,2026,40,Jr. Venezuela 1813,BT,4,2005-07-28 19:43:35,ACTIVO
1002469,2026,40,Psje. Venezuela 4719,BT,4,2004-12-12 23:07:23,ACTIVO
1002470,2027,11,Pasaje Bolívar 2734,BT,5,2006-06-03 15:32:57,ACTIVO
1002471,2028,9,Jr. El Sol 7673,BT,7,2003-04-29 13:31:56,ACTIVO
1002472,2029,7,Av. Progreso 4868,BT,4,2017-03-06 15:23:30,ACTIVO
1002473,2029,7,Pasaje Venezuela 3446,BT,7,2014-04-14 08:27:17,ACTIVO
1002474,2030,9,Pasaje Venezuela 3207,BT,2,2000-04-16 04:14:41,ACTIVO
1002475,2031,9,Calle Grau 6265,BT,3,2002-04-11 07:33:35,ACTIVO
1002476,2032,29,Av. Los Pinos 8738,BT,6,2007-10-29 15:02:51,ACTIVO
1002477,2033,8,Psje. San Martín 4311,BT,7,2020-10-09 16:16:35,ACTIVO
1002478,2034,29,Calle La Molina 6834,BT,4,2009-09-06 23:12:41,ACTIVO
1002479,2035,40,Psje. Venezuela 2645,BT,1,2012-11-20 12:04:08,ACTIVO
1002480,2036,41,Pasaje Venezuela 6797,BT,2,2020-04-01 11:17:37,ACTIVO
1002481,2037,15,Jr. Panamericana 1211,BT,1,2024-07-10 00:00:00,ACTIVO
1002482,2038,9,Calle Universitaria 1664,BT,4,2014-09-29 15:15:44,ACTIVO
1002483,2039,38,Jr. Los Pinos 2515,BT,1,2016-12-21 07:09:34,ACTIVO
1002484,2040,29,Jr. Venezuela 1040,BT,8,2023-08-05 00:00:00,ACTIVO
1002485,2041,26,Calle Los Pinos 865,MT,6,2001-04-28 12:11:29,ACTIVO
1002486,2042,22,Av. Venezuela 5271,BT,1,2000-07-06 20:13:48,ACTIVO
1002487,2043,42,Jr. Panamericana 6571,BT,4,2010-04-25 16:06:12,ACTIVO
1002488,2044,3,Pasaje San Martín 2159,BT,6,2003-01-29 17:22:21,ACTIVO
1002489,2045,5,Pasaje Universitaria 9734,BT,2,2009-10-26 19:30:31,ACTIVO
1002490,2046,28,Jr. El Sol 5996,BT,3,2014-05-20 00:16:59,INACTIVO
1002491,2047,43,Av. Venezuela 6190,BT,5,2020-12-04 17:17:47,ACTIVO
1002492,2048,25,Jr. San Martín 2695,BT,5,2019-10-15 10:42:42,ACTIVO
1002493,2049,30,Jr. Panamericana 4845,BT,3,2024-07-08 00:00:00,ACTIVO
1002494,2050,7,Av. Panamericana 8631,BT,3,2008-04-03 19:01:09,ACTIVO
1002495,2051,34,Pasaje Los Pinos 4812,BT,5,2016-12-24 00:45:07,SUSPENDIDO
1002496,2051,34,Psje. La Molina 434,BT,6,2003-01-28 00:36:35,ACTIVO
1002497,2052,12,Av. Universitaria 5456,BT,1,2013-08-26 19:28:03,ACTIVO
1002498,2053,28,Jr. Progreso 7976,BT,8,2005-09-05 04:21:30,ACTIVO
1002499,2054,30,Calle Venezuela 392,BT,5,2008-07-08 19:42:32,ACTIVO
1002500,2054,30,Psje. Panamericana 665,BT,7,2000-09-03 12:14:29,ACTIVO
1002501,2055,7,Jr. El Sol 1792,BT,4,2006-07-04 10:29:15,SUSPENDIDO
1002502,2056,30,Pasaje Los Pinos 4762,BT,5,2010-07-29 13:57:17,ACTIVO
1002503,2057,7,Calle Panamericana 2819,BT,5,2000-06-13 08:17:08,ACTIVO
1002504,2058,13,Calle Los Pinos 4118,BT,5,2017-12-30 09:57:49,ACTIVO
1002505,2059,29,Av. Bolívar 6388,BT,1,2013-07-09 00:30:41,ACTIVO
1002506,2060,9,Psje. La Molina 3694,BT,1,2020-06-08 17:58:01,ACTIVO
1002507,2061,17,Av. San Martín 5518,BT,8,2010-07-22 19:27:29,ACTIVO
1002508,2062,15,Psje. El Sol 703,BT,3,2010-07-08 18:17:21,ACTIVO
1002509,2063,38,Pasaje Progreso 7246,BT,4,2005-01-02 16:18:00,ACTIVO
1002510,2064,34,Calle Los Pinos 8981,BT,1,2008-09-01 20:16:04,ACTIVO
1002511,2065,28,Av. Progreso 2763,BT,3,2012-11-22 15:52:58,ACTIVO
1002512,2065,28,Psje. Universitaria 4493,BT,4,2017-09-10 02:54:44,ACTIVO
1002513,2066,19,Psje. Universitaria 3715,BT,3,2015-02-26 13:03:23,ACTIVO
1002514,2067,5,Av. Bolívar 3786,BT,4,2002-06-15 11:27:20,ACTIVO
1002515,2068,38,Pasaje Universitaria 687,BT,3,2011-06-02 12:36:02,ACTIVO
1002516,2068,38,Av. Bolívar 7695,BT,5,2005-12-05 02:53:44,ACTIVO
1002517,2068,38,Psje. Bolívar 5555,BT,3,2000-04-26 18:03:02,ACTIVO
1002518,2069,28,Calle Universitaria 4313,BT,5,2005-05-12 23:55:11,ACTIVO
1002519,2070,15,Jr. Progreso 9932,BT,4,2007-04-15 05:34:24,ACTIVO
1002520,2071,21,Pasaje Los Pinos 3933,BT,1,2011-02-27 19:58:03,ACTIVO
1002521,2072,29,Av. Bolívar 8091,BT,7,2016-02-06 19:48:29,ACTIVO
1002522,2073,43,Av. Los Pinos 9800,BT,6,2010-08-21 05:55:46,ACTIVO
1002523,2074,3,Pasaje Grau 8800,BT,5,2017-02-12 05:59:34,ACTIVO
1002524,2074,3,Av. Venezuela 129,BT,1,2000-04-22 13:08:20,ACTIVO
1002525,2075,2,Psje. Bolívar 9194,BT,4,2006-04-14 01:17:23,ACTIVO
1002526,2076,24,Jr. La Molina 8921,BT,7,2007-04-11 18:31:00,ACTIVO
1002527,2077,9,Jr. Progreso 8331,BT,6,2004-03-01 20:10:58,ACTIVO
1002528,2078,35,Calle Venezuela 8332,BT,4,2010-11-12 21:03:33,ACTIVO
1002529,2079,26,Pasaje Los Pinos 9815,BT,5,2017-10-21 11:52:33,ACTIVO
1002530,2080,40,Av. Venezuela 2449,BT,4,2008-05-25 19:06:57,ACTIVO
1002531,2081,9,Av. Panamericana 6670,BT,6,2014-12-25 06:33:33,ACTIVO
1002532,2082,40,Jr. El Sol 3110,BT,8,2003-07-15 20:39:02,INACTIVO
1002533,2083,13,Psje. El Sol 9375,BT,2,2013-04-10 01:53:33,ACTIVO
1002534,2084,30,Pasaje Bolívar 9451,BT,3,2019-11-07 22:34:46,ACTIVO
1002535,2085,19,Psje. Progreso 5543,BT,4,2019-12-29 04:21:34,ACTIVO
1002536,2086,28,Jr. El Sol 8397,BT,2,2016-11-18 18:05:40,ACTIVO
1002537,2087,39,Psje. Panamericana 2908,BT,5,2001-12-09 10:48:51,ACTIVO
1002538,2088,15,Pasaje Panamericana 4140,BT,3,2010-04-23 16:28:02,ACTIVO
1002539,2089,40,Psje. La Molina 5035,BT,5,2017-10-18 17:10:10,ACTIVO
1002540,2090,28,Calle La Molina 596,BT,3,2019-06-05 14:48:22,ACTIVO
1002541,2091,3,Psje. Grau 2638,BT,6,2006-10-30 22:47:52,ACTIVO
1002542,2092,22,Jr. Panamericana 6439,BT,2,2004-07-14 09:56:26,ACTIVO
1002543,2093,15,Calle Los Pinos 6316,BT,2,2008-04-11 08:51:54,ACTIVO
1002544,2094,13,Calle Universitaria 4545,BT,1,2004-03-31 00:50:34,ACTIVO
1002545,2095,19,Av. Progreso 9895,BT,3,2019-11-08 18:17:19,ACTIVO
1002546,2096,5,Av. El Sol 6704,BT,6,2012-08-29 04:26:24,ACTIVO
1002547,2097,15,Psje. Universitaria 9729,BT,3,2016-01-14 18:52:25,ACTIVO
1002548,2098,37,Calle San Martín 2761,BT,2,2007-06-14 01:35:15,ACTIVO
1002549,2098,37,Calle El Sol 9092,BT,7,2016-05-06 18:54:59,ACTIVO
1002550,2098,37,Jr. Progreso 4358,BT,7,2005-07-22 01:49:51,ACTIVO
1002551,2099,26,Psje. El Sol 8346,BT,1,2000-10-07 11:40:56,ACTIVO
1002552,2100,9,Psje. Panamericana 5953,BT,1,2011-06-12 15:38:42,ACTIVO
1002553,2101,5,Psje. La Molina 5471,BT,1,2017-07-16 14:22:40,ACTIVO
1002554,2102,29,Psje. Progreso 5108,BT,3,2009-12-16 08:27:41,ACTIVO
1002555,2103,28,Calle Universitaria 3436,BT,8,2007-01-26 08:14:08,ACTIVO
1002556,2104,18,Pasaje La Molina 7742,MT,1,2004-12-30 11:55:50,ACTIVO
1002557,2105,15,Psje. Bolívar 2710,BT,3,2004-07-28 23:34:22,ACTIVO
1002558,2106,43,Pasaje Universitaria 4571,BT,3,2004-08-25 16:41:08,ACTIVO
1002559,2107,30,Pasaje Grau 915,BT,4,2020-02-23 00:46:31,ACTIVO
1002560,2108,2,Psje. Universitaria 1457,BT,8,2010-02-09 02:25:35,ACTIVO
1002561,2109,5,Av. Panamericana 9814,BT,5,2014-11-04 23:50:59,ACTIVO
1002562,2110,2,Psje. Panamericana 1638,BT,5,2011-01-02 05:09:50,ACTIVO
1002563,2111,23,Calle La Molina 8000,BT,5,2001-07-03 10:50:02,ACTIVO
1002564,2112,9,Jr. Universitaria 8241,BT,7,2012-04-01 09:28:33,ACTIVO
1002565,2112,9,Jr. Progreso 4300,BT,2,2011-01-31 09:43:37,ACTIVO
1002566,2113,4,Psje. Progreso 2677,BT,2,2004-08-13 22:07:58,ACTIVO
1002567,2114,7,Jr. El Sol 7161,BT,8,2020-12-09 21:28:51,ACTIVO
1002568,2114,7,Jr. Progreso 3164,BT,1,2020-08-17 12:55:29,ACTIVO
1002569,2115,43,Calle Venezuela 6243,BT,5,2012-08-03 20:35:47,ACTIVO
1002570,2116,28,Psje. Panamericana 6653,BT,7,2008-12-27 08:51:51,ACTIVO
1002571,2117,29,Jr. Grau 8720,BT,2,2001-01-10 13:33:09,ACTIVO
1002572,2118,39,Jr. Venezuela 2156,BT,4,2011-05-04 12:41:51,ACTIVO
1002573,2119,15,Av. La Molina 8596,BT,3,2017-04-16 19:18:36,ACTIVO
1002574,2120,24,Jr. El Sol 4677,MT,6,2000-09-20 06:19:12,ACTIVO
1002575,2121,7,Psje. Progreso 7699,BT,4,2019-10-06 05:21:15,ACTIVO
1002576,2122,7,Psje. Los Pinos 6086,BT,5,2011-07-20 02:11:59,ACTIVO
1002577,2123,39,Jr. Progreso 1036,BT,4,2013-03-28 15:59:32,ACTIVO
1002578,2124,29,Jr. Universitaria 6190,MT,3,2016-06-20 23:38:12,ACTIVO
1002579,2125,26,Av. Grau 8658,BT,4,2018-06-30 07:43:29,ACTIVO
1002580,2126,13,Pasaje La Molina 3199,BT,6,2015-03-16 03:35:53,ACTIVO
1002581,2127,19,Jr. Grau 7367,BT,2,2020-08-21 20:55:49,ACTIVO
1002582,2128,43,Jr. Los Pinos 2097,BT,5,2000-12-23 04:24:06,ACTIVO
1002583,2128,43,Pasaje Los Pinos 2062,MT,2,2006-05-30 08:59:25,INACTIVO
1002584,2129,29,Pasaje Grau 5226,BT,1,2012-05-16 13:30:46,INACTIVO
1002585,2130,15,Av. Bolívar 3562,BT,5,2002-01-30 19:12:49,ACTIVO
1002586,2131,43,Pasaje Panamericana 234,BT,7,2006-12-26 08:26:02,ACTIVO
1002587,2131,43,Pasaje Los Pinos 1752,BT,7,2016-12-18 17:29:48,ACTIVO
1002588,2132,9,Av. Progreso 5610,BT,3,2007-10-03 05:00:47,ACTIVO
1002589,2133,15,Calle Progreso 3575,BT,2,2006-09-01 05:18:48,ACTIVO
1002590,2134,19,Pasaje Los Pinos 7646,BT,7,2011-08-08 02:14:55,ACTIVO
1002591,2135,28,Pasaje Panamericana 9402,BT,5,2003-11-11 03:33:24,ACTIVO
1002592,2136,30,Av. Grau 2367,BT,1,2019-02-06 12:51:25,ACTIVO
1002593,2137,11,Psje. San Martín 8283,BT,1,2020-02-10 09:59:15,ACTIVO
1002594,2137,11,Av. Grau 1037,BT,5,2012-06-14 03:44:20,ACTIVO
1002595,2138,15,Av. El Sol 8164,BT,7,2024-02-29 00:00:00,ACTIVO
1002596,2139,19,Calle La Molina 7827,BT,5,2009-11-27 02:04:41,ACTIVO
1002597,2140,36,Jr. Grau 2977,BT,7,2000-02-26 00:19:07,ACTIVO
1002598,2140,36,Psje. Panamericana 3897,BT,6,2004-05-23 02:05:46,ACTIVO
1002599,2141,7,Pasaje El Sol 9087,BT,1,2010-03-08 10:17:50,ACTIVO
1002600,2141,7,Pasaje Los Pinos 457,BT,6,2007-06-10 23:24:37,ACTIVO
1002601,2142,39,Calle Universitaria 3654,BT,8,2018-01-20 23:04:22,ACTIVO
1002602,2142,39,Jr. La Molina 2365,BT,8,2008-03-25 09:24:06,ACTIVO
1002603,2143,7,Pasaje Los Pinos 3473,BT,6,2020-01-25 01:00:46,ACTIVO
1002604,2144,15,Psje. El Sol 9114,BT,4,2011-10-01 15:46:33,ACTIVO
1002605,2145,13,Calle Los Pinos 8135,BT,1,2011-03-12 01:14:07,ACTIVO
1002606,2146,4,Pasaje Los Pinos 4272,BT,4,2008-05-05 17:02:15,ACTIVO
1002607,2146,4,Psje. Venezuela 9096,BT,5,2005-08-26 20:54:15,ACTIVO
1002608,2146,4,Psje. Panamericana 8831,BT,8,2009-03-26 20:07:09,ACTIVO
1002609,2147,29,Jr. Universitaria 3325,BT,5,2002-08-27 09:36:57,ACTIVO
1002610,2148,9,Pasaje Progreso 7147,BT,3,2015-06-04 18:35:02,ACTIVO
1002611,2149,26,Calle Los Pinos 5054,BT,6,2020-08-05 10:47:20,ACTIVO
1002612,2150,43,Pasaje Bolívar 8821,BT,3,2008-09-08 15:35:22,ACTIVO
1002613,2151,4,Pasaje Universitaria 7458,BT,6,2005-02-09 06:14:29,ACTIVO
1002614,2152,29,Calle Venezuela 5940,BT,5,2011-04-16 05:14:17,ACTIVO
1002615,2153,2,Av. Venezuela 1265,BT,7,2018-08-12 09:55:24,ACTIVO
1002616,2154,7,Calle Panamericana 6844,BT,5,2001-08-08 05:27:30,ACTIVO
1002617,2155,42,Psje. San Martín 2315,BT,6,2002-07-18 15:11:53,ACTIVO
1002618,2156,43,Calle Progreso 7570,BT,7,2008-12-24 15:27:01,ACTIVO
1002619,2157,19,Pasaje Los Pinos 7870,BT,7,2010-06-02 13:42:38,ACTIVO
1002620,2157,19,Av. Bolívar 1976,BT,3,2015-08-02 23:09:16,ACTIVO
1002621,2157,19,Av. Progreso 6380,BT,1,2007-12-19 13:15:15,ACTIVO
1002622,2158,39,Pasaje Universitaria 5413,BT,6,2011-12-23 16:26:59,ACTIVO
1002623,2158,39,Jr. Bolívar 2132,BT,4,2019-11-04 05:45:55,ACTIVO
1002624,2159,15,Calle Progreso 3726,BT,7,2015-01-08 02:28:47,ACTIVO
1002625,2160,21,Psje. El Sol 775,BT,1,2004-03-29 12:42:32,ACTIVO
1002626,2160,21,Calle Bolívar 8561,BT,2,2006-04-05 02:24:36,ACTIVO
1002627,2160,21,Av. El Sol 5651,BT,3,2007-03-02 19:58:00,ACTIVO
1002628,2161,15,Jr. Panamericana 1691,BT,3,2018-11-29 11:15:07,ACTIVO
1002629,2162,7,Psje. La Molina 8724,BT,5,2007-08-30 01:50:12,ACTIVO
1002630,2162,7,Av. Grau 7986,BT,4,2013-09-24 06:05:45,ACTIVO
1002631,2163,7,Av. Progreso 3820,BT,7,2001-04-18 09:04:27,ACTIVO
1002632,2164,21,Psje. Venezuela 2862,BT,4,2016-03-09 12:20:57,ACTIVO
1002633,2165,26,Av. San Martín 7015,BT,5,2005-12-07 11:07:11,ACTIVO
1002634,2165,26,Av. Universitaria 5525,BT,1,2004-09-25 07:56:36,ACTIVO
1002635,2166,20,Jr. Panamericana 1397,BT,4,2015-05-09 01:50:56,ACTIVO
1002636,2167,37,Av. Venezuela 869,BT,8,2001-06-23 08:00:20,ACTIVO
1002637,2168,17,Av. Progreso 6606,BT,6,2024-08-07 00:00:00,ACTIVO
1002638,2169,9,Psje. El Sol 3303,BT,2,2023-02-13 00:00:00,ACTIVO
1002639,2170,3,Jr. El Sol 6626,BT,6,2012-01-11 14:17:26,ACTIVO
1002640,2171,2,Av. Los Pinos 134,MT,4,2010-09-04 01:32:43,ACTIVO
1002641,2172,38,Psje. San Martín 9192,BT,1,2010-01-16 18:58:39,ACTIVO
1002642,2173,6,Pasaje La Molina 1132,BT,7,2010-05-08 05:38:27,ACTIVO
1002643,2174,30,Jr. Venezuela 4472,BT,6,2010-11-25 13:02:27,SUSPENDIDO
1002644,2175,15,Calle Bolívar 1726,BT,4,2000-08-02 00:23:14,ACTIVO
1002645,2176,43,Psje. Progreso 8134,BT,7,2003-09-15 04:57:28,ACTIVO
1002646,2177,6,Psje. Los Pinos 810,BT,2,2002-04-10 01:40:48,ACTIVO
1002647,2178,14,Av. Grau 7706,BT,3,2009-02-14 14:21:20,ACTIVO
1002648,2179,27,Jr. Grau 176,BT,8,2008-11-01 21:46:31,ACTIVO
1002649,2179,27,Calle San Martín 4601,BT,7,2008-09-26 15:59:14,ACTIVO
1002650,2180,21,Jr. El Sol 6505,BT,3,2014-03-12 12:43:22,ACTIVO
1002651,2180,21,Av. El Sol 8227,BT,5,2015-05-18 23:11:35,ACTIVO
1002652,2181,3,Av. El Sol 2659,BT,6,2004-09-04 06:51:44,ACTIVO
1002653,2181,3,Psje. Grau 5415,BT,8,2010-04-20 23:48:40,ACTIVO
1002654,2182,28,Av. Grau 5076,BT,1,2013-06-04 06:00:38,ACTIVO
1002655,2183,31,Psje. Bolívar 6496,BT,4,2004-04-13 09:03:11,ACTIVO
1002656,2184,4,Pasaje Venezuela 3629,BT,6,2018-10-06 23:46:44,ACTIVO
1002657,2185,13,Psje. El Sol 5770,BT,5,2011-08-05 19:38:37,ACTIVO
1002658,2186,4,Psje. Bolívar 5255,BT,1,2016-08-10 01:23:42,ACTIVO
1002659,2187,5,Calle Los Pinos 6140,BT,8,2003-01-18 21:24:58,ACTIVO
1002660,2188,40,Av. Panamericana 5207,BT,4,2011-11-03 04:38:21,ACTIVO
1002661,2189,15,Pasaje Grau 5119,BT,5,2016-09-11 23:58:01,ACTIVO
1002662,2190,28,Pasaje Grau 3768,BT,8,2012-09-24 14:49:40,ACTIVO
1002663,2191,9,Calle Bolívar 4370,BT,4,2005-03-04 10:43:39,ACTIVO
1002664,2192,28,Pasaje Los Pinos 1643,BT,7,2006-09-21 05:50:14,ACTIVO
1002665,2193,7,Psje. Grau 9732,BT,5,2014-07-20 20:05:09,ACTIVO
1002666,2194,29,Calle La Molina 1911,BT,2,2005-04-14 05:07:49,ACTIVO
1002667,2195,16,Pasaje Panamericana 2602,BT,2,2019-03-12 00:00:00,ACTIVO
1002668,2196,40,Calle Bolívar 1831,BT,7,2014-02-01 01:09:39,ACTIVO
1002669,2197,3,Pasaje La Molina 2448,BT,3,2010-06-08 23:30:19,ACTIVO
1002670,2198,5,Calle Panamericana 5620,BT,3,2016-04-19 21:00:35,ACTIVO
1002671,2199,29,Calle San Martín 1757,BT,5,2019-12-19 19:04:27,ACTIVO
1002672,2200,15,Psje. Universitaria 4711,BT,1,2008-04-26 02:06:22,ACTIVO
1002673,2201,26,Psje. Grau 860,BT,2,2016-09-04 12:43:38,ACTIVO
1002674,2202,9,Calle Progreso 1626,BT,5,2008-03-20 07:40:31,ACTIVO
1002675,2203,39,Calle San Martín 710,BT,1,2006-10-28 13:28:36,ACTIVO
1002676,2204,31,Psje. Universitaria 437,BT,2,2017-05-20 21:03:33,ACTIVO
1002677,2205,9,Jr. La Molina 7034,BT,5,2010-07-10 23:23:31,ACTIVO
1002678,2206,39,Psje. Grau 6633,BT,2,2006-05-01 09:41:46,ACTIVO
1002679,2206,39,Pasaje La Molina 6405,BT,5,2009-03-07 03:21:24,ACTIVO
1002680,2207,15,Pasaje Bolívar 8305,BT,2,2011-07-16 22:16:39,ACTIVO
1002681,2208,34,Av. San Martín 4587,BT,5,2016-04-16 19:32:10,ACTIVO
1002682,2209,3,Av. La Molina 3110,BT,4,2003-06-12 05:00:41,ACTIVO
1002683,2209,3,Av. Venezuela 3591,BT,8,2005-01-17 11:33:07,ACTIVO
1002684,2210,7,Calle San Martín 5218,BT,8,2014-12-26 05:54:55,ACTIVO
1002685,2211,11,Jr. Panamericana 6706,BT,5,2016-07-08 11:02:40,ACTIVO
1002686,2212,29,Psje. Universitaria 679,BT,4,2006-08-08 00:32:43,ACTIVO
1002687,2213,10,Av. El Sol 1315,BT,3,2001-08-13 20:31:59,ACTIVO
1002688,2214,3,Jr. Panamericana 9205,BT,3,2001-12-27 01:54:33,ACTIVO
1002689,2215,3,Pasaje La Molina 5556,BT,5,2003-06-25 08:31:24,ACTIVO
1002690,2216,43,Av. Progreso 941,BT,8,2000-11-12 09:18:45,ACTIVO
1002691,2217,15,Av. Panamericana 1369,BT,4,2012-12-31 22:00:02,ACTIVO
1002692,2217,15,Psje. El Sol 9741,BT,5,2017-10-02 16:40:59,ACTIVO
1002693,2218,22,Jr. Panamericana 824,BT,1,2004-06-08 22:45:47,ACTIVO
1002694,2219,39,Calle Venezuela 6225,BT,1,2001-06-27 23:36:15,ACTIVO
1002695,2219,39,Calle La Molina 6929,BT,4,2002-08-14 04:19:45,ACTIVO
1002696,2220,40,Pasaje Bolívar 7981,BT,1,2010-05-27 11:40:24,SUSPENDIDO
1002697,2221,28,Jr. Progreso 1759,BT,4,2011-09-25 16:39:38,ACTIVO
1002698,2222,13,Calle Bolívar 3756,BT,5,2014-05-06 17:18:21,ACTIVO
1002699,2223,13,Jr. Bolívar 3116,BT,7,2005-09-18 22:12:59,ACTIVO
1002700,2224,20,Psje. Los Pinos 4134,BT,7,2009-11-10 03:37:56,ACTIVO
1002701,2225,3,Pasaje Grau 7160,BT,3,2014-06-18 14:57:05,ACTIVO
1002702,2226,19,Pasaje Universitaria 2844,BT,3,2005-02-04 18:15:50,ACTIVO
1002703,2227,13,Pasaje Bolívar 2951,BT,4,2010-06-11 08:17:22,ACTIVO
1002704,2228,14,Av. Los Pinos 8965,BT,3,2014-08-08 03:08:33,ACTIVO
1002705,2229,31,Av. Venezuela 7164,BT,8,2020-04-21 20:58:32,ACTIVO
1002706,2229,31,Jr. Progreso 9982,BT,6,2007-02-14 04:06:01,ACTIVO
1002707,2230,29,Av. San Martín 9973,BT,6,2015-12-26 10:17:49,ACTIVO
1002708,2231,15,Calle Grau 151,BT,6,2018-02-27 12:28:31,ACTIVO
1002709,2232,30,Calle El Sol 8429,BT,6,2018-03-04 05:59:18,ACTIVO
1002710,2233,6,Av. La Molina 3937,BT,6,2011-03-27 11:02:44,ACTIVO
1002711,2234,12,Av. Venezuela 5147,BT,3,2017-10-18 23:28:02,ACTIVO
1002712,2235,7,Jr. Universitaria 4841,BT,6,2006-12-02 14:59:40,ACTIVO
1002713,2236,13,Calle La Molina 4717,BT,2,2020-11-13 16:17:23,SUSPENDIDO
1002714,2237,15,Psje. Bolívar 6108,BT,3,2008-06-27 07:01:42,ACTIVO
1002715,2238,28,Psje. Grau 7566,BT,8,2006-11-21 21:33:02,ACTIVO
1002716,2238,28,Jr. Panamericana 5240,BT,3,2017-07-11 15:51:14,ACTIVO
1002717,2239,26,Av. Universitaria 8453,BT,8,2006-10-30 21:24:55,ACTIVO
1002718,2240,3,Av. Venezuela 9051,BT,2,2016-11-23 21:00:50,ACTIVO
1002719,2241,29,Psje. Grau 6927,BT,5,2008-05-13 06:56:45,ACTIVO
1002720,2242,9,Jr. Los Pinos 4125,BT,8,2002-08-08 04:30:21,ACTIVO
1002721,2243,9,Pasaje Grau 4755,BT,1,2002-11-14 04:54:27,ACTIVO
1002722,2243,9,Av. Universitaria 4753,BT,6,2013-09-26 12:36:37,ACTIVO
1002723,2244,4,Jr. Grau 2386,MT,5,2014-07-22 14:09:11,ACTIVO
1002724,2245,39,Av. Universitaria 4222,BT,3,2005-10-02 06:01:04,INACTIVO
1002725,2246,29,Psje. Progreso 5012,BT,5,2000-05-28 12:15:43,ACTIVO
1002726,2247,7,Calle Universitaria 9183,BT,3,2013-08-12 10:52:16,ACTIVO
1002727,2247,7,Calle Progreso 4101,BT,8,2000-10-06 10:10:51,ACTIVO
1002728,2248,25,Calle La Molina 2417,BT,8,2016-02-16 10:17:39,ACTIVO
1002729,2249,15,Calle Venezuela 9204,BT,8,2002-11-01 12:12:52,ACTIVO
1002730,2250,8,Pasaje El Sol 5741,BT,6,2018-08-09 19:07:55,ACTIVO
1002731,2250,8,Jr. Grau 2123,BT,1,2017-07-11 13:16:24,ACTIVO
1002732,2251,15,Calle Bolívar 1482,BT,3,2001-12-28 18:02:27,ACTIVO
1002733,2252,3,Pasaje Grau 2040,BT,7,2002-12-02 09:13:02,ACTIVO
1002734,2253,18,Calle Universitaria 623,BT,4,2012-09-23 22:42:24,ACTIVO
1002735,2254,24,Calle Los Pinos 5396,BT,7,2019-11-08 03:22:14,ACTIVO
1002736,2255,19,Calle San Martín 3801,BT,6,2017-08-18 02:16:20,ACTIVO
1002737,2255,19,Jr. Grau 9431,BT,8,2003-10-05 07:04:24,ACTIVO
1002738,2256,9,Av. Venezuela 9078,BT,8,2000-06-16 22:45:18,ACTIVO
1002739,2257,40,Av. La Molina 5510,BT,1,2009-03-22 16:47:30,ACTIVO
1002740,2258,15,Jr. Bolívar 4695,BT,7,2008-08-05 17:08:05,ACTIVO
1002741,2259,38,Pasaje Grau 5803,MT,1,2014-03-02 06:57:23,ACTIVO
1002742,2259,38,Jr. Venezuela 587,BT,4,2015-09-22 15:25:31,ACTIVO
1002743,2260,9,Jr. Progreso 3007,BT,4,2014-07-11 06:19:45,ACTIVO
1002744,2261,39,Pasaje El Sol 344,BT,6,2012-04-28 01:26:13,ACTIVO
1002745,2262,9,Jr. La Molina 4312,BT,7,2001-09-13 22:09:18,ACTIVO
1002746,2263,15,Psje. San Martín 7715,BT,6,2017-11-08 02:08:29,ACTIVO
1002747,2264,7,Av. Universitaria 9573,BT,8,2005-06-01 03:48:24,ACTIVO
1002748,2265,7,Jr. La Molina 1223,BT,1,2020-04-30 23:54:00,ACTIVO
1002749,2266,30,Jr. Panamericana 8850,BT,3,2010-08-22 06:51:49,ACTIVO
1002750,2267,18,Pasaje Universitaria 2327,BT,2,2004-10-23 13:47:03,ACTIVO
1002751,2268,39,Psje. Progreso 4383,BT,8,2002-04-20 02:23:29,ACTIVO
1002752,2269,16,Av. Venezuela 9745,BT,5,2007-07-02 14:55:14,ACTIVO
1002753,2270,3,Pasaje Los Pinos 2347,BT,3,2016-03-10 13:55:04,ACTIVO
1002754,2271,5,Av. Universitaria 1855,BT,2,2008-07-06 18:50:58,ACTIVO
1002755,2271,5,Av. Grau 2191,BT,4,2006-08-04 19:04:03,ACTIVO
1002756,2272,26,Jr. Panamericana 4554,BT,2,2010-02-26 23:09:01,ACTIVO
1002757,2273,26,Calle Universitaria 1376,BT,4,2005-09-10 03:07:15,ACTIVO
1002758,2274,34,Jr. El Sol 1918,BT,2,2004-02-02 22:39:37,ACTIVO
1002759,2274,34,Calle La Molina 4946,BT,6,2008-03-27 23:57:25,ACTIVO
1002760,2275,11,Av. La Molina 595,BT,5,2004-01-15 17:20:49,ACTIVO
1002761,2276,29,Pasaje Venezuela 5428,BT,3,2006-04-12 05:50:37,ACTIVO
1002762,2276,29,Pasaje Los Pinos 8295,MT,2,2011-09-02 23:32:19,ACTIVO
1002763,2276,29,Jr. Panamericana 1673,BT,7,2014-01-25 16:58:16,ACTIVO
1002764,2277,26,Av. Bolívar 810,BT,2,2018-03-22 05:52:55,ACTIVO
1002765,2277,26,Psje. Progreso 4689,BT,8,2005-02-10 13:25:39,ACTIVO
1002766,2277,26,Jr. Los Pinos 520,BT,5,2016-11-03 12:45:32,ACTIVO
1002767,2278,32,Av. El Sol 7429,BT,7,2000-07-25 06:47:15,ACTIVO
1002768,2279,29,Pasaje La Molina 2792,BT,2,2004-07-14 22:24:51,ACTIVO
1002769,2280,5,Pasaje Grau 717,BT,8,2005-09-18 07:36:17,ACTIVO
1002770,2281,34,Av. Bolívar 7445,BT,3,2011-11-12 01:53:37,ACTIVO
1002771,2282,40,Pasaje San Martín 6507,BT,5,2002-08-05 02:43:05,ACTIVO
1002772,2282,40,Psje. Panamericana 659,BT,8,2013-08-28 09:50:08,ACTIVO
1002773,2282,40,Av. La Molina 516,MT,8,2001-03-22 11:51:06,ACTIVO
1002774,2283,19,Av. Panamericana 2542,BT,5,2004-12-23 18:00:30,ACTIVO
1002775,2284,4,Jr. Grau 279,BT,6,2020-08-16 10:47:16,ACTIVO
1002776,2285,42,Av. Los Pinos 3650,BT,6,2005-09-11 03:54:53,ACTIVO
1002777,2285,42,Calle El Sol 8758,BT,3,2003-09-22 10:34:19,ACTIVO
1002778,2286,7,Calle Bolívar 620,BT,7,2006-01-30 08:06:31,ACTIVO
1002779,2287,28,Psje. Los Pinos 6077,BT,4,2014-01-03 14:25:40,ACTIVO
1002780,2288,39,Psje. Grau 895,BT,1,2011-07-02 10:35:20,ACTIVO
1002781,2288,39,Psje. El Sol 6935,BT,2,2011-05-20 17:00:49,ACTIVO
1002782,2289,43,Pasaje Los Pinos 3367,BT,5,2010-09-18 22:27:37,ACTIVO
1002783,2290,30,Calle Panamericana 4306,BT,2,2014-01-28 17:51:26,ACTIVO
1002784,2291,43,Av. El Sol 4699,BT,6,2013-05-14 14:38:51,ACTIVO
1002785,2292,9,Jr. Universitaria 9190,MT,5,2004-02-28 17:28:59,ACTIVO
1002786,2293,28,Psje. Bolívar 1191,BT,2,2018-11-30 00:46:24,ACTIVO
1002787,2294,28,Av. El Sol 7410,BT,5,2020-07-09 05:21:52,ACTIVO
1002788,2294,28,Jr. La Molina 2632,BT,3,2000-11-23 06:45:21,ACTIVO
1002789,2295,4,Psje. San Martín 132,BT,2,2001-01-06 16:06:37,ACTIVO
1002790,2296,27,Calle Bolívar 3221,BT,1,2013-10-17 12:00:26,ACTIVO
1002791,2297,27,Pasaje Venezuela 7240,BT,5,2004-02-10 16:24:12,ACTIVO
1002792,2298,43,Pasaje Progreso 479,BT,1,2002-02-14 03:37:55,ACTIVO
1002793,2299,7,Calle Venezuela 6409,BT,7,2011-08-29 20:04:18,ACTIVO
1002794,2300,19,Psje. Grau 262,BT,8,2018-02-10 14:03:30,ACTIVO
1002795,2301,29,Jr. Bolívar 3670,BT,6,2014-11-14 09:34:22,ACTIVO
1002796,2302,7,Av. Grau 2507,BT,3,2000-06-29 11:10:26,ACTIVO
1002797,2303,26,Calle Venezuela 639,BT,4,2008-10-02 14:01:42,ACTIVO
1002798,2304,43,Calle San Martín 8145,BT,5,2001-10-02 00:56:22,INACTIVO
1002799,2304,43,Calle Grau 6080,BT,7,2007-11-12 19:38:57,ACTIVO
1002800,2305,9,Calle Bolívar 8568,MT,4,2012-01-05 05:01:28,ACTIVO
1002801,2306,4,Psje. Los Pinos 2194,BT,1,2000-02-06 00:53:39,ACTIVO
1002802,2307,1,Psje. Progreso 436,BT,2,2024-10-24 00:00:00,ACTIVO
1002803,2308,24,Psje. La Molina 5517,BT,3,2020-09-21 15:20:00,ACTIVO
1002804,2309,27,Calle San Martín 2414,BT,5,2016-04-15 07:19:01,ACTIVO
1002805,2310,15,Calle Grau 6458,BT,7,2000-06-02 11:44:26,ACTIVO
1002806,2311,7,Jr. Panamericana 7382,BT,7,2013-10-23 13:02:19,ACTIVO
1002807,2311,7,Av. San Martín 3020,BT,2,2011-09-02 01:04:47,ACTIVO
1002808,2312,26,Psje. Los Pinos 6844,BT,7,2010-11-22 16:22:56,ACTIVO
1002809,2313,38,Av. La Molina 4455,MT,8,2016-04-08 10:08:08,ACTIVO
1002810,2314,29,Psje. Bolívar 5428,BT,6,2019-05-19 13:19:03,ACTIVO
1002811,2315,40,Jr. Universitaria 6676,BT,1,2012-03-29 05:55:38,ACTIVO
1002812,2316,28,Jr. La Molina 9934,BT,1,2003-07-24 13:26:35,ACTIVO
1002813,2316,28,Psje. Universitaria 1508,BT,5,2019-01-05 08:25:35,ACTIVO
1002814,2316,28,Jr. El Sol 2545,BT,4,2006-02-13 22:48:28,ACTIVO
1002815,2317,17,Pasaje San Martín 4593,BT,3,2001-11-15 20:09:43,ACTIVO
1002816,2318,43,Psje. Panamericana 1646,BT,6,2009-04-19 01:55:59,ACTIVO
1002817,2319,4,Jr. Venezuela 7670,BT,8,2017-03-01 23:03:30,ACTIVO
1002818,2320,7,Psje. Bolívar 7640,BT,4,2002-07-19 01:17:55,ACTIVO
1002819,2321,28,Av. El Sol 1934,BT,6,2001-07-16 08:13:50,ACTIVO
1002820,2322,29,Pasaje El Sol 4337,BT,6,2007-07-08 01:39:34,ACTIVO
1002821,2322,29,Pasaje Los Pinos 7423,BT,4,2005-04-06 06:30:17,ACTIVO
1002822,2323,5,Jr. Panamericana 5315,BT,1,2000-08-23 02:52:18,ACTIVO
1002823,2324,7,Jr. Venezuela 1908,BT,2,2018-02-09 06:18:09,ACTIVO
1002824,2325,39,Calle Progreso 2206,BT,8,2017-03-05 09:29:35,ACTIVO
1002825,2326,7,Pasaje Universitaria 2458,BT,7,2010-10-17 13:59:30,ACTIVO
1002826,2327,5,Calle El Sol 5574,BT,6,2008-01-10 11:57:21,ACTIVO
1002827,2328,12,Pasaje Bolívar 325,BT,6,2022-12-29 00:00:00,INACTIVO
1002828,2329,8,Psje. El Sol 3182,BT,3,2010-07-18 16:03:15,ACTIVO
1002829,2329,8,Av. Grau 506,BT,5,2014-09-12 08:51:53,ACTIVO
1002830,2330,3,Psje. Progreso 9504,BT,5,2020-06-09 12:13:46,ACTIVO
1002831,2331,7,Pasaje Bolívar 2195,BT,6,2014-07-23 11:04:12,ACTIVO
1002832,2332,6,Calle Panamericana 4190,BT,1,2002-04-11 13:17:09,ACTIVO
1002833,2333,4,Pasaje Bolívar 9487,BT,5,2014-06-11 04:13:40,ACTIVO
1002834,2333,4,Pasaje Grau 3327,BT,1,2000-07-31 16:17:56,ACTIVO
1002835,2333,4,Pasaje Progreso 6492,BT,7,2002-08-08 11:29:51,ACTIVO
1002836,2334,43,Pasaje Venezuela 5106,BT,1,2006-07-07 04:56:42,ACTIVO
1002837,2335,30,Av. Progreso 2773,BT,8,2002-12-22 01:27:04,ACTIVO
1002838,2336,7,Psje. Grau 2047,BT,8,2006-04-07 08:56:21,ACTIVO
1002839,2337,9,Jr. Los Pinos 7890,BT,1,2009-04-13 14:19:43,ACTIVO
1002840,2338,18,Pasaje La Molina 7369,BT,7,2013-10-24 18:13:27,ACTIVO
1002841,2339,9,Calle Grau 2770,BT,5,2017-12-08 06:10:07,ACTIVO
1002842,2340,31,Calle La Molina 7373,BT,2,2017-05-30 20:35:11,ACTIVO
1002843,2341,15,Jr. Progreso 5439,BT,8,2011-05-21 11:57:02,ACTIVO
1002844,2342,15,Psje. Los Pinos 3395,BT,7,2016-04-24 08:30:45,ACTIVO
1002845,2343,29,Jr. Venezuela 1799,BT,5,2006-11-22 17:38:19,ACTIVO
1002846,2344,30,Av. Los Pinos 5691,BT,7,2008-11-13 02:00:33,ACTIVO
1002847,2345,15,Jr. Progreso 5955,BT,3,2012-02-11 14:03:24,ACTIVO
1002848,2346,40,Pasaje Panamericana 3132,BT,4,2012-11-13 16:10:48,ACTIVO
1002849,2347,26,Jr. San Martín 2846,BT,5,2018-03-07 21:24:02,ACTIVO
1002850,2348,7,Pasaje El Sol 5877,BT,4,2016-07-30 01:08:44,ACTIVO
1002851,2349,14,Jr. Universitaria 8535,BT,7,2010-12-14 19:51:07,ACTIVO
1002852,2350,30,Av. San Martín 8796,BT,1,2017-01-31 00:26:41,ACTIVO
1002853,2350,30,Jr. Bolívar 5095,BT,6,2011-11-08 01:29:54,ACTIVO
1002854,2350,30,Calle La Molina 2217,BT,4,2009-06-29 06:35:27,ACTIVO
1002855,2351,8,Calle Progreso 3151,BT,8,2001-06-18 18:29:52,ACTIVO
1002856,2352,26,Av. Los Pinos 3412,BT,6,2019-01-23 17:29:22,ACTIVO
1002857,2353,28,Av. Grau 8492,BT,5,2005-03-03 07:16:04,ACTIVO
1002858,2354,3,Pasaje Venezuela 7245,BT,6,2012-06-23 07:25:54,ACTIVO
1002859,2355,25,Psje. Grau 4716,BT,6,2019-09-02 15:15:16,ACTIVO
1002860,2356,8,Jr. Progreso 2757,BT,1,2016-08-23 13:03:52,ACTIVO
1002861,2357,43,Jr. La Molina 2722,BT,2,2000-08-18 00:59:05,ACTIVO
1002862,2358,30,Jr. Los Pinos 2401,BT,3,2004-05-29 12:30:25,ACTIVO
1002863,2358,30,Calle Venezuela 2836,MT,4,2016-07-15 07:31:44,ACTIVO
1002864,2359,9,Jr. Grau 9340,BT,6,2021-05-06 00:00:00,ACTIVO
1002865,2360,15,Jr. Panamericana 6109,BT,5,2011-06-16 21:05:50,ACTIVO
1002866,2361,15,Pasaje Venezuela 5397,BT,7,2018-04-10 08:18:32,ACTIVO
1002867,2362,41,Calle Bolívar 1226,BT,2,2012-12-10 20:04:46,ACTIVO
1002868,2362,41,Psje. Los Pinos 8210,BT,4,2020-02-02 20:55:33,ACTIVO
1002869,2363,29,Calle Grau 6073,BT,4,2020-11-15 08:12:38,ACTIVO
1002870,2364,15,Psje. La Molina 9356,BT,4,2011-03-11 19:25:25,ACTIVO
1002871,2365,5,Jr. Universitaria 3494,BT,4,2006-05-09 23:38:58,ACTIVO
1002872,2365,5,Calle La Molina 764,BT,2,2000-10-16 19:45:55,ACTIVO
1002873,2365,5,Psje. San Martín 1110,BT,7,2009-05-03 22:26:16,ACTIVO
1002874,2366,11,Pasaje San Martín 6685,BT,4,2010-05-04 17:46:19,ACTIVO
1002875,2367,32,Calle Bolívar 3920,BT,8,2017-01-30 20:35:46,ACTIVO
1002876,2368,28,Jr. La Molina 3569,MT,7,2024-03-19 00:00:00,SUSPENDIDO
1002877,2368,28,Av. Universitaria 2696,BT,6,2006-10-15 20:54:59,ACTIVO
1002878,2369,28,Psje. Grau 299,BT,6,2018-03-28 12:49:24,ACTIVO
1002879,2370,23,Av. Universitaria 9821,BT,1,2009-12-08 15:33:08,SUSPENDIDO
1002880,2371,19,Psje. Grau 6249,BT,1,2011-04-04 01:09:44,ACTIVO
1002881,2372,33,Jr. Universitaria 973,BT,3,2009-03-21 05:17:43,ACTIVO
1002882,2373,17,Psje. Los Pinos 465,BT,2,2002-08-20 11:45:14,INACTIVO
1002883,2374,16,Calle Progreso 6147,BT,5,2007-08-27 01:39:54,ACTIVO
1002884,2375,3,Calle El Sol 345,BT,4,2018-11-10 09:11:05,ACTIVO
1002885,2376,43,Psje. Panamericana 3586,BT,8,2005-04-13 03:14:05,INACTIVO
1002886,2376,43,Jr. Venezuela 4063,BT,4,2013-11-16 23:44:19,ACTIVO
1002887,2377,29,Psje. Panamericana 3075,BT,7,2007-07-12 02:45:40,ACTIVO
1002888,2378,15,Pasaje Progreso 1315,BT,1,2003-01-23 04:31:39,ACTIVO
1002889,2379,43,Jr. Bolívar 4068,BT,4,2015-05-09 04:42:37,ACTIVO
1002890,2380,1,Pasaje Bolívar 7837,BT,2,2003-07-25 15:23:57,INACTIVO
1002891,2381,9,Calle Progreso 8945,BT,1,2002-08-02 21:44:38,ACTIVO
1002892,2382,41,Jr. Bolívar 6933,BT,1,2001-07-03 10:41:39,ACTIVO
1002893,2383,15,Pasaje San Martín 3525,BT,7,2007-10-21 01:51:16,ACTIVO
1002894,2384,13,Psje. Venezuela 1508,BT,6,2008-08-02 19:19:01,ACTIVO
1002895,2385,4,Jr. La Molina 5987,MT,3,2004-06-10 13:53:34,ACTIVO
1002896,2386,15,Jr. El Sol 9747,BT,5,2003-05-07 03:46:28,ACTIVO
1002897,2387,40,Av. San Martín 379,BT,5,2004-08-14 16:26:49,SUSPENDIDO
1002898,2388,30,Pasaje Grau 5835,BT,7,2008-10-05 18:17:24,ACTIVO
1002899,2389,7,Calle Grau 8213,BT,4,2011-04-10 18:21:55,ACTIVO
1002900,2390,10,Pasaje Universitaria 3233,BT,5,2000-01-08 20:19:46,ACTIVO
1002901,2391,38,Calle Bolívar 5351,BT,5,2007-01-20 02:10:52,ACTIVO
1002902,2391,38,Psje. Panamericana 3835,BT,5,2016-01-10 14:13:08,ACTIVO
1002903,2391,38,Psje. Progreso 9858,BT,7,2011-09-23 12:27:19,ACTIVO
1002904,2392,8,Calle San Martín 6302,BT,6,2010-06-04 11:02:31,ACTIVO
1002905,2393,15,Av. Panamericana 5531,BT,8,2002-01-22 03:29:23,ACTIVO
1002906,2393,15,Av. Grau 9792,BT,6,2011-08-06 16:14:07,ACTIVO
1002907,2394,30,Pasaje Progreso 3136,BT,7,2020-10-17 01:23:06,ACTIVO
1002908,2395,26,Pasaje La Molina 7178,BT,3,2000-01-16 02:29:17,ACTIVO
1002909,2396,25,Av. Grau 7075,BT,1,2010-05-16 17:31:58,ACTIVO
1002910,2396,25,Calle Grau 2391,BT,5,2016-05-03 16:41:11,ACTIVO
1002911,2397,9,Calle El Sol 3952,BT,5,2019-06-06 17:10:30,ACTIVO
1002912,2398,15,Psje. San Martín 1267,BT,1,2004-07-17 11:02:23,ACTIVO
1002913,2398,15,Jr. Universitaria 9691,BT,3,2018-06-15 14:44:53,ACTIVO
1002914,2399,31,Psje. Universitaria 8709,BT,5,2012-07-12 13:33:57,ACTIVO
1002915,2400,38,Pasaje Progreso 756,BT,3,2013-04-26 06:31:31,ACTIVO
1002916,2401,7,Calle San Martín 6528,BT,2,2001-06-06 14:37:40,ACTIVO
1002917,2401,7,Psje. El Sol 3664,BT,5,2016-12-25 18:19:49,ACTIVO
1002918,2402,15,Calle El Sol 2341,BT,3,2013-04-01 19:50:57,ACTIVO
1002919,2403,23,Av. Universitaria 1988,BT,1,2008-11-24 07:51:39,ACTIVO
1002920,2404,9,Pasaje Progreso 9248,BT,1,2003-02-27 09:10:25,ACTIVO
1002921,2405,16,Psje. Los Pinos 2028,BT,2,2015-03-24 10:52:02,ACTIVO
1002922,2406,18,Psje. Los Pinos 6820,BT,1,2017-09-02 23:38:45,ACTIVO
1002923,2407,16,Av. La Molina 9629,BT,6,2015-01-11 09:20:16,ACTIVO
1002924,2408,15,Psje. San Martín 2667,BT,1,2019-10-10 00:00:00,ACTIVO
1002925,2409,36,Jr. Bolívar 1278,BT,5,2020-01-16 05:13:32,ACTIVO
1002926,2410,30,Av. Grau 7480,BT,4,2015-04-17 05:17:45,ACTIVO
1002927,2411,6,Pasaje El Sol 6211,BT,7,2001-10-05 20:06:49,ACTIVO
1002928,2412,29,Av. Progreso 2982,BT,7,2006-01-08 15:21:11,ACTIVO
1002929,2413,15,Calle Venezuela 1302,BT,5,2018-06-29 22:25:46,ACTIVO
1002930,2413,15,Calle Grau 7711,BT,4,2008-03-20 21:39:43,ACTIVO
1002931,2414,3,Jr. Los Pinos 304,BT,8,2019-08-29 03:34:45,ACTIVO
1002932,2415,4,Calle El Sol 9667,BT,2,2019-03-26 22:06:39,ACTIVO
1002933,2416,30,Psje. Los Pinos 9781,BT,7,2007-09-28 16:50:30,ACTIVO
1002934,2417,13,Calle Los Pinos 3310,BT,5,2004-01-12 05:15:03,ACTIVO
1002935,2418,43,Psje. Universitaria 6267,BT,1,2004-11-08 03:13:42,ACTIVO
1002936,2419,28,Calle Los Pinos 2519,BT,2,2001-02-16 01:01:12,ACTIVO
1002937,2420,15,Pasaje El Sol 6387,BT,5,2016-10-29 15:00:59,ACTIVO
1002938,2420,15,Av. Progreso 5022,BT,8,2010-08-30 02:16:58,ACTIVO
1002939,2421,25,Av. Venezuela 9093,BT,3,2009-10-23 11:56:19,ACTIVO
1002940,2422,43,Calle Grau 9655,BT,8,2005-07-20 08:48:11,ACTIVO
1002941,2423,19,Jr. Bolívar 3812,BT,6,2017-04-07 07:40:42,ACTIVO
1002942,2424,7,Av. Panamericana 2032,BT,1,2000-01-22 20:33:22,ACTIVO
1002943,2425,15,Calle Venezuela 7022,BT,8,2007-04-24 00:16:14,ACTIVO
1002944,2426,30,Psje. Progreso 6265,BT,4,2006-05-28 04:16:17,ACTIVO
1002945,2427,15,Calle El Sol 1928,BT,6,2002-05-16 14:05:10,ACTIVO
1002946,2428,29,Jr. Panamericana 1663,BT,1,2006-03-08 14:29:29,INACTIVO
1002947,2429,34,Av. El Sol 4901,BT,6,2010-10-27 19:48:28,ACTIVO
1002948,2429,34,Jr. Grau 8543,BT,1,2017-06-08 04:43:57,ACTIVO
1002949,2430,25,Psje. Universitaria 1516,BT,3,2005-09-17 16:01:01,ACTIVO
1002950,2431,12,Psje. Bolívar 7586,BT,3,2003-03-21 05:57:57,ACTIVO
1002951,2431,12,Psje. Bolívar 3370,BT,5,2005-12-23 19:01:38,ACTIVO
1002952,2432,4,Pasaje La Molina 1640,BT,3,2012-06-27 20:57:59,ACTIVO
1002953,2433,40,Calle San Martín 550,BT,8,2008-04-15 20:12:03,ACTIVO
1002954,2434,32,Calle La Molina 4826,BT,4,2004-04-30 23:58:23,SUSPENDIDO
1002955,2435,39,Psje. San Martín 9286,BT,1,2011-05-01 15:11:20,ACTIVO
1002956,2436,29,Jr. El Sol 2455,BT,3,2018-07-18 17:25:21,ACTIVO
1002957,2437,15,Psje. Venezuela 7383,BT,1,2000-09-20 03:52:05,ACTIVO
1002958,2438,15,Pasaje San Martín 186,BT,3,2017-06-28 09:43:04,ACTIVO
1002959,2439,13,Jr. La Molina 3656,BT,2,2016-01-02 12:59:52,ACTIVO
1002960,2440,41,Pasaje Panamericana 3673,BT,7,2020-10-18 20:23:15,ACTIVO
1002961,2441,19,Av. Bolívar 7315,BT,3,2005-12-12 07:37:38,ACTIVO
1002962,2441,19,Psje. Bolívar 9731,BT,2,2017-02-26 12:08:01,ACTIVO
1002963,2442,42,Pasaje Panamericana 6714,BT,7,2006-01-19 15:40:17,ACTIVO
1002964,2443,28,Av. Grau 2481,BT,2,2019-05-22 04:15:10,ACTIVO
1002965,2444,5,Pasaje El Sol 6564,BT,1,2008-09-26 04:29:07,SUSPENDIDO
1002966,2445,43,Calle El Sol 8383,BT,7,2011-07-06 17:34:11,ACTIVO
1002967,2446,9,Calle Bolívar 8578,BT,8,2010-11-16 09:28:53,ACTIVO
1002968,2446,9,Av. Grau 5875,BT,1,2004-05-29 14:11:13,ACTIVO
1002969,2446,9,Calle San Martín 3366,BT,6,2020-10-08 10:57:28,ACTIVO
1002970,2447,25,Av. Universitaria 3435,BT,7,2003-02-25 04:09:36,ACTIVO
1002971,2448,15,Av. Venezuela 1516,BT,3,2001-12-21 20:44:05,ACTIVO
1002972,2449,24,Calle Progreso 195,BT,4,2006-12-27 07:14:05,ACTIVO
1002973,2450,9,Jr. Progreso 6354,BT,7,2009-09-05 14:30:15,ACTIVO
1002974,2451,3,Calle San Martín 517,BT,2,2014-05-14 11:51:35,ACTIVO
1002975,2451,3,Pasaje Panamericana 3749,BT,6,2004-12-19 06:25:15,ACTIVO
1002976,2452,29,Jr. Panamericana 1250,BT,3,2016-08-17 08:28:56,ACTIVO
1002977,2452,29,Psje. Progreso 4288,BT,4,2005-03-06 19:10:39,ACTIVO
1002978,2453,38,Jr. Progreso 9753,BT,2,2014-02-27 17:14:12,ACTIVO
1002979,2454,28,Psje. La Molina 6114,BT,4,2015-12-01 10:51:29,INACTIVO
1002980,2455,7,Psje. Universitaria 8412,BT,7,2010-06-04 04:59:08,ACTIVO
1002981,2455,7,Pasaje El Sol 7730,BT,3,2011-05-04 10:26:21,ACTIVO
1002982,2456,11,Av. La Molina 5932,BT,2,2018-11-16 14:43:07,ACTIVO
1002983,2457,13,Psje. Venezuela 598,BT,1,2007-01-14 08:54:56,ACTIVO
1002984,2458,39,Jr. Universitaria 806,BT,5,2005-11-23 18:30:19,ACTIVO
1002985,2459,5,Calle La Molina 7832,BT,3,2019-04-02 13:45:44,ACTIVO
1002986,2459,5,Psje. Los Pinos 1894,BT,3,2019-05-31 00:00:00,ACTIVO
1002987,2459,5,Calle Los Pinos 4690,BT,2,2005-10-17 02:58:34,ACTIVO
1002988,2460,15,Av. San Martín 2740,BT,8,2012-08-24 14:34:07,ACTIVO
1002989,2461,38,Psje. Venezuela 437,BT,5,2003-06-26 10:21:50,ACTIVO
1002990,2462,3,Jr. El Sol 1414,BT,2,2007-08-16 06:00:13,ACTIVO
1002991,2462,3,Pasaje El Sol 1643,BT,2,2002-08-05 05:43:21,ACTIVO
1002992,2463,42,Calle Grau 5317,BT,3,2011-09-01 13:07:27,ACTIVO
1002993,2464,15,Calle Venezuela 4912,BT,5,2009-08-11 04:21:01,ACTIVO
1002994,2464,15,Av. San Martín 7504,BT,7,2014-05-03 18:40:54,ACTIVO
1002995,2465,5,Calle Los Pinos 6462,BT,6,2007-01-23 16:11:03,ACTIVO
1002996,2466,9,Calle Venezuela 7627,BT,5,2006-06-01 03:49:03,ACTIVO
1002997,2467,25,Psje. Grau 8177,BT,3,2007-07-09 02:29:50,ACTIVO
1002998,2468,9,Calle Bolívar 7460,BT,6,2018-12-15 06:49:27,ACTIVO
1002999,2468,9,Av. San Martín 6727,BT,4,2002-11-27 10:21:25,ACTIVO
1003000,2469,26,Calle Venezuela 1679,BT,6,2017-07-14 10:36:28,ACTIVO
1003001,2470,15,Psje. El Sol 7017,BT,1,2016-03-22 10:08:21,ACTIVO
1003002,2471,38,Psje. Grau 9381,BT,7,2019-08-26 17:18:25,ACTIVO
1003003,2472,7,Psje. Venezuela 7351,BT,8,2012-03-30 17:39:19,ACTIVO
1003004,2473,4,Pasaje La Molina 8892,BT,1,2017-12-09 04:17:32,ACTIVO
1003005,2474,23,Av. Panamericana 8835,BT,6,2018-11-25 05:41:19,ACTIVO
1003006,2475,30,Av. Universitaria 9095,BT,6,2019-12-17 20:18:56,ACTIVO
1003007,2475,30,Jr. Los Pinos 1222,BT,1,2004-01-13 12:51:40,ACTIVO
1003008,2476,15,Calle Venezuela 9007,BT,8,2003-02-14 14:45:58,ACTIVO
1003009,2477,15,Psje. Venezuela 7491,BT,5,2015-01-07 20:04:16,SUSPENDIDO
1003010,2477,15,Jr. Universitaria 1703,MT,2,2019-11-23 20:14:19,ACTIVO
1003011,2478,7,Calle Los Pinos 3405,MT,2,2024-10-30 00:00:00,ACTIVO
1003012,2479,39,Pasaje Panamericana 3666,MT,1,2015-05-04 04:50:07,ACTIVO
1003013,2480,15,Pasaje Panamericana 728,BT,8,2013-02-15 11:25:14,ACTIVO
1003014,2481,39,Pasaje Bolívar 1047,MT,2,2000-01-07 14:21:24,ACTIVO
1003015,2482,15,Calle San Martín 6782,BT,3,2010-11-27 20:25:39,ACTIVO
1003016,2482,15,Av. San Martín 169,BT,7,2007-04-04 06:16:47,ACTIVO
1003017,2483,5,Calle San Martín 6823,BT,2,2012-03-12 02:04:41,ACTIVO
1003018,2484,3,Jr. Venezuela 2629,BT,2,2005-06-11 16:30:39,ACTIVO
1003019,2485,9,Pasaje La Molina 6462,BT,2,2019-05-14 01:01:28,ACTIVO
1003020,2486,33,Av. Panamericana 9812,BT,2,2010-05-12 03:28:38,SUSPENDIDO
1003021,2487,34,Av. Bolívar 990,BT,5,2011-07-22 12:59:25,ACTIVO
1003022,2488,15,Av. La Molina 3569,BT,1,2019-11-03 00:16:08,ACTIVO
1003023,2489,33,Av. La Molina 4030,BT,5,2005-05-05 12:14:09,ACTIVO
1003024,2490,3,Calle San Martín 7555,BT,5,2018-01-08 01:35:37,SUSPENDIDO
1003025,2491,15,Av. Grau 191,BT,5,2004-06-26 02:39:19,ACTIVO
1003026,2492,2,Psje. San Martín 4726,BT,5,2010-05-03 20:42:24,ACTIVO
1003027,2493,15,Av. Universitaria 3346,BT,4,2007-06-29 06:41:07,ACTIVO
1003028,2494,39,Av. Grau 5399,BT,5,2006-09-29 03:15:35,ACTIVO
1003029,2495,13,Calle Grau 192,BT,5,2002-05-07 07:07:02,ACTIVO
1003030,2496,34,Jr. Grau 803,BT,3,2005-02-12 06:15:17,INACTIVO
1003031,2497,7,Calle Los Pinos 8483,BT,7,2012-09-13 14:46:02,ACTIVO
1003032,2497,7,Av. San Martín 3979,BT,1,2013-08-03 06:49:41,INACTIVO
1003033,2498,3,Av. El Sol 427,BT,5,2015-12-06 15:18:47,INACTIVO
1003034,2498,3,Jr. Bolívar 7209,BT,8,2006-07-16 18:14:25,ACTIVO
1003035,2498,3,Jr. Progreso 5379,BT,8,2000-10-06 04:25:25,ACTIVO
1003036,2499,34,Av. Venezuela 9368,MT,8,2016-02-20 19:07:08,ACTIVO
1003037,2500,3,Jr. Los Pinos 9609,BT,8,2005-12-14 23:49:32,ACTIVO
1003038,2501,3,Jr. Progreso 5094,BT,8,2003-08-21 19:54:47,ACTIVO
1003039,2502,17,Psje. Panamericana 8319,BT,2,2001-11-15 16:22:19,ACTIVO
1003040,2503,40,Calle Progreso 5012,BT,3,2019-05-05 01:28:31,ACTIVO
1003041,2504,3,Calle Bolívar 9246,BT,8,2002-05-22 03:42:26,ACTIVO
1003042,2505,38,Jr. Bolívar 3724,BT,4,2020-12-24 04:54:46,ACTIVO
1003043,2506,36,Psje. Progreso 7487,BT,3,2003-09-03 17:11:53,ACTIVO
1003044,2506,36,Jr. Venezuela 3269,BT,5,2002-06-25 16:32:42,ACTIVO
1003045,2507,15,Pasaje Panamericana 5269,BT,3,2002-11-28 01:22:11,ACTIVO
1003046,2508,34,Av. San Martín 5874,BT,3,2002-08-31 21:29:30,INACTIVO
1003047,2509,9,Av. Bolívar 4883,BT,6,2016-08-02 03:27:36,ACTIVO
1003048,2510,9,Psje. Universitaria 2964,BT,5,2007-04-13 03:48:30,ACTIVO
1003049,2511,28,Calle Venezuela 6775,BT,7,2014-07-30 01:53:24,ACTIVO
1003050,2512,9,Av. Bolívar 5295,BT,7,2008-04-03 05:57:56,ACTIVO
1003051,2513,41,Pasaje Universitaria 4493,BT,7,2001-12-31 04:42:07,ACTIVO
1003052,2514,38,Pasaje La Molina 4194,BT,8,2012-05-08 12:16:00,ACTIVO
1003053,2515,29,Calle El Sol 6290,BT,2,2020-03-12 05:06:21,ACTIVO
1003054,2516,43,Calle El Sol 7432,BT,5,2001-05-06 01:13:25,ACTIVO
1003055,2517,7,Calle Bolívar 8255,BT,7,2018-03-31 11:53:37,ACTIVO
1003056,2518,24,Av. Progreso 2136,BT,3,2015-05-28 03:22:38,ACTIVO
1003057,2519,15,Av. Bolívar 4719,BT,4,2013-11-28 00:36:10,ACTIVO
1003058,2519,15,Psje. Progreso 2692,BT,2,2012-12-13 07:54:09,ACTIVO
1003059,2519,15,Psje. Grau 5170,BT,7,2020-03-25 09:20:03,ACTIVO
1003060,2520,31,Av. Bolívar 7353,BT,2,2011-04-23 08:55:16,ACTIVO
1003061,2521,10,Jr. Panamericana 9592,BT,1,2014-10-18 11:45:32,ACTIVO
1003062,2521,10,Jr. Universitaria 642,MT,4,2015-09-27 16:43:34,ACTIVO
1003063,2521,10,Psje. La Molina 5676,BT,8,2021-10-16 00:00:00,ACTIVO
1003064,2522,29,Calle Los Pinos 5245,BT,7,2007-08-10 06:04:08,ACTIVO
1003065,2522,29,Pasaje Venezuela 1404,BT,7,2001-07-23 04:28:55,ACTIVO
1003066,2523,43,Av. San Martín 4764,BT,7,2002-06-29 13:53:59,ACTIVO
1003067,2524,14,Pasaje Progreso 7633,BT,1,2007-02-21 05:01:10,ACTIVO
1003068,2524,14,Psje. Los Pinos 4443,BT,5,2000-11-15 17:42:53,ACTIVO
1003069,2525,15,Pasaje Bolívar 3035,BT,8,2002-01-11 12:35:47,ACTIVO
1003070,2526,4,Pasaje La Molina 3324,BT,7,2018-10-15 14:09:24,ACTIVO
1003071,2527,5,Calle Los Pinos 4592,BT,6,2013-07-16 17:36:49,ACTIVO
1003072,2528,23,Jr. Universitaria 7318,BT,1,2001-11-18 16:59:32,ACTIVO
1003073,2529,43,Calle Grau 3475,BT,7,2018-10-26 04:46:38,ACTIVO
1003074,2530,13,Jr. La Molina 3423,BT,8,2009-02-24 15:32:15,ACTIVO
1003075,2531,15,Psje. San Martín 1681,BT,5,2003-09-04 23:23:54,ACTIVO
1003076,2532,29,Calle San Martín 8958,BT,3,2004-02-22 04:12:31,ACTIVO
1003077,2533,26,Jr. Bolívar 4887,BT,7,2024-04-11 00:00:00,ACTIVO
1003078,2533,26,Pasaje Venezuela 3226,BT,3,2015-06-28 03:41:25,ACTIVO
1003079,2534,34,Pasaje Progreso 7537,BT,3,2004-12-05 03:08:01,ACTIVO
1003080,2535,26,Calle San Martín 9165,BT,4,2017-07-29 03:22:57,ACTIVO
1003081,2536,26,Psje. Bolívar 6095,BT,2,2017-08-01 08:02:16,ACTIVO
1003082,2537,34,Calle Universitaria 3941,BT,6,2001-09-14 19:21:19,ACTIVO
1003083,2538,3,Jr. Universitaria 4677,BT,4,2011-06-06 22:24:38,ACTIVO
1003084,2539,6,Calle La Molina 961,BT,1,2019-10-02 19:37:49,SUSPENDIDO
1003085,2539,6,Pasaje Grau 8727,BT,5,2000-06-20 18:36:23,ACTIVO
1003086,2540,36,Jr. Progreso 3199,BT,7,2007-10-06 10:13:29,ACTIVO
1003087,2541,3,Psje. La Molina 6080,BT,3,2009-10-12 00:32:14,ACTIVO
1003088,2542,29,Av. Los Pinos 3794,BT,2,2018-12-05 02:22:08,ACTIVO
1003089,2542,29,Pasaje Grau 1776,BT,4,2018-03-23 05:37:04,ACTIVO
1003090,2543,30,Av. La Molina 1418,BT,2,2000-12-16 11:23:40,ACTIVO
1003091,2544,15,Av. Grau 9803,BT,4,2005-01-24 21:45:33,ACTIVO
1003092,2545,40,Calle Los Pinos 1638,BT,8,2002-01-18 11:17:15,ACTIVO
1003093,2546,9,Av. San Martín 2125,BT,2,2001-04-26 02:13:02,ACTIVO
1003094,2547,15,Pasaje La Molina 8912,BT,2,2009-09-22 01:36:01,ACTIVO
1003095,2548,9,Av. El Sol 3810,BT,3,2014-03-19 07:56:28,ACTIVO
1003096,2549,25,Av. La Molina 3204,BT,7,2009-06-25 09:22:30,ACTIVO
1003097,2550,5,Av. Los Pinos 6277,BT,3,2012-01-23 22:51:33,ACTIVO
1003098,2550,5,Calle Progreso 9462,BT,1,2001-05-17 23:18:07,ACTIVO
1003099,2551,7,Jr. Bolívar 5296,BT,8,2014-11-08 06:36:17,ACTIVO
1003100,2552,30,Calle Los Pinos 7701,BT,8,2024-02-28 00:00:00,ACTIVO
1003101,2553,19,Pasaje Venezuela 9732,BT,7,2007-10-23 06:39:13,ACTIVO
1003102,2554,37,Jr. Venezuela 3025,BT,6,2013-05-27 15:26:34,ACTIVO
1003103,2555,4,Jr. Bolívar 987,BT,6,2002-01-31 20:53:10,ACTIVO
1003104,2556,29,Calle Progreso 5050,BT,6,2005-08-08 23:31:10,ACTIVO
1003105,2557,5,Calle Grau 4301,BT,7,2019-05-17 19:58:39,ACTIVO
1003106,2558,7,Jr. Grau 7334,BT,8,2010-07-26 04:11:13,ACTIVO
1003107,2559,12,Psje. Progreso 7967,BT,7,2008-08-12 20:03:38,ACTIVO
1003108,2560,15,Psje. Grau 5609,BT,2,2004-05-23 05:49:30,ACTIVO
1003109,2561,11,Psje. San Martín 7518,BT,5,2005-10-05 20:48:37,ACTIVO
1003110,2562,3,Av. Venezuela 8686,BT,2,2013-06-01 19:08:11,ACTIVO
1003111,2563,14,Calle El Sol 7759,BT,5,2003-08-04 02:55:09,ACTIVO
1003112,2564,13,Av. Universitaria 5834,BT,7,2008-09-08 11:23:52,ACTIVO
1003113,2565,9,Av. San Martín 9580,BT,6,2002-07-11 02:18:19,ACTIVO
1003114,2566,15,Jr. El Sol 5794,BT,7,2002-11-24 07:42:12,ACTIVO
1003115,2566,15,Calle Grau 8278,BT,2,2010-07-03 09:59:03,ACTIVO
1003116,2567,13,Psje. San Martín 3870,BT,1,2008-05-19 09:55:23,ACTIVO
1003117,2568,15,Jr. San Martín 4583,BT,6,2013-12-08 02:13:39,ACTIVO
1003118,2569,7,Av. Bolívar 857,MT,8,2021-03-03 00:00:00,ACTIVO
1003119,2570,7,Av. Bolívar 2509,BT,4,2020-08-02 03:32:15,ACTIVO
1003120,2571,7,Pasaje Panamericana 1510,BT,1,2001-11-16 07:31:39,ACTIVO
1003121,2572,27,Calle San Martín 2519,BT,4,2003-01-08 08:36:57,ACTIVO
1003122,2573,13,Jr. Venezuela 5984,BT,8,2014-09-12 12:00:46,ACTIVO
1003123,2574,13,Psje. Panamericana 2222,BT,7,2000-11-14 19:47:28,ACTIVO
1003124,2575,9,Av. Progreso 7234,BT,6,2020-01-21 06:34:05,ACTIVO
1003125,2576,5,Av. Bolívar 2864,BT,7,2001-10-31 01:29:28,ACTIVO
1003126,2577,15,Psje. Grau 2327,BT,2,2020-11-15 00:00:00,ACTIVO
1003127,2578,28,Calle Grau 1672,BT,8,2001-04-01 21:28:55,ACTIVO
1003128,2579,39,Jr. Panamericana 7757,BT,1,2004-07-08 08:04:04,ACTIVO
1003129,2580,2,Psje. Venezuela 1582,BT,3,2017-11-14 20:59:06,ACTIVO
1003130,2581,37,Calle Universitaria 1373,BT,6,2020-10-30 08:01:25,ACTIVO
1003131,2582,7,Av. El Sol 2942,BT,8,2015-01-30 13:48:12,ACTIVO
1003132,2583,43,Jr. El Sol 5850,BT,3,2013-09-13 18:06:09,ACTIVO
1003133,2584,19,Psje. Universitaria 8352,BT,2,2005-06-01 23:47:35,ACTIVO
1003134,2585,43,Jr. La Molina 3620,BT,6,2010-06-22 11:12:59,ACTIVO
1003135,2586,38,Psje. Progreso 8095,BT,2,2001-09-24 09:33:22,ACTIVO
1003136,2586,38,Calle Venezuela 3377,BT,2,2002-11-11 17:19:39,ACTIVO
1003137,2586,38,Calle Bolívar 7658,MT,4,2002-08-21 00:21:22,ACTIVO
1003138,2587,30,Psje. Los Pinos 5790,BT,2,2004-03-22 00:00:17,ACTIVO
1003139,2588,26,Av. Progreso 2005,BT,7,2022-10-07 00:00:00,ACTIVO
1003140,2589,15,Psje. Progreso 3750,BT,4,2000-01-02 06:52:27,ACTIVO
1003141,2590,15,Calle Panamericana 9459,BT,6,2020-02-22 13:19:53,INACTIVO
1003142,2591,3,Psje. Grau 9360,BT,6,2003-01-19 09:58:13,ACTIVO
1003143,2591,3,Av. Los Pinos 7403,BT,2,2014-02-20 17:43:54,ACTIVO
1003144,2592,36,Jr. Venezuela 9550,MT,2,2005-08-28 09:34:34,ACTIVO
1003145,2593,14,Jr. Progreso 5876,BT,2,2012-12-16 04:37:26,ACTIVO
1003146,2594,5,Psje. Venezuela 8688,BT,6,2003-07-20 18:38:50,ACTIVO
1003147,2594,5,Calle El Sol 6532,BT,5,2009-03-07 00:22:38,ACTIVO
1003148,2595,4,Av. La Molina 465,BT,3,2013-06-04 05:07:17,INACTIVO
1003149,2595,4,Jr. Venezuela 5579,BT,1,2013-08-10 16:22:43,ACTIVO
1003150,2595,4,Calle El Sol 8431,BT,1,2013-08-03 07:24:46,ACTIVO
1003151,2596,9,Psje. San Martín 4155,BT,5,2000-05-08 12:34:01,ACTIVO
1003152,2596,9,Jr. Bolívar 1081,BT,7,2000-06-04 01:23:42,ACTIVO
1003153,2597,29,Jr. Los Pinos 2830,BT,8,2002-05-27 18:29:19,ACTIVO
1003154,2597,29,Psje. Bolívar 1813,BT,4,2020-01-01 15:39:36,ACTIVO
1003155,2598,20,Calle Universitaria 1908,BT,6,2008-08-10 20:47:36,ACTIVO
1003156,2599,13,Jr. Los Pinos 9088,BT,1,2009-03-26 22:25:17,ACTIVO
1003157,2600,28,Calle La Molina 6996,BT,1,2010-04-12 14:48:15,ACTIVO
1003158,2601,10,Psje. Bolívar 3539,BT,1,2010-09-07 02:09:35,ACTIVO
1003159,2602,13,Psje. Venezuela 3888,BT,6,2003-03-07 16:27:56,ACTIVO
1003160,2603,13,Psje. Universitaria 6888,BT,4,2001-12-17 02:56:47,ACTIVO
1003161,2604,29,Av. La Molina 2155,BT,5,2019-03-27 13:03:09,ACTIVO
1003162,2605,9,Av. Los Pinos 3416,BT,4,2018-08-04 16:26:38,ACTIVO
1003163,2606,40,Calle El Sol 4413,BT,3,2020-07-06 08:32:14,ACTIVO
1003164,2607,16,Pasaje Bolívar 7601,BT,6,2016-06-16 05:37:24,ACTIVO
1003165,2608,8,Pasaje Grau 4336,MT,6,2004-09-24 21:09:25,ACTIVO
1003166,2609,3,Av. Bolívar 8423,BT,5,2019-08-28 08:16:28,ACTIVO
1003167,2610,7,Jr. Los Pinos 920,BT,8,2001-04-19 18:45:15,ACTIVO
1003168,2611,12,Jr. Bolívar 5390,BT,3,2013-05-16 10:05:54,ACTIVO
1003169,2612,29,Av. Progreso 3871,BT,7,2011-11-11 05:52:01,ACTIVO
1003170,2613,15,Pasaje Los Pinos 3955,BT,8,2007-01-13 00:22:08,ACTIVO
1003171,2614,15,Jr. Los Pinos 362,BT,1,2020-04-25 02:22:45,ACTIVO
1003172,2615,26,Calle El Sol 4857,BT,7,2017-02-07 06:45:58,ACTIVO
1003173,2616,7,Pasaje Panamericana 5946,BT,8,2014-02-17 14:26:17,ACTIVO
1003174,2617,28,Av. San Martín 5417,BT,8,2013-10-13 02:15:18,ACTIVO
1003175,2617,28,Psje. Universitaria 4452,BT,8,2008-07-11 05:02:58,ACTIVO
1003176,2618,30,Av. San Martín 4777,BT,7,2003-01-11 23:18:16,ACTIVO
1003177,2619,40,Psje. El Sol 1715,MT,7,2004-04-25 21:52:48,ACTIVO
1003178,2620,5,Calle Progreso 176,BT,1,2012-11-16 19:24:15,ACTIVO
1003179,2621,29,Av. Universitaria 9024,BT,3,2022-09-03 00:00:00,ACTIVO
1003180,2622,28,Psje. Panamericana 1308,BT,1,2011-04-20 05:34:24,ACTIVO
1003181,2623,22,Psje. Venezuela 6804,BT,8,2001-03-03 10:30:29,ACTIVO
1003182,2624,29,Calle Universitaria 2354,BT,8,2001-07-07 02:49:50,ACTIVO
1003183,2625,29,Calle El Sol 4721,BT,3,2004-08-12 03:15:45,ACTIVO
1003184,2626,21,Pasaje Grau 1153,BT,2,2004-12-02 09:33:09,ACTIVO
1003185,2626,21,Calle La Molina 542,BT,6,2013-02-10 01:41:35,ACTIVO
1003186,2626,21,Psje. El Sol 6092,BT,1,2011-09-24 11:04:56,ACTIVO
1003187,2627,35,Psje. Los Pinos 530,BT,3,2018-04-01 19:35:24,ACTIVO
1003188,2627,35,Pasaje Progreso 6455,BT,7,2009-09-22 08:53:47,ACTIVO
1003189,2628,4,Jr. Panamericana 419,BT,3,2000-10-08 02:48:49,ACTIVO
1003190,2629,33,Psje. El Sol 9347,BT,3,2015-12-07 17:40:02,ACTIVO
1003191,2630,33,Calle Progreso 7167,BT,5,2003-12-31 08:10:40,SUSPENDIDO
1003192,2631,15,Av. Bolívar 1870,BT,4,2010-10-05 06:58:00,ACTIVO
1003193,2632,4,Calle Bolívar 8177,BT,8,2003-06-28 03:58:21,ACTIVO
1003194,2633,13,Calle Bolívar 9209,BT,8,2008-12-20 23:14:40,ACTIVO
1003195,2634,43,Pasaje La Molina 9977,MT,2,2001-02-27 02:52:27,ACTIVO
1003196,2634,43,Calle San Martín 7030,BT,8,2004-04-26 00:25:00,ACTIVO
1003197,2635,2,Psje. Universitaria 6499,BT,3,2019-02-27 18:37:17,ACTIVO
1003198,2636,9,Psje. San Martín 4735,BT,8,2012-03-22 11:09:37,ACTIVO
1003199,2637,40,Psje. Venezuela 289,BT,5,2021-10-05 00:00:00,ACTIVO
1003200,2638,26,Av. Panamericana 9510,BT,2,2020-07-31 21:34:21,ACTIVO
1003201,2638,26,Jr. Progreso 9396,BT,7,2010-01-11 21:22:37,ACTIVO
1003202,2639,29,Jr. Progreso 8777,BT,5,2019-04-25 05:42:13,ACTIVO
1003203,2640,9,Av. Los Pinos 7804,BT,7,2016-03-14 06:07:26,ACTIVO
1003204,2641,29,Psje. Progreso 6018,BT,4,2008-06-17 00:36:55,ACTIVO
1003205,2641,29,Pasaje La Molina 5881,BT,1,2006-07-24 19:47:37,ACTIVO
1003206,2642,38,Av. Panamericana 5420,BT,8,2009-01-28 06:01:37,ACTIVO
1003207,2642,38,Psje. Progreso 5233,BT,3,2017-06-03 14:09:55,ACTIVO
1003208,2643,29,Psje. Los Pinos 1111,BT,5,2019-02-26 06:09:46,ACTIVO
1003209,2643,29,Pasaje Bolívar 3048,BT,6,2012-01-10 11:51:11,ACTIVO
1003210,2644,26,Calle Progreso 2394,BT,8,2019-03-26 02:24:25,ACTIVO
1003211,2645,26,Calle Grau 9797,BT,8,2020-06-28 00:00:00,ACTIVO
1003212,2646,15,Pasaje El Sol 9531,BT,5,2013-07-27 05:03:28,ACTIVO
1003213,2646,15,Jr. Progreso 8447,BT,5,2001-12-16 12:21:22,ACTIVO
1003214,2647,15,Pasaje Venezuela 2722,BT,7,2004-07-15 00:40:32,INACTIVO
1003215,2648,30,Av. Panamericana 2455,BT,1,2018-03-12 01:31:08,ACTIVO
1003216,2649,16,Pasaje Panamericana 2727,BT,1,2017-06-28 12:38:22,ACTIVO
1003217,2650,11,Jr. Universitaria 6626,BT,2,2000-08-03 20:09:19,ACTIVO
1003218,2650,11,Jr. Los Pinos 1944,BT,5,2012-05-08 01:42:52,ACTIVO
1003219,2651,7,Pasaje La Molina 6951,BT,4,2011-03-23 08:32:50,ACTIVO
1003220,2652,15,Psje. Bolívar 2231,BT,1,2006-09-06 19:16:55,ACTIVO
1003221,2653,38,Jr. Venezuela 8042,BT,4,2005-02-05 10:53:04,ACTIVO
1003222,2654,29,Av. Venezuela 2187,MT,4,2008-07-06 18:32:05,ACTIVO
1003223,2655,5,Pasaje Grau 7915,BT,7,2006-01-14 12:47:20,ACTIVO
1003224,2656,39,Av. El Sol 1270,BT,8,2005-01-25 05:02:50,INACTIVO
1003225,2657,28,Jr. Universitaria 7802,BT,7,2006-05-06 03:21:43,INACTIVO
1003226,2658,15,Psje. Venezuela 1154,BT,1,2013-03-09 01:17:27,ACTIVO
1003227,2659,26,Pasaje El Sol 4273,BT,8,2000-03-12 22:11:08,ACTIVO
1003228,2660,12,Av. Panamericana 1910,BT,5,2019-05-08 09:53:26,ACTIVO
1003229,2661,7,Av. San Martín 2328,BT,5,2008-03-09 22:37:06,ACTIVO
1003230,2662,15,Psje. Universitaria 7362,BT,1,2018-04-06 18:27:17,ACTIVO
1003231,2662,15,Calle Venezuela 896,BT,4,2016-07-08 23:22:04,ACTIVO
1003232,2663,7,Psje. Bolívar 2291,BT,3,2009-09-02 09:19:25,ACTIVO
1003233,2664,7,Pasaje Universitaria 1480,BT,4,2001-01-15 17:07:02,INACTIVO
1003234,2664,7,Psje. Panamericana 2694,BT,2,2008-05-21 16:32:38,SUSPENDIDO
1003235,2665,12,Calle El Sol 1872,BT,2,2000-10-23 00:27:31,ACTIVO
1003236,2666,15,Jr. La Molina 3865,BT,4,2014-03-20 14:14:13,ACTIVO
1003237,2667,26,Pasaje San Martín 5802,BT,5,2002-01-04 12:30:09,ACTIVO
1003238,2668,28,Calle Progreso 7770,BT,8,2002-06-18 15:01:37,ACTIVO
1003239,2669,26,Av. El Sol 2335,BT,4,2019-12-28 08:15:50,ACTIVO
1003240,2670,13,Pasaje Venezuela 4668,BT,2,2012-11-27 02:50:42,ACTIVO
1003241,2671,7,Pasaje Grau 2783,BT,4,2014-11-07 18:34:48,ACTIVO
1003242,2672,8,Psje. Universitaria 6899,BT,5,2006-05-02 14:26:22,ACTIVO
1003243,2673,9,Pasaje Los Pinos 4185,BT,5,2003-06-24 13:34:01,ACTIVO
1003244,2673,9,Calle Progreso 9646,BT,7,2011-01-26 10:00:52,ACTIVO
1003245,2674,39,Psje. Progreso 2543,BT,2,2017-07-24 12:21:12,INACTIVO
1003246,2675,15,Calle Los Pinos 7911,BT,2,2001-09-28 07:04:53,ACTIVO
1003247,2676,26,Jr. Bolívar 495,BT,7,2006-08-22 23:51:11,ACTIVO
1003248,2677,13,Jr. San Martín 9339,BT,4,2005-05-19 12:47:24,ACTIVO
1003249,2678,9,Av. La Molina 8860,BT,8,2012-01-23 08:30:59,ACTIVO
1003250,2679,15,Calle San Martín 3435,BT,8,2019-12-04 10:43:52,ACTIVO
1003251,2680,28,Calle Panamericana 1713,BT,6,2008-01-14 13:03:11,ACTIVO
1003252,2681,26,Av. Panamericana 7332,BT,1,2010-03-05 15:09:54,ACTIVO
1003253,2682,7,Calle Los Pinos 7458,MT,3,2016-11-19 06:51:28,ACTIVO
1003254,2683,26,Pasaje Venezuela 2443,BT,7,2010-03-29 19:01:56,ACTIVO
1003255,2683,26,Jr. Panamericana 1165,BT,6,2018-02-09 00:52:14,ACTIVO
1003256,2683,26,Jr. Universitaria 5150,BT,4,2000-03-19 07:22:28,ACTIVO
1003257,2684,13,Calle Progreso 8123,BT,1,2015-10-22 06:00:05,ACTIVO
1003258,2685,41,Calle San Martín 8991,BT,6,2005-09-14 00:44:13,ACTIVO
1003259,2686,26,Av. Progreso 4166,BT,5,2016-07-23 02:44:05,ACTIVO
1003260,2687,29,Psje. Progreso 2836,BT,8,2018-01-18 07:42:41,ACTIVO
1003261,2688,20,Psje. Progreso 1484,BT,4,2017-04-15 05:17:18,ACTIVO
1003262,2689,25,Av. Grau 2195,BT,2,2012-12-07 18:11:18,ACTIVO
1003263,2690,29,Jr. Panamericana 4530,BT,2,2014-11-13 03:01:51,ACTIVO
1003264,2691,7,Jr. Grau 5696,BT,5,2012-03-06 01:33:30,ACTIVO
1003265,2692,4,Jr. San Martín 632,BT,8,2007-11-02 00:58:07,ACTIVO
1003266,2693,7,Psje. Bolívar 8408,BT,3,2014-04-05 09:01:24,ACTIVO
1003267,2694,31,Jr. San Martín 4151,BT,8,2005-06-23 19:35:28,ACTIVO
1003268,2694,31,Jr. El Sol 1319,BT,4,2014-10-17 20:46:10,ACTIVO
1003269,2695,7,Pasaje Progreso 6637,BT,3,2017-03-23 03:51:08,ACTIVO
1003270,2696,23,Calle San Martín 3768,BT,6,2006-01-30 21:34:26,ACTIVO
1003271,2697,26,Pasaje San Martín 4056,BT,6,2000-03-02 19:15:16,ACTIVO
1003272,2698,9,Calle La Molina 1029,BT,2,2020-03-02 01:13:33,ACTIVO
1003273,2699,30,Calle Progreso 8737,BT,5,2009-11-15 20:12:14,SUSPENDIDO
1003274,2700,40,Calle Panamericana 8877,BT,3,2014-12-15 23:47:30,ACTIVO
1003275,2700,40,Pasaje Bolívar 4114,BT,2,2003-03-23 16:36:12,ACTIVO
1003276,2701,25,Calle Grau 617,BT,8,2024-07-13 00:00:00,ACTIVO
1003277,2702,9,Psje. Grau 6555,BT,4,2008-04-15 12:56:59,ACTIVO
1003278,2703,40,Av. Los Pinos 7946,BT,2,2017-03-10 00:16:03,ACTIVO
1003279,2704,26,Pasaje Bolívar 6369,BT,7,2015-07-05 06:04:14,ACTIVO
1003280,2705,4,Pasaje Los Pinos 8506,BT,1,2009-06-26 09:34:24,ACTIVO
1003281,2706,42,Calle Panamericana 944,BT,4,2005-07-14 14:03:09,ACTIVO
1003282,2707,28,Av. Los Pinos 8346,BT,7,2020-10-13 12:27:47,ACTIVO
1003283,2708,6,Calle El Sol 9260,BT,2,2007-10-12 17:45:13,ACTIVO
1003284,2709,40,Jr. Panamericana 993,BT,8,2000-07-01 22:04:08,ACTIVO
1003285,2709,40,Psje. Grau 8434,BT,5,2005-04-19 18:40:58,ACTIVO
1003286,2709,40,Pasaje La Molina 8781,MT,3,2014-01-30 03:15:59,ACTIVO
1003287,2710,39,Av. Panamericana 8548,BT,7,2014-09-07 05:17:26,ACTIVO
1003288,2710,39,Jr. El Sol 8748,BT,2,2018-05-22 00:37:40,ACTIVO
1003289,2711,15,Av. Grau 9532,BT,8,2017-01-26 03:34:29,ACTIVO
1003290,2711,15,Jr. Bolívar 125,BT,1,2014-12-25 01:31:55,ACTIVO
1003291,2712,19,Psje. El Sol 2458,BT,6,2003-06-28 04:58:12,ACTIVO
1003292,2713,15,Calle Panamericana 5055,BT,7,2017-11-12 16:36:06,ACTIVO
1003293,2714,40,Calle El Sol 9292,BT,5,2015-05-22 08:32:55,ACTIVO
1003294,2715,40,Av. Grau 1642,BT,6,2009-03-29 00:13:35,ACTIVO
1003295,2715,40,Psje. San Martín 1005,BT,3,2020-10-02 14:29:08,ACTIVO
1003296,2716,28,Av. Venezuela 939,BT,3,2006-01-30 20:22:40,ACTIVO
1003297,2717,16,Psje. San Martín 2370,BT,3,2007-09-03 04:58:25,ACTIVO
1003298,2718,43,Calle Progreso 9371,BT,4,2008-09-10 09:12:48,ACTIVO
1003299,2719,43,Jr. Los Pinos 1294,BT,1,2000-04-20 16:21:50,ACTIVO
1003300,2720,34,Calle Universitaria 8083,BT,6,2012-04-29 05:09:47,INACTIVO
1003301,2721,9,Av. Venezuela 6366,BT,6,2002-03-09 22:15:06,ACTIVO
1003302,2722,20,Calle El Sol 9528,BT,3,2009-02-01 21:26:15,ACTIVO
1003303,2723,15,Calle Bolívar 5896,BT,4,2009-08-20 14:03:38,ACTIVO
1003304,2724,43,Av. Venezuela 512,BT,1,2018-09-29 09:28:48,ACTIVO
1003305,2725,23,Av. Grau 3337,BT,7,2018-02-08 11:12:07,ACTIVO
1003306,2725,23,Pasaje Los Pinos 5393,BT,5,2020-01-27 16:48:25,ACTIVO
1003307,2726,9,Psje. Universitaria 1761,BT,4,2018-08-11 15:40:23,ACTIVO
1003308,2727,15,Pasaje Bolívar 8665,BT,2,2013-03-23 13:16:47,ACTIVO
1003309,2728,29,Av. Panamericana 4099,BT,2,2019-12-18 19:11:39,INACTIVO
1003310,2729,43,Pasaje San Martín 7762,BT,8,2008-05-11 22:42:43,ACTIVO
1003311,2730,7,Calle La Molina 2795,BT,5,2012-08-27 20:42:59,ACTIVO
1003312,2731,19,Av. El Sol 4297,BT,3,2004-11-28 12:14:38,INACTIVO
1003313,2731,19,Psje. Progreso 2573,BT,6,2012-06-10 00:40:27,ACTIVO
1003314,2732,9,Calle Bolívar 7095,BT,7,2012-02-05 15:53:43,ACTIVO
1003315,2733,38,Av. La Molina 8672,BT,4,2010-08-05 17:06:32,ACTIVO
1003316,2734,38,Pasaje Venezuela 7944,BT,4,2005-12-26 07:18:05,ACTIVO
1003317,2735,7,Pasaje Grau 2913,BT,6,2003-06-29 23:51:34,ACTIVO
1003318,2736,28,Calle El Sol 2766,MT,6,2008-07-24 19:58:15,ACTIVO
1003319,2737,32,Psje. Los Pinos 2203,BT,7,2012-03-23 22:44:05,ACTIVO
1003320,2738,28,Calle Bolívar 2706,BT,5,2001-04-19 11:09:49,INACTIVO
1003321,2739,4,Calle La Molina 1817,BT,4,2011-08-26 04:23:38,ACTIVO
1003322,2740,3,Jr. La Molina 4108,BT,7,2016-09-06 14:52:18,ACTIVO
1003323,2741,28,Av. San Martín 7537,BT,7,2024-08-25 00:00:00,ACTIVO
1003324,2741,28,Av. San Martín 4339,BT,1,2018-11-20 03:11:03,ACTIVO
1003325,2741,28,Jr. Los Pinos 3150,BT,1,2020-10-08 03:02:29,ACTIVO
1003326,2742,30,Calle Los Pinos 4927,BT,7,2018-07-08 03:42:36,ACTIVO
1003327,2743,15,Psje. Universitaria 9738,BT,1,2005-04-03 14:13:56,ACTIVO
1003328,2744,3,Jr. Venezuela 1990,BT,7,2005-07-18 20:31:35,ACTIVO
1003329,2745,28,Calle La Molina 4638,BT,5,2007-12-13 03:17:18,ACTIVO
1003330,2745,28,Psje. Los Pinos 9617,BT,1,2016-12-17 01:03:02,ACTIVO
1003331,2746,29,Pasaje Universitaria 2420,BT,7,2012-02-22 11:10:56,ACTIVO
1003332,2747,30,Psje. Universitaria 9629,BT,3,2001-01-15 11:06:34,ACTIVO
1003333,2748,5,Av. Los Pinos 533,BT,3,2017-11-04 10:17:47,ACTIVO
1003334,2749,3,Calle Panamericana 9300,BT,4,2002-07-25 10:33:13,ACTIVO
1003335,2749,3,Av. Bolívar 7331,BT,1,2000-01-04 16:43:11,ACTIVO
1003336,2750,13,Psje. Progreso 8605,BT,2,2007-05-23 20:26:50,ACTIVO
1003337,2751,29,Pasaje Venezuela 3423,BT,7,2001-10-04 22:21:58,ACTIVO
1003338,2752,5,Jr. Bolívar 9929,BT,2,2002-01-18 05:30:47,ACTIVO
1003339,2753,5,Psje. Los Pinos 103,MT,1,2003-10-13 20:42:40,ACTIVO
1003340,2754,36,Pasaje San Martín 1434,BT,8,2010-03-06 22:44:36,ACTIVO
1003341,2755,35,Pasaje El Sol 2431,BT,2,2003-10-04 11:50:47,ACTIVO
1003342,2756,15,Jr. Universitaria 8974,BT,5,2014-03-11 23:46:46,ACTIVO
1003343,2757,9,Jr. Progreso 5258,BT,5,2015-03-14 00:01:36,ACTIVO
1003344,2758,7,Pasaje La Molina 8600,BT,4,2022-07-06 00:00:00,ACTIVO
1003345,2759,16,Jr. Venezuela 1616,BT,8,2011-07-12 09:46:47,ACTIVO
1003346,2760,19,Pasaje Venezuela 2614,BT,7,2003-03-26 05:27:44,ACTIVO
1003347,2760,19,Psje. La Molina 5734,BT,1,2020-10-31 16:25:28,ACTIVO
1003348,2761,22,Av. Grau 9243,BT,5,2018-01-15 07:01:10,ACTIVO
1003349,2761,22,Jr. Progreso 5070,BT,4,2002-04-03 12:09:54,ACTIVO
1003350,2762,43,Av. Panamericana 9459,BT,1,2004-04-17 06:00:49,ACTIVO
1003351,2762,43,Psje. La Molina 7621,BT,8,2005-11-19 20:07:59,ACTIVO
1003352,2762,43,Calle Venezuela 7914,BT,4,2013-04-21 23:34:56,ACTIVO
1003353,2763,39,Psje. El Sol 3469,BT,4,2000-04-12 17:01:18,ACTIVO
1003354,2764,3,Pasaje El Sol 1751,BT,6,2017-08-24 23:58:59,ACTIVO
1003355,2764,3,Calle Bolívar 5545,BT,2,2006-03-03 10:29:46,ACTIVO
1003356,2765,9,Pasaje Los Pinos 5499,BT,4,2017-12-08 02:51:47,ACTIVO
1003357,2765,9,Av. Venezuela 5045,BT,6,2010-04-28 17:53:14,ACTIVO
1003358,2765,9,Pasaje Bolívar 6424,BT,2,2010-09-26 17:14:45,ACTIVO
1003359,2766,43,Av. Panamericana 3307,BT,8,2013-01-25 16:27:57,SUSPENDIDO
1003360,2766,43,Pasaje Bolívar 5749,BT,5,2023-04-05 00:00:00,ACTIVO
1003361,2766,43,Calle San Martín 9895,BT,1,2018-08-03 00:44:05,ACTIVO
1003362,2767,22,Psje. El Sol 1396,BT,2,2017-05-22 08:01:12,ACTIVO
1003363,2767,22,Calle El Sol 3969,BT,5,2001-01-01 13:17:19,ACTIVO
1003364,2768,35,Calle Progreso 2088,BT,3,2001-10-22 02:37:21,ACTIVO
1003365,2769,40,Jr. Venezuela 7878,BT,4,2011-03-18 04:09:58,ACTIVO
1003366,2770,19,Av. San Martín 2204,BT,3,2020-04-21 00:45:15,ACTIVO
1003367,2771,5,Calle Grau 9304,BT,8,2005-07-17 07:40:20,ACTIVO
1003368,2772,40,Pasaje El Sol 4599,BT,2,2002-10-11 14:33:25,ACTIVO
1003369,2772,40,Calle Panamericana 5467,BT,3,2012-10-16 05:53:14,ACTIVO
1003370,2772,40,Calle Bolívar 3295,BT,8,2012-05-06 23:00:53,ACTIVO
1003371,2773,29,Pasaje Universitaria 2271,BT,5,2000-06-24 06:21:59,ACTIVO
1003372,2774,13,Jr. Grau 6624,BT,2,2012-02-08 15:37:53,ACTIVO
1003373,2775,4,Psje. Panamericana 1686,BT,2,2024-07-02 00:00:00,ACTIVO
1003374,2776,28,Jr. Grau 326,BT,6,2012-04-01 17:21:23,INACTIVO
1003375,2777,15,Pasaje Progreso 7505,BT,1,2005-11-21 08:28:48,ACTIVO
1003376,2778,4,Pasaje Progreso 2403,BT,3,2014-11-04 16:42:52,ACTIVO
1003377,2779,38,Pasaje San Martín 1821,BT,3,2007-03-04 05:10:28,ACTIVO
1003378,2779,38,Av. Bolívar 7381,BT,8,2021-11-08 00:00:00,ACTIVO
1003379,2780,15,Pasaje Universitaria 7346,BT,2,2002-02-07 13:31:07,ACTIVO
1003380,2780,15,Jr. Venezuela 7162,BT,5,2007-02-28 08:52:22,ACTIVO
1003381,2781,7,Calle Venezuela 2856,BT,2,2005-08-13 16:33:23,INACTIVO
1003382,2782,18,Calle Los Pinos 8486,BT,6,2017-05-05 12:09:44,ACTIVO
1003383,2783,7,Calle Panamericana 7631,BT,4,2007-04-29 00:49:46,ACTIVO
1003384,2784,43,Pasaje El Sol 9481,BT,4,2006-01-12 14:38:44,ACTIVO
1003385,2785,39,Pasaje La Molina 8737,BT,4,2009-04-28 04:36:48,ACTIVO
1003386,2786,9,Jr. Los Pinos 2451,BT,2,2006-10-20 23:51:57,ACTIVO
1003387,2787,30,Calle Venezuela 9524,BT,3,2016-08-25 21:47:17,ACTIVO
1003388,2788,39,Calle San Martín 2201,MT,8,2015-10-07 21:09:52,ACTIVO
1003389,2789,26,Psje. Los Pinos 5050,BT,6,2013-02-17 22:11:05,ACTIVO
1003390,2790,15,Av. Universitaria 3527,BT,4,2020-10-02 15:46:36,SUSPENDIDO
1003391,2790,15,Av. San Martín 1807,BT,7,2010-07-03 19:08:41,ACTIVO
1003392,2791,42,Pasaje La Molina 3602,BT,3,2005-05-15 04:16:24,INACTIVO
1003393,2792,22,Jr. Venezuela 9818,BT,6,2005-03-02 00:06:50,ACTIVO
1003394,2793,15,Pasaje Universitaria 8190,BT,3,2015-05-25 16:45:15,ACTIVO
1003395,2794,15,Psje. La Molina 9067,BT,4,2014-11-25 16:09:10,ACTIVO
1003396,2795,43,Av. Panamericana 9963,BT,5,2009-04-02 23:43:46,ACTIVO
1003397,2796,15,Av. Grau 1111,BT,5,2004-09-02 12:38:56,ACTIVO
1003398,2796,15,Psje. Bolívar 5808,BT,1,2002-04-03 20:47:56,ACTIVO
1003399,2797,32,Jr. San Martín 1608,BT,4,2020-09-25 21:12:49,ACTIVO
1003400,2798,19,Psje. Progreso 6190,BT,2,2008-05-19 12:51:13,ACTIVO
1003401,2799,3,Calle La Molina 4311,BT,7,2002-12-20 17:21:35,ACTIVO
1003402,2799,3,Jr. Panamericana 4531,BT,3,2002-09-10 08:11:13,ACTIVO
1003403,2800,15,Av. San Martín 9953,BT,7,2014-12-14 16:20:52,ACTIVO
1003404,2801,5,Pasaje Progreso 4451,BT,8,2001-09-30 13:42:55,ACTIVO
1003405,2802,8,Psje. El Sol 3455,BT,5,2017-03-26 16:19:22,ACTIVO
1003406,2803,37,Pasaje Panamericana 7989,BT,3,2009-12-19 22:54:29,ACTIVO
1003407,2804,39,Calle Panamericana 9287,BT,6,2016-03-16 18:22:02,SUSPENDIDO
1003408,2805,7,Pasaje Venezuela 1959,BT,2,2005-01-19 01:47:10,ACTIVO
1003409,2806,30,Psje. Venezuela 557,BT,8,2020-10-23 15:44:16,ACTIVO
1003410,2807,26,Pasaje Grau 9787,BT,3,2001-01-01 12:16:35,ACTIVO
1003411,2808,9,Av. Universitaria 4927,BT,8,2016-12-18 21:17:09,ACTIVO
1003412,2809,3,Calle Grau 7930,MT,3,2005-04-26 10:51:33,ACTIVO
1003413,2810,13,Psje. Universitaria 8527,BT,4,2006-10-22 18:39:00,ACTIVO
1003414,2811,9,Jr. Venezuela 666,BT,5,2020-10-23 00:00:00,ACTIVO
1003415,2812,28,Pasaje Bolívar 1160,BT,6,2002-02-28 06:56:59,ACTIVO
1003416,2813,40,Pasaje Progreso 1737,BT,2,2007-10-01 21:38:54,ACTIVO
1003417,2814,21,Pasaje Panamericana 1125,BT,6,2008-12-31 13:41:01,ACTIVO
1003418,2814,21,Av. Bolívar 1138,BT,4,2009-07-15 05:34:33,ACTIVO
1003419,2814,21,Psje. San Martín 2279,BT,8,2007-06-06 06:36:37,ACTIVO
1003420,2815,9,Calle Venezuela 7064,BT,7,2001-11-07 13:01:52,ACTIVO
1003421,2816,7,Psje. Los Pinos 7906,BT,6,2015-06-06 01:11:56,ACTIVO
1003422,2817,39,Pasaje San Martín 1299,BT,3,2018-11-07 00:34:00,ACTIVO
1003423,2817,39,Pasaje El Sol 5542,BT,3,2011-01-07 01:15:09,ACTIVO
1003424,2818,19,Av. La Molina 7983,BT,5,2000-05-15 12:50:38,ACTIVO
1003425,2819,26,Jr. San Martín 1253,BT,6,2005-09-27 03:15:33,ACTIVO
1003426,2820,41,Pasaje Venezuela 5189,BT,6,2010-06-02 02:22:36,ACTIVO
1003427,2820,41,Jr. Panamericana 5080,BT,5,2019-11-01 03:26:01,ACTIVO
1003428,2821,41,Pasaje San Martín 5783,BT,4,2012-01-05 18:16:23,ACTIVO
1003429,2821,41,Av. Panamericana 315,BT,4,2019-09-01 23:05:59,ACTIVO
1003430,2822,15,Calle Venezuela 8601,BT,3,2016-08-12 01:33:44,ACTIVO
1003431,2823,9,Psje. Grau 2616,BT,8,2011-11-12 04:35:07,ACTIVO
1003432,2824,7,Calle Venezuela 7951,BT,8,2001-07-05 06:09:52,ACTIVO
1003433,2825,33,Jr. San Martín 2113,BT,8,2004-08-25 20:08:47,INACTIVO
1003434,2825,33,Jr. San Martín 6456,BT,1,2013-01-27 17:26:50,ACTIVO
1003435,2825,33,Pasaje La Molina 8364,BT,5,2001-05-20 00:17:12,ACTIVO
1003436,2826,38,Calle Universitaria 1245,BT,4,2009-01-12 05:28:41,ACTIVO
1003437,2827,5,Psje. El Sol 7411,BT,3,2014-05-13 20:20:27,ACTIVO
1003438,2828,10,Jr. Los Pinos 7708,BT,1,2017-02-18 10:43:21,ACTIVO
1003439,2829,12,Psje. Venezuela 216,BT,7,2012-03-11 11:43:18,ACTIVO
1003440,2829,12,Av. Bolívar 5624,BT,2,2006-09-11 16:40:12,ACTIVO
1003441,2830,39,Jr. Venezuela 8440,BT,7,2002-05-01 06:28:04,ACTIVO
1003442,2831,19,Calle Progreso 8256,BT,8,2014-07-11 00:31:41,ACTIVO
1003443,2832,13,Pasaje Venezuela 805,MT,5,2004-05-27 05:07:02,ACTIVO
1003444,2833,13,Pasaje Universitaria 9250,BT,4,2004-08-11 02:53:51,ACTIVO
1003445,2834,19,Calle El Sol 5465,BT,4,2004-12-01 16:35:05,ACTIVO
1003446,2834,19,Calle Grau 1935,BT,8,2007-10-14 13:22:07,ACTIVO
1003447,2835,38,Psje. Panamericana 4223,BT,1,2009-07-29 12:48:34,ACTIVO
1003448,2836,26,Av. Los Pinos 1543,BT,6,2011-07-23 09:22:37,ACTIVO
1003449,2837,9,Calle Bolívar 9742,BT,4,2010-02-01 10:56:49,ACTIVO
1003450,2838,16,Jr. Universitaria 2494,BT,7,2015-12-22 00:43:56,ACTIVO
1003451,2838,16,Jr. Panamericana 2615,BT,2,2018-03-18 16:42:30,ACTIVO
1003452,2839,15,Calle Panamericana 3275,BT,3,2012-01-28 18:33:34,ACTIVO
1003453,2840,3,Calle Progreso 839,BT,6,2006-05-05 05:06:40,ACTIVO
1003454,2841,9,Pasaje La Molina 523,BT,3,2010-05-31 22:28:43,ACTIVO
1003455,2842,19,Psje. Grau 7692,BT,5,2015-02-06 00:57:08,ACTIVO
1003456,2842,19,Jr. San Martín 429,BT,6,2010-12-09 07:34:59,ACTIVO
1003457,2843,43,Jr. San Martín 7670,MT,4,2010-12-16 23:10:58,ACTIVO
1003458,2844,3,Jr. Los Pinos 1688,BT,7,2006-10-20 12:38:00,ACTIVO
1003459,2845,9,Psje. Venezuela 9621,BT,2,2016-08-10 12:40:08,ACTIVO
1003460,2846,7,Calle Venezuela 9922,MT,1,2008-07-18 07:06:01,ACTIVO
1003461,2847,29,Av. Panamericana 5832,BT,1,2017-08-30 18:37:44,ACTIVO
1003462,2848,15,Av. San Martín 8658,BT,7,2017-01-07 19:21:33,ACTIVO
1003463,2849,17,Calle Bolívar 6176,BT,5,2010-05-16 16:42:27,ACTIVO
1003464,2850,26,Psje. Venezuela 3501,BT,5,2004-10-03 00:20:47,ACTIVO
1003465,2851,9,Jr. Los Pinos 9594,BT,3,2004-04-10 21:08:51,ACTIVO
1003466,2852,7,Pasaje Los Pinos 7911,BT,6,2011-05-09 11:44:10,ACTIVO
1003467,2853,32,Jr. Venezuela 7986,BT,1,2011-10-23 20:18:17,ACTIVO
1003468,2853,32,Pasaje Venezuela 6499,BT,6,2012-08-26 05:00:58,ACTIVO
1003469,2854,30,Jr. Grau 8346,BT,6,2007-02-09 19:14:31,ACTIVO
1003470,2855,28,Calle Grau 4643,BT,3,2017-09-19 13:09:39,ACTIVO
1003471,2856,7,Jr. Los Pinos 4523,MT,4,2009-12-12 22:47:48,ACTIVO
1003472,2857,29,Jr. Venezuela 1005,BT,7,2019-02-20 04:51:10,ACTIVO
1003473,2858,30,Jr. Progreso 9349,BT,5,2003-03-28 09:19:29,ACTIVO
1003474,2859,18,Psje. Progreso 6726,BT,4,2013-01-29 04:55:00,ACTIVO
1003475,2860,7,Jr. Venezuela 8715,MT,1,2005-09-10 16:14:25,INACTIVO
1003476,2861,7,Jr. Progreso 433,BT,4,2009-01-19 07:42:51,ACTIVO
1003477,2862,9,Jr. Progreso 2108,BT,4,2000-06-16 14:41:26,ACTIVO
1003478,2863,40,Psje. El Sol 8371,BT,1,2001-02-21 19:22:18,ACTIVO
1003479,2864,43,Pasaje Venezuela 8928,BT,7,2001-08-13 16:07:01,ACTIVO
1003480,2865,34,Psje. Los Pinos 768,BT,6,2016-07-11 15:36:43,ACTIVO
1003481,2865,34,Pasaje San Martín 7915,BT,5,2007-02-08 04:02:23,ACTIVO
1003482,2866,33,Psje. Panamericana 3324,BT,8,2006-03-16 19:58:23,ACTIVO
1003483,2867,15,Jr. San Martín 6993,BT,4,2015-01-10 02:05:41,ACTIVO
1003484,2868,24,Pasaje Progreso 926,MT,2,2020-09-17 14:33:57,ACTIVO
1003485,2869,15,Psje. Progreso 1544,BT,3,2012-05-30 05:01:21,ACTIVO
1003486,2869,15,Av. Venezuela 7979,BT,4,2004-06-03 05:43:52,SUSPENDIDO
1003487,2870,39,Av. El Sol 9751,BT,4,2001-05-24 09:54:16,ACTIVO
1003488,2871,19,Calle Universitaria 6261,BT,4,2008-02-18 14:24:28,ACTIVO
1003489,2872,22,Psje. Bolívar 2175,BT,7,2014-04-09 08:17:14,ACTIVO
1003490,2872,22,Calle Universitaria 5646,BT,8,2019-06-22 04:24:38,ACTIVO
1003491,2873,23,Jr. Panamericana 6391,BT,5,2020-05-12 01:07:43,ACTIVO
1003492,2873,23,Jr. Los Pinos 5206,BT,8,2008-07-08 03:41:31,ACTIVO
1003493,2874,4,Av. Los Pinos 7048,BT,6,2024-07-13 00:00:00,ACTIVO
1003494,2875,15,Psje. Panamericana 6336,BT,2,2009-06-29 00:04:51,ACTIVO
1003495,2876,39,Jr. Los Pinos 4144,BT,6,2023-09-29 00:00:00,ACTIVO
1003496,2877,43,Jr. Progreso 1168,BT,1,2012-03-13 12:38:09,ACTIVO
1003497,2878,9,Pasaje Universitaria 7037,BT,2,2019-03-28 21:34:10,ACTIVO
1003498,2879,26,Pasaje Grau 2005,BT,6,2010-08-09 18:58:34,SUSPENDIDO
1003499,2880,4,Pasaje El Sol 6101,BT,2,2008-03-13 07:35:45,ACTIVO
1003500,2880,4,Jr. El Sol 326,BT,2,2006-10-23 12:54:09,ACTIVO
1003501,2881,34,Av. El Sol 8729,BT,1,2024-10-28 00:00:00,ACTIVO
1003502,2882,7,Pasaje San Martín 4763,BT,5,2020-06-17 17:58:24,ACTIVO
1003503,2883,25,Pasaje Los Pinos 1375,BT,4,2007-12-11 06:09:22,ACTIVO
1003504,2884,26,Calle Venezuela 1440,BT,7,2012-09-04 16:57:42,ACTIVO
1003505,2885,30,Pasaje El Sol 1387,BT,7,2003-09-18 21:28:05,ACTIVO
1003506,2886,28,Av. Panamericana 5882,BT,8,2009-11-13 04:20:27,ACTIVO
1003507,2887,15,Pasaje San Martín 7866,BT,8,2015-06-03 15:46:30,ACTIVO
1003508,2888,9,Calle Grau 8225,BT,3,2010-06-01 03:27:55,ACTIVO
1003509,2889,33,Calle Progreso 9129,BT,7,2019-05-08 11:25:38,SUSPENDIDO
1003510,2889,33,Psje. San Martín 6650,BT,2,2008-10-29 01:34:32,ACTIVO
1003511,2890,21,Av. Los Pinos 9759,BT,1,2012-12-15 03:41:30,ACTIVO
1003512,2891,9,Jr. Grau 5533,BT,8,2011-12-27 07:46:04,ACTIVO
1003513,2892,15,Jr. San Martín 5081,BT,4,2003-02-11 09:42:49,ACTIVO
1003514,2893,9,Av. El Sol 6337,BT,1,2008-10-27 00:43:25,ACTIVO
1003515,2894,1,Jr. Venezuela 3797,BT,5,2020-03-18 19:38:53,ACTIVO
1003516,2894,1,Pasaje Los Pinos 579,BT,4,2019-11-20 14:42:40,ACTIVO
1003517,2895,28,Jr. Los Pinos 6025,BT,8,2011-08-20 14:17:47,ACTIVO
1003518,2896,28,Pasaje Panamericana 316,BT,5,2003-09-06 19:49:13,ACTIVO
1003519,2897,28,Calle Bolívar 3832,BT,2,2004-01-05 15:47:46,ACTIVO
1003520,2898,9,Av. Venezuela 337,BT,1,2002-09-26 13:51:41,ACTIVO
1003521,2898,9,Jr. Bolívar 7433,BT,7,2008-03-22 13:36:15,ACTIVO
1003522,2899,12,Calle La Molina 1617,BT,1,2013-10-11 21:17:52,ACTIVO
1003523,2900,29,Psje. Los Pinos 2168,BT,1,2014-12-20 06:43:19,ACTIVO
1003524,2901,9,Pasaje La Molina 3286,BT,7,2002-11-26 10:52:12,ACTIVO
1003525,2902,13,Pasaje Universitaria 5923,BT,7,2015-06-29 22:19:54,ACTIVO
1003526,2903,13,Pasaje Los Pinos 6087,BT,4,2003-11-18 09:16:57,SUSPENDIDO
1003527,2904,39,Jr. Los Pinos 2648,BT,8,2000-10-12 16:12:35,ACTIVO
1003528,2905,9,Av. Grau 8698,BT,6,2003-12-06 20:25:01,ACTIVO
1003529,2906,21,Av. El Sol 3462,BT,8,2001-01-20 00:03:29,ACTIVO
1003530,2907,6,Calle Panamericana 2287,BT,8,2010-06-28 01:41:00,ACTIVO
1003531,2907,6,Calle Universitaria 1434,BT,6,2008-08-13 18:26:45,ACTIVO
1003532,2908,4,Jr. Los Pinos 7572,BT,2,2008-07-27 11:54:12,ACTIVO
1003533,2909,15,Pasaje Venezuela 1805,BT,7,2014-07-27 14:02:23,ACTIVO
1003534,2909,15,Pasaje San Martín 7319,BT,6,2019-06-22 05:50:42,ACTIVO
1003535,2909,15,Psje. Los Pinos 3868,BT,3,2015-08-31 09:32:45,ACTIVO
1003536,2910,5,Jr. El Sol 310,BT,3,2010-10-06 00:00:31,ACTIVO
1003537,2911,33,Av. Panamericana 4815,BT,2,2002-03-01 13:11:44,ACTIVO
1003538,2912,40,Av. Los Pinos 6809,BT,7,2005-05-19 12:29:55,ACTIVO
1003539,2913,7,Av. Grau 1881,BT,4,2011-11-05 20:20:31,ACTIVO
1003540,2914,26,Pasaje Universitaria 3655,BT,4,2013-09-21 02:58:36,ACTIVO
1003541,2915,40,Pasaje Venezuela 4522,BT,6,2017-09-15 18:28:12,ACTIVO
1003542,2916,27,Jr. Bolívar 9490,BT,3,2012-03-24 07:29:39,ACTIVO
1003543,2917,4,Pasaje Universitaria 3234,BT,2,2020-12-14 20:06:38,SUSPENDIDO
1003544,2917,4,Pasaje Universitaria 3253,BT,8,2002-01-01 15:06:44,ACTIVO
1003545,2918,7,Psje. Panamericana 2168,BT,7,2020-10-08 02:33:21,ACTIVO
1003546,2919,38,Av. La Molina 7716,BT,7,2018-10-22 10:22:58,ACTIVO
1003547,2919,38,Calle Progreso 8828,BT,6,2017-05-07 20:51:40,ACTIVO
1003548,2919,38,Psje. Los Pinos 5434,BT,8,2004-07-08 19:47:29,ACTIVO
1003549,2920,3,Psje. Bolívar 1184,BT,6,2020-07-01 22:50:44,ACTIVO
1003550,2921,16,Calle Panamericana 3600,BT,4,2016-09-22 21:27:59,ACTIVO
1003551,2921,16,Calle San Martín 8468,BT,2,2013-10-07 13:20:28,ACTIVO
1003552,2922,38,Psje. Panamericana 6957,BT,5,2015-07-17 00:55:51,ACTIVO
1003553,2923,10,Psje. Venezuela 1650,BT,2,2021-08-10 00:00:00,ACTIVO
1003554,2924,43,Av. Los Pinos 1178,BT,8,2003-09-04 13:42:23,SUSPENDIDO
1003555,2925,9,Psje. Panamericana 1535,BT,1,2003-05-18 23:07:36,ACTIVO
1003556,2926,15,Jr. Grau 4884,BT,4,2005-11-28 21:47:00,INACTIVO
1003557,2927,38,Calle Los Pinos 2452,BT,7,2019-02-27 10:38:35,ACTIVO
1003558,2928,4,Psje. Progreso 1500,BT,8,2023-01-02 00:00:00,ACTIVO
1003559,2929,29,Av. Bolívar 5435,BT,2,2013-12-24 03:37:42,ACTIVO
1003560,2929,29,Psje. Universitaria 9466,BT,6,2005-01-26 12:42:38,ACTIVO
1003561,2929,29,Jr. La Molina 6096,BT,4,2006-12-24 17:11:23,ACTIVO
1003562,2930,9,Psje. Panamericana 1650,BT,6,2014-06-09 01:43:58,ACTIVO
1003563,2931,7,Jr. Los Pinos 3131,BT,4,2006-08-26 04:10:01,ACTIVO
1003564,2932,29,Pasaje Progreso 5604,BT,2,2005-03-31 15:11:55,ACTIVO
1003565,2933,30,Psje. San Martín 9509,BT,1,2020-12-02 19:55:37,ACTIVO
1003566,2934,43,Pasaje Universitaria 5238,BT,6,2008-03-13 16:45:58,ACTIVO
1003567,2935,30,Psje. La Molina 6795,BT,3,2009-09-19 08:31:45,ACTIVO
1003568,2936,39,Av. Venezuela 6127,BT,8,2006-10-24 06:26:07,ACTIVO
1003569,2936,39,Psje. Panamericana 2838,BT,5,2011-06-23 11:55:48,ACTIVO
1003570,2937,15,Av. Los Pinos 4579,BT,4,2011-05-13 10:29:17,ACTIVO
1003571,2938,7,Av. Panamericana 3551,BT,7,2019-11-10 00:04:17,ACTIVO
1003572,2939,24,Psje. Grau 8426,BT,1,2005-10-25 08:01:14,ACTIVO
1003573,2940,23,Calle Los Pinos 6761,BT,1,2020-07-01 17:13:14,INACTIVO
1003574,2941,28,Calle Progreso 6131,BT,7,2011-07-27 16:33:17,ACTIVO
1003575,2942,9,Jr. Panamericana 3458,BT,5,2009-08-26 10:53:18,ACTIVO
1003576,2942,9,Av. Venezuela 6712,BT,3,2016-04-06 16:50:01,ACTIVO
1003577,2943,3,Jr. Bolívar 303,BT,2,2001-07-10 09:51:14,ACTIVO
1003578,2944,4,Pasaje Venezuela 5771,BT,5,2014-03-06 07:59:10,ACTIVO
1003579,2945,30,Calle El Sol 6820,BT,6,2006-02-02 00:34:23,ACTIVO
1003580,2945,30,Av. Progreso 636,BT,8,2006-02-09 19:33:01,ACTIVO
1003581,2946,28,Pasaje El Sol 3272,BT,2,2006-01-08 20:12:00,ACTIVO
1003582,2946,28,Calle Los Pinos 9571,BT,6,2003-02-25 09:47:34,ACTIVO
1003583,2947,31,Pasaje La Molina 3049,BT,8,2006-10-22 13:59:06,ACTIVO
1003584,2948,5,Calle Progreso 8578,BT,8,2001-09-26 04:26:35,ACTIVO
1003585,2949,9,Calle Panamericana 430,BT,4,2016-04-25 08:41:33,ACTIVO
1003586,2950,7,Calle El Sol 3664,BT,1,2000-04-15 06:02:47,ACTIVO
1003587,2951,15,Jr. El Sol 1196,BT,7,2007-11-09 14:59:46,ACTIVO
1003588,2952,42,Pasaje Bolívar 9533,BT,4,2008-10-31 20:16:24,ACTIVO
1003589,2953,29,Av. Panamericana 8108,BT,3,2019-05-07 12:49:01,ACTIVO
1003590,2953,29,Psje. El Sol 8459,BT,1,2007-04-05 17:06:02,ACTIVO
1003591,2954,15,Psje. Bolívar 1944,BT,1,2013-05-28 15:32:54,ACTIVO
1003592,2955,28,Calle Universitaria 2798,BT,3,2001-05-04 21:03:13,ACTIVO
1003593,2956,15,Av. Los Pinos 9192,BT,8,2011-11-03 12:18:11,ACTIVO
1003594,2957,11,Jr. Los Pinos 989,BT,6,2006-01-14 18:09:52,ACTIVO
1003595,2957,11,Av. Grau 9895,BT,6,2006-07-17 14:57:59,ACTIVO
1003596,2958,26,Psje. La Molina 2897,BT,2,2017-05-17 09:31:19,ACTIVO
1003597,2958,26,Pasaje Los Pinos 6287,BT,4,2013-09-03 14:07:32,ACTIVO
1003598,2958,26,Pasaje Universitaria 7778,BT,4,2016-04-23 10:53:54,ACTIVO
1003599,2959,34,Jr. Bolívar 5381,BT,4,2007-01-06 20:09:07,ACTIVO
1003600,2959,34,Pasaje Los Pinos 4737,BT,4,2006-04-26 15:14:43,ACTIVO
1003601,2960,25,Jr. El Sol 3230,BT,2,2001-03-13 04:10:40,ACTIVO
1003602,2961,13,Pasaje La Molina 5260,MT,3,2020-01-22 00:43:27,ACTIVO
1003603,2962,5,Pasaje La Molina 4682,BT,4,2012-03-05 12:49:25,INACTIVO
1003604,2963,38,Calle Universitaria 1709,BT,2,2017-10-05 07:03:05,ACTIVO
1003605,2964,5,Pasaje El Sol 6909,BT,4,2019-05-07 22:04:29,ACTIVO
1003606,2965,3,Av. Universitaria 7459,BT,4,2003-06-05 14:47:41,ACTIVO
1003607,2966,1,Pasaje Venezuela 9589,BT,8,2003-11-05 09:08:29,ACTIVO
1003608,2967,29,Av. Venezuela 7150,BT,6,2017-06-23 12:11:57,ACTIVO
1003609,2968,19,Calle Panamericana 5322,BT,6,2020-05-04 21:14:47,SUSPENDIDO
1003610,2969,32,Jr. Progreso 8515,MT,4,2002-07-24 13:45:34,ACTIVO
1003611,2970,2,Pasaje Universitaria 3854,BT,8,2016-09-28 09:11:47,ACTIVO
1003612,2971,8,Calle El Sol 9924,BT,2,2020-11-17 03:54:25,ACTIVO
1003613,2972,29,Pasaje La Molina 5965,BT,1,2007-08-28 15:44:03,ACTIVO
1003614,2972,29,Av. La Molina 7057,BT,6,2014-10-31 11:48:11,ACTIVO
1003615,2973,3,Pasaje Progreso 1379,BT,5,2009-11-03 10:49:48,ACTIVO
1003616,2974,24,Jr. El Sol 1082,BT,8,2014-02-11 12:20:39,ACTIVO
1003617,2974,24,Calle Grau 4545,BT,3,2001-08-07 11:03:01,ACTIVO
1003618,2975,13,Pasaje Bolívar 4532,BT,6,2016-05-29 13:31:51,ACTIVO
1003619,2976,9,Calle El Sol 5196,BT,8,2021-12-25 00:00:00,ACTIVO
1003620,2977,29,Calle Progreso 9947,BT,5,2001-12-20 17:29:10,ACTIVO
1003621,2978,15,Jr. Los Pinos 6701,BT,3,2012-05-16 08:59:44,ACTIVO
1003622,2979,40,Jr. San Martín 5608,BT,7,2019-04-12 19:07:01,ACTIVO
1003623,2980,10,Calle Venezuela 8531,BT,6,2014-07-15 13:25:55,ACTIVO
1003624,2980,10,Psje. Progreso 4863,MT,5,2017-04-24 06:54:39,ACTIVO
1003625,2981,43,Pasaje Los Pinos 3270,BT,4,2014-01-11 23:58:16,ACTIVO
1003626,2982,1,Jr. Progreso 1793,BT,3,2001-08-29 09:40:22,SUSPENDIDO
1003627,2983,8,Av. El Sol 5543,BT,1,2001-08-01 02:37:24,ACTIVO
1003628,2984,25,Psje. La Molina 1916,BT,6,2020-09-07 19:51:03,ACTIVO
1003629,2984,25,Psje. Grau 8128,BT,8,2001-05-27 17:21:58,ACTIVO
1003630,2985,13,Av. San Martín 1196,BT,1,2004-06-27 16:37:01,ACTIVO
1003631,2985,13,Av. La Molina 6674,BT,8,2016-02-20 05:08:29,ACTIVO
1003632,2985,13,Pasaje Grau 6318,BT,5,2020-10-04 10:03:48,ACTIVO
1003633,2986,35,Av. Universitaria 626,BT,1,2020-08-04 01:26:07,ACTIVO
1003634,2987,39,Av. Grau 2191,BT,7,2012-05-13 23:49:04,ACTIVO
1003635,2988,41,Av. San Martín 8697,BT,2,2015-02-22 23:26:52,ACTIVO
1003636,2988,41,Jr. La Molina 2737,BT,8,2008-12-27 19:58:29,ACTIVO
1003637,2989,26,Psje. Panamericana 4126,BT,8,2021-11-06 00:00:00,ACTIVO
1003638,2990,7,Calle Grau 2720,BT,5,2013-03-07 15:40:54,ACTIVO
1003639,2991,15,Psje. Universitaria 9746,BT,8,2018-12-16 04:14:09,ACTIVO
1003640,2992,28,Psje. El Sol 6056,BT,1,2017-02-13 16:00:49,ACTIVO
1003641,2993,20,Av. Bolívar 2818,BT,7,2007-06-11 06:16:13,ACTIVO
1003642,2994,23,Psje. San Martín 8640,BT,1,2018-03-28 12:15:35,ACTIVO
1003643,2995,43,Pasaje Grau 4453,BT,4,2007-07-01 14:40:39,ACTIVO
1003644,2996,38,Psje. El Sol 5103,BT,1,2017-04-14 21:29:38,ACTIVO
1003645,2997,8,Psje. Bolívar 5820,BT,6,2000-12-20 03:23:09,ACTIVO
1003646,2998,12,Calle Panamericana 8041,BT,6,2020-08-02 08:36:44,ACTIVO
1003647,2999,7,Psje. El Sol 4427,BT,7,2015-02-11 21:32:54,ACTIVO
1003648,3000,15,Av. Grau 3011,BT,3,2014-09-25 23:54:28,ACTIVO
1003649,3000,15,Av. Grau 4273,BT,2,2020-07-31 22:44:07,ACTIVO
1003650,3001,39,Calle La Molina 4800,MT,4,2006-05-13 17:36:20,INACTIVO
1003651,3002,3,Pasaje Panamericana 6042,BT,8,2016-07-04 21:28:05,ACTIVO
1003652,3003,3,Psje. Grau 824,BT,3,2007-08-08 18:25:21,ACTIVO
1003653,3004,22,Calle Grau 981,BT,7,2014-04-26 11:28:51,ACTIVO
1003654,3005,28,Pasaje Panamericana 6695,BT,6,2013-09-01 12:19:26,ACTIVO
1003655,3006,9,Av. Bolívar 9710,BT,5,2019-09-28 20:00:59,ACTIVO
1003656,3006,9,Av. San Martín 2022,BT,6,2001-03-20 01:20:09,ACTIVO
1003657,3007,13,Pasaje La Molina 1487,BT,7,2006-01-17 03:58:51,ACTIVO
1003658,3008,38,Psje. Progreso 9195,BT,3,2003-03-19 17:09:43,ACTIVO
1003659,3009,15,Psje. La Molina 2904,BT,7,2007-07-24 03:25:55,ACTIVO
1003660,3009,15,Calle Bolívar 5999,BT,5,2006-10-07 23:52:41,ACTIVO
1003661,3010,29,Av. Universitaria 5437,BT,7,2009-09-16 02:27:25,ACTIVO
1003662,3011,7,Calle Bolívar 904,BT,4,2015-10-01 02:13:37,ACTIVO
1003663,3012,32,Pasaje San Martín 7628,BT,5,2011-01-26 22:11:16,ACTIVO
1003664,3013,19,Av. San Martín 9204,BT,3,2020-01-10 20:58:43,ACTIVO
1003665,3014,26,Jr. Bolívar 5635,MT,3,2000-05-10 13:41:02,ACTIVO
1003666,3015,38,Psje. Bolívar 9886,BT,5,2007-09-28 09:35:56,ACTIVO
1003667,3016,26,Psje. Venezuela 5375,BT,5,2010-06-25 06:51:53,ACTIVO
1003668,3017,5,Pasaje Universitaria 486,BT,5,2002-04-11 17:11:35,ACTIVO
1003669,3017,5,Jr. Universitaria 389,BT,5,2005-06-06 22:58:06,ACTIVO
1003670,3018,40,Av. Progreso 242,BT,7,2003-03-04 01:11:28,ACTIVO
1003671,3019,43,Pasaje Progreso 1277,BT,1,2003-07-10 23:18:58,ACTIVO
1003672,3020,19,Psje. Los Pinos 6348,BT,7,2018-09-11 00:00:57,ACTIVO
1003673,3021,31,Jr. Panamericana 9460,BT,4,2010-02-01 22:49:28,ACTIVO
1003674,3022,39,Jr. El Sol 1391,BT,6,2004-04-08 16:36:22,ACTIVO
1003675,3022,39,Psje. El Sol 2757,BT,5,2013-12-25 03:55:50,ACTIVO
1003676,3023,26,Jr. Panamericana 5118,BT,7,2009-06-26 20:19:51,ACTIVO
1003677,3024,13,Psje. Panamericana 7300,BT,8,2004-07-30 09:31:10,ACTIVO
1003678,3025,9,Calle Progreso 6737,MT,6,2008-04-01 15:14:11,ACTIVO
1003679,3026,36,Pasaje Panamericana 8234,BT,5,2000-06-08 20:01:00,ACTIVO
1003680,3026,36,Pasaje La Molina 9278,BT,2,2024-07-12 00:00:00,ACTIVO
1003681,3027,14,Av. Universitaria 5511,BT,3,2018-01-30 10:31:23,ACTIVO
1003682,3028,3,Av. Los Pinos 2765,BT,5,2020-05-04 03:58:32,ACTIVO
1003683,3029,26,Calle Universitaria 768,BT,8,2005-06-23 22:17:14,ACTIVO
1003684,3030,29,Calle Universitaria 2081,BT,7,2010-07-18 05:10:41,ACTIVO
1003685,3031,3,Calle Grau 8932,BT,4,2000-02-10 22:45:26,ACTIVO
1003686,3032,9,Calle Universitaria 8651,BT,8,2017-12-08 20:29:58,ACTIVO
1003687,3032,9,Psje. Venezuela 6263,BT,3,2016-04-08 12:17:03,ACTIVO
1003688,3033,26,Psje. El Sol 948,BT,3,2007-10-17 06:55:15,ACTIVO
1003689,3034,5,Psje. Venezuela 4017,BT,2,2012-08-30 20:36:44,ACTIVO
1003690,3035,40,Av. Bolívar 4642,BT,2,2019-12-12 18:26:29,ACTIVO
1003691,3036,29,Calle Los Pinos 554,BT,5,2017-03-22 08:53:13,ACTIVO
1003692,3037,9,Jr. Venezuela 9473,BT,2,2019-11-11 04:06:40,ACTIVO
1003693,3038,19,Av. Panamericana 7017,BT,6,2008-12-08 17:45:13,ACTIVO
1003694,3039,29,Calle Progreso 7143,BT,1,2012-08-21 18:50:04,ACTIVO
1003695,3040,29,Calle Universitaria 5720,BT,5,2016-01-26 08:06:01,ACTIVO
1003696,3040,29,Av. Panamericana 4250,BT,1,2000-12-19 16:33:03,ACTIVO
1003697,3041,43,Av. Universitaria 8191,BT,7,2002-05-22 06:58:06,ACTIVO
1003698,3042,42,Pasaje San Martín 4057,BT,6,2007-09-17 11:45:27,ACTIVO
1003699,3043,43,Av. Progreso 2769,BT,8,2020-08-26 12:13:49,ACTIVO
1003700,3044,19,Jr. El Sol 3045,BT,2,2003-05-05 14:56:20,ACTIVO
1003701,3044,19,Psje. El Sol 3948,BT,4,2017-05-30 08:53:13,ACTIVO
1003702,3045,38,Av. Venezuela 622,BT,1,2014-07-29 06:46:15,ACTIVO
1003703,3045,38,Pasaje Progreso 3947,BT,2,2005-03-18 01:31:11,ACTIVO
1003704,3045,38,Av. Grau 7964,BT,2,2003-08-15 17:11:36,ACTIVO
1003705,3046,29,Pasaje Los Pinos 4323,BT,1,2002-07-18 16:30:21,ACTIVO
1003706,3047,15,Pasaje Venezuela 7631,BT,5,2010-06-02 09:17:22,ACTIVO
1003707,3048,26,Av. Venezuela 6479,BT,6,2006-12-18 10:09:03,ACTIVO
1003708,3049,43,Jr. Grau 7896,BT,1,2014-08-07 03:00:53,ACTIVO
1003709,3049,43,Pasaje La Molina 8658,BT,4,2002-05-17 02:45:50,ACTIVO
1003710,3049,43,Jr. San Martín 3523,BT,8,2019-05-17 18:17:58,ACTIVO
1003711,3050,8,Psje. Los Pinos 8568,BT,8,2006-02-16 20:33:03,ACTIVO
1003712,3051,35,Calle Venezuela 7707,BT,2,2015-12-06 17:00:39,ACTIVO
1003713,3052,28,Psje. Venezuela 8365,BT,1,2019-06-28 21:51:57,ACTIVO
1003714,3053,7,Calle Universitaria 1481,BT,5,2019-03-19 10:32:42,ACTIVO
1003715,3054,7,Calle Los Pinos 1956,BT,4,2000-05-30 19:54:44,SUSPENDIDO
1003716,3055,25,Psje. San Martín 3042,BT,5,2017-02-09 08:12:44,ACTIVO
1003717,3055,25,Jr. Panamericana 2435,BT,3,2009-01-19 16:58:48,ACTIVO
1003718,3056,9,Av. Los Pinos 1664,BT,4,2004-09-05 17:23:57,ACTIVO
1003719,3057,25,Jr. Grau 7650,BT,7,2017-02-22 01:17:30,ACTIVO
1003720,3058,37,Psje. San Martín 7100,BT,2,2003-12-26 04:34:31,ACTIVO
1003721,3058,37,Av. La Molina 4491,BT,7,2001-08-31 05:57:36,ACTIVO
1003722,3059,10,Av. Venezuela 8407,BT,3,2009-02-08 20:45:50,ACTIVO
1003723,3060,31,Jr. San Martín 4917,BT,3,2009-03-12 00:35:12,ACTIVO
1003724,3060,31,Psje. Venezuela 682,BT,1,2011-11-03 00:23:10,ACTIVO
1003725,3061,9,Jr. Los Pinos 3439,BT,1,2019-08-05 08:09:38,SUSPENDIDO
1003726,3062,28,Pasaje San Martín 5383,BT,7,2020-01-16 06:55:11,ACTIVO
1003727,3063,38,Psje. Bolívar 3349,BT,8,2023-02-07 00:00:00,ACTIVO
1003728,3064,28,Psje. Grau 522,BT,1,2010-12-24 17:22:41,ACTIVO
1003729,3065,29,Jr. Grau 3625,BT,1,2007-05-27 11:44:16,ACTIVO
1003730,3065,29,Jr. Venezuela 6060,BT,6,2014-09-17 12:06:46,ACTIVO
1003731,3066,1,Pasaje Los Pinos 2303,BT,4,2020-08-22 03:59:10,ACTIVO
1003732,3067,43,Jr. Los Pinos 7708,BT,3,2024-02-06 00:00:00,ACTIVO
1003733,3068,19,Psje. Grau 9228,BT,4,2003-01-15 22:07:02,ACTIVO
1003734,3069,35,Jr. Panamericana 2975,BT,2,2016-04-03 23:00:35,INACTIVO
1003735,3070,40,Calle El Sol 1752,BT,2,2005-05-01 09:21:12,ACTIVO
1003736,3071,15,Pasaje Universitaria 8192,BT,2,2012-09-18 22:24:23,ACTIVO
1003737,3072,35,Psje. Venezuela 1923,BT,1,2016-11-06 06:05:47,ACTIVO
1003738,3073,28,Av. Bolívar 3129,BT,1,2020-07-19 11:31:57,ACTIVO
1003739,3074,19,Jr. Panamericana 688,BT,7,2015-03-29 18:13:02,ACTIVO
1003740,3075,40,Jr. El Sol 1436,BT,5,2012-12-04 10:47:28,ACTIVO
1003741,3076,28,Calle Venezuela 5060,BT,2,2001-10-12 23:47:54,ACTIVO
1003742,3077,15,Psje. La Molina 731,BT,3,2020-07-08 04:37:55,ACTIVO
1003743,3078,27,Pasaje El Sol 4117,BT,8,2002-12-03 03:39:23,ACTIVO
1003744,3079,9,Psje. Grau 1838,BT,2,2018-11-22 22:48:01,ACTIVO
1003745,3080,3,Calle Los Pinos 2157,BT,6,2000-11-19 12:23:12,ACTIVO
1003746,3081,37,Jr. La Molina 3745,BT,8,2000-08-05 19:00:51,ACTIVO
1003747,3082,19,Jr. Panamericana 4812,BT,4,2004-04-24 14:21:09,ACTIVO
1003748,3083,5,Av. Universitaria 7415,BT,8,2011-06-26 10:56:02,ACTIVO
1003749,3084,5,Calle Universitaria 719,BT,3,2011-01-22 18:13:41,ACTIVO
1003750,3085,13,Calle Venezuela 3662,MT,4,2005-11-20 23:35:03,ACTIVO
1003751,3086,19,Pasaje Grau 2021,BT,5,2015-12-10 00:48:02,ACTIVO
1003752,3086,19,Pasaje Panamericana 9476,BT,5,2006-04-07 04:38:56,ACTIVO
1003753,3086,19,Jr. Venezuela 9560,BT,7,2011-08-17 14:10:36,ACTIVO
1003754,3087,39,Pasaje Venezuela 8669,BT,2,2018-09-10 02:28:12,ACTIVO
1003755,3088,29,Jr. Progreso 6022,BT,5,2014-10-08 07:08:03,ACTIVO
1003756,3089,3,Av. La Molina 2918,BT,5,2000-03-09 20:02:48,ACTIVO
1003757,3090,43,Pasaje Universitaria 3685,BT,8,2012-09-25 15:55:38,INACTIVO
1003758,3091,7,Av. San Martín 9068,BT,5,2009-04-30 20:08:50,ACTIVO
1003759,3092,8,Jr. Los Pinos 7804,BT,7,2001-11-05 16:23:44,ACTIVO
1003760,3093,4,Jr. Panamericana 2512,BT,1,2000-11-07 13:46:30,ACTIVO
1003761,3094,9,Av. Los Pinos 5427,MT,8,2018-08-05 14:13:06,ACTIVO
1003762,3095,7,Calle Panamericana 6429,BT,5,2006-11-30 07:34:23,ACTIVO
1003763,3096,9,Psje. Venezuela 5660,BT,4,2017-06-18 15:34:32,SUSPENDIDO
1003764,3097,15,Jr. Grau 4500,BT,5,2023-08-08 00:00:00,ACTIVO
1003765,3098,13,Psje. Universitaria 1905,BT,4,2008-11-26 10:21:04,ACTIVO
1003766,3099,43,Calle Venezuela 3715,BT,2,2019-02-06 21:46:24,ACTIVO
1003767,3099,43,Pasaje La Molina 6930,BT,8,2017-09-26 07:09:01,ACTIVO
1003768,3100,29,Calle El Sol 8448,BT,7,2024-12-20 00:00:00,ACTIVO
1003769,3101,3,Pasaje Los Pinos 3344,BT,8,2014-01-15 19:29:39,ACTIVO
1003770,3102,26,Psje. Progreso 9706,BT,5,2014-09-15 19:37:50,ACTIVO
1003771,3103,7,Calle Venezuela 2030,BT,5,2015-04-04 05:47:30,ACTIVO
1003772,3104,26,Jr. Venezuela 3229,BT,5,2018-05-12 16:38:49,ACTIVO
1003773,3105,15,Calle Grau 5386,BT,2,2007-02-21 21:51:13,ACTIVO
1003774,3105,15,Calle Los Pinos 2373,BT,5,2014-01-23 04:12:45,ACTIVO
1003775,3106,26,Jr. Progreso 7694,BT,4,2004-11-07 02:52:07,ACTIVO
1003776,3107,15,Av. El Sol 5933,BT,4,2000-03-08 09:03:07,ACTIVO
1003777,3108,3,Jr. Venezuela 5027,BT,4,2017-06-08 16:43:45,ACTIVO
1003778,3109,29,Jr. Grau 445,BT,7,2004-04-27 01:55:45,ACTIVO
1003779,3110,40,Av. La Molina 7599,BT,2,2005-11-16 08:46:54,ACTIVO
1003780,3111,25,Calle El Sol 2717,BT,3,2013-12-21 03:53:49,ACTIVO
1003781,3112,5,Jr. Bolívar 270,BT,6,2008-07-16 12:30:46,ACTIVO
1003782,3113,15,Pasaje Progreso 6731,BT,4,2018-12-15 21:38:15,ACTIVO
1003783,3114,36,Jr. La Molina 7253,BT,8,2001-11-22 16:40:33,ACTIVO
1003784,3115,30,Psje. San Martín 6539,BT,5,2002-06-18 00:09:57,ACTIVO
1003785,3116,26,Av. Los Pinos 2037,BT,5,2000-04-22 18:57:16,ACTIVO
1003786,3117,3,Pasaje Venezuela 7600,BT,6,2002-02-21 22:01:18,ACTIVO
1003787,3118,5,Jr. Panamericana 993,BT,2,2005-04-03 14:19:35,ACTIVO
1003788,3119,28,Calle Los Pinos 9123,BT,3,2011-02-03 15:16:47,ACTIVO
1003789,3120,43,Jr. Universitaria 2120,BT,7,2016-09-20 20:22:26,ACTIVO
1003790,3121,9,Jr. Progreso 3105,BT,8,2005-09-17 07:29:35,ACTIVO
1003791,3122,13,Pasaje Universitaria 9135,BT,3,2006-10-23 16:35:53,ACTIVO
1003792,3123,3,Av. Universitaria 2033,BT,4,2005-11-02 00:11:06,ACTIVO
1003793,3123,3,Av. Grau 3342,BT,3,2014-05-11 06:52:52,ACTIVO
1003794,3124,7,Pasaje Panamericana 6056,BT,2,2000-03-29 15:14:16,ACTIVO
1003795,3125,9,Av. Grau 6538,BT,6,2019-09-11 00:00:00,ACTIVO
1003796,3125,9,Psje. Grau 9480,BT,7,2004-04-06 22:20:56,ACTIVO
1003797,3126,34,Calle Bolívar 6068,BT,6,2000-12-28 10:49:47,ACTIVO
1003798,3127,30,Calle San Martín 9205,BT,4,2016-12-13 10:55:02,ACTIVO
1003799,3128,3,Psje. San Martín 7980,BT,8,2010-10-27 07:52:27,ACTIVO
1003800,3129,38,Jr. El Sol 4522,BT,3,2018-04-11 00:39:21,ACTIVO
1003801,3129,38,Jr. Panamericana 4724,BT,6,2016-06-13 20:47:01,SUSPENDIDO
1003802,3130,7,Psje. Universitaria 5836,BT,7,2013-03-26 03:28:20,ACTIVO
1003803,3131,19,Av. Panamericana 5205,BT,7,2018-10-22 12:40:24,ACTIVO
1003804,3131,19,Jr. Progreso 6406,BT,3,2002-03-05 09:38:05,ACTIVO
1003805,3132,7,Pasaje San Martín 6096,BT,7,2008-02-12 18:24:46,ACTIVO
1003806,3133,3,Calle Venezuela 5043,BT,1,2013-10-09 15:59:32,ACTIVO
1003807,3134,26,Av. Los Pinos 3017,BT,6,2020-10-15 20:38:03,ACTIVO
1003808,3135,30,Pasaje Venezuela 6122,BT,4,2018-07-27 18:40:51,ACTIVO
1003809,3136,29,Pasaje La Molina 6840,BT,6,2012-06-09 18:33:36,ACTIVO
1003810,3137,5,Jr. Panamericana 7666,BT,4,2019-02-02 18:31:42,ACTIVO
1003811,3137,5,Jr. Universitaria 3496,MT,2,2010-08-14 21:53:43,ACTIVO
1003812,3138,13,Pasaje Grau 9030,BT,7,2002-09-06 13:12:06,ACTIVO
1003813,3139,15,Pasaje Panamericana 8904,BT,8,2018-04-26 08:54:39,ACTIVO
1003814,3140,15,Pasaje El Sol 8475,BT,3,2018-11-12 17:38:35,ACTIVO
1003815,3141,28,Calle Venezuela 4925,BT,6,2005-11-22 15:32:45,ACTIVO
1003816,3142,28,Calle Grau 7557,BT,2,2005-07-30 07:01:44,ACTIVO
1003817,3142,28,Jr. San Martín 4022,BT,6,2010-07-17 09:55:49,ACTIVO
1003818,3143,19,Av. Universitaria 9163,BT,3,2015-07-22 09:00:54,ACTIVO
1003819,3143,19,Av. Universitaria 5483,BT,7,2010-05-06 20:36:28,ACTIVO
1003820,3144,6,Pasaje Bolívar 5583,BT,5,2024-08-28 00:00:00,ACTIVO
1003821,3145,17,Pasaje Grau 4432,BT,2,2006-09-15 16:42:42,ACTIVO
1003822,3146,16,Calle Bolívar 3011,BT,5,2011-03-14 07:53:41,ACTIVO
1003823,3147,43,Av. Venezuela 3796,BT,1,2004-06-13 10:50:46,ACTIVO
1003824,3148,15,Av. Universitaria 6177,BT,5,2016-10-09 08:36:09,ACTIVO
1003825,3149,29,Psje. El Sol 8249,BT,8,2005-10-03 17:55:55,ACTIVO
1003826,3149,29,Jr. Progreso 1896,BT,5,2010-04-10 08:43:57,SUSPENDIDO
1003827,3149,29,Jr. Venezuela 2424,BT,8,2014-08-02 19:25:45,ACTIVO
1003828,3150,33,Psje. San Martín 9119,BT,5,2015-01-19 19:03:56,ACTIVO
1003829,3151,5,Jr. La Molina 938,BT,7,2009-07-02 05:17:20,ACTIVO
1003830,3151,5,Psje. La Molina 7662,BT,8,2007-02-11 16:19:49,ACTIVO
1003831,3152,13,Psje. Los Pinos 9750,MT,6,2010-09-13 06:39:36,ACTIVO
1003832,3152,13,Pasaje El Sol 8458,BT,7,2005-06-30 14:04:56,ACTIVO
1003833,3153,7,Av. Bolívar 9527,BT,5,2003-04-18 05:29:32,ACTIVO
1003834,3154,36,Pasaje Universitaria 1404,BT,1,2009-01-01 05:02:12,ACTIVO
1003835,3155,26,Psje. El Sol 1849,BT,7,2016-08-31 18:48:23,ACTIVO
1003836,3156,6,Pasaje San Martín 4460,BT,6,2002-06-27 03:20:49,ACTIVO
1003837,3157,5,Jr. Panamericana 3762,BT,3,2004-12-05 11:30:23,ACTIVO
1003838,3158,7,Av. La Molina 8628,BT,2,2020-04-30 23:45:36,ACTIVO
1003839,3158,7,Pasaje Los Pinos 3848,BT,2,2022-05-16 00:00:00,ACTIVO
1003840,3159,40,Pasaje Bolívar 3581,BT,3,2005-08-18 02:56:02,ACTIVO
1003841,3160,9,Pasaje Universitaria 355,BT,8,2015-11-12 08:35:04,ACTIVO
1003842,3160,9,Av. Panamericana 7253,BT,5,2019-05-22 08:21:22,ACTIVO
1003843,3161,26,Psje. Progreso 1266,BT,5,2014-10-07 03:09:03,ACTIVO
1003844,3162,30,Psje. Progreso 6283,BT,6,2007-02-13 07:50:36,ACTIVO
1003845,3163,21,Jr. Universitaria 1687,BT,8,2002-11-09 10:49:55,ACTIVO
1003846,3164,37,Av. Venezuela 9509,BT,8,2019-06-11 07:34:25,ACTIVO
1003847,3164,37,Pasaje Los Pinos 9858,MT,1,2014-04-10 18:03:32,ACTIVO
1003848,3165,43,Calle El Sol 2673,BT,1,2000-07-08 12:38:42,ACTIVO
1003849,3166,40,Av. Grau 9816,BT,4,2002-02-08 08:22:05,ACTIVO
1003850,3167,17,Pasaje Universitaria 7306,BT,7,2002-01-06 09:10:56,ACTIVO
1003851,3168,38,Av. Venezuela 1011,BT,6,2005-11-08 08:47:26,ACTIVO
1003852,3168,38,Psje. El Sol 7747,BT,1,2018-02-21 06:27:50,ACTIVO
1003853,3169,15,Av. Bolívar 2132,BT,3,2014-06-05 00:34:01,ACTIVO
1003854,3170,39,Jr. San Martín 9539,BT,5,2003-11-13 22:31:22,ACTIVO
1003855,3171,43,Calle Bolívar 4404,BT,4,2014-12-30 19:08:33,ACTIVO
1003856,3171,43,Av. Progreso 704,BT,2,2008-11-20 19:22:06,ACTIVO
1003857,3172,7,Psje. Los Pinos 6394,BT,7,2001-05-08 02:08:48,ACTIVO
1003858,3173,14,Psje. El Sol 255,BT,2,2009-08-17 06:35:39,ACTIVO
1003859,3174,32,Jr. Los Pinos 7011,BT,7,2019-08-10 13:05:32,ACTIVO
1003860,3175,9,Psje. Bolívar 4920,BT,6,2010-08-10 02:10:27,ACTIVO
1003861,3176,33,Pasaje Los Pinos 122,BT,8,2000-08-10 15:59:50,ACTIVO
1003862,3177,30,Calle Universitaria 7877,BT,7,2020-03-12 11:02:26,ACTIVO
1003863,3178,29,Calle La Molina 6040,BT,2,2004-03-01 15:36:20,ACTIVO
1003864,3179,43,Jr. El Sol 3901,BT,7,2019-12-16 07:12:50,ACTIVO
1003865,3180,14,Av. El Sol 5625,BT,3,2002-06-05 21:42:34,ACTIVO
1003866,3180,14,Pasaje Venezuela 5464,BT,3,2013-10-21 17:24:27,ACTIVO
1003867,3181,26,Jr. Venezuela 9188,BT,3,2008-05-24 00:16:13,ACTIVO
1003868,3182,7,Pasaje Los Pinos 2923,BT,3,2019-02-10 04:38:02,ACTIVO
1003869,3182,7,Pasaje Universitaria 1147,BT,1,2014-05-24 23:54:19,ACTIVO
1003870,3183,30,Pasaje Universitaria 8923,BT,1,2012-01-20 00:03:47,ACTIVO
1003871,3184,26,Psje. El Sol 4023,BT,6,2010-08-13 14:47:09,ACTIVO
1003872,3185,28,Psje. Grau 5700,BT,6,2018-03-09 09:52:59,ACTIVO
1003873,3186,38,Jr. El Sol 4105,BT,1,2014-03-14 11:18:30,ACTIVO
1003874,3186,38,Pasaje El Sol 1589,BT,8,2000-05-12 09:12:03,ACTIVO
1003875,3187,8,Calle Los Pinos 8361,BT,7,2019-06-25 15:16:51,ACTIVO
1003876,3187,8,Av. Panamericana 8395,BT,3,2011-03-11 05:38:12,ACTIVO
1003877,3188,15,Calle San Martín 8761,BT,7,2011-11-04 14:16:41,ACTIVO
1003878,3189,23,Calle Bolívar 2988,BT,4,2020-12-07 13:12:37,ACTIVO
1003879,3189,23,Calle Grau 9692,BT,2,2008-04-16 08:27:07,ACTIVO
1003880,3190,4,Av. Venezuela 4690,BT,7,2015-08-17 15:40:21,ACTIVO
1003881,3191,12,Av. La Molina 885,BT,4,2000-10-10 02:56:27,ACTIVO
1003882,3192,43,Psje. Venezuela 6859,BT,6,2024-02-14 00:00:00,ACTIVO
1003883,3193,3,Jr. San Martín 253,BT,5,2000-12-06 19:36:22,ACTIVO
1003884,3194,7,Pasaje Los Pinos 4272,BT,7,2002-05-23 02:52:44,ACTIVO
1003885,3195,1,Pasaje Grau 8042,BT,4,2005-11-22 16:41:34,ACTIVO
1003886,3196,9,Psje. Bolívar 5630,BT,3,2020-02-10 16:00:01,ACTIVO
1003887,3197,43,Jr. Grau 8268,BT,8,2007-06-04 14:24:41,ACTIVO
1003888,3198,13,Pasaje Panamericana 3168,BT,4,2007-07-11 20:50:09,ACTIVO
1003889,3199,15,Jr. Los Pinos 5361,BT,6,2014-08-19 14:03:29,ACTIVO
1003890,3199,15,Pasaje Universitaria 6643,BT,3,2020-03-03 23:49:32,ACTIVO
1003891,3200,5,Av. Grau 5161,BT,1,2017-11-22 23:31:41,ACTIVO
1003892,3201,14,Calle La Molina 7175,BT,3,2014-11-22 12:27:39,ACTIVO
1003893,3201,14,Calle Grau 8769,BT,7,2004-10-17 12:24:54,ACTIVO
1003894,3202,40,Av. Grau 2978,BT,2,2003-07-10 12:41:33,SUSPENDIDO
1003895,3203,22,Psje. Panamericana 7912,BT,7,2011-05-21 05:28:14,ACTIVO
1003896,3204,39,Psje. Panamericana 5996,BT,8,2005-09-05 08:17:11,ACTIVO
1003897,3205,15,Av. El Sol 9168,BT,7,2014-03-13 02:32:43,SUSPENDIDO
1003898,3206,10,Psje. Bolívar 5937,BT,8,2000-11-17 20:57:49,ACTIVO
1003899,3206,10,Pasaje El Sol 2177,BT,7,2017-06-11 08:55:56,ACTIVO
1003900,3207,15,Av. El Sol 8845,MT,7,2019-10-13 00:45:07,ACTIVO
1003901,3208,5,Av. Bolívar 8450,BT,5,2001-01-25 02:12:10,ACTIVO
1003902,3209,10,Pasaje Panamericana 8768,BT,6,2013-09-03 00:00:38,ACTIVO
1003903,3210,7,Pasaje La Molina 3912,BT,8,2005-12-10 12:02:21,ACTIVO
1003904,3211,32,Calle Los Pinos 2585,BT,2,2010-12-09 13:43:54,ACTIVO
1003905,3212,24,Calle La Molina 2051,BT,6,2002-10-29 14:27:38,INACTIVO
1003906,3213,32,Jr. Los Pinos 8251,BT,1,2003-08-27 06:51:29,ACTIVO
1003907,3214,4,Av. El Sol 6883,BT,8,2004-06-21 00:44:41,ACTIVO
1003908,3215,15,Av. La Molina 9734,BT,1,2008-01-16 18:58:44,ACTIVO
1003909,3216,9,Av. El Sol 6822,BT,5,2003-05-20 22:31:36,ACTIVO
1003910,3217,34,Pasaje San Martín 5327,BT,3,2016-12-22 00:20:31,ACTIVO
1003911,3218,40,Jr. Venezuela 7743,BT,6,2005-07-20 07:32:18,ACTIVO
1003912,3218,40,Jr. Los Pinos 5598,BT,4,2010-06-18 06:58:11,ACTIVO
1003913,3219,3,Jr. La Molina 3868,BT,7,2006-05-12 20:53:05,ACTIVO
1003914,3220,43,Jr. Progreso 2294,BT,3,2008-01-07 19:02:44,ACTIVO
1003915,3221,30,Psje. Los Pinos 3423,BT,4,2020-02-11 00:00:00,ACTIVO
1003916,3221,30,Pasaje Los Pinos 4193,BT,7,2020-05-19 00:00:00,ACTIVO
1003917,3222,35,Pasaje Bolívar 8580,BT,2,2001-05-20 20:01:47,ACTIVO
1003918,3223,5,Calle El Sol 9144,BT,8,2006-09-24 13:31:37,ACTIVO
1003919,3224,38,Jr. Bolívar 7417,BT,8,2000-07-05 01:29:36,ACTIVO
1003920,3225,39,Psje. La Molina 6634,BT,3,2008-10-15 12:59:56,ACTIVO
1003921,3226,7,Jr. Los Pinos 7755,BT,1,2020-05-26 07:23:28,ACTIVO
1003922,3227,16,Pasaje San Martín 2415,BT,5,2008-10-06 15:18:02,ACTIVO
1003923,3228,6,Jr. Panamericana 5618,BT,7,2012-08-26 10:03:53,ACTIVO
1003924,3229,30,Psje. Panamericana 5695,BT,6,2012-12-19 18:11:26,ACTIVO
1003925,3230,15,Jr. Grau 8072,BT,2,2001-09-20 04:10:59,ACTIVO
1003926,3231,28,Av. El Sol 8122,BT,8,2018-12-29 03:55:50,ACTIVO
1003927,3232,36,Calle La Molina 3748,BT,7,2010-07-18 22:08:57,ACTIVO
1003928,3233,26,Pasaje San Martín 4507,BT,8,2015-04-30 02:32:14,ACTIVO
1003929,3233,26,Pasaje Progreso 634,BT,1,2012-09-16 04:33:50,ACTIVO
1003930,3234,15,Pasaje El Sol 9105,BT,3,2012-02-14 15:45:15,ACTIVO
1003931,3234,15,Jr. Progreso 9162,BT,7,2001-03-12 19:59:20,ACTIVO
1003932,3235,27,Psje. Venezuela 6338,BT,5,2015-10-24 21:26:31,ACTIVO
1003933,3236,39,Pasaje Progreso 5632,BT,5,2013-05-27 15:10:46,ACTIVO
1003934,3237,43,Av. Grau 1118,BT,4,2003-08-09 22:29:54,ACTIVO
1003935,3238,29,Pasaje San Martín 9953,BT,8,2001-01-31 20:49:28,ACTIVO
1003936,3239,1,Av. El Sol 6931,BT,7,2008-12-18 20:30:05,ACTIVO
1003937,3240,15,Jr. Bolívar 7839,BT,2,2019-09-01 20:01:53,ACTIVO
1003938,3240,15,Jr. El Sol 868,BT,1,2017-03-24 21:24:00,INACTIVO
1003939,3241,39,Jr. El Sol 4778,BT,1,2014-09-06 07:58:20,ACTIVO
1003940,3242,43,Pasaje Bolívar 7735,BT,7,2017-10-20 19:58:46,ACTIVO
1003941,3243,15,Calle Grau 6247,BT,6,2018-04-28 00:23:35,ACTIVO
1003942,3244,15,Pasaje Grau 5091,BT,7,2009-02-07 04:13:23,ACTIVO
1003943,3245,30,Pasaje El Sol 7781,BT,1,2005-01-07 10:12:24,ACTIVO
1003944,3246,26,Calle San Martín 4590,MT,8,2010-07-25 11:03:41,ACTIVO
1003945,3247,23,Pasaje Los Pinos 9884,BT,2,2010-05-02 02:54:03,ACTIVO
1003946,3247,23,Calle Grau 9342,BT,7,2001-12-21 05:12:31,ACTIVO
1003947,3248,29,Jr. Progreso 5868,BT,4,2003-08-25 14:05:12,ACTIVO
1003948,3249,18,Psje. Panamericana 7148,BT,2,2016-06-23 22:03:14,ACTIVO
1003949,3249,18,Jr. El Sol 1955,BT,6,2009-07-03 05:35:25,ACTIVO
1003950,3249,18,Psje. La Molina 4850,BT,3,2000-07-16 03:27:03,ACTIVO
1003951,3250,26,Pasaje Venezuela 7025,BT,6,2010-07-12 19:38:33,ACTIVO
1003952,3251,3,Av. La Molina 8188,BT,8,2008-10-18 18:41:22,ACTIVO
1003953,3252,28,Psje. El Sol 632,BT,1,2013-07-20 03:39:46,ACTIVO
1003954,3253,22,Jr. Grau 4421,BT,6,2023-09-10 00:00:00,ACTIVO
1003955,3254,22,Calle Universitaria 9215,BT,7,2011-06-10 18:04:47,ACTIVO
1003956,3255,15,Av. La Molina 7003,BT,3,2013-02-08 17:10:43,ACTIVO
1003957,3256,43,Pasaje Grau 8378,BT,3,2020-04-25 00:00:00,ACTIVO
1003958,3257,9,Jr. El Sol 5419,BT,5,2006-04-25 03:21:27,ACTIVO
1003959,3257,9,Pasaje Grau 8089,BT,4,2024-08-09 00:00:00,ACTIVO
1003960,3258,22,Av. El Sol 6797,BT,7,2002-11-20 23:05:30,ACTIVO
1003961,3259,15,Pasaje La Molina 2599,BT,3,2002-12-28 03:39:44,ACTIVO
1003962,3260,3,Pasaje Venezuela 5902,BT,2,2007-02-14 06:09:47,ACTIVO
1003963,3261,4,Calle Progreso 6751,BT,4,2004-12-18 20:12:52,ACTIVO
1003964,3261,4,Calle El Sol 9329,BT,3,2023-09-17 00:00:00,ACTIVO
1003965,3262,28,Calle El Sol 9633,BT,2,2007-07-05 11:38:54,ACTIVO
1003966,3263,40,Jr. San Martín 7929,BT,3,2016-02-08 03:32:07,ACTIVO
1003967,3264,40,Calle El Sol 1147,BT,5,2001-08-04 18:48:25,ACTIVO
1003968,3265,39,Av. Los Pinos 7667,BT,8,2010-09-26 08:55:41,ACTIVO
1003969,3265,39,Av. Venezuela 7757,BT,5,2004-05-03 17:13:57,ACTIVO
1003970,3266,15,Calle La Molina 4347,BT,7,2013-01-18 11:30:41,ACTIVO
1003971,3267,30,Calle Bolívar 7363,BT,4,2017-07-21 03:55:21,ACTIVO
1003972,3268,43,Jr. San Martín 6369,BT,5,2011-10-31 08:02:58,ACTIVO
1003973,3269,43,Psje. La Molina 6017,BT,8,2004-01-28 02:43:15,ACTIVO
1003974,3270,43,Jr. Los Pinos 8081,BT,3,2002-11-26 09:18:39,ACTIVO
1003975,3271,6,Psje. El Sol 5381,BT,4,2000-05-06 18:07:46,ACTIVO
1003976,3272,7,Jr. Bolívar 5229,BT,3,2001-12-23 12:06:39,ACTIVO
1003977,3273,31,Psje. Universitaria 2684,BT,4,2000-04-22 19:02:02,ACTIVO
1003978,3274,15,Jr. La Molina 565,BT,4,2001-12-01 03:16:01,ACTIVO
1003979,3274,15,Calle San Martín 6696,BT,1,2008-08-20 02:38:19,ACTIVO
1003980,3275,38,Pasaje Panamericana 3498,BT,1,2003-08-03 05:31:14,ACTIVO
1003981,3275,38,Pasaje Bolívar 9443,BT,1,2019-08-18 01:02:20,ACTIVO
1003982,3276,29,Pasaje San Martín 1398,BT,2,2016-04-29 06:04:22,ACTIVO
1003983,3277,22,Jr. San Martín 8586,BT,2,2004-09-30 09:33:28,ACTIVO
1003984,3278,5,Av. La Molina 1441,BT,2,2006-09-23 05:25:07,ACTIVO
1003985,3279,7,Psje. San Martín 8201,BT,2,2001-09-12 16:29:27,ACTIVO
1003986,3279,7,Calle Los Pinos 8974,BT,8,2018-01-05 16:08:15,ACTIVO
1003987,3280,29,Pasaje San Martín 9028,BT,1,2009-08-06 05:22:10,ACTIVO
1003988,3281,3,Jr. Progreso 9135,BT,5,2019-04-06 08:29:17,ACTIVO
1003989,3282,36,Jr. San Martín 2693,MT,2,2016-10-24 04:14:49,ACTIVO
1003990,3283,28,Av. Grau 4933,BT,7,2011-02-06 06:14:44,ACTIVO
1003991,3284,2,Psje. Panamericana 9502,BT,5,2012-07-18 04:39:29,ACTIVO
1003992,3285,28,Calle Venezuela 3745,BT,1,2002-09-12 08:17:03,ACTIVO
1003993,3286,15,Psje. Los Pinos 836,BT,3,2011-04-06 14:16:24,ACTIVO
1003994,3287,43,Psje. San Martín 4091,BT,3,2004-05-13 09:03:06,ACTIVO
1003995,3287,43,Pasaje Universitaria 3485,BT,3,2013-05-08 23:47:33,ACTIVO
1003996,3288,1,Pasaje Los Pinos 634,BT,4,2024-10-03 00:00:00,ACTIVO
1003997,3289,13,Av. San Martín 6315,BT,5,2002-09-11 02:24:49,ACTIVO
1003998,3289,13,Av. Los Pinos 1197,BT,4,2007-11-13 15:17:07,ACTIVO
1003999,3289,13,Jr. Venezuela 8600,BT,3,2013-11-22 08:22:23,ACTIVO
1004000,3290,16,Calle El Sol 5764,BT,8,2012-02-01 16:32:09,ACTIVO
1004001,3291,31,Av. El Sol 7617,BT,7,2010-06-13 18:17:07,ACTIVO
1004002,3292,23,Calle San Martín 5923,BT,5,2007-09-27 16:17:31,ACTIVO
1004003,3293,7,Av. Panamericana 6613,BT,6,2008-12-29 13:20:32,ACTIVO
1004004,3294,34,Psje. El Sol 2161,BT,2,2013-07-21 04:39:35,ACTIVO
1004005,3295,43,Calle Venezuela 902,BT,1,2016-08-10 23:45:35,ACTIVO
1004006,3296,7,Psje. Grau 3166,BT,1,2017-02-06 13:07:08,ACTIVO
1004007,3297,30,Pasaje San Martín 9466,BT,3,2017-04-02 14:25:39,ACTIVO
1004008,3298,3,Av. Venezuela 7027,BT,8,2012-12-29 02:13:15,ACTIVO
1004009,3299,31,Calle Panamericana 9869,BT,3,2012-03-19 20:03:00,ACTIVO
1004010,3300,5,Av. Bolívar 6143,BT,4,2002-01-18 17:36:45,ACTIVO
1004011,3301,7,Jr. Panamericana 648,BT,7,2008-07-15 07:25:09,ACTIVO
1004012,3302,28,Psje. Progreso 6804,BT,7,2019-02-10 11:26:45,ACTIVO
1004013,3303,2,Psje. San Martín 9472,BT,8,2020-11-29 06:49:36,ACTIVO
1004014,3304,29,Jr. Progreso 1869,BT,6,2001-04-10 11:15:47,ACTIVO
1004015,3305,18,Calle Venezuela 2723,BT,6,2019-08-18 18:06:08,ACTIVO
1004016,3306,15,Av. Grau 1212,BT,6,2018-10-29 20:30:04,ACTIVO
1004017,3307,26,Calle El Sol 4658,BT,3,2003-04-19 18:18:02,ACTIVO
1004018,3308,38,Psje. Universitaria 7502,MT,4,2013-05-29 15:45:32,ACTIVO
1004019,3309,30,Jr. Venezuela 8354,BT,5,2006-04-07 03:04:51,ACTIVO
1004020,3310,21,Pasaje Bolívar 2832,BT,5,2000-09-22 04:35:41,ACTIVO
1004021,3310,21,Psje. La Molina 3548,BT,6,2007-02-24 06:52:57,ACTIVO
1004022,3311,6,Psje. La Molina 9717,BT,8,2017-07-14 01:03:17,ACTIVO
1004023,3312,15,Av. La Molina 6972,BT,5,2003-12-30 23:25:43,ACTIVO
1004024,3312,15,Psje. Venezuela 4039,BT,6,2018-09-08 09:28:58,ACTIVO
1004025,3313,26,Psje. Panamericana 7624,BT,5,2002-06-26 01:44:21,ACTIVO
1004026,3314,20,Pasaje Progreso 3143,BT,2,2003-06-27 22:31:20,ACTIVO
1004027,3315,5,Calle La Molina 4486,BT,6,2017-11-09 11:12:37,ACTIVO
1004028,3316,13,Pasaje La Molina 557,BT,2,2006-02-06 01:52:54,ACTIVO
1004029,3317,15,Av. La Molina 1229,BT,5,2007-07-11 19:01:25,ACTIVO
1004030,3318,3,Av. Venezuela 6619,BT,4,2010-09-29 03:02:53,ACTIVO
1004031,3319,39,Pasaje Venezuela 5611,BT,5,2020-12-22 06:48:35,ACTIVO
1004032,3319,39,Calle Los Pinos 3815,BT,7,2000-07-14 02:32:04,ACTIVO
1004033,3320,29,Jr. Universitaria 7620,BT,2,2009-11-18 19:14:25,ACTIVO
1004034,3321,15,Psje. Los Pinos 8731,BT,3,2009-07-05 16:18:59,ACTIVO
1004035,3321,15,Av. Universitaria 451,BT,7,2013-10-01 00:32:50,ACTIVO
1004036,3322,11,Jr. Grau 6724,BT,3,2014-09-19 23:44:56,ACTIVO
1004037,3322,11,Jr. Panamericana 4119,BT,2,2011-09-11 21:38:02,ACTIVO
1004038,3323,27,Psje. Bolívar 3261,BT,4,2006-06-09 18:40:06,ACTIVO
1004039,3324,29,Calle Progreso 8033,BT,8,2016-10-20 05:38:36,ACTIVO
1004040,3325,7,Pasaje San Martín 9830,BT,4,2018-04-29 19:51:50,ACTIVO
1004041,3326,7,Calle Los Pinos 649,BT,4,2001-01-28 16:59:18,ACTIVO
1004042,3327,4,Psje. Bolívar 2401,MT,2,2006-02-07 06:52:32,ACTIVO
1004043,3328,15,Calle Panamericana 9401,BT,5,2006-05-22 15:45:58,ACTIVO
1004044,3329,4,Calle Los Pinos 1301,BT,1,2014-10-27 04:59:35,ACTIVO
1004045,3329,4,Psje. Grau 9050,BT,4,2018-12-31 03:29:25,ACTIVO
1004046,3330,30,Pasaje Progreso 5574,MT,7,2016-05-21 16:21:34,ACTIVO
1004047,3331,15,Av. La Molina 1191,BT,2,2005-10-10 03:09:55,ACTIVO
1004048,3332,13,Pasaje Venezuela 3171,BT,7,2010-01-02 01:09:40,ACTIVO
1004049,3332,13,Av. Universitaria 652,BT,2,2019-09-14 23:02:28,ACTIVO
1004050,3333,42,Psje. Panamericana 2959,BT,7,2004-04-21 00:59:07,ACTIVO
1004051,3334,9,Jr. La Molina 4047,BT,4,2015-03-24 03:21:42,ACTIVO
1004052,3334,9,Calle Grau 4837,BT,6,2005-11-25 15:17:14,ACTIVO
1004053,3335,17,Psje. Los Pinos 3370,BT,7,2012-06-09 21:43:19,ACTIVO
1004054,3336,17,Calle Panamericana 2380,BT,4,2015-05-28 22:32:15,ACTIVO
1004055,3337,28,Psje. Bolívar 917,BT,5,2016-05-29 08:19:52,ACTIVO
1004056,3338,7,Jr. Los Pinos 8779,BT,8,2007-04-29 20:43:38,ACTIVO
1004057,3338,7,Calle Progreso 1906,MT,7,2003-12-30 13:39:54,ACTIVO
1004058,3339,39,Calle La Molina 3935,BT,7,2000-04-11 13:16:08,ACTIVO
1004059,3339,39,Av. Grau 5892,BT,3,2001-09-03 14:53:28,ACTIVO
1004060,3340,28,Pasaje Panamericana 7786,BT,7,2014-08-15 03:10:19,ACTIVO
1004061,3341,13,Av. Venezuela 2957,BT,7,2018-05-23 07:45:35,INACTIVO
1004062,3342,7,Jr. Universitaria 2013,BT,5,2003-06-20 18:44:43,ACTIVO
1004063,3342,7,Av. La Molina 5702,BT,1,2002-07-09 17:58:22,ACTIVO
1004064,3343,9,Jr. Grau 4723,BT,4,2019-01-14 22:27:42,ACTIVO
1004065,3344,4,Jr. La Molina 9209,BT,6,2002-02-15 06:57:28,ACTIVO
1004066,3344,4,Psje. Bolívar 5257,BT,3,2020-10-31 22:45:16,ACTIVO
1004067,3345,15,Calle Progreso 7316,BT,8,2020-11-08 04:28:23,ACTIVO
1004068,3346,40,Av. Venezuela 2142,BT,8,2014-07-29 19:30:59,ACTIVO
1004069,3347,6,Av. Bolívar 7684,BT,4,2006-01-24 15:22:58,ACTIVO
1004070,3347,6,Psje. El Sol 1365,BT,3,2017-10-16 06:59:18,ACTIVO
1004071,3348,32,Jr. Universitaria 619,BT,6,2012-05-21 16:47:08,ACTIVO
1004072,3349,40,Calle Panamericana 3678,BT,3,2011-07-23 06:09:45,ACTIVO
1004073,3350,15,Jr. El Sol 2778,BT,1,2008-04-20 16:58:18,ACTIVO
1004074,3351,9,Calle San Martín 1765,BT,6,2009-07-15 10:21:31,ACTIVO
1004075,3351,9,Calle La Molina 291,BT,1,2005-01-04 15:45:46,ACTIVO
1004076,3352,3,Jr. Universitaria 2627,BT,7,2017-11-23 07:45:31,ACTIVO
1004077,3353,17,Jr. Venezuela 3608,BT,1,2003-12-26 16:35:31,ACTIVO
1004078,3354,15,Pasaje El Sol 8810,BT,2,2011-05-27 02:42:01,ACTIVO
1004079,3355,15,Calle Bolívar 7026,BT,1,2007-07-19 09:16:57,ACTIVO
1004080,3356,28,Jr. El Sol 7831,BT,6,2006-03-21 22:18:26,ACTIVO
1004081,3356,28,Pasaje Panamericana 2795,BT,2,2011-12-19 14:19:27,ACTIVO
1004082,3357,29,Calle Universitaria 1067,BT,2,2017-09-19 23:51:45,ACTIVO
1004083,3358,30,Pasaje Venezuela 5095,BT,2,2016-09-14 08:04:37,ACTIVO
1004084,3359,41,Calle Grau 9959,BT,7,2014-04-27 11:49:08,ACTIVO
1004085,3359,41,Pasaje Universitaria 3919,BT,6,2008-04-19 22:41:41,ACTIVO
1004086,3359,41,Jr. Los Pinos 3285,BT,7,2002-12-23 11:52:36,ACTIVO
1004087,3360,29,Pasaje El Sol 3051,BT,6,2005-02-24 12:46:32,ACTIVO
1004088,3360,29,Av. Progreso 6073,BT,8,2001-11-23 22:30:04,ACTIVO
1004089,3360,29,Av. Progreso 3784,BT,3,2015-01-01 04:41:06,ACTIVO
1004090,3361,5,Av. Panamericana 923,BT,8,2007-09-02 09:39:42,ACTIVO
1004091,3362,40,Pasaje Venezuela 2483,BT,7,2008-02-05 01:59:05,ACTIVO
1004092,3363,43,Calle Grau 4786,BT,7,2015-01-22 23:14:22,ACTIVO
1004093,3363,43,Pasaje San Martín 4187,BT,1,2000-03-30 08:31:22,ACTIVO
1004094,3363,43,Psje. Venezuela 9912,BT,5,2014-06-17 23:48:36,ACTIVO
1004095,3364,4,Jr. Bolívar 4714,BT,5,2012-03-24 10:14:23,ACTIVO
1004096,3365,28,Psje. Los Pinos 8726,BT,6,2015-11-26 21:43:31,ACTIVO
1004097,3366,2,Pasaje Bolívar 2302,BT,8,2016-06-20 09:04:40,ACTIVO
1004098,3367,3,Psje. Bolívar 9292,BT,5,2005-01-16 07:15:44,ACTIVO
1004099,3368,43,Psje. Venezuela 2967,BT,3,2007-07-09 21:39:10,ACTIVO
1004100,3369,29,Av. Universitaria 7953,BT,6,2011-03-05 12:47:03,ACTIVO
1004101,3370,15,Psje. Venezuela 2309,BT,6,2007-05-06 06:19:12,ACTIVO
1004102,3371,7,Av. El Sol 4451,BT,8,2001-05-25 02:24:59,ACTIVO
1004103,3372,27,Pasaje Progreso 9166,BT,5,2009-01-19 01:47:09,ACTIVO
1004104,3372,27,Pasaje Universitaria 5263,BT,3,2015-11-09 02:18:59,ACTIVO
1004105,3373,42,Jr. Venezuela 8088,MT,6,2005-05-31 15:43:20,ACTIVO
1004106,3374,4,Pasaje Grau 4228,BT,1,2010-04-17 21:18:05,ACTIVO
1004107,3375,39,Psje. Bolívar 588,BT,6,2013-09-27 00:55:04,ACTIVO
1004108,3376,7,Pasaje Venezuela 1170,BT,1,2019-06-13 07:42:45,ACTIVO
1004109,3376,7,Av. Los Pinos 3068,BT,7,2009-11-25 04:16:18,ACTIVO
1004110,3377,39,Psje. Los Pinos 833,BT,8,2013-07-12 14:19:53,ACTIVO
1004111,3378,3,Psje. Progreso 5159,BT,7,2015-07-08 22:22:47,ACTIVO
1004112,3379,26,Pasaje Universitaria 1452,BT,8,2020-05-20 15:53:28,ACTIVO
1004113,3380,38,Jr. Venezuela 1037,BT,1,2023-05-13 00:00:00,ACTIVO
1004114,3381,43,Pasaje La Molina 5562,BT,4,2002-08-13 03:58:18,ACTIVO
1004115,3382,38,Jr. Venezuela 554,BT,7,2004-09-08 03:50:01,SUSPENDIDO
1004116,3383,24,Av. Universitaria 3799,BT,7,2013-05-25 15:58:28,ACTIVO
1004117,3384,5,Pasaje Panamericana 1561,BT,5,2005-02-03 23:53:04,ACTIVO
1004118,3385,18,Pasaje Grau 7921,BT,3,2001-09-14 13:14:55,SUSPENDIDO
1004119,3385,18,Jr. Progreso 7313,BT,5,2020-01-21 06:32:45,ACTIVO
1004120,3386,15,Av. San Martín 752,BT,1,2002-02-14 23:11:28,ACTIVO
1004121,3386,15,Jr. Bolívar 5998,BT,6,2001-12-26 16:55:44,ACTIVO
1004122,3387,43,Psje. Panamericana 6058,BT,4,2000-12-18 23:13:18,ACTIVO
1004123,3388,29,Jr. La Molina 5614,BT,5,2005-01-20 06:57:00,ACTIVO
1004124,3388,29,Av. Los Pinos 9914,BT,6,2006-12-27 03:30:33,ACTIVO
1004125,3389,7,Calle San Martín 8368,BT,1,2009-07-18 05:54:33,ACTIVO
1004126,3390,40,Psje. Grau 7649,BT,4,2019-06-20 00:51:25,ACTIVO
1004127,3391,17,Jr. Grau 1700,BT,1,2003-07-20 07:20:52,ACTIVO
1004128,3392,30,Psje. Bolívar 9561,BT,7,2015-07-07 00:48:09,ACTIVO
1004129,3393,38,Pasaje Bolívar 3416,BT,6,2012-11-08 11:31:40,ACTIVO
1004130,3394,7,Calle Panamericana 4392,BT,6,2020-04-23 07:14:35,ACTIVO
1004131,3395,9,Av. Panamericana 9397,BT,4,2005-11-06 09:19:54,ACTIVO
1004132,3396,3,Calle Universitaria 8779,BT,7,2014-06-02 23:16:06,ACTIVO
1004133,3397,7,Av. El Sol 1906,BT,2,2007-07-22 13:01:27,INACTIVO
1004134,3398,15,Calle Universitaria 5558,BT,4,2016-11-05 17:25:46,ACTIVO
1004135,3399,18,Psje. Grau 4824,BT,1,2016-09-08 12:36:01,ACTIVO
1004136,3400,5,Av. Venezuela 7541,BT,8,2014-04-03 15:01:44,ACTIVO
1004137,3401,15,Calle El Sol 5287,BT,7,2004-05-11 09:10:31,ACTIVO
1004138,3402,3,Calle Venezuela 3173,BT,7,2013-03-11 19:19:31,ACTIVO
1004139,3403,38,Av. El Sol 3156,BT,6,2007-12-12 20:18:24,ACTIVO
1004140,3404,9,Jr. Bolívar 170,BT,3,2015-11-08 08:27:24,ACTIVO
1004141,3404,9,Pasaje Los Pinos 6126,BT,3,2002-12-26 02:31:11,ACTIVO
1004142,3405,42,Psje. San Martín 7827,BT,4,2001-04-23 15:30:49,ACTIVO
1004143,3406,39,Psje. Progreso 8417,BT,3,2010-04-12 19:50:14,ACTIVO
1004144,3407,7,Calle Los Pinos 6204,BT,1,2009-02-08 06:36:11,ACTIVO
1004145,3408,37,Calle Venezuela 6484,BT,6,2011-05-13 10:38:32,ACTIVO
1004146,3408,37,Psje. Universitaria 3073,BT,2,2016-05-11 20:07:13,ACTIVO
1004147,3409,30,Jr. El Sol 5720,BT,2,2008-06-05 09:21:59,ACTIVO
1004148,3410,9,Psje. Los Pinos 5478,BT,7,2017-09-09 09:12:02,ACTIVO
1004149,3411,12,Pasaje Los Pinos 4326,BT,7,2011-02-12 21:00:40,ACTIVO
1004150,3412,43,Pasaje La Molina 4928,MT,6,2007-09-04 10:06:49,ACTIVO
1004151,3413,28,Jr. San Martín 8910,BT,5,2014-04-19 12:18:00,ACTIVO
1004152,3414,15,Pasaje Grau 4280,BT,6,2008-11-13 23:56:52,ACTIVO
1004153,3415,4,Jr. Progreso 7329,MT,8,2011-08-06 19:46:04,ACTIVO
1004154,3416,31,Jr. Los Pinos 9645,BT,6,2008-09-27 02:25:20,ACTIVO
1004155,3417,19,Psje. Bolívar 3829,BT,3,2008-11-25 18:25:48,ACTIVO
1004156,3418,5,Calle Universitaria 618,BT,5,2020-04-24 06:24:26,ACTIVO
1004157,3419,3,Psje. El Sol 3440,BT,6,2000-03-11 07:54:13,ACTIVO
1004158,3420,9,Calle La Molina 3612,BT,3,2020-08-19 08:23:23,ACTIVO
1004159,3421,18,Calle Panamericana 7754,BT,3,2011-03-31 14:09:07,ACTIVO
1004160,3422,15,Calle Panamericana 5740,BT,7,2004-10-09 04:52:15,ACTIVO
1004161,3422,15,Jr. San Martín 8049,BT,7,2004-02-29 03:00:42,ACTIVO
1004162,3422,15,Pasaje San Martín 2061,BT,2,2016-11-10 03:18:22,ACTIVO
1004163,3423,37,Av. Grau 386,BT,4,2006-06-16 06:23:53,ACTIVO
1004164,3424,13,Psje. La Molina 266,BT,6,2020-11-15 12:00:33,ACTIVO
1004165,3424,13,Pasaje Los Pinos 4274,BT,5,2016-03-21 00:42:03,ACTIVO
1004166,3425,26,Av. Bolívar 8457,BT,1,2020-09-01 00:57:47,ACTIVO
1004167,3426,28,Jr. Grau 136,BT,2,2018-03-09 18:33:38,ACTIVO
1004168,3427,37,Calle Progreso 9399,BT,7,2004-01-14 10:31:04,ACTIVO
1004169,3428,32,Jr. Venezuela 6302,BT,3,2006-08-29 08:42:55,ACTIVO
1004170,3429,4,Av. Universitaria 2495,BT,2,2010-06-07 13:35:58,ACTIVO
1004171,3430,15,Jr. Bolívar 8720,BT,1,2010-07-21 16:41:08,ACTIVO
1004172,3431,7,Calle El Sol 7578,BT,6,2000-05-25 23:11:47,ACTIVO
1004173,3431,7,Psje. El Sol 9055,BT,4,2006-04-20 04:47:25,ACTIVO
1004174,3432,13,Av. Progreso 5705,BT,8,2014-11-13 08:32:18,INACTIVO
1004175,3433,32,Calle Panamericana 4938,BT,6,2008-02-15 08:36:54,ACTIVO
1004176,3434,29,Pasaje Universitaria 3129,BT,5,2019-02-14 02:51:48,ACTIVO
1004177,3435,43,Calle Venezuela 6449,BT,6,2007-04-09 14:24:51,ACTIVO
1004178,3436,3,Calle Los Pinos 1767,BT,2,2002-02-07 19:14:44,ACTIVO
1004179,3437,40,Calle Grau 7618,BT,6,2016-12-18 17:34:39,ACTIVO
1004180,3438,3,Av. Panamericana 6801,BT,7,2004-04-12 02:54:04,ACTIVO
1004181,3438,3,Pasaje La Molina 6819,BT,7,2024-09-30 00:00:00,ACTIVO
1004182,3439,5,Jr. Universitaria 9902,BT,2,2016-06-10 11:51:56,ACTIVO
1004183,3440,3,Calle La Molina 8048,BT,5,2010-01-16 17:03:40,ACTIVO
1004184,3441,4,Av. Panamericana 8979,MT,4,2005-12-01 07:56:19,ACTIVO
1004185,3442,25,Pasaje Progreso 6521,BT,1,2008-05-30 19:17:00,ACTIVO
1004186,3443,40,Pasaje Venezuela 5290,BT,1,2005-11-05 09:44:24,ACTIVO
1004187,3444,15,Psje. San Martín 4621,BT,5,2016-02-04 05:32:22,ACTIVO
1004188,3445,9,Av. San Martín 7584,BT,8,2011-08-25 23:34:22,SUSPENDIDO
1004189,3446,2,Psje. San Martín 1666,BT,7,2011-04-07 09:52:56,ACTIVO
1004190,3447,43,Av. Progreso 1369,BT,1,2016-11-21 21:35:11,ACTIVO
1004191,3448,24,Pasaje Grau 7876,BT,6,2000-09-02 05:22:33,ACTIVO
1004192,3448,24,Av. Universitaria 4615,BT,6,2017-06-27 12:46:27,ACTIVO
1004193,3449,7,Jr. Panamericana 940,BT,1,2010-11-08 09:18:49,ACTIVO
1004194,3450,5,Pasaje Panamericana 5493,BT,8,2016-06-24 21:13:20,ACTIVO
1004195,3451,5,Av. El Sol 2483,BT,2,2018-04-21 03:21:16,ACTIVO
1004196,3452,30,Psje. San Martín 8016,BT,8,2019-06-23 15:37:23,ACTIVO
1004197,3453,39,Av. La Molina 1767,BT,1,2020-12-21 05:36:20,ACTIVO
1004198,3454,43,Psje. La Molina 4592,BT,7,2003-01-23 11:29:47,ACTIVO
1004199,3455,5,Psje. Grau 1940,BT,2,2017-03-10 15:59:34,ACTIVO
1004200,3456,33,Calle Bolívar 7883,BT,2,2018-09-19 07:33:37,ACTIVO
1004201,3457,43,Calle Grau 4366,BT,7,2012-02-16 19:33:03,ACTIVO
1004202,3458,3,Calle La Molina 9370,BT,6,2009-12-13 10:44:10,ACTIVO
1004203,3459,13,Psje. Venezuela 3800,BT,6,2013-05-05 12:21:56,ACTIVO
1004204,3459,13,Jr. San Martín 6471,BT,6,2015-12-13 00:39:24,ACTIVO
1004205,3460,3,Calle Los Pinos 3859,BT,6,2013-12-12 04:33:14,ACTIVO
1004206,3461,30,Calle Panamericana 6940,BT,2,2000-08-28 18:36:47,ACTIVO
1004207,3462,15,Jr. Panamericana 1913,BT,4,2006-12-24 05:56:14,ACTIVO
1004208,3463,28,Calle San Martín 5083,BT,3,2010-08-05 01:22:20,ACTIVO
1004209,3464,29,Av. Venezuela 5541,BT,5,2013-05-25 05:19:15,ACTIVO
1004210,3465,5,Av. Bolívar 4607,BT,1,2012-04-18 10:31:33,ACTIVO
1004211,3466,3,Jr. San Martín 9524,BT,3,2014-11-09 23:32:35,INACTIVO
1004212,3467,26,Av. Panamericana 4953,BT,1,2017-10-14 21:07:54,ACTIVO
1004213,3468,15,Calle La Molina 6129,BT,2,2011-02-01 08:03:51,ACTIVO
1004214,3468,15,Pasaje San Martín 1699,BT,1,2015-08-24 00:04:00,ACTIVO
1004215,3469,16,Psje. Grau 770,BT,7,2019-10-07 15:32:34,ACTIVO
1004216,3470,39,Av. Progreso 6094,BT,2,2023-08-05 00:00:00,ACTIVO
1004217,3470,39,Pasaje Progreso 4658,BT,5,2004-09-21 20:28:18,ACTIVO
1004218,3471,20,Calle Panamericana 4416,BT,4,2014-07-09 06:05:15,ACTIVO
1004219,3472,34,Jr. Bolívar 7865,BT,5,2016-08-29 08:39:45,ACTIVO
1004220,3472,34,Calle Los Pinos 1087,BT,4,2010-04-01 18:05:16,ACTIVO
1004221,3473,25,Psje. Panamericana 8972,BT,4,2019-10-26 18:45:38,ACTIVO
1004222,3474,26,Jr. Panamericana 8261,BT,2,2017-02-04 03:23:20,ACTIVO
1004223,3475,31,Av. Universitaria 7875,BT,1,2005-02-17 03:17:46,ACTIVO
1004224,3475,31,Jr. La Molina 7703,BT,2,2010-10-25 16:36:52,ACTIVO
1004225,3476,29,Pasaje El Sol 2579,BT,8,2010-05-28 08:17:43,ACTIVO
1004226,3477,37,Psje. San Martín 4401,BT,2,2000-09-04 03:03:18,ACTIVO
1004227,3478,10,Calle Venezuela 6900,BT,3,2011-07-28 22:02:48,ACTIVO
1004228,3478,10,Pasaje El Sol 4448,BT,3,2006-02-04 07:20:09,ACTIVO
1004229,3479,19,Psje. La Molina 2195,BT,5,2010-10-09 22:40:20,ACTIVO
1004230,3480,29,Jr. Universitaria 379,BT,1,2007-06-29 20:00:57,ACTIVO
1004231,3481,9,Av. Los Pinos 3758,BT,6,2009-11-16 13:06:32,ACTIVO
1004232,3482,39,Calle El Sol 2584,BT,8,2011-04-10 10:33:12,ACTIVO
1004233,3482,39,Jr. Grau 4227,BT,3,2005-09-05 04:38:57,ACTIVO
1004234,3483,14,Pasaje Bolívar 2610,BT,3,2014-11-22 07:50:43,ACTIVO
1004235,3484,43,Calle El Sol 3767,BT,5,2004-05-07 09:41:25,ACTIVO
1004236,3485,28,Pasaje Venezuela 5390,BT,5,2013-12-27 06:14:00,ACTIVO
1004237,3486,30,Jr. La Molina 2881,BT,1,2009-12-26 23:24:10,ACTIVO
1004238,3486,30,Av. La Molina 1627,BT,4,2019-05-10 20:51:19,ACTIVO
1004239,3487,17,Pasaje Venezuela 1949,BT,7,2001-06-10 12:59:17,ACTIVO
1004240,3488,30,Pasaje Progreso 6050,BT,4,2001-06-13 11:31:39,ACTIVO
1004241,3489,43,Calle La Molina 3759,BT,7,2004-08-22 20:38:53,ACTIVO
1004242,3489,43,Av. San Martín 5544,BT,4,2014-12-07 02:50:29,ACTIVO
1004243,3489,43,Av. La Molina 5446,BT,3,2006-06-11 22:40:28,ACTIVO
1004244,3490,6,Av. El Sol 6630,BT,3,2007-11-28 00:20:26,ACTIVO
1004245,3491,20,Psje. Venezuela 8021,BT,1,2019-11-28 12:17:13,ACTIVO
1004246,3491,20,Av. Los Pinos 790,BT,3,2013-10-31 23:15:24,ACTIVO
1004247,3492,22,Jr. La Molina 6744,BT,5,2007-12-13 16:21:45,ACTIVO
1004248,3492,22,Psje. El Sol 2079,BT,8,2013-01-14 12:35:45,ACTIVO
1004249,3493,15,Av. Grau 4381,BT,8,2006-07-10 21:34:36,ACTIVO
1004250,3493,15,Pasaje Venezuela 9798,BT,7,2010-04-29 03:30:01,ACTIVO
1004251,3494,43,Av. Panamericana 2709,BT,6,2000-07-07 20:35:08,ACTIVO
1004252,3495,9,Jr. Grau 3369,BT,4,2003-05-27 00:51:11,ACTIVO
1004253,3496,2,Av. Progreso 4558,BT,5,2003-03-03 04:50:58,ACTIVO
1004254,3497,28,Av. Panamericana 850,BT,6,2020-10-17 07:45:27,ACTIVO
1004255,3498,15,Av. Venezuela 4186,BT,7,2009-06-05 19:07:03,ACTIVO
1004256,3498,15,Jr. Progreso 8868,BT,5,2015-06-08 06:15:55,ACTIVO
1004257,3498,15,Psje. Grau 190,BT,8,2015-02-23 13:44:15,ACTIVO
1004258,3499,26,Jr. Grau 995,BT,4,2016-05-18 07:35:47,ACTIVO
1004259,3500,35,Psje. Bolívar 9207,BT,3,2013-08-24 11:38:52,ACTIVO
1004260,3501,30,Pasaje Grau 9118,BT,4,2016-04-21 04:44:27,ACTIVO
1004261,3501,30,Pasaje Los Pinos 6117,BT,3,2019-07-03 22:37:08,ACTIVO
1004262,3501,30,Pasaje La Molina 7604,BT,6,2010-09-01 17:19:01,ACTIVO
1004263,3502,22,Pasaje El Sol 5502,BT,5,2009-02-06 15:57:28,ACTIVO
1004264,3503,21,Av. El Sol 3227,BT,5,2009-02-22 20:10:17,ACTIVO
1004265,3504,29,Pasaje La Molina 8300,BT,7,2000-11-05 03:38:15,ACTIVO
1004266,3505,15,Calle El Sol 9587,BT,5,2017-06-10 22:31:50,ACTIVO
1004267,3506,26,Calle Bolívar 9039,BT,3,2019-11-14 14:32:58,ACTIVO
1004268,3507,3,Calle Progreso 6361,BT,8,2003-11-13 14:07:36,ACTIVO
1004269,3508,15,Av. Los Pinos 9221,BT,3,2005-06-12 02:44:05,ACTIVO
1004270,3509,17,Psje. Grau 1100,BT,5,2007-06-29 23:25:31,ACTIVO
1004271,3510,30,Jr. San Martín 7713,BT,2,2003-01-07 00:22:10,ACTIVO
1004272,3511,29,Av. Grau 8694,BT,8,2014-06-16 00:10:28,ACTIVO
1004273,3512,9,Psje. Venezuela 2893,BT,7,2018-07-09 22:42:59,ACTIVO
1004274,3513,30,Calle Los Pinos 9420,BT,7,2013-11-25 08:47:28,ACTIVO
1004275,3514,10,Calle Universitaria 8939,BT,4,2005-03-05 01:21:38,ACTIVO
1004276,3515,9,Jr. Panamericana 5298,BT,8,2001-12-16 00:44:29,ACTIVO
1004277,3515,9,Pasaje Venezuela 1676,BT,7,2011-10-04 01:48:48,ACTIVO
1004278,3515,9,Calle San Martín 2278,BT,3,2020-05-09 19:20:10,INACTIVO
1004279,3516,5,Jr. Panamericana 6474,BT,1,2004-11-26 16:51:51,ACTIVO
1004280,3517,30,Psje. Progreso 3317,BT,1,2001-09-01 11:57:05,ACTIVO
1004281,3518,13,Pasaje Universitaria 2797,BT,7,2000-11-23 18:18:30,ACTIVO
1004282,3519,43,Psje. Progreso 9862,BT,7,2014-06-23 06:09:11,ACTIVO
1004283,3520,26,Av. Universitaria 9306,BT,8,2006-12-01 13:17:11,ACTIVO
1004284,3521,9,Av. Progreso 2160,BT,4,2000-09-06 10:36:36,ACTIVO
1004285,3522,3,Pasaje Universitaria 3068,BT,3,2016-11-10 02:19:16,ACTIVO
1004286,3523,15,Psje. Bolívar 3635,MT,8,2015-12-14 11:49:05,ACTIVO
1004287,3524,40,Calle San Martín 6385,BT,1,2002-11-27 22:45:48,ACTIVO
1004288,3524,40,Psje. Grau 9418,BT,6,2019-06-07 00:50:40,ACTIVO
1004289,3525,3,Calle Venezuela 7110,BT,4,2005-03-01 20:42:41,ACTIVO
1004290,3526,25,Av. El Sol 9573,MT,8,2010-03-03 16:06:14,ACTIVO
1004291,3526,25,Psje. Los Pinos 8274,BT,5,2023-12-29 00:00:00,ACTIVO
1004292,3527,19,Calle Panamericana 2824,BT,7,2018-07-31 08:54:14,ACTIVO
1004293,3528,7,Pasaje La Molina 5503,BT,6,2007-08-02 10:57:24,ACTIVO
1004294,3529,8,Calle San Martín 6772,BT,2,2016-01-16 15:13:37,ACTIVO
1004295,3530,9,Jr. San Martín 7266,BT,3,2003-03-31 12:44:31,ACTIVO
1004296,3531,7,Psje. San Martín 6197,BT,2,2004-10-07 03:56:46,ACTIVO
1004297,3532,33,Pasaje Progreso 6108,BT,1,2002-03-04 09:43:22,ACTIVO
1004298,3533,13,Psje. Venezuela 4500,BT,7,2019-06-03 15:07:10,ACTIVO
1004299,3533,13,Jr. Progreso 1076,BT,2,2016-12-02 21:10:05,ACTIVO
1004300,3534,7,Psje. Panamericana 2535,BT,7,2010-12-08 11:49:25,ACTIVO
1004301,3535,12,Av. Panamericana 6901,BT,3,2001-05-28 09:49:59,ACTIVO
1004302,3536,15,Calle Los Pinos 7097,BT,4,2001-10-07 01:46:24,ACTIVO
1004303,3536,15,Jr. Grau 7685,BT,3,2020-07-09 17:57:55,ACTIVO
1004304,3537,9,Jr. San Martín 4989,BT,1,2019-07-11 14:33:00,ACTIVO
1004305,3538,37,Pasaje La Molina 3796,BT,8,2016-10-05 09:52:01,ACTIVO
1004306,3539,7,Calle Bolívar 747,BT,7,2007-01-05 20:01:55,ACTIVO
1004307,3540,31,Pasaje El Sol 4166,BT,1,2002-05-30 15:04:34,ACTIVO
1004308,3541,9,Psje. San Martín 9314,BT,4,2023-09-12 00:00:00,ACTIVO
1004309,3541,9,Jr. San Martín 3111,BT,2,2009-05-30 07:59:29,ACTIVO
1004310,3542,19,Pasaje Panamericana 7875,BT,7,2005-02-03 17:51:43,ACTIVO
1004311,3543,12,Jr. Panamericana 2210,BT,2,2002-05-16 13:59:48,ACTIVO
1004312,3544,15,Av. Los Pinos 8400,MT,4,2002-01-18 15:53:18,ACTIVO
1004313,3545,3,Jr. Universitaria 3972,BT,2,2008-10-03 09:12:03,ACTIVO
1004314,3545,3,Calle El Sol 1665,BT,1,2015-03-03 03:14:39,ACTIVO
1004315,3546,15,Jr. San Martín 4600,BT,5,2013-05-18 03:41:38,ACTIVO
1004316,3547,7,Av. Grau 1651,BT,2,2016-08-17 18:16:39,ACTIVO
1004317,3548,28,Av. Progreso 2267,BT,4,2018-02-25 12:36:44,ACTIVO
1004318,3549,10,Psje. San Martín 2307,BT,2,2005-12-08 14:10:41,ACTIVO
1004319,3549,10,Calle La Molina 8277,BT,2,2004-12-24 17:15:32,ACTIVO
1004320,3550,15,Av. Progreso 4652,BT,5,2023-05-26 00:00:00,ACTIVO
1004321,3550,15,Av. Progreso 7223,BT,2,2010-01-20 18:16:19,ACTIVO
1004322,3551,19,Av. Panamericana 1860,BT,7,2016-09-08 16:49:56,ACTIVO
1004323,3552,9,Jr. Venezuela 7603,BT,4,2018-02-12 09:07:17,ACTIVO
1004324,3553,28,Pasaje El Sol 2966,BT,7,2007-08-11 14:08:10,ACTIVO
1004325,3554,5,Pasaje Venezuela 1231,BT,7,2016-05-09 14:04:29,ACTIVO
1004326,3555,7,Pasaje Bolívar 5486,BT,4,2000-11-05 11:03:19,ACTIVO
1004327,3556,7,Psje. Progreso 8150,BT,4,2009-11-19 12:03:40,ACTIVO
1004328,3557,10,Av. Universitaria 6478,BT,1,2005-08-17 16:33:35,ACTIVO
1004329,3558,32,Pasaje Bolívar 5156,MT,7,2019-12-31 01:18:51,ACTIVO
1004330,3559,8,Psje. El Sol 4462,BT,1,2018-05-24 13:10:19,ACTIVO
1004331,3560,29,Av. Los Pinos 896,BT,8,2018-04-10 22:43:02,INACTIVO
1004332,3561,20,Jr. La Molina 2393,BT,5,2009-04-12 01:44:49,ACTIVO
1004333,3561,20,Av. San Martín 6217,BT,5,2017-12-13 19:05:41,ACTIVO
1004334,3562,15,Pasaje Universitaria 9817,BT,3,2010-07-29 20:50:10,ACTIVO
1004335,3563,3,Av. Grau 2739,BT,4,2004-07-10 06:32:47,ACTIVO
1004336,3564,29,Av. Grau 3725,BT,6,2017-05-18 03:17:28,ACTIVO
1004337,3564,29,Calle Bolívar 8942,BT,8,2016-09-06 21:40:12,ACTIVO
1004338,3564,29,Pasaje Bolívar 230,BT,3,2015-01-04 17:15:40,ACTIVO
1004339,3565,26,Jr. San Martín 8689,BT,4,2002-09-16 14:46:22,ACTIVO
1004340,3566,11,Jr. Progreso 9294,BT,4,2016-12-07 01:31:59,ACTIVO
1004341,3567,31,Av. Progreso 6257,BT,3,2003-05-18 20:58:34,ACTIVO
1004342,3568,34,Calle Universitaria 493,BT,6,2024-07-11 00:00:00,ACTIVO
1004343,3569,25,Psje. Grau 3749,BT,6,2005-06-06 20:02:25,ACTIVO
1004344,3570,43,Av. Venezuela 6659,BT,3,2012-01-01 15:53:16,ACTIVO
1004345,3571,3,Calle La Molina 3445,BT,4,2000-08-25 16:19:49,ACTIVO
1004346,3571,3,Av. La Molina 2785,BT,8,2002-09-28 08:07:55,ACTIVO
1004347,3572,2,Psje. La Molina 9025,BT,3,2005-08-24 00:41:58,ACTIVO
1004348,3572,2,Jr. La Molina 665,BT,1,2004-11-30 16:58:42,ACTIVO
1004349,3573,31,Pasaje San Martín 6562,BT,8,2005-11-05 23:32:19,ACTIVO
1004350,3574,9,Av. La Molina 9403,BT,2,2008-03-05 10:51:11,ACTIVO
1004351,3574,9,Jr. Progreso 7610,BT,2,2013-01-22 23:43:43,SUSPENDIDO
1004352,3575,28,Jr. La Molina 5403,BT,7,2004-03-02 06:04:30,SUSPENDIDO
1004353,3576,28,Av. San Martín 7711,BT,1,2006-05-05 17:49:42,ACTIVO
1004354,3577,15,Psje. Panamericana 7875,BT,4,2020-04-30 18:26:47,ACTIVO
1004355,3578,28,Pasaje Progreso 1978,BT,5,2010-09-21 22:44:52,ACTIVO
1004356,3579,15,Av. San Martín 5677,BT,1,2000-02-17 16:54:21,ACTIVO
1004357,3580,38,Jr. El Sol 7918,BT,3,2004-12-03 22:12:54,ACTIVO
1004358,3581,7,Jr. Progreso 4457,BT,8,2018-11-16 23:44:58,ACTIVO
1004359,3582,43,Pasaje Venezuela 7345,BT,6,2014-11-09 05:23:53,ACTIVO
1004360,3583,26,Av. Venezuela 4780,BT,2,2014-01-29 15:40:17,ACTIVO
1004361,3584,28,Av. El Sol 7297,BT,4,2006-01-12 07:31:38,ACTIVO
1004362,3585,43,Calle Panamericana 5246,BT,6,2006-08-28 23:17:40,ACTIVO
1004363,3585,43,Psje. San Martín 6737,BT,3,2015-08-02 02:38:04,ACTIVO
1004364,3586,15,Jr. Progreso 2047,BT,8,2014-01-27 04:41:04,ACTIVO
1004365,3587,39,Pasaje Universitaria 2077,BT,5,2005-06-09 13:47:22,ACTIVO
1004366,3588,25,Pasaje Grau 271,BT,5,2007-01-03 00:10:40,ACTIVO
1004367,3589,40,Psje. El Sol 6312,BT,7,2003-01-13 07:46:05,ACTIVO
1004368,3590,40,Jr. El Sol 8906,BT,2,2020-09-02 09:13:13,ACTIVO
1004369,3591,26,Psje. Los Pinos 7649,BT,2,2002-10-18 13:59:53,ACTIVO
1004370,3591,26,Calle Panamericana 5660,BT,6,2013-10-23 02:45:15,SUSPENDIDO
1004371,3592,15,Psje. Grau 4057,BT,2,2015-06-16 03:10:37,ACTIVO
1004372,3592,15,Jr. Los Pinos 9976,BT,7,2011-03-16 13:10:07,ACTIVO
1004373,3593,29,Pasaje Bolívar 9482,BT,6,2006-05-16 05:13:35,SUSPENDIDO
1004374,3594,29,Psje. Grau 1029,BT,6,2004-06-02 20:56:10,ACTIVO
1004375,3595,1,Jr. Los Pinos 2611,BT,8,2010-10-15 19:10:50,ACTIVO
1004376,3596,41,Jr. El Sol 6298,BT,5,2016-12-29 08:58:50,ACTIVO
1004377,3597,19,Calle Bolívar 5814,BT,1,2015-04-05 15:50:30,ACTIVO
1004378,3597,19,Av. San Martín 8035,BT,5,2006-01-02 02:35:47,ACTIVO
1004379,3598,3,Psje. Bolívar 557,BT,2,2009-01-22 00:36:44,ACTIVO
1004380,3599,15,Av. Los Pinos 379,BT,5,2020-03-01 20:08:08,ACTIVO
1004381,3600,15,Pasaje Venezuela 2796,BT,5,2020-07-26 22:39:09,ACTIVO
1004382,3601,43,Pasaje Venezuela 9563,BT,7,2003-10-14 15:57:32,ACTIVO
1004383,3602,43,Pasaje Universitaria 3958,BT,4,2014-02-05 03:01:35,ACTIVO
1004384,3603,16,Jr. La Molina 2267,BT,4,2018-04-23 23:28:39,ACTIVO
1004385,3604,38,Av. Progreso 392,BT,2,2007-04-08 22:56:27,ACTIVO
1004386,3605,40,Jr. Grau 4426,BT,7,2018-06-10 11:49:55,ACTIVO
1004387,3606,29,Calle Grau 5351,BT,1,2014-04-07 17:00:50,ACTIVO
1004388,3607,19,Psje. Universitaria 8145,BT,3,2001-03-19 10:25:31,ACTIVO
1004389,3608,19,Psje. Bolívar 2405,BT,2,2011-09-01 07:24:17,ACTIVO
1004390,3608,19,Calle El Sol 6909,BT,3,2004-08-25 16:22:53,ACTIVO
1004391,3609,1,Psje. El Sol 6243,BT,5,2002-06-14 02:17:29,ACTIVO
1004392,3610,15,Jr. Los Pinos 4274,BT,7,2013-07-01 21:27:51,ACTIVO
1004393,3611,28,Jr. Universitaria 3445,BT,4,2005-02-24 04:02:38,ACTIVO
1004394,3612,26,Jr. Progreso 2434,BT,4,2012-11-22 11:32:55,ACTIVO
1004395,3613,38,Psje. El Sol 8885,BT,8,2004-12-10 17:57:44,ACTIVO
1004396,3614,14,Pasaje La Molina 2248,BT,6,2006-05-20 10:50:05,SUSPENDIDO
1004397,3614,14,Psje. San Martín 4540,BT,3,2019-12-31 16:21:41,ACTIVO
1004398,3615,13,Av. Venezuela 1465,BT,7,2009-11-20 20:02:38,ACTIVO
1004399,3616,30,Av. Progreso 8981,BT,4,2010-03-03 08:18:29,ACTIVO
1004400,3617,20,Psje. Progreso 7367,BT,5,2019-10-11 02:14:56,ACTIVO
1004401,3618,15,Calle La Molina 3919,BT,5,2008-10-31 14:31:37,ACTIVO
1004402,3618,15,Pasaje El Sol 4655,BT,5,2012-08-18 10:25:38,ACTIVO
1004403,3619,22,Psje. San Martín 6104,BT,1,2017-03-03 02:43:57,ACTIVO
1004404,3620,7,Jr. Progreso 7665,BT,5,2001-11-10 05:13:28,ACTIVO
1004405,3621,3,Jr. Venezuela 2446,BT,6,2010-02-10 13:11:39,ACTIVO
1004406,3621,3,Psje. Universitaria 1459,BT,8,2022-10-31 00:00:00,ACTIVO
1004407,3622,29,Jr. Los Pinos 255,BT,2,2006-06-02 23:24:07,ACTIVO
1004408,3623,28,Jr. Venezuela 4776,BT,4,2008-09-09 01:38:20,ACTIVO
1004409,3624,3,Jr. Progreso 1904,BT,7,2017-11-02 15:55:38,ACTIVO
1004410,3624,3,Calle La Molina 3092,BT,2,2008-10-03 13:43:53,INACTIVO
1004411,3625,28,Av. Universitaria 2943,BT,8,2012-09-28 10:41:08,ACTIVO
1004412,3626,30,Av. San Martín 6829,BT,4,2019-11-14 18:49:35,SUSPENDIDO
1004413,3626,30,Psje. El Sol 9237,BT,1,2003-02-08 15:51:45,ACTIVO
1004414,3627,28,Jr. Venezuela 5381,BT,1,2011-07-04 12:32:18,ACTIVO
1004415,3628,3,Av. El Sol 1559,MT,3,2019-01-14 05:11:43,ACTIVO
1004416,3629,5,Av. Venezuela 938,BT,3,2007-09-14 04:03:32,ACTIVO
1004417,3630,7,Pasaje Universitaria 6485,BT,3,2009-12-25 07:59:14,ACTIVO
1004418,3631,5,Jr. El Sol 7560,BT,3,2019-02-05 16:44:25,ACTIVO
1004419,3632,15,Pasaje Venezuela 8505,BT,7,2011-08-28 04:01:50,ACTIVO
1004420,3633,30,Psje. Bolívar 1679,BT,7,2012-09-26 13:32:41,ACTIVO
1004421,3634,5,Pasaje San Martín 3897,BT,6,2000-09-20 06:09:12,ACTIVO
1004422,3635,15,Jr. San Martín 9666,BT,5,2015-01-23 12:17:04,ACTIVO
1004423,3636,3,Pasaje El Sol 8607,BT,8,2005-05-18 14:57:32,ACTIVO
1004424,3637,15,Calle Grau 4603,BT,7,2005-08-15 02:19:59,INACTIVO
1004425,3638,28,Av. San Martín 8427,BT,7,2010-05-31 03:36:51,ACTIVO
1004426,3639,40,Pasaje Venezuela 1959,BT,8,2000-05-22 05:01:38,SUSPENDIDO
1004427,3639,40,Calle Grau 5562,BT,8,2023-12-10 00:00:00,ACTIVO
1004428,3640,7,Jr. El Sol 1472,BT,1,2012-01-03 17:05:09,ACTIVO
1004429,3641,5,Calle Los Pinos 7788,BT,5,2011-10-14 13:44:44,ACTIVO
1004430,3641,5,Psje. Venezuela 5665,BT,3,2020-02-02 23:21:39,ACTIVO
1004431,3641,5,Av. Universitaria 5480,BT,3,2017-02-13 03:00:26,ACTIVO
1004432,3642,19,Calle Panamericana 2303,BT,3,2001-10-13 00:59:45,ACTIVO
1004433,3643,3,Jr. Universitaria 8378,BT,6,2017-12-15 03:08:45,ACTIVO
1004434,3644,1,Calle Los Pinos 2127,BT,6,2010-05-07 11:56:50,INACTIVO
1004435,3644,1,Jr. El Sol 9043,BT,7,2012-04-19 10:00:15,ACTIVO
1004436,3645,9,Av. Bolívar 3614,BT,1,2008-10-27 13:41:32,ACTIVO
1004437,3646,42,Calle Grau 285,BT,1,2012-09-28 10:36:49,ACTIVO
1004438,3647,5,Psje. El Sol 150,BT,3,2008-12-01 07:10:45,SUSPENDIDO
1004439,3648,5,Calle Universitaria 2223,BT,3,2010-10-11 07:01:15,ACTIVO
1004440,3649,26,Pasaje San Martín 6960,BT,1,2015-12-07 22:11:22,ACTIVO
1004441,3650,23,Pasaje La Molina 9724,BT,2,2015-06-09 00:04:25,ACTIVO
1004442,3651,1,Calle Los Pinos 2991,BT,2,2000-06-30 01:06:35,ACTIVO
1004443,3652,43,Psje. Progreso 7883,BT,4,2010-09-14 08:00:44,INACTIVO
1004444,3652,43,Psje. Universitaria 8592,BT,8,2014-09-30 07:18:41,ACTIVO
1004445,3653,38,Av. Universitaria 9106,BT,2,2002-10-05 16:52:01,ACTIVO
1004446,3654,3,Jr. Progreso 3837,BT,3,2013-03-17 16:13:19,ACTIVO
1004447,3655,39,Calle Grau 9069,BT,8,2013-06-22 16:54:43,ACTIVO
1004448,3655,39,Pasaje Universitaria 3330,BT,1,2019-12-16 02:40:49,ACTIVO
1004449,3656,18,Av. Progreso 2634,BT,6,2007-12-17 18:23:27,ACTIVO
1004450,3657,23,Jr. San Martín 1253,BT,5,2007-02-02 05:52:18,ACTIVO
1004451,3658,9,Calle Bolívar 4430,BT,1,2023-02-21 00:00:00,ACTIVO
1004452,3659,5,Av. Los Pinos 2298,BT,2,2018-01-25 14:35:50,ACTIVO
1004453,3660,4,Calle Bolívar 2232,BT,3,2002-01-30 20:15:27,ACTIVO
1004454,3661,25,Jr. El Sol 5283,MT,5,2015-04-19 16:24:38,ACTIVO
1004455,3662,43,Psje. Progreso 6630,BT,4,2006-06-13 19:38:17,ACTIVO
1004456,3662,43,Psje. Panamericana 5436,BT,2,2009-09-18 09:06:40,ACTIVO
1004457,3663,43,Jr. Universitaria 7253,BT,6,2011-03-14 06:01:48,ACTIVO
1004458,3664,13,Pasaje Panamericana 1092,BT,5,2024-01-09 00:00:00,ACTIVO
1004459,3665,31,Pasaje Progreso 2381,BT,8,2009-01-31 13:07:53,ACTIVO
1004460,3666,30,Psje. La Molina 6475,BT,2,2019-02-21 16:41:12,ACTIVO
1004461,3667,13,Psje. Grau 2131,BT,7,2015-06-22 13:49:48,ACTIVO
1004462,3668,19,Av. El Sol 4580,BT,4,2002-09-06 14:51:30,ACTIVO
1004463,3669,15,Psje. Progreso 5557,BT,2,2007-04-27 17:57:22,ACTIVO
1004464,3670,31,Calle La Molina 8654,BT,7,2002-07-01 08:30:23,ACTIVO
1004465,3671,43,Av. Venezuela 5569,BT,4,2017-04-06 22:24:04,SUSPENDIDO
1004466,3672,19,Pasaje Bolívar 3225,BT,7,2008-12-04 11:16:58,ACTIVO
1004467,3673,9,Psje. Progreso 2605,BT,6,2017-05-27 07:19:29,ACTIVO
1004468,3674,5,Jr. Grau 4757,BT,2,2002-01-26 06:11:21,ACTIVO
1004469,3674,5,Psje. Venezuela 3083,BT,8,2018-10-04 22:51:21,ACTIVO
1004470,3675,5,Calle Bolívar 7516,BT,8,2009-05-30 10:20:22,ACTIVO
1004471,3675,5,Psje. Bolívar 7004,BT,2,2009-01-25 15:54:29,SUSPENDIDO
1004472,3676,9,Av. La Molina 7179,BT,7,2010-06-19 20:31:45,ACTIVO
1004473,3677,9,Calle Grau 8228,BT,5,2005-04-08 00:30:42,ACTIVO
1004474,3678,5,Jr. Panamericana 134,BT,2,2004-02-22 13:48:30,ACTIVO
1004475,3679,3,Av. Bolívar 9538,BT,6,2018-10-01 17:25:44,ACTIVO
1004476,3679,3,Av. Bolívar 1340,BT,6,2005-03-23 08:16:24,ACTIVO
1004477,3680,28,Jr. Los Pinos 3655,BT,6,2011-12-09 00:53:31,ACTIVO
1004478,3681,29,Pasaje Grau 934,BT,4,2006-02-14 17:20:47,ACTIVO
1004479,3682,6,Av. El Sol 5092,BT,1,2003-01-27 08:00:35,SUSPENDIDO
1004480,3683,15,Psje. San Martín 1419,BT,6,2004-08-26 07:37:28,ACTIVO
1004481,3684,4,Calle Grau 3199,BT,1,2006-03-12 10:14:38,ACTIVO
1004482,3685,29,Jr. Los Pinos 2249,BT,4,2000-04-18 12:32:23,ACTIVO
1004483,3685,29,Jr. La Molina 6110,BT,3,2019-03-10 18:38:36,ACTIVO
1004484,3686,7,Psje. Progreso 6860,BT,6,2010-10-02 02:07:36,ACTIVO
1004485,3687,10,Psje. San Martín 8164,BT,2,2004-09-16 00:25:28,ACTIVO
1004486,3688,40,Psje. La Molina 845,BT,3,2011-08-10 00:14:55,ACTIVO
1004487,3689,3,Psje. San Martín 1674,BT,2,2007-12-27 03:39:42,ACTIVO
1004488,3690,3,Calle El Sol 1792,BT,8,2001-08-28 09:16:41,ACTIVO
1004489,3690,3,Av. Los Pinos 1293,BT,8,2008-07-12 04:42:23,ACTIVO
1004490,3691,29,Jr. Panamericana 8692,BT,3,2008-01-27 11:20:04,ACTIVO
1004491,3692,2,Jr. Panamericana 1869,BT,7,2007-09-28 11:17:14,ACTIVO
1004492,3692,2,Psje. Venezuela 1223,BT,8,2007-04-28 18:41:09,ACTIVO
1004493,3693,38,Pasaje Progreso 6525,BT,7,2016-01-22 09:06:55,ACTIVO
1004494,3694,15,Calle Bolívar 796,BT,2,2007-03-01 01:13:05,ACTIVO
1004495,3695,28,Av. Los Pinos 3540,BT,6,2009-10-26 14:48:56,ACTIVO
1004496,3695,28,Pasaje San Martín 7145,BT,5,2009-06-22 03:22:24,ACTIVO
1004497,3695,28,Psje. La Molina 6510,BT,3,2019-03-02 13:44:18,ACTIVO
1004498,3696,28,Av. El Sol 7571,BT,5,2019-11-04 12:24:18,ACTIVO
1004499,3697,29,Av. Grau 7542,BT,3,2018-07-02 22:32:26,ACTIVO
1004500,3698,38,Pasaje Grau 8689,BT,8,2012-12-10 08:05:33,ACTIVO
1004501,3699,15,Jr. San Martín 5977,BT,8,2011-01-10 03:34:43,ACTIVO
1004502,3700,3,Av. San Martín 2613,BT,2,2012-01-27 09:45:47,ACTIVO
1004503,3700,3,Pasaje Universitaria 9872,BT,7,2000-08-22 03:53:45,ACTIVO
1004504,3701,29,Av. Panamericana 5175,BT,8,2000-12-23 16:03:09,ACTIVO
1004505,3702,28,Calle San Martín 9297,BT,8,2016-07-07 03:04:40,ACTIVO
1004506,3703,4,Calle Bolívar 1676,BT,6,2010-12-27 04:09:34,ACTIVO
1004507,3704,30,Av. Universitaria 3635,BT,2,2010-09-03 00:20:02,ACTIVO
1004508,3705,31,Jr. El Sol 3078,BT,5,2020-10-17 03:41:01,ACTIVO
1004509,3706,15,Pasaje Panamericana 7207,BT,1,2009-11-26 12:18:11,ACTIVO
1004510,3707,8,Calle Venezuela 7932,BT,5,2012-07-16 19:05:52,ACTIVO
1004511,3708,1,Calle La Molina 7491,BT,7,2008-08-17 14:02:30,ACTIVO
1004512,3709,7,Pasaje El Sol 8392,BT,5,2019-12-22 07:18:29,ACTIVO
1004513,3710,36,Pasaje San Martín 4918,BT,3,2018-02-19 15:18:04,ACTIVO
1004514,3711,35,Calle Grau 400,BT,6,2009-03-29 14:35:17,ACTIVO
1004515,3712,37,Pasaje La Molina 2589,BT,5,2015-10-13 09:15:09,ACTIVO
1004516,3713,28,Jr. Venezuela 2390,BT,2,2019-03-10 11:22:35,ACTIVO
1004517,3714,28,Av. San Martín 5120,BT,3,2019-06-27 17:17:20,ACTIVO
1004518,3715,4,Jr. Grau 7251,MT,3,2017-12-24 11:36:42,ACTIVO
1004519,3716,7,Calle Grau 7402,BT,3,2017-11-14 20:28:52,SUSPENDIDO
1004520,3717,7,Av. Los Pinos 7815,BT,1,2006-06-10 10:37:30,ACTIVO
1004521,3717,7,Jr. Grau 9039,BT,7,2010-07-21 21:39:39,ACTIVO
1004522,3718,16,Calle Bolívar 2211,BT,7,2012-03-10 10:09:39,ACTIVO
1004523,3719,34,Av. El Sol 1207,BT,8,2000-04-29 08:48:54,ACTIVO
1004524,3720,22,Av. Universitaria 2206,BT,5,2016-07-05 13:08:35,ACTIVO
1004525,3720,22,Jr. Venezuela 5384,BT,1,2014-11-21 05:37:47,ACTIVO
1004526,3721,3,Pasaje Bolívar 1485,BT,4,2007-05-04 14:17:02,SUSPENDIDO
1004527,3721,3,Av. Panamericana 6173,BT,6,2000-12-19 05:43:11,ACTIVO
1004528,3722,26,Jr. Grau 5966,BT,8,2014-09-26 02:48:51,ACTIVO
1004529,3723,43,Pasaje Universitaria 1975,BT,8,2018-07-17 16:27:26,ACTIVO
1004530,3724,9,Calle Progreso 3025,BT,3,2015-09-09 11:29:08,ACTIVO
1004531,3725,9,Calle Bolívar 752,BT,2,2016-02-03 03:49:54,ACTIVO
1004532,3726,15,Jr. Panamericana 7308,BT,6,2009-10-11 00:42:55,ACTIVO
1004533,3726,15,Jr. Panamericana 8728,BT,5,2024-01-04 00:00:00,ACTIVO
1004534,3727,21,Jr. Panamericana 5264,BT,3,2012-10-05 01:08:32,ACTIVO
1004535,3727,21,Pasaje La Molina 4841,BT,3,2000-03-09 05:50:23,ACTIVO
1004536,3728,19,Jr. Los Pinos 6010,BT,1,2018-10-12 20:39:14,ACTIVO
1004537,3729,33,Psje. El Sol 7277,BT,6,2014-02-23 02:08:54,ACTIVO
1004538,3730,30,Av. Venezuela 6792,BT,8,2020-05-22 19:38:20,ACTIVO
1004539,3730,30,Jr. Bolívar 2420,BT,4,2013-06-11 22:56:39,ACTIVO
1004540,3731,22,Av. Grau 2959,BT,2,2004-11-02 08:13:07,ACTIVO
1004541,3732,40,Psje. Progreso 5144,BT,1,2000-01-08 04:11:42,ACTIVO
1004542,3733,18,Pasaje Grau 9035,BT,8,2013-03-02 19:01:00,ACTIVO
1004543,3734,23,Pasaje Universitaria 8820,BT,2,2014-05-19 09:37:03,ACTIVO
1004544,3735,7,Calle La Molina 3213,BT,7,2009-07-09 12:38:53,ACTIVO
1004545,3736,32,Pasaje Bolívar 5640,MT,6,2012-07-10 22:35:47,ACTIVO
1004546,3737,15,Av. Venezuela 1862,BT,5,2001-01-20 07:11:43,ACTIVO
1004547,3737,15,Pasaje Grau 653,BT,4,2010-03-15 13:02:57,ACTIVO
1004548,3737,15,Calle San Martín 6848,BT,7,2013-06-01 09:02:46,ACTIVO
1004549,3738,22,Av. El Sol 5927,BT,1,2016-11-07 02:08:45,ACTIVO
1004550,3739,11,Calle Universitaria 8950,BT,8,2018-03-15 21:12:09,ACTIVO
1004551,3739,11,Jr. Grau 2691,BT,7,2003-10-24 23:52:39,ACTIVO
1004552,3740,15,Calle Venezuela 6348,BT,7,2008-11-15 04:53:46,ACTIVO
1004553,3741,15,Pasaje Universitaria 8999,BT,2,2006-08-25 19:10:37,ACTIVO
1004554,3742,28,Av. Progreso 8102,MT,6,2002-04-19 17:06:10,ACTIVO
1004555,3743,7,Pasaje San Martín 3675,BT,8,2024-07-24 00:00:00,ACTIVO
1004556,3743,7,Calle La Molina 676,BT,6,2020-05-02 07:11:38,ACTIVO
1004557,3744,19,Av. Grau 2965,BT,3,2017-10-27 22:11:06,ACTIVO
1004558,3744,19,Pasaje Panamericana 3310,BT,6,2008-10-05 02:30:38,ACTIVO
1004559,3745,19,Pasaje Venezuela 8212,BT,2,2024-04-12 00:00:00,ACTIVO
1004560,3746,43,Psje. Bolívar 9526,BT,4,2005-12-13 22:46:57,ACTIVO
1004561,3747,8,Av. Bolívar 5548,BT,2,2001-01-11 11:07:50,ACTIVO
1004562,3748,26,Pasaje Grau 3075,BT,5,2023-02-11 00:00:00,ACTIVO
1004563,3749,5,Pasaje Universitaria 7656,BT,3,2007-02-12 20:18:56,ACTIVO
1004564,3749,5,Jr. Panamericana 5386,BT,6,2019-02-21 00:21:14,INACTIVO
1004565,3750,18,Pasaje Panamericana 4740,BT,5,2001-12-27 23:41:20,ACTIVO
1004566,3750,18,Jr. Los Pinos 9671,BT,1,2020-12-18 08:43:25,ACTIVO
1004567,3751,9,Pasaje Grau 7753,BT,7,2000-10-19 19:27:06,ACTIVO
1004568,3752,19,Jr. Grau 8951,BT,6,2003-11-30 04:37:55,ACTIVO
1004569,3753,39,Jr. San Martín 6892,BT,5,2014-07-20 05:44:42,ACTIVO
1004570,3754,4,Psje. Universitaria 813,BT,2,2016-08-15 13:29:13,ACTIVO
1004571,3755,39,Av. Los Pinos 8011,BT,2,2003-03-28 04:30:01,ACTIVO
1004572,3755,39,Av. Panamericana 3431,BT,6,2014-01-05 03:43:01,ACTIVO
1004573,3756,33,Pasaje La Molina 6061,BT,7,2014-09-23 13:27:28,ACTIVO
1004574,3756,33,Psje. El Sol 951,BT,5,2013-10-16 15:52:59,ACTIVO
1004575,3757,39,Av. Progreso 3661,BT,8,2009-10-17 19:21:21,ACTIVO
1004576,3758,9,Pasaje Grau 1528,BT,4,2014-07-11 16:20:15,ACTIVO
1004577,3759,7,Psje. Grau 9719,BT,4,2024-04-02 00:00:00,ACTIVO
1004578,3760,39,Av. Bolívar 2635,BT,3,2006-05-31 20:10:24,ACTIVO
1004579,3760,39,Calle Grau 4857,BT,6,2002-10-15 00:15:32,ACTIVO
1004580,3761,43,Av. Universitaria 2553,BT,2,2002-01-19 11:13:26,ACTIVO
1004581,3762,38,Calle La Molina 3502,BT,5,2005-08-26 21:06:22,ACTIVO
1004582,3763,15,Psje. San Martín 8353,BT,8,2001-05-17 21:00:05,ACTIVO
1004583,3764,24,Av. San Martín 6204,MT,5,2007-09-02 17:42:45,ACTIVO
1004584,3765,27,Pasaje San Martín 5521,BT,2,2005-07-04 02:16:43,ACTIVO
1004585,3766,43,Psje. El Sol 9640,BT,7,2007-11-30 03:56:38,ACTIVO
1004586,3766,43,Av. San Martín 5672,BT,5,2007-11-14 21:43:27,ACTIVO
1004587,3767,5,Calle Universitaria 4345,BT,6,2001-10-22 20:25:19,ACTIVO
1004588,3767,5,Psje. Progreso 4411,BT,5,2000-10-02 00:23:54,ACTIVO
1004589,3768,39,Psje. El Sol 4658,BT,8,2006-03-29 08:04:01,ACTIVO
1004590,3769,9,Psje. Bolívar 4006,BT,3,2014-10-26 20:44:41,ACTIVO
1004591,3769,9,Jr. San Martín 9790,BT,4,2000-09-29 20:28:59,ACTIVO
1004592,3769,9,Jr. Universitaria 627,MT,1,2006-03-01 21:07:38,ACTIVO
1004593,3770,7,Calle Universitaria 2865,MT,1,2016-04-22 08:14:27,ACTIVO
1004594,3771,16,Jr. Grau 8051,BT,3,2003-03-03 03:14:56,ACTIVO
1004595,3772,40,Jr. La Molina 3220,BT,5,2004-01-02 23:56:52,ACTIVO
1004596,3773,28,Av. Bolívar 8077,BT,6,2015-08-18 19:30:52,ACTIVO
1004597,3774,38,Pasaje Progreso 8326,BT,4,2001-06-03 01:12:38,ACTIVO
1004598,3775,31,Psje. Universitaria 7984,BT,5,2014-06-25 13:30:35,ACTIVO
1004599,3776,19,Pasaje Panamericana 9441,BT,2,2013-03-02 04:21:30,ACTIVO
1004600,3777,15,Calle Los Pinos 8521,BT,7,2020-02-23 20:41:52,ACTIVO
1004601,3778,21,Psje. Universitaria 5596,BT,6,2005-09-29 13:46:07,ACTIVO
1004602,3778,21,Pasaje Venezuela 2444,BT,7,2005-06-23 16:26:56,ACTIVO
1004603,3779,19,Psje. San Martín 2442,BT,7,2002-03-19 06:31:27,ACTIVO
1004604,3780,15,Av. Los Pinos 2827,BT,7,2002-06-05 10:27:20,ACTIVO
1004605,3781,32,Psje. La Molina 2210,BT,3,2005-12-12 17:57:18,ACTIVO
1004606,3782,24,Pasaje Bolívar 8159,BT,5,2011-06-23 07:15:45,ACTIVO
1004607,3783,43,Jr. Grau 7204,BT,3,2019-08-03 02:44:33,ACTIVO
1004608,3783,43,Psje. Bolívar 6653,BT,2,2020-01-12 11:58:58,ACTIVO
1004609,3784,28,Pasaje El Sol 9995,BT,5,2004-09-11 17:18:21,ACTIVO
1004610,3785,22,Calle La Molina 7744,BT,2,2016-09-26 17:24:15,ACTIVO
1004611,3786,4,Calle Universitaria 5158,BT,4,2002-09-23 09:16:16,ACTIVO
1004612,3787,7,Pasaje El Sol 6517,BT,5,2004-02-08 06:09:50,ACTIVO
1004613,3788,43,Av. Bolívar 8600,BT,2,2018-07-12 21:43:28,ACTIVO
1004614,3789,34,Av. Venezuela 8031,BT,6,2004-06-07 11:43:55,ACTIVO
1004615,3790,26,Av. Los Pinos 1406,BT,4,2006-01-16 12:04:28,ACTIVO
1004616,3791,5,Calle El Sol 8692,BT,7,2018-08-17 06:14:14,ACTIVO
1004617,3792,28,Psje. Los Pinos 4467,BT,3,2019-04-14 18:05:28,INACTIVO
1004618,3793,15,Psje. Progreso 983,BT,2,2014-05-01 21:38:37,ACTIVO
1004619,3794,3,Jr. El Sol 8426,BT,1,2015-11-26 21:23:42,ACTIVO
1004620,3795,26,Calle Grau 9104,BT,8,2020-07-25 19:47:58,ACTIVO
1004621,3796,43,Psje. Venezuela 2160,BT,2,2000-09-19 07:20:35,ACTIVO
1004622,3797,34,Psje. El Sol 3097,BT,7,2003-11-17 15:53:12,ACTIVO
1004623,3798,9,Psje. San Martín 1852,BT,3,2004-12-02 06:59:42,ACTIVO
1004624,3799,9,Av. Universitaria 4525,BT,1,2010-08-11 14:43:31,ACTIVO
1004625,3800,6,Av. Bolívar 8010,BT,5,2004-09-15 15:45:21,ACTIVO
1004626,3801,15,Pasaje Panamericana 3758,BT,3,2010-05-31 00:29:11,ACTIVO
1004627,3802,7,Jr. Grau 3387,BT,3,2013-07-10 10:45:13,ACTIVO
1004628,3803,39,Jr. Venezuela 6048,BT,8,2004-09-24 01:27:46,ACTIVO
1004629,3803,39,Jr. La Molina 8742,BT,2,2017-10-27 04:25:12,ACTIVO
1004630,3804,1,Av. El Sol 6420,BT,6,2010-08-21 21:14:58,ACTIVO
1004631,3804,1,Jr. San Martín 797,BT,4,2007-10-24 07:45:59,ACTIVO
1004632,3805,29,Jr. Grau 3775,BT,2,2018-10-18 11:02:22,ACTIVO
1004633,3806,19,Calle Venezuela 2303,BT,8,2024-10-12 00:00:00,ACTIVO
1004634,3807,36,Jr. Venezuela 2083,MT,7,2008-05-08 04:45:09,ACTIVO
1004635,3808,27,Jr. San Martín 9844,BT,8,2006-12-23 08:34:12,ACTIVO
1004636,3809,11,Av. Grau 1877,BT,6,2008-09-01 19:31:23,ACTIVO
1004637,3810,29,Av. El Sol 7748,BT,7,2003-12-26 00:09:59,ACTIVO
1004638,3811,15,Jr. El Sol 9960,BT,6,2012-12-17 12:02:07,ACTIVO
1004639,3812,5,Calle Los Pinos 7308,BT,7,2005-11-11 08:19:42,ACTIVO
1004640,3813,9,Calle Los Pinos 9042,BT,1,2009-09-18 14:42:58,ACTIVO
1004641,3814,5,Calle El Sol 1193,BT,8,2001-03-23 12:43:25,ACTIVO
1004642,3815,5,Pasaje Grau 9128,BT,1,2000-08-04 03:42:37,ACTIVO
1004643,3816,40,Psje. Progreso 9936,BT,3,2022-08-07 00:00:00,ACTIVO
1004644,3817,4,Pasaje Panamericana 6136,BT,8,2015-01-30 23:12:00,ACTIVO
1004645,3818,4,Av. Bolívar 2486,BT,4,2014-05-10 16:52:25,ACTIVO
1004646,3818,4,Jr. Panamericana 5354,BT,7,2018-07-15 19:27:49,ACTIVO
1004647,3819,38,Jr. San Martín 1967,BT,6,2016-04-15 03:50:22,ACTIVO
1004648,3820,9,Av. Universitaria 1891,BT,6,2020-06-06 18:59:34,ACTIVO
1004649,3821,38,Psje. Universitaria 3152,BT,7,2015-01-05 00:15:32,ACTIVO
1004650,3821,38,Psje. Los Pinos 3032,BT,4,2009-09-22 10:23:00,ACTIVO
1004651,3822,6,Jr. Venezuela 2704,BT,6,2001-01-07 14:52:10,ACTIVO
1004652,3823,15,Psje. Panamericana 5677,BT,5,2011-02-04 18:52:57,ACTIVO
1004653,3824,15,Psje. Panamericana 1984,BT,5,2002-10-14 21:57:32,ACTIVO
1004654,3825,28,Av. Universitaria 5305,BT,1,2006-03-20 11:38:40,ACTIVO
1004655,3826,12,Calle Universitaria 3534,MT,6,2008-09-13 03:27:34,ACTIVO
1004656,3826,12,Psje. La Molina 8024,BT,7,2020-09-19 01:50:15,ACTIVO
1004657,3826,12,Jr. El Sol 9875,BT,7,2017-02-25 12:38:40,ACTIVO
1004658,3827,9,Calle Bolívar 7323,BT,2,2010-01-04 18:10:33,ACTIVO
1004659,3828,22,Psje. San Martín 3456,BT,6,2011-01-23 17:06:29,ACTIVO
1004660,3829,36,Calle Progreso 2910,BT,6,2001-10-04 20:59:13,ACTIVO
1004661,3830,15,Pasaje San Martín 7053,BT,3,2001-10-11 17:53:58,SUSPENDIDO
1004662,3831,38,Pasaje Grau 8599,BT,1,2001-06-25 12:23:20,ACTIVO
1004663,3832,43,Psje. Progreso 2328,BT,3,2014-06-21 07:23:49,ACTIVO
1004664,3833,15,Jr. La Molina 3101,BT,1,2017-05-08 22:31:10,ACTIVO
1004665,3833,15,Pasaje San Martín 418,BT,3,2010-12-16 11:55:18,ACTIVO
1004666,3834,9,Calle El Sol 3591,BT,6,2008-07-21 14:49:54,ACTIVO
1004667,3835,28,Psje. Universitaria 9941,BT,3,2020-04-15 14:19:39,ACTIVO
1004668,3836,16,Pasaje Panamericana 1550,BT,7,2024-10-10 00:00:00,ACTIVO
1004669,3837,41,Psje. Venezuela 7724,BT,5,2005-01-16 22:02:38,ACTIVO
1004670,3838,34,Calle Grau 5476,BT,1,2016-03-10 11:55:31,ACTIVO
1004671,3839,36,Jr. Los Pinos 2792,BT,3,2004-10-21 16:26:25,ACTIVO
1004672,3840,5,Pasaje Panamericana 5967,BT,6,2010-08-07 08:01:45,ACTIVO
1004673,3841,15,Av. El Sol 328,BT,8,2017-11-13 15:30:15,ACTIVO
1004674,3842,23,Psje. Los Pinos 5284,BT,7,2010-09-24 12:08:29,ACTIVO
1004675,3843,26,Av. La Molina 2445,BT,7,2022-09-14 00:00:00,ACTIVO
1004676,3844,28,Av. Progreso 9131,BT,8,2010-07-26 19:27:03,ACTIVO
1004677,3845,40,Pasaje Universitaria 2182,BT,6,2014-08-19 02:16:19,ACTIVO
1004678,3846,23,Jr. Grau 7509,BT,4,2004-04-11 18:30:54,ACTIVO
1004679,3847,25,Calle Grau 2074,BT,7,2015-08-26 13:13:05,ACTIVO
1004680,3848,28,Pasaje El Sol 9556,BT,5,2002-09-24 14:24:53,ACTIVO
1004681,3849,7,Av. Progreso 7409,BT,8,2017-06-17 05:06:03,ACTIVO
1004682,3850,15,Pasaje Los Pinos 1709,BT,4,2007-09-24 10:37:44,ACTIVO
1004683,3850,15,Av. Progreso 6425,BT,2,2005-10-18 14:11:22,ACTIVO
1004684,3851,29,Jr. Grau 1501,BT,1,2014-01-14 04:31:36,ACTIVO
1004685,3851,29,Jr. San Martín 7783,BT,3,2016-08-31 14:18:33,ACTIVO
1004686,3852,15,Jr. Bolívar 9892,BT,4,2010-02-03 18:36:59,ACTIVO
1004687,3853,9,Calle Universitaria 2188,BT,3,2012-06-12 06:01:57,ACTIVO
1004688,3854,19,Calle Grau 641,BT,7,2011-11-25 20:33:13,ACTIVO
1004689,3855,28,Psje. Universitaria 8182,BT,1,2007-10-15 18:10:11,ACTIVO
1004690,3856,7,Calle Universitaria 1086,BT,2,2011-08-20 05:34:53,ACTIVO
1004691,3857,28,Pasaje El Sol 5560,BT,4,2005-05-05 19:41:02,ACTIVO
1004692,3858,35,Psje. Progreso 2729,BT,1,2005-03-06 21:31:43,ACTIVO
1004693,3859,43,Calle La Molina 6819,BT,8,2010-04-28 13:55:32,ACTIVO
1004694,3860,43,Calle Grau 4545,BT,3,2018-06-27 05:00:09,ACTIVO
1004695,3860,43,Calle El Sol 7212,BT,4,2015-05-20 06:56:45,INACTIVO
1004696,3861,3,Av. San Martín 6615,BT,2,2008-04-11 12:12:56,ACTIVO
1004697,3862,37,Calle Grau 2112,BT,8,2004-06-21 23:44:37,ACTIVO
1004698,3863,15,Psje. Los Pinos 838,BT,8,2018-06-04 14:28:09,ACTIVO
1004699,3863,15,Av. San Martín 9298,BT,8,2002-08-20 12:47:33,ACTIVO
1004700,3864,43,Calle El Sol 3469,MT,2,2013-09-07 04:25:47,ACTIVO
1004701,3865,29,Jr. Universitaria 2971,BT,8,2005-10-12 15:33:04,ACTIVO
1004702,3866,39,Av. Universitaria 1896,BT,1,2019-06-02 03:41:21,ACTIVO
1004703,3867,15,Jr. Universitaria 6655,BT,8,2011-01-30 00:50:32,ACTIVO
1004704,3868,15,Psje. El Sol 4686,BT,2,2015-09-05 19:31:39,ACTIVO
1004705,3868,15,Pasaje Venezuela 1390,BT,4,2018-06-30 01:09:50,ACTIVO
1004706,3869,19,Av. El Sol 7783,BT,5,2004-06-30 17:51:04,ACTIVO
1004707,3869,19,Psje. Panamericana 632,BT,5,2016-05-19 04:46:57,INACTIVO
1004708,3870,19,Calle Progreso 7248,BT,5,2003-10-15 22:38:19,ACTIVO
1004709,3870,19,Pasaje Los Pinos 9132,BT,2,2020-10-25 11:20:43,ACTIVO
1004710,3871,15,Pasaje Universitaria 5879,BT,5,2004-06-02 18:33:18,ACTIVO
1004711,3872,28,Psje. Grau 625,MT,3,2003-01-26 08:20:04,ACTIVO
1004712,3873,29,Psje. El Sol 785,BT,8,2000-07-14 14:52:10,ACTIVO
1004713,3874,5,Av. Progreso 6046,BT,2,2008-02-13 11:05:54,ACTIVO
1004714,3875,7,Av. Grau 687,BT,1,2019-01-28 06:55:25,ACTIVO
1004715,3875,7,Psje. Panamericana 679,BT,3,2020-11-19 15:31:24,ACTIVO
1004716,3876,3,Pasaje San Martín 6625,BT,3,2004-09-13 21:30:52,ACTIVO
1004717,3877,26,Pasaje Panamericana 655,BT,7,2017-04-10 17:38:18,ACTIVO
1004718,3878,28,Psje. Progreso 8314,BT,8,2008-02-23 12:23:44,ACTIVO
1004719,3879,43,Av. El Sol 1492,BT,6,2002-06-25 00:28:11,ACTIVO
1004720,3880,3,Av. El Sol 5141,BT,7,2000-06-27 05:26:53,ACTIVO
1004721,3881,3,Pasaje Progreso 535,BT,6,2008-07-16 14:03:38,ACTIVO
1004722,3882,11,Calle Bolívar 2341,BT,5,2000-11-17 13:02:02,ACTIVO
1004723,3883,9,Calle Panamericana 6472,BT,3,2018-09-16 18:20:18,ACTIVO
1004724,3884,15,Av. Universitaria 5235,BT,5,2014-12-13 02:44:38,ACTIVO
1004725,3885,34,Calle Progreso 8280,BT,5,2017-09-08 05:02:34,ACTIVO
1004726,3886,11,Av. Grau 3925,BT,3,2003-06-24 12:18:26,ACTIVO
1004727,3887,27,Pasaje Los Pinos 3410,BT,3,2008-02-07 15:59:25,ACTIVO
1004728,3888,29,Pasaje Progreso 1227,BT,2,2013-10-19 11:50:19,ACTIVO
1004729,3889,36,Pasaje Grau 1294,BT,3,2016-05-16 22:56:29,ACTIVO
1004730,3890,19,Calle Grau 5186,BT,6,2006-11-01 14:30:52,ACTIVO
1004731,3890,19,Psje. El Sol 7173,BT,2,2002-09-21 19:44:27,ACTIVO
1004732,3891,30,Av. El Sol 3810,BT,4,2020-12-19 08:41:03,ACTIVO
1004733,3892,43,Av. Bolívar 2880,BT,1,2018-01-10 00:55:32,ACTIVO
1004734,3893,7,Calle Universitaria 386,BT,8,2017-12-03 18:08:30,ACTIVO
1004735,3894,9,Calle La Molina 4566,BT,6,2014-06-19 05:26:26,ACTIVO
1004736,3895,29,Calle Bolívar 6398,BT,6,2005-07-23 01:48:33,ACTIVO
1004737,3896,25,Psje. Los Pinos 8081,BT,1,2003-05-30 06:21:03,ACTIVO
1004738,3897,29,Jr. Panamericana 843,BT,3,2011-01-17 04:46:42,ACTIVO
1004739,3897,29,Psje. Bolívar 9258,BT,5,2018-09-26 19:10:31,ACTIVO
1004740,3897,29,Av. Los Pinos 7591,BT,7,2014-09-18 22:44:06,ACTIVO
1004741,3898,9,Av. Progreso 4900,BT,1,2019-12-06 15:34:18,ACTIVO
1004742,3899,7,Psje. La Molina 2179,BT,7,2015-11-22 11:30:48,ACTIVO
1004743,3900,29,Pasaje Universitaria 5585,BT,8,2006-12-05 15:35:37,ACTIVO
1004744,3901,15,Jr. Los Pinos 2213,MT,3,2007-11-26 08:40:33,ACTIVO
1004745,3901,15,Jr. Grau 6841,BT,7,2002-10-17 11:47:37,ACTIVO
1004746,3902,3,Psje. San Martín 9105,BT,4,2011-04-30 13:48:26,ACTIVO
1004747,3903,40,Av. El Sol 8167,BT,3,2007-09-02 01:34:11,ACTIVO
1004748,3904,42,Jr. Panamericana 4716,BT,6,2002-07-09 13:14:07,ACTIVO
1004749,3905,29,Av. La Molina 2630,BT,5,2005-10-12 07:39:52,ACTIVO
1004750,3905,29,Pasaje Los Pinos 9336,BT,6,2005-11-29 09:46:40,ACTIVO
1004751,3906,19,Jr. San Martín 6273,BT,7,2015-06-02 12:39:07,ACTIVO
1004752,3907,3,Jr. El Sol 6325,BT,8,2004-08-27 10:35:24,ACTIVO
1004753,3908,28,Jr. San Martín 4520,BT,5,2003-04-07 07:48:17,ACTIVO
1004754,3909,28,Pasaje Universitaria 2301,BT,3,2005-06-13 08:36:26,ACTIVO
1004755,3910,40,Av. Bolívar 7947,BT,6,2004-07-12 16:00:32,ACTIVO
1004756,3911,7,Jr. Panamericana 9453,BT,7,2003-10-22 11:43:57,ACTIVO
1004757,3912,40,Jr. Venezuela 9291,BT,5,2008-04-14 02:22:57,ACTIVO
1004758,3913,5,Psje. Grau 4842,BT,4,2002-11-29 18:42:43,ACTIVO
1004759,3914,28,Jr. Grau 365,BT,4,2014-02-26 21:37:21,ACTIVO
1004760,3915,40,Pasaje La Molina 4422,BT,2,2008-09-21 12:54:05,ACTIVO
1004761,3916,42,Pasaje Progreso 1674,BT,8,2010-08-13 19:26:57,ACTIVO
1004762,3916,42,Pasaje Grau 9481,BT,4,2012-11-08 19:59:31,ACTIVO
1004763,3917,24,Pasaje Bolívar 3025,BT,8,2007-02-26 04:24:58,ACTIVO
1004764,3918,40,Pasaje La Molina 5713,MT,7,2008-02-01 03:26:22,ACTIVO
1004765,3919,30,Calle El Sol 9370,BT,6,2012-09-08 18:10:30,ACTIVO
1004766,3920,7,Pasaje La Molina 5436,BT,6,2002-04-10 05:07:49,ACTIVO
1004767,3921,39,Av. Bolívar 9126,MT,1,2005-04-19 20:44:56,ACTIVO
1004768,3922,7,Av. La Molina 101,BT,4,2004-12-10 01:51:49,ACTIVO
1004769,3923,33,Av. La Molina 6827,BT,5,2018-02-18 01:49:39,ACTIVO
1004770,3924,19,Calle Venezuela 5281,BT,5,2000-05-21 11:36:41,ACTIVO
1004771,3924,19,Jr. Los Pinos 9293,BT,8,2012-04-25 12:44:12,ACTIVO
1004772,3924,19,Av. La Molina 2481,BT,4,2007-10-09 00:13:11,ACTIVO
1004773,3925,28,Jr. Los Pinos 6695,BT,2,2000-03-15 12:10:32,ACTIVO
1004774,3925,28,Av. San Martín 3390,BT,7,2015-12-29 19:05:15,ACTIVO
1004775,3926,27,Pasaje Los Pinos 8372,BT,6,2010-03-24 02:20:31,ACTIVO
1004776,3927,4,Av. El Sol 8262,BT,7,2014-04-03 19:02:13,ACTIVO
1004777,3928,28,Av. Grau 4430,BT,8,2001-02-08 03:40:25,ACTIVO
1004778,3929,9,Av. Bolívar 3330,BT,7,2017-04-08 07:56:11,ACTIVO
1004779,3930,15,Av. Progreso 863,BT,1,2009-08-06 16:07:44,ACTIVO
1004780,3931,8,Psje. Venezuela 3407,BT,6,2011-09-16 20:12:35,ACTIVO
1004781,3931,8,Psje. El Sol 6702,BT,1,2005-05-05 09:48:46,ACTIVO
1004782,3932,31,Jr. La Molina 7953,BT,8,2018-08-26 14:56:15,ACTIVO
1004783,3933,15,Jr. El Sol 2279,BT,2,2013-09-15 19:19:51,ACTIVO
1004784,3933,15,Psje. El Sol 156,BT,8,2001-05-31 20:17:54,ACTIVO
1004785,3933,15,Av. Universitaria 857,BT,7,2017-03-22 18:43:24,ACTIVO
1004786,3934,40,Psje. San Martín 1402,BT,6,2007-11-18 19:41:00,ACTIVO
1004787,3935,17,Pasaje Bolívar 2709,BT,8,2002-06-10 22:44:07,ACTIVO
1004788,3935,17,Jr. Grau 6474,BT,7,2016-12-05 12:37:52,ACTIVO
1004789,3936,30,Jr. Panamericana 7763,BT,6,2017-11-26 03:15:39,ACTIVO
1004790,3937,9,Psje. Universitaria 1678,MT,4,2011-04-26 17:00:09,ACTIVO
1004791,3938,28,Pasaje La Molina 5785,MT,6,2023-12-30 00:00:00,ACTIVO
1004792,3939,3,Calle Grau 9591,BT,1,2004-04-22 01:41:48,ACTIVO
1004793,3940,3,Calle Progreso 4366,BT,6,2020-12-20 14:17:00,ACTIVO
1004794,3941,7,Pasaje Venezuela 6995,BT,8,2012-03-16 20:27:15,ACTIVO
1004795,3942,13,Calle Los Pinos 5388,BT,1,2007-06-16 02:54:57,ACTIVO
1004796,3943,43,Jr. El Sol 4142,BT,4,2020-09-17 18:55:42,ACTIVO
1004797,3944,35,Av. La Molina 5158,BT,5,2018-04-06 21:18:59,ACTIVO
1004798,3944,35,Pasaje Panamericana 6186,BT,5,2009-07-10 23:23:37,ACTIVO
1004799,3945,28,Av. Universitaria 1309,BT,2,2006-06-23 16:28:56,ACTIVO
1004800,3946,30,Calle Venezuela 5530,BT,6,2022-02-24 00:00:00,ACTIVO
1004801,3947,39,Calle San Martín 8731,BT,2,2015-09-06 17:56:05,ACTIVO
1004802,3948,3,Calle Venezuela 7651,BT,4,2019-08-05 00:43:25,ACTIVO
1004803,3949,11,Av. Bolívar 2561,BT,6,2011-10-31 12:05:50,ACTIVO
1004804,3949,11,Calle Bolívar 5504,BT,8,2003-05-13 21:23:40,ACTIVO
1004805,3950,15,Av. San Martín 6417,BT,6,2007-02-13 03:30:39,ACTIVO
1004806,3951,7,Av. La Molina 2159,BT,1,2013-02-25 10:52:06,ACTIVO
1004807,3952,29,Psje. Universitaria 539,BT,6,2002-02-25 05:52:11,ACTIVO
1004808,3953,29,Psje. Grau 199,BT,7,2003-02-22 12:38:32,ACTIVO
1004809,3954,32,Calle Universitaria 8370,BT,7,2004-02-25 14:04:41,ACTIVO
1004810,3954,32,Jr. Progreso 5763,BT,5,2022-07-11 00:00:00,ACTIVO
1004811,3955,1,Jr. La Molina 4483,BT,6,2010-08-27 11:15:59,ACTIVO
1004812,3956,11,Jr. Bolívar 4893,BT,5,2019-08-31 09:04:59,ACTIVO
1004813,3957,3,Calle La Molina 3108,BT,2,2002-10-27 10:37:07,ACTIVO
1004814,3958,7,Av. La Molina 4963,BT,4,2003-03-22 16:46:52,ACTIVO
1004815,3959,30,Psje. Los Pinos 1827,BT,4,2004-10-11 03:44:11,INACTIVO
1004816,3959,30,Calle Universitaria 5730,BT,8,2019-10-17 12:13:45,ACTIVO
1004817,3960,40,Pasaje Progreso 3201,BT,2,2008-03-08 11:48:17,ACTIVO
1004818,3960,40,Jr. Venezuela 1146,BT,4,2010-02-14 12:45:05,ACTIVO
1004819,3961,29,Av. El Sol 9740,BT,3,2018-04-30 22:13:24,ACTIVO
1004820,3962,33,Calle Panamericana 4851,BT,4,2019-11-24 18:59:51,ACTIVO
1004821,3963,9,Pasaje Universitaria 3172,BT,8,2009-08-09 01:55:22,ACTIVO
1004822,3964,3,Jr. Grau 5896,BT,4,2008-01-14 10:20:36,ACTIVO
1004823,3964,3,Av. Venezuela 7971,BT,2,2004-08-07 12:59:36,ACTIVO
1004824,3965,9,Jr. Bolívar 4908,BT,8,2011-07-28 10:51:09,ACTIVO
1004825,3966,8,Calle San Martín 109,BT,1,2015-09-24 16:08:01,ACTIVO
1004826,3967,32,Calle Venezuela 3823,BT,3,2014-10-04 02:39:53,ACTIVO
1004827,3968,43,Av. La Molina 9203,BT,1,2015-07-28 14:10:08,ACTIVO
1004828,3968,43,Av. Universitaria 2294,BT,8,2009-06-26 21:28:20,ACTIVO
1004829,3969,38,Pasaje San Martín 9294,BT,7,2001-03-21 04:21:48,ACTIVO
1004830,3970,26,Pasaje Universitaria 1939,BT,1,2014-10-18 06:59:03,ACTIVO
1004831,3971,38,Psje. Venezuela 4645,BT,7,2005-03-04 17:29:48,ACTIVO
1004832,3972,15,Jr. Panamericana 973,BT,8,2004-02-09 05:40:46,ACTIVO
1004833,3973,4,Av. Bolívar 1487,BT,3,2002-09-26 16:20:53,ACTIVO
1004834,3974,15,Jr. Grau 4785,BT,7,2001-08-27 01:22:35,ACTIVO
1004835,3975,23,Psje. Panamericana 2528,BT,7,2011-10-15 15:22:59,ACTIVO
1004836,3976,9,Psje. Grau 6016,MT,2,2003-05-03 18:41:38,ACTIVO
1004837,3977,15,Av. Los Pinos 2981,BT,6,2013-10-22 05:41:04,ACTIVO
1004838,3977,15,Calle Panamericana 248,BT,6,2002-12-09 00:56:46,ACTIVO
1004839,3978,31,Jr. Los Pinos 3391,BT,4,2014-05-29 04:30:11,ACTIVO
1004840,3978,31,Av. La Molina 4636,BT,2,2005-05-02 04:15:01,INACTIVO
1004841,3979,17,Jr. Bolívar 793,BT,2,2020-07-03 23:45:10,ACTIVO
1004842,3980,7,Av. Grau 3517,BT,5,2018-07-30 09:38:45,ACTIVO
1004843,3981,37,Jr. Universitaria 8040,BT,8,2020-10-06 20:50:51,ACTIVO
1004844,3982,9,Calle Bolívar 3354,BT,4,2020-03-04 08:19:15,ACTIVO
1004845,3983,23,Psje. Grau 2717,BT,4,2014-12-19 15:46:37,ACTIVO
1004846,3984,5,Calle San Martín 1774,BT,6,2020-12-02 06:00:32,ACTIVO
1004847,3985,28,Av. Los Pinos 4928,BT,8,2007-06-27 04:47:54,ACTIVO
1004848,3986,3,Jr. Bolívar 7926,BT,4,2017-09-08 19:54:57,ACTIVO
1004849,3987,3,Av. Panamericana 5187,BT,8,2008-04-11 09:12:11,ACTIVO
1004850,3988,33,Psje. Bolívar 907,BT,2,2002-02-11 06:02:11,ACTIVO
1004851,3989,15,Calle El Sol 6431,BT,1,2002-07-28 03:07:25,ACTIVO
1004852,3990,29,Calle La Molina 8135,BT,1,2020-01-04 04:45:15,ACTIVO
1004853,3991,4,Psje. San Martín 6189,BT,6,2011-04-22 10:07:12,ACTIVO
1004854,3991,4,Jr. El Sol 3000,BT,7,2012-03-17 09:27:37,ACTIVO
1004855,3992,28,Jr. Universitaria 8031,BT,7,2000-07-05 19:45:15,ACTIVO
1004856,3993,13,Psje. San Martín 8230,BT,2,2022-06-22 00:00:00,ACTIVO
1004857,3994,38,Jr. La Molina 9320,BT,1,2017-03-14 08:20:53,ACTIVO
1004858,3995,9,Calle Los Pinos 6817,BT,6,2002-04-09 06:11:56,ACTIVO
1004859,3996,26,Av. El Sol 6324,BT,4,2014-02-23 18:47:57,ACTIVO
1004860,3997,32,Pasaje Los Pinos 4287,BT,4,2021-10-24 00:00:00,ACTIVO
1004861,3998,22,Av. El Sol 7837,BT,3,2005-09-05 09:11:27,ACTIVO
1004862,3998,22,Jr. Panamericana 8926,BT,6,2002-03-18 22:55:23,ACTIVO
1004863,3999,15,Pasaje El Sol 1867,BT,2,2014-03-08 21:21:21,ACTIVO
1004864,4000,15,Pasaje San Martín 2401,BT,2,2012-11-20 20:19:22,ACTIVO
1004865,4001,41,Psje. Grau 7472,BT,3,2016-11-17 01:47:42,ACTIVO
1004866,4002,23,Av. San Martín 1082,BT,1,2012-06-22 14:15:12,ACTIVO
1004867,4002,23,Psje. Panamericana 3143,BT,5,2014-10-27 23:28:24,ACTIVO
1004868,4003,28,Av. El Sol 1931,BT,5,2016-08-02 17:22:19,ACTIVO
1004869,4004,9,Av. Bolívar 3705,BT,7,2018-09-15 11:57:47,ACTIVO
1004870,4005,38,Calle Los Pinos 4881,MT,1,2007-02-23 19:53:37,ACTIVO
1004871,4006,18,Psje. Grau 9591,BT,3,2019-02-05 13:11:37,ACTIVO
1004872,4007,40,Jr. Progreso 2769,BT,4,2019-10-04 16:21:26,ACTIVO
1004873,4008,29,Calle San Martín 5737,BT,1,2018-09-11 12:50:13,ACTIVO
1004874,4009,3,Pasaje Progreso 5179,BT,2,2008-01-28 12:28:16,ACTIVO
1004875,4010,13,Calle Grau 9191,BT,5,2009-05-29 20:52:13,ACTIVO
1004876,4011,3,Psje. Bolívar 3768,BT,7,2019-11-07 06:44:46,ACTIVO
1004877,4012,3,Pasaje Progreso 6266,BT,8,2013-04-09 21:30:28,ACTIVO
1004878,4013,5,Psje. Panamericana 5246,BT,1,2010-05-07 02:15:44,ACTIVO
1004879,4013,5,Psje. Progreso 6961,BT,8,2018-07-23 13:13:04,ACTIVO
1004880,4014,35,Jr. Universitaria 3798,BT,4,2016-04-06 00:27:17,ACTIVO
1004881,4015,33,Psje. La Molina 4655,BT,1,2017-02-16 14:15:49,ACTIVO
1004882,4016,9,Psje. San Martín 6186,BT,4,2001-08-03 11:22:17,ACTIVO
1004883,4017,39,Calle Universitaria 4013,BT,4,2004-06-09 00:07:00,ACTIVO
1004884,4018,7,Pasaje El Sol 638,BT,2,2017-10-24 17:19:04,ACTIVO
1004885,4018,7,Calle Universitaria 4365,BT,7,2007-02-26 19:53:32,ACTIVO
1004886,4018,7,Av. Los Pinos 5215,BT,4,2014-06-29 20:41:23,ACTIVO
1004887,4019,40,Calle Panamericana 3805,BT,6,2006-05-03 05:30:31,ACTIVO
1004888,4020,40,Psje. Universitaria 2657,BT,1,2012-07-26 06:15:22,ACTIVO
1004889,4021,15,Av. Panamericana 5573,BT,2,2002-06-24 19:49:56,ACTIVO
1004890,4022,15,Pasaje Progreso 8134,BT,8,2006-05-01 00:18:22,ACTIVO
1004891,4022,15,Calle Bolívar 2888,BT,2,2004-09-14 10:33:31,ACTIVO
1004892,4023,19,Av. Universitaria 4906,BT,4,2024-08-24 00:00:00,ACTIVO
1004893,4024,39,Calle Panamericana 9901,BT,8,2001-11-09 14:41:44,ACTIVO
1004894,4024,39,Av. Grau 1950,BT,6,2013-04-23 18:01:19,ACTIVO
1004895,4025,18,Calle Venezuela 5830,BT,5,2012-09-07 15:44:41,ACTIVO
1004896,4025,18,Psje. Los Pinos 9998,BT,3,2018-04-05 00:22:48,ACTIVO
1004897,4025,18,Av. San Martín 935,BT,7,2015-01-24 01:52:01,ACTIVO
1004898,4026,3,Jr. Panamericana 7470,BT,1,2011-01-01 17:29:06,ACTIVO
1004899,4027,5,Calle Progreso 7494,BT,1,2012-08-27 22:30:44,SUSPENDIDO
1004900,4028,43,Pasaje San Martín 3462,BT,3,2018-10-01 10:38:03,ACTIVO
1004901,4028,43,Pasaje Panamericana 396,MT,4,2018-06-27 23:12:23,ACTIVO
1004902,4029,5,Psje. El Sol 3169,BT,3,2010-04-03 07:04:02,ACTIVO
1004903,4030,3,Pasaje Progreso 1729,BT,2,2004-12-17 00:49:25,ACTIVO
1004904,4030,3,Av. Grau 5299,BT,2,2024-11-23 00:00:00,ACTIVO
1004905,4030,3,Calle Grau 9475,BT,1,2012-09-27 07:58:35,ACTIVO
1004906,4031,13,Jr. Panamericana 6201,BT,5,2006-09-29 05:47:36,ACTIVO
1004907,4032,26,Calle Los Pinos 4121,BT,2,2009-11-02 06:06:57,ACTIVO
1004908,4033,3,Pasaje San Martín 3737,BT,4,2008-12-16 06:56:53,ACTIVO
1004909,4034,15,Pasaje Universitaria 8014,BT,1,2009-10-10 08:18:48,ACTIVO
1004910,4035,5,Calle Venezuela 8165,BT,8,2018-06-22 02:13:36,ACTIVO
1004911,4035,5,Jr. El Sol 8231,BT,1,2000-09-25 16:12:57,ACTIVO
1004912,4036,4,Calle La Molina 3555,BT,5,2005-05-24 09:46:31,INACTIVO
1004913,4037,43,Pasaje San Martín 9170,BT,4,2000-09-14 06:19:41,ACTIVO
1004914,4037,43,Pasaje San Martín 4186,BT,2,2013-02-08 18:17:35,ACTIVO
1004915,4038,7,Pasaje La Molina 5908,BT,1,2005-05-05 08:17:55,ACTIVO
1004916,4039,28,Calle Bolívar 9339,BT,7,2013-08-30 05:23:23,ACTIVO
1004917,4040,40,Jr. San Martín 5113,BT,2,2014-03-09 09:17:39,ACTIVO
1004918,4041,43,Calle La Molina 9076,BT,8,2008-09-06 18:44:26,ACTIVO
1004919,4041,43,Av. Grau 9263,BT,5,2000-01-01 06:21:09,ACTIVO
1004920,4041,43,Psje. El Sol 2517,BT,3,2010-10-16 13:44:11,ACTIVO
1004921,4042,15,Pasaje Venezuela 3542,BT,1,2014-10-20 21:02:31,ACTIVO
1004922,4043,28,Calle Los Pinos 3883,BT,6,2011-03-03 13:55:57,ACTIVO
1004923,4043,28,Psje. Bolívar 8997,BT,4,2006-01-15 11:41:15,ACTIVO
1004924,4044,15,Av. San Martín 6491,BT,3,2010-08-17 19:57:56,ACTIVO
1004925,4045,15,Jr. Los Pinos 414,BT,2,2001-08-02 22:55:31,ACTIVO
1004926,4046,4,Av. San Martín 9797,BT,4,2007-08-21 06:40:33,ACTIVO
1004927,4047,41,Jr. La Molina 2324,BT,7,2018-10-07 11:36:36,ACTIVO
1004928,4048,43,Jr. San Martín 6875,BT,4,2013-09-21 13:48:33,ACTIVO
1004929,4049,31,Av. Universitaria 8844,BT,8,2005-02-01 16:24:11,ACTIVO
1004930,4049,31,Psje. Universitaria 7649,BT,4,2005-12-30 23:09:27,ACTIVO
1004931,4050,9,Jr. Grau 2259,BT,5,2022-07-15 00:00:00,ACTIVO
1004932,4051,3,Jr. Universitaria 7668,BT,7,2014-09-02 01:55:43,ACTIVO
1004933,4052,16,Jr. Panamericana 1460,BT,6,2003-07-19 16:10:48,ACTIVO
1004934,4053,28,Av. La Molina 7407,BT,7,2024-11-24 00:00:00,ACTIVO
1004935,4054,1,Psje. El Sol 9133,BT,7,2011-05-12 06:02:48,ACTIVO
1004936,4054,1,Calle Grau 8543,BT,1,2007-08-19 21:16:52,ACTIVO
1004937,4055,3,Calle Los Pinos 9382,BT,3,2020-09-18 04:17:04,ACTIVO
1004938,4056,3,Psje. Los Pinos 6702,BT,5,2018-12-05 22:33:33,ACTIVO
1004939,4056,3,Calle Bolívar 2106,BT,7,2017-12-20 06:45:16,ACTIVO
1004940,4056,3,Pasaje Universitaria 9904,BT,6,2000-10-22 02:50:55,ACTIVO
1004941,4057,39,Jr. Bolívar 5093,BT,2,2016-03-02 14:09:47,ACTIVO
1004942,4058,40,Av. Bolívar 6013,BT,5,2009-04-11 10:14:51,ACTIVO
1004943,4059,4,Jr. Universitaria 3990,BT,2,2001-10-13 05:24:04,ACTIVO
1004944,4060,5,Av. El Sol 9245,BT,7,2009-04-16 02:03:03,ACTIVO
1004945,4061,14,Psje. Venezuela 1115,BT,4,2018-12-18 01:16:35,ACTIVO
1004946,4062,38,Jr. Venezuela 3891,BT,7,2019-01-31 04:01:33,ACTIVO
1004947,4063,30,Av. Progreso 7199,BT,7,2004-03-05 02:31:31,ACTIVO
1004948,4064,20,Pasaje El Sol 8521,BT,5,2008-05-25 22:09:44,ACTIVO
1004949,4065,15,Av. San Martín 1295,BT,1,2019-01-02 17:34:30,ACTIVO
1004950,4066,15,Pasaje Grau 2612,BT,2,2008-07-24 23:10:39,ACTIVO
1004951,4067,14,Jr. San Martín 2989,BT,4,2014-08-31 10:53:12,ACTIVO
1004952,4068,38,Psje. Panamericana 5781,BT,5,2013-08-09 22:55:47,ACTIVO
1004953,4069,35,Psje. Progreso 3362,BT,5,2018-12-18 18:13:24,ACTIVO
1004954,4070,29,Jr. Grau 1276,BT,5,2017-02-17 20:18:23,ACTIVO
1004955,4071,28,Psje. Bolívar 7802,BT,5,2021-10-31 00:00:00,ACTIVO
1004956,4072,6,Psje. Venezuela 2228,BT,3,2015-05-26 13:28:54,ACTIVO
1004957,4073,43,Jr. La Molina 8433,BT,4,2016-08-28 19:18:38,ACTIVO
1004958,4074,29,Pasaje Panamericana 2425,BT,5,2002-11-15 08:38:14,ACTIVO
1004959,4075,29,Av. Venezuela 7146,BT,6,2001-02-27 05:26:26,ACTIVO
1004960,4076,5,Av. Los Pinos 8847,BT,7,2020-10-22 01:04:06,ACTIVO
1004961,4077,17,Psje. Panamericana 3663,BT,7,2000-11-12 21:23:06,ACTIVO
1004962,4078,15,Psje. Venezuela 6083,BT,4,2017-02-19 07:49:19,ACTIVO
1004963,4079,14,Calle Venezuela 6498,BT,6,2016-10-26 14:09:43,ACTIVO
1004964,4080,9,Pasaje Progreso 247,BT,4,2015-11-06 05:38:28,ACTIVO
1004965,4081,30,Pasaje Los Pinos 4764,BT,8,2003-08-07 22:34:45,ACTIVO
1004966,4081,30,Jr. Grau 5383,BT,8,2011-05-11 18:17:19,ACTIVO
1004967,4082,3,Calle Progreso 1050,BT,3,2018-10-20 06:39:01,ACTIVO
1004968,4083,18,Calle Los Pinos 1835,BT,5,2024-07-14 00:00:00,ACTIVO
1004969,4083,18,Av. Grau 7265,BT,4,2019-02-20 19:17:09,ACTIVO
1004970,4084,13,Psje. Los Pinos 7175,BT,3,2008-04-07 10:00:33,ACTIVO
1004971,4084,13,Psje. El Sol 9173,BT,4,2017-05-29 08:16:00,ACTIVO
1004972,4085,2,Jr. Grau 4468,BT,1,2012-08-19 20:39:11,ACTIVO
1004973,4086,9,Pasaje Universitaria 8729,BT,7,2004-02-23 02:12:23,ACTIVO
1004974,4087,40,Av. Venezuela 9920,BT,3,2022-10-18 00:00:00,ACTIVO
1004975,4087,40,Psje. El Sol 5278,BT,3,2015-07-01 13:34:45,ACTIVO
1004976,4087,40,Av. Progreso 6457,BT,6,2019-12-25 11:07:55,ACTIVO
1004977,4088,7,Jr. San Martín 6116,BT,2,2011-08-01 00:23:21,ACTIVO
1004978,4089,3,Psje. Venezuela 4847,BT,6,2005-03-10 22:35:39,ACTIVO
1004979,4090,7,Psje. Venezuela 9724,BT,4,2015-03-09 04:33:14,ACTIVO
1004980,4091,28,Calle San Martín 8217,BT,5,2017-02-26 18:21:33,ACTIVO
1004981,4092,7,Jr. San Martín 219,BT,5,2008-08-23 19:51:15,ACTIVO
1004982,4093,15,Jr. Los Pinos 1304,BT,8,2011-10-23 05:44:48,ACTIVO
1004983,4093,15,Pasaje La Molina 2951,BT,3,2016-07-18 11:23:23,ACTIVO
1004984,4094,40,Psje. Universitaria 4913,BT,6,2019-09-24 02:35:47,ACTIVO
1004985,4095,43,Av. Universitaria 9984,BT,1,2024-12-18 00:00:00,ACTIVO
1004986,4096,7,Psje. Venezuela 5027,BT,4,2011-05-19 02:41:39,ACTIVO
1004987,4097,7,Psje. La Molina 7749,BT,8,2001-12-19 20:25:00,INACTIVO
1004988,4098,7,Pasaje El Sol 6197,BT,6,2017-02-26 07:51:26,ACTIVO
1004989,4099,16,Av. Progreso 3657,BT,4,2000-10-21 07:10:37,ACTIVO
1004990,4100,15,Pasaje Progreso 1303,BT,7,2020-03-09 11:18:02,ACTIVO
1004991,4101,21,Jr. Los Pinos 8008,BT,5,2001-03-06 06:49:06,ACTIVO
1004992,4102,33,Av. San Martín 9807,BT,8,2013-01-25 05:44:14,ACTIVO
1004993,4103,5,Av. San Martín 5308,BT,6,2011-02-27 07:51:08,ACTIVO
1004994,4103,5,Av. Universitaria 9864,BT,6,2009-08-01 13:17:38,ACTIVO
1004995,4104,4,Av. Los Pinos 3120,BT,3,2008-12-16 20:06:15,ACTIVO
1004996,4104,4,Psje. Panamericana 5775,BT,2,2011-06-14 15:15:57,ACTIVO
1004997,4105,38,Av. Bolívar 9161,BT,7,2008-07-28 18:06:47,ACTIVO
1004998,4106,19,Pasaje Universitaria 4331,BT,6,2000-05-05 04:43:39,ACTIVO
1004999,4107,15,Psje. Grau 5788,BT,8,2014-08-21 03:26:27,ACTIVO
1005000,4108,15,Psje. Los Pinos 8994,BT,1,2013-04-10 13:16:18,ACTIVO
1005001,4108,15,Calle Bolívar 3056,BT,4,2016-11-30 06:59:57,ACTIVO
1005002,4109,34,Psje. Los Pinos 7495,BT,1,2024-07-22 00:00:00,ACTIVO
1005003,4110,3,Calle Universitaria 1118,BT,4,2002-09-20 14:11:58,ACTIVO
1005004,4111,5,Jr. Grau 3536,BT,7,2020-03-23 17:49:38,ACTIVO
1005005,4112,4,Jr. San Martín 4846,BT,8,2013-04-18 02:32:56,ACTIVO
1005006,4113,4,Psje. Panamericana 7129,BT,1,2010-01-06 06:16:25,ACTIVO
1005007,4114,11,Pasaje Panamericana 1817,MT,7,2001-12-16 18:11:37,ACTIVO
1005008,4115,29,Jr. San Martín 7390,BT,4,2020-12-23 12:56:29,ACTIVO
1005009,4116,30,Jr. Bolívar 3074,BT,7,2005-09-03 03:38:17,ACTIVO
1005010,4117,30,Psje. Grau 6731,BT,3,2007-02-26 09:22:22,ACTIVO
1005011,4118,19,Pasaje El Sol 198,BT,7,2000-11-01 09:39:11,ACTIVO
1005012,4118,19,Psje. Los Pinos 2144,BT,4,2016-02-17 20:07:03,ACTIVO
1005013,4119,31,Pasaje San Martín 2529,BT,8,2010-02-14 18:26:49,ACTIVO
1005014,4120,3,Psje. Universitaria 257,BT,8,2014-01-10 16:37:32,ACTIVO
1005015,4121,36,Psje. San Martín 2515,BT,8,2016-07-02 00:45:13,ACTIVO
1005016,4122,28,Calle Los Pinos 110,BT,8,2014-11-01 13:34:36,SUSPENDIDO
1005017,4123,10,Calle Venezuela 9234,BT,1,2005-10-25 23:45:16,ACTIVO
1005018,4124,15,Pasaje Los Pinos 652,BT,2,2003-07-21 20:06:10,ACTIVO
1005019,4125,26,Calle Los Pinos 5345,BT,1,2020-11-10 04:18:46,ACTIVO
1005020,4126,26,Psje. Progreso 1656,BT,5,2012-12-04 14:46:36,ACTIVO
1005021,4126,26,Psje. Panamericana 5201,BT,7,2000-07-07 09:34:38,ACTIVO
1005022,4127,26,Pasaje El Sol 8732,BT,4,2016-03-13 07:28:53,ACTIVO
1005023,4127,26,Pasaje Venezuela 8843,BT,8,2008-06-11 18:15:23,ACTIVO
1005024,4128,39,Av. El Sol 6385,BT,3,2000-05-28 19:17:38,ACTIVO
1005025,4129,38,Calle Los Pinos 5535,BT,5,2019-03-08 18:25:08,ACTIVO
1005026,4130,15,Psje. Bolívar 1619,BT,1,2007-01-15 17:45:44,ACTIVO
1005027,4131,4,Pasaje Grau 5357,BT,7,2000-01-29 21:06:51,ACTIVO
1005028,4131,4,Pasaje La Molina 7876,BT,1,2017-10-25 05:36:57,ACTIVO
1005029,4132,26,Calle Progreso 9901,BT,6,2018-07-06 19:07:35,ACTIVO
1005030,4133,26,Jr. Progreso 5855,BT,6,2001-08-08 09:56:07,ACTIVO
1005031,4134,15,Pasaje San Martín 1203,BT,2,2013-07-15 07:38:49,ACTIVO
1005032,4135,30,Av. Universitaria 7500,BT,4,2011-03-13 01:12:19,ACTIVO
1005033,4136,3,Jr. San Martín 5039,BT,8,2015-12-07 10:23:17,ACTIVO
1005034,4137,15,Psje. Panamericana 1101,BT,7,2008-07-07 21:22:22,ACTIVO
1005035,4137,15,Psje. San Martín 7025,BT,3,2003-05-11 04:52:20,ACTIVO
1005036,4138,26,Pasaje Los Pinos 9308,BT,8,2005-05-26 08:35:07,ACTIVO
1005037,4139,25,Calle Bolívar 140,BT,4,2012-07-28 16:41:09,ACTIVO
1005038,4140,5,Psje. Progreso 2623,BT,3,2023-10-16 00:00:00,ACTIVO
1005039,4140,5,Calle Universitaria 3762,BT,5,2022-06-22 00:00:00,ACTIVO
1005040,4141,7,Calle Universitaria 9571,BT,8,2002-12-09 22:20:10,ACTIVO
1005041,4142,35,Psje. El Sol 750,BT,6,2020-08-26 17:55:42,ACTIVO
1005042,4142,35,Av. El Sol 3478,BT,4,2019-01-25 14:21:19,ACTIVO
1005043,4142,35,Calle El Sol 8529,BT,1,2013-06-26 18:06:57,ACTIVO
1005044,4143,37,Jr. Universitaria 7077,BT,3,2006-10-20 21:14:39,ACTIVO
1005045,4144,7,Av. Bolívar 9525,BT,4,2002-03-06 23:15:40,ACTIVO
1005046,4145,41,Psje. Venezuela 5568,BT,8,2019-05-31 11:17:09,ACTIVO
1005047,4145,41,Psje. San Martín 1903,MT,8,2014-03-01 20:31:51,ACTIVO
1005048,4146,7,Jr. El Sol 7809,BT,3,2005-02-15 06:05:41,ACTIVO
1005049,4146,7,Av. El Sol 4585,BT,4,2002-05-06 13:35:36,ACTIVO
1005050,4147,7,Pasaje Bolívar 4729,BT,5,2002-09-17 05:47:10,ACTIVO
1005051,4148,18,Calle Bolívar 9341,BT,4,2009-07-30 16:35:17,SUSPENDIDO
1005052,4149,6,Av. Universitaria 9630,BT,8,2014-02-21 18:47:26,ACTIVO
1005053,4150,43,Calle Venezuela 4857,BT,5,2014-09-29 14:50:32,ACTIVO
1005054,4151,5,Pasaje Grau 7571,BT,7,2017-02-18 23:15:26,ACTIVO
1005055,4152,12,Jr. Grau 2768,BT,7,2009-09-28 11:13:55,ACTIVO
1005056,4152,12,Av. Venezuela 5864,BT,6,2001-03-08 01:44:11,ACTIVO
1005057,4153,43,Av. Bolívar 7271,BT,1,2017-02-26 15:03:39,INACTIVO
1005058,4153,43,Psje. San Martín 4370,BT,6,2015-08-09 01:52:51,ACTIVO
1005059,4153,43,Av. El Sol 296,BT,6,2015-11-14 14:45:23,ACTIVO
1005060,4154,30,Pasaje Venezuela 7959,BT,1,2015-09-30 08:06:27,ACTIVO
1005061,4155,15,Psje. Panamericana 1294,BT,7,2011-09-17 00:13:51,ACTIVO
1005062,4155,15,Psje. Los Pinos 2855,BT,8,2018-08-24 21:04:31,ACTIVO
1005063,4156,7,Jr. La Molina 8615,BT,7,2014-11-21 03:38:41,ACTIVO
1005064,4157,43,Pasaje Los Pinos 8469,BT,7,2017-06-25 19:19:29,ACTIVO
1005065,4158,10,Calle La Molina 3686,BT,4,2017-12-09 17:29:37,ACTIVO
1005066,4159,19,Jr. Panamericana 9766,BT,2,2018-12-03 08:33:37,ACTIVO
1005067,4160,32,Jr. El Sol 9641,BT,1,2012-01-11 11:28:43,ACTIVO
1005068,4161,5,Calle Los Pinos 7095,BT,2,2000-11-25 22:10:17,ACTIVO
1005069,4162,17,Jr. San Martín 1601,BT,8,2015-03-14 11:40:55,ACTIVO
1005070,4163,9,Jr. Panamericana 7286,BT,4,2007-05-14 20:05:59,ACTIVO
1005071,4164,3,Psje. La Molina 6865,BT,2,2011-01-25 15:23:04,ACTIVO
1005072,4165,18,Psje. Panamericana 6269,BT,5,2023-04-21 00:00:00,ACTIVO
1005073,4166,29,Jr. Universitaria 6762,BT,7,2014-01-28 09:16:38,ACTIVO
1005074,4167,38,Pasaje Los Pinos 8781,BT,3,2006-08-02 04:12:41,ACTIVO
1005075,4168,7,Calle San Martín 8600,BT,1,2010-06-17 00:35:51,ACTIVO
1005076,4168,7,Pasaje Bolívar 9714,BT,5,2009-12-04 09:55:49,ACTIVO
1005077,4169,43,Calle Venezuela 5967,BT,1,2005-08-30 05:52:06,ACTIVO
1005078,4170,41,Jr. Los Pinos 5072,BT,2,2023-05-15 00:00:00,ACTIVO
1005079,4171,28,Av. Los Pinos 7159,BT,1,2012-01-28 07:18:41,ACTIVO
1005080,4171,28,Jr. San Martín 8022,BT,8,2008-10-07 11:40:39,ACTIVO
1005081,4172,28,Calle San Martín 5645,BT,6,2008-06-01 21:54:10,ACTIVO
1005082,4172,28,Jr. San Martín 1377,BT,8,2003-11-12 03:07:55,ACTIVO
1005083,4173,40,Psje. Progreso 8309,BT,5,2002-12-16 04:32:15,ACTIVO
1005084,4173,40,Av. Grau 6687,BT,8,2023-10-31 00:00:00,ACTIVO
1005085,4174,15,Calle Los Pinos 5671,BT,2,2007-10-24 04:56:45,ACTIVO
1005086,4174,15,Av. Universitaria 8317,BT,7,2009-11-03 04:22:28,ACTIVO
1005087,4174,15,Pasaje La Molina 9506,BT,8,2008-11-26 07:30:31,ACTIVO
1005088,4175,31,Av. San Martín 468,BT,7,2000-04-19 16:17:26,ACTIVO
1005089,4176,7,Calle El Sol 9828,BT,2,2004-03-20 21:19:34,ACTIVO
1005090,4177,38,Calle Venezuela 7383,BT,5,2019-10-07 05:34:01,ACTIVO
1005091,4178,15,Calle La Molina 6742,BT,3,2000-07-29 21:57:21,ACTIVO
1005092,4179,28,Jr. El Sol 6324,BT,2,2000-06-25 20:48:24,ACTIVO
1005093,4180,28,Calle Los Pinos 8899,BT,5,2007-09-21 03:02:49,ACTIVO
1005094,4181,28,Jr. Venezuela 1758,BT,5,2009-04-06 04:55:06,ACTIVO
1005095,4182,39,Psje. El Sol 9880,BT,5,2008-12-05 12:57:22,ACTIVO
1005096,4183,39,Av. Venezuela 674,BT,8,2011-09-29 16:49:57,ACTIVO
1005097,4183,39,Pasaje Bolívar 4018,BT,4,2005-05-16 03:51:35,ACTIVO
1005098,4184,5,Psje. Panamericana 5425,BT,5,2018-09-29 10:43:55,ACTIVO
1005099,4184,5,Pasaje Venezuela 3798,BT,5,2000-09-15 22:21:27,ACTIVO
1005100,4185,42,Psje. Panamericana 8399,BT,5,2016-01-20 04:35:43,ACTIVO
1005101,4186,9,Av. Progreso 163,BT,7,2003-12-28 03:22:00,ACTIVO
1005102,4187,1,Psje. Universitaria 2094,BT,7,2011-11-22 21:17:05,ACTIVO
1005103,4188,4,Pasaje Universitaria 2052,BT,4,2019-08-19 23:49:16,ACTIVO
1005104,4189,20,Pasaje Universitaria 3109,BT,3,2006-05-07 16:01:55,ACTIVO
1005105,4190,3,Jr. Venezuela 5426,BT,7,2012-10-10 15:18:39,ACTIVO
1005106,4191,7,Av. Los Pinos 5577,BT,5,2000-04-27 22:17:29,ACTIVO
1005107,4191,7,Jr. San Martín 5879,BT,6,2019-12-03 10:07:10,INACTIVO
1005108,4192,19,Pasaje El Sol 7722,BT,3,2014-08-31 10:09:53,ACTIVO
1005109,4193,43,Jr. San Martín 4550,BT,4,2010-09-09 06:16:10,ACTIVO
1005110,4194,39,Calle Panamericana 3184,BT,8,2015-07-30 09:01:06,ACTIVO
1005111,4195,26,Jr. Bolívar 4602,BT,7,2008-04-09 15:12:34,ACTIVO
1005112,4195,26,Pasaje Bolívar 7191,BT,6,2018-01-17 07:50:27,ACTIVO
1005113,4196,7,Av. Universitaria 9074,BT,5,2002-07-15 17:07:09,ACTIVO
1005114,4197,26,Calle El Sol 7483,BT,4,2019-10-01 11:36:06,ACTIVO
1005115,4198,42,Av. Grau 5134,BT,2,2007-08-14 02:22:57,ACTIVO
1005116,4198,42,Psje. San Martín 8917,BT,1,2005-11-23 05:58:36,SUSPENDIDO
1005117,4199,3,Pasaje Panamericana 696,BT,6,2024-12-23 00:00:00,ACTIVO
1005118,4200,29,Jr. Bolívar 8725,BT,1,2018-05-15 05:40:35,ACTIVO
1005119,4201,40,Psje. San Martín 5885,BT,7,2003-06-25 11:50:10,ACTIVO
1005120,4201,40,Jr. La Molina 6767,BT,4,2009-03-20 05:50:36,ACTIVO
1005121,4201,40,Calle San Martín 8622,BT,2,2016-10-10 07:08:22,ACTIVO
1005122,4202,7,Av. Progreso 8115,BT,6,2013-01-27 12:35:29,ACTIVO
1005123,4202,7,Psje. Los Pinos 2098,BT,8,2019-09-05 09:50:26,ACTIVO
1005124,4202,7,Calle Los Pinos 6780,BT,2,2010-09-17 01:21:48,ACTIVO
1005125,4203,26,Calle La Molina 3885,BT,3,2001-07-11 03:10:09,ACTIVO
1005126,4204,29,Psje. Venezuela 5753,BT,8,2012-03-05 11:00:23,ACTIVO
1005127,4204,29,Psje. Venezuela 5252,BT,4,2020-12-16 18:56:16,ACTIVO
1005128,4205,30,Av. Los Pinos 5277,BT,2,2019-12-29 10:29:21,ACTIVO
1005129,4206,15,Jr. Venezuela 8359,BT,5,2000-06-16 20:31:58,ACTIVO
1005130,4207,19,Av. La Molina 2448,BT,4,2010-07-11 16:08:52,ACTIVO
1005131,4208,3,Psje. Los Pinos 7236,BT,8,2001-05-03 16:43:13,INACTIVO
1005132,4209,29,Pasaje Progreso 4833,BT,5,2016-02-06 11:59:15,ACTIVO
1005133,4210,3,Jr. Progreso 4114,BT,1,2015-08-28 12:08:20,ACTIVO
1005134,4211,15,Calle San Martín 7308,BT,2,2003-01-12 21:45:19,ACTIVO
1005135,4211,15,Psje. Progreso 674,BT,7,2020-05-28 16:20:00,ACTIVO
1005136,4212,6,Jr. Venezuela 6742,BT,5,2015-12-29 09:57:43,ACTIVO
1005137,4213,15,Pasaje Panamericana 1521,BT,8,2017-11-11 04:40:52,ACTIVO
1005138,4214,15,Av. El Sol 3180,BT,1,2007-01-17 22:22:10,ACTIVO
1005139,4215,43,Pasaje Venezuela 4441,BT,3,2020-07-13 07:12:14,ACTIVO
1005140,4216,37,Calle Grau 2731,BT,1,2015-05-15 04:36:56,ACTIVO
1005141,4216,37,Pasaje Los Pinos 5240,BT,1,2015-07-21 04:33:26,ACTIVO
1005142,4217,38,Calle Los Pinos 9276,BT,7,2012-02-04 16:15:18,ACTIVO
1005143,4218,7,Jr. Progreso 4594,BT,8,2002-07-03 14:00:09,ACTIVO
1005144,4219,5,Calle Progreso 1192,BT,1,2015-09-10 05:48:45,ACTIVO
1005145,4220,43,Av. Los Pinos 3766,BT,5,2009-09-06 17:21:00,ACTIVO
1005146,4220,43,Pasaje Panamericana 8765,BT,8,2002-09-20 23:29:58,ACTIVO
1005147,4221,25,Av. Progreso 1497,BT,7,2007-12-18 02:38:19,ACTIVO
1005148,4222,7,Pasaje La Molina 6028,BT,7,2001-10-16 01:36:23,ACTIVO
1005149,4223,15,Calle El Sol 7930,BT,4,2001-03-23 14:01:39,SUSPENDIDO
1005150,4224,7,Calle San Martín 9238,BT,8,2004-01-01 13:50:33,ACTIVO
1005151,4225,7,Pasaje Universitaria 2414,MT,6,2001-05-03 14:27:59,ACTIVO
1005152,4225,7,Jr. Panamericana 2878,BT,4,2020-05-10 11:34:05,ACTIVO
1005153,4226,25,Calle Venezuela 6731,BT,6,2008-03-06 23:27:32,ACTIVO
1005154,4227,3,Av. Grau 5725,BT,1,2001-01-27 01:27:21,ACTIVO
1005155,4228,3,Jr. Venezuela 9816,BT,8,2014-03-20 22:18:59,ACTIVO
1005156,4228,3,Pasaje San Martín 427,BT,8,2002-01-17 08:54:28,ACTIVO
1005157,4228,3,Calle Los Pinos 9247,BT,6,2009-02-04 17:20:52,ACTIVO
1005158,4229,40,Jr. Grau 2025,BT,2,2013-11-17 17:33:17,ACTIVO
1005159,4230,4,Jr. Bolívar 6477,BT,1,2022-07-20 00:00:00,ACTIVO
1005160,4231,38,Jr. El Sol 3868,BT,1,2017-06-09 11:44:03,ACTIVO
1005161,4232,15,Av. Progreso 2464,BT,5,2007-05-27 12:46:05,ACTIVO
1005162,4233,40,Calle San Martín 1786,BT,8,2015-05-06 07:34:09,ACTIVO
1005163,4234,43,Calle Bolívar 9904,BT,6,2020-05-02 16:26:26,ACTIVO
1005164,4235,15,Psje. La Molina 5358,BT,2,2007-02-05 05:37:23,ACTIVO
1005165,4236,43,Pasaje Los Pinos 3623,BT,7,2005-06-18 06:11:36,ACTIVO
1005166,4237,30,Jr. Los Pinos 8705,BT,4,2005-08-05 19:02:02,ACTIVO
1005167,4238,1,Psje. La Molina 5077,BT,6,2004-06-09 04:27:29,ACTIVO
1005168,4239,28,Pasaje Grau 4425,BT,4,2014-05-03 16:29:43,ACTIVO
1005169,4240,12,Pasaje San Martín 838,BT,2,2007-06-17 21:47:21,ACTIVO
1005170,4240,12,Psje. Grau 9613,BT,7,2007-07-20 20:34:39,ACTIVO
1005171,4241,26,Psje. San Martín 4392,BT,3,2005-04-17 18:30:00,ACTIVO
1005172,4242,3,Psje. San Martín 7772,BT,8,2007-06-04 04:13:51,ACTIVO
1005173,4243,15,Calle Universitaria 8731,BT,3,2024-04-01 00:00:00,ACTIVO
1005174,4244,42,Av. Los Pinos 5526,BT,2,2006-12-12 22:04:58,ACTIVO
1005175,4245,3,Calle Bolívar 6778,BT,3,2001-05-25 19:58:37,ACTIVO
1005176,4245,3,Av. Panamericana 4667,BT,4,2010-06-01 00:31:19,ACTIVO
1005177,4246,7,Av. Panamericana 4508,BT,2,2001-04-17 05:41:17,SUSPENDIDO
1005178,4247,15,Psje. San Martín 9562,MT,7,2007-05-13 12:52:32,ACTIVO
1005179,4248,15,Pasaje Grau 8598,BT,4,2008-12-30 03:59:32,ACTIVO
1005180,4249,26,Calle Panamericana 9783,BT,4,2005-10-05 20:47:39,ACTIVO
1005181,4250,15,Pasaje Los Pinos 6124,BT,7,2015-10-14 06:31:05,ACTIVO
1005182,4251,28,Jr. San Martín 1897,BT,2,2013-09-23 15:44:26,ACTIVO
1005183,4252,20,Pasaje Bolívar 2065,BT,1,2015-11-17 09:35:09,ACTIVO
1005184,4252,20,Jr. San Martín 3939,BT,4,2002-03-02 04:42:32,ACTIVO
1005185,4253,9,Calle La Molina 8964,BT,2,2016-09-25 08:47:39,ACTIVO
1005186,4254,40,Av. San Martín 4166,BT,8,2014-12-03 07:39:06,ACTIVO
1005187,4255,22,Pasaje La Molina 2874,BT,4,2013-06-28 16:25:34,ACTIVO
1005188,4256,15,Calle Los Pinos 1784,BT,1,2009-11-17 17:01:32,SUSPENDIDO
1005189,4257,25,Jr. El Sol 3255,BT,6,2018-01-14 21:23:00,ACTIVO
1005190,4258,9,Pasaje La Molina 7361,BT,4,2012-08-23 18:44:05,ACTIVO
1005191,4259,33,Jr. Venezuela 735,BT,6,2013-11-30 10:27:09,ACTIVO
1005192,4260,7,Calle Panamericana 6327,BT,3,2007-06-03 03:07:54,ACTIVO
1005193,4261,7,Psje. Universitaria 6629,BT,7,2018-04-22 15:06:44,ACTIVO
1005194,4261,7,Pasaje Grau 9509,BT,8,2008-10-01 00:46:18,ACTIVO
1005195,4262,40,Pasaje El Sol 5496,BT,7,2005-12-19 09:09:38,ACTIVO
1005196,4263,9,Jr. Bolívar 9234,BT,7,2017-08-05 11:38:32,ACTIVO
1005197,4264,28,Pasaje Venezuela 1037,BT,1,2000-06-16 14:38:21,ACTIVO
1005198,4265,33,Jr. Universitaria 6092,BT,1,2001-10-16 01:45:19,ACTIVO
1005199,4265,33,Psje. Universitaria 2532,BT,8,2020-08-09 23:08:04,ACTIVO
1005200,4266,41,Jr. Los Pinos 3048,BT,3,2012-08-28 18:01:07,ACTIVO
1005201,4267,38,Jr. Bolívar 8786,BT,7,2006-04-29 09:45:17,ACTIVO
1005202,4268,40,Calle San Martín 1098,BT,1,2008-06-25 17:27:36,ACTIVO
1005203,4269,9,Pasaje Venezuela 3226,BT,5,2013-01-18 03:03:38,ACTIVO
1005204,4270,9,Pasaje Venezuela 8140,BT,4,2008-05-24 20:01:34,ACTIVO
1005205,4271,17,Psje. La Molina 5767,BT,6,2000-03-30 14:19:38,ACTIVO
1005206,4271,17,Pasaje Grau 6557,BT,3,2006-01-15 22:10:29,ACTIVO
1005207,4272,26,Psje. El Sol 4256,BT,6,2016-09-17 04:45:14,ACTIVO
1005208,4272,26,Jr. Progreso 7756,BT,5,2002-06-12 12:16:14,ACTIVO
1005209,4273,29,Av. Universitaria 7054,BT,3,2006-07-09 02:52:55,ACTIVO
1005210,4274,5,Pasaje El Sol 2728,BT,8,2009-08-12 21:05:10,ACTIVO
1005211,4275,9,Av. Venezuela 335,BT,6,2014-07-23 05:06:14,ACTIVO
1005212,4275,9,Calle Venezuela 7162,BT,2,2013-04-15 10:15:39,INACTIVO
1005213,4276,43,Av. Progreso 6249,BT,6,2015-06-25 10:26:04,ACTIVO
1005214,4277,37,Calle Universitaria 1861,BT,1,2020-09-04 06:57:09,ACTIVO
1005215,4278,19,Pasaje Bolívar 1592,BT,2,2002-09-22 07:52:17,ACTIVO
1005216,4279,28,Psje. Progreso 9052,BT,3,2015-09-20 06:14:45,ACTIVO
1005217,4279,28,Av. Universitaria 2858,BT,5,2000-01-26 18:40:55,ACTIVO
1005218,4280,3,Av. Venezuela 1616,BT,1,2003-11-26 23:01:12,ACTIVO
1005219,4281,7,Pasaje La Molina 6332,BT,7,2004-11-05 23:13:56,ACTIVO
1005220,4282,7,Psje. Universitaria 6514,BT,2,2006-06-08 23:05:27,ACTIVO
1005221,4283,7,Jr. Panamericana 3042,BT,3,2004-09-14 18:04:03,ACTIVO
1005222,4284,21,Jr. Progreso 1335,BT,7,2009-04-11 02:16:22,ACTIVO
1005223,4285,15,Psje. San Martín 8565,BT,8,2013-09-29 23:01:12,ACTIVO
1005224,4286,19,Jr. El Sol 6257,BT,1,2023-01-18 00:00:00,ACTIVO
1005225,4287,7,Calle Bolívar 6545,BT,2,2018-10-02 17:22:22,ACTIVO
1005226,4288,13,Psje. La Molina 2973,BT,2,2005-07-05 15:50:07,ACTIVO
1005227,4289,15,Calle Progreso 9441,BT,7,2011-06-02 02:38:39,ACTIVO
1005228,4290,26,Jr. Progreso 2859,BT,3,2002-12-22 14:52:06,ACTIVO
1005229,4290,26,Jr. Panamericana 5058,BT,2,2011-07-16 14:54:43,ACTIVO
1005230,4291,5,Pasaje Bolívar 7371,BT,2,2012-05-08 20:19:45,ACTIVO
1005231,4292,7,Psje. Panamericana 3633,BT,8,2011-03-04 08:43:50,ACTIVO
1005232,4293,9,Pasaje San Martín 8713,MT,7,2009-11-02 06:39:04,SUSPENDIDO
1005233,4294,38,Calle San Martín 1196,BT,5,2017-08-27 10:48:26,ACTIVO
1005234,4295,15,Psje. Progreso 9199,BT,7,2008-11-20 06:35:52,ACTIVO
1005235,4296,26,Calle Panamericana 5015,BT,1,2003-10-26 06:29:36,ACTIVO
1005236,4297,9,Jr. Bolívar 3530,BT,2,2003-03-07 12:29:02,ACTIVO
1005237,4298,38,Jr. La Molina 3240,BT,1,2001-04-02 01:55:21,ACTIVO
1005238,4298,38,Calle Los Pinos 7900,BT,8,2016-02-11 09:42:37,ACTIVO
1005239,4299,40,Psje. Panamericana 5899,BT,2,2009-04-02 07:10:19,ACTIVO
1005240,4299,40,Av. Panamericana 5953,BT,2,2008-07-23 13:18:47,ACTIVO
1005241,4300,5,Jr. Los Pinos 907,BT,1,2020-04-17 07:54:48,ACTIVO
1005242,4301,38,Pasaje El Sol 3679,BT,1,2009-08-16 08:40:17,ACTIVO
1005243,4302,43,Calle Los Pinos 4615,BT,8,2006-01-13 05:48:58,ACTIVO
1005244,4303,41,Pasaje Grau 5159,BT,6,2005-02-03 08:56:21,ACTIVO
1005245,4303,41,Av. Universitaria 4770,BT,8,2002-06-13 12:10:13,ACTIVO
1005246,4304,15,Pasaje Bolívar 6440,BT,7,2003-07-02 13:00:59,ACTIVO
1005247,4305,7,Calle Panamericana 929,BT,4,2017-06-04 20:58:48,ACTIVO
1005248,4306,38,Av. Panamericana 2062,BT,7,2001-04-14 09:43:05,ACTIVO
1005249,4307,41,Psje. El Sol 6244,BT,8,2006-02-15 18:34:33,ACTIVO
1005250,4308,19,Calle La Molina 3276,BT,1,2008-03-06 14:04:03,ACTIVO
1005251,4309,3,Av. Bolívar 3019,BT,8,2003-04-22 09:48:29,ACTIVO
1005252,4310,18,Av. Progreso 1399,BT,2,2000-03-26 10:55:45,ACTIVO
1005253,4310,18,Psje. El Sol 3426,BT,4,2011-01-12 07:55:10,ACTIVO
1005254,4311,39,Av. Los Pinos 4087,BT,2,2003-07-07 15:56:26,ACTIVO
1005255,4312,26,Jr. Grau 2720,BT,3,2010-11-30 20:51:20,ACTIVO
1005256,4313,43,Av. San Martín 6261,BT,6,2002-09-18 10:17:25,ACTIVO
1005257,4314,14,Av. Panamericana 8603,BT,3,2020-12-01 12:26:45,ACTIVO
1005258,4315,9,Jr. Universitaria 7436,BT,2,2010-07-23 00:48:54,ACTIVO
1005259,4316,19,Calle Panamericana 9054,BT,1,2004-11-20 06:07:32,ACTIVO
1005260,4317,19,Jr. El Sol 5056,BT,3,2004-10-13 07:00:39,ACTIVO
1005261,4318,13,Av. Los Pinos 6107,BT,8,2014-05-08 07:22:51,ACTIVO
1005262,4318,13,Calle El Sol 5928,BT,7,2018-10-06 09:25:06,ACTIVO
1005263,4319,3,Jr. Los Pinos 1525,MT,6,2005-10-04 21:47:49,ACTIVO
1005264,4320,29,Calle Universitaria 5006,BT,1,2017-08-29 10:02:17,ACTIVO
1005265,4321,26,Psje. Universitaria 9014,BT,6,2011-11-28 15:13:35,ACTIVO
1005266,4322,19,Psje. El Sol 1721,BT,3,2022-03-11 00:00:00,ACTIVO
1005267,4323,15,Jr. Universitaria 4957,BT,8,2001-10-09 14:07:12,SUSPENDIDO
1005268,4324,15,Jr. Grau 9034,BT,5,2019-05-03 09:49:11,ACTIVO
1005269,4324,15,Psje. Venezuela 4379,BT,3,2004-03-29 21:06:23,ACTIVO
1005270,4325,15,Jr. San Martín 5307,BT,7,2003-01-09 13:01:07,ACTIVO
1005271,4325,15,Psje. Venezuela 2502,BT,3,2020-10-09 19:28:11,ACTIVO
1005272,4326,3,Jr. San Martín 3203,BT,5,2007-11-29 13:19:20,ACTIVO
1005273,4326,3,Pasaje La Molina 9239,BT,3,2000-04-19 08:08:35,ACTIVO
1005274,4327,3,Jr. El Sol 4063,BT,2,2024-11-11 00:00:00,ACTIVO
1005275,4328,9,Psje. Grau 8119,BT,1,2003-11-24 00:13:12,ACTIVO
1005276,4329,26,Psje. Panamericana 8989,BT,6,2013-03-10 07:31:53,ACTIVO
1005277,4330,38,Jr. Panamericana 5065,BT,2,2017-05-11 07:26:41,ACTIVO
1005278,4331,18,Jr. Grau 5239,BT,6,2006-01-23 22:09:53,ACTIVO
1005279,4331,18,Pasaje Universitaria 743,BT,1,2010-10-18 12:05:34,ACTIVO
1005280,4332,2,Pasaje Bolívar 3788,BT,8,2013-07-26 13:59:05,ACTIVO
1005281,4333,3,Pasaje Bolívar 2328,BT,6,2002-03-22 08:27:03,ACTIVO
1005282,4334,19,Psje. Universitaria 2610,BT,8,2006-12-14 14:24:00,ACTIVO
1005283,4335,37,Av. San Martín 7129,BT,2,2019-01-25 18:54:19,ACTIVO
1005284,4335,37,Pasaje Grau 2140,BT,1,2024-11-30 00:00:00,ACTIVO
1005285,4336,15,Calle La Molina 484,BT,5,2008-10-05 02:46:38,ACTIVO
1005286,4337,26,Pasaje Panamericana 8399,BT,2,2014-10-18 19:01:36,ACTIVO
1005287,4338,9,Jr. Bolívar 9856,BT,4,2010-07-20 20:08:22,ACTIVO
1005288,4338,9,Psje. Progreso 7175,BT,4,2007-01-24 09:36:57,ACTIVO
1005289,4339,15,Pasaje La Molina 4428,BT,5,2016-04-26 23:05:01,ACTIVO
1005290,4340,19,Psje. Panamericana 3752,BT,2,2013-11-13 15:34:58,ACTIVO
1005291,4340,19,Jr. Progreso 3493,BT,5,2016-03-22 10:34:00,ACTIVO
1005292,4341,5,Calle Progreso 2065,BT,3,2005-07-13 16:25:47,ACTIVO
1005293,4342,38,Jr. San Martín 9321,BT,3,2001-08-16 05:14:55,ACTIVO
1005294,4343,28,Pasaje Universitaria 3690,BT,8,2020-07-12 21:07:22,ACTIVO
1005295,4344,7,Jr. La Molina 4608,BT,8,2003-12-09 00:44:22,ACTIVO
1005296,4345,15,Psje. Venezuela 7262,BT,3,2023-03-03 00:00:00,ACTIVO
1005297,4346,9,Pasaje Grau 7807,BT,2,2004-10-30 08:21:30,ACTIVO
1005298,4347,30,Av. El Sol 1009,BT,7,2016-01-20 21:17:44,ACTIVO
1005299,4348,29,Jr. San Martín 820,BT,6,2014-04-07 21:19:20,ACTIVO
1005300,4349,30,Pasaje San Martín 3330,BT,4,2020-03-30 03:35:52,ACTIVO
1005301,4350,31,Jr. Progreso 1035,BT,8,2004-05-17 10:34:18,ACTIVO
1005302,4351,7,Pasaje Progreso 3766,BT,2,2004-02-11 00:01:33,ACTIVO
1005303,4352,26,Pasaje Los Pinos 1519,BT,6,2019-09-16 02:48:43,ACTIVO
1005304,4353,18,Pasaje Grau 3821,MT,7,2005-10-05 02:50:33,ACTIVO
1005305,4354,3,Calle La Molina 2718,BT,4,2005-11-08 10:46:00,ACTIVO
1005306,4355,38,Pasaje Progreso 6214,BT,2,2018-07-27 16:42:10,ACTIVO
1005307,4356,15,Jr. Universitaria 4805,BT,3,2013-01-01 02:40:29,SUSPENDIDO
1005308,4357,5,Psje. La Molina 7620,BT,7,2020-10-10 08:24:11,ACTIVO
1005309,4358,13,Jr. Panamericana 1917,BT,4,2012-08-18 11:37:10,ACTIVO
1005310,4359,7,Av. Universitaria 5841,BT,2,2017-05-10 05:35:26,ACTIVO
1005311,4360,32,Psje. Panamericana 7799,BT,5,2002-06-19 10:25:15,ACTIVO
1005312,4360,32,Pasaje Universitaria 3922,BT,3,2019-01-22 23:21:38,ACTIVO
1005313,4361,4,Av. Bolívar 8226,BT,5,2004-01-13 14:45:51,ACTIVO
1005314,4362,7,Jr. Venezuela 8311,BT,2,2016-05-28 21:48:14,INACTIVO
1005315,4363,15,Jr. San Martín 299,BT,1,2006-03-11 16:11:02,ACTIVO
1005316,4363,15,Psje. Universitaria 2730,BT,7,2004-10-05 18:11:57,ACTIVO
1005317,4364,40,Calle Universitaria 3236,BT,8,2003-02-23 12:45:24,SUSPENDIDO
1005318,4365,37,Av. Grau 4960,BT,2,2017-06-17 13:29:10,ACTIVO
1005319,4366,17,Av. Panamericana 4983,BT,1,2002-02-14 02:14:02,ACTIVO
1005320,4367,30,Calle Panamericana 8709,BT,1,2001-01-18 07:11:58,ACTIVO
1005321,4368,28,Pasaje Universitaria 5810,BT,4,2006-09-26 17:24:45,ACTIVO
1005322,4369,40,Psje. Universitaria 105,BT,3,2010-12-05 21:55:10,ACTIVO
1005323,4370,43,Calle San Martín 3454,BT,7,2020-07-20 18:56:30,ACTIVO
1005324,4371,3,Psje. Progreso 2435,BT,7,2009-08-10 12:40:22,ACTIVO
1005325,4372,39,Jr. San Martín 7186,BT,5,2020-12-12 04:51:06,ACTIVO
1005326,4373,30,Jr. Progreso 7497,BT,4,2007-10-25 14:34:12,ACTIVO
1005327,4374,38,Av. Venezuela 5556,BT,6,2012-06-12 07:27:22,ACTIVO
1005328,4375,5,Jr. El Sol 2013,BT,7,2005-02-25 18:02:45,ACTIVO
1005329,4376,19,Av. El Sol 7755,BT,7,2017-06-18 12:38:00,ACTIVO
1005330,4377,7,Pasaje El Sol 1305,BT,8,2020-02-16 11:31:56,ACTIVO
1005331,4378,13,Av. Universitaria 5630,BT,2,2003-05-22 01:16:04,ACTIVO
1005332,4378,13,Jr. Grau 4558,BT,5,2003-04-01 16:05:25,ACTIVO
1005333,4379,43,Pasaje Progreso 6091,BT,7,2006-02-26 21:29:43,ACTIVO
1005334,4380,26,Av. Los Pinos 9495,BT,7,2018-07-13 22:14:53,ACTIVO
1005335,4381,33,Pasaje Universitaria 5363,BT,1,2007-11-21 23:29:56,ACTIVO
1005336,4382,43,Psje. Los Pinos 7068,BT,2,2012-02-13 12:46:32,ACTIVO
1005337,4383,1,Psje. Progreso 3714,BT,5,2001-02-06 13:18:21,ACTIVO
1005338,4384,7,Jr. Grau 5615,BT,3,2007-12-31 07:30:07,ACTIVO
1005339,4384,7,Calle La Molina 3508,BT,4,2007-09-25 03:24:34,ACTIVO
1005340,4385,15,Jr. Venezuela 7145,BT,5,2018-10-04 20:27:53,ACTIVO
1005341,4386,28,Psje. San Martín 5240,BT,6,2015-07-17 17:23:51,ACTIVO
1005342,4387,15,Av. Grau 1399,BT,5,2011-07-02 03:52:42,ACTIVO
1005343,4387,15,Calle El Sol 4846,BT,3,2009-03-15 23:11:39,ACTIVO
1005344,4388,34,Psje. La Molina 4105,BT,1,2002-12-07 01:08:31,ACTIVO
1005345,4389,6,Av. El Sol 6436,BT,7,2011-02-16 21:25:00,ACTIVO
1005346,4389,6,Pasaje Bolívar 5879,BT,4,2019-12-15 19:03:45,SUSPENDIDO
1005347,4390,15,Psje. La Molina 1582,BT,2,2002-02-13 14:38:54,ACTIVO
1005348,4390,15,Pasaje Panamericana 6719,BT,6,2005-01-13 13:05:21,ACTIVO
1005349,4391,26,Av. Grau 6515,BT,4,2010-09-18 21:33:43,ACTIVO
1005350,4392,9,Psje. Grau 3838,BT,8,2000-04-03 07:43:45,ACTIVO
1005351,4393,7,Calle Grau 6861,BT,1,2006-08-03 07:48:59,ACTIVO
1005352,4394,37,Pasaje Venezuela 8157,BT,4,2018-11-26 06:09:01,ACTIVO
1005353,4395,18,Av. Panamericana 431,BT,1,2014-02-27 01:55:30,ACTIVO
1005354,4396,22,Psje. Bolívar 5857,BT,6,2024-02-22 00:00:00,ACTIVO
1005355,4397,30,Jr. La Molina 8961,BT,1,2010-03-06 17:56:32,INACTIVO
1005356,4398,3,Jr. La Molina 2253,BT,6,2019-04-23 23:58:23,ACTIVO
1005357,4399,13,Av. Panamericana 1542,BT,1,2000-08-13 23:19:18,ACTIVO
1005358,4400,15,Pasaje Universitaria 1418,BT,8,2018-02-27 10:36:35,ACTIVO
1005359,4401,7,Av. El Sol 4037,BT,5,2024-12-01 00:00:00,ACTIVO
1005360,4402,9,Calle Bolívar 8669,MT,5,2004-05-22 07:16:50,ACTIVO
1005361,4402,9,Jr. El Sol 8095,BT,5,2017-08-20 19:43:17,ACTIVO
1005362,4403,43,Psje. Venezuela 5940,BT,8,2008-06-13 11:34:03,ACTIVO
1005363,4404,24,Av. Universitaria 9427,BT,7,2020-08-21 17:28:48,ACTIVO
1005364,4405,7,Pasaje La Molina 9247,BT,3,2000-03-09 02:54:00,ACTIVO
1005365,4406,39,Pasaje Grau 9215,BT,6,2013-12-24 10:28:21,ACTIVO
1005366,4407,6,Jr. Venezuela 9613,MT,3,2012-12-10 06:52:18,ACTIVO
1005367,4408,26,Calle La Molina 4894,BT,7,2002-01-13 04:51:49,ACTIVO
1005368,4409,43,Calle Universitaria 2325,BT,4,2019-07-21 19:35:35,ACTIVO
1005369,4410,9,Av. Progreso 290,BT,5,2015-03-23 04:09:27,INACTIVO
1005370,4411,15,Psje. San Martín 6814,BT,8,2015-07-20 21:04:52,ACTIVO
1005371,4412,4,Av. Progreso 2216,BT,6,2006-07-24 07:33:48,ACTIVO
1005372,4412,4,Av. Universitaria 9467,BT,2,2007-01-05 00:15:01,SUSPENDIDO
1005373,4412,4,Pasaje El Sol 5601,BT,7,2011-04-30 17:09:26,ACTIVO
1005374,4413,7,Psje. Panamericana 8421,BT,8,2019-05-29 07:02:04,ACTIVO
1005375,4414,25,Jr. Panamericana 7868,BT,8,2012-03-18 10:26:53,ACTIVO
1005376,4415,29,Psje. San Martín 5738,BT,8,2009-03-03 05:10:13,ACTIVO
1005377,4416,35,Psje. San Martín 4188,BT,2,2003-12-30 22:56:01,ACTIVO
1005378,4417,15,Pasaje Los Pinos 6372,BT,8,2006-01-11 19:16:08,ACTIVO
1005379,4418,5,Av. Panamericana 7661,BT,5,2008-01-02 09:08:20,ACTIVO
1005380,4419,15,Jr. Panamericana 8268,BT,7,2020-06-04 13:47:05,ACTIVO
1005381,4420,35,Calle El Sol 9335,BT,8,2017-06-04 17:30:03,ACTIVO
1005382,4421,7,Jr. La Molina 5674,BT,4,2009-12-22 22:53:45,ACTIVO
1005383,4422,29,Jr. Panamericana 4450,BT,7,2008-05-10 08:16:42,ACTIVO
1005384,4422,29,Psje. El Sol 381,BT,6,2013-08-23 10:46:32,ACTIVO
1005385,4423,9,Calle Universitaria 6657,BT,1,2000-08-07 04:30:52,ACTIVO
1005386,4423,9,Pasaje El Sol 4672,BT,5,2020-08-02 03:07:07,ACTIVO
1005387,4424,15,Calle Venezuela 8223,BT,3,2007-11-27 03:04:07,ACTIVO
1005388,4425,31,Psje. Los Pinos 942,BT,8,2007-12-08 22:12:37,ACTIVO
1005389,4426,39,Jr. Bolívar 6604,BT,5,2015-12-19 18:32:30,ACTIVO
1005390,4427,15,Jr. Los Pinos 8645,BT,5,2004-03-01 04:10:16,ACTIVO
1005391,4428,30,Jr. Bolívar 2602,BT,5,2008-02-21 05:22:27,ACTIVO
1005392,4429,12,Calle Bolívar 9154,BT,3,2005-04-07 06:36:13,ACTIVO
1005393,4430,15,Calle Grau 1652,BT,1,2010-10-24 20:37:48,ACTIVO
1005394,4431,1,Av. San Martín 4151,BT,7,2018-01-13 02:46:35,ACTIVO
1005395,4432,7,Psje. Bolívar 6254,BT,3,2011-01-19 07:40:19,ACTIVO
1005396,4433,7,Psje. La Molina 2632,BT,3,2013-06-07 19:49:39,ACTIVO
1005397,4433,7,Jr. Grau 6577,BT,5,2012-05-30 07:22:34,ACTIVO
1005398,4433,7,Calle Progreso 6234,BT,8,2019-08-04 12:24:08,ACTIVO
1005399,4434,36,Calle Los Pinos 1586,BT,4,2016-02-11 20:41:32,ACTIVO
1005400,4434,36,Av. Los Pinos 8387,BT,1,2008-04-12 10:06:10,ACTIVO
1005401,4435,15,Psje. Progreso 7983,BT,2,2023-08-05 00:00:00,ACTIVO
1005402,4436,12,Jr. La Molina 4364,BT,6,2001-04-13 10:46:02,ACTIVO
1005403,4437,15,Av. Bolívar 9846,BT,8,2011-06-07 16:07:49,ACTIVO
1005404,4438,18,Pasaje San Martín 4415,BT,5,2001-06-24 01:30:11,ACTIVO
1005405,4439,15,Psje. Grau 8105,BT,5,2005-02-11 07:27:20,ACTIVO
1005406,4440,9,Calle Panamericana 2896,BT,4,2011-06-14 16:45:32,ACTIVO
1005407,4441,43,Jr. La Molina 6410,BT,3,2017-08-07 16:28:22,ACTIVO
1005408,4442,15,Calle Venezuela 6877,BT,1,2017-12-20 23:03:38,ACTIVO
1005409,4443,7,Pasaje Grau 2776,BT,6,2011-03-28 01:01:25,ACTIVO
1005410,4443,7,Psje. Los Pinos 5692,BT,5,2010-02-14 11:52:16,ACTIVO
1005411,4444,7,Pasaje Universitaria 8575,BT,8,2012-02-06 13:33:15,ACTIVO
1005412,4445,9,Pasaje Venezuela 4999,BT,1,2001-03-02 01:08:35,ACTIVO
1005413,4445,9,Calle San Martín 6919,BT,4,2016-03-16 14:43:23,ACTIVO
1005414,4445,9,Av. El Sol 9532,BT,3,2014-01-15 14:20:10,ACTIVO
1005415,4446,30,Calle San Martín 164,BT,4,2010-05-26 03:38:56,ACTIVO
1005416,4447,43,Calle Universitaria 7049,BT,5,2003-12-11 11:22:35,ACTIVO
1005417,4447,43,Pasaje Progreso 2026,BT,2,2004-01-14 11:37:42,ACTIVO
1005418,4448,29,Pasaje La Molina 4694,BT,2,2013-12-12 04:15:34,ACTIVO
1005419,4449,1,Psje. Venezuela 2470,BT,7,2006-08-29 04:46:13,ACTIVO
1005420,4450,21,Calle La Molina 9639,BT,1,2005-07-10 03:47:33,ACTIVO
1005421,4451,7,Pasaje Universitaria 1579,BT,2,2012-06-25 00:42:33,ACTIVO
1005422,4452,29,Calle Universitaria 1451,BT,8,2016-05-31 07:14:39,ACTIVO
1005423,4453,41,Pasaje Universitaria 2008,BT,7,2016-08-16 12:25:37,ACTIVO
1005424,4454,7,Calle El Sol 3114,BT,7,2010-07-27 19:07:07,ACTIVO
1005425,4455,28,Pasaje San Martín 3737,BT,5,2020-04-22 10:31:22,ACTIVO
1005426,4456,15,Av. San Martín 9034,BT,6,2024-06-25 00:00:00,ACTIVO
1005427,4457,13,Pasaje Venezuela 1663,BT,3,2017-02-26 18:02:00,ACTIVO
1005428,4458,16,Psje. Panamericana 1692,BT,4,2012-09-07 23:07:55,ACTIVO
1005429,4458,16,Psje. Los Pinos 3500,BT,8,2015-12-02 09:29:11,INACTIVO
1005430,4459,22,Pasaje San Martín 2117,BT,4,2018-09-16 14:03:26,ACTIVO
1005431,4459,22,Pasaje El Sol 9750,BT,8,2013-02-23 14:30:50,ACTIVO
1005432,4460,30,Jr. Venezuela 7705,BT,6,2002-12-06 14:45:49,ACTIVO
1005433,4461,41,Pasaje San Martín 8120,BT,7,2009-05-08 04:15:59,ACTIVO
1005434,4462,26,Pasaje Grau 1537,BT,5,2014-09-18 09:18:46,ACTIVO
1005435,4462,26,Psje. El Sol 5217,BT,1,2003-06-01 08:15:44,SUSPENDIDO
1005436,4463,19,Psje. Bolívar 9058,BT,3,2020-02-28 20:27:51,ACTIVO
1005437,4464,2,Jr. Los Pinos 8750,BT,3,2003-03-30 12:36:59,ACTIVO
1005438,4465,13,Pasaje La Molina 9755,BT,2,2007-11-09 17:22:46,ACTIVO
1005439,4466,23,Jr. Grau 4978,BT,7,2003-04-14 07:24:51,ACTIVO
1005440,4467,40,Pasaje San Martín 5843,BT,8,2002-05-19 22:14:30,ACTIVO
1005441,4468,29,Psje. Los Pinos 5629,BT,3,2006-04-22 06:59:37,ACTIVO
1005442,4469,4,Psje. El Sol 5515,BT,3,2002-02-18 14:59:07,ACTIVO
1005443,4470,5,Calle Los Pinos 3936,BT,3,2009-03-15 12:07:25,ACTIVO
1005444,4471,43,Jr. La Molina 773,BT,4,2007-12-20 03:55:35,ACTIVO
1005445,4472,3,Psje. Grau 2601,BT,7,2002-07-17 06:18:57,ACTIVO
1005446,4473,36,Pasaje La Molina 2648,BT,1,2002-08-09 22:26:34,ACTIVO
1005447,4474,28,Pasaje Universitaria 4761,BT,5,2015-04-07 03:12:52,ACTIVO
1005448,4475,15,Psje. Universitaria 5463,BT,8,2008-03-21 18:28:05,ACTIVO
1005449,4476,9,Jr. El Sol 8676,BT,7,2007-08-20 16:27:27,ACTIVO
1005450,4477,19,Calle Universitaria 4583,BT,8,2004-08-16 22:04:08,ACTIVO
1005451,4478,3,Calle Los Pinos 5205,BT,1,2005-12-27 23:34:37,ACTIVO
1005452,4479,27,Calle Bolívar 2654,BT,3,2005-07-27 16:04:13,ACTIVO
1005453,4480,43,Jr. Bolívar 3267,BT,3,2002-10-27 10:34:54,ACTIVO
1005454,4481,4,Av. La Molina 2807,BT,7,2007-04-30 00:31:29,ACTIVO
1005455,4482,10,Calle Venezuela 8263,BT,1,2006-10-05 09:24:16,ACTIVO
1005456,4483,29,Psje. Los Pinos 5154,BT,6,2003-07-31 15:36:06,ACTIVO
1005457,4484,15,Calle Progreso 6821,BT,7,2008-11-09 04:12:43,ACTIVO
1005458,4485,30,Calle Los Pinos 7206,BT,1,2007-11-22 10:41:23,ACTIVO
1005459,4486,29,Pasaje Grau 4785,BT,6,2008-11-02 08:36:02,ACTIVO
1005460,4487,9,Calle San Martín 3646,BT,4,2004-07-16 04:14:36,ACTIVO
1005461,4488,28,Calle El Sol 2899,BT,2,2023-02-13 00:00:00,ACTIVO
1005462,4488,28,Calle El Sol 6313,BT,5,2001-09-03 15:44:48,ACTIVO
1005463,4488,28,Psje. Bolívar 8394,BT,7,2015-05-21 17:15:14,ACTIVO
1005464,4489,29,Jr. Progreso 3410,BT,6,2000-06-23 06:23:11,ACTIVO
1005465,4490,38,Psje. Grau 1546,BT,8,2016-10-29 20:42:32,ACTIVO
1005466,4490,38,Psje. Universitaria 5787,BT,2,2003-05-26 07:55:29,ACTIVO
1005467,4491,41,Pasaje Los Pinos 4998,BT,8,2001-10-29 03:29:21,ACTIVO
1005468,4492,15,Psje. Universitaria 6309,BT,6,2001-11-08 21:58:21,ACTIVO
1005469,4493,29,Psje. El Sol 6858,BT,6,2004-04-04 03:33:34,SUSPENDIDO
1005470,4494,24,Calle Grau 6354,BT,6,2018-06-03 17:24:15,ACTIVO
1005471,4495,15,Jr. El Sol 1441,BT,4,2004-02-07 15:31:16,ACTIVO
1005472,4496,15,Jr. San Martín 4634,BT,1,2013-03-20 17:54:23,ACTIVO
1005473,4496,15,Av. Bolívar 4125,BT,3,2008-01-19 01:40:04,ACTIVO
1005474,4497,9,Pasaje Universitaria 7844,BT,8,2011-09-26 16:32:29,ACTIVO
1005475,4498,36,Av. Venezuela 1258,BT,1,2017-08-07 06:50:24,ACTIVO
1005476,4499,14,Calle San Martín 4651,BT,8,2019-01-04 01:18:04,ACTIVO
1005477,4500,17,Av. Progreso 9071,BT,4,2003-08-10 09:29:11,ACTIVO
1005478,4501,34,Av. San Martín 7502,BT,3,2001-08-27 02:48:08,ACTIVO
1005479,4502,30,Pasaje Panamericana 5170,BT,5,2007-03-18 10:46:50,ACTIVO
1005480,4503,28,Jr. Bolívar 4987,BT,8,2008-08-23 05:39:07,ACTIVO
1005481,4504,28,Jr. Bolívar 8592,BT,8,2018-11-30 16:25:47,ACTIVO
1005482,4505,38,Pasaje La Molina 135,BT,6,2001-07-04 00:46:07,ACTIVO
1005483,4506,8,Psje. Progreso 9579,BT,8,2007-04-22 12:05:39,ACTIVO
1005484,4507,15,Jr. Progreso 7818,BT,3,2005-01-10 22:51:25,ACTIVO
1005485,4508,7,Av. San Martín 6925,BT,6,2001-07-19 22:37:23,ACTIVO
1005486,4509,1,Pasaje Los Pinos 8209,BT,3,2010-08-23 18:29:45,ACTIVO
1005487,4509,1,Psje. Bolívar 4797,BT,5,2001-02-11 01:02:23,ACTIVO
1005488,4510,25,Jr. Universitaria 1943,BT,3,2015-10-20 07:10:08,ACTIVO
1005489,4511,30,Calle Universitaria 9701,MT,2,2010-08-21 10:03:47,SUSPENDIDO
1005490,4512,17,Pasaje La Molina 926,BT,3,2003-10-12 15:10:53,ACTIVO
1005491,4513,36,Pasaje Venezuela 9596,BT,5,2001-07-18 02:43:20,ACTIVO
1005492,4514,7,Av. Universitaria 4455,BT,4,2015-07-28 05:38:10,ACTIVO
1005493,4515,20,Psje. El Sol 3203,BT,8,2018-04-01 20:47:44,ACTIVO
1005494,4516,7,Psje. Grau 762,BT,7,2013-08-28 18:04:07,ACTIVO
1005495,4517,5,Psje. Los Pinos 1362,BT,7,2014-01-24 17:23:44,ACTIVO
1005496,4518,5,Psje. El Sol 2029,BT,2,2018-05-18 19:12:42,ACTIVO
1005497,4519,7,Pasaje Grau 3702,BT,7,2015-01-10 21:07:37,ACTIVO
1005498,4520,9,Jr. El Sol 7768,BT,3,2011-02-10 16:49:36,ACTIVO
1005499,4521,29,Calle El Sol 2007,BT,2,2009-06-11 14:28:15,ACTIVO
1005500,4522,5,Psje. Bolívar 9422,BT,1,2000-12-03 18:40:46,ACTIVO
1005501,4523,23,Pasaje Los Pinos 9998,BT,2,2016-02-25 04:29:56,ACTIVO
1005502,4524,28,Av. Progreso 4546,BT,8,2015-06-28 22:22:39,ACTIVO
1005503,4525,28,Av. Los Pinos 6360,BT,8,2018-11-05 21:53:39,INACTIVO
1005504,4526,3,Av. Panamericana 5243,BT,4,2003-04-17 16:29:03,ACTIVO
1005505,4527,27,Jr. La Molina 558,BT,5,2007-08-09 03:32:25,ACTIVO
1005506,4528,6,Calle Grau 4717,BT,8,2011-01-13 13:52:24,ACTIVO
1005507,4529,43,Pasaje Progreso 9095,MT,2,2010-02-02 02:15:43,ACTIVO
1005508,4530,11,Calle Progreso 5808,MT,2,2015-08-20 12:01:17,ACTIVO
1005509,4531,15,Jr. San Martín 1522,BT,8,2002-01-05 05:15:12,ACTIVO
1005510,4532,16,Pasaje Venezuela 9791,BT,5,2002-06-02 05:48:48,ACTIVO
1005511,4533,15,Pasaje Grau 6104,BT,5,2024-12-21 00:00:00,ACTIVO
1005512,4534,9,Pasaje Venezuela 3925,BT,6,2014-12-15 11:22:36,ACTIVO
1005513,4535,26,Pasaje La Molina 9941,BT,6,2011-08-11 01:20:23,ACTIVO
1005514,4536,5,Jr. Universitaria 3200,BT,4,2018-02-19 06:35:43,ACTIVO
1005515,4536,5,Av. San Martín 6108,BT,1,2001-10-20 02:25:05,ACTIVO
1005516,4537,9,Jr. San Martín 5599,BT,8,2000-12-26 17:07:47,ACTIVO
1005517,4537,9,Av. Los Pinos 1498,BT,1,2018-06-21 11:12:13,ACTIVO
1005518,4538,39,Pasaje Universitaria 1927,BT,8,2014-02-27 09:19:02,ACTIVO
1005519,4539,29,Psje. El Sol 2617,BT,4,2006-07-21 06:51:08,ACTIVO
1005520,4540,1,Av. Grau 3047,BT,8,2013-12-21 05:17:23,ACTIVO
1005521,4541,15,Calle Panamericana 622,BT,3,2000-03-08 02:42:09,ACTIVO
1005522,4542,40,Av. Progreso 2109,BT,2,2004-02-16 16:46:14,ACTIVO
1005523,4543,3,Pasaje El Sol 9877,BT,4,2003-08-21 11:34:56,ACTIVO
1005524,4544,28,Pasaje Venezuela 4543,BT,1,2013-04-03 21:40:50,ACTIVO
1005525,4545,5,Jr. La Molina 6911,BT,2,2019-06-14 20:39:49,ACTIVO
1005526,4546,4,Pasaje Panamericana 459,BT,1,2013-08-30 10:14:21,ACTIVO
1005527,4547,3,Pasaje San Martín 3615,BT,1,2004-03-21 17:36:38,ACTIVO
1005528,4548,9,Jr. Universitaria 1763,BT,1,2010-03-03 05:14:16,ACTIVO
1005529,4549,39,Psje. El Sol 2219,BT,6,2007-07-01 22:34:11,ACTIVO
1005530,4550,7,Calle Bolívar 7558,BT,4,2018-10-09 07:17:08,ACTIVO
1005531,4550,7,Jr. Venezuela 2004,BT,6,2012-11-01 04:36:53,ACTIVO
1005532,4551,29,Calle El Sol 8161,BT,3,2008-09-16 21:14:36,ACTIVO
1005533,4552,40,Av. Universitaria 5897,BT,5,2003-12-17 09:21:18,ACTIVO
1005534,4553,42,Calle La Molina 9025,BT,7,2000-02-04 00:51:08,ACTIVO
1005535,4554,35,Jr. Bolívar 2120,BT,2,2006-04-18 22:02:50,ACTIVO
1005536,4555,12,Av. San Martín 6859,BT,8,2011-03-15 05:41:38,ACTIVO
1005537,4555,12,Pasaje San Martín 5443,BT,5,2020-06-28 01:25:38,ACTIVO
1005538,4555,12,Calle Venezuela 1115,MT,8,2002-01-22 09:38:50,ACTIVO
1005539,4556,7,Calle Progreso 6797,BT,4,2015-12-09 23:57:28,ACTIVO
1005540,4557,7,Av. Bolívar 934,BT,7,2001-12-21 12:30:42,ACTIVO
1005541,4557,7,Calle Progreso 4692,BT,1,2012-07-27 16:35:25,ACTIVO
1005542,4557,7,Psje. San Martín 5206,BT,5,2015-10-26 09:22:51,ACTIVO
1005543,4558,35,Pasaje La Molina 7239,BT,8,2011-08-28 10:39:47,ACTIVO
1005544,4559,27,Jr. Progreso 6209,BT,3,2000-05-11 19:30:37,ACTIVO
1005545,4560,1,Av. Grau 6095,BT,6,2007-06-08 21:43:07,ACTIVO
1005546,4561,38,Calle Progreso 2301,BT,6,2003-12-03 21:29:49,ACTIVO
1005547,4562,7,Calle Progreso 9716,BT,8,2007-11-12 05:40:26,ACTIVO
1005548,4563,38,Av. San Martín 1423,MT,8,2016-11-30 00:33:02,ACTIVO
1005549,4564,33,Jr. Panamericana 604,BT,6,2003-02-09 16:56:20,ACTIVO
1005550,4565,7,Av. Venezuela 3807,BT,2,2009-08-23 01:43:51,ACTIVO
1005551,4566,6,Jr. San Martín 2430,BT,8,2009-05-22 18:55:41,ACTIVO
1005552,4567,15,Psje. La Molina 6949,MT,6,2016-11-20 22:33:35,ACTIVO
1005553,4568,38,Av. Venezuela 6485,BT,3,2018-02-14 07:03:32,ACTIVO
1005554,4568,38,Psje. Venezuela 8880,BT,4,2003-01-03 10:59:24,ACTIVO
1005555,4568,38,Av. Universitaria 3923,BT,5,2018-12-28 01:21:42,ACTIVO
1005556,4569,15,Jr. San Martín 7424,BT,8,2002-08-11 11:12:34,ACTIVO
1005557,4569,15,Calle Panamericana 4134,BT,4,2004-11-02 17:51:07,ACTIVO
1005558,4570,28,Jr. Los Pinos 8378,BT,8,2011-09-09 21:59:46,ACTIVO
1005559,4571,22,Psje. Bolívar 3564,BT,6,2014-10-30 01:36:16,ACTIVO
1005560,4572,43,Calle San Martín 8107,BT,4,2000-03-18 03:41:27,ACTIVO
1005561,4573,5,Psje. Bolívar 2159,BT,2,2017-01-01 03:13:21,SUSPENDIDO
1005562,4574,23,Av. Los Pinos 7127,BT,7,2000-10-14 12:30:58,ACTIVO
1005563,4574,23,Calle Grau 6546,BT,4,2023-08-02 00:00:00,ACTIVO
1005564,4575,28,Av. La Molina 6107,BT,4,2012-12-02 10:04:07,ACTIVO
1005565,4575,28,Pasaje San Martín 2368,BT,8,2004-01-03 19:45:27,ACTIVO
1005566,4576,15,Psje. Los Pinos 5288,BT,2,2009-08-10 23:06:19,ACTIVO
1005567,4577,38,Pasaje Los Pinos 609,BT,6,2012-03-14 17:53:17,ACTIVO
1005568,4578,4,Jr. Bolívar 4259,BT,6,2018-09-30 17:19:48,ACTIVO
1005569,4579,5,Av. Grau 1567,BT,1,2006-07-29 12:07:22,ACTIVO
1005570,4580,4,Av. San Martín 3643,BT,4,2018-10-28 08:13:00,ACTIVO
1005571,4581,30,Jr. Grau 275,BT,3,2015-11-14 11:35:28,SUSPENDIDO
1005572,4582,15,Psje. Universitaria 5907,BT,2,2009-10-09 21:41:19,ACTIVO
1005573,4583,16,Av. Los Pinos 6694,MT,5,2003-03-10 21:38:36,ACTIVO
1005574,4584,28,Av. Panamericana 562,BT,2,2014-07-15 22:48:06,ACTIVO
1005575,4584,28,Jr. Progreso 9002,BT,8,2013-04-16 21:20:46,ACTIVO
1005576,4585,3,Pasaje Grau 6259,BT,5,2009-11-26 16:49:09,SUSPENDIDO
1005577,4586,25,Calle Grau 8831,BT,5,2005-12-10 23:21:29,SUSPENDIDO
1005578,4587,15,Psje. Grau 136,BT,6,2018-06-01 17:03:14,ACTIVO
1005579,4588,43,Calle Panamericana 504,BT,7,2001-07-10 23:38:33,ACTIVO
1005580,4589,38,Jr. Universitaria 7586,BT,4,2004-03-22 11:39:59,ACTIVO
1005581,4590,15,Pasaje Panamericana 6114,BT,6,2007-03-23 20:26:17,ACTIVO
1005582,4591,40,Psje. La Molina 1272,BT,2,2010-11-13 14:29:19,ACTIVO
1005583,4592,40,Psje. La Molina 9509,BT,5,2014-04-18 16:33:44,ACTIVO
1005584,4592,40,Jr. Panamericana 5699,BT,1,2011-09-28 02:45:09,ACTIVO
1005585,4593,15,Av. Los Pinos 315,BT,1,2009-07-06 22:49:24,ACTIVO
1005586,4594,29,Pasaje Universitaria 5043,BT,5,2008-03-18 02:52:05,ACTIVO
1005587,4595,28,Pasaje Los Pinos 5234,BT,6,2014-07-29 05:52:22,ACTIVO
1005588,4596,43,Psje. Venezuela 7425,BT,3,2015-07-07 22:44:05,ACTIVO
1005589,4597,42,Calle Grau 531,BT,4,2015-12-01 09:28:46,ACTIVO
1005590,4598,35,Jr. San Martín 7113,BT,8,2001-06-09 02:31:36,ACTIVO
1005591,4599,25,Jr. Venezuela 8655,BT,1,2004-04-01 03:48:30,ACTIVO
1005592,4600,38,Calle El Sol 619,BT,2,2023-08-11 00:00:00,ACTIVO
1005593,4600,38,Calle Venezuela 401,BT,2,2007-05-30 14:39:37,ACTIVO
1005594,4601,29,Psje. Progreso 9456,BT,7,2000-04-30 12:12:57,ACTIVO
1005595,4602,9,Psje. Panamericana 1891,BT,6,2000-08-28 09:26:26,ACTIVO
1005596,4602,9,Calle San Martín 9758,BT,2,2017-08-21 11:11:01,ACTIVO
1005597,4603,26,Av. Venezuela 114,BT,7,2010-12-12 13:09:09,ACTIVO
1005598,4604,19,Psje. Los Pinos 212,BT,6,2006-08-04 18:59:49,ACTIVO
1005599,4605,36,Pasaje Panamericana 2048,BT,4,2014-10-05 15:37:31,ACTIVO
1005600,4606,9,Av. Grau 216,BT,1,2016-02-15 04:53:45,ACTIVO
1005601,4607,3,Psje. Bolívar 6539,BT,7,2020-11-01 13:43:56,ACTIVO
1005602,4607,3,Jr. El Sol 2279,BT,4,2016-09-06 06:31:04,ACTIVO
1005603,4608,9,Calle Bolívar 3717,BT,5,2000-03-30 15:15:52,ACTIVO
1005604,4609,15,Calle Progreso 4756,BT,1,2014-03-04 15:40:33,ACTIVO
1005605,4610,30,Calle Venezuela 5934,BT,3,2015-08-13 21:35:51,ACTIVO
1005606,4611,38,Pasaje Venezuela 487,BT,6,2004-03-04 11:26:11,ACTIVO
1005607,4612,15,Calle La Molina 5802,BT,6,2004-04-29 02:48:08,INACTIVO
1005608,4613,4,Jr. Bolívar 8540,BT,3,2015-01-25 06:36:49,SUSPENDIDO
1005609,4614,26,Calle Grau 9728,BT,3,2012-06-28 12:46:06,ACTIVO
1005610,4615,38,Av. Universitaria 6807,BT,7,2010-08-24 16:34:06,ACTIVO
1005611,4616,21,Av. Bolívar 3990,BT,2,2022-10-06 00:00:00,ACTIVO
1005612,4617,40,Calle Panamericana 4918,MT,5,2007-08-23 04:46:19,ACTIVO
1005613,4618,28,Av. Grau 9325,BT,7,2004-08-24 20:02:49,ACTIVO
1005614,4619,4,Psje. Panamericana 8698,BT,8,2015-04-28 18:38:10,ACTIVO
1005615,4620,19,Psje. Panamericana 3607,BT,2,2011-08-18 16:06:36,ACTIVO
1005616,4621,9,Pasaje Venezuela 9259,BT,2,2000-06-17 02:14:52,ACTIVO
1005617,4621,9,Av. La Molina 4444,BT,6,2005-04-08 20:20:19,ACTIVO
1005618,4622,7,Jr. Venezuela 2610,BT,7,2017-05-25 06:40:24,ACTIVO
1005619,4623,43,Pasaje Grau 7502,BT,3,2013-01-23 14:35:18,ACTIVO
1005620,4624,5,Calle Universitaria 8517,BT,1,2010-08-14 02:09:20,INACTIVO
1005621,4625,26,Psje. Bolívar 1364,BT,6,2004-09-17 20:06:10,ACTIVO
1005622,4626,5,Psje. Bolívar 7878,BT,8,2018-07-14 02:07:35,ACTIVO
1005623,4627,5,Pasaje El Sol 9684,BT,6,2003-09-04 18:27:06,ACTIVO
1005624,4628,22,Calle La Molina 188,BT,6,2016-03-11 00:46:51,ACTIVO
1005625,4628,22,Jr. Progreso 5291,BT,3,2007-08-11 00:54:22,SUSPENDIDO
1005626,4629,15,Av. La Molina 7753,MT,5,2007-08-12 07:31:09,ACTIVO
1005627,4630,25,Pasaje Los Pinos 1994,BT,7,2005-05-15 13:01:54,ACTIVO
1005628,4631,40,Jr. Los Pinos 5791,BT,2,2001-04-11 02:51:05,ACTIVO
1005629,4632,17,Psje. Grau 9856,BT,4,2007-09-21 06:13:29,ACTIVO
1005630,4632,17,Calle La Molina 5431,BT,1,2009-08-27 23:06:50,ACTIVO
1005631,4633,13,Calle Los Pinos 6641,BT,3,2012-10-17 23:36:38,ACTIVO
1005632,4633,13,Av. Bolívar 1634,BT,7,2000-06-04 05:00:29,ACTIVO
1005633,4634,36,Psje. San Martín 8194,BT,3,2001-08-11 22:37:21,ACTIVO
1005634,4635,5,Psje. Los Pinos 8904,BT,8,2003-08-22 21:47:16,ACTIVO
1005635,4636,29,Pasaje Bolívar 1891,BT,3,2014-08-12 14:22:41,ACTIVO
1005636,4637,15,Psje. Grau 1308,BT,6,2016-04-03 03:18:05,ACTIVO
1005637,4638,18,Av. Venezuela 6369,BT,4,2011-10-22 14:48:55,ACTIVO
1005638,4639,29,Psje. Progreso 7640,BT,2,2012-10-13 16:52:21,ACTIVO
1005639,4640,15,Psje. San Martín 5015,BT,2,2006-01-01 22:58:23,ACTIVO
1005640,4641,28,Jr. Panamericana 1707,BT,3,2004-12-22 08:17:31,ACTIVO
1005641,4642,19,Psje. Grau 1136,BT,6,2017-05-18 00:19:35,ACTIVO
1005642,4643,13,Av. Universitaria 874,BT,8,2004-12-31 00:59:23,ACTIVO
1005643,4644,28,Calle Los Pinos 841,BT,6,2012-12-30 06:02:57,ACTIVO
1005644,4644,28,Av. El Sol 6083,BT,5,2014-04-15 07:30:25,ACTIVO
1005645,4645,13,Av. Universitaria 6597,BT,8,2016-05-13 15:26:31,ACTIVO
1005646,4645,13,Pasaje Bolívar 5593,BT,7,2003-07-08 01:47:44,ACTIVO
1005647,4646,7,Pasaje Venezuela 259,BT,7,2008-03-01 03:06:25,ACTIVO
1005648,4647,13,Pasaje Grau 5056,BT,7,2016-01-29 22:36:18,ACTIVO
1005649,4648,26,Jr. Progreso 9470,BT,3,2020-08-31 14:29:57,ACTIVO
1005650,4649,3,Pasaje Universitaria 7705,BT,7,2019-07-26 01:15:18,ACTIVO
1005651,4650,7,Av. El Sol 8379,BT,3,2013-09-17 12:54:37,INACTIVO
1005652,4651,41,Calle Progreso 7733,BT,3,2002-09-22 07:52:50,ACTIVO
1005653,4652,6,Psje. San Martín 3494,BT,3,2005-07-03 18:27:53,ACTIVO
1005654,4653,43,Calle San Martín 9239,BT,2,2000-07-14 17:22:37,ACTIVO
1005655,4653,43,Calle Progreso 8954,BT,2,2002-09-23 09:33:25,ACTIVO
1005656,4654,31,Av. Universitaria 6734,BT,3,2008-04-09 00:36:22,ACTIVO
1005657,4655,26,Pasaje Progreso 731,BT,8,2005-10-23 16:52:29,ACTIVO
1005658,4656,7,Av. Grau 1589,BT,8,2015-04-13 01:06:47,ACTIVO
1005659,4656,7,Psje. Los Pinos 6120,BT,7,2019-08-20 17:38:43,ACTIVO
1005660,4657,11,Av. San Martín 6522,BT,2,2008-01-29 13:01:51,ACTIVO
1005661,4658,1,Pasaje Universitaria 5862,BT,3,2018-03-08 04:22:52,ACTIVO
1005662,4659,26,Jr. Venezuela 5038,BT,7,2013-11-06 15:47:56,ACTIVO
1005663,4660,27,Psje. Universitaria 1429,BT,8,2008-07-14 05:22:14,ACTIVO
1005664,4661,3,Av. Los Pinos 581,BT,7,2017-08-02 09:46:08,ACTIVO
1005665,4662,37,Calle Bolívar 6373,BT,8,2019-11-27 18:33:52,ACTIVO
1005666,4663,9,Psje. Universitaria 3692,BT,2,2015-01-10 20:49:45,ACTIVO
1005667,4664,28,Psje. Los Pinos 666,BT,6,2015-12-21 03:36:09,ACTIVO
1005668,4665,15,Psje. Panamericana 8588,BT,6,2014-11-17 12:14:57,ACTIVO
1005669,4666,21,Pasaje Universitaria 7776,BT,5,2010-12-19 15:32:21,ACTIVO
1005670,4666,21,Calle La Molina 8637,BT,3,2018-10-07 05:01:46,ACTIVO
1005671,4667,9,Psje. Bolívar 8476,BT,7,2003-06-24 12:13:08,ACTIVO
1005672,4668,4,Calle Panamericana 4146,BT,6,2015-01-06 13:33:47,ACTIVO
1005673,4668,4,Av. La Molina 5343,BT,5,2005-02-01 00:48:09,ACTIVO
1005674,4669,30,Av. San Martín 923,BT,1,2001-03-22 17:30:04,ACTIVO
1005675,4670,39,Calle Progreso 6497,BT,4,2002-08-08 02:59:32,ACTIVO
1005676,4671,15,Jr. San Martín 405,BT,4,2002-07-30 01:22:41,ACTIVO
1005677,4672,29,Calle Universitaria 7417,BT,4,2000-08-09 16:46:37,ACTIVO
1005678,4673,18,Av. El Sol 1390,BT,4,2001-03-18 22:38:34,INACTIVO
1005679,4674,1,Calle Los Pinos 8796,BT,2,2020-02-06 15:56:21,ACTIVO
1005680,4675,1,Pasaje Bolívar 9856,BT,5,2008-03-22 09:24:26,ACTIVO
1005681,4675,1,Av. San Martín 4112,BT,5,2016-03-29 05:18:08,ACTIVO
1005682,4676,35,Av. Bolívar 1794,BT,8,2023-04-19 00:00:00,ACTIVO
1005683,4677,5,Calle Grau 9273,BT,5,2013-03-23 20:32:24,ACTIVO
1005684,4677,5,Calle Panamericana 4637,BT,6,2018-04-26 08:22:19,ACTIVO
1005685,4678,11,Av. Universitaria 2802,BT,4,2015-09-02 01:04:01,ACTIVO
1005686,4679,8,Av. San Martín 5350,BT,7,2017-08-13 19:52:35,ACTIVO
1005687,4680,7,Calle Grau 1306,BT,8,2007-08-19 12:03:10,ACTIVO
1005688,4681,41,Psje. Panamericana 2059,BT,4,2001-08-18 20:17:25,ACTIVO
1005689,4682,13,Jr. Los Pinos 6358,BT,7,2001-01-29 20:42:54,ACTIVO
1005690,4683,29,Av. Universitaria 6753,BT,7,2012-02-01 21:48:47,ACTIVO
1005691,4683,29,Calle El Sol 3909,BT,1,2009-01-13 13:40:43,ACTIVO
1005692,4683,29,Jr. Universitaria 3885,BT,2,2015-09-12 02:01:15,ACTIVO
1005693,4684,15,Calle La Molina 3172,BT,6,2020-12-21 10:57:40,ACTIVO
1005694,4684,15,Pasaje Progreso 7254,BT,6,2010-11-05 04:35:39,INACTIVO
1005695,4685,40,Pasaje La Molina 1254,BT,4,2017-05-10 10:35:31,ACTIVO
1005696,4686,3,Pasaje Progreso 2449,BT,1,2003-05-09 09:22:57,ACTIVO
1005697,4686,3,Calle San Martín 9519,BT,1,2012-10-21 13:05:40,ACTIVO
1005698,4686,3,Calle Progreso 1187,BT,4,2006-02-03 08:07:50,ACTIVO
1005699,4687,12,Jr. Bolívar 3401,BT,3,2013-10-11 01:32:40,INACTIVO
1005700,4688,43,Pasaje Venezuela 2342,BT,3,2016-09-15 11:17:17,ACTIVO
1005701,4688,43,Psje. Grau 1937,BT,4,2001-11-07 23:41:03,ACTIVO
1005702,4689,3,Pasaje El Sol 430,BT,8,2014-05-03 18:05:00,ACTIVO
1005703,4690,15,Pasaje Bolívar 8526,BT,5,2004-06-07 12:57:08,ACTIVO
1005704,4690,15,Jr. La Molina 5915,MT,4,2006-05-15 03:33:44,ACTIVO
1005705,4691,9,Psje. Los Pinos 9844,BT,7,2008-06-25 12:01:48,ACTIVO
1005706,4692,28,Av. Progreso 3509,BT,3,2023-11-16 00:00:00,ACTIVO
1005707,4693,28,Pasaje San Martín 3246,BT,5,2004-07-05 06:12:08,ACTIVO
1005708,4693,28,Psje. Los Pinos 4975,BT,4,2007-11-18 17:49:22,ACTIVO
1005709,4694,41,Pasaje San Martín 522,BT,7,2003-04-17 23:56:23,ACTIVO
1005710,4695,7,Jr. La Molina 8793,BT,6,2009-02-23 22:58:59,ACTIVO
1005711,4696,30,Av. Bolívar 6810,BT,7,2012-08-16 07:33:00,ACTIVO
1005712,4697,40,Jr. San Martín 3225,BT,3,2011-03-22 16:24:07,ACTIVO
1005713,4698,15,Psje. Progreso 4226,BT,2,2019-01-28 05:08:59,ACTIVO
1005714,4699,30,Psje. La Molina 9095,BT,5,2011-04-25 04:22:26,ACTIVO
1005715,4700,3,Psje. Venezuela 1335,BT,2,2017-11-05 00:27:29,ACTIVO
1005716,4701,15,Psje. El Sol 5565,BT,2,2008-11-14 06:45:24,ACTIVO
1005717,4702,15,Psje. El Sol 9202,BT,6,2005-03-23 15:54:59,ACTIVO
1005718,4703,7,Jr. Panamericana 8525,BT,3,2016-04-07 05:54:14,ACTIVO
1005719,4703,7,Av. San Martín 6093,BT,8,2001-02-01 18:19:56,ACTIVO
1005720,4704,33,Psje. Grau 5124,BT,6,2009-01-01 09:59:54,ACTIVO
1005721,4705,33,Jr. Los Pinos 417,BT,5,2006-02-21 23:26:24,ACTIVO
1005722,4706,28,Pasaje Universitaria 1518,BT,3,2007-02-01 23:56:40,SUSPENDIDO
1005723,4707,40,Av. Bolívar 9852,MT,6,2015-07-14 16:59:48,ACTIVO
1005724,4708,7,Pasaje Los Pinos 8050,BT,5,2010-12-14 04:22:45,ACTIVO
1005725,4708,7,Calle Panamericana 4674,BT,7,2016-11-05 13:51:12,ACTIVO
1005726,4709,8,Calle San Martín 6066,BT,7,2006-03-15 01:06:02,ACTIVO
1005727,4710,43,Jr. Venezuela 7706,BT,2,2010-04-23 16:51:43,ACTIVO
1005728,4711,15,Calle San Martín 4132,BT,1,2013-06-15 08:53:33,ACTIVO
1005729,4712,43,Pasaje Panamericana 5478,BT,5,2017-03-15 19:01:37,ACTIVO
1005730,4713,25,Jr. Universitaria 1606,BT,7,2004-10-21 16:59:39,ACTIVO
1005731,4714,43,Pasaje Bolívar 8217,BT,5,2018-03-24 20:35:09,ACTIVO
1005732,4714,43,Pasaje San Martín 9020,BT,7,2011-07-03 20:57:28,ACTIVO
1005733,4715,9,Pasaje Progreso 2755,BT,4,2006-11-27 03:09:58,ACTIVO
1005734,4716,3,Psje. Grau 5519,BT,5,2019-10-07 15:35:58,ACTIVO
1005735,4717,29,Calle Los Pinos 6521,BT,4,2017-04-02 11:34:17,ACTIVO
1005736,4718,38,Psje. Panamericana 150,BT,3,2006-09-13 19:21:08,ACTIVO
1005737,4719,13,Jr. La Molina 3704,BT,1,2013-02-05 01:24:11,ACTIVO
1005738,4720,43,Av. Panamericana 1438,BT,7,2003-07-27 10:33:35,ACTIVO
1005739,4721,13,Av. San Martín 9748,BT,7,2016-11-09 22:58:08,ACTIVO
1005740,4722,9,Av. El Sol 9599,BT,4,2004-08-08 00:26:41,ACTIVO
1005741,4723,32,Jr. Grau 4994,BT,3,2018-01-15 07:45:42,ACTIVO
1005742,4724,7,Pasaje Grau 5498,BT,3,2006-05-02 17:04:29,ACTIVO
1005743,4725,5,Av. Panamericana 8593,BT,8,2014-12-13 05:35:51,ACTIVO
1005744,4726,7,Psje. La Molina 7573,BT,2,2012-03-13 11:34:08,ACTIVO
1005745,4727,15,Psje. Progreso 8318,BT,7,2000-12-18 06:59:21,ACTIVO
1005746,4728,3,Psje. Progreso 2271,BT,7,2008-10-07 13:28:39,ACTIVO
1005747,4729,15,Calle San Martín 4423,BT,6,2019-08-28 09:22:41,ACTIVO
1005748,4730,29,Psje. Bolívar 2199,BT,3,2013-04-07 02:33:34,ACTIVO
1005749,4731,2,Av. La Molina 4050,BT,4,2014-01-14 07:23:02,ACTIVO
1005750,4731,2,Pasaje Los Pinos 3025,BT,4,2010-08-30 04:47:58,INACTIVO
1005751,4732,19,Av. Progreso 240,BT,3,2017-05-31 15:32:17,ACTIVO
1005752,4733,36,Psje. Grau 2813,BT,4,2020-02-13 08:38:22,ACTIVO
1005753,4734,34,Pasaje Progreso 1027,BT,7,2010-07-13 21:49:54,ACTIVO
1005754,4734,34,Jr. Universitaria 5990,BT,1,2013-06-11 05:16:58,ACTIVO
1005755,4735,31,Av. Bolívar 2454,BT,3,2009-01-02 17:33:22,ACTIVO
1005756,4736,5,Av. Venezuela 4972,BT,2,2013-01-24 19:29:53,ACTIVO
1005757,4737,19,Jr. Progreso 3153,BT,8,2008-10-28 16:32:42,ACTIVO
1005758,4738,8,Jr. San Martín 4938,BT,6,2018-10-18 00:51:53,ACTIVO
1005759,4739,7,Jr. Grau 7482,BT,2,2000-02-18 21:46:09,ACTIVO
1005760,4740,7,Jr. Bolívar 5677,BT,4,2017-10-04 05:08:32,ACTIVO
1005761,4741,5,Calle Grau 856,BT,5,2001-05-08 23:52:51,ACTIVO
1005762,4742,21,Calle San Martín 770,BT,7,2002-01-05 16:57:45,ACTIVO
1005763,4743,37,Av. Los Pinos 6195,BT,1,2010-02-14 02:20:22,ACTIVO
1005764,4744,3,Psje. Los Pinos 1631,BT,5,2003-01-22 14:02:41,ACTIVO
1005765,4744,3,Psje. Panamericana 1039,BT,1,2018-08-11 13:32:12,ACTIVO
1005766,4745,15,Jr. Panamericana 7050,BT,4,2015-12-06 02:20:15,ACTIVO
1005767,4746,15,Av. Bolívar 6468,BT,1,2005-10-07 18:23:25,ACTIVO
1005768,4747,36,Pasaje Los Pinos 2048,MT,2,2018-04-26 17:06:18,ACTIVO
1005769,4748,33,Pasaje Panamericana 6424,BT,2,2004-08-25 03:51:08,ACTIVO
1005770,4749,17,Jr. La Molina 3457,BT,1,2015-10-26 18:46:10,ACTIVO
1005771,4750,19,Av. Bolívar 8538,BT,8,2001-10-20 16:27:55,ACTIVO
1005772,4751,30,Av. La Molina 2757,BT,2,2010-11-08 23:49:03,ACTIVO
1005773,4751,30,Psje. Universitaria 7085,BT,3,2019-03-28 19:13:05,ACTIVO
1005774,4752,13,Pasaje Universitaria 8940,MT,7,2003-02-22 07:51:56,ACTIVO
1005775,4753,15,Psje. La Molina 4128,BT,8,2009-11-08 03:59:29,ACTIVO
1005776,4754,9,Pasaje Bolívar 5246,BT,1,2006-11-29 23:21:10,ACTIVO
1005777,4755,43,Pasaje Los Pinos 9032,BT,8,2016-06-14 18:06:36,ACTIVO
1005778,4756,15,Calle Los Pinos 9957,BT,5,2001-10-12 06:18:45,ACTIVO
1005779,4756,15,Jr. El Sol 809,BT,8,2001-11-06 20:43:10,ACTIVO
1005780,4757,41,Calle La Molina 9295,BT,6,2001-10-31 07:01:50,ACTIVO
1005781,4758,22,Pasaje Grau 2169,BT,8,2003-03-24 22:46:45,ACTIVO
1005782,4759,7,Pasaje Universitaria 454,BT,1,2004-10-01 02:03:58,ACTIVO
1005783,4760,9,Pasaje Bolívar 2037,BT,5,2013-08-14 12:05:05,ACTIVO
1005784,4761,13,Psje. San Martín 4182,BT,3,2015-11-06 19:38:02,ACTIVO
1005785,4762,34,Calle Grau 1122,BT,6,2001-12-22 06:04:08,ACTIVO
1005786,4762,34,Pasaje Bolívar 5002,BT,7,2016-02-03 07:37:59,ACTIVO
1005787,4763,28,Pasaje Venezuela 7778,BT,1,2013-07-30 05:42:13,ACTIVO
1005788,4764,5,Calle San Martín 8600,BT,4,2009-10-13 20:23:26,ACTIVO
1005789,4765,7,Av. Bolívar 4716,BT,6,2008-08-05 05:55:21,ACTIVO
1005790,4766,42,Jr. Universitaria 8848,BT,2,2015-10-05 02:52:13,ACTIVO
1005791,4767,9,Pasaje Venezuela 7077,BT,6,2013-09-11 20:29:07,ACTIVO
1005792,4768,9,Jr. Grau 3748,BT,5,2010-05-17 20:15:53,ACTIVO
1005793,4769,8,Calle La Molina 9673,BT,8,2010-06-09 04:59:26,ACTIVO
1005794,4770,32,Jr. Los Pinos 2353,BT,8,2020-07-21 02:22:09,ACTIVO
1005795,4770,32,Calle Universitaria 8468,BT,4,2014-04-24 00:36:51,ACTIVO
1005796,4771,7,Jr. Venezuela 3259,BT,6,2004-02-03 05:15:50,ACTIVO
1005797,4772,39,Psje. La Molina 9091,BT,8,2014-12-12 08:57:01,ACTIVO
1005798,4773,3,Calle Panamericana 734,BT,2,2004-03-29 10:30:39,ACTIVO
1005799,4773,3,Jr. Panamericana 3138,BT,7,2012-05-12 03:43:43,ACTIVO
1005800,4773,3,Pasaje La Molina 2986,BT,3,2012-03-26 06:27:27,ACTIVO
1005801,4774,24,Psje. Universitaria 4562,BT,2,2016-09-29 13:28:52,ACTIVO
1005802,4774,24,Jr. Universitaria 813,BT,4,2011-05-15 01:02:27,INACTIVO
1005803,4775,7,Jr. Venezuela 2272,BT,7,2018-07-06 18:12:46,ACTIVO
1005804,4776,30,Pasaje Grau 5864,BT,4,2005-11-21 04:17:29,ACTIVO
1005805,4776,30,Calle Bolívar 8453,MT,5,2020-03-05 17:05:40,ACTIVO
1005806,4777,30,Jr. Panamericana 8652,BT,3,2008-05-14 20:40:04,ACTIVO
1005807,4778,5,Av. Grau 9293,BT,5,2004-12-04 18:48:49,ACTIVO
1005808,4779,19,Pasaje San Martín 3227,BT,7,2017-03-27 02:07:34,ACTIVO
1005809,4779,19,Calle Grau 3939,BT,7,2017-09-24 12:45:01,ACTIVO
1005810,4780,4,Pasaje Universitaria 9085,BT,3,2018-12-17 00:00:00,ACTIVO
1005811,4781,16,Psje. El Sol 3881,BT,6,2014-07-20 08:23:06,ACTIVO
1005812,4781,16,Av. El Sol 2580,BT,5,2018-02-06 12:39:43,ACTIVO
1005813,4782,7,Calle Los Pinos 7692,BT,7,2009-11-15 09:28:10,ACTIVO
1005814,4783,4,Calle La Molina 4282,BT,1,2010-01-08 21:55:58,ACTIVO
1005815,4784,19,Calle Los Pinos 6431,BT,1,2020-08-02 06:25:49,ACTIVO
1005816,4785,5,Calle Los Pinos 6326,BT,2,2015-09-08 02:00:15,ACTIVO
1005817,4786,30,Av. Bolívar 4568,BT,4,2002-12-07 21:12:28,ACTIVO
1005818,4786,30,Jr. Progreso 7866,BT,7,2009-03-12 01:10:12,ACTIVO
1005819,4787,19,Calle San Martín 4932,BT,1,2003-12-08 17:57:18,ACTIVO
1005820,4787,19,Av. Grau 6980,BT,4,2017-02-07 20:11:34,ACTIVO
1005821,4788,4,Pasaje La Molina 3823,BT,3,2009-07-07 06:31:22,ACTIVO
1005822,4789,39,Psje. Los Pinos 5764,BT,6,2019-12-18 14:50:20,ACTIVO
1005823,4790,3,Psje. Venezuela 8462,BT,2,2001-07-22 05:05:31,ACTIVO
1005824,4790,3,Calle El Sol 3864,BT,2,2004-08-25 07:25:20,ACTIVO
1005825,4791,40,Jr. Los Pinos 6267,BT,1,2014-12-24 16:49:09,ACTIVO
1005826,4792,7,Calle Bolívar 8676,BT,8,2020-06-23 11:12:26,ACTIVO
1005827,4793,3,Pasaje Venezuela 4500,BT,6,2020-02-22 13:51:38,ACTIVO
1005828,4794,7,Calle San Martín 3769,BT,3,2001-07-09 18:10:18,ACTIVO
1005829,4795,27,Pasaje La Molina 9784,BT,3,2007-01-01 10:38:44,ACTIVO
1005830,4795,27,Jr. Bolívar 761,BT,7,2013-06-13 23:13:11,ACTIVO
1005831,4796,15,Psje. Venezuela 2288,BT,4,2010-12-31 19:13:40,ACTIVO
1005832,4797,15,Pasaje San Martín 4511,BT,8,2006-06-04 19:18:26,ACTIVO
1005833,4797,15,Psje. El Sol 7584,BT,6,2012-06-07 18:56:38,ACTIVO
1005834,4798,25,Jr. Grau 5422,BT,5,2007-03-19 14:36:18,ACTIVO
1005835,4798,25,Psje. La Molina 5667,BT,1,2009-08-27 18:45:29,ACTIVO
1005836,4799,3,Psje. Bolívar 5534,BT,7,2010-03-27 19:48:12,ACTIVO
1005837,4800,15,Av. San Martín 5875,BT,2,2009-02-06 02:19:14,ACTIVO
1005838,4800,15,Psje. Progreso 4418,BT,3,2001-11-13 13:09:52,ACTIVO
1005839,4801,13,Psje. El Sol 1240,BT,6,2007-06-25 04:23:40,ACTIVO
1005840,4802,28,Pasaje El Sol 3728,BT,4,2002-12-22 03:47:20,ACTIVO
1005841,4803,19,Calle Panamericana 6226,BT,3,2018-04-02 22:18:13,ACTIVO
1005842,4804,39,Pasaje El Sol 4559,MT,7,2006-07-02 05:13:44,ACTIVO
1005843,4805,23,Psje. Venezuela 5459,BT,7,2003-07-09 03:27:46,ACTIVO
1005844,4806,8,Av. Venezuela 1670,MT,3,2015-07-14 01:06:24,ACTIVO
1005845,4807,7,Psje. Universitaria 7784,MT,6,2016-04-27 23:00:35,ACTIVO
1005846,4807,7,Psje. Panamericana 2436,BT,5,2010-10-12 19:28:01,ACTIVO
1005847,4808,5,Jr. El Sol 885,BT,2,2001-11-09 09:51:17,ACTIVO
1005848,4809,25,Av. San Martín 3753,BT,6,2015-06-07 17:07:04,ACTIVO
1005849,4810,39,Jr. Venezuela 2404,BT,4,2024-11-23 00:00:00,ACTIVO
1005850,4811,15,Pasaje Grau 314,BT,4,2011-04-27 18:51:32,ACTIVO
1005851,4812,11,Psje. San Martín 6748,BT,6,2007-03-21 06:09:15,ACTIVO
1005852,4813,11,Av. Universitaria 6612,BT,5,2006-08-24 23:32:34,ACTIVO
1005853,4814,30,Jr. Bolívar 9388,BT,2,2014-11-27 14:16:53,ACTIVO
1005854,4815,29,Calle Grau 1967,BT,2,2013-11-10 19:35:34,ACTIVO
1005855,4816,7,Jr. Progreso 5634,BT,7,2017-07-20 11:39:56,ACTIVO
1005856,4817,36,Calle Los Pinos 1139,BT,5,2017-06-24 03:49:50,ACTIVO
1005857,4818,9,Pasaje Panamericana 1560,BT,4,2007-02-26 15:05:02,ACTIVO
1005858,4819,10,Calle Universitaria 3087,BT,3,2007-10-02 18:07:59,ACTIVO
1005859,4820,30,Av. San Martín 3251,BT,2,2012-12-16 15:00:53,ACTIVO
1005860,4821,40,Av. Universitaria 5653,BT,3,2002-08-08 14:12:13,ACTIVO
1005861,4821,40,Av. Panamericana 9698,BT,4,2007-12-04 19:10:04,ACTIVO
1005862,4822,15,Psje. Los Pinos 1192,BT,6,2005-10-15 11:35:19,ACTIVO
1005863,4823,15,Jr. Venezuela 4098,BT,4,2000-05-19 06:29:01,ACTIVO
1005864,4824,29,Psje. Los Pinos 1674,BT,2,2000-06-28 20:48:58,INACTIVO
1005865,4825,38,Jr. Panamericana 6993,BT,1,2006-02-09 22:13:00,ACTIVO
1005866,4826,39,Jr. Universitaria 1239,BT,3,2018-11-02 03:21:09,ACTIVO
1005867,4826,39,Jr. La Molina 3786,BT,8,2020-11-09 17:49:59,ACTIVO
1005868,4827,39,Jr. Grau 1929,BT,3,2002-09-02 22:07:02,ACTIVO
1005869,4828,26,Pasaje La Molina 6541,BT,1,2008-12-21 08:04:42,ACTIVO
1005870,4828,26,Calle Universitaria 8457,BT,1,2019-10-18 04:46:46,ACTIVO
1005871,4829,11,Av. Los Pinos 4920,BT,4,2001-12-09 12:11:33,ACTIVO
1005872,4830,28,Av. Progreso 1599,BT,8,2006-11-15 02:41:11,ACTIVO
1005873,4831,29,Jr. Universitaria 7901,BT,2,2016-05-08 20:14:46,ACTIVO
1005874,4831,29,Calle Grau 7843,BT,4,2003-07-02 20:59:03,ACTIVO
1005875,4832,19,Jr. Bolívar 2153,BT,3,2011-03-07 04:43:24,ACTIVO
1005876,4833,10,Av. Los Pinos 4697,BT,6,2010-02-08 20:30:28,ACTIVO
1005877,4834,4,Av. San Martín 9039,BT,5,2018-02-15 02:19:42,INACTIVO
1005878,4835,7,Av. El Sol 9944,BT,2,2020-11-01 18:52:45,ACTIVO
1005879,4835,7,Jr. San Martín 3621,BT,1,2016-06-01 17:12:34,ACTIVO
1005880,4835,7,Av. El Sol 3037,BT,2,2004-03-29 04:07:16,ACTIVO
1005881,4836,43,Pasaje Panamericana 9269,BT,6,2006-11-21 12:43:20,ACTIVO
1005882,4837,34,Jr. Progreso 5274,BT,1,2011-04-05 01:08:40,ACTIVO
1005883,4838,43,Pasaje El Sol 3737,BT,2,2005-09-11 06:31:14,ACTIVO
1005884,4838,43,Jr. El Sol 8986,BT,5,2009-05-11 03:07:21,ACTIVO
1005885,4839,3,Calle El Sol 2670,BT,3,2016-03-22 20:13:20,ACTIVO
1005886,4840,41,Pasaje El Sol 4194,BT,8,2012-03-03 14:31:01,ACTIVO
1005887,4841,33,Av. La Molina 1529,BT,6,2002-05-13 17:41:35,ACTIVO
1005888,4842,15,Psje. Los Pinos 7961,BT,4,2002-12-14 15:01:40,ACTIVO
1005889,4843,3,Calle Los Pinos 1704,BT,8,2015-08-09 12:46:57,ACTIVO
1005890,4844,6,Jr. Bolívar 2350,BT,5,2009-04-10 21:02:44,ACTIVO
1005891,4844,6,Av. Panamericana 9891,BT,5,2008-08-22 06:52:39,ACTIVO
1005892,4844,6,Jr. Bolívar 3465,BT,4,2003-10-23 20:54:36,ACTIVO
1005893,4845,3,Pasaje Venezuela 7173,BT,3,2009-11-24 01:27:11,ACTIVO
1005894,4846,16,Calle Panamericana 5874,BT,2,2014-05-03 15:54:19,ACTIVO
1005895,4846,16,Av. Grau 9033,MT,5,2016-09-28 03:32:23,ACTIVO
1005896,4847,7,Calle Grau 9605,BT,4,2006-03-26 21:18:15,ACTIVO
1005897,4848,7,Jr. La Molina 4547,BT,3,2020-12-19 19:04:27,ACTIVO
1005898,4849,34,Jr. Progreso 5898,BT,5,2009-03-31 16:31:26,ACTIVO
1005899,4850,15,Psje. El Sol 2156,BT,7,2013-09-02 16:39:19,ACTIVO
1005900,4851,14,Pasaje Progreso 5858,BT,5,2012-05-14 18:46:39,ACTIVO
1005901,4852,7,Calle Venezuela 1023,BT,2,2006-09-12 19:43:37,ACTIVO
1005902,4852,7,Pasaje Los Pinos 1361,BT,3,2010-07-08 07:18:11,ACTIVO
1005903,4852,7,Psje. Los Pinos 9834,BT,3,2020-01-28 13:08:18,ACTIVO
1005904,4853,23,Pasaje Grau 4551,BT,5,2004-04-07 01:21:26,ACTIVO
1005905,4853,23,Calle Grau 169,BT,7,2000-04-04 20:46:04,ACTIVO
1005906,4854,15,Av. Grau 7033,BT,8,2005-04-24 15:46:07,ACTIVO
1005907,4855,40,Pasaje La Molina 5641,BT,8,2010-04-25 20:33:49,ACTIVO
1005908,4855,40,Jr. Grau 8252,BT,8,2013-05-18 02:08:28,ACTIVO
1005909,4856,28,Jr. Grau 191,BT,3,2020-06-02 23:55:10,ACTIVO
1005910,4857,3,Calle Venezuela 2522,BT,3,2007-02-19 00:54:38,ACTIVO
1005911,4857,3,Psje. Grau 3489,BT,1,2022-06-02 00:00:00,ACTIVO
1005912,4858,15,Calle Universitaria 5361,BT,4,2014-03-26 11:05:56,ACTIVO
1005913,4859,3,Av. Panamericana 7034,BT,7,2002-01-05 04:10:56,ACTIVO
1005914,4859,3,Calle El Sol 4251,BT,5,2015-05-29 19:56:24,ACTIVO
1005915,4860,19,Pasaje Bolívar 7705,BT,6,2001-12-12 14:35:04,ACTIVO
1005916,4861,18,Psje. Venezuela 3898,BT,8,2020-07-02 11:10:52,ACTIVO
1005917,4862,28,Pasaje Progreso 6119,BT,4,2007-12-31 18:46:52,ACTIVO
1005918,4863,23,Jr. Los Pinos 9504,BT,8,2018-06-22 14:05:32,ACTIVO
1005919,4864,15,Av. La Molina 9190,MT,4,2019-02-09 07:45:34,ACTIVO
1005920,4865,26,Calle Venezuela 7579,BT,3,2020-03-24 19:37:38,ACTIVO
1005921,4866,29,Av. La Molina 9532,BT,1,2016-07-30 22:15:50,ACTIVO
1005922,4867,20,Calle Los Pinos 2564,BT,5,2019-03-31 23:29:51,ACTIVO
1005923,4868,35,Psje. La Molina 5962,BT,7,2010-12-03 23:58:43,ACTIVO
1005924,4869,31,Pasaje Bolívar 5422,BT,4,2001-02-25 15:43:55,ACTIVO
1005925,4870,30,Jr. Progreso 8365,BT,2,2015-09-13 13:48:31,ACTIVO
1005926,4871,7,Calle Bolívar 8139,BT,1,2017-03-09 05:50:50,ACTIVO
1005927,4872,16,Calle Venezuela 9463,BT,1,2001-01-20 21:41:50,ACTIVO
1005928,4873,7,Calle Los Pinos 6280,BT,2,2001-11-24 18:12:28,ACTIVO
1005929,4873,7,Jr. Los Pinos 6602,BT,1,2004-09-12 05:20:02,ACTIVO
1005930,4874,3,Calle Panamericana 1297,BT,6,2014-01-24 21:34:56,ACTIVO
1005931,4875,3,Psje. Venezuela 3600,BT,3,2006-09-05 10:57:22,ACTIVO
1005932,4876,9,Calle Venezuela 324,BT,2,2016-06-24 19:09:51,ACTIVO
1005933,4877,26,Psje. Universitaria 4288,BT,6,2012-12-20 21:50:19,ACTIVO
1005934,4877,26,Pasaje Bolívar 7168,BT,4,2001-05-04 03:18:18,ACTIVO
1005935,4878,7,Jr. Progreso 4931,BT,4,2003-05-02 09:15:20,ACTIVO
1005936,4879,28,Psje. La Molina 7984,BT,8,2009-10-15 03:40:24,ACTIVO
1005937,4880,40,Pasaje El Sol 5235,MT,6,2019-02-22 11:18:56,INACTIVO
1005938,4881,4,Calle La Molina 9753,BT,2,2013-07-12 05:04:38,ACTIVO
1005939,4882,9,Jr. San Martín 551,BT,2,2011-04-05 00:20:38,ACTIVO
1005940,4883,29,Psje. La Molina 3492,BT,3,2007-07-08 17:44:44,ACTIVO
1005941,4884,29,Av. La Molina 3541,BT,1,2018-09-23 22:49:50,ACTIVO
1005942,4885,39,Pasaje El Sol 5196,BT,1,2001-05-09 18:57:58,ACTIVO
1005943,4886,15,Calle Bolívar 7133,BT,3,2004-06-03 20:34:35,ACTIVO
1005944,4887,26,Calle Venezuela 3921,BT,3,2001-02-23 09:19:53,ACTIVO
1005945,4887,26,Jr. Venezuela 5856,BT,7,2001-04-06 13:55:48,ACTIVO
1005946,4888,43,Jr. Grau 5188,BT,3,2001-08-24 09:28:16,ACTIVO
1005947,4889,4,Av. Panamericana 1804,BT,1,2024-06-24 00:00:00,ACTIVO
1005948,4890,40,Pasaje Universitaria 8110,BT,8,2007-10-01 15:30:23,ACTIVO
1005949,4891,7,Jr. El Sol 1823,BT,8,2007-07-23 18:33:55,ACTIVO
1005950,4892,19,Pasaje La Molina 8591,BT,5,2006-10-26 09:17:16,ACTIVO
1005951,4893,30,Av. Progreso 3570,BT,3,2002-07-23 21:15:21,ACTIVO
1005952,4893,30,Jr. Grau 4171,BT,6,2015-07-20 00:08:20,ACTIVO
1005953,4894,24,Av. Panamericana 1012,BT,2,2008-02-14 05:54:07,ACTIVO
1005954,4895,15,Jr. Bolívar 9216,BT,5,2009-06-08 06:33:32,ACTIVO
1005955,4896,30,Av. Bolívar 1479,BT,4,2008-09-01 03:13:14,SUSPENDIDO
1005956,4897,28,Jr. El Sol 4815,BT,8,2019-12-11 13:06:06,ACTIVO
1005957,4898,28,Jr. Los Pinos 1600,BT,5,2015-04-08 08:22:59,ACTIVO
1005958,4899,30,Jr. Universitaria 8758,BT,4,2005-02-17 13:04:21,ACTIVO
1005959,4900,40,Jr. La Molina 1555,BT,4,2016-01-21 00:33:22,ACTIVO
1005960,4901,11,Jr. El Sol 3469,BT,3,2013-01-25 07:31:34,ACTIVO
1005961,4902,12,Psje. La Molina 4867,BT,2,2002-12-18 21:55:36,ACTIVO
1005962,4902,12,Pasaje El Sol 2579,BT,3,2017-08-22 09:11:53,ACTIVO
1005963,4903,30,Calle Progreso 5588,BT,2,2018-07-06 23:47:58,ACTIVO
1005964,4904,41,Av. Panamericana 5747,BT,3,2003-11-03 21:58:48,ACTIVO
1005965,4905,15,Calle Venezuela 4757,BT,2,2020-10-30 19:20:17,ACTIVO
1005966,4906,3,Calle El Sol 2847,BT,6,2008-04-13 13:30:58,ACTIVO
1005967,4907,2,Psje. Venezuela 8444,BT,3,2000-03-11 04:43:54,ACTIVO
1005968,4908,9,Jr. Los Pinos 5355,BT,4,2022-12-21 00:00:00,ACTIVO
1005969,4909,18,Av. Venezuela 6360,BT,1,2006-06-02 19:35:49,ACTIVO
1005970,4910,19,Pasaje San Martín 1764,BT,7,2014-01-25 15:19:52,ACTIVO
1005971,4911,29,Jr. Panamericana 9109,BT,8,2010-10-28 05:14:29,ACTIVO
1005972,4912,28,Psje. Los Pinos 4053,BT,5,2006-02-07 07:37:19,ACTIVO
1005973,4913,7,Jr. El Sol 1385,BT,5,2001-11-07 14:48:49,ACTIVO
1005974,4914,3,Calle Progreso 7715,BT,4,2013-08-16 16:38:49,ACTIVO
1005975,4914,3,Av. Grau 5569,BT,4,2020-04-09 16:00:48,ACTIVO
1005976,4915,12,Psje. Bolívar 1278,BT,4,2009-01-30 03:59:52,ACTIVO
1005977,4916,7,Pasaje Grau 4504,BT,3,2020-07-02 01:33:46,ACTIVO
1005978,4916,7,Calle Panamericana 3161,BT,7,2002-10-02 04:55:37,ACTIVO
1005979,4916,7,Pasaje Bolívar 2891,BT,8,2012-03-10 02:42:36,SUSPENDIDO
1005980,4917,7,Pasaje La Molina 1239,BT,4,2015-04-12 06:04:56,ACTIVO
1005981,4918,39,Av. La Molina 7718,BT,1,2015-05-11 18:54:32,INACTIVO
1005982,4918,39,Jr. La Molina 9127,MT,4,2003-04-02 00:36:47,ACTIVO
1005983,4919,40,Calle Venezuela 1929,BT,2,2007-10-28 21:49:11,ACTIVO
1005984,4920,29,Calle Bolívar 9867,BT,7,2017-09-03 07:53:19,ACTIVO
1005985,4920,29,Pasaje Progreso 732,BT,8,2006-10-03 16:26:40,ACTIVO
1005986,4920,29,Jr. Grau 3088,BT,5,2014-10-14 01:02:18,ACTIVO
1005987,4921,26,Psje. Venezuela 4930,BT,8,2008-07-22 03:46:49,ACTIVO
1005988,4922,28,Calle Panamericana 4057,BT,2,2012-12-16 23:58:05,ACTIVO
1005989,4923,35,Av. Panamericana 5139,BT,8,2001-01-07 20:16:38,ACTIVO
1005990,4924,21,Psje. Bolívar 7825,BT,3,2009-10-13 06:29:33,ACTIVO
1005991,4925,7,Pasaje Bolívar 6412,BT,5,2006-10-24 00:15:47,ACTIVO
1005992,4926,28,Calle El Sol 3938,MT,2,2015-07-27 20:05:54,ACTIVO
1005993,4927,39,Pasaje Grau 2997,MT,2,2009-12-11 03:04:45,ACTIVO
1005994,4928,6,Jr. San Martín 1135,BT,6,2005-07-07 00:33:43,ACTIVO
1005995,4929,4,Psje. Universitaria 9302,BT,7,2006-08-01 13:07:06,ACTIVO
1005996,4930,29,Pasaje Panamericana 6766,BT,8,2002-08-30 07:43:11,ACTIVO
1005997,4930,29,Psje. San Martín 615,BT,6,2005-09-06 08:01:13,ACTIVO
1005998,4931,30,Av. Venezuela 1098,BT,4,2003-03-16 18:50:45,ACTIVO
1005999,4931,30,Calle Bolívar 6421,MT,3,2010-02-20 00:42:45,SUSPENDIDO
1006000,4932,13,Jr. Universitaria 3246,BT,7,2005-07-04 13:44:31,ACTIVO
1006001,4933,31,Calle Progreso 1652,BT,5,2001-04-19 05:02:35,ACTIVO
1006002,4934,4,Av. La Molina 8930,BT,1,2004-12-26 05:12:16,ACTIVO
1006003,4935,34,Jr. La Molina 5650,BT,7,2016-11-19 02:21:38,ACTIVO
1006004,4936,41,Av. Grau 6774,BT,5,2018-05-28 00:00:00,ACTIVO
1006005,4937,26,Pasaje Grau 9041,BT,4,2012-09-18 04:15:14,ACTIVO
1006006,4938,29,Av. Progreso 6377,BT,8,2003-09-21 13:02:38,ACTIVO
1006007,4939,15,Calle Bolívar 8244,BT,8,2006-10-21 23:09:18,ACTIVO
1006008,4939,15,Psje. Progreso 1078,BT,7,2007-03-25 05:01:54,ACTIVO
1006009,4940,15,Jr. Progreso 7329,BT,6,2019-01-09 11:31:45,ACTIVO
1006010,4941,15,Psje. Bolívar 3968,BT,7,2022-08-22 00:00:00,ACTIVO
1006011,4942,3,Jr. La Molina 5535,BT,3,2002-09-16 05:02:29,ACTIVO
1006012,4942,3,Psje. El Sol 1518,BT,4,2001-01-04 17:17:30,ACTIVO
1006013,4943,19,Calle Venezuela 8754,BT,4,2014-03-09 16:34:21,ACTIVO
1006014,4944,3,Jr. Los Pinos 3785,BT,8,2006-01-12 13:51:51,INACTIVO
1006015,4945,15,Pasaje Venezuela 382,BT,6,2002-01-30 10:02:56,ACTIVO
1006016,4945,15,Pasaje Progreso 3505,BT,7,2017-02-14 17:17:24,ACTIVO
1006017,4946,37,Jr. Los Pinos 9696,BT,2,2004-05-01 19:45:12,ACTIVO
1006018,4946,37,Av. Universitaria 6271,BT,1,2004-06-26 08:30:57,SUSPENDIDO
1006019,4946,37,Calle Universitaria 4900,BT,8,2017-11-24 19:17:44,ACTIVO
1006020,4947,5,Psje. Venezuela 7908,BT,7,2018-03-20 18:51:09,ACTIVO
1006021,4948,17,Pasaje El Sol 5471,BT,7,2008-09-07 11:20:06,ACTIVO
1006022,4948,17,Av. Progreso 4281,BT,8,2004-07-29 05:46:07,ACTIVO
1006023,4949,32,Calle Progreso 2659,MT,7,2013-05-24 14:18:44,ACTIVO
1006024,4950,1,Av. Universitaria 9946,BT,2,2010-08-22 04:09:58,ACTIVO
1006025,4951,39,Calle Los Pinos 5322,BT,8,2006-12-16 23:52:14,ACTIVO
1006026,4952,12,Jr. Bolívar 666,BT,6,2016-01-25 02:02:24,ACTIVO
1006027,4953,7,Jr. El Sol 979,BT,6,2016-02-11 19:22:26,ACTIVO
1006028,4954,7,Calle Universitaria 7848,BT,1,2007-06-29 22:27:09,ACTIVO
1006029,4955,26,Calle El Sol 5250,BT,4,2017-01-24 06:44:44,ACTIVO
1006030,4956,42,Av. Venezuela 7192,BT,1,2012-01-04 20:59:35,ACTIVO
1006031,4957,26,Psje. La Molina 2996,BT,6,2008-02-19 10:48:10,ACTIVO
1006032,4958,4,Psje. Progreso 7411,BT,5,2013-06-21 00:10:20,ACTIVO
1006033,4959,15,Av. Panamericana 9517,BT,2,2019-04-10 13:02:46,ACTIVO
1006034,4960,20,Av. Grau 2465,MT,7,2013-07-28 11:12:28,ACTIVO
1006035,4960,20,Calle Venezuela 2151,BT,8,2011-01-19 10:58:47,ACTIVO
1006036,4961,40,Psje. Panamericana 824,BT,8,2008-10-13 09:28:54,ACTIVO
1006037,4961,40,Jr. Venezuela 3780,BT,6,2002-04-02 04:49:04,ACTIVO
1006038,4961,40,Av. El Sol 8800,BT,5,2009-09-06 08:32:12,ACTIVO
1006039,4962,5,Calle Universitaria 9013,BT,5,2008-06-27 06:34:41,ACTIVO
1006040,4963,7,Pasaje Universitaria 8749,BT,7,2008-10-07 21:17:49,ACTIVO
1006041,4964,20,Pasaje El Sol 4437,BT,4,2007-09-22 06:39:38,ACTIVO
1006042,4965,39,Psje. La Molina 582,BT,7,2002-12-04 00:54:58,ACTIVO
1006043,4966,7,Pasaje Panamericana 794,BT,4,2002-08-18 14:25:52,ACTIVO
1006044,4967,9,Pasaje Progreso 6227,BT,6,2000-04-13 04:34:50,ACTIVO
1006045,4968,7,Psje. Progreso 1068,BT,3,2022-08-16 00:00:00,ACTIVO
1006046,4968,7,Av. Grau 3243,BT,6,2008-11-15 02:39:12,ACTIVO
1006047,4969,10,Pasaje Grau 7545,BT,5,2016-08-08 03:40:59,ACTIVO
1006048,4970,14,Pasaje Los Pinos 6261,BT,3,2007-09-07 04:44:51,ACTIVO
1006049,4971,9,Av. La Molina 4271,BT,7,2015-05-04 05:08:01,ACTIVO
1006050,4972,28,Calle La Molina 7569,BT,7,2013-12-20 17:36:04,ACTIVO
1006051,4973,9,Av. El Sol 1471,MT,4,2018-04-27 03:08:30,ACTIVO
1006052,4974,7,Pasaje Panamericana 4661,BT,3,2024-04-17 00:00:00,ACTIVO
1006053,4975,34,Jr. San Martín 1944,BT,2,2004-04-19 18:47:19,ACTIVO
1006054,4976,26,Pasaje Progreso 9264,BT,4,2017-05-13 22:13:45,ACTIVO
1006055,4976,26,Av. Progreso 5236,BT,4,2016-12-19 04:54:15,ACTIVO
1006056,4976,26,Jr. Panamericana 6434,BT,1,2004-12-20 02:36:17,ACTIVO
1006057,4977,5,Jr. Universitaria 7329,MT,6,2009-09-09 08:07:06,ACTIVO
1006058,4977,5,Jr. Venezuela 1321,BT,5,2005-01-08 23:36:47,ACTIVO
1006059,4978,15,Pasaje La Molina 1716,BT,3,2016-03-08 20:05:28,ACTIVO
1006060,4979,15,Av. San Martín 1511,BT,2,2015-02-03 13:03:27,ACTIVO
1006061,4980,31,Jr. La Molina 2410,MT,4,2009-08-02 11:57:25,ACTIVO
1006062,4980,31,Psje. Venezuela 5396,MT,5,2013-07-29 18:02:16,ACTIVO
1006063,4981,26,Psje. El Sol 717,BT,2,2000-11-08 09:23:16,ACTIVO
1006064,4982,40,Av. La Molina 3646,BT,5,2007-05-01 10:26:14,ACTIVO
1006065,4983,28,Jr. El Sol 5463,BT,5,2010-02-08 02:41:48,ACTIVO
1006066,4984,28,Av. Universitaria 2574,BT,7,2014-09-19 00:31:21,ACTIVO
1006067,4984,28,Av. La Molina 2695,BT,5,2017-07-07 15:15:19,ACTIVO
1006068,4985,9,Calle Los Pinos 3780,BT,8,2009-03-01 02:01:33,ACTIVO
1006069,4986,5,Psje. Venezuela 3507,BT,2,2001-05-02 11:49:01,ACTIVO
1006070,4987,15,Pasaje San Martín 7087,BT,5,2009-09-29 18:56:49,ACTIVO
1006071,4988,34,Jr. Bolívar 9671,BT,5,2018-09-29 10:07:47,ACTIVO
1006072,4989,43,Calle Progreso 8970,BT,3,2002-05-01 06:37:17,ACTIVO
1006073,4990,29,Jr. Venezuela 3276,BT,1,2011-01-31 05:30:57,ACTIVO
1006074,4991,4,Av. La Molina 6227,BT,8,2004-02-27 06:32:42,ACTIVO
1006075,4992,3,Psje. Panamericana 9217,BT,3,2001-09-04 16:05:52,ACTIVO
1006076,4992,3,Psje. Grau 8903,BT,3,2001-04-09 17:21:03,ACTIVO
1006077,4992,3,Calle Bolívar 1793,BT,2,2010-12-16 03:29:18,ACTIVO
1006078,4993,30,Pasaje Grau 1506,BT,6,2024-08-08 00:00:00,ACTIVO
1006079,4994,26,Psje. Progreso 8092,BT,1,2004-08-21 07:50:11,ACTIVO
1006080,4995,5,Psje. Bolívar 8319,BT,8,2013-02-19 18:24:59,ACTIVO
1006081,4996,7,Calle Universitaria 185,BT,4,2008-06-14 18:23:18,ACTIVO
1006082,4997,4,Psje. Progreso 6901,BT,6,2007-03-28 01:06:49,ACTIVO
1006083,4998,7,Calle San Martín 3450,BT,2,2013-03-21 16:15:29,INACTIVO
1006084,4999,27,Pasaje Grau 3991,BT,8,2011-12-12 14:29:29,ACTIVO
1006085,5000,15,Jr. Los Pinos 1247,BT,3,2007-08-07 00:28:04,ACTIVO
1006086,5001,40,Pasaje San Martín 5077,BT,6,2016-08-15 19:48:42,ACTIVO
1006087,5002,9,Psje. Los Pinos 1180,BT,1,2009-06-04 14:35:56,ACTIVO
1006088,5003,7,Jr. San Martín 9627,BT,8,2003-10-26 17:48:02,ACTIVO
1006089,5004,5,Psje. Panamericana 1207,BT,5,2014-11-03 15:51:58,ACTIVO
1006090,5005,28,Jr. Panamericana 1969,BT,5,2000-01-30 02:28:08,ACTIVO
1006091,5005,28,Psje. Bolívar 9064,BT,7,2014-08-08 05:30:48,ACTIVO
1006092,5006,26,Pasaje Grau 1742,BT,4,2004-04-30 22:52:03,INACTIVO
1006093,5006,26,Pasaje Bolívar 9660,BT,5,2013-08-23 23:01:38,ACTIVO
1006094,5007,6,Calle Universitaria 712,BT,1,2002-05-12 15:34:10,ACTIVO
1006095,5008,4,Pasaje Panamericana 1878,BT,1,2012-09-25 07:17:19,ACTIVO
1006096,5008,4,Pasaje Los Pinos 2183,BT,2,2006-05-18 23:59:56,ACTIVO
1006097,5009,28,Pasaje Universitaria 3999,BT,4,2017-09-08 16:33:36,ACTIVO
1006098,5009,28,Pasaje El Sol 6097,BT,2,2013-03-30 11:26:18,ACTIVO
1006099,5010,17,Jr. San Martín 3222,BT,6,2018-02-09 00:02:02,ACTIVO
1006100,5010,17,Psje. San Martín 5841,BT,6,2008-12-24 02:46:58,ACTIVO
1006101,5011,29,Calle El Sol 5312,BT,4,2000-07-31 18:54:04,ACTIVO
1006102,5012,39,Pasaje La Molina 9534,BT,3,2002-09-05 13:23:00,ACTIVO
1006103,5013,15,Jr. La Molina 8105,BT,8,2017-04-05 15:56:04,ACTIVO
1006104,5013,15,Jr. San Martín 5317,BT,1,2014-11-21 03:18:10,ACTIVO
1006105,5014,3,Jr. El Sol 8400,BT,1,2000-07-26 04:22:39,ACTIVO
1006106,5015,9,Jr. Bolívar 727,BT,4,2001-06-12 06:41:33,ACTIVO
1006107,5016,21,Av. San Martín 7328,BT,5,2000-10-27 19:37:09,ACTIVO
1006108,5017,15,Pasaje Grau 6963,BT,2,2009-06-29 09:43:47,ACTIVO
1006109,5017,15,Psje. Panamericana 2741,BT,8,2005-05-23 05:54:00,ACTIVO
1006110,5018,7,Calle Bolívar 6382,BT,2,2015-04-29 21:34:33,INACTIVO
1006111,5019,38,Psje. El Sol 8614,BT,1,2004-12-13 14:36:57,ACTIVO
1006112,5020,7,Jr. La Molina 5501,BT,6,2009-01-29 22:15:44,ACTIVO
1006113,5020,7,Av. La Molina 6996,BT,5,2017-09-02 09:33:25,ACTIVO
1006114,5021,19,Psje. Progreso 5773,BT,7,2006-01-15 06:27:17,ACTIVO
1006115,5022,11,Psje. La Molina 3823,BT,2,2008-05-25 22:29:45,ACTIVO
1006116,5023,36,Av. Universitaria 7310,BT,7,2003-04-25 11:47:14,ACTIVO
1006117,5024,3,Pasaje El Sol 132,BT,3,2011-09-17 06:44:29,ACTIVO
1006118,5025,30,Pasaje Universitaria 3412,BT,2,2016-08-02 07:18:52,ACTIVO
1006119,5026,4,Av. Progreso 4689,BT,8,2009-12-01 20:38:14,ACTIVO
1006120,5027,4,Pasaje Los Pinos 9893,BT,7,2003-07-17 03:49:34,ACTIVO
1006121,5028,40,Psje. San Martín 3665,BT,5,2012-08-21 15:47:07,ACTIVO
1006122,5029,38,Psje. Bolívar 6593,BT,8,2004-02-24 12:54:39,ACTIVO
1006123,5030,15,Av. Grau 8927,BT,6,2004-09-01 08:08:36,ACTIVO
1006124,5031,24,Pasaje Panamericana 1906,BT,8,2000-12-10 01:38:42,ACTIVO
1006125,5032,19,Av. Grau 1501,BT,4,2024-04-12 00:00:00,ACTIVO
1006126,5032,19,Psje. Los Pinos 1779,MT,4,2013-12-21 02:52:17,ACTIVO
1006127,5033,30,Psje. Universitaria 4406,BT,4,2007-10-09 15:53:55,ACTIVO
1006128,5034,42,Calle Los Pinos 4293,BT,7,2017-08-05 23:34:48,ACTIVO
1006129,5034,42,Calle Panamericana 5488,BT,8,2004-01-05 23:35:33,ACTIVO
1006130,5035,32,Jr. San Martín 7561,BT,6,2015-08-06 07:44:25,ACTIVO
1006131,5036,6,Jr. Progreso 3570,BT,7,2011-10-04 07:37:09,ACTIVO
1006132,5037,30,Calle Venezuela 1921,BT,4,2005-09-08 05:36:37,ACTIVO
1006133,5037,30,Calle Progreso 907,BT,1,2018-09-15 23:43:10,INACTIVO
1006134,5038,5,Pasaje Venezuela 4215,BT,4,2005-04-24 08:29:38,ACTIVO
1006135,5039,40,Jr. Los Pinos 620,BT,8,2015-12-23 07:56:02,ACTIVO
1006136,5040,39,Calle Grau 5808,BT,8,2015-04-19 01:57:58,INACTIVO
1006137,5040,39,Av. La Molina 9644,BT,5,2000-02-06 13:15:43,ACTIVO
1006138,5041,5,Calle Grau 7513,BT,6,2015-12-02 17:12:28,ACTIVO
1006139,5041,5,Av. Universitaria 7348,BT,2,2008-09-21 14:24:11,ACTIVO
1006140,5042,5,Psje. Panamericana 9384,BT,8,2000-03-21 07:47:07,ACTIVO
1006141,5042,5,Pasaje Progreso 6538,BT,8,2015-11-07 12:32:31,ACTIVO
1006142,5043,9,Pasaje Panamericana 1969,BT,6,2004-12-23 05:45:34,ACTIVO
1006143,5044,29,Psje. La Molina 8364,BT,5,2000-01-29 04:04:09,ACTIVO
1006144,5044,29,Pasaje El Sol 2275,BT,1,2014-09-03 07:20:46,ACTIVO
1006145,5045,29,Av. San Martín 4890,BT,8,2003-05-18 18:49:23,ACTIVO
1006146,5046,15,Psje. Venezuela 3706,BT,3,2012-05-06 19:24:47,ACTIVO
1006147,5047,26,Calle Los Pinos 9718,BT,6,2001-03-14 01:45:38,ACTIVO
1006148,5048,4,Pasaje Venezuela 5890,BT,4,2023-02-15 00:00:00,ACTIVO
1006149,5048,4,Psje. Progreso 6011,BT,3,2014-04-14 10:21:20,ACTIVO
1006150,5049,40,Calle Progreso 1189,BT,1,2004-10-14 15:33:21,ACTIVO
1006151,5050,15,Psje. Progreso 4919,BT,4,2017-05-11 23:32:49,ACTIVO
1006152,5051,7,Pasaje Venezuela 8410,BT,4,2019-10-12 14:37:07,ACTIVO
1006153,5052,2,Calle Los Pinos 2825,BT,5,2007-06-18 07:50:11,ACTIVO
1006154,5053,39,Pasaje Universitaria 9938,BT,7,2007-08-12 03:42:32,ACTIVO
1006155,5054,16,Jr. Panamericana 4530,BT,4,2012-09-16 01:33:30,ACTIVO
1006156,5055,32,Calle Grau 9669,BT,4,2020-12-10 07:29:53,ACTIVO
1006157,5056,38,Jr. Los Pinos 3640,BT,8,2016-02-19 17:16:49,ACTIVO
1006158,5057,3,Pasaje Progreso 6276,BT,8,2011-07-17 04:30:40,ACTIVO
1006159,5058,5,Psje. San Martín 9787,BT,2,2016-03-21 10:16:21,ACTIVO
1006160,5058,5,Calle Panamericana 5415,BT,6,2004-08-08 07:53:16,ACTIVO
1006161,5058,5,Jr. San Martín 3012,BT,8,2020-07-29 07:52:30,ACTIVO
1006162,5059,28,Psje. Panamericana 6037,BT,1,2019-12-28 13:31:58,ACTIVO
1006163,5060,43,Pasaje Universitaria 5513,BT,6,2020-07-15 22:37:26,ACTIVO
1006164,5061,13,Av. Panamericana 7527,BT,4,2022-08-30 00:00:00,ACTIVO
1006165,5062,26,Jr. Universitaria 4557,BT,8,2014-11-25 15:27:59,ACTIVO
1006166,5063,10,Psje. La Molina 8994,BT,1,2013-09-16 02:51:01,ACTIVO
1006167,5063,10,Psje. Grau 9462,BT,6,2015-08-18 06:27:23,ACTIVO
1006168,5064,36,Av. El Sol 3645,BT,5,2017-05-03 15:02:33,ACTIVO
1006169,5065,28,Psje. Panamericana 8232,BT,6,2013-03-07 19:27:59,INACTIVO
1006170,5066,3,Psje. Bolívar 4217,BT,5,2003-01-09 22:06:13,ACTIVO
1006171,5067,16,Calle La Molina 6491,BT,6,2016-02-24 17:35:01,ACTIVO
1006172,5068,7,Psje. Grau 8924,BT,7,2020-06-30 00:00:00,ACTIVO
1006173,5068,7,Psje. Panamericana 6269,BT,6,2010-12-21 16:11:12,ACTIVO
1006174,5069,28,Av. San Martín 6180,BT,1,2013-02-13 07:56:29,ACTIVO
1006175,5069,28,Jr. Progreso 3850,BT,6,2015-06-07 15:27:03,ACTIVO
1006176,5070,15,Pasaje Bolívar 1255,BT,1,2003-10-10 08:52:53,ACTIVO
1006177,5071,22,Pasaje Bolívar 8704,BT,2,2002-10-01 23:15:34,ACTIVO
1006178,5072,3,Calle La Molina 1621,BT,6,2000-09-22 20:32:29,ACTIVO
1006179,5073,6,Jr. El Sol 9097,BT,6,2016-01-27 02:05:09,ACTIVO
1006180,5074,24,Psje. Los Pinos 3063,BT,5,2011-03-04 12:03:55,ACTIVO
1006181,5075,37,Av. Los Pinos 8757,BT,6,2001-10-23 05:50:14,ACTIVO
1006182,5076,29,Psje. Grau 5126,BT,2,2006-03-16 15:05:30,ACTIVO
1006183,5077,27,Jr. Panamericana 117,BT,8,2007-09-30 02:40:03,ACTIVO
1006184,5078,33,Jr. La Molina 9911,BT,3,2017-07-30 18:23:09,ACTIVO
1006185,5078,33,Pasaje Panamericana 377,BT,4,2017-02-23 00:37:29,ACTIVO
1006186,5079,1,Calle Los Pinos 7722,BT,2,2008-01-26 03:46:38,ACTIVO
1006187,5080,9,Psje. Universitaria 9170,BT,8,2011-12-21 23:45:34,ACTIVO
1006188,5080,9,Pasaje La Molina 5825,BT,3,2015-11-28 23:19:35,ACTIVO
1006189,5081,38,Psje. El Sol 2115,BT,3,2020-07-09 13:08:03,ACTIVO
1006190,5082,32,Calle Bolívar 4012,BT,7,2020-02-24 20:43:22,ACTIVO
1006191,5083,4,Calle La Molina 844,BT,6,2016-07-06 17:25:28,ACTIVO
1006192,5083,4,Pasaje Venezuela 1416,BT,4,2004-07-22 09:16:48,ACTIVO
1006193,5084,5,Calle Progreso 8970,BT,8,2010-10-10 08:23:38,ACTIVO
1006194,5085,5,Psje. El Sol 3322,BT,5,2014-03-14 04:32:01,ACTIVO
1006195,5086,29,Pasaje Bolívar 2889,BT,3,2017-01-11 14:11:09,ACTIVO
1006196,5087,43,Pasaje Progreso 7453,BT,5,2011-04-02 06:12:39,ACTIVO
1006197,5088,5,Av. Universitaria 9698,BT,6,2008-11-07 07:39:46,ACTIVO
1006198,5089,16,Av. Progreso 4566,BT,4,2002-03-22 19:03:43,ACTIVO
1006199,5090,18,Psje. Progreso 6380,BT,8,2018-11-26 21:01:44,ACTIVO
1006200,5091,33,Psje. Los Pinos 9830,BT,7,2003-10-21 04:14:13,ACTIVO
1006201,5092,29,Pasaje San Martín 4075,BT,8,2000-08-11 13:16:07,ACTIVO
1006202,5093,23,Av. Progreso 5232,BT,4,2019-10-06 13:04:09,ACTIVO
1006203,5094,29,Av. Progreso 4384,BT,8,2000-02-26 02:11:23,ACTIVO
1006204,5095,7,Jr. Los Pinos 9606,BT,3,2007-08-10 16:11:16,SUSPENDIDO
1006205,5096,29,Jr. Grau 5762,BT,3,2020-05-02 20:12:33,ACTIVO
1006206,5097,3,Pasaje Venezuela 6463,BT,7,2019-05-11 00:10:31,ACTIVO
1006207,5098,19,Jr. Venezuela 1178,BT,6,2016-09-12 15:07:18,ACTIVO
1006208,5099,10,Calle Bolívar 9213,BT,7,2013-08-27 08:42:53,ACTIVO
1006209,5100,29,Calle Bolívar 2591,BT,3,2013-09-29 03:02:53,ACTIVO
1006210,5101,9,Calle Universitaria 6755,BT,1,2001-01-18 00:21:07,ACTIVO
1006211,5102,7,Calle Grau 1327,BT,1,2018-09-20 09:20:42,ACTIVO
1006212,5103,39,Psje. La Molina 2631,BT,6,2005-05-31 00:19:57,ACTIVO
1006213,5104,9,Psje. Grau 9006,BT,7,2009-03-01 22:37:05,ACTIVO
1006214,5105,19,Psje. Bolívar 5593,BT,5,2013-07-25 04:40:35,INACTIVO
1006215,5106,43,Psje. Grau 4304,BT,3,2004-01-13 16:22:27,ACTIVO
1006216,5107,5,Psje. Los Pinos 7224,BT,1,2005-12-23 09:53:05,ACTIVO
1006217,5107,5,Pasaje Venezuela 8496,MT,8,2018-06-03 12:47:54,ACTIVO
1006218,5107,5,Av. La Molina 8196,BT,5,2018-08-12 10:50:49,ACTIVO
1006219,5108,9,Pasaje Universitaria 5802,BT,6,2007-03-29 17:44:23,ACTIVO
1006220,5109,9,Pasaje Los Pinos 4815,BT,5,2020-01-09 14:02:57,ACTIVO
1006221,5110,26,Av. Bolívar 3123,BT,3,2004-05-26 21:35:34,ACTIVO
1006222,5111,3,Jr. El Sol 5153,BT,5,2012-01-25 08:40:43,ACTIVO
1006223,5112,7,Psje. Bolívar 4273,BT,5,2009-05-15 14:02:41,ACTIVO
1006224,5112,7,Av. Venezuela 4963,BT,8,2008-06-07 14:53:34,ACTIVO
1006225,5113,15,Jr. La Molina 3073,BT,8,2007-12-01 09:52:33,ACTIVO
1006226,5114,43,Av. San Martín 1388,BT,8,2000-06-15 22:30:52,ACTIVO
1006227,5114,43,Jr. Progreso 2893,BT,1,2002-09-23 21:27:27,ACTIVO
1006228,5115,15,Jr. San Martín 824,BT,2,2018-10-14 08:13:48,ACTIVO
1006229,5116,3,Psje. Progreso 9253,BT,5,2009-03-04 09:50:11,SUSPENDIDO
1006230,5117,40,Pasaje Los Pinos 5724,BT,8,2019-05-07 12:34:47,ACTIVO
1006231,5118,3,Pasaje Bolívar 804,BT,1,2005-10-04 09:04:12,ACTIVO
1006232,5119,21,Jr. Universitaria 333,BT,3,2014-03-08 14:43:43,ACTIVO
1006233,5120,25,Calle La Molina 2480,BT,4,2017-05-31 23:37:51,ACTIVO
1006234,5121,38,Psje. Universitaria 8055,BT,2,2008-01-19 15:21:41,ACTIVO
1006235,5122,4,Av. Grau 3196,BT,2,2007-09-16 09:37:50,ACTIVO
1006236,5122,4,Psje. Universitaria 7801,BT,4,2003-02-21 20:03:26,ACTIVO
1006237,5123,15,Jr. Panamericana 9055,BT,1,2002-12-08 04:36:32,ACTIVO
1006238,5124,30,Av. Progreso 6895,BT,8,2004-04-28 03:15:24,ACTIVO
1006239,5124,30,Calle Panamericana 9237,BT,3,2009-03-13 23:34:04,ACTIVO
1006240,5125,22,Psje. El Sol 1000,BT,5,2000-04-30 21:50:59,ACTIVO
1006241,5126,40,Av. Bolívar 8503,BT,5,2017-01-29 19:48:17,ACTIVO
1006242,5127,9,Psje. La Molina 2356,BT,7,2014-07-13 11:38:55,ACTIVO
1006243,5128,28,Av. La Molina 3317,BT,1,2014-05-16 04:10:29,ACTIVO
1006244,5129,7,Calle Panamericana 4799,BT,1,2016-02-20 22:33:27,ACTIVO
1006245,5130,5,Av. Panamericana 1159,MT,5,2004-02-20 08:36:34,ACTIVO
1006246,5131,4,Av. Los Pinos 543,BT,4,2002-01-20 04:51:49,ACTIVO
1006247,5132,2,Calle Bolívar 5170,BT,1,2003-10-04 11:55:17,ACTIVO
1006248,5133,15,Calle El Sol 3277,BT,7,2000-11-03 10:55:35,ACTIVO
1006249,5134,3,Psje. El Sol 953,BT,7,2000-01-06 12:10:23,ACTIVO
1006250,5135,28,Pasaje La Molina 7472,BT,7,2017-03-10 23:05:43,ACTIVO
1006251,5136,13,Calle Los Pinos 7022,BT,4,2013-03-23 08:27:42,ACTIVO
1006252,5137,15,Psje. La Molina 9949,BT,8,2005-05-17 01:42:36,ACTIVO
1006253,5138,30,Av. Bolívar 1947,BT,3,2014-06-19 22:05:13,ACTIVO
1006254,5139,9,Jr. Panamericana 6648,BT,5,2006-04-22 18:14:48,ACTIVO
1006255,5140,15,Psje. Progreso 752,BT,6,2001-11-25 02:34:12,ACTIVO
1006256,5141,39,Av. Grau 5413,BT,4,2022-06-05 00:00:00,ACTIVO
1006257,5142,2,Psje. Grau 292,MT,5,2018-12-12 21:44:13,ACTIVO
1006258,5143,3,Av. Los Pinos 1481,BT,7,2010-10-12 17:36:46,ACTIVO
1006259,5144,13,Calle Venezuela 8276,BT,8,2004-07-24 16:34:54,ACTIVO
1006260,5145,3,Calle Grau 4561,BT,6,2007-10-17 03:00:07,SUSPENDIDO
1006261,5146,15,Calle Panamericana 254,MT,4,2020-09-04 00:46:38,ACTIVO
1006262,5147,7,Pasaje Los Pinos 9862,BT,5,2015-07-13 08:18:19,ACTIVO
1006263,5148,30,Av. Progreso 6585,BT,7,2011-11-12 04:42:29,ACTIVO
1006264,5149,9,Jr. Progreso 2409,BT,1,2016-12-27 01:37:11,ACTIVO
1006265,5150,9,Jr. La Molina 9906,BT,3,2006-01-03 21:36:53,ACTIVO
1006266,5151,3,Pasaje Bolívar 7605,BT,5,2020-05-26 01:08:17,ACTIVO
1006267,5152,28,Jr. La Molina 6285,BT,8,2005-08-04 20:36:20,ACTIVO
1006268,5153,15,Jr. Los Pinos 3878,BT,2,2017-01-22 08:31:34,ACTIVO
1006269,5154,26,Psje. Bolívar 9868,BT,1,2012-06-26 20:57:04,INACTIVO
1006270,5155,12,Pasaje Bolívar 7876,BT,8,2001-04-23 00:37:24,ACTIVO
1006271,5156,7,Av. Universitaria 6348,BT,3,2017-11-28 01:46:06,ACTIVO
1006272,5157,15,Jr. Grau 7319,BT,7,2016-08-27 16:39:43,ACTIVO
1006273,5158,29,Calle Universitaria 2117,BT,1,2023-12-28 00:00:00,ACTIVO
1006274,5159,15,Calle La Molina 1594,BT,1,2001-01-07 11:13:03,ACTIVO
1006275,5160,4,Pasaje Universitaria 749,BT,8,2004-10-26 20:21:59,ACTIVO
1006276,5160,4,Pasaje Grau 2022,BT,8,2007-05-03 03:43:04,ACTIVO
1006277,5161,38,Calle Progreso 7030,BT,5,2017-08-23 03:23:08,ACTIVO
1006278,5162,28,Psje. Progreso 8663,BT,5,2014-06-25 02:51:51,ACTIVO
1006279,5163,27,Jr. San Martín 5797,BT,4,2015-06-02 13:55:57,ACTIVO
1006280,5163,27,Pasaje San Martín 6623,BT,4,2017-01-19 17:28:14,ACTIVO
1006281,5164,19,Calle San Martín 681,BT,5,2003-10-29 01:31:29,ACTIVO
1006282,5165,12,Calle La Molina 3725,BT,7,2019-08-22 10:48:23,ACTIVO
1006283,5166,30,Pasaje El Sol 3142,BT,2,2021-04-23 00:00:00,ACTIVO
1006284,5167,26,Calle Bolívar 160,BT,6,2011-09-24 14:58:04,ACTIVO
1006285,5168,19,Calle Bolívar 8804,BT,2,2001-09-07 06:14:21,ACTIVO
1006286,5169,9,Psje. Grau 9426,BT,7,2005-07-04 07:53:28,ACTIVO
1006287,5170,29,Pasaje Venezuela 914,BT,1,2002-08-25 01:32:53,ACTIVO
1006288,5171,11,Psje. Los Pinos 3402,BT,4,2005-02-03 21:42:57,ACTIVO
1006289,5172,7,Av. San Martín 4317,BT,4,2018-03-30 20:20:37,ACTIVO
1006290,5173,3,Psje. Venezuela 969,BT,5,2006-10-25 20:03:21,ACTIVO
1006291,5174,16,Jr. Venezuela 8141,BT,4,2017-04-07 03:30:08,ACTIVO
1006292,5174,16,Psje. San Martín 3038,BT,8,2017-05-01 20:54:29,ACTIVO
1006293,5175,28,Jr. La Molina 1840,BT,7,2009-11-14 21:29:18,ACTIVO
1006294,5176,3,Pasaje Venezuela 1286,BT,2,2000-09-13 23:53:05,ACTIVO
1006295,5177,9,Pasaje San Martín 8904,BT,1,2008-04-16 00:03:14,ACTIVO
1006296,5178,3,Av. San Martín 1586,BT,3,2002-07-03 11:13:18,ACTIVO
1006297,5179,15,Jr. Venezuela 285,BT,8,2005-02-03 03:49:59,ACTIVO
1006298,5180,19,Av. Progreso 2783,BT,1,2012-05-19 23:32:48,ACTIVO
1006299,5181,7,Psje. Grau 9912,BT,2,2012-05-11 00:29:48,ACTIVO
1006300,5181,7,Calle El Sol 8618,MT,5,2006-03-28 03:55:51,ACTIVO
1006301,5181,7,Pasaje Los Pinos 4447,BT,3,2017-02-13 11:34:41,ACTIVO
1006302,5182,30,Av. Los Pinos 603,BT,2,2008-10-30 07:33:54,ACTIVO
1006303,5182,30,Calle Bolívar 6099,BT,6,2010-11-07 13:11:04,ACTIVO
1006304,5183,34,Calle San Martín 4427,BT,4,2009-12-01 20:20:45,ACTIVO
1006305,5184,5,Pasaje Venezuela 172,BT,6,2009-03-20 22:11:20,ACTIVO
1006306,5185,7,Jr. Grau 5852,BT,4,2024-12-13 00:00:00,ACTIVO
1006307,5185,7,Psje. Panamericana 4356,BT,5,2012-07-26 12:47:23,ACTIVO
1006308,5186,30,Calle Grau 3261,BT,7,2012-12-12 17:25:49,ACTIVO
1006309,5187,28,Calle Progreso 9837,BT,6,2010-10-10 01:52:13,ACTIVO
1006310,5188,9,Calle El Sol 6431,BT,2,2012-11-14 03:01:13,ACTIVO
1006311,5188,9,Psje. La Molina 9325,BT,4,2019-09-09 03:06:14,ACTIVO
1006312,5189,26,Psje. La Molina 3727,BT,6,2004-03-11 19:38:28,ACTIVO
1006313,5190,30,Pasaje Los Pinos 1982,BT,6,2002-01-18 03:54:01,ACTIVO
1006314,5191,9,Psje. San Martín 482,BT,3,2020-02-23 01:03:47,ACTIVO
1006315,5192,11,Psje. Universitaria 1939,BT,3,2009-11-10 16:16:44,ACTIVO
1006316,5193,33,Av. Bolívar 1003,BT,5,2016-05-09 13:03:10,ACTIVO
1006317,5194,9,Jr. Panamericana 6939,BT,1,2000-12-17 02:26:20,ACTIVO
1006318,5195,29,Pasaje Panamericana 7655,BT,5,2014-09-23 19:08:12,ACTIVO
1006319,5195,29,Av. Venezuela 8688,MT,5,2016-03-05 20:00:52,ACTIVO
1006320,5196,22,Psje. Venezuela 9261,BT,6,2024-08-06 00:00:00,ACTIVO
1006321,5197,29,Calle Grau 9599,BT,6,2007-11-19 02:36:52,ACTIVO
1006322,5198,39,Psje. Los Pinos 5894,BT,8,2004-02-04 10:50:50,ACTIVO
1006323,5198,39,Av. Universitaria 8242,BT,3,2002-09-09 05:55:57,ACTIVO
1006324,5199,19,Calle Universitaria 2620,MT,3,2020-08-19 04:41:11,ACTIVO
1006325,5200,30,Av. La Molina 8848,BT,3,2012-11-20 18:25:09,ACTIVO
1006326,5201,7,Psje. Bolívar 1800,BT,7,2019-11-17 18:12:01,ACTIVO
1006327,5201,7,Psje. El Sol 2118,BT,6,2002-03-14 10:58:52,ACTIVO
1006328,5202,28,Jr. Universitaria 7264,BT,5,2003-08-12 17:24:18,ACTIVO
1006329,5203,43,Calle Universitaria 1374,BT,8,2004-12-24 12:59:28,ACTIVO
1006330,5204,40,Jr. Panamericana 2607,BT,1,2011-09-26 04:23:57,ACTIVO
1006331,5205,3,Jr. San Martín 6521,BT,6,2015-12-29 01:05:48,ACTIVO
1006332,5206,29,Pasaje Los Pinos 7037,BT,1,2015-05-04 05:22:13,ACTIVO
1006333,5206,29,Av. Los Pinos 9689,BT,4,2005-03-08 11:33:19,ACTIVO
1006334,5207,15,Jr. San Martín 9571,BT,1,2011-01-28 17:55:32,SUSPENDIDO
1006335,5207,15,Jr. Panamericana 7894,BT,3,2010-03-23 06:04:14,ACTIVO
1006336,5208,43,Av. Los Pinos 9941,BT,2,2002-07-10 22:32:00,ACTIVO
1006337,5209,6,Pasaje Grau 5319,BT,5,2012-08-14 23:56:46,ACTIVO
1006338,5210,12,Pasaje Los Pinos 2756,MT,4,2001-09-27 00:20:57,ACTIVO
1006339,5211,37,Psje. La Molina 7331,BT,1,2012-05-20 14:48:10,ACTIVO
1006340,5212,25,Av. San Martín 3830,BT,4,2005-03-11 04:06:48,ACTIVO
1006341,5213,40,Psje. Universitaria 2435,BT,8,2012-08-25 21:18:29,ACTIVO
1006342,5214,35,Av. La Molina 2429,BT,3,2002-06-16 23:14:46,ACTIVO
1006343,5215,43,Av. Universitaria 9192,BT,6,2019-10-23 11:16:16,ACTIVO
1006344,5216,9,Calle Los Pinos 5316,BT,7,2019-03-14 22:53:57,ACTIVO
1006345,5217,40,Pasaje Venezuela 4317,BT,7,2010-06-08 03:39:30,ACTIVO
1006346,5218,7,Psje. Panamericana 2245,BT,7,2018-04-29 15:59:03,ACTIVO
1006347,5219,29,Psje. Grau 7455,BT,8,2008-06-20 20:25:02,ACTIVO
1006348,5220,30,Av. Panamericana 6476,BT,4,2004-03-29 03:11:51,ACTIVO
1006349,5221,15,Av. Universitaria 3206,BT,6,2013-05-29 02:52:12,ACTIVO
1006350,5222,17,Pasaje Grau 9009,BT,6,2021-10-05 00:00:00,ACTIVO
1006351,5223,15,Jr. Grau 3764,BT,7,2012-10-02 20:32:00,ACTIVO
1006352,5223,15,Jr. Panamericana 8287,BT,6,2018-09-25 07:43:23,ACTIVO
1006353,5224,7,Jr. El Sol 2522,BT,5,2007-09-26 17:47:03,ACTIVO
1006354,5225,39,Psje. La Molina 2251,BT,5,2004-09-14 03:24:17,ACTIVO
1006355,5226,29,Psje. Universitaria 7884,BT,5,2006-11-17 01:07:37,ACTIVO
1006356,5227,5,Calle Venezuela 6637,BT,1,2017-04-12 00:16:03,ACTIVO
1006357,5228,13,Pasaje El Sol 1971,BT,1,2015-12-01 14:13:10,ACTIVO
1006358,5229,3,Jr. San Martín 6530,BT,4,2002-01-15 11:02:55,SUSPENDIDO
1006359,5230,3,Jr. La Molina 9229,BT,1,2013-08-29 21:33:41,ACTIVO
1006360,5230,3,Jr. Universitaria 5489,BT,6,2013-07-16 20:53:30,ACTIVO
1006361,5231,9,Pasaje La Molina 8777,BT,4,2016-10-14 16:51:37,ACTIVO
1006362,5232,26,Av. El Sol 924,BT,8,2006-12-12 15:03:18,ACTIVO
1006363,5233,15,Jr. Grau 6602,BT,7,2000-06-13 14:51:39,ACTIVO
1006364,5233,15,Pasaje El Sol 4068,BT,8,2024-12-30 00:00:00,ACTIVO
1006365,5234,38,Pasaje Venezuela 2398,BT,1,2007-08-18 23:26:01,SUSPENDIDO
1006366,5235,5,Calle San Martín 5242,BT,7,2017-03-25 19:48:23,ACTIVO
1006367,5236,35,Pasaje La Molina 5864,BT,7,2024-06-22 00:00:00,ACTIVO
1006368,5237,39,Av. Grau 1048,BT,8,2007-02-04 22:00:38,ACTIVO
1006369,5237,39,Pasaje La Molina 1190,BT,6,2011-12-29 22:04:50,ACTIVO
1006370,5238,10,Jr. Panamericana 5276,BT,2,2014-06-19 12:39:21,ACTIVO
1006371,5239,8,Psje. Universitaria 191,BT,6,2012-04-29 09:44:27,ACTIVO
1006372,5239,8,Psje. El Sol 1451,BT,2,2005-06-10 16:19:54,ACTIVO
1006373,5240,9,Pasaje Los Pinos 1130,BT,2,2012-06-02 05:21:19,ACTIVO
1006374,5241,6,Av. Grau 1019,BT,3,2006-12-21 16:34:04,ACTIVO
1006375,5241,6,Av. Los Pinos 4192,BT,8,2003-04-16 07:57:24,ACTIVO
1006376,5242,29,Psje. Venezuela 5948,BT,3,2011-06-12 15:53:25,ACTIVO
1006377,5243,39,Av. La Molina 6000,BT,8,2009-08-18 05:53:27,ACTIVO
1006378,5244,39,Pasaje Universitaria 3719,BT,6,2013-10-30 12:02:36,ACTIVO
1006379,5245,7,Pasaje Venezuela 978,MT,1,2008-03-26 22:08:42,ACTIVO
1006380,5246,26,Jr. La Molina 8090,BT,7,2016-02-04 13:49:44,ACTIVO
1006381,5247,39,Psje. La Molina 5134,BT,2,2007-09-09 02:10:54,ACTIVO
1006382,5248,15,Pasaje El Sol 9074,BT,3,2009-11-22 14:06:51,ACTIVO
1006383,5249,5,Jr. Progreso 2437,BT,5,2014-11-14 16:16:48,ACTIVO
1006384,5250,7,Calle El Sol 1796,BT,3,2018-06-17 22:40:36,ACTIVO
1006385,5251,19,Psje. Los Pinos 9903,BT,3,2019-12-20 02:36:19,ACTIVO
1006386,5252,18,Jr. Universitaria 6894,BT,7,2018-07-18 18:16:06,ACTIVO
1006387,5253,30,Av. La Molina 2645,BT,4,2001-12-02 01:09:51,ACTIVO
1006388,5253,30,Psje. San Martín 3454,BT,4,2019-11-02 03:54:58,ACTIVO
1006389,5254,28,Psje. Bolívar 8230,BT,6,2012-09-13 02:38:19,ACTIVO
1006390,5254,28,Pasaje Grau 108,BT,5,2008-10-20 17:07:48,ACTIVO
1006391,5255,26,Calle La Molina 2339,BT,2,2010-09-07 00:36:04,ACTIVO
1006392,5255,26,Jr. El Sol 698,BT,4,2008-11-04 09:01:04,ACTIVO
1006393,5255,26,Pasaje Grau 5545,BT,7,2004-05-24 04:15:23,ACTIVO
1006394,5256,17,Jr. La Molina 4118,BT,8,2015-06-09 08:07:02,ACTIVO
1006395,5256,17,Calle Progreso 8108,BT,4,2014-03-14 12:02:24,ACTIVO
1006396,5257,4,Jr. San Martín 1946,BT,5,2007-10-31 21:16:17,ACTIVO
1006397,5258,37,Calle El Sol 5772,BT,7,2006-10-31 06:51:49,ACTIVO
1006398,5259,23,Av. Venezuela 7032,BT,8,2006-07-07 05:43:17,ACTIVO
1006399,5260,28,Av. Venezuela 4884,BT,8,2014-01-14 22:48:20,ACTIVO
1006400,5260,28,Psje. Grau 164,BT,1,2015-01-03 05:38:37,ACTIVO
1006401,5261,38,Psje. La Molina 2607,BT,2,2011-10-29 16:16:29,ACTIVO
1006402,5262,30,Jr. La Molina 8526,BT,1,2015-12-08 23:23:34,ACTIVO
1006403,5263,7,Pasaje Universitaria 8504,MT,7,2002-07-19 22:05:09,INACTIVO
1006404,5264,30,Av. El Sol 8130,BT,4,2017-07-22 04:21:20,ACTIVO
1006405,5265,43,Psje. Venezuela 6801,BT,3,2024-10-31 00:00:00,ACTIVO
1006406,5266,33,Av. Grau 3578,BT,8,2000-11-03 16:27:15,INACTIVO
1006407,5266,33,Psje. La Molina 2626,BT,6,2016-04-15 04:54:31,ACTIVO
1006408,5267,23,Psje. Panamericana 1438,BT,5,2018-02-18 13:09:48,ACTIVO
1006409,5268,15,Psje. Venezuela 8911,BT,4,2002-07-21 22:06:21,ACTIVO
1006410,5269,28,Pasaje Bolívar 470,BT,8,2008-05-18 18:49:50,ACTIVO
1006411,5270,39,Pasaje Bolívar 802,BT,5,2014-09-26 23:48:20,ACTIVO
1006412,5271,5,Calle Universitaria 7029,BT,8,2014-07-21 03:54:01,ACTIVO
1006413,5272,9,Pasaje El Sol 270,BT,6,2011-02-25 08:47:48,ACTIVO
1006414,5273,41,Calle Progreso 5655,BT,1,2010-08-06 18:45:46,ACTIVO
1006415,5274,38,Psje. Panamericana 5383,BT,6,2016-04-11 07:19:59,ACTIVO
1006416,5275,28,Calle Panamericana 7755,BT,7,2007-03-15 10:32:11,ACTIVO
1006417,5275,28,Calle Universitaria 7978,BT,5,2009-04-11 15:45:25,ACTIVO
1006418,5275,28,Av. Progreso 5389,BT,5,2009-04-26 08:44:29,ACTIVO
1006419,5276,43,Calle Panamericana 6831,BT,4,2017-01-30 06:10:57,ACTIVO
1006420,5277,35,Jr. Panamericana 391,MT,6,2015-09-30 20:09:33,ACTIVO
1006421,5277,35,Calle San Martín 685,BT,5,2005-05-02 17:09:31,ACTIVO
1006422,5278,39,Calle La Molina 7772,BT,6,2009-09-17 00:01:50,ACTIVO
1006423,5279,23,Psje. Panamericana 297,BT,6,2012-04-10 07:27:22,ACTIVO
1006424,5280,28,Calle San Martín 4026,BT,8,2000-12-24 14:31:17,ACTIVO
1006425,5280,28,Av. Venezuela 5249,BT,2,2008-08-30 15:11:48,ACTIVO
1006426,5281,15,Pasaje Bolívar 7222,BT,1,2007-03-07 13:59:11,ACTIVO
1006427,5281,15,Calle San Martín 6719,BT,4,2019-08-05 12:48:01,ACTIVO
1006428,5282,7,Jr. El Sol 3990,BT,1,2017-01-12 01:17:33,ACTIVO
1006429,5283,9,Psje. Panamericana 3461,BT,4,2003-08-30 21:43:09,ACTIVO
1006430,5284,21,Jr. San Martín 3778,BT,6,2000-05-13 15:24:04,ACTIVO
1006431,5284,21,Calle Los Pinos 3312,BT,4,2009-01-16 13:52:23,ACTIVO
1006432,5285,15,Pasaje Venezuela 5495,BT,1,2007-03-17 06:07:00,ACTIVO
1006433,5286,28,Jr. Bolívar 2587,BT,3,2014-11-11 22:43:46,ACTIVO
1006434,5286,28,Av. San Martín 7257,BT,7,2009-01-16 05:49:01,ACTIVO
1006435,5287,9,Av. Grau 7211,BT,5,2007-07-09 20:20:24,ACTIVO
1006436,5287,9,Pasaje El Sol 4395,BT,6,2004-12-28 07:43:43,ACTIVO
1006437,5288,13,Av. Universitaria 8666,BT,8,2002-05-25 23:02:06,ACTIVO
1006438,5289,37,Calle Universitaria 8408,BT,8,2013-10-16 05:17:46,ACTIVO
1006439,5290,3,Psje. San Martín 149,BT,5,2002-06-30 02:59:33,ACTIVO
1006440,5290,3,Jr. Bolívar 5440,BT,1,2018-12-09 21:56:30,ACTIVO
1006441,5291,3,Calle Panamericana 2494,BT,7,2010-05-12 13:00:57,ACTIVO
1006442,5292,15,Jr. Universitaria 7877,BT,4,2003-08-01 01:12:18,ACTIVO
1006443,5292,15,Pasaje San Martín 4920,BT,5,2008-05-30 18:19:55,ACTIVO
1006444,5293,38,Psje. Bolívar 6520,BT,7,2009-08-07 01:44:44,ACTIVO
1006445,5294,6,Psje. Grau 1622,BT,7,2010-08-10 16:45:30,ACTIVO
1006446,5294,6,Jr. Bolívar 743,BT,6,2007-04-12 21:02:30,ACTIVO
1006447,5295,15,Pasaje Universitaria 161,BT,6,2015-01-05 04:33:30,ACTIVO
1006448,5296,41,Calle La Molina 4187,BT,7,2019-11-12 19:54:31,ACTIVO
1006449,5297,15,Av. Progreso 8269,MT,5,2004-05-12 23:37:38,ACTIVO
1006450,5297,15,Psje. Universitaria 500,BT,6,2003-07-11 11:46:31,ACTIVO
1006451,5298,8,Pasaje Grau 6960,BT,8,2002-05-16 14:58:09,ACTIVO
1006452,5299,26,Jr. La Molina 731,BT,6,2000-04-12 05:24:54,ACTIVO
1006453,5300,3,Pasaje La Molina 3783,BT,8,2017-05-02 15:38:53,ACTIVO
1006454,5301,39,Pasaje Universitaria 610,BT,7,2003-09-20 06:12:57,ACTIVO
1006455,5302,25,Psje. Progreso 1300,BT,6,2010-09-25 17:25:50,ACTIVO
1006456,5303,29,Jr. Grau 7665,BT,7,2004-03-22 11:51:18,ACTIVO
1006457,5304,18,Pasaje Universitaria 7221,BT,3,2020-08-01 21:21:31,ACTIVO
1006458,5305,15,Pasaje La Molina 5125,BT,2,2013-07-11 19:10:54,ACTIVO
1006459,5305,15,Psje. Venezuela 7692,MT,3,2018-08-03 08:17:13,ACTIVO
1006460,5306,31,Psje. Bolívar 194,BT,3,2014-12-12 20:01:26,ACTIVO
1006461,5307,30,Pasaje Los Pinos 8566,BT,5,2006-02-02 03:53:03,SUSPENDIDO
1006462,5308,40,Av. El Sol 2043,BT,3,2015-02-12 05:30:04,ACTIVO
1006463,5309,15,Jr. Universitaria 452,MT,8,2015-11-18 02:11:19,ACTIVO
1006464,5310,3,Av. Bolívar 9576,BT,5,2020-12-07 13:49:22,ACTIVO
1006465,5310,3,Av. La Molina 9212,BT,2,2020-01-21 02:39:51,ACTIVO
1006466,5311,15,Av. San Martín 4931,BT,8,2010-08-24 23:18:45,ACTIVO
1006467,5312,29,Pasaje Universitaria 121,BT,7,2010-10-05 07:25:30,ACTIVO
1006468,5313,30,Psje. Los Pinos 2042,BT,6,2002-11-29 02:35:59,ACTIVO
1006469,5313,30,Calle Progreso 5935,MT,5,2016-03-02 09:13:09,ACTIVO
1006470,5313,30,Calle Los Pinos 1045,BT,1,2014-08-04 08:34:27,ACTIVO
1006471,5314,5,Psje. Los Pinos 135,BT,2,2020-07-25 19:46:24,ACTIVO
1006472,5314,5,Psje. Grau 9948,MT,8,2016-08-31 17:36:10,ACTIVO
1006473,5314,5,Calle Universitaria 9540,BT,4,2010-09-23 01:37:12,ACTIVO
1006474,5315,28,Jr. Venezuela 6669,BT,8,2018-04-27 12:08:29,ACTIVO
1006475,5316,43,Calle Los Pinos 5698,BT,1,2019-12-31 15:45:05,INACTIVO
1006476,5317,24,Jr. San Martín 1151,BT,6,2022-12-21 00:00:00,ACTIVO
1006477,5317,24,Pasaje Bolívar 3955,BT,7,2010-02-22 12:35:21,ACTIVO
1006478,5317,24,Jr. Grau 8356,MT,3,2017-09-26 07:13:25,SUSPENDIDO
1006479,5318,4,Av. La Molina 2270,BT,3,2010-02-10 03:31:02,ACTIVO
1006480,5319,13,Jr. La Molina 7636,MT,5,2020-06-19 18:27:08,ACTIVO
1006481,5320,4,Calle La Molina 7495,BT,5,2009-10-09 15:46:28,ACTIVO
1006482,5320,4,Calle Bolívar 1025,BT,4,2016-01-06 09:07:16,ACTIVO
1006483,5321,3,Jr. Universitaria 2867,BT,7,2000-05-09 17:35:20,ACTIVO
1006484,5322,11,Av. Universitaria 5962,MT,8,2013-06-03 17:54:31,ACTIVO
1006485,5322,11,Av. Progreso 3741,BT,1,2020-07-08 02:58:39,ACTIVO
1006486,5323,26,Calle Universitaria 9422,BT,3,2002-04-16 03:03:43,ACTIVO
1006487,5323,26,Calle La Molina 3530,BT,8,2012-10-02 10:31:23,ACTIVO
1006488,5324,22,Av. Grau 845,BT,7,2011-11-26 08:58:02,ACTIVO
1006489,5325,9,Calle Bolívar 1610,BT,1,2014-05-20 21:33:35,ACTIVO
1006490,5326,15,Av. Grau 8587,BT,1,2005-03-16 06:11:23,ACTIVO
1006491,5326,15,Calle Progreso 9833,BT,7,2009-01-17 01:04:36,ACTIVO
1006492,5327,4,Pasaje Progreso 2054,BT,6,2003-12-06 13:00:55,ACTIVO
1006493,5328,26,Jr. Venezuela 6403,BT,6,2003-01-24 04:15:07,ACTIVO
1006494,5329,38,Av. San Martín 4051,BT,6,2013-05-12 13:59:44,ACTIVO
1006495,5330,32,Pasaje San Martín 9509,BT,3,2015-07-23 18:21:52,ACTIVO
1006496,5331,21,Pasaje El Sol 2176,BT,2,2012-08-09 17:23:00,ACTIVO
1006497,5332,19,Av. San Martín 9082,BT,1,2020-07-14 19:24:21,ACTIVO
1006498,5333,43,Av. Venezuela 1077,BT,7,2013-01-04 07:36:10,ACTIVO
1006499,5334,7,Pasaje La Molina 3997,BT,2,2005-10-31 17:26:59,ACTIVO
1006500,5334,7,Av. Venezuela 5892,BT,5,2010-10-08 02:14:58,ACTIVO
1006501,5335,13,Psje. La Molina 2706,BT,8,2010-10-31 05:28:36,ACTIVO
1006502,5336,27,Jr. El Sol 1653,BT,3,2015-06-22 04:07:42,ACTIVO
1006503,5337,39,Pasaje Progreso 7413,BT,6,2016-06-19 05:21:08,ACTIVO
1006504,5338,3,Pasaje Panamericana 7245,BT,5,2017-09-03 17:05:40,ACTIVO
1006505,5339,38,Psje. El Sol 7702,BT,1,2000-05-23 08:37:58,ACTIVO
1006506,5340,9,Av. San Martín 7409,BT,7,2017-02-07 21:10:10,ACTIVO
1006507,5340,9,Av. Grau 5272,BT,5,2018-08-12 03:16:51,ACTIVO
1006508,5341,10,Av. San Martín 8601,BT,3,2006-10-07 14:52:18,ACTIVO
1006509,5342,7,Av. Grau 8798,BT,5,2008-05-02 13:56:59,ACTIVO
1006510,5343,30,Pasaje Panamericana 9616,BT,2,2019-06-19 19:14:17,ACTIVO
1006511,5344,34,Pasaje El Sol 9581,BT,6,2015-01-25 16:01:12,ACTIVO
1006512,5345,40,Pasaje Universitaria 5888,BT,2,2014-03-11 02:48:27,ACTIVO
1006513,5346,9,Jr. Universitaria 7252,BT,8,2012-03-25 15:41:53,ACTIVO
1006514,5347,5,Jr. Los Pinos 980,BT,4,2004-09-18 14:48:58,ACTIVO
1006515,5348,9,Psje. Panamericana 4745,BT,6,2005-02-18 12:18:32,ACTIVO
1006516,5348,9,Jr. Panamericana 9915,BT,4,2006-07-27 08:44:22,ACTIVO
1006517,5349,13,Pasaje Venezuela 3810,BT,8,2000-07-11 01:17:38,ACTIVO
1006518,5350,8,Jr. San Martín 335,BT,1,2019-03-22 11:42:52,ACTIVO
1006519,5350,8,Jr. Panamericana 3539,BT,6,2000-07-14 02:32:49,SUSPENDIDO
1006520,5351,38,Av. La Molina 8761,BT,1,2001-07-15 23:38:13,ACTIVO
1006521,5352,7,Jr. Grau 2086,BT,8,2012-07-25 00:06:17,ACTIVO
1006522,5353,7,Av. San Martín 1236,BT,6,2008-05-22 23:04:51,ACTIVO
1006523,5354,43,Calle Progreso 5183,MT,8,2006-01-23 21:02:42,ACTIVO
1006524,5355,24,Psje. San Martín 1003,BT,2,2009-08-04 07:40:13,ACTIVO
1006525,5356,40,Calle Bolívar 4753,BT,6,2002-10-20 12:12:50,ACTIVO
1006526,5357,26,Av. Los Pinos 7241,BT,4,2006-10-15 03:33:36,ACTIVO
1006527,5358,14,Pasaje Bolívar 3772,BT,6,2000-06-20 17:52:37,ACTIVO
1006528,5359,29,Jr. Universitaria 7023,BT,6,2006-03-25 23:51:08,ACTIVO
1006529,5360,9,Jr. El Sol 6077,BT,8,2001-08-09 17:53:51,ACTIVO
1006530,5361,33,Psje. El Sol 1875,BT,4,2016-10-03 09:41:55,ACTIVO
1006531,5362,9,Pasaje El Sol 3516,BT,7,2003-07-11 09:01:20,ACTIVO
1006532,5363,27,Psje. Progreso 1882,BT,3,2004-04-21 01:29:15,ACTIVO
1006533,5364,15,Pasaje Venezuela 2652,BT,2,2003-09-06 02:16:53,ACTIVO
1006534,5364,15,Pasaje Panamericana 1497,BT,7,2000-07-21 02:37:12,ACTIVO
1006535,5365,1,Pasaje San Martín 8630,BT,5,2003-07-07 09:56:41,ACTIVO
1006536,5366,19,Calle San Martín 6914,BT,7,2003-11-16 23:26:38,ACTIVO
1006537,5367,26,Av. Los Pinos 8765,BT,7,2010-03-13 05:20:11,ACTIVO
1006538,5368,3,Calle Bolívar 547,BT,7,2010-12-04 22:44:05,ACTIVO
1006539,5369,15,Pasaje Venezuela 2782,BT,1,2002-12-29 21:19:50,ACTIVO
1006540,5370,40,Calle Universitaria 2317,BT,4,2002-09-12 00:27:04,ACTIVO
1006541,5371,18,Psje. Progreso 3794,BT,4,2013-11-05 08:53:16,ACTIVO
1006542,5372,43,Calle El Sol 8616,BT,7,2006-10-23 15:12:59,ACTIVO
1006543,5373,20,Pasaje Bolívar 4943,BT,7,2003-02-22 20:59:04,ACTIVO
1006544,5374,43,Calle Grau 9089,BT,2,2008-07-18 05:11:39,ACTIVO
1006545,5375,26,Psje. Grau 2811,BT,5,2005-05-07 00:45:25,ACTIVO
1006546,5375,26,Calle La Molina 2619,BT,1,2020-12-28 04:01:08,ACTIVO
1006547,5376,43,Av. Los Pinos 8971,BT,2,2002-10-14 03:52:53,ACTIVO
1006548,5377,15,Psje. Grau 9314,BT,5,2023-01-15 00:00:00,ACTIVO
1006549,5378,35,Pasaje Bolívar 9087,BT,6,2004-07-11 09:20:33,ACTIVO
1006550,5379,26,Pasaje Progreso 266,BT,6,2011-07-06 20:46:15,ACTIVO
1006551,5380,40,Av. Bolívar 8795,BT,7,2007-11-24 16:57:49,ACTIVO
1006552,5380,40,Calle Progreso 5919,BT,4,2024-08-18 00:00:00,ACTIVO
1006553,5381,3,Calle Universitaria 9009,BT,6,2015-12-08 16:40:29,ACTIVO
1006554,5382,15,Jr. Progreso 6935,BT,2,2012-11-26 06:41:36,ACTIVO
1006555,5383,7,Av. La Molina 7334,BT,4,2020-11-02 13:03:48,ACTIVO
1006556,5383,7,Pasaje Progreso 3988,BT,5,2014-02-01 12:59:56,INACTIVO
1006557,5384,15,Jr. Los Pinos 7624,BT,7,2002-08-24 10:17:14,ACTIVO
1006558,5385,9,Calle Grau 6252,BT,6,2020-11-13 19:36:07,ACTIVO
1006559,5386,22,Pasaje Progreso 2961,BT,7,2001-07-08 18:00:24,ACTIVO
1006560,5387,40,Calle Los Pinos 7291,BT,1,2015-07-30 17:01:23,ACTIVO
1006561,5388,3,Pasaje Grau 4288,BT,1,2017-07-02 19:03:59,ACTIVO
1006562,5389,29,Jr. Panamericana 7594,BT,3,2007-11-13 00:53:25,ACTIVO
1006563,5389,29,Av. Bolívar 5183,BT,2,2019-04-17 06:15:32,ACTIVO
1006564,5390,29,Pasaje Venezuela 5323,BT,5,2002-12-24 10:13:42,ACTIVO
1006565,5391,4,Pasaje Panamericana 684,BT,2,2005-06-27 06:10:43,ACTIVO
1006566,5392,3,Psje. Grau 3678,BT,6,2011-05-14 12:16:30,ACTIVO
1006567,5392,3,Av. Venezuela 1281,BT,7,2015-02-26 07:29:56,ACTIVO
1006568,5393,19,Psje. Venezuela 4278,BT,1,2017-01-10 12:26:48,SUSPENDIDO
1006569,5394,9,Pasaje San Martín 9810,BT,1,2003-08-30 21:04:51,ACTIVO
1006570,5395,29,Pasaje Bolívar 2740,BT,2,2006-06-10 04:19:49,ACTIVO
1006571,5395,29,Pasaje Grau 8981,BT,7,2017-01-29 18:47:10,ACTIVO
1006572,5396,15,Calle El Sol 7511,BT,7,2003-03-30 08:33:23,ACTIVO
1006573,5397,8,Calle Universitaria 313,BT,8,2003-08-18 14:09:26,ACTIVO
1006574,5398,30,Jr. Los Pinos 2605,BT,1,2009-07-24 12:34:58,ACTIVO
1006575,5399,29,Psje. El Sol 6288,BT,2,2017-02-05 19:05:56,ACTIVO
1006576,5400,16,Av. Panamericana 4513,BT,4,2002-11-18 16:59:34,ACTIVO
1006577,5401,3,Psje. Venezuela 7763,BT,8,2024-07-27 00:00:00,ACTIVO
1006578,5402,38,Calle Progreso 667,MT,7,2007-07-18 23:39:45,ACTIVO
1006579,5403,19,Psje. Los Pinos 8487,BT,6,2015-12-19 23:46:10,ACTIVO
1006580,5404,30,Psje. La Molina 4894,BT,2,2008-01-09 07:12:47,ACTIVO
1006581,5405,35,Calle Venezuela 4623,BT,5,2001-10-15 09:19:37,ACTIVO
1006582,5405,35,Calle El Sol 1013,BT,8,2013-07-02 19:36:10,ACTIVO
1006583,5406,29,Jr. Panamericana 1004,BT,5,2014-04-29 01:16:17,ACTIVO
1006584,5407,42,Calle Venezuela 9537,BT,2,2007-08-23 19:15:30,ACTIVO
1006585,5407,42,Pasaje Grau 7087,BT,8,2020-06-26 15:08:21,ACTIVO
1006586,5408,15,Psje. Panamericana 5065,BT,2,2015-09-09 04:03:33,ACTIVO
1006587,5409,3,Av. San Martín 9234,BT,6,2001-03-20 21:37:10,ACTIVO
1006588,5410,38,Psje. San Martín 2233,BT,8,2019-05-10 09:02:24,ACTIVO
1006589,5411,21,Calle La Molina 8858,BT,5,2014-07-31 21:38:06,ACTIVO
1006590,5412,15,Av. Bolívar 2787,BT,1,2002-03-21 10:14:19,ACTIVO
1006591,5412,15,Av. Bolívar 7172,BT,6,2022-02-13 00:00:00,ACTIVO
1006592,5413,19,Jr. El Sol 5336,BT,4,2010-12-31 15:23:16,ACTIVO
1006593,5414,38,Jr. Venezuela 6681,BT,3,2009-03-20 15:48:37,ACTIVO
1006594,5415,5,Jr. La Molina 4715,BT,5,2004-07-10 18:28:18,ACTIVO
1006595,5416,7,Jr. El Sol 5042,BT,5,2013-09-19 04:53:32,ACTIVO
1006596,5417,43,Psje. Progreso 5851,BT,5,2020-01-25 13:42:04,ACTIVO
1006597,5417,43,Calle El Sol 757,BT,3,2004-03-06 06:18:04,ACTIVO
1006598,5418,15,Jr. La Molina 6048,BT,8,2020-07-30 05:28:26,ACTIVO
1006599,5418,15,Calle Bolívar 3370,BT,4,2010-03-10 18:25:43,ACTIVO
1006600,5418,15,Jr. San Martín 7877,BT,8,2017-10-14 08:55:22,ACTIVO
1006601,5419,19,Calle Grau 9936,BT,8,2007-03-16 01:59:22,ACTIVO
1006602,5420,9,Av. Panamericana 1763,BT,5,2014-11-16 20:00:36,ACTIVO
1006603,5421,13,Calle San Martín 8053,BT,8,2018-02-27 19:07:13,ACTIVO
1006604,5422,41,Pasaje Universitaria 7673,BT,5,2015-05-30 00:26:53,ACTIVO
1006605,5423,9,Psje. Progreso 7825,BT,7,2006-11-16 04:07:22,ACTIVO
1006606,5424,30,Calle Venezuela 624,BT,3,2014-10-21 23:55:07,ACTIVO
1006607,5425,29,Jr. Progreso 1301,BT,8,2006-12-19 05:01:36,ACTIVO
1006608,5426,30,Psje. Progreso 3926,BT,5,2019-08-24 15:28:44,ACTIVO
1006609,5427,5,Pasaje Panamericana 9259,MT,2,2003-04-25 07:32:59,ACTIVO
1006610,5427,5,Pasaje Universitaria 3116,BT,6,2006-10-12 18:43:52,ACTIVO
1006611,5428,3,Psje. Grau 8580,BT,5,2003-05-01 15:08:06,ACTIVO
1006612,5429,9,Av. Universitaria 7559,BT,3,2011-05-03 20:10:38,ACTIVO
1006613,5430,5,Psje. Bolívar 1190,BT,1,2008-02-14 07:34:13,ACTIVO
1006614,5431,30,Pasaje Los Pinos 2386,BT,8,2001-08-09 15:48:16,SUSPENDIDO
1006615,5432,40,Psje. Panamericana 3539,BT,4,2002-09-07 03:01:35,ACTIVO
1006616,5433,40,Pasaje La Molina 2757,BT,2,2015-09-15 02:55:48,ACTIVO
1006617,5434,15,Pasaje Progreso 183,BT,2,2003-12-02 12:44:10,ACTIVO
1006618,5434,15,Psje. Los Pinos 2988,BT,7,2017-12-23 00:31:35,ACTIVO
1006619,5435,43,Psje. Universitaria 591,BT,8,2016-05-22 20:48:20,ACTIVO
1006620,5436,28,Jr. Universitaria 5319,BT,3,2017-03-22 20:51:20,ACTIVO
1006621,5436,28,Jr. Bolívar 4465,MT,2,2010-12-01 08:07:22,ACTIVO
1006622,5437,27,Calle Los Pinos 2440,BT,3,2019-08-27 00:00:00,ACTIVO
1006623,5438,40,Av. El Sol 484,BT,3,2003-01-30 07:22:21,ACTIVO
1006624,5439,5,Jr. San Martín 2049,BT,8,2002-12-17 17:37:39,ACTIVO
1006625,5439,5,Pasaje Los Pinos 1423,MT,6,2017-04-20 09:36:28,ACTIVO
1006626,5439,5,Av. Grau 4662,BT,4,2002-12-13 17:22:25,ACTIVO
1006627,5440,41,Jr. Panamericana 2178,BT,5,2003-05-05 12:10:02,ACTIVO
1006628,5440,41,Psje. Venezuela 4644,BT,1,2009-05-26 08:58:08,ACTIVO
1006629,5440,41,Av. Venezuela 938,BT,2,2012-10-21 01:33:08,ACTIVO
1006630,5441,19,Jr. La Molina 3759,BT,3,2014-06-15 12:14:07,ACTIVO
1006631,5442,27,Calle Universitaria 3417,BT,3,2018-04-14 22:56:06,ACTIVO
1006632,5443,15,Pasaje Venezuela 4831,BT,4,2018-10-08 18:59:19,ACTIVO
1006633,5443,15,Jr. San Martín 2896,BT,8,2011-01-18 04:34:49,ACTIVO
1006634,5443,15,Av. San Martín 7603,BT,7,2018-08-23 07:12:28,INACTIVO
1006635,5444,15,Av. El Sol 3211,BT,3,2000-10-23 18:41:57,ACTIVO
1006636,5444,15,Pasaje Bolívar 1421,BT,7,2018-05-23 16:00:21,ACTIVO
1006637,5445,10,Calle La Molina 1569,BT,1,2012-05-16 16:53:12,ACTIVO
1006638,5446,7,Calle Panamericana 4372,BT,6,2004-01-07 11:53:13,ACTIVO
1006639,5446,7,Psje. La Molina 9374,BT,7,2001-08-26 06:06:37,ACTIVO
1006640,5447,30,Calle Progreso 4429,BT,2,2004-05-26 04:55:52,ACTIVO
1006641,5447,30,Av. Universitaria 5442,BT,1,2020-05-14 15:36:26,ACTIVO
1006642,5447,30,Jr. Panamericana 4288,BT,1,2013-11-27 04:35:11,ACTIVO
1006643,5448,3,Pasaje Progreso 8349,BT,8,2014-12-24 08:25:51,INACTIVO
1006644,5448,3,Psje. Panamericana 3994,BT,5,2017-02-01 13:57:32,ACTIVO
1006645,5449,7,Pasaje San Martín 3486,MT,2,2006-06-30 12:19:58,ACTIVO
1006646,5450,28,Jr. Universitaria 5845,BT,3,2011-02-08 02:40:53,ACTIVO
1006647,5451,21,Psje. El Sol 5972,BT,7,2013-05-18 01:49:17,ACTIVO
1006648,5451,21,Jr. Venezuela 7432,BT,8,2012-01-15 08:52:36,SUSPENDIDO
1006649,5452,28,Calle Venezuela 9848,BT,2,2010-08-28 06:10:15,ACTIVO
1006650,5453,19,Pasaje San Martín 745,BT,3,2019-04-24 15:23:11,ACTIVO
1006651,5454,40,Av. San Martín 4799,BT,8,2004-10-24 07:08:26,ACTIVO
1006652,5455,5,Jr. Panamericana 8569,BT,2,2016-10-04 01:17:08,ACTIVO
1006653,5456,15,Calle Progreso 2144,BT,6,2024-03-11 00:00:00,ACTIVO
1006654,5457,13,Av. Venezuela 4855,BT,3,2013-05-09 11:25:02,ACTIVO
1006655,5458,30,Calle La Molina 8320,BT,5,2019-10-28 03:47:14,ACTIVO
1006656,5459,29,Pasaje Los Pinos 338,BT,1,2018-04-26 02:19:59,ACTIVO
1006657,5460,3,Pasaje San Martín 6374,BT,4,2000-04-22 15:42:02,ACTIVO
1006658,5461,9,Pasaje Bolívar 7251,BT,2,2019-08-01 07:10:32,ACTIVO
1006659,5462,28,Av. El Sol 9583,BT,3,2009-10-28 13:56:26,ACTIVO
1006660,5463,43,Psje. Universitaria 701,BT,5,2017-02-26 01:07:03,SUSPENDIDO
1006661,5463,43,Psje. Los Pinos 1084,MT,7,2012-12-11 22:33:26,ACTIVO
1006662,5464,38,Calle Panamericana 1164,BT,7,2019-12-25 02:20:42,ACTIVO
1006663,5465,30,Calle Los Pinos 6591,BT,1,2020-12-24 06:57:41,ACTIVO
1006664,5466,15,Jr. Grau 1261,BT,3,2009-03-28 03:36:54,ACTIVO
1006665,5467,9,Psje. Los Pinos 265,BT,1,2004-04-20 09:49:29,ACTIVO
1006666,5467,9,Av. Progreso 4721,BT,6,2006-07-04 17:53:37,ACTIVO
1006667,5468,7,Pasaje Los Pinos 7134,BT,1,2012-04-06 18:43:33,ACTIVO
1006668,5469,30,Pasaje Bolívar 3040,BT,3,2005-11-08 01:13:01,ACTIVO
1006669,5470,9,Psje. Universitaria 4499,BT,1,2012-11-26 06:21:17,ACTIVO
1006670,5471,24,Pasaje Los Pinos 3792,MT,6,2014-02-19 05:31:12,ACTIVO
1006671,5472,15,Psje. Bolívar 581,BT,2,2003-12-28 13:39:46,ACTIVO
1006672,5473,9,Jr. Universitaria 4437,BT,8,2013-07-22 09:49:11,ACTIVO
1006673,5474,3,Psje. Grau 8560,BT,5,2004-02-01 19:39:55,ACTIVO
1006674,5475,43,Calle San Martín 8572,BT,2,2002-01-15 10:18:33,ACTIVO
1006675,5476,27,Av. Universitaria 7299,BT,6,2016-12-06 08:32:25,ACTIVO
1006676,5476,27,Jr. Los Pinos 7209,BT,8,2014-10-17 14:01:33,ACTIVO
1006677,5477,15,Jr. Grau 5684,BT,8,2015-02-06 13:11:44,ACTIVO
1006678,5478,37,Jr. Progreso 8443,BT,1,2022-06-01 00:00:00,ACTIVO
1006679,5479,28,Pasaje Universitaria 9702,BT,7,2003-02-21 15:00:09,ACTIVO
1006680,5480,39,Psje. Bolívar 839,MT,4,2012-04-14 02:25:14,ACTIVO
1006681,5481,25,Calle San Martín 9791,BT,3,2004-11-25 22:58:03,ACTIVO
1006682,5482,11,Calle El Sol 5467,BT,4,2009-10-20 12:35:39,ACTIVO
1006683,5483,40,Av. San Martín 3094,BT,3,2002-12-16 04:27:13,ACTIVO
1006684,5484,7,Pasaje Panamericana 4885,BT,6,2018-05-06 19:13:09,ACTIVO
1006685,5485,31,Calle San Martín 9490,BT,7,2012-11-10 07:28:10,INACTIVO
1006686,5485,31,Pasaje Grau 5900,BT,6,2014-03-12 08:40:56,ACTIVO
1006687,5486,26,Av. San Martín 9911,BT,2,2001-12-13 06:20:07,ACTIVO
1006688,5487,6,Calle Panamericana 4992,BT,1,2004-12-01 03:13:30,ACTIVO
1006689,5488,33,Psje. La Molina 1930,BT,1,2006-11-03 01:38:50,ACTIVO
1006690,5489,29,Calle El Sol 7334,BT,1,2015-10-13 09:58:18,ACTIVO
1006691,5490,29,Jr. San Martín 316,BT,3,2000-05-30 23:45:22,ACTIVO
1006692,5490,29,Psje. Panamericana 4098,BT,7,2014-05-18 03:31:56,ACTIVO
1006693,5491,39,Psje. Venezuela 4285,BT,8,2019-12-16 01:47:43,ACTIVO
1006694,5492,9,Jr. Panamericana 6149,BT,3,2020-01-23 20:53:55,ACTIVO
1006695,5492,9,Calle Los Pinos 1663,BT,7,2006-10-03 06:12:46,ACTIVO
1006696,5493,36,Av. Grau 2332,BT,8,2006-09-29 23:53:09,ACTIVO
1006697,5494,7,Jr. San Martín 700,BT,2,2009-08-27 04:09:47,ACTIVO
1006698,5495,3,Jr. Venezuela 864,MT,6,2012-03-26 17:44:09,ACTIVO
1006699,5495,3,Pasaje Bolívar 5797,BT,3,2010-09-17 06:41:07,ACTIVO
1006700,5496,15,Psje. San Martín 1450,BT,7,2005-06-13 19:56:23,ACTIVO
1006701,5497,28,Pasaje Universitaria 5307,BT,2,2000-05-11 05:33:58,ACTIVO
1006702,5498,38,Av. Venezuela 2040,BT,6,2016-06-01 23:50:56,ACTIVO
1006703,5499,20,Calle Venezuela 3644,BT,6,2017-02-08 07:29:08,ACTIVO
1006704,5500,39,Calle Panamericana 1069,BT,3,2017-11-25 09:42:13,ACTIVO
1006705,5500,39,Pasaje Venezuela 6493,BT,2,2003-12-02 19:10:45,ACTIVO
1006706,5500,39,Calle El Sol 5046,BT,2,2015-03-03 06:50:30,ACTIVO
1006707,5501,3,Psje. Universitaria 4701,BT,3,2000-12-27 07:47:15,ACTIVO
1006708,5502,26,Psje. Los Pinos 5502,BT,5,2011-05-09 07:40:34,ACTIVO
1006709,5502,26,Jr. Progreso 8337,BT,1,2006-01-08 01:53:08,ACTIVO
1006710,5503,9,Psje. El Sol 1885,BT,5,2008-08-07 16:49:07,ACTIVO
1006711,5504,15,Pasaje Venezuela 8892,BT,6,2009-07-20 19:19:21,ACTIVO
1006712,5505,3,Pasaje Bolívar 1950,BT,7,2007-06-12 16:40:16,ACTIVO
1006713,5506,11,Psje. San Martín 3120,BT,5,2018-12-26 14:04:16,ACTIVO
1006714,5506,11,Av. San Martín 7752,BT,7,2007-09-12 12:27:34,ACTIVO
1006715,5507,5,Psje. Bolívar 4239,BT,2,2004-07-13 12:26:41,ACTIVO
1006716,5508,26,Pasaje Grau 5143,BT,3,2006-03-31 18:44:13,ACTIVO
1006717,5509,6,Pasaje La Molina 8792,BT,2,2016-06-03 05:47:11,ACTIVO
1006718,5510,10,Psje. Universitaria 2739,BT,7,2004-11-30 03:06:39,ACTIVO
1006719,5511,26,Jr. Panamericana 1387,BT,6,2007-01-05 03:11:42,ACTIVO
1006720,5512,7,Jr. Universitaria 4006,BT,1,2001-10-25 08:34:56,ACTIVO
1006721,5513,9,Pasaje La Molina 6728,BT,4,2018-01-16 04:14:47,ACTIVO
1006722,5514,43,Pasaje Progreso 9645,BT,4,2011-01-31 22:01:43,ACTIVO
1006723,5515,7,Av. Bolívar 9655,BT,3,2013-11-04 12:04:02,ACTIVO
1006724,5516,15,Av. Venezuela 6912,BT,2,2016-03-11 09:15:14,ACTIVO
1006725,5516,15,Psje. Panamericana 7452,BT,5,2011-03-04 03:26:31,ACTIVO
1006726,5517,43,Jr. Progreso 2086,BT,8,2022-04-01 00:00:00,ACTIVO
1006727,5518,24,Pasaje Universitaria 5168,BT,6,2001-08-16 19:39:33,ACTIVO
1006728,5518,24,Av. Los Pinos 831,BT,6,2006-03-16 15:10:10,ACTIVO
1006729,5519,28,Av. Universitaria 3697,BT,4,2009-03-05 15:01:05,ACTIVO
1006730,5520,39,Psje. Progreso 9849,BT,7,2014-03-08 08:07:02,ACTIVO
1006731,5521,29,Jr. Bolívar 255,BT,1,2018-04-28 22:05:43,ACTIVO
1006732,5522,7,Pasaje Venezuela 1755,BT,2,2003-06-19 18:35:25,ACTIVO
1006733,5522,7,Jr. Universitaria 9788,BT,6,2020-07-07 16:20:20,ACTIVO
1006734,5523,9,Psje. Los Pinos 4906,BT,3,2005-05-20 16:51:15,ACTIVO
1006735,5524,2,Psje. Universitaria 3402,BT,7,2020-11-19 13:13:07,ACTIVO
1006736,5525,15,Jr. Panamericana 4422,BT,1,2004-01-28 18:59:46,ACTIVO
1006737,5526,18,Av. Grau 4125,BT,5,2012-11-30 00:19:39,ACTIVO
1006738,5527,28,Calle Grau 1335,BT,3,2013-12-18 02:32:56,ACTIVO
1006739,5528,5,Jr. Universitaria 5653,BT,1,2016-07-28 12:42:35,ACTIVO
1006740,5529,6,Psje. Bolívar 4704,BT,2,2006-07-07 15:18:28,ACTIVO
1006741,5530,21,Jr. Los Pinos 6603,BT,3,2000-02-06 06:24:22,ACTIVO
1006742,5531,9,Pasaje Panamericana 904,BT,5,2016-01-10 22:40:53,ACTIVO
1006743,5532,13,Pasaje Los Pinos 350,BT,5,2019-10-03 01:39:58,ACTIVO
1006744,5533,43,Calle Bolívar 4534,BT,8,2009-03-12 06:10:55,ACTIVO
1006745,5533,43,Calle Progreso 5453,BT,5,2018-11-12 15:38:12,ACTIVO
1006746,5534,5,Calle Los Pinos 5882,BT,5,2007-10-01 15:52:29,ACTIVO
1006747,5534,5,Jr. La Molina 4133,BT,5,2001-04-07 03:16:38,ACTIVO
1006748,5535,15,Jr. Panamericana 7101,BT,4,2003-05-15 11:40:58,ACTIVO
1006749,5536,30,Psje. Venezuela 9753,BT,1,2019-08-29 22:45:03,ACTIVO
1006750,5537,42,Psje. Bolívar 8467,MT,3,2005-10-04 23:49:45,ACTIVO
1006751,5538,15,Calle La Molina 6404,BT,2,2005-11-07 20:02:23,ACTIVO
1006752,5539,3,Jr. Venezuela 5984,BT,4,2008-08-19 07:14:50,ACTIVO
1006753,5539,3,Jr. Grau 9111,BT,5,2002-08-07 11:58:46,ACTIVO
1006754,5540,28,Jr. Universitaria 4270,MT,1,2000-05-10 14:17:03,ACTIVO
1006755,5541,17,Pasaje El Sol 3951,BT,5,2001-03-13 09:22:33,ACTIVO
1006756,5542,1,Av. Grau 9081,BT,7,2019-09-11 11:56:43,ACTIVO
1006757,5542,1,Av. Panamericana 6997,BT,2,2009-05-01 13:03:52,ACTIVO
1006758,5543,43,Calle La Molina 6559,BT,3,2005-03-14 15:51:56,ACTIVO
1006759,5544,9,Jr. San Martín 113,BT,5,2018-07-03 08:11:40,ACTIVO
1006760,5544,9,Av. El Sol 8102,BT,4,2004-02-06 11:28:40,ACTIVO
1006761,5545,7,Pasaje Los Pinos 6654,BT,7,2010-02-23 03:25:59,ACTIVO
1006762,5545,7,Calle San Martín 7225,BT,5,2005-02-21 07:23:51,ACTIVO
1006763,5546,15,Jr. Panamericana 1053,BT,2,2000-07-17 00:44:37,ACTIVO
1006764,5546,15,Jr. Los Pinos 1259,BT,2,2015-05-31 17:09:17,ACTIVO
1006765,5547,37,Psje. Universitaria 7608,BT,2,2009-02-09 10:13:07,ACTIVO
1006766,5548,38,Jr. Progreso 4074,BT,5,2008-02-22 23:17:45,ACTIVO
1006767,5549,9,Pasaje Bolívar 589,BT,1,2004-02-14 22:04:03,ACTIVO
1006768,5550,3,Jr. Venezuela 7527,BT,7,2020-05-10 04:12:08,ACTIVO
1006769,5550,3,Av. Panamericana 6871,BT,1,2001-10-05 00:59:03,ACTIVO
1006770,5551,22,Av. El Sol 8571,BT,6,2012-12-04 14:26:58,ACTIVO
1006771,5552,38,Calle Venezuela 7151,BT,2,2016-02-17 13:37:33,ACTIVO
1006772,5553,15,Psje. San Martín 3822,BT,2,2023-12-16 00:00:00,SUSPENDIDO
1006773,5554,15,Av. Los Pinos 9385,BT,3,2008-11-28 17:54:28,ACTIVO
1006774,5555,29,Psje. San Martín 3298,BT,6,2007-08-11 03:26:01,ACTIVO
1006775,5556,15,Psje. Grau 9949,BT,3,2013-04-10 02:41:51,ACTIVO
1006776,5557,40,Psje. Panamericana 1468,MT,5,2015-01-20 11:52:05,ACTIVO
1006777,5558,7,Jr. La Molina 6483,BT,4,2012-02-10 04:30:50,ACTIVO
1006778,5559,15,Pasaje Bolívar 6070,BT,7,2018-09-16 03:11:01,ACTIVO
1006779,5560,15,Calle Universitaria 6795,BT,7,2019-08-25 02:14:23,ACTIVO
1006780,5560,15,Calle Universitaria 2315,BT,2,2006-09-26 17:41:03,ACTIVO
1006781,5561,26,Jr. El Sol 5096,BT,4,2020-08-16 21:02:20,ACTIVO
1006782,5562,15,Pasaje El Sol 1095,BT,2,2006-02-03 20:56:39,ACTIVO
1006783,5562,15,Av. Grau 1424,BT,7,2005-06-28 18:18:33,ACTIVO
1006784,5563,3,Av. San Martín 5480,BT,2,2016-11-08 03:10:29,ACTIVO
1006785,5564,7,Jr. Grau 4763,BT,5,2004-09-24 02:16:34,ACTIVO
1006786,5565,7,Av. Universitaria 4634,BT,3,2002-10-09 12:09:26,ACTIVO
1006787,5566,42,Psje. Panamericana 3322,BT,3,2012-06-21 11:49:48,ACTIVO
1006788,5567,4,Calle Bolívar 2100,MT,8,2001-02-19 14:18:11,ACTIVO
1006789,5568,26,Psje. Universitaria 2156,BT,8,2002-12-30 11:09:51,ACTIVO
1006790,5568,26,Psje. Venezuela 4606,BT,5,2002-12-10 10:16:24,ACTIVO
1006791,5569,11,Av. Progreso 1606,BT,5,2018-02-03 15:01:02,ACTIVO
1006792,5570,13,Av. Bolívar 8052,BT,1,2006-12-25 18:34:48,ACTIVO
1006793,5571,28,Av. Universitaria 3534,BT,3,2020-06-19 10:04:52,ACTIVO
1006794,5572,15,Calle La Molina 3021,BT,5,2004-07-27 12:05:52,ACTIVO
1006795,5573,34,Pasaje La Molina 8507,BT,2,2014-08-31 20:36:10,ACTIVO
1006796,5574,23,Calle La Molina 4711,BT,2,2016-04-15 11:50:56,ACTIVO
1006797,5575,29,Pasaje Bolívar 6451,BT,7,2020-01-29 10:00:01,ACTIVO
1006798,5576,15,Calle Bolívar 8771,BT,7,2005-08-28 04:11:12,ACTIVO
1006799,5577,43,Calle Venezuela 4712,BT,4,2009-11-02 00:15:05,ACTIVO
1006800,5578,29,Av. Los Pinos 6490,BT,1,2003-01-02 12:09:53,ACTIVO
1006801,5579,3,Pasaje Progreso 9225,BT,7,2008-09-01 19:27:11,ACTIVO
1006802,5580,30,Av. El Sol 434,BT,5,2013-08-30 16:46:36,ACTIVO
1006803,5581,29,Calle La Molina 9156,BT,8,2012-04-21 07:47:47,ACTIVO
1006804,5582,15,Av. Panamericana 2716,BT,4,2006-02-11 18:23:29,ACTIVO
1006805,5583,21,Av. El Sol 3714,BT,6,2024-12-06 00:00:00,ACTIVO
1006806,5584,38,Av. Panamericana 2457,BT,1,2019-02-01 03:17:03,ACTIVO
1006807,5584,38,Calle Bolívar 9457,BT,7,2003-01-02 13:08:18,ACTIVO
1006808,5585,26,Calle Progreso 9684,BT,2,2011-08-22 03:25:26,ACTIVO
1006809,5586,19,Av. Venezuela 8857,BT,4,2000-02-05 06:16:36,ACTIVO
1006810,5587,15,Pasaje Progreso 1045,BT,2,2005-07-19 02:26:46,ACTIVO
1006811,5588,36,Pasaje La Molina 566,BT,1,2004-01-18 22:04:29,ACTIVO
1006812,5588,36,Psje. Los Pinos 4388,BT,8,2006-11-28 04:56:13,ACTIVO
1006813,5589,3,Psje. La Molina 6837,BT,4,2009-01-28 12:28:19,INACTIVO
1006814,5590,29,Pasaje Universitaria 9846,BT,3,2005-09-06 14:59:28,ACTIVO
1006815,5591,40,Pasaje La Molina 6080,BT,1,2003-08-01 19:01:10,ACTIVO
1006816,5592,26,Jr. Grau 8844,BT,8,2005-08-14 02:00:44,ACTIVO
1006817,5593,30,Psje. Bolívar 4234,BT,8,2000-10-06 05:07:47,ACTIVO
1006818,5594,7,Jr. Bolívar 9353,BT,7,2024-04-19 00:00:00,SUSPENDIDO
1006819,5595,8,Jr. Grau 7862,BT,5,2016-10-01 23:47:04,ACTIVO
1006820,5596,28,Psje. Grau 2215,BT,5,2019-09-25 04:29:16,ACTIVO
1006821,5596,28,Calle Bolívar 9273,BT,4,2007-12-20 11:02:45,ACTIVO
1006822,5597,9,Av. Venezuela 8434,BT,7,2009-03-25 17:54:16,ACTIVO
1006823,5598,39,Jr. Progreso 6822,BT,7,2009-05-10 18:18:56,ACTIVO
1006824,5599,24,Calle La Molina 8559,BT,2,2019-02-24 13:40:59,ACTIVO
1006825,5600,28,Calle San Martín 8783,BT,6,2017-08-26 16:38:00,ACTIVO
1006826,5601,28,Calle Universitaria 856,BT,1,2005-08-03 20:43:38,ACTIVO
1006827,5602,15,Av. Universitaria 4791,BT,6,2002-01-12 04:29:10,INACTIVO
1006828,5603,1,Calle Los Pinos 4458,BT,3,2003-08-20 07:57:36,ACTIVO
1006829,5604,7,Psje. Los Pinos 2901,BT,4,2014-01-09 01:05:14,ACTIVO
1006830,5605,26,Psje. Panamericana 6026,BT,5,2018-09-21 03:44:46,ACTIVO
1006831,5605,26,Av. San Martín 7700,BT,3,2000-02-22 13:54:37,ACTIVO
1006832,5606,4,Av. Universitaria 8580,BT,1,2015-02-04 10:53:31,ACTIVO
1006833,5607,4,Psje. San Martín 1779,BT,3,2008-04-14 06:22:15,ACTIVO
1006834,5607,4,Psje. Progreso 3657,BT,2,2014-05-29 14:28:34,ACTIVO
1006835,5608,9,Calle La Molina 2588,BT,8,2021-02-20 00:00:00,ACTIVO
1006836,5609,5,Av. Los Pinos 9953,BT,4,2002-07-28 13:47:50,ACTIVO
1006837,5610,15,Av. Universitaria 5518,BT,7,2015-05-24 17:12:32,ACTIVO
1006838,5611,7,Av. El Sol 3802,BT,5,2004-09-30 09:57:09,ACTIVO
1006839,5612,5,Jr. Progreso 8120,MT,2,2024-12-08 00:00:00,ACTIVO
1006840,5612,5,Jr. El Sol 4543,BT,7,2018-08-18 21:01:44,ACTIVO
1006841,5613,39,Psje. Progreso 1835,BT,5,2001-08-06 22:24:43,ACTIVO
1006842,5613,39,Psje. Los Pinos 6132,BT,7,2017-03-08 16:06:22,ACTIVO
1006843,5614,26,Calle Progreso 6810,BT,7,2003-03-09 03:13:51,ACTIVO
1006844,5615,24,Psje. Universitaria 6316,BT,5,2006-11-07 19:36:59,ACTIVO
1006845,5616,27,Calle Universitaria 1872,MT,1,2019-09-03 06:28:03,ACTIVO
1006846,5617,28,Av. Grau 747,BT,3,2015-03-28 05:22:51,ACTIVO
1006847,5618,4,Jr. Venezuela 5986,BT,4,2014-09-15 21:42:31,ACTIVO
1006848,5618,4,Pasaje Grau 6740,BT,4,2012-05-12 20:41:10,ACTIVO
1006849,5618,4,Av. San Martín 4508,BT,6,2012-12-19 01:57:23,ACTIVO
1006850,5619,3,Av. Universitaria 8123,BT,1,2006-01-13 07:11:27,ACTIVO
1006851,5620,39,Av. La Molina 8093,BT,8,2010-06-26 21:34:08,ACTIVO
1006852,5621,9,Pasaje El Sol 4439,BT,7,2020-06-16 20:22:58,ACTIVO
1006853,5622,5,Calle Universitaria 1163,BT,5,2005-09-19 19:27:02,ACTIVO
1006854,5623,38,Pasaje Panamericana 8719,BT,2,2017-01-17 08:07:22,ACTIVO
1006855,5624,29,Calle San Martín 532,BT,7,2009-05-15 04:11:35,ACTIVO
1006856,5625,5,Psje. Los Pinos 191,BT,2,2022-01-02 00:00:00,ACTIVO
1006857,5626,15,Pasaje San Martín 7350,BT,2,2013-07-25 00:19:12,ACTIVO
1006858,5627,24,Av. Venezuela 6054,BT,2,2002-02-22 01:38:19,ACTIVO
1006859,5628,20,Pasaje La Molina 1034,BT,3,2005-05-11 13:35:31,ACTIVO
1006860,5629,26,Jr. Venezuela 3491,BT,1,2000-01-21 16:09:50,ACTIVO
1006861,5629,26,Jr. Grau 3202,BT,5,2018-01-23 09:46:50,ACTIVO
1006862,5630,7,Jr. Panamericana 5848,BT,8,2003-09-04 22:42:50,ACTIVO
1006863,5631,7,Calle El Sol 5199,BT,6,2003-05-31 16:00:52,ACTIVO
1006864,5632,15,Calle Progreso 590,BT,6,2015-12-20 06:51:01,ACTIVO
1006865,5633,13,Calle Progreso 3555,BT,4,2018-09-21 14:36:26,ACTIVO
1006866,5634,29,Av. Progreso 2032,BT,7,2011-10-07 16:28:54,ACTIVO
1006867,5635,39,Psje. La Molina 4150,BT,5,2007-01-04 15:12:55,ACTIVO
1006868,5635,39,Calle Los Pinos 7793,BT,2,2012-05-16 18:50:11,ACTIVO
1006869,5635,39,Pasaje Venezuela 739,BT,2,2017-01-16 03:43:03,ACTIVO
1006870,5636,5,Pasaje El Sol 222,BT,7,2019-12-14 16:26:41,ACTIVO
1006871,5637,34,Pasaje Bolívar 1461,BT,2,2018-05-04 16:50:03,ACTIVO
1006872,5637,34,Calle Los Pinos 3470,BT,1,2009-12-27 06:42:46,SUSPENDIDO
1006873,5638,34,Calle San Martín 8094,BT,3,2005-09-25 20:34:05,ACTIVO
1006874,5639,19,Av. Panamericana 1258,BT,8,2002-10-25 02:56:05,ACTIVO
1006875,5640,39,Pasaje El Sol 6159,BT,1,2015-02-08 14:15:50,ACTIVO
1006876,5641,29,Jr. Universitaria 5597,BT,4,2001-01-30 16:32:00,ACTIVO
1006877,5641,29,Calle Universitaria 8976,BT,1,2003-05-16 12:39:33,ACTIVO
1006878,5642,9,Jr. San Martín 6761,BT,6,2018-09-09 22:04:36,ACTIVO
1006879,5643,4,Av. Panamericana 1921,BT,7,2020-04-13 07:16:18,ACTIVO
1006880,5644,29,Pasaje El Sol 5682,BT,2,2013-10-29 04:09:37,ACTIVO
1006881,5645,7,Calle Universitaria 9246,BT,2,2004-02-28 20:58:42,ACTIVO
1006882,5646,26,Calle El Sol 3607,BT,6,2004-12-20 14:55:26,ACTIVO
1006883,5647,40,Av. Progreso 6141,BT,7,2002-08-31 06:03:00,SUSPENDIDO
1006884,5648,9,Pasaje San Martín 2530,BT,1,2001-12-07 16:06:01,ACTIVO
1006885,5648,9,Pasaje Venezuela 1172,BT,4,2004-05-27 00:59:53,ACTIVO
1006886,5649,26,Psje. Progreso 3576,BT,8,2019-05-18 04:05:18,ACTIVO
1006887,5650,29,Pasaje Panamericana 4189,BT,7,2014-11-20 11:40:42,ACTIVO
1006888,5651,3,Pasaje San Martín 4357,MT,4,2014-04-20 20:11:10,ACTIVO
1006889,5652,39,Jr. San Martín 4712,BT,6,2007-07-21 13:42:36,ACTIVO
1006890,5653,15,Pasaje Venezuela 8057,BT,2,2020-12-26 15:52:22,ACTIVO
1006891,5653,15,Pasaje La Molina 8597,BT,2,2001-06-29 22:19:32,ACTIVO
1006892,5654,9,Psje. Panamericana 5509,BT,8,2015-09-10 08:32:40,ACTIVO
1006893,5655,10,Calle Los Pinos 7222,BT,2,2003-07-21 18:21:38,ACTIVO
1006894,5656,13,Calle Universitaria 6218,BT,2,2007-08-15 20:55:01,ACTIVO
1006895,5657,20,Calle El Sol 6397,BT,7,2001-04-14 16:55:37,ACTIVO
1006896,5658,30,Jr. Bolívar 6039,BT,5,2003-03-17 19:45:49,ACTIVO
1006897,5659,38,Jr. Bolívar 1994,BT,8,2004-06-06 17:12:43,ACTIVO
1006898,5660,15,Psje. Bolívar 7272,BT,8,2001-05-30 18:38:39,ACTIVO
1006899,5661,6,Av. La Molina 8977,BT,4,2020-03-11 00:05:05,ACTIVO
1006900,5662,19,Pasaje Grau 7000,BT,1,2009-10-25 00:00:01,ACTIVO
1006901,5663,19,Jr. Grau 6373,BT,3,2013-04-27 15:01:00,SUSPENDIDO
1006902,5664,38,Jr. Universitaria 2688,BT,8,2013-10-19 23:37:11,ACTIVO
1006903,5665,12,Psje. Universitaria 9847,BT,7,2006-09-05 10:03:57,ACTIVO
1006904,5666,23,Psje. San Martín 4130,BT,4,2004-03-27 11:28:24,ACTIVO
1006905,5667,19,Psje. Bolívar 4459,BT,2,2013-12-24 23:41:13,ACTIVO
1006906,5668,9,Calle Progreso 4753,BT,6,2001-04-05 15:05:04,INACTIVO
1006907,5669,21,Av. Progreso 6122,BT,5,2017-11-21 19:59:33,ACTIVO
1006908,5670,39,Calle El Sol 4212,BT,5,2010-09-24 09:38:07,INACTIVO
1006909,5670,39,Jr. Panamericana 7685,BT,7,2015-08-31 22:43:26,INACTIVO
1006910,5671,4,Pasaje Venezuela 7494,BT,1,2020-07-08 08:10:27,ACTIVO
1006911,5672,9,Calle Grau 1064,BT,5,2020-05-01 03:18:45,ACTIVO
1006912,5673,7,Jr. Bolívar 9895,BT,2,2017-12-19 14:24:13,ACTIVO
1006913,5674,15,Jr. Bolívar 2158,BT,8,2000-02-26 08:34:00,ACTIVO
1006914,5675,24,Pasaje Grau 7686,BT,2,2006-06-20 01:26:50,ACTIVO
1006915,5676,13,Pasaje Universitaria 9027,BT,1,2000-06-09 17:28:14,ACTIVO
1006916,5677,26,Psje. Venezuela 9580,BT,6,2017-03-09 20:02:25,ACTIVO
1006917,5678,15,Pasaje La Molina 3130,BT,5,2019-05-04 16:56:58,ACTIVO
1006918,5679,26,Psje. Panamericana 1580,BT,8,2006-02-04 22:07:52,ACTIVO
1006919,5680,28,Jr. Universitaria 501,BT,8,2007-01-06 19:29:00,ACTIVO
1006920,5681,38,Av. San Martín 7749,BT,7,2013-01-30 11:45:09,ACTIVO
1006921,5682,15,Psje. El Sol 4084,BT,7,2005-01-20 08:04:05,ACTIVO
1006922,5683,3,Calle Bolívar 7066,BT,4,2017-10-22 22:59:55,ACTIVO
1006923,5684,15,Calle El Sol 1793,BT,7,2008-06-22 15:36:27,ACTIVO
1006924,5684,15,Calle El Sol 6940,BT,4,2006-03-21 05:34:14,ACTIVO
1006925,5684,15,Pasaje Universitaria 4793,BT,1,2002-07-01 13:33:02,ACTIVO
1006926,5685,1,Psje. Panamericana 2010,BT,5,2001-10-06 03:38:42,ACTIVO
1006927,5686,26,Jr. Venezuela 2696,MT,7,2023-06-30 00:00:00,ACTIVO
1006928,5687,9,Pasaje El Sol 2112,BT,8,2005-12-16 01:10:02,ACTIVO
1006929,5687,9,Av. Bolívar 3101,BT,6,2002-01-04 10:18:23,ACTIVO
1006930,5688,26,Pasaje Grau 5263,BT,5,2003-11-26 15:54:04,ACTIVO
1006931,5689,3,Psje. Los Pinos 6206,BT,5,2003-07-08 17:01:28,ACTIVO
1006932,5690,15,Psje. Progreso 4911,BT,3,2004-12-18 03:14:38,ACTIVO
1006933,5691,39,Calle Progreso 7555,BT,5,2011-06-18 11:49:18,ACTIVO
1006934,5692,21,Av. El Sol 7194,BT,6,2019-06-16 06:56:43,ACTIVO
1006935,5693,26,Pasaje San Martín 6998,MT,6,2002-09-01 07:04:55,ACTIVO
1006936,5694,7,Pasaje Bolívar 1736,BT,2,2013-03-11 00:57:48,ACTIVO
1006937,5695,24,Calle Los Pinos 3282,BT,5,2018-07-02 03:32:53,ACTIVO
1006938,5696,31,Psje. Universitaria 4728,BT,3,2001-03-09 01:11:41,ACTIVO
1006939,5697,30,Av. Venezuela 8603,BT,2,2003-01-31 15:44:54,ACTIVO
1006940,5698,13,Jr. Venezuela 3642,BT,3,2012-01-21 02:27:34,ACTIVO
1006941,5699,14,Av. Panamericana 7988,BT,2,2008-06-20 05:24:48,ACTIVO
1006942,5700,20,Av. Panamericana 8162,BT,7,2005-01-31 15:05:57,ACTIVO
1006943,5701,7,Pasaje Venezuela 6643,BT,2,2005-01-04 19:21:48,ACTIVO
1006944,5702,43,Calle Progreso 5338,BT,8,2001-10-17 23:42:20,ACTIVO
1006945,5703,3,Jr. Grau 4813,BT,7,2016-01-30 13:46:50,ACTIVO
1006946,5704,3,Jr. Venezuela 189,BT,6,2000-01-15 10:50:41,ACTIVO
1006947,5705,15,Psje. Los Pinos 3306,BT,3,2018-04-10 09:04:27,ACTIVO
1006948,5706,5,Pasaje Grau 7757,BT,3,2011-02-11 16:36:51,ACTIVO
1006949,5707,8,Pasaje Bolívar 1309,BT,4,2008-07-05 23:44:05,ACTIVO
1006950,5708,37,Pasaje Progreso 5779,BT,2,2001-04-25 14:39:42,ACTIVO
1006951,5708,37,Calle Venezuela 3914,BT,2,2019-11-13 03:25:11,ACTIVO
1006952,5709,33,Calle San Martín 3653,BT,2,2009-03-26 00:31:19,ACTIVO
1006953,5710,40,Jr. San Martín 8655,BT,7,2022-11-12 00:00:00,ACTIVO
1006954,5711,43,Jr. Progreso 1537,BT,2,2011-12-17 23:25:00,ACTIVO
1006955,5712,9,Pasaje Los Pinos 7207,BT,6,2001-08-19 03:02:28,ACTIVO
1006956,5713,28,Jr. Bolívar 5989,BT,4,2020-12-16 03:32:16,ACTIVO
1006957,5713,28,Jr. El Sol 5248,BT,7,2018-12-27 12:29:12,ACTIVO
1006958,5714,30,Av. Universitaria 2065,BT,1,2020-12-01 18:14:08,ACTIVO
1006959,5714,30,Calle Venezuela 993,BT,5,2024-09-15 00:00:00,ACTIVO
1006960,5715,43,Pasaje Bolívar 7732,BT,8,2020-11-17 04:52:41,ACTIVO
1006961,5716,7,Calle San Martín 3321,BT,6,2004-07-31 08:38:05,ACTIVO
1006962,5717,29,Psje. Venezuela 5668,BT,6,2020-12-10 05:49:48,ACTIVO
1006963,5718,24,Calle Los Pinos 7551,BT,4,2004-02-29 10:35:37,ACTIVO
1006964,5719,3,Av. Bolívar 9472,BT,5,2012-04-12 04:26:18,ACTIVO
1006965,5719,3,Jr. Grau 4567,BT,6,2011-06-26 04:07:47,ACTIVO
1006966,5720,5,Av. San Martín 3121,BT,8,2000-08-28 11:32:45,SUSPENDIDO
1006967,5721,28,Jr. Los Pinos 8585,BT,6,2008-07-29 21:49:58,ACTIVO
1006968,5721,28,Calle Universitaria 2495,BT,1,2020-02-02 01:32:17,ACTIVO
1006969,5722,26,Calle Progreso 502,BT,5,2002-08-03 00:39:23,ACTIVO
1006970,5723,4,Calle La Molina 7221,MT,2,2002-02-12 23:56:50,ACTIVO
1006971,5724,26,Pasaje Venezuela 8471,BT,1,2019-07-31 09:56:05,ACTIVO
1006972,5725,11,Jr. San Martín 1089,BT,4,2015-12-01 22:55:39,ACTIVO
1006973,5726,32,Psje. La Molina 424,BT,8,2016-02-22 23:15:54,ACTIVO
1006974,5727,33,Psje. Universitaria 185,BT,1,2000-07-21 23:10:40,ACTIVO
1006975,5728,3,Psje. San Martín 2271,BT,3,2015-08-11 13:12:53,ACTIVO
1006976,5729,9,Calle Bolívar 9747,BT,2,2009-07-06 04:45:54,INACTIVO
1006977,5730,13,Pasaje Bolívar 6824,BT,6,2000-07-12 11:33:24,ACTIVO
1006978,5731,4,Av. Venezuela 9886,BT,7,2000-02-11 04:05:40,SUSPENDIDO
1006979,5732,15,Jr. San Martín 7359,BT,8,2014-11-06 12:37:21,ACTIVO
1006980,5733,4,Av. San Martín 4941,BT,2,2004-02-20 19:41:19,SUSPENDIDO
1006981,5734,39,Calle Panamericana 4668,BT,5,2003-02-14 11:10:00,ACTIVO
1006982,5734,39,Psje. Universitaria 8347,BT,8,2010-10-17 04:00:48,ACTIVO
1006983,5735,42,Av. Grau 1022,BT,3,2008-11-03 13:49:47,ACTIVO
1006984,5736,15,Calle Universitaria 6138,BT,8,2001-01-12 08:25:47,ACTIVO
1006985,5737,26,Pasaje San Martín 3233,BT,1,2018-11-11 12:38:16,ACTIVO
1006986,5738,39,Av. Universitaria 5993,MT,1,2015-03-25 14:03:57,ACTIVO
1006987,5739,28,Calle Venezuela 6091,BT,5,2002-07-08 04:14:56,ACTIVO
1006988,5740,23,Av. Grau 8594,BT,7,2009-11-04 07:48:22,ACTIVO
1006989,5741,15,Pasaje La Molina 7456,BT,8,2005-03-30 19:26:31,ACTIVO
1006990,5742,29,Jr. Universitaria 541,BT,1,2019-04-06 14:08:06,ACTIVO
1006991,5743,43,Psje. Universitaria 7848,BT,2,2013-10-26 23:53:11,ACTIVO
1006992,5743,43,Calle Universitaria 551,BT,6,2015-04-04 17:49:11,ACTIVO
1006993,5743,43,Av. San Martín 6208,BT,6,2015-03-15 19:41:53,ACTIVO
1006994,5744,39,Av. Universitaria 220,BT,7,2007-10-03 23:37:06,ACTIVO
1006995,5745,3,Calle La Molina 1484,BT,3,2005-07-06 14:14:18,ACTIVO
1006996,5746,39,Pasaje Venezuela 7791,BT,3,2015-07-26 08:13:14,ACTIVO
1006997,5747,38,Pasaje El Sol 1736,BT,7,2006-02-06 09:31:26,ACTIVO
1006998,5748,40,Calle Bolívar 1930,BT,7,2024-05-19 00:00:00,ACTIVO
1006999,5749,30,Psje. Venezuela 8226,BT,4,2009-09-10 09:53:14,ACTIVO
1007000,5750,7,Calle Venezuela 1005,BT,6,2012-09-19 03:04:00,ACTIVO
1007001,5751,9,Psje. Progreso 6929,BT,4,2008-01-04 18:06:06,ACTIVO
1007002,5752,31,Av. Grau 5487,BT,8,2006-11-03 17:57:19,ACTIVO
1007003,5753,12,Psje. Grau 3177,BT,3,2005-08-20 01:11:52,ACTIVO
1007004,5754,16,Av. Grau 3989,BT,8,2011-08-17 02:13:28,SUSPENDIDO
1007005,5755,19,Psje. Grau 179,BT,3,2020-05-26 09:27:30,ACTIVO
1007006,5756,15,Calle Venezuela 681,BT,4,2018-01-27 11:08:24,INACTIVO
1007007,5757,13,Psje. Los Pinos 5490,MT,2,2011-04-13 02:31:46,ACTIVO
1007008,5757,13,Calle Progreso 7882,BT,6,2003-08-26 08:22:57,ACTIVO
1007009,5757,13,Calle Venezuela 4546,BT,6,2010-09-04 02:58:48,INACTIVO
1007010,5758,15,Jr. Bolívar 6192,BT,5,2014-11-28 13:58:00,ACTIVO
1007011,5759,7,Av. San Martín 5793,BT,6,2019-11-19 12:46:47,ACTIVO
1007012,5760,15,Av. Grau 7167,BT,3,2015-09-27 21:36:43,ACTIVO
1007013,5761,28,Jr. Universitaria 2962,BT,5,2009-06-03 19:55:59,ACTIVO
1007014,5761,28,Pasaje La Molina 401,BT,1,2006-02-04 09:36:09,ACTIVO
1007015,5762,9,Calle El Sol 2175,BT,8,2010-06-04 15:54:37,ACTIVO
1007016,5763,15,Jr. Los Pinos 4733,BT,1,2019-11-13 18:06:18,ACTIVO
1007017,5764,7,Calle Grau 5769,BT,5,2013-08-09 00:41:46,ACTIVO
1007018,5765,12,Av. Venezuela 459,BT,3,2014-02-27 07:46:33,ACTIVO
1007019,5766,36,Av. Progreso 8146,BT,2,2015-09-19 08:23:57,ACTIVO
1007020,5767,35,Av. Grau 315,BT,4,2006-04-17 11:31:40,ACTIVO
1007021,5768,28,Psje. Bolívar 3297,BT,7,2010-09-14 05:47:46,ACTIVO
1007022,5769,4,Psje. Venezuela 5146,BT,4,2012-02-09 03:37:13,ACTIVO
1007023,5770,29,Jr. La Molina 4174,BT,6,2012-01-30 16:34:06,ACTIVO
1007024,5771,30,Av. Los Pinos 535,MT,2,2000-03-10 19:26:19,ACTIVO
1007025,5771,30,Psje. Universitaria 7392,BT,7,2015-04-24 12:09:46,ACTIVO
1007026,5772,26,Psje. Venezuela 3733,BT,2,2017-05-23 21:11:40,ACTIVO
1007027,5772,26,Jr. Grau 1764,MT,7,2018-02-18 13:51:13,ACTIVO
1007028,5773,18,Psje. Panamericana 1382,BT,7,2003-09-03 00:12:23,ACTIVO
1007029,5774,43,Jr. Universitaria 9943,BT,8,2007-08-23 17:08:27,ACTIVO
1007030,5775,29,Pasaje Progreso 4009,BT,6,2015-04-18 18:50:18,ACTIVO
1007031,5776,27,Jr. El Sol 6910,BT,2,2004-08-02 17:28:19,ACTIVO
1007032,5777,38,Psje. El Sol 2077,BT,7,2009-07-06 06:11:45,ACTIVO
1007033,5778,43,Calle Los Pinos 7260,BT,5,2009-04-23 02:43:43,ACTIVO
1007034,5779,43,Pasaje Los Pinos 4696,BT,5,2013-04-17 21:30:45,ACTIVO
1007035,5780,29,Psje. Panamericana 6646,BT,3,2003-12-03 03:47:36,ACTIVO
1007036,5781,28,Av. El Sol 2517,BT,6,2015-11-14 19:11:01,ACTIVO
1007037,5782,9,Av. Venezuela 8062,BT,7,2015-09-12 02:21:29,ACTIVO
1007038,5782,9,Jr. Bolívar 554,BT,5,2001-11-05 11:56:30,ACTIVO
1007039,5782,9,Jr. La Molina 9800,BT,7,2012-10-06 23:21:08,ACTIVO
1007040,5783,31,Jr. Progreso 8308,BT,7,2015-01-08 02:31:15,ACTIVO
1007041,5784,43,Psje. Grau 8689,BT,1,2020-08-21 15:05:13,ACTIVO
1007042,5785,24,Av. San Martín 8261,BT,8,2016-09-17 06:41:45,ACTIVO
1007043,5785,24,Av. Panamericana 6879,BT,6,2013-08-29 19:08:55,ACTIVO
1007044,5786,25,Psje. Grau 9219,BT,1,2013-01-26 16:56:43,ACTIVO
1007045,5787,19,Pasaje Progreso 7008,BT,7,2001-08-27 09:04:47,ACTIVO
1007046,5788,43,Jr. Grau 4261,BT,3,2008-12-07 12:57:39,ACTIVO
1007047,5789,28,Calle El Sol 3071,BT,1,2003-05-09 04:26:16,ACTIVO
1007048,5789,28,Pasaje Panamericana 3797,BT,2,2008-01-23 00:03:20,ACTIVO
1007049,5790,39,Jr. Grau 6836,BT,4,2000-11-21 03:08:16,ACTIVO
1007050,5791,7,Psje. Universitaria 3279,BT,8,2004-06-24 00:39:30,ACTIVO
1007051,5791,7,Jr. Venezuela 264,BT,3,2009-02-09 17:31:51,ACTIVO
1007052,5792,3,Pasaje San Martín 1905,BT,7,2005-10-03 09:07:43,ACTIVO
1007053,5793,15,Calle San Martín 6135,BT,5,2018-10-25 22:09:21,ACTIVO
1007054,5794,15,Jr. Venezuela 8008,BT,8,2012-02-08 06:44:54,ACTIVO
1007055,5795,32,Calle San Martín 7634,BT,1,2000-03-11 05:21:38,ACTIVO
1007056,5795,32,Calle Progreso 7813,BT,6,2016-06-21 04:56:04,ACTIVO
1007057,5796,29,Av. Grau 7161,BT,8,2007-10-15 21:11:20,INACTIVO
1007058,5797,9,Psje. La Molina 4662,BT,5,2016-01-14 03:30:03,ACTIVO
1007059,5798,5,Jr. Venezuela 2677,BT,6,2000-07-11 22:36:12,ACTIVO
1007060,5799,7,Calle Venezuela 8425,BT,1,2005-10-21 18:47:01,ACTIVO
1007061,5800,9,Calle Bolívar 9725,BT,3,2017-12-21 04:34:58,ACTIVO
1007062,5800,9,Psje. Bolívar 9127,BT,3,2000-04-12 11:42:33,ACTIVO
1007063,5800,9,Av. Grau 5459,BT,2,2005-03-22 14:42:30,ACTIVO
1007064,5801,26,Jr. Bolívar 8987,BT,8,2018-09-20 08:30:32,ACTIVO
1007065,5802,22,Calle Grau 1679,BT,1,2020-11-20 07:08:17,ACTIVO
1007066,5803,11,Calle San Martín 4374,BT,1,2010-11-24 09:08:49,ACTIVO
1007067,5803,11,Jr. Venezuela 7697,BT,7,2009-11-10 15:46:19,ACTIVO
1007068,5804,3,Av. San Martín 9379,BT,2,2005-01-03 12:43:33,ACTIVO
1007069,5805,15,Psje. Bolívar 5316,BT,6,2009-04-09 03:39:27,INACTIVO
1007070,5806,32,Av. Grau 7993,BT,3,2018-04-28 16:35:08,ACTIVO
1007071,5807,43,Psje. Grau 9473,BT,2,2006-06-20 19:29:41,ACTIVO
1007072,5808,26,Psje. Bolívar 7463,BT,3,2006-12-21 14:17:16,ACTIVO
1007073,5809,7,Av. San Martín 4680,BT,7,2001-02-22 04:44:30,ACTIVO
1007074,5809,7,Pasaje Universitaria 756,BT,4,2000-07-28 10:49:58,ACTIVO
1007075,5810,30,Jr. Los Pinos 2493,BT,2,2024-12-08 00:00:00,ACTIVO
1007076,5811,6,Av. Bolívar 122,BT,4,2019-05-12 07:00:00,ACTIVO
1007077,5812,22,Psje. Los Pinos 3495,BT,4,2019-10-25 15:41:30,ACTIVO
1007078,5813,4,Psje. Grau 2471,BT,6,2011-09-14 23:10:20,ACTIVO
1007079,5814,26,Jr. Grau 194,BT,1,2014-08-05 21:29:00,ACTIVO
1007080,5815,28,Pasaje San Martín 9787,BT,6,2000-05-15 22:49:23,ACTIVO
1007081,5816,5,Psje. Bolívar 6088,BT,3,2005-01-02 22:57:58,ACTIVO
1007082,5816,5,Psje. Venezuela 590,BT,1,2016-02-05 23:47:39,ACTIVO
1007083,5817,26,Calle Venezuela 5443,BT,8,2003-03-30 14:13:39,SUSPENDIDO
1007084,5818,7,Pasaje Venezuela 2980,BT,5,2010-11-01 14:53:35,ACTIVO
1007085,5819,43,Av. Bolívar 2767,BT,8,2015-02-06 02:53:05,ACTIVO
1007086,5820,39,Av. Bolívar 4152,BT,8,2004-02-16 21:11:48,ACTIVO
1007087,5821,42,Psje. Los Pinos 8044,BT,5,2015-01-15 00:07:05,INACTIVO
1007088,5822,28,Jr. La Molina 7697,BT,6,2007-05-01 15:04:30,ACTIVO
1007089,5823,17,Pasaje San Martín 9587,BT,6,2002-04-01 18:21:09,ACTIVO
1007090,5824,27,Calle Progreso 981,BT,6,2014-12-03 22:46:59,ACTIVO
1007091,5825,43,Jr. Panamericana 922,BT,4,2017-04-15 05:40:10,ACTIVO
1007092,5826,3,Jr. Panamericana 8136,BT,7,2009-01-31 03:58:50,ACTIVO
1007093,5827,7,Psje. Bolívar 3389,BT,2,2018-07-16 13:31:21,ACTIVO
1007094,5828,7,Jr. El Sol 9663,BT,6,2005-03-09 21:18:29,ACTIVO
1007095,5829,40,Pasaje Venezuela 4184,BT,8,2020-09-02 17:39:19,ACTIVO
1007096,5830,9,Av. Venezuela 7537,BT,6,2015-09-16 15:58:32,ACTIVO
1007097,5831,42,Pasaje Progreso 4532,BT,2,2004-07-09 04:02:15,ACTIVO
1007098,5832,35,Psje. Universitaria 1804,BT,3,2018-08-19 15:49:12,ACTIVO
1007099,5833,30,Jr. El Sol 6165,BT,8,2018-05-12 03:56:31,ACTIVO
1007100,5834,9,Av. Universitaria 1783,BT,5,2019-06-23 00:41:14,ACTIVO
1007101,5835,20,Jr. Venezuela 5708,BT,1,2019-09-22 23:29:05,ACTIVO
1007102,5836,28,Psje. Universitaria 1395,BT,3,2002-10-24 01:54:51,ACTIVO
1007103,5837,30,Av. El Sol 1279,BT,6,2019-01-31 02:07:07,ACTIVO
1007104,5838,7,Calle Venezuela 498,BT,3,2006-05-21 04:26:37,ACTIVO
1007105,5839,4,Pasaje Venezuela 1274,BT,4,2010-05-28 04:02:14,ACTIVO
1007106,5840,9,Psje. Progreso 2051,BT,7,2005-12-19 06:30:49,ACTIVO
1007107,5841,40,Av. Panamericana 9835,BT,2,2022-12-26 00:00:00,ACTIVO
1007108,5841,40,Pasaje Grau 1842,BT,4,2012-03-05 01:49:32,ACTIVO
1007109,5842,19,Jr. La Molina 5249,BT,8,2018-08-05 06:51:23,ACTIVO
1007110,5843,38,Pasaje La Molina 7775,MT,5,2019-03-24 04:36:29,ACTIVO
1007111,5844,9,Calle Progreso 7203,BT,3,2018-07-27 09:07:31,ACTIVO
1007112,5845,24,Av. El Sol 2933,BT,1,2010-01-28 06:34:55,ACTIVO
1007113,5846,7,Pasaje Bolívar 1746,BT,7,2017-02-03 20:39:40,ACTIVO
1007114,5847,9,Psje. Universitaria 2401,MT,3,2005-05-10 12:29:23,ACTIVO
1007115,5848,2,Pasaje Universitaria 7298,BT,7,2000-11-06 04:48:07,ACTIVO
1007116,5849,27,Calle Grau 6537,BT,3,2010-11-22 17:21:59,ACTIVO
1007117,5850,43,Calle Universitaria 3189,BT,6,2018-07-29 01:03:46,ACTIVO
1007118,5851,3,Calle Bolívar 9074,BT,1,2020-11-17 19:25:50,ACTIVO
1007119,5851,3,Av. Venezuela 298,BT,5,2000-07-27 16:26:44,ACTIVO
1007120,5852,30,Jr. Panamericana 7931,BT,3,2013-12-26 13:44:13,ACTIVO
1007121,5853,21,Psje. Panamericana 6475,BT,1,2014-08-23 21:27:30,ACTIVO
1007122,5854,30,Psje. El Sol 8369,BT,4,2000-03-05 11:36:28,SUSPENDIDO
1007123,5854,30,Av. El Sol 3847,BT,7,2009-09-12 12:37:00,ACTIVO
1007124,5855,13,Psje. Venezuela 3174,BT,8,2007-09-07 10:27:40,ACTIVO
1007125,5856,9,Pasaje Los Pinos 6248,BT,8,2007-09-09 02:35:40,ACTIVO
1007126,5856,9,Pasaje Los Pinos 9795,BT,3,2012-02-08 21:56:57,ACTIVO
1007127,5857,8,Pasaje El Sol 166,BT,1,2005-09-25 04:24:28,ACTIVO
1007128,5858,5,Jr. Los Pinos 7880,BT,6,2004-11-30 01:47:58,ACTIVO
1007129,5859,7,Jr. San Martín 2984,BT,6,2004-02-10 17:06:14,ACTIVO
1007130,5860,20,Av. El Sol 6285,BT,7,2008-03-14 10:49:24,ACTIVO
1007131,5861,15,Calle San Martín 7580,BT,3,2019-01-19 01:56:20,ACTIVO
1007132,5862,15,Pasaje Bolívar 8886,BT,7,2011-09-13 17:54:35,ACTIVO
1007133,5862,15,Psje. La Molina 857,MT,3,2019-03-23 13:35:01,ACTIVO
1007134,5863,38,Psje. Grau 8093,BT,8,2020-09-14 10:47:16,ACTIVO
1007135,5864,7,Av. La Molina 2855,BT,7,2014-05-03 23:37:40,ACTIVO
1007136,5865,4,Calle Grau 258,BT,5,2024-12-27 00:00:00,ACTIVO
1007137,5866,9,Calle Grau 8128,BT,3,2010-10-08 10:32:20,ACTIVO
1007138,5867,15,Psje. Los Pinos 6833,BT,4,2002-08-29 05:55:59,ACTIVO
1007139,5868,43,Pasaje Bolívar 1322,BT,6,2010-12-06 05:34:50,ACTIVO
1007140,5869,13,Av. Los Pinos 4521,BT,8,2001-07-07 18:15:25,ACTIVO
1007141,5870,24,Pasaje Los Pinos 1761,BT,7,2003-06-29 15:24:37,ACTIVO
1007142,5871,5,Calle Venezuela 7442,BT,5,2014-06-13 11:36:27,ACTIVO
1007143,5871,5,Pasaje Progreso 7095,BT,2,2002-09-10 17:56:26,ACTIVO
1007144,5871,5,Jr. San Martín 5488,BT,1,2007-02-01 13:44:47,ACTIVO
1007145,5872,29,Pasaje El Sol 6140,BT,5,2011-09-29 08:46:03,ACTIVO
1007146,5873,9,Psje. Grau 8517,BT,4,2007-02-27 05:58:12,ACTIVO
1007147,5874,29,Av. Venezuela 8512,MT,2,2020-05-20 07:09:01,ACTIVO
1007148,5875,9,Calle Progreso 8738,BT,6,2002-10-21 22:52:10,ACTIVO
1007149,5876,3,Psje. Panamericana 5055,BT,8,2015-06-16 16:09:52,ACTIVO
1007150,5876,3,Pasaje Universitaria 1750,BT,1,2001-12-31 16:42:19,ACTIVO
1007151,5876,3,Jr. Progreso 2280,BT,7,2005-09-25 14:46:49,ACTIVO
1007152,5877,9,Pasaje Universitaria 8620,BT,6,2015-03-25 02:18:38,ACTIVO
1007153,5878,7,Calle Grau 4598,BT,8,2007-06-06 14:25:37,ACTIVO
1007154,5879,38,Calle El Sol 7423,BT,5,2006-09-13 12:56:20,ACTIVO
1007155,5880,4,Av. La Molina 8203,BT,4,2002-02-13 00:16:55,ACTIVO
1007156,5881,5,Av. Progreso 5676,BT,4,2013-10-13 11:29:37,ACTIVO
1007157,5882,43,Pasaje Universitaria 7616,BT,5,2018-10-21 20:16:31,ACTIVO
1007158,5883,3,Av. Grau 2144,BT,1,2019-06-15 17:18:26,ACTIVO
1007159,5884,38,Psje. Progreso 484,BT,7,2008-11-04 07:46:33,ACTIVO
1007160,5885,43,Jr. El Sol 9918,BT,7,2017-11-24 14:08:45,ACTIVO
1007161,5886,15,Pasaje Grau 3574,BT,5,2002-07-02 00:39:22,ACTIVO
1007162,5887,12,Jr. Grau 1643,BT,8,2009-05-28 10:46:13,ACTIVO
1007163,5888,7,Av. San Martín 9223,BT,4,2022-05-15 00:00:00,ACTIVO
1007164,5888,7,Calle San Martín 6360,BT,1,2013-03-06 17:44:40,ACTIVO
1007165,5889,38,Psje. San Martín 3495,BT,8,2002-09-05 04:25:18,ACTIVO
1007166,5890,26,Av. El Sol 7491,BT,8,2009-12-20 08:30:55,ACTIVO
1007167,5890,26,Jr. Panamericana 3260,BT,1,2016-11-10 21:05:37,ACTIVO
1007168,5891,3,Psje. El Sol 3590,BT,6,2003-01-21 17:24:26,ACTIVO
1007169,5891,3,Jr. San Martín 6103,BT,5,2012-02-18 00:49:03,ACTIVO
1007170,5892,9,Calle La Molina 345,BT,2,2008-06-12 12:20:10,ACTIVO
1007171,5893,3,Av. Grau 9315,BT,5,2011-02-01 17:27:31,ACTIVO
1007172,5894,38,Pasaje Los Pinos 7715,BT,6,2003-01-12 06:25:45,ACTIVO
1007173,5895,23,Calle Panamericana 8729,BT,7,2002-05-01 12:18:18,ACTIVO
1007174,5896,28,Jr. La Molina 5320,BT,5,2010-01-27 03:23:27,ACTIVO
1007175,5896,28,Av. Venezuela 7082,BT,7,2011-03-13 17:22:29,ACTIVO
1007176,5897,29,Calle Los Pinos 2742,BT,1,2014-03-05 06:30:57,ACTIVO
1007177,5898,7,Jr. Universitaria 3574,BT,4,2019-09-10 16:09:52,ACTIVO
1007178,5899,15,Av. Panamericana 9142,BT,2,2009-02-22 04:14:42,ACTIVO
1007179,5900,3,Calle Venezuela 2807,BT,8,2016-11-08 01:58:08,ACTIVO
1007180,5901,17,Av. Bolívar 6384,BT,3,2014-05-02 11:09:59,SUSPENDIDO
1007181,5902,43,Pasaje Grau 5935,BT,5,2003-09-27 07:19:53,ACTIVO
1007182,5903,9,Calle La Molina 9394,BT,4,2014-12-28 11:06:16,ACTIVO
1007183,5904,34,Psje. Progreso 3897,BT,3,2001-11-14 00:28:15,ACTIVO
1007184,5905,29,Psje. El Sol 3494,BT,5,2010-11-10 06:46:55,ACTIVO
1007185,5906,16,Jr. Universitaria 4734,BT,8,2015-11-14 13:27:25,ACTIVO
1007186,5907,13,Calle La Molina 637,BT,1,2001-07-15 19:17:55,ACTIVO
1007187,5907,13,Av. La Molina 5933,BT,6,2004-08-20 09:28:01,ACTIVO
1007188,5907,13,Psje. Los Pinos 291,BT,4,2011-08-14 01:34:23,INACTIVO
1007189,5908,7,Jr. Venezuela 1863,BT,2,2015-07-13 07:27:22,ACTIVO
1007190,5909,9,Calle Venezuela 1027,BT,8,2006-08-22 20:05:42,ACTIVO
1007191,5910,40,Pasaje Venezuela 8186,BT,8,2003-07-23 20:18:06,ACTIVO
1007192,5911,29,Av. San Martín 8252,BT,5,2019-08-05 01:21:43,ACTIVO
1007193,5911,29,Jr. Grau 8883,BT,6,2020-06-07 02:23:48,ACTIVO
1007194,5912,8,Jr. Universitaria 4050,BT,5,2017-04-24 13:49:37,ACTIVO
1007195,5913,28,Pasaje Bolívar 9364,BT,4,2014-12-18 08:50:05,ACTIVO
1007196,5914,39,Calle Progreso 7587,BT,2,2020-11-12 14:42:41,ACTIVO
1007197,5915,15,Pasaje Venezuela 5394,BT,2,2013-11-08 01:34:07,ACTIVO
1007198,5916,38,Pasaje Grau 4552,BT,8,2000-01-29 16:52:46,ACTIVO
1007199,5917,38,Psje. Panamericana 7982,BT,3,2016-07-27 13:56:41,ACTIVO
1007200,5917,38,Psje. San Martín 7782,BT,1,2011-11-26 22:47:51,ACTIVO
1007201,5918,38,Calle Panamericana 2818,BT,1,2007-03-14 13:20:46,ACTIVO
1007202,5918,38,Psje. Progreso 608,BT,5,2000-03-26 09:26:26,ACTIVO
1007203,5919,3,Calle Progreso 8023,BT,8,2005-06-22 23:05:23,ACTIVO
1007204,5920,3,Psje. Progreso 1792,BT,1,2006-12-24 06:06:26,ACTIVO
1007205,5921,13,Pasaje San Martín 7242,BT,4,2012-05-27 11:41:14,ACTIVO
1007206,5922,43,Calle La Molina 6454,BT,5,2006-04-29 03:47:02,ACTIVO
1007207,5923,15,Pasaje El Sol 3140,BT,6,2003-04-01 02:14:10,ACTIVO
1007208,5923,15,Calle San Martín 3494,BT,7,2018-04-11 10:03:25,ACTIVO
1007209,5924,41,Jr. La Molina 4335,BT,6,2008-07-19 09:27:58,ACTIVO
1007210,5925,6,Psje. Venezuela 9452,BT,6,2001-05-07 20:32:56,ACTIVO
1007211,5926,6,Av. Venezuela 3886,BT,8,2010-11-17 20:46:03,ACTIVO
1007212,5927,39,Av. Grau 4807,BT,4,2004-01-08 17:56:02,ACTIVO
1007213,5928,43,Pasaje Bolívar 5710,BT,4,2016-07-17 09:55:23,ACTIVO
1007214,5929,28,Calle Bolívar 7841,BT,3,2005-02-13 10:24:36,ACTIVO
1007215,5930,38,Jr. Grau 684,BT,3,2012-02-29 10:04:48,ACTIVO
1007216,5931,7,Calle Venezuela 7427,MT,4,2010-09-23 12:29:23,ACTIVO
1007217,5931,7,Jr. Bolívar 6997,BT,8,2007-03-14 01:13:32,ACTIVO
1007218,5932,39,Psje. Universitaria 2825,BT,5,2011-08-01 06:54:24,ACTIVO
1007219,5933,29,Psje. Grau 9241,MT,2,2000-08-02 00:24:56,ACTIVO
1007220,5934,26,Jr. Bolívar 407,BT,4,2016-05-29 07:14:29,ACTIVO
1007221,5935,3,Calle Panamericana 5231,BT,3,2010-05-04 11:16:26,ACTIVO
1007222,5936,3,Calle San Martín 2943,BT,5,2015-08-07 07:21:44,ACTIVO
1007223,5937,7,Calle Bolívar 625,BT,5,2003-07-29 17:36:02,ACTIVO
1007224,5938,26,Av. Los Pinos 8330,BT,8,2019-12-09 15:06:46,ACTIVO
1007225,5938,26,Calle Panamericana 971,BT,3,2000-05-02 23:52:16,ACTIVO
1007226,5939,33,Calle Progreso 584,BT,6,2014-04-16 01:28:23,ACTIVO
1007227,5939,33,Psje. La Molina 5731,BT,3,2020-10-21 09:00:00,ACTIVO
1007228,5939,33,Pasaje Progreso 8728,BT,4,2004-03-28 00:22:16,ACTIVO
1007229,5940,30,Calle Los Pinos 7637,BT,3,2006-02-13 11:35:01,ACTIVO
1007230,5941,9,Av. Los Pinos 1531,BT,8,2000-04-04 14:11:05,ACTIVO
1007231,5942,7,Jr. Los Pinos 4412,BT,1,2018-04-23 04:59:04,ACTIVO
1007232,5943,43,Calle Progreso 4399,BT,4,2020-11-03 17:49:50,ACTIVO
1007233,5944,4,Jr. Progreso 5457,BT,2,2013-10-04 13:55:35,ACTIVO
1007234,5945,5,Av. Bolívar 3162,BT,6,2012-06-16 08:55:59,ACTIVO
1007235,5946,11,Pasaje San Martín 9357,BT,3,2000-11-07 02:53:12,ACTIVO
1007236,5947,4,Psje. Panamericana 380,BT,2,2019-06-11 08:56:22,ACTIVO
1007237,5948,4,Jr. Progreso 8763,BT,2,2007-03-23 13:09:23,ACTIVO
1007238,5949,40,Calle Los Pinos 3312,BT,5,2017-12-17 16:25:19,ACTIVO
1007239,5950,15,Psje. Bolívar 6854,BT,5,2005-10-01 19:45:49,ACTIVO
1007240,5951,6,Calle Bolívar 6010,BT,3,2007-04-10 13:44:02,ACTIVO
1007241,5951,6,Pasaje Panamericana 7123,BT,6,2015-07-11 11:57:15,ACTIVO
1007242,5952,15,Jr. Panamericana 449,BT,5,2017-01-22 10:35:07,ACTIVO
1007243,5953,27,Av. Universitaria 9340,BT,5,2007-06-14 18:32:50,ACTIVO
1007244,5954,3,Av. El Sol 3765,BT,6,2015-11-10 05:59:56,ACTIVO
1007245,5955,43,Pasaje La Molina 7699,BT,8,2010-08-06 21:39:42,ACTIVO
1007246,5956,29,Pasaje La Molina 7385,BT,7,2010-10-18 19:05:14,ACTIVO
1007247,5957,9,Psje. Progreso 4475,BT,5,2001-08-27 13:58:03,ACTIVO
1007248,5958,5,Calle El Sol 5128,BT,6,2017-08-30 00:40:23,ACTIVO
1007249,5959,15,Calle Venezuela 5213,BT,3,2004-09-28 18:19:09,ACTIVO
1007250,5960,9,Jr. Grau 4682,BT,2,2009-07-06 17:40:35,ACTIVO
1007251,5961,5,Pasaje Panamericana 4525,BT,5,2001-03-22 00:22:34,ACTIVO
1007252,5962,3,Pasaje Venezuela 1670,MT,5,2012-08-24 17:29:39,ACTIVO
1007253,5963,7,Pasaje Grau 1561,BT,4,2006-08-07 07:06:51,ACTIVO
1007254,5964,43,Pasaje Los Pinos 7010,BT,1,2010-01-10 18:02:14,ACTIVO
1007255,5964,43,Psje. Grau 632,BT,2,2007-04-01 15:49:20,ACTIVO
1007256,5965,15,Calle Progreso 7451,BT,7,2017-10-11 22:47:11,ACTIVO
1007257,5966,38,Pasaje Grau 7906,BT,3,2008-02-19 12:05:34,ACTIVO
1007258,5967,39,Psje. Universitaria 1784,MT,5,2004-09-23 07:28:21,ACTIVO
1007259,5968,20,Psje. Bolívar 3830,BT,3,2003-02-25 19:51:14,ACTIVO
1007260,5969,11,Psje. La Molina 544,BT,3,2010-06-27 17:17:44,ACTIVO
1007261,5970,39,Pasaje El Sol 9136,BT,5,2002-12-07 22:24:35,ACTIVO
1007262,5971,15,Calle El Sol 545,BT,8,2018-05-29 06:22:33,ACTIVO
1007263,5972,38,Jr. Los Pinos 8563,BT,7,2010-11-03 06:39:08,ACTIVO
1007264,5973,4,Jr. Panamericana 6402,BT,6,2014-01-11 05:33:09,ACTIVO
1007265,5974,40,Psje. Bolívar 4708,BT,3,2000-11-27 07:43:29,ACTIVO
1007266,5975,39,Jr. Venezuela 6002,BT,1,2014-01-07 05:04:31,ACTIVO
1007267,5976,4,Pasaje El Sol 341,BT,8,2018-07-24 15:26:09,ACTIVO
1007268,5977,42,Pasaje Universitaria 420,BT,2,2010-01-01 13:20:53,ACTIVO
1007269,5978,39,Pasaje El Sol 5377,BT,1,2000-06-24 12:48:13,SUSPENDIDO
1007270,5979,40,Calle El Sol 504,BT,1,2008-12-05 20:03:12,ACTIVO
1007271,5980,37,Pasaje Panamericana 5786,BT,3,2012-11-21 06:23:52,ACTIVO
1007272,5981,15,Pasaje Progreso 7712,BT,6,2024-05-09 00:00:00,ACTIVO
1007273,5981,15,Av. Grau 7341,BT,7,2013-07-01 21:04:39,ACTIVO
1007274,5982,19,Av. Panamericana 3715,BT,3,2006-08-19 22:59:11,ACTIVO
1007275,5983,30,Jr. Los Pinos 5714,BT,1,2019-04-27 05:52:57,ACTIVO
1007276,5983,30,Calle Los Pinos 6528,BT,2,2019-07-09 00:28:23,ACTIVO
1007277,5984,9,Jr. San Martín 4659,BT,6,2007-06-19 10:24:12,ACTIVO
1007278,5985,15,Calle Los Pinos 2955,BT,2,2000-06-22 21:31:43,ACTIVO
1007279,5986,15,Pasaje Grau 6007,BT,6,2002-04-03 19:18:46,ACTIVO
1007280,5987,28,Pasaje Panamericana 7774,BT,5,2012-09-13 10:19:21,ACTIVO
1007281,5988,5,Calle La Molina 472,BT,6,2005-02-02 03:32:58,ACTIVO
1007282,5988,5,Pasaje Panamericana 1539,BT,2,2007-07-29 06:38:34,ACTIVO
1007283,5989,9,Av. Grau 5373,BT,8,2016-04-21 16:37:03,ACTIVO
1007284,5989,9,Pasaje Universitaria 3664,BT,3,2018-03-18 18:10:14,ACTIVO
1007285,5990,4,Calle La Molina 9905,BT,6,2008-05-03 14:14:19,ACTIVO
1007286,5990,4,Av. El Sol 3016,BT,8,2015-08-17 07:06:55,ACTIVO
1007287,5991,40,Av. Universitaria 4816,BT,2,2006-08-18 06:14:08,ACTIVO
1007288,5992,3,Calle El Sol 4749,BT,8,2001-03-13 15:18:52,ACTIVO
1007289,5993,29,Av. La Molina 1741,BT,1,2020-01-09 02:04:11,ACTIVO
1007290,5994,38,Calle Panamericana 8311,BT,2,2007-12-25 15:19:52,ACTIVO
1007291,5995,3,Calle Bolívar 1018,BT,1,2002-03-28 19:59:40,ACTIVO
1007292,5996,30,Calle Panamericana 9726,BT,5,2002-04-09 16:52:28,ACTIVO
1007293,5997,43,Calle Bolívar 3645,BT,8,2017-08-19 02:18:37,ACTIVO
1007294,5997,43,Jr. Venezuela 8386,BT,3,2017-02-08 03:44:38,ACTIVO
1007295,5998,13,Jr. Progreso 5106,BT,7,2013-06-17 23:04:05,ACTIVO
1007296,5999,10,Psje. Los Pinos 8718,BT,8,2017-09-28 10:23:28,ACTIVO
1007297,6000,30,Jr. Venezuela 8912,BT,3,2003-02-09 02:33:59,ACTIVO
1007298,6001,4,Av. Panamericana 7495,BT,2,2003-12-13 19:08:29,ACTIVO
1007299,6002,20,Calle Grau 6011,BT,3,2017-03-15 03:15:31,ACTIVO
1007300,6003,38,Psje. Grau 6730,BT,4,2017-09-12 23:02:49,ACTIVO
1007301,6003,38,Av. Bolívar 3284,BT,3,2013-06-13 10:46:00,ACTIVO
1007302,6004,27,Jr. La Molina 8468,BT,8,2016-01-24 20:15:47,ACTIVO
1007303,6004,27,Av. Universitaria 6589,BT,1,2005-03-06 05:49:41,ACTIVO
1007304,6005,9,Calle El Sol 9745,BT,5,2004-03-31 22:28:05,ACTIVO
1007305,6005,9,Pasaje Grau 4375,MT,4,2017-11-30 22:03:56,ACTIVO
1007306,6005,9,Calle Panamericana 4680,BT,6,2013-02-13 14:19:52,ACTIVO
1007307,6006,43,Pasaje Venezuela 4048,BT,2,2001-11-10 23:26:31,ACTIVO
1007308,6006,43,Jr. Panamericana 175,BT,7,2015-08-21 05:31:02,ACTIVO
1007309,6006,43,Av. Venezuela 3806,BT,4,2004-05-08 03:21:59,ACTIVO
1007310,6007,2,Av. Panamericana 1905,BT,6,2019-04-08 08:32:41,ACTIVO
1007311,6007,2,Pasaje Los Pinos 4251,BT,8,2006-09-05 05:38:37,ACTIVO
1007312,6008,15,Calle Panamericana 9518,MT,7,2008-09-24 00:58:00,ACTIVO
1007313,6009,29,Av. Bolívar 2058,BT,2,2018-12-17 22:38:32,ACTIVO
1007314,6010,4,Jr. Universitaria 9537,BT,1,2020-12-11 06:26:27,ACTIVO
1007315,6011,26,Calle Progreso 5714,BT,7,2007-02-24 01:55:44,ACTIVO
1007316,6011,26,Psje. Universitaria 2995,BT,8,2010-10-08 15:03:38,ACTIVO
1007317,6012,40,Psje. Progreso 488,BT,8,2005-09-04 00:07:48,ACTIVO
1007318,6013,20,Jr. Grau 3231,BT,6,2016-11-01 03:08:38,ACTIVO
1007319,6014,5,Jr. Venezuela 8229,BT,4,2019-04-25 21:56:19,ACTIVO
1007320,6015,19,Calle Venezuela 9113,BT,5,2023-10-06 00:00:00,ACTIVO
1007321,6016,3,Av. Venezuela 5994,BT,4,2003-11-21 08:09:00,ACTIVO
1007322,6017,24,Jr. Progreso 5314,BT,1,2000-08-01 10:05:22,ACTIVO
1007323,6017,24,Calle Panamericana 7727,BT,2,2012-01-11 19:36:16,ACTIVO
1007324,6018,15,Jr. El Sol 6498,BT,2,2016-02-23 17:54:31,ACTIVO
1007325,6019,7,Psje. Bolívar 3675,BT,3,2013-08-09 21:03:51,ACTIVO
1007326,6020,28,Psje. El Sol 9608,BT,7,2019-09-28 01:17:02,ACTIVO
1007327,6021,28,Calle La Molina 6260,BT,6,2015-08-01 22:48:19,ACTIVO
1007328,6022,15,Jr. San Martín 5677,MT,2,2015-11-26 10:25:40,ACTIVO
1007329,6023,27,Jr. El Sol 8463,BT,8,2008-06-13 20:04:38,ACTIVO
1007330,6024,13,Calle Panamericana 2543,BT,7,2000-07-24 17:50:15,ACTIVO
1007331,6025,15,Calle Los Pinos 2892,BT,4,2013-02-13 16:11:29,ACTIVO
1007332,6026,38,Jr. Universitaria 4057,BT,8,2002-06-08 23:33:41,ACTIVO
1007333,6027,10,Pasaje Venezuela 3643,BT,6,2008-02-15 14:51:40,ACTIVO
1007334,6028,26,Psje. La Molina 5861,BT,8,2010-06-27 15:20:45,ACTIVO
1007335,6029,9,Pasaje San Martín 418,BT,2,2008-06-15 13:59:07,ACTIVO
1007336,6030,6,Psje. Venezuela 6365,BT,5,2019-03-12 22:55:33,ACTIVO
1007337,6030,6,Calle Los Pinos 8417,BT,4,2001-02-09 21:00:34,ACTIVO
1007338,6031,43,Psje. Bolívar 2052,BT,4,2017-11-27 16:50:35,ACTIVO
1007339,6032,9,Psje. Panamericana 647,BT,3,2003-10-09 21:27:46,INACTIVO
1007340,6033,18,Av. Bolívar 4623,BT,5,2007-10-27 14:54:01,ACTIVO
1007341,6033,18,Psje. Panamericana 415,BT,3,2018-05-31 16:33:35,ACTIVO
1007342,6034,20,Psje. Los Pinos 1588,BT,3,2003-09-12 06:35:59,ACTIVO
1007343,6035,5,Av. Universitaria 991,BT,6,2002-06-19 02:15:20,ACTIVO
1007344,6036,4,Calle Panamericana 820,BT,8,2011-06-05 06:46:29,ACTIVO
1007345,6037,26,Pasaje Bolívar 9151,BT,5,2002-01-10 15:35:15,ACTIVO
1007346,6038,9,Jr. Universitaria 9113,BT,6,2009-12-27 01:43:59,ACTIVO
1007347,6039,24,Calle Universitaria 3656,BT,4,2008-01-09 22:27:13,ACTIVO
1007348,6040,7,Psje. Universitaria 5071,BT,2,2020-06-22 13:16:29,ACTIVO
1007349,6041,7,Jr. Los Pinos 5609,BT,2,2004-08-12 11:30:54,ACTIVO
1007350,6042,28,Av. El Sol 2018,BT,2,2016-12-24 11:00:34,ACTIVO
1007351,6043,11,Av. Grau 5875,BT,5,2010-08-30 23:48:52,ACTIVO
1007352,6043,11,Calle La Molina 4700,BT,5,2002-05-29 20:51:50,ACTIVO
1007353,6044,29,Pasaje El Sol 2815,BT,7,2008-07-28 02:20:35,ACTIVO
1007354,6045,26,Pasaje La Molina 9909,BT,5,2018-05-15 19:05:22,ACTIVO
1007355,6045,26,Jr. El Sol 784,BT,5,2011-03-11 13:02:03,ACTIVO
1007356,6046,3,Jr. Grau 3610,BT,6,2011-09-03 16:22:36,ACTIVO
1007357,6046,3,Jr. Grau 8190,BT,1,2009-09-04 07:32:59,SUSPENDIDO
1007358,6047,27,Pasaje Grau 4013,BT,7,2020-01-16 05:54:44,ACTIVO
1007359,6048,34,Calle Los Pinos 4587,BT,5,2001-05-31 20:38:14,ACTIVO
1007360,6048,34,Psje. San Martín 8317,BT,2,2000-07-24 11:28:44,ACTIVO
1007361,6049,30,Pasaje Venezuela 8864,BT,1,2008-01-04 04:36:18,ACTIVO
1007362,6050,22,Calle La Molina 707,BT,4,2020-07-04 13:06:10,ACTIVO
1007363,6050,22,Psje. La Molina 5103,BT,3,2000-11-25 18:51:16,ACTIVO
1007364,6051,15,Jr. La Molina 5555,MT,4,2019-05-15 07:46:22,ACTIVO
1007365,6052,15,Jr. Los Pinos 8906,BT,2,2004-06-01 00:18:39,ACTIVO
1007366,6053,4,Av. Los Pinos 4076,BT,6,2000-12-20 09:46:44,ACTIVO
1007367,6053,4,Pasaje San Martín 7761,BT,8,2015-02-03 23:39:20,ACTIVO
1007368,6054,42,Pasaje La Molina 1293,BT,5,2017-03-28 04:16:00,ACTIVO
1007369,6055,40,Jr. Progreso 3590,BT,4,2008-09-06 20:26:54,ACTIVO
1007370,6056,37,Av. Panamericana 6584,BT,3,2013-02-19 00:47:03,ACTIVO
1007371,6056,37,Calle Venezuela 6656,BT,5,2017-02-08 21:23:24,ACTIVO
1007372,6057,15,Pasaje El Sol 8159,BT,1,2019-08-14 05:41:58,ACTIVO
1007373,6058,29,Pasaje Universitaria 2085,BT,4,2010-07-02 20:21:51,ACTIVO
1007374,6059,3,Calle Progreso 3438,BT,5,2015-08-15 01:24:20,ACTIVO
1007375,6060,39,Jr. Bolívar 2014,BT,3,2005-12-15 22:28:35,ACTIVO
1007376,6060,39,Jr. Panamericana 6720,BT,3,2001-08-05 00:46:00,ACTIVO
1007377,6061,39,Psje. La Molina 4348,BT,4,2003-06-12 08:55:11,ACTIVO
1007378,6062,42,Jr. Grau 596,BT,2,2012-02-02 17:50:35,ACTIVO
1007379,6063,29,Av. Grau 7487,BT,4,2007-03-11 21:42:12,ACTIVO
1007380,6063,29,Av. San Martín 6178,BT,7,2017-08-02 21:33:13,ACTIVO
1007381,6064,15,Psje. Venezuela 4664,MT,7,2014-05-26 08:24:02,INACTIVO
1007382,6065,43,Jr. El Sol 8956,BT,3,2005-07-07 20:47:26,ACTIVO
1007383,6066,35,Calle Los Pinos 5604,BT,5,2022-12-28 00:00:00,ACTIVO
1007384,6067,2,Pasaje El Sol 5496,BT,1,2008-04-26 05:47:03,ACTIVO
1007385,6067,2,Calle Venezuela 3530,BT,4,2000-10-28 06:53:47,ACTIVO
1007386,6068,29,Pasaje Universitaria 6016,BT,6,2012-12-23 02:57:53,ACTIVO
1007387,6069,30,Pasaje La Molina 8342,BT,2,2000-11-16 13:13:38,ACTIVO
1007388,6070,9,Calle Los Pinos 3071,BT,1,2014-09-01 01:03:27,ACTIVO
1007389,6071,13,Jr. Universitaria 625,BT,5,2010-01-14 09:11:36,ACTIVO
1007390,6071,13,Av. Universitaria 2930,BT,3,2003-11-08 15:35:34,ACTIVO
1007391,6072,34,Psje. Los Pinos 5303,BT,4,2008-03-05 14:49:52,ACTIVO
1007392,6073,19,Av. Venezuela 2585,BT,3,2013-11-29 11:09:30,ACTIVO
1007393,6074,29,Calle Venezuela 8048,BT,1,2012-04-14 16:55:04,ACTIVO
1007394,6075,2,Pasaje Universitaria 2117,BT,8,2012-12-12 19:42:10,ACTIVO
1007395,6076,30,Psje. La Molina 9588,BT,8,2001-08-28 00:19:29,ACTIVO
1007396,6077,3,Jr. Universitaria 9728,BT,2,2003-08-01 16:07:48,ACTIVO
1007397,6078,9,Calle Bolívar 8791,BT,8,2018-05-16 04:04:25,ACTIVO
1007398,6079,15,Calle La Molina 7166,BT,7,2011-09-13 21:04:20,ACTIVO
1007399,6079,15,Psje. Bolívar 5487,BT,7,2007-03-26 04:41:13,ACTIVO
1007400,6080,24,Pasaje Universitaria 9601,BT,4,2005-10-29 15:49:17,ACTIVO
1007401,6081,38,Calle Bolívar 4727,BT,5,2018-09-12 09:42:05,ACTIVO
1007402,6082,4,Av. La Molina 257,BT,7,2006-11-28 10:30:08,ACTIVO
1007403,6083,9,Jr. Universitaria 8856,BT,6,2013-08-18 07:40:52,ACTIVO
1007404,6084,43,Pasaje Venezuela 9198,BT,6,2001-01-07 07:56:51,ACTIVO
1007405,6085,20,Psje. Panamericana 5104,BT,6,2007-07-28 06:00:44,ACTIVO
1007406,6085,20,Calle Los Pinos 3826,BT,8,2019-01-13 00:19:49,ACTIVO
1007407,6086,43,Jr. San Martín 6877,BT,4,2017-08-07 05:09:48,ACTIVO
1007408,6087,23,Calle Panamericana 7760,BT,4,2006-09-07 03:21:33,ACTIVO
1007409,6088,7,Psje. La Molina 1780,BT,8,2000-12-12 09:18:27,ACTIVO
1007410,6089,39,Jr. Grau 8603,BT,2,2009-09-22 22:42:05,ACTIVO
1007411,6089,39,Pasaje Universitaria 1444,BT,8,2006-04-01 19:20:02,ACTIVO
1007412,6090,5,Calle La Molina 3805,BT,6,2000-06-25 12:54:00,ACTIVO
1007413,6091,13,Psje. San Martín 7410,BT,8,2006-08-29 05:33:30,ACTIVO
1007414,6092,40,Jr. La Molina 8196,BT,7,2007-11-25 11:19:23,ACTIVO
1007415,6093,3,Jr. Grau 5754,BT,5,2015-08-31 06:53:04,ACTIVO
1007416,6094,9,Pasaje El Sol 8269,BT,4,2005-07-31 06:56:32,ACTIVO
1007417,6095,28,Pasaje Los Pinos 3855,BT,5,2003-03-24 10:31:20,ACTIVO
1007418,6096,32,Jr. San Martín 5077,BT,6,2009-04-04 22:54:58,ACTIVO
1007419,6097,39,Jr. Universitaria 7848,BT,1,2005-10-18 23:44:04,ACTIVO
1007420,6098,30,Jr. El Sol 1749,BT,8,2000-10-31 03:55:36,ACTIVO
1007421,6098,30,Jr. Universitaria 4226,BT,1,2003-03-20 20:41:52,ACTIVO
1007422,6099,5,Psje. Universitaria 936,BT,2,2008-09-28 10:34:44,ACTIVO
1007423,6100,28,Av. Venezuela 4829,BT,8,2008-06-24 15:49:45,ACTIVO
1007424,6101,5,Calle La Molina 6653,BT,2,2004-05-28 03:52:53,ACTIVO
1007425,6102,39,Calle La Molina 7294,BT,6,2000-03-21 15:43:39,ACTIVO
1007426,6103,16,Psje. Los Pinos 1420,BT,3,2009-10-15 20:51:22,ACTIVO
1007427,6104,24,Psje. La Molina 6311,BT,5,2000-06-21 10:51:28,ACTIVO
1007428,6105,1,Psje. Universitaria 3829,BT,3,2008-03-25 17:43:47,ACTIVO
1007429,6106,29,Calle Progreso 8975,BT,3,2012-11-24 02:45:35,ACTIVO
1007430,6107,15,Calle Los Pinos 4641,BT,8,2012-10-16 21:06:17,ACTIVO
1007431,6108,15,Calle Grau 2197,BT,3,2013-01-15 05:33:34,ACTIVO
1007432,6109,22,Calle Venezuela 8658,BT,2,2016-07-06 21:35:48,ACTIVO
1007433,6109,22,Av. El Sol 3124,BT,7,2003-07-20 01:35:34,ACTIVO
1007434,6110,26,Calle San Martín 9577,BT,1,2010-01-01 09:30:56,ACTIVO
1007435,6111,43,Calle El Sol 9444,BT,2,2020-02-23 00:13:42,ACTIVO
1007436,6112,15,Calle Progreso 6379,BT,8,2003-07-26 07:56:41,ACTIVO
1007437,6113,15,Jr. Bolívar 8227,BT,4,2018-08-27 06:24:59,ACTIVO
1007438,6114,38,Calle San Martín 7625,BT,1,2009-05-31 02:53:03,ACTIVO
1007439,6114,38,Psje. Grau 1318,BT,2,2001-02-13 22:45:10,INACTIVO
1007440,6115,7,Jr. Panamericana 1796,BT,5,2005-03-05 07:37:59,ACTIVO
1007441,6116,11,Calle Venezuela 9737,BT,8,2015-11-21 21:24:34,ACTIVO
1007442,6117,43,Av. Universitaria 7614,BT,1,2014-01-24 22:49:13,ACTIVO
1007443,6118,19,Psje. Universitaria 1652,BT,1,2019-09-18 07:13:30,ACTIVO
1007444,6118,19,Calle San Martín 7609,BT,6,2006-08-06 20:48:03,INACTIVO
1007445,6119,26,Calle Los Pinos 8296,BT,8,2016-04-05 18:13:42,ACTIVO
1007446,6120,22,Jr. La Molina 7210,BT,6,2004-10-25 13:55:54,ACTIVO
1007447,6121,24,Psje. Progreso 6976,BT,5,2013-04-02 12:36:52,ACTIVO
1007448,6122,40,Pasaje Grau 6178,BT,6,2011-09-13 20:12:04,ACTIVO
1007449,6123,7,Pasaje Panamericana 2440,BT,2,2002-10-12 07:18:56,ACTIVO
1007450,6124,30,Jr. El Sol 8385,BT,3,2000-07-22 18:34:01,ACTIVO
1007451,6124,30,Pasaje Grau 8535,BT,2,2002-01-10 13:57:11,ACTIVO
1007452,6125,15,Av. La Molina 4689,BT,7,2011-10-19 05:06:21,ACTIVO
1007453,6126,41,Av. Grau 9557,BT,7,2001-09-22 11:33:52,ACTIVO
1007454,6127,7,Av. La Molina 640,BT,3,2001-10-13 05:32:04,ACTIVO
1007455,6128,7,Jr. Universitaria 169,BT,7,2006-07-31 11:32:46,ACTIVO
1007456,6128,7,Calle Progreso 9826,BT,8,2009-07-24 03:11:41,ACTIVO
1007457,6129,38,Av. Bolívar 2394,BT,6,2006-03-10 07:10:30,ACTIVO
1007458,6130,15,Calle La Molina 9523,BT,7,2007-01-22 13:25:59,ACTIVO
1007459,6131,28,Calle Venezuela 3069,BT,8,2002-10-25 12:06:12,ACTIVO
1007460,6131,28,Psje. Los Pinos 9763,BT,6,2014-08-14 10:30:17,ACTIVO
1007461,6132,29,Psje. Universitaria 2128,BT,3,2010-06-15 20:03:41,ACTIVO
1007462,6133,8,Pasaje Los Pinos 7018,BT,5,2003-12-30 15:16:12,ACTIVO
1007463,6134,9,Psje. Grau 9009,BT,8,2014-02-20 22:16:03,ACTIVO
1007464,6135,30,Jr. Progreso 8069,BT,7,2004-03-21 05:28:47,ACTIVO
1007465,6136,15,Psje. Progreso 8033,BT,2,2019-07-09 06:15:54,ACTIVO
1007466,6136,15,Calle San Martín 584,BT,8,2019-04-02 15:57:25,ACTIVO
1007467,6136,15,Calle Universitaria 9872,BT,8,2014-12-07 00:36:12,ACTIVO
1007468,6137,35,Pasaje El Sol 8410,BT,3,2019-09-22 15:25:31,ACTIVO
1007469,6138,19,Psje. Panamericana 4805,BT,6,2009-11-11 13:03:42,ACTIVO
1007470,6139,15,Av. El Sol 5136,BT,4,2011-02-26 13:18:08,ACTIVO
1007471,6140,43,Pasaje Panamericana 7288,BT,2,2017-04-25 09:37:36,ACTIVO
1007472,6141,24,Pasaje Los Pinos 5699,BT,3,2019-08-12 12:16:56,ACTIVO
1007473,6142,8,Calle Panamericana 5128,BT,2,2006-01-06 19:26:07,ACTIVO
1007474,6143,38,Psje. Grau 1523,BT,5,2000-02-17 06:28:48,ACTIVO
1007475,6144,15,Jr. Panamericana 2349,BT,6,2013-12-31 19:41:17,ACTIVO
1007476,6144,15,Jr. Venezuela 6159,BT,6,2019-03-13 13:58:38,ACTIVO
1007477,6145,30,Pasaje La Molina 4879,BT,6,2006-01-30 10:29:11,ACTIVO
1007478,6146,11,Jr. San Martín 974,BT,3,2016-08-31 03:22:24,ACTIVO
1007479,6147,5,Av. La Molina 3749,BT,3,2006-08-28 16:33:36,ACTIVO
1007480,6147,5,Psje. Venezuela 1147,BT,4,2014-11-14 01:40:02,ACTIVO
1007481,6148,17,Calle San Martín 8045,BT,4,2002-09-04 13:33:56,ACTIVO
1007482,6149,16,Psje. Bolívar 4402,BT,2,2014-03-13 17:20:19,ACTIVO
1007483,6150,7,Calle Grau 5436,BT,6,2006-07-08 23:10:56,ACTIVO
1007484,6151,38,Pasaje Grau 9069,BT,6,2009-06-28 18:58:07,ACTIVO
1007485,6152,29,Jr. Grau 5821,BT,4,2008-05-09 14:00:37,ACTIVO
1007486,6153,15,Jr. El Sol 4055,BT,4,2019-02-19 15:15:32,ACTIVO
1007487,6154,12,Av. Los Pinos 603,BT,5,2004-11-15 21:45:45,ACTIVO
1007488,6154,12,Psje. Bolívar 350,BT,2,2011-06-30 04:37:56,ACTIVO
1007489,6155,29,Av. Universitaria 372,BT,6,2019-12-19 05:02:10,ACTIVO
1007490,6156,4,Calle El Sol 4985,BT,5,2000-04-16 04:59:29,ACTIVO
1007491,6157,28,Psje. Universitaria 7594,BT,4,2001-05-07 05:59:22,ACTIVO
1007492,6158,29,Calle Venezuela 8661,BT,1,2018-10-16 12:11:40,ACTIVO
1007493,6159,32,Calle Los Pinos 5288,BT,8,2006-11-30 14:20:01,ACTIVO
1007494,6160,7,Pasaje Progreso 3283,BT,7,2002-06-06 20:25:24,ACTIVO
1007495,6161,15,Jr. Bolívar 4438,BT,1,2012-09-08 11:31:33,ACTIVO
1007496,6162,1,Calle El Sol 9046,BT,7,2003-06-22 16:32:12,ACTIVO
1007497,6163,24,Jr. Universitaria 3761,BT,2,2008-04-07 21:22:31,ACTIVO
1007498,6164,7,Jr. Grau 970,BT,6,2014-10-15 22:01:42,ACTIVO
1007499,6165,9,Calle Progreso 6428,BT,5,2015-01-06 12:29:41,ACTIVO
1007500,6166,38,Pasaje Panamericana 4755,BT,5,2008-08-11 15:41:15,ACTIVO
1007501,6166,38,Psje. Grau 6574,BT,4,2003-11-21 17:41:01,INACTIVO
1007502,6167,15,Calle Venezuela 2715,BT,5,2003-08-12 14:17:06,SUSPENDIDO
1007503,6168,15,Psje. Los Pinos 9861,BT,1,2002-07-25 12:01:24,ACTIVO
1007504,6169,30,Av. Panamericana 4183,BT,2,2018-10-02 12:11:23,ACTIVO
1007505,6170,27,Jr. La Molina 9485,BT,2,2017-06-13 06:26:34,ACTIVO
1007506,6171,43,Psje. Progreso 2464,BT,6,2000-02-24 20:20:55,ACTIVO
1007507,6172,28,Av. San Martín 2213,BT,7,2019-02-13 05:53:36,ACTIVO
1007508,6172,28,Pasaje Progreso 3138,BT,3,2004-04-15 04:19:25,ACTIVO
1007509,6172,28,Av. El Sol 5615,BT,6,2023-09-14 00:00:00,ACTIVO
1007510,6173,29,Pasaje Universitaria 2663,BT,4,2018-02-20 20:41:56,ACTIVO
1007511,6173,29,Jr. San Martín 9911,BT,5,2012-12-15 08:57:58,ACTIVO
1007512,6174,7,Jr. La Molina 9301,BT,2,2013-07-23 12:38:29,ACTIVO
1007513,6175,40,Pasaje Venezuela 7440,BT,5,2017-01-30 11:08:39,ACTIVO
1007514,6175,40,Pasaje El Sol 6088,BT,7,2011-01-15 22:37:59,ACTIVO
1007515,6176,12,Av. Panamericana 3468,BT,5,2016-01-14 02:18:44,ACTIVO
1007516,6177,7,Psje. Bolívar 5358,BT,7,2006-09-20 07:43:33,ACTIVO
1007517,6177,7,Calle El Sol 5968,BT,3,2006-06-15 01:33:34,ACTIVO
1007518,6178,26,Av. Universitaria 6522,BT,6,2010-06-06 20:31:50,ACTIVO
1007519,6179,19,Pasaje La Molina 1736,BT,2,2017-06-30 16:10:55,ACTIVO
1007520,6180,28,Jr. Universitaria 8843,BT,3,2004-05-08 00:13:24,ACTIVO
1007521,6181,19,Av. Progreso 6668,BT,8,2006-08-08 17:54:08,ACTIVO
1007522,6182,9,Av. Panamericana 2687,BT,8,2012-09-06 07:14:07,ACTIVO
1007523,6183,19,Av. Bolívar 2253,BT,6,2016-11-09 23:37:07,ACTIVO
1007524,6183,19,Pasaje La Molina 8980,BT,1,2005-04-25 07:57:14,ACTIVO
1007525,6183,19,Jr. La Molina 7478,BT,8,2010-04-05 18:38:04,ACTIVO
1007526,6184,19,Jr. Grau 8133,BT,7,2020-03-04 06:19:34,ACTIVO
1007527,6185,39,Calle Grau 5072,BT,1,2007-12-30 14:25:50,ACTIVO
1007528,6186,3,Psje. Progreso 4490,BT,2,2013-03-26 01:53:14,ACTIVO
1007529,6187,9,Pasaje San Martín 4553,BT,1,2012-10-31 21:50:26,ACTIVO
1007530,6188,28,Pasaje El Sol 7223,MT,5,2001-11-17 09:04:41,ACTIVO
1007531,6189,14,Av. Los Pinos 2978,BT,5,2005-12-26 06:55:19,ACTIVO
1007532,6190,15,Pasaje San Martín 3513,BT,4,2012-05-20 22:58:05,ACTIVO
1007533,6191,26,Pasaje Los Pinos 8181,BT,3,2007-12-17 13:25:47,ACTIVO
1007534,6192,40,Jr. Panamericana 667,BT,1,2007-07-22 03:11:26,ACTIVO
1007535,6193,15,Pasaje Universitaria 6779,MT,2,2013-11-30 22:33:07,ACTIVO
1007536,6194,4,Jr. Bolívar 4158,BT,5,2001-08-08 13:57:15,INACTIVO
1007537,6195,38,Pasaje Universitaria 1427,BT,8,2008-05-03 06:38:49,ACTIVO
1007538,6196,13,Calle La Molina 4501,BT,7,2009-01-11 00:03:17,ACTIVO
1007539,6197,22,Psje. Venezuela 7142,BT,6,2019-04-23 20:21:32,ACTIVO
1007540,6198,29,Pasaje Grau 3081,BT,5,2019-08-02 23:45:38,ACTIVO
1007541,6199,13,Jr. La Molina 2183,MT,1,2014-04-04 17:43:45,ACTIVO
1007542,6200,38,Psje. Progreso 4305,MT,8,2007-04-04 00:04:19,ACTIVO
1007543,6201,11,Pasaje San Martín 4718,BT,6,2016-03-26 17:22:20,ACTIVO
1007544,6202,15,Pasaje Panamericana 1395,BT,3,2006-05-17 18:21:22,ACTIVO
1007545,6203,18,Jr. Panamericana 4086,BT,2,2014-09-19 08:18:10,ACTIVO
1007546,6204,29,Calle Panamericana 4007,BT,8,2020-12-09 16:45:22,ACTIVO
1007547,6205,15,Psje. Venezuela 9184,BT,1,2002-10-26 21:17:40,ACTIVO
1007548,6206,39,Calle Grau 2328,BT,4,2003-04-06 01:56:16,ACTIVO
1007549,6207,4,Calle El Sol 1165,BT,4,2006-09-22 13:43:41,ACTIVO
1007550,6207,4,Av. Bolívar 9266,MT,8,2014-09-09 10:53:57,ACTIVO
1007551,6208,4,Jr. Los Pinos 2489,BT,3,2011-11-13 21:47:19,ACTIVO
1007552,6209,43,Av. San Martín 8011,BT,3,2015-02-25 05:52:55,ACTIVO
1007553,6209,43,Pasaje El Sol 9814,BT,1,2016-10-16 13:50:41,ACTIVO
1007554,6210,19,Jr. San Martín 3694,BT,4,2006-05-07 17:25:25,ACTIVO
1007555,6211,3,Calle San Martín 7822,BT,8,2019-05-07 23:28:34,ACTIVO
1007556,6212,15,Jr. La Molina 4636,BT,1,2017-03-03 21:54:24,ACTIVO
1007557,6213,42,Jr. Bolívar 8777,BT,2,2004-04-30 13:59:10,ACTIVO
1007558,6214,36,Calle Bolívar 813,BT,3,2016-06-09 22:34:54,ACTIVO
1007559,6214,36,Psje. Panamericana 1679,BT,8,2005-08-29 14:09:21,ACTIVO
1007560,6215,32,Pasaje San Martín 6205,BT,3,2020-12-17 00:53:37,ACTIVO
1007561,6216,43,Calle La Molina 5367,BT,7,2022-04-30 00:00:00,ACTIVO
1007562,6217,28,Psje. El Sol 7131,BT,1,2004-12-18 03:14:28,ACTIVO
1007563,6218,13,Calle Venezuela 7043,BT,6,2014-04-08 20:37:28,ACTIVO
1007564,6219,9,Pasaje Los Pinos 1674,BT,4,2018-01-19 02:31:31,ACTIVO
1007565,6220,15,Psje. Bolívar 5400,BT,7,2009-08-28 21:38:14,ACTIVO
1007566,6221,9,Av. Los Pinos 4353,BT,8,2003-04-18 20:26:35,ACTIVO
1007567,6222,6,Jr. Universitaria 7659,BT,6,2017-11-06 14:33:01,ACTIVO
1007568,6223,13,Psje. Venezuela 9808,BT,7,2023-05-12 00:00:00,ACTIVO
1007569,6224,31,Psje. San Martín 729,BT,8,2013-03-19 03:17:55,ACTIVO
1007570,6225,7,Pasaje Venezuela 9350,BT,4,2007-03-19 12:40:12,ACTIVO
1007571,6226,31,Psje. Bolívar 7219,BT,3,2005-09-06 05:49:39,ACTIVO
1007572,6227,26,Jr. Panamericana 5875,BT,6,2013-09-11 22:51:06,ACTIVO
1007573,6228,9,Av. Los Pinos 3665,BT,5,2016-10-28 22:38:31,ACTIVO
1007574,6229,43,Pasaje Progreso 8842,BT,5,2003-06-23 11:01:02,ACTIVO
1007575,6230,9,Pasaje San Martín 1729,BT,3,2010-01-10 16:37:44,ACTIVO
1007576,6231,4,Pasaje El Sol 1354,BT,4,2015-09-23 16:17:23,ACTIVO
1007577,6232,29,Pasaje Grau 5224,BT,4,2001-01-07 13:29:57,ACTIVO
1007578,6233,6,Calle El Sol 7483,BT,4,2005-05-03 15:52:22,ACTIVO
1007579,6234,13,Calle Universitaria 651,BT,1,2011-01-03 05:35:54,ACTIVO
1007580,6235,20,Pasaje Panamericana 7121,BT,7,2001-12-26 18:56:56,ACTIVO
1007581,6236,9,Calle Venezuela 4047,BT,8,2012-02-21 22:21:05,ACTIVO
1007582,6237,20,Pasaje Los Pinos 5691,BT,3,2008-12-31 23:21:22,ACTIVO
1007583,6237,20,Jr. Universitaria 4381,BT,8,2004-11-21 03:46:25,ACTIVO
1007584,6238,34,Av. Progreso 8278,BT,6,2009-08-13 13:41:18,ACTIVO
1007585,6239,30,Av. El Sol 994,MT,3,2016-04-02 10:41:02,ACTIVO
1007586,6240,15,Av. Grau 3928,BT,3,2004-12-29 11:58:02,ACTIVO
1007587,6241,26,Pasaje Progreso 3216,BT,6,2003-02-08 20:11:36,ACTIVO
1007588,6242,7,Psje. Progreso 7017,BT,2,2007-03-25 22:03:46,ACTIVO
1007589,6243,29,Jr. San Martín 9656,BT,2,2015-07-30 20:44:39,ACTIVO
1007590,6244,7,Pasaje El Sol 6789,BT,8,2003-09-09 15:10:39,ACTIVO
1007591,6245,39,Pasaje Bolívar 9216,BT,5,2015-02-07 05:09:54,ACTIVO
1007592,6246,29,Pasaje Los Pinos 4275,BT,6,2007-07-15 12:57:29,ACTIVO
1007593,6247,40,Psje. El Sol 1866,BT,2,2012-12-05 06:04:44,ACTIVO
1007594,6248,9,Pasaje Universitaria 4593,BT,8,2008-06-20 13:02:07,ACTIVO
1007595,6249,39,Calle Progreso 9469,BT,1,2016-09-12 21:49:54,ACTIVO
1007596,6249,39,Psje. Universitaria 2503,BT,4,2000-07-11 03:04:51,ACTIVO
1007597,6250,38,Calle La Molina 8811,BT,2,2007-01-28 00:37:16,ACTIVO
1007598,6251,36,Calle Grau 2808,BT,6,2020-11-24 18:50:16,ACTIVO
1007599,6252,9,Psje. Panamericana 7448,BT,2,2001-02-04 05:40:22,ACTIVO
1007600,6252,9,Pasaje Panamericana 5095,BT,8,2002-05-28 14:18:19,ACTIVO
1007601,6253,28,Jr. La Molina 5146,BT,3,2003-03-12 17:33:43,ACTIVO
1007602,6254,30,Calle Grau 1463,BT,7,2000-06-13 13:15:52,ACTIVO
1007603,6255,9,Calle Universitaria 9538,BT,7,2020-03-13 17:20:07,ACTIVO
1007604,6256,37,Calle La Molina 6276,BT,4,2010-06-15 04:43:54,ACTIVO
1007605,6257,11,Psje. La Molina 5890,BT,1,2002-09-05 05:39:17,ACTIVO
1007606,6257,11,Calle Panamericana 4177,MT,3,2011-08-13 10:21:12,ACTIVO
1007607,6258,18,Av. El Sol 1866,BT,3,2018-03-16 23:12:52,ACTIVO
1007608,6259,13,Jr. Panamericana 3653,BT,1,2009-02-11 14:28:18,ACTIVO
1007609,6259,13,Pasaje Progreso 1688,BT,8,2014-12-25 10:42:05,ACTIVO
1007610,6259,13,Av. El Sol 2462,BT,7,2002-09-01 18:51:08,ACTIVO
1007611,6260,5,Pasaje Panamericana 1554,BT,2,2019-07-16 14:12:25,ACTIVO
1007612,6261,7,Jr. La Molina 2964,BT,7,2009-10-19 09:05:28,ACTIVO
1007613,6262,5,Pasaje Venezuela 9158,BT,8,2009-11-09 21:07:53,ACTIVO
1007614,6263,19,Calle La Molina 9479,BT,4,2008-02-18 10:02:08,ACTIVO
1007615,6264,29,Calle Los Pinos 3069,BT,1,2012-02-26 08:08:28,ACTIVO
1007616,6265,8,Jr. Grau 831,BT,1,2018-10-25 02:57:32,ACTIVO
1007617,6266,19,Jr. Progreso 1371,BT,8,2011-06-15 22:43:42,ACTIVO
1007618,6267,5,Jr. Grau 6957,BT,8,2002-06-23 09:48:43,ACTIVO
1007619,6267,5,Calle Universitaria 5382,BT,6,2002-09-01 08:48:35,ACTIVO
1007620,6268,18,Pasaje Progreso 8278,BT,5,2016-07-23 16:34:52,ACTIVO
1007621,6269,5,Av. Universitaria 2793,BT,6,2017-11-22 09:16:55,ACTIVO
1007622,6270,42,Pasaje Panamericana 3368,BT,6,2007-10-28 10:55:31,ACTIVO
1007623,6270,42,Calle Grau 6459,BT,5,2010-11-15 05:07:14,ACTIVO
1007624,6271,13,Pasaje Universitaria 7188,BT,6,2013-03-09 03:45:03,ACTIVO
1007625,6272,27,Av. Bolívar 3085,BT,8,2020-11-19 20:40:13,ACTIVO
1007626,6273,8,Pasaje Panamericana 6007,BT,4,2018-07-22 20:22:41,ACTIVO
1007627,6273,8,Av. El Sol 2280,BT,7,2020-02-20 12:17:05,ACTIVO
1007628,6274,5,Calle Grau 5609,BT,3,2004-10-17 22:18:24,ACTIVO
1007629,6275,20,Psje. La Molina 9741,BT,7,2015-05-24 22:28:14,ACTIVO
1007630,6276,15,Psje. Panamericana 7495,BT,1,2017-03-08 23:47:21,ACTIVO
1007631,6276,15,Pasaje Venezuela 3806,BT,2,2015-07-29 22:44:45,ACTIVO
1007632,6277,39,Calle Los Pinos 8031,BT,4,2019-11-28 13:44:10,ACTIVO
1007633,6278,21,Jr. El Sol 9814,BT,3,2003-07-17 15:39:29,ACTIVO
1007634,6279,17,Psje. Los Pinos 1227,BT,5,2013-11-06 21:19:34,SUSPENDIDO
1007635,6280,7,Jr. Venezuela 9531,BT,2,2020-02-19 20:57:54,ACTIVO
1007636,6281,15,Calle La Molina 5676,BT,6,2000-06-17 14:55:04,ACTIVO
1007637,6282,7,Av. Grau 6284,BT,3,2014-06-24 21:10:44,ACTIVO
1007638,6283,15,Psje. Venezuela 8973,BT,1,2014-05-25 13:48:08,ACTIVO
1007639,6284,13,Pasaje San Martín 5064,BT,3,2017-10-22 01:41:02,ACTIVO
1007640,6285,3,Jr. Los Pinos 4248,BT,6,2016-07-02 10:54:25,ACTIVO
1007641,6286,7,Calle Venezuela 9665,BT,6,2015-03-28 14:20:16,ACTIVO
1007642,6287,9,Av. Grau 7681,BT,8,2004-12-14 08:01:52,ACTIVO
1007643,6288,29,Psje. Los Pinos 7564,BT,7,2013-12-31 01:05:53,ACTIVO
1007644,6289,37,Calle Grau 386,BT,7,2019-11-05 02:37:21,ACTIVO
1007645,6290,15,Calle Universitaria 3160,BT,4,2002-01-26 02:33:27,ACTIVO
1007646,6291,15,Jr. Grau 1932,BT,6,2010-03-14 16:26:41,ACTIVO
1007647,6291,15,Psje. San Martín 5772,BT,2,2010-12-08 19:00:48,ACTIVO
1007648,6292,31,Pasaje Panamericana 2288,BT,1,2007-08-14 10:06:26,ACTIVO
1007649,6293,28,Jr. Grau 2080,BT,8,2012-03-01 09:08:36,ACTIVO
1007650,6294,13,Pasaje Bolívar 139,BT,7,2003-04-17 20:27:52,ACTIVO
1007651,6295,13,Calle San Martín 3168,BT,4,2013-08-03 06:42:17,ACTIVO
1007652,6296,36,Av. Bolívar 6832,BT,2,2000-10-14 03:33:33,ACTIVO
1007653,6296,36,Jr. Progreso 6868,BT,4,2009-06-08 03:07:19,ACTIVO
1007654,6297,23,Calle Bolívar 541,BT,8,2016-07-10 02:05:53,ACTIVO
1007655,6298,43,Av. Grau 3386,BT,1,2014-08-23 16:04:02,ACTIVO
1007656,6298,43,Pasaje Venezuela 5249,BT,8,2004-08-05 00:24:48,ACTIVO
1007657,6299,7,Psje. Los Pinos 8155,BT,6,2000-07-06 18:27:32,ACTIVO
1007658,6300,4,Calle Progreso 8450,BT,4,2006-08-06 11:01:32,ACTIVO
1007659,6301,43,Av. San Martín 1270,BT,4,2002-08-23 11:03:22,ACTIVO
1007660,6301,43,Jr. El Sol 5280,BT,7,2002-10-24 14:38:08,ACTIVO
1007661,6302,29,Jr. Grau 7710,BT,8,2010-08-21 14:38:26,ACTIVO
1007662,6303,24,Calle Universitaria 2667,BT,3,2013-11-09 23:17:40,SUSPENDIDO
1007663,6304,39,Psje. Panamericana 7057,BT,8,2015-07-02 19:47:02,ACTIVO
1007664,6305,21,Av. El Sol 4152,BT,5,2002-02-17 14:39:48,ACTIVO
1007665,6306,29,Psje. Los Pinos 7128,BT,6,2019-01-06 19:33:13,ACTIVO
1007666,6307,15,Jr. El Sol 4269,MT,7,2014-03-09 18:12:41,ACTIVO
1007667,6308,43,Psje. San Martín 4867,BT,4,2006-10-07 16:31:21,ACTIVO
1007668,6309,13,Pasaje El Sol 361,BT,6,2000-03-31 12:24:22,ACTIVO
1007669,6310,43,Psje. Los Pinos 7918,BT,4,2014-02-19 09:28:51,ACTIVO
1007670,6311,26,Av. El Sol 7842,BT,8,2018-11-12 16:33:42,ACTIVO
1007671,6312,12,Pasaje Universitaria 2087,BT,6,2000-03-25 09:49:22,ACTIVO
1007672,6313,29,Jr. San Martín 1759,BT,7,2010-04-15 04:38:38,ACTIVO
1007673,6313,29,Psje. Panamericana 822,BT,3,2018-04-22 23:27:39,ACTIVO
1007674,6314,29,Pasaje Grau 1841,BT,2,2011-05-14 06:24:54,ACTIVO
1007675,6315,43,Jr. Los Pinos 9953,BT,1,2009-07-03 16:10:42,ACTIVO
1007676,6316,39,Psje. Los Pinos 8713,BT,1,2016-05-04 21:38:53,ACTIVO
1007677,6317,33,Calle Los Pinos 8346,BT,3,2009-07-05 13:14:34,ACTIVO
1007678,6318,26,Av. Los Pinos 6878,BT,8,2006-11-28 21:42:32,ACTIVO
1007679,6319,3,Calle La Molina 8435,BT,1,2014-07-25 19:41:25,ACTIVO
1007680,6320,40,Psje. El Sol 5566,BT,4,2018-10-11 12:35:55,ACTIVO
1007681,6321,5,Calle Los Pinos 5904,BT,6,2024-06-10 00:00:00,ACTIVO
1007682,6322,3,Psje. Universitaria 4757,BT,3,2005-10-30 11:05:34,ACTIVO
1007683,6322,3,Calle Grau 4732,BT,4,2016-02-07 00:09:32,ACTIVO
1007684,6323,7,Psje. Los Pinos 9383,BT,1,2001-06-10 00:27:04,ACTIVO
1007685,6324,29,Pasaje Los Pinos 7655,BT,3,2000-07-18 22:18:03,ACTIVO
1007686,6325,7,Pasaje El Sol 9337,BT,3,2010-06-04 06:34:11,ACTIVO
1007687,6326,5,Pasaje La Molina 1644,BT,7,2014-05-26 10:22:18,ACTIVO
1007688,6327,15,Pasaje Bolívar 4889,BT,5,2011-09-06 18:40:00,ACTIVO
1007689,6327,15,Calle San Martín 1524,BT,2,2005-07-12 05:09:15,ACTIVO
1007690,6328,15,Av. San Martín 8200,BT,3,2018-03-27 00:42:14,ACTIVO
1007691,6329,43,Jr. San Martín 2357,BT,8,2018-01-23 17:21:34,ACTIVO
1007692,6330,9,Av. Bolívar 6102,BT,8,2009-02-17 23:20:43,ACTIVO
1007693,6330,9,Pasaje El Sol 7569,BT,1,2002-11-19 00:50:00,ACTIVO
1007694,6331,12,Pasaje Panamericana 3866,BT,6,2006-05-28 01:54:44,ACTIVO
1007695,6332,11,Pasaje Grau 3842,BT,5,2017-12-31 09:39:05,ACTIVO
1007696,6333,7,Calle Progreso 9128,MT,6,2013-06-29 06:36:06,ACTIVO
1007697,6334,9,Av. Venezuela 3605,BT,8,2012-12-29 09:09:14,ACTIVO
1007698,6335,7,Psje. El Sol 9585,BT,8,2000-11-14 16:56:36,ACTIVO
1007699,6336,34,Av. San Martín 6331,BT,1,2011-12-07 07:16:44,ACTIVO
1007700,6337,28,Pasaje El Sol 6413,BT,1,2009-12-18 17:22:11,ACTIVO
1007701,6338,9,Jr. Grau 6755,BT,3,2018-05-10 20:31:37,ACTIVO
1007702,6339,39,Jr. Universitaria 4075,BT,2,2000-03-04 10:48:35,ACTIVO
1007703,6340,24,Jr. Progreso 6847,BT,1,2010-01-09 13:18:22,INACTIVO
1007704,6340,24,Psje. Los Pinos 7531,BT,2,2005-05-08 11:33:32,ACTIVO
1007705,6341,13,Pasaje El Sol 4751,BT,7,2011-10-14 23:53:03,ACTIVO
1007706,6342,20,Calle Universitaria 3013,BT,4,2006-11-05 14:48:29,ACTIVO
1007707,6343,10,Psje. La Molina 9575,BT,3,2010-03-23 22:53:10,ACTIVO
1007708,6344,6,Jr. Panamericana 7294,BT,8,2012-12-15 17:43:50,ACTIVO
1007709,6345,19,Pasaje Los Pinos 7616,BT,2,2000-06-22 23:32:35,ACTIVO
1007710,6346,19,Psje. Progreso 5920,BT,1,2009-10-08 18:48:09,ACTIVO
1007711,6347,30,Av. La Molina 2619,BT,3,2006-12-09 17:54:18,ACTIVO
1007712,6348,1,Psje. Grau 2355,BT,2,2000-11-18 14:50:31,ACTIVO
1007713,6349,36,Pasaje Progreso 8948,BT,2,2011-12-16 03:57:54,ACTIVO
1007714,6350,36,Calle San Martín 3451,BT,3,2020-02-28 02:50:16,ACTIVO
1007715,6351,5,Pasaje Grau 3884,BT,8,2020-09-05 06:25:44,ACTIVO
1007716,6352,9,Av. Bolívar 8983,BT,5,2009-02-05 02:42:49,ACTIVO
1007717,6353,29,Calle Universitaria 1701,BT,2,2003-12-22 13:30:23,ACTIVO
1007718,6354,29,Jr. El Sol 8157,BT,3,2017-09-11 16:12:22,ACTIVO
1007719,6354,29,Calle Bolívar 4063,BT,1,2020-03-04 22:27:32,ACTIVO
1007720,6355,39,Pasaje Progreso 8800,BT,2,2024-07-22 00:00:00,ACTIVO
1007721,6356,3,Jr. Grau 3921,BT,4,2018-09-07 18:13:38,ACTIVO
1007722,6357,7,Psje. Progreso 8907,BT,5,2020-02-09 15:16:45,ACTIVO
1007723,6358,39,Calle Venezuela 3593,BT,8,2017-08-12 05:59:46,ACTIVO
1007724,6359,9,Psje. Universitaria 6603,BT,3,2004-05-09 09:50:04,ACTIVO
1007725,6360,7,Pasaje El Sol 7242,BT,1,2018-08-27 03:53:27,ACTIVO
1007726,6361,30,Jr. Panamericana 7936,BT,7,2010-12-21 13:58:27,ACTIVO
1007727,6362,27,Pasaje San Martín 3568,BT,2,2009-09-15 06:03:29,ACTIVO
1007728,6362,27,Pasaje Progreso 9543,BT,3,2011-09-27 06:03:14,ACTIVO
1007729,6362,27,Av. Bolívar 6389,BT,6,2009-01-01 03:19:16,ACTIVO
1007730,6363,31,Jr. Universitaria 6371,BT,3,2000-01-12 05:05:59,ACTIVO
1007731,6364,19,Pasaje El Sol 6031,MT,3,2013-05-15 19:50:04,ACTIVO
1007732,6364,19,Psje. Venezuela 298,MT,7,2009-11-29 13:53:07,INACTIVO
1007733,6365,30,Jr. Los Pinos 5463,BT,5,2008-12-22 22:03:37,ACTIVO
1007734,6366,15,Psje. El Sol 5877,BT,7,2013-12-02 07:37:32,ACTIVO
1007735,6367,40,Pasaje Progreso 1219,BT,5,2006-01-21 23:24:07,ACTIVO
1007736,6367,40,Calle San Martín 7080,BT,2,2011-07-29 13:51:12,ACTIVO
1007737,6368,28,Psje. Venezuela 6726,BT,2,2009-01-22 03:30:50,ACTIVO
1007738,6369,4,Calle Universitaria 9308,BT,7,2019-09-16 01:09:05,ACTIVO
1007739,6369,4,Pasaje Los Pinos 6383,MT,6,2018-02-07 21:16:36,ACTIVO
1007740,6370,15,Pasaje Grau 8408,BT,2,2016-08-07 13:05:10,ACTIVO
1007741,6371,4,Jr. El Sol 5459,BT,3,2000-03-31 17:42:02,ACTIVO
1007742,6372,38,Jr. Panamericana 9870,BT,6,2006-02-28 18:32:12,ACTIVO
1007743,6372,38,Jr. San Martín 5623,BT,6,2011-10-15 09:49:55,ACTIVO
1007744,6372,38,Calle La Molina 5923,BT,6,2013-02-03 20:33:29,ACTIVO
1007745,6373,4,Calle Los Pinos 2083,BT,6,2004-09-17 15:21:34,ACTIVO
1007746,6374,9,Calle Universitaria 350,BT,4,2003-05-14 05:38:18,ACTIVO
1007747,6375,15,Jr. La Molina 8464,BT,2,2005-06-29 03:40:08,ACTIVO
1007748,6376,9,Calle Panamericana 5019,BT,1,2000-08-07 00:12:28,ACTIVO
1007749,6377,7,Jr. Los Pinos 6718,BT,6,2001-03-31 06:45:48,ACTIVO
1007750,6377,7,Jr. Bolívar 8582,BT,3,2000-11-10 08:43:11,ACTIVO
1007751,6378,3,Jr. Panamericana 9363,MT,4,2012-03-13 04:25:40,ACTIVO
1007752,6379,20,Pasaje Los Pinos 1374,BT,2,2000-05-25 19:06:41,ACTIVO
1007753,6380,38,Calle San Martín 410,BT,4,2016-04-14 13:27:44,ACTIVO
1007754,6381,7,Calle Progreso 8204,BT,3,2002-07-04 00:30:10,ACTIVO
1007755,6382,37,Av. Venezuela 534,MT,8,2014-05-09 03:41:27,ACTIVO
1007756,6383,13,Av. Los Pinos 1711,BT,7,2012-09-11 18:43:01,ACTIVO
1007757,6384,39,Psje. Universitaria 1415,BT,7,2014-12-26 05:20:48,ACTIVO
1007758,6385,38,Jr. Los Pinos 8051,BT,1,2001-03-22 17:49:24,ACTIVO
1007759,6386,1,Av. El Sol 5339,BT,7,2018-05-03 19:19:05,ACTIVO
1007760,6387,27,Jr. Bolívar 2331,BT,5,2002-08-05 03:42:08,INACTIVO
1007761,6388,15,Jr. La Molina 3625,BT,2,2017-06-04 01:01:54,ACTIVO
1007762,6388,15,Pasaje Los Pinos 9629,BT,3,2013-11-20 05:09:44,ACTIVO
1007763,6389,30,Calle Los Pinos 7954,BT,5,2017-03-18 18:35:59,SUSPENDIDO
1007764,6390,3,Psje. San Martín 9760,MT,3,2013-02-13 00:57:03,ACTIVO
1007765,6391,2,Calle Los Pinos 5760,BT,5,2020-01-01 00:00:00,ACTIVO
1007766,6392,26,Jr. Los Pinos 1435,BT,4,2020-05-18 16:28:57,ACTIVO
1007767,6393,38,Calle Venezuela 6078,BT,2,2015-12-21 15:58:25,INACTIVO
1007768,6394,16,Calle San Martín 1383,BT,4,2017-02-24 13:55:18,ACTIVO
1007769,6395,32,Calle Venezuela 3104,BT,4,2018-08-25 21:34:20,ACTIVO
1007770,6396,15,Calle Bolívar 3981,BT,4,2009-09-28 03:48:16,ACTIVO
1007771,6397,9,Pasaje Panamericana 4123,BT,7,2012-09-24 18:21:12,ACTIVO
1007772,6398,8,Calle Los Pinos 6440,BT,4,2013-01-11 21:09:06,ACTIVO
1007773,6399,7,Av. La Molina 6392,BT,4,2024-06-07 00:00:00,ACTIVO
1007774,6399,7,Calle Venezuela 4648,BT,6,2012-08-29 09:40:46,ACTIVO
1007775,6399,7,Calle Los Pinos 9105,BT,4,2014-08-18 14:55:29,ACTIVO
1007776,6400,39,Calle El Sol 1559,MT,2,2013-10-06 04:36:28,ACTIVO
1007777,6401,15,Av. Venezuela 3080,BT,4,2020-09-10 01:03:30,ACTIVO
1007778,6402,9,Calle Panamericana 7694,BT,6,2011-02-17 09:39:37,ACTIVO
1007779,6403,26,Av. Progreso 3098,BT,8,2008-12-29 21:14:13,ACTIVO
1007780,6404,43,Psje. El Sol 7729,BT,1,2008-02-06 15:06:59,ACTIVO
1007781,6405,15,Jr. Panamericana 7757,BT,5,2005-07-14 17:18:30,ACTIVO
1007782,6405,15,Jr. Panamericana 9901,BT,7,2002-06-08 11:57:24,ACTIVO
1007783,6406,3,Av. San Martín 5855,BT,3,2007-03-15 13:46:15,ACTIVO
1007784,6407,24,Calle Venezuela 1967,BT,5,2017-09-06 11:19:44,ACTIVO
1007785,6408,15,Av. Venezuela 431,BT,6,2002-09-30 07:05:31,ACTIVO
1007786,6409,9,Psje. Panamericana 3119,BT,5,2005-11-26 22:47:44,ACTIVO
1007787,6410,9,Av. Bolívar 1743,BT,5,2020-11-02 09:32:32,ACTIVO
1007788,6411,37,Calle Panamericana 7068,BT,3,2020-09-12 23:08:18,ACTIVO
1007789,6412,5,Psje. Los Pinos 3386,BT,6,2009-08-01 08:03:23,ACTIVO
1007790,6413,13,Jr. La Molina 8952,BT,3,2019-09-25 02:48:07,ACTIVO
1007791,6414,15,Pasaje La Molina 7812,BT,8,2001-03-08 16:22:54,ACTIVO
1007792,6415,29,Pasaje Panamericana 5926,BT,3,2008-09-21 22:24:15,ACTIVO
1007793,6415,29,Pasaje Venezuela 4404,BT,5,2012-04-01 01:34:34,ACTIVO
1007794,6416,26,Psje. Venezuela 4560,BT,4,2023-06-11 00:00:00,ACTIVO
1007795,6416,26,Jr. Grau 5995,BT,3,2012-12-06 19:30:37,ACTIVO
1007796,6417,43,Av. Los Pinos 2893,BT,1,2020-05-29 15:10:18,ACTIVO
1007797,6418,9,Jr. Progreso 7116,BT,8,2006-04-21 18:04:52,ACTIVO
1007798,6418,9,Calle Bolívar 8195,BT,8,2014-05-31 00:43:41,ACTIVO
1007799,6419,19,Calle El Sol 8783,BT,5,2019-08-28 07:34:40,ACTIVO
1007800,6420,39,Psje. Grau 4349,BT,2,2000-01-19 13:27:15,ACTIVO
1007801,6421,10,Psje. Venezuela 5752,BT,8,2015-05-23 07:28:31,ACTIVO
1007802,6422,30,Psje. Los Pinos 1567,BT,1,2001-04-02 20:57:15,ACTIVO
1007803,6422,30,Pasaje Venezuela 2196,BT,1,2004-05-10 11:29:40,ACTIVO
1007804,6423,12,Jr. Progreso 5157,BT,1,2016-12-08 11:24:09,ACTIVO
1007805,6424,39,Calle Universitaria 6186,BT,6,2019-08-27 09:47:50,ACTIVO
1007806,6425,30,Pasaje Venezuela 2168,BT,5,2018-01-07 18:27:56,ACTIVO
1007807,6425,30,Jr. Grau 2980,BT,5,2005-09-27 11:26:22,ACTIVO
1007808,6426,7,Jr. Venezuela 3541,BT,1,2015-05-08 23:34:47,ACTIVO
1007809,6427,28,Calle La Molina 5975,BT,5,2016-10-24 09:53:50,ACTIVO
1007810,6428,15,Pasaje Panamericana 342,BT,7,2000-03-14 08:51:11,ACTIVO
1007811,6429,4,Psje. Los Pinos 5801,BT,7,2012-05-02 03:26:44,ACTIVO
1007812,6430,3,Pasaje San Martín 9857,BT,3,2006-02-19 22:58:55,SUSPENDIDO
1007813,6431,4,Calle La Molina 1165,BT,1,2006-12-05 10:28:14,ACTIVO
1007814,6432,29,Calle La Molina 4403,BT,4,2008-09-05 12:15:41,ACTIVO
1007815,6433,7,Av. La Molina 6810,BT,4,2012-03-22 20:42:31,ACTIVO
1007816,6434,15,Psje. El Sol 841,BT,7,2016-12-01 17:44:14,ACTIVO
1007817,6435,43,Pasaje Universitaria 3089,BT,4,2010-02-16 07:25:37,ACTIVO
1007818,6435,43,Av. Panamericana 9052,BT,1,2020-03-16 08:28:40,ACTIVO
1007819,6435,43,Psje. Grau 4411,BT,6,2011-05-02 01:35:20,ACTIVO
1007820,6436,40,Pasaje Los Pinos 1753,BT,5,2012-02-19 05:38:29,ACTIVO
1007821,6437,30,Calle Grau 5290,BT,6,2014-06-17 07:54:25,ACTIVO
1007822,6438,22,Psje. La Molina 268,BT,4,2009-12-18 15:31:53,ACTIVO
1007823,6439,5,Pasaje Grau 8646,BT,6,2023-06-21 00:00:00,ACTIVO
1007824,6440,40,Psje. San Martín 4944,BT,8,2013-06-04 04:54:51,INACTIVO
1007825,6441,40,Jr. La Molina 9398,BT,3,2012-03-18 21:15:32,ACTIVO
1007826,6442,39,Av. Grau 6947,BT,1,2006-08-18 19:05:44,ACTIVO
1007827,6443,16,Jr. Universitaria 5489,BT,7,2015-01-06 12:24:21,ACTIVO
1007828,6444,15,Av. Panamericana 651,BT,4,2006-09-10 13:14:39,ACTIVO
1007829,6445,40,Calle Grau 5134,BT,3,2004-06-06 11:27:00,INACTIVO
1007830,6446,39,Av. Panamericana 7170,BT,3,2004-03-09 12:54:59,ACTIVO
1007831,6446,39,Pasaje La Molina 5398,BT,2,2010-12-29 23:01:13,ACTIVO
1007832,6447,20,Psje. La Molina 735,BT,8,2024-11-24 00:00:00,ACTIVO
1007833,6448,3,Calle Panamericana 9402,BT,5,2003-02-05 09:25:07,ACTIVO
1007834,6448,3,Av. Panamericana 9760,BT,6,2017-01-31 12:30:07,SUSPENDIDO
1007835,6449,38,Jr. Venezuela 8577,BT,1,2013-06-06 17:36:56,ACTIVO
1007836,6449,38,Av. Los Pinos 6554,BT,8,2007-09-05 07:10:36,ACTIVO
1007837,6450,30,Psje. Progreso 604,BT,1,2015-03-23 02:35:38,ACTIVO
1007838,6450,30,Av. Progreso 2878,BT,1,2016-05-16 08:17:47,ACTIVO
1007839,6451,38,Psje. Panamericana 6713,BT,2,2020-11-09 18:17:25,ACTIVO
1007840,6452,14,Psje. La Molina 5152,BT,8,2017-06-01 00:21:05,INACTIVO
1007841,6453,4,Jr. Bolívar 9730,BT,1,2017-11-19 16:59:58,ACTIVO
1007842,6454,39,Jr. Progreso 4836,BT,1,2018-12-24 13:53:05,ACTIVO
1007843,6455,2,Psje. El Sol 6665,BT,7,2015-03-25 02:13:07,ACTIVO
1007844,6455,2,Psje. Venezuela 9524,BT,3,2016-09-05 04:07:43,ACTIVO
1007845,6456,28,Av. La Molina 9502,BT,3,2015-10-23 15:20:11,ACTIVO
1007846,6457,28,Calle Venezuela 3955,BT,6,2021-11-21 00:00:00,ACTIVO
1007847,6458,3,Pasaje Los Pinos 7693,BT,3,2021-11-28 00:00:00,ACTIVO
1007848,6459,5,Jr. Los Pinos 5217,BT,7,2014-11-27 01:33:10,ACTIVO
1007849,6460,5,Psje. Los Pinos 7183,BT,2,2002-01-04 03:38:59,ACTIVO
1007850,6461,9,Calle San Martín 4245,BT,5,2002-09-17 22:00:31,SUSPENDIDO
1007851,6462,5,Calle Progreso 6066,BT,8,2006-08-14 12:31:36,ACTIVO
1007852,6463,15,Av. El Sol 7046,BT,2,2006-10-30 13:46:11,ACTIVO
1007853,6464,15,Psje. Universitaria 7672,BT,8,2004-03-08 21:16:10,ACTIVO
1007854,6465,3,Jr. Panamericana 979,BT,1,2015-03-02 17:53:03,ACTIVO
1007855,6466,27,Jr. Grau 6782,BT,8,2007-03-03 04:40:25,ACTIVO
1007856,6467,5,Calle Grau 3908,BT,8,2003-10-17 02:00:17,ACTIVO
1007857,6468,2,Calle Grau 4481,BT,8,2012-12-14 15:27:43,INACTIVO
1007858,6468,2,Jr. Universitaria 5707,MT,3,2012-08-18 19:48:24,ACTIVO
1007859,6469,38,Jr. La Molina 7991,BT,2,2013-07-29 12:22:24,ACTIVO
1007860,6470,23,Av. Venezuela 326,BT,2,2019-11-27 21:57:37,ACTIVO
1007861,6471,13,Av. San Martín 5609,BT,7,2005-11-25 09:58:03,ACTIVO
1007862,6472,9,Pasaje Panamericana 5128,BT,4,2019-08-13 01:44:03,ACTIVO
1007863,6473,12,Av. San Martín 9045,BT,1,2003-03-15 01:06:34,ACTIVO
1007864,6473,12,Jr. Panamericana 5772,BT,2,2013-10-03 23:42:02,ACTIVO
1007865,6474,26,Calle San Martín 8466,BT,7,2006-11-29 07:41:29,ACTIVO
1007866,6475,7,Av. El Sol 4502,BT,1,2010-10-23 09:43:20,ACTIVO
1007867,6476,19,Pasaje Los Pinos 4088,BT,7,2013-12-27 09:13:07,ACTIVO
1007868,6477,23,Calle Bolívar 9081,BT,5,2005-01-02 09:48:35,ACTIVO
1007869,6478,40,Jr. San Martín 3150,BT,4,2003-11-14 22:16:44,ACTIVO
1007870,6479,40,Jr. Universitaria 7033,BT,1,2002-10-26 05:58:56,ACTIVO
1007871,6480,29,Av. El Sol 3085,BT,8,2010-02-24 20:28:29,ACTIVO
1007872,6480,29,Psje. Panamericana 4043,BT,3,2002-09-09 19:28:18,ACTIVO
1007873,6481,15,Av. Grau 8180,BT,6,2010-09-18 13:07:07,ACTIVO
1007874,6482,21,Jr. Venezuela 9071,BT,6,2003-07-20 08:39:45,ACTIVO
1007875,6483,30,Av. Los Pinos 4812,BT,2,2010-06-05 07:55:00,ACTIVO
1007876,6484,5,Jr. Progreso 1829,BT,2,2011-07-11 09:57:22,ACTIVO
1007877,6485,7,Av. Grau 8554,BT,2,2015-11-07 21:59:25,ACTIVO
1007878,6486,5,Calle La Molina 9739,BT,7,2014-05-17 17:19:33,ACTIVO
1007879,6487,31,Jr. La Molina 8193,BT,6,2010-01-18 18:04:17,ACTIVO
1007880,6488,30,Pasaje San Martín 8951,BT,4,2004-07-20 01:20:03,ACTIVO
1007881,6489,15,Calle Universitaria 5528,BT,8,2016-03-19 11:25:06,ACTIVO
1007882,6490,28,Psje. Panamericana 2967,BT,1,2009-03-07 09:06:59,ACTIVO
1007883,6491,41,Calle San Martín 1941,BT,1,2001-05-15 23:43:19,ACTIVO
1007884,6492,27,Pasaje Venezuela 8386,BT,6,2014-04-04 14:24:07,ACTIVO
1007885,6493,9,Jr. Venezuela 9984,BT,4,2002-05-04 00:04:50,ACTIVO
1007886,6494,30,Psje. San Martín 8105,BT,4,2016-06-07 14:59:01,ACTIVO
1007887,6494,30,Av. Universitaria 6281,BT,2,2008-11-17 14:32:18,ACTIVO
1007888,6495,3,Pasaje Panamericana 400,BT,8,2001-06-27 00:10:28,ACTIVO
1007889,6496,3,Av. El Sol 3798,BT,6,2015-07-10 16:15:02,ACTIVO
1007890,6497,40,Pasaje Venezuela 9750,BT,5,2003-07-15 23:25:05,ACTIVO
1007891,6498,3,Psje. Los Pinos 2386,BT,5,2010-12-01 11:08:42,ACTIVO
1007892,6499,16,Calle San Martín 5279,BT,3,2018-06-18 16:07:59,ACTIVO
1007893,6499,16,Pasaje El Sol 9643,BT,1,2015-01-18 17:47:00,ACTIVO
1007894,6500,26,Pasaje Grau 7685,BT,2,2008-03-20 02:56:08,ACTIVO
1007895,6501,40,Pasaje Progreso 4739,BT,6,2013-10-21 06:07:22,ACTIVO
1007896,6502,3,Jr. Progreso 4207,BT,4,2017-07-31 07:06:06,ACTIVO
1007897,6503,4,Av. Bolívar 2172,BT,2,2003-05-25 04:24:43,ACTIVO
1007898,6504,29,Psje. Grau 6044,BT,5,2017-06-17 21:03:51,ACTIVO
1007899,6505,38,Pasaje Bolívar 7333,BT,4,2018-03-28 20:23:04,ACTIVO
1007900,6506,33,Calle Venezuela 5275,BT,5,2020-11-24 13:47:00,ACTIVO
1007901,6507,4,Av. Universitaria 3764,BT,7,2016-04-15 10:26:29,ACTIVO
1007902,6508,4,Calle Bolívar 4028,BT,7,2008-04-18 21:11:58,ACTIVO
1007903,6509,9,Jr. Los Pinos 5471,BT,8,2012-03-23 13:34:44,ACTIVO
1007904,6510,40,Av. El Sol 9500,BT,4,2007-05-02 06:04:22,ACTIVO
1007905,6511,26,Calle La Molina 2285,BT,3,2016-09-25 14:15:33,ACTIVO
1007906,6512,15,Av. Venezuela 4864,BT,6,2002-11-12 08:23:36,ACTIVO
1007907,6513,26,Psje. Bolívar 2432,BT,7,2006-09-23 19:20:46,ACTIVO
1007908,6514,15,Psje. Los Pinos 4338,BT,5,2024-04-26 00:00:00,ACTIVO
1007909,6515,15,Calle San Martín 5037,BT,3,2001-07-23 09:49:15,ACTIVO
1007910,6516,9,Av. San Martín 1759,BT,5,2019-04-08 21:58:28,ACTIVO
1007911,6517,26,Jr. Bolívar 9608,BT,5,2006-03-04 13:42:59,ACTIVO
1007912,6518,19,Psje. San Martín 1020,BT,7,2017-10-30 12:45:57,ACTIVO
1007913,6519,23,Av. Panamericana 7437,BT,7,2000-11-06 05:38:49,ACTIVO
1007914,6520,37,Calle Venezuela 1085,BT,8,2014-01-22 10:19:46,ACTIVO
1007915,6521,43,Calle Grau 9663,BT,1,2008-12-13 08:25:57,ACTIVO
1007916,6522,32,Jr. San Martín 8706,BT,8,2020-04-21 18:11:07,ACTIVO
1007917,6522,32,Av. El Sol 4996,BT,4,2005-12-16 00:43:19,ACTIVO
1007918,6522,32,Jr. Panamericana 1259,BT,4,2017-07-29 03:40:03,ACTIVO
1007919,6523,43,Av. Panamericana 5594,BT,7,2006-03-03 12:09:47,ACTIVO
1007920,6524,30,Psje. La Molina 3670,BT,6,2005-10-19 01:01:20,ACTIVO
1007921,6525,5,Av. Bolívar 8882,BT,5,2005-03-21 22:01:18,ACTIVO
1007922,6526,28,Pasaje Universitaria 608,MT,8,2010-01-18 12:43:12,ACTIVO
1007923,6527,15,Av. Bolívar 5723,BT,8,2017-11-20 12:17:56,ACTIVO
1007924,6528,20,Psje. La Molina 1388,BT,1,2009-11-29 07:30:05,ACTIVO
1007925,6529,38,Calle La Molina 2073,MT,2,2013-05-23 06:15:27,ACTIVO
1007926,6530,38,Av. San Martín 3146,BT,6,2011-09-19 00:51:13,ACTIVO
1007927,6531,38,Pasaje Progreso 655,BT,4,2010-12-27 12:41:44,ACTIVO
1007928,6532,9,Psje. Venezuela 1975,BT,6,2004-12-02 08:24:59,ACTIVO
1007929,6532,9,Av. Universitaria 2994,BT,7,2020-06-24 22:28:50,ACTIVO
1007930,6533,15,Psje. Universitaria 8606,BT,8,2014-01-19 02:52:46,ACTIVO
1007931,6534,28,Psje. El Sol 4255,BT,1,2021-09-26 00:00:00,ACTIVO
1007932,6535,27,Jr. Bolívar 1983,BT,6,2003-08-31 11:39:00,ACTIVO
1007933,6536,24,Pasaje Venezuela 1842,BT,2,2010-11-01 05:44:50,ACTIVO
1007934,6537,43,Jr. Grau 1115,BT,3,2008-06-27 20:44:08,ACTIVO
1007935,6538,39,Jr. Progreso 2671,BT,4,2007-11-01 03:10:29,ACTIVO
1007936,6538,39,Jr. San Martín 1774,MT,3,2008-11-24 17:50:57,ACTIVO
1007937,6539,29,Av. La Molina 4184,BT,7,2006-04-08 00:36:49,ACTIVO
1007938,6540,3,Av. El Sol 4853,BT,8,2007-10-13 07:56:24,ACTIVO
1007939,6541,40,Psje. Progreso 2108,BT,4,2004-11-26 12:41:48,ACTIVO
1007940,6542,43,Pasaje Los Pinos 8306,BT,5,2017-10-31 03:40:09,ACTIVO
1007941,6543,30,Calle El Sol 2513,BT,4,2016-11-21 19:33:36,ACTIVO
1007942,6543,30,Psje. Progreso 6365,BT,8,2007-11-21 06:49:45,ACTIVO
1007943,6543,30,Psje. El Sol 825,BT,7,2012-10-16 22:24:54,ACTIVO
1007944,6544,28,Pasaje San Martín 6342,BT,8,2014-01-24 00:18:10,ACTIVO
1007945,6545,3,Calle Universitaria 6722,BT,5,2019-05-11 07:48:29,ACTIVO
1007946,6546,43,Calle Los Pinos 7273,BT,1,2012-05-31 00:15:13,ACTIVO
1007947,6547,15,Av. Bolívar 6091,BT,7,2013-09-25 17:10:23,ACTIVO
1007948,6548,15,Calle San Martín 7339,BT,4,2001-05-17 09:41:25,ACTIVO
1007949,6549,5,Av. Panamericana 391,BT,6,2012-02-21 01:53:20,ACTIVO
1007950,6550,5,Psje. Universitaria 8468,BT,8,2013-06-07 12:13:23,ACTIVO
1007951,6551,39,Pasaje Bolívar 5563,BT,7,2002-11-06 01:50:59,ACTIVO
1007952,6552,15,Pasaje San Martín 6324,BT,1,2018-10-18 18:54:36,ACTIVO
1007953,6553,28,Calle Progreso 8818,BT,4,2008-05-27 04:42:48,ACTIVO
1007954,6553,28,Calle Grau 7706,BT,7,2010-08-02 23:19:15,ACTIVO
1007955,6554,29,Calle Bolívar 436,BT,2,2014-01-02 09:36:46,ACTIVO
1007956,6555,15,Psje. Universitaria 572,BT,7,2004-03-11 11:17:17,ACTIVO
1007957,6556,26,Calle San Martín 5219,BT,8,2010-10-10 19:06:16,ACTIVO
1007958,6557,29,Pasaje Los Pinos 4104,BT,3,2009-07-12 13:53:18,ACTIVO
1007959,6558,42,Calle La Molina 8008,BT,4,2017-12-08 22:53:54,ACTIVO
1007960,6559,40,Jr. Bolívar 666,BT,7,2006-11-24 17:13:20,ACTIVO
1007961,6560,2,Psje. La Molina 2754,BT,2,2013-03-22 10:41:56,ACTIVO
1007962,6561,26,Jr. Progreso 6917,BT,1,2005-03-09 13:29:53,ACTIVO
1007963,6562,9,Calle La Molina 2537,BT,7,2003-08-18 06:00:13,ACTIVO
1007964,6562,9,Psje. Venezuela 6342,BT,1,2014-05-09 05:28:43,ACTIVO
1007965,6563,3,Av. San Martín 6225,BT,2,2004-12-23 16:21:25,ACTIVO
1007966,6564,15,Pasaje Panamericana 8444,BT,5,2015-03-04 06:50:39,ACTIVO
1007967,6565,3,Psje. Universitaria 7527,BT,2,2021-10-05 00:00:00,ACTIVO
1007968,6566,3,Jr. San Martín 9801,BT,7,2008-12-24 20:31:00,ACTIVO
1007969,6567,40,Av. Los Pinos 8096,BT,1,2014-12-23 21:42:32,ACTIVO
1007970,6568,9,Jr. La Molina 8757,BT,3,2006-07-03 19:40:17,ACTIVO
1007971,6569,5,Pasaje Universitaria 1201,BT,8,2012-12-29 13:32:16,ACTIVO
1007972,6570,3,Jr. El Sol 3013,BT,8,2024-11-20 00:00:00,ACTIVO
1007973,6571,43,Av. Venezuela 6634,BT,8,2024-05-05 00:00:00,ACTIVO
1007974,6572,28,Av. Grau 4527,BT,3,2018-06-19 20:35:08,ACTIVO
1007975,6573,1,Jr. Venezuela 8703,BT,6,2002-01-27 08:44:22,ACTIVO
1007976,6574,33,Jr. Venezuela 1187,BT,3,2008-10-29 07:26:04,ACTIVO
1007977,6575,7,Av. Universitaria 301,BT,6,2005-12-04 05:29:00,SUSPENDIDO
1007978,6575,7,Av. Progreso 6367,BT,2,2003-06-22 00:03:32,ACTIVO
1007979,6576,15,Av. Los Pinos 8578,BT,2,2009-08-10 23:03:33,ACTIVO
1007980,6577,36,Psje. El Sol 5717,BT,8,2003-05-25 15:05:10,ACTIVO
1007981,6578,15,Calle Progreso 3681,BT,6,2010-09-11 08:11:04,ACTIVO
1007982,6579,40,Pasaje Universitaria 9573,BT,7,2003-08-11 20:25:30,ACTIVO
1007983,6580,7,Pasaje Venezuela 655,BT,5,2010-07-04 07:18:33,ACTIVO
1007984,6580,7,Pasaje Grau 2098,BT,7,2016-08-27 15:59:11,ACTIVO
1007985,6581,28,Calle Panamericana 347,BT,6,2003-06-07 17:39:17,ACTIVO
1007986,6582,21,Pasaje Universitaria 905,BT,3,2006-01-19 09:34:39,ACTIVO
1007987,6582,21,Pasaje Universitaria 476,BT,5,2004-11-16 00:06:00,ACTIVO
1007988,6583,30,Av. Grau 1749,BT,2,2020-02-05 22:22:05,ACTIVO
1007989,6584,13,Pasaje Progreso 1514,BT,1,2012-11-23 18:34:30,ACTIVO
1007990,6585,29,Pasaje Progreso 6368,BT,4,2016-11-24 16:57:45,ACTIVO
1007991,6585,29,Pasaje Panamericana 8185,BT,3,2003-01-13 13:03:28,ACTIVO
1007992,6585,29,Jr. Panamericana 3420,BT,1,2010-01-10 08:32:18,ACTIVO
1007993,6586,5,Av. Progreso 537,BT,3,2018-03-03 13:01:52,ACTIVO
1007994,6587,30,Pasaje Grau 7039,BT,6,2010-12-12 09:55:24,ACTIVO
1007995,6588,3,Av. Progreso 3865,BT,8,2010-01-15 23:42:17,ACTIVO
1007996,6589,15,Av. Grau 9628,BT,7,2018-04-29 07:56:37,SUSPENDIDO
1007997,6590,20,Jr. La Molina 2993,BT,4,2002-11-27 13:59:34,ACTIVO
1007998,6591,39,Calle Los Pinos 1234,BT,5,2018-05-01 19:09:28,ACTIVO
1007999,6592,29,Calle El Sol 3415,BT,2,2009-01-30 06:39:24,ACTIVO
1008000,6593,4,Av. Panamericana 5841,BT,3,2015-12-16 19:04:21,ACTIVO
1008001,6594,40,Av. Venezuela 5692,BT,7,2016-06-25 21:30:32,ACTIVO
1008002,6594,40,Jr. San Martín 6735,BT,7,2012-07-06 06:08:14,ACTIVO
1008003,6595,15,Av. El Sol 3738,BT,4,2014-11-24 05:38:50,ACTIVO
1008004,6596,3,Jr. Panamericana 3259,BT,4,2015-11-22 10:26:58,ACTIVO
1008005,6597,30,Calle Venezuela 9498,BT,7,2003-08-16 21:45:25,ACTIVO
1008006,6597,30,Calle Venezuela 8124,BT,1,2011-03-24 15:08:36,ACTIVO
1008007,6598,13,Pasaje Progreso 699,MT,5,2020-01-12 15:38:57,ACTIVO
1008008,6599,7,Jr. Panamericana 2603,BT,4,2015-06-19 08:09:19,ACTIVO
1008009,6600,39,Calle Bolívar 1595,BT,2,2010-04-10 22:22:53,SUSPENDIDO
1008010,6601,15,Jr. El Sol 9934,BT,4,2014-07-05 05:02:08,ACTIVO
1008011,6602,28,Av. Venezuela 3079,BT,2,2012-04-05 13:44:48,ACTIVO
1008012,6603,16,Jr. Bolívar 3632,BT,7,2005-06-22 10:02:03,ACTIVO
1008013,6603,16,Jr. Panamericana 7788,BT,7,2007-07-21 02:53:48,ACTIVO
1008014,6604,39,Av. Los Pinos 1030,BT,5,2017-03-19 18:53:08,ACTIVO
1008015,6605,15,Pasaje Panamericana 5697,BT,7,2012-02-07 04:30:18,ACTIVO
1008016,6605,15,Pasaje Bolívar 8064,BT,5,2012-01-30 12:50:50,ACTIVO
1008017,6606,3,Av. Panamericana 6830,BT,1,2015-11-13 02:18:39,ACTIVO
1008018,6607,1,Jr. San Martín 412,BT,4,2003-04-10 07:06:56,ACTIVO
1008019,6608,38,Calle La Molina 5789,BT,3,2004-01-22 01:09:33,ACTIVO
1008020,6609,32,Psje. Bolívar 1456,BT,6,2008-10-28 10:29:02,ACTIVO
1008021,6610,7,Calle Bolívar 1715,BT,3,2011-05-29 23:52:32,ACTIVO
1008022,6611,13,Calle Bolívar 9145,BT,8,2000-10-02 02:47:50,ACTIVO
1008023,6612,16,Psje. Grau 9000,BT,6,2010-08-30 12:44:45,INACTIVO
1008024,6613,28,Jr. Bolívar 9619,BT,6,2006-01-14 14:26:21,ACTIVO
1008025,6614,14,Psje. San Martín 9627,BT,7,2001-12-07 22:41:43,ACTIVO
1008026,6615,16,Jr. Bolívar 3369,BT,5,2004-06-24 18:44:05,ACTIVO
1008027,6615,16,Pasaje Venezuela 8740,BT,3,2010-03-13 20:46:47,ACTIVO
1008028,6616,9,Psje. Universitaria 5989,BT,8,2014-01-29 06:46:43,ACTIVO
1008029,6616,9,Pasaje Panamericana 261,BT,2,2012-12-08 17:33:54,SUSPENDIDO
1008030,6617,28,Pasaje Progreso 171,BT,1,2018-01-31 21:35:36,ACTIVO
1008031,6618,9,Calle Universitaria 5304,BT,5,2006-10-14 03:12:25,ACTIVO
1008032,6619,6,Pasaje Progreso 1689,BT,2,2018-04-20 06:51:44,ACTIVO
1008033,6619,6,Av. Panamericana 2883,BT,7,2009-04-05 21:10:58,ACTIVO
1008034,6620,39,Psje. Panamericana 567,BT,8,2008-02-16 21:50:00,ACTIVO
1008035,6621,3,Av. Panamericana 2018,BT,7,2003-02-08 00:45:35,ACTIVO
1008036,6622,3,Psje. Grau 7177,BT,2,2004-02-13 02:13:25,ACTIVO
1008037,6622,3,Pasaje El Sol 8906,BT,5,2015-05-02 21:08:09,ACTIVO
1008038,6623,30,Jr. La Molina 3902,BT,3,2004-07-18 20:10:39,ACTIVO
1008039,6624,3,Jr. El Sol 7102,BT,1,2018-07-21 23:38:26,ACTIVO
1008040,6625,7,Jr. Panamericana 8036,BT,1,2008-06-27 23:50:28,INACTIVO
1008041,6626,30,Psje. San Martín 695,BT,6,2002-05-15 20:46:44,ACTIVO
1008042,6627,26,Psje. Los Pinos 732,BT,7,2018-08-16 11:50:05,ACTIVO
1008043,6628,40,Calle El Sol 3040,BT,8,2003-05-20 22:09:39,ACTIVO
1008044,6629,29,Calle Progreso 1009,BT,3,2009-02-13 06:44:22,ACTIVO
1008045,6630,15,Calle Universitaria 8483,BT,8,2005-11-17 13:24:06,ACTIVO
1008046,6631,38,Jr. San Martín 5406,BT,5,2015-09-07 16:17:07,ACTIVO
1008047,6632,7,Av. Los Pinos 2632,BT,6,2009-09-22 21:10:30,ACTIVO
1008048,6633,19,Psje. Bolívar 2853,BT,7,2002-09-28 14:08:32,ACTIVO
1008049,6634,43,Calle Progreso 1120,BT,1,2020-12-15 09:40:11,ACTIVO
1008050,6635,36,Jr. Progreso 1738,BT,3,2002-10-13 20:12:39,ACTIVO
1008051,6635,36,Jr. Universitaria 9923,BT,7,2017-11-28 00:20:17,ACTIVO
1008052,6636,9,Jr. Bolívar 4527,BT,6,2017-07-13 21:14:51,ACTIVO
1008053,6637,15,Calle San Martín 5947,BT,5,2017-09-24 05:09:40,ACTIVO
1008054,6638,15,Av. La Molina 9264,BT,7,2013-07-19 08:44:51,ACTIVO
1008055,6639,43,Av. San Martín 2578,BT,3,2014-05-21 08:57:13,ACTIVO
1008056,6640,9,Av. San Martín 7710,BT,2,2006-07-27 16:18:48,ACTIVO
1008057,6640,9,Psje. Venezuela 463,BT,7,2007-08-07 23:37:43,ACTIVO
1008058,6641,39,Jr. La Molina 566,BT,6,2011-04-28 02:12:14,ACTIVO
1008059,6642,5,Calle Progreso 4560,BT,2,2010-02-13 10:14:55,ACTIVO
1008060,6643,5,Pasaje El Sol 9466,BT,3,2005-07-03 11:25:02,ACTIVO
1008061,6644,26,Av. Universitaria 7138,BT,2,2016-04-29 17:45:15,ACTIVO
1008062,6645,4,Jr. Venezuela 688,BT,6,2016-06-02 02:43:30,ACTIVO
1008063,6646,1,Pasaje Grau 2682,BT,3,2017-07-24 08:15:51,ACTIVO
1008064,6646,1,Jr. La Molina 2131,BT,4,2002-05-31 02:13:03,ACTIVO
1008065,6647,7,Calle Bolívar 1372,BT,3,2000-11-17 07:04:46,ACTIVO
1008066,6648,7,Psje. Venezuela 5209,BT,5,2012-10-09 18:01:32,ACTIVO
1008067,6649,19,Jr. Universitaria 9489,BT,8,2019-10-31 14:27:49,ACTIVO
1008068,6650,15,Calle Panamericana 8977,BT,6,2015-11-10 19:25:20,ACTIVO
1008069,6650,15,Pasaje Venezuela 7515,BT,7,2019-10-16 16:11:28,ACTIVO
1008070,6651,28,Calle Los Pinos 998,BT,1,2008-08-23 17:11:57,ACTIVO
1008071,6651,28,Pasaje Grau 411,BT,4,2005-01-17 20:04:44,ACTIVO
1008072,6652,15,Av. Grau 1759,BT,5,2007-01-31 06:07:42,ACTIVO
1008073,6653,4,Av. Los Pinos 112,BT,2,2019-07-05 13:28:32,ACTIVO
1008074,6654,3,Av. Los Pinos 8937,BT,4,2001-07-09 17:17:01,ACTIVO
1008075,6655,31,Psje. Progreso 6403,BT,8,2008-09-06 19:13:25,ACTIVO
1008076,6656,7,Calle Bolívar 7407,BT,4,2000-01-20 05:08:37,ACTIVO
1008077,6656,7,Psje. Panamericana 6678,BT,4,2009-07-24 18:15:34,ACTIVO
1008078,6657,4,Psje. El Sol 3790,BT,7,2009-09-27 18:30:33,ACTIVO
1008079,6657,4,Jr. El Sol 8712,MT,6,2014-11-02 02:44:03,SUSPENDIDO
1008080,6658,39,Av. La Molina 265,BT,1,2013-04-28 13:19:46,ACTIVO
1008081,6659,12,Calle La Molina 7315,BT,4,2005-02-18 15:32:17,ACTIVO
1008082,6660,15,Psje. Bolívar 846,BT,6,2011-01-28 22:03:11,ACTIVO
1008083,6660,15,Av. San Martín 4511,BT,7,2012-03-15 04:06:17,ACTIVO
1008084,6661,5,Jr. El Sol 7052,BT,6,2016-12-22 16:55:50,ACTIVO
1008085,6662,26,Jr. El Sol 3969,BT,4,2009-07-18 07:44:08,ACTIVO
1008086,6663,7,Pasaje La Molina 3920,BT,5,2017-10-20 17:52:05,ACTIVO
1008087,6664,15,Psje. Panamericana 6022,BT,8,2019-04-13 00:38:07,ACTIVO
1008088,6664,15,Pasaje La Molina 1978,BT,8,2024-11-12 00:00:00,ACTIVO
1008089,6665,6,Pasaje El Sol 812,BT,1,2006-08-07 09:08:15,ACTIVO
1008090,6665,6,Av. El Sol 3636,BT,4,2020-04-06 15:25:48,ACTIVO
1008091,6666,42,Pasaje Progreso 3467,BT,1,2010-01-30 07:05:50,ACTIVO
1008092,6667,4,Calle Los Pinos 5198,BT,6,2007-01-01 11:27:35,ACTIVO
1008093,6668,3,Jr. Universitaria 3982,BT,7,2013-12-18 15:22:00,INACTIVO
1008094,6669,13,Psje. Universitaria 3384,BT,1,2013-05-13 12:05:46,ACTIVO
1008095,6670,29,Pasaje San Martín 1961,BT,3,2001-12-05 08:34:51,ACTIVO
1008096,6671,30,Jr. El Sol 9364,BT,7,2006-11-03 01:32:11,ACTIVO
1008097,6672,24,Calle Bolívar 2485,BT,7,2017-09-05 23:08:27,ACTIVO
1008098,6673,15,Psje. Bolívar 3667,BT,1,2015-03-07 03:59:15,ACTIVO
1008099,6674,3,Av. Grau 3245,BT,7,2000-07-19 04:25:43,ACTIVO
1008100,6675,43,Psje. Grau 9913,BT,8,2010-12-11 02:50:35,ACTIVO
1008101,6676,29,Pasaje San Martín 8430,BT,6,2017-09-12 01:38:02,ACTIVO
1008102,6676,29,Calle Grau 4586,BT,6,2016-07-14 18:04:07,ACTIVO
1008103,6677,9,Jr. San Martín 8718,BT,4,2020-08-15 00:37:01,ACTIVO
1008104,6678,9,Psje. Bolívar 8993,BT,4,2015-06-26 22:48:47,ACTIVO
1008105,6679,6,Pasaje La Molina 4084,BT,8,2012-05-07 13:47:03,ACTIVO
1008106,6680,30,Jr. El Sol 9733,BT,1,2004-08-31 20:23:49,ACTIVO
1008107,6681,15,Pasaje San Martín 1765,BT,2,2011-09-19 14:53:33,ACTIVO
1008108,6682,18,Psje. Progreso 5861,BT,7,2019-11-28 20:09:56,ACTIVO
1008109,6682,18,Pasaje Panamericana 4997,BT,1,2024-03-12 00:00:00,ACTIVO
1008110,6682,18,Jr. Bolívar 917,BT,7,2012-09-15 11:44:51,ACTIVO
1008111,6683,29,Pasaje San Martín 4980,BT,1,2006-09-14 09:12:00,ACTIVO
1008112,6684,21,Calle San Martín 4763,BT,6,2017-12-25 11:18:47,ACTIVO
1008113,6685,10,Pasaje Bolívar 5756,BT,1,2014-01-01 14:21:16,ACTIVO
1008114,6686,15,Jr. Universitaria 8678,BT,7,2008-09-02 02:05:02,ACTIVO
1008115,6687,30,Calle Bolívar 3972,BT,8,2013-09-20 15:29:19,ACTIVO
1008116,6687,30,Calle Los Pinos 2351,MT,4,2016-01-22 07:11:37,ACTIVO
1008117,6688,25,Calle La Molina 3873,BT,4,2000-10-05 03:15:18,ACTIVO
1008118,6689,38,Pasaje Universitaria 3587,BT,4,2017-10-14 19:14:11,ACTIVO
1008119,6690,3,Calle San Martín 4573,BT,8,2019-12-15 15:22:50,ACTIVO
1008120,6691,11,Av. El Sol 5294,BT,4,2012-02-02 09:03:57,ACTIVO
1008121,6692,9,Av. La Molina 6510,BT,2,2014-02-27 22:39:16,ACTIVO
1008122,6693,27,Pasaje San Martín 2469,BT,7,2020-05-10 00:00:00,ACTIVO
1008123,6693,27,Psje. Bolívar 3372,BT,5,2023-11-15 00:00:00,ACTIVO
1008124,6694,15,Calle Grau 5890,BT,5,2004-04-23 11:33:34,ACTIVO
1008125,6694,15,Jr. Venezuela 4976,BT,4,2007-08-11 09:00:00,ACTIVO
1008126,6695,23,Calle San Martín 6575,BT,4,2009-06-11 18:44:41,ACTIVO
1008127,6696,3,Pasaje Los Pinos 2117,BT,3,2015-07-16 07:21:50,ACTIVO
1008128,6697,6,Av. Bolívar 7716,BT,1,2006-12-25 03:20:24,ACTIVO
1008129,6697,6,Pasaje El Sol 5404,BT,3,2016-06-04 21:12:15,ACTIVO
1008130,6698,3,Calle Bolívar 5005,BT,2,2016-03-20 12:16:40,ACTIVO
1008131,6699,15,Av. Universitaria 9445,BT,1,2019-07-05 11:47:03,ACTIVO
1008132,6700,17,Psje. San Martín 6182,BT,2,2024-03-27 00:00:00,ACTIVO
1008133,6701,7,Jr. Venezuela 8305,BT,5,2002-06-22 07:16:32,ACTIVO
1008134,6702,14,Psje. San Martín 4649,BT,5,2001-06-23 23:38:19,ACTIVO
1008135,6703,41,Psje. Bolívar 2831,BT,4,2014-04-12 19:18:06,ACTIVO
1008136,6703,41,Pasaje La Molina 3955,BT,5,2000-02-05 21:32:06,ACTIVO
1008137,6704,31,Psje. La Molina 5424,BT,4,2015-09-23 13:02:34,ACTIVO
1008138,6705,29,Pasaje Progreso 5059,BT,7,2008-01-08 18:00:56,ACTIVO
1008139,6706,27,Av. Grau 6057,BT,5,2003-05-04 22:59:55,ACTIVO
1008140,6707,15,Av. Grau 1557,BT,8,2019-02-07 11:32:13,INACTIVO
1008141,6708,26,Jr. Panamericana 5277,BT,8,2000-07-23 18:32:39,ACTIVO
1008142,6709,14,Pasaje Los Pinos 4678,BT,5,2011-10-02 07:28:08,ACTIVO
1008143,6710,7,Calle Bolívar 9990,MT,2,2019-06-03 04:43:46,ACTIVO
1008144,6710,7,Pasaje Universitaria 9402,BT,6,2020-12-29 23:53:17,SUSPENDIDO
1008145,6711,15,Pasaje San Martín 1579,BT,3,2004-10-18 15:00:41,ACTIVO
1008146,6712,35,Pasaje La Molina 6046,BT,4,2001-09-25 12:37:46,ACTIVO
1008147,6713,3,Jr. Venezuela 6695,BT,2,2014-09-29 03:08:18,ACTIVO
1008148,6714,15,Psje. Grau 9670,BT,2,2010-12-21 06:07:54,ACTIVO
1008149,6715,28,Av. Grau 9753,BT,7,2011-11-07 02:10:48,ACTIVO
1008150,6716,7,Psje. La Molina 4206,BT,2,2001-06-05 05:51:31,ACTIVO
1008151,6717,39,Pasaje Panamericana 9720,BT,8,2002-02-11 18:52:00,ACTIVO
1008152,6718,15,Psje. Venezuela 4371,BT,3,2007-04-20 09:02:14,ACTIVO
1008153,6719,24,Calle Panamericana 9687,BT,1,2004-01-30 10:49:10,ACTIVO
1008154,6720,7,Psje. Bolívar 4924,BT,6,2004-09-02 03:07:49,ACTIVO
1008155,6721,28,Av. Universitaria 3655,BT,6,2001-06-29 12:44:16,ACTIVO
1008156,6722,13,Psje. Los Pinos 659,BT,3,2006-05-16 15:00:40,ACTIVO
1008157,6723,29,Psje. Panamericana 7385,BT,4,2010-12-29 02:51:10,ACTIVO
1008158,6723,29,Pasaje Los Pinos 670,BT,5,2011-06-13 19:29:35,ACTIVO
1008159,6724,38,Calle El Sol 7992,BT,8,2012-10-31 20:59:05,ACTIVO
1008160,6725,29,Pasaje San Martín 5525,BT,2,2008-07-20 06:37:46,ACTIVO
1008161,6726,7,Pasaje Los Pinos 434,BT,8,2010-03-20 15:39:04,ACTIVO
1008162,6727,15,Jr. Universitaria 6449,BT,6,2006-02-09 18:50:52,ACTIVO
1008163,6727,15,Jr. Los Pinos 412,BT,1,2010-02-08 04:52:36,ACTIVO
1008164,6728,15,Jr. Universitaria 7741,BT,5,2018-09-28 23:43:06,ACTIVO
1008165,6729,1,Jr. Progreso 6444,BT,4,2016-08-23 03:06:02,ACTIVO
1008166,6730,4,Jr. Universitaria 1810,BT,1,2017-03-18 19:42:26,ACTIVO
1008167,6731,26,Pasaje Panamericana 1665,BT,5,2014-02-20 12:56:32,ACTIVO
1008168,6731,26,Jr. Progreso 1246,BT,8,2011-02-13 13:02:16,ACTIVO
1008169,6731,26,Psje. Progreso 6613,BT,3,2008-12-30 10:42:58,ACTIVO
1008170,6732,4,Pasaje El Sol 3746,BT,4,2011-07-05 22:03:57,ACTIVO
1008171,6732,4,Psje. Los Pinos 431,BT,1,2018-06-19 01:02:08,ACTIVO
1008172,6733,5,Psje. El Sol 1835,BT,2,2013-05-17 12:23:35,ACTIVO
1008173,6734,21,Psje. Progreso 455,BT,1,2022-04-14 00:00:00,ACTIVO
1008174,6735,15,Psje. Los Pinos 5185,BT,8,2017-02-15 04:45:06,ACTIVO
1008175,6736,32,Pasaje Bolívar 7890,BT,2,2020-10-27 09:21:31,ACTIVO
1008176,6737,30,Jr. Progreso 5278,BT,3,2011-11-05 07:23:09,ACTIVO
1008177,6737,30,Jr. San Martín 5405,BT,8,2008-09-14 00:14:51,ACTIVO
1008178,6738,30,Calle Progreso 9692,BT,1,2011-01-20 14:00:26,ACTIVO
1008179,6738,30,Jr. Venezuela 5787,BT,4,2002-05-08 18:11:27,ACTIVO
1008180,6739,30,Av. Grau 4811,BT,8,2001-02-25 13:55:00,ACTIVO
1008181,6740,15,Psje. El Sol 9580,BT,1,2003-05-29 07:35:53,ACTIVO
1008182,6740,15,Jr. El Sol 1101,BT,2,2020-09-13 04:48:32,ACTIVO
1008183,6741,15,Jr. Los Pinos 9342,BT,7,2011-02-06 18:31:26,ACTIVO
1008184,6742,30,Jr. Bolívar 3840,BT,2,2007-04-23 08:18:25,ACTIVO
1008185,6743,7,Pasaje San Martín 5684,BT,4,2015-05-02 08:38:41,ACTIVO
1008186,6744,3,Calle Progreso 1952,BT,1,2001-05-14 15:44:38,ACTIVO
1008187,6745,18,Psje. San Martín 3893,BT,7,2018-04-29 07:22:16,ACTIVO
1008188,6746,9,Jr. La Molina 5219,BT,7,2012-02-15 06:27:48,INACTIVO
1008189,6747,30,Pasaje Progreso 7372,BT,3,2017-12-12 21:10:27,ACTIVO
1008190,6748,33,Psje. Grau 829,BT,4,2004-09-21 04:03:24,ACTIVO
1008191,6749,30,Jr. Universitaria 1681,BT,5,2015-10-02 09:56:34,INACTIVO
1008192,6749,30,Calle Universitaria 5491,BT,3,2007-08-09 11:20:45,ACTIVO
1008193,6750,15,Pasaje El Sol 1550,BT,3,2000-12-22 21:33:42,ACTIVO
1008194,6751,19,Psje. El Sol 449,BT,2,2009-10-14 14:37:39,ACTIVO
1008195,6752,9,Jr. Venezuela 8308,BT,8,2007-02-06 03:03:54,INACTIVO
1008196,6753,38,Calle Progreso 5249,BT,6,2017-08-20 19:27:19,ACTIVO
1008197,6753,38,Psje. Progreso 5890,BT,1,2019-11-25 05:38:55,ACTIVO
1008198,6754,21,Jr. Venezuela 3778,BT,6,2015-07-04 06:39:12,ACTIVO
1008199,6755,9,Pasaje La Molina 4187,BT,4,2004-09-27 14:03:33,ACTIVO
1008200,6756,28,Calle Progreso 6801,BT,3,2003-09-30 22:22:39,ACTIVO
1008201,6757,15,Calle La Molina 3066,BT,1,2014-05-05 11:36:06,ACTIVO
1008202,6757,15,Av. El Sol 8764,BT,4,2001-01-05 14:06:49,ACTIVO
1008203,6758,13,Calle Progreso 1305,BT,8,2002-01-12 11:23:50,ACTIVO
1008204,6759,5,Pasaje Panamericana 1476,BT,3,2004-12-29 02:36:34,ACTIVO
1008205,6759,5,Pasaje El Sol 5369,BT,6,2020-04-11 20:21:38,ACTIVO
1008206,6760,9,Calle La Molina 607,BT,4,2007-02-25 12:30:50,ACTIVO
1008207,6761,15,Psje. El Sol 9514,BT,5,2021-05-28 00:00:00,ACTIVO
1008208,6762,9,Calle Venezuela 745,BT,4,2011-02-15 09:41:19,ACTIVO
1008209,6763,9,Pasaje La Molina 9892,BT,3,2012-01-01 08:03:26,ACTIVO
1008210,6763,9,Pasaje San Martín 534,BT,8,2006-10-01 13:00:58,ACTIVO
1008211,6764,15,Psje. Los Pinos 8148,BT,1,2017-11-27 17:43:45,ACTIVO
1008212,6765,32,Av. Panamericana 8458,BT,3,2009-03-15 07:19:23,ACTIVO
1008213,6765,32,Calle El Sol 3347,BT,2,2000-09-14 14:54:23,INACTIVO
1008214,6766,18,Calle La Molina 9921,BT,5,2006-10-13 07:40:30,ACTIVO
1008215,6767,7,Calle Grau 2656,BT,4,2012-11-03 22:40:45,ACTIVO
1008216,6768,5,Pasaje Progreso 3140,BT,1,2015-10-19 14:30:04,ACTIVO
1008217,6769,32,Av. Bolívar 4311,BT,2,2009-08-21 03:33:24,ACTIVO
1008218,6770,43,Psje. El Sol 8781,BT,7,2003-08-11 20:04:23,ACTIVO
1008219,6771,7,Av. San Martín 4618,BT,3,2009-04-22 08:10:10,ACTIVO
1008220,6772,3,Calle San Martín 8240,BT,7,2014-05-03 11:45:12,ACTIVO
1008221,6772,3,Psje. La Molina 3728,BT,3,2018-09-14 11:30:14,ACTIVO
1008222,6773,28,Pasaje Los Pinos 540,BT,2,2004-01-25 06:31:22,ACTIVO
1008223,6774,29,Psje. El Sol 8177,BT,8,2017-10-24 17:28:46,ACTIVO
1008224,6775,7,Psje. Venezuela 4775,BT,5,2013-09-12 17:07:46,ACTIVO
1008225,6776,22,Av. Panamericana 6875,BT,3,2005-05-29 00:49:59,ACTIVO
1008226,6776,22,Calle Panamericana 4271,BT,7,2008-02-15 09:26:40,ACTIVO
1008227,6777,17,Psje. El Sol 8311,BT,3,2014-01-01 18:32:36,ACTIVO
1008228,6778,43,Jr. Universitaria 498,BT,1,2020-09-13 20:23:11,ACTIVO
1008229,6779,15,Pasaje Universitaria 5521,BT,1,2011-06-28 16:37:28,ACTIVO
1008230,6780,5,Psje. Los Pinos 5422,BT,5,2008-10-16 14:58:43,SUSPENDIDO
1008231,6781,1,Pasaje Los Pinos 504,BT,2,2010-09-24 08:03:38,ACTIVO
1008232,6782,15,Pasaje La Molina 1875,BT,4,2002-06-14 15:45:45,ACTIVO
1008233,6783,40,Calle Panamericana 8260,BT,6,2012-11-17 00:43:29,ACTIVO
1008234,6784,7,Calle Universitaria 9855,BT,8,2008-02-04 01:36:31,ACTIVO
1008235,6785,9,Calle Panamericana 6448,BT,5,2005-09-16 05:32:33,ACTIVO
1008236,6786,15,Av. Bolívar 8310,BT,1,2012-05-16 10:45:18,ACTIVO
1008237,6786,15,Calle La Molina 4537,BT,4,2016-08-30 14:58:46,ACTIVO
1008238,6786,15,Calle San Martín 8607,BT,7,2018-05-21 07:29:40,ACTIVO
1008239,6787,5,Psje. Universitaria 4872,BT,4,2006-05-01 20:20:16,INACTIVO
1008240,6788,12,Av. La Molina 4087,BT,4,2003-10-18 21:13:53,ACTIVO
1008241,6789,22,Psje. Bolívar 8034,BT,1,2005-10-11 03:36:18,ACTIVO
1008242,6790,40,Calle Grau 9957,BT,4,2006-04-13 15:05:31,INACTIVO
1008243,6791,7,Jr. Panamericana 749,BT,1,2009-02-25 18:53:49,ACTIVO
1008244,6791,7,Psje. San Martín 2276,BT,2,2010-01-18 02:15:42,ACTIVO
1008245,6791,7,Pasaje El Sol 8484,BT,7,2019-07-11 07:32:48,ACTIVO
1008246,6792,3,Av. La Molina 1168,BT,8,2009-03-06 07:59:21,ACTIVO
1008247,6793,32,Av. Progreso 8605,BT,4,2000-08-24 11:32:34,ACTIVO
1008248,6794,10,Psje. Universitaria 2766,BT,4,2001-01-19 09:53:40,ACTIVO
1008249,6795,30,Calle El Sol 2159,BT,5,2006-11-25 10:27:45,ACTIVO
1008250,6796,42,Av. Progreso 6082,BT,3,2010-07-20 19:34:06,ACTIVO
1008251,6797,17,Pasaje Bolívar 1188,BT,1,2008-09-06 21:40:41,ACTIVO
1008252,6798,5,Jr. Panamericana 2127,BT,4,2003-02-04 21:07:14,ACTIVO
1008253,6799,23,Pasaje Venezuela 1072,BT,3,2020-01-05 00:00:00,ACTIVO
1008254,6800,18,Calle Grau 8651,BT,1,2017-12-29 18:15:31,ACTIVO
1008255,6801,3,Psje. Grau 5837,BT,7,2015-11-17 22:20:49,SUSPENDIDO
1008256,6802,19,Psje. Universitaria 2842,BT,4,2008-05-08 00:48:40,ACTIVO
1008257,6803,7,Av. Bolívar 5410,BT,8,2002-02-01 10:37:42,ACTIVO
1008258,6804,29,Jr. Venezuela 4348,BT,1,2004-11-05 13:05:17,ACTIVO
1008259,6805,35,Pasaje La Molina 5989,BT,7,2014-12-15 12:36:45,ACTIVO
1008260,6806,5,Av. Venezuela 5618,BT,3,2002-11-18 00:31:06,ACTIVO
1008261,6807,25,Calle La Molina 5697,BT,8,2006-02-28 21:29:15,ACTIVO
1008262,6808,13,Av. Venezuela 6552,BT,3,2010-01-07 20:33:07,INACTIVO
1008263,6809,29,Psje. El Sol 8000,BT,6,2002-07-01 22:53:02,ACTIVO
1008264,6810,32,Pasaje San Martín 4628,BT,8,2005-02-17 10:49:14,ACTIVO
1008265,6810,32,Av. Universitaria 7872,BT,2,2000-12-18 15:52:36,ACTIVO
1008266,6811,28,Pasaje Universitaria 2666,BT,5,2006-05-08 07:13:03,ACTIVO
1008267,6812,30,Av. Los Pinos 2910,BT,5,2014-08-01 10:28:00,ACTIVO
1008268,6813,3,Pasaje Progreso 1798,BT,7,2018-02-28 13:27:06,ACTIVO
1008269,6814,30,Av. El Sol 5022,BT,5,2014-10-16 23:59:27,ACTIVO
1008270,6815,5,Av. Panamericana 1460,BT,2,2009-12-03 23:04:35,INACTIVO
1008271,6816,26,Psje. Venezuela 5144,BT,7,2013-01-04 06:36:19,ACTIVO
1008272,6816,26,Pasaje Grau 7926,BT,8,2017-08-14 05:44:39,ACTIVO
1008273,6817,5,Psje. Los Pinos 7361,BT,1,2009-12-09 23:41:03,ACTIVO
1008274,6818,29,Av. El Sol 2444,BT,4,2020-04-08 04:45:27,ACTIVO
1008275,6819,5,Calle El Sol 5439,BT,1,2018-11-18 13:08:02,SUSPENDIDO
1008276,6819,5,Calle Universitaria 9531,BT,1,2003-09-06 17:59:58,ACTIVO
1008277,6820,15,Calle Grau 5664,BT,1,2001-08-31 07:22:53,ACTIVO
1008278,6821,15,Calle Universitaria 1634,BT,5,2013-05-05 23:33:59,ACTIVO
1008279,6822,9,Jr. El Sol 542,BT,4,2022-06-15 00:00:00,ACTIVO
1008280,6823,38,Pasaje Panamericana 1196,MT,4,2003-02-22 07:33:03,ACTIVO
1008281,6824,3,Pasaje Los Pinos 147,BT,1,2008-09-18 22:42:22,ACTIVO
1008282,6824,3,Av. Panamericana 9025,BT,5,2005-02-04 17:55:32,ACTIVO
1008283,6825,43,Psje. Venezuela 9621,BT,4,2000-12-23 16:18:56,ACTIVO
1008284,6826,5,Pasaje Progreso 4775,BT,5,2000-04-16 23:38:37,ACTIVO
1008285,6827,4,Calle Universitaria 499,BT,3,2019-10-08 06:32:58,ACTIVO
1008286,6828,4,Av. Progreso 3047,BT,8,2008-03-21 14:55:47,ACTIVO
1008287,6829,7,Jr. Venezuela 1676,BT,2,2017-09-21 21:10:19,ACTIVO
1008288,6830,9,Psje. Progreso 7686,BT,2,2017-10-11 10:00:34,ACTIVO
1008289,6831,9,Jr. Progreso 2947,BT,8,2004-07-22 22:37:55,ACTIVO
1008290,6832,28,Jr. Panamericana 9231,BT,5,2009-01-23 19:17:37,ACTIVO
1008291,6833,15,Pasaje Los Pinos 1487,MT,1,2010-10-07 21:10:22,ACTIVO
1008292,6834,5,Pasaje El Sol 8954,BT,5,2009-07-23 07:57:52,ACTIVO
1008293,6835,28,Jr. Universitaria 5107,MT,2,2013-01-02 16:24:34,ACTIVO
1008294,6835,28,Jr. Los Pinos 5032,BT,4,2014-11-30 23:35:18,INACTIVO
1008295,6836,2,Psje. Los Pinos 8589,BT,7,2015-11-09 20:49:00,ACTIVO
1008296,6837,36,Calle Panamericana 4289,BT,7,2000-01-24 14:33:17,ACTIVO
1008297,6838,2,Av. Grau 1778,BT,5,2011-10-06 07:56:42,ACTIVO
1008298,6839,29,Pasaje Bolívar 5048,BT,6,2003-04-27 12:43:34,ACTIVO
1008299,6839,29,Jr. Progreso 5457,BT,3,2020-04-09 22:06:22,ACTIVO
1008300,6840,26,Pasaje Universitaria 336,BT,2,2011-12-05 13:12:53,ACTIVO
1008301,6841,22,Pasaje El Sol 1831,BT,4,2009-05-16 01:50:25,ACTIVO
1008302,6842,43,Pasaje Panamericana 3428,BT,8,2009-01-05 21:09:28,ACTIVO
1008303,6843,25,Calle Grau 4370,BT,3,2017-06-18 12:48:06,ACTIVO
1008304,6844,4,Av. Bolívar 4667,BT,5,2001-04-15 07:08:17,ACTIVO
1008305,6845,5,Calle San Martín 1701,BT,7,2019-07-23 22:09:28,ACTIVO
1008306,6845,5,Calle San Martín 2431,BT,1,2016-12-16 13:21:38,ACTIVO
1008307,6846,11,Pasaje La Molina 5170,BT,1,2014-03-06 06:05:32,ACTIVO
1008308,6847,8,Pasaje La Molina 1115,BT,4,2001-01-30 14:00:27,SUSPENDIDO
1008309,6848,9,Jr. La Molina 6301,BT,1,2018-08-04 02:54:29,ACTIVO
1008310,6848,9,Jr. La Molina 5482,BT,1,2018-09-19 06:18:44,ACTIVO
1008311,6849,13,Jr. La Molina 7031,BT,6,2011-06-14 08:07:00,ACTIVO
1008312,6850,9,Pasaje Venezuela 5352,BT,2,2001-12-18 19:01:37,ACTIVO
1008313,6851,39,Pasaje Grau 8345,BT,8,2016-06-14 04:43:30,ACTIVO
1008314,6852,15,Pasaje Venezuela 494,MT,5,2018-12-17 01:25:55,ACTIVO
1008315,6853,4,Calle Bolívar 2195,BT,3,2016-04-15 17:57:24,ACTIVO
1008316,6854,29,Calle Panamericana 1138,BT,1,2004-07-21 14:35:48,ACTIVO
1008317,6855,4,Jr. El Sol 6087,BT,8,2012-10-07 12:49:39,ACTIVO
1008318,6856,31,Av. Progreso 2984,BT,5,2014-10-30 17:25:46,INACTIVO
1008319,6856,31,Calle El Sol 5250,BT,6,2011-04-20 19:35:59,ACTIVO
1008320,6857,37,Pasaje San Martín 1306,BT,8,2001-09-16 00:48:25,ACTIVO
1008321,6858,11,Av. Bolívar 9307,BT,8,2015-02-25 23:49:03,ACTIVO
1008322,6859,7,Calle Venezuela 815,BT,2,2000-03-24 14:14:22,ACTIVO
1008323,6859,7,Calle La Molina 3275,BT,2,2010-08-24 16:35:15,INACTIVO
1008324,6860,22,Pasaje El Sol 849,BT,8,2010-04-08 10:16:34,ACTIVO
1008325,6860,22,Av. Los Pinos 2258,BT,6,2001-01-18 09:14:15,ACTIVO
1008326,6861,29,Calle Los Pinos 5231,BT,7,2023-10-05 00:00:00,ACTIVO
1008327,6862,3,Av. Los Pinos 694,BT,5,2005-09-03 12:03:50,ACTIVO
1008328,6863,43,Psje. La Molina 4926,BT,1,2005-12-26 02:02:09,ACTIVO
1008329,6864,15,Av. Los Pinos 5627,BT,5,2002-01-04 03:48:40,ACTIVO
1008330,6865,19,Pasaje Bolívar 9500,BT,8,2020-07-04 05:36:16,ACTIVO
1008331,6866,3,Psje. Bolívar 6024,BT,3,2015-05-04 04:26:13,ACTIVO
1008332,6867,30,Psje. Venezuela 8223,BT,5,2011-09-15 20:39:01,ACTIVO
1008333,6868,19,Calle San Martín 444,BT,8,2013-06-12 17:24:14,ACTIVO
1008334,6869,28,Av. Grau 2842,BT,6,2018-10-02 10:01:21,ACTIVO
1008335,6869,28,Pasaje San Martín 8790,BT,4,2009-07-30 09:21:21,ACTIVO
1008336,6870,28,Pasaje San Martín 2457,BT,2,2019-09-22 23:24:44,ACTIVO
1008337,6870,28,Pasaje Grau 7701,BT,7,2011-10-18 13:40:25,ACTIVO
1008338,6870,28,Psje. San Martín 7885,BT,5,2000-06-07 11:26:31,ACTIVO
1008339,6871,6,Jr. Venezuela 1963,BT,1,2007-12-11 02:59:37,ACTIVO
1008340,6872,26,Calle Grau 8380,BT,6,2016-08-03 13:28:52,ACTIVO
1008341,6872,26,Calle Universitaria 9115,BT,4,2007-04-16 01:35:36,ACTIVO
1008342,6873,5,Pasaje Progreso 7253,BT,8,2002-09-05 12:43:42,ACTIVO
1008343,6874,26,Av. El Sol 5534,BT,4,2008-09-21 18:17:06,ACTIVO
1008344,6874,26,Pasaje Bolívar 7643,BT,6,2009-10-05 15:20:47,ACTIVO
1008345,6875,5,Av. San Martín 9627,BT,6,2017-11-11 14:50:05,ACTIVO
1008346,6876,3,Calle Progreso 4229,MT,7,2019-02-07 10:27:51,ACTIVO
1008347,6877,9,Jr. Bolívar 2205,BT,4,2006-12-15 11:43:40,ACTIVO
1008348,6878,14,Psje. San Martín 1021,BT,2,2011-11-11 17:20:59,ACTIVO
1008349,6878,14,Calle Venezuela 4819,BT,3,2015-10-09 19:03:02,ACTIVO
1008350,6879,14,Calle Venezuela 925,BT,2,2004-03-01 04:46:32,ACTIVO
1008351,6880,43,Psje. San Martín 8167,BT,8,2020-06-15 03:39:26,ACTIVO
1008352,6880,43,Psje. La Molina 5598,BT,1,2013-05-06 14:57:52,ACTIVO
1008353,6881,15,Av. Los Pinos 7676,BT,2,2015-04-06 18:56:13,ACTIVO
1008354,6882,19,Jr. La Molina 8015,BT,6,2015-02-04 23:28:02,ACTIVO
1008355,6883,19,Calle La Molina 5737,BT,8,2001-05-10 05:34:01,ACTIVO
1008356,6884,39,Pasaje San Martín 6470,BT,8,2001-08-30 21:47:24,ACTIVO
1008357,6885,15,Calle Venezuela 5996,BT,2,2020-09-24 18:01:55,ACTIVO
1008358,6886,38,Av. Bolívar 9811,BT,4,2006-12-25 13:35:33,SUSPENDIDO
1008359,6887,9,Calle Universitaria 2856,BT,4,2016-06-27 16:29:35,ACTIVO
1008360,6887,9,Pasaje Grau 9132,BT,3,2015-05-07 00:04:13,SUSPENDIDO
1008361,6888,26,Calle La Molina 8306,BT,3,2010-04-14 10:00:25,ACTIVO
1008362,6888,26,Jr. Bolívar 2338,BT,7,2019-04-07 15:39:06,ACTIVO
1008363,6889,7,Pasaje Venezuela 3304,BT,6,2014-11-21 18:50:36,ACTIVO
1008364,6890,39,Av. Venezuela 5479,BT,8,2017-01-06 18:22:27,ACTIVO
1008365,6891,38,Av. San Martín 9361,BT,6,2011-03-30 00:40:16,ACTIVO
1008366,6892,40,Jr. Grau 1479,BT,5,2001-02-01 11:49:58,ACTIVO
1008367,6893,40,Psje. Bolívar 2067,BT,5,2005-07-31 05:16:44,ACTIVO
1008368,6894,27,Jr. La Molina 9518,BT,4,2016-03-21 14:12:50,ACTIVO
1008369,6895,7,Jr. Grau 5927,BT,1,2012-08-31 08:25:23,ACTIVO
1008370,6896,15,Av. Panamericana 6774,BT,1,2016-07-31 19:33:09,ACTIVO
1008371,6897,10,Av. Universitaria 7447,BT,5,2010-03-05 21:26:30,ACTIVO
1008372,6898,7,Av. San Martín 2688,BT,5,2009-05-27 17:15:10,ACTIVO
1008373,6899,7,Calle Progreso 6715,BT,2,2009-07-10 09:05:51,ACTIVO
1008374,6900,3,Av. Los Pinos 4184,BT,5,2012-11-14 04:01:09,ACTIVO
1008375,6901,26,Psje. Panamericana 2561,BT,2,2010-03-12 13:17:08,ACTIVO
1008376,6902,30,Pasaje Universitaria 5305,BT,4,2014-05-09 19:54:10,ACTIVO
1008377,6903,21,Psje. Bolívar 2005,BT,2,2008-12-28 16:59:53,ACTIVO
1008378,6903,21,Av. San Martín 3216,BT,2,2008-08-11 01:11:10,ACTIVO
1008379,6904,16,Psje. La Molina 6258,BT,1,2005-08-27 20:10:22,ACTIVO
1008380,6905,8,Av. Venezuela 8811,BT,3,2000-02-09 11:53:50,ACTIVO
1008381,6906,7,Av. Panamericana 6645,BT,3,2001-09-17 01:17:21,ACTIVO
1008382,6907,9,Av. Universitaria 2073,BT,5,2012-10-28 22:20:29,INACTIVO
1008383,6908,4,Psje. Universitaria 1764,BT,5,2016-02-09 15:05:15,ACTIVO
1008384,6908,4,Av. La Molina 1644,BT,1,2006-09-24 18:25:42,ACTIVO
1008385,6909,29,Av. Venezuela 4076,BT,7,2020-09-18 00:58:43,ACTIVO
1008386,6910,40,Psje. Bolívar 9519,BT,5,2005-03-17 01:29:18,ACTIVO
1008387,6911,24,Jr. Grau 7807,BT,7,2003-08-11 07:14:02,ACTIVO
1008388,6912,26,Av. San Martín 2052,BT,2,2008-06-25 15:18:20,ACTIVO
1008389,6912,26,Pasaje San Martín 3720,BT,4,2007-11-06 15:30:35,ACTIVO
1008390,6913,19,Jr. La Molina 1607,BT,5,2018-09-03 18:37:38,ACTIVO
1008391,6914,38,Calle Los Pinos 2038,BT,4,2018-10-07 12:31:45,ACTIVO
1008392,6915,15,Jr. Venezuela 7648,BT,8,2015-08-06 08:15:51,ACTIVO
1008393,6916,7,Av. Venezuela 4957,BT,5,2014-04-01 02:53:46,ACTIVO
1008394,6917,15,Av. Universitaria 8724,BT,3,2017-06-06 20:32:47,ACTIVO
1008395,6918,40,Jr. Universitaria 5055,BT,5,2011-10-17 07:38:04,SUSPENDIDO
1008396,6919,40,Av. Panamericana 7160,BT,3,2011-06-11 16:18:29,ACTIVO
1008397,6920,43,Av. San Martín 6741,BT,3,2003-02-13 11:00:23,ACTIVO
1008398,6921,13,Pasaje Bolívar 4664,MT,3,2008-06-09 17:01:28,ACTIVO
1008399,6922,4,Av. San Martín 3799,BT,1,2010-09-01 04:55:07,ACTIVO
1008400,6922,4,Pasaje Panamericana 1350,BT,8,2012-03-04 05:20:33,ACTIVO
1008401,6922,4,Pasaje Bolívar 6691,BT,6,2016-03-17 09:05:34,ACTIVO
1008402,6923,35,Pasaje San Martín 7178,BT,6,2013-08-04 02:41:20,ACTIVO
1008403,6924,39,Jr. Los Pinos 8109,BT,5,2012-08-16 04:52:15,ACTIVO
1008404,6925,19,Psje. Los Pinos 6463,BT,5,2009-02-08 11:03:21,ACTIVO
1008405,6926,35,Av. San Martín 7669,BT,6,2000-08-18 16:58:27,ACTIVO
1008406,6927,5,Av. Panamericana 4947,BT,2,2020-01-26 22:57:31,ACTIVO
1008407,6928,32,Calle Progreso 3623,BT,3,2012-07-27 13:23:53,INACTIVO
1008408,6929,40,Calle Panamericana 7370,MT,3,2006-09-24 23:16:28,ACTIVO
1008409,6930,26,Psje. Universitaria 7382,BT,1,2020-11-08 22:55:11,ACTIVO
1008410,6931,30,Psje. Grau 6194,BT,4,2002-10-27 00:28:32,ACTIVO
1008411,6932,7,Psje. Panamericana 6173,BT,1,2001-12-30 14:01:19,ACTIVO
1008412,6933,15,Jr. Venezuela 664,BT,8,2008-10-03 04:55:19,ACTIVO
1008413,6934,13,Av. San Martín 9182,BT,4,2001-05-20 05:15:03,ACTIVO
1008414,6935,15,Av. El Sol 2711,BT,2,2001-09-03 18:31:21,ACTIVO
1008415,6936,13,Av. Bolívar 480,BT,4,2007-07-18 09:43:45,ACTIVO
1008416,6937,26,Pasaje Bolívar 7794,BT,2,2012-08-14 08:20:57,ACTIVO
1008417,6938,7,Psje. Bolívar 9417,BT,3,2019-08-26 01:08:11,ACTIVO
1008418,6939,41,Pasaje Venezuela 9206,BT,3,2015-11-01 00:50:02,ACTIVO
1008419,6940,7,Calle San Martín 6262,BT,5,2020-09-10 08:59:47,ACTIVO
1008420,6940,7,Jr. Los Pinos 7199,MT,4,2000-03-04 18:13:23,ACTIVO
1008421,6941,29,Calle Panamericana 8184,BT,7,2012-10-22 08:48:48,ACTIVO
1008422,6942,35,Psje. Grau 4486,BT,7,2018-11-08 17:59:13,ACTIVO
1008423,6943,30,Psje. Grau 7469,BT,3,2008-11-18 13:17:37,ACTIVO
1008424,6943,30,Calle Los Pinos 993,BT,8,2019-07-21 05:48:51,ACTIVO
1008425,6943,30,Pasaje Progreso 9328,BT,2,2004-11-25 12:12:50,ACTIVO
1008426,6944,15,Psje. Progreso 6415,MT,3,2006-12-08 22:31:03,ACTIVO
1008427,6945,26,Psje. El Sol 4183,BT,6,2008-12-25 12:23:44,ACTIVO
1008428,6945,26,Pasaje San Martín 460,BT,6,2000-08-26 19:09:18,ACTIVO
1008429,6946,43,Av. Venezuela 4238,BT,8,2013-05-13 04:54:04,ACTIVO
1008430,6947,43,Jr. Bolívar 1517,BT,8,2010-01-02 02:02:30,ACTIVO
1008431,6948,15,Jr. Grau 2270,BT,2,2010-12-12 20:41:29,ACTIVO
1008432,6949,9,Pasaje Los Pinos 1734,BT,6,2018-07-14 06:59:32,ACTIVO
1008433,6950,7,Jr. Grau 9232,BT,6,2014-08-27 16:04:01,ACTIVO
1008434,6951,15,Pasaje Venezuela 1405,BT,3,2018-04-16 00:19:33,ACTIVO
1008435,6952,2,Jr. Venezuela 4920,BT,3,2015-01-26 06:25:56,ACTIVO
1008436,6953,3,Av. Venezuela 4607,BT,2,2016-08-20 21:06:18,ACTIVO
1008437,6954,7,Av. San Martín 9404,BT,4,2000-09-05 03:05:19,ACTIVO
1008438,6955,43,Calle Los Pinos 9859,BT,5,2020-11-02 06:58:30,ACTIVO
1008439,6955,43,Jr. Grau 1573,BT,3,2007-10-12 16:31:38,ACTIVO
1008440,6956,1,Psje. Los Pinos 7134,BT,7,2017-03-02 17:51:12,ACTIVO
1008441,6957,4,Av. San Martín 3485,BT,3,2014-02-22 17:55:29,ACTIVO
1008442,6958,15,Av. Progreso 5810,MT,2,2001-09-02 03:46:45,ACTIVO
1008443,6959,28,Jr. Grau 7959,BT,4,2013-09-28 12:57:41,ACTIVO
1008444,6960,20,Psje. Grau 5983,BT,2,2006-01-18 11:53:46,ACTIVO
1008445,6961,19,Jr. Panamericana 559,BT,8,2011-08-23 17:21:32,ACTIVO
1008446,6962,39,Calle Panamericana 7112,BT,1,2008-04-20 16:44:35,ACTIVO
1008447,6963,20,Jr. Bolívar 8809,BT,6,2011-03-30 09:05:41,ACTIVO
1008448,6964,24,Pasaje Universitaria 266,BT,6,2007-11-25 01:28:28,ACTIVO
1008449,6965,42,Av. Progreso 6244,BT,1,2001-05-19 21:17:55,ACTIVO
1008450,6966,29,Calle Universitaria 2657,BT,6,2016-10-04 05:48:30,ACTIVO
1008451,6967,28,Calle Los Pinos 5202,BT,4,2024-11-30 00:00:00,ACTIVO
1008452,6968,4,Pasaje Panamericana 733,BT,6,2003-08-09 04:47:05,ACTIVO
1008453,6969,12,Jr. La Molina 8336,BT,5,2015-07-20 09:40:36,ACTIVO
1008454,6969,12,Jr. La Molina 6705,BT,2,2018-05-19 20:02:57,ACTIVO
1008455,6970,39,Av. San Martín 8396,BT,3,2006-03-12 02:42:34,ACTIVO
1008456,6971,7,Calle La Molina 5527,BT,3,2000-04-20 09:06:25,ACTIVO
1008457,6972,28,Psje. La Molina 6768,BT,3,2020-05-04 01:19:04,ACTIVO
1008458,6973,7,Pasaje Universitaria 2606,BT,1,2020-11-21 05:01:43,ACTIVO
1008459,6973,7,Jr. La Molina 4422,BT,6,2020-07-30 07:55:44,ACTIVO
1008460,6973,7,Pasaje El Sol 4901,BT,7,2005-05-24 20:10:25,ACTIVO
1008461,6974,15,Calle Bolívar 5700,BT,1,2018-08-08 07:39:54,ACTIVO
1008462,6974,15,Pasaje Progreso 6191,BT,3,2002-03-17 05:46:16,ACTIVO
1008463,6975,30,Av. Panamericana 352,BT,7,2005-03-06 12:27:59,ACTIVO
1008464,6976,7,Psje. Bolívar 8643,BT,2,2003-07-21 06:08:11,ACTIVO
1008465,6977,9,Calle Panamericana 2626,MT,8,2020-12-12 13:48:16,ACTIVO
1008466,6978,15,Jr. Grau 2502,BT,4,2002-11-13 16:40:15,ACTIVO
1008467,6978,15,Jr. San Martín 1846,BT,6,2006-05-24 11:26:59,ACTIVO
1008468,6979,25,Psje. Panamericana 5173,BT,1,2007-11-05 21:56:18,ACTIVO
1008469,6980,15,Av. Grau 1414,BT,6,2012-06-28 10:42:30,ACTIVO
1008470,6980,15,Pasaje Grau 7447,BT,7,2018-04-05 23:19:49,ACTIVO
1008471,6981,3,Av. Universitaria 8970,BT,4,2000-08-17 07:22:30,ACTIVO
1008472,6982,3,Pasaje Universitaria 6440,BT,3,2011-11-27 21:34:31,ACTIVO
1008473,6982,3,Calle San Martín 2612,BT,1,2000-09-16 21:47:42,ACTIVO
1008474,6983,19,Av. Panamericana 3341,BT,5,2024-02-17 00:00:00,ACTIVO
1008475,6984,30,Psje. Progreso 528,MT,8,2009-06-22 14:37:04,ACTIVO
1008476,6985,7,Pasaje Bolívar 1391,BT,5,2019-08-30 21:35:25,SUSPENDIDO
1008477,6986,15,Psje. El Sol 9493,BT,2,2004-09-07 22:44:28,ACTIVO
1008478,6987,15,Pasaje El Sol 894,BT,3,2012-05-03 01:03:42,ACTIVO
1008479,6987,15,Av. Panamericana 8778,BT,8,2004-01-16 03:32:21,ACTIVO
1008480,6988,40,Pasaje Bolívar 4790,BT,4,2008-01-06 21:13:06,ACTIVO
1008481,6989,3,Psje. Panamericana 7005,MT,5,2008-08-28 06:34:01,ACTIVO
1008482,6990,7,Jr. Bolívar 5157,BT,5,2016-12-06 22:31:41,ACTIVO
1008483,6991,2,Psje. Bolívar 1733,BT,4,2010-12-24 05:48:11,ACTIVO
1008484,6992,9,Calle El Sol 206,BT,2,2016-09-29 02:50:19,ACTIVO
1008485,6992,9,Pasaje Progreso 8928,BT,3,2012-09-12 16:00:55,ACTIVO
1008486,6993,3,Calle Universitaria 480,BT,1,2017-11-02 17:19:31,ACTIVO
1008487,6994,4,Calle Progreso 7135,BT,7,2002-10-20 17:29:12,ACTIVO
1008488,6994,4,Jr. La Molina 985,BT,5,2014-04-21 10:54:35,ACTIVO
1008489,6995,38,Psje. Los Pinos 9808,BT,5,2015-01-16 04:29:22,ACTIVO
1008490,6996,1,Jr. San Martín 2287,BT,8,2015-05-22 02:50:56,ACTIVO
1008491,6996,1,Pasaje Universitaria 1369,BT,4,2004-12-30 21:33:55,ACTIVO
1008492,6996,1,Psje. El Sol 1708,MT,2,2018-04-25 01:52:40,ACTIVO
1008493,6997,29,Av. Panamericana 7418,BT,1,2015-03-14 18:45:48,ACTIVO
1008494,6998,22,Pasaje San Martín 1094,BT,3,2017-07-30 13:44:33,ACTIVO
1008495,6999,7,Jr. Progreso 2493,BT,1,2017-08-13 12:37:16,ACTIVO
1008496,6999,7,Calle Panamericana 3881,BT,1,2004-11-13 14:19:36,ACTIVO
1008497,7000,9,Pasaje El Sol 4462,BT,8,2006-08-07 15:30:14,ACTIVO
1008498,7001,15,Av. Bolívar 4450,BT,7,2017-11-10 13:12:16,ACTIVO
1008499,7002,27,Pasaje San Martín 1380,BT,6,2014-09-28 20:39:57,ACTIVO
1008500,7003,43,Psje. Universitaria 9461,BT,2,2015-01-25 11:38:12,ACTIVO
1008501,7004,12,Psje. San Martín 7777,BT,1,2008-03-15 08:42:53,ACTIVO
1008502,7005,26,Psje. Progreso 9245,BT,1,2023-11-07 00:00:00,ACTIVO
1008503,7005,26,Psje. Los Pinos 1039,BT,1,2005-07-31 07:29:00,ACTIVO
1008504,7006,28,Av. San Martín 8914,MT,1,2011-11-08 09:51:24,ACTIVO
1008505,7007,15,Jr. Venezuela 9617,BT,6,2008-07-03 18:54:52,ACTIVO
1008506,7008,39,Calle Bolívar 7187,BT,5,2018-12-04 04:21:42,ACTIVO
1008507,7009,20,Psje. Grau 6457,BT,4,2016-03-13 05:46:08,ACTIVO
1008508,7009,20,Jr. Venezuela 4967,BT,1,2005-09-24 14:22:46,ACTIVO
1008509,7010,15,Psje. El Sol 1411,BT,6,2017-03-24 14:14:41,ACTIVO
1008510,7010,15,Av. San Martín 396,BT,7,2009-02-03 21:37:19,ACTIVO
1008511,7011,5,Jr. El Sol 7369,BT,4,2015-09-26 09:19:11,ACTIVO
1008512,7012,28,Pasaje Progreso 9529,BT,6,2014-11-21 16:26:08,ACTIVO
1008513,7012,28,Jr. San Martín 7312,BT,7,2008-01-20 22:59:51,ACTIVO
1008514,7012,28,Pasaje Grau 5739,BT,6,2015-12-27 18:58:05,ACTIVO
1008515,7013,30,Calle San Martín 5982,BT,2,2012-07-23 23:30:49,ACTIVO
1008516,7013,30,Calle Universitaria 5570,BT,7,2002-03-14 21:16:20,ACTIVO
1008517,7014,5,Av. La Molina 6955,BT,3,2004-09-16 08:50:48,ACTIVO
1008518,7015,7,Calle Los Pinos 9864,BT,1,2019-05-13 05:32:41,ACTIVO
1008519,7016,9,Pasaje Grau 5012,BT,2,2013-03-13 00:09:51,ACTIVO
1008520,7017,23,Calle Bolívar 4338,BT,1,2013-10-03 02:41:57,ACTIVO
1008521,7018,15,Av. Bolívar 6125,BT,4,2020-05-20 23:41:06,ACTIVO
1008522,7019,43,Calle Bolívar 2888,BT,2,2012-09-26 19:46:21,ACTIVO
1008523,7020,9,Jr. El Sol 479,BT,3,2005-09-29 07:28:00,ACTIVO
1008524,7021,19,Psje. Progreso 4335,BT,6,2014-04-01 08:47:37,ACTIVO
1008525,7022,25,Psje. Universitaria 8256,BT,6,2001-07-23 14:13:59,ACTIVO
1008526,7022,25,Calle El Sol 9250,BT,1,2015-12-08 22:03:06,ACTIVO
1008527,7023,36,Psje. Bolívar 8491,BT,4,2003-05-23 14:56:19,ACTIVO
1008528,7023,36,Psje. San Martín 3469,BT,5,2000-10-14 04:17:42,ACTIVO
1008529,7024,30,Calle Bolívar 2086,BT,2,2001-07-22 15:24:07,ACTIVO
1008530,7025,29,Jr. Grau 4339,BT,4,2011-02-16 03:20:20,ACTIVO
1008531,7025,29,Av. Panamericana 7260,BT,1,2010-09-30 22:09:31,ACTIVO
1008532,7026,23,Av. Bolívar 3150,BT,1,2012-05-27 01:44:58,ACTIVO
1008533,7027,18,Jr. Progreso 8827,BT,2,2020-06-19 04:05:14,ACTIVO
1008534,7028,19,Av. Venezuela 4926,BT,1,2001-01-25 20:33:22,ACTIVO
1008535,7028,19,Calle Panamericana 1578,BT,1,2015-02-05 01:46:23,ACTIVO
1008536,7029,36,Jr. La Molina 4798,BT,2,2012-06-16 09:30:33,ACTIVO
1008537,7030,23,Pasaje Venezuela 2917,BT,8,2007-04-25 17:04:57,ACTIVO
1008538,7031,15,Pasaje Panamericana 1131,BT,1,2017-05-30 07:15:32,ACTIVO
1008539,7032,19,Psje. Los Pinos 4027,BT,5,2015-08-04 12:40:53,ACTIVO
1008540,7032,19,Psje. Bolívar 5870,MT,4,2018-03-06 10:11:36,ACTIVO
1008541,7033,9,Pasaje Progreso 7708,BT,5,2008-08-08 21:38:13,ACTIVO
1008542,7034,11,Pasaje San Martín 5660,BT,8,2008-03-11 02:32:14,ACTIVO
1008543,7035,22,Av. Universitaria 4139,BT,2,2013-09-14 03:13:26,ACTIVO
1008544,7036,31,Jr. Universitaria 6855,BT,3,2000-11-08 06:53:15,ACTIVO
1008545,7037,3,Psje. El Sol 4867,BT,2,2010-03-11 00:06:51,ACTIVO
1008546,7038,5,Pasaje San Martín 9682,BT,8,2020-11-27 02:26:39,ACTIVO
1008547,7039,43,Jr. Grau 4525,BT,3,2000-08-15 15:23:26,ACTIVO
1008548,7040,13,Calle Panamericana 7604,BT,7,2019-09-11 21:21:43,ACTIVO
1008549,7041,30,Calle Universitaria 814,BT,2,2016-09-21 10:48:17,ACTIVO
1008550,7042,7,Pasaje El Sol 7192,BT,1,2005-02-22 10:57:47,ACTIVO
1008551,7043,9,Av. Progreso 940,BT,5,2000-05-23 22:25:30,ACTIVO
1008552,7044,14,Psje. El Sol 9790,BT,7,2009-08-01 02:49:43,ACTIVO
1008553,7045,7,Psje. Progreso 6351,BT,1,2020-09-09 15:23:53,ACTIVO
1008554,7046,32,Calle Bolívar 2093,BT,3,2002-06-28 18:27:55,ACTIVO
1008555,7047,20,Pasaje La Molina 3267,BT,4,2007-03-26 21:37:17,ACTIVO
1008556,7048,10,Jr. La Molina 5645,BT,3,2005-07-05 13:08:39,ACTIVO
1008557,7049,7,Av. Venezuela 9956,BT,1,2013-05-31 23:39:45,ACTIVO
1008558,7050,42,Av. Los Pinos 7021,BT,3,2007-11-11 10:28:19,ACTIVO
1008559,7051,36,Pasaje Universitaria 7029,BT,8,2011-07-11 22:33:28,ACTIVO
1008560,7052,4,Av. Bolívar 6410,BT,3,2008-05-22 19:45:45,ACTIVO
1008561,7053,2,Psje. San Martín 6393,BT,3,2020-03-13 00:15:49,ACTIVO
1008562,7053,2,Av. Grau 968,BT,5,2018-03-16 18:22:34,ACTIVO
1008563,7054,9,Calle Bolívar 6141,BT,5,2008-07-13 04:11:55,ACTIVO
1008564,7055,9,Pasaje Panamericana 3185,BT,2,2001-07-17 09:06:56,ACTIVO
1008565,7056,15,Pasaje La Molina 9941,BT,5,2020-03-07 21:14:25,ACTIVO
1008566,7057,29,Psje. San Martín 9530,BT,5,2004-04-19 17:39:09,ACTIVO
1008567,7058,28,Psje. El Sol 2755,BT,6,2013-01-08 02:59:55,ACTIVO
1008568,7059,28,Pasaje Universitaria 4218,BT,2,2000-08-26 10:30:40,ACTIVO
1008569,7060,15,Jr. Universitaria 1976,BT,8,2022-05-16 00:00:00,ACTIVO
1008570,7061,41,Psje. El Sol 6981,BT,2,2020-05-28 03:58:33,ACTIVO
1008571,7061,41,Pasaje Grau 6942,BT,3,2003-06-05 01:38:36,ACTIVO
1008572,7062,29,Jr. Universitaria 6115,BT,7,2018-02-03 20:40:53,ACTIVO
1008573,7062,29,Psje. Venezuela 5631,BT,4,2022-03-12 00:00:00,ACTIVO
1008574,7063,29,Pasaje Grau 275,MT,1,2008-10-11 02:50:47,ACTIVO
1008575,7063,29,Pasaje La Molina 2444,BT,6,2009-04-15 01:30:32,ACTIVO
1008576,7064,39,Calle San Martín 5739,BT,7,2020-06-17 23:57:03,SUSPENDIDO
1008577,7065,28,Calle Los Pinos 9925,BT,4,2012-07-03 09:53:50,ACTIVO
1008578,7066,5,Av. Progreso 1717,BT,1,2000-01-30 11:54:26,ACTIVO
1008579,7067,7,Pasaje Progreso 6185,BT,2,2005-12-27 01:24:57,ACTIVO
1008580,7068,20,Calle Universitaria 8490,BT,3,2001-02-25 13:25:39,ACTIVO
1008581,7069,5,Av. Bolívar 5611,BT,4,2002-06-05 10:03:33,ACTIVO
1008582,7070,30,Av. Los Pinos 3947,BT,4,2014-07-18 18:56:00,ACTIVO
1008583,7071,4,Jr. Progreso 4465,BT,5,2008-05-06 10:21:27,ACTIVO
1008584,7071,4,Pasaje Panamericana 9766,MT,7,2019-07-14 23:53:25,ACTIVO
1008585,7072,24,Av. San Martín 2886,BT,6,2007-09-28 23:50:10,ACTIVO
1008586,7073,41,Av. Progreso 5135,MT,6,2002-10-31 00:42:35,ACTIVO
1008587,7074,40,Jr. San Martín 1831,BT,3,2004-04-13 01:53:06,ACTIVO
1008588,7075,5,Jr. Grau 6112,BT,5,2004-06-10 13:29:18,ACTIVO
1008589,7076,13,Av. Progreso 6116,BT,1,2005-11-06 22:23:46,ACTIVO
1008590,7076,13,Psje. Progreso 134,BT,4,2007-06-02 05:06:57,ACTIVO
1008591,7077,8,Av. Grau 102,BT,2,2001-11-03 08:06:43,ACTIVO
1008592,7077,8,Psje. Grau 7603,BT,4,2015-02-02 13:54:24,ACTIVO
1008593,7078,5,Pasaje Bolívar 7873,BT,8,2015-03-21 13:53:42,ACTIVO
1008594,7079,32,Pasaje San Martín 9882,BT,1,2007-04-05 22:49:05,ACTIVO
1008595,7080,4,Jr. Panamericana 5474,BT,4,2013-07-04 20:50:15,ACTIVO
1008596,7081,4,Calle Bolívar 3885,BT,2,2018-06-05 09:37:08,ACTIVO
1008597,7082,28,Calle Panamericana 3011,BT,8,2007-03-23 15:01:23,ACTIVO
1008598,7083,3,Calle Panamericana 891,BT,1,2015-06-12 18:56:28,ACTIVO
1008599,7083,3,Pasaje La Molina 8908,BT,6,2017-09-03 16:38:43,ACTIVO
1008600,7084,7,Jr. La Molina 2481,BT,4,2015-03-19 21:29:40,ACTIVO
1008601,7084,7,Calle El Sol 5184,BT,1,2014-01-03 05:50:33,ACTIVO
1008602,7085,1,Calle Los Pinos 3053,BT,1,2019-08-22 01:23:39,ACTIVO
1008603,7086,12,Calle Panamericana 2848,BT,8,2008-07-16 00:43:01,ACTIVO
1008604,7087,18,Psje. San Martín 8993,BT,6,2012-07-06 12:46:36,ACTIVO
1008605,7088,21,Psje. El Sol 6971,BT,7,2002-12-18 03:35:37,ACTIVO
1008606,7089,26,Jr. La Molina 2388,BT,7,2013-08-28 11:37:22,ACTIVO
1008607,7090,28,Jr. Los Pinos 5678,BT,6,2008-07-17 05:17:57,ACTIVO
1008608,7090,28,Calle Universitaria 421,BT,8,2024-10-01 00:00:00,ACTIVO
1008609,7091,5,Jr. La Molina 8866,BT,2,2010-02-16 07:35:47,ACTIVO
1008610,7092,43,Pasaje Bolívar 1789,BT,5,2008-05-05 18:55:43,ACTIVO
1008611,7093,39,Psje. Los Pinos 5287,BT,2,2000-06-05 00:36:57,ACTIVO
1008612,7094,15,Av. Venezuela 2635,BT,4,2013-10-17 20:01:11,ACTIVO
1008613,7094,15,Av. Grau 7358,BT,7,2020-06-13 15:19:44,ACTIVO
1008614,7095,30,Pasaje El Sol 8391,BT,3,2003-04-28 04:47:35,ACTIVO
1008615,7095,30,Calle Bolívar 7926,BT,5,2006-03-22 06:36:27,ACTIVO
1008616,7096,15,Pasaje Bolívar 2082,BT,6,2019-03-26 19:04:59,ACTIVO
1008617,7097,7,Pasaje San Martín 8712,BT,3,2011-03-18 16:04:02,ACTIVO
1008618,7098,27,Pasaje Panamericana 1576,BT,3,2024-01-24 00:00:00,ACTIVO
1008619,7099,13,Av. Panamericana 5342,BT,3,2001-06-10 04:18:50,ACTIVO
1008620,7100,3,Calle Panamericana 4417,BT,1,2012-06-21 21:47:47,ACTIVO
1008621,7101,9,Av. Bolívar 8135,BT,7,2004-07-14 21:25:56,SUSPENDIDO
1008622,7102,15,Pasaje Universitaria 6414,BT,8,2009-05-08 00:03:26,ACTIVO
1008623,7103,5,Jr. Grau 2543,BT,5,2007-06-18 06:48:32,ACTIVO
1008624,7104,5,Av. Venezuela 9031,BT,8,2004-08-14 12:18:54,ACTIVO
1008625,7104,5,Calle San Martín 5761,BT,2,2007-09-12 08:01:46,ACTIVO
1008626,7105,13,Av. Universitaria 4031,BT,4,2007-10-01 21:46:36,ACTIVO
1008627,7106,31,Av. Universitaria 5300,BT,4,2019-08-19 18:34:47,ACTIVO
1008628,7107,9,Calle El Sol 4854,BT,8,2011-03-05 19:05:00,ACTIVO
1008629,7108,15,Jr. La Molina 5040,BT,3,2012-02-25 03:03:02,ACTIVO
1008630,7109,16,Calle La Molina 5471,BT,6,2015-01-16 21:09:00,ACTIVO
1008631,7109,16,Pasaje Universitaria 7937,MT,2,2003-01-19 14:10:17,ACTIVO
1008632,7110,11,Av. Bolívar 8563,BT,6,2011-11-21 14:12:05,ACTIVO
1008633,7111,19,Calle San Martín 1440,BT,3,2018-07-02 13:20:48,ACTIVO
1008634,7112,15,Av. Universitaria 4584,BT,8,2002-11-22 01:34:52,ACTIVO
1008635,7113,11,Jr. Progreso 6515,MT,6,2019-08-08 10:18:28,ACTIVO
1008636,7114,3,Psje. Progreso 802,BT,2,2001-06-05 12:44:52,ACTIVO
1008637,7114,3,Av. El Sol 6636,BT,4,2002-12-25 02:05:23,ACTIVO
1008638,7115,36,Psje. San Martín 9784,BT,4,2000-01-11 08:29:13,ACTIVO
1008639,7116,33,Psje. Grau 9159,BT,2,2012-05-05 15:20:44,ACTIVO
1008640,7117,9,Calle Grau 7820,MT,7,2020-10-21 18:09:50,ACTIVO
1008641,7118,5,Av. Venezuela 599,BT,2,2003-04-11 16:02:25,ACTIVO
1008642,7119,22,Jr. San Martín 5810,BT,1,2017-10-12 17:51:56,ACTIVO
1008643,7119,22,Psje. Panamericana 7698,BT,6,2017-08-17 22:34:14,ACTIVO
1008644,7120,40,Av. Universitaria 781,BT,3,2003-10-26 09:16:37,ACTIVO
1008645,7121,3,Jr. Bolívar 1965,BT,6,2021-02-08 00:00:00,ACTIVO
1008646,7121,3,Av. Universitaria 5784,BT,4,2019-01-08 09:24:54,ACTIVO
1008647,7122,40,Av. Panamericana 3914,BT,2,2019-08-25 14:39:22,ACTIVO
1008648,7123,9,Pasaje Panamericana 9222,BT,6,2006-08-17 02:45:45,ACTIVO
1008649,7123,9,Av. Grau 6614,BT,8,2011-10-30 19:24:26,ACTIVO
1008650,7124,7,Jr. Bolívar 5843,BT,8,2005-03-05 04:23:55,ACTIVO
1008651,7125,38,Jr. Bolívar 1023,BT,3,2016-01-07 21:32:08,ACTIVO
1008652,7126,26,Psje. La Molina 7977,BT,7,2012-10-29 06:24:13,ACTIVO
1008653,7126,26,Pasaje La Molina 4928,BT,6,2001-06-27 05:02:54,ACTIVO
1008654,7127,7,Pasaje El Sol 6381,BT,4,2024-12-19 00:00:00,ACTIVO
1008655,7128,40,Jr. El Sol 2135,BT,1,2006-02-21 10:45:25,ACTIVO
1008656,7129,7,Jr. La Molina 4599,BT,8,2016-08-26 14:05:50,ACTIVO
1008657,7130,2,Pasaje Progreso 1148,BT,5,2020-10-13 17:43:17,ACTIVO
1008658,7131,15,Av. San Martín 1243,BT,2,2000-07-07 09:45:52,ACTIVO
1008659,7132,5,Av. San Martín 5169,BT,5,2009-08-08 09:30:33,ACTIVO
1008660,7133,40,Calle La Molina 1168,BT,5,2007-01-27 16:15:34,ACTIVO
1008661,7134,3,Av. El Sol 570,BT,6,2001-01-21 17:07:06,ACTIVO
1008662,7135,28,Calle Bolívar 4764,BT,7,2015-05-04 09:07:55,ACTIVO
1008663,7136,37,Jr. Venezuela 8583,BT,6,2022-09-28 00:00:00,ACTIVO
1008664,7137,41,Pasaje El Sol 6482,BT,4,2003-09-19 17:48:02,ACTIVO
1008665,7138,39,Pasaje Venezuela 2778,BT,5,2001-06-14 18:03:29,ACTIVO
1008666,7139,3,Calle Los Pinos 3705,BT,2,2013-09-27 20:22:45,ACTIVO
1008667,7140,11,Av. La Molina 9325,BT,7,2023-10-14 00:00:00,ACTIVO
1008668,7141,17,Av. Panamericana 6773,BT,1,2012-08-01 20:10:40,ACTIVO
1008669,7142,28,Pasaje El Sol 8422,BT,2,2018-04-25 04:34:24,ACTIVO
1008670,7143,19,Av. Venezuela 6768,BT,6,2016-12-10 15:02:21,ACTIVO
1008671,7144,7,Jr. Progreso 8958,BT,1,2008-03-20 18:50:55,ACTIVO
1008672,7145,15,Pasaje Grau 3142,MT,3,2014-02-20 22:54:28,ACTIVO
1008673,7146,37,Psje. Universitaria 9642,BT,3,2009-11-19 19:36:47,ACTIVO
1008674,7147,43,Psje. Progreso 6263,BT,8,2020-09-02 15:08:59,ACTIVO
1008675,7148,18,Jr. Grau 2943,BT,4,2009-04-18 12:11:55,ACTIVO
1008676,7148,18,Jr. Bolívar 9931,BT,1,2006-12-13 01:38:44,ACTIVO
1008677,7149,28,Psje. Panamericana 9928,BT,4,2004-10-31 10:01:36,ACTIVO
1008678,7150,30,Av. Universitaria 2778,BT,1,2005-01-13 22:16:16,ACTIVO
1008679,7151,15,Psje. San Martín 7849,BT,8,2004-05-05 00:00:56,ACTIVO
1008680,7152,18,Psje. Grau 7484,BT,8,2016-07-05 15:38:59,ACTIVO
1008681,7152,18,Jr. San Martín 5064,BT,3,2020-12-23 23:14:44,ACTIVO
1008682,7153,7,Calle Progreso 2748,BT,6,2019-10-19 21:28:18,ACTIVO
1008683,7154,25,Psje. El Sol 3691,BT,6,2007-02-02 02:05:08,ACTIVO
1008684,7155,19,Jr. Universitaria 8000,BT,4,2011-08-29 07:30:27,ACTIVO
1008685,7156,38,Psje. Universitaria 1005,BT,1,2009-12-16 19:08:55,ACTIVO
1008686,7156,38,Pasaje Venezuela 7664,BT,6,2009-04-22 03:34:52,ACTIVO
1008687,7157,19,Pasaje Universitaria 5520,BT,5,2004-03-28 19:40:33,ACTIVO
1008688,7158,38,Jr. Universitaria 7898,BT,2,2009-10-01 08:43:21,SUSPENDIDO
1008689,7159,15,Jr. Universitaria 9930,BT,4,2005-05-20 12:09:47,ACTIVO
1008690,7160,39,Av. Progreso 4822,BT,4,2018-11-24 12:42:32,ACTIVO
1008691,7161,3,Psje. Universitaria 3312,BT,6,2011-03-20 17:34:28,ACTIVO
1008692,7162,29,Calle El Sol 3454,BT,1,2024-11-16 00:00:00,ACTIVO
1008693,7163,5,Psje. La Molina 2379,BT,6,2010-06-12 01:36:42,ACTIVO
1008694,7164,29,Pasaje Grau 1409,BT,8,2001-02-27 00:05:12,ACTIVO
1008695,7165,7,Psje. Los Pinos 8063,BT,7,2014-05-22 03:51:38,ACTIVO
1008696,7166,9,Pasaje Grau 4795,BT,2,2012-09-19 01:04:10,ACTIVO
1008697,7167,9,Av. Progreso 907,BT,1,2005-08-20 04:40:14,ACTIVO
1008698,7167,9,Pasaje Panamericana 3777,BT,6,2013-10-19 22:57:11,ACTIVO
1008699,7167,9,Psje. Progreso 4681,BT,5,2009-02-05 06:11:54,ACTIVO
1008700,7168,43,Calle Progreso 4418,BT,3,2003-11-21 06:47:55,ACTIVO
1008701,7169,7,Calle Bolívar 6971,BT,2,2018-08-23 18:23:21,ACTIVO
1008702,7170,41,Psje. Panamericana 1589,BT,5,2018-08-15 03:43:09,ACTIVO
1008703,7171,5,Pasaje El Sol 3459,BT,4,2011-12-20 05:46:39,INACTIVO
1008704,7171,5,Av. El Sol 5529,BT,5,2012-03-02 08:57:33,ACTIVO
1008705,7172,9,Jr. Los Pinos 6010,BT,6,2009-03-06 17:33:03,INACTIVO
1008706,7173,26,Psje. Grau 6093,BT,7,2010-11-16 07:19:48,ACTIVO
1008707,7174,18,Pasaje La Molina 946,BT,7,2005-02-25 08:10:37,ACTIVO
1008708,7174,18,Psje. Los Pinos 984,BT,6,2018-06-25 12:26:55,ACTIVO
1008709,7175,35,Pasaje Progreso 2939,BT,5,2005-12-02 13:02:52,ACTIVO
1008710,7176,40,Psje. La Molina 3937,BT,1,2011-12-24 06:48:45,ACTIVO
1008711,7177,12,Psje. Panamericana 3364,BT,7,2020-03-09 00:51:31,ACTIVO
1008712,7178,29,Pasaje San Martín 8425,BT,7,2004-06-08 02:17:45,ACTIVO
1008713,7178,29,Calle San Martín 7856,BT,1,2008-02-03 10:57:25,ACTIVO
1008714,7179,4,Calle Progreso 8046,BT,4,2011-03-08 00:12:47,ACTIVO
1008715,7180,15,Calle Progreso 4504,BT,4,2015-10-03 15:56:28,ACTIVO
1008716,7180,15,Calle Universitaria 3588,BT,6,2002-11-16 11:45:35,ACTIVO
1008717,7181,15,Calle Bolívar 2864,BT,8,2006-11-29 19:18:06,ACTIVO
1008718,7182,9,Jr. Progreso 8921,BT,8,2007-03-08 22:00:23,ACTIVO
1008719,7183,4,Psje. Los Pinos 3851,BT,5,2020-08-24 11:09:31,INACTIVO
1008720,7183,4,Jr. El Sol 7216,BT,4,2003-07-15 21:52:57,ACTIVO
1008721,7184,4,Calle Grau 8314,BT,7,2004-10-05 12:05:00,ACTIVO
1008722,7185,43,Pasaje El Sol 2006,BT,5,2001-02-24 06:12:33,ACTIVO
1008723,7186,29,Av. Panamericana 5640,BT,3,2013-08-28 10:51:18,ACTIVO
1008724,7187,28,Pasaje Progreso 823,BT,5,2018-05-09 12:40:59,ACTIVO
1008725,7188,38,Av. Bolívar 2926,BT,3,2018-08-11 15:59:06,ACTIVO
1008726,7189,36,Pasaje Venezuela 7266,BT,2,2003-04-08 15:13:37,ACTIVO
1008727,7190,15,Calle San Martín 4038,BT,2,2007-06-04 14:45:59,ACTIVO
1008728,7191,17,Pasaje La Molina 6033,BT,4,2004-01-23 08:13:31,ACTIVO
1008729,7192,9,Jr. Progreso 5866,BT,8,2000-06-17 00:20:10,ACTIVO
1008730,7193,3,Psje. La Molina 9701,BT,3,2007-10-01 21:52:12,ACTIVO
1008731,7194,9,Av. Universitaria 308,BT,3,2018-06-22 04:38:34,ACTIVO
1008732,7195,9,Calle El Sol 2020,BT,5,2012-11-30 20:54:52,ACTIVO
1008733,7195,9,Psje. La Molina 8313,BT,8,2017-10-09 17:22:26,ACTIVO
1008734,7196,6,Jr. Bolívar 6651,BT,1,2013-06-24 02:43:52,ACTIVO
1008735,7197,31,Calle San Martín 7642,BT,6,2016-10-31 12:07:41,ACTIVO
1008736,7198,39,Jr. Panamericana 8804,BT,7,2014-04-30 13:43:20,ACTIVO
1008737,7199,32,Jr. Venezuela 2820,BT,2,2014-06-08 16:53:51,ACTIVO
1008738,7200,43,Jr. Venezuela 4405,BT,4,2006-07-29 23:50:20,ACTIVO
1008739,7201,8,Psje. Venezuela 4344,BT,2,2011-04-16 15:21:32,ACTIVO
1008740,7202,40,Calle Venezuela 2204,BT,3,2006-08-30 05:20:48,ACTIVO
1008741,7203,19,Calle Grau 3607,BT,2,2003-12-18 18:00:03,ACTIVO
1008742,7204,28,Jr. Panamericana 3835,BT,5,2006-03-14 19:29:39,ACTIVO
1008743,7204,28,Av. Los Pinos 4323,BT,5,2015-03-04 08:54:39,ACTIVO
1008744,7205,30,Calle Grau 156,BT,8,2002-08-13 04:52:32,ACTIVO
1008745,7206,9,Calle Panamericana 5529,BT,2,2002-03-10 22:04:45,ACTIVO
1008746,7207,15,Jr. La Molina 9645,BT,1,2005-10-22 17:51:22,ACTIVO
1008747,7208,6,Psje. La Molina 237,BT,3,2020-10-19 01:02:54,ACTIVO
1008748,7208,6,Calle Panamericana 5958,MT,2,2016-03-09 20:28:05,ACTIVO
1008749,7209,7,Pasaje Bolívar 6435,BT,6,2012-11-21 03:57:03,ACTIVO
1008750,7209,7,Calle San Martín 7863,BT,2,2018-08-31 20:44:09,ACTIVO
1008751,7210,9,Av. Bolívar 7804,BT,2,2004-09-20 16:59:35,ACTIVO
1008752,7211,3,Psje. La Molina 5555,MT,1,2013-02-15 01:34:20,ACTIVO
1008753,7212,28,Jr. Progreso 3411,BT,6,2006-07-17 21:47:46,ACTIVO
1008754,7213,3,Calle Progreso 3042,BT,8,2000-04-08 00:42:34,ACTIVO
1008755,7214,3,Av. San Martín 918,BT,3,2007-06-17 04:48:26,ACTIVO
1008756,7215,39,Pasaje Grau 3692,MT,8,2005-08-12 06:52:18,ACTIVO
1008757,7216,9,Calle Venezuela 5507,BT,7,2006-02-16 02:30:13,ACTIVO
1008758,7217,15,Psje. Venezuela 6261,BT,1,2019-12-10 04:50:39,ACTIVO
1008759,7218,43,Jr. El Sol 9229,BT,1,2011-08-29 04:20:24,ACTIVO
1008760,7219,13,Calle Bolívar 2147,BT,1,2000-12-20 17:03:38,ACTIVO
1008761,7219,13,Jr. Venezuela 1828,BT,7,2017-07-03 01:01:20,ACTIVO
1008762,7220,15,Calle Universitaria 7814,BT,7,2003-02-25 19:33:44,ACTIVO
1008763,7221,24,Calle Los Pinos 8422,BT,5,2010-08-19 14:20:25,ACTIVO
1008764,7222,13,Av. San Martín 2270,BT,7,2003-11-07 18:57:56,ACTIVO
1008765,7223,43,Av. Grau 8349,BT,3,2013-09-03 19:59:12,ACTIVO
1008766,7224,9,Psje. Bolívar 8633,BT,1,2000-08-07 00:22:17,ACTIVO
1008767,7225,29,Pasaje Progreso 9618,BT,6,2013-05-09 13:08:46,ACTIVO
1008768,7226,5,Pasaje Bolívar 4087,BT,4,2020-07-10 10:14:08,ACTIVO
1008769,7227,15,Av. Bolívar 4352,BT,1,2014-05-21 07:06:05,ACTIVO
1008770,7227,15,Psje. La Molina 6466,BT,8,2017-09-24 05:49:16,ACTIVO
1008771,7228,15,Psje. Grau 6199,BT,2,2018-12-06 09:55:38,ACTIVO
1008772,7229,43,Av. San Martín 1997,BT,3,2020-09-22 00:00:00,ACTIVO
1008773,7230,26,Psje. El Sol 6402,BT,6,2005-09-21 14:14:11,ACTIVO
1008774,7231,3,Calle El Sol 3726,BT,3,2014-06-08 23:51:23,ACTIVO
1008775,7232,5,Av. Bolívar 9885,BT,2,2005-01-13 17:10:59,ACTIVO
1008776,7233,42,Psje. Bolívar 1874,BT,1,2020-07-25 17:59:01,ACTIVO
1008777,7233,42,Pasaje Grau 2210,BT,3,2001-06-23 16:10:10,ACTIVO
1008778,7234,43,Psje. Universitaria 5236,BT,2,2020-07-06 07:05:37,ACTIVO
1008779,7235,33,Calle Universitaria 2378,BT,7,2010-04-05 09:13:30,ACTIVO
1008780,7236,34,Jr. Grau 2504,BT,1,2011-08-07 21:16:46,ACTIVO
1008781,7237,38,Psje. Los Pinos 7144,BT,2,2022-04-05 00:00:00,ACTIVO
1008782,7238,15,Jr. Venezuela 3674,BT,6,2018-08-16 00:37:53,ACTIVO
1008783,7239,29,Jr. Progreso 3104,BT,6,2000-10-06 00:42:55,ACTIVO
1008784,7240,10,Psje. Universitaria 4332,MT,8,2006-11-19 18:57:27,ACTIVO
1008785,7241,43,Calle Los Pinos 7443,BT,7,2005-11-27 00:48:49,ACTIVO
1008786,7242,7,Psje. La Molina 559,BT,6,2003-04-03 23:38:02,ACTIVO
1008787,7243,13,Calle Los Pinos 4328,BT,4,2022-01-06 00:00:00,ACTIVO
1008788,7244,15,Calle Venezuela 4194,BT,4,2003-09-01 12:49:47,ACTIVO
1008789,7245,7,Pasaje Universitaria 6159,BT,3,2014-09-17 00:59:10,ACTIVO
1008790,7246,33,Pasaje Bolívar 3593,BT,2,2008-03-22 01:47:05,ACTIVO
1008791,7246,33,Psje. Los Pinos 7913,BT,1,2008-08-18 10:17:48,ACTIVO
1008792,7246,33,Pasaje Panamericana 3343,BT,6,2000-08-10 14:29:38,ACTIVO
1008793,7247,38,Jr. San Martín 8857,BT,8,2002-08-16 06:41:15,ACTIVO
1008794,7248,18,Calle Panamericana 9984,BT,4,2012-04-02 08:22:21,ACTIVO
1008795,7248,18,Pasaje San Martín 6072,BT,6,2024-08-08 00:00:00,ACTIVO
1008796,7249,14,Av. Universitaria 2973,BT,7,2002-05-20 01:33:59,ACTIVO
1008797,7250,31,Calle Panamericana 9964,BT,7,2000-10-16 22:49:49,ACTIVO
1008798,7250,31,Jr. La Molina 3099,BT,2,2019-03-22 06:42:34,ACTIVO
1008799,7251,29,Jr. Progreso 9575,BT,8,2014-06-05 17:43:47,ACTIVO
1008800,7252,18,Psje. Venezuela 8488,BT,6,2001-06-04 21:35:40,ACTIVO
1008801,7253,39,Psje. Panamericana 4083,BT,4,2001-12-14 18:56:08,ACTIVO
1008802,7254,43,Calle San Martín 7010,MT,2,2005-11-21 22:17:50,ACTIVO
1008803,7255,43,Psje. Progreso 9445,BT,3,2012-02-27 08:51:43,ACTIVO
1008804,7256,13,Calle Progreso 2733,BT,4,2017-02-06 23:39:10,ACTIVO
1008805,7256,13,Calle Grau 6236,BT,2,2014-10-04 15:28:57,ACTIVO
1008806,7257,43,Calle Grau 1980,BT,5,2011-04-25 11:03:51,ACTIVO
1008807,7258,34,Av. Bolívar 1298,BT,8,2008-06-25 09:33:17,INACTIVO
1008808,7258,34,Pasaje La Molina 8416,BT,7,2017-10-06 12:48:59,ACTIVO
1008809,7258,34,Calle Universitaria 9422,BT,7,2012-09-13 09:44:09,ACTIVO
1008810,7259,15,Psje. Los Pinos 1869,BT,4,2010-11-01 02:02:53,ACTIVO
1008811,7260,28,Psje. Progreso 5162,BT,7,2018-11-16 17:27:35,ACTIVO
1008812,7260,28,Av. Progreso 876,BT,6,2022-11-30 00:00:00,ACTIVO
1008813,7261,25,Pasaje Venezuela 945,BT,8,2011-07-22 02:12:06,ACTIVO
1008814,7262,4,Psje. Bolívar 4490,MT,7,2005-06-21 22:14:48,ACTIVO
1008815,7263,15,Pasaje El Sol 6708,BT,7,2014-12-18 18:15:56,ACTIVO
1008816,7264,29,Jr. Panamericana 1746,BT,3,2011-05-05 21:27:19,ACTIVO
1008817,7264,29,Jr. Venezuela 4151,BT,5,2003-07-19 19:24:46,ACTIVO
1008818,7265,15,Pasaje Grau 5352,BT,5,2014-12-25 03:24:30,ACTIVO
1008819,7266,7,Psje. La Molina 5392,BT,5,2002-06-01 21:06:15,ACTIVO
1008820,7267,1,Psje. Grau 8685,BT,2,2015-07-10 23:26:53,ACTIVO
1008821,7267,1,Psje. Grau 7492,BT,3,2000-08-16 04:51:46,ACTIVO
1008822,7267,1,Av. La Molina 5884,BT,6,2006-12-29 08:13:27,SUSPENDIDO
1008823,7268,29,Av. Universitaria 1099,BT,7,2001-05-07 09:45:13,ACTIVO
1008824,7269,28,Calle Progreso 5923,BT,8,2013-07-25 22:08:16,ACTIVO
1008825,7270,26,Pasaje Panamericana 5295,BT,4,2011-05-24 01:45:04,ACTIVO
1008826,7270,26,Av. El Sol 8519,BT,6,2011-10-28 03:59:23,ACTIVO
1008827,7271,39,Av. Panamericana 6407,BT,4,2000-09-19 00:55:31,ACTIVO
1008828,7272,13,Pasaje Bolívar 1548,BT,2,2018-12-10 06:57:19,ACTIVO
1008829,7273,18,Calle El Sol 7610,BT,8,2012-12-20 20:21:04,ACTIVO
1008830,7274,23,Psje. Los Pinos 1463,BT,6,2005-01-13 19:44:00,ACTIVO
1008831,7275,16,Jr. Los Pinos 9790,BT,3,2024-05-12 00:00:00,ACTIVO
1008832,7275,16,Psje. Venezuela 8065,BT,3,2004-01-05 00:00:08,ACTIVO
1008833,7276,4,Av. La Molina 5244,BT,6,2004-01-19 23:21:25,INACTIVO
1008834,7277,11,Psje. Progreso 1105,BT,8,2011-07-17 13:11:35,ACTIVO
1008835,7277,11,Jr. Venezuela 1414,BT,5,2006-11-22 11:13:38,ACTIVO
1008836,7278,9,Pasaje Grau 4055,BT,3,2015-11-13 08:34:51,ACTIVO
1008837,7279,7,Psje. Progreso 4365,BT,5,2000-02-18 12:56:16,ACTIVO
1008838,7280,19,Av. Los Pinos 8290,BT,7,2007-10-31 09:52:42,ACTIVO
1008839,7281,16,Psje. San Martín 2135,BT,7,2007-06-05 08:02:22,ACTIVO
1008840,7281,16,Jr. Grau 564,BT,7,2020-04-16 13:55:22,ACTIVO
1008841,7282,7,Psje. Progreso 7274,BT,4,2004-07-30 01:55:42,ACTIVO
1008842,7283,3,Jr. Venezuela 3981,BT,7,2008-03-10 16:38:38,ACTIVO
1008843,7284,9,Pasaje San Martín 5663,MT,7,2008-09-05 16:22:13,ACTIVO
1008844,7285,30,Psje. Universitaria 1457,BT,1,2009-11-09 16:03:29,ACTIVO
1008845,7286,28,Calle Panamericana 4400,BT,5,2012-07-07 23:30:53,ACTIVO
1008846,7287,9,Jr. Bolívar 3638,BT,4,2011-05-20 16:27:17,ACTIVO
1008847,7288,9,Calle Bolívar 834,BT,4,2006-11-04 13:25:08,ACTIVO
1008848,7289,9,Jr. Venezuela 2991,BT,4,2003-05-13 13:06:03,ACTIVO
1008849,7290,29,Pasaje Bolívar 4161,BT,3,2009-05-31 12:59:34,ACTIVO
1008850,7290,29,Jr. Venezuela 1040,BT,8,2007-02-09 10:37:12,ACTIVO
1008851,7291,26,Av. San Martín 158,BT,8,2017-08-20 05:29:27,ACTIVO
1008852,7291,26,Av. Bolívar 1826,BT,1,2002-01-24 08:07:40,ACTIVO
1008853,7292,26,Calle Universitaria 2942,BT,8,2009-03-15 16:11:14,ACTIVO
1008854,7293,39,Calle San Martín 6027,BT,2,2003-11-19 15:43:11,ACTIVO
1008855,7294,3,Av. Venezuela 8252,BT,3,2004-02-11 20:49:18,ACTIVO
1008856,7295,4,Av. San Martín 904,BT,6,2010-02-16 14:52:08,ACTIVO
1008857,7296,7,Calle Panamericana 7772,BT,8,2005-03-21 07:26:03,ACTIVO
1008858,7297,15,Jr. Los Pinos 3321,BT,3,2014-10-30 22:51:24,ACTIVO
1008859,7298,29,Av. Los Pinos 1554,BT,3,2007-10-11 03:19:30,ACTIVO
1008860,7298,29,Pasaje El Sol 5691,BT,8,2009-11-25 07:47:37,ACTIVO
1008861,7299,30,Pasaje El Sol 7556,BT,3,2001-11-23 04:57:37,ACTIVO
1008862,7300,28,Jr. San Martín 9698,BT,6,2020-10-29 14:25:18,ACTIVO
1008863,7301,37,Av. Universitaria 9925,BT,8,2013-05-06 13:16:43,ACTIVO
1008864,7302,30,Jr. La Molina 214,BT,4,2008-12-21 11:32:43,ACTIVO
1008865,7303,43,Psje. Progreso 9863,BT,4,2012-07-24 06:44:43,SUSPENDIDO
1008866,7304,26,Pasaje La Molina 9870,BT,3,2023-07-11 00:00:00,ACTIVO
1008867,7305,42,Calle Los Pinos 7275,BT,3,2015-08-26 08:34:58,ACTIVO
1008868,7306,38,Pasaje Los Pinos 1407,BT,4,2019-04-05 05:59:07,ACTIVO
1008869,7307,8,Calle Grau 4741,BT,5,2020-10-27 01:43:16,ACTIVO
1008870,7308,6,Av. El Sol 2941,BT,2,2012-08-18 17:24:32,INACTIVO
1008871,7309,15,Jr. Progreso 9378,MT,1,2004-04-17 18:06:57,ACTIVO
1008872,7310,41,Psje. San Martín 3336,BT,8,2017-04-23 12:09:31,ACTIVO
1008873,7311,39,Av. Universitaria 3878,BT,8,2010-03-07 18:36:53,ACTIVO
1008874,7312,7,Calle Progreso 5561,BT,5,2002-03-08 07:14:10,ACTIVO
1008875,7312,7,Pasaje Los Pinos 9455,BT,5,2011-04-09 10:14:38,ACTIVO
1008876,7313,3,Calle La Molina 4502,BT,6,2020-12-30 14:02:49,ACTIVO
1008877,7314,3,Jr. Los Pinos 3938,BT,6,2009-04-14 07:02:56,ACTIVO
1008878,7315,11,Av. El Sol 1963,BT,8,2013-06-05 00:03:34,ACTIVO
1008879,7316,5,Av. Universitaria 482,BT,8,2008-06-09 11:38:57,ACTIVO
1008880,7317,14,Calle Grau 1928,BT,3,2014-09-24 08:14:19,ACTIVO
1008881,7318,37,Jr. Bolívar 7024,BT,1,2006-11-10 14:41:35,ACTIVO
1008882,7318,37,Av. Panamericana 778,BT,7,2024-10-24 00:00:00,ACTIVO
1008883,7319,35,Psje. San Martín 886,BT,5,2024-06-10 00:00:00,ACTIVO
1008884,7319,35,Jr. Venezuela 3691,BT,7,2024-02-07 00:00:00,ACTIVO
1008885,7319,35,Av. Grau 1337,BT,1,2019-08-05 06:37:29,ACTIVO
1008886,7320,29,Calle Bolívar 9875,BT,2,2012-06-13 07:12:56,ACTIVO
1008887,7321,7,Psje. Universitaria 9865,BT,7,2017-08-21 15:53:38,ACTIVO
1008888,7322,15,Pasaje Los Pinos 7722,BT,1,2019-10-02 19:25:28,ACTIVO
1008889,7323,13,Pasaje San Martín 9805,BT,8,2001-07-31 03:39:38,SUSPENDIDO
1008890,7324,7,Av. Los Pinos 8948,BT,7,2005-01-13 16:40:45,ACTIVO
1008891,7325,15,Av. Progreso 3071,BT,1,2011-07-20 19:13:22,ACTIVO
1008892,7326,7,Jr. Panamericana 3716,BT,8,2008-04-22 07:17:51,ACTIVO
1008893,7327,32,Psje. Universitaria 6205,BT,4,2004-01-30 22:36:35,ACTIVO
1008894,7328,30,Av. Universitaria 8560,BT,8,2018-08-05 06:04:37,ACTIVO
1008895,7329,7,Av. Venezuela 462,BT,7,2018-03-10 08:56:49,ACTIVO
1008896,7329,7,Calle Bolívar 7293,BT,8,2012-02-22 16:58:20,ACTIVO
1008897,7330,15,Av. Bolívar 528,BT,1,2016-09-26 01:08:35,ACTIVO
1008898,7331,18,Calle Progreso 7873,BT,5,2014-07-24 01:17:34,ACTIVO
1008899,7332,33,Psje. Bolívar 6903,BT,5,2000-02-05 11:15:25,ACTIVO
1008900,7333,40,Jr. Bolívar 6649,BT,3,2007-01-01 05:07:48,ACTIVO
1008901,7334,4,Calle Universitaria 3696,BT,1,2014-11-14 03:03:36,ACTIVO
1008902,7334,4,Av. Bolívar 8137,BT,3,2018-01-28 11:20:06,ACTIVO
1008903,7335,38,Calle Bolívar 1006,BT,1,2012-12-10 18:18:04,ACTIVO
1008904,7336,31,Av. Universitaria 3053,BT,5,2012-05-04 00:35:58,ACTIVO
1008905,7337,39,Calle Panamericana 7942,BT,3,2007-10-17 01:23:41,ACTIVO
1008906,7337,39,Calle Panamericana 9772,BT,1,2012-12-14 02:27:59,ACTIVO
1008907,7338,9,Psje. Los Pinos 7492,BT,8,2013-05-29 19:44:59,ACTIVO
1008908,7339,9,Jr. Grau 6423,BT,7,2019-04-18 02:07:47,ACTIVO
1008909,7339,9,Calle Venezuela 6572,BT,6,2020-03-12 19:22:46,ACTIVO
1008910,7339,9,Jr. San Martín 2362,BT,7,2000-06-29 15:50:26,SUSPENDIDO
1008911,7340,9,Calle Panamericana 5080,BT,2,2019-02-05 01:39:22,ACTIVO
1008912,7340,9,Av. Bolívar 5205,BT,2,2001-06-12 19:01:35,ACTIVO
1008913,7341,29,Jr. Progreso 4080,BT,8,2004-01-10 09:29:33,ACTIVO
1008914,7342,7,Calle San Martín 7913,BT,5,2005-12-02 22:31:09,ACTIVO
1008915,7343,24,Calle Venezuela 7099,BT,5,2006-06-17 13:52:01,ACTIVO
1008916,7344,9,Pasaje Bolívar 6007,BT,6,2017-03-12 07:28:07,INACTIVO
1008917,7345,3,Jr. El Sol 6413,BT,2,2004-02-24 23:47:04,ACTIVO
1008918,7346,9,Pasaje Panamericana 5504,BT,8,2008-06-28 03:24:22,INACTIVO
1008919,7347,37,Jr. Progreso 7676,BT,2,2013-05-01 18:15:23,ACTIVO
1008920,7348,3,Calle Venezuela 8214,BT,8,2015-04-22 00:38:55,ACTIVO
1008921,7349,29,Pasaje Los Pinos 8164,BT,1,2022-09-12 00:00:00,ACTIVO
1008922,7350,43,Pasaje Venezuela 480,BT,7,2012-03-21 21:15:39,ACTIVO
1008923,7351,43,Psje. Progreso 3309,BT,6,2016-12-04 06:12:05,ACTIVO
1008924,7352,2,Psje. Los Pinos 965,BT,3,2020-12-23 21:35:45,ACTIVO
1008925,7353,43,Jr. La Molina 189,BT,1,2014-03-27 07:03:27,ACTIVO
1008926,7353,43,Pasaje El Sol 4113,BT,7,2018-07-27 18:46:52,ACTIVO
1008927,7354,15,Psje. Panamericana 4813,BT,3,2010-06-03 08:52:23,ACTIVO
1008928,7355,6,Av. El Sol 7218,BT,3,2010-07-13 03:49:30,ACTIVO
1008929,7356,43,Psje. El Sol 2677,BT,5,2017-01-24 08:14:09,ACTIVO
1008930,7356,43,Av. San Martín 4419,BT,1,2012-02-10 02:59:13,ACTIVO
1008931,7357,38,Jr. La Molina 6486,BT,4,2006-06-22 03:31:28,ACTIVO
1008932,7358,26,Pasaje La Molina 3805,BT,7,2020-11-30 09:32:59,INACTIVO
1008933,7359,20,Psje. Los Pinos 3438,BT,1,2011-04-26 04:07:30,ACTIVO
1008934,7360,15,Av. Grau 183,BT,5,2018-02-05 23:30:20,ACTIVO
1008935,7361,14,Psje. San Martín 9095,BT,6,2016-06-29 08:02:47,ACTIVO
1008936,7362,6,Calle Panamericana 3635,BT,5,2009-08-08 13:51:02,ACTIVO
1008937,7363,43,Psje. Universitaria 6553,BT,6,2020-12-30 14:00:07,ACTIVO
1008938,7364,30,Av. Venezuela 379,BT,2,2019-05-17 13:04:24,ACTIVO
1008939,7365,4,Psje. Bolívar 6640,BT,6,2005-03-26 18:00:44,ACTIVO
1008940,7366,1,Calle Los Pinos 8557,BT,6,2001-09-04 17:34:26,ACTIVO
1008941,7366,1,Jr. Venezuela 5292,BT,3,2015-06-05 02:48:26,ACTIVO
1008942,7367,37,Pasaje San Martín 2198,BT,6,2005-04-06 09:33:10,ACTIVO
1008943,7367,37,Calle Progreso 6269,BT,3,2014-09-11 10:40:38,ACTIVO
1008944,7368,29,Calle Grau 1145,BT,2,2005-11-11 16:26:44,ACTIVO
1008945,7369,40,Jr. Progreso 6148,BT,5,2018-04-24 23:56:10,ACTIVO
1008946,7370,29,Pasaje Progreso 2173,BT,5,2005-10-15 00:27:14,ACTIVO
1008947,7371,29,Calle San Martín 7973,BT,5,2010-09-13 17:33:45,ACTIVO
1008948,7371,29,Pasaje San Martín 2782,MT,2,2013-10-20 07:10:53,ACTIVO
1008949,7372,28,Pasaje Universitaria 2588,BT,4,2013-04-04 22:12:31,ACTIVO
1008950,7373,13,Jr. Grau 5117,BT,1,2014-07-30 08:44:37,ACTIVO
1008951,7374,23,Av. San Martín 8783,BT,4,2019-05-18 11:05:50,ACTIVO
1008952,7375,26,Jr. Bolívar 2137,BT,7,2012-09-30 17:25:36,ACTIVO
1008953,7376,27,Av. Universitaria 2694,BT,8,2013-08-05 06:44:26,ACTIVO
1008954,7377,7,Psje. Bolívar 1679,BT,7,2006-01-06 10:46:40,ACTIVO
1008955,7378,17,Av. El Sol 2274,BT,4,2015-01-23 08:37:39,ACTIVO
1008956,7378,17,Av. La Molina 3058,BT,1,2007-03-17 06:32:24,ACTIVO
1008957,7379,35,Jr. Bolívar 3633,BT,5,2019-03-31 17:04:07,ACTIVO
1008958,7379,35,Jr. Panamericana 3590,BT,8,2008-11-22 12:45:45,ACTIVO
1008959,7379,35,Pasaje Venezuela 6057,BT,4,2006-04-17 19:11:56,ACTIVO
1008960,7380,10,Av. Progreso 2371,BT,1,2011-09-07 10:31:40,ACTIVO
1008961,7381,35,Psje. Venezuela 2703,BT,4,2002-09-02 05:14:18,ACTIVO
1008962,7381,35,Calle San Martín 6099,BT,2,2006-06-17 02:04:08,ACTIVO
1008963,7382,3,Calle Universitaria 7762,BT,7,2019-10-03 08:54:11,ACTIVO
1008964,7383,26,Av. Panamericana 2772,BT,1,2019-07-11 07:53:47,ACTIVO
1008965,7384,30,Calle Universitaria 487,BT,5,2007-10-15 13:01:13,ACTIVO
1008966,7384,30,Calle Panamericana 4286,BT,4,2015-04-11 16:20:34,ACTIVO
1008967,7384,30,Av. Venezuela 289,BT,8,2015-09-02 04:13:17,ACTIVO
1008968,7385,17,Pasaje Venezuela 1511,BT,3,2005-10-07 08:05:49,ACTIVO
1008969,7385,17,Jr. Universitaria 5348,BT,8,2002-03-02 01:01:51,ACTIVO
1008970,7386,21,Calle Progreso 6982,BT,1,2004-12-22 04:18:36,INACTIVO
1008971,7387,7,Calle El Sol 2066,BT,5,2019-11-01 09:23:59,ACTIVO
1008972,7387,7,Calle Venezuela 1351,BT,3,2002-07-08 02:49:50,ACTIVO
1008973,7388,24,Pasaje La Molina 552,BT,1,2024-09-29 00:00:00,ACTIVO
1008974,7389,4,Pasaje Progreso 9443,BT,5,2009-03-25 21:12:59,ACTIVO
1008975,7390,6,Psje. Grau 6772,BT,4,2016-05-08 07:35:39,ACTIVO
1008976,7391,27,Calle Universitaria 3825,BT,6,2001-02-18 10:05:07,ACTIVO
1008977,7391,27,Psje. Panamericana 4744,BT,7,2008-02-26 13:05:30,ACTIVO
1008978,7392,7,Pasaje Panamericana 5551,BT,2,2003-01-20 09:33:18,ACTIVO
1008979,7393,40,Pasaje Grau 9099,BT,7,2014-11-22 21:04:18,ACTIVO
1008980,7394,9,Calle Venezuela 8074,BT,1,2006-12-09 08:35:08,ACTIVO
1008981,7395,17,Jr. Grau 6244,BT,6,2007-09-25 23:12:28,ACTIVO
1008982,7396,10,Jr. Grau 7967,BT,2,2011-03-22 12:46:52,ACTIVO
1008983,7397,15,Pasaje Los Pinos 9056,BT,4,2000-09-13 23:51:47,ACTIVO
1008984,7398,30,Pasaje Universitaria 1846,BT,7,2015-09-26 16:03:42,ACTIVO
1008985,7399,6,Jr. Panamericana 2207,BT,4,2014-03-08 11:40:36,ACTIVO
1008986,7400,43,Jr. La Molina 6431,BT,2,2001-06-20 14:53:18,ACTIVO
1008987,7401,39,Calle Venezuela 5955,BT,2,2013-04-26 08:43:04,ACTIVO
1008988,7402,15,Psje. Grau 371,MT,3,2005-09-22 08:49:04,ACTIVO
1008989,7403,23,Psje. Grau 8730,BT,4,2011-09-30 11:28:32,ACTIVO
1008990,7404,4,Psje. Venezuela 5898,MT,6,2006-02-13 04:57:33,ACTIVO
1008991,7404,4,Calle Panamericana 2385,BT,6,2019-09-25 03:49:14,ACTIVO
1008992,7405,26,Calle San Martín 9155,BT,5,2008-07-03 13:27:00,ACTIVO
1008993,7406,39,Calle Grau 569,BT,6,2006-12-19 15:33:36,ACTIVO
1008994,7406,39,Jr. El Sol 9470,BT,5,2007-06-23 21:10:50,ACTIVO
1008995,7407,13,Pasaje San Martín 3361,BT,8,2010-11-06 10:48:47,ACTIVO
1008996,7408,29,Av. Grau 6842,BT,3,2020-09-12 03:06:54,ACTIVO
1008997,7409,40,Jr. Los Pinos 9421,BT,2,2009-08-23 15:40:10,INACTIVO
1008998,7410,29,Jr. Los Pinos 608,BT,7,2016-08-26 06:21:46,ACTIVO
1008999,7411,28,Av. Panamericana 7545,BT,6,2019-11-28 14:29:08,ACTIVO
1009000,7412,22,Pasaje Venezuela 117,BT,5,2018-06-29 23:04:53,ACTIVO
1009001,7413,28,Jr. Grau 2279,BT,3,2006-10-08 10:51:36,ACTIVO
1009002,7414,3,Pasaje El Sol 3899,BT,6,2008-09-12 20:15:10,ACTIVO
1009003,7415,41,Psje. El Sol 8121,BT,4,2014-03-30 22:15:37,ACTIVO
1009004,7416,43,Psje. El Sol 4453,BT,3,2017-11-21 15:14:38,ACTIVO
1009005,7417,2,Av. San Martín 9318,BT,5,2005-08-07 23:30:39,ACTIVO
1009006,7418,26,Av. Panamericana 7723,BT,1,2002-11-25 07:24:32,ACTIVO
1009007,7418,26,Av. El Sol 3727,BT,7,2023-03-26 00:00:00,ACTIVO
1009008,7419,30,Jr. Venezuela 2363,BT,6,2004-10-02 07:42:17,ACTIVO
1009009,7420,27,Av. Venezuela 1161,BT,8,2009-11-12 10:40:56,ACTIVO
1009010,7421,4,Psje. La Molina 8868,BT,8,2001-01-11 01:01:22,INACTIVO
1009011,7422,3,Calle Venezuela 5050,BT,4,2012-11-01 09:35:39,ACTIVO
1009012,7423,29,Jr. El Sol 8543,BT,7,2018-10-21 10:20:06,ACTIVO
1009013,7424,32,Calle Bolívar 1212,BT,6,2009-03-04 03:57:13,ACTIVO
1009014,7425,7,Psje. Universitaria 7957,BT,4,2024-09-09 00:00:00,ACTIVO
1009015,7426,15,Av. Venezuela 8588,BT,1,2000-09-15 14:58:28,ACTIVO
1009016,7427,30,Jr. La Molina 9428,BT,4,2008-12-31 17:52:00,ACTIVO
1009017,7428,15,Calle El Sol 8980,BT,3,2007-01-01 03:32:40,ACTIVO
1009018,7428,15,Calle Grau 7198,BT,1,2011-05-10 22:25:44,ACTIVO
1009019,7429,4,Psje. El Sol 878,MT,2,2012-02-12 17:24:22,ACTIVO
1009020,7430,7,Psje. Panamericana 3550,BT,4,2001-11-18 12:32:24,ACTIVO
1009021,7431,9,Psje. Progreso 365,BT,4,2000-03-05 08:57:47,ACTIVO
1009022,7432,16,Av. Panamericana 8572,BT,2,2004-07-30 08:04:40,ACTIVO
1009023,7433,19,Av. Grau 2661,BT,3,2001-10-22 04:51:52,ACTIVO
1009024,7434,28,Av. Panamericana 315,BT,2,2014-03-17 10:58:17,ACTIVO
1009025,7435,15,Pasaje Los Pinos 7981,BT,8,2010-02-19 13:52:45,ACTIVO
1009026,7435,15,Psje. San Martín 6781,BT,5,2011-02-17 08:42:03,ACTIVO
1009027,7436,15,Pasaje Bolívar 7866,BT,2,2016-05-10 02:00:07,ACTIVO
1009028,7436,15,Calle Progreso 4921,BT,1,2019-07-29 23:39:42,ACTIVO
1009029,7437,9,Pasaje La Molina 1782,BT,3,2005-03-18 13:22:41,ACTIVO
1009030,7438,3,Jr. Bolívar 3402,BT,6,2007-12-04 20:30:59,ACTIVO
1009031,7438,3,Jr. San Martín 2301,BT,4,2006-02-10 14:58:34,ACTIVO
1009032,7439,29,Calle San Martín 8129,MT,5,2003-10-08 14:53:31,ACTIVO
1009033,7440,30,Psje. Grau 2597,BT,4,2017-01-28 11:02:55,ACTIVO
1009034,7440,30,Psje. Venezuela 5912,BT,2,2006-07-26 21:54:38,ACTIVO
1009035,7441,7,Jr. Panamericana 4939,BT,8,2020-08-27 06:04:34,ACTIVO
1009036,7442,15,Calle El Sol 2741,BT,4,2013-05-28 10:28:00,ACTIVO
1009037,7443,13,Av. Progreso 6864,MT,4,2019-09-04 16:33:06,ACTIVO
1009038,7443,13,Calle Bolívar 2219,BT,3,2000-08-23 01:46:19,ACTIVO
1009039,7444,26,Pasaje Panamericana 1041,BT,6,2005-07-15 13:42:22,ACTIVO
1009040,7445,20,Jr. Bolívar 7431,BT,4,2007-04-13 08:36:02,ACTIVO
1009041,7446,25,Calle La Molina 9231,BT,4,2017-01-09 06:42:05,ACTIVO
1009042,7446,25,Psje. Bolívar 7070,BT,4,2012-02-25 16:13:33,ACTIVO
1009043,7447,29,Jr. Venezuela 5578,BT,2,2004-11-09 16:21:35,ACTIVO
1009044,7448,7,Calle El Sol 579,BT,1,2009-06-23 18:26:21,ACTIVO
1009045,7448,7,Calle San Martín 9746,BT,1,2003-12-18 23:15:41,ACTIVO
1009046,7449,15,Calle Universitaria 9588,BT,4,2018-06-03 23:50:00,ACTIVO
1009047,7450,6,Psje. Venezuela 6262,BT,1,2018-08-12 08:33:12,ACTIVO
1009048,7451,29,Jr. Panamericana 7121,BT,8,2008-11-14 01:51:25,ACTIVO
1009049,7452,29,Jr. La Molina 8534,BT,6,2008-04-01 01:48:47,ACTIVO
1009050,7453,17,Psje. Venezuela 8544,BT,4,2018-09-07 07:31:12,ACTIVO
1009051,7454,19,Psje. Venezuela 1607,BT,8,2008-09-23 13:38:28,ACTIVO
1009052,7455,40,Psje. El Sol 9691,BT,5,2020-10-04 23:17:45,ACTIVO
1009053,7456,7,Calle Progreso 2234,BT,1,2010-08-11 12:16:21,ACTIVO
1009054,7457,3,Av. Venezuela 5233,BT,1,2005-12-24 07:06:27,ACTIVO
1009055,7458,40,Jr. Bolívar 8058,BT,2,2004-04-23 10:58:39,ACTIVO
1009056,7459,4,Jr. San Martín 3503,BT,5,2003-09-23 23:13:24,ACTIVO
1009057,7460,3,Pasaje Venezuela 6463,BT,4,2011-09-01 16:54:25,ACTIVO
1009058,7461,14,Calle Universitaria 2216,BT,6,2010-08-27 00:53:03,ACTIVO
1009059,7462,38,Jr. Los Pinos 9714,BT,6,2013-08-19 00:36:28,ACTIVO
1009060,7463,7,Psje. La Molina 6642,BT,3,2018-10-16 00:00:17,INACTIVO
1009061,7464,32,Pasaje Los Pinos 1765,BT,1,2005-07-09 08:15:36,ACTIVO
1009062,7465,24,Av. Venezuela 7886,BT,2,2023-07-31 00:00:00,ACTIVO
1009063,7466,3,Calle La Molina 4484,BT,3,2018-07-02 07:39:46,ACTIVO
1009064,7467,4,Pasaje Los Pinos 8415,BT,4,2010-09-13 16:44:39,ACTIVO
1009065,7468,37,Av. Venezuela 6949,BT,1,2004-05-08 15:31:15,ACTIVO
1009066,7469,3,Jr. La Molina 9990,BT,4,2002-06-09 00:42:35,ACTIVO
1009067,7469,3,Jr. Grau 5918,BT,2,2001-01-17 20:47:54,ACTIVO
1009068,7470,3,Calle Panamericana 1478,BT,1,2004-06-24 00:44:03,ACTIVO
1009069,7471,3,Av. El Sol 2966,BT,3,2012-07-18 17:31:33,ACTIVO
1009070,7471,3,Pasaje La Molina 2333,BT,2,2012-02-12 09:48:55,ACTIVO
1009071,7472,15,Av. San Martín 5301,BT,2,2005-02-06 20:33:14,ACTIVO
1009072,7473,25,Pasaje Bolívar 6059,BT,4,2009-09-20 22:02:54,ACTIVO
1009073,7473,25,Av. El Sol 8508,BT,6,2008-12-06 17:04:51,ACTIVO
1009074,7474,39,Psje. Bolívar 940,BT,8,2010-04-02 09:18:21,ACTIVO
1009075,7474,39,Pasaje San Martín 5996,BT,5,2014-03-01 06:10:09,ACTIVO
1009076,7475,28,Jr. El Sol 3219,BT,2,2008-11-05 10:04:03,ACTIVO
1009077,7475,28,Psje. Los Pinos 9126,BT,2,2014-03-01 19:52:36,ACTIVO
1009078,7476,3,Psje. Progreso 7243,BT,4,2006-09-17 11:55:19,ACTIVO
1009079,7476,3,Pasaje El Sol 8481,BT,7,2000-06-25 10:38:44,ACTIVO
1009080,7477,3,Jr. Panamericana 5728,BT,2,2008-05-27 13:10:53,ACTIVO
1009081,7478,15,Calle Panamericana 320,BT,3,2005-09-12 15:01:41,ACTIVO
1009082,7479,3,Pasaje Bolívar 6418,BT,2,2013-01-05 16:05:25,ACTIVO
1009083,7480,30,Av. Los Pinos 7829,BT,2,2017-04-06 03:03:30,ACTIVO
1009084,7481,38,Calle La Molina 3006,BT,7,2000-10-22 03:25:36,ACTIVO
1009085,7482,7,Pasaje Los Pinos 8928,BT,5,2007-06-11 17:40:09,ACTIVO
1009086,7483,7,Pasaje Grau 6836,BT,7,2010-03-04 14:09:58,ACTIVO
1009087,7483,7,Pasaje El Sol 4191,BT,4,2019-07-23 09:45:12,ACTIVO
1009088,7483,7,Av. Progreso 424,BT,2,2008-12-29 09:37:26,ACTIVO
1009089,7484,43,Av. Bolívar 7247,BT,4,2013-03-15 18:29:36,ACTIVO
1009090,7484,43,Calle San Martín 3248,BT,8,2017-05-15 16:20:58,ACTIVO
1009091,7485,40,Calle San Martín 8728,BT,8,2019-09-11 13:43:31,ACTIVO
1009092,7486,27,Psje. Universitaria 6711,BT,5,2011-07-31 07:59:19,ACTIVO
1009093,7487,43,Jr. El Sol 5899,BT,2,2020-06-12 10:49:38,ACTIVO
1009094,7488,16,Av. Bolívar 2199,BT,5,2019-07-14 00:27:28,ACTIVO
1009095,7489,28,Psje. Los Pinos 5124,BT,7,2020-11-29 00:00:00,ACTIVO
1009096,7489,28,Calle San Martín 3217,BT,2,2013-08-12 15:26:48,ACTIVO
1009097,7490,3,Psje. Progreso 1767,BT,7,2014-07-21 23:59:19,ACTIVO
1009098,7491,28,Jr. Universitaria 9655,BT,5,2011-01-04 00:41:45,ACTIVO
1009099,7491,28,Pasaje Venezuela 2130,BT,2,2002-05-07 06:00:53,INACTIVO
1009100,7492,3,Calle Grau 3019,BT,6,2017-11-30 23:56:00,ACTIVO
1009101,7493,38,Psje. Bolívar 6948,BT,6,2007-01-17 15:34:09,ACTIVO
1009102,7493,38,Psje. Bolívar 3095,BT,2,2015-05-11 09:15:02,ACTIVO
1009103,7493,38,Pasaje El Sol 5349,MT,2,2000-01-03 08:49:30,ACTIVO
1009104,7494,40,Pasaje La Molina 4685,BT,7,2010-06-12 03:21:53,ACTIVO
1009105,7494,40,Calle Venezuela 652,BT,6,2005-11-15 12:01:25,ACTIVO
1009106,7495,28,Av. Bolívar 6518,BT,7,2004-11-21 00:19:00,ACTIVO
1009107,7495,28,Pasaje Progreso 8854,BT,7,2009-08-12 06:20:56,ACTIVO
1009108,7496,29,Pasaje El Sol 6945,BT,1,2009-09-28 11:01:14,ACTIVO
1009109,7497,26,Psje. Progreso 8886,BT,8,2019-04-09 07:12:59,ACTIVO
1009110,7498,28,Pasaje Bolívar 677,BT,1,2002-04-14 02:38:37,ACTIVO
1009111,7499,29,Jr. Progreso 1998,BT,4,2019-03-08 11:40:42,ACTIVO
1009112,7500,17,Pasaje La Molina 8871,BT,6,2018-01-17 03:34:59,ACTIVO
1009113,7501,43,Av. Progreso 2654,BT,3,2015-06-21 15:52:42,ACTIVO
1009114,7502,8,Calle Los Pinos 9305,BT,1,2024-12-24 00:00:00,ACTIVO
1009115,7503,29,Av. La Molina 7546,BT,1,2004-02-02 10:34:53,ACTIVO
1009116,7504,9,Calle La Molina 8237,BT,1,2000-04-23 16:02:14,ACTIVO
1009117,7504,9,Av. Los Pinos 3504,BT,4,2015-09-14 02:44:52,ACTIVO
1009118,7505,15,Calle Grau 7316,BT,8,2005-10-04 04:25:12,ACTIVO
1009119,7506,28,Pasaje San Martín 8028,BT,7,2012-12-14 02:49:40,ACTIVO
1009120,7507,15,Calle Bolívar 9678,BT,4,2001-09-06 10:13:30,ACTIVO
1009121,7508,40,Jr. Universitaria 5209,BT,6,2011-02-07 03:35:38,ACTIVO
1009122,7509,39,Calle Progreso 9900,BT,6,2017-08-04 21:40:51,ACTIVO
1009123,7510,6,Psje. Los Pinos 9726,BT,7,2013-01-13 09:27:01,ACTIVO
1009124,7511,16,Pasaje Grau 6364,BT,2,2013-02-17 02:37:10,ACTIVO
1009125,7512,5,Av. Grau 3509,BT,2,2000-10-26 03:43:35,ACTIVO
1009126,7513,9,Psje. Progreso 6106,BT,5,2012-12-17 03:22:27,ACTIVO
1009127,7514,38,Av. Panamericana 5146,BT,6,2003-03-20 10:15:51,ACTIVO
1009128,7515,26,Pasaje San Martín 7747,BT,4,2019-08-21 17:01:51,ACTIVO
1009129,7516,7,Jr. Panamericana 190,BT,3,2009-05-16 01:46:31,ACTIVO
1009130,7517,3,Psje. Grau 1803,BT,3,2015-06-10 02:16:09,ACTIVO
1009131,7518,43,Pasaje El Sol 6630,BT,5,2002-09-03 03:40:12,ACTIVO
1009132,7519,40,Pasaje Universitaria 3465,BT,2,2011-12-06 16:30:35,ACTIVO
1009133,7520,28,Av. El Sol 2443,BT,2,2007-02-15 00:05:20,ACTIVO
1009134,7521,7,Av. El Sol 6016,BT,6,2020-02-20 12:47:37,ACTIVO
1009135,7522,9,Pasaje Grau 3207,BT,6,2000-07-22 09:37:45,ACTIVO
1009136,7523,21,Psje. Universitaria 7726,BT,7,2011-10-31 19:08:46,ACTIVO
1009137,7524,15,Psje. Los Pinos 573,BT,3,2020-08-27 00:00:00,ACTIVO
1009138,7525,9,Psje. Venezuela 3618,MT,6,2009-02-20 03:23:26,ACTIVO
1009139,7526,32,Psje. La Molina 7659,BT,6,2017-11-29 10:42:51,ACTIVO
1009140,7527,9,Jr. Los Pinos 6390,BT,7,2004-02-17 18:26:49,ACTIVO
1009141,7528,9,Psje. Progreso 7623,BT,5,2018-03-20 06:34:24,ACTIVO
1009142,7529,5,Av. Universitaria 2785,BT,6,2010-05-20 01:00:53,ACTIVO
1009143,7530,29,Av. Grau 1503,BT,4,2015-10-08 12:03:28,ACTIVO
1009144,7531,39,Pasaje Panamericana 7759,BT,2,2015-04-30 05:01:14,ACTIVO
1009145,7532,4,Psje. El Sol 789,BT,6,2016-09-06 16:17:47,ACTIVO
1009146,7532,4,Calle San Martín 1292,BT,8,2011-10-14 01:25:07,ACTIVO
1009147,7533,26,Av. Venezuela 303,BT,4,2018-04-12 17:45:59,ACTIVO
1009148,7534,30,Psje. Bolívar 4295,BT,7,2002-02-18 03:39:06,ACTIVO
1009149,7535,30,Pasaje La Molina 867,BT,1,2004-07-11 12:13:21,ACTIVO
1009150,7536,13,Calle Los Pinos 9553,BT,6,2016-08-20 23:24:09,ACTIVO
1009151,7537,43,Jr. Bolívar 8724,BT,2,2017-06-28 04:08:50,INACTIVO
1009152,7537,43,Calle Venezuela 5330,BT,5,2018-05-09 12:25:51,ACTIVO
1009153,7538,15,Calle Panamericana 3077,BT,4,2016-12-06 01:44:06,ACTIVO
1009154,7539,3,Calle Bolívar 5399,BT,3,2014-01-17 08:24:16,ACTIVO
1009155,7539,3,Pasaje Venezuela 4971,BT,8,2011-07-06 18:18:31,ACTIVO
1009156,7540,30,Pasaje Panamericana 4534,BT,5,2000-01-07 13:19:54,ACTIVO
1009157,7541,4,Av. Bolívar 9355,BT,2,2015-01-17 23:30:31,ACTIVO
1009158,7542,5,Pasaje El Sol 5048,BT,8,2018-01-03 20:31:29,ACTIVO
1009159,7543,9,Jr. Venezuela 8454,BT,3,2013-08-08 04:27:36,ACTIVO
1009160,7544,29,Psje. Panamericana 3912,BT,6,2002-09-19 15:56:33,SUSPENDIDO
1009161,7545,24,Calle Grau 5578,BT,8,2005-10-06 23:37:56,ACTIVO
1009162,7546,29,Jr. Venezuela 6398,BT,1,2018-11-11 02:24:29,ACTIVO
1009163,7547,33,Psje. El Sol 6061,BT,1,2017-05-04 19:36:32,ACTIVO
1009164,7548,5,Pasaje La Molina 3147,BT,1,2006-10-12 10:08:00,ACTIVO
1009165,7549,30,Calle Panamericana 8225,BT,8,2007-03-26 20:49:48,ACTIVO
1009166,7550,9,Jr. Venezuela 8697,BT,3,2008-10-28 22:13:21,ACTIVO
1009167,7551,4,Psje. Venezuela 1974,BT,8,2013-04-15 10:57:58,SUSPENDIDO
1009168,7552,26,Jr. Universitaria 5052,BT,7,2011-03-28 05:46:21,ACTIVO
1009169,7553,25,Av. Universitaria 903,BT,6,2014-04-10 07:49:32,ACTIVO
1009170,7553,25,Jr. San Martín 7033,BT,6,2001-05-29 12:23:48,ACTIVO
1009171,7554,43,Calle El Sol 4814,BT,8,2006-07-12 11:23:10,ACTIVO
1009172,7555,22,Av. El Sol 1120,BT,3,2018-03-13 00:46:30,ACTIVO
1009173,7556,40,Av. Bolívar 8004,BT,7,2009-07-08 01:18:42,ACTIVO
1009174,7557,43,Jr. Los Pinos 7149,BT,3,2015-07-20 08:40:09,ACTIVO
1009175,7558,40,Pasaje Bolívar 1895,BT,5,2014-12-01 08:23:07,ACTIVO
1009176,7558,40,Jr. El Sol 8259,BT,7,2019-04-01 17:27:05,ACTIVO
1009177,7559,5,Av. Progreso 2633,BT,4,2005-09-05 12:47:33,ACTIVO
1009178,7560,18,Av. Venezuela 4131,BT,3,2002-11-30 20:19:38,ACTIVO
1009179,7561,29,Calle Progreso 891,BT,2,2018-08-14 01:04:18,ACTIVO
1009180,7561,29,Pasaje Panamericana 768,BT,2,2006-07-27 15:24:21,ACTIVO
1009181,7562,26,Psje. Grau 6917,BT,1,2013-01-31 06:39:49,ACTIVO
1009182,7562,26,Av. Universitaria 6000,BT,5,2020-06-23 00:59:06,ACTIVO
1009183,7563,13,Jr. Panamericana 5844,BT,4,2003-01-29 02:07:58,ACTIVO
1009184,7564,4,Av. Universitaria 3092,BT,1,2006-08-18 09:33:09,ACTIVO
1009185,7565,15,Pasaje Los Pinos 232,BT,6,2013-03-29 17:34:54,ACTIVO
1009186,7565,15,Pasaje La Molina 4754,BT,3,2018-10-25 14:50:48,ACTIVO
1009187,7566,3,Calle Los Pinos 9899,BT,3,2003-11-05 15:12:09,ACTIVO
1009188,7567,26,Calle Grau 5270,BT,7,2006-03-30 04:22:11,ACTIVO
1009189,7568,4,Av. Grau 8217,BT,5,2012-03-18 01:21:37,ACTIVO
1009190,7569,14,Pasaje Progreso 9908,BT,4,2003-11-18 09:45:43,ACTIVO
1009191,7570,2,Calle Venezuela 1892,BT,5,2015-09-11 04:22:57,ACTIVO
1009192,7571,7,Psje. San Martín 4547,BT,2,2016-12-27 08:51:40,ACTIVO
1009193,7572,4,Av. Bolívar 9104,BT,5,2010-08-13 13:41:11,ACTIVO
1009194,7572,4,Calle Venezuela 3696,BT,6,2011-02-18 07:41:42,ACTIVO
1009195,7573,13,Av. Progreso 7628,BT,6,2004-03-10 10:51:14,ACTIVO
1009196,7574,28,Calle Grau 8753,BT,5,2003-12-21 03:42:18,ACTIVO
1009197,7575,38,Calle Progreso 4936,BT,1,2014-05-03 00:04:42,ACTIVO
1009198,7576,15,Pasaje San Martín 3191,BT,2,2005-05-01 15:52:33,ACTIVO
1009199,7577,5,Pasaje El Sol 7789,BT,5,2003-01-27 20:32:29,ACTIVO
1009200,7578,1,Psje. Venezuela 9235,BT,2,2014-09-22 15:53:46,ACTIVO
1009201,7579,39,Calle Universitaria 2841,BT,7,2007-03-30 09:00:49,ACTIVO
1009202,7580,23,Pasaje La Molina 6093,BT,1,2000-03-05 11:43:26,ACTIVO
1009203,7580,23,Jr. Universitaria 7987,BT,6,2001-10-23 12:33:36,ACTIVO
1009204,7581,15,Calle El Sol 1490,MT,4,2009-11-15 02:02:21,ACTIVO
1009205,7582,43,Jr. Grau 4053,BT,3,2006-07-08 00:26:50,ACTIVO
1009206,7583,7,Psje. San Martín 8391,BT,1,2009-05-23 06:06:10,ACTIVO
1009207,7583,7,Av. Los Pinos 1467,BT,1,2015-08-09 22:35:37,ACTIVO
1009208,7584,9,Jr. Universitaria 2619,BT,7,2006-05-29 21:26:22,ACTIVO
1009209,7585,26,Calle San Martín 3943,BT,6,2005-08-25 00:34:53,ACTIVO
1009210,7586,30,Pasaje Universitaria 8144,BT,2,2014-03-20 11:20:57,ACTIVO
1009211,7587,40,Av. Universitaria 3004,BT,8,2006-09-06 22:07:51,ACTIVO
1009212,7587,40,Av. Universitaria 7559,BT,4,2007-03-13 00:51:26,ACTIVO
1009213,7588,3,Jr. Universitaria 5199,BT,5,2018-01-21 09:08:35,ACTIVO
1009214,7589,10,Psje. San Martín 8787,BT,4,2007-06-17 05:24:31,ACTIVO
1009215,7590,39,Pasaje El Sol 8422,BT,4,2003-07-17 15:39:36,ACTIVO
1009216,7590,39,Av. Bolívar 5923,BT,6,2017-08-18 06:45:12,ACTIVO
1009217,7591,28,Pasaje Progreso 9101,BT,6,2018-09-19 17:29:54,ACTIVO
1009218,7592,15,Pasaje Panamericana 3727,BT,8,2018-07-04 17:39:23,ACTIVO
1009219,7593,21,Jr. Bolívar 7339,BT,5,2020-04-26 22:08:55,ACTIVO
1009220,7594,19,Calle Panamericana 6003,BT,3,2024-07-09 00:00:00,ACTIVO
1009221,7595,4,Jr. El Sol 503,BT,8,2011-10-27 03:02:50,ACTIVO
1009222,7596,13,Calle Los Pinos 3570,BT,6,2003-02-17 16:32:36,ACTIVO
1009223,7597,19,Av. Panamericana 8208,BT,1,2002-06-16 16:57:30,ACTIVO
1009224,7597,19,Calle El Sol 2866,BT,1,2000-12-05 23:42:32,ACTIVO
1009225,7597,19,Calle Grau 2826,BT,8,2018-12-03 15:18:25,ACTIVO
1009226,7598,31,Av. Los Pinos 5802,BT,5,2017-03-01 21:04:03,ACTIVO
1009227,7599,13,Calle Los Pinos 171,BT,4,2006-01-08 13:27:54,ACTIVO
1009228,7600,38,Psje. La Molina 576,BT,7,2007-07-11 19:29:41,ACTIVO
1009229,7601,19,Jr. Panamericana 5299,BT,5,2018-03-02 21:51:05,ACTIVO
1009230,7602,19,Av. San Martín 5509,BT,7,2008-04-14 04:54:31,ACTIVO
1009231,7603,43,Calle Panamericana 7345,BT,1,2014-05-15 14:44:42,ACTIVO
1009232,7603,43,Jr. Los Pinos 2267,BT,3,2018-08-12 08:24:22,ACTIVO
1009233,7604,19,Pasaje Universitaria 1619,BT,4,2014-05-30 23:57:11,ACTIVO
1009234,7605,26,Av. Los Pinos 8488,BT,3,2000-10-08 20:41:51,ACTIVO
1009235,7606,26,Av. Grau 2786,BT,7,2016-03-19 23:41:40,ACTIVO
1009236,7607,15,Psje. San Martín 140,BT,7,2002-11-19 13:23:40,ACTIVO
1009237,7607,15,Psje. Progreso 9793,BT,1,2020-07-12 17:52:35,ACTIVO
1009238,7608,5,Jr. Grau 6010,BT,3,2001-08-25 12:43:00,ACTIVO
1009239,7609,7,Pasaje Venezuela 4900,BT,8,2003-07-03 15:09:40,ACTIVO
1009240,7610,7,Psje. Universitaria 9894,BT,4,2012-03-04 20:45:48,ACTIVO
1009241,7611,30,Av. Panamericana 4046,BT,6,2020-02-08 22:42:28,ACTIVO
1009242,7612,40,Jr. Progreso 4145,BT,1,2002-08-28 01:22:23,ACTIVO
1009243,7613,39,Av. Progreso 161,BT,5,2004-01-15 03:10:56,ACTIVO
1009244,7614,19,Psje. Panamericana 1770,BT,5,2011-07-01 01:08:09,ACTIVO
1009245,7614,19,Psje. Los Pinos 377,BT,8,2014-02-25 13:04:50,ACTIVO
1009246,7615,5,Calle La Molina 9245,BT,6,2012-10-13 20:46:23,ACTIVO
1009247,7616,34,Av. Bolívar 8001,BT,8,2005-04-21 19:25:31,ACTIVO
1009248,7617,29,Av. Panamericana 5227,BT,4,2008-01-30 12:02:17,ACTIVO
1009249,7618,9,Pasaje Progreso 3386,MT,3,2004-10-23 17:38:02,ACTIVO
1009250,7619,4,Calle El Sol 2695,BT,8,2010-02-22 14:16:30,ACTIVO
1009251,7620,43,Pasaje Los Pinos 7816,BT,3,2007-04-18 12:43:52,ACTIVO
1009252,7621,7,Psje. Venezuela 7085,BT,5,2008-05-20 16:17:36,ACTIVO
1009253,7622,15,Jr. Los Pinos 2184,BT,4,2006-10-03 13:16:04,ACTIVO
1009254,7623,9,Pasaje Venezuela 2046,BT,6,2002-05-23 18:31:53,INACTIVO
1009255,7624,11,Av. Bolívar 6944,BT,5,2008-04-27 15:30:10,ACTIVO
1009256,7625,7,Psje. Universitaria 2410,BT,3,2018-01-15 10:21:52,ACTIVO
1009257,7626,14,Psje. Los Pinos 1308,BT,6,2019-07-26 00:00:00,ACTIVO
1009258,7626,14,Jr. Universitaria 1838,BT,1,2001-07-29 00:12:18,ACTIVO
1009259,7627,26,Av. Venezuela 3349,BT,3,2002-12-27 01:04:25,ACTIVO
1009260,7628,9,Calle La Molina 9552,MT,6,2001-09-05 18:48:37,ACTIVO
1009261,7629,11,Calle Bolívar 7625,BT,3,2018-03-24 07:01:42,ACTIVO
1009262,7630,43,Av. Progreso 2454,BT,4,2017-09-30 03:56:15,ACTIVO
1009263,7631,9,Calle Bolívar 7392,BT,8,2013-01-05 03:43:11,ACTIVO
1009264,7632,16,Pasaje Los Pinos 7912,BT,2,2017-05-01 10:43:17,ACTIVO
1009265,7633,9,Jr. Los Pinos 9773,BT,4,2002-04-24 22:53:58,ACTIVO
1009266,7634,20,Pasaje Panamericana 7687,BT,7,2006-07-18 00:05:34,SUSPENDIDO
1009267,7635,5,Av. La Molina 7877,BT,8,2004-09-26 11:20:07,ACTIVO
1009268,7636,4,Psje. El Sol 2493,BT,6,2015-11-02 00:01:35,ACTIVO
1009269,7637,7,Calle Bolívar 3819,BT,2,2012-11-13 01:36:34,ACTIVO
1009270,7638,37,Pasaje Bolívar 2193,BT,3,2008-06-08 22:36:43,ACTIVO
1009271,7639,43,Jr. Bolívar 9161,BT,8,2012-01-17 05:52:24,ACTIVO
1009272,7640,43,Av. Venezuela 5176,BT,2,2011-03-24 16:11:22,ACTIVO
1009273,7641,17,Jr. Los Pinos 3270,BT,8,2015-08-15 16:29:24,ACTIVO
1009274,7642,4,Jr. Venezuela 4627,BT,4,2007-01-14 00:27:12,ACTIVO
1009275,7643,10,Jr. San Martín 4452,BT,3,2008-09-27 23:13:14,ACTIVO
1009276,7644,43,Psje. San Martín 2464,BT,8,2024-05-24 00:00:00,ACTIVO
1009277,7644,43,Av. La Molina 1896,BT,8,2012-02-03 07:51:15,ACTIVO
1009278,7645,19,Pasaje Panamericana 360,BT,7,2014-06-17 21:41:36,ACTIVO
1009279,7646,38,Psje. El Sol 866,BT,4,2008-12-23 04:45:03,ACTIVO
1009280,7647,19,Av. El Sol 8066,BT,5,2007-09-14 12:51:53,ACTIVO
1009281,7648,9,Pasaje Panamericana 4860,BT,5,2011-12-12 01:05:11,ACTIVO
1009282,7648,9,Psje. Bolívar 4068,BT,3,2015-03-07 22:16:57,ACTIVO
1009283,7648,9,Av. Progreso 3702,BT,4,2002-12-31 17:44:06,ACTIVO
1009284,7649,17,Jr. Progreso 3011,BT,8,2013-05-17 16:41:05,ACTIVO
1009285,7650,13,Calle Los Pinos 2183,BT,3,2007-06-15 06:31:10,ACTIVO
1009286,7651,38,Av. San Martín 8524,BT,7,2009-03-17 18:33:45,ACTIVO
1009287,7652,28,Jr. El Sol 5111,BT,8,2015-03-31 17:53:07,ACTIVO
1009288,7653,43,Calle Venezuela 761,BT,1,2002-09-03 12:48:19,ACTIVO
1009289,7654,7,Av. El Sol 9022,BT,1,2015-09-04 00:56:50,ACTIVO
1009290,7655,40,Psje. Panamericana 335,BT,1,2009-05-08 19:16:46,INACTIVO
1009291,7656,4,Av. La Molina 9566,BT,1,2005-08-10 03:36:42,ACTIVO
1009292,7657,41,Av. Universitaria 1700,BT,5,2020-11-12 19:12:10,SUSPENDIDO
1009293,7658,28,Psje. Bolívar 5028,BT,1,2004-07-08 03:14:48,ACTIVO
1009294,7659,20,Pasaje La Molina 7805,BT,3,2018-07-03 00:55:12,ACTIVO
1009295,7659,20,Psje. Panamericana 2945,BT,6,2006-11-08 14:46:08,ACTIVO
1009296,7660,43,Jr. San Martín 2303,BT,7,2014-05-09 19:12:26,ACTIVO
1009297,7661,4,Calle Los Pinos 4846,BT,3,2016-04-22 08:00:09,ACTIVO
1009298,7661,4,Psje. Bolívar 4039,BT,1,2015-05-19 16:40:16,ACTIVO
1009299,7662,3,Calle Universitaria 7288,BT,1,2018-11-30 12:58:40,ACTIVO
1009300,7663,36,Jr. San Martín 3316,BT,1,2017-05-06 10:08:08,ACTIVO
1009301,7664,9,Psje. Panamericana 9884,BT,8,2016-10-01 12:02:11,ACTIVO
1009302,7665,36,Jr. Progreso 5500,BT,6,2011-05-20 19:28:00,ACTIVO
1009303,7666,9,Jr. Progreso 2219,BT,3,2016-07-04 09:55:49,ACTIVO
1009304,7667,30,Av. Panamericana 6851,BT,3,2016-08-03 05:24:30,ACTIVO
1009305,7668,15,Psje. La Molina 6736,BT,3,2000-11-30 19:27:20,ACTIVO
1009306,7669,10,Pasaje El Sol 8380,BT,2,2024-12-07 00:00:00,ACTIVO
1009307,7670,9,Pasaje El Sol 9561,BT,6,2007-12-09 13:32:37,INACTIVO
1009308,7671,26,Pasaje Los Pinos 6425,BT,8,2003-10-01 18:07:27,ACTIVO
1009309,7672,29,Av. San Martín 3266,BT,7,2002-07-31 09:58:55,ACTIVO
1009310,7673,13,Pasaje La Molina 6593,BT,1,2017-02-27 15:24:44,ACTIVO
1009311,7674,7,Av. Los Pinos 2250,BT,4,2006-08-26 18:02:16,ACTIVO
1009312,7675,4,Calle Panamericana 4651,BT,8,2009-11-28 00:30:22,ACTIVO
1009313,7676,39,Av. San Martín 1464,BT,2,2019-06-09 10:04:39,ACTIVO
1009314,7677,10,Calle Venezuela 6554,BT,8,2015-10-20 02:03:48,ACTIVO
1009315,7678,20,Av. Progreso 6814,MT,6,2016-02-22 03:50:10,ACTIVO
1009316,7679,36,Calle Bolívar 261,BT,5,2019-08-22 00:00:00,ACTIVO
1009317,7679,36,Pasaje El Sol 6740,BT,8,2020-06-16 00:00:00,ACTIVO
1009318,7680,15,Av. Universitaria 6751,BT,4,2005-07-07 10:59:40,ACTIVO
1009319,7681,26,Jr. El Sol 362,BT,4,2003-12-29 15:39:15,ACTIVO
1009320,7681,26,Av. Progreso 5001,BT,7,2008-02-17 00:58:46,ACTIVO
1009321,7682,43,Jr. Universitaria 1358,BT,8,2014-09-04 08:57:21,ACTIVO
1009322,7683,4,Calle Grau 4149,MT,6,2007-01-08 06:42:56,ACTIVO
1009323,7683,4,Psje. Los Pinos 9643,BT,8,2008-01-04 09:11:36,ACTIVO
1009324,7684,7,Jr. Progreso 2810,BT,3,2014-07-24 06:29:00,ACTIVO
1009325,7685,26,Av. Progreso 7687,BT,8,2002-11-06 18:31:23,SUSPENDIDO
1009326,7685,26,Jr. El Sol 8794,BT,7,2015-12-22 00:56:00,ACTIVO
1009327,7686,4,Calle Grau 8118,BT,6,2003-02-05 06:52:41,ACTIVO
1009328,7687,6,Calle Panamericana 3919,BT,4,2016-04-16 12:30:56,ACTIVO
1009329,7688,43,Calle San Martín 2307,BT,5,2014-09-15 10:47:40,ACTIVO
1009330,7689,43,Jr. La Molina 9745,BT,2,2018-02-12 06:34:38,ACTIVO
1009331,7690,29,Pasaje Universitaria 8178,BT,8,2017-09-23 05:23:10,ACTIVO
1009332,7691,28,Pasaje Progreso 9567,BT,1,2003-05-29 12:18:09,ACTIVO
1009333,7692,18,Psje. Universitaria 3431,BT,2,2007-11-26 05:35:41,ACTIVO
1009334,7693,9,Av. Progreso 3495,BT,5,2017-01-02 08:18:22,ACTIVO
1009335,7694,20,Pasaje La Molina 5507,BT,7,2017-12-24 09:31:24,ACTIVO
1009336,7695,7,Av. Venezuela 5394,MT,8,2007-02-27 21:29:26,ACTIVO
1009337,7695,7,Pasaje San Martín 3805,BT,2,2011-04-03 12:51:17,INACTIVO
1009338,7696,43,Pasaje Grau 6820,BT,6,2020-05-29 23:02:09,ACTIVO
1009339,7696,43,Calle Bolívar 3842,MT,5,2019-11-25 14:12:04,ACTIVO
1009340,7697,28,Psje. Venezuela 6342,BT,3,2002-09-08 20:49:48,ACTIVO
1009341,7698,38,Psje. La Molina 7307,BT,2,2017-03-14 06:07:58,ACTIVO
1009342,7699,26,Jr. El Sol 8221,BT,4,2005-06-29 00:58:45,ACTIVO
1009343,7700,15,Psje. Universitaria 3862,BT,2,2000-04-26 02:17:02,ACTIVO
1009344,7701,38,Av. Progreso 6244,MT,5,2006-09-06 10:18:59,ACTIVO
1009345,7702,29,Calle Bolívar 7827,BT,7,2019-10-27 23:28:25,ACTIVO
1009346,7702,29,Jr. Bolívar 4414,BT,8,2015-04-24 01:48:10,ACTIVO
1009347,7703,9,Jr. La Molina 7251,BT,3,2005-07-28 16:03:46,ACTIVO
1009348,7704,42,Pasaje Los Pinos 3987,BT,7,2015-12-28 20:35:18,ACTIVO
1009349,7705,12,Calle Grau 3962,BT,6,2009-12-31 08:48:59,ACTIVO
1009350,7705,12,Jr. Grau 2093,BT,8,2001-10-21 08:11:23,ACTIVO
1009351,7706,29,Psje. Grau 7773,BT,4,2020-10-17 22:01:24,ACTIVO
1009352,7707,43,Jr. Grau 6570,BT,8,2014-02-22 03:47:57,ACTIVO
1009353,7708,30,Psje. El Sol 3718,BT,2,2013-01-09 13:59:00,ACTIVO
1009354,7709,38,Pasaje San Martín 8862,BT,6,2016-08-02 18:02:57,ACTIVO
1009355,7710,29,Pasaje La Molina 7284,BT,3,2010-05-21 03:25:01,ACTIVO
1009356,7711,13,Jr. Los Pinos 947,BT,4,2020-07-29 17:18:18,ACTIVO
1009357,7712,9,Av. Panamericana 2851,BT,2,2013-09-03 11:33:25,ACTIVO
1009358,7713,5,Av. San Martín 1047,BT,6,2015-04-15 15:48:08,ACTIVO
1009359,7713,5,Pasaje Progreso 7887,BT,7,2000-04-21 10:32:53,ACTIVO
1009360,7714,30,Av. San Martín 7150,BT,6,2005-09-29 08:50:19,ACTIVO
1009361,7715,38,Pasaje Panamericana 7177,BT,1,2015-12-20 06:02:39,ACTIVO
1009362,7716,28,Jr. Grau 5081,BT,1,2019-03-04 22:49:21,ACTIVO
1009363,7717,3,Jr. La Molina 197,BT,4,2014-11-12 05:59:05,ACTIVO
1009364,7718,15,Av. El Sol 5083,BT,7,2010-11-01 05:37:35,ACTIVO
1009365,7719,18,Av. La Molina 7575,BT,4,2000-03-16 09:17:01,ACTIVO
1009366,7719,18,Pasaje Grau 7784,BT,1,2013-11-20 05:25:04,ACTIVO
1009367,7719,18,Av. Progreso 9936,BT,5,2015-11-09 17:19:29,ACTIVO
1009368,7720,32,Psje. Los Pinos 8724,BT,8,2007-04-09 01:20:43,ACTIVO
1009369,7721,34,Psje. Grau 2003,BT,6,2003-10-12 13:05:02,ACTIVO
1009370,7722,3,Av. Universitaria 7752,BT,6,2013-12-13 02:46:43,ACTIVO
1009371,7723,27,Psje. Grau 5603,BT,2,2005-09-17 05:06:58,ACTIVO
1009372,7724,26,Av. Panamericana 9494,BT,1,2000-07-08 15:46:19,ACTIVO
1009373,7725,40,Psje. Bolívar 3644,BT,1,2008-09-13 03:34:31,ACTIVO
1009374,7726,26,Av. Grau 7010,BT,4,2017-01-04 14:22:56,ACTIVO
1009375,7727,15,Jr. San Martín 3416,BT,8,2018-09-16 23:42:05,ACTIVO
1009376,7728,20,Jr. Panamericana 9974,BT,6,2009-12-06 23:13:24,ACTIVO
1009377,7728,20,Jr. La Molina 4072,BT,6,2010-10-28 01:44:47,ACTIVO
1009378,7729,15,Pasaje El Sol 7272,BT,4,2024-10-30 00:00:00,ACTIVO
1009379,7730,40,Psje. Grau 3248,BT,2,2013-07-11 13:57:32,ACTIVO
1009380,7731,4,Pasaje Los Pinos 1592,BT,7,2002-08-12 05:43:52,ACTIVO
1009381,7732,42,Pasaje Universitaria 4090,BT,7,2019-07-20 18:10:03,ACTIVO
1009382,7733,43,Calle La Molina 8850,BT,1,2001-12-18 15:06:30,ACTIVO
1009383,7734,22,Pasaje San Martín 1657,BT,1,2010-05-01 12:38:05,ACTIVO
1009384,7735,12,Pasaje Venezuela 8486,BT,7,2007-04-28 10:49:59,ACTIVO
1009385,7736,30,Jr. Universitaria 3663,BT,1,2003-08-21 12:25:24,ACTIVO
1009386,7737,5,Psje. Universitaria 6830,BT,8,2003-10-13 09:38:16,ACTIVO
1009387,7738,15,Pasaje Progreso 3824,BT,4,2011-11-27 10:59:35,ACTIVO
1009388,7738,15,Jr. Venezuela 7773,BT,4,2006-02-12 15:15:28,ACTIVO
1009389,7739,7,Av. San Martín 8818,BT,2,2012-02-27 09:20:58,ACTIVO
1009390,7739,7,Pasaje Venezuela 1454,BT,5,2008-09-29 16:05:33,ACTIVO
1009391,7740,12,Pasaje Panamericana 3645,BT,4,2015-04-27 01:44:02,ACTIVO
1009392,7741,7,Av. San Martín 3593,BT,3,2009-10-17 21:28:40,ACTIVO
1009393,7742,5,Av. Panamericana 9881,BT,3,2015-06-09 20:47:28,ACTIVO
1009394,7743,3,Jr. La Molina 8143,BT,3,2009-05-01 05:18:13,ACTIVO
1009395,7744,32,Psje. Venezuela 7433,BT,3,2020-06-27 08:10:43,ACTIVO
1009396,7744,32,Av. El Sol 7058,BT,1,2013-06-09 00:22:30,ACTIVO
1009397,7744,32,Pasaje La Molina 339,BT,4,2003-11-01 01:59:56,ACTIVO
1009398,7745,30,Psje. Universitaria 5329,BT,4,2003-02-24 15:11:15,ACTIVO
1009399,7745,30,Calle Los Pinos 4058,BT,8,2020-01-16 11:34:16,ACTIVO
1009400,7745,30,Pasaje Grau 315,BT,8,2008-05-18 05:16:57,ACTIVO
1009401,7746,39,Calle El Sol 6964,BT,6,2019-11-16 22:16:40,ACTIVO
1009402,7747,38,Psje. Panamericana 7458,BT,5,2003-01-28 17:56:06,ACTIVO
1009403,7748,3,Av. San Martín 5340,BT,4,2008-08-23 05:14:43,ACTIVO
1009404,7748,3,Av. San Martín 7136,BT,8,2007-04-06 14:52:04,ACTIVO
1009405,7749,7,Calle Venezuela 1990,BT,4,2006-11-03 20:27:23,ACTIVO
1009406,7749,7,Jr. La Molina 5180,BT,8,2019-08-01 14:58:27,ACTIVO
1009407,7750,5,Calle La Molina 5601,BT,5,2010-10-01 21:55:44,ACTIVO
1009408,7751,5,Av. Grau 9029,BT,6,2001-11-25 20:55:44,INACTIVO
1009409,7752,8,Calle Venezuela 155,BT,3,2006-10-13 22:12:29,ACTIVO
1009410,7753,21,Psje. Universitaria 804,BT,6,2008-09-11 11:11:25,ACTIVO
1009411,7754,39,Calle Panamericana 8023,BT,6,2007-03-22 23:44:38,ACTIVO
1009412,7754,39,Av. Bolívar 1582,BT,6,2018-07-26 22:56:23,ACTIVO
1009413,7755,9,Jr. Grau 6600,BT,3,2005-07-14 17:05:30,ACTIVO
1009414,7756,35,Jr. Universitaria 3679,BT,4,2004-11-05 18:40:33,ACTIVO
1009415,7757,7,Pasaje Bolívar 9138,BT,4,2001-04-01 17:35:27,ACTIVO
1009416,7757,7,Pasaje Grau 9781,MT,8,2009-02-20 07:12:36,ACTIVO
1009417,7758,36,Pasaje Los Pinos 5907,BT,2,2019-04-11 02:11:24,ACTIVO
1009418,7759,15,Av. La Molina 9187,BT,1,2017-08-17 16:47:02,ACTIVO
1009419,7760,7,Pasaje El Sol 5693,BT,3,2008-04-27 02:34:43,ACTIVO
1009420,7761,15,Calle Bolívar 1011,BT,4,2013-04-27 15:25:11,ACTIVO
1009421,7762,43,Calle Progreso 7172,BT,1,2019-02-22 09:34:06,ACTIVO
1009422,7763,12,Av. Bolívar 6018,BT,6,2002-03-21 22:17:28,ACTIVO
1009423,7763,12,Calle Panamericana 9008,BT,8,2004-05-05 07:29:08,ACTIVO
1009424,7764,9,Psje. San Martín 8350,BT,4,2000-07-09 16:24:35,ACTIVO
1009425,7765,27,Jr. El Sol 7867,BT,7,2018-12-27 05:36:19,ACTIVO
1009426,7766,3,Psje. San Martín 936,BT,2,2012-04-08 01:16:01,ACTIVO
1009427,7767,15,Psje. San Martín 4151,BT,7,2010-08-05 10:46:23,ACTIVO
1009428,7768,43,Pasaje Panamericana 8518,BT,5,2008-04-19 02:08:32,ACTIVO
1009429,7769,23,Calle Bolívar 4156,BT,6,2005-06-13 22:21:07,ACTIVO
1009430,7770,8,Jr. Grau 6768,BT,5,2004-02-02 11:34:05,ACTIVO
1009431,7771,43,Psje. Universitaria 9227,BT,2,2022-07-20 00:00:00,INACTIVO
1009432,7772,7,Jr. Los Pinos 8756,BT,6,2010-05-18 02:19:51,ACTIVO
1009433,7773,42,Calle Grau 3944,BT,3,2011-11-23 04:26:04,ACTIVO
1009434,7773,42,Jr. San Martín 8953,BT,7,2020-02-26 07:52:25,ACTIVO
1009435,7774,40,Pasaje Los Pinos 6544,BT,8,2016-10-29 21:03:24,ACTIVO
1009436,7775,5,Psje. Bolívar 7045,BT,1,2012-05-30 23:32:13,ACTIVO
1009437,7776,19,Psje. San Martín 6236,BT,3,2003-11-16 08:21:57,ACTIVO
1009438,7777,33,Psje. Progreso 185,BT,4,2014-03-16 06:15:36,INACTIVO
1009439,7778,9,Pasaje Bolívar 5480,BT,3,2022-05-16 00:00:00,ACTIVO
1009440,7779,19,Av. San Martín 4960,BT,4,2020-08-30 12:22:00,ACTIVO
1009441,7780,7,Calle El Sol 5456,BT,8,2005-10-08 22:57:10,ACTIVO
1009442,7780,7,Psje. Universitaria 854,BT,1,2005-02-27 07:47:15,ACTIVO
1009443,7781,9,Psje. La Molina 8184,BT,1,2000-06-19 20:21:39,ACTIVO
1009444,7782,2,Pasaje Bolívar 7799,BT,2,2001-01-14 22:51:32,ACTIVO
1009445,7782,2,Psje. La Molina 6230,BT,3,2005-02-13 05:14:42,ACTIVO
1009446,7783,7,Jr. Progreso 9914,BT,7,2008-12-23 11:43:24,ACTIVO
1009447,7784,26,Pasaje Venezuela 6075,BT,4,2015-04-26 10:55:21,ACTIVO
1009448,7785,39,Psje. Panamericana 8151,BT,2,2011-09-12 04:49:09,ACTIVO
1009449,7786,6,Psje. Panamericana 1785,MT,8,2014-08-01 01:22:44,ACTIVO
1009450,7786,6,Jr. Venezuela 3181,MT,5,2018-11-21 20:09:12,ACTIVO
1009451,7786,6,Jr. San Martín 6299,BT,1,2011-08-24 06:21:10,ACTIVO
1009452,7787,5,Calle Panamericana 2602,BT,5,2015-01-01 07:15:46,ACTIVO
1009453,7787,5,Av. La Molina 5188,BT,4,2008-09-19 16:09:28,ACTIVO
1009454,7788,43,Psje. Panamericana 6313,BT,8,2006-08-11 10:21:49,ACTIVO
1009455,7789,15,Av. La Molina 3170,BT,8,2008-07-20 23:19:16,ACTIVO
1009456,7790,9,Av. Grau 797,BT,3,2009-10-22 01:45:53,ACTIVO
1009457,7791,9,Jr. Grau 8029,BT,7,2019-10-09 02:20:07,ACTIVO
1009458,7792,19,Calle El Sol 149,BT,7,2012-05-07 18:31:20,ACTIVO
1009459,7793,29,Av. La Molina 5029,BT,5,2006-06-15 15:20:45,INACTIVO
1009460,7794,36,Pasaje Universitaria 2277,BT,1,2000-09-04 09:37:51,ACTIVO
1009461,7795,13,Psje. Venezuela 1041,BT,3,2006-04-07 15:47:55,ACTIVO
1009462,7796,3,Pasaje Venezuela 1038,BT,5,2016-02-21 07:25:47,ACTIVO
1009463,7797,13,Pasaje Venezuela 3101,BT,6,2000-11-26 00:45:41,ACTIVO
1009464,7798,15,Jr. Bolívar 7872,BT,7,2005-09-20 06:14:17,ACTIVO
1009465,7799,4,Psje. Los Pinos 184,BT,4,2018-04-19 11:05:22,ACTIVO
1009466,7799,4,Jr. Venezuela 5927,BT,2,2018-07-30 17:43:06,ACTIVO
1009467,7800,43,Pasaje San Martín 1143,BT,5,2007-08-15 19:43:30,ACTIVO
1009468,7801,7,Pasaje La Molina 9725,BT,4,2000-03-15 19:54:36,ACTIVO
1009469,7802,7,Av. Venezuela 3415,BT,2,2010-04-09 22:14:37,ACTIVO
1009470,7803,8,Calle Los Pinos 2844,BT,8,2016-09-30 03:35:45,ACTIVO
1009471,7804,13,Jr. El Sol 4631,BT,3,2012-01-20 14:00:17,ACTIVO
1009472,7804,13,Av. Progreso 4111,BT,5,2014-11-11 18:01:47,ACTIVO
1009473,7804,13,Jr. Progreso 9528,BT,1,2019-04-18 09:56:02,ACTIVO
1009474,7805,26,Psje. La Molina 2353,BT,1,2007-05-12 23:06:04,ACTIVO
1009475,7806,22,Av. Los Pinos 7570,BT,3,2014-03-16 20:32:14,ACTIVO
1009476,7807,31,Pasaje Progreso 2430,BT,2,2011-06-20 13:04:40,ACTIVO
1009477,7808,15,Av. Venezuela 2646,BT,7,2013-11-14 17:14:01,ACTIVO
1009478,7809,9,Pasaje Progreso 2268,BT,7,2017-07-27 09:48:06,ACTIVO
1009479,7809,9,Psje. Venezuela 2044,BT,2,2013-01-17 06:16:03,ACTIVO
1009480,7810,4,Jr. La Molina 9481,BT,3,2020-02-09 13:59:41,ACTIVO
1009481,7811,9,Av. Venezuela 6181,BT,1,2009-12-31 18:38:06,ACTIVO
1009482,7812,37,Jr. Bolívar 7350,BT,1,2012-10-07 12:05:56,ACTIVO
1009483,7813,15,Pasaje Universitaria 8136,BT,3,2007-07-06 12:25:19,ACTIVO
1009484,7813,15,Av. Panamericana 6602,BT,6,2003-01-13 09:35:08,ACTIVO
1009485,7814,33,Av. Los Pinos 1582,BT,5,2003-11-29 22:10:58,ACTIVO
1009486,7814,33,Av. Los Pinos 1437,BT,4,2006-10-19 05:26:57,ACTIVO
1009487,7814,33,Jr. San Martín 422,BT,2,2003-03-07 02:33:11,ACTIVO
1009488,7815,18,Jr. Grau 5288,BT,2,2017-01-06 01:21:38,ACTIVO
1009489,7816,15,Calle Venezuela 9043,BT,5,2009-10-18 06:40:15,ACTIVO
1009490,7816,15,Jr. Progreso 4178,BT,8,2011-04-19 03:22:19,ACTIVO
1009491,7817,11,Av. La Molina 9228,BT,8,2004-06-11 02:22:21,ACTIVO
1009492,7818,23,Av. El Sol 3204,BT,5,2015-11-24 01:02:24,ACTIVO
1009493,7819,9,Pasaje Panamericana 2579,BT,7,2014-04-06 13:19:34,ACTIVO
1009494,7819,9,Jr. Venezuela 850,BT,3,2018-05-18 21:13:46,ACTIVO
1009495,7820,15,Psje. Panamericana 2312,BT,6,2016-07-07 15:07:53,ACTIVO
1009496,7821,3,Pasaje Grau 9692,BT,4,2010-09-14 23:15:02,ACTIVO
1009497,7822,39,Calle Los Pinos 7815,BT,1,2003-12-18 00:19:28,ACTIVO
1009498,7823,20,Jr. Grau 3638,BT,2,2016-04-21 07:50:52,ACTIVO
1009499,7824,21,Jr. Los Pinos 4271,BT,4,2024-05-10 00:00:00,ACTIVO
1009500,7825,3,Pasaje El Sol 7924,BT,2,2008-11-18 16:10:11,ACTIVO
1009501,7826,13,Av. Progreso 5403,BT,3,2001-10-23 14:25:01,ACTIVO
1009502,7827,28,Av. Venezuela 8418,BT,8,2008-09-29 07:20:30,ACTIVO
1009503,7827,28,Av. Grau 9700,BT,5,2002-05-27 10:14:36,ACTIVO
1009504,7828,23,Psje. San Martín 7815,BT,6,2013-04-16 22:05:56,ACTIVO
1009505,7829,7,Jr. El Sol 8667,BT,6,2012-09-10 16:50:21,ACTIVO
1009506,7830,6,Pasaje La Molina 7909,BT,1,2010-06-07 22:52:02,ACTIVO
1009507,7831,15,Av. Bolívar 3651,MT,2,2000-05-07 16:07:03,ACTIVO
1009508,7832,20,Psje. San Martín 9346,BT,3,2012-12-28 09:27:43,ACTIVO
1009509,7833,32,Psje. El Sol 6029,BT,4,2020-03-30 20:46:18,ACTIVO
1009510,7834,3,Jr. Los Pinos 9070,BT,2,2010-01-29 17:21:20,ACTIVO
1009511,7835,23,Psje. Bolívar 5328,BT,6,2019-07-15 05:56:57,ACTIVO
1009512,7835,23,Pasaje Progreso 8865,BT,3,2005-05-31 13:30:18,ACTIVO
1009513,7836,3,Av. San Martín 4380,BT,1,2004-12-04 21:40:18,ACTIVO
1009514,7837,43,Calle La Molina 6172,BT,1,2011-11-24 19:00:00,ACTIVO
1009515,7838,7,Pasaje Venezuela 7161,BT,1,2003-02-10 08:00:29,ACTIVO
1009516,7839,11,Psje. Progreso 3043,BT,7,2017-05-31 20:22:06,ACTIVO
1009517,7840,25,Calle La Molina 1185,BT,5,2010-02-22 06:13:34,ACTIVO
1009518,7841,15,Psje. Universitaria 1020,BT,7,2018-07-20 00:30:57,ACTIVO
1009519,7842,43,Psje. Universitaria 7294,BT,6,2020-10-20 00:00:00,SUSPENDIDO
1009520,7843,43,Jr. San Martín 7567,BT,5,2002-09-11 21:04:25,ACTIVO
1009521,7844,3,Psje. Progreso 3809,BT,2,2004-08-07 13:19:42,ACTIVO
1009522,7845,15,Pasaje Progreso 2057,BT,8,2013-12-30 00:32:36,ACTIVO
1009523,7846,35,Av. Grau 6622,BT,8,2014-06-10 14:20:37,ACTIVO
1009524,7847,5,Pasaje La Molina 2124,BT,4,2008-01-13 19:08:53,ACTIVO
1009525,7847,5,Av. Venezuela 306,BT,6,2016-01-29 11:33:24,ACTIVO
1009526,7848,39,Calle El Sol 5698,BT,6,2010-05-01 21:38:42,ACTIVO
1009527,7849,5,Psje. Venezuela 8193,BT,7,2004-02-25 15:10:54,ACTIVO
1009528,7850,29,Pasaje El Sol 3023,BT,3,2009-11-26 02:02:42,ACTIVO
1009529,7851,21,Psje. Los Pinos 9333,MT,4,2015-04-09 10:10:39,ACTIVO
1009530,7852,5,Jr. Universitaria 1254,BT,2,2018-12-24 09:15:46,ACTIVO
1009531,7853,41,Jr. Panamericana 4111,BT,5,2018-02-18 04:43:41,ACTIVO
1009532,7854,39,Psje. Panamericana 8655,BT,4,2014-10-25 14:10:59,ACTIVO
1009533,7855,15,Jr. Panamericana 8923,BT,7,2001-04-10 14:08:33,ACTIVO
1009534,7856,14,Av. Los Pinos 3859,BT,4,2014-09-20 18:46:40,ACTIVO
1009535,7857,28,Jr. Panamericana 5118,BT,4,2005-02-12 21:48:31,ACTIVO
1009536,7858,34,Av. Venezuela 975,BT,7,2000-02-14 16:05:32,ACTIVO
1009537,7859,43,Pasaje Bolívar 8182,BT,8,2020-12-25 07:03:38,ACTIVO
1009538,7860,9,Av. La Molina 3563,BT,6,2011-08-28 21:40:03,INACTIVO
1009539,7861,15,Calle Grau 3625,BT,7,2020-10-26 17:00:21,ACTIVO
1009540,7862,19,Psje. Venezuela 4138,BT,5,2019-12-07 09:17:40,ACTIVO
1009541,7862,19,Psje. Progreso 9936,BT,8,2004-03-28 20:44:25,ACTIVO
1009542,7862,19,Av. Grau 9592,BT,8,2015-02-07 17:56:26,ACTIVO
1009543,7863,38,Jr. Panamericana 939,BT,6,2016-11-24 08:17:57,ACTIVO
1009544,7864,9,Jr. Grau 7692,BT,7,2015-03-27 06:50:33,ACTIVO
1009545,7865,8,Jr. La Molina 3421,BT,7,2002-02-26 17:55:45,ACTIVO
1009546,7866,15,Psje. Universitaria 8416,BT,1,2007-04-08 19:25:23,ACTIVO
1009547,7867,40,Psje. San Martín 7908,BT,5,2003-08-16 18:09:15,ACTIVO
1009548,7867,40,Pasaje Bolívar 8780,BT,2,2008-08-30 15:21:17,ACTIVO
1009549,7867,40,Calle Grau 6990,BT,5,2007-08-29 02:45:52,ACTIVO
1009550,7868,17,Jr. Bolívar 358,BT,7,2013-12-07 20:52:52,ACTIVO
1009551,7869,17,Jr. Los Pinos 1009,BT,2,2013-07-20 09:54:05,ACTIVO
1009552,7870,9,Jr. Panamericana 7047,BT,6,2018-11-12 19:28:54,ACTIVO
1009553,7871,29,Psje. Los Pinos 6295,BT,5,2000-10-16 08:48:22,ACTIVO
1009554,7872,15,Av. Progreso 6892,BT,8,2001-07-19 08:43:00,ACTIVO
1009555,7873,42,Pasaje Los Pinos 9416,MT,4,2016-07-30 06:06:00,ACTIVO
1009556,7873,42,Av. Universitaria 9701,MT,8,2007-07-23 15:10:24,ACTIVO
1009557,7874,7,Calle Venezuela 6046,BT,3,2008-08-14 04:03:50,ACTIVO
1009558,7875,9,Jr. Grau 2995,BT,5,2009-08-29 09:53:32,ACTIVO
1009559,7876,9,Pasaje El Sol 6965,BT,6,2020-10-12 03:07:41,ACTIVO
1009560,7877,29,Jr. Grau 917,BT,6,2018-06-07 09:28:14,ACTIVO
1009561,7878,20,Av. Universitaria 4149,BT,5,2008-02-17 20:15:53,ACTIVO
1009562,7879,13,Pasaje Universitaria 7097,BT,8,2018-09-19 02:33:07,ACTIVO
1009563,7880,26,Av. El Sol 3985,BT,2,2001-12-28 18:17:54,ACTIVO
1009564,7881,9,Calle Panamericana 4734,BT,5,2005-04-21 18:57:07,ACTIVO
1009565,7882,7,Psje. Panamericana 6770,BT,8,2008-01-27 00:54:52,ACTIVO
1009566,7883,36,Jr. Universitaria 4400,BT,1,2017-04-09 14:00:36,ACTIVO
1009567,7884,13,Jr. La Molina 6921,BT,4,2011-03-07 17:56:20,ACTIVO
1009568,7885,15,Psje. Panamericana 4985,BT,5,2016-07-05 05:21:34,ACTIVO
1009569,7886,1,Pasaje Los Pinos 8541,BT,2,2000-03-10 12:36:30,ACTIVO
1009570,7886,1,Pasaje Panamericana 7019,BT,3,2003-07-05 10:12:56,ACTIVO
1009571,7886,1,Psje. Universitaria 6694,BT,1,2008-11-10 05:37:36,ACTIVO
1009572,7887,35,Av. Progreso 2619,BT,7,2009-10-31 03:13:41,ACTIVO
1009573,7888,7,Psje. La Molina 548,BT,5,2020-08-06 09:40:23,ACTIVO
1009574,7889,15,Av. Bolívar 1375,BT,5,2011-01-23 17:40:39,ACTIVO
1009575,7890,13,Jr. El Sol 5730,BT,7,2019-04-20 11:38:22,ACTIVO
1009576,7891,9,Pasaje Universitaria 3827,BT,7,2014-10-19 20:07:36,ACTIVO
1009577,7892,28,Av. Grau 6705,BT,3,2005-06-03 20:35:51,ACTIVO
1009578,7893,12,Pasaje La Molina 5643,BT,8,2012-07-12 19:28:15,ACTIVO
1009579,7894,39,Av. Venezuela 2965,BT,4,2010-08-22 02:54:57,ACTIVO
1009580,7895,30,Av. Panamericana 998,BT,4,2020-11-21 11:01:43,ACTIVO
1009581,7895,30,Jr. La Molina 6526,BT,3,2015-11-16 13:07:14,ACTIVO
1009582,7896,28,Av. Los Pinos 7990,BT,6,2020-06-03 09:53:09,ACTIVO
1009583,7897,7,Pasaje Panamericana 2404,BT,7,2015-01-31 02:27:43,ACTIVO
1009584,7898,40,Jr. Los Pinos 5473,BT,7,2011-08-31 18:18:12,ACTIVO
1009585,7899,12,Psje. Los Pinos 8368,BT,1,2017-06-14 03:56:03,ACTIVO
1009586,7900,7,Pasaje Los Pinos 7014,BT,8,2004-06-26 19:06:30,ACTIVO
1009587,7900,7,Jr. Venezuela 6887,BT,5,2009-06-24 15:38:10,ACTIVO
1009588,7901,15,Psje. La Molina 9865,BT,2,2009-04-05 00:39:01,ACTIVO
1009589,7902,39,Calle San Martín 9231,BT,3,2000-04-28 08:21:33,ACTIVO
1009590,7903,35,Jr. Los Pinos 816,BT,1,2004-07-20 22:56:27,ACTIVO
1009591,7903,35,Calle San Martín 4060,BT,3,2017-05-18 12:11:20,ACTIVO
1009592,7904,28,Jr. Venezuela 2008,BT,4,2000-06-24 05:30:26,ACTIVO
1009593,7905,9,Psje. La Molina 7236,BT,8,2003-01-22 23:29:10,ACTIVO
1009594,7906,26,Jr. La Molina 4767,BT,4,2013-07-29 21:22:41,ACTIVO
1009595,7907,4,Jr. Progreso 8806,BT,4,2010-08-27 20:17:13,ACTIVO
1009596,7907,4,Jr. San Martín 7143,BT,3,2001-12-08 16:02:55,ACTIVO
1009597,7908,32,Psje. Grau 6302,BT,6,2009-08-02 01:20:14,ACTIVO
1009598,7909,38,Psje. Universitaria 2030,BT,3,2007-06-14 20:33:28,ACTIVO
1009599,7910,7,Av. Grau 4967,BT,8,2001-02-02 07:19:32,ACTIVO
1009600,7910,7,Pasaje Bolívar 4917,BT,8,2015-06-06 07:44:47,ACTIVO
1009601,7911,24,Pasaje El Sol 2202,BT,7,2013-08-07 22:51:30,ACTIVO
1009602,7912,5,Calle El Sol 3210,BT,7,2005-01-21 23:23:49,ACTIVO
1009603,7912,5,Calle San Martín 3705,BT,6,2005-06-28 08:51:33,ACTIVO
1009604,7913,5,Psje. Panamericana 1955,BT,2,2014-08-28 06:51:01,ACTIVO
1009605,7914,7,Calle San Martín 4172,BT,7,2002-05-08 15:08:46,ACTIVO
1009606,7915,7,Calle El Sol 6974,BT,3,2022-12-10 00:00:00,ACTIVO
1009607,7916,9,Pasaje Venezuela 4644,BT,4,2002-07-27 11:28:10,ACTIVO
1009608,7917,29,Jr. Progreso 3898,BT,7,2010-05-18 21:08:05,ACTIVO
1009609,7918,9,Calle Los Pinos 2433,BT,7,2009-06-11 05:53:05,ACTIVO
1009610,7919,9,Av. Bolívar 8530,BT,8,2006-02-05 17:44:48,ACTIVO
1009611,7919,9,Psje. Los Pinos 3545,BT,2,2014-04-27 01:52:19,ACTIVO
1009612,7920,9,Psje. Panamericana 3799,BT,8,2014-06-09 09:34:03,ACTIVO
1009613,7921,39,Pasaje El Sol 9470,BT,6,2009-07-05 06:34:08,ACTIVO
1009614,7922,33,Psje. El Sol 2558,BT,2,2015-08-30 00:22:42,ACTIVO
1009615,7922,33,Jr. Bolívar 4071,BT,4,2009-06-29 18:47:41,ACTIVO
1009616,7923,29,Psje. Universitaria 8320,BT,8,2016-09-02 06:32:29,ACTIVO
1009617,7924,19,Pasaje Panamericana 1997,BT,8,2005-06-03 01:37:52,ACTIVO
1009618,7925,15,Av. La Molina 2314,BT,2,2000-05-27 17:59:17,ACTIVO
1009619,7926,28,Jr. San Martín 1121,MT,1,2019-04-14 06:44:26,ACTIVO
1009620,7926,28,Av. El Sol 762,BT,7,2003-11-27 15:18:29,ACTIVO
1009621,7927,23,Pasaje Bolívar 2401,BT,1,2012-09-07 17:02:02,ACTIVO
1009622,7928,38,Psje. Grau 8915,BT,2,2003-06-08 04:17:17,ACTIVO
1009623,7929,15,Calle La Molina 5589,BT,1,2019-07-22 14:36:12,ACTIVO
1009624,7929,15,Psje. Panamericana 9015,BT,3,2000-09-19 14:29:51,ACTIVO
1009625,7930,3,Calle Panamericana 7946,BT,7,2017-02-05 09:18:47,ACTIVO
1009626,7931,9,Calle Los Pinos 1722,BT,1,2002-06-10 03:50:11,ACTIVO
1009627,7931,9,Pasaje Grau 6437,BT,3,2012-06-28 17:14:43,ACTIVO
1009628,7932,20,Psje. San Martín 4362,BT,4,2000-06-11 05:34:01,ACTIVO
1009629,7933,39,Pasaje Universitaria 7881,BT,3,2020-09-17 13:23:04,ACTIVO
1009630,7933,39,Psje. San Martín 6880,BT,7,2020-09-14 03:24:13,ACTIVO
1009631,7934,16,Psje. Grau 4405,BT,7,2001-07-02 04:28:40,ACTIVO
1009632,7935,15,Av. Universitaria 8278,BT,7,2010-11-05 13:15:24,ACTIVO
1009633,7936,7,Av. San Martín 4636,BT,5,2016-03-08 01:47:04,INACTIVO
1009634,7937,39,Calle La Molina 8711,BT,8,2011-08-10 21:07:12,ACTIVO
1009635,7938,3,Pasaje Venezuela 9011,BT,1,2012-07-20 13:21:01,ACTIVO
1009636,7939,5,Av. Panamericana 5907,BT,1,2000-10-25 00:53:48,ACTIVO
1009637,7940,7,Av. El Sol 3494,BT,1,2006-02-28 09:48:55,ACTIVO
1009638,7941,40,Calle El Sol 1844,BT,4,2004-07-13 08:24:23,ACTIVO
1009639,7942,43,Jr. El Sol 9195,BT,5,2004-03-19 19:45:47,ACTIVO
1009640,7943,28,Av. San Martín 5495,BT,8,2011-12-10 02:11:20,ACTIVO
1009641,7943,28,Calle El Sol 458,BT,7,2009-06-11 02:00:13,ACTIVO
1009642,7944,7,Pasaje Panamericana 4875,BT,3,2011-03-23 05:53:39,ACTIVO
1009643,7945,28,Av. Bolívar 5002,BT,3,2003-02-03 11:55:51,ACTIVO
1009644,7946,39,Psje. Los Pinos 4501,BT,4,2013-06-19 16:13:19,ACTIVO
1009645,7947,24,Pasaje Panamericana 1740,BT,4,2016-10-09 20:36:52,INACTIVO
1009646,7947,24,Jr. Progreso 2802,BT,4,2009-10-22 00:28:05,ACTIVO
1009647,7947,24,Jr. Universitaria 9658,BT,5,2019-03-13 02:21:46,ACTIVO
1009648,7948,29,Psje. Bolívar 5830,BT,2,2001-01-18 17:59:07,ACTIVO
1009649,7949,4,Av. Progreso 4157,BT,8,2006-11-14 21:43:16,ACTIVO
1009650,7950,39,Pasaje Venezuela 9199,BT,6,2018-08-11 04:30:03,ACTIVO
1009651,7951,9,Psje. Progreso 3554,BT,5,2008-04-08 10:23:18,ACTIVO
1009652,7952,34,Jr. Panamericana 7274,BT,5,2007-05-11 12:58:04,ACTIVO
1009653,7953,39,Pasaje La Molina 7089,BT,8,2000-07-15 01:34:59,ACTIVO
1009654,7954,30,Av. El Sol 9638,BT,4,2005-11-12 15:51:32,ACTIVO
1009655,7954,30,Pasaje Progreso 4603,BT,5,2020-09-13 01:57:39,ACTIVO
1009656,7955,40,Psje. Venezuela 7121,BT,8,2013-04-25 16:27:02,ACTIVO
1009657,7956,9,Psje. Panamericana 1618,BT,1,2013-10-01 01:08:43,ACTIVO
1009658,7957,5,Av. La Molina 9705,BT,2,2013-03-06 13:49:10,ACTIVO
1009659,7958,3,Psje. Panamericana 2232,BT,3,2001-11-03 13:52:17,ACTIVO
1009660,7959,19,Psje. Los Pinos 1219,BT,6,2005-06-06 00:56:14,ACTIVO
1009661,7960,7,Psje. El Sol 5161,BT,5,2010-04-30 21:13:39,ACTIVO
1009662,7961,9,Pasaje San Martín 6462,BT,8,2015-09-15 00:08:31,ACTIVO
1009663,7962,38,Psje. Venezuela 1931,BT,2,2000-04-16 09:56:02,ACTIVO
1009664,7963,17,Calle Los Pinos 6519,BT,4,2006-07-23 23:35:56,ACTIVO
1009665,7964,15,Calle Progreso 7093,BT,6,2000-08-20 22:21:20,ACTIVO
1009666,7965,28,Calle Panamericana 5003,BT,6,2007-11-18 06:12:37,ACTIVO
1009667,7965,28,Psje. Venezuela 5227,BT,1,2017-11-30 22:46:19,ACTIVO
1009668,7966,30,Jr. Grau 2888,BT,3,2016-07-10 19:54:31,ACTIVO
1009669,7967,28,Pasaje Progreso 7727,BT,1,2008-08-12 13:29:24,ACTIVO
1009670,7968,28,Pasaje La Molina 7565,BT,8,2014-01-12 19:26:00,ACTIVO
1009671,7969,11,Calle La Molina 2702,BT,3,2016-12-08 02:57:33,ACTIVO
1009672,7970,39,Calle Los Pinos 4839,BT,7,2024-12-04 00:00:00,ACTIVO
1009673,7971,28,Psje. El Sol 3250,BT,5,2023-12-14 00:00:00,ACTIVO
1009674,7972,15,Pasaje Panamericana 2799,BT,8,2004-02-02 05:24:03,ACTIVO
1009675,7973,3,Av. Bolívar 9352,BT,2,2017-09-03 09:07:38,ACTIVO
1009676,7973,3,Pasaje Grau 8989,BT,1,2016-10-31 18:19:58,ACTIVO
1009677,7974,4,Psje. San Martín 2603,BT,2,2019-09-09 01:31:46,INACTIVO
1009678,7975,26,Calle Progreso 1112,BT,5,2010-01-29 21:22:33,INACTIVO
1009679,7976,30,Pasaje Bolívar 8921,BT,3,2001-08-03 09:48:15,ACTIVO
1009680,7977,4,Pasaje El Sol 5295,BT,6,2013-08-27 11:40:17,ACTIVO
1009681,7978,40,Psje. San Martín 976,BT,7,2013-08-12 18:45:32,SUSPENDIDO
1009682,7979,43,Jr. Los Pinos 8482,BT,1,2015-03-17 03:32:07,ACTIVO
1009683,7979,43,Calle San Martín 7733,BT,3,2001-12-09 08:13:52,ACTIVO
1009684,7979,43,Av. Progreso 7346,BT,4,2001-06-10 22:28:18,INACTIVO
1009685,7980,7,Pasaje San Martín 4018,BT,2,2020-04-07 22:39:20,SUSPENDIDO
1009686,7981,9,Jr. Bolívar 9284,BT,4,2015-02-09 07:09:19,ACTIVO
1009687,7982,26,Av. Los Pinos 5658,BT,3,2020-02-26 10:49:38,ACTIVO
1009688,7983,28,Av. San Martín 9403,BT,2,2014-08-15 06:25:25,ACTIVO
1009689,7984,29,Av. Venezuela 8358,BT,3,2015-06-10 12:01:39,ACTIVO
1009690,7985,29,Psje. Universitaria 1293,BT,3,2020-05-22 11:04:06,ACTIVO
1009691,7986,39,Psje. Los Pinos 2120,BT,2,2008-10-19 04:39:14,ACTIVO
1009692,7987,36,Pasaje Progreso 3232,BT,6,2016-05-13 03:10:13,ACTIVO
1009693,7988,9,Av. La Molina 4299,BT,7,2004-12-15 17:56:52,ACTIVO
1009694,7989,39,Av. Los Pinos 678,BT,4,2009-11-08 03:28:58,ACTIVO
1009695,7990,7,Pasaje San Martín 9737,BT,2,2012-02-28 12:17:16,ACTIVO
1009696,7991,15,Pasaje Universitaria 9487,BT,5,2002-06-02 17:35:34,ACTIVO
1009697,7992,3,Pasaje Bolívar 7803,BT,4,2011-10-26 22:47:27,ACTIVO
1009698,7993,15,Psje. Panamericana 5041,BT,5,2024-12-12 00:00:00,ACTIVO
1009699,7994,39,Psje. Bolívar 788,BT,3,2011-12-15 04:10:46,ACTIVO
1009700,7995,15,Calle Progreso 7423,BT,7,2015-05-07 13:10:56,ACTIVO
1009701,7996,5,Psje. Los Pinos 635,BT,8,2018-08-10 02:09:02,ACTIVO
1009702,7997,1,Calle Grau 2189,BT,1,2019-12-23 17:53:15,ACTIVO
1009703,7998,43,Psje. Universitaria 5305,BT,4,2013-09-06 05:45:34,ACTIVO
1009704,7999,29,Av. San Martín 793,BT,4,2012-11-14 06:56:00,ACTIVO
1009705,8000,29,Jr. Los Pinos 5892,BT,7,2009-01-19 16:13:12,ACTIVO
1009706,8000,29,Jr. Panamericana 5575,BT,5,2015-05-07 05:00:18,ACTIVO
1009707,8001,7,Psje. La Molina 8979,BT,6,2011-10-08 06:09:55,SUSPENDIDO
1009708,8002,3,Calle Grau 5470,BT,6,2019-07-24 10:00:04,ACTIVO
1009709,8003,5,Pasaje El Sol 5314,BT,2,2020-12-24 09:36:56,ACTIVO
1009710,8003,5,Psje. Progreso 5296,BT,8,2009-11-27 05:19:02,ACTIVO
1009711,8004,43,Jr. La Molina 6416,BT,1,2015-10-25 04:02:58,ACTIVO
1009712,8005,19,Calle El Sol 6726,BT,4,2005-05-13 15:36:19,ACTIVO
1009713,8006,35,Pasaje El Sol 2757,BT,6,2018-11-18 20:04:53,ACTIVO
1009714,8007,9,Psje. Bolívar 1957,BT,8,2005-07-05 16:25:00,ACTIVO
1009715,8008,3,Jr. Venezuela 3526,BT,3,2006-04-04 01:38:33,ACTIVO
1009716,8009,9,Calle Grau 530,BT,7,2001-08-24 04:52:53,ACTIVO
1009717,8010,15,Calle Bolívar 8238,BT,7,2014-10-30 13:03:28,ACTIVO
1009718,8011,38,Calle La Molina 597,BT,3,2002-12-11 08:31:37,ACTIVO
1009719,8012,3,Psje. Progreso 1040,BT,2,2014-12-05 19:34:38,ACTIVO
1009720,8012,3,Av. Universitaria 8455,BT,6,2013-09-27 09:55:45,ACTIVO
1009721,8013,38,Pasaje Grau 4340,BT,5,2017-04-22 06:36:55,ACTIVO
1009722,8014,19,Calle Los Pinos 1408,BT,6,2015-02-03 00:18:34,ACTIVO
1009723,8014,19,Pasaje Los Pinos 2279,BT,3,2011-05-26 23:36:46,ACTIVO
1009724,8014,19,Pasaje Venezuela 3874,BT,4,2001-09-08 10:11:43,ACTIVO
1009725,8015,43,Psje. El Sol 1267,BT,7,2004-02-25 07:09:13,SUSPENDIDO
1009726,8016,19,Pasaje Venezuela 8412,BT,4,2012-04-10 13:31:26,ACTIVO
1009727,8017,26,Av. Grau 2202,BT,1,2011-10-22 01:34:35,ACTIVO
1009728,8018,21,Calle Panamericana 645,BT,5,2000-03-19 08:58:01,ACTIVO
1009729,8019,3,Jr. Grau 5727,BT,5,2006-10-26 14:27:30,ACTIVO
1009730,8019,3,Av. Progreso 6602,BT,8,2016-05-09 18:57:47,SUSPENDIDO
1009731,8020,26,Jr. Venezuela 1692,BT,5,2014-08-06 09:00:59,ACTIVO
1009732,8020,26,Psje. El Sol 8187,BT,4,2016-05-13 14:14:43,ACTIVO
1009733,8021,15,Pasaje Progreso 3611,BT,4,2001-01-25 19:19:18,ACTIVO
1009734,8022,9,Pasaje Venezuela 7335,BT,3,2012-11-01 12:54:29,ACTIVO
1009735,8023,19,Psje. Progreso 3148,BT,8,2019-08-28 12:12:47,ACTIVO
1009736,8024,15,Av. Bolívar 8346,BT,5,2015-02-11 23:06:48,ACTIVO
1009737,8025,25,Pasaje Bolívar 8514,BT,8,2017-02-25 14:03:16,ACTIVO
1009738,8026,29,Av. Universitaria 4775,BT,4,2011-12-29 22:33:51,ACTIVO
1009739,8027,3,Jr. El Sol 1545,BT,4,2001-09-09 05:13:30,INACTIVO
1009740,8028,32,Psje. Bolívar 3557,BT,4,2006-11-02 07:54:05,ACTIVO
1009741,8029,29,Pasaje Grau 9082,BT,4,2011-07-20 20:25:51,ACTIVO
1009742,8030,30,Jr. San Martín 368,BT,4,2017-11-20 16:28:36,ACTIVO
1009743,8031,29,Calle Bolívar 2020,BT,2,2002-09-14 06:21:14,ACTIVO
1009744,8032,15,Calle San Martín 5684,BT,2,2007-11-03 16:33:48,ACTIVO
1009745,8032,15,Pasaje Progreso 9805,BT,4,2017-11-06 03:26:42,ACTIVO
1009746,8033,3,Jr. Progreso 3316,BT,5,2000-07-12 03:24:24,ACTIVO
1009747,8034,15,Jr. Universitaria 5976,BT,8,2000-05-02 16:23:16,ACTIVO
1009748,8035,19,Jr. Venezuela 1420,BT,5,2007-08-23 12:16:12,ACTIVO
1009749,8035,19,Calle Grau 8930,BT,7,2019-08-30 05:37:39,ACTIVO
1009750,8036,19,Av. El Sol 6616,BT,8,2001-07-15 17:44:02,ACTIVO
1009751,8037,10,Jr. San Martín 6465,BT,1,2004-10-18 17:27:44,ACTIVO
1009752,8037,10,Av. Bolívar 1136,BT,6,2020-12-09 02:27:29,ACTIVO
1009753,8038,43,Av. Panamericana 3277,BT,8,2016-01-28 07:00:16,ACTIVO
1009754,8039,9,Pasaje Progreso 215,BT,5,2016-08-07 14:58:35,ACTIVO
1009755,8039,9,Pasaje Progreso 2672,BT,2,2009-10-16 02:50:38,ACTIVO
1009756,8040,3,Jr. Bolívar 1046,BT,4,2023-09-16 00:00:00,ACTIVO
1009757,8041,3,Pasaje San Martín 2769,BT,3,2013-03-29 17:44:05,ACTIVO
1009758,8042,19,Calle Bolívar 4956,BT,8,2015-05-07 03:59:39,ACTIVO
1009759,8043,22,Psje. San Martín 2010,BT,6,2003-08-17 14:46:17,ACTIVO
1009760,8044,29,Jr. Universitaria 7067,BT,2,2001-01-16 13:31:46,INACTIVO
1009761,8045,40,Psje. El Sol 8067,BT,4,2007-01-10 13:30:40,ACTIVO
1009762,8046,18,Av. Panamericana 6876,BT,3,2013-06-23 22:22:02,ACTIVO
1009763,8046,18,Calle Bolívar 9197,BT,4,2020-01-30 16:50:31,ACTIVO
1009764,8047,24,Av. Bolívar 3618,BT,3,2007-04-13 01:26:07,ACTIVO
1009765,8048,4,Pasaje Venezuela 8458,BT,8,2014-05-06 23:56:03,ACTIVO
1009766,8048,4,Jr. San Martín 2496,BT,4,2009-05-06 05:56:43,SUSPENDIDO
1009767,8048,4,Av. Los Pinos 6207,BT,4,2000-11-05 13:55:35,ACTIVO
1009768,8049,15,Calle Venezuela 3901,BT,8,2008-04-27 08:28:55,ACTIVO
1009769,8050,30,Psje. Venezuela 7297,BT,4,2008-05-05 22:28:09,ACTIVO
1009770,8051,29,Av. La Molina 5211,BT,5,2020-07-30 16:53:20,ACTIVO
1009771,8052,30,Av. Los Pinos 3685,BT,3,2020-09-04 18:03:55,ACTIVO
1009772,8053,26,Calle El Sol 3657,BT,3,2019-03-31 04:35:17,ACTIVO
1009773,8054,7,Pasaje Panamericana 3093,BT,6,2003-03-21 12:06:20,ACTIVO
1009774,8055,1,Av. Universitaria 8810,BT,2,2009-12-19 07:43:56,ACTIVO
1009775,8056,16,Jr. Progreso 3169,BT,3,2020-03-30 18:40:29,ACTIVO
1009776,8057,9,Psje. Panamericana 5549,BT,3,2016-10-07 20:12:40,ACTIVO
1009777,8057,9,Calle La Molina 8663,BT,1,2009-07-19 11:24:14,ACTIVO
1009778,8058,19,Calle La Molina 7723,BT,4,2001-11-15 21:14:50,ACTIVO
1009779,8058,19,Calle Progreso 594,BT,2,2015-06-03 14:59:08,ACTIVO
1009780,8059,34,Av. Bolívar 8724,BT,3,2017-01-07 08:10:49,ACTIVO
1009781,8060,43,Calle Panamericana 7862,BT,2,2013-07-01 12:38:27,ACTIVO
1009782,8060,43,Psje. Grau 8092,BT,2,2017-01-03 20:35:15,ACTIVO
1009783,8061,11,Pasaje Panamericana 5776,BT,6,2018-02-11 13:02:36,ACTIVO
1009784,8062,2,Psje. El Sol 647,BT,1,2000-02-04 04:18:43,ACTIVO
1009785,8063,22,Psje. Progreso 4774,BT,4,2015-09-15 12:28:31,ACTIVO
1009786,8064,7,Av. El Sol 2740,BT,1,2013-10-16 01:04:11,ACTIVO
1009787,8065,13,Jr. Progreso 7377,BT,1,2013-06-15 17:39:24,ACTIVO
1009788,8066,30,Psje. Grau 8017,BT,8,2013-05-01 19:26:18,ACTIVO
1009789,8067,5,Psje. Los Pinos 2577,BT,4,2016-11-22 13:19:20,ACTIVO
1009790,8068,31,Psje. Los Pinos 2279,BT,8,2020-02-05 12:28:37,ACTIVO
1009791,8069,23,Av. Progreso 9244,BT,3,2001-06-09 20:09:09,ACTIVO
1009792,8070,31,Pasaje Venezuela 8951,BT,3,2013-12-11 06:07:34,ACTIVO
1009793,8071,7,Calle Bolívar 3847,BT,4,2016-05-29 19:57:13,ACTIVO
1009794,8072,5,Pasaje La Molina 2140,BT,1,2016-10-21 03:08:31,ACTIVO
1009795,8073,30,Calle Progreso 1755,BT,2,2012-09-17 21:30:53,ACTIVO
1009796,8074,21,Psje. Los Pinos 1805,BT,2,2007-01-09 16:22:18,ACTIVO
1009797,8075,15,Psje. Progreso 9684,BT,2,2016-12-30 09:35:39,ACTIVO
1009798,8076,3,Jr. Bolívar 8551,BT,1,2002-06-13 07:58:50,ACTIVO
1009799,8077,43,Jr. Los Pinos 5555,BT,6,2007-01-19 17:56:29,SUSPENDIDO
1009800,8078,5,Av. La Molina 5529,BT,4,2009-12-15 14:14:52,ACTIVO
1009801,8079,29,Pasaje La Molina 7375,BT,6,2001-08-12 21:30:16,ACTIVO
1009802,8080,26,Psje. La Molina 1737,BT,1,2010-07-26 13:46:49,ACTIVO
1009803,8080,26,Pasaje El Sol 2680,BT,7,2009-04-25 12:42:40,ACTIVO
1009804,8081,3,Jr. Panamericana 8861,BT,7,2003-04-13 04:41:35,ACTIVO
1009805,8081,3,Psje. Panamericana 9010,BT,1,2007-12-09 19:07:53,ACTIVO
1009806,8082,43,Av. Bolívar 9152,BT,3,2015-06-02 10:58:47,ACTIVO
1009807,8083,28,Psje. San Martín 4231,BT,5,2004-11-23 16:22:34,ACTIVO
1009808,8084,20,Jr. Panamericana 2466,BT,5,2000-05-28 11:08:56,ACTIVO
1009809,8085,10,Psje. Venezuela 4407,BT,4,2015-09-06 12:46:10,ACTIVO
1009810,8085,10,Pasaje La Molina 1761,BT,5,2007-11-21 19:47:40,ACTIVO
1009811,8086,3,Av. Universitaria 8592,BT,2,2005-01-01 16:10:45,ACTIVO
1009812,8087,9,Av. San Martín 987,BT,6,2006-11-30 09:34:18,ACTIVO
1009813,8088,27,Psje. El Sol 592,BT,5,2000-09-28 21:18:32,ACTIVO
1009814,8089,15,Calle Bolívar 7536,BT,6,2019-01-31 02:36:52,ACTIVO
1009815,8090,19,Psje. El Sol 7011,BT,8,2016-08-29 15:18:48,ACTIVO
1009816,8091,43,Psje. Panamericana 8467,BT,2,2018-08-14 18:34:27,ACTIVO
1009817,8092,7,Psje. San Martín 2874,BT,6,2005-01-15 03:53:59,ACTIVO
1009818,8093,15,Calle Universitaria 2987,BT,5,2019-06-02 14:10:11,ACTIVO
1009819,8094,7,Pasaje Bolívar 396,BT,1,2003-08-29 10:06:45,SUSPENDIDO
1009820,8095,26,Av. El Sol 1536,BT,1,2001-04-05 14:50:35,ACTIVO
1009821,8095,26,Psje. Los Pinos 1997,BT,2,2017-10-06 08:40:58,ACTIVO
1009822,8096,30,Av. Progreso 3733,BT,3,2017-08-17 17:34:21,ACTIVO
1009823,8097,19,Jr. Los Pinos 4717,BT,5,2012-10-10 20:38:34,ACTIVO
1009824,8097,19,Av. Los Pinos 1710,BT,2,2005-12-13 23:18:32,ACTIVO
1009825,8098,39,Av. Progreso 8057,BT,1,2006-02-05 21:20:05,ACTIVO
1009826,8099,37,Psje. Progreso 8762,BT,2,2003-02-07 17:25:01,ACTIVO
1009827,8100,15,Jr. Grau 8682,BT,8,2012-03-02 10:18:41,ACTIVO
1009828,8101,43,Psje. San Martín 4698,BT,2,2011-06-14 07:06:37,ACTIVO
1009829,8102,5,Jr. Venezuela 9292,BT,1,2024-09-16 00:00:00,ACTIVO
1009830,8102,5,Jr. Panamericana 6685,BT,2,2006-04-23 03:02:59,ACTIVO
1009831,8102,5,Pasaje Universitaria 1911,BT,1,2000-04-30 15:53:10,ACTIVO
1009832,8103,5,Pasaje Los Pinos 8895,BT,7,2016-03-24 03:20:13,ACTIVO
1009833,8103,5,Psje. Grau 2659,BT,5,2002-08-25 03:14:51,ACTIVO
1009834,8104,6,Calle El Sol 8377,BT,3,2012-04-13 19:35:35,ACTIVO
1009835,8105,15,Jr. Panamericana 8073,BT,3,2007-12-09 12:40:30,ACTIVO
1009836,8106,35,Jr. Panamericana 2816,BT,4,2023-12-10 00:00:00,ACTIVO
1009837,8106,35,Calle Grau 5954,BT,3,2000-06-21 11:12:08,ACTIVO
1009838,8107,28,Av. Universitaria 537,MT,4,2014-04-02 10:01:55,ACTIVO
1009839,8108,38,Jr. San Martín 4651,BT,5,2001-02-18 05:51:27,ACTIVO
1009840,8109,15,Calle Panamericana 8277,BT,5,2005-02-08 01:30:19,ACTIVO
1009841,8109,15,Psje. La Molina 3001,BT,4,2000-02-21 10:49:23,ACTIVO
1009842,8110,29,Av. Universitaria 1951,BT,3,2020-12-12 00:38:14,ACTIVO
1009843,8111,5,Av. El Sol 3488,BT,8,2009-06-18 18:21:19,ACTIVO
1009844,8112,43,Av. La Molina 5256,BT,3,2019-11-28 00:00:00,ACTIVO
1009845,8113,3,Av. Grau 547,BT,2,2002-06-18 04:09:47,ACTIVO
1009846,8114,15,Psje. Universitaria 4649,BT,2,2016-11-13 22:24:09,ACTIVO
1009847,8115,43,Calle Panamericana 9774,BT,1,2013-01-15 02:01:14,ACTIVO
1009848,8116,29,Psje. San Martín 5577,BT,2,2020-02-07 23:53:06,ACTIVO
1009849,8116,29,Pasaje San Martín 8442,BT,3,2000-10-07 19:34:01,ACTIVO
1009850,8117,13,Psje. Los Pinos 9741,BT,1,2019-06-04 04:33:19,ACTIVO
1009851,8118,38,Jr. La Molina 6958,BT,3,2001-07-13 19:59:34,ACTIVO
1009852,8118,38,Pasaje Grau 446,BT,7,2005-04-18 16:15:59,ACTIVO
1009853,8119,19,Jr. Universitaria 3378,BT,2,2009-09-15 19:47:07,ACTIVO
1009854,8120,21,Calle Universitaria 9797,BT,7,2011-02-24 00:30:29,ACTIVO
1009855,8121,32,Psje. La Molina 6780,BT,6,2013-04-20 20:30:16,ACTIVO
1009856,8121,32,Av. Progreso 4484,BT,4,2002-01-18 06:42:58,ACTIVO
1009857,8122,5,Av. Universitaria 8141,BT,1,2005-10-07 14:24:42,ACTIVO
1009858,8123,3,Calle Universitaria 6975,BT,7,2002-03-30 12:11:00,ACTIVO
1009859,8124,39,Av. Panamericana 4184,BT,2,2001-08-14 06:10:58,ACTIVO
1009860,8125,8,Av. Progreso 159,BT,6,2009-08-07 05:36:32,ACTIVO
1009861,8126,7,Psje. La Molina 2388,BT,4,2013-06-18 21:06:02,ACTIVO
1009862,8127,43,Pasaje Grau 7047,BT,4,2017-12-18 18:44:10,ACTIVO
1009863,8128,3,Av. Progreso 4062,BT,1,2005-10-19 15:20:36,ACTIVO
1009864,8129,9,Pasaje El Sol 8603,BT,3,2006-03-30 20:14:16,ACTIVO
1009865,8130,41,Av. El Sol 141,BT,6,2004-09-17 04:43:27,ACTIVO
1009866,8131,15,Psje. Bolívar 3854,BT,3,2023-10-14 00:00:00,ACTIVO
1009867,8132,38,Av. Grau 3826,BT,5,2024-10-31 00:00:00,ACTIVO
1009868,8133,18,Calle Progreso 9810,BT,5,2011-05-08 06:04:07,ACTIVO
1009869,8134,38,Calle Venezuela 2052,BT,4,2005-04-04 10:03:11,ACTIVO
1009870,8134,38,Jr. Bolívar 3681,BT,7,2014-10-06 05:33:21,ACTIVO
1009871,8135,15,Jr. La Molina 6041,BT,5,2002-09-04 05:36:14,ACTIVO
1009872,8136,40,Jr. Grau 4642,BT,4,2014-10-27 20:13:46,ACTIVO
1009873,8137,4,Psje. Venezuela 9853,BT,5,2000-01-08 21:14:35,ACTIVO
1009874,8138,15,Jr. Universitaria 9956,BT,1,2019-12-17 05:31:31,ACTIVO
1009875,8139,35,Psje. El Sol 2394,BT,7,2006-07-23 13:03:09,ACTIVO
1009876,8140,9,Calle Bolívar 1768,BT,7,2014-06-22 18:32:18,ACTIVO
1009877,8141,13,Jr. Los Pinos 3791,BT,4,2015-01-02 03:42:59,ACTIVO
1009878,8142,29,Psje. Los Pinos 2693,BT,3,2000-07-11 09:18:07,ACTIVO
1009879,8143,41,Calle Venezuela 7575,BT,3,2009-11-11 02:35:27,ACTIVO
1009880,8144,37,Av. San Martín 6090,BT,4,2012-04-14 05:55:50,ACTIVO
1009881,8145,31,Calle Universitaria 1239,BT,4,2010-01-10 19:40:38,ACTIVO
1009882,8146,15,Psje. La Molina 6830,BT,6,2003-07-27 09:51:50,ACTIVO
1009883,8147,39,Calle San Martín 8046,BT,5,2001-11-16 21:50:59,ACTIVO
1009884,8147,39,Pasaje Progreso 3470,BT,1,2008-11-02 15:46:19,ACTIVO
1009885,8148,26,Pasaje Grau 5292,BT,5,2016-03-06 07:12:51,ACTIVO
1009886,8149,31,Jr. Bolívar 7988,BT,7,2006-10-15 05:54:31,ACTIVO
1009887,8149,31,Jr. San Martín 279,BT,3,2015-03-08 03:25:16,ACTIVO
1009888,8149,31,Calle Venezuela 789,MT,5,2004-11-17 17:36:26,ACTIVO
1009889,8150,22,Psje. Universitaria 4597,BT,3,2004-01-18 01:47:28,ACTIVO
1009890,8151,7,Calle Grau 7081,BT,1,2002-04-12 05:09:48,ACTIVO
1009891,8152,32,Av. El Sol 2801,BT,1,2013-04-10 09:11:28,ACTIVO
1009892,8153,30,Pasaje San Martín 6567,BT,2,2013-05-20 23:40:05,ACTIVO
1009893,8154,7,Pasaje San Martín 2770,BT,5,2016-09-20 06:13:36,ACTIVO
1009894,8154,7,Psje. San Martín 4686,BT,6,2001-03-10 13:08:31,ACTIVO
1009895,8154,7,Calle Los Pinos 1829,BT,5,2011-12-14 19:29:56,ACTIVO
1009896,8155,19,Calle Venezuela 6822,BT,5,2018-07-04 06:26:33,ACTIVO
1009897,8155,19,Jr. Panamericana 5999,BT,5,2016-01-29 10:38:43,ACTIVO
1009898,8156,15,Av. San Martín 842,BT,1,2005-12-05 00:10:02,INACTIVO
1009899,8156,15,Psje. Venezuela 3639,BT,6,2015-06-08 23:56:26,SUSPENDIDO
1009900,8157,15,Calle Bolívar 4617,BT,3,2010-05-02 19:12:12,ACTIVO
1009901,8158,26,Psje. Venezuela 7546,BT,5,2006-12-02 00:57:32,ACTIVO
1009902,8159,39,Av. El Sol 6618,BT,5,2020-08-11 09:00:36,ACTIVO
1009903,8160,15,Pasaje Venezuela 1406,BT,3,2015-05-16 05:26:51,ACTIVO
1009904,8161,15,Pasaje San Martín 1111,BT,3,2024-03-17 00:00:00,ACTIVO
1009905,8162,23,Calle San Martín 9980,BT,5,2010-03-06 19:32:44,ACTIVO
1009906,8163,30,Jr. Venezuela 7782,BT,6,2012-12-30 04:49:06,ACTIVO
1009907,8163,30,Av. Los Pinos 2685,BT,4,2000-09-27 00:30:21,ACTIVO
1009908,8164,30,Psje. Progreso 2143,BT,7,2004-02-24 17:06:22,ACTIVO
1009909,8165,3,Calle El Sol 3945,BT,4,2007-04-13 16:55:00,ACTIVO
1009910,8166,9,Psje. Bolívar 913,BT,4,2006-03-15 21:02:16,ACTIVO
1009911,8167,9,Calle Progreso 2122,BT,5,2007-09-13 20:27:39,ACTIVO
1009912,8168,9,Av. El Sol 4405,BT,3,2007-05-20 23:17:09,ACTIVO
1009913,8169,3,Jr. Los Pinos 3937,BT,8,2007-01-22 05:45:42,ACTIVO
1009914,8170,3,Calle Panamericana 5249,BT,7,2006-10-15 23:44:06,ACTIVO
1009915,8171,30,Av. Universitaria 5794,BT,2,2013-01-07 13:31:38,ACTIVO
1009916,8172,29,Calle Grau 3345,BT,5,2001-05-08 21:20:24,ACTIVO
1009917,8173,38,Pasaje Panamericana 5339,MT,2,2008-11-19 17:03:27,ACTIVO
1009918,8174,15,Pasaje San Martín 9396,BT,8,2019-03-19 10:26:46,ACTIVO
1009919,8175,13,Av. El Sol 8847,BT,5,2005-11-10 15:09:22,ACTIVO
1009920,8176,13,Psje. Bolívar 380,BT,4,2004-02-04 23:12:55,ACTIVO
1009921,8176,13,Calle Venezuela 2354,BT,2,2014-12-24 18:27:51,ACTIVO
1009922,8177,19,Pasaje La Molina 6753,BT,4,2019-01-11 20:52:32,ACTIVO
1009923,8178,20,Pasaje El Sol 9116,BT,4,2016-06-22 08:25:37,ACTIVO
1009924,8179,1,Psje. Venezuela 4471,BT,2,2001-04-27 23:17:53,ACTIVO
1009925,8180,26,Pasaje El Sol 6941,MT,2,2018-01-17 15:22:45,ACTIVO
1009926,8181,30,Pasaje La Molina 4593,BT,1,2001-03-18 09:37:10,ACTIVO
1009927,8182,39,Pasaje La Molina 8202,BT,3,2003-09-29 14:02:30,ACTIVO
1009928,8182,39,Av. Progreso 9415,BT,8,2011-01-15 13:41:40,ACTIVO
1009929,8183,30,Jr. San Martín 400,BT,4,2001-08-26 04:22:27,ACTIVO
1009930,8184,9,Pasaje La Molina 6679,BT,2,2006-10-07 01:15:51,ACTIVO
1009931,8185,11,Jr. Los Pinos 4653,BT,2,2003-03-01 03:10:15,ACTIVO
1009932,8186,9,Av. Panamericana 8929,BT,7,2012-04-05 01:58:40,ACTIVO
1009933,8186,9,Pasaje Bolívar 6506,BT,7,2009-10-06 09:21:56,ACTIVO
1009934,8187,15,Jr. Bolívar 2429,BT,4,2013-07-29 03:05:27,ACTIVO
1009935,8188,29,Calle Progreso 2626,BT,2,2019-02-26 09:18:51,ACTIVO
1009936,8189,15,Av. Grau 215,BT,3,2006-06-04 15:14:59,ACTIVO
1009937,8190,32,Av. Los Pinos 6809,BT,8,2010-02-10 06:52:08,ACTIVO
1009938,8191,40,Calle El Sol 6338,BT,7,2003-07-24 21:11:09,ACTIVO
1009939,8192,33,Calle Panamericana 9427,BT,2,2007-07-11 17:15:18,ACTIVO
1009940,8193,9,Jr. Panamericana 756,BT,4,2007-11-15 22:29:55,ACTIVO
1009941,8193,9,Calle Venezuela 7616,BT,6,2017-08-22 03:05:46,ACTIVO
1009942,8194,7,Calle San Martín 7795,BT,5,2007-05-21 17:48:02,ACTIVO
1009943,8195,9,Pasaje Grau 1197,BT,3,2001-01-30 08:08:19,ACTIVO
1009944,8196,4,Psje. Progreso 7762,BT,4,2016-02-25 23:04:49,ACTIVO
1009945,8197,21,Calle San Martín 8373,BT,6,2001-03-09 06:43:16,ACTIVO
1009946,8197,21,Pasaje Los Pinos 3502,BT,3,2005-01-20 08:17:51,ACTIVO
1009947,8198,9,Pasaje Panamericana 7232,BT,5,2005-03-27 20:45:58,ACTIVO
1009948,8198,9,Psje. La Molina 5419,BT,8,2010-04-24 22:13:42,ACTIVO
1009949,8199,35,Jr. Grau 8104,BT,4,2000-04-07 09:41:25,ACTIVO
1009950,8200,30,Jr. Universitaria 9237,BT,7,2009-11-17 03:17:16,ACTIVO
1009951,8201,3,Calle Universitaria 3310,BT,1,2004-01-07 08:18:42,ACTIVO
1009952,8202,27,Psje. Los Pinos 1643,BT,4,2005-07-09 10:03:20,ACTIVO
1009953,8203,15,Psje. El Sol 7504,BT,5,2007-02-13 04:33:24,ACTIVO
1009954,8203,15,Pasaje Venezuela 2642,BT,4,2019-02-28 15:15:21,ACTIVO
1009955,8204,37,Jr. Grau 9027,BT,4,2006-08-07 05:03:41,ACTIVO
1009956,8204,37,Calle Panamericana 3255,BT,4,2006-08-14 00:31:45,ACTIVO
1009957,8205,29,Calle Panamericana 2403,BT,1,2017-10-28 20:45:17,ACTIVO
1009958,8205,29,Av. Universitaria 5847,BT,5,2009-04-15 14:37:20,ACTIVO
1009959,8205,29,Av. El Sol 6430,BT,8,2000-04-09 02:22:26,ACTIVO
1009960,8206,3,Calle Universitaria 9769,BT,1,2015-09-13 04:07:45,ACTIVO
1009961,8206,3,Calle Bolívar 794,BT,5,2003-02-24 20:50:36,ACTIVO
1009962,8207,30,Calle Progreso 5404,BT,7,2016-11-04 13:54:29,ACTIVO
1009963,8208,26,Calle La Molina 6764,BT,1,2001-01-10 16:37:26,ACTIVO
1009964,8209,3,Av. La Molina 3034,BT,3,2020-02-11 06:37:33,ACTIVO
1009965,8210,24,Pasaje Panamericana 3130,BT,2,2006-07-19 22:56:55,ACTIVO
1009966,8211,30,Calle Universitaria 6429,BT,1,2011-02-17 23:52:38,ACTIVO
1009967,8212,5,Calle Progreso 1536,BT,6,2016-04-14 14:49:44,ACTIVO
1009968,8213,3,Av. Los Pinos 308,BT,3,2010-07-18 19:15:12,ACTIVO
1009969,8214,3,Psje. San Martín 1724,BT,6,2017-08-09 17:34:18,ACTIVO
1009970,8214,3,Pasaje Grau 9181,BT,5,2020-07-26 18:01:30,ACTIVO
1009971,8215,29,Jr. Progreso 3905,BT,5,2004-06-24 11:25:39,ACTIVO
1009972,8216,38,Jr. Panamericana 8966,BT,5,2017-04-21 15:22:18,ACTIVO
1009973,8216,38,Pasaje Venezuela 4176,BT,8,2011-07-16 23:22:07,ACTIVO
1009974,8217,34,Psje. San Martín 9004,BT,1,2008-08-23 02:41:25,ACTIVO
1009975,8217,34,Av. Grau 1387,BT,1,2003-06-17 18:31:04,ACTIVO
1009976,8218,20,Psje. Panamericana 9732,BT,5,2001-04-06 08:41:34,ACTIVO
1009977,8219,40,Psje. Progreso 5594,BT,7,2015-11-20 23:05:11,ACTIVO
1009978,8220,7,Psje. El Sol 8284,BT,7,2007-02-01 19:36:52,ACTIVO
1009979,8221,29,Psje. San Martín 4575,BT,3,2002-06-24 10:00:56,ACTIVO
1009980,8222,3,Calle El Sol 7895,BT,6,2015-10-08 06:22:34,ACTIVO
1009981,8223,36,Psje. San Martín 2644,BT,6,2018-03-04 23:00:12,ACTIVO
1009982,8223,36,Pasaje La Molina 4558,BT,3,2018-12-27 02:57:22,ACTIVO
1009983,8224,13,Av. Los Pinos 3941,BT,6,2012-08-17 16:58:07,ACTIVO
1009984,8225,37,Jr. Bolívar 4740,BT,7,2016-03-10 22:21:40,ACTIVO
1009985,8226,28,Psje. Grau 4106,MT,8,2012-09-14 07:59:07,ACTIVO
1009986,8226,28,Calle Venezuela 6676,BT,2,2002-10-07 12:11:07,ACTIVO
1009987,8226,28,Jr. Venezuela 664,BT,2,2017-07-08 02:13:19,ACTIVO
1009988,8227,27,Pasaje Bolívar 5828,BT,4,2010-07-02 04:26:37,ACTIVO
1009989,8228,15,Pasaje Grau 2983,BT,2,2011-07-10 04:21:00,ACTIVO
1009990,8229,7,Jr. Universitaria 4415,BT,7,2006-05-15 18:03:25,ACTIVO
1009991,8229,7,Pasaje Panamericana 4479,BT,3,2004-10-20 09:39:08,ACTIVO
1009992,8229,7,Calle El Sol 6451,BT,3,2010-11-21 15:45:07,ACTIVO
1009993,8230,43,Av. Progreso 8481,BT,8,2020-05-25 22:43:04,ACTIVO
1009994,8231,22,Av. Bolívar 9149,BT,8,2020-10-13 06:36:27,ACTIVO
1009995,8232,33,Pasaje Los Pinos 4245,BT,3,2024-10-02 00:00:00,ACTIVO
1009996,8233,13,Jr. El Sol 8668,BT,7,2000-01-09 04:12:42,ACTIVO
1009997,8234,13,Calle Venezuela 1644,BT,8,2001-07-03 07:07:14,ACTIVO
1009998,8235,28,Psje. Progreso 9888,BT,2,2010-06-03 05:21:57,ACTIVO
1009999,8236,3,Jr. El Sol 6009,BT,4,2000-10-11 08:29:22,ACTIVO
1010000,8237,3,Jr. Panamericana 3136,BT,1,2005-05-05 12:03:41,ACTIVO
1010001,8238,18,Pasaje Grau 6468,BT,6,2007-11-06 06:27:05,ACTIVO
1010002,8239,43,Av. Los Pinos 636,BT,1,2017-12-04 14:00:59,ACTIVO
1010003,8240,29,Pasaje La Molina 2029,BT,8,2020-12-08 09:20:40,ACTIVO
1010004,8241,29,Calle Bolívar 1665,BT,3,2018-12-09 11:29:44,ACTIVO
1010005,8242,20,Psje. El Sol 5251,MT,4,2003-11-30 11:49:24,ACTIVO
1010006,8242,20,Calle San Martín 7929,BT,6,2000-12-21 04:42:07,ACTIVO
1010007,8243,9,Psje. Venezuela 6047,BT,8,2014-02-04 13:08:53,ACTIVO
1010008,8244,39,Jr. San Martín 7248,BT,6,2002-11-23 13:17:50,ACTIVO
1010009,8245,30,Av. Universitaria 4731,BT,6,2011-01-08 21:41:46,ACTIVO
1010010,8246,30,Av. San Martín 3009,BT,6,2010-03-13 07:03:30,ACTIVO
1010011,8247,11,Pasaje Universitaria 5230,BT,7,2018-09-06 12:05:08,ACTIVO
1010012,8248,28,Psje. El Sol 9207,BT,1,2019-12-12 05:27:20,ACTIVO
1010013,8249,2,Av. Venezuela 5674,BT,1,2009-11-11 01:09:39,SUSPENDIDO
1010014,8250,43,Calle Venezuela 8700,BT,2,2012-03-26 12:09:15,ACTIVO
1010015,8251,15,Av. Grau 1193,BT,6,2009-04-15 13:30:43,ACTIVO
1010016,8252,4,Jr. Venezuela 7419,BT,6,2019-04-29 13:00:20,ACTIVO
1010017,8253,15,Jr. San Martín 3331,BT,8,2000-03-30 10:04:54,ACTIVO
1010018,8254,38,Av. Progreso 512,BT,2,2004-12-02 04:32:39,ACTIVO
1010019,8255,30,Psje. Universitaria 2998,BT,8,2007-12-24 07:42:22,INACTIVO
1010020,8256,36,Av. Venezuela 4707,BT,1,2008-02-23 05:03:56,ACTIVO
1010021,8256,36,Av. Grau 5650,BT,4,2007-09-28 01:37:11,ACTIVO
1010022,8257,7,Calle Los Pinos 6865,BT,3,2005-04-24 02:28:34,ACTIVO
1010023,8257,7,Av. El Sol 1173,BT,1,2009-02-12 21:40:53,ACTIVO
1010024,8258,15,Jr. Grau 8481,BT,4,2004-10-20 03:33:13,ACTIVO
1010025,8259,20,Calle El Sol 6374,BT,5,2007-08-30 04:04:10,ACTIVO
1010026,8260,37,Psje. Bolívar 6081,BT,5,2011-08-14 11:40:23,INACTIVO
1010027,8260,37,Jr. San Martín 4504,BT,1,2018-11-10 19:15:10,ACTIVO
1010028,8261,19,Av. Bolívar 7920,BT,4,2014-05-06 05:14:19,ACTIVO
1010029,8262,3,Calle Panamericana 7782,BT,6,2018-12-05 05:42:45,ACTIVO
1010030,8262,3,Psje. Los Pinos 7786,BT,1,2003-11-03 14:07:47,ACTIVO
1010031,8263,39,Jr. Panamericana 5546,BT,4,2013-03-03 22:41:06,ACTIVO
1010032,8263,39,Calle Los Pinos 3934,BT,1,2012-07-14 06:53:30,ACTIVO
1010033,8264,3,Calle San Martín 2558,BT,7,2008-09-29 02:27:08,ACTIVO
1010034,8265,30,Av. Universitaria 3080,BT,7,2003-11-08 18:41:34,ACTIVO
1010035,8266,39,Pasaje Progreso 3043,BT,6,2020-03-23 01:44:29,ACTIVO
1010036,8267,5,Av. Universitaria 9788,BT,8,2001-12-20 16:24:53,ACTIVO
1010037,8267,5,Jr. San Martín 1420,BT,6,2009-01-10 19:13:32,ACTIVO
1010038,8268,19,Av. Progreso 9369,BT,2,2001-09-03 21:56:13,ACTIVO
1010039,8269,19,Calle Bolívar 2851,BT,2,2014-04-16 00:10:02,SUSPENDIDO
1010040,8270,6,Av. Universitaria 8554,BT,3,2001-08-17 14:19:41,ACTIVO
1010041,8271,38,Av. Grau 4712,BT,1,2017-07-10 15:25:16,ACTIVO
1010042,8271,38,Pasaje Bolívar 2843,BT,7,2016-08-07 23:19:55,ACTIVO
1010043,8271,38,Pasaje Grau 8539,BT,3,2016-04-01 20:56:24,ACTIVO
1010044,8272,7,Psje. Universitaria 9482,BT,2,2019-11-16 18:52:28,ACTIVO
1010045,8273,15,Psje. Venezuela 3726,BT,3,2006-12-13 08:43:10,ACTIVO
1010046,8273,15,Calle La Molina 3764,BT,5,2002-03-19 13:32:19,ACTIVO
1010047,8273,15,Pasaje Los Pinos 1004,BT,5,2004-10-01 17:16:12,ACTIVO
1010048,8274,9,Pasaje Venezuela 8479,BT,2,2007-01-27 02:14:42,ACTIVO
1010049,8275,27,Pasaje La Molina 2442,BT,6,2013-09-09 13:37:25,ACTIVO
1010050,8276,9,Pasaje Bolívar 6891,BT,3,2003-12-04 13:52:41,ACTIVO
1010051,8277,7,Av. San Martín 7451,BT,8,2017-02-12 11:24:52,ACTIVO
1010052,8278,39,Jr. Grau 5899,BT,2,2009-09-20 19:32:14,ACTIVO
1010053,8279,4,Jr. Progreso 3950,BT,1,2006-01-25 12:38:30,ACTIVO
1010054,8280,7,Calle Universitaria 2729,BT,5,2014-10-15 14:26:54,ACTIVO
1010055,8281,9,Psje. Los Pinos 3600,BT,2,2016-10-11 07:23:38,ACTIVO
1010056,8282,4,Calle San Martín 2618,BT,3,2004-10-05 16:31:23,ACTIVO
1010057,8282,4,Psje. Los Pinos 9652,BT,6,2016-10-20 23:37:04,ACTIVO
1010058,8283,30,Av. Venezuela 3868,BT,7,2020-12-12 07:39:15,ACTIVO
1010059,8283,30,Pasaje Panamericana 9285,BT,5,2010-11-23 22:51:24,ACTIVO
1010060,8284,15,Psje. Panamericana 4901,BT,7,2002-08-30 13:19:24,ACTIVO
1010061,8285,28,Jr. Bolívar 1994,BT,2,2014-03-15 18:08:20,INACTIVO
1010062,8286,4,Calle Los Pinos 1209,BT,4,2015-03-28 21:19:16,ACTIVO
1010063,8287,7,Pasaje La Molina 4871,BT,5,2015-01-28 23:56:47,ACTIVO
1010064,8288,10,Psje. Los Pinos 1713,BT,3,2002-11-05 02:32:35,ACTIVO
1010065,8289,3,Pasaje Bolívar 3326,BT,5,2012-05-30 01:42:30,ACTIVO
1010066,8290,7,Jr. Grau 2175,BT,3,2014-10-24 02:13:45,ACTIVO
1010067,8291,14,Pasaje Grau 5519,BT,5,2014-06-30 15:20:50,ACTIVO
1010068,8292,43,Pasaje Venezuela 8895,BT,6,2017-12-03 02:01:32,ACTIVO
1010069,8293,38,Calle El Sol 7093,BT,5,2013-02-20 04:11:23,ACTIVO
1010070,8294,19,Calle Grau 5467,BT,5,2019-07-11 23:46:26,ACTIVO
1010071,8295,3,Jr. Venezuela 9176,BT,1,2000-12-01 03:41:10,ACTIVO
1010072,8296,36,Psje. La Molina 6378,BT,4,2007-03-05 07:56:28,ACTIVO
1010073,8297,28,Psje. Universitaria 276,BT,8,2020-11-15 03:24:59,ACTIVO
1010074,8298,9,Calle Los Pinos 4970,BT,7,2012-05-08 02:42:43,ACTIVO
1010075,8299,40,Calle Los Pinos 8834,BT,3,2001-11-08 00:53:20,ACTIVO
1010076,8300,19,Calle Bolívar 142,BT,7,2000-06-19 06:15:26,ACTIVO
1010077,8301,39,Pasaje Universitaria 7966,BT,7,2018-05-19 20:23:55,ACTIVO
1010078,8302,9,Jr. Progreso 8981,BT,7,2024-03-09 00:00:00,ACTIVO
1010079,8303,42,Jr. Los Pinos 3895,BT,1,2009-06-19 20:33:11,ACTIVO
1010080,8304,4,Psje. Grau 8729,BT,6,2001-12-10 16:41:33,ACTIVO
1010081,8305,43,Jr. Venezuela 7738,BT,6,2000-12-20 22:01:49,ACTIVO
1010082,8306,39,Pasaje Bolívar 4973,BT,8,2017-03-15 15:02:58,ACTIVO
1010083,8306,39,Pasaje Universitaria 9555,BT,1,2007-02-16 12:10:08,ACTIVO
1010084,8306,39,Calle Grau 2552,BT,4,2011-12-15 18:07:29,ACTIVO
1010085,8307,15,Pasaje Venezuela 8748,BT,2,2021-11-29 00:00:00,ACTIVO
1010086,8308,15,Calle San Martín 1624,BT,2,2016-08-04 06:23:30,ACTIVO
1010087,8308,15,Jr. Progreso 1022,BT,4,2015-05-21 06:55:46,ACTIVO
1010088,8309,30,Psje. La Molina 4382,BT,5,2002-10-29 13:06:30,ACTIVO
1010089,8310,40,Calle Grau 974,BT,4,2019-04-21 19:43:08,ACTIVO
1010090,8310,40,Pasaje Panamericana 201,BT,4,2005-12-18 11:50:38,ACTIVO
1010091,8311,28,Psje. San Martín 9009,BT,7,2016-11-28 05:06:35,ACTIVO
1010092,8312,26,Psje. Progreso 9397,BT,6,2003-12-29 08:24:14,ACTIVO
1010093,8313,2,Psje. La Molina 6969,BT,2,2000-01-24 12:17:41,ACTIVO
1010094,8314,19,Calle Venezuela 1944,MT,3,2009-06-02 16:16:06,ACTIVO
1010095,8315,9,Jr. Los Pinos 5441,BT,6,2010-05-06 17:07:43,ACTIVO
1010096,8316,4,Psje. El Sol 9917,BT,5,2012-08-25 14:53:11,ACTIVO
1010097,8316,4,Calle Progreso 3608,BT,3,2008-02-28 06:17:03,SUSPENDIDO
1010098,8317,39,Calle Bolívar 4541,BT,7,2001-07-29 16:50:16,ACTIVO
1010099,8318,7,Psje. El Sol 8422,BT,6,2008-07-20 06:29:16,ACTIVO
1010100,8319,11,Psje. San Martín 7460,BT,5,2016-10-30 23:31:55,ACTIVO
1010101,8320,40,Psje. Bolívar 1909,BT,5,2008-08-15 18:32:29,ACTIVO
1010102,8320,40,Pasaje Universitaria 8934,BT,6,2014-02-19 10:44:32,ACTIVO
1010103,8321,15,Calle Bolívar 6753,BT,7,2004-11-17 00:23:29,ACTIVO
1010104,8321,15,Calle Panamericana 1790,BT,7,2016-07-09 22:34:54,ACTIVO
1010105,8322,40,Psje. San Martín 162,BT,4,2020-03-24 08:16:53,INACTIVO
1010106,8323,19,Jr. Universitaria 9635,BT,5,2002-08-01 16:10:02,ACTIVO
1010107,8324,5,Calle Los Pinos 9139,BT,6,2019-07-05 23:00:55,ACTIVO
1010108,8325,43,Pasaje Progreso 6880,BT,3,2015-04-14 03:53:04,INACTIVO
1010109,8326,28,Pasaje Universitaria 4089,BT,8,2014-06-09 20:57:38,ACTIVO
1010110,8327,6,Pasaje Bolívar 7014,BT,5,2005-11-02 07:28:24,ACTIVO
1010111,8327,6,Jr. La Molina 4195,BT,3,2014-10-15 00:39:19,ACTIVO
1010112,8328,5,Calle Grau 1681,BT,3,2015-06-06 15:21:17,ACTIVO
1010113,8329,35,Av. Venezuela 3280,BT,2,2000-10-06 21:52:59,ACTIVO
1010114,8330,9,Jr. La Molina 7591,BT,7,2011-09-12 03:05:53,ACTIVO
1010115,8330,9,Calle Bolívar 8115,BT,8,2001-11-29 09:43:16,ACTIVO
1010116,8331,7,Jr. Progreso 7588,BT,3,2019-07-10 12:26:52,ACTIVO
1010117,8332,9,Av. San Martín 1114,BT,6,2009-07-30 11:24:02,ACTIVO
1010118,8333,20,Psje. Bolívar 7191,BT,5,2023-03-06 00:00:00,ACTIVO
1010119,8333,20,Pasaje Progreso 4971,BT,3,2011-08-17 18:14:42,ACTIVO
1010120,8334,13,Calle Venezuela 5714,BT,2,2008-06-18 21:12:44,ACTIVO
1010121,8334,13,Calle San Martín 1904,BT,4,2017-05-08 13:47:18,ACTIVO
1010122,8335,9,Pasaje Universitaria 8796,BT,5,2013-03-30 15:00:08,ACTIVO
1010123,8336,15,Pasaje El Sol 3451,BT,4,2005-04-09 04:42:41,ACTIVO
1010124,8337,29,Pasaje Grau 5283,BT,6,2014-06-11 03:24:07,INACTIVO
1010125,8338,15,Calle San Martín 411,BT,1,2014-01-31 00:31:46,ACTIVO
1010126,8339,13,Pasaje Bolívar 6106,BT,5,2020-11-05 14:38:24,ACTIVO
1010127,8340,7,Pasaje Panamericana 5630,BT,7,2000-01-05 19:16:21,SUSPENDIDO
1010128,8341,42,Psje. La Molina 7630,BT,4,2008-02-11 16:02:17,ACTIVO
1010129,8342,5,Psje. Panamericana 4153,BT,7,2020-08-29 11:24:07,ACTIVO
1010130,8343,42,Jr. Grau 5837,BT,1,2001-07-25 06:14:18,ACTIVO
1010131,8344,29,Av. Grau 6078,BT,3,2012-01-27 06:47:33,ACTIVO
1010132,8345,29,Pasaje La Molina 8381,BT,2,2004-03-18 20:33:57,ACTIVO
1010133,8346,37,Jr. San Martín 9812,BT,2,2001-01-15 05:49:39,ACTIVO
1010134,8347,3,Av. San Martín 3434,BT,3,2016-12-01 07:41:17,ACTIVO
1010135,8347,3,Calle Progreso 7458,BT,4,2002-10-02 16:03:26,ACTIVO
1010136,8348,13,Jr. El Sol 3716,BT,3,2021-06-15 00:00:00,ACTIVO
1010137,8349,39,Calle Progreso 7795,BT,2,2013-06-06 15:28:40,ACTIVO
1010138,8350,29,Psje. Los Pinos 3742,BT,8,2012-05-29 10:47:52,ACTIVO
1010139,8350,29,Psje. Universitaria 4557,BT,1,2013-03-22 19:57:48,ACTIVO
1010140,8351,9,Calle Venezuela 8914,BT,6,2008-02-21 10:48:12,ACTIVO
1010141,8351,9,Av. Los Pinos 1312,BT,2,2009-04-07 01:43:27,ACTIVO
1010142,8352,30,Av. Grau 1937,BT,6,2007-02-07 14:55:37,ACTIVO
1010143,8353,38,Pasaje Universitaria 3992,BT,7,2013-09-04 15:19:56,ACTIVO
1010144,8353,38,Calle Venezuela 3852,BT,5,2018-11-17 05:11:28,ACTIVO
1010145,8353,38,Jr. Panamericana 1971,BT,5,2007-07-01 22:22:45,ACTIVO
1010146,8354,29,Pasaje Grau 9251,BT,2,2003-02-02 20:06:27,ACTIVO
1010147,8355,11,Pasaje Panamericana 630,BT,4,2011-12-24 22:12:01,ACTIVO
1010148,8356,19,Calle Venezuela 4561,BT,3,2011-08-31 12:08:16,ACTIVO
1010149,8357,15,Av. Los Pinos 5869,BT,6,2011-08-19 03:07:04,ACTIVO
1010150,8358,28,Calle San Martín 9336,BT,4,2017-08-17 20:09:05,ACTIVO
1010151,8358,28,Calle San Martín 4692,BT,1,2000-08-27 23:20:37,ACTIVO
1010152,8359,29,Pasaje La Molina 1829,BT,8,2012-07-02 03:37:29,ACTIVO
1010153,8359,29,Av. Panamericana 7003,BT,2,2004-05-16 01:05:08,ACTIVO
1010154,8360,13,Av. Grau 4178,BT,3,2019-04-13 02:37:04,ACTIVO
1010155,8361,28,Av. Bolívar 1012,BT,6,2015-12-28 13:04:08,ACTIVO
1010156,8362,38,Psje. Los Pinos 5191,BT,4,2002-04-02 15:42:55,ACTIVO
1010157,8363,26,Calle La Molina 8021,BT,3,2011-02-14 16:36:44,ACTIVO
1010158,8364,43,Pasaje Panamericana 4364,BT,2,2001-04-29 17:37:52,ACTIVO
1010159,8365,43,Calle Grau 8756,BT,1,2001-10-11 16:44:36,ACTIVO
1010160,8366,15,Jr. Universitaria 1359,BT,1,2004-04-09 00:29:18,SUSPENDIDO
1010161,8367,37,Pasaje La Molina 3393,BT,4,2019-03-23 06:54:08,ACTIVO
1010162,8368,9,Jr. Venezuela 5391,BT,4,2013-03-08 19:30:11,ACTIVO
1010163,8368,9,Av. Progreso 9243,BT,7,2010-10-12 19:44:43,ACTIVO
1010164,8368,9,Pasaje Los Pinos 6800,BT,4,2019-12-08 12:53:49,ACTIVO
1010165,8369,28,Jr. Grau 6789,BT,1,2002-02-02 20:15:47,ACTIVO
1010166,8370,4,Jr. Universitaria 2465,BT,3,2016-07-06 18:53:51,ACTIVO
1010167,8371,29,Pasaje Panamericana 7081,BT,6,2015-11-11 15:06:47,ACTIVO
1010168,8372,28,Pasaje El Sol 3455,BT,8,2006-07-12 09:07:23,ACTIVO
1010169,8373,5,Psje. Panamericana 2649,BT,1,2003-12-13 14:42:03,INACTIVO
1010170,8373,5,Calle Venezuela 4376,BT,1,2018-09-02 11:13:00,ACTIVO
1010171,8374,39,Calle San Martín 5846,BT,8,2006-07-25 14:11:11,ACTIVO
1010172,8375,33,Pasaje Venezuela 275,BT,8,2018-06-16 11:08:04,ACTIVO
1010173,8376,9,Psje. Grau 6943,BT,1,2013-02-03 15:49:49,ACTIVO
1010174,8377,40,Jr. San Martín 2332,BT,7,2009-01-12 07:01:24,ACTIVO
1010175,8377,40,Calle Panamericana 8296,BT,2,2024-05-29 00:00:00,ACTIVO
1010176,8378,30,Av. Universitaria 919,BT,2,2014-01-01 02:21:55,ACTIVO
1010177,8379,15,Pasaje Universitaria 665,BT,6,2006-09-10 22:24:10,ACTIVO
1010178,8380,3,Pasaje Panamericana 2523,BT,6,2017-11-28 20:17:57,ACTIVO
1010179,8380,3,Psje. La Molina 7635,BT,4,2007-09-26 13:40:21,ACTIVO
1010180,8381,13,Jr. San Martín 3773,BT,6,2020-07-24 00:00:00,ACTIVO
1010181,8382,41,Jr. Bolívar 2057,BT,6,2002-07-24 19:14:04,ACTIVO
1010182,8383,7,Jr. Bolívar 9721,BT,2,2018-04-19 02:49:17,ACTIVO
1010183,8384,5,Psje. Los Pinos 6460,BT,2,2015-02-06 20:42:04,ACTIVO
1010184,8384,5,Pasaje Los Pinos 2292,BT,3,2005-01-19 21:57:02,ACTIVO
1010185,8385,39,Pasaje La Molina 9307,BT,5,2003-12-30 16:31:53,ACTIVO
1010186,8386,37,Calle San Martín 5355,BT,2,2011-02-21 18:00:17,ACTIVO
1010187,8387,33,Av. Panamericana 3345,BT,3,2001-10-11 16:40:19,ACTIVO
1010188,8388,15,Av. Universitaria 3577,BT,4,2004-03-10 21:33:58,ACTIVO
1010189,8388,15,Psje. Universitaria 4681,BT,4,2011-07-18 14:42:36,ACTIVO
1010190,8389,3,Pasaje La Molina 6986,BT,2,2009-03-13 18:26:55,ACTIVO
1010191,8390,39,Calle Grau 4950,BT,8,2015-05-19 06:36:46,ACTIVO
1010192,8391,19,Jr. La Molina 8377,BT,5,2024-12-10 00:00:00,ACTIVO
1010193,8392,27,Jr. Progreso 6183,BT,5,2008-05-05 06:49:51,ACTIVO
1010194,8392,27,Av. Los Pinos 2109,BT,3,2019-03-09 13:32:02,ACTIVO
1010195,8393,5,Psje. La Molina 4766,BT,1,2004-03-11 00:23:17,ACTIVO
1010196,8394,35,Jr. Los Pinos 1676,BT,2,2017-12-04 03:19:28,ACTIVO
1010197,8395,28,Av. Venezuela 8604,BT,3,2010-08-22 05:43:45,ACTIVO
1010198,8396,9,Av. Grau 976,BT,2,2007-09-21 02:59:19,ACTIVO
1010199,8397,5,Av. San Martín 6598,BT,6,2004-07-01 18:38:53,ACTIVO
1010200,8398,4,Pasaje La Molina 3995,BT,2,2005-02-21 06:02:00,ACTIVO
1010201,8398,4,Av. Grau 2748,BT,5,2014-12-02 04:49:44,ACTIVO
1010202,8398,4,Pasaje Los Pinos 3935,BT,3,2016-07-14 11:28:51,ACTIVO
1010203,8399,9,Jr. El Sol 1903,BT,5,2012-08-25 09:26:26,ACTIVO
1010204,8400,19,Calle Los Pinos 8913,BT,8,2004-12-08 05:17:41,ACTIVO
1010205,8400,19,Pasaje Los Pinos 9866,BT,7,2008-09-16 23:47:07,ACTIVO
1010206,8401,4,Pasaje Bolívar 2064,MT,4,2002-02-24 13:42:57,ACTIVO
1010207,8402,15,Psje. El Sol 4129,BT,5,2019-05-01 03:04:02,ACTIVO
1010208,8403,9,Calle Progreso 8578,BT,1,2012-07-30 03:44:46,ACTIVO
1010209,8404,12,Jr. Los Pinos 724,BT,1,2013-09-22 09:09:18,ACTIVO
1010210,8405,40,Jr. Grau 6451,BT,1,2012-07-11 00:20:13,ACTIVO
1010211,8406,23,Av. El Sol 5087,BT,8,2005-07-14 01:54:55,ACTIVO
1010212,8407,34,Psje. Bolívar 381,BT,7,2018-10-05 21:25:57,ACTIVO
1010213,8408,4,Jr. Progreso 6963,BT,7,2014-03-08 09:36:33,SUSPENDIDO
1010214,8408,4,Av. Progreso 1244,BT,3,2003-07-27 15:19:00,ACTIVO
1010215,8409,29,Psje. Grau 6683,MT,5,2012-03-07 22:41:35,ACTIVO
1010216,8410,35,Psje. Los Pinos 3477,BT,2,2000-06-03 13:59:23,ACTIVO
1010217,8411,4,Av. Bolívar 9853,BT,5,2016-06-24 16:18:09,ACTIVO
1010218,8412,39,Calle Panamericana 3155,BT,7,2002-12-26 22:23:58,ACTIVO
1010219,8413,29,Av. El Sol 671,BT,4,2020-05-26 03:18:28,ACTIVO
1010220,8413,29,Psje. La Molina 4232,BT,6,2020-01-06 05:57:25,ACTIVO
1010221,8414,7,Psje. Universitaria 3520,BT,4,2014-02-21 12:11:00,ACTIVO
1010222,8415,15,Psje. Universitaria 4304,BT,7,2000-08-13 19:24:53,ACTIVO
1010223,8416,9,Pasaje El Sol 8605,BT,3,2018-06-10 15:49:15,ACTIVO
1010224,8417,26,Pasaje Los Pinos 2194,BT,1,2011-06-15 12:38:16,ACTIVO
1010225,8418,5,Calle Bolívar 7591,BT,6,2011-01-06 07:35:37,ACTIVO
1010226,8419,5,Pasaje Progreso 4921,BT,8,2018-02-10 04:36:04,ACTIVO
1010227,8419,5,Av. Panamericana 3129,BT,5,2006-05-10 18:08:23,ACTIVO
1010228,8420,26,Calle El Sol 8008,BT,6,2010-08-19 20:12:25,ACTIVO
1010229,8421,7,Av. Los Pinos 9017,MT,7,2004-04-28 18:06:36,ACTIVO
1010230,8422,40,Jr. La Molina 1727,BT,8,2017-06-20 04:33:46,ACTIVO
1010231,8423,13,Calle Grau 5176,BT,7,2018-04-18 00:34:17,ACTIVO
1010232,8424,15,Psje. El Sol 6589,BT,8,2006-07-08 10:18:53,ACTIVO
1010233,8425,26,Jr. El Sol 9990,BT,8,2007-03-19 15:24:56,ACTIVO
1010234,8426,26,Av. Universitaria 1237,BT,6,2001-08-25 17:29:41,ACTIVO
1010235,8427,15,Jr. Progreso 3717,BT,3,2004-04-20 18:13:05,ACTIVO
1010236,8428,20,Pasaje Progreso 9175,BT,4,2001-09-26 15:59:26,ACTIVO
1010237,8429,13,Av. La Molina 4468,BT,5,2019-08-13 17:32:07,ACTIVO
1010238,8430,3,Jr. Progreso 5779,BT,2,2018-04-26 14:06:32,ACTIVO
1010239,8431,9,Pasaje Panamericana 990,BT,4,2011-07-07 06:08:27,ACTIVO
1010240,8432,7,Psje. Universitaria 6851,BT,6,2005-03-14 13:20:56,ACTIVO
1010241,8433,28,Calle Universitaria 1347,BT,7,2001-02-20 06:42:57,ACTIVO
1010242,8434,33,Av. Panamericana 6138,BT,2,2016-07-03 02:30:55,ACTIVO
1010243,8435,15,Jr. Grau 2877,BT,8,2003-04-29 20:40:00,ACTIVO
1010244,8436,17,Pasaje Los Pinos 7632,BT,6,2003-03-18 00:23:42,ACTIVO
1010245,8437,9,Calle Panamericana 6984,BT,3,2003-08-13 14:31:00,ACTIVO
1010246,8438,15,Calle Bolívar 5873,BT,1,2020-10-11 03:10:18,ACTIVO
1010247,8439,8,Pasaje Panamericana 2805,BT,8,2006-12-15 05:01:33,ACTIVO
1010248,8440,9,Pasaje Universitaria 5821,BT,1,2019-06-10 14:15:53,ACTIVO
1010249,8440,9,Calle Universitaria 6332,BT,1,2009-01-07 05:36:10,ACTIVO
1010250,8441,3,Pasaje Grau 4799,BT,5,2014-10-08 11:06:48,ACTIVO
1010251,8442,3,Calle Progreso 1024,BT,6,2005-07-31 00:16:46,ACTIVO
1010252,8443,26,Psje. El Sol 7873,BT,1,2010-07-24 07:56:30,ACTIVO
1010253,8444,19,Pasaje Venezuela 2527,BT,3,2016-07-04 05:45:30,ACTIVO
1010254,8445,41,Calle Los Pinos 7594,BT,8,2012-12-11 11:17:06,ACTIVO
1010255,8446,40,Psje. Venezuela 3664,MT,1,2000-01-17 05:10:23,INACTIVO
1010256,8447,15,Jr. Los Pinos 6226,BT,6,2014-10-07 20:22:19,ACTIVO
1010257,8448,15,Psje. Bolívar 9580,BT,6,2016-07-16 21:19:27,ACTIVO
1010258,8449,26,Av. Panamericana 1689,BT,3,2005-05-23 20:07:26,ACTIVO
1010259,8450,19,Av. Universitaria 4528,BT,4,2014-03-03 07:41:55,ACTIVO
1010260,8451,13,Calle Los Pinos 9771,BT,6,2015-12-18 20:50:08,ACTIVO
1010261,8452,15,Calle Venezuela 7292,BT,4,2002-04-30 06:05:28,ACTIVO
1010262,8453,15,Pasaje Universitaria 8480,BT,7,2000-06-26 07:16:04,ACTIVO
1010263,8454,35,Psje. Panamericana 5802,BT,2,2015-12-10 08:56:00,ACTIVO
1010264,8455,43,Av. Bolívar 4556,BT,2,2018-07-06 09:55:23,ACTIVO
1010265,8456,4,Av. Venezuela 5732,BT,5,2001-07-11 12:14:33,ACTIVO
1010266,8457,43,Jr. La Molina 8846,BT,1,2000-07-19 03:15:28,ACTIVO
1010267,8457,43,Pasaje Los Pinos 955,BT,1,2011-01-29 12:03:56,ACTIVO
1010268,8458,26,Psje. El Sol 6962,BT,6,2003-04-18 11:44:13,ACTIVO
1010269,8459,4,Av. Venezuela 5911,BT,5,2000-05-09 13:02:33,ACTIVO
1010270,8460,9,Jr. El Sol 6344,BT,8,2008-07-10 22:52:24,ACTIVO
1010271,8461,39,Jr. La Molina 3767,BT,3,2006-05-11 01:19:20,ACTIVO
1010272,8462,7,Av. El Sol 8083,BT,7,2001-05-12 15:26:32,ACTIVO
1010273,8463,30,Pasaje La Molina 5497,BT,6,2011-02-14 23:24:16,ACTIVO
1010274,8463,30,Psje. Panamericana 8305,BT,8,2014-10-02 00:44:36,ACTIVO
1010275,8464,4,Psje. Bolívar 6165,BT,8,2020-06-28 00:25:14,ACTIVO
1010276,8465,29,Jr. La Molina 7149,BT,2,2001-02-24 16:54:36,ACTIVO
1010277,8466,13,Pasaje Venezuela 5431,BT,3,2009-12-09 09:19:28,ACTIVO
1010278,8467,30,Jr. Universitaria 8833,BT,3,2001-01-20 01:08:55,ACTIVO
1010279,8468,31,Calle Los Pinos 8730,BT,6,2016-10-28 08:14:35,ACTIVO
1010280,8468,31,Calle Venezuela 3544,BT,8,2003-06-21 06:04:55,ACTIVO
1010281,8469,35,Psje. Venezuela 4512,BT,3,2001-03-04 21:02:53,ACTIVO
1010282,8469,35,Calle Grau 5507,BT,7,2001-11-26 19:22:09,ACTIVO
1010283,8470,19,Av. Progreso 2630,BT,4,2013-06-07 07:20:46,ACTIVO
1010284,8470,19,Jr. Venezuela 253,BT,5,2017-10-31 09:11:43,ACTIVO
1010285,8471,7,Psje. San Martín 9995,BT,1,2008-12-07 02:57:26,ACTIVO
1010286,8471,7,Jr. Grau 519,BT,4,2004-06-12 04:50:15,ACTIVO
1010287,8472,26,Jr. Venezuela 6345,BT,7,2000-09-20 06:21:31,ACTIVO
1010288,8473,15,Calle Venezuela 6989,BT,5,2010-07-10 16:40:25,ACTIVO
1010289,8474,15,Psje. Universitaria 9063,BT,4,2008-11-30 21:57:49,ACTIVO
1010290,8475,2,Jr. Panamericana 1456,BT,5,2014-10-26 07:14:49,ACTIVO
1010291,8476,19,Pasaje Universitaria 2910,BT,3,2017-09-30 21:54:33,ACTIVO
1010292,8477,19,Pasaje La Molina 7538,BT,5,2020-08-19 18:57:03,ACTIVO
1010293,8477,19,Psje. Los Pinos 4540,BT,7,2015-07-21 01:33:52,ACTIVO
1010294,8478,19,Jr. Progreso 8949,BT,4,2013-06-19 15:42:02,ACTIVO
1010295,8479,15,Calle Venezuela 5996,BT,3,2005-01-10 00:51:59,ACTIVO
1010296,8480,30,Pasaje Universitaria 230,BT,5,2010-03-08 16:38:46,ACTIVO
1010297,8481,19,Jr. Panamericana 6081,BT,7,2004-05-18 21:20:00,ACTIVO
1010298,8482,23,Jr. Grau 8005,BT,6,2008-11-02 17:49:05,ACTIVO
1010299,8483,4,Psje. Los Pinos 9256,BT,6,2012-01-25 21:28:16,ACTIVO
1010300,8484,3,Pasaje San Martín 8738,BT,7,2020-12-19 19:34:25,ACTIVO
1010301,8485,15,Pasaje San Martín 9517,BT,2,2023-12-04 00:00:00,ACTIVO
1010302,8486,27,Calle Los Pinos 6053,BT,7,2004-07-03 06:25:38,ACTIVO
1010303,8487,30,Calle Universitaria 5936,BT,8,2001-01-04 20:36:49,ACTIVO
1010304,8488,4,Calle Bolívar 5827,BT,3,2010-12-05 04:38:14,ACTIVO
1010305,8489,43,Pasaje Universitaria 5566,BT,3,2005-11-20 13:16:22,ACTIVO
1010306,8490,26,Pasaje Progreso 3111,BT,6,2012-06-26 14:33:17,ACTIVO
1010307,8491,38,Psje. Los Pinos 4579,BT,3,2002-04-08 01:39:04,ACTIVO
1010308,8492,18,Calle Universitaria 9463,BT,8,2004-05-25 16:17:32,ACTIVO
1010309,8493,3,Psje. Bolívar 3284,BT,4,2014-05-21 17:58:24,ACTIVO
1010310,8494,28,Calle Grau 2367,BT,2,2016-07-12 01:25:22,ACTIVO
1010311,8494,28,Jr. Grau 961,BT,8,2013-07-06 22:31:17,ACTIVO
1010312,8495,7,Jr. Progreso 9807,BT,3,2006-06-21 15:58:49,ACTIVO
1010313,8496,26,Psje. Progreso 3446,BT,7,2003-05-14 19:12:55,ACTIVO
1010314,8497,3,Pasaje Venezuela 1001,BT,2,2010-09-10 13:00:17,ACTIVO
1010315,8498,15,Pasaje Bolívar 6897,BT,2,2000-05-18 07:58:51,ACTIVO
1010316,8499,15,Calle Grau 6199,BT,8,2004-03-18 07:52:07,ACTIVO
1010317,8500,3,Jr. Bolívar 9395,BT,8,2014-02-10 19:58:14,ACTIVO
1010318,8501,30,Jr. San Martín 5556,BT,5,2012-06-25 14:25:39,ACTIVO
1010319,8502,32,Calle Venezuela 8474,BT,4,2005-03-31 02:37:56,ACTIVO
1010320,8503,15,Calle San Martín 2561,BT,1,2017-02-16 11:31:58,ACTIVO
1010321,8504,7,Jr. Panamericana 7098,BT,6,2015-09-15 21:07:49,ACTIVO
1010322,8504,7,Pasaje Progreso 3314,BT,7,2006-10-17 15:05:07,ACTIVO
1010323,8505,43,Av. La Molina 9951,BT,6,2001-11-25 03:52:51,ACTIVO
1010324,8506,38,Pasaje Venezuela 9501,BT,4,2001-05-06 15:00:52,ACTIVO
1010325,8507,39,Av. San Martín 4068,BT,4,2011-06-02 03:34:54,ACTIVO
1010326,8507,39,Av. Los Pinos 6961,BT,4,2016-07-23 18:29:19,ACTIVO
1010327,8508,9,Pasaje Bolívar 3420,BT,8,2001-05-06 08:19:15,ACTIVO
1010328,8508,9,Calle La Molina 5478,BT,4,2017-11-25 00:06:04,ACTIVO
1010329,8508,9,Av. El Sol 5881,BT,5,2001-03-22 02:06:17,ACTIVO
1010330,8509,15,Pasaje Grau 5638,BT,2,2012-03-22 15:19:10,ACTIVO
1010331,8509,15,Jr. Panamericana 3056,BT,1,2013-08-03 14:34:46,ACTIVO
1010332,8510,30,Av. Panamericana 9573,BT,7,2008-09-22 16:36:06,ACTIVO
1010333,8511,15,Av. El Sol 733,BT,1,2020-12-10 19:14:49,ACTIVO
1010334,8512,13,Av. Bolívar 5066,BT,2,2016-03-27 11:45:15,ACTIVO
1010335,8513,28,Av. El Sol 2649,BT,5,2012-01-12 06:56:41,ACTIVO
1010336,8514,7,Calle Venezuela 6785,BT,1,2007-03-20 09:50:44,ACTIVO
1010337,8514,7,Av. La Molina 819,BT,4,2022-07-02 00:00:00,ACTIVO
1010338,8515,24,Av. Venezuela 8753,BT,2,2015-07-30 09:09:30,ACTIVO
1010339,8516,29,Jr. Venezuela 2221,BT,7,2017-09-24 16:30:36,ACTIVO
1010340,8516,29,Pasaje El Sol 1487,BT,3,2009-10-22 10:23:52,ACTIVO
1010341,8517,39,Psje. El Sol 8469,BT,1,2000-02-03 20:30:56,ACTIVO
1010342,8518,9,Av. El Sol 6999,BT,2,2003-09-15 05:39:35,ACTIVO
1010343,8519,26,Av. Bolívar 6479,BT,5,2017-10-12 13:42:49,ACTIVO
1010344,8520,3,Jr. La Molina 5234,BT,8,2004-01-03 08:30:20,ACTIVO
1010345,8521,7,Jr. Universitaria 8548,BT,4,2000-04-22 11:37:00,ACTIVO
1010346,8522,28,Calle Grau 7450,BT,2,2003-04-03 17:54:31,ACTIVO
1010347,8523,26,Pasaje San Martín 3122,BT,5,2008-06-24 21:27:47,ACTIVO
1010348,8524,43,Pasaje Universitaria 5877,BT,3,2002-08-01 01:40:37,ACTIVO
1010349,8525,15,Calle La Molina 7772,BT,5,2008-05-02 16:21:26,ACTIVO
1010350,8526,28,Calle Bolívar 5109,BT,8,2019-04-02 21:26:50,ACTIVO
1010351,8527,28,Psje. Panamericana 3028,BT,5,2009-11-04 14:55:12,ACTIVO
1010352,8528,31,Pasaje Progreso 7728,BT,1,2024-01-27 00:00:00,ACTIVO
1010353,8529,30,Jr. Los Pinos 3936,BT,5,2012-03-07 16:28:49,ACTIVO
1010354,8530,15,Jr. La Molina 3102,BT,4,2016-06-09 22:37:43,ACTIVO
1010355,8531,4,Psje. Panamericana 9764,BT,2,2012-12-26 20:26:24,ACTIVO
1010356,8531,4,Av. Venezuela 700,BT,5,2011-06-25 14:19:45,ACTIVO
1010357,8531,4,Psje. Bolívar 3317,BT,7,2012-08-24 09:01:24,ACTIVO
1010358,8532,43,Psje. Los Pinos 3593,BT,4,2010-03-23 07:44:04,ACTIVO
1010359,8533,15,Calle La Molina 1125,BT,3,2009-06-29 08:40:07,ACTIVO
1010360,8534,5,Av. Progreso 886,BT,4,2019-02-08 21:57:11,ACTIVO
1010361,8535,9,Av. Progreso 6437,BT,2,2012-07-21 07:25:22,ACTIVO
1010362,8535,9,Jr. Bolívar 3937,BT,1,2001-04-06 15:00:18,ACTIVO
1010363,8536,29,Jr. Progreso 263,BT,5,2005-07-31 19:43:39,ACTIVO
1010364,8537,29,Pasaje Panamericana 3395,BT,4,2006-05-07 21:30:56,INACTIVO
1010365,8538,43,Calle El Sol 7314,BT,6,2019-03-27 14:23:45,ACTIVO
1010366,8538,43,Jr. La Molina 4080,BT,8,2011-11-13 12:50:09,ACTIVO
1010367,8539,4,Av. Los Pinos 5069,BT,1,2012-03-14 20:18:24,ACTIVO
1010368,8540,39,Jr. La Molina 4821,BT,4,2009-09-03 23:44:57,ACTIVO
1010369,8541,15,Pasaje San Martín 8792,BT,1,2002-06-09 15:04:18,ACTIVO
1010370,8542,34,Jr. Panamericana 1918,BT,2,2005-12-23 22:08:12,ACTIVO
1010371,8542,34,Jr. La Molina 1873,BT,7,2015-10-29 05:48:02,ACTIVO
1010372,8543,37,Psje. Los Pinos 7017,BT,1,2000-02-18 13:47:44,ACTIVO
1010373,8544,15,Pasaje Grau 1081,BT,3,2005-01-21 14:29:25,ACTIVO
1010374,8545,13,Av. Panamericana 7204,BT,1,2019-05-13 13:42:47,ACTIVO
1010375,8546,30,Pasaje Progreso 3298,BT,7,2012-08-16 09:21:29,ACTIVO
1010376,8547,7,Calle La Molina 9710,BT,7,2010-10-06 10:55:57,ACTIVO
1010377,8548,30,Calle La Molina 6530,BT,5,2005-05-11 00:52:16,ACTIVO
1010378,8549,43,Jr. San Martín 5233,BT,8,2006-07-19 16:12:41,ACTIVO
1010379,8549,43,Av. Progreso 8536,BT,2,2015-03-28 01:55:21,ACTIVO
1010380,8550,30,Calle Universitaria 3164,BT,8,2011-05-14 18:05:30,ACTIVO
1010381,8551,15,Calle Panamericana 9962,BT,3,2018-03-18 07:26:56,ACTIVO
1010382,8552,5,Av. Grau 9243,BT,4,2017-01-05 14:34:44,ACTIVO
1010383,8553,29,Calle Universitaria 2841,BT,4,2016-12-28 03:54:59,ACTIVO
1010384,8554,37,Psje. Los Pinos 2925,BT,2,2017-09-12 01:22:38,ACTIVO
1010385,8555,26,Calle Bolívar 7750,BT,8,2003-11-23 19:11:39,ACTIVO
1010386,8556,2,Jr. La Molina 5135,BT,5,2013-04-05 01:18:19,ACTIVO
1010387,8557,38,Av. Los Pinos 5786,BT,1,2013-08-12 14:12:55,ACTIVO
1010388,8557,38,Calle Panamericana 7064,BT,7,2014-06-10 17:12:16,ACTIVO
1010389,8558,21,Jr. La Molina 3225,BT,8,2003-07-03 12:56:53,ACTIVO
1010390,8559,30,Jr. Bolívar 6347,BT,2,2007-02-26 08:16:58,ACTIVO
1010391,8560,11,Jr. Panamericana 7037,BT,8,2011-07-29 23:10:35,ACTIVO
1010392,8561,15,Av. La Molina 7210,BT,4,2006-04-11 22:50:53,ACTIVO
1010393,8562,40,Av. Bolívar 4528,BT,8,2009-06-06 10:19:11,ACTIVO
1010394,8563,28,Av. Grau 7189,BT,8,2005-12-24 04:34:58,ACTIVO
1010395,8564,32,Pasaje Panamericana 738,BT,7,2009-09-14 07:33:31,SUSPENDIDO
1010396,8565,2,Pasaje Los Pinos 1718,BT,3,2015-07-05 21:26:20,ACTIVO
1010397,8566,7,Calle El Sol 6483,BT,2,2005-04-30 20:36:14,ACTIVO
1010398,8567,1,Av. El Sol 2392,BT,2,2009-09-03 16:06:38,ACTIVO
1010399,8568,17,Psje. Los Pinos 2867,BT,8,2007-07-02 07:31:26,ACTIVO
1010400,8569,39,Av. Universitaria 9825,BT,4,2008-01-30 01:14:44,ACTIVO
1010401,8569,39,Pasaje Progreso 5473,BT,7,2001-07-20 20:33:39,ACTIVO
1010402,8569,39,Av. San Martín 2222,BT,8,2010-12-24 05:38:36,ACTIVO
1010403,8570,5,Calle Panamericana 4054,BT,2,2019-01-23 04:28:30,ACTIVO
1010404,8571,7,Psje. Grau 6999,BT,7,2004-07-20 02:28:21,ACTIVO
1010405,8572,13,Pasaje Los Pinos 388,BT,2,2018-06-07 07:04:47,ACTIVO
1010406,8573,27,Psje. La Molina 8242,BT,5,2003-08-15 01:55:43,ACTIVO
1010407,8574,9,Calle San Martín 494,BT,2,2011-01-03 04:39:46,ACTIVO
1010408,8575,13,Psje. Panamericana 3355,BT,7,2013-10-28 13:45:23,ACTIVO
1010409,8576,34,Psje. Bolívar 7547,BT,1,2006-07-15 16:06:49,ACTIVO
1010410,8576,34,Jr. Universitaria 7772,BT,4,2002-09-25 01:12:29,ACTIVO
1010411,8577,30,Av. Bolívar 4688,BT,2,2010-04-08 03:54:38,ACTIVO
1010412,8578,15,Av. La Molina 7944,BT,2,2005-04-24 10:05:50,ACTIVO
1010413,8579,13,Av. Panamericana 7463,BT,4,2012-03-18 15:01:13,ACTIVO
1010414,8580,43,Av. Bolívar 6399,BT,1,2001-11-07 11:06:12,ACTIVO
1010415,8581,17,Pasaje Bolívar 2573,BT,8,2010-09-12 21:40:40,ACTIVO
1010416,8582,41,Jr. El Sol 9681,BT,7,2018-04-16 23:03:53,ACTIVO
1010417,8583,29,Jr. Los Pinos 4718,BT,5,2013-01-20 22:23:30,ACTIVO
1010418,8584,38,Av. Los Pinos 2321,BT,7,2005-03-14 12:49:01,ACTIVO
1010419,8585,23,Psje. Panamericana 5293,BT,6,2005-08-11 11:27:18,ACTIVO
1010420,8585,23,Psje. Panamericana 1720,BT,2,2009-12-03 21:46:06,ACTIVO
1010421,8586,13,Psje. Universitaria 1483,BT,4,2020-09-09 09:15:35,ACTIVO
1010422,8587,1,Calle Panamericana 5143,BT,7,2000-01-28 06:22:19,ACTIVO
1010423,8588,20,Av. Panamericana 2579,MT,6,2009-12-13 04:55:54,ACTIVO
1010424,8589,20,Jr. Los Pinos 2317,BT,8,2011-09-02 05:17:03,ACTIVO
1010425,8590,3,Jr. Bolívar 5228,BT,6,2003-10-10 14:54:48,ACTIVO
1010426,8590,3,Av. Bolívar 4709,BT,1,2023-05-17 00:00:00,ACTIVO
1010427,8591,19,Jr. Grau 1587,BT,6,2011-09-16 00:55:55,ACTIVO
1010428,8592,26,Jr. Grau 1609,BT,6,2004-07-13 15:53:07,ACTIVO
1010429,8593,28,Av. Los Pinos 4369,BT,7,2016-08-12 05:10:46,ACTIVO
1010430,8594,17,Calle Venezuela 284,BT,8,2002-03-23 05:04:20,ACTIVO
1010431,8595,14,Calle Bolívar 278,MT,4,2020-04-05 19:15:47,ACTIVO
1010432,8596,28,Calle Venezuela 466,BT,8,2012-10-01 13:42:36,ACTIVO
1010433,8597,43,Calle El Sol 5478,BT,6,2024-05-30 00:00:00,ACTIVO
1010434,8598,15,Av. El Sol 1325,BT,4,2010-02-02 23:08:45,ACTIVO
1010435,8599,5,Pasaje San Martín 9032,BT,3,2013-01-04 03:00:29,ACTIVO
1010436,8600,15,Av. San Martín 5417,BT,1,2007-01-20 11:33:41,ACTIVO
1010437,8601,9,Av. Universitaria 1576,BT,4,2008-05-12 16:33:26,ACTIVO
1010438,8602,15,Calle Progreso 3949,BT,7,2014-11-27 14:37:48,ACTIVO
1010439,8603,21,Psje. Universitaria 2883,BT,5,2009-02-07 13:33:24,ACTIVO
1010440,8603,21,Jr. Venezuela 4845,BT,1,2018-10-18 03:13:06,ACTIVO
1010441,8604,38,Psje. Venezuela 2513,BT,5,2003-11-01 07:25:23,ACTIVO
1010442,8605,30,Av. Progreso 9058,BT,1,2000-05-01 11:44:46,ACTIVO
1010443,8606,40,Pasaje Venezuela 3356,BT,3,2014-03-11 07:40:23,ACTIVO
1010444,8606,40,Jr. Progreso 3773,BT,7,2020-04-21 17:18:39,ACTIVO
1010445,8607,38,Calle Los Pinos 4913,BT,4,2010-10-06 14:29:38,ACTIVO
1010446,8608,3,Jr. Venezuela 2839,BT,4,2000-10-03 21:17:07,ACTIVO
1010447,8609,6,Av. La Molina 8005,BT,2,2011-06-15 07:52:21,ACTIVO
1010448,8610,36,Jr. La Molina 8433,BT,8,2013-05-26 13:57:18,ACTIVO
1010449,8611,4,Av. San Martín 9327,BT,2,2020-01-19 05:15:29,ACTIVO
1010450,8612,38,Jr. Panamericana 9603,BT,6,2017-04-14 10:07:36,ACTIVO
1010451,8613,26,Jr. El Sol 8052,BT,5,2003-02-21 04:38:50,ACTIVO
1010452,8613,26,Jr. Venezuela 2458,BT,4,2017-05-10 07:09:55,ACTIVO
1010453,8614,7,Jr. Progreso 7709,BT,7,2020-04-19 23:01:14,ACTIVO
1010454,8615,43,Calle La Molina 5702,BT,8,2019-09-30 02:31:12,ACTIVO
1010455,8615,43,Psje. El Sol 3388,BT,4,2020-04-20 00:00:00,ACTIVO
1010456,8615,43,Jr. Grau 5294,BT,4,2013-08-23 13:05:53,ACTIVO
1010457,8616,9,Jr. Venezuela 5545,BT,8,2009-02-03 16:00:00,ACTIVO
1010458,8617,30,Jr. Los Pinos 9243,BT,3,2008-10-14 22:38:20,ACTIVO
1010459,8618,29,Av. Los Pinos 6226,BT,1,2001-06-29 21:05:02,ACTIVO
1010460,8618,29,Psje. La Molina 3599,BT,2,2013-01-17 09:43:58,ACTIVO
1010461,8618,29,Pasaje La Molina 516,BT,3,2004-03-14 05:12:45,ACTIVO
1010462,8619,3,Pasaje Bolívar 6860,BT,2,2012-12-28 22:08:25,ACTIVO
1010463,8619,3,Pasaje Panamericana 4494,BT,4,2002-10-04 08:59:55,ACTIVO
1010464,8620,40,Pasaje Grau 5405,BT,4,2007-06-17 15:30:58,ACTIVO
1010465,8621,43,Calle Venezuela 1500,BT,7,2012-11-09 18:50:22,ACTIVO
1010466,8622,9,Av. Los Pinos 2645,BT,6,2017-05-17 23:05:20,ACTIVO
1010467,8622,9,Psje. Panamericana 372,BT,2,2005-06-29 16:15:22,ACTIVO
1010468,8623,7,Pasaje Universitaria 873,BT,3,2017-10-01 17:08:12,ACTIVO
1010469,8624,39,Jr. Venezuela 1335,BT,4,2020-11-10 03:00:46,ACTIVO
1010470,8625,3,Av. La Molina 7895,BT,3,2002-03-24 07:33:44,ACTIVO
1010471,8625,3,Psje. San Martín 4245,BT,7,2003-08-08 21:37:28,ACTIVO
1010472,8626,30,Psje. El Sol 3234,BT,4,2010-09-07 02:05:50,ACTIVO
1010473,8627,7,Av. Grau 6392,BT,8,2006-04-15 13:30:27,ACTIVO
1010474,8627,7,Psje. Progreso 3714,BT,7,2006-12-09 08:36:08,ACTIVO
1010475,8628,3,Calle San Martín 2282,BT,2,2008-03-09 10:53:30,ACTIVO
1010476,8629,13,Av. Bolívar 9027,MT,7,2019-11-17 23:35:12,ACTIVO
1010477,8630,15,Psje. Panamericana 7245,BT,7,2017-12-25 16:28:34,ACTIVO
1010478,8631,28,Jr. La Molina 1171,BT,6,2016-02-16 03:33:26,ACTIVO
1010479,8631,28,Jr. Progreso 1323,BT,3,2005-03-07 04:37:31,ACTIVO
1010480,8632,39,Calle San Martín 7196,BT,7,2008-03-10 23:09:24,ACTIVO
1010481,8633,40,Av. Venezuela 5516,BT,6,2019-01-18 02:02:29,ACTIVO
1010482,8634,43,Jr. San Martín 1382,BT,4,2004-09-10 07:56:52,ACTIVO
1010483,8635,19,Jr. El Sol 3152,BT,7,2004-11-23 05:18:22,ACTIVO
1010484,8636,15,Jr. Panamericana 1815,BT,1,2017-03-28 22:04:38,ACTIVO
1010485,8637,32,Pasaje San Martín 2587,BT,5,2003-01-10 07:25:00,ACTIVO
1010486,8638,2,Pasaje Progreso 9575,BT,6,2020-06-24 17:08:47,ACTIVO
1010487,8639,17,Pasaje Los Pinos 8846,BT,6,2016-04-29 15:17:23,ACTIVO
1010488,8640,36,Psje. Universitaria 2676,BT,6,2011-03-19 14:02:54,ACTIVO
1010489,8641,28,Pasaje Panamericana 6170,BT,7,2024-09-30 00:00:00,ACTIVO
1010490,8642,7,Av. El Sol 611,BT,5,2015-10-09 20:16:14,ACTIVO
1010491,8643,30,Pasaje Los Pinos 4622,BT,8,2002-01-09 10:03:15,ACTIVO
1010492,8644,9,Psje. Panamericana 4225,BT,4,2019-09-01 13:44:18,ACTIVO
1010493,8645,4,Psje. El Sol 1153,BT,2,2014-12-16 03:45:53,ACTIVO
1010494,8646,40,Psje. El Sol 3219,BT,1,2009-12-03 09:18:58,ACTIVO
1010495,8647,43,Psje. Venezuela 3041,BT,6,2009-12-06 12:26:42,SUSPENDIDO
1010496,8648,28,Psje. El Sol 2747,BT,7,2007-02-23 15:01:35,ACTIVO
1010497,8649,7,Pasaje Grau 4900,BT,8,2022-01-07 00:00:00,ACTIVO
1010498,8650,30,Psje. El Sol 2888,BT,6,2005-02-21 22:42:57,ACTIVO
1010499,8651,13,Jr. Panamericana 876,BT,8,2016-11-03 10:27:49,ACTIVO
1010500,8652,38,Calle San Martín 7108,BT,8,2008-09-24 16:43:42,ACTIVO
1010501,8653,15,Av. Venezuela 3197,BT,2,2010-11-26 15:40:29,ACTIVO
1010502,8654,3,Av. Progreso 1865,BT,1,2024-11-07 00:00:00,ACTIVO
1010503,8655,38,Pasaje Los Pinos 6868,BT,8,2011-08-19 03:19:35,ACTIVO
1010504,8656,26,Av. Bolívar 5989,BT,2,2002-02-06 19:32:33,ACTIVO
1010505,8656,26,Jr. El Sol 1932,BT,5,2007-07-13 03:35:37,ACTIVO
1010506,8657,28,Pasaje Panamericana 3682,BT,3,2004-10-29 07:42:45,ACTIVO
1010507,8658,9,Calle San Martín 1912,BT,4,2019-12-07 15:24:26,ACTIVO
1010508,8659,3,Psje. Panamericana 4329,BT,7,2016-01-11 07:19:22,ACTIVO
1010509,8660,19,Psje. Progreso 3432,BT,8,2005-10-19 18:24:54,ACTIVO
1010510,8661,29,Psje. Venezuela 392,BT,4,2014-12-28 03:22:54,ACTIVO
1010511,8662,5,Psje. Venezuela 8503,BT,1,2019-11-02 07:42:45,ACTIVO
1010512,8663,2,Psje. La Molina 6379,MT,3,2015-06-25 21:13:53,ACTIVO
1010513,8664,43,Av. Panamericana 8665,BT,4,2004-04-09 17:55:49,ACTIVO
1010514,8665,28,Psje. El Sol 3719,BT,2,2020-03-07 01:53:45,ACTIVO
1010515,8666,9,Pasaje San Martín 9641,BT,1,2006-05-29 22:44:36,ACTIVO
1010516,8667,15,Jr. Progreso 2596,BT,7,2013-02-22 19:35:10,ACTIVO
1010517,8668,40,Calle Bolívar 1168,BT,7,2006-10-19 08:05:43,ACTIVO
1010518,8669,39,Jr. Grau 3392,BT,4,2011-01-07 23:27:52,ACTIVO
1010519,8669,39,Jr. Panamericana 7880,BT,8,2005-05-06 06:15:13,ACTIVO
1010520,8670,15,Jr. El Sol 3478,BT,8,2003-06-27 14:49:50,ACTIVO
1010521,8670,15,Calle Grau 2924,BT,5,2012-08-02 11:13:35,ACTIVO
1010522,8671,7,Jr. Universitaria 2553,BT,1,2019-08-21 05:08:48,ACTIVO
1010523,8672,30,Av. Panamericana 2382,BT,7,2013-04-01 00:49:17,ACTIVO
1010524,8673,3,Psje. Universitaria 3505,BT,7,2006-09-25 02:26:58,ACTIVO
1010525,8674,38,Psje. San Martín 2606,BT,7,2018-08-23 20:15:41,ACTIVO
1010526,8674,38,Jr. Grau 7559,BT,8,2006-05-30 09:48:03,ACTIVO
1010527,8675,3,Psje. San Martín 2372,BT,8,2005-06-08 06:58:19,ACTIVO
1010528,8675,3,Av. Universitaria 5011,BT,3,2014-08-10 04:34:38,ACTIVO
1010529,8676,38,Calle El Sol 4380,BT,1,2007-05-15 03:21:35,ACTIVO
1010530,8677,15,Av. Universitaria 8681,BT,7,2002-03-01 10:18:05,ACTIVO
1010531,8678,15,Av. San Martín 3814,BT,3,2007-04-13 13:12:55,ACTIVO
1010532,8679,5,Pasaje Bolívar 7488,BT,3,2002-11-12 11:07:00,ACTIVO
1010533,8680,13,Pasaje Bolívar 1950,BT,5,2015-03-01 21:10:47,ACTIVO
1010534,8681,28,Calle San Martín 2783,BT,6,2012-12-12 08:45:32,ACTIVO
1010535,8682,40,Av. Bolívar 2468,BT,8,2016-05-03 00:31:27,ACTIVO
1010536,8683,15,Calle El Sol 8130,BT,2,2018-04-10 01:33:15,INACTIVO
1010537,8684,4,Calle Panamericana 3014,BT,3,2015-06-27 18:40:55,ACTIVO
1010538,8685,18,Av. Universitaria 481,BT,5,2015-05-21 02:11:00,ACTIVO
1010539,8686,1,Pasaje El Sol 1995,BT,7,2014-05-23 00:17:16,ACTIVO
1010540,8686,1,Jr. Progreso 894,BT,2,2015-12-25 01:52:43,ACTIVO
1010541,8687,9,Jr. Universitaria 7153,BT,8,2020-10-07 05:52:54,ACTIVO
1010542,8688,9,Psje. Grau 9191,BT,4,2010-01-05 18:47:11,ACTIVO
1010543,8689,26,Psje. Panamericana 7359,BT,3,2012-05-19 08:03:30,ACTIVO
1010544,8690,7,Av. La Molina 7943,BT,4,2006-01-19 05:43:10,ACTIVO
1010545,8691,4,Calle Bolívar 3852,BT,3,2004-03-10 19:25:33,INACTIVO
1010546,8692,40,Av. El Sol 7078,BT,1,2000-04-10 10:41:01,ACTIVO
1010547,8693,15,Psje. Los Pinos 8986,BT,8,2023-10-11 00:00:00,ACTIVO
1010548,8693,15,Psje. Venezuela 191,BT,2,2006-07-14 13:26:16,ACTIVO
1010549,8693,15,Av. El Sol 2270,BT,6,2014-05-02 14:43:46,ACTIVO
1010550,8694,19,Jr. Panamericana 6084,BT,4,2003-09-07 07:00:47,ACTIVO
1010551,8695,29,Av. Universitaria 7651,MT,1,2012-01-29 11:12:18,ACTIVO
1010552,8696,15,Calle Universitaria 8210,BT,2,2007-06-11 04:08:27,ACTIVO
1010553,8697,29,Calle Los Pinos 5481,BT,5,2007-12-24 22:09:36,ACTIVO
1010554,8697,29,Calle El Sol 2678,BT,1,2013-06-16 11:03:24,ACTIVO
1010555,8698,9,Av. Los Pinos 4183,BT,6,2000-12-16 21:07:44,ACTIVO
1010556,8699,13,Calle Panamericana 5509,BT,4,2005-10-29 19:24:43,ACTIVO
1010557,8700,38,Av. Panamericana 7938,BT,1,2019-12-11 23:50:14,ACTIVO
1010558,8701,4,Calle Universitaria 9508,BT,6,2011-11-16 06:15:21,SUSPENDIDO
1010559,8702,40,Pasaje El Sol 719,BT,5,2022-08-09 00:00:00,ACTIVO
1010560,8703,5,Jr. Venezuela 9001,BT,1,2018-09-12 00:00:00,ACTIVO
1010561,8704,19,Jr. El Sol 6919,BT,6,2009-06-03 09:28:35,ACTIVO
1010562,8705,38,Calle La Molina 1538,BT,4,2000-04-07 20:06:26,ACTIVO
1010563,8706,26,Jr. Bolívar 4298,BT,1,2007-07-25 13:35:14,ACTIVO
1010564,8706,26,Av. Progreso 7318,BT,8,2001-08-26 10:54:16,ACTIVO
1010565,8706,26,Psje. La Molina 4466,BT,6,2020-11-14 06:44:13,INACTIVO
1010566,8707,12,Jr. La Molina 9616,BT,3,2017-05-12 09:10:25,ACTIVO
1010567,8708,4,Av. Los Pinos 657,BT,3,2020-06-09 14:13:58,ACTIVO
1010568,8709,28,Av. Universitaria 4796,BT,6,2007-02-26 13:57:04,ACTIVO
1010569,8709,28,Psje. La Molina 4829,BT,6,2000-04-28 18:14:19,ACTIVO
1010570,8710,29,Calle El Sol 4694,BT,6,2007-06-07 11:41:12,ACTIVO
1010571,8711,26,Calle El Sol 7596,BT,2,2018-02-19 17:44:52,ACTIVO
1010572,8712,5,Jr. Progreso 4876,BT,2,2017-03-10 17:48:41,ACTIVO
1010573,8713,16,Calle Progreso 5893,BT,4,2017-07-14 09:09:31,ACTIVO
1010574,8714,20,Calle San Martín 7076,BT,4,2020-09-25 23:31:21,ACTIVO
1010575,8715,15,Jr. Universitaria 6087,BT,4,2006-05-08 04:03:00,ACTIVO
1010576,8716,28,Calle Panamericana 7667,BT,5,2015-11-03 07:48:09,ACTIVO
1010577,8717,9,Jr. San Martín 8055,BT,7,2010-07-27 15:22:27,ACTIVO
1010578,8718,7,Calle Los Pinos 8533,BT,7,2000-08-17 04:15:06,ACTIVO
1010579,8718,7,Psje. Panamericana 8707,MT,2,2015-03-08 21:49:37,ACTIVO
1010580,8719,7,Jr. Grau 6276,BT,7,2001-01-29 04:38:34,ACTIVO
1010581,8719,7,Av. La Molina 5216,BT,8,2002-08-03 14:56:19,SUSPENDIDO
1010582,8720,9,Calle Bolívar 826,BT,6,2010-07-17 13:28:53,ACTIVO
1010583,8721,43,Pasaje El Sol 9315,BT,3,2020-03-22 11:34:01,ACTIVO
1010584,8721,43,Jr. Los Pinos 5331,MT,1,2017-11-01 03:50:58,ACTIVO
1010585,8722,13,Pasaje Los Pinos 4924,MT,4,2002-02-06 05:55:06,ACTIVO
1010586,8723,43,Jr. Grau 6168,BT,5,2006-08-01 20:57:56,ACTIVO
1010587,8724,32,Jr. Venezuela 9903,BT,5,2014-01-28 09:33:14,ACTIVO
1010588,8725,17,Av. Universitaria 9453,BT,1,2000-01-05 04:45:49,ACTIVO
1010589,8726,39,Calle Grau 4743,BT,8,2003-10-26 22:11:43,ACTIVO
1010590,8727,19,Pasaje La Molina 7638,BT,2,2013-11-09 01:25:01,ACTIVO
1010591,8728,29,Pasaje Venezuela 1963,BT,7,2020-01-17 22:03:45,ACTIVO
1010592,8729,29,Av. Grau 8021,MT,6,2016-01-27 04:39:35,ACTIVO
1010593,8730,29,Psje. Grau 1042,BT,2,2016-05-06 09:00:47,ACTIVO
1010594,8731,13,Psje. San Martín 8012,BT,3,2012-08-04 09:41:13,ACTIVO
1010595,8732,5,Psje. San Martín 8400,BT,7,2003-04-19 22:21:06,ACTIVO
1010596,8733,26,Calle Progreso 2928,BT,8,2006-06-22 10:53:10,SUSPENDIDO
1010597,8734,26,Pasaje El Sol 2543,BT,6,2016-12-07 05:49:04,ACTIVO
1010598,8734,26,Psje. La Molina 8572,BT,3,2014-02-15 17:59:55,ACTIVO
1010599,8735,43,Av. Venezuela 7901,BT,4,2000-11-19 23:50:42,ACTIVO
1010600,8735,43,Psje. Panamericana 991,BT,4,2009-12-30 00:10:47,ACTIVO
1010601,8735,43,Jr. La Molina 3196,BT,3,2010-10-19 10:53:21,ACTIVO
1010602,8736,30,Pasaje Grau 5099,BT,7,2012-12-13 09:29:56,ACTIVO
1010603,8737,24,Calle La Molina 8275,BT,8,2003-05-17 14:05:20,ACTIVO
1010604,8737,24,Calle Venezuela 6072,BT,1,2017-11-12 06:10:09,ACTIVO
1010605,8737,24,Psje. Grau 8192,BT,2,2016-10-08 19:25:34,ACTIVO
1010606,8738,11,Calle San Martín 3807,BT,3,2010-04-04 19:11:47,ACTIVO
1010607,8739,26,Av. Venezuela 4679,BT,3,2013-01-12 03:56:12,ACTIVO
1010608,8739,26,Av. El Sol 4725,MT,4,2007-06-19 17:28:03,ACTIVO
1010609,8740,29,Jr. Progreso 5020,BT,5,2004-11-26 01:02:33,ACTIVO
1010610,8741,3,Av. El Sol 5722,BT,2,2006-01-27 13:38:27,ACTIVO
1010611,8742,9,Jr. El Sol 5208,BT,1,2001-02-19 09:14:22,ACTIVO
1010612,8743,28,Psje. Progreso 2678,BT,8,2008-04-29 09:38:37,ACTIVO
1010613,8744,43,Calle Bolívar 4963,BT,7,2000-07-08 21:02:30,ACTIVO
1010614,8744,43,Psje. El Sol 9211,BT,7,2012-08-03 21:25:13,ACTIVO
1010615,8744,43,Av. Universitaria 4621,MT,7,2019-12-17 02:15:51,ACTIVO
1010616,8745,39,Psje. Progreso 1218,BT,1,2005-11-08 12:30:14,ACTIVO
1010617,8746,28,Jr. Progreso 6613,BT,4,2009-07-08 08:07:58,ACTIVO
1010618,8747,7,Calle La Molina 7629,BT,6,2011-01-31 06:16:33,ACTIVO
1010619,8748,3,Av. Progreso 847,BT,3,2012-10-25 17:19:04,ACTIVO
1010620,8749,7,Calle San Martín 1698,BT,6,2006-06-10 14:28:56,ACTIVO
1010621,8750,4,Av. Bolívar 9961,BT,1,2007-04-05 09:18:24,ACTIVO
1010622,8751,7,Calle La Molina 1356,BT,8,2003-02-04 14:16:47,ACTIVO
1010623,8752,13,Jr. Bolívar 506,BT,7,2008-06-19 20:19:30,ACTIVO
1010624,8753,27,Pasaje Venezuela 3245,BT,3,2018-11-16 19:32:46,ACTIVO
1010625,8754,26,Jr. Los Pinos 669,BT,2,2011-03-22 19:28:39,ACTIVO
1010626,8754,26,Av. Universitaria 4267,BT,8,2009-07-11 11:10:57,ACTIVO
1010627,8755,26,Calle Bolívar 4642,BT,3,2009-08-26 07:54:52,ACTIVO
1010628,8756,3,Jr. Grau 5210,BT,1,2006-07-05 16:45:08,ACTIVO
1010629,8756,3,Psje. Los Pinos 4487,BT,5,2005-05-11 10:15:28,ACTIVO
1010630,8757,30,Calle Panamericana 1086,BT,8,2020-04-20 21:27:47,ACTIVO
1010631,8758,1,Jr. Universitaria 2570,BT,2,2016-05-27 09:08:20,ACTIVO
1010632,8759,29,Pasaje Universitaria 2037,BT,3,2001-04-22 23:07:09,ACTIVO
1010633,8760,7,Psje. Grau 6677,BT,7,2011-12-15 18:30:49,ACTIVO
1010634,8761,21,Psje. El Sol 6309,BT,8,2014-11-26 00:01:32,ACTIVO
1010635,8762,38,Calle Panamericana 6301,BT,3,2013-05-08 11:20:56,ACTIVO
1010636,8762,38,Psje. Bolívar 420,BT,2,2023-07-15 00:00:00,ACTIVO
1010637,8763,9,Psje. Venezuela 9668,BT,4,2002-11-30 19:15:20,ACTIVO
1010638,8763,9,Psje. La Molina 9974,BT,6,2008-07-08 11:46:01,ACTIVO
1010639,8764,15,Psje. Progreso 9221,BT,8,2024-03-10 00:00:00,ACTIVO
1010640,8765,30,Psje. Venezuela 3037,BT,2,2013-03-21 17:27:15,INACTIVO
1010641,8766,23,Pasaje La Molina 2140,BT,3,2004-05-07 06:25:20,ACTIVO
1010642,8767,13,Jr. Universitaria 9168,BT,7,2001-09-25 09:36:08,ACTIVO
1010643,8768,3,Jr. Venezuela 673,BT,8,2008-11-23 06:13:24,ACTIVO
1010644,8769,25,Jr. Los Pinos 7626,BT,2,2000-01-15 01:28:10,ACTIVO
1010645,8769,25,Av. Universitaria 3713,BT,8,2012-02-03 17:57:13,ACTIVO
1010646,8770,3,Calle San Martín 425,BT,3,2006-06-09 09:34:37,ACTIVO
1010647,8770,3,Jr. Bolívar 7240,BT,7,2006-04-23 13:09:53,ACTIVO
1010648,8771,15,Pasaje Bolívar 554,BT,7,2001-04-21 04:29:21,ACTIVO
1010649,8772,19,Calle Venezuela 6654,BT,2,2010-09-12 14:06:53,ACTIVO
1010650,8772,19,Jr. Universitaria 1378,BT,2,2016-03-05 09:53:34,ACTIVO
1010651,8773,15,Jr. La Molina 4687,BT,8,2002-05-31 07:09:43,ACTIVO
1010652,8774,4,Jr. La Molina 2616,BT,2,2011-03-04 19:23:43,ACTIVO
1010653,8775,4,Psje. Venezuela 8901,BT,5,2020-04-15 03:37:52,ACTIVO
1010654,8776,3,Psje. Grau 7269,BT,7,2016-11-18 17:02:40,ACTIVO
1010655,8777,35,Psje. Bolívar 2729,BT,1,2005-06-23 15:02:24,ACTIVO
1010656,8778,9,Pasaje Bolívar 5918,BT,8,2007-05-20 11:03:31,ACTIVO
1010657,8778,9,Psje. La Molina 5808,BT,4,2001-09-10 11:35:35,ACTIVO
1010658,8779,15,Jr. Panamericana 2038,BT,4,2006-03-25 01:00:20,ACTIVO
1010659,8780,23,Jr. Bolívar 5816,BT,4,2016-02-27 06:45:31,ACTIVO
1010660,8781,38,Jr. La Molina 7656,BT,4,2010-05-15 05:23:40,ACTIVO
1010661,8782,29,Av. Universitaria 8280,BT,4,2002-01-10 09:27:48,ACTIVO
1010662,8782,29,Jr. Grau 4231,BT,6,2009-06-04 14:28:34,ACTIVO
1010663,8782,29,Psje. El Sol 5908,BT,8,2004-08-22 07:13:32,ACTIVO
1010664,8783,2,Psje. Progreso 8548,BT,1,2020-06-24 19:42:18,ACTIVO
1010665,8784,15,Pasaje Los Pinos 1564,BT,8,2018-08-06 13:55:32,ACTIVO
1010666,8785,29,Av. Panamericana 8684,BT,2,2016-03-11 23:33:53,ACTIVO
1010667,8786,28,Av. San Martín 3074,BT,2,2014-05-21 18:25:18,ACTIVO
1010668,8786,28,Pasaje Grau 7967,BT,4,2012-10-14 14:31:42,ACTIVO
1010669,8787,9,Pasaje Los Pinos 1204,BT,8,2010-06-04 21:59:19,ACTIVO
1010670,8788,39,Pasaje San Martín 8047,BT,6,2009-09-07 08:11:51,ACTIVO
1010671,8789,29,Av. Bolívar 4385,BT,3,2001-09-08 21:54:19,ACTIVO
1010672,8790,29,Pasaje Panamericana 3276,BT,1,2008-12-15 11:40:27,ACTIVO
1010673,8791,12,Av. Los Pinos 5423,BT,8,2011-09-25 19:18:21,ACTIVO
1010674,8792,40,Calle Venezuela 2538,BT,8,2017-09-03 06:20:20,ACTIVO
1010675,8793,4,Psje. Progreso 9167,BT,6,2019-12-23 13:09:15,ACTIVO
1010676,8794,9,Calle Bolívar 571,BT,3,2008-07-26 13:33:12,ACTIVO
1010677,8795,14,Pasaje Venezuela 8420,BT,1,2004-03-20 19:39:24,ACTIVO
1010678,8796,28,Jr. Universitaria 2510,BT,8,2014-12-07 14:15:11,ACTIVO
1010679,8796,28,Jr. Venezuela 7212,BT,3,2009-01-28 10:04:15,ACTIVO
1010680,8797,30,Calle La Molina 4684,BT,8,2017-12-21 04:02:12,ACTIVO
1010681,8797,30,Calle San Martín 580,BT,7,2013-09-19 10:53:15,ACTIVO
1010682,8798,15,Pasaje El Sol 8586,BT,5,2003-09-01 11:49:54,ACTIVO
1010683,8798,15,Psje. San Martín 391,BT,1,2017-02-11 01:12:57,ACTIVO
1010684,8799,38,Av. San Martín 7209,BT,3,2009-09-03 20:57:23,ACTIVO
1010685,8800,5,Psje. Universitaria 2386,BT,3,2011-08-24 11:02:05,ACTIVO
1010686,8801,29,Av. Progreso 3068,BT,5,2002-12-18 12:52:25,ACTIVO
1010687,8802,19,Jr. Los Pinos 1698,BT,1,2017-02-03 01:44:31,ACTIVO
1010688,8803,3,Pasaje Panamericana 2764,BT,3,2011-12-29 21:09:22,ACTIVO
1010689,8804,30,Jr. Progreso 8245,BT,4,2019-08-26 08:38:14,ACTIVO
1010690,8804,30,Jr. Universitaria 4890,BT,8,2008-02-06 18:18:07,ACTIVO
1010691,8805,23,Av. Panamericana 9495,BT,8,2016-01-02 03:31:45,ACTIVO
1010692,8806,4,Jr. La Molina 4343,BT,5,2015-05-29 17:34:38,ACTIVO
1010693,8807,1,Pasaje San Martín 7165,BT,3,2018-05-02 03:01:36,ACTIVO
1010694,8808,17,Jr. Progreso 4771,BT,5,2004-06-17 16:03:37,ACTIVO
1010695,8809,23,Pasaje Bolívar 2040,BT,6,2016-08-14 11:52:02,ACTIVO
1010696,8809,23,Jr. Panamericana 5080,BT,1,2007-07-19 17:27:32,ACTIVO
1010697,8809,23,Pasaje Venezuela 9095,MT,7,2020-03-15 21:50:26,ACTIVO
1010698,8810,38,Jr. Los Pinos 2848,BT,7,2015-08-07 15:14:56,ACTIVO
1010699,8810,38,Av. San Martín 5044,BT,4,2004-01-21 06:48:00,ACTIVO
1010700,8811,28,Pasaje Los Pinos 399,BT,4,2011-03-22 20:44:14,ACTIVO
1010701,8811,28,Pasaje El Sol 2281,BT,5,2014-10-17 01:54:19,ACTIVO
1010702,8811,28,Av. Bolívar 6835,BT,1,2016-03-22 02:48:01,ACTIVO
1010703,8812,13,Calle Panamericana 5847,BT,2,2018-12-18 13:44:57,ACTIVO
1010704,8813,32,Pasaje Bolívar 3251,BT,5,2009-06-08 16:57:08,ACTIVO
1010705,8814,20,Jr. Progreso 2955,BT,4,2004-10-19 11:26:05,ACTIVO
1010706,8815,9,Psje. El Sol 4725,BT,1,2002-10-10 14:40:55,ACTIVO
1010707,8815,9,Jr. La Molina 1588,BT,6,2012-05-28 00:43:22,ACTIVO
1010708,8816,6,Pasaje San Martín 6785,BT,7,2002-02-11 05:48:23,ACTIVO
1010709,8817,15,Pasaje El Sol 6518,BT,5,2001-09-12 00:21:20,ACTIVO
1010710,8817,15,Psje. Panamericana 5758,BT,4,2000-02-02 09:41:48,ACTIVO
1010711,8818,11,Pasaje Panamericana 3318,BT,4,2009-04-22 19:04:18,ACTIVO
1010712,8819,39,Psje. Los Pinos 2899,BT,6,2013-07-02 04:10:55,ACTIVO
1010713,8820,15,Calle El Sol 4999,BT,2,2022-06-19 00:00:00,ACTIVO
1010714,8820,15,Av. El Sol 9405,BT,8,2017-05-14 04:17:11,ACTIVO
1010715,8821,8,Av. Universitaria 1980,BT,6,2008-04-02 12:31:45,ACTIVO
1010716,8821,8,Jr. San Martín 5617,BT,5,2019-06-01 02:41:18,ACTIVO
1010717,8822,4,Pasaje La Molina 8127,BT,6,2009-01-07 23:19:39,ACTIVO
1010718,8823,9,Pasaje San Martín 396,BT,8,2003-03-10 18:22:42,ACTIVO
1010719,8823,9,Calle Grau 4923,MT,5,2013-11-07 16:30:59,ACTIVO
1010720,8824,16,Jr. La Molina 7094,BT,3,2010-10-29 11:53:57,ACTIVO
1010721,8825,9,Jr. Venezuela 7381,BT,4,2007-04-16 03:47:08,ACTIVO
1010722,8826,3,Pasaje Universitaria 3623,BT,6,2001-07-06 18:20:15,ACTIVO
1010723,8826,3,Psje. Progreso 2300,BT,2,2015-10-25 16:18:46,ACTIVO
1010724,8827,6,Calle Venezuela 8332,BT,3,2011-03-19 17:39:25,ACTIVO
1010725,8827,6,Av. Los Pinos 9363,BT,3,2007-09-09 09:11:45,ACTIVO
1010726,8828,18,Av. San Martín 428,BT,2,2004-08-28 23:56:45,ACTIVO
1010727,8829,32,Jr. Panamericana 4922,BT,7,2011-04-02 09:45:48,ACTIVO
1010728,8829,32,Psje. Bolívar 1306,BT,3,2007-03-05 15:53:29,ACTIVO
1010729,8830,11,Jr. Venezuela 7711,BT,8,2020-01-01 11:12:25,ACTIVO
1010730,8831,1,Pasaje Universitaria 2990,BT,7,2020-10-23 07:53:38,ACTIVO
1010731,8832,38,Av. Los Pinos 9291,BT,6,2018-03-16 01:14:18,ACTIVO
1010732,8833,38,Psje. Progreso 8235,BT,6,2017-05-20 13:37:57,ACTIVO
1010733,8833,38,Calle Los Pinos 4674,BT,7,2015-08-16 15:51:44,ACTIVO
1010734,8833,38,Pasaje San Martín 4547,BT,7,2002-04-02 06:21:43,ACTIVO
1010735,8834,13,Av. Grau 856,BT,7,2014-01-01 18:33:13,ACTIVO
1010736,8835,3,Av. Progreso 1199,BT,1,2002-08-29 06:28:41,ACTIVO
1010737,8835,3,Pasaje San Martín 3661,BT,4,2002-09-30 17:16:03,ACTIVO
1010738,8836,28,Jr. Venezuela 5383,BT,6,2007-05-01 20:24:47,ACTIVO
1010739,8837,35,Av. San Martín 7273,BT,3,2022-07-05 00:00:00,ACTIVO
1010740,8838,36,Pasaje El Sol 1750,BT,5,2019-06-21 13:04:54,ACTIVO
1010741,8839,41,Pasaje Grau 6017,BT,2,2005-07-28 06:06:42,ACTIVO
1010742,8840,28,Calle La Molina 7804,BT,6,2017-04-23 03:06:07,ACTIVO
1010743,8841,17,Psje. San Martín 4560,BT,5,2002-03-15 17:14:39,ACTIVO
1010744,8842,19,Jr. Los Pinos 6153,BT,5,2017-05-04 03:03:37,ACTIVO
1010745,8843,28,Psje. Progreso 1880,BT,2,2004-02-10 02:18:46,ACTIVO
1010746,8844,29,Pasaje San Martín 3252,BT,6,2004-02-26 23:57:47,ACTIVO
1010747,8845,19,Av. Los Pinos 256,BT,5,2006-01-30 10:47:50,ACTIVO
1010748,8846,15,Psje. Panamericana 7974,BT,8,2000-03-29 16:07:44,ACTIVO
1010749,8847,7,Av. Venezuela 9919,BT,1,2007-08-17 18:49:21,ACTIVO
1010750,8848,9,Calle Grau 5695,BT,2,2019-09-04 09:57:49,ACTIVO
1010751,8849,38,Av. Progreso 1482,BT,4,2012-04-08 13:53:56,ACTIVO
1010752,8850,13,Psje. El Sol 5124,BT,4,2001-04-11 00:21:15,ACTIVO
1010753,8851,7,Av. Grau 7525,BT,1,2013-07-19 22:17:26,ACTIVO
1010754,8852,43,Calle El Sol 767,BT,4,2020-05-17 06:42:46,ACTIVO
1010755,8853,40,Psje. San Martín 6387,BT,8,2005-02-20 06:47:49,ACTIVO
1010756,8854,43,Jr. El Sol 4830,BT,6,2013-12-04 09:54:40,ACTIVO
1010757,8855,30,Pasaje Panamericana 8723,BT,6,2011-11-02 23:45:27,ACTIVO
1010758,8856,9,Calle Venezuela 7123,BT,5,2011-05-10 11:06:19,ACTIVO
1010759,8857,9,Av. Los Pinos 6272,BT,6,2017-10-16 15:28:32,ACTIVO
1010760,8858,9,Pasaje San Martín 736,BT,6,2010-09-14 11:35:17,ACTIVO
1010761,8859,5,Jr. El Sol 1819,BT,3,2000-02-06 03:39:34,ACTIVO
1010762,8860,40,Jr. Grau 5865,BT,5,2002-01-10 15:49:43,ACTIVO
1010763,8861,17,Psje. El Sol 5919,MT,7,2006-11-04 16:04:52,ACTIVO
1010764,8862,15,Jr. Progreso 3152,BT,8,2013-04-22 11:59:21,ACTIVO
1010765,8863,15,Pasaje Venezuela 1121,BT,4,2010-10-17 01:30:21,ACTIVO
1010766,8864,15,Psje. Bolívar 8111,BT,6,2019-09-11 13:01:50,ACTIVO
1010767,8865,43,Calle Bolívar 8481,BT,5,2018-06-20 09:10:27,ACTIVO
1010768,8866,43,Pasaje La Molina 7398,BT,8,2004-07-14 21:11:35,ACTIVO
1010769,8867,13,Jr. El Sol 4915,BT,4,2012-01-31 12:48:13,ACTIVO
1010770,8868,9,Pasaje Bolívar 5132,BT,7,2010-07-09 17:07:58,ACTIVO
1010771,8868,9,Pasaje Universitaria 774,BT,3,2009-10-11 16:38:42,ACTIVO
1010772,8869,38,Psje. Progreso 356,BT,3,2000-02-19 06:29:50,ACTIVO
1010773,8870,43,Calle Grau 9300,BT,7,2015-02-04 08:01:43,ACTIVO
1010774,8870,43,Pasaje Bolívar 3108,BT,8,2019-08-31 10:04:06,ACTIVO
1010775,8870,43,Calle Venezuela 642,BT,4,2016-06-30 19:55:21,ACTIVO
1010776,8871,3,Pasaje San Martín 2824,BT,4,2017-10-17 18:13:54,ACTIVO
1010777,8872,5,Pasaje Los Pinos 7306,BT,3,2019-12-05 07:18:12,ACTIVO
1010778,8873,15,Jr. Venezuela 6342,BT,6,2018-03-29 14:38:24,ACTIVO
1010779,8874,38,Pasaje El Sol 9950,BT,4,2013-05-25 19:44:50,SUSPENDIDO
1010780,8875,7,Calle Venezuela 4597,BT,2,2004-11-24 21:58:08,ACTIVO
1010781,8876,9,Jr. San Martín 6725,BT,2,2003-08-16 02:30:30,ACTIVO
1010782,8876,9,Calle Venezuela 301,BT,3,2011-01-02 21:50:32,ACTIVO
1010783,8877,36,Calle Grau 1244,BT,3,2020-05-12 20:46:15,ACTIVO
1010784,8877,36,Jr. Venezuela 1807,BT,6,2010-08-04 19:56:29,ACTIVO
1010785,8878,16,Av. Universitaria 4329,BT,8,2017-08-28 23:54:11,ACTIVO
1010786,8879,38,Av. Progreso 7575,BT,8,2009-06-10 00:47:51,ACTIVO
1010787,8880,43,Psje. Los Pinos 9645,BT,8,2012-10-08 01:47:14,ACTIVO
1010788,8881,25,Jr. El Sol 2607,BT,4,2002-01-05 03:09:50,ACTIVO
1010789,8882,43,Av. Panamericana 8909,BT,2,2012-11-09 22:39:14,ACTIVO
1010790,8883,7,Av. Los Pinos 9150,BT,6,2013-05-20 05:30:59,ACTIVO
1010791,8884,4,Pasaje El Sol 6194,BT,8,2013-09-21 09:56:44,ACTIVO
1010792,8884,4,Calle El Sol 2782,BT,4,2017-12-09 00:29:24,ACTIVO
1010793,8885,28,Jr. Progreso 3865,BT,5,2010-10-19 08:31:49,ACTIVO
1010794,8886,10,Psje. La Molina 9915,BT,1,2000-10-30 09:53:09,ACTIVO
1010795,8887,13,Av. Progreso 5615,BT,5,2010-04-21 22:42:37,ACTIVO
1010796,8888,25,Pasaje Venezuela 137,BT,1,2011-04-30 20:14:47,ACTIVO
1010797,8889,30,Pasaje San Martín 3754,BT,7,2019-09-24 02:23:42,ACTIVO
1010798,8890,10,Jr. El Sol 7107,BT,3,2005-02-24 23:19:19,ACTIVO
1010799,8890,10,Pasaje La Molina 7573,BT,1,2010-07-14 17:18:29,ACTIVO
1010800,8891,38,Av. Los Pinos 7415,BT,6,2005-01-31 18:52:30,ACTIVO
1010801,8892,39,Psje. Progreso 1738,BT,7,2005-11-06 09:40:17,ACTIVO
1010802,8893,7,Jr. Grau 3641,BT,5,2000-06-16 07:37:28,ACTIVO
1010803,8894,8,Pasaje El Sol 5795,MT,4,2000-12-02 19:34:47,ACTIVO
1010804,8895,13,Av. Progreso 338,BT,6,2000-11-07 12:05:27,ACTIVO
1010805,8895,13,Jr. La Molina 9098,BT,4,2012-03-31 13:28:37,ACTIVO
1010806,8896,7,Av. Universitaria 7379,BT,2,2019-10-07 03:02:52,ACTIVO
1010807,8896,7,Av. San Martín 5038,BT,8,2000-01-01 17:26:08,ACTIVO
1010808,8897,15,Jr. Panamericana 3336,BT,3,2013-02-23 07:26:01,ACTIVO
1010809,8897,15,Pasaje Bolívar 7912,BT,2,2014-10-27 09:06:22,ACTIVO
1010810,8898,30,Calle Los Pinos 4443,BT,7,2010-10-14 20:24:52,ACTIVO
1010811,8898,30,Psje. San Martín 8987,BT,7,2012-12-02 09:35:12,INACTIVO
1010812,8899,15,Calle Bolívar 4185,BT,1,2001-05-28 18:07:45,ACTIVO
1010813,8900,9,Av. Panamericana 3162,BT,1,2001-12-11 16:12:05,ACTIVO
1010814,8901,9,Pasaje Progreso 7081,BT,6,2020-04-28 02:28:28,ACTIVO
1010815,8902,36,Psje. Panamericana 9126,BT,2,2009-12-07 22:29:32,ACTIVO
1010816,8903,40,Calle La Molina 7688,BT,8,2010-11-05 02:21:11,ACTIVO
1010817,8903,40,Av. Grau 474,BT,2,2000-10-30 02:36:33,ACTIVO
1010818,8904,40,Av. Venezuela 5793,BT,8,2015-09-02 07:46:36,ACTIVO
1010819,8905,17,Av. Universitaria 382,BT,2,2013-10-14 16:05:50,ACTIVO
1010820,8906,43,Jr. Panamericana 6070,BT,6,2008-11-23 20:47:16,ACTIVO
1010821,8907,39,Pasaje Grau 8945,BT,8,2019-01-01 11:38:29,ACTIVO
1010822,8908,12,Calle El Sol 7404,BT,1,2017-11-04 22:48:25,ACTIVO
1010823,8909,26,Calle El Sol 5587,BT,6,2007-10-26 23:55:29,ACTIVO
1010824,8910,19,Pasaje El Sol 1551,BT,6,2016-03-26 16:51:37,ACTIVO
1010825,8911,39,Psje. Los Pinos 3519,BT,4,2024-06-29 00:00:00,ACTIVO
1010826,8912,15,Av. La Molina 5480,BT,1,2019-11-27 18:45:47,ACTIVO
1010827,8913,33,Psje. El Sol 8358,BT,5,2018-01-28 01:09:49,ACTIVO
1010828,8914,36,Av. Los Pinos 5151,BT,5,2017-03-14 15:47:28,ACTIVO
1010829,8915,15,Av. Universitaria 6156,BT,1,2020-11-26 15:51:55,ACTIVO
1010830,8916,40,Psje. Grau 2460,BT,6,2020-07-16 23:09:56,ACTIVO
1010831,8917,31,Calle Venezuela 5107,BT,6,2014-03-09 10:37:18,ACTIVO
1010832,8917,31,Calle Venezuela 3109,BT,6,2006-10-27 23:37:17,ACTIVO
1010833,8918,4,Pasaje La Molina 9322,BT,8,2007-03-29 18:25:18,ACTIVO
1010834,8919,26,Pasaje Universitaria 3341,BT,7,2006-01-15 03:41:13,ACTIVO
1010835,8920,14,Calle San Martín 7252,BT,5,2017-04-12 07:35:01,ACTIVO
1010836,8921,38,Av. Grau 450,BT,2,2018-04-23 07:06:57,ACTIVO
1010837,8922,25,Jr. El Sol 8429,BT,4,2013-02-16 01:13:23,ACTIVO
1010838,8922,25,Av. Los Pinos 354,BT,2,2007-10-16 16:17:47,ACTIVO
1010839,8923,39,Jr. Venezuela 1875,BT,7,2011-07-08 11:49:24,ACTIVO
1010840,8924,30,Pasaje San Martín 6412,BT,4,2001-08-12 07:43:57,ACTIVO
1010841,8925,15,Pasaje La Molina 115,BT,4,2011-02-06 09:13:06,ACTIVO
1010842,8926,3,Av. Grau 1045,BT,7,2001-01-31 03:31:01,ACTIVO
1010843,8927,7,Calle El Sol 6905,BT,4,2012-12-22 09:18:22,INACTIVO
1010844,8928,5,Calle Bolívar 7507,BT,8,2006-06-08 16:04:03,ACTIVO
1010845,8928,5,Psje. Panamericana 183,BT,3,2011-05-30 08:04:55,ACTIVO
1010846,8929,38,Jr. Panamericana 7268,BT,8,2008-04-18 08:18:15,ACTIVO
1010847,8930,40,Psje. Venezuela 8246,BT,1,2016-01-08 15:41:28,ACTIVO
1010848,8930,40,Calle Bolívar 8426,BT,5,2001-03-27 04:36:59,ACTIVO
1010849,8931,9,Av. Los Pinos 4650,BT,8,2006-08-08 11:12:56,ACTIVO
1010850,8932,9,Calle Los Pinos 9523,BT,3,2005-01-25 04:25:21,ACTIVO
1010851,8933,13,Av. Bolívar 6897,BT,8,2013-11-29 10:01:53,ACTIVO
1010852,8934,3,Av. Universitaria 232,BT,1,2014-07-12 02:01:06,ACTIVO
1010853,8935,28,Jr. San Martín 4505,BT,4,2019-06-01 15:17:58,ACTIVO
1010854,8936,37,Calle San Martín 8497,BT,8,2011-03-30 21:03:48,ACTIVO
1010855,8937,30,Psje. Los Pinos 2418,BT,7,2012-07-31 01:08:57,ACTIVO
1010856,8937,30,Pasaje Bolívar 9755,BT,3,2018-08-10 00:48:40,ACTIVO
1010857,8938,15,Av. Bolívar 9084,BT,7,2016-07-22 03:47:24,ACTIVO
1010858,8939,13,Jr. Bolívar 4918,BT,2,2013-10-13 10:06:56,ACTIVO
1010859,8940,7,Pasaje Grau 1315,BT,6,2017-07-31 02:00:43,ACTIVO
1010860,8940,7,Pasaje San Martín 6665,BT,7,2002-01-06 23:48:54,ACTIVO
1010861,8941,9,Jr. Panamericana 6182,BT,2,2020-01-16 19:56:03,ACTIVO
1010862,8942,4,Pasaje Bolívar 3946,BT,3,2000-02-21 18:40:44,ACTIVO
1010863,8943,28,Psje. Panamericana 3235,BT,6,2000-03-04 01:54:42,ACTIVO
1010864,8944,43,Av. La Molina 5388,BT,6,2008-05-31 19:53:38,ACTIVO
1010865,8945,3,Jr. Progreso 504,BT,4,2019-04-11 21:51:33,ACTIVO
1010866,8946,3,Pasaje El Sol 765,BT,5,2019-06-28 09:19:18,ACTIVO
1010867,8946,3,Calle Universitaria 3761,BT,7,2009-03-14 14:59:20,ACTIVO
1010868,8946,3,Calle La Molina 6819,BT,4,2016-05-22 06:30:22,ACTIVO
1010869,8947,28,Av. Progreso 9773,BT,5,2004-02-28 02:56:03,ACTIVO
1010870,8948,4,Av. Universitaria 6216,BT,2,2009-03-24 16:24:37,ACTIVO
1010871,8949,28,Calle Universitaria 4922,BT,8,2008-10-09 11:32:27,ACTIVO
1010872,8950,36,Pasaje Los Pinos 6927,BT,4,2019-09-22 01:47:33,ACTIVO
1010873,8951,3,Jr. La Molina 3101,BT,5,2009-12-04 21:30:30,ACTIVO
1010874,8952,30,Av. Universitaria 8939,BT,3,2011-05-13 06:22:45,ACTIVO
1010875,8952,30,Psje. Los Pinos 5259,BT,3,2011-12-09 07:18:35,ACTIVO
1010876,8953,20,Jr. Los Pinos 740,BT,2,2014-12-30 17:08:43,ACTIVO
1010877,8954,4,Psje. Venezuela 1003,BT,5,2014-04-13 07:04:12,ACTIVO
1010878,8955,5,Av. Grau 1854,BT,1,2005-07-31 11:25:00,ACTIVO
1010879,8955,5,Pasaje Universitaria 4936,BT,4,2010-07-08 10:39:14,ACTIVO
1010880,8956,7,Calle Venezuela 6723,BT,5,2018-07-08 13:17:38,ACTIVO
1010881,8957,4,Jr. Universitaria 5080,BT,5,2015-02-05 10:00:01,ACTIVO
1010882,8958,28,Pasaje Progreso 6124,MT,3,2016-02-28 13:26:27,ACTIVO
1010883,8958,28,Psje. San Martín 3060,BT,7,2013-12-21 16:24:22,ACTIVO
1010884,8959,28,Jr. La Molina 6410,BT,5,2007-09-25 07:43:15,ACTIVO
1010885,8959,28,Jr. Los Pinos 6214,BT,7,2005-06-27 10:47:03,ACTIVO
1010886,8960,30,Pasaje Universitaria 126,BT,7,2014-08-26 04:33:34,ACTIVO
1010887,8961,38,Calle San Martín 4266,BT,2,2012-10-26 00:08:33,ACTIVO
1010888,8962,4,Calle La Molina 1035,BT,2,2007-03-14 11:46:09,ACTIVO
1010889,8963,26,Av. Grau 7012,BT,1,2001-05-08 16:10:21,ACTIVO
1010890,8964,9,Calle Bolívar 2085,BT,3,2016-07-31 11:08:06,ACTIVO
1010891,8964,9,Av. San Martín 148,BT,6,2024-09-20 00:00:00,ACTIVO
1010892,8965,9,Pasaje Panamericana 6837,BT,6,2015-07-20 07:18:11,ACTIVO
1010893,8965,9,Calle San Martín 9051,BT,5,2001-05-31 10:17:51,ACTIVO
1010894,8966,40,Av. Progreso 1627,BT,7,2009-05-27 04:43:00,ACTIVO
1010895,8967,15,Av. Venezuela 6753,BT,5,2009-01-03 22:36:12,ACTIVO
1010896,8968,30,Jr. Bolívar 8284,BT,8,2006-07-13 17:27:26,ACTIVO
1010897,8969,13,Pasaje Venezuela 4403,BT,4,2005-06-23 15:14:14,SUSPENDIDO
1010898,8970,29,Calle Venezuela 5406,BT,5,2008-01-03 11:29:27,INACTIVO
1010899,8971,10,Av. Universitaria 6817,BT,1,2004-11-01 17:02:16,ACTIVO
1010900,8972,30,Pasaje Venezuela 7661,BT,1,2011-09-24 21:20:51,ACTIVO
1010901,8973,5,Av. El Sol 3079,BT,8,2004-03-16 19:34:49,ACTIVO
1010902,8974,25,Av. Bolívar 8763,BT,4,2002-09-28 02:04:09,ACTIVO
1010903,8975,39,Calle Venezuela 4171,BT,6,2021-04-17 00:00:00,SUSPENDIDO
1010904,8976,15,Av. San Martín 2448,BT,6,2018-11-07 03:09:04,ACTIVO
1010905,8977,3,Psje. Universitaria 2745,BT,8,2020-02-20 03:50:37,ACTIVO
1010906,8977,3,Psje. Universitaria 1008,BT,3,2019-09-28 05:51:12,ACTIVO
1010907,8978,7,Calle Universitaria 8349,BT,3,2007-04-27 18:56:33,ACTIVO
1010908,8979,33,Jr. Panamericana 1722,BT,7,2019-09-19 08:23:38,ACTIVO
1010909,8979,33,Psje. Los Pinos 5489,BT,3,2011-03-06 00:26:56,ACTIVO
1010910,8980,3,Psje. Grau 9745,BT,3,2005-03-28 04:10:13,ACTIVO
1010911,8981,5,Jr. Bolívar 1117,BT,5,2018-03-25 04:21:28,ACTIVO
1010912,8982,4,Av. Progreso 2400,BT,4,2005-05-12 11:06:28,ACTIVO
1010913,8983,1,Psje. Universitaria 6372,BT,3,2008-08-19 13:20:15,ACTIVO
1010914,8984,7,Jr. El Sol 369,BT,6,2007-11-22 20:01:13,ACTIVO
1010915,8985,5,Av. San Martín 2323,BT,6,2019-11-26 18:08:06,ACTIVO
1010916,8986,41,Calle Progreso 4658,BT,4,2008-06-26 19:16:21,ACTIVO
1010917,8987,15,Av. Venezuela 3711,BT,8,2007-02-04 16:36:00,ACTIVO
1010918,8988,43,Av. El Sol 7249,BT,7,2000-02-19 17:22:44,ACTIVO
1010919,8989,15,Pasaje Progreso 7886,BT,4,2015-05-02 19:20:54,ACTIVO
1010920,8990,30,Pasaje Venezuela 9166,BT,6,2014-06-13 14:49:23,ACTIVO
1010921,8990,30,Calle Venezuela 8608,BT,8,2017-07-09 01:20:24,ACTIVO
1010922,8991,38,Calle Venezuela 3614,BT,3,2006-06-19 14:40:08,ACTIVO
1010923,8992,5,Pasaje Progreso 9210,BT,5,2020-03-12 22:13:59,ACTIVO
1010924,8992,5,Av. Progreso 173,BT,3,2002-08-23 12:08:40,ACTIVO
1010925,8993,15,Psje. Bolívar 9975,BT,4,2010-02-16 14:05:42,ACTIVO
1010926,8994,15,Calle Panamericana 9514,BT,4,2013-11-24 12:54:08,ACTIVO
1010927,8995,3,Calle Los Pinos 8101,BT,3,2017-02-15 17:52:26,ACTIVO
1010928,8996,3,Av. Bolívar 6986,BT,2,2016-02-03 15:12:13,ACTIVO
1010929,8996,3,Psje. Universitaria 2340,BT,1,2014-09-16 21:56:44,ACTIVO
1010930,8997,28,Av. San Martín 9410,BT,7,2018-02-06 18:47:52,ACTIVO
1010931,8997,28,Psje. Los Pinos 595,BT,3,2002-09-13 03:05:01,ACTIVO
1010932,8997,28,Psje. La Molina 3129,BT,6,2005-12-22 04:17:45,ACTIVO
1010933,8998,38,Jr. San Martín 4903,BT,2,2007-10-01 12:25:34,ACTIVO
1010934,8999,38,Psje. El Sol 5394,BT,6,2016-03-22 00:36:55,ACTIVO
1010935,9000,8,Av. Los Pinos 6701,BT,6,2009-07-04 06:29:23,ACTIVO
1010936,9001,28,Av. El Sol 5401,BT,7,2017-12-13 02:49:49,ACTIVO
1010937,9002,4,Pasaje Panamericana 1423,BT,3,2002-02-19 13:13:53,ACTIVO
1010938,9003,39,Jr. Grau 1938,BT,8,2020-08-01 15:17:03,ACTIVO
1010939,9004,3,Jr. Grau 3135,BT,8,2009-05-19 13:43:16,ACTIVO
1010940,9005,40,Pasaje El Sol 7000,BT,7,2006-11-07 07:14:16,ACTIVO
1010941,9006,43,Av. San Martín 8819,BT,8,2012-10-04 08:00:33,ACTIVO
1010942,9007,22,Psje. Bolívar 921,BT,8,2007-07-08 03:16:54,ACTIVO
1010943,9008,28,Psje. Panamericana 3914,BT,7,2004-07-17 16:36:47,ACTIVO
1010944,9009,40,Calle La Molina 9905,BT,1,2002-03-07 02:27:39,ACTIVO
1010945,9010,30,Av. El Sol 4858,BT,6,2011-04-06 09:09:11,ACTIVO
1010946,9010,30,Psje. Universitaria 8472,BT,1,2002-08-18 09:30:24,ACTIVO
1010947,9011,30,Calle La Molina 9136,BT,6,2007-07-31 03:02:38,ACTIVO
1010948,9012,5,Av. San Martín 5363,BT,2,2019-05-15 18:48:17,ACTIVO
1010949,9013,12,Av. Universitaria 7940,BT,2,2010-11-05 20:29:21,ACTIVO
1010950,9014,38,Psje. Bolívar 2774,BT,7,2000-06-01 23:23:03,ACTIVO
1010951,9015,7,Jr. Los Pinos 8464,BT,5,2002-11-16 17:03:08,ACTIVO
1010952,9016,3,Psje. Universitaria 4235,BT,1,2001-03-13 22:28:17,ACTIVO
1010953,9017,9,Psje. San Martín 2610,BT,8,2003-10-09 23:59:12,ACTIVO
1010954,9018,9,Calle El Sol 2887,BT,5,2016-08-13 11:10:03,ACTIVO
1010955,9019,40,Av. Progreso 6310,BT,6,2010-08-08 00:47:38,ACTIVO
1010956,9020,3,Psje. Grau 7671,BT,5,2013-01-08 22:50:22,ACTIVO
1010957,9021,13,Calle San Martín 144,BT,7,2006-10-25 13:35:05,ACTIVO
1010958,9021,13,Pasaje La Molina 8515,BT,6,2015-01-01 05:14:31,ACTIVO
1010959,9021,13,Jr. San Martín 5462,BT,7,2006-12-15 01:58:14,ACTIVO
1010960,9022,3,Av. Los Pinos 6985,BT,3,2013-01-24 13:13:07,ACTIVO
1010961,9023,7,Calle El Sol 7786,BT,6,2015-01-04 01:34:42,SUSPENDIDO
1010962,9024,28,Pasaje Universitaria 7097,BT,4,2001-03-01 20:07:24,SUSPENDIDO
1010963,9025,15,Psje. Panamericana 4610,BT,5,2001-12-19 18:23:04,ACTIVO
1010964,9026,12,Av. Panamericana 9248,BT,5,2018-10-07 02:57:38,ACTIVO
1010965,9026,12,Psje. Panamericana 2480,BT,7,2010-02-21 01:09:45,ACTIVO
1010966,9027,25,Calle Universitaria 4384,BT,3,2013-11-18 08:29:49,SUSPENDIDO
1010967,9028,28,Av. Grau 1173,BT,3,2002-08-08 20:06:54,ACTIVO
1010968,9029,26,Psje. Universitaria 2909,BT,1,2010-12-27 11:07:29,ACTIVO
1010969,9030,20,Calle Universitaria 7253,BT,3,2013-06-19 04:38:32,ACTIVO
1010970,9031,2,Psje. Bolívar 6396,BT,7,2011-03-30 10:50:26,ACTIVO
1010971,9032,15,Av. San Martín 3015,BT,4,2002-09-25 13:17:03,ACTIVO
1010972,9033,5,Calle Bolívar 418,BT,6,2004-11-17 20:43:25,ACTIVO
1010973,9034,15,Pasaje Bolívar 7610,BT,6,2018-03-31 16:20:13,ACTIVO
1010974,9035,9,Calle Los Pinos 2814,BT,6,2020-05-12 01:04:15,ACTIVO
1010975,9036,12,Av. San Martín 8431,BT,6,2006-11-09 20:18:25,ACTIVO
1010976,9037,29,Calle Grau 9081,BT,1,2003-06-09 05:47:56,ACTIVO
1010977,9038,8,Calle Universitaria 280,BT,8,2008-10-25 16:20:17,ACTIVO
1010978,9039,42,Pasaje Universitaria 2481,BT,2,2017-04-03 14:49:41,ACTIVO
1010979,9040,2,Pasaje San Martín 5069,BT,2,2002-08-17 09:38:33,ACTIVO
1010980,9041,28,Jr. Panamericana 278,BT,5,2001-04-08 04:09:25,ACTIVO
1010981,9042,15,Av. Los Pinos 8752,BT,5,2001-10-08 02:06:10,ACTIVO
1010982,9043,40,Calle Grau 8429,BT,4,2024-10-11 00:00:00,ACTIVO
1010983,9044,40,Pasaje El Sol 4954,BT,5,2006-01-01 02:07:15,ACTIVO
1010984,9044,40,Pasaje La Molina 8697,BT,8,2000-12-30 09:40:48,ACTIVO
1010985,9044,40,Pasaje Grau 2127,BT,1,2017-10-30 15:38:26,ACTIVO
1010986,9045,39,Jr. Universitaria 2085,BT,4,2001-07-20 10:02:19,ACTIVO
1010987,9045,39,Pasaje Bolívar 9081,BT,5,2003-10-31 20:31:51,ACTIVO
1010988,9046,25,Calle Grau 7636,BT,8,2019-06-06 21:41:20,ACTIVO
1010989,9046,25,Jr. El Sol 2102,BT,1,2013-10-02 04:57:02,ACTIVO
1010990,9047,30,Jr. El Sol 1984,MT,6,2015-07-02 09:05:45,ACTIVO
1010991,9047,30,Pasaje Bolívar 2233,BT,6,2016-09-18 12:08:59,ACTIVO
1010992,9048,16,Calle Grau 623,BT,4,2010-08-11 18:53:04,ACTIVO
1010993,9049,28,Psje. Grau 4078,BT,6,2011-08-05 15:03:18,ACTIVO
1010994,9050,24,Pasaje Panamericana 6344,BT,4,2017-04-16 00:57:24,SUSPENDIDO
1010995,9051,2,Jr. El Sol 2906,BT,8,2011-06-01 10:16:52,ACTIVO
1010996,9052,29,Calle La Molina 6846,BT,7,2005-10-19 12:53:33,ACTIVO
1010997,9052,29,Av. Bolívar 5829,BT,5,2000-03-11 22:34:34,ACTIVO
1010998,9052,29,Pasaje El Sol 9209,BT,1,2010-02-01 20:35:51,ACTIVO
1010999,9053,18,Calle Progreso 6291,BT,4,2002-11-04 19:41:51,ACTIVO
1011000,9054,28,Calle El Sol 6653,BT,7,2002-09-09 14:08:45,ACTIVO
1011001,9055,37,Av. Universitaria 3415,BT,8,2001-07-18 10:56:56,ACTIVO
1011002,9056,7,Jr. Venezuela 3901,BT,5,2013-08-20 05:24:27,ACTIVO
1011003,9057,43,Pasaje Bolívar 6280,BT,3,2008-07-21 15:46:01,ACTIVO
1011004,9058,15,Calle Universitaria 6741,BT,6,2019-09-23 08:42:13,ACTIVO
1011005,9059,9,Av. Los Pinos 9145,BT,4,2000-12-10 14:27:36,ACTIVO
1011006,9060,7,Av. La Molina 3688,BT,7,2003-04-28 23:55:37,ACTIVO
1011007,9061,15,Psje. Panamericana 9964,BT,4,2011-09-27 21:31:00,ACTIVO
1011008,9061,15,Psje. La Molina 7992,BT,5,2003-04-25 22:24:06,ACTIVO
1011009,9062,15,Psje. San Martín 3010,BT,2,2019-06-10 13:08:20,ACTIVO
1011010,9062,15,Calle Venezuela 4693,BT,3,2001-05-02 21:26:44,ACTIVO
1011011,9062,15,Psje. Progreso 126,BT,1,2017-12-23 08:20:22,ACTIVO
1011012,9063,27,Jr. Grau 5575,BT,4,2012-10-20 07:04:44,ACTIVO
1011013,9064,13,Av. Bolívar 7683,BT,2,2005-11-17 07:01:51,ACTIVO
1011014,9065,11,Psje. San Martín 6441,BT,6,2001-06-06 03:17:22,ACTIVO
1011015,9065,11,Av. Progreso 3415,BT,5,2015-09-06 03:51:21,ACTIVO
1011016,9065,11,Pasaje Venezuela 9917,BT,2,2011-07-18 21:29:33,ACTIVO
1011017,9066,24,Psje. San Martín 9582,BT,2,2008-03-22 21:47:01,ACTIVO
1011018,9067,13,Jr. El Sol 8576,BT,2,2006-04-06 07:16:22,ACTIVO
1011019,9068,28,Psje. Bolívar 4712,BT,5,2001-10-23 23:00:09,ACTIVO
1011020,9069,13,Psje. El Sol 4008,BT,8,2001-01-26 13:47:52,ACTIVO
1011021,9070,28,Pasaje San Martín 4883,BT,6,2015-10-29 21:36:06,ACTIVO
1011022,9071,3,Jr. Bolívar 5078,BT,7,2005-08-25 23:56:54,ACTIVO
1011023,9071,3,Calle Universitaria 3479,BT,4,2017-04-06 10:48:38,ACTIVO
1011024,9072,26,Av. Grau 7242,BT,3,2010-01-22 08:17:50,ACTIVO
1011025,9072,26,Psje. Progreso 6945,BT,2,2013-12-14 07:55:03,ACTIVO
1011026,9073,28,Pasaje Venezuela 155,MT,5,2009-06-03 15:10:39,ACTIVO
1011027,9074,7,Calle Progreso 6143,MT,8,2002-12-18 09:12:41,ACTIVO
1011028,9075,43,Av. Los Pinos 4107,BT,8,2001-09-14 12:58:36,ACTIVO
1011029,9076,9,Jr. Los Pinos 1349,BT,3,2008-06-30 06:18:15,ACTIVO
1011030,9077,30,Jr. Progreso 6229,BT,7,2017-12-15 15:10:43,ACTIVO
1011031,9077,30,Psje. Grau 5723,BT,3,2018-10-18 17:29:56,ACTIVO
1011032,9078,15,Calle Venezuela 7515,BT,5,2001-02-04 19:48:56,ACTIVO
1011033,9079,28,Pasaje San Martín 3426,BT,7,2017-08-31 23:49:09,ACTIVO
1011034,9080,9,Calle La Molina 1493,BT,7,2002-10-26 21:03:22,ACTIVO
1011035,9080,9,Av. Los Pinos 4706,BT,4,2010-09-12 15:12:11,ACTIVO
1011036,9081,15,Jr. Panamericana 6957,BT,6,2024-08-21 00:00:00,ACTIVO
1011037,9082,43,Calle Grau 4198,BT,6,2005-04-22 01:06:39,ACTIVO
1011038,9083,23,Psje. Venezuela 9990,BT,7,2014-09-18 02:15:02,ACTIVO
1011039,9084,9,Calle Venezuela 9445,BT,7,2000-09-18 14:59:30,ACTIVO
1011040,9085,26,Av. Panamericana 4038,BT,8,2011-07-07 12:23:26,ACTIVO
1011041,9086,43,Pasaje Progreso 7522,BT,4,2006-11-19 17:23:22,ACTIVO
1011042,9087,19,Psje. El Sol 6866,BT,2,2013-05-08 20:25:19,ACTIVO
1011043,9088,40,Psje. Venezuela 5331,BT,6,2014-04-12 21:51:40,ACTIVO
1011044,9089,43,Av. Universitaria 1885,BT,8,2020-02-05 07:19:59,ACTIVO
1011045,9089,43,Psje. El Sol 8686,BT,6,2011-10-18 18:50:41,ACTIVO
1011046,9090,39,Calle San Martín 8352,BT,3,2007-05-17 21:59:44,ACTIVO
1011047,9091,17,Calle Panamericana 239,BT,5,2018-03-05 02:59:53,SUSPENDIDO
1011048,9092,7,Pasaje Bolívar 5166,BT,3,2020-02-26 11:26:08,ACTIVO
1011049,9093,32,Calle Venezuela 1545,BT,6,2013-07-21 07:18:28,ACTIVO
1011050,9094,13,Psje. La Molina 6907,BT,2,2014-02-19 15:15:36,ACTIVO
1011051,9095,27,Psje. Panamericana 345,BT,3,2006-10-19 16:18:32,ACTIVO
1011052,9096,43,Pasaje El Sol 7706,BT,2,2016-12-06 21:25:38,ACTIVO
1011053,9097,37,Calle El Sol 8074,BT,2,2013-10-26 10:53:27,ACTIVO
1011054,9097,37,Pasaje Bolívar 6719,BT,4,2016-01-29 16:37:49,ACTIVO
1011055,9098,36,Calle Universitaria 4214,BT,2,2001-07-27 13:04:20,ACTIVO
1011056,9099,29,Psje. Venezuela 9850,BT,2,2009-08-01 19:41:37,ACTIVO
1011057,9100,29,Pasaje Los Pinos 8252,BT,2,2013-04-08 17:49:27,ACTIVO
1011058,9100,29,Av. Bolívar 1514,BT,8,2011-11-29 12:06:51,ACTIVO
1011059,9101,19,Av. El Sol 7957,BT,4,2016-10-25 00:43:27,ACTIVO
1011060,9102,9,Calle San Martín 6018,BT,8,2011-04-06 09:44:12,ACTIVO
1011061,9103,40,Pasaje El Sol 9434,BT,7,2014-02-01 14:18:00,ACTIVO
1011062,9104,9,Psje. Progreso 2388,BT,8,2012-10-30 16:42:13,ACTIVO
1011063,9105,5,Psje. Venezuela 2152,BT,6,2005-11-02 17:02:11,ACTIVO
1011064,9106,7,Av. El Sol 2304,BT,3,2020-03-02 10:06:12,ACTIVO
1011065,9107,15,Pasaje San Martín 6573,BT,7,2017-12-26 11:16:58,ACTIVO
1011066,9107,15,Calle El Sol 5950,BT,8,2018-07-02 08:22:44,ACTIVO
1011067,9108,9,Psje. Grau 1145,BT,8,2014-12-26 21:43:19,ACTIVO
1011068,9109,3,Psje. Universitaria 8933,BT,4,2018-11-18 18:12:59,ACTIVO
1011069,9109,3,Pasaje Venezuela 8974,BT,3,2019-06-06 14:28:56,ACTIVO
1011070,9109,3,Psje. Progreso 2095,BT,5,2006-08-19 01:57:47,ACTIVO
1011071,9110,29,Psje. Panamericana 7213,BT,5,2017-06-19 02:01:56,ACTIVO
1011072,9111,43,Jr. Universitaria 4178,BT,7,2002-11-29 09:55:11,ACTIVO
1011073,9112,20,Pasaje Progreso 8445,BT,4,2001-04-29 22:38:03,ACTIVO
1011074,9113,40,Psje. El Sol 6464,MT,2,2020-05-25 17:41:03,ACTIVO
1011075,9114,9,Av. Universitaria 4291,BT,4,2015-11-24 09:05:43,ACTIVO
1011076,9114,9,Jr. Venezuela 2957,BT,7,2012-05-29 21:31:44,ACTIVO
1011077,9114,9,Jr. Venezuela 6693,BT,1,2004-05-12 00:04:49,ACTIVO
1011078,9115,11,Calle Venezuela 4070,BT,1,2019-08-03 17:45:08,ACTIVO
1011079,9116,22,Calle Bolívar 9411,BT,2,2015-01-10 22:58:44,ACTIVO
1011080,9117,26,Calle Grau 2396,BT,6,2004-12-21 13:09:57,ACTIVO
1011081,9118,26,Calle Los Pinos 5344,BT,6,2008-02-24 09:24:11,ACTIVO
1011082,9118,26,Jr. Progreso 4292,BT,8,2003-10-03 20:51:35,ACTIVO
1011083,9119,43,Jr. La Molina 9652,BT,6,2009-12-08 22:02:05,INACTIVO
1011084,9120,13,Pasaje La Molina 2967,BT,5,2007-09-01 13:51:10,ACTIVO
1011085,9121,38,Jr. El Sol 5563,BT,3,2002-12-12 20:30:59,ACTIVO
1011086,9122,9,Jr. Universitaria 7396,BT,3,2011-05-25 11:37:10,ACTIVO
1011087,9122,9,Pasaje El Sol 1407,BT,8,2013-12-29 09:26:26,ACTIVO
1011088,9122,9,Pasaje Universitaria 6505,BT,3,2018-07-27 14:16:20,ACTIVO
1011089,9123,7,Av. Venezuela 4556,BT,3,2017-11-02 03:12:38,ACTIVO
1011090,9124,3,Jr. Progreso 9849,BT,6,2012-02-25 21:58:06,ACTIVO
1011091,9125,15,Jr. San Martín 7021,BT,3,2023-02-19 00:00:00,INACTIVO
1011092,9125,15,Pasaje Grau 7814,BT,3,2004-05-03 04:28:39,ACTIVO
1011093,9125,15,Pasaje Progreso 403,BT,1,2019-04-20 06:04:51,ACTIVO
1011094,9126,26,Pasaje Grau 7484,BT,8,2010-07-15 23:59:22,ACTIVO
1011095,9126,26,Psje. El Sol 2966,BT,4,2018-07-02 21:50:00,ACTIVO
1011096,9126,26,Pasaje Los Pinos 7052,BT,3,2016-11-14 03:39:52,ACTIVO
1011097,9127,10,Av. La Molina 8141,BT,5,2015-03-10 00:14:24,ACTIVO
1011098,9128,39,Calle Bolívar 4388,BT,3,2010-09-16 08:44:02,ACTIVO
1011099,9129,19,Calle Bolívar 8416,BT,4,2016-01-26 22:14:06,ACTIVO
1011100,9130,30,Psje. Venezuela 313,BT,2,2010-08-06 22:32:37,ACTIVO
1011101,9131,19,Calle San Martín 1647,BT,5,2013-02-13 02:39:54,ACTIVO
1011102,9131,19,Av. Los Pinos 4558,BT,3,2004-07-26 23:18:02,ACTIVO
1011103,9132,38,Jr. Progreso 4742,BT,6,2016-08-24 11:03:40,ACTIVO
1011104,9133,4,Calle San Martín 1099,BT,3,2003-01-24 10:06:43,ACTIVO
1011105,9133,4,Av. Progreso 8101,BT,7,2018-07-05 01:37:23,ACTIVO
1011106,9134,5,Calle El Sol 6167,BT,1,2009-06-12 05:58:39,ACTIVO
1011107,9135,9,Pasaje Los Pinos 9293,BT,6,2014-09-07 05:11:53,ACTIVO
1011108,9136,2,Psje. Universitaria 9685,BT,8,2014-05-07 10:00:57,ACTIVO
1011109,9137,4,Psje. Progreso 8028,BT,6,2020-09-06 10:45:22,ACTIVO
1011110,9138,28,Calle Universitaria 9399,BT,1,2000-06-04 16:13:00,ACTIVO
1011111,9138,28,Pasaje Panamericana 7758,BT,4,2011-08-25 17:23:24,ACTIVO
1011112,9138,28,Jr. La Molina 1912,BT,1,2009-01-03 13:20:07,ACTIVO
1011113,9139,39,Pasaje Panamericana 2805,BT,1,2014-07-21 05:29:53,ACTIVO
1011114,9139,39,Jr. El Sol 9559,BT,3,2006-06-05 14:11:49,ACTIVO
1011115,9140,3,Pasaje Panamericana 167,BT,5,2011-06-14 07:20:15,ACTIVO
1011116,9141,29,Av. Progreso 5550,BT,6,2008-02-21 09:25:26,ACTIVO
1011117,9142,38,Pasaje Grau 3960,BT,6,2019-08-12 14:52:19,ACTIVO
1011118,9143,8,Pasaje Grau 9056,BT,4,2010-04-13 21:39:11,ACTIVO
1011119,9144,28,Jr. Grau 3406,BT,8,2019-08-07 00:29:41,ACTIVO
1011120,9145,7,Calle Grau 1914,BT,8,2012-10-15 18:12:55,ACTIVO
1011121,9146,3,Pasaje Grau 9766,BT,4,2009-01-13 20:08:19,ACTIVO
1011122,9147,31,Calle Venezuela 590,BT,5,2017-05-29 11:16:06,ACTIVO
1011123,9148,7,Psje. Progreso 8152,BT,6,2005-07-13 02:11:32,ACTIVO
1011124,9148,7,Calle San Martín 598,BT,6,2018-03-23 07:13:55,ACTIVO
1011125,9149,38,Pasaje La Molina 6800,BT,4,2012-02-14 04:50:22,ACTIVO
1011126,9150,13,Calle La Molina 2588,BT,3,2018-02-20 13:24:17,ACTIVO
1011127,9151,15,Pasaje La Molina 8254,BT,2,2017-09-25 23:59:18,ACTIVO
1011128,9151,15,Av. Progreso 3206,BT,1,2013-08-06 23:47:27,ACTIVO
1011129,9151,15,Calle Grau 8791,BT,3,2021-02-26 00:00:00,ACTIVO
1011130,9152,7,Pasaje Progreso 5689,BT,1,2014-10-11 04:37:26,ACTIVO
1011131,9153,7,Calle San Martín 4947,BT,1,2004-06-04 07:48:52,ACTIVO
1011132,9154,19,Jr. Bolívar 7188,MT,1,2019-10-03 11:05:42,ACTIVO
1011133,9155,3,Calle Universitaria 1592,BT,1,2008-01-27 04:45:05,ACTIVO
1011134,9156,9,Psje. Venezuela 8556,BT,3,2018-08-04 17:28:35,ACTIVO
1011135,9157,32,Calle Universitaria 420,BT,3,2003-10-12 13:52:39,ACTIVO
1011136,9158,29,Pasaje Progreso 888,BT,5,2011-10-10 17:41:20,ACTIVO
1011137,9158,29,Psje. Panamericana 2713,BT,5,2013-10-13 02:45:49,ACTIVO
1011138,9159,28,Av. Grau 8405,BT,1,2004-09-28 15:12:03,ACTIVO
1011139,9160,35,Calle Panamericana 2455,BT,4,2019-09-29 01:17:12,ACTIVO
1011140,9161,6,Av. Progreso 230,BT,7,2020-02-10 09:27:17,ACTIVO
1011141,9162,40,Jr. El Sol 2656,BT,5,2006-09-29 03:15:00,ACTIVO
1011142,9163,7,Calle Universitaria 626,BT,3,2010-03-07 22:36:36,ACTIVO
1011143,9163,7,Psje. El Sol 985,BT,1,2012-09-12 14:37:28,ACTIVO
1011144,9164,38,Calle Bolívar 8612,BT,7,2011-12-20 21:12:59,ACTIVO
1011145,9165,15,Jr. Progreso 3836,BT,7,2017-09-17 04:24:16,ACTIVO
1011146,9166,18,Jr. Panamericana 2224,BT,2,2024-03-01 00:00:00,ACTIVO
1011147,9167,13,Psje. Venezuela 9696,BT,6,2010-04-29 19:37:02,ACTIVO
1011148,9168,13,Psje. Grau 7121,BT,8,2005-02-09 01:51:37,ACTIVO
1011149,9169,9,Calle El Sol 5179,BT,7,2011-05-16 09:29:16,ACTIVO
1011150,9170,3,Calle Los Pinos 4228,BT,5,2019-03-04 17:21:18,ACTIVO
1011151,9171,26,Psje. Progreso 9139,BT,1,2000-11-15 15:51:59,ACTIVO
1011152,9171,26,Psje. Los Pinos 6633,BT,5,2011-12-07 17:42:06,ACTIVO
1011153,9172,7,Jr. Venezuela 6346,BT,3,2008-10-19 04:39:20,ACTIVO
1011154,9173,7,Psje. Panamericana 4962,BT,6,2008-04-21 00:17:00,ACTIVO
1011155,9174,15,Pasaje San Martín 6458,BT,4,2007-11-24 00:43:58,ACTIVO
1011156,9175,10,Calle Bolívar 3893,BT,5,2020-12-22 00:25:52,ACTIVO
1011157,9175,10,Psje. La Molina 6665,BT,1,2009-01-23 03:28:01,ACTIVO
1011158,9176,30,Psje. El Sol 1949,BT,4,2012-02-13 01:56:04,ACTIVO
1011159,9177,8,Av. Grau 2900,BT,8,2010-05-27 03:56:42,ACTIVO
1011160,9177,8,Jr. Grau 7837,BT,2,2013-04-26 18:46:27,ACTIVO
1011161,9178,23,Calle Progreso 3188,BT,7,2009-09-03 13:13:12,ACTIVO
1011162,9179,38,Av. Progreso 2107,BT,4,2018-09-10 13:15:16,ACTIVO
1011163,9180,3,Jr. El Sol 5479,BT,7,2015-08-03 22:07:33,ACTIVO
1011164,9181,7,Jr. Panamericana 5747,BT,7,2002-05-09 10:16:44,ACTIVO
1011165,9182,30,Calle Venezuela 5578,BT,6,2018-02-05 09:17:26,ACTIVO
1011166,9183,6,Jr. Panamericana 3409,BT,5,2012-04-26 01:52:14,ACTIVO
1011167,9184,7,Jr. Universitaria 4704,BT,4,2001-07-26 01:00:21,INACTIVO
1011168,9185,28,Calle Grau 4999,BT,4,2008-10-29 21:25:21,ACTIVO
1011169,9186,9,Pasaje El Sol 9184,BT,5,2015-02-05 01:08:44,ACTIVO
1011170,9186,9,Calle Universitaria 4060,BT,7,2019-12-19 14:34:49,ACTIVO
1011171,9187,4,Psje. Grau 567,BT,7,2003-07-21 06:19:26,ACTIVO
1011172,9188,30,Jr. San Martín 632,BT,8,2011-07-25 20:01:30,ACTIVO
1011173,9189,9,Av. Los Pinos 7126,BT,7,2000-10-09 04:24:29,ACTIVO
1011174,9189,9,Av. Venezuela 3626,BT,8,2005-05-09 08:03:39,ACTIVO
1011175,9190,15,Pasaje Panamericana 6270,BT,6,2008-01-26 21:44:00,ACTIVO
1011176,9191,7,Av. San Martín 3346,BT,5,2006-11-07 07:57:44,ACTIVO
1011177,9192,15,Av. Los Pinos 3038,BT,3,2010-10-11 04:45:17,ACTIVO
1011178,9192,15,Calle Universitaria 9790,MT,5,2009-11-20 10:45:01,SUSPENDIDO
1011179,9193,9,Jr. Venezuela 1599,BT,3,2009-01-16 10:45:59,SUSPENDIDO
1011180,9193,9,Psje. El Sol 8911,BT,8,2016-12-06 07:33:33,ACTIVO
1011181,9194,9,Jr. San Martín 8636,BT,6,2017-10-11 17:13:34,INACTIVO
1011182,9195,28,Pasaje Grau 8979,BT,3,2017-04-19 23:07:52,INACTIVO
1011183,9195,28,Calle Universitaria 4676,BT,2,2011-09-12 12:48:31,ACTIVO
1011184,9196,15,Pasaje San Martín 4857,BT,1,2010-07-01 15:06:05,ACTIVO
1011185,9197,30,Calle La Molina 2134,BT,7,2015-02-24 23:00:36,ACTIVO
1011186,9197,30,Jr. Venezuela 9509,BT,5,2008-12-11 04:53:51,ACTIVO
1011187,9198,15,Psje. Grau 5277,BT,3,2002-08-30 21:35:17,ACTIVO
1011188,9199,39,Calle Los Pinos 9778,BT,1,2014-03-03 22:23:50,INACTIVO
1011189,9199,39,Calle Bolívar 8830,BT,8,2014-10-31 15:40:09,ACTIVO
1011190,9200,29,Psje. Grau 1727,BT,8,2002-07-17 09:26:36,ACTIVO
1011191,9201,16,Psje. San Martín 9901,BT,2,2016-08-22 17:05:05,ACTIVO
1011192,9202,29,Calle Progreso 3904,BT,8,2020-01-27 08:37:53,ACTIVO
1011193,9203,15,Pasaje Grau 7059,BT,8,2016-09-04 11:19:38,ACTIVO
1011194,9204,9,Pasaje Venezuela 6456,BT,7,2002-07-24 14:36:56,ACTIVO
1011195,9205,26,Jr. Venezuela 6852,BT,6,2002-06-07 06:05:51,ACTIVO
1011196,9206,4,Pasaje Venezuela 9607,BT,6,2007-06-19 14:31:10,ACTIVO
1011197,9207,42,Psje. Bolívar 8925,BT,4,2016-07-25 17:12:12,ACTIVO
1011198,9208,28,Psje. Grau 7652,BT,7,2013-02-05 04:44:07,ACTIVO
1011199,9209,9,Psje. Universitaria 632,BT,4,2010-04-03 00:03:33,ACTIVO
1011200,9210,18,Jr. Bolívar 6914,BT,5,2018-03-25 04:01:15,ACTIVO
1011201,9211,38,Calle Progreso 6388,BT,5,2007-09-21 06:37:46,ACTIVO
1011202,9212,15,Psje. Grau 1228,BT,7,2018-10-27 14:31:58,ACTIVO
1011203,9213,34,Av. Progreso 1345,BT,4,2015-01-02 23:22:45,ACTIVO
1011204,9214,1,Av. Grau 4895,BT,2,2004-01-22 11:40:38,ACTIVO
1011205,9215,43,Av. Panamericana 3622,BT,7,2006-01-15 19:56:29,ACTIVO
1011206,9216,3,Psje. Venezuela 809,BT,1,2019-05-06 22:07:05,ACTIVO
1011207,9217,8,Calle El Sol 6505,BT,6,2003-09-19 19:45:46,ACTIVO
1011208,9218,29,Psje. San Martín 6897,MT,6,2012-06-06 04:29:32,ACTIVO
1011209,9218,29,Calle Grau 7837,BT,8,2020-11-08 13:00:38,ACTIVO
1011210,9219,19,Pasaje San Martín 2248,BT,1,2014-11-15 16:38:28,ACTIVO
1011211,9219,19,Jr. Panamericana 5556,BT,7,2006-05-14 12:37:35,ACTIVO
1011212,9220,3,Jr. La Molina 797,BT,2,2024-10-16 00:00:00,ACTIVO
1011213,9221,34,Pasaje Progreso 5838,BT,3,2018-03-04 06:22:08,ACTIVO
1011214,9221,34,Psje. Bolívar 573,BT,4,2012-08-10 01:34:46,ACTIVO
1011215,9222,37,Psje. Venezuela 1920,BT,5,2003-05-22 11:21:56,ACTIVO
1011216,9222,37,Calle Los Pinos 5576,BT,3,2005-07-04 12:31:09,ACTIVO
1011217,9223,30,Av. Bolívar 2625,BT,4,2019-04-03 11:31:51,ACTIVO
1011218,9224,29,Psje. San Martín 2862,BT,8,2010-04-30 00:05:27,ACTIVO
1011219,9225,7,Pasaje Panamericana 5840,MT,8,2004-09-05 18:17:36,ACTIVO
1011220,9226,43,Av. Panamericana 6042,BT,4,2004-08-12 04:51:56,ACTIVO
1011221,9227,36,Psje. Universitaria 5319,BT,5,2018-05-02 06:31:58,ACTIVO
1011222,9228,15,Jr. Universitaria 776,BT,4,2013-05-13 02:55:12,ACTIVO
1011223,9229,15,Jr. Grau 264,BT,4,2015-10-04 16:13:17,ACTIVO
1011224,9230,43,Av. Bolívar 6126,BT,3,2001-05-28 05:58:11,ACTIVO
1011225,9231,7,Jr. Venezuela 1401,BT,6,2024-09-21 00:00:00,ACTIVO
1011226,9232,8,Pasaje La Molina 6250,BT,6,2007-08-10 05:05:49,ACTIVO
1011227,9233,7,Jr. Los Pinos 6317,BT,5,2020-02-11 04:14:07,ACTIVO
1011228,9234,31,Av. Progreso 9644,BT,6,2016-11-18 03:26:21,ACTIVO
1011229,9235,22,Pasaje Venezuela 2647,BT,8,2013-03-02 11:41:46,ACTIVO
1011230,9236,5,Jr. La Molina 6945,BT,4,2007-03-23 01:30:10,ACTIVO
1011231,9237,7,Pasaje San Martín 8436,MT,6,2006-06-30 12:26:35,ACTIVO
1011232,9237,7,Calle Bolívar 3037,BT,2,2005-05-07 04:58:49,ACTIVO
1011233,9238,6,Calle Panamericana 2743,BT,5,2015-12-14 03:35:10,ACTIVO
1011234,9239,3,Pasaje El Sol 7382,BT,1,2000-02-23 00:55:47,ACTIVO
1011235,9240,9,Psje. Venezuela 4608,BT,7,2002-05-25 16:22:20,ACTIVO
1011236,9240,9,Psje. Los Pinos 9647,BT,4,2004-04-11 00:41:37,ACTIVO
1011237,9241,26,Av. Bolívar 3094,BT,1,2002-10-26 13:50:04,ACTIVO
1011238,9242,15,Jr. Universitaria 4566,BT,6,2001-08-15 12:37:21,ACTIVO
1011239,9243,30,Calle Los Pinos 1626,BT,8,2014-10-30 21:51:40,ACTIVO
1011240,9244,15,Av. Los Pinos 2057,BT,6,2015-07-01 16:27:52,ACTIVO
1011241,9244,15,Pasaje La Molina 6053,MT,8,2000-06-05 14:42:19,ACTIVO
1011242,9245,7,Calle Grau 2897,BT,6,2005-03-06 13:47:41,ACTIVO
1011243,9246,10,Pasaje Panamericana 7233,MT,5,2003-12-17 09:41:46,ACTIVO
1011244,9247,5,Jr. Panamericana 4808,BT,8,2006-02-08 00:22:04,ACTIVO
1011245,9248,15,Calle Grau 2713,BT,7,2010-05-17 12:43:47,ACTIVO
1011246,9249,4,Av. Los Pinos 2864,BT,4,2009-01-17 16:06:12,ACTIVO
1011247,9250,29,Pasaje Los Pinos 6882,BT,5,2013-02-10 15:05:59,ACTIVO
1011248,9251,15,Pasaje Venezuela 9798,BT,4,2002-06-21 01:12:22,ACTIVO
1011249,9251,15,Psje. Grau 6096,BT,2,2019-10-11 08:20:04,ACTIVO
1011250,9252,3,Calle Panamericana 180,BT,5,2000-08-23 03:14:56,ACTIVO
1011251,9253,41,Pasaje San Martín 6332,BT,8,2000-11-22 22:52:23,ACTIVO
1011252,9254,3,Av. Venezuela 4469,BT,4,2018-06-30 10:31:17,ACTIVO
1011253,9254,3,Av. Venezuela 2045,BT,6,2014-05-13 06:10:02,ACTIVO
1011254,9254,3,Av. Venezuela 9845,BT,2,2009-12-15 06:06:51,ACTIVO
1011255,9255,3,Jr. Bolívar 5621,MT,7,2002-12-07 23:29:28,ACTIVO
1011256,9256,5,Calle San Martín 6070,BT,3,2001-11-07 19:20:10,ACTIVO
1011257,9257,14,Jr. Panamericana 3158,BT,5,2017-06-30 23:37:40,ACTIVO
1011258,9258,5,Av. Bolívar 958,BT,8,2013-03-13 08:51:21,ACTIVO
1011259,9259,30,Jr. El Sol 7886,BT,8,2019-10-02 22:24:59,ACTIVO
1011260,9260,7,Av. Panamericana 267,BT,2,2020-05-25 20:46:01,ACTIVO
1011261,9261,43,Psje. El Sol 2569,MT,7,2006-05-26 20:32:08,ACTIVO
1011262,9262,38,Psje. Progreso 3069,MT,8,2017-12-22 13:16:46,ACTIVO
1011263,9263,28,Calle Bolívar 5912,BT,7,2019-10-28 20:18:02,ACTIVO
1011264,9264,29,Psje. Bolívar 9135,BT,6,2001-02-04 04:40:47,ACTIVO
1011265,9264,29,Psje. El Sol 2119,BT,8,2003-12-27 09:38:11,ACTIVO
1011266,9265,7,Pasaje El Sol 2484,BT,6,2015-10-18 07:52:45,ACTIVO
1011267,9265,7,Jr. Venezuela 1365,BT,1,2000-10-08 00:59:33,ACTIVO
1011268,9266,3,Av. La Molina 4357,BT,8,2003-06-28 11:51:06,ACTIVO
1011269,9267,2,Jr. El Sol 1723,BT,5,2007-06-18 03:51:47,ACTIVO
1011270,9267,2,Pasaje Progreso 9364,BT,2,2012-10-03 03:28:33,ACTIVO
1011271,9267,2,Psje. Universitaria 7210,BT,7,2003-11-08 13:35:42,ACTIVO
1011272,9268,12,Pasaje Grau 5772,BT,3,2010-05-23 18:19:24,ACTIVO
1011273,9269,15,Calle El Sol 5481,BT,7,2000-06-23 20:15:04,ACTIVO
1011274,9270,7,Av. Bolívar 3129,BT,8,2003-03-07 09:34:36,ACTIVO
1011275,9271,26,Av. Grau 9894,BT,8,2015-05-07 13:27:08,ACTIVO
1011276,9272,12,Calle Los Pinos 4783,BT,6,2017-07-04 17:52:49,ACTIVO
1011277,9272,12,Pasaje Venezuela 8595,BT,4,2000-12-01 07:59:49,ACTIVO
1011278,9273,30,Jr. Universitaria 2026,BT,7,2018-11-17 04:30:23,ACTIVO
1011279,9274,29,Psje. El Sol 9799,BT,5,2002-06-21 14:30:03,ACTIVO
1011280,9275,43,Pasaje San Martín 530,BT,8,2017-01-09 04:03:11,ACTIVO
1011281,9276,19,Av. San Martín 3044,BT,4,2005-03-20 01:21:23,ACTIVO
1011282,9277,30,Calle Panamericana 3803,BT,4,2005-10-09 17:24:01,ACTIVO
1011283,9278,33,Calle Bolívar 1129,BT,5,2007-04-20 09:32:47,SUSPENDIDO
1011284,9279,9,Calle Panamericana 2415,BT,7,2020-09-05 14:30:24,ACTIVO
1011285,9279,9,Calle El Sol 9937,BT,3,2010-07-14 22:21:27,ACTIVO
1011286,9279,9,Jr. El Sol 2998,BT,4,2012-02-25 09:06:52,ACTIVO
1011287,9280,16,Av. Bolívar 4559,BT,5,2013-11-23 23:26:34,ACTIVO
1011288,9280,16,Pasaje Universitaria 3305,BT,3,2007-04-24 14:16:40,ACTIVO
1011289,9280,16,Av. San Martín 9174,BT,1,2018-07-05 07:45:57,ACTIVO
1011290,9281,43,Jr. Venezuela 6565,BT,2,2010-07-14 01:57:00,ACTIVO
1011291,9282,30,Calle Universitaria 4011,BT,4,2009-12-11 01:29:01,ACTIVO
1011292,9283,28,Jr. Panamericana 8568,BT,6,2016-04-27 18:27:20,ACTIVO
1011293,9284,7,Pasaje San Martín 2221,BT,6,2019-09-15 02:01:01,ACTIVO
1011294,9284,7,Pasaje Universitaria 4371,BT,1,2020-12-08 11:40:06,ACTIVO
1011295,9285,17,Calle Bolívar 8084,BT,1,2014-04-14 03:23:04,ACTIVO
1011296,9286,29,Pasaje La Molina 5020,BT,6,2014-10-12 13:08:07,ACTIVO
1011297,9287,29,Calle Grau 6027,BT,7,2016-12-23 14:15:32,ACTIVO
1011298,9287,29,Calle Panamericana 6338,BT,4,2014-11-01 18:49:57,ACTIVO
1011299,9288,15,Psje. El Sol 1694,BT,2,2011-05-24 20:18:13,ACTIVO
1011300,9288,15,Calle Venezuela 4094,BT,5,2002-09-07 02:08:19,ACTIVO
1011301,9289,39,Pasaje San Martín 690,BT,4,2010-08-22 14:00:00,ACTIVO
1011302,9290,21,Jr. La Molina 9847,BT,1,2009-07-08 06:24:22,ACTIVO
1011303,9291,30,Av. La Molina 7431,BT,2,2008-11-20 13:25:23,ACTIVO
1011304,9292,29,Jr. El Sol 7609,BT,8,2008-10-25 02:55:58,ACTIVO
1011305,9293,39,Pasaje El Sol 9066,BT,3,2017-02-08 21:41:02,ACTIVO
1011306,9294,15,Av. Progreso 4156,BT,5,2012-03-25 07:14:15,ACTIVO
1011307,9295,30,Pasaje Los Pinos 4841,BT,7,2013-09-01 05:55:31,ACTIVO
1011308,9296,39,Calle Venezuela 2979,BT,1,2003-02-04 19:05:32,ACTIVO
1011309,9296,39,Calle Los Pinos 477,BT,7,2002-04-07 23:04:28,ACTIVO
1011310,9297,8,Jr. Bolívar 6726,BT,7,2012-11-19 12:52:54,ACTIVO
1011311,9298,15,Psje. El Sol 8756,BT,1,2019-09-24 06:55:35,ACTIVO
1011312,9299,29,Psje. Venezuela 6408,MT,8,2000-01-18 04:21:25,ACTIVO
1011313,9300,7,Av. Progreso 5705,MT,6,2020-11-14 09:35:05,ACTIVO
1011314,9300,7,Av. Los Pinos 4483,BT,5,2016-10-12 22:23:17,ACTIVO
1011315,9300,7,Psje. Venezuela 1759,BT,7,2005-08-12 00:35:29,ACTIVO
1011316,9301,13,Jr. El Sol 975,BT,1,2010-06-03 22:26:34,ACTIVO
1011317,9302,5,Calle Los Pinos 2117,BT,4,2000-10-28 22:45:28,ACTIVO
1011318,9303,7,Psje. Bolívar 8099,BT,4,2002-08-11 05:58:33,ACTIVO
1011319,9304,35,Pasaje San Martín 5904,BT,1,2004-01-28 20:56:31,ACTIVO
1011320,9304,35,Av. Progreso 2093,BT,5,2024-02-19 00:00:00,ACTIVO
1011321,9305,39,Jr. Panamericana 2945,BT,7,2019-04-08 18:48:31,ACTIVO
1011322,9306,34,Jr. Grau 3866,BT,6,2006-04-30 19:32:21,SUSPENDIDO
1011323,9307,7,Calle La Molina 3309,BT,4,2005-01-08 11:08:39,ACTIVO
1011324,9308,41,Jr. El Sol 7944,BT,1,2004-08-06 12:08:47,ACTIVO
1011325,9309,24,Psje. Universitaria 8418,BT,1,2019-09-11 11:44:55,ACTIVO
1011326,9310,7,Jr. Bolívar 428,BT,2,2005-10-13 01:35:31,ACTIVO
1011327,9311,7,Av. Bolívar 1553,BT,1,2016-03-25 14:31:16,ACTIVO
1011328,9311,7,Jr. La Molina 6506,BT,2,2000-02-03 08:38:27,ACTIVO
1011329,9312,28,Jr. Los Pinos 567,BT,2,2001-04-24 22:13:32,ACTIVO
1011330,9313,40,Pasaje La Molina 4128,BT,5,2012-06-09 12:56:21,ACTIVO
1011331,9314,26,Jr. Panamericana 3859,BT,8,2005-08-25 22:56:13,ACTIVO
1011332,9315,5,Av. Grau 8588,BT,2,2017-04-16 04:33:26,ACTIVO
1011333,9316,5,Pasaje Universitaria 5858,BT,8,2006-04-26 00:47:50,ACTIVO
1011334,9317,15,Av. Venezuela 9391,BT,6,2002-12-22 13:03:11,ACTIVO
1011335,9318,3,Pasaje Bolívar 361,BT,1,2013-02-10 07:58:43,ACTIVO
1011336,9319,13,Av. San Martín 9035,BT,6,2018-10-10 09:32:48,ACTIVO
1011337,9320,4,Av. El Sol 3846,BT,7,2010-11-18 16:39:51,ACTIVO
1011338,9320,4,Calle Universitaria 3131,BT,4,2014-07-05 00:14:01,ACTIVO
1011339,9321,3,Jr. Bolívar 3036,BT,8,2008-01-24 08:07:33,ACTIVO
1011340,9321,3,Av. Panamericana 4043,BT,3,2013-12-28 16:16:29,ACTIVO
1011341,9322,29,Av. Panamericana 3318,BT,7,2005-04-19 23:23:54,ACTIVO
1011342,9323,3,Psje. San Martín 7043,BT,1,2012-12-26 22:29:17,ACTIVO
1011343,9323,3,Av. Bolívar 1548,MT,1,2008-04-12 13:00:06,ACTIVO
1011344,9324,10,Psje. Universitaria 8552,BT,7,2012-03-27 17:02:56,SUSPENDIDO
1011345,9325,24,Calle Los Pinos 4458,BT,4,2010-04-20 09:34:05,ACTIVO
1011346,9326,5,Pasaje Universitaria 2223,BT,6,2010-11-06 15:35:05,ACTIVO
1011347,9327,7,Pasaje Progreso 6315,BT,4,2014-12-02 02:55:59,ACTIVO
1011348,9328,30,Av. El Sol 7669,BT,8,2020-08-06 11:34:25,ACTIVO
1011349,9329,13,Psje. Progreso 7105,BT,4,2018-10-04 03:54:27,ACTIVO
1011350,9330,28,Jr. Universitaria 2901,BT,4,2015-03-23 13:58:38,ACTIVO
1011351,9331,26,Calle Panamericana 4709,BT,2,2012-12-14 04:23:04,ACTIVO
1011352,9332,35,Jr. Los Pinos 3717,BT,7,2013-04-13 00:42:04,ACTIVO
1011353,9332,35,Pasaje Grau 7870,BT,3,2017-02-23 05:51:07,ACTIVO
1011354,9333,3,Calle Los Pinos 6556,BT,7,2012-12-29 17:49:23,ACTIVO
1011355,9333,3,Pasaje Venezuela 8488,BT,6,2016-07-09 12:20:48,ACTIVO
1011356,9334,19,Psje. Grau 2038,BT,6,2000-05-09 03:20:55,ACTIVO
1011357,9334,19,Av. La Molina 6524,BT,8,2000-04-10 16:21:14,ACTIVO
1011358,9335,3,Calle La Molina 2284,BT,4,2019-07-18 21:09:45,ACTIVO
1011359,9336,40,Jr. Los Pinos 7398,BT,5,2010-11-30 14:04:01,ACTIVO
1011360,9337,29,Jr. Universitaria 5949,BT,6,2016-05-24 03:24:09,ACTIVO
1011361,9337,29,Jr. Universitaria 7441,BT,3,2008-01-28 19:49:46,ACTIVO
1011362,9338,9,Jr. Progreso 2086,BT,7,2012-03-17 02:41:08,ACTIVO
1011363,9339,3,Av. Panamericana 3710,BT,5,2002-07-28 16:30:06,SUSPENDIDO
1011364,9340,39,Av. Bolívar 439,BT,5,2005-09-02 02:02:43,ACTIVO
1011365,9340,39,Jr. Universitaria 2880,BT,2,2004-05-10 01:16:27,ACTIVO
1011366,9341,32,Jr. Panamericana 8504,BT,2,2007-05-12 15:30:27,ACTIVO
1011367,9342,23,Pasaje Panamericana 5796,BT,6,2014-04-02 18:32:47,ACTIVO
1011368,9343,15,Pasaje Progreso 9463,BT,6,2001-08-23 16:16:12,ACTIVO
1011369,9344,20,Calle Los Pinos 6639,BT,5,2009-03-19 12:36:19,ACTIVO
1011370,9345,5,Jr. Progreso 8792,BT,1,2015-10-16 01:24:19,SUSPENDIDO
1011371,9346,3,Psje. Grau 3700,BT,4,2007-08-09 19:58:17,ACTIVO
1011372,9347,3,Jr. Universitaria 729,BT,6,2019-03-06 18:46:48,ACTIVO
1011373,9347,3,Av. Progreso 4422,MT,8,2004-02-02 00:51:09,ACTIVO
1011374,9348,38,Calle Panamericana 6869,BT,2,2005-07-04 21:54:19,ACTIVO
1011375,9348,38,Calle San Martín 9749,BT,3,2003-12-09 01:02:59,ACTIVO
1011376,9349,28,Pasaje Venezuela 855,BT,2,2008-04-09 15:25:17,ACTIVO
1011377,9350,7,Psje. San Martín 4781,BT,2,2009-09-07 04:37:57,ACTIVO
1011378,9351,5,Pasaje El Sol 1457,BT,6,2010-09-16 20:15:53,ACTIVO
1011379,9352,15,Jr. Grau 8990,BT,4,2012-10-08 08:31:20,ACTIVO
1011380,9352,15,Calle Progreso 9012,BT,1,2000-09-14 10:04:34,SUSPENDIDO
1011381,9353,29,Av. Los Pinos 5708,BT,4,2007-08-01 18:20:07,ACTIVO
1011382,9354,28,Av. Universitaria 2607,BT,2,2017-12-05 14:01:58,ACTIVO
1011383,9355,43,Psje. Bolívar 922,BT,6,2004-09-19 09:32:03,INACTIVO
1011384,9355,43,Calle San Martín 153,BT,7,2001-01-17 00:00:05,ACTIVO
1011385,9356,7,Jr. El Sol 7360,BT,4,2016-06-18 17:09:03,ACTIVO
1011386,9357,40,Psje. Grau 3096,BT,6,2020-08-04 09:47:06,ACTIVO
1011387,9358,9,Av. Panamericana 2430,BT,3,2004-07-29 03:05:12,ACTIVO
1011388,9358,9,Calle La Molina 7953,BT,2,2008-12-08 14:20:26,ACTIVO
1011389,9359,12,Pasaje San Martín 5168,BT,3,2005-05-01 07:27:05,ACTIVO
1011390,9360,39,Calle Progreso 3732,BT,8,2007-09-20 23:41:58,ACTIVO
1011391,9360,39,Pasaje Universitaria 4172,BT,2,2010-05-30 00:09:46,ACTIVO
1011392,9361,26,Jr. La Molina 5894,BT,8,2024-08-11 00:00:00,ACTIVO
1011393,9362,15,Psje. El Sol 4635,BT,8,2000-01-18 06:58:53,ACTIVO
1011394,9362,15,Jr. San Martín 6774,BT,4,2024-10-16 00:00:00,ACTIVO
1011395,9363,31,Psje. Panamericana 1868,BT,2,2007-04-29 13:36:14,ACTIVO
1011396,9364,40,Psje. San Martín 3672,BT,7,2005-11-13 22:38:57,ACTIVO
1011397,9365,7,Pasaje Bolívar 7299,BT,1,2011-01-11 07:27:56,ACTIVO
1011398,9365,7,Pasaje Bolívar 6921,BT,5,2020-10-17 01:42:59,ACTIVO
1011399,9366,5,Calle Los Pinos 522,BT,8,2006-01-24 05:18:00,ACTIVO
1011400,9367,15,Calle Los Pinos 9277,BT,2,2016-01-18 18:00:18,ACTIVO
1011401,9368,15,Jr. Venezuela 2966,BT,3,2022-06-13 00:00:00,ACTIVO
1011402,9369,15,Pasaje Venezuela 1352,MT,6,2000-03-26 01:16:59,ACTIVO
1011403,9370,7,Av. Universitaria 9544,BT,4,2001-12-06 11:30:14,ACTIVO
1011404,9371,15,Av. Universitaria 7110,BT,8,2005-10-20 02:34:49,ACTIVO
1011405,9371,15,Jr. Universitaria 2032,BT,4,2002-02-24 11:15:11,ACTIVO
1011406,9371,15,Calle Progreso 3512,BT,1,2004-06-02 08:06:48,ACTIVO
1011407,9372,38,Jr. Grau 855,BT,8,2004-11-27 22:10:38,ACTIVO
1011408,9373,29,Jr. Universitaria 9272,BT,7,2001-08-23 04:05:55,ACTIVO
1011409,9374,12,Jr. San Martín 6993,BT,6,2007-09-20 06:41:41,ACTIVO
1011410,9375,30,Av. Universitaria 9535,BT,2,2010-09-05 16:46:30,ACTIVO
1011411,9376,15,Av. Progreso 1223,BT,5,2013-08-23 23:06:30,ACTIVO
1011412,9377,10,Av. La Molina 1362,BT,7,2011-10-11 17:23:46,SUSPENDIDO
1011413,9378,15,Calle San Martín 7469,BT,5,2020-03-22 11:28:46,SUSPENDIDO
1011414,9379,13,Jr. Los Pinos 9260,BT,6,2014-03-11 14:54:45,INACTIVO
1011415,9379,13,Jr. Panamericana 4163,BT,1,2017-09-20 23:30:43,ACTIVO
1011416,9380,9,Pasaje Panamericana 8531,BT,6,2014-09-08 18:17:03,ACTIVO
1011417,9381,19,Pasaje Grau 7927,BT,3,2003-09-14 06:03:58,ACTIVO
1011418,9382,30,Calle Grau 7322,BT,6,2006-07-23 13:40:49,ACTIVO
1011419,9383,19,Calle Los Pinos 8674,BT,1,2018-06-05 23:44:13,ACTIVO
1011420,9384,15,Pasaje Universitaria 3300,BT,8,2001-05-13 02:12:03,ACTIVO
1011421,9385,43,Pasaje Progreso 9389,BT,2,2003-05-11 20:23:19,ACTIVO
1011422,9385,43,Jr. La Molina 9786,BT,5,2012-10-27 05:26:29,ACTIVO
1011423,9385,43,Calle Venezuela 6479,BT,2,2014-08-15 00:21:37,ACTIVO
1011424,9386,4,Psje. Bolívar 6485,BT,7,2016-03-14 11:28:09,ACTIVO
1011425,9387,9,Jr. Progreso 8270,BT,1,2006-07-16 10:43:19,ACTIVO
1011426,9388,35,Pasaje Universitaria 4039,BT,7,2017-10-20 22:32:06,ACTIVO
1011427,9389,7,Av. La Molina 712,BT,2,2020-08-19 04:17:26,ACTIVO
1011428,9390,27,Psje. Venezuela 3779,BT,1,2010-11-03 02:09:05,ACTIVO
1011429,9391,24,Psje. Panamericana 980,BT,8,2001-09-03 23:19:24,ACTIVO
1011430,9392,30,Av. Panamericana 7630,BT,4,2017-11-17 20:13:31,ACTIVO
1011431,9393,15,Av. La Molina 5124,BT,2,2014-06-20 05:06:04,ACTIVO
1011432,9394,9,Av. Grau 5707,BT,7,2007-12-09 14:33:37,ACTIVO
1011433,9395,15,Jr. La Molina 5336,BT,7,2016-01-23 21:43:32,ACTIVO
1011434,9396,29,Jr. El Sol 1549,BT,3,2014-06-17 10:52:54,ACTIVO
1011435,9397,13,Calle Progreso 7133,BT,3,2000-06-22 15:00:31,ACTIVO
1011436,9398,15,Jr. Progreso 3705,BT,4,2018-03-24 20:07:32,ACTIVO
1011437,9399,22,Jr. La Molina 7618,BT,7,2005-03-21 16:36:43,ACTIVO
1011438,9399,22,Psje. Venezuela 6400,BT,8,2002-05-14 10:52:38,ACTIVO
1011439,9400,2,Psje. Progreso 6702,BT,8,2017-10-05 05:49:10,ACTIVO
1011440,9401,38,Pasaje Los Pinos 8672,BT,1,2013-01-30 04:24:12,ACTIVO
1011441,9402,31,Pasaje Venezuela 5609,BT,8,2002-03-03 14:16:44,ACTIVO
1011442,9403,38,Psje. Panamericana 2234,BT,4,2020-12-01 00:56:33,ACTIVO
1011443,9404,30,Pasaje El Sol 7532,BT,8,2024-04-22 00:00:00,ACTIVO
1011444,9405,9,Calle Los Pinos 7497,BT,4,2002-12-26 00:45:19,ACTIVO
1011445,9406,4,Calle Universitaria 4758,BT,5,2004-05-06 17:14:23,ACTIVO
1011446,9407,30,Av. Grau 5646,BT,4,2003-01-15 15:48:58,ACTIVO
1011447,9408,9,Psje. Grau 8705,BT,8,2016-06-10 03:44:48,ACTIVO
1011448,9409,38,Psje. Progreso 7520,MT,1,2014-01-06 17:47:33,ACTIVO
1011449,9410,15,Calle Venezuela 4183,BT,3,2015-06-13 11:01:28,ACTIVO
1011450,9411,15,Jr. Universitaria 5029,BT,6,2003-07-29 19:27:28,ACTIVO
1011451,9412,30,Pasaje La Molina 8388,BT,7,2012-03-23 16:21:23,ACTIVO
1011452,9413,25,Calle Progreso 3764,BT,5,2008-10-29 07:35:15,ACTIVO
1011453,9414,15,Av. Venezuela 5933,BT,7,2014-04-21 22:58:21,ACTIVO
1011454,9415,7,Calle Progreso 3323,BT,2,2015-07-10 15:19:55,ACTIVO
1011455,9416,5,Jr. Bolívar 7908,BT,1,2001-06-01 23:40:30,ACTIVO
1011456,9417,7,Psje. Bolívar 5095,BT,6,2003-12-14 09:59:56,ACTIVO
1011457,9417,7,Jr. Bolívar 832,BT,7,2000-06-21 09:01:47,ACTIVO
1011458,9418,37,Jr. Progreso 2958,BT,4,2000-03-18 16:46:19,ACTIVO
1011459,9419,15,Psje. Progreso 9969,BT,7,2014-12-10 03:03:34,ACTIVO
1011460,9420,42,Psje. Universitaria 609,BT,2,2019-10-09 00:30:22,ACTIVO
1011461,9421,39,Calle Bolívar 5077,BT,7,2017-09-05 13:10:09,ACTIVO
1011462,9422,7,Psje. Panamericana 3460,BT,4,2012-01-03 17:51:01,ACTIVO
1011463,9423,15,Pasaje La Molina 105,BT,6,2016-11-23 09:30:12,ACTIVO
1011464,9423,15,Jr. San Martín 8008,BT,4,2009-10-13 09:38:26,ACTIVO
1011465,9423,15,Calle Universitaria 6744,BT,8,2008-04-19 10:37:50,ACTIVO
1011466,9424,3,Jr. Los Pinos 656,BT,5,2007-08-13 18:40:37,ACTIVO
1011467,9425,9,Av. Progreso 372,BT,3,2013-10-11 08:32:00,ACTIVO
1011468,9426,23,Pasaje San Martín 7379,BT,8,2002-03-09 04:17:29,ACTIVO
1011469,9427,34,Jr. Los Pinos 4796,BT,1,2010-01-05 17:30:37,ACTIVO
1011470,9428,28,Jr. Panamericana 8716,BT,2,2015-08-01 16:49:26,ACTIVO
1011471,9429,19,Jr. La Molina 1975,BT,5,2005-05-05 05:03:34,ACTIVO
1011472,9429,19,Calle San Martín 1448,BT,2,2001-09-14 04:10:21,ACTIVO
1011473,9430,26,Calle El Sol 3907,BT,8,2002-10-31 16:24:40,ACTIVO
1011474,9431,16,Psje. Panamericana 684,BT,7,2006-09-08 02:13:34,ACTIVO
1011475,9432,26,Pasaje El Sol 1824,BT,1,2011-06-18 19:56:48,ACTIVO
1011476,9433,28,Av. Grau 5742,BT,3,2008-10-30 09:26:19,ACTIVO
1011477,9434,30,Calle Venezuela 3446,BT,8,2014-11-18 21:31:53,ACTIVO
1011478,9435,28,Av. Universitaria 1847,BT,1,2020-03-03 13:57:21,ACTIVO
1011479,9436,14,Psje. Universitaria 5369,BT,2,2017-06-21 20:10:47,ACTIVO
1011480,9437,7,Pasaje Progreso 6671,BT,8,2020-04-11 08:22:02,ACTIVO
1011481,9438,38,Av. Bolívar 3776,BT,3,2008-02-28 22:17:38,ACTIVO
1011482,9438,38,Psje. Progreso 9530,MT,8,2000-09-02 07:14:27,ACTIVO
1011483,9439,28,Av. Universitaria 7620,BT,2,2004-08-21 22:53:40,ACTIVO
1011484,9440,29,Av. Los Pinos 8194,BT,6,2017-12-31 01:12:30,ACTIVO
1011485,9441,15,Pasaje Progreso 706,BT,4,2001-05-02 15:12:46,ACTIVO
1011486,9441,15,Pasaje Universitaria 8727,BT,8,2014-09-23 08:27:23,ACTIVO
1011487,9441,15,Av. Venezuela 4963,BT,4,2003-04-19 09:30:15,ACTIVO
1011488,9442,2,Jr. Universitaria 6186,BT,4,2002-11-19 07:18:04,ACTIVO
1011489,9442,2,Calle Venezuela 8803,BT,2,2001-07-26 23:03:19,ACTIVO
1011490,9442,2,Calle Universitaria 9857,BT,1,2007-05-04 17:42:42,ACTIVO
1011491,9443,15,Pasaje La Molina 7018,BT,2,2013-11-20 13:18:13,ACTIVO
1011492,9443,15,Jr. Universitaria 9366,BT,5,2006-05-27 00:22:01,ACTIVO
1011493,9444,29,Calle Venezuela 7965,BT,6,2012-11-05 19:35:55,ACTIVO
1011494,9445,3,Calle Bolívar 2277,BT,3,2020-07-24 20:46:37,ACTIVO
1011495,9446,15,Pasaje Bolívar 2630,BT,1,2020-10-17 18:10:54,ACTIVO
1011496,9447,31,Pasaje Panamericana 5377,BT,7,2011-04-07 00:03:22,ACTIVO
1011497,9448,7,Jr. Los Pinos 2957,BT,7,2024-11-24 00:00:00,ACTIVO
1011498,9449,3,Psje. Progreso 5133,BT,4,2011-01-16 02:04:21,ACTIVO
1011499,9450,4,Psje. San Martín 4705,BT,5,2012-03-12 19:45:26,ACTIVO
1011500,9450,4,Psje. Bolívar 8763,BT,2,2003-09-05 13:46:06,ACTIVO
1011501,9451,43,Jr. Los Pinos 8513,BT,7,2020-09-07 14:36:18,ACTIVO
1011502,9452,26,Psje. Venezuela 1536,BT,6,2007-07-22 02:31:16,ACTIVO
1011503,9453,8,Jr. San Martín 629,BT,3,2002-12-17 00:00:20,ACTIVO
1011504,9454,3,Pasaje La Molina 4552,BT,1,2000-06-27 11:10:13,ACTIVO
1011505,9455,7,Calle El Sol 7059,BT,5,2006-03-07 16:57:33,ACTIVO
1011506,9456,25,Pasaje San Martín 8470,BT,8,2001-10-15 10:14:40,ACTIVO
1011507,9457,7,Jr. Progreso 1931,BT,1,2000-02-25 14:45:48,ACTIVO
1011508,9458,40,Psje. Universitaria 825,BT,3,2007-01-26 19:12:59,ACTIVO
1011509,9459,15,Av. San Martín 2208,BT,6,2018-04-12 13:26:27,ACTIVO
1011510,9460,9,Pasaje Progreso 197,BT,1,2014-10-19 09:13:51,ACTIVO
1011511,9460,9,Av. La Molina 7295,BT,5,2005-09-18 13:24:32,ACTIVO
1011512,9461,42,Psje. La Molina 608,MT,6,2012-11-12 04:27:28,ACTIVO
1011513,9462,15,Pasaje El Sol 6484,BT,4,2001-07-29 23:54:50,ACTIVO
1011514,9463,3,Av. Venezuela 1318,BT,7,2003-05-08 04:03:25,ACTIVO
1011515,9463,3,Pasaje Panamericana 308,BT,8,2011-02-16 20:34:29,ACTIVO
1011516,9464,28,Calle Grau 5229,BT,8,2013-04-15 03:05:46,ACTIVO
1011517,9464,28,Psje. Progreso 2007,MT,6,2013-10-31 21:46:58,ACTIVO
1011518,9465,4,Av. Universitaria 1563,BT,3,2008-07-27 03:32:55,ACTIVO
1011519,9466,29,Pasaje Universitaria 1122,BT,2,2016-09-17 22:58:53,ACTIVO
1011520,9466,29,Av. Progreso 6018,BT,5,2006-05-20 00:54:26,ACTIVO
1011521,9467,14,Psje. Universitaria 2217,MT,2,2019-01-28 13:19:07,ACTIVO
1011522,9468,9,Jr. Universitaria 7796,BT,7,2016-05-30 19:47:40,ACTIVO
1011523,9469,29,Calle Bolívar 3534,BT,6,2018-08-23 19:36:32,ACTIVO
1011524,9470,4,Calle Bolívar 8458,BT,2,2018-05-12 19:23:56,ACTIVO
1011525,9470,4,Av. La Molina 4708,BT,4,2013-02-09 03:08:52,ACTIVO
1011526,9471,3,Pasaje Panamericana 5215,BT,5,2015-10-08 13:01:05,ACTIVO
1011527,9472,39,Pasaje Los Pinos 112,BT,8,2005-04-13 08:46:12,ACTIVO
1011528,9472,39,Psje. Progreso 2845,BT,4,2006-08-04 17:36:08,ACTIVO
1011529,9473,3,Pasaje Grau 2778,MT,7,2005-03-14 01:24:12,ACTIVO
1011530,9474,29,Jr. El Sol 7874,BT,4,2005-12-25 18:26:10,ACTIVO
1011531,9475,4,Pasaje Venezuela 9946,BT,7,2000-09-24 18:25:44,ACTIVO
1011532,9475,4,Calle Panamericana 9578,BT,3,2019-03-30 21:32:33,ACTIVO
1011533,9476,41,Jr. Grau 6897,BT,4,2007-09-17 03:50:28,ACTIVO
1011534,9477,37,Pasaje El Sol 9125,BT,5,2024-04-10 00:00:00,ACTIVO
1011535,9478,28,Pasaje Los Pinos 6007,BT,8,2010-02-18 22:51:23,ACTIVO
1011536,9479,9,Calle Panamericana 8656,BT,4,2004-07-10 14:35:34,ACTIVO
1011537,9480,9,Av. Universitaria 7834,BT,4,2009-11-05 16:39:45,ACTIVO
1011538,9481,19,Jr. El Sol 6536,BT,4,2014-08-30 03:44:05,ACTIVO
1011539,9482,43,Av. Universitaria 9586,BT,6,2015-04-28 18:26:23,ACTIVO
1011540,9483,22,Av. Progreso 8141,BT,5,2020-08-14 14:09:39,ACTIVO
1011541,9484,30,Psje. Venezuela 5156,BT,2,2002-08-31 04:27:59,ACTIVO
1011542,9485,5,Pasaje Universitaria 2239,BT,4,2016-05-29 14:16:53,ACTIVO
1011543,9485,5,Pasaje La Molina 3318,BT,5,2004-09-03 02:22:32,ACTIVO
1011544,9485,5,Calle La Molina 5887,BT,2,2004-12-05 04:46:55,ACTIVO
1011545,9486,16,Av. El Sol 1499,BT,1,2002-08-14 21:27:47,ACTIVO
1011546,9487,15,Psje. Universitaria 9757,BT,8,2009-07-17 14:30:16,ACTIVO
1011547,9488,39,Av. San Martín 262,BT,8,2007-06-20 09:30:26,ACTIVO
1011548,9489,38,Av. El Sol 586,MT,7,2003-04-26 17:47:34,ACTIVO
1011549,9490,20,Av. San Martín 6908,BT,3,2005-03-11 06:42:07,ACTIVO
1011550,9491,4,Psje. Grau 9243,BT,3,2000-08-22 00:48:41,ACTIVO
1011551,9492,5,Av. El Sol 6904,BT,4,2010-04-03 10:47:54,ACTIVO
1011552,9493,30,Jr. Los Pinos 2986,BT,4,2020-09-29 05:42:21,ACTIVO
1011553,9493,30,Jr. Bolívar 2405,BT,3,2012-05-30 15:04:30,ACTIVO
1011554,9494,5,Av. La Molina 7011,BT,7,2015-12-01 14:59:04,ACTIVO
1011555,9495,30,Jr. Los Pinos 1470,BT,5,2008-06-19 16:13:54,ACTIVO
1011556,9496,15,Calle Panamericana 5391,BT,2,2009-10-05 03:53:33,ACTIVO
1011557,9497,9,Pasaje Progreso 6971,BT,6,2003-04-08 17:47:52,ACTIVO
1011558,9498,4,Pasaje Bolívar 2327,BT,7,2011-08-22 10:06:32,ACTIVO
1011559,9499,15,Jr. Venezuela 3071,BT,2,2009-06-19 01:04:14,ACTIVO
1011560,9500,15,Pasaje Venezuela 7967,BT,3,2006-04-17 19:30:11,ACTIVO
1011561,9501,7,Psje. Bolívar 4670,BT,7,2010-09-14 11:02:59,ACTIVO
1011562,9502,9,Psje. San Martín 4511,BT,1,2010-09-25 20:14:23,ACTIVO
1011563,9503,28,Av. El Sol 8978,BT,7,2012-08-16 01:50:16,ACTIVO
1011564,9504,15,Pasaje Progreso 4889,BT,4,2012-12-11 05:07:35,ACTIVO
1011565,9505,29,Calle San Martín 8778,BT,8,2008-07-21 09:49:19,ACTIVO
1011566,9505,29,Psje. La Molina 6359,BT,3,2016-09-24 22:49:54,ACTIVO
1011567,9506,23,Av. San Martín 6063,BT,4,2003-06-21 04:56:34,ACTIVO
1011568,9506,23,Calle Panamericana 8806,BT,7,2001-01-29 23:19:20,ACTIVO
1011569,9507,3,Calle Grau 7607,BT,2,2017-03-23 17:10:31,ACTIVO
1011570,9508,7,Calle Los Pinos 1067,BT,1,2019-01-30 02:10:40,ACTIVO
1011571,9509,17,Calle Panamericana 3876,BT,2,2006-03-22 09:06:59,ACTIVO
1011572,9509,17,Pasaje San Martín 3617,BT,3,2020-10-25 00:32:18,ACTIVO
1011573,9509,17,Calle La Molina 846,BT,5,2005-06-30 06:03:35,ACTIVO
1011574,9510,23,Av. Panamericana 3047,BT,5,2010-08-10 23:42:59,ACTIVO
1011575,9511,28,Psje. Venezuela 7299,MT,5,2004-10-23 14:55:34,ACTIVO
1011576,9512,15,Pasaje El Sol 9205,BT,7,2018-10-28 05:53:32,ACTIVO
1011577,9512,15,Av. Los Pinos 8193,BT,6,2001-01-30 09:22:30,ACTIVO
1011578,9513,3,Pasaje Panamericana 8251,BT,8,2009-08-14 01:08:48,ACTIVO
1011579,9514,9,Pasaje Bolívar 7884,BT,4,2000-10-31 23:24:11,ACTIVO
1011580,9515,30,Av. Progreso 8369,BT,8,2010-03-05 17:48:08,ACTIVO
1011581,9516,15,Jr. Progreso 2777,BT,8,2007-10-28 16:23:05,ACTIVO
1011582,9517,3,Av. La Molina 3489,BT,8,2018-06-10 16:43:48,ACTIVO
1011583,9518,7,Calle San Martín 3904,BT,7,2000-12-17 16:53:36,ACTIVO
1011584,9519,38,Jr. Bolívar 3530,BT,2,2008-04-02 03:32:06,ACTIVO
1011585,9520,43,Calle San Martín 8857,BT,5,2005-04-18 23:01:30,ACTIVO
1011586,9521,7,Jr. El Sol 1507,MT,2,2014-07-06 22:14:46,ACTIVO
1011587,9522,17,Pasaje San Martín 286,MT,8,2001-05-13 22:19:34,ACTIVO
1011588,9523,9,Av. Los Pinos 9150,BT,4,2005-03-21 23:17:41,ACTIVO
1011589,9523,9,Calle Bolívar 2122,BT,5,2003-10-09 06:26:50,SUSPENDIDO
1011590,9524,9,Calle Grau 6521,BT,6,2011-07-01 00:48:24,ACTIVO
1011591,9524,9,Jr. La Molina 2257,BT,5,2007-03-13 04:12:38,SUSPENDIDO
1011592,9525,7,Jr. Los Pinos 6026,BT,2,2017-01-21 16:20:24,ACTIVO
1011593,9525,7,Pasaje San Martín 810,BT,3,2018-01-06 16:26:33,ACTIVO
1011594,9526,28,Psje. Progreso 3078,BT,7,2005-02-20 02:37:43,ACTIVO
1011595,9527,5,Av. Progreso 4750,BT,7,2004-05-24 03:19:52,ACTIVO
1011596,9528,26,Pasaje Progreso 6728,BT,8,2008-08-04 12:23:44,ACTIVO
1011597,9529,28,Jr. San Martín 1029,BT,1,2016-02-16 17:39:01,ACTIVO
1011598,9530,29,Jr. Grau 1479,BT,5,2018-02-14 05:04:46,ACTIVO
1011599,9531,40,Av. Panamericana 2489,BT,7,2003-09-08 11:12:50,ACTIVO
1011600,9532,9,Av. Panamericana 3688,BT,1,2002-07-14 08:51:47,ACTIVO
1011601,9533,3,Pasaje Grau 2763,BT,2,2019-01-09 05:09:31,ACTIVO
1011602,9534,28,Jr. La Molina 732,BT,6,2001-03-08 18:58:32,ACTIVO
1011603,9535,15,Jr. Universitaria 1768,BT,7,2020-07-04 12:17:06,ACTIVO
1011604,9536,13,Jr. Grau 3182,BT,2,2020-06-13 23:44:15,ACTIVO
1011605,9537,4,Pasaje San Martín 3557,BT,7,2002-08-30 04:00:24,ACTIVO
1011606,9538,42,Psje. Universitaria 9748,BT,3,2005-03-29 22:19:21,ACTIVO
1011607,9539,15,Pasaje El Sol 3384,BT,6,2016-02-21 23:18:27,ACTIVO
1011608,9539,15,Pasaje Venezuela 9437,BT,4,2006-08-10 22:41:35,ACTIVO
1011609,9540,3,Psje. Grau 4198,BT,8,2013-10-29 04:29:25,ACTIVO
1011610,9541,28,Jr. Los Pinos 7288,BT,3,2009-11-17 23:27:43,ACTIVO
1011611,9541,28,Psje. San Martín 5725,BT,1,2013-10-27 04:22:51,ACTIVO
1011612,9541,28,Av. Venezuela 8944,BT,3,2006-04-05 04:48:23,ACTIVO
1011613,9542,26,Av. Venezuela 3556,BT,5,2020-12-15 09:36:26,ACTIVO
1011614,9543,29,Jr. La Molina 7024,BT,6,2011-05-15 16:23:30,ACTIVO
1011615,9544,7,Calle San Martín 7585,BT,6,2009-07-04 10:04:19,ACTIVO
1011616,9545,5,Jr. El Sol 4515,BT,5,2011-06-26 00:11:03,ACTIVO
1011617,9546,13,Calle Panamericana 2433,BT,5,2003-07-15 06:07:25,ACTIVO
1011618,9547,30,Jr. Grau 1841,BT,2,2017-07-07 19:06:28,ACTIVO
1011619,9547,30,Calle Progreso 5372,BT,4,2011-07-07 09:45:39,ACTIVO
1011620,9548,15,Psje. Venezuela 5443,BT,6,2006-03-20 05:47:04,ACTIVO
1011621,9549,7,Pasaje Progreso 4385,BT,1,2008-12-08 06:29:52,ACTIVO
1011622,9550,39,Psje. Universitaria 6682,BT,8,2014-08-01 05:15:14,ACTIVO
1011623,9551,15,Psje. Los Pinos 9039,MT,7,2017-12-18 01:33:09,ACTIVO
1011624,9551,15,Pasaje Bolívar 2351,BT,7,2017-07-19 21:16:29,ACTIVO
1011625,9552,7,Jr. San Martín 9403,BT,8,2005-06-03 02:51:44,ACTIVO
1011626,9552,7,Av. Grau 8610,BT,7,2003-10-05 08:49:10,ACTIVO
1011627,9553,15,Jr. Panamericana 5175,MT,2,2008-05-04 05:35:17,ACTIVO
1011628,9553,15,Av. Bolívar 1486,BT,1,2012-08-05 10:42:02,ACTIVO
1011629,9554,1,Calle Grau 7290,BT,4,2013-10-22 00:44:03,ACTIVO
1011630,9555,30,Calle Grau 9020,BT,5,2002-10-04 19:22:05,ACTIVO
1011631,9556,5,Calle Grau 9134,BT,6,2017-01-17 12:41:24,ACTIVO
1011632,9557,15,Jr. El Sol 9078,BT,3,2010-01-04 22:35:30,ACTIVO
1011633,9558,9,Psje. La Molina 9880,BT,5,2009-02-06 06:22:07,ACTIVO
1011634,9559,14,Psje. Progreso 2209,BT,6,2019-09-29 22:47:46,ACTIVO
1011635,9559,14,Pasaje Venezuela 1564,BT,1,2007-11-29 01:42:15,ACTIVO
1011636,9560,15,Pasaje Los Pinos 5437,BT,5,2019-08-02 00:00:19,INACTIVO
1011637,9560,15,Psje. Grau 9566,BT,5,2007-08-10 14:55:56,ACTIVO
1011638,9561,10,Calle Progreso 6251,BT,1,2000-12-24 16:59:38,ACTIVO
1011639,9562,7,Psje. Los Pinos 1135,BT,6,2020-04-26 00:35:42,ACTIVO
1011640,9562,7,Psje. Progreso 932,BT,7,2018-12-12 17:15:49,ACTIVO
1011641,9563,38,Pasaje Universitaria 8868,BT,1,2001-02-03 15:04:22,INACTIVO
1011642,9564,43,Av. Los Pinos 9463,BT,4,2012-11-14 14:35:31,ACTIVO
1011643,9565,43,Psje. San Martín 2444,BT,6,2001-06-01 08:18:27,ACTIVO
1011644,9566,43,Calle La Molina 4089,BT,4,2000-09-21 13:17:28,ACTIVO
1011645,9567,7,Pasaje Los Pinos 4874,BT,5,2014-08-20 14:07:44,ACTIVO
1011646,9568,15,Psje. Bolívar 8124,BT,3,2019-11-02 14:12:08,ACTIVO
1011647,9569,15,Calle Progreso 787,BT,8,2010-02-02 02:49:55,ACTIVO
1011648,9570,38,Calle Progreso 5035,BT,3,2019-01-05 09:43:07,ACTIVO
1011649,9571,33,Av. Los Pinos 3394,BT,8,2011-07-12 08:52:30,ACTIVO
1011650,9572,14,Jr. Bolívar 4574,BT,7,2015-10-11 10:26:17,ACTIVO
1011651,9573,43,Psje. Grau 8546,BT,6,2003-05-18 19:44:51,ACTIVO
1011652,9574,15,Av. El Sol 9598,BT,4,2017-07-19 14:48:18,ACTIVO
1011653,9575,15,Calle Grau 7905,BT,6,2007-10-07 18:08:31,ACTIVO
1011654,9576,29,Jr. Venezuela 4356,BT,8,2012-08-03 03:56:17,ACTIVO
1011655,9577,19,Jr. Universitaria 6624,BT,2,2006-12-24 17:22:23,ACTIVO
1011656,9577,19,Pasaje Los Pinos 7166,BT,8,2004-08-03 02:20:01,ACTIVO
1011657,9578,22,Pasaje Los Pinos 8939,BT,7,2008-05-11 02:38:55,ACTIVO
1011658,9579,7,Jr. Progreso 4356,BT,7,2005-10-04 20:44:14,SUSPENDIDO
1011659,9580,36,Av. Grau 4291,BT,7,2006-04-18 05:31:02,ACTIVO
1011660,9580,36,Pasaje El Sol 6843,BT,6,2016-12-25 05:51:19,ACTIVO
1011661,9581,24,Av. El Sol 2929,BT,3,2020-06-26 06:12:00,ACTIVO
1011662,9582,9,Av. Panamericana 3903,BT,7,2002-06-21 20:01:47,ACTIVO
1011663,9582,9,Av. Universitaria 2604,BT,3,2002-11-03 14:46:47,ACTIVO
1011664,9583,43,Calle San Martín 2035,BT,3,2007-08-10 18:42:36,ACTIVO
1011665,9584,7,Av. Bolívar 6338,BT,2,2014-09-20 22:52:35,ACTIVO
1011666,9585,5,Psje. Progreso 6811,BT,3,2007-05-18 19:44:22,ACTIVO
1011667,9586,40,Jr. Panamericana 3058,BT,8,2004-03-12 00:42:12,ACTIVO
1011668,9586,40,Psje. San Martín 5801,BT,4,2014-02-28 15:16:55,ACTIVO
1011669,9586,40,Jr. Panamericana 8969,BT,6,2018-02-06 18:53:40,ACTIVO
1011670,9587,15,Av. Progreso 9688,BT,2,2018-08-06 13:34:55,ACTIVO
1011671,9588,29,Psje. Venezuela 4617,BT,1,2017-05-24 04:32:32,ACTIVO
1011672,9589,28,Calle San Martín 9552,BT,2,2008-04-23 20:40:24,ACTIVO
1011673,9589,28,Pasaje Universitaria 7662,BT,1,2012-12-10 16:40:10,ACTIVO
1011674,9590,15,Pasaje Los Pinos 8675,BT,5,2001-02-19 18:05:28,ACTIVO
1011675,9591,39,Calle Panamericana 173,BT,2,2015-01-18 06:22:24,ACTIVO
1011676,9592,8,Psje. Bolívar 5736,BT,5,2015-10-22 22:19:37,ACTIVO
1011677,9593,15,Jr. El Sol 6457,BT,1,2000-04-09 18:14:06,ACTIVO
1011678,9594,8,Calle Universitaria 8065,BT,5,2016-05-24 20:33:53,ACTIVO
1011679,9595,26,Calle Universitaria 2412,BT,1,2017-08-31 16:54:29,INACTIVO
1011680,9595,26,Av. Bolívar 6101,BT,5,2008-10-20 08:29:51,ACTIVO
1011681,9596,29,Av. La Molina 815,BT,5,2007-09-03 16:12:02,ACTIVO
1011682,9597,39,Psje. Panamericana 9042,MT,3,2009-10-21 11:29:34,ACTIVO
1011683,9598,7,Av. Universitaria 5659,BT,7,2015-07-28 07:16:51,ACTIVO
1011684,9599,31,Av. Los Pinos 9390,BT,2,2010-10-27 18:55:02,ACTIVO
1011685,9600,3,Pasaje La Molina 3714,BT,7,2023-12-19 00:00:00,ACTIVO
1011686,9600,3,Calle Panamericana 1109,BT,7,2007-06-21 11:44:18,ACTIVO
1011687,9601,3,Pasaje San Martín 817,BT,5,2001-05-25 12:10:02,ACTIVO
1011688,9602,7,Av. Universitaria 9310,BT,4,2015-08-01 06:36:47,ACTIVO
1011689,9602,7,Pasaje San Martín 392,BT,6,2020-04-16 23:22:18,INACTIVO
1011690,9603,27,Pasaje Venezuela 8215,BT,2,2013-01-30 16:39:12,ACTIVO
1011691,9604,30,Psje. San Martín 3283,BT,3,2000-06-14 07:19:48,ACTIVO
1011692,9605,4,Jr. Los Pinos 4943,MT,1,2019-09-12 21:55:29,ACTIVO
1011693,9606,38,Av. Los Pinos 644,BT,8,2022-03-02 00:00:00,ACTIVO
1011694,9607,19,Jr. San Martín 7407,BT,8,2011-01-17 11:38:11,ACTIVO
1011695,9608,4,Jr. Bolívar 271,BT,3,2006-12-15 21:48:56,ACTIVO
1011696,9609,3,Jr. Grau 5562,BT,1,2000-02-18 04:31:02,ACTIVO
1011697,9610,28,Pasaje Grau 3942,BT,8,2018-04-10 17:52:05,ACTIVO
1011698,9611,26,Jr. Panamericana 1878,BT,4,2012-07-10 12:38:52,ACTIVO
1011699,9611,26,Pasaje Grau 8480,BT,2,2012-08-29 20:58:21,ACTIVO
1011700,9611,26,Av. Bolívar 4444,BT,7,2001-01-31 07:08:33,ACTIVO
1011701,9612,31,Jr. San Martín 8263,BT,3,2013-04-26 17:14:55,ACTIVO
1011702,9612,31,Psje. El Sol 261,BT,4,2009-04-18 16:12:16,ACTIVO
1011703,9613,5,Pasaje San Martín 1548,BT,4,2007-12-17 18:41:26,ACTIVO
1011704,9613,5,Pasaje Venezuela 4300,BT,6,2009-11-28 10:40:47,ACTIVO
1011705,9614,40,Psje. Grau 3943,BT,4,2024-12-08 00:00:00,ACTIVO
1011706,9615,38,Av. Progreso 8957,BT,4,2004-12-24 21:28:06,ACTIVO
1011707,9616,7,Calle El Sol 9418,BT,1,2002-03-15 05:39:00,ACTIVO
1011708,9617,4,Pasaje Grau 9703,BT,4,2007-04-17 17:24:06,ACTIVO
1011709,9618,15,Pasaje Los Pinos 8538,BT,2,2004-03-09 09:17:32,ACTIVO
1011710,9619,20,Psje. Panamericana 9494,BT,5,2013-07-29 18:22:14,ACTIVO
1011711,9620,13,Jr. La Molina 3240,BT,3,2012-09-09 02:56:37,ACTIVO
1011712,9621,6,Calle Grau 6690,BT,4,2003-07-20 23:03:18,ACTIVO
1011713,9622,5,Jr. San Martín 993,BT,6,2000-12-18 23:37:22,ACTIVO
1011714,9623,34,Pasaje El Sol 7288,BT,6,2014-07-02 22:19:11,ACTIVO
1011715,9624,7,Av. El Sol 8332,BT,7,2009-07-10 12:41:14,ACTIVO
1011716,9625,15,Av. Progreso 7732,BT,6,2015-04-17 23:06:44,ACTIVO
1011717,9625,15,Psje. Grau 990,BT,7,2003-09-15 21:35:17,ACTIVO
1011718,9626,43,Calle Progreso 9607,BT,8,2015-12-18 21:58:44,ACTIVO
1011719,9627,43,Jr. Bolívar 2404,BT,7,2008-10-17 17:55:53,ACTIVO
1011720,9627,43,Pasaje Venezuela 8021,BT,4,2018-05-20 05:47:04,ACTIVO
1011721,9628,35,Calle San Martín 6518,BT,1,2004-10-12 21:30:50,SUSPENDIDO
1011722,9628,35,Calle Progreso 9851,BT,4,2006-11-26 14:50:04,ACTIVO
1011723,9629,7,Psje. Progreso 2176,MT,2,2004-06-01 21:57:15,ACTIVO
1011724,9630,13,Pasaje Panamericana 3307,BT,3,2014-05-07 15:30:18,ACTIVO
1011725,9631,26,Psje. Bolívar 1310,BT,1,2010-09-04 04:27:39,ACTIVO
1011726,9632,19,Pasaje San Martín 7548,BT,4,2014-10-08 12:41:31,ACTIVO
1011727,9633,39,Pasaje El Sol 6392,BT,1,2004-03-08 15:54:57,ACTIVO
1011728,9634,9,Calle Venezuela 6392,BT,5,2009-04-10 21:12:34,ACTIVO
1011729,9635,43,Pasaje Grau 9195,BT,4,2014-04-12 08:14:38,ACTIVO
1011730,9636,15,Jr. Venezuela 9108,BT,2,2019-04-17 22:36:12,ACTIVO
1011731,9637,26,Psje. Panamericana 9047,BT,4,2018-02-02 20:36:27,ACTIVO
1011732,9638,23,Pasaje La Molina 3921,BT,4,2018-03-10 18:08:58,ACTIVO
1011733,9639,15,Pasaje Venezuela 2330,BT,5,2015-05-08 01:18:41,SUSPENDIDO
1011734,9640,5,Jr. Universitaria 156,BT,3,2015-10-04 13:00:02,ACTIVO
1011735,9641,15,Calle Bolívar 3973,BT,6,2017-09-26 05:55:51,ACTIVO
1011736,9642,25,Jr. Progreso 1844,BT,4,2017-12-09 20:15:20,ACTIVO
1011737,9643,9,Jr. Venezuela 3867,BT,1,2001-03-31 01:38:15,ACTIVO
1011738,9644,39,Psje. Universitaria 8564,BT,3,2012-04-09 23:05:33,ACTIVO
1011739,9645,39,Calle Grau 840,BT,5,2008-01-10 15:14:16,ACTIVO
1011740,9645,39,Psje. Progreso 2287,BT,7,2016-06-06 20:27:58,ACTIVO
1011741,9646,7,Jr. Panamericana 2940,BT,1,2001-06-04 12:45:21,ACTIVO
1011742,9647,20,Jr. Progreso 291,BT,1,2017-06-11 20:31:04,ACTIVO
1011743,9648,9,Jr. La Molina 8227,BT,1,2006-08-31 07:47:44,ACTIVO
1011744,9649,19,Jr. Venezuela 9279,BT,2,2011-02-10 18:47:22,ACTIVO
1011745,9650,3,Av. La Molina 3094,MT,8,2009-08-25 16:20:17,ACTIVO
1011746,9651,40,Psje. Panamericana 3792,BT,7,2009-06-06 16:47:18,ACTIVO
1011747,9652,20,Pasaje San Martín 8486,BT,1,2008-02-28 00:54:51,ACTIVO
1011748,9653,15,Calle Los Pinos 9840,BT,5,2001-09-23 00:17:09,ACTIVO
1011749,9654,9,Jr. Grau 2893,BT,4,2011-08-28 20:05:23,ACTIVO
1011750,9655,23,Pasaje Progreso 7910,BT,5,2014-09-07 21:19:31,ACTIVO
1011751,9656,20,Av. Universitaria 1595,BT,2,2016-06-04 08:50:56,ACTIVO
1011752,9657,1,Calle Panamericana 7076,BT,7,2014-02-05 12:39:48,ACTIVO
1011753,9657,1,Calle Progreso 7128,BT,2,2019-05-20 12:47:02,SUSPENDIDO
1011754,9657,1,Pasaje Grau 4310,BT,7,2000-07-27 05:45:27,ACTIVO
1011755,9658,28,Psje. Venezuela 3260,BT,2,2004-10-30 03:35:11,ACTIVO
1011756,9659,19,Jr. Grau 2007,BT,7,2009-07-25 21:41:06,ACTIVO
1011757,9660,7,Pasaje La Molina 1906,BT,2,2002-11-03 08:12:32,ACTIVO
1011758,9660,7,Psje. Los Pinos 246,BT,3,2012-09-05 13:43:31,ACTIVO
1011759,9661,42,Pasaje Universitaria 435,BT,7,2018-04-02 02:27:20,ACTIVO
1011760,9662,29,Pasaje San Martín 587,BT,4,2014-04-16 08:33:50,ACTIVO
1011761,9662,29,Av. Progreso 2298,BT,4,2018-12-06 12:54:38,ACTIVO
1011762,9663,32,Jr. Los Pinos 9407,BT,6,2009-07-07 08:26:58,ACTIVO
1011763,9663,32,Pasaje Universitaria 8086,BT,4,2000-05-03 23:00:10,ACTIVO
1011764,9664,38,Jr. Grau 9683,BT,8,2002-03-02 18:03:12,ACTIVO
1011765,9664,38,Jr. La Molina 5274,BT,2,2007-08-12 19:46:34,ACTIVO
1011766,9665,11,Av. Venezuela 1231,BT,5,2005-08-27 16:36:48,ACTIVO
1011767,9666,39,Pasaje El Sol 6759,BT,2,2011-12-04 17:26:52,ACTIVO
1011768,9667,15,Psje. Grau 5961,BT,7,2005-12-21 17:08:18,ACTIVO
1011769,9668,3,Jr. Los Pinos 4742,BT,8,2010-10-22 02:43:11,ACTIVO
1011770,9669,29,Av. Grau 4938,BT,7,2004-07-27 15:48:33,ACTIVO
1011771,9670,28,Psje. Progreso 3805,BT,3,2012-05-16 13:04:54,INACTIVO
1011772,9671,26,Pasaje Bolívar 5733,BT,7,2008-04-21 05:19:29,ACTIVO
1011773,9672,37,Jr. Grau 7860,BT,5,2009-02-05 16:48:00,ACTIVO
1011774,9673,29,Calle El Sol 1398,BT,8,2020-10-28 14:31:23,ACTIVO
1011775,9673,29,Pasaje El Sol 1778,BT,3,2007-12-03 00:24:59,ACTIVO
1011776,9674,4,Jr. El Sol 2982,BT,3,2011-08-12 20:42:18,ACTIVO
1011777,9675,30,Pasaje Universitaria 7918,BT,8,2005-08-15 21:56:09,ACTIVO
1011778,9676,26,Pasaje El Sol 7231,BT,4,2000-04-16 06:51:41,ACTIVO
1011779,9677,15,Jr. Panamericana 3526,BT,4,2011-12-26 00:32:41,ACTIVO
1011780,9678,18,Av. Panamericana 7537,BT,7,2009-06-03 16:29:39,ACTIVO
1011781,9679,29,Jr. Venezuela 2844,BT,5,2016-12-05 23:59:12,ACTIVO
1011782,9679,29,Pasaje Universitaria 6951,BT,5,2007-02-18 01:49:11,ACTIVO
1011783,9680,7,Jr. San Martín 1344,BT,2,2014-08-21 04:44:43,ACTIVO
1011784,9681,11,Psje. San Martín 4342,BT,3,2007-12-06 00:04:08,ACTIVO
1011785,9681,11,Psje. San Martín 2153,BT,8,2013-10-30 16:19:43,ACTIVO
1011786,9682,5,Psje. La Molina 5875,BT,4,2019-11-21 23:55:22,ACTIVO
1011787,9683,30,Jr. Grau 7602,BT,2,2008-10-18 04:46:10,ACTIVO
1011788,9684,15,Calle Universitaria 1486,BT,3,2001-07-26 04:25:43,ACTIVO
1011789,9685,34,Psje. Bolívar 1213,BT,3,2010-06-09 08:09:22,ACTIVO
1011790,9686,11,Pasaje Universitaria 8137,BT,7,2013-07-25 07:56:07,ACTIVO
1011791,9687,26,Calle San Martín 3505,BT,5,2011-02-19 08:16:36,ACTIVO
1011792,9688,15,Calle La Molina 2832,BT,7,2002-03-30 03:34:10,ACTIVO
1011793,9689,7,Pasaje San Martín 5836,BT,2,2015-07-18 04:34:54,ACTIVO
1011794,9690,1,Jr. San Martín 3100,BT,6,2014-09-25 13:25:02,ACTIVO
1011795,9690,1,Calle Grau 6503,BT,2,2019-05-12 01:30:44,ACTIVO
1011796,9691,14,Jr. Grau 8254,MT,6,2004-02-21 09:37:41,ACTIVO
1011797,9692,7,Pasaje Los Pinos 8761,BT,7,2009-07-30 23:08:29,ACTIVO
1011798,9693,5,Av. Panamericana 9017,BT,1,2012-05-27 20:09:55,ACTIVO
1011799,9693,5,Psje. Bolívar 5313,BT,3,2013-09-16 05:03:07,ACTIVO
1011800,9694,8,Psje. Bolívar 1702,BT,7,2010-04-16 18:44:53,ACTIVO
1011801,9694,8,Pasaje Panamericana 1751,MT,3,2020-07-02 12:05:28,ACTIVO
1011802,9694,8,Jr. Venezuela 6009,BT,3,2016-12-24 18:08:39,ACTIVO
1011803,9695,43,Calle Progreso 1609,BT,4,2000-09-28 06:24:52,ACTIVO
1011804,9695,43,Jr. Panamericana 2065,BT,3,2018-01-25 07:37:30,ACTIVO
1011805,9696,43,Jr. Grau 3901,BT,7,2009-11-18 22:13:23,ACTIVO
1011806,9697,15,Jr. Universitaria 9399,BT,7,2006-11-20 11:07:47,ACTIVO
1011807,9698,26,Jr. Grau 5861,BT,7,2014-05-30 19:17:25,ACTIVO
1011808,9699,29,Jr. Universitaria 5579,BT,2,2011-03-01 06:08:54,ACTIVO
1011809,9700,15,Av. Universitaria 1619,BT,2,2015-06-19 20:26:01,ACTIVO
1011810,9701,5,Calle La Molina 8568,BT,6,2008-05-30 20:57:56,ACTIVO
1011811,9702,31,Calle La Molina 9022,BT,2,2019-04-06 00:19:08,ACTIVO
1011812,9703,4,Jr. Los Pinos 6898,BT,3,2012-07-19 02:10:53,ACTIVO
1011813,9704,7,Pasaje Venezuela 7261,MT,6,2002-08-03 19:49:47,SUSPENDIDO
1011814,9705,9,Calle Grau 2458,BT,3,2002-01-05 09:45:17,ACTIVO
1011815,9706,28,Calle Panamericana 8551,BT,5,2017-09-06 22:25:18,ACTIVO
1011816,9707,4,Av. Los Pinos 3388,BT,7,2015-08-08 16:11:28,ACTIVO
1011817,9708,31,Av. Panamericana 8609,BT,7,2011-03-06 04:11:38,ACTIVO
1011818,9709,29,Jr. Universitaria 6803,BT,2,2004-08-06 00:30:32,ACTIVO
1011819,9710,9,Jr. Venezuela 852,BT,4,2018-05-29 15:20:36,ACTIVO
1011820,9711,34,Jr. El Sol 2104,BT,2,2007-07-29 03:54:21,ACTIVO
1011821,9712,30,Pasaje Panamericana 2376,BT,3,2024-06-22 00:00:00,ACTIVO
1011822,9713,22,Jr. Panamericana 2578,BT,7,2003-03-26 01:00:02,ACTIVO
1011823,9714,24,Calle Los Pinos 5944,BT,7,2017-08-26 09:22:24,ACTIVO
1011824,9715,15,Av. Bolívar 1787,BT,4,2005-08-29 03:23:32,ACTIVO
1011825,9716,29,Calle Venezuela 1011,BT,6,2012-09-27 15:59:22,ACTIVO
1011826,9717,26,Pasaje Grau 7216,BT,2,2000-02-04 10:43:07,ACTIVO
1011827,9718,32,Pasaje El Sol 1958,BT,7,2003-05-09 05:37:16,ACTIVO
1011828,9719,40,Jr. Universitaria 6033,BT,2,2000-09-07 12:47:32,INACTIVO
1011829,9719,40,Psje. Los Pinos 404,BT,3,2008-01-24 11:05:25,ACTIVO
1011830,9720,3,Jr. San Martín 575,BT,5,2005-09-13 20:05:46,ACTIVO
1011831,9721,9,Psje. Grau 4117,BT,1,2009-08-18 04:09:43,ACTIVO
1011832,9721,9,Psje. El Sol 6981,BT,5,2014-02-01 14:45:56,ACTIVO
1011833,9721,9,Jr. Panamericana 4555,BT,2,2001-11-29 06:41:57,ACTIVO
1011834,9722,15,Pasaje Los Pinos 6703,BT,8,2005-06-17 12:57:25,ACTIVO
1011835,9723,7,Pasaje Panamericana 6280,BT,6,2006-04-27 18:14:59,ACTIVO
1011836,9724,7,Pasaje San Martín 9516,BT,2,2003-11-19 01:35:37,ACTIVO
1011837,9725,17,Psje. Los Pinos 1168,BT,5,2010-07-28 16:59:00,ACTIVO
1011838,9725,17,Av. Venezuela 2991,BT,5,2012-07-08 19:18:56,ACTIVO
1011839,9726,32,Jr. Universitaria 5064,BT,8,2013-10-23 10:30:46,ACTIVO
1011840,9727,4,Psje. Bolívar 2004,BT,6,2013-02-02 22:19:04,ACTIVO
1011841,9728,15,Psje. Bolívar 1788,BT,6,2015-05-25 03:03:53,SUSPENDIDO
1011842,9728,15,Calle La Molina 4101,BT,1,2013-04-05 11:50:30,ACTIVO
1011843,9729,15,Av. Universitaria 3940,BT,5,2015-07-10 21:28:03,ACTIVO
1011844,9730,39,Av. La Molina 5600,BT,4,2015-10-24 14:38:54,ACTIVO
1011845,9730,39,Psje. Los Pinos 6475,BT,4,2020-03-01 07:12:59,ACTIVO
1011846,9731,23,Jr. Universitaria 7088,BT,6,2005-04-16 19:18:38,ACTIVO
1011847,9732,26,Jr. Los Pinos 4598,BT,7,2010-01-10 07:09:35,INACTIVO
1011848,9733,28,Psje. Progreso 5537,BT,3,2013-01-09 10:52:49,ACTIVO
1011849,9734,5,Av. El Sol 7461,BT,4,2012-09-24 19:52:12,ACTIVO
1011850,9735,15,Calle Grau 1080,BT,1,2005-08-15 10:36:05,INACTIVO
1011851,9736,7,Calle Grau 486,BT,6,2001-01-25 03:20:00,ACTIVO
1011852,9737,15,Av. San Martín 5625,BT,2,2011-10-11 00:17:08,ACTIVO
1011853,9738,19,Psje. Venezuela 6159,BT,1,2017-12-02 09:13:20,ACTIVO
1011854,9739,13,Psje. San Martín 7462,BT,7,2024-12-20 00:00:00,ACTIVO
1011855,9739,13,Psje. Los Pinos 8788,BT,1,2018-01-30 17:13:50,ACTIVO
1011856,9739,13,Av. Universitaria 7386,BT,7,2001-03-04 12:26:31,ACTIVO
1011857,9740,7,Calle Progreso 237,BT,2,2020-07-09 00:00:00,ACTIVO
1011858,9741,3,Av. Los Pinos 3894,BT,8,2015-10-11 04:16:13,ACTIVO
1011859,9742,15,Av. Panamericana 4960,BT,1,2006-06-16 00:57:58,ACTIVO
1011860,9743,39,Calle Los Pinos 8967,BT,5,2017-06-11 08:15:46,ACTIVO
1011861,9744,38,Psje. Venezuela 6290,BT,2,2020-04-04 02:19:00,ACTIVO
1011862,9745,28,Psje. Bolívar 115,BT,4,2014-12-09 14:01:42,ACTIVO
1011863,9746,11,Jr. Grau 5287,MT,5,2001-01-17 06:54:28,ACTIVO
1011864,9747,14,Calle Venezuela 3090,BT,2,2020-03-07 00:07:04,ACTIVO
1011865,9748,9,Pasaje Panamericana 2962,MT,2,2019-07-31 05:59:10,ACTIVO
1011866,9748,9,Av. Grau 6553,BT,6,2015-01-02 08:54:13,ACTIVO
1011867,9749,43,Jr. Grau 2950,BT,4,2006-08-18 21:47:08,ACTIVO
1011868,9750,5,Jr. Venezuela 3449,BT,1,2016-08-25 13:17:15,ACTIVO
1011869,9750,5,Pasaje La Molina 1126,BT,2,2004-09-17 04:41:41,ACTIVO
1011870,9751,15,Calle Universitaria 5830,BT,7,2013-05-12 08:15:50,ACTIVO
1011871,9752,43,Av. Universitaria 4981,BT,5,2004-10-12 11:04:14,ACTIVO
1011872,9753,30,Psje. Venezuela 1900,BT,5,2011-04-21 04:49:12,ACTIVO
1011873,9754,17,Calle La Molina 6131,BT,5,2022-02-22 00:00:00,ACTIVO
1011874,9754,17,Psje. Universitaria 230,BT,1,2014-06-08 02:02:24,ACTIVO
1011875,9755,8,Jr. Grau 3016,BT,1,2005-04-14 19:01:34,ACTIVO
1011876,9756,4,Jr. Venezuela 1701,BT,5,2004-11-13 01:16:21,ACTIVO
1011877,9757,16,Calle La Molina 9009,BT,4,2007-01-17 16:04:56,ACTIVO
1011878,9757,16,Av. El Sol 3975,BT,7,2000-10-04 21:48:32,ACTIVO
1011879,9758,7,Pasaje El Sol 9398,BT,7,2012-10-21 18:08:55,ACTIVO
1011880,9758,7,Psje. Universitaria 3891,MT,8,2009-05-23 11:33:49,ACTIVO
1011881,9759,26,Psje. Grau 8178,BT,4,2012-04-06 09:43:56,ACTIVO
1011882,9760,12,Calle El Sol 9151,BT,2,2020-09-04 14:00:04,ACTIVO
1011883,9761,12,Psje. Los Pinos 7915,BT,7,2020-12-14 06:52:47,ACTIVO
1011884,9762,13,Jr. Los Pinos 4323,BT,1,2001-04-10 08:15:49,ACTIVO
1011885,9763,28,Calle Grau 4686,BT,1,2009-01-09 14:31:40,ACTIVO
1011886,9764,16,Jr. Progreso 8970,BT,6,2012-07-21 10:33:29,ACTIVO
1011887,9765,43,Calle Los Pinos 195,BT,4,2000-07-24 16:32:53,ACTIVO
1011888,9766,9,Av. Universitaria 9064,BT,5,2000-06-05 06:36:21,ACTIVO
1011889,9767,3,Pasaje Progreso 8336,BT,1,2007-07-21 05:06:18,ACTIVO
1011890,9768,15,Calle El Sol 6157,BT,3,2012-07-11 10:26:51,ACTIVO
1011891,9769,20,Pasaje Progreso 8869,BT,4,2023-02-04 00:00:00,ACTIVO
1011892,9770,30,Psje. Grau 1243,BT,5,2016-09-26 11:23:58,ACTIVO
1011893,9771,14,Pasaje San Martín 8897,BT,1,2010-09-15 07:28:53,ACTIVO
1011894,9772,28,Av. Grau 8754,BT,4,2001-08-06 23:44:50,ACTIVO
1011895,9773,5,Av. Venezuela 3293,BT,6,2008-10-14 02:18:30,ACTIVO
1011896,9774,16,Psje. El Sol 4004,BT,7,2002-05-25 14:08:22,ACTIVO
1011897,9775,15,Calle Venezuela 4887,BT,3,2008-03-25 03:17:16,ACTIVO
1011898,9775,15,Jr. Progreso 9682,BT,1,2018-07-04 02:27:11,ACTIVO
1011899,9776,15,Av. Panamericana 8119,BT,3,2010-08-27 21:06:14,ACTIVO
1011900,9777,43,Av. Bolívar 4154,BT,4,2018-11-29 08:14:48,INACTIVO
1011901,9778,36,Calle San Martín 9109,BT,1,2009-03-09 00:07:43,ACTIVO
1011902,9779,29,Jr. Universitaria 2878,BT,6,2011-09-02 14:59:11,ACTIVO
1011903,9780,40,Pasaje Universitaria 7266,BT,6,2010-03-21 12:58:33,ACTIVO
1011904,9781,27,Calle Progreso 6387,BT,1,2004-05-21 11:45:21,ACTIVO
1011905,9782,4,Pasaje San Martín 7118,BT,4,2017-10-22 13:15:32,ACTIVO
1011906,9783,28,Av. El Sol 9098,BT,5,2000-10-10 16:06:53,ACTIVO
1011907,9784,5,Av. Progreso 5603,BT,3,2003-06-19 17:03:15,ACTIVO
1011908,9785,15,Jr. Universitaria 9063,BT,2,2020-05-06 16:26:35,ACTIVO
1011909,9786,28,Av. El Sol 9692,BT,4,2003-02-06 20:37:11,ACTIVO
1011910,9787,9,Calle Progreso 2341,BT,5,2007-08-01 07:37:59,ACTIVO
1011911,9788,15,Psje. San Martín 9861,BT,4,2006-03-01 03:06:31,ACTIVO
1011912,9789,7,Jr. La Molina 2658,BT,2,2010-04-02 23:21:43,ACTIVO
1011913,9789,7,Av. Los Pinos 5612,BT,5,2004-07-20 21:33:18,ACTIVO
1011914,9789,7,Calle El Sol 960,BT,4,2015-06-22 19:41:59,ACTIVO
1011915,9790,27,Calle Panamericana 7590,BT,2,2010-07-01 16:58:58,ACTIVO
1011916,9791,7,Jr. Progreso 1024,BT,1,2020-02-03 13:54:03,ACTIVO
1011917,9792,20,Psje. Grau 6708,BT,2,2003-09-07 18:20:56,ACTIVO
1011918,9793,20,Pasaje Progreso 5294,MT,5,2013-10-09 07:14:39,ACTIVO
1011919,9793,20,Psje. Venezuela 5236,MT,5,2011-05-31 04:04:21,ACTIVO
1011920,9794,9,Psje. Grau 4796,BT,6,2007-03-31 18:23:11,ACTIVO
1011921,9795,15,Psje. Grau 7120,BT,6,2008-11-07 11:32:00,ACTIVO
1011922,9796,43,Av. Bolívar 5832,BT,7,2018-01-09 21:49:02,ACTIVO
1011923,9796,43,Jr. Panamericana 5966,BT,5,2013-08-27 19:11:53,ACTIVO
1011924,9797,13,Psje. Grau 5290,BT,7,2007-08-29 07:51:30,ACTIVO
1011925,9798,43,Pasaje Panamericana 2513,BT,4,2007-04-17 16:53:07,ACTIVO
1011926,9799,13,Av. Grau 4573,BT,2,2012-12-26 23:51:52,ACTIVO
1011927,9800,3,Av. San Martín 3047,BT,4,2011-10-13 01:18:38,ACTIVO
1011928,9801,43,Pasaje Venezuela 7567,BT,1,2020-02-16 14:32:01,ACTIVO
1011929,9802,7,Calle Bolívar 6041,BT,2,2016-12-21 12:00:23,ACTIVO
1011930,9802,7,Jr. Grau 6966,BT,4,2011-09-12 00:37:23,ACTIVO
1011931,9802,7,Jr. San Martín 9696,BT,5,2004-03-03 12:42:19,ACTIVO
1011932,9803,43,Psje. Bolívar 5876,BT,3,2006-05-22 18:50:03,ACTIVO
1011933,9804,41,Calle San Martín 9240,BT,7,2014-01-17 01:32:36,ACTIVO
1011934,9805,38,Calle Progreso 8497,BT,4,2015-05-25 15:00:05,ACTIVO
1011935,9806,30,Pasaje El Sol 5721,BT,7,2014-01-16 17:25:10,ACTIVO
1011936,9807,3,Jr. San Martín 3648,BT,7,2002-12-31 12:22:18,ACTIVO
1011937,9808,35,Calle San Martín 9981,BT,2,2006-09-07 02:05:32,ACTIVO
1011938,9809,29,Psje. Venezuela 6411,BT,1,2012-08-15 01:51:07,ACTIVO
1011939,9810,15,Psje. Universitaria 7644,BT,2,2012-08-03 21:28:18,ACTIVO
1011940,9811,34,Calle Los Pinos 3254,BT,2,2018-05-27 13:05:35,ACTIVO
1011941,9811,34,Pasaje Progreso 3280,BT,4,2013-05-22 23:56:35,ACTIVO
1011942,9812,43,Calle Panamericana 5343,BT,7,2011-11-22 19:57:55,ACTIVO
1011943,9812,43,Av. Grau 7054,BT,8,2008-02-23 06:13:55,ACTIVO
1011944,9813,7,Calle La Molina 9471,BT,3,2004-09-13 05:30:19,ACTIVO
1011945,9814,3,Jr. Grau 1497,BT,4,2001-04-21 10:04:02,ACTIVO
1011946,9815,5,Av. El Sol 8461,BT,8,2003-02-19 20:19:59,ACTIVO
1011947,9816,9,Psje. Universitaria 2808,BT,1,2017-02-07 15:44:19,ACTIVO
1011948,9817,43,Calle Los Pinos 5092,BT,5,2006-07-14 19:38:06,ACTIVO
1011949,9818,7,Psje. Bolívar 5929,BT,3,2018-11-11 20:03:14,ACTIVO
1011950,9819,9,Pasaje Venezuela 7875,BT,1,2001-04-01 19:00:25,ACTIVO
1011951,9820,38,Psje. Panamericana 393,MT,3,2013-09-06 11:23:29,SUSPENDIDO
1011952,9821,39,Calle Universitaria 7922,BT,8,2015-05-07 23:54:58,ACTIVO
1011953,9822,29,Av. La Molina 1156,BT,7,2019-03-04 15:25:51,ACTIVO
1011954,9823,20,Calle Panamericana 7821,BT,2,2018-10-29 21:28:28,ACTIVO
1011955,9824,28,Psje. El Sol 3321,BT,1,2008-02-08 05:08:15,ACTIVO
1011956,9825,11,Pasaje Venezuela 5594,BT,8,2000-01-19 12:29:15,ACTIVO
1011957,9826,7,Av. Venezuela 4206,BT,8,2020-04-10 20:26:35,ACTIVO
1011958,9827,13,Av. El Sol 3889,BT,3,2020-07-19 00:00:00,ACTIVO
1011959,9828,8,Pasaje Venezuela 1996,BT,2,2013-12-12 00:11:32,ACTIVO
1011960,9828,8,Calle Progreso 3475,BT,5,2004-10-07 07:33:51,ACTIVO
1011961,9829,21,Av. Los Pinos 2704,BT,3,2008-05-30 14:23:15,ACTIVO
1011962,9830,30,Psje. La Molina 9614,BT,2,2008-01-07 10:35:57,ACTIVO
1011963,9831,30,Psje. Universitaria 1102,BT,1,2018-02-25 16:24:00,SUSPENDIDO
1011964,9832,25,Calle San Martín 562,BT,3,2007-10-11 07:44:31,ACTIVO
1011965,9833,39,Av. Panamericana 3348,BT,3,2014-04-19 21:51:38,ACTIVO
1011966,9834,22,Psje. Venezuela 9077,BT,4,2002-11-10 21:08:36,ACTIVO
1011967,9835,3,Jr. Bolívar 9732,BT,3,2000-02-05 06:32:58,SUSPENDIDO
1011968,9836,26,Calle Panamericana 8468,BT,6,2002-06-18 10:34:37,ACTIVO
1011969,9836,26,Av. Panamericana 4095,BT,8,2015-01-09 01:02:57,ACTIVO
1011970,9837,28,Pasaje San Martín 3165,BT,3,2002-11-16 02:11:27,ACTIVO
1011971,9838,36,Psje. Venezuela 2114,BT,2,2010-12-23 00:51:29,ACTIVO
1011972,9839,7,Pasaje Universitaria 3987,BT,7,2016-12-31 16:11:55,ACTIVO
1011973,9840,30,Pasaje La Molina 2817,BT,5,2019-03-10 11:53:43,ACTIVO
1011974,9840,30,Av. San Martín 8028,BT,7,2012-12-17 06:50:53,ACTIVO
1011975,9841,39,Pasaje El Sol 9114,BT,7,2012-03-10 06:16:57,ACTIVO
1011976,9842,39,Av. El Sol 3982,BT,6,2015-12-12 22:17:35,ACTIVO
1011977,9843,38,Psje. El Sol 919,BT,7,2000-09-02 21:00:29,ACTIVO
1011978,9844,4,Jr. El Sol 8940,BT,6,2011-04-29 12:08:43,ACTIVO
1011979,9845,39,Psje. Progreso 2047,BT,2,2002-10-17 17:37:09,SUSPENDIDO
1011980,9846,13,Jr. Panamericana 5335,BT,1,2017-08-01 14:53:37,ACTIVO
1011981,9847,5,Calle El Sol 2638,BT,1,2012-02-05 23:26:45,ACTIVO
1011982,9848,3,Jr. Universitaria 1160,BT,2,2012-04-18 11:08:21,ACTIVO
1011983,9849,4,Psje. Progreso 2428,BT,3,2004-06-15 22:18:11,ACTIVO
1011984,9850,5,Av. Los Pinos 4633,BT,4,2004-07-24 05:05:46,ACTIVO
1011985,9851,3,Av. Grau 7410,BT,7,2008-08-27 16:07:28,ACTIVO
1011986,9852,19,Calle El Sol 6132,BT,4,2001-04-01 07:17:27,ACTIVO
1011987,9853,13,Jr. Progreso 5866,BT,3,2008-04-19 14:33:10,ACTIVO
1011988,9854,32,Av. Progreso 1851,BT,7,2003-05-03 11:44:57,ACTIVO
1011989,9854,32,Av. Venezuela 2315,BT,6,2014-01-09 04:57:38,ACTIVO
1011990,9855,9,Jr. El Sol 5973,BT,4,2011-02-27 21:54:51,ACTIVO
1011991,9856,28,Pasaje Progreso 1709,BT,7,2004-09-18 13:45:03,ACTIVO
1011992,9857,43,Calle El Sol 9377,BT,2,2018-10-19 20:36:14,ACTIVO
1011993,9858,15,Pasaje Los Pinos 3078,BT,3,2004-02-17 13:07:20,ACTIVO
1011994,9858,15,Pasaje La Molina 2477,BT,4,2009-12-15 09:27:22,ACTIVO
1011995,9859,15,Av. Panamericana 5538,BT,5,2009-06-29 18:12:57,ACTIVO
1011996,9860,23,Pasaje Universitaria 7524,BT,1,2008-06-12 21:25:53,ACTIVO
1011997,9861,42,Av. Progreso 135,BT,5,2001-12-19 00:41:39,ACTIVO
1011998,9862,36,Av. La Molina 8935,BT,2,2019-02-12 14:46:34,ACTIVO
1011999,9862,36,Calle Los Pinos 2415,BT,6,2009-08-21 20:22:45,ACTIVO
1012000,9863,8,Psje. Los Pinos 970,BT,1,2000-03-09 08:50:47,INACTIVO
1012001,9864,29,Av. San Martín 3795,BT,6,2020-08-26 17:47:05,ACTIVO
1012002,9865,26,Jr. El Sol 6579,BT,3,2005-07-03 18:21:04,ACTIVO
1012003,9866,3,Psje. Universitaria 4599,BT,3,2020-03-10 08:19:26,ACTIVO
1012004,9867,38,Psje. Universitaria 5013,BT,2,2000-07-25 01:48:52,ACTIVO
1012005,9868,7,Pasaje Venezuela 4319,BT,1,2016-03-19 04:16:29,ACTIVO
1012006,9869,43,Jr. San Martín 6345,BT,1,2005-12-20 04:04:50,ACTIVO
1012007,9870,29,Psje. San Martín 2708,BT,6,2000-03-23 13:34:49,ACTIVO
1012008,9871,9,Psje. San Martín 8252,BT,5,2018-04-22 01:12:16,ACTIVO
1012009,9872,42,Calle La Molina 4314,BT,5,2018-02-13 15:52:41,ACTIVO
1012010,9872,42,Jr. Progreso 3259,BT,5,2008-09-02 12:39:11,ACTIVO
1012011,9873,3,Av. Venezuela 4541,BT,6,2001-07-25 15:24:52,ACTIVO
1012012,9874,39,Psje. Venezuela 9403,BT,6,2011-10-13 00:01:32,ACTIVO
1012013,9875,13,Calle La Molina 474,BT,2,2000-06-11 14:43:05,ACTIVO
1012014,9876,9,Jr. Venezuela 2051,BT,6,2015-02-14 14:20:11,ACTIVO
1012015,9877,7,Av. El Sol 138,BT,4,2004-05-31 02:46:36,ACTIVO
1012016,9878,19,Psje. Venezuela 408,BT,7,2009-04-17 19:36:43,ACTIVO
1012017,9879,23,Pasaje La Molina 3626,BT,8,2014-02-09 14:39:13,ACTIVO
1012018,9880,13,Calle Progreso 6426,BT,3,2013-11-28 15:12:45,ACTIVO
1012019,9881,3,Av. Universitaria 7204,BT,5,2016-04-25 07:51:51,ACTIVO
1012020,9882,5,Calle Progreso 4594,BT,6,2016-11-29 19:18:37,ACTIVO
1012021,9883,38,Calle El Sol 7986,BT,2,2012-03-30 01:01:25,ACTIVO
1012022,9883,38,Psje. Bolívar 5061,BT,2,2007-01-06 16:02:28,ACTIVO
1012023,9884,10,Calle Progreso 6572,BT,4,2011-06-29 22:27:14,ACTIVO
1012024,9885,35,Pasaje Progreso 5722,BT,1,2011-03-07 07:27:45,ACTIVO
1012025,9886,29,Calle Grau 7842,BT,3,2007-10-28 07:43:05,ACTIVO
1012026,9887,15,Av. Universitaria 7833,BT,3,2015-03-20 09:20:24,ACTIVO
1012027,9888,29,Pasaje Bolívar 8171,BT,5,2019-06-04 05:07:28,ACTIVO
1012028,9889,38,Jr. Bolívar 5861,BT,7,2008-09-15 00:29:04,ACTIVO
1012029,9890,26,Jr. Progreso 1797,BT,6,2006-03-26 16:24:40,ACTIVO
1012030,9891,29,Jr. Grau 821,BT,6,2012-01-05 06:32:25,ACTIVO
1012031,9891,29,Jr. La Molina 5434,BT,3,2017-10-30 19:50:41,ACTIVO
1012032,9892,38,Calle Venezuela 8188,BT,1,2019-09-24 20:57:05,ACTIVO
1012033,9892,38,Jr. Bolívar 8732,BT,1,2003-11-27 22:42:31,ACTIVO
1012034,9893,38,Psje. Progreso 7468,BT,3,2000-11-21 16:41:01,ACTIVO
1012035,9894,29,Jr. El Sol 5415,BT,2,2007-06-19 09:30:23,ACTIVO
1012036,9894,29,Av. San Martín 8199,BT,3,2022-01-06 00:00:00,ACTIVO
1012037,9895,15,Calle Universitaria 5646,BT,5,2013-07-17 00:22:31,ACTIVO
1012038,9896,30,Pasaje Progreso 878,BT,7,2003-03-25 16:50:52,ACTIVO
1012039,9897,3,Av. Universitaria 6504,BT,6,2001-07-19 08:28:39,ACTIVO
1012040,9898,40,Jr. Progreso 4672,BT,5,2009-04-16 10:49:09,ACTIVO
1012041,9899,4,Pasaje Los Pinos 3050,MT,6,2012-09-09 21:36:15,ACTIVO
1012042,9900,13,Av. Progreso 8205,BT,2,2006-07-21 03:25:28,ACTIVO
1012043,9901,26,Calle Panamericana 2221,BT,3,2001-06-20 23:39:34,ACTIVO
1012044,9902,26,Jr. San Martín 561,BT,5,2003-03-25 19:47:46,ACTIVO
1012045,9903,9,Jr. Grau 3470,BT,2,2005-01-15 08:55:28,ACTIVO
1012046,9904,26,Psje. Universitaria 3546,BT,6,2001-03-06 20:45:12,ACTIVO
1012047,9904,26,Jr. Panamericana 8418,BT,8,2018-09-03 08:42:34,SUSPENDIDO
1012048,9905,5,Av. La Molina 1398,BT,2,2020-04-10 02:37:40,ACTIVO
1012049,9905,5,Av. Panamericana 6317,BT,1,2013-01-21 13:15:43,INACTIVO
1012050,9906,30,Pasaje El Sol 9309,BT,3,2015-10-22 14:23:15,ACTIVO
1012051,9907,28,Jr. Panamericana 4059,BT,3,2019-07-03 21:05:41,ACTIVO
1012052,9908,15,Psje. Progreso 821,BT,1,2014-05-03 02:18:47,ACTIVO
1012053,9909,3,Pasaje La Molina 8566,BT,2,2003-09-15 18:41:51,ACTIVO
1012054,9910,15,Jr. Los Pinos 268,BT,1,2009-01-04 22:10:53,ACTIVO
1012055,9911,29,Jr. Venezuela 5028,BT,1,2019-02-12 01:11:00,ACTIVO
1012056,9912,4,Calle Progreso 5609,BT,5,2011-05-06 13:06:52,ACTIVO
1012057,9913,21,Av. El Sol 8264,BT,4,2003-01-22 11:22:55,ACTIVO
1012058,9914,26,Pasaje Venezuela 9303,BT,1,2003-12-09 17:24:23,ACTIVO
1012059,9915,3,Jr. Panamericana 9976,BT,2,2004-09-08 06:40:22,ACTIVO
1012060,9916,35,Av. Progreso 5320,BT,8,2016-01-14 18:49:24,ACTIVO
1012061,9917,9,Av. Los Pinos 8528,BT,8,2012-11-23 20:30:51,ACTIVO
1012062,9918,26,Pasaje Progreso 2230,BT,7,2012-05-31 02:27:54,ACTIVO
1012063,9919,27,Pasaje Progreso 527,BT,8,2007-10-30 10:29:55,ACTIVO
1012064,9920,13,Jr. Venezuela 7509,BT,8,2012-02-16 09:38:06,ACTIVO
1012065,9921,15,Psje. La Molina 257,BT,6,2005-10-11 15:51:45,ACTIVO
1012066,9921,15,Av. Grau 6058,MT,7,2002-03-31 19:26:02,ACTIVO
1012067,9922,13,Pasaje Progreso 5692,BT,5,2012-05-29 09:44:56,SUSPENDIDO
1012068,9923,29,Calle Bolívar 3172,BT,7,2006-07-23 22:08:37,ACTIVO
1012069,9924,26,Pasaje Venezuela 2761,BT,1,2016-04-03 03:53:06,ACTIVO
1012070,9925,1,Calle El Sol 6949,BT,6,2013-07-21 18:53:33,ACTIVO
1012071,9926,4,Calle Grau 1530,BT,3,2008-05-10 16:14:00,ACTIVO
1012072,9927,29,Calle Panamericana 7720,BT,2,2006-12-28 15:52:35,ACTIVO
1012073,9928,5,Calle Universitaria 1674,BT,3,2012-08-31 00:14:30,ACTIVO
1012074,9928,5,Jr. Grau 6224,BT,4,2019-07-06 13:31:22,ACTIVO
1012075,9929,9,Pasaje Grau 5995,BT,1,2007-04-19 08:32:44,ACTIVO
1012076,9930,9,Jr. El Sol 7449,BT,3,2017-04-14 07:41:38,ACTIVO
1012077,9931,12,Psje. Los Pinos 2115,BT,5,2018-02-05 18:18:46,ACTIVO
1012078,9932,29,Jr. Los Pinos 9504,BT,6,2024-04-21 00:00:00,ACTIVO
1012079,9933,29,Jr. El Sol 1893,BT,3,2013-06-29 10:20:41,ACTIVO
1012080,9934,30,Calle Bolívar 6885,BT,8,2010-06-17 17:17:30,ACTIVO
1012081,9935,14,Jr. Grau 5828,BT,1,2020-04-30 22:52:21,ACTIVO
1012082,9936,15,Pasaje El Sol 5681,BT,7,2011-07-15 11:47:09,ACTIVO
1012083,9937,29,Psje. La Molina 1637,BT,5,2000-09-02 08:29:09,ACTIVO
1012084,9937,29,Av. San Martín 7381,BT,5,2018-08-27 00:44:47,ACTIVO
1012085,9938,15,Pasaje Bolívar 8805,BT,7,2016-03-24 19:30:30,ACTIVO
1012086,9939,15,Calle La Molina 3756,BT,7,2012-01-28 06:42:25,ACTIVO
1012087,9939,15,Psje. La Molina 6379,BT,7,2019-05-16 15:53:46,ACTIVO
1012088,9940,7,Jr. San Martín 5384,BT,7,2016-09-03 01:21:57,ACTIVO
1012089,9940,7,Av. San Martín 174,BT,8,2007-12-07 20:10:51,ACTIVO
1012090,9941,1,Calle El Sol 7838,BT,4,2012-11-17 23:23:29,ACTIVO
1012091,9941,1,Jr. Grau 3993,BT,7,2009-12-01 14:06:53,ACTIVO
1012092,9942,26,Pasaje La Molina 7082,BT,7,2001-03-25 03:54:37,ACTIVO
1012093,9943,29,Av. El Sol 4638,BT,1,2002-01-07 13:07:24,ACTIVO
1012094,9944,15,Av. Grau 496,BT,5,2010-08-31 20:05:28,SUSPENDIDO
1012095,9945,9,Psje. Venezuela 9926,BT,2,2004-10-13 04:21:54,ACTIVO
1012096,9945,9,Jr. Grau 3183,BT,8,2000-08-21 13:26:51,ACTIVO
1012097,9946,16,Jr. El Sol 6794,BT,5,2003-09-25 00:35:26,ACTIVO
1012098,9947,19,Calle La Molina 8658,BT,2,2005-12-18 00:43:23,ACTIVO
1012099,9947,19,Calle Venezuela 3488,BT,1,2017-09-19 17:05:33,ACTIVO
1012100,9948,28,Av. El Sol 6218,BT,6,2001-09-21 00:08:48,ACTIVO
1012101,9949,7,Jr. Los Pinos 772,BT,7,2016-10-19 19:57:17,ACTIVO
1012102,9950,15,Jr. Progreso 8200,BT,8,2003-03-28 03:29:00,ACTIVO
1012103,9951,34,Pasaje Bolívar 9448,BT,1,2019-07-18 07:25:22,ACTIVO
1012104,9951,34,Calle Panamericana 2571,BT,5,2008-03-08 19:05:55,ACTIVO
1012105,9952,28,Av. Progreso 5683,BT,2,2019-08-18 18:47:10,ACTIVO
1012106,9953,29,Av. San Martín 1797,BT,1,2001-01-17 01:54:41,ACTIVO
1012107,9954,15,Jr. Venezuela 4090,BT,4,2017-02-17 04:46:15,ACTIVO
1012108,9955,7,Calle Bolívar 9721,BT,3,2011-04-01 02:20:34,ACTIVO
1012109,9956,15,Psje. Progreso 4379,MT,1,2019-03-26 10:03:58,ACTIVO
1012110,9957,43,Pasaje Los Pinos 307,BT,4,2014-03-25 16:45:16,ACTIVO
1012111,9958,41,Pasaje Universitaria 2171,BT,3,2001-09-16 04:28:43,ACTIVO
1012112,9958,41,Jr. Universitaria 781,BT,7,2013-06-08 12:03:39,ACTIVO
1012113,9959,7,Pasaje Grau 5310,BT,2,2017-09-30 12:31:33,ACTIVO
1012114,9959,7,Pasaje Panamericana 3929,BT,7,2008-04-09 15:11:44,ACTIVO
1012115,9960,8,Psje. Universitaria 9454,BT,1,2018-09-21 12:52:00,ACTIVO
1012116,9961,5,Pasaje Los Pinos 3098,BT,6,2024-12-21 00:00:00,ACTIVO
1012117,9962,15,Av. Panamericana 3759,BT,8,2009-10-05 00:17:44,ACTIVO
1012118,9963,14,Psje. Universitaria 7115,BT,7,2019-12-11 18:06:23,ACTIVO
1012119,9964,22,Pasaje Los Pinos 746,BT,3,2005-01-14 09:09:05,ACTIVO
1012120,9965,26,Av. Progreso 3248,BT,8,2013-05-26 14:21:38,ACTIVO
1012121,9966,3,Calle La Molina 5163,BT,5,2002-12-14 13:31:47,ACTIVO
1012122,9967,7,Av. La Molina 2143,BT,6,2015-07-23 04:59:31,ACTIVO
1012123,9968,40,Calle Universitaria 4744,BT,2,2010-11-02 11:20:16,ACTIVO
1012124,9969,3,Pasaje Progreso 5003,BT,7,2003-06-20 18:53:51,ACTIVO
1012125,9970,30,Psje. Panamericana 9862,BT,4,2014-11-08 01:26:47,ACTIVO
1012126,9971,39,Jr. Universitaria 800,BT,5,2020-12-29 03:12:53,ACTIVO
1012127,9972,30,Av. San Martín 1115,BT,3,2002-12-14 20:41:36,ACTIVO
1012128,9972,30,Psje. San Martín 6681,BT,6,2019-01-11 07:48:51,ACTIVO
1012129,9973,3,Calle La Molina 6979,BT,1,2018-12-02 16:28:06,ACTIVO
1012130,9974,12,Jr. Los Pinos 293,BT,6,2011-01-23 19:25:36,ACTIVO
1012131,9974,12,Pasaje Panamericana 5208,BT,7,2005-05-18 04:53:47,ACTIVO
1012132,9975,33,Pasaje Progreso 1693,BT,1,2014-06-03 18:33:51,ACTIVO
1012133,9976,6,Calle Venezuela 8253,BT,5,2016-04-06 06:06:33,ACTIVO
1012134,9977,43,Pasaje La Molina 9574,BT,6,2010-08-14 15:34:40,ACTIVO
1012135,9978,36,Jr. Progreso 2302,BT,5,2001-04-16 21:10:35,ACTIVO
1012136,9979,3,Jr. Universitaria 7880,BT,5,2017-01-16 07:42:36,ACTIVO
1012137,9980,7,Av. San Martín 4727,BT,7,2013-01-15 03:38:44,ACTIVO
1012138,9981,28,Pasaje Universitaria 4350,BT,4,2009-01-09 17:16:06,ACTIVO
1012139,9982,15,Calle Los Pinos 4382,BT,3,2011-05-25 02:44:47,INACTIVO
1012140,9983,17,Jr. Panamericana 9567,BT,2,2010-01-01 18:00:35,ACTIVO
1012141,9984,24,Pasaje Venezuela 6168,BT,4,2018-07-06 13:48:40,ACTIVO
1012142,9985,39,Calle Universitaria 199,BT,5,2008-05-22 20:34:23,ACTIVO
1012143,9986,24,Jr. El Sol 3824,BT,3,2013-01-13 07:24:52,ACTIVO
1012144,9987,19,Calle Progreso 3271,BT,1,2016-03-24 06:33:41,ACTIVO
1012145,9988,17,Pasaje El Sol 387,BT,4,2002-07-16 08:14:42,SUSPENDIDO
1012146,9988,17,Jr. Venezuela 5840,MT,1,2013-12-31 12:13:38,ACTIVO
1012147,9989,38,Calle Grau 3130,MT,1,2023-11-30 00:00:00,ACTIVO
1012148,9990,5,Pasaje La Molina 457,BT,7,2001-05-20 12:39:54,ACTIVO
1012149,9991,4,Calle Bolívar 6766,BT,2,2002-07-11 13:37:09,ACTIVO
1012150,9992,40,Jr. Panamericana 1924,BT,7,2009-05-25 21:25:39,ACTIVO
1012151,9993,2,Av. Venezuela 7421,BT,5,2006-10-27 08:15:47,ACTIVO
1012152,9994,7,Pasaje Los Pinos 5270,BT,5,2000-06-28 19:27:20,ACTIVO
1012153,9994,7,Jr. Panamericana 3022,MT,6,2024-11-24 00:00:00,ACTIVO
1012154,9995,3,Pasaje El Sol 9428,BT,1,2005-02-02 21:46:42,ACTIVO
1012155,9996,13,Calle Universitaria 9161,BT,5,2003-07-24 21:14:11,ACTIVO
1012156,9997,26,Psje. Universitaria 2380,BT,7,2010-01-25 22:47:15,ACTIVO
1012157,9998,15,Psje. Los Pinos 7533,BT,7,2017-01-26 16:20:10,ACTIVO
1012158,9999,7,Av. Venezuela 1365,BT,5,2015-12-05 01:16:18,ACTIVO
1012159,10000,9,Pasaje Universitaria 3243,BT,8,2003-06-12 06:02:57,ACTIVO
