nombre_colegio,departamento,total_postulantes,total_ingresantes
I.E.P. NUESTRA SEÑORA DE MONSERRAT,LIMA,1,0
MASTER INGENIEROS,LIMA,1,0
VICTOR SANTANDER CASCELLI,CUSCO,1,0
COLEGIO PARROQUIAL NUESTRA SEÑORA DE MONSERRAT,LIMA,1,1
2066 ALMIRANTE MIGUEL GRAU,LIMA,1,1
ID 2024,LIMA,1,0
SANTÍSIMA MADRE MARÍA,LIMA,1,0
I.E.E MIGUEL GRAU ABANCAY,APURIMAC,1,1
I.E 2026 SAN DIEGO,LIMA,1,1
ICTHUS CRISTO SALVADOR,JUNIN,1,0
I.E.P. ANGELO PATRI,LIMA,1,0
IEP ANTON MAKARENKO,LIMA,1,0
SACO OLIVEROS DE COMAS,LIMA,1,0
PACÍFICO,LIMA,1,0
SACO OLIVEROS SEDE NUEVO SAN JUAN,LIMA,1,0
C.T.P.P.CH. SAN FRANCISCO DE ASIS - HUAYCAN,LIMA,1,0
SIR ISAAC NEWTON,LIMA,1,0
1219 JOSE CARLOS MARIATEGUI,LIMA,1,0
33973448,LIMA,1,0
COLEGIO AMÉRICA LA VICTORIA,LIMA,1,0
COLEGIO INGENIERIA DE BELLAVISTA,CALLAO,1,0
ANTHONY ZAMMIT,AYACUCHO,1,0
INSTITUCIÓN EDUCATIVA 1267 LA CAMPIÑA,LIMA,1,0
I.E.P. APOSTOL SAN PEDRO,LIMA,1,0
IEP LOS DOMINICOS DE PALAO,LIMA,1,0
I.E. 3004 ESPAÑA RIMAC,LIMA,1,0
IE HIPOLITO UNANUE,LIMA,1,0
CALLE SANTA ROSA MZ.I LT . 24 P.J.CARMEN ALTO,LIMA,1,0
DANIEL ALCIDES CARRION GARCÍA 107,LIMA,1,0
20542 JAVIER PÉREZ DE CUELLAR,LIMA,1,1
ALESSANDRO VOLTA,LIMA,1,0
COLEGIO NACIONAL MIXTO COJATA,PUNO,1,0
COLEGIO NACIONAL DE TARACO,PUNO,1,0
JOSE ABELARDO QUIÑONES GONZALES,AMAZONAS,1,0
I.E.P NUEVO PERU APPU,LIMA,1,0
SACO OLIVEROS - EL RETABLO,LIMA,1,0
NUESTRA SRA DEL CARMEN DE PALAO,LIMA,1,0
ESCUELA DE TALENTOS,CALLAO,1,0
I.E JOSE CARLOS MARIATEGUI,LIMA,1,0
3069 GENERALÍSIMO JOSÉ DE SAN MARTÍN,LIMA,1,0
IE 7228 PERUANO CANADIENSE,LIMA,1,1
IE COLEGIOS PROLOG,LIMA,1,0
INTERNACIONAL DEL PACÍFICO,LIMA,1,0
VÍCTOR RAÚL HAYA DE LA TORRE INEI 46,LIMA,1,0
ASOCIACIÓN CULTURAL JOHANNES GUTENBERG,LIMA,1,0
COLEGIO INDEPENDENCIA DE MIRAFLORES,LIMA,1,0
INSTITUCIÓN EDUCATIVA TÉCNICO 3052,LIMA,1,0
SAN ANTONIO DEL ROSARIO,LIMA,1,0
JOSÉ GÁLVEZ,PUNO,1,0
IE 110 SAN MARCOS,LIMA,1,1
REINO UNIDO DE GRAN BRETAÑA 1257,LIMA,1,1
COLEGIO SALESIANOS DON BOSCO,AREQUIPA,1,1
2027 JOSÉ MARÍA ARGUEDAS,LIMA,1,0
ROXANITA CASTRO WITTING,LIMA,1,1
MONTERRICO IPNM,LIMA,1,0
MARÍANO MELGAR,LIMA,1,0
2024,LIMA,1,0
JESÚS EDUCADOR - LAS TORRES,LIMA,1,1
ANTONIO RAIMONDI,JUNIN,1,0
511,LIMA,1,0
NUESTRA SEÑORA DE GUADALUPE EL DORADO,LIMA,1,0
C.N. JULIO CESAR TELLO - MATUCANA,LIMA,1,1
JAPAM,LIMA,1,0
VILLA LOS ÁNGELES,LIMA,1,1
LICEO NAVAL CONTRALMIRANTE MONTERO,CALLAO,1,0
JOSE BAQUÍJANO Y CARRILLO,LIMA,1,0
CRISTO SALVADOR,LIMA,1,0
IEP MADRE ADMIRABLE,LIMA,1,0
I.E.P. SANTA ROSA DE HUACHIPA,LIMA,1,0
SS.CC.REINA DE LA PAZ,LIMA,1,0
COLEGIO ADVENTISTA AMERICANO,PUNO,1,0
MIRAVALLES,LIMA,1,0
LAS BRISAS DE VILLA 7076,LIMA,1,0
84227 SAN ANTONIO,ANCASH,1,0
N.6089 JORGE BASADRES G.,LIMA,1,0
I.E. 0005 ROSA DE SANTA MARÍA,LIMA,1,0
VILLAS DE ANCÓN 8193,LIMA,1,0
I.E.P. SAN JUAN BAUTISTA,LIMA,1,0
MANUEL AREVALO,LIMA,1,0
JULIO .C.TELLO,LIMA,1,0
IEP ALFA GROUP,LIMA,1,0
IES SANTA ROSA - PUNO,PUNO,1,1
I.E.P VIRGEN DEL CARMEN,LIMA,1,0
EUROAMERICA,CALLAO,1,0
BH SCHOOL SMP,LIMA,1,0
TRILCE .TOMÁS VALLE,LIMA,1,0
COLEGIO FERNANDO STAHL,PUNO,1,0
PERU BIRF JULIACA,PUNO,1,0
BARCIA BONIFATTI,LIMA,1,0
I.E.Nº 5173 GUSTAVO MOHME LLONA,LIMA,1,1
I.E.P MARIANO SANTOS MATEO,LIMA,1,0
INCA GARCILAZO DE LA VEGA,PUNO,1,0
GERMÁN CARO RIOS,LIMA,1,0
PASCUAL SACO OLIVEROS,UCAYALI,1,0
SAN ANTONIO,PIURA,1,1
5123 FRANCISCO BOLOGNESI CERVANTES,CALLAO,1,0
AURELIO MIRÓ QUESADA SOSA 1140 LA MOLINA,LIMA,1,0
I. E. JOSE GRANDA,LIMA,1,0
COLEGIO PAMER,AREQUIPA,1,0
I.E CIRO ALEGRIA,ICA,1,0
GUE LAS MERCEDES,PUNO,1,0
COLEGIO DIVINO JESÚS,LIMA,1,0
1475425,LIMA,1,0
5117,LIMA,1,0
IES COMERCIAL 45 ERP,PUNO,1,0
GUE. MARISCAL CÁCERES,AYACUCHO,1,0
MOISES ZEBALLOS,ANCASH,1,0
UNION LATINO,LIMA,1,0
IEP APÓSTOL SAN PEDRO SJL,LIMA,1,0
I.E.E. 1182 EL BOSQUE,LIMA,1,0
I.E.E.JOSE MARIA EGUREN,LIMA,1,0
I.E MARÍA DEL ÁNGEL,LIMA,1,1
LA SALLE - JULIACA,PUNO,1,0
SANTA MAGDALENA,LA LIBERTAD,1,0
IE PNP FELIX ROMAN TELLO ROJAS LA MOLINA,LIMA,1,0
COLEGIO SALESIANO,LIMA,1,0
FEDERICO KAUFFMAN DOIG,CALLAO,1,0
SAN VICENTE DE PAUL,JUNIN,1,0
I.E.P EL NAZARENO,LIMA,1,0
MANUEL GONZALES PRADA 7083 SAN BORJA,LIMA,1,1
THALES DE MILETO,LIMA,1,1
HEORES DEL CENEPA N°130,LIMA,1,0
I.E TÚPAC AMARU,LIMA,1,0
JUAN VELASCO ALVARADO,LIMA,1,0
I.E.I JAPÓN,HUANUCO,1,0
CASTILLO DEL REY,LIMA,1,0
GAUUS,CUSCO,1,0
SAÚL CANTORAL HUAMANÍ,LIMA,1,0
VÍCTOR MORON MUÑOZ,LIMA,1,0
NUESTRA SEÑORA DEL ROSARIO DEL RÍMAC,LIMA,1,1
IMAGINA SCHOOL,MOQUEGUA,1,1
156 EL PORVENIR,LIMA,1,0
I.E. 2003 LIBERTADOR JOSÉ DE SAN MARTÍN,LIMA,1,0
SEÑOR DE ANIMAS,LIMA,1,0
COLEGIO VANCOVER,AREQUIPA,1,0
PEDRO VILCAPAZA ALARCÓN,PUNO,1,0
ÁGORA,JUNIN,1,1
I.E.P. ALBERT EINSTEIN - HUARAZ,ANCASH,1,0
I.E. 3054 LA FLOR,LIMA,1,1
SOL NACIENTE - PACHACUTEC,CALLAO,1,0
DEUNI SOLEA,LIMA,1,1
MANUEL A. RAMIREZ BARINAGA,LIMA,1,0
COLEGIO ALBERT EINSTEIN HZ.,ANCASH,1,0
COLEGIO JUAN PABLO VIZCARDO Y GUZMAN,AREQUIPA,1,0
EMBLEMATICO MANUEL ANTONIO MESONES MURO,AMAZONAS,1,0
AMÉRICA,APURIMAC,1,0
ANTONIO RAYMONDI 5093,CALLAO,1,0
I.E. 5166 BELLA AURORA,LIMA,1,0
GRAN AMAITA MARIATEGUI,LIMA,1,1
NS SR DE FATIMA,TACNA,1,0
RENE DESCARTES,LIMA,1,1
IEP FRANCISCO BOLOGNESI,PASCO,1,0
REPÚBLICA DE NICARAGUA 6076,LIMA,1,0
PERUANO FRANCÉS EVARISTO GALOIS,LIMA,1,1
COLEGIO CRISTO REDENTOR SAN ISIDRO,LIMA,1,0
MANUEL GONZÁLEZ PRADA 7083,LIMA,1,0
NEWTON COLLEGE,CALLAO,1,0
COAR,AYACUCHO,1,0
I.E.NUESTRA SEÑORA DE MONSERRAT,LIMA,1,0
IE JOSE FAUSTINO SANCHEZ CARRION,LIMA,1,0
51,LIMA,1,0
I.E 3091 HUACA DE ORO,LIMA,1,0
I.E.P SANTA MARIA JOSEFA ROSELLO,LIMA,1,0
GRAN AMAUTA MARIATEGUI,LIMA,1,1
JOSE MARIA ARGUEDAS - CARABAYLLO,LIMA,1,0
FE Y ALEGRÍA 43 LASALLE,CALLAO,1,0
SAN PEDRO - SANTÍSIMA TRINIDAD,LIMA,1,1
COLEGIO SAN ANDRES,CAJAMARCA,1,0
1030 REPUBLICA DE BOLIVIA,LIMA,1,0
SANTA ELENA,LIMA,1,0
I.E.P TALENTUS SCHOOL,CALLAO,1,0
ARIEL,LIMA,1,0
COLEGIO PITAGORAS COMAS,LIMA,1,0
FE Y ALEGRIA 29,CALLAO,1,0
FE Y ALEGRIA N° 17,LIMA,1,0
CORAZÓN DE MARÍA,LIMA,1,0
I.E . TOMAS ALVA EDISON,LIMA,1,0
TECHNOLOGY SCHOOL DE PARAMONGA,LIMA,1,1
CRUZ SACO SEDE SAN ANTONIO,LIMA,1,0
LA PRADERAS II,LIMA,1,0
SANTIAGO ANTUEZ DE MAYOLO,LIMA,1,0
IE SOL NACIENTE - PACHACUTEC,CALLAO,1,0
AUGUSTO SALAZAR BONDY,PIURA,1,0
IEE RICARDO PALMA,LIMA,1,0
MARIA AUXILIADORA 7064,LIMA,1,0
INSTITUCION EDUCATIVA INDUSTRIAL HERMILIO VALDIZAN,HUANUCO,1,1
JOSÉ MARÍA ARGUEDAS 0086,LIMA,1,1
HEROES DEL ALTO CENEPA 8181,AMAZONAS,1,0
SANTA INES - SACO OLIVEROS,LIMA,1,0
COLEGIO MATEMÁTICO HONORES - CARABAYLLO,LIMA,1,0
COLEGIO THOMAS ALVA EDISON,PUNO,1,0
CONCORDIA UNIVERSAL,CALLAO,1,1
0055 MANUEL GONZALES PRADA,LIMA,1,0
I. E. S. JULIO GABANCHO ENRIQUEZ,PUNO,1,0
ELEAZAR GUZMÁN BARRON,ANCASH,1,0
SAN ALFONSO,LIMA,1,0
I.E.P EL ALBA,LIMA,1,0
JOSE ABELARDO QUIÑONES,LIMA,1,0
IE 1229 JULIO ALBERTO PONCE ANTÚNEZ DE MAYOLO,LIMA,1,0
LAS TERRAZAS 171-02,LIMA,1,0
LIBERTADORES DE AMERICA,CUSCO,1,0
SAUL CANTORAL HUAMANI 1183,LIMA,1,0
I.E.P DIVINO MAESTRO - CHORRILLOS S.A.C.,LIMA,1,0
VIRGEN DE LA MEDALLA MILAGROSA,ICA,1,1
0113 DANIEL ALOMIA ROBLES,LIMA,1,1
T.M INGENIERO,LIMA,1,0
CARLOS RUBINA BURGOS,PUNO,1,0
REPÚBLICA FEDERAL DE ALEMANIA 2088,LIMA,1,0
ROSA DE SANTA MARÍA-6088,AMAZONAS,1,0
LUIS VALLEJOS SANTONI,CUSCO,1,0
ALEXANDER VON HUMBOLDT,ICA,1,0
SACO OLIVEROS - SANTA INES,LIMA,1,0
I.E.P. LOS OLIVOS,CALLAO,1,1
IE 156 EL PORVENIR UGEL 05,LIMA,1,0
18017,AMAZONAS,1,0
ALFONSO UGARTE DE HUAYCAN,LIMA,1,0
VIRGUILIO ESPINOZA BARRIOS,LIMA,1,0
MASTER UNI,LIMA,1,0
SAN VICENTE FERRER,ICA,1,0
IES GLORIOSO SAN ANTON,LIMA,1,0
MARISCAL QUINTANILLA,LIMA,1,0
FE Y ALEGRÍA N°5,LIMA,1,0
COLEGIO PROLOG CAÑETE,LIMA,1,1
INGENIERA OQUENDO,CALLAO,1,0
I.E.P. CIMA,TACNA,1,1
INNOVA SCHOOLS EL RETABLO COMAS,LIMA,1,0
INCA PACHACUTEC 6037,LIMA,1,0
IEP SAN JUAN,LIMA,1,0
3069 GENERALÍSIMO JOSÉ DE SAN MARTIN,LIMA,1,0
I.E 164 EL AMAUTA,LIMA,1,0
ALCIDES VIGO HURTADO,UCAYALI,1,1
IEP BAUTISTA,LIMA,1,0
B GROUP,CALLAO,1,0
SERAFIN FILOMENO,SAN MARTIN,1,0
ALEJANDRO SANCHEZ ARTEAGA 16210,AMAZONAS,1,0
SACO OLIVEROS SISTEMA MARSHALL,LIMA,1,1
SACO OLIVEROS DE ATE,LIMA,1,1
SANTA MATILDE I.E.P,LIMA,1,0
ABRAHAM LINCONL,JUNIN,1,0
CEBA VON NEWMAN,LIMA,1,0
I.E. LIBERTADOR SAN MARTIN,LIMA,1,0
SIL SAN IGNACIO DE LOYOLA,LIMA,1,0
I.E. JOSÉ DEL CARMEN MARÍN ARISTA,LIMA,1,0
I.E. PEQUEÑA BELÉN,LIMA,1,0
CIENCIA Y TECNOLOGÍA,CAJAMARCA,1,1
I.E.P.C. JESUS MAESTRO,ANCASH,1,1
CORPUS CHRISTI,AREQUIPA,1,0
CESAR A. VALLEJO,LIMA,1,0
B-GROUP,CALLAO,1,0
COLEGIO SAN ISIDRO LABRADOR,CUSCO,1,0
EBENEZER,LIMA,1,0
MÁRTIR DANIEL ALCIDES CARRIÓN N°0142,LIMA,1,0
MERCEDES CABELLO DE CARBONERA,MOQUEGUA,1,0
I.E 7213 PERUANO JAPONÉS,LIMA,1,0
SEÑOR DE LA SOLEDAD,LIMA,1,0
CONSORCIO HERMANO SAN FRANCISCO,LIMA,1,0
COLEGIO MIXTO SANTA TERESITA,LIMA,1,0
CEP VIRGEN DE FATIMA DE BARRANCO,LIMA,1,1
AUGUSTO B LEGUÍA,LIMA,1,0
CRISTO REY HUARAZ,ANCASH,1,0
I.E.P. SUDAMERICANO,LIMA,1,0
SAN ANDRES,LIMA,1,0
SAN GERARDO,LIMA,1,0
INTEGRAL CLASS,LA LIBERTAD,1,0
COLEGIO GENES LOS OLIVOS,LIMA,1,0
VIRGEN DE FATIMA,LIMA,1,1
I.E. SUIZA PERUANA HUARAZ INDEPENDENCIA,ANCASH,1,1
I. E. 7054,LIMA,1,1
I.E.5124 LIBERTADOR SIMON BOLIVAR DE HIROSHIMA,CALLAO,1,0
COLEGIO PERUANO CHINO JUAN 23,LIMA,1,0
I.E.P CRISTINA BEATRIZ,LIMA,1,0
N 108 SANTA ROSA DE QUIVES,LIMA,1,0
1221 MARIA PARADO DE BELLIDO,LIMA,1,0
LÍDER INGENIEROS UNI,LIMA,1,1
JOSÉ DOMINGO CHOQUEHUANCA,PUNO,1,0
SANTO DOMINGO DE SAVIO,LIMA,1,0
MARIO VARGAS LLOSA,HUANCAVELICA,1,0
COLEGIO BYRON,ICA,1,0
I.E FE Y ALEGRIA 37,LIMA,1,0
5094 NACIONES UNIDAS,LIMA,1,0
SACO OLIVEROS HELICOIDAL I,LIMA,1,0
142 MARTIR DANIEL ALCIDES CARRION,LIMA,1,0
SALAMANCA,LIMA,1,0
LOS PROFESORES PERUANOS,LIMA,1,0
COLEGIO SIMON ANTONIO BOLÍVAR PALACIOS,ANCASH,1,1
0098 PERÚ - JAPÓN,LIMA,1,1
COLEGIO 2 DE MAYO,PUNO,1,0
MANUEL ROBLES ALARCON 120,LIMA,1,0
3098 CÉSAR VALLEJO,LIMA,1,0
IE 0146 SU SANTIDAD JUAN PABLO II,LIMA,1,0
MARTIR DE LA MEDICINA DANIEL A. CARRION,LIMA,1,0
MARIA ASUNCIÓN GALINDO,PUNO,1,1
IEP JORGE MONTOYA,LIMA,1,0
I. E. 046 LOS LIBERTADORES DE AYACUCHO,LIMA,1,0
DIVINOS JESÚS DE COMAS,LIMA,1,0
INMACULADA DE LAS NIEVES,LIMA,1,0
MATER EL MAGISTRA,LIMA,1,0
MATEMÁTICO SANTÍSIMA MARÍA,LIMA,1,1
I.E.P JOSEPH NOVAK,LIMA,1,0
I.E.P. SAN AGUSTÍN,LIMA,1,0
COLEGIO DE APLICACIÓN SAN MARCOS,LIMA,1,1
JOSÉ JIMÉNEZ BORJA,LIMA,1,0
ALFAGROUP,LIMA,1,0
FE Y ALEGRIA Nº 10,LIMA,1,1
CORAZÓN DE JESÚS,CALLAO,1,0
CORONEL FRANCISCO BOLOGNESI CERVANTES,LIMA,1,0
LAS PALMAS NUEVA ESPERANZA,LIMA,1,0
1264 JUAN ANDRÉS VIVANCO AMORÍN,LIMA,1,1
INSTITUCIÓN EDUCATIVA MIGUEL GRAU SEMINARIO,UCAYALI,1,0
I.E. 3051 EL MILAGRO,LIMA,1,0
I.E. 2002 VIRGEN MARÍA DEL ROSARIO,LIMA,1,0
SACO OLIVEROS DE VENTANILLA,CALLAO,1,0
I. E. LAS MERCEDES,APURIMAC,1,0
I. E. SAN MARTÍN DE PORRES,LIMA,1,0
LE D ALEMBERT,LIMA,1,0
KAROL WOJTYLA COLLEGE,LIMA,1,0
SAN MIGUEL ARCÁNGEL,LIMA,1,0
CRUZSACO,LIMA,1,0
COLEGIO LOS REYES ROJOS 7077,LIMA,1,0
LA UNIÓN,LIMA,1,0
FE Y ALEGRÍA N24,LIMA,1,0
IEPNP JOSÉ HÉCTOR RODRÍGUEZ TRIGOSO,LIMA,1,0
COLEGIO EL NAZARENO,LIMA,1,0
7259 VICTOR RAÚL HAYA DE LA TORRE,LIMA,1,1
PABLO FERMIN COSTA,AMAZONAS,1,0
FE Y ALEGRÍA N° 26,LIMA,1,0
SAN MARTIN,PUNO,1,0
SANTA JUANA DEL ARCO,LIMA,1,0
IEP LA CATÓLICA,LIMA,1,1
JORGE CHAVEZ DARTNELL,ICA,1,1
I.E CAP FAP JOSÉ EMILIO VELARDE VARGAS,PIURA,1,0
COLEGIO MATEMÁTICO AUNI BOSTON,LIMA,1,0
COLEGIO PAMER,LIMA,1,0
IE. MARIANO SANTOS MATEO,LIMA,1,0
FE Y ALEGRÍA N 58,LIMA,1,0
LUIS E. GALVÁN,LIMA,1,1
JOHANNES GUTENEBERG COMAS,LIMA,1,1
91 JOSE IGNACIO MIRANDA,PUNO,1,0
SAN MIGUEL,PASCO,1,0
LEONARDO DAVINCI,AYACUCHO,1,1
HUMTEC MIRAVALLES,LIMA,1,0
C.E.P ELITEX,LIMA,1,0
COLEGIOS LOGICAL,LIMA,1,1
INSTITUCIÓN EDUCATIVA LA INMACULADA DE JUANJUI,SAN MARTIN,1,0
LIMA HIGH SCHOOL COLEGIO MARÍA ALVARADO,LIMA,1,1
IEE EL BOSQUE 1182,LIMA,1,0
IEP VIRGEN DE GUADALUPE,LIMA,1,1
TORIBIO RODRÍGUEZ DE MENDOZA,LIMA,1,1
I.E. N° 5141 DIVINO MAESTRO,CALLAO,1,0
MARIA DE FATIMA,LIMA,1,0
I.E.P. A.R.A.S,LA LIBERTAD,1,0
IEP MARISCAL CASTILLA,JUNIN,1,0
INMACULADA CONCEPCIÓN,LIMA,1,1
PASCUAL SACO OLIVEROS,CALLAO,1,0
JEAN LEBLANC,LIMA,1,0
I.E.P SHALOOM,LIMA,1,0
INSTITUCIÓN EDUCATIVA PRESENTACIÓN DE MARIA N° 41,LIMA,1,0
C.T.E. JESUS OBRERO,LIMA,1,1
PEDRO CORONADO ARASSCUE,LIMA,1,0
SIMON BOLIVAR,PUNO,1,0
PLANTES DE APLICACION GUAMAN POMA DE AYALA,AYACUCHO,1,0
SAN LUIS DE BORJA SCHOOL,LIMA,1,1
SASAKAWA 7094,LIMA,1,0
MARCELINO CHAMPAGNATE,JUNIN,1,0
I.E. 3045 JOSE CARLOS MARIATEGUI LA CHIRA,LIMA,1,0
CIENCIAS Y HUMANIDADES LUIS ALBERTO SANCHEZ,LIMA,1,0
JOSE OLAYA BALANDRA,APURIMAC,1,0
IEP JAZMINES DEL NARANJAL,LIMA,1,0
IEP. ENRIQUE LOPEZ ALBUJAR,LIMA,1,0
TUPAC AMARU II MOTUPE,LIMA,1,0
I.E. 046 VICTOR RAUL HAYA DE LA TORRE,LIMA,1,0
5124 LIBERTADOR SIMON BOLÍVAR HIROSHIMA,LIMA,1,0
KINDER CRAYOLITAS,JUNIN,1,1
C.E. EL CARMELO,LIMA,1,0
ESCUELA DE JESUS,LIMA,1,0
CERMAT SCHOOL,PUNO,1,0
JUAN ESPIRNOZA MEDRANO,APURIMAC,1,0
COLEGIO HENRI LA FONTAINE,LIMA,1,0
I E P NEWTON,JUNIN,1,1
I.E. BLAS PASCAL,CALLAO,1,0
IEE CARLOS WIESSE,LIMA,1,0
SAN RAMON,CAJAMARCA,1,0
SAN NICOLÁS,LIMA,1,0
ALMIRANTE MIGUEL GRAU 787,LIMA,1,0
I.E. ESTHER FESTINI DE RAMOS OCAMPO,LIMA,1,0
7050 NICANOR RIVERA CACERES,LIMA,1,1
SAGRADO CORAZON DE JESUS 1207,LIMA,1,0
PLANTELES DE APLICACIÓN DE UNE,LIMA,1,0
PADRE ABAD,HUANUCO,1,0
ANTONIO RAIMONDI,LIMA,1,1
7079 RAMIRO PRIALE PRIALE,LIMA,1,0
I.E FRANKLIN ROOSEVELT,LIMA,1,1
I.E. MANUEL SCORZA TORRES 2032,LIMA,1,0
MI JARDÍN ABC,LIMA,1,0
PRESENTACIÓN DE MARÍA N°41,LIMA,1,1
CTE. JESUS OBRERO,LIMA,1,0
ANDRES AVELINO CACERES,LORETO,1,1
I.E JOSÉ MARÍA ARGUEDAS 2068,LIMA,1,1
GREGOR MENDEL,PUNO,1,0
CONSORCIO EDUCATIVO PARTICULAR INGENIERÍA,CALLAO,1,0
COAR APURIMAC,APURIMAC,1,1
COLEGIO JOSE DEL CARMEN MARIN ARISTA,LIMA,1,0
TÚPAC AMARU,APURIMAC,1,1
COLEGIOS MIGUEL GRAU,LIMA,1,0
MARKHAM SUR V.E.S,LIMA,1,0
IEP VIRGEN MILAGROSA,LIMA,1,0
IEP SAN JUAN BAUTISTA - COMAS,LIMA,1,1
IE HEROES DEL CENEPA,LIMA,1,0
POLITECNICO HUASCAR,PUNO,1,0
EMAUS,LIMA,1,0
DIFERENCIAL TRILCE,ANCASH,1,1
SANTO TOMÁS DE AQUINO,LAMBAYEQUE,1,0
FRANCISCO BOLOGNESI,PASCO,1,0
COLEGIO LA UNION,LIMA,1,0
LA LIBERTAD,ANCASH,1,0
SANTISIMA MARIA DE LOS CEDROS,LIMA,1,0
TRILCE,LAMBAYEQUE,1,0
I.E JOSÉ LIBERTADOR 2003,LIMA,1,1
AV.DEFENSORES DEL MORRO 1661,LIMA,1,0
JUAN VELASCO ALVARADO - EL SAUCE,PIURA,1,0
SAN JUAN MACIAS 0083,LIMA,1,0
DIVINO SAGRADO CORAZON DE JESUS,LIMA,1,1
IE 1137 JOSE ANTONIO ENCINAS,LIMA,1,0
IES CHILA,APURIMAC,1,1
MATFISQUI,LIMA,1,0
I.E INMACULADA CONCEPCIÓN,TUMBES,1,0
SAN LUIS GONZAGA,LIMA,1,0
ALEJANDRO SANCHEZ ARTEAGA,AMAZONAS,1,0
LEONHARD EULER,ICA,1,0
GERÓNIMO CAFFERATA MARAZZI 7088,LIMA,1,0
MARIANO MELGAR N°6019 VMT,LIMA,1,1
0059 SANTA MARÍA GORETTI,LIMA,1,0
I.E.NUESTRA SEÑORA DE COCHARCAS,HUANCAVELICA,1,0
FRANZ TAMAYO SOLARES,LIMA,1,0
INSTITUCIÓN EDUCATIVA ALFONSO UGARTE,LIMA,1,0
SACO OLIVEROS - SAN CARLOS,LIMA,1,0
LICEO SAN AGUSTÍN SMP,LIMA,1,0
I.E.P SAN FRANCISCO,LIMA,1,1
I.E JOSÉ MARIA ARGUEDAS,LIMA,1,1
IE REPÚBLICA DE COLOMBIA,LIMA,1,0
I.E.P. SAN SEBASTIÁN DE LIMA NORTE,LIMA,1,1
I.E.E SAN JOSÉ,LAMBAYEQUE,1,1
GABRIEL MORENO,LIMA,1,1
BALDOR,LIMA,1,1
I.E 5074 ALCIDES SPELUCIN VEGA,CALLAO,1,0
LOS INGENIEROS,ICA,1,0
5051 VIRGEN DE FATIMA,CALLAO,1,0
TRILCE SEDE CENTRAL,LIMA,1,0
COLEGIO VILLA AMÉRICA,LIMA,1,0
CEBA INCA GARCILAZO DE LA VEGA,PUNO,1,0
HANS CHRISTIAN ANDERSEN,LIMA,1,0
I.E.E INMACULADA DE LA MERCED,ANCASH,1,0
1252 SANTA ISABEL,LIMA,1,0
IEP SAN JUAN BAUTISTA,LIMA,1,1
COLEGIO CIENTIFICA,JUNIN,1,0
20955-25,LIMA,1,0
COLEGIO AGROINDUSTRIAL PUCARA,PUNO,1,0
COLEGIO MARIA AUXILIADORA - SAPCHA,ANCASH,1,0
INSTITUCIÓN EDUCATIVA INMACULADA CONCEPCIÓN,CUSCO,1,0
I.E.P. INGENIERIA,LIMA,1,0
PITÁGORAS,ICA,1,0
MI UNIVERSO,LIMA,1,0
VIRGILIO ESPINOZA BARRIOS 0033,LIMA,1,0
DIEGO THOMSOM,LIMA,1,0
I.E.P. TRINOMIO,PUNO,1,1
SALESIANO SAN FRANCISCO DE SALES,LIMA,1,1
COLEGIO MATEMATICO AUNI,LIMA,1,0
DOS DE MAYO,ANCASH,1,0
I.E KUMAMOTO I-3092,LIMA,1,0
I.E MIXTO INDEPENDENCIA,LIMA,1,0
PROLEG,LIMA,1,0
UNION,JUNIN,1,1
I.E.P GENERAL OLLANTAY,LIMA,1,1
COLEGIO TRILCE SEDE PRO,LIMA,1,1
I.E.P. KING OF KINGS,LIMA,1,0
JOSE MARTI,LIMA,1,0
MATER PURISSIMA,LIMA,1,0
I.E. N 2078 NUESTRA SEÑORA DE LOURDES,LIMA,1,0
COLEGIO NEWTON SATIPO,JUNIN,1,0
I.E.P. JESUS EL MAESTRO,LIMA,1,0
C.E SAN ANTONIO DE PADUA,LIMA,1,0
PITAGORAS LOS OLIVOS,LIMA,1,0
IE 5166 BELLA AURORA,LIMA,1,0
KAROL WOJTYLA,LIMA,1,0
COLEGIO LOS ÁLAMOS,LIMA,1,0
NUESTRA SEÑORA DE LA INMACULADA CONCEPCIÓN,LIMA,1,0
JULIO PONCE ANTUNEZ DE MAYOLO,LIMA,1,0
CRUZ SACO- ÁLAMO,LIMA,1,0
HEROES DE LA BREÑA,LIMA,1,1
JULIO ALBERTO ANTÚNEZ DE MAYOLO,LIMA,1,0
I. E. P. SANTA ÁNGELA,LIMA,1,0
UNIÓN BELLAVISTA,LIMA,1,0
HORACIO ZEBALLOS GÁMEZ,LIMA,1,0
I.E.P AMÉRICA LA VICTORIA,LIMA,1,0
NUESTRA SEÑORA DE LA RECONCILIACIÓN,LIMA,1,0
COLEGIO ANTON MAKARENKO,LIMA,1,0
I.E.P SANTA MARIA DEL CAMINO,LIMA,1,1
MANUEL A ODRIA,LIMA,1,0
LICEO NAVAL CAPITÁN DE NAVÍO JUAN FANNING GARCÍA,LIMA,1,0
SACO OLIVEROS QUILCA,CALLAO,1,0
JAIME WHITE,MADRE DE DIOS,1,0
AURELIO MIROQUE SADA SOSA 1140,LIMA,1,1
ELÍAS AGUIRRE 7224,LIMA,1,0
NICOLÁS COPERNICO,LIMA,1,0
LOS ANGELES DE JESUS 3015,LIMA,1,0
PNP PIN PRECURSORES DE LA INDEPENDENCIA NACIONAL,LIMA,1,0
MONSEÑOR. FIDEL OLIVAS ESCUDERO,ANCASH,1,1
IE 3051 EL MILAGRO,LIMA,1,0
I.E.P. SAN PIO X,LIMA,1,0
I.E.I 34309 PUERTO LAGUNA-RAYA,PASCO,1,0
LUISA ASTRAIN,CALLAO,1,0
I.E SU SANTIDAD JUAN PABLO II N 146,LIMA,1,0
JOSÉ DEL CARMEN MARIN ARISTA,LIMA,1,1
BRÍGIDA SILVA DE OCHOA,LIMA,1,0
PABLO FERMIN COSTA,HUANUCO,1,0
SIERVO DE JESUS,LIMA,1,0
IE 7230 LAS FLORES DE VILLA,LIMA,1,0
CORAZÓN DE MARIA MILAGROSA,LIMA,1,0
COLEGIO ADELISES,LIMA,1,0
I. E. SAGRADO CORAZÓN DE JESÚS,JUNIN,1,0
INSTITUCION EDUCATIVA ERNESTO DIEZ CANSECO,PASCO,1,0
SAN CLEMENTE,LIMA,1,0
WILLIAM SHAKESPEARE DE SANTA ANITA,LIMA,1,0
0649129,LIMA,1,0
IEP CORAZON DE BELEN,LAMBAYEQUE,1,0
VIRGEN DE LA PUERTA,LIMA,1,1
COLEGIO PRIVADO CLAUDIO GALENO,PUNO,1,1
MATER CRISTHIE,LIMA,1,0
I.E IZAGUIRRE DE ARIEL,LIMA,1,0
BHSCHOOL,LIMA,1,0
SACO OLIVEROS PRO,LIMA,1,0
I.E.T MX LUIS VALLEJOS SANTONI,CUSCO,1,0
INSTITUCION EDUCATIVA MIGUEL GRAU SEMINARIO,LIMA,1,0
IEP LICEO BERNHALD BOLZANO,LIMA,1,0
IE P.N.P 0149 CAP. JORGE CIEZA LACHOS,LIMA,1,0
MÁSTER UNI,LIMA,1,0
TM INGENIERO,LIMA,1,0
JESÚS REDENTOR 1086,LIMA,1,1
SAN FELIPE - COMAS,LIMA,1,0
JULIACA,PUNO,1,0
AMAUTA 1260,LIMA,1,0
I.E 5149 SAN JUAN BAUTISTA,CALLAO,1,0
FE Y ALEGRÍA 17,LIMA,1,0
COAR LORETO,LORETO,1,0
IGNACIA VELÁSQUEZ,SAN MARTIN,1,0
7086 LOS PRECURSORES,LIMA,1,0
MARICAL CACERES,AYACUCHO,1,0
I.E IVAN PAVLOV,LIMA,1,0
LUZ CASANOVA,LIMA,1,0
JUNIOR CÉSAR DE LOS RÍOS,CALLAO,1,0
IE 6051 MERCEDES INDACOCHEA,LIMA,1,0
PAMER,CALLAO,1,0
IE PEDRO RUIZ GALLO,LIMA,1,1
IE 5033 LAS 200 MILLAS,CALLAO,1,0
MELITON CARBAJAL,LIMA,1,0
ALEXANDER VON HUMBOLDT,TACNA,1,0
GENES II,LIMA,1,0
COLEGIO PITAGORAS,PUNO,1,0
COLEGIO SIGMA,PUNO,1,0
ANGELO PATRI,LIMA,1,1
CAP.ALIPIO PONCE VASQUEZ,LIMA,1,0
ISABEL LA CATÓLICA,LIMA,1,0
SANTA MARIA DE CERVELLO,ANCASH,1,0
COLEGIO LAS MERCEDES,PUNO,1,0
051 CLORINDA MATTO DE TURNER,LIMA,1,0
SANTA MARÍA,CALLAO,1,0
I.E. 20393 TUPAC AMARU_PAMPA LIBRE,LIMA,1,0
SANTO DOMINGO DE GUZMAN DE CARABAYLLO,LIMA,1,0
I.E. SAN VICENTE DE PAUL,JUNIN,1,1
SAN ANTONIO ABAD,CUSCO,1,0
VICTOR SANTANDER CASELLI,CUSCO,1,0
IE PNP JUAN LINARES ROJAS,CALLAO,1,0
COLEGIO SANTA MARÍA GORETTI,LIMA,1,0
UGEL 06,LIMA,1,0
ALFONSO RODRIGUEZ NAJARRO,APURIMAC,1,1
COLEGIO MATEMÁTICO AUNI BOSTON HIGH SCHOOL,LIMA,1,0
C.E.P SAN JUAN BOSCO,ANCASH,1,0
SAN IGNACIO DEL LOYOLA,PUNO,1,0
NUESTRA SEÑORA DEL SAGRADO CORAZON,LIMA,1,0
SALESIANOS SANTA ROSA,JUNIN,1,0
I.E 1204 VILLA JARDIN,LIMA,1,0
I.E.N°5142 VIRGEN DE GUADALUPE,CALLAO,1,0
MARISCAL RAMON CASTILLA1199,LIMA,1,1
SACO OLIVEROS DE PRO,LIMA,1,0
0139 GRAN AMAUTA MARIATEGUI,LIMA,1,0
I.E CARLOS PAREJA PAZ SOLDAN,LIMA,1,0
GRAN MARISCAL TORIBIO DEL LUZURIAGA,LIMA,1,0
INSTITUCION EDUCATIVA EMBLEMATICA MIGUEL GRAU,APURIMAC,1,0
SAN ISIDRO,CUSCO,1,0
JOSÉ DEL CARMEN MARÍN ARISTA,LIMA,1,0
CRISTO REY,LIMA,1,1
SANTA ROSA MILAGROSA 0136,LIMA,1,0
DORA MAYER,CALLAO,1,0
SOL DE ALEGRIA,LIMA,1,0
I.E N° 117 SIGNOS DE FE,LIMA,1,0
FE Y ALEGRIA Nº 2,LIMA,1,0
PATRON SANTIAGO DE YANACA,LIMA,1,1
I.E. N°116 ABRAHAM VALDELOMAR,LIMA,1,0
1217 JORGE BASADRE GROHMANN,LIMA,1,0
TORIBIO DE LUZURIAGA Y MEJIA,LIMA,1,0
LAS SALLE,PUNO,1,1
NUESTRA SEÑORA DE BELÉN,CALLAO,1,0
I.E RAUL PORRAS BARRENECHEA,LIMA,1,0
IEP LITERATO RICARDO PALMA,LIMA,1,1
NIÑO JESÚS DE PRAGA,LIMA,1,0
CALLAO,CALLAO,1,0
COLEGIO LOS PEREGRINOS,LIMA,1,0
PASCUAL SACO OLIVEROS BARRANCO,LIMA,1,0
INGENIERA,LIMA,1,0
JULIO ALBERTO PONCE ANTÚNEZ DE MAYOLO,LIMA,1,0
MANUEL CEOANE CORRALES,AYACUCHO,1,0
C.E.P MIGUEL ÁNGEL ASTURIAS,LIMA,1,0
GALENO LIMA-SUR,LIMA,1,0
IEP CLAUDIO GALENO,PUNO,1,0
I.E.P. DEWEY W. HAWKING,ANCASH,1,0
COLEGIO FRANCISCANO SAN ROMÁN,PUNO,1,0
I.E 24 ROSA IRENE INFANTE DE CANALES,LIMA,1,0
SOR MARÍA DE LOS ÁNGELES,LIMA,1,1
IEP CESAR VALLEJO,LIMA,1,1
JOSE BALTA- SAN MARTIN DE PORRES,LIMA,1,0
IE 2023 AUGUSTO SALAZAR BONDY,LIMA,1,0
SAN JUAN BOSCO AYACUCHO,AYACUCHO,1,0
MONSEÑOR MARCOS LIBARDONI,LIMA,1,0
PATRICIA ANTONIA LÓPEZ 0097,LIMA,1,0
NIÑO JESUS,LIMA,1,0
PSJ.LAS PERAS -AA.HH EL PROGRESO IIISECTOR AMPL. C,LIMA,1,0
N° 143 SOLIDARIDAD II,LIMA,1,0
TRILCE VES,LIMA,1,0
JOHANNES GUTENBERG,AYACUCHO,1,0
JOHN SMITH COLLEGE,LIMA,1,0
I.E. P BENTHAM BREÑZ,LIMA,1,0
COPRODELI SAN MARTIN,CALLAO,1,0
MARIA REYNA DEL CIELO SCHOOL,LIMA,1,0
COLEGIO POLITECNICO REGIONAL LOS ANDES,PUNO,1,0
IEP JESUS OBRERO DE OLLANTAY,LIMA,1,1
IE 2022 PEDRO ABRAHAM VALDELOMAR PINTO,LIMA,1,0
PERUANO JAPONÉS 7213,LIMA,1,0
I.E MAX UHLE 7236,LIMA,1,0
0082 LA CANTUTA,LIMA,1,0
MARISCAL RAMÓN CASTILLA,TACNA,1,0
LEONARDO EULER,LIMA,1,1
LICEO NAVAL MONTERO,LIMA,1,0
JUAN FRANCISCO VELASCO ALVARADO,PUNO,1,0
KOREA SCIENCE ACADEMY OF KAIST,LIMA,1,0
ALCIDES SPELUCIN VEGA,LIMA,1,0
TRILCE VILLA MARIA DEL TRIUNFO,LIMA,1,0
CEBA INCA GARCILASO DE LA VEGA,PUNO,1,0
PASCUAL SACO OLIVEROS - SEDE AYACUCHO,AYACUCHO,1,0
I.E. NACIONES UNIDAS - 7062,LIMA,1,0
IE INNOVACION TECNOLOGICA DEL PERU,LIMA,1,0
JOSÉ MARÍA ARGUEDAS,CALLAO,1,0
FRANCISCO IZQUIERDO RÍOS,HUANCAVELICA,1,1
LOS INGENIEROS SCHOOL,LIMA,1,0
INDEPENDENCIA AMERICANA 145,LIMA,1,0
ENRIQUE GUZMÁN Y VALLE,LIMA,1,0
LOS ROSALES,LIMA,1,0
LOS INCAS,LIMA,1,1
SIMÓN BOLIVAR,PUNO,1,0
I.E. COMERCIO 62 ALMIRANTE MIGUEL GRAU,LIMA,1,0
I.E.PR. EVARISTE GALOIS,LIMA,1,0
MENOTTI BIFFI GARIBOTTO,LIMA,1,1
1487933,LIMA,1,1
IEP ISAAC NEWTON,HUANUCO,1,0
SAN VICENTE,LIMA,1,0
MANUEL GONZALEZ PRADA,LIMA,1,0
AUGUSTO SALAZAR BONDY,AYACUCHO,1,0
I.E.P. NUESTRA SEÑORA DE MONSERRAT - LOS OLIVOS,LIMA,1,1
LA ASUNCIÓN,LIMA,1,0
DUNI,JUNIN,1,1
MATER ET MAGISTRA,LIMA,1,1
JESÚS SACRAMENTADO DE CIENEGUILLA,LIMA,1,0
COPRODELI SANTA MARIA,CALLAO,1,0
20799 DANIEL ALCIDES CARRION,LIMA,1,0
JOSE CARLOS MARIATEGUI,JUNIN,1,0
CONSORCIO INGENIERÍA,CALLAO,1,0
I. E. TRINOMIO,PUNO,1,0
NUESTA SEÑORA DE LA MERCED,CALLAO,1,0
COLEGIO DE ALTO RENDIMIENTO SAN MARTÍN,SAN MARTIN,1,0
I.E.P COLEGIO CRISTIANO JERUSALEN,CALLAO,1,1
A-28 PERÚ BIRF,PUNO,1,1
I.E. FRANCISCO INKA,LIMA,1,0
NEWTON,LIMA,1,0
SAN VICENTE DE PAÚL,JUNIN,1,0
VIRGEN MILAGROSA,LIMA,1,1
IE MICAELA BASTIDAS DE CONDORCANQUI,LIMA,1,0
I.E.P. CLADIO GALENO,PUNO,1,0
I.E.E. BARTOLOMÉ HERRERA,LIMA,1,0
BOCA KIATARY,JUNIN,1,0
I.E.P SANTA CATALINA,LIMA,1,0
SEÑORDELPERDON,SAN MARTIN,1,0
COLEGIO CABANILLAS,PUNO,1,0
OLLANTAY,LIMA,1,0
I.E.S. PARROQUIAL JOSÉ MARÍA ARGUEDAS,AYACUCHO,1,0
MONITOR,LIMA,1,0
SANTA ROZA DE QUIVES,LIMA,1,0
FEDERICO VILLARREAL,HUANCAVELICA,1,0
MARÍA MEDALLA MILAGROSA,LIMA,1,0
I. E. 2086 PERÚ HOLANDA,LIMA,1,1
COLEGIO UNION DE ÑAÑA,LIMA,1,0
SAN ANTONIO DE PADUA DE SANTA MARIA DE CHOSICA,LIMA,1,0
COAR MADRE DE DIOS,MADRE DE DIOS,1,0
RAÚL PORRAS BARRENECHEA,CALLAO,1,1
SAN ISIDRO,PUNO,1,1
IEP SAN MARCOS,LIMA,1,0
I.E.P SACO OLIVEROS,LIMA,1,1
ASOCIACIÓN EDUCATIVA SACO OLIVEROS,LIMA,1,0
JOSÉ MARÍA ARGUEDAS,AYACUCHO,1,0
I.E. 106 ABRAHAM VALDELOMAR,LIMA,1,0
NUESTRA SEÑORA DEL PRADO,LIMA,1,0
PAMER LOS DURAZNOS,LIMA,1,0
SS CC RECOLETA,LIMA,1,0
SACO OLIVEROS SEDE SANTA BEATRIZ,LIMA,1,0
0169 SAN CARLOS,LIMA,1,0
INDIRA GANDHI,LIMA,1,1
NIKOLA TESLA,HUANCAVELICA,1,0
TUNAGASUCA,LIMA,1,0
LIBERTADOR SAN MARTÍN,LIMA,1,0
1231 JOSÉ LUIS BUSTAMANTE Y RIVERO,LIMA,1,0
INSTITUCIÓN EDUCATIVA 6100 SANTA MARÍA REYNA,LIMA,1,0
DANIEL ALCIDES CARRION 107,LIMA,1,0
7224 ELIAS AGUIRRE,LIMA,1,0
COLEGIO CÉSAR VALLEJO,LIMA,1,0
JAD - 1049,LIMA,1,0
SANTA ROSA DE LIMA 2001,LIMA,1,0
B.GROUP I.E.P,CALLAO,1,1
MIGUEL ANGEL,LIMA,1,0
IR 2091 MARISCAL ANDRÉS AVELINO CÁCERES,LIMA,1,0
JAVIER PULGAR VIDAL,HUANUCO,1,0
VICTOR ANDRES BELAUNDE 1112,LIMA,1,0
COLEGIO SANTO DOMINGO,LIMA,1,1
SANTA RITA DE CASIA,APURIMAC,1,0
86040 SUIZA PERUANA,ANCASH,1,0
IEP 3041 ANDRES BELLO,LIMA,1,0
I.E.P. JESÚS SALVADOR,CALLAO,1,0
SANTA ANA DE INGENIERÍA,LIMA,1,1
COLEGIO SANTO TOMÁS DE AQUINO,LIMA,1,1
I.E HERMAN BUSSE DE LA GUERRA,LIMA,1,0
MELCHORITA SARAVIA,ICA,1,1
1197 NICOLAS DE PIEROLA,LIMA,1,0
IE 15027 AMAUTA,PIURA,1,1
GUE JOSÉ ANTONIO ENCINAS,PUNO,1,0
I.E.P. VIRGEN DE GUADALUOE,LIMA,1,0
SACO OLIVEROS SEDE CIPRESES I,LIMA,1,0
I.E.P DIVINA MISERICORDIA,LIMA,1,1
GRAN BRETAÑA,LIMA,1,0
IEP LU SIN,LIMA,1,0
IEP. CLAUDIO GALENO,PUNO,1,0
COLEGIO JAMES BALDWIN,PUNO,1,0
ALBERT EISTEN,ANCASH,1,0
SANTA INÉS HUAYCÁN ATE,LIMA,1,0
REDIMER JESÚS,LIMA,1,1
1665132,LIMA,1,0
315439,LIMA,1,0
INSTITUCION EDUCATIVA MICAELA BASTIDAS 2089,LIMA,1,0
LOS SIERVOS DE JESUS,LIMA,1,0
VICTOR VALENZUELA GUARDIA,ANCASH,1,0
NUESTRA SEÑORA DEL VALLE,LIMA,1,0
JUAN BUSTAMANTE,PUNO,1,0
E.C. MIX 101 SHUJI KITAMURA,LIMA,1,0
IE JOSE MARTI,LIMA,1,1
NUESTRA SEÑORA DE FATIMA,AYACUCHO,1,0
SAINT PATRICK SCHOOL,LIMA,1,0
IE SACO OLIVEROS DE SANTA BEATRIZ,LIMA,1,0
PERUANO CANADIENSE,LIMA,1,0
IEP PAMER,LIMA,1,0
2088 REPÚBLICA FEDERAL DE ALEMANIA,LIMA,1,0
APLICACION SAN MARCOS,LIMA,1,0
CIENTÍFICO ISAAC NEWTON,LIMA,1,0
I.E PERÚ ESPAÑA 6099,LIMA,1,0
5033 LAS 200 MILLAS,CALLAO,1,0
IEP JULIO RAMÓN RIBEYRO,LIMA,1,0
I.E. DANIEL BECERRA OCAMPO,MOQUEGUA,1,0
PAMER - DURAZNOS,LIMA,1,0
JOSE MARIA ESCRIBA,LIMA,1,0
88203,ANCASH,1,0
THOR HEYERDAHL,LAMBAYEQUE,1,0
I.E.E. ALFONSO UGARTE 1071,LIMA,1,0
I.E.P NIÑO CHAPERITO,LIMA,1,0
0089 MANUEL GONZALES PRADA,LIMA,1,0
LAS MERCEDES,APURIMAC,1,1
WILLIAM SHAKEPEARE,LIMA,1,0
SALESIANO,CUSCO,1,1
GRAN AMAUTA MARIATEGUI 139,LIMA,1,0
DANIEL ALCIDES,LIMA,1,0
LAPLACE,AREQUIPA,1,1
TRILCE - WIESSE,LIMA,1,0
SACO OLIVEROS NUEVO SAN JUAN,LIMA,1,0
SAN IGNACIO DE RECALDE SCHOOL,LIMA,1,1
NUESTRA SEÑORA DE FÁTIMA AMPARAES,CUSCO,1,0
I.E.S. NUESTRA SEÑORA DEL CARMEN,PUNO,1,0
5168 ROSA LUZ,LIMA,1,0
SAN JORGE,LIMA,1,1
COLEGIO SAN IGNACIO DE LOYOLA DE PIURA,PIURA,1,1
SORANA DE LOS ANGELES 5080,CALLAO,1,0
GENES DEL NORTE,CALLAO,1,0
6051 MERCEDES INDACOCHEA,LIMA,1,0
I.E.PALMAS REALES,LIMA,1,0
IE 6018 INMACULADA CONCEPCIÓN DE HUARANGAL,LIMA,1,0
VICTOR ANDRES DE BELAUNDE,LIMA,1,0
IE 2079 ANTONIO RAIMONDI,LIMA,1,0
I.E.P. SANTA CATALINA,PUNO,1,0
COLEGIO TRILCE LOS OLIVOS,LIMA,1,0
LAS BRISAS DE VILLA,LIMA,1,0
ABRAHAM LINCOLN,JUNIN,1,0
APEHIRON HELICOIDAL,LIMA,1,1
TALENTUS SCHOOOL,CALLAO,1,0
SACO OLIVARES HELICOYDAL,LIMA,1,0
SACO OLIVEROS SAN MIGUEL,LIMA,1,0
NUESTRA SEÑORA DE LAS MERCEDES RIMAC,LIMA,1,0
I.E POLITECNICO REGIONAL,PUNO,1,0
JULIO RAMÓN RIBEYRO,CALLAO,1,0
I.E.E VILLA EL SALVADOR 6066,LIMA,1,1
NUESTRA SEÑORA DE COCHARCAS,LIMA,1,0
JOSÉ MARÍA TELLO MARTINEZ,PIURA,1,0
I.E.P. FRAY PEDRO URRACA,LIMA,1,0
IE.BOSQUE 1182,LIMA,1,0
INNOVA SCHOOLS CANTO GRANDE,LIMA,1,0
EL AMAUTA,CUSCO,1,1
7084 MANUEL GONZÁLEZ PRADA,LIMA,1,0
COLEGIO SAN NORBERTO,LIMA,1,1
PAMER VILLACRUZ,LIMA,1,0
COLEGIO TECNICO EXPERIMENTAL JESUS OBRERO,LIMA,1,0
I.E. 5074 ALCIDES SPELUCIN VEGA,CALLAO,1,0
1195320,LIMA,1,0
FE Y ALEGRÍA N° 41,LIMA,1,0
LEONCIO PRADO7035,LIMA,1,0
GRUPO-PRE,LIMA,1,0
MELITÓN CARBAJAL,LIMA,1,0
CRISTO REY,TACNA,1,0
SOLIDARIDAD PERÚ ALEMANIA Nº7238,LIMA,1,0
INSTITUCIÓN EDUCATIVA GRAN BRETAÑA 3056,LIMA,1,0
I.E. 0046 VICTOR RAUL HAYA DE LA TORRE.,LIMA,1,0
CRAMEX,LIMA,1,0
IE SANTA ROSA DE LAS AMERICAS,LIMA,1,0
ISAAC NEWTON JESUS MARÍA,LIMA,1,1
I.E. CARLOS PAREJA PAZ SOLDÁN,LIMA,1,0
IE 5099-RICARDO PALMA,LIMA,1,0
IEP VIRGEN DE VIRGENES,LIMA,1,1
REPUBLICA DE CHILE,LIMA,1,0
INGENERIA,LIMA,1,0
FRIEDERICH GAUSS,LIMA,1,0
JIRÓN JUAN GONZALO ROSE Nª232,LIMA,1,0
I.E. 2023 AUGUSTO SALAZAR BONDY,LIMA,1,1
I. E. P WILLIAM SHAKESPEARE,LIMA,1,0
DANIEL ALOMIA ROBLES,HUANUCO,1,1
COLEGIO SAN ALFONSO,AYACUCHO,1,0
TOMAS ARIETA CRUZ,LIMA,1,0
JESUS DE NAZARETH - BELEN-PRIVADA,LIMA,1,0
MARÍA DE LAS MERCEDES,LIMA,1,0
SAN JOSE,CUSCO,1,0
COLEGIO 1154 NUESTRA SEÑORA DEL CARMEN,LIMA,1,0
CV INGENIERIA ZARATE,LIMA,1,0
JOSE CARLOS MARIATEGUI NRO 0152,LIMA,1,1
ANNIE SCHOOL,LIMA,1,0
SANTÍSIMA VIRGEN DEL CAMINO,LIMA,1,0
CRUZ SACO - EL ÁLAMO,LIMA,1,0
ANA MARÍA JAVOUHEY,CALLAO,1,0
I.E.S TUPAC AMARU,PUNO,1,0
JOSÉ FAUSTINO SÁNCHEZ CARRIÓN,CALLAO,1,0
INTERNACIONAL ELIM,ICA,1,0
GARCILASO DE LA VEGA,LIMA,1,0
I.E CARLOS NORIEGUA JIMENEZ,LIMA,1,0
IE 1286 HÉROES DEL CENEPA,LIMA,1,0
SAN JUAN APOSTOL,LIMA,1,0
COLEGIO TECH GENIUS,LIMA,1,0
UNION LATINOAMÉRICA,LIMA,1,0
I.E. 1199 MARISCAL RAMÓN CASTILLA,LIMA,1,0
I.E. PAULINO FUENTES CASTRO,LIMA,1,0
IEI SAGRADO CORAZÓN DE JESÚS,JUNIN,1,0
PERUBIRF,PUNO,1,0
NSTRA SÑRA DE LA CANDELARIA,HUANCAVELICA,1,0
1267 CAMPIÑA,LIMA,1,0
3701 FE Y ALEGRIA N°1,LIMA,1,0
AE DE JESUS MANGOMARCA,LIMA,1,0
VICTOR ARIAS VICUÑA,PASCO,1,0
REINA DE LOS CIELOS,LIMA,1,0
FE Y ALEGRÍA N 25,LIMA,1,0
PRECURSORES INDEPENDENCIA NACIONAL,LIMA,1,1
SAN JUAN BAUTISTA,ANCASH,1,0
I.E. N° 132 TORIBIO DE LUZURIAGA Y MEJÍA,LIMA,1,0
MZ D LOT 13 -LOS CLAVELES,LIMA,1,0
TRILCE SEDE SANTA BEATRIZ,LIMA,1,0
TRILCE LOS OLIVOS DE PROLIMA,LIMA,1,1
2037 CIRO ALEGRIA,LIMA,1,0
TECHNOLOG Y SCHOOLS,LIMA,1,0
I.E INCA GARCILASO DE LA VEGA,ANCASH,1,0
I. E. P. IZAGUIRRE DE ARIEL,LIMA,1,0
IE SANTA CATALINA,PUNO,1,1
ENRIQUE GUZMAN Y VALLE 3084,LIMA,1,0
I.E. 113 DANIEL ALOMIA ROBLES,LIMA,1,0
TECNOLOGY SCHOOL,LIMA,1,0
IEP NUESTRA SEÑORA DEL PRADO,LIMA,1,0
MANUEL GONZALEZ PRADA 2015,LIMA,1,0
PASITOS SEGUROS,LIMA,1,0
BENITO JUAREZ 0073,LIMA,1,0
PERUANO ESPAÑOL INTER MUNDO,LAMBAYEQUE,1,1
TECHNOLOGY SCHOOLS ZAPALLAL,LIMA,1,1
INSTITUCIÓN EDUCATIVA EMBLEMÁTICA RICARDO BENTÍN,LIMA,1,1
POLITÉCNICO DE VENTANILLA 5086,CALLAO,1,0
INSTITUCIÓN EDUCATIVA LIBERTADOR SAN MARTIN,LIMA,1,1
COLEGIO DE APLICACION SAN MARCOS,LIMA,1,0
2025 INMACULADA CONCEPCION,LIMA,1,1
I E E EDELMIRA DEL PANDO,LIMA,1,0
MARIANO MELGAR,PUNO,1,0
IEP LICEO SANTO DOMINGO,LIMA,1,0
COLEGIO ADVENTISTA EL SANTA,ANCASH,1,0
I.E. SAN JUAN,AYACUCHO,1,0
I.E.P ABRAHAM LINCOLN COLLEGE,LIMA,1,0
COAR LAMBAYEQUE,LAMBAYEQUE,1,1
EIP CORAZÓN DE JESÚS,LIMA,1,0
JUAN PABLO,LIMA,1,0
9 DE DICIEMBRE,AYACUCHO,1,0
I. E S. GLORIOSO SAN CARLOS PUNO,PUNO,1,0
I.E. LA SAGRADA FAMILIA,LIMA,1,0
C.N.I,LIMA,1,0
PARROQUIAL NUESTRA SEÑORA DE MONTSERRAT,LIMA,1,0
SAN PEDRO SANTÍSIMA TRINIDAD,LIMA,1,0
JUAN PABLO VIZCARDO Y GUZMÁN,HUANCAVELICA,1,0
SAN JOSÉ,PUNO,1,0
MARIA DE LOS ANGELES 3070,LIMA,1,0
I.E.S. JOSÉ GÁLVEZ,PUNO,1,1
I.E.S. CLAUDIO GALENO JULIACA,PUNO,1,0
BAUTISTA,LIMA,1,0
SACO OLIVEROS DE CAMPOY,LIMA,1,0
CESAR VALLEJO,ANCASH,1,1
FE Y ALEGRIA 05,LIMA,1,0
JOSÉ ABELARDO QUIÑONES GONZALES,LIMA,1,0
SANTA MÓNICA COLLEGE,LIMA,1,1
ROSA VICTORIA MARTICORENA,LIMA,1,0
COLEGIO ALEXANDER FLEMING,PUNO,1,0
GRAN MARISCAL ANDRÉS AVELINO CÁCERES,LIMA,1,0
C.E.P. ALFONSO UGARTE,LIMA,1,0
COLEGIO CALLAO,CALLAO,1,0
I.E.E CARLOS WIESSE,LIMA,1,0
G.U.E LEONCIO PRADO,HUANUCO,1,0
JUAN CRONIQUEIR APPU EL AGUSTINO,LIMA,1,1
TRINOMIO,AMAZONAS,1,0
SACO OLIVEROS SANTA ANITA,LIMA,1,0
LA SEÑORA DE LAS MERCEDES,ANCASH,1,0
SANTA MARIA PURISIMA,LIMA,1,0
SINCHI ROCA 2022,LIMA,1,0
CEPCUM MAKARENKO,LIMA,1,0
COLEGIO SIMON BOLIVAR,MOQUEGUA,1,0
VICTOR RAUL HAYA DE LA TORRE,ANCASH,1,0
JULIO C.TELLO,LIMA,1,0
COLEGIO SAN FRANCISCO DE ASÍS,LIMA,1,0
FE Y ALEGRÍA N1,LIMA,1,0
JESUS DE NAZARETH,LIMA,1,1
046 VICTOR RAUL HAYA DE LA TORRE INEI,LIMA,1,0
FE Y ALEGRIA N 53,LIMA,1,0
PRECURSORES DE LA INDEPENDENCIA NACIONAL - PNP,LIMA,1,0
LEONCIO PRADO N° 3014,LIMA,1,1
FE Y ALEGRIA N°41,LIMA,1,0
PRIMER COLEGIO NACIONAL BENEMÉRITO DE LA REPÚBLICA,LIMA,1,0
125 RICARDO PALMA,LIMA,1,0
I. E. P. JORDÁN DE JESÚS,CALLAO,1,0
101 SHIJU KITAMURA,LIMA,1,0
TRINOMIO- JULIACA,PUNO,1,0
ROBERTO PISCONTI RAMOS,ICA,1,1
2003 LIBERTADOR JOSÉ DE SAN MARTÍN,LIMA,1,0
I.E ESTADOS UNIDOS,LIMA,1,1
COLEGIO MARIANISTA,LIMA,1,0
I.E.P BLAISE PASCAL,LIMA,1,0
AMÉRICA 7101,LIMA,1,0
COLEGIO CESAR VALLEJO,PUNO,1,0
SAN LUIS MARISTA DE BARRANCO,LIMA,1,0
SAGRADO CORAZÓN DE JESÚS PIONEROS DE LA CIENCIA,LIMA,1,0
SANTA MARIA DEL ROSARIO,LIMA,1,0
COMERCIÓ 32MHC,PUNO,1,0
C.E ANTONIO RAIMONDI,LA LIBERTAD,1,0
UNIÓN LATINO,JUNIN,1,0
30 40 20 DE ABRIL,LIMA,1,0
GIORDANO BRUNO,LIMA,1,0
MARIANO HILARIO CORNEJO,PUNO,1,0
MERCEDES MANRIQUE FUENTES,AREQUIPA,1,0
PHILIPS P. SAUNDERS,LIMA,1,0
I.E TTE.CRL. ALFREDO BONIFAZ FONSECA,LIMA,1,0
C.T.E JESÚS OBRERO,LIMA,1,0
MARIA DE MAEZTU,LIMA,1,0
SACO OLIVEROS SALAMANCA,LIMA,1,0
FERNANDO CARBAJAL SEGURA 6039,LIMA,1,1
SSCC 3710,LIMA,1,1
JOSE CARLOS MARIATEGUI 7265,LIMA,1,0
DANIELLE MITERRAND,PUNO,1,0
IEP HONORES DEL RETABLO,LIMA,1,0
FE Y ALEGRÍA 13,LIMA,1,1
I.E.P SAGRADA FAMILIA,LIMA,1,1
I.E. SANTA MARIA REYNA,LIMA,1,0
I.E RICARDO PALMA 5099,CALLAO,1,0
I.E.P NUESTRA SEÑORA DEL MONSERRAT,LIMA,1,0
COLEGIO PARROQUIAL SANTA CATALINA,PUNO,1,0
SAN JOSÉ DE CLUNY,LIMA,1,0
0565267,LIMA,1,0
FE Y ALEGRÍA N 35,LIMA,1,0
SAN IGNACIO DE LOYOLA DE PIURA,PIURA,1,0
CEBA PEBAL,LIMA,1,0
IEP. ALFRED NOBEL VITARTE,LIMA,1,0
CLAUDIO GALENO,AMAZONAS,1,1
2 DE MAYO,ANCASH,1,1
MELGAR MILLENIUM DE SANTA ANA,LIMA,1,1
80407 GONZALO UGAS SALCEDO,LA LIBERTAD,1,0
IEP SAN MATEO,LIMA,1,0
138 PROCERES DE LA INDEPEMDENCIA,LIMA,1,0
SAN FELIPE COMAS,LIMA,1,0
HONORES BREÑA,LIMA,1,0
119CANTO BELLO,LIMA,1,0
IEP CARDANO VIETA INGENIEROS - 2,LIMA,1,0
7061 LOS HEROES DE SAN JUAN,LIMA,1,0
CESAR VALLEJO 3098,LIMA,1,0
NIKOLA TESKA,LIMA,1,0
I.E.P CORAZÓN DE MARÍA UGEL-05,LIMA,1,0
I.E.P LA SORBONA DE CAMPOY,LIMA,1,0
I. E.P. TOMAS ARIETA CRUZ,LIMA,1,0
GLAUDIO GALENO,PUNO,1,1
I.E.P. JESÚS OBRERO,LIMA,1,0
LICEO NAVAL JUAN FANNING GARCÍA,LIMA,1,0
JOSÉ CARLOS MAREATEGÜI LA CHIRA,APURIMAC,1,0
FE Y ALEGRÍA,CALLAO,1,0
COLEGIO VIRGEN DE LA ASUNCIÓN,LIMA,1,0
INSTITUCION EDUCATIVA MARISCAL CASTILLA,JUNIN,1,0
IEP VIRGEN DE FATIMA,LIMA,1,1
IEE DANIEL ALCIDES CARRIÓN,PASCO,1,0
I.E.P LICEO SANTO DOMINGO,LIMA,1,1
IEP SANTO DOMINGO EL PREDICADOR,LIMA,1,1
CONTRAALMIRANTE CARLOS TELLO ALIAGA,LIMA,1,0
JOAQUIN CAPELO,JUNIN,1,0
PERUANO DE CIENCIAS,LIMA,1,0
JOSE ABELARDO QUIÑONEZ GONZALES,LIMA,1,0
IE N°0751 JAIME HORACIO ROJAS CHÁVEZ,SAN MARTIN,1,0
SAN JUAN BOSCO EIRL,ANCASH,1,0
IEE CÉSAR ABRAHAM VALLEJO MENDOZA,LA LIBERTAD,1,0
SKHOLE PAIDEA DE LOS OLIVOS,LIMA,1,0
INGENIEROS UNI SANTA ANITA,LIMA,1,1
0215814,CALLAO,1,0
I.E PALMAS REALES,LIMA,1,0
HUMTEC,LIMA,1,0
MI HOGAR Y ESCUELA - MY HOME AND SCHOOL,LIMA,1,0
COLEGIO LIIP EL AMAUTA,PASCO,1,0
I.E. 7073 SANTA ROSA DE LIMA,LIMA,1,0
I.E.P HORIZONTE,JUNIN,1,0
NUESTRA SEÑORA DE LAS MERCEDES,UCAYALI,1,0
TRILCE DE LOS OLIVOS,LIMA,1,0
I.E. SANTA ROSA DE LIMA,LIMA,1,0
I.E.P. SAN IGNACIO DE LOYOLA,LIMA,1,1
DIEZ DE OCTUBRE,LIMA,1,0
COAR ICA,ICA,1,1
I.E.P SAN JUAN BOSCO,LIMA,1,0
COLEGIO SAN JOSÉ HERMANOS MARISTAS DEL CALLAO,CALLAO,1,1
FRANCISCA DIEZ CANSECO CASTILLA,HUANCAVELICA,1,0
NUESTRA SEÑORA DE ALTA GRACIA,PUNO,1,0
I.E. INMACULADA CONCEPCION,TUMBES,1,0
MONITOR HUÁSCAR 131,LIMA,1,1
ROSA DOMINGA PÉREZ LIENDO,LIMA,1,0
INGENIERIA OQUENDO,CALLAO,1,0
COLEGIO DE ALTO RENDIMIENTO DE AYACUCHO,AYACUCHO,1,0
FE Y ALEGRÍA 25,LIMA,1,1
8170 CÉSAR VALLEJO,LIMA,1,1
MARTIR DANIEL ALCIDES CARRION 142,LIMA,1,0
LIBERTADOR SAN MARTIN INDEPENDECIA,LIMA,1,1
I.E 2031 VIRGEN DE FATIMA,LIMA,1,0
LOS NIÑOS DEL MILENIO,LIMA,1,0
GLORIOSO SAN CARLOS,PUNO,1,1
MARISCAL ANDRÉS AVELINO CACERES,LORETO,1,0
I.E. DANIEL ALOMIA ROBLES,LIMA,1,0
JONH F. KENNEDY,ICA,1,0
SACO OLIVERIOS,LIMA,1,1
I.E Nº 2025 INMACULADA CONCEPCIÓN,LIMA,1,0
LOS JAZMINES,CALLAO,1,0
COLEGIO COOPERATIVA AMÉRICA I.E 7101-623,LIMA,1,0
MONTEALTO,LIMA,1,0
DOMINGO FAUSTINO SARMIENTO,LIMA,1,1
I.E JOSE ANTONIO ENCINAS 3024,LIMA,1,1
PNP JUAN LINARES ROJAS,CALLAO,1,0
IEP LA FE DE MARIA,LIMA,1,0
MARIA REINA MARIANISTA,LIMA,1,1
S.A.M,LIMA,1,0
JOSÉ CARLOS MARÍATEGUI,LIMA,1,0
SACO OLIVEROS SEDE QUILCA,CALLAO,1,1
SOR ANA DE LOS ANGELES,CALLAO,1,0
CORAZON DE JESUS PIONEROS DE LA CIENCIA,LIMA,1,0
AUGUSTO SALAZAR BONDY,CAJAMARCA,1,1
PABLO PICASSO,LIMA,1,1
INNOVA,TACNA,1,1
SACO OLIVEROS SAN LUIS,LIMA,1,1
MANUEL GARCÍA CERRON,LIMA,1,0
SAN JOSÉ,LAMBAYEQUE,1,1
MI SAN MARTINCITO,LIMA,1,0
COLEGIO ALEXANDER VON HUMBOLDT,LIMA,1,0
PERUANO JAPONES 7213,LIMA,1,0
I.E. PNP SANTA ROSA DE LIMA 2001,LIMA,1,0
MANUEL SCORZA TORRES,LIMA,1,0
NOBEL,JUNIN,1,0
GUADALUPE NUEVA GENERACIÓN,CALLAO,1,0
I.E 3014 LEONCIO PRADO,LIMA,1,1
LOS PRÓCERES,LIMA,1,0
PERÚ BIRF,PUNO,1,0
1257 REINO UNIDO DE GRAN BRETAÑA,LIMA,1,0
INTITUCION EDUCATIVA ESTADOS UNIDOS UGEL 04,LIMA,1,0
COAR TACNA,TACNA,1,0
MI BUEN JESÚS,CALLAO,1,0
TRILCE HUANCAYO,JUNIN,1,1
7215 NACIONES UNIDAS,LIMA,1,0
COLEGIO SEÑOR DE CCOYLLORRITY,CUSCO,1,0
I.E.P NEWTON,JUNIN,1,1
I.E.P. PROLOG,LIMA,1,1
JOSÉ CARLOS MARIATEGUI 2048,LIMA,1,1
I.E. PEDRO RUIZ GALLO,LIMA,1,0
I.E CABO G.C TEODOSIO ESTEBAN FRANCO GARCÍA,ICA,1,0
I.E.P PACIFICO COLLEGUE,LIMA,1,0
SANTO TOMAS DE AQUINO LOS JARDINES,LIMA,1,0
LA LIBERTAD,LIMA,1,0
JOSE ANTONIO ENCINAS,AMAZONAS,1,0
COLEGIO MATEMATICO CADILLO,LIMA,1,0
CIRO ALEGRÍA BAZÁN,HUANCAVELICA,1,0
SACO OLIVEROS SISTEMA HELICOIDAL,LIMA,1,1
I.E SHUJI KITAMURA NRO 101,LIMA,1,0
5099 RICARDO PALMA,CALLAO,1,0
3045 JOSE CARLOS MARIATEGUI,LIMA,1,0
COLEGIO REAL AMERICAN SCHOOL,PUNO,1,0
3040 VEINTE DE ABRIL,LIMA,1,0
SANTA ROSA DE BARRANCO,LIMA,1,0
MICAELA BASTIDAS N°151,LIMA,1,0
GENES DE LOS OLIVOS,LIMA,1,1
I.E. ISOLINA CLOTET DE FERNANDINI,HUANCAVELICA,1,0
RAMITO VILLAVERDE LAZO,JUNIN,1,0
EDUCARE,LIMA,1,0
LUIS TORRES SALAZAR,ANCASH,1,0
VIRGEN DE LORETO,LORETO,1,0
SEÑOR DEL PERDÓN,LAMBAYEQUE,1,0
MARISCAL CÁCERES EL TRIUNFADOR,LIMA,1,1
SANTIAGO ANTUNEZ DE MAYOLO,ANCASH,1,1
00623,SAN MARTIN,1,0
JOSÉ SABOGAL WIESSE 00965,SAN MARTIN,1,0
SACO OLIVEROS,ICA,1,0
CRUZ SACO DE CIPRESES,LIMA,1,0
MARISCAL ANDRÉS AVELINO CÁCERES EL TRIUNFADOR,LIMA,1,0
BAUTISTA,UCAYALI,1,0
20902 TUPAC AMARU,LIMA,1,0
MONITOR HUSCAR,LIMA,1,0
6151 SAN LUIS GONZAGA,LIMA,1,0
IEP. ABRAHAM LINCOLN COLLEGE,LIMA,1,0
I.E.E. ISABEL LA CATÓLICA,LIMA,1,0
I.E REPUBLICA DE ARGENTINA N2050,LIMA,1,1
INSTITUCIÓN EDUCATIVA 3052,LIMA,1,0
IEP ASCENSIÓN SCHOOL UNICACHI,LIMA,1,0
VIRGEN DE FÁTIMA DE BARRANCO,LIMA,1,0
COLEGIO COLUMBIA,LIMA,1,0
VÍCTOR ANDRÉS BELAUNDE,LA LIBERTAD,1,0
86643 IE JEC SANTO TORIBIO,ANCASH,1,0
AUGUSTO WIESE,LIMA,1,0
10146464300020,LIMA,1,0
BENTHAM BREÑZ,LIMA,1,0
ANDEAN LIGHT SCHOOL,PUNO,1,0
COLEGIO MAYOR SECUNDARIO PRESIDENTE DEL PERÚ-CMSPP,LIMA,1,0
126 JAVIER PEREZ DE CUELLAR,LIMA,1,1
DIVINO MAESTRO CHORRILLOS,LIMA,1,0
2064 REPÚBLICA FEDERAL DE ALEMANIA,LIMA,1,0
UNIÓN LATINOAMERICANA,LIMA,1,0
COLEGIO ALBERTH EINSTEN,PUNO,1,1
NACIONES UNIDAS 7062,LIMA,1,0
INSTITUCIÓN EDUCATIVA 2022 SINCHI ROCA,LIMA,1,0
JOSÉ BAQUÍJANO Y CARRILLO,LIMA,1,0
FE Y ALEGRÍA N° 39,LIMA,1,0
I.E VIRGEN DOLOROSA,SAN MARTIN,1,1
MARCO PUENTE LLANOS,LIMA,1,0
PAMER GRAMADALES PUENTE PIEDRA,LIMA,1,0
VIRGEN DE FÁTIMA 5051,CALLAO,1,0
I.E.P ATUSPARIA,LIMA,1,0
I.E.P ALBORADA,LIMA,1,0
ENRIQUE PESTALOZZI,LIMA,1,0
SACO OLIVEROS SEDE OLIVOS,LIMA,1,0
I.E.P. NUESTRA SEÑORA DEL ROSARIO,LIMA,1,0
COLEGIO ADVENTISTA BELÉN,PUNO,1,0
PRESENTACION DE MARIA Nº41,LIMA,1,0
IE LEONCIO PRADO 3014,LIMA,1,0
INTERNACIONAL DEL PACIFICO,LIMA,1,1
CIENTÍFICO DEL NORTE,LIMA,1,0
COLEGIO PARTICULAR SANTA ISABEL DE HUNGRÍA,LIMA,1,0
JOSÉ CARLOS MARIATÉGUI,ICA,1,1
ANTHONY ZAMMITH,AYACUCHO,1,0
ROSA DE SANTA MARÍA-6088,LIMA,1,0
I.E.P ALBERT EINSTEIN,ANCASH,1,0
I E SINCHI ROCA 2022,LIMA,1,0
DORA MAYER DE ZULEN,LIMA,1,0
I.E. 7243 REY JUAN CARLOS DE BORBON,LIMA,1,1
TORIBIO DE LUZURIAGA Y MEJIA 132,LIMA,1,0
IE 20389 SAN GRACIANO,LIMA,1,0
DIVINO MAESTRO,PIURA,1,0
I.E RICARDO BENTIN,LIMA,1,0
MARIANO MELGAR MILLENIUM,LIMA,1,1
VÍCTOR ARIAS VICUÑA,PASCO,1,1
FRANCISCO IRAZOLA,JUNIN,1,0
ESCUELA MUNDIAL,PUNO,1,0
VIRGEN DE GUADALUPE - EL DESCANSO,LIMA,1,0
DE JESÚS DE PRO - LOS OLIVOS,LIMA,1,0
SAN MATEO HUANCHOR,LIMA,1,0
IE 1182 EL BOSQUE,LIMA,1,0
I.E.E. JOSÉ GRANDA,LIMA,1,0
TRINOMIO - JULIACA,PUNO,1,1
IEP INCA GARCILASO DE LA VEGA SJL,LIMA,1,0
COLEGIO FRANCO PERUANO,LIMA,1,0
LICEO NAVAL C. DE C. MANUEL CLAVERO MUGA,CALLAO,1,0
INNOVA SCHOOLS - COMAS EL RETABLO,LIMA,1,0
I.E P.N.P SANTA ROSA DE LIMA 2001,LIMA,1,0
DOMINGO SAVIO DE SAN MARTÍN,LIMA,1,1
COLEGIO DE JESUS DE PRO - LOS OLIVOS,LIMA,1,0
C.E.P. SAN JUAN BOSCO EIRL,JUNIN,1,0
0413,SAN MARTIN,1,0
MAX UHLE,LIMA,1,0
I.E COPRODELI AGUSTÍN DE HIPONA,CALLAO,1,0
UNION LATINOAMERICANO,LIMA,1,0
FRANCISCO DE ZELA,CALLAO,1,0
LA CATÓLICA HIGH SCHOOL,LIMA,1,0
IE.2026 SAN DIEGO,LIMA,1,0
VÍCTOR ANDRES BELAUNDE,LIMA,1,0
COLEGIOS PROLOG,ICA,1,1
I.E. APLICACIÓN SECUNDARIA,SAN MARTIN,1,0
I.E. RAMÓN CASTILLA,LIMA,1,1
IE 11538 PATIVILCA,LAMBAYEQUE,1,0
I.E 130 HEROES DEL CENEPA,LIMA,1,0
COAR CUSCO,AMAZONAS,1,1
COLEGIO DE ALTO RENDIMIENTO-LORETO,LORETO,1,0
COLEGIO COMERCIAL EL CENTENARIO,PUNO,1,0
FE Y ALEGRÍA N° 59 SANTA CRUZ,CALLAO,1,0
COLEGIO DE ALTO RENDIMIENTO DE LA LIBERTAD,LA LIBERTAD,1,0
NSTRA. SRA. DE COPACABANA,LIMA,1,0
COLEGIO ABRAHAM LINCOLN,JUNIN,1,1
SAN JUAN CATOLICO,LIMA,1,0
INMACULADO CORAZÓN DE MARÍA,LIMA,1,0
DIVINO JESUS,LIMA,1,0
COAR LIMA PROVINCIAS,PUNO,1,0
MANUEL ROBLES ALARCON N°120,LIMA,1,0
COAR LIMA METROPOLITANA,LIMA,1,0
I.E.P. LITERATO RICARDO PALMA,LIMA,1,0
I.E.N.3055 TUPAC AMARU,LIMA,1,1
JUAN LINARES ROJAS,LIMA,1,0
INMACULADA CONCEPCIÓN DE MARIA,LIMA,1,0
COAR,APURIMAC,1,1
SANTO DOMINGO DE MORO,ANCASH,1,0
JESUS EDUCADOR LAS TORRES,LIMA,1,0
COAR,LIMA,1,0
LEONCIO PRADO 7935,LIMA,1,0
JULIO C TELLO,LIMA,1,0
1275 LA FLORIDA,LIMA,1,0
ALFREDO BONIFAZ FONSECA,LIMA,1,0
FE Y ALEGRIA 1,LIMA,1,0
HUMECT MIRAVALLES,LIMA,1,0
SACO OLIVEROS SEDE PRO,LIMA,1,1
COLEGIO LA SALLE,PUNO,1,0
COLEGIO BLAS PASCAL,PUNO,1,0
ENRRIQUE GUZMAN Y VALLES,LORETO,1,0
IE PNP ALIPIO PONCE VASQUES,LIMA,1,0
I.E. 0082 LA CANTUTA,LIMA,1,0
I.E.PACIFICO,LIMA,1,0
IE 3055 TÚPAC AMARU,LIMA,1,0
3051-EL MILAGRO,LIMA,1,1
SAN BENITO DE PALERMO,LIMA,1,0
I.E 5282 SEÑOR DE LOS MILAGROS,LIMA,1,0
ALMIRANTE MIGUEL GRAU 2066,LIMA,1,0
JUAN ZACARIAS MONTENEGRO,CAJAMARCA,1,1
I.E. JOSÉ CARLOS MARIÁTEGUI,LIMA,1,0
3095 PERÚ KAWACHI LOS OLIVOS,LIMA,1,0
COLEGIO NACIONAL CHAVÍN DE PARIARCA,HUANUCO,1,1
DANIEL ALCIDES CARRIÓN 0090,LIMA,1,0
MARISCAL ELOY GASPAR URETA,LIMA,1,0
MIRAFLORES SCHOOL,LIMA,1,0
NEW SCHOOL,LIMA,1,0
I.E SAN JUAN,LIMA,1,0
I.E. SCIPIÓN E. LLONA,LIMA,1,1
GENERALÍSIMO DON JOSÉ DE SAN MARTÍN,LIMA,1,0
I.E.FELIX ROMAN TELLO ROJAS,LIMA,1,0
NUEVO MUNDO,LIMA,1,0
DANTE ALIGHIERI,LIMA,1,1
TRILCE SANTA ANITA,AMAZONAS,1,0
I.E. 2063 CORONEL JOSE FELIX BOGADO,LIMA,1,0
LOS INGENIEROS -PUNTA NEGRA,LIMA,1,0
SAINT PATRICK,LIMA,1,0
JACK GOLDFARB,LIMA,1,1
INNOVA SCHOOLS SANTO TORIBIO,LIMA,1,1
JESUS SALVADOR,LIMA,1,0
JUAN PABLO II,CAJAMARCA,1,0
I.E BENJAMIN FRANKLIN,LIMA,1,0
CEBA-SACO OLIVEROS,LIMA,1,1
HONORES OQUENDO,CALLAO,1,1
I.E 5085 RAMIRO PRIALÉ PRIALÉ,CALLAO,1,1
COLEGIO BETHEL CHRISTIAN SCHOOL,PUNO,1,0
2 DE MAYO,CALLAO,1,0
BEATA ANA MARIA JAVOHUEY,CALLAO,1,1
SAN LUIS GONZAGA 6151,LIMA,1,0
I.E NUESTRA SEÑORA DEL CARMEN,LIMA,1,0
IEE 1070 MELITÓN CARVAJAL,LIMA,1,0
I.E.P. GUADALUPE,CUSCO,1,1
IZAGUIRRE DE ARIEL,LIMA,1,0
I.E. N°3720 NUESTRA SEÑORA DE LA MISERICORDIA,CALLAO,1,1
JEAN PIAGET,ICA,1,0
IE 1137 JOSÉ ANTONIO ENCINAS,LIMA,1,0
MATHER PURÍSIMA,LIMA,1,0
IE SAN JUAN BAUTISTA,PASCO,1,0
I.E.P. SAN JOSE,CUSCO,1,0
SAN MARTÍN DE PORRES,LORETO,1,1
I.E.P. SAN ISIDRO,LIMA,1,0
LA REPARACIÓN,LIMA,1,0
PNP JUAN LINARES ROJAS,LIMA,1,0
BARTON DE COMAS,LIMA,1,0
GERONIMO CAFFERATTA MARAZZI,LIMA,1,0
AUGUSTO SALAZAR BONDY 2023,LIMA,1,0
I.E.P NUESTRA SEÑORA DE LA ASUNCIÓN,LIMA,1,1
COLEGIO GREGOR MENDEL,PUNO,1,0
I.E. PARROQUIAL SAN ANTONIO DE PADUA,LIMA,1,1
6047 JOSE MARIA ARGUEDAS,LIMA,1,1
I.E. ALFONSO UGARTE - PAUCARTAMBO - PASCO,PASCO,1,0
HORACIO ZEBALLOS GAMES,PUNO,1,0
NUESTRA SEÑORA DE GUÍA,LIMA,1,0
COLEGIO BERTOLT BRECHT,LIMA,1,0
NUESTRA SEÑORA DE LA RECONCILIACION,LIMA,1,1
SANTO DOMINGO,CALLAO,1,0
CORONELA CORTEGANA,CAJAMARCA,1,0
TRILCE SA,LIMA,1,1
I.E.E. MELITÓN CARVAJAL,LIMA,1,1
DON JOSE DE SAN MARTIN,LIMA,1,0
MARIA REYNA DE LA PAZ,LIMA,1,0
FE Y ALEGRIA 13,LIMA,1,0
REPÚBLICA DE BOLIVIA - PERÚ BIRF,LIMA,1,0
CAPITAN MARCELINO VALEVERDE SOLORZANO,ANCASH,1,0
TRILCE CEDE CALLAO,CALLAO,1,0
IEP ANTON COLLEGE,CALLAO,1,0
FERMIN PABLO COZ MARTEL,HUANUCO,1,0
SAN PEDRO,LIMA,1,0
IEP PROLOG SAN JUAN DE MIRAFLORES,LIMA,1,1
SANTO DOMINGO DE GUZMÁN - LAS FLORES,LIMA,1,0
IEP LEONARD EULER,LIMA,1,0
CRUZ SACO DE GIRASOLES,LIMA,1,1
SATELITE PRIMAVERAL,ICA,1,0
ALFRED NOVEL,AMAZONAS,1,0
CIRCULO A1,LIMA,1,0
COLEGIO APLICACION DE UANCV,PUNO,1,0
LOS MILAGROS,LIMA,1,0
SANTA LUISA DE MARILLAC,LIMA,1,0
SATÉLITE PRIMAVERAL,ICA,1,0
BARCIA BONIFFATTI,LIMA,1,0
I.E REPÚBLICA DE JAPON,LIMA,1,0
COLEGIO PEDRO KALBERMATTER,PUNO,1,0
G.U.E JOSE ANTONIO ENCINAS,PUNO,1,0
IEP LOS INGENIEROS DE LOS CEDROS,LIMA,1,1
PLAMAS RELASES,LIMA,1,1
MATER PURÍSIMA,LIMA,1,1
SANTA MARÍA EUFRASIA,LIMA,1,0
IE JESUS DE NAZARET,LIMA,1,0
RAMIRO PRIALE PRIALE,CAJAMARCA,1,0
IEP MARISCAL TORIBIO LUZURIAGA,LIMA,1,0
GLORIOSO COLEGIO NACIONAL DE CIENCIAS,CUSCO,1,0
UNIO BELLAVISTA,LIMA,1,0
I.E. TÚPAC AMARU,LIMA,1,0
MANUEL SCORZA TORRE,LIMA,1,0
SACO OLIVEROS - COCALENOS,LIMA,1,1
FE Y ALEGRÍA,ICA,1,0
IEP. PALMER SCHOOL,LIMA,1,0
JOHN NAPIER,LIMA,1,0
CORONEL JUAN VALER SANDOVAL 6093,LIMA,1,0
I.E.P. ELITE SCHOOL,LIMA,1,0
VIRGEN DE ROSARIO,LIMA,1,0
HUACA DE ORO 3091,LIMA,1,0
SANTISIMO SACRAMENTO,LIMA,1,0
IE LOS INKAS,LIMA,1,0
I.E. SOR ANA DE LOS ANGELES,CALLAO,1,0
COLEGIO LA UNIÓN,LIMA,1,0
I.E REPÚBLICA DEL ECUADOR,LIMA,1,1
3721 SANTA ROSA - ANCON,LIMA,1,0
COLEGIO ADVIENTO DE MIRAFLORES,LIMA,1,0
PAMER PUENTE PIEDRA 2,LIMA,1,0
IEP VIRGEN DE VÍRGENES,LIMA,1,0
INSTITUCIÓN EDUCATIVA 7050 NICANOR RIVERA CÁCERES,LIMA,1,0
CARLOS NORIEGA JIMENEZ,JUNIN,1,0
I.E. ALFREDO REBAZ ACOSTA,LIMA,1,1
I.E ESTHER CACERES SALGADO,LIMA,1,0
PAMER BRASIL,LIMA,1,1
MATEMÁTICO CATOLICO SAN JUAN,LIMA,1,0
I.E NUESTRA SEÑORA DE GUADALUPE,LIMA,1,0
TRILENIUM PRE-UNI,JUNIN,1,1
INSTITUCION EDUCATIVA PRIVADA FEDERICO VILLARREAL,LIMA,1,0
I.E.E. JOSÉ MARÍA EGUREN BARRANCO,LIMA,1,1
I.E.P. ALFONSO UGARTE - HUAYCÁN,LIMA,1,0
I.E.P. JUAN XXIII,LIMA,1,0
MARÍA ASUNCIÓN GALINDO JULI,PUNO,1,0
PROYECTO INTEGRAL CHAVARRIA,LIMA,1,0
SIMÓN BOLÍVAR,HUANCAVELICA,1,0
TOMÁS ARIETA CRUZ,LIMA,1,0
SANTA LUISA DE MARILLAC II,LIMA,1,1
SAN ANTONIO MARIA CLARET,JUNIN,1,1
I.E. 143 SOLIDARIDAD II,LIMA,1,0
I E MANUEL SCORZA TORRES,LIMA,1,0
IEP LA PONTIFICIA,LIMA,1,1
COLEGIO PITÁGORAS,LIMA,1,0
20 DE ENERO,PUNO,1,0
JHON F. K.,LIMA,1,0
SHOPIANO,CALLAO,1,0
INNOVA SCHOOLS - EL PARQUE,LIMA,1,1
SANTA ROSA,LIMA,1,0
I.E. LA VERDAD,CUSCO,1,0
RICARDO PALMA,PUNO,1,0
COLEGIO TRILCE MARSANO,LIMA,1,0
ALBERT EISTEIN,PUNO,1,0
COMANDANTE LEONCIO MARTINEZ VEREAU,CAJAMARCA,1,0
SANTO DOMINGO EL APÓSTOL,LIMA,1,1
COLEGIO CRUZACO,LIMA,1,0
SAN AGUSTÍN,AMAZONAS,1,1
I.E.P. SANTA ÁNGELA,LIMA,1,0
2081 PERÚ-SUIZA,LIMA,1,1
CMSPP,LIMA,1,1
MARÍA DE LOS ÁNGELES 3070,LIMA,1,0
ALMIRANTE MIGUEL GRAU N°2066,LIMA,1,0
SANTIAGO ANTUNEZ DE MAYOLO 3048,LIMA,1,1
IEPQ MARIA DE LA PROVIDENCIA,LIMA,1,0
I.E SANTA EDELMIRA,LIMA,1,0
SANTIAGO ANTUNEZ DE MAYOLO,LIMA,1,0
EVARISTE GAOIS,LIMA,1,0
JOSE JIMENEZ BORJA,LIMA,1,0
AMERICANO,LIMA,1,0
CRUZ SACO SALAVERRY,LIMA,1,0
I.E.P. PÍO SAROBE,JUNIN,1,1
RICOLETA,LIMA,1,0
COLEGIO PROLOG-CHINCHA,ICA,1,0
SANTA ANA,CUSCO,1,1
MONTE CARMELO PRIVATE SCHOOL,LIMA,1,0
SAN AGUSTIN CHORRILLOS,LIMA,1,0
RAMÓN CASTILLA SCHOOL,LIMA,1,0
INCA PACHACUTEC N 2094,LIMA,1,0
HÉROES DEL CENEPE,LIMA,1,1
AMAUTA 50276,CUSCO,1,0
ROSA DE SANTA MARÍA 6088,LIMA,1,0
FE Y ALEGRÍA 1,LIMA,1,0
2027 JOSE MARÍA ARGUEDAS,LIMA,1,0
I.E MARIO FLORIAN,LIMA,1,0
I.E.P BLAS PASCAL,CALLAO,1,1
ANTON COLLAGE,CALLAO,1,0
SAN FRANCISCO DE ASIS 1208,LIMA,1,0
IE CAPITÁN FAP JOSÉ ABELARDO QUIÑONES GONZALES,LIMA,1,0
ELENA DE SANTA MARIA,PUNO,1,0
AURELIO CARDENAS,HUANUCO,1,0
PRISMA DEL NORTE,LIMA,1,0
INGENIERIA DE CARMELITAS,LIMA,1,0
LA VEDAD,CUSCO,1,0
YAMAGUCHI,LIMA,1,0
I.E. IBEROAMERICA,JUNIN,1,0
IEP 7707 CRISTO REY,LIMA,1,0
JORGE PORTOCARRERO REBAZA,LIMA,1,0
LICEO SANTO DOMINGO EL PINAR,LIMA,1,1
COLEGIO PROLOG,LIMA,1,0
COLEGIO EL COMERCIO 32,PUNO,1,0
MANUEL SCORZA TORRES 2032,LIMA,1,0
JOSE INGENIEROS,LIMA,1,0
LOS PROCERES IE 6082,LIMA,1,0
INSTITUCIÓN EDUCATIVA TÉCNICA 7 DE ENERO,AMAZONAS,1,0
JOSE GALVEZ BARRENECHEA,JUNIN,1,0
LAS BRISAS DE VILLA N7076,LIMA,1,0
HORACIO ZEVALLOS GAMEZ,CAJAMARCA,1,0
FE Y ALEGRÍA N° 3,LIMA,1,0
JOHANES GUTENBERG,LIMA,1,0
NUESTRA SEÑORA DE LA VISITACION,LIMA,1,0
ALFRED NOBEL,ANCASH,1,1
INSTITUCIÓN EDUCATIVA EMBLEMÁTICO JOSÉ GRANDA,LIMA,1,0
INSTITUCION EDUCATIVA PARTICULAR PITAGORAS,JUNIN,1,0
I.E.P INCA GARCILAZO DE LA VEGA,LIMA,1,1
I.E N°72 SAN MARTIN DE PORRES,LIMA,1,0
COLEGIO DE ALTO RENDIMIENTO PUNO,PUNO,1,0
I.E. JUANA MORENO,HUANUCO,1,0
JUAN ESPINOSA MEDRANO,APURIMAC,1,0
INSTITUCIÓN EDUCATIVA PRIVADA VIRGEN DE CHAPI,ICA,1,0
SAGRADO CORAZÓN DE MARÍA,CALLAO,1,0
ROSENTHAL DE LA PUENTE,LIMA,1,0
0336495,LIMA,1,1
5135 LA SALLE,CALLAO,1,0
AVANT GARD LIMA-SUR,LIMA,1,0
HONORES DEL RETABLO,LIMA,1,0
VON NEUMANN,HUANUCO,1,1
109 IMC,LIMA,1,0
LIBERTADOR SIMÓN BOLIVAR 5124,CALLAO,1,0
I.E.P GRAN HUASCARÁN,ANCASH,1,0
LATINO CHUPACA,JUNIN,1,1
EL PACIFICO,LIMA,1,0
7041 VIRGEN DE LA MERCED,LIMA,1,0
JOSÉ CARLOS MARIATEGUI IE 1262,LIMA,1,0
5174 JUAN PABLO II,LIMA,1,0
INSTITUCION EDUCATIVA PROYECTO INTEGRAL CHAVARRIA,LIMA,1,0
ENRIQUE LOPEZ ALBUJAR,HUANUCO,1,0
COLEGIO SAN MIGUEL ARCANGEL,LIMA,1,0
COLEGIOS MIGUEL GRAU SEMINARIO,LIMA,1,1
HONORES HÉLICE,LIMA,1,0
COLEGIO TOMAS ALVA EDISON,LIMA,1,0
DIEGO FERRE,LAMBAYEQUE,1,0
UNIÓN Y PORVENIR,CALLAO,1,0
INGENIERIA DEL ESTE,LIMA,1,0
SANTA URSULA DE NZAR,LIMA,1,0
IEPEC SANTA ISABEL,JUNIN,1,1
GRUPO CIENTÍFICO,LIMA,1,0
MATER DEI,LIMA,1,0
5125 CASUARINAS,CALLAO,1,1
IE.HIPOLITO UNANUE,LIMA,1,1
VIRGEN DEL CAMEN,LIMA,1,0
INTEGRA COLLEGE,LIMA,1,1
SAN PEDRO CHANEL,PIURA,1,0
SAN JOSE DE MONTERRICO,LIMA,1,0
CHUCAHUACAS,PUNO,1,0
SANTA ANGELA MERICI,CALLAO,1,0
COLEGIO ADVENTISTA BELEN,PUNO,1,0
I.E.P REGINA PACIS,CALLAO,1,0
NACIONES UNIDAS 5094,CALLAO,1,1
MARÍA PARADO DE BELLIDO,LIMA,1,0
FRANCISCO BOLOGNESI 6064,LIMA,1,0
CLÁUDIO GALENO,PUNO,1,1
30910 HUACA DE ORO,LIMA,1,0
SCHILLER GOETHE,LIMA,1,1
COLEGIO PAMER,PUNO,1,0
0326,SAN MARTIN,1,0
AUGUSTO SALAZAR BONDY 4015,CALLAO,1,0
COLEGIO SAN MARTIN,PUNO,1,0
LEONARDO DE VINCI,LIMA,1,0
MANUEL TOBIAS GARCÍA CERRÓN N° 3071,LIMA,1,0
NUESTRA SEÑORA DE FATIMA AMPARAES,CUSCO,1,0
ANDEAN LIGHT,PUNO,1,0
ÁGORA,HUANCAVELICA,1,1
IE MERCEDES CABELLO DE CARBONERA,LIMA,1,1
JOSÉ CARLOS MARIÁTEGUI LA CHIRA,SAN MARTIN,1,0
CEP SALESIANO SANTA ROSA,JUNIN,1,0
LA PRE,UCAYALI,1,1
JOSE CARLOS MARIATEGUI,ICA,1,1
52AB6464,LIMA,1,0
7096 PRÍNCIPE DE ASTURIAS,LIMA,1,0
CÉSAR VALLEJO 3098,LIMA,1,0
LOS ANGELES 3089,LIMA,1,0
IE 6089 JORGE BASADRE GROHMANN,LIMA,1,0
TRILCE CHORRILLOS II,LIMA,1,0
I.E.P CALIFORNIA SCHOOL,LIMA,1,0
I.E.P SANTO TOMAS DE AQUINO,ANCASH,1,0
WILLIAM PRESCOTT,LIMA,1,1
TRIOLET,LIMA,1,1
NUESTRA SEÑORA DE LURDES,LIMA,1,1
TECHNOLOGY SCHOOLS LA MOLINA,LIMA,1,0
COLEGIO SAN ANTONIO IHM,CALLAO,1,1
I.E.S JOSE ANTONIO ENCINAS,PUNO,1,0
I.E.P. LOS DOMINICOS DE PALAO,LIMA,1,0
CARLOS OQUENDO DE AMAT,PUNO,1,0
I.E.P.P. CRISTINA BEATRIZ,LIMA,1,0
INSTITUCIÓN EDUCATIVA 1003 REPÚBLICA DE COLOMBIA,LIMA,1,0
COLEGIO EMBLEMÁTICO SAN JUAN,LIMA,1,1
INSTITUCIÓN EDUCATIVA 20902 TUPAC AMARU,LIMA,1,1
HÉROES DE LA BREÑA 112,LIMA,1,0
IE SEÑOR DE LUREN,LIMA,1,0
UNION DE NUEVOS INTELIGENTES,CUSCO,1,0
00500 GERMAN ROJAS VELA,SAN MARTIN,1,0
JORGE BASABRE 6048,LIMA,1,0
C E D EL BUEN PASTOR,LIMA,1,0
JULIO CESAR TELLO 133,LIMA,1,0
VILLA MARIA,LIMA,1,0
SAN FRANSISCO DE ASIS,LIMA,1,0
PABLO VI,LIMA,1,0
I.E SINCHI ROCA 2022,LIMA,1,0
I.E.P JESÚS OBRERO,LIMA,1,0
PERÚ HOLANDA,LIMA,1,0
SHUJI KITAMURA N°0101,LIMA,1,0
ALMIRANTE MIGUEL GRAU 2066 UGEL4,LIMA,1,0
REY DE REYES,LIMA,1,1
SAN MIGUEL,CAJAMARCA,1,0
COLEGIO MARISCAL CÁCERES,AYACUCHO,1,0
C.E.P SAN JUAN BOSCO - HUARMEY,ANCASH,1,0
POLITÉCNICO RAFAEL SANTIAGO LOAIZA GUEVARA,AREQUIPA,1,0
INSTITUCIÓN EDUCATIVA PRIVADA ALFRED NOBEL,LIMA,1,0
PABLO APÓSTOL,CUSCO,1,0
MARÍA REYNA HUARAL,LIMA,1,0
I.E. 3719 SANTÍSIMA TRINIDAD,LIMA,1,0
JOSÉ MARÍA ARGUEDAS 5026,LIMA,1,0
50276 AMAUTA,CUSCO,1,0
I.E. 3061 JORGE CHAVEZ DARTNELL,LIMA,1,1
MIGUEL GRAU EMBLEMÁTICO,LIMA,1,0
CRUZ SACÓ SALAVERRY,LIMA,1,1
COLEGIO CESAR VALLEJO,AYACUCHO,1,0
MANUEL GONZÁLEZ PRADA,APURIMAC,1,0
CAMINO A BELEN I.E.P,LIMA,1,0
ARQUIDIOCESANO SAN ANTONIO ABAD,CUSCO,1,0
0092 ALFRED NOBEL,LIMA,1,0
I.E 3047 REPÚBLICA DE CANADÁ,LIMA,1,0
SAN AGUSTIN DE IQUITOS,LORETO,1,0
SANTA ROSA DE LAS AMÉRICAS,ICA,1,0
C.EB.A.P SANTO DOMINGO,LIMA,1,0
I.E. AGROPECUARIO YAUTÁN,ANCASH,1,1
NUESTRA SEÑORA DE GUADALUPE,LORETO,1,0
I.E. REPÚBLICA DE ARGENTINA 2050,LIMA,1,0
PAMER AREQUIPA,AREQUIPA,1,1
JULIO RAMON RIBEYRO 5095,CALLAO,1,0
IEP DESPERTAR,LIMA,1,0
INNOVA,LIMA,1,1
11185 UCUPE,LAMBAYEQUE,1,0
GRAL. EMILIO SOYER CABERO,LIMA,1,0
CIRCULO INGENIERÍA HUANDOY,LIMA,1,1
HONORES SANTA TERESA,LIMA,1,0
I.E. 3081 ALMIRANTE MIGUEL GRAU SEMINARIO,LIMA,1,0
P.C.N.B.R. NUESTRA SEÑORA DE GUADALUPE,LIMA,1,0
I.E.P. AURELIO BALDOR,LIMA,1,0
I.E. 3035 JOSE CARLOS MARIATEGUI LA CHIRA,LIMA,1,0
IE TUPAC AMARU 2 7055,LIMA,1,0
IEP MARIA MEDALLA MILAGROSA,LIMA,1,1
I.E. SANTA ROSA,MADRE DE DIOS,1,0
2095 HERNAN BUSSE DE LA GUERRA,LIMA,1,0
FE Y ALEGRIA 2,LIMA,1,0
COLEGIO Y ACADEMIA UNIMASTER,LIMA,1,1
MADRE DEL AMOR HERMOSO,LIMA,1,1
I. E. COPRODELI SAN MARTIN,CALLAO,1,0
EL TUNGSTENO SCHOLL,LIMA,1,1
I.E.I LUCYANA,LIMA,1,0
ANTONIA MORENO DE CÁCERES,LIMA,1,1
SAN FERNANDO,CAJAMARCA,1,1
1275,LIMA,1,0
IEP EL NAZARENO,LIMA,1,1
SANTA ROSA DE LAS AMERICAS,LIMA,1,0
INNOVA SCHOOLS EL PARQUE,LIMA,1,0
COLEGIO CIENTÍFICO NIKOLA TESLA,LIMA,1,0
CEPRE-INYARI,LIMA,1,0
I.E.P SANTA ANA,LIMA,1,0
MARIA PARADO DE BELLIDO,LIMA,1,0
INSTITUCIÓN EDUCATIVA INDUSTRIAL HERMILIO VALDIZAN,HUANUCO,1,0
COLEGIO MILAGROSA NUESTRA SEÑORA DEL CARMENTE,LIMA,1,0
RICARDO PALMA 6049,LIMA,1,0
1070,LIMA,1,0
I.E SANTA MARIA GORETTI 0059,LIMA,1,0
SANTA TERESITA,LIMA,1,0
HORACIO ZEBALLOS GAMEZ 7227,LIMA,1,0
COLEGIO SAN MARCELO,LIMA,1,0
IEP ANDRÉS FERNÁNDEZ GARRIDO,HUANUCO,1,0
SACO OLIVEROS SEDE SAN CARLOS,LIMA,1,1
3084 ENRIQUE GUZMÁN Y VALLE,LIMA,1,0
CARDANO VIETE INGENIEROS,ANCASH,1,1
PORTADORES DE LUZ,CALLAO,1,0
ALBERTO FLORES GALINDO,AREQUIPA,1,1
I.E.P. DOMINGO ELÍAS,LIMA,1,0
MARIANO SANTOS,LIMA,1,0
LOS INGENIEROS CEDROS,LIMA,1,0
3095 PERU KAWACHI,LIMA,1,0
AUGUSTO BERNARDINO LEGUIA,LIMA,1,0
SANTO DOMINGO DE GUZMÁN,LA LIBERTAD,1,0
INSTITUCION EDUCATIVA INTERNACIONAL ELIM,LIMA,1,1
COLEGIO COMERCIO 32 MARIANO H. CORNEJO,PUNO,1,0
IE 3054 LA FLOR,LIMA,1,1
I.E. PEDRO RUIZ GALLO N°34237,PASCO,1,0
UNIVERSO,LIMA,1,1
I.E. 1278 MIXTO LA MOLINA,LIMA,1,0
REPUBLICA FEDERAL DE ALEMANIA 2064,LIMA,1,0
2031 VIRGEN DE FÁTIMA,LIMA,1,0
N°100,LIMA,1,0
I.E.P MATEMÁTICO CATÓLICO SAN JUAN,LIMA,1,0
I.E. RAMON CASTILLA,LIMA,1,1
PAMER PUENTE PIEDRA GRAMADAL,CALLAO,1,0
STEPHEN HAWKING,JUNIN,1,1
JESÚS OBRERO DE OLLANTAY,LIMA,1,0
2085 SAN AGUSTÍN,LIMA,1,1
COLEGIO 0026 AICHI NAGOYA,LIMA,1,1
I.E.P. SACO OLIVEROS,LIMA,1,1
I.E.P EXITUS,PIURA,1,0
I.E. SOR ANA DE LOS ANGELES,LIMA,1,0
EDUCATIVO MADRE TERESA DE CALCUTA-SAN GABRIEL S.A,LIMA,1,1
6093,LIMA,1,1
JULIO RAMON RIBEIROS,LIMA,1,0
WILLIAM PRESCOOT,LIMA,1,0
CORAZÓN DE JESÚS-LAS CASUARINAS,LIMA,1,0
JOSÉ BUENAVENTURA SEPÚLVEDA,LIMA,1,0
FRANCISCO BOLOGNESI CERVANTES,CALLAO,1,0
LAS COLINAS 5139,CALLAO,1,1
PITAGORAS VERDE EL MATEMATICO,LIMA,1,0
AUGUSTO N. WISSE,LIMA,1,0
I.E. JOSÉ INGENIEROS,LIMA,1,0
IEPM COLEGIO MILITAR FRANCISCO BOLOGNESI,AREQUIPA,1,0
GENERALÍSIMO JOSÉ DE SAN MARTÍN 3069,LIMA,1,0
INGENIERÍA DE CARMELITAS,LIMA,1,1
HIRAM BINGHAM SCHOOL,LIMA,1,0
.2027 JOSE MARIA ARGUEDAS,LIMA,1,0
GRAN HUASCARÁN,ANCASH,1,1
I.E JEC JOSÉ GÁLVEZ BARRENECHEA,JUNIN,1,0
115 TORIBIO RODRÍGUEZ DE MENDOZA,LIMA,1,0
REDIMER JESÚS DE VILLA,LIMA,1,0
SANTA ROSA DE AMÉRICA,LIMA,1,1
SAN AGUSTIN DE PRADERAS,LIMA,1,0
PITÁGORAS NUEVO SAN JUAN,LIMA,1,0
I.E.P JOSE INGENIEROS,LIMA,1,1
IE 5168 ROSALUZ,LIMA,1,0
INGENIERIOS UNI DE LOS OLIVOS,LIMA,1,0
LEONARD EULER,ICA,1,1
PROLOG - CHINCHA,ICA,1,1
LICEO NAVAL CAPITAN DE COBERTA MANUEL CLAVERO MUGA,CALLAO,1,0
COLEGIO SAN FRANCISCO DE BORJA,LIMA,1,0
VICTOR ANDRES BELAUNDE,JUNIN,1,0
IE 11538,LAMBAYEQUE,1,0
COLEGIO SAN ANDRES ANGLO PERUANO,LIMA,1,0
COLEGIO TUPAC AMARU TUMAN,LAMBAYEQUE,1,0
I.E.P ANA MARIA KAN,LIMA,1,0
0336610,LIMA,1,0
IEP ALFONSO UGARTE,LIMA,1,0
IE 133 JULIO CESAR TELLO,LIMA,1,0
LIMA,LIMA,1,0
LEONCIO PRADO GUTIÉRREZ,LIMA,1,0
COLEGIO SACO OLIVEROS,CALLAO,1,0
I.E. SAN JUAN MACIAS 5097 CALLAO,LIMA,1,0
I. E. P. SANTA ROSA DE HUACHIPA,LIMA,1,0
I.E.P. RICARDO PALMA,LIMA,1,0
FRANCISCO VIDAL LAOS,LIMA,1,0
20012,LIMA,1,1
CESA VALLEJO DE PAYET,LIMA,1,0
PABLO PATRÓN,LIMA,1,0
GERÓNIMO CAFFERATA MARRAZI,LIMA,1,0
COLEGIO VIVA ESPERANZA,PUNO,1,0
FE Y ALEGRIA Nª43 LA SALLE,CALLAO,1,0
I.E.P. BLAISE PASCAL DE CIENEGUILLA,LIMA,1,0
I.E MIGUEL GRAU SEMINARIO,LIMA,1,0
I.E RAMÓN CASTILLA - RETABLO,LIMA,1,0
PASCUAL SACO OLIVEROS - BARRANCO,LIMA,1,1
PÍO XII,LIMA,1,0
SAN MARCOS - CHANCAY,LIMA,1,0
I.E. SANTA ELIZABETH N°100,LIMA,1,0
CARLOS OQUEDO DE AMAT,PUNO,1,0
I.E.P AL GORE,LIMA,1,0
I.E.P. KEPLER COLLEGE,CAJAMARCA,1,0
I E 5076 NUESTRA SEÑORA DE LAS MERCEDES,CALLAO,1,0
ANDRES AVELINO CACERES 3033,LIMA,1,0
JOSÉ ABELARDO QUIÑONES 7049,LIMA,1,0
IEP SANTA MARÍA DEL ROSARIO,LIMA,1,0
LE D,LIMA,1,1
I.E.P. GENERAL OLLANTAY,LIMA,1,0
131 MONITOR HUASCAR,LIMA,1,1
RENÉ GARCIA CASTELLANO,ICA,1,0
ST GEORGES COLLEGE,LIMA,1,0
I.E INCA PACHACUTEC,LIMA,1,0
DELTA,CAJAMARCA,1,0
C.E.P. SANTA MARÍA GORETTI,LIMA,1,0
I.E.P. SCHOOL INTERNATIONAL INNOVA JULIACA,PUNO,1,0
COLEGIO MARISCAL SANTA CRUZ,CALLAO,1,1
6041 ALFONZO UGARTE,LIMA,1,0
JOSÉ MARIA ARGUEDAS,AYACUCHO,1,0
DANIEL ALOMIAS ROBLES 113,LIMA,1,0
DREAMS SCHOOL,JUNIN,1,0
JOSE CARLOS MARIATEGUI N°0152-UGEL 05,LIMA,1,0
COLEGIO DE CIENCIAS ISAAC NEWTON,LIMA,1,0
CAMINO A BELÉN,LIMA,1,0
MANUEL ANTONIO RAMIREZ BARINAGA - MARISTAS SJM,LIMA,1,0
PEDRO SANCHEZ GAVIDIA,HUANUCO,1,1
HUELLITAS DE JESUS SANTA FE,LIMA,1,1
IEP CESAR VALLEJO SMP,LIMA,1,0
JUAN MANUEL ITURREI,LAMBAYEQUE,1,0
ISAN,LIMA,1,0
I.E. JOSE MARÍA ARGUEDAS,LIMA,1,0
JOSÉ OLAYA BALANDRA,CALLAO,1,0
COLEGIO NUEVO HORIZONTE,PUNO,1,0
LOS SIERVOS DE JESÚS,LIMA,1,0
MICELINO SANDOVAL TORRES,ANCASH,1,0
JUAN PABLO II 5174,LIMA,1,0
I.E.P PEDRO NOLASCO,ANCASH,1,1
I.E.P BALDOR DE COMAS,LIMA,1,0
COLEGIO NEWTON,LIMA,1,0
SAN LUIS GONZAGA SHOOL,LIMA,1,0
PAMER,AREQUIPA,1,0
NEWTON TARMA,JUNIN,1,0
SAN JOSÉ,ANCASH,1,0
STELLA MARIS 6152,LIMA,1,0
NEWTOM TARMA,JUNIN,1,0
IES GRAN UNIDAD ESCOLAR SAN CARLOS,PUNO,1,1
JOSÉ ANTONIO DAPELO,LIMA,1,0
SAINT JOSEPH SCHOOL,LIMA,1,0
COLEGIO GLORIOSO SAN ANTON,PUNO,1,0
IEP Nº 159 GLORIOSO 10 DE OCTUBRE,LIMA,1,1
KUMAMOTO I 3092,LIMA,1,1
COLEGIO SECUNDARIO TUPAC AMARU PALCA,HUANCAVELICA,1,1
I.E.P NIÑO MARISCAL CHAPERITO,LIMA,1,0
IE 0086 JOSÉ MARÍA ARGUEDAS,LIMA,1,0
IE 7230 FLORES DE VILLA,LIMA,1,0
PAMER SATIPO,JUNIN,1,0
MARTIN LUTERO,PUNO,1,0
COLEGIO INGENIERIA,LIMA,1,0
I.EE ALFONSO UGARTE 1071,LIMA,1,0
COLEGIO SACO OLIVEROS DE SALAMANCA,LIMA,1,0
IE. PRECURSORES DE LA INDEPENDENCIA NACIONAL,LIMA,1,0
1071 ALFONSO UGARTE,LIMA,1,0
SANTA ROSA DE LAS AMERICAS DE LOS OLIVOS,LIMA,1,1
2009 FE Y ALEGRIA 2,LIMA,1,0
JUAN VELAZCO ALVARADO,PUNO,1,0
IE GARCILAZO DE VEGA,PASCO,1,0
JOSE CARLOS MARIATEGUI,CAJAMARCA,1,0
FÉLIX ROMÁN TELLO ROJAS,LIMA,1,0
IEE. PEDRO ADOLFO LABARTHE EFFIO,LIMA,1,0
IEP SANTA ROSA DE BARRANCO,LIMA,1,1
FEDERICK,JUNIN,1,0
IEP. ALFA,TUMBES,1,1
I.E.P CORAZÓN DE MARÍA MILAGROSA,LIMA,1,0
SAN RAMON,AYACUCHO,1,0
MAYOR PNP FELIX ROMAN TELLO ROJAS,LIMA,1,0
5182 SEÑOR DE LOS MILAGROS,AMAZONAS,1,1
MARCELINO CHAMPAGNAT,JUNIN,1,0
TAPAYA,APURIMAC,1,1
LA ENCANTADA DE VILLA,LIMA,1,0
I.E. JEC JOSÉ MANUEL MEZA,ICA,1,1
APOLO XIII,LIMA,1,0
PITAGORAS,APURIMAC,1,0
SACERDOTE JESUITA ROMEO,LIMA,1,0
JESUS REDENTOR,LIMA,1,0
CARLOS MARTIN ACEVEDO ROSALES,LIMA,1,0
AMPARAES NUESTRA SEÑORA DE FATIMA,CUSCO,1,0
I. E. MARISCAL CÁCERES,AYACUCHO,1,1
INSTITUCIÓN EDUCATIVA 1070 MELITÓN CARVAJAL,LIMA,1,0
ANDRES A.CACERES - MORAN LIRIO,CAJAMARCA,1,0
RICARDO PALMA - MANYLSA,LIMA,1,0
PITAGORAS - SEDE COMAS,LIMA,1,0
INSTITUCIÓN EDUCATIVA MIXTO HUAYCÁN,LIMA,1,0
I.E.P DAVID AUSUBEL,LIMA,1,0
UCUPE,LAMBAYEQUE,1,0
I.E.P TRILENIUM UNI-ING,JUNIN,1,1
IEP ALBERT EINSTEIN,PUNO,1,0
LAS ESTRELLITAS DE JESUS,LIMA,1,0
3095 PERU KAWACHI- LOS OLIVOS,LIMA,1,0
6082 LOS PRÓCERES,LIMA,1,0
1756170,LIMA,1,0
CEP. LOS HIJOS DE MARIA,LIMA,1,0
5123 FRANCISCO BOLOGNESI,LIMA,1,0
IE 2074 VIRGEN PEREGRINA DEL ROSARIO,LIMA,1,0
INGENIEROS UNI CHANCAY,LIMA,1,1
DANIEL ALCIDES CARRIÓN 0090- CAMPOY,LIMA,1,1
SAN JUAN MASIAS,LIMA,1,0
JOSÉ MARTÍ,LIMA,1,0
I.E. N° 3519 PHILIP P. SAUNDERS,LIMA,1,0
NICOLAS BOURBAKI,LIMA,1,1
INNOVA SCHOOLS - SPORTING CRISTAL,LIMA,1,0
I.E. N°132 TORIBIO DE LUZURIAGA Y MEJIA,LIMA,1,1
NUESTRA SEÑORA DEL PILAR,ANCASH,1,0
COLEGIO ADVENTISTA BRASIL,LIMA,1,0
COLEGIO CRISTIANO ELLIOT,LA LIBERTAD,1,1
RAFAEL NARVAEZ CADENILLAS,LA LIBERTAD,1,0
CORONEL JOSE FELIX BOGADO,LIMA,1,0
I.E 0092 ALFRED NOBEL,LIMA,1,0
PAMER VILLA EL SALVADOR,LIMA,1,1
GRAN UNIDAD LAS MERCEDES,PUNO,1,0
INNOVA,PUNO,1,0
HONORES,HUANUCO,1,0
I.E. TOMAS ALVA EDISON,LIMA,1,0
IEP GALILEO GALILEI,LIMA,1,0
ESTHER FESTINI DE RAMOS OCAMPO,PUNO,1,0
I.E 3073 EL DORADO,LIMA,1,0
I.E 7080 JORGE BERNALES SALAS,LIMA,1,0
COLEGIO SANTA ANITA,LIMA,1,1
IEP JOSÉ MARÍA DE BELÉN,LIMA,1,0
ACADEMIA - COLEGIO MANUEL AREVALO,LIMA,1,0
SANTO DOMINGO DE GUZMÁN LAS FLORES,LIMA,1,0
I.E.P BELEN,LIMA,1,0
IEP THALES,LIMA,1,1
CV . INGENIEROS,LIMA,1,0
JUAN ANDRÉS VIVANCO AMORÍN,LIMA,1,0
COLEGIO PARTICULAR SANTO DOMINGO EL APOSTOL,LIMA,1,0
RICARDO PALMA SORIANO,HUANUCO,1,0
I.E. P.N.P. SANTA ROSA DE LIMA 2001,LIMA,1,1
SANTA MARÍA MAZZARELLO,LIMA,1,1
JOSÉ MARÍA ARGUEDAS I.E.P,LIMA,1,0
FE Y ALEGRÍA N°12 UGEL-04,LIMA,1,0
C.N.E. AURELIO CARDENAS,HUANUCO,1,0
I.E RAMIRO PRIALE PRIALE,LIMA,1,0
3041 ANDRÉS BELLO,LIMA,1,0
LESTONNAC,LIMA,1,0
PERÚ - JAPÓN,LIMA,1,0
0087 JOSÉ MARÍA ARGUEDAS,LIMA,1,0
IE 0073 BENITO JUAREZ,LIMA,1,0
I. E. P. ANDRÉS AVELINO CÁCERES,LIMA,1,0
I.E.E NUESTRA SEÑORA DE GUADALUPE,LIMA,1,0
VIRGEN DE FATIMA DE BARRANCO,LIMA,1,0
JOSÉ VALVERDE CARO,LIMA,1,0
0087 JOSE MARIA ARGUEDAS,LIMA,1,0
CEBA METROPOLITANO,LIMA,1,0
I.E. VICTOR ANDRES BELAUNDE,SAN MARTIN,1,0
AREAS TECNICAS SANTIAGO DE VADO,AYACUCHO,1,1
HOGAR ESCUELA SAGRADA FAMILIA,CALLAO,1,0
FRANCISCO BOLOGNESI CERVANTES Nº 5123,CALLAO,1,0
SIGMA,CAJAMARCA,1,1
ISAAC NEWTON DE JESÚS MARÍA,LIMA,1,1
I.E.P SAN PIO X,LIMA,1,0
I.E.P HONORES HELICE,LIMA,1,0
1228 LEONCIO PRADO GUTIERREZ,LIMA,1,0
INNOVA SCHOOLS-CANTA CALLAO-SMP2,LIMA,1,1
TRENER,LIMA,1,0
FE Y ALEGRIA 26,AMAZONAS,1,1
INSTITUCIÓN EDUCATIVA PILOTO SANTA ISABEL,JUNIN,1,0
SANTA ELENA,CALLAO,1,0
MARÍA REYNA,LIMA,1,0
COLEGIO TÉCNICO EXPERIMENTAL JESÚS OBRERO,LIMA,1,0
DE CIENCIAS Y TECNOLOGIA,LIMA,1,1
LA CATOLICA HIGH SCHOOL,LIMA,1,1
I.E.P. DIVINO MAESTRO,LIMA,1,1
MARÍA RECUAY,LIMA,1,0
JESUS CASTILLO ZAMUDIO,JUNIN,1,0
COLEGIO HIJOS DE LUYA 5172,LIMA,1,0
I.E.E.ANDRES DE LOS REYES,LIMA,1,0
SAN DIEGO MATEMÁTICO,LIMA,1,1
ALCIDEZ CARRION,HUANCAVELICA,1,0
I.E.P ALBERT EINSTEIN HUARAZ,ANCASH,1,0
FELIPE HUAMÁN POMA DE AYALA,LIMA,1,0
LOS NIÑOS DE JESUS,LIMA,1,0
GRAN AMAUTA MARIÁTEGUI 139,LIMA,1,1
AGUA BLANCA,HUANUCO,1,0
MARISCAL ANDRES AVELINO CACERES 2091 LOS OLIVOS,LIMA,1,0
JUAN PABLO VIZCARDO Y GUZMAN,HUANCAVELICA,1,0
HONORES DE SAN MARTIN,LIMA,1,0
CONSORCIO INGENIERÍA SEDE TRAPICHE,LIMA,1,0
SINAI,LIMA,1,1
CIRCULO VALLEJO,LIMA,1,1
NUESTRA SEÑORA DE LA MISERICORDIA,CALLAO,1,0
ANDRÉS AVELINO CÁCERES DORREGARAY,LIMA,1,0
3080 PERU CANADA,LIMA,1,0
NICOLAI LOBACHEWSKY,LIMA,1,1
I.E.P. SAN MARTIN DE PORRES,LIMA,1,0
LEONCIO PRADO,CALLAO,1,0
INSTITUCIÓN EDUCATIVA 2061 SAN MARTÍN DE PORRES,LIMA,1,0
LUZ ANDINA REINA DE LAS AMÉRICAS,PUNO,1,0
DON BOSCO,AREQUIPA,1,0
COLEGIO PARROQUIAL SANTA CRUZ,CALLAO,1,0
GLMO. JOSÉ DE SAN MARTÍN 3069,LIMA,1,1
JEAN PIAGET DE CARABAYLLO,LIMA,1,0
FE Y ALEGRIA N58,LIMA,1,0
JOSÉ MARÍA ARGUEDAS 6047 UGEL 07,LIMA,1,0
FE Y ALEGRÍA N°35,LIMA,1,0
IE ARGENTINA,LIMA,1,0
FELIPE HUAMAN POMA AYALA,LIMA,1,0
RAUL PORRAS BARRENECHEA,CALLAO,1,0
IEP REINA DE LAS AMERICAS,LIMA,1,0
SANTO TOMÁS DE AQUINO,ANCASH,1,0
6093 CORONEL JUAN VALER SANDOVAL,LIMA,1,0
JORGE CHÁVEZ DARTNELL,JUNIN,1,0
ISAIAS ARDILES,LIMA,1,1
I.E 2024,LIMA,1,0
CESAR ESCOBAR,LIMA,1,0
MARIA AUXILIADORA,APURIMAC,1,0
I.E. VIRGEN DOLOROSA,SAN MARTIN,1,0
IEP ALFRED NOBEL,LIMA,1,0
COLEGIO TALENTUS SHOOL,CALLAO,1,0
I.E.P 5126 LOS JAZMINES,CALLAO,1,1
I.E 166 KAROL WOJTYLA,LIMA,1,0
REPÚBLICA DEL PARAGUAY,LIMA,1,0
PARROQUIAL SANTA CRUZ,CALLAO,1,1
SANTA ROSA SULLANA,PIURA,1,0
SAN FRANCISCO DE SALES,LIMA,1,0
INGENIERIA SCHOOL,LIMA,1,0
VIRGEN DE FATIMA,ANCASH,1,0
SACO OLIVEROS APEIRON,LIMA,1,0
COLEGIO MAYOR SECUNDARIO PRESIDENTE DEL PERÚ-COAR,LIMA,1,0
COLEGIO BELEN,LIMA,1,0
AB SIMPSON,LIMA,1,0
COAR -AYACUCHO,AYACUCHO,1,1
EMMA DETTMANN DE GUTIERREZ,CALLAO,1,0
IEP CORPUS CHRISTI ACADEMY &AMP; SCHOOL,AREQUIPA,1,0
I.E.E MERCEDES CABELLO DE CARBONERA,LIMA,1,0
FE Y ALEGRÍA N39,LIMA,1,1
ENRIQUE LÓPEZ ALBUJAR,HUANUCO,1,0
SANTO DOMINGO DE CHANCAY,LIMA,1,0
IE. LA DIVINA PROVIDENCIA,LIMA,1,0
JOSE MARIA ARGUEDAS 2027,LIMA,1,0
GALILEO GALILEI,LIMA,1,1
CIENTÍFICO DEL NORTE,AMAZONAS,1,0
I.E.P ALFA GROUP,LIMA,1,0
06154,LIMA,1,0
I.E.P. SANTA MARÍA MAZZARELLO,LIMA,1,0
MARCELINO CHAMPAGNAT DE PACHACUTEC,CALLAO,1,1
COLEGIO JUAN PABLO PEREGRINO,LIMA,1,0
SACO OLIVEROS RETABLO,LIMA,1,1
GREGORIO MARTINELLY,APURIMAC,1,1
I.E MANUEL TOBIAS GARCIA CERRON 3071,LIMA,1,0
COLEGIO MONITOR HUASCAR,LIMA,1,0
COLVER,PUNO,1,1
I.E. PAUL GROUSSAC,LIMA,1,0
COLEGIO LEONARD EULER III,LIMA,1,1
MONSERRAT SEDE PRO,LIMA,1,0
GRAN AMAUTA,LIMA,1,1
IE CAHUIDE,JUNIN,1,0
TRILENIUM UNI ING,JUNIN,1,0
FEDERICO VILLARREAL,LIMA,1,0
HEROINAS TOLEDO,JUNIN,1,0
IEP SOPHIANUM ZAPALLAL S.A.C,LIMA,1,1
0025 SAN MARTIN DE PORRAS,LIMA,1,0
II EE FAP MANUEL POLO JIMENEZ,LIMA,1,0
88106,ANCASH,1,0
VIRGEN DE COPACABANA,LIMA,1,1
IEE BARTOLOMÉ HERRERA,LIMA,1,0
INSTITUCIÓN EDUCATIVA PARROQUIAL SAN ANTONIO DE PA,LIMA,1,0
ERICK ERICKSON,LIMA,1,0
I. E. P CRISTINA BEATRIZ,LIMA,1,0
MARIA REYNA,LIMA,1,0
1290 NUEVA AMERICA,LIMA,1,0
I.E.D.P SAGRADOS CORAZONES,LIMA,1,0
ING UNI,LIMA,1,0
I. E. P. NUEVO PERÚ,PUNO,1,0
INMACULADA CONCEPCION 2025,LIMA,1,0
SACO OLIVEROS SEDE QUILLCA,LIMA,1,1
FELIPE GUAMAN POMA DE AYALA,LIMA,1,0
MANUEL GONZALES PRADA,PASCO,1,0
PNP ALIPIO PONCE VASQUEZ,LIMA,1,0
00623 AZUNGUILLO,SAN MARTIN,1,1
1091347,LIMA,1,1
MARIANO MELGAR 1225,LIMA,1,0
GENERAL OLLANTAY,LIMA,1,0
SACO OLIVEROS - APEIRON,LIMA,1,1
COLEGIO MAYOR SECUNDARIO PRESIDENTE DEL PERÚ COAR,LIMA,1,0
PIERRE DE FERMAT,LIMA,1,0
NUESTRA SEÑORA DE LOURDES,LIMA,1,0
IE 2027 JOSE MARIA ARGUEDAS,LIMA,1,0
SAN JOSE DE NAZARETH,LIMA,1,0
FE Y ALEGRÍA N° 53,LIMA,1,0
COLEGIO CRISTIANO PERUANO AMERICANO,UCAYALI,1,0
ANTÚNEZ DE MAYOLO,LIMA,1,0
COLEGIOS PAMER,LIMA,1,0
JORGE BASADRE 6063,LIMA,1,0
I.E.E MIGUEL GRAU,LIMA,1,0
PRIVADA,LAMBAYEQUE,1,0
IEP SAN MARTIN DE PORRES,LIMA,1,1
I.E PNP. SANTA ROSA DE LIMA 2001,LIMA,1,0
HOSANNA,UCAYALI,1,0
COAR - JUNÍN,JUNIN,1,0
ANDRÉS BELLO CEBA,CUSCO,1,1
I.E MANUEL SEOANE CORRALES,CALLAO,1,0
FE Y ALEGRIA N°29,CALLAO,1,0
IE FERNANDO BELAUNDE TERRY,LIMA,1,0
IE 5177 ALAMEDA DEL NORTE,LIMA,1,1
I.E PUBLICA ANDRES DE LOS REYES,LIMA,1,0
COLEGIO GENES DEL NORTE,LIMA,1,0
N6089 JORGE BASADRE GROHMANN,LIMA,1,1
GENES SEDE LOS OLIVOS,LIMA,1,0
E.H.C.R.SAGRADA FAMILIA,CALLAO,1,0
GOMEZ ARIAS DAVILA,HUANUCO,1,0
I.E. 1226 SOL DE VITARTE,LIMA,1,0
HECTOR PRETELL CARBONELL,LIMA,1,0
JORGE CHAVEZ DARNEL,ICA,1,0
ISEAI PUCARA-LAMPA,PUNO,1,0
I.E N°7262 MI NUEVO PERU,LIMA,1,0
PRESENTACIÓN DE MARÍA N°41 COMAS,LIMA,1,1
FE Y ALEGRIA N32,LIMA,1,0
INGENIOS SCHOOL,LIMA,1,0
MI NUEVO PERÚ 7262,LIMA,1,0
TECHNOLOGY SCHOOLS DE ATE,LIMA,1,0
INNOVA SCHOOLS CERCADO DE LIMA,LIMA,1,0
CONSORCIO EDUCATIVO SAN ANTONIO DE PADUA,LIMA,1,0
SAN JOSE Y EL REDENTOR,LIMA,1,0
ESCUELA DE TALENTOS 5143,CALLAO,1,1
THALES HUAYCAN,LIMA,1,0
VIVA ESPERANZA,PUNO,1,0
COLEGIO CORONEL JOSE BALTA,LIMA,1,0
SAN MARTÍN-JULIACA,PUNO,1,0
SANTA TERESITA DE JESÚS,ANCASH,1,0
I.E SAN MIGUEL,CAJAMARCA,1,0
SELECCION A,LIMA,1,0
LOS ANGELES DE NUESTRA SRA. DE GUADALUPE,LIMA,1,0
SAGRADO CORAZÓN DE JESUS,LIMA,1,0
20827 MERCEDES INDACOCHEA LOZANO,LIMA,1,0
SANTA URSULA,LIMA,1,0
GUE MARISCAL CACERES,AYACUCHO,1,0
PEDRO PAULET,CUSCO,1,0
20799-DANIEL ALCIDES,LIMA,1,0
INCA PACHACUTEC,LIMA,1,0
TRILCE SAN ISIDRO,LIMA,1,0
JUAN VELASCO ALVARADO,TUMBES,1,0
MI HOGAR Y ESCUELA,LIMA,1,0
CEBA LA SORBONA,LIMA,1,0
MARTIR DANIEL ALCIDES CARRIÓN,LIMA,1,0
COLEGIO PARROQUIAL SAN ANTONIO DE HUAMANGA,AYACUCHO,1,0
I.E BANDERA DEL PERÚ,ICA,1,0
ANTON COLLEGE,CALLAO,1,0
VIRGEN DEL CARMEN -1174,LIMA,1,1
IE COLEGIO PUENTE PIEDRA,AMAZONAS,1,0
SANTA CATALINA,LIMA,1,0
UNIVERSIA DEL CALLAO,CALLAO,1,0
JOSE MARÍA EGUREN,LIMA,1,0
NUESTRA SEÑORA DEL PATROCINIO,LIMA,1,0
SAGRADOS CORAZONES BELÉN,LIMA,1,0
I. E. JOSÉ MANUEL MEZA,ICA,1,0
I.E ALMIRANTE MIGUEL GRAU 2066,LIMA,1,0
0163 NÉSTOR ESCUDERO OTERO,LIMA,1,0
I.E. 7082 JUAN DE ESPINOZA MEDRANO,LIMA,1,1
138 PRÓCERES DE LA INDEPENDENCIA,LIMA,1,0
I.E.E. MIGUEL GRAU,LIMA,1,0
CALIFORNIA SCHOOL,LIMA,1,0
PROLOG - DELICIAS,LIMA,1,1
I.E. AMAUTA ATUSPARIA,ANCASH,1,0
2074 VIRGEN PEREGRINA DEL ROSARIO,LIMA,1,1
I.E.E 1070 MELITÓN CARVAJAL,LIMA,1,0
JULIO ALBERTO PONCE ANTUNEZ DE MAYOLO,CUSCO,1,1
SR DE GUALAMITA,CALLAO,1,0
MENTOR SCHOOLS,LIMA,1,0
CEP EL BUEN PASTOR,LIMA,1,1
I.E. JUVENTUD CIENTÍFICA,LIMA,1,0
COLEGIOS MONSERRAT SEDE VILLASOL,LIMA,1,0
CPEEI NUESRA SEÑORA DE MONTSERRAT,LIMA,1,0
INGENIEROS DE LUCUMOS,LIMA,1,0
JR.LAS AMAPOLAS #173,LIMA,1,1
I. E. JULIO CESAR ESCOBAR,LIMA,1,0
SUDAMERIZ,UCAYALI,1,0
LIBERTADOR DON JOSÉ DE SAN MARTIN,LIMA,1,0
I.E.P SANTIAGO APÓSTOL,LIMA,1,0
MERCEDES INDACOCHEA LOZANO,LIMA,1,0
I.E. PARROQUIAL SANTA ROSA DE LIMA,LIMA,1,1
I.E. EMBLEMÁTICA SAN JUAN,LIMA,1,0
I.E.P SAGRADO CORAZÓN DE JESÚS,LIMA,1,0
MANUEL RAMIREZ BARINAGA,LIMA,1,0
COLEGIO WARLDORF CIENEGUILLA,LIMA,1,0
CRISTO MISERICORDIOSO,LIMA,1,0
3037 GRAN AMAUTA,LIMA,1,1
NUEVO PERÚ,LIMA,1,0
I.E. REINO DE ESPAÑA,LIMA,1,0
CIENCIAS Y TECNOLOGIA,LIMA,1,0
JEAN PIAGET LA MOLINA,LIMA,1,0
PADRE ILUMINATO,LIMA,1,1
I.E JOSÉ CARLOS MARIATEGUI 88106,ANCASH,1,0
BARBARA D ACHILLE,CALLAO,1,0
COLEGIO INTEGRAL,ANCASH,1,1
INNOVA SCHOOLS CHINCHA,ICA,1,0
I.E 6066 VILLA EL SALVADOR,LIMA,1,0
SAN ANTONIO DE PADUA,HUANCAVELICA,1,0
LOS INKAS,LIMA,1,0
GUILLERMO VILLADEGUT FERRUFINO,APURIMAC,1,0
REYNO DE ESPAÑA,LIMA,1,0
I.E.E N°1182 EL BOSQUE,LIMA,1,0
AMERICAN SYSTEMS,LIMA,1,0
JOSE MARÍA ESCRIBA,LIMA,1,1
I.E P.N.P BACILIO RAMÍREZ PEÑA,PIURA,1,0
IE MIXTO INDEPENDENCIA,LIMA,1,0
MONITOR HUASCAR I.E.P,LIMA,1,0
MONSERRAT DE CARABAYLLO,LIMA,1,0
JESÚS EL NAZARENO,LIMA,1,0
CARLOS FERMÍN FITZCARALD,ANCASH,1,0
I.E.P. HENRI LA FONTAINE,LIMA,1,0
PRESENTACIÓN DE MARIA Nº41,LIMA,1,0
FELIPE SANTIAGO ESTENOS,LIMA,1,0
EL CAMINO,JUNIN,1,0
I.E.P.E. ANDRÉS DE LOS REYES,LIMA,1,1
I.E.P. SEÑOR DEL PERDÓN,SAN MARTIN,1,0
MÁSTERCIENCIA,LIMA,1,0
PEDRO ADOLFO LAVARTE EFFIO,LIMA,1,0
IEP SAN ISIDRO LABRADOR,LIMA,1,1
MARIA Y JOSE DE LOS OLIVOS,LIMA,1,0
DIVINA MISERICORDIA SRL,HUANUCO,1,0
BERNHAD BOLZANO,LIMA,1,0
INSTITUCIÓN EDUCATIVA LIBERTAD,LIMA,1,0
IE MIRAFLORES 82113,CAJAMARCA,1,0
JOHN F KENNEDY,LIMA,1,0
ST. ANDREW,AREQUIPA,1,0
MONSERRAT-COMAS,LIMA,1,0
IEP BARTON COMAS,LIMA,1,0
SAN JUAN DE LAS AMERICAS,LIMA,1,1
JOULE CAYMA,AREQUIPA,1,0
B.F. SKINNER,LIMA,1,1
ESCUELA HOGAR SAGRADA FAMILIA,CALLAO,1,0
IEP GAKUSEI,LIMA,1,0
PERUANO SUIZO 7084,LIMA,1,0
I.E.P. JESÚS SALVADOR,LIMA,1,0
COLEGIO PITÁGORAS - SEDE COMAS,LIMA,1,1
MANUEL SEOANE CORRALES,LAMBAYEQUE,1,0
SANTO DOMINGO EL PREDICADOR,CALLAO,1,0
EMMI PIKLER,LIMA,1,0
I.E.P JOHN F. KENNEDY,LIMA,1,0
COLEGIO SANTA URSULA DE NAZARET SAC,LIMA,1,1
LAS AMÉRICAS,LIMA,1,0
PERU-HOLANDA 2086,LIMA,1,0
VIRGEN DE FÁTIMA 121,LIMA,1,0
3520 ZAPAN,LIMA,1,0
INDIRA GANDHI 1227,LIMA,1,0
SANTA CRUZ - HUAROCHIRI,LIMA,1,0
FE Y ALEGRIA 23,LIMA,1,0
PATRÓN SAN ISIDRO DE SANTA ANITA,LIMA,1,1
COLEGIO ALPAMAYO,LIMA,1,0
7228 PERUANO CANADIENSE,LIMA,1,1
HAPPY SCHOOL,LIMA,1,0
MARÍA REYNA DEL CIELO SCHOOL,LIMA,1,1
I.E.P. NUESTRA SEÑORA DEL SAGRADO CORAZÓN DE JESÚS,ANCASH,1,0
I.E.P ANGLO AMERICANO,LIMA,1,0
ABRAHAM VALDELOMAR,LIMA,1,0
JOSÉ CARLOS MARIÁTEGUI #2048,LIMA,1,0
ALEJANDRO SÁNCHEZ ARTEAGA,LIMA,1,0
ELEAZAR GUZMÁN BARRÓN,ANCASH,1,1
INGENIERÍA,JUNIN,1,0
1267 LA CAMPIÑA,AMAZONAS,1,0
ALCIDES CARRION,LIMA,1,1
DOMINGO SAVIO,LIMA,1,0
IEP EMILIA BARCIA BONIFATTI,LIMA,1,0
POLITECNICO REGIONAL LOS ANDES-JULIACA,PUNO,1,0
AMUTA,LIMA,1,0
ANT SCHOOL,CAJAMARCA,1,0
I.E SAN PEDRO DE CHORRILLOS,LIMA,1,1
INSTITUCIÓN EDUCATIVA CHONGOYAPE,LAMBAYEQUE,1,1
COLEGIO GALENO,PUNO,1,0
ANDRÉS DE LOS REYES,LIMA,1,1
I.E.WALDEN SCHOOL,LIMA,1,1
COLEGIO SAN FELIPE,LIMA,1,1
CEBA JEAN JACQUES ROUSSEAU,CALLAO,1,0
PAMER PUENTE PIEDRA,LIMA,1,0
TRILCE DE LA MOLINA,LIMA,1,1
CENTRO EDUCATIVO PARTICULAR SAN ANTONIO DE PADURA,SAN MARTIN,1,1
JESÚS EL MAESTRO,LIMA,1,0
I.E BRÍGIDA SILVA DE OCHOA,LIMA,1,0
PRECURSORES DE LA INDEPENDENCIA NACIONAL PNP,LIMA,1,0
SAN FRANCISCO DE CARHUAMAYO,JUNIN,1,0
TOMAS ARIETA CRUZ,CALLAO,1,1
VICTOR ANDRES BELAUNDE,SAN MARTIN,1,0
SAN JUAN BOSCO,JUNIN,1,0
CENTRO DE VARONES EX 451,LIMA,1,0
5080 SOR ANA DE LOS ANGELES,CALLAO,1,0
INNOVA SCHOOLS,TACNA,1,0
EL HOGAR CHORRILLOS,LIMA,1,0
FE Y ALEGRÍA N°12 - PUENTE PIEDRA,LIMA,1,0
I.E. MX. N 101 SHUJI KITAMURA,LIMA,1,1
PAMER GRAMADALES,LIMA,1,0
JOSE ANTONIO ENCINAS,APURIMAC,1,0
GERMÁN CARO RIOS,HUANCAVELICA,1,0
SAN AGUSTIN DE LOS SAIRES,CALLAO,1,0
MENTOR,LIMA,1,0
INCA GARCILASO DE LA VEGA,ANCASH,1,0
I.E.P.BELEN,LIMA,1,0
TÚPAC AMARU LL,LIMA,1,0
JORGE BASADRE GROHMAANN,LIMA,1,0
IE 22393 CHANGUILLO,ICA,1,0
I.E.S.P JOSÉ MARÍA ARGUEDAS,AYACUCHO,1,1
I.E.MARÍA INMACULADA FE Y ALEGRÍA 78,CAJAMARCA,1,0
UNIVERSITY,LIMA,1,0
COLEGIO RENÁN ELÍAS OLIVERA,LAMBAYEQUE,1,0
JOSE MARIA ARGUEDAS 7081,LIMA,1,0
IE SANTA ROSA 6094,LIMA,1,1
JOSE OBRERO,LIMA,1,0
SEÑOR DE LA ASCENSIÓN,LIMA,1,0
COLEGIO COMERCIO 32,PUNO,1,0
COLEGIA INGENIERIA,LIMA,1,0
EL TRIUNFO,PIURA,1,1
6039 - FERNANDO CARBAJAL SEGURA,LIMA,1,0
INSTITUCION EDUCATIVA CIMA,LAMBAYEQUE,1,0
IEP LUMBRERAS PUENTE PIEDRA,LIMA,1,0
I.E.E. JUAN GUERRERO QUIMPER,LIMA,1,0
I.E.P.Q NIÑO JESUS,LIMA,1,0
RAMÓN CASTILLA COMAS-RETABLO,LIMA,1,1
REINO DE LOS CIELOS,LIMA,1,1
ALMIRANTE MIGUEL GRAU 2066 ANCON.,LIMA,1,0
0148 MAESTRO VÍCTOR RAÚL HAYA DE LA TORRE,LIMA,1,0
I.E. VASILI SUJOMLINSKY,LIMA,1,0
APPU,LIMA,1,0
GRAN HUASCARAN,ANCASH,1,0
KEPLER COLLEGE,CAJAMARCA,1,0
I.E.P THALES DE MILETO,CALLAO,1,0
IE 0003 NUESTRA SEÑORA DEL CARMEN,LIMA,1,0
SAN JUAN DE DIOS,LIMA,1,0
I.E.P FRANCISCO DE ZELA,CALLAO,1,0
I.E.P. NUEVO HORIZONTE,PUNO,1,0
IESP JOSE MARIA ARGUEDAS,AYACUCHO,1,1
CATOLICO SAN PIO X,LIMA,1,1
COAR LIMA PROVINCIAS,CALLAO,1,1
PRESENTACIÓN DE MARIA N41,LIMA,1,0
SOR ANA DE LOS ÁNGELES,CALLAO,1,0
TECNICO 3052,LIMA,1,0
POLITECNICO REGIOMAL LOS ANDES,PUNO,1,0
I.E LA SAGRADA FAMILIA FE Y ALEGRIA N°64,HUANUCO,1,0
EXCELENTI,LIMA,1,0
SAFO OLIVEROS,LIMA,1,0
I.E. 88021 ALFONSO UGARTE,ANCASH,1,1
I.E.P. RENE DESCARTES,LIMA,1,1
COLEGIO PITAGORAS VERDE EL MATEMÁTICO,LIMA,1,0
MICAELA BASITDAS JEC,APURIMAC,1,0
LA MERCED - EVARISTE GALOIS,CALLAO,1,1
ANDRE AVELINO CÁCERES DORREGARAY 20975,LIMA,1,0
EL HOGAR,LIMA,1,0
URIBES SCHOOL,LIMA,1,0
I.E.S CÉSAR VALLEJO,PUNO,1,0
I. E. P. LUMBRERAS DE SANTA ANITA,LIMA,1,0
6048 JORGE BASADRE,LIMA,1,1
JULIO CÉSAR ESCOBAR,LIMA,1,0
LA SORBONA DE LIMA,LIMA,1,0
INNOVA SCHOOLS,ICA,1,0
COLEGIOS DE ALTO RENDIMIENTO,ANCASH,1,0
3065 VIRGEN DEL CARMEN,LIMA,1,0
COLEGIO JEAN LEBLANC VENNE,LIMA,1,1
JOSÉ CARLOS MARIATEGUI,APURIMAC,1,1
NUEVO MUNDO CEDE CHOSICA,LIMA,1,0
I.E. N°0090 DANIEL ALCIDES CARRIÓN,LIMA,1,0
EL AMAUTA JOSÉ CARLOS MARIÁTEGUI,LIMA,1,1
CIENCIAS Y HUMANIDADES,JUNIN,1,0
SANTÍSIMA MARIA,LIMA,1,1
3087,LIMA,1,0
I.E.P. SAN IGNACIO DE RECALDE,PUNO,1,0
CHRISTIAN COLLEGE,LIMA,1,0
MANUEL A. RAMIREZ BARINAGA - MARISTAS,LIMA,1,0
COLEGIO EXPERIMENTAL DE APLICACIÓN CEAUNE,LIMA,1,0
WEZ COLLEGE,CAJAMARCA,1,0
UNION PORVENIR,CALLAO,1,0
INGENIEROS UNI ATE,LIMA,1,0
AMERICO GARIBALDI GHERSI,MOQUEGUA,1,0
SAN JOSE HERMANOS MARISTAS CALLAO,CALLAO,1,0
I.E.P GAKUSEI,LIMA,1,0
EL AMAUTA 164,LIMA,1,0
32 MARIANO H. CORNEJO,PUNO,1,0
RAUL PORRAS BARNECHEA,LIMA,1,0
LUIS ENRIQUE GALVÁN,LIMA,1,0
I.E. JOSE ANTONIO ENCINAS FRANCO,LIMA,1,0
I.E. FLORES,LIMA,1,0
COMERCIO Nº64,UCAYALI,1,0
I.E. 2032 MANUEL SCORZA TORRES,LIMA,1,0
I.E.P SAN LUIS,LIMA,1,0
JUAN MATEMÁTICO CATÓLICO,LIMA,1,0
IE NUEVO MUNDO,LIMA,1,0
ING. CARLOS LISSON BEINGOLEA,LIMA,1,1
NUEVO PERÚ - JUAN CRONIQUEUR APPU,LIMA,1,1
SANTISIMA VIRGEN DE LAS MERCEDES,LIMA,1,0
ESTER CACERES,LIMA,1,0
IE FEDERICO VILLARREAL,HUANCAVELICA,1,0
GRAL.EMILIO SOYER CABERO,LIMA,1,0
I. E. P. JUANA MORENO,HUANUCO,1,0
COLEGIO RODOLFO DIECEL,PUNO,1,0
IEE SAN RAMON,AYACUCHO,1,0
IEE RICARDO BENTIN,LIMA,1,0
TRILCE DE SANTA ANITA,LIMA,1,0
60993 RAMON CASTILLA Y MARQUEZADO,LORETO,1,0
HIPOLITO UNANUE,CAJAMARCA,1,1
MARIANNE FROSTIG,LIMA,1,0
C.E.P. LA SAGRADA FAMILIA,LIMA,1,1
SAN GABRIEL,LIMA,1,0
CORONEL JOSÉ FÉLIX BOGADO 2063,LIMA,1,0
GABRIELA MISTRAL,LIMA,1,1
MIGUEL GRAU SEMINARIO 137 SJL,LIMA,1,0
I.E. MANUEL SCORZA TORRES 2032,AMAZONAS,1,0
ENRIQUE NAPOLEON ESPINOZA DIOSES,LIMA,1,0
IE JUAN GUERRERO QUIMPER,LIMA,1,0
I.E. 130 HÉROES DEL CENEPA,LIMA,1,0
IE MAYOR PNP FELIX ROMAN TELLO ROJAS,LIMA,1,0
COLEGIO NEWTON SEDE TORRE BLANCA,LIMA,1,0
I.E.E MARIANO MELGAR,LIMA,1,0
SKINNER,LIMA,1,0
COLEGIO SALAMANCA,LIMA,1,0
I.E.P ALFRED NOBEL,LIMA,1,0
FE U ALEGRÍA 24,LIMA,1,0
SAN LUIS GONZAGA FE Y ALEGRÍA 22,AMAZONAS,1,0
ELÍAS REMIGIO AGUIRRE ROMERO 7224,LIMA,1,0
FERNANDO STAL,SAN MARTIN,1,0
I.E PROYECTO INTEGRAL CHAVARRIA,LIMA,1,0
NUESTRA SEÑORA DE LA INMACULADA CONCEPCIÓN N° 025,LIMA,1,0
3056 GRAN BRETAÑA,LIMA,1,1
RENÉ DESCARTES,LIMA,1,0
COLEGIO NACIONAL Nº 3710 SANTÍSIMA TRINIDAD,LIMA,1,0
COLEGIO ALEXANDER VON HUMBOLDT,TACNA,1,1
IEP SANTA CATALINA,PUNO,1,0
I.E.P TRILCE,LIMA,1,0
SAN ANTONIO DE CHINCHOBAMBA,ANCASH,1,0
IEP FERMIN TANGUIS,LIMA,1,0
JAIME WHITE,LIMA,1,0
IEP ALBERT EINSTEIN,LIMA,1,1
FRANCISCANA PADRE PIO SAROBE,JUNIN,1,1
I.E MATEO PUMACAHUA 6097,LIMA,1,0
SAN ROMAN,PUNO,1,0
I.E.P.M. COLEGIO MILITAR LEONCIO PRADO,CALLAO,1,0
IEP NUESTRA SEÑORA DE FATIMA,LIMA,1,0
I.E.P ALFA,CALLAO,1,0
I.E. TUPAC AMARU 20393,LIMA,1,0
046 VICTOR RAUL HAYA DE LA TORRE,LIMA,1,0
I.E JORGE BASADRE GROHMAN,LIMA,1,0
SANTA ROSA 6094,LIMA,1,0
SAN JOSE,LAMBAYEQUE,1,0
I.E DIVINO MAESTRO 7242,LIMA,1,0
COLEGIÓ MAYOR SECUNDARIA PRESIDENTE DEL PERÚ,LIMA,1,0
LITERATO RICARDO PALMA,LIMA,1,0
I.E.P VIRGEN DEL ROSARIO,LIMA,1,0
SAN AGUSTÍN LEIMEBAMBA,AMAZONAS,1,0
SAN AGUSTÍN,CALLAO,1,0
VISION MUNDIAL UGEL 03,LIMA,1,0
EXCELENTI,JUNIN,1,0
COAR PUNO,PUNO,1,0
JUAN CRONIQUER APPU,LIMA,1,1
MUNDO FELIZ I.E.P.,JUNIN,1,1
I.E.P. PERUANO AMERICANO,LIMA,1,1
CENTRO EDUCATIVO JACQUES COUSTEAU,LIMA,1,0
COLEGIOS INNOVA SCHOOL,LIMA,1,0
FELIPE GUAMÁN POMA DE AYALA,LIMA,1,0
I.E.P LOS NIÑOS DE JESUS,LIMA,1,0
FE Y ALEGRIA Nº 32,LIMA,1,0
COLEGIO JESÚS OBRERO PAMPLONA ALTA SJM,LIMA,1,0
IEP LA SAGRADA FAMILIA,LIMA,1,1
SAN JERONIMO,AREQUIPA,1,1
I.E.P. GREGOR MENDEL,PUNO,1,1
PROLOG- VMT,LIMA,1,0
PETRONILA SANCHEZ CARDENAS,PASCO,1,0
SAN JOSE DE PUNTA NEGRA,LIMA,1,0
DANIEL ALOMIA ROBLE 113,LIMA,1,0
GLORIOSO COMERCIO 32,PUNO,1,0
I. E. 3045 JOSÉ CARLOS MARIÁTEGUI LA CHIRA,LIMA,1,0
VILLA EL SALVADOR TECNICO 6066,LIMA,1,0
JOSÉ FAUSTINO SÁNCHEZ CARRIÓN I.E 0051,LIMA,1,0
IE. 2094 INCA PACHACUTEC,LIMA,1,0
SACO OLIVEROS EL RETABLO,LIMA,1,1
I.E.P PERUANO AMERICANO,LIMA,1,0
LORD BYRON SCHOOL,LIMA,1,0
SAGRADA FAMILIA FE Y ALEGRÍA 64,HUANUCO,1,0
COLEGIO CRISTO SALVADOR,LIMA,1,0
FE Y ALEGRIA Nº53,LIMA,1,0
REINO DE LOS CIELO LOS JARDINES,LIMA,1,0
COLEGIO MILITAR GRAN MARISCAL RAMON CASTILLA,LA LIBERTAD,1,1
INA - 91,PUNO,1,0
INSTITUCIÓN EDUCATIVA EMBLEMÁTICA SAN JUAN,LIMA,1,0
SAN JOSÉ MARIA,LIMA,1,0
7098 RODRIGO LARA BONILLA,LIMA,1,1
I.E.P SAN FRANCISCO DE ASIS,LIMA,1,0
SANTA ISABEL DE HUNGRIA,LIMA,1,0
SAN ISIDRO PATRÓN,LIMA,1,1
COLEGIO PRIVADO DIVINO JESÚS,LIMA,1,0
I.E PARROQUIAL NIÑO JESUS DE PRAGA,LIMA,1,0
INSTITUTO SEVILLA,LIMA,1,0
SACOS OLIVEROS,LIMA,1,1
CAYETANO HEREDIA,LIMA,1,0
MICAELA BATIDAS,APURIMAC,1,0
NUESTRA SEÑORA DEL ROSARIO,APURIMAC,1,0
INSTITUCIÓN EDUCATIVA 3096 FRANZ TAMAYO SOLARES,LIMA,1,0
JOSE MARIA ARGUEDA,LIMA,1,0
JUAN VELASCO ALVARADO EL SAUCE,PIURA,1,0
JUAN VELASCO ALVARADO,PUNO,1,1
IES CESAR VALLEJO,PUNO,1,1
I.E.S MÁXIMO RUFINO ESTEBAN,HUANUCO,1,0
JOSÉ CARLOS MARIATEGUI 1262,LIMA,1,0
JOHN F. KENNEDY,LIMA,1,0
AMERICA HIGH SCHOOL,CALLAO,1,0
I.E. JOSÉ ABELARDO QUIÑONES GONZALES,LIMA,1,0
COLEGIO LUZ DE LOS ANDES,PUNO,1,0
SANTA ROSA 2093,CALLAO,1,0
JOSE MARIA ARGUEDAS,CALLAO,1,0
UNIMASTER AV REVOLUCION 4TA ZONA COLLIQUE,LIMA,1,0
JESÚS Y MARÍA,LIMA,1,1
JORGE BASADRE 6048,LIMA,1,0
SAN JOSE JULIACA,PUNO,1,0
PAMER LA LIBERTAD,LIMA,1,0
TRILCE-COMAS,LIMA,1,0
I.E.P SAN JOSÉ,LIMA,1,0
I.E. 2091 MARISCAL ANDRES AVELINO,LIMA,1,0
COLEGIO VIRGO POTENS,LIMA,1,0
I.E.P.PITAGORAS,PIURA,1,0
COLEGIO NACIONAL CHAVÍN DE PARIARCA,LIMA,1,0
JEAN LEBLANC VENE,LIMA,1,0
SELECCIÓN A,LIMA,1,0
COLEGIO PARTICULAR INTEGRADO FRANCISCO BOLOGNESI,PASCO,1,0
COLEGIO NACIONAL JOSÉ GABRIEL CONDORCANQUI,LIMA,1,0
I.E TUPAC AMARU II,LIMA,1,0
IE PNP JOSÉ HÉCTOR RODRÍGUEZ TRIGOSO,LIMA,1,0
FRANCISCO INCA,LIMA,1,0
TECHNOLOGI SCHOOL,LIMA,1,0
I.E. EDELMIRA DEL PANDO,LIMA,1,1
FRANCISCO DE ZELA,JUNIN,1,0
TUPAC AMARU,PASCO,1,1
CONSORCIO EDUCATIVO CORAZON DE MARIA,LIMA,1,0
SANTA MÓNICA,PUNO,1,0
GRAN MARISCAL TORIBIO LUZURIAGA,LIMA,1,0
IE PALMAS REALES,LIMA,1,1
I.E. SANTA ROSA DE QUIVES N°108,LIMA,1,0
IE VIRGEN DE FATIMA 5051,CALLAO,1,1
GUSTAVO ADOLFO BÉCQUER,LIMA,1,0
COLEGIO LUZ ANDINA,PUNO,1,0
LOS NIÑOS DE MARIA,LIMA,1,0
JAVIER PÉREZ DE CUÉLLAR,JUNIN,1,0
ALFA,CALLAO,1,1
COLEGIO NACIONAL PILOTO SANTA ISABEL.,JUNIN,1,0
KARL WEISS,LAMBAYEQUE,1,0
SAINT JOSEPH,LIMA,1,1
SAN JOSÉ,LIMA,1,0
5166 BELLA AURORA,LIMA,1,0
MARIA Y JOSÉ DE LOS OLIVOS,LIMA,1,0
DIVINO MAESTRO 7242,LIMA,1,1
MONTE SION,CAJAMARCA,1,0
WILLIAM SHAKESPEARE SANTA ANITA,LIMA,1,0
MARÍA REINA DE CORAZONES,CALLAO,1,0
VÍCTOR ANDRÉS BELAÚNDE,JUNIN,1,0
FE Y ALEGRÍA N°20,CUSCO,1,0
ELLOY LLATAS BARÓN,CAJAMARCA,1,0
5097 SAN JUAN MACIAS,LIMA,1,0
PERUANO BRITÁNICO FRANCIS ASTON,PUNO,1,0
IE SAN LUIS 1128,LIMA,1,0
STEPHEN HAWKING,MOQUEGUA,1,0
FRANCISCO IZQUIERDO RIOS,HUANCAVELICA,1,0
APPU JUAN CRONIQUEUR,LIMA,1,0
JORGE CHAVEZ DARTNELL,JUNIN,1,0
FRIEDERICH GAUSS,CALLAO,1,0
SAN ANDRES,CAJAMARCA,1,0
TECHNOLOGY SECHOOLS,LIMA,1,0
I. E. SAN MARTN DE PORRES MAMAC,JUNIN,1,0
CRISTIANO EMAUS,LIMA,1,0
COLEGIO SALESIANO SAN JUAN BOSCO DE AYACUCHO,AYACUCHO,1,0
ENSEÑANZA DIVINA,LIMA,1,0
COLEGIO FOYER DE CHARITE SANTA ROSA,LIMA,1,0
I.E.P. SAN FRANCISCO DE ASIS,CALLAO,1,0
I.E. SACO OLIVEROS,LIMA,1,0
SAN VICENTE,ICA,1,1
B.GROUP,LIMA,1,1
3087 CARLOS CUETO FERNANDINI,LIMA,1,0
LICEO NAVAL ALMIRANTE GUISE,LIMA,1,0
JOSE IGNACIO MIRANDA INA 91,PUNO,1,0
JOSE ABELARDO QUIÑONES GONZALES,HUANCAVELICA,1,0
CEP SAN FRANCISCO JAVIER,LIMA,1,0
UGEL 04 ESTADOS UNIDOS,LIMA,1,0
SANTA ELIZABETH N° 100,LIMA,1,1
SAN FRANCISCO SOLANO,LIMA,1,0
PERUANO AMERICANO,LIMA,1,1
MIGUEL GRAU SEMINARIO,UCAYALI,1,0
IE TECNICO FAP MANUEL POLO JIMENEZ,LIMA,1,1
ASOCIACIÓN EDUCATIVA DE JESÚS,LIMA,1,1
LUIS ALBERTO GARCÍA ROJAS 147,LIMA,1,0
I.E.E ALFONSO UGARTE 1071,LIMA,1,0
I.E.P. SAGRADA FAMILIA,LIMA,1,0
INNOVA SCHOOL - SEDE ARABISCOS - SJL,LIMA,1,0
PARAISO FLORIDO 3082,LIMA,1,0
IEP JOHN NASH,LIMA,1,1
I.E. 1183 SAUL CANTORAL HUAMANI,LIMA,1,0
PACO YUNQUE,LIMA,1,0
I.E.P. NUESTRA SEÑORA DE COCHARCAS,LIMA,1,0
APLICACIÓN SAN MARCOS,LIMA,1,0
I.E.P.P PEDRO NOLASCO - CRISTO AMIGO,ANCASH,1,1
COLEGIO VIRGEN DE CHAPI,ICA,1,0
CONSORCIO SAN ROQUE DE SAN DIEGO,LIMA,1,0
ROBERT HOOCKE,LIMA,1,0
MENDEL CAMANÁ,AREQUIPA,1,0
I.E.LOS JARDINES DE MANCHAY,LIMA,1,0
I. E. 5168 ROSA LUZ,LIMA,1,0
MARÍA AUXILIADORA,AYACUCHO,1,0
INSTITUCIÓN EDUCATIVA MELITÓN CARVAJAL,LIMA,1,0
GRAN ALMIRANTE MIGUEL GRAU,LIMA,1,1
INGENIERIA,HUANCAVELICA,1,0
GUE LAS MERCEDES- JULIACA,PUNO,1,0
CHILA,APURIMAC,1,0
I.E JOSE MARIA ARGUEDAS 5026,CALLAO,1,0
I.E.PR. ELIM,PUNO,1,1
COLEGIO REPÚBLICA DE BOLIVIA,LIMA,1,0
COLEGIO PRIVADO NEWTON,LIMA,1,0
FE Y ALEGRIA 02,LIMA,1,1
PAMER COLEGIOS - LOS DURAZNOS,LIMA,1,1
CARLOS PAREJA PAZ SOLDÁN,LIMA,1,1
N° 100 SANTA ELISABETH,LIMA,1,0
HONORES LANDÁZURI,LIMA,1,0
JOSE ANTONCIO ENCINAS,LIMA,1,0
COLEGIO ANDRES BELLO,PUNO,1,1
BERNHALD BOLZANO,LIMA,1,0
IEP GRACIAS JESUS,LIMA,1,1
N°143 I.E SOLIDARIDAD 2,LIMA,1,0
LA UNION,CALLAO,1,0
I.E INCA PACHACUTEC 2094,LIMA,1,0
APEIRON HELICOIDAL,LIMA,1,1
CORAZÓN DE MARÍA MILAGROSA,LIMA,1,1
SAN AGUSTÍN DE SANTA ANITA,LIMA,1,0
051,ICA,1,0
I.E SAN MARTÍN DE PORRES 2061,LIMA,1,0
SANTA INÉS,LIMA,1,0
FRANZ TAMAYO SOLARES 3096,LIMA,1,0
ALTERNATIVO TALENTOS,CALLAO,1,0
TRILCE SEDE SALAVERRY,LIMA,1,0
JOHN F KENNEDY,ICA,1,1
COLEGIO MARIANO H. CORNEJO,PUNO,1,0
I.E.P. CLAPER,LIMA,1,0
SANTA CUARESMA II,LIMA,1,1
FRANCISCO INKA,LIMA,1,0
2092 CRISTO MORADO,LIMA,1,0
BEATA SARITA COLONIA,CALLAO,1,0
SR DE LOS AFLIGIDOS,ANCASH,1,0
I.E. 7228 PERUANO CANADIENSE,LIMA,1,0
SEGUNDO CABRERA MUÑOZ,CAJAMARCA,1,1
COLEGIO ELENA DE SANTA MARIA,PUNO,1,0
COPRODELI AGUSTÍN DE HIPONA,CALLAO,1,0
TALENTOS SCHOOL,CALLAO,1,0
I.E. PUBLICA SANTA MARIA DE LOS ANDES,LIMA,1,0
286468,LIMA,1,0
LEONCIO PRADO 7035,LIMA,1,0
LA VILLA,AMAZONAS,1,1
CIENTIFICO ISAAC NEWTON,LIMA,1,0
SAN FRANCISCO DE ASÍS,LIMA,1,0
IEA JORGE CHÁVEZ,JUNIN,1,0
I.E. FE Y ALEGRÍA Nº39,LIMA,1,0
1112 VÍCTOR ANDRÉS BELAUNDE,LIMA,1,0
I.E.S.F.T. SAN SEBASTIÁN DE PICHCCACHURI,AYACUCHO,1,0
IEP REGINA PACIS,CALLAO,1,0
7265,LIMA,1,0
COLEGIO CRISTIANO JEDIMA,LIMA,1,1
10 DE OCTUBRE,LIMA,1,0
I.E ALFREDO REBAZA ACOSTA,LIMA,1,0
PROLOG DE VILLA MARÍA DEL TRIUNFO,LIMA,1,0
7061,LIMA,1,0
I.E REPÚBLICA DE COLOMBIA,LIMA,1,1
HIJOS DE MARÍA AUXILIADORA,LIMA,1,1
HEINRICH PESTALOZZI COLLEGE,LIMA,1,0
IE GRAN MARISCAL TORIBIO DE LUZURIAGA,LIMA,1,0
ALMA MATER,LIMA,1,0
MARIZCAL ANDRES AVELINO CÁCERES,LIMA,1,1
00053 SAN VICENTE DE PAUL,LIMA,1,0
I.E 0073 BENITO JUÁREZ,LIMA,1,0
3092 KUMAMOTO I,LIMA,1,0
SACO OLIVEROS LOS OLIVOS,LIMA,1,1
CEBA SAN MARCO,LIMA,1,0
PERU HOLANDA 2086,LIMA,1,0
COLEGIO BIBLICO CATOLICO,LIMA,1,0
COLEGIO DE ALTO RENDIMIENTO - HUANCAVELICA,HUANCAVELICA,1,1
I.E.P 159 GLORIOSO 10 DE OCTUBRE,LIMA,1,0
I.E. NUESTRA SEÑORA DEL CARMEN,LIMA,1,0
BEATA ANA MARÍA JAVOUHEY,LIMA,1,0
FE Y ALEGRIA 65,LIMA,1,1
I.E.P BALDOR,LIMA,1,0
IEP. SILVIA RUFF,ANCASH,1,0
INSTITUCION EDUCATIVA 3052,LIMA,1,0
IEP TRINOMIO SLR,PUNO,1,0
I. E. P. LA SALLE,PUNO,1,0
I.E.P.E ANDRÉS DE LOS REYES,LIMA,1,0
SAN LUIS MARISTAS,LIMA,1,0
COLEGIO INGENIERIA DE SAN MIGUEL,LIMA,1,0
I.E. POLITECNICO DE VENTANILLA 5086,CALLAO,1,0
COLEGIO NACIONAL QUIVILLA,HUANUCO,1,0
LA PUNTA UMARI PACHITEA,HUANUCO,1,0
SCHOOL INTERNATIONAL INNOVA,PUNO,1,0
SIMON BOLIVAR PALACIOS,LIMA,1,0
JOSE ABELARDO QUIÑONES GONZALEZ,LIMA,1,0
SAN FRANSISCO DE ASIS 7102,LIMA,1,0
PAMER MAGDALENA,LIMA,1,0
ESUELA DE JESÚS,LIMA,1,1
JUAN INGUNZA VALDIVIA,LIMA,1,0
COLEGIO CATÓLICO MATEMÁTICO SAN JUAN,LIMA,1,1
SAN JUAN MACIAS,CALLAO,1,1
EL NUEVO MARIANNE FROSTIG,LIMA,2,0
3048 SANTIAGO ANTÚNEZ DE MAYOLO,LIMA,2,1
DIVINA MISERICORDIA,LIMA,2,1
SAN ISIDRO PATRON DE VITARTE,LIMA,2,1
SANTA MARIA DE BREÑA,LIMA,2,0
FE Y ALEGRÍA N°26,LIMA,2,0
INFO ELITE XXI,LIMA,2,0
MAETERLINCK MAURICIO,LIMA,2,0
SANTISIMO CRISTO MORENO,ICA,2,0
IE EMANUEL,LIMA,2,0
SALESIANO SANTA ROSA,JUNIN,2,0
ROSA AGUSTINA DONAYRE DE MOREY,LORETO,2,0
CORONEL JOSÉ FELIZ BOGADO,LIMA,2,0
CIENCIAS NEWTON S.M.P,LIMA,2,0
TRILCE MARANGA,LIMA,2,0
FE Y ALEGRIA LA SALLE 43,CALLAO,2,0
IE 3080 PERÚ CANADÁ,LIMA,2,0
I.E. 6071 REPÚBLICA FEDERAL DE ALEMANIA,LIMA,2,0
I.E GENERALÍSIMO DON JOSÉ DE SAN MARTÍN,LIMA,2,0
CICULO INGENIERIA,LIMA,2,1
IE RAMÓN CASTILLA,LIMA,2,1
MARIA MEDALLA MILAGROSA,LIMA,2,1
TRIPOLO,APURIMAC,2,0
I.E JOSÉ MARÍA ARGUEDAS 2027,LIMA,2,0
I.E.P MISS AÑOS INOLVIDABLES,LIMA,2,0
0146 SU SANTIDAD JUAN PABLO II,LIMA,2,0
CIENTIFICO DEL NORTE,LIMA,2,0
SANTA ISABEL DE HUNGRÍA,LIMA,2,0
SKHOLE PAIDEA,LIMA,2,0
APÓSTOL SANTIAGO - 20745,LIMA,2,0
I.E FE Y ALEGRIA N°37,LIMA,2,0
I.E.E. ANTENOR ORREGO ESPINOZA,LIMA,2,1
I.E. SALESIANO ROSENTHAL DE LA PUENTE,LIMA,2,0
ENRIQUE ARNAEZ NAVEDA,LIMA,2,0
PILOTO SANTA ISABEL,JUNIN,2,0
MANUEL ANTONIO RAMÍREZ BARINAGA,LIMA,2,0
INNOVA SCHOLS - SANTO TORIBIO,LIMA,2,0
COLEGIO ADVENTISTA TUPAC AMARU - CATA,PUNO,2,0
JOSE OLAYA,JUNIN,2,0
SCIPION E. LLONA,LIMA,2,0
SECUNDARIA 60053 GRAL. AUGUSTO FREYRE GARCIA PÚBLI,LORETO,2,1
COLEGIO SAN IGNACIO DE RECALDE,PUNO,2,1
COLEGIO MUNDIAL,PUNO,2,1
2068 JOSE MARIA ARGUEDAS,LIMA,2,0
VIRGEN PEREGRINA DEL ROSARIO 2074,LIMA,2,0
MIXTO INDEPENDENCIA,LIMA,2,1
FE Y ALEGRIA N3,LIMA,2,0
APOSTOL SAN PEDRO,LIMA,2,0
SAN JUAN MACIAS,LIMA,2,1
REAL AMERICAN SCHOOL,PUNO,2,1
IEP SAN AGUSTÍN DE ANTARES,LIMA,2,2
MARKHAM,LIMA,2,0
AUGUSTO SALAZAR BONDY,LIMA,2,1
PEBAL INMACULADA,LIMA,2,0
ST.GEORGES COLLEGE,LIMA,2,1
EL UNIVERSO,LIMA,2,0
INGENIERIA,JUNIN,2,0
AURELIO MIRO QUESADA SOSA 1140,LIMA,2,0
I.E.P DOMINGO ELIAS,LIMA,2,0
SISTEMA SAN MARCOS,LIMA,2,0
MARISCAL RAMON CASTILLA,LIMA,2,0
GRUPO EDUCATIVO SAN LUIS,LIMA,2,1
APOLOXIII,LIMA,2,0
AMIGOS DE JESÚS,LIMA,2,1
I.E 2090 VIRGEN DE LA PUERTA,LIMA,2,0
I.E.E. ALFONSO UGARTE,LIMA,2,0
ESTHER CÁCERES SALGADO,LIMA,2,0
TÉCNICO INDUSTRIAL DE ANANEA,PUNO,2,0
SANTÍSIMO SACRAMENTO,LIMA,2,0
BERTOLT BRECH,LIMA,2,0
AUGUSTO B. LEGUÍA,LIMA,2,0
JAPAM 1229,LIMA,2,0
EXITUS,PIURA,2,1
INMACULADA COLLEGE,LIMA,2,1
COLEGIO PARROQUIAL NUESTRA SEÑORA DEL SAGRADO CORA,ANCASH,2,1
I.E SANTA TERESA,JUNIN,2,1
MICAELA BASTIDAS,PUNO,2,1
CHRISTIAN BARNARD DE VILLA,LIMA,2,0
DIVINO SALVADOR 1277,LIMA,2,0
ROSA DE SANTA MARIA,LIMA,2,0
TRILCE DE ROMA,LIMA,2,1
WALDEN SCHOOL,LIMA,2,0
REPÚBLICA DEL ECUADOR,LIMA,2,0
G.U.E JOSE GRANDA,LIMA,2,1
I. E. JOSE CARLOS MARIATEGUI LA CHIRA,APURIMAC,2,0
CÉSAR VALLEJO,LIMA,2,1
I.E. SANTIAGO ANTUNEZ DE MAYOLO,LIMA,2,0
CV INGENIROS,LIMA,2,0
I.E.E BLAS VALERA,AMAZONAS,2,0
CEBA DON BOSCO CHACAS,ANCASH,2,0
HUELLITAS DE JESÚS,LIMA,2,1
LICEO NAVAL GERMÁN ASTETE,CALLAO,2,0
CRAMER,LIMA,2,1
WALDEN SCHOOOL,LIMA,2,0
BARTOLOME HERRERA,LIMA,2,1
WALDORF-LIMA,LIMA,2,1
3719 SANTÍSIMA TRINIDAD,LIMA,2,0
AMAZONAS,HUANUCO,2,0
SALESIANO TECNICO DON BOSCO,JUNIN,2,0
I.E.P JESÚS EDUCADOR LAS TORRES,LIMA,2,0
LUCYANA,LIMA,2,0
MANUEL TOBIAS GARCIA CERRON,LIMA,2,1
SANTO DOMINGO DE GUZMÁN DE CARABAYLLO,LIMA,2,1
MAHATMA GANDHI,LIMA,2,1
MIGUEL GRAU SEMINARIO 0137,LIMA,2,1
IE PROLOG - DELICIAS,LIMA,2,0
COLEGIO INMACULADA CONCEPCIÓN DE MARÍA,LIMA,2,0
CRUZ SACO CIPRESES,LIMA,2,1
SANTA ROSA DE VITERBO,ANCASH,2,1
IE 6018 INMACULADA CONCEPCIÓN HUARANGAL,LIMA,2,0
HERNÁN BUSSE DE LA GUERRA,LIMA,2,0
BARTON COMAS,LIMA,2,0
PAMER VILLA CRUZ,LIMA,2,0
JAÉN DE BRACAMOROS,CAJAMARCA,2,2
I.E.P. INCA GARCILASO DE LA VEGA,ANCASH,2,0
CABANILLAS DEUSTUA,PUNO,2,0
IEP ESPÍRITU SANTO,LIMA,2,1
MARIANO HILARIO CORNEJO- COMERCIO 32,PUNO,2,0
POLITÉCNICO NACIONAL DEL CALLAO,CALLAO,2,0
VIRGEN DE VIRGENES,LIMA,2,0
3094,LIMA,2,0
MIGUEL GRAU,APURIMAC,2,2
SANTISIMA VIRGEN DE LA PUERTA,LIMA,2,0
VIRGEN DE LA CANDELARIA,LIMA,2,0
JAVIER HERAUD PÉREZ,APURIMAC,2,0
APEIRON,CALLAO,2,0
INSTITUCIÓN EDUCATIVA PRIVADA PACO YUNQUE,LIMA,2,0
IEP TECHNOLOGY SCHOOLS METROPOLITANA,LIMA,2,1
I.E. DORA MAYER,CALLAO,2,0
MONTE CARMELO,LIMA,2,0
TRILCE LA MOLINA,LIMA,2,0
SANTANDER,LIMA,2,0
SAN JUAN BOSCO DE AYACUCHO,AYACUCHO,2,0
I. E. P. ANA MARIA KAN,LIMA,2,0
PITAGORAS NUEVO SAN JUAN,LIMA,2,0
INSTITUCIÓN EDUCATIVA 1195 CÉSAR VALLEJO,LIMA,2,0
SANTA ANGELA,LIMA,2,0
I.E. SAN MARTIN DE PORRES MAMAC,JUNIN,2,0
NACIONES UNIDAS 7215,LIMA,2,0
COLEGIO ROBERT LETOURNEAU,LIMA,2,1
JESUS MI REDENTOR,LIMA,2,0
SAN JUAN BOSCO,PUNO,2,1
EXPERIMENTAL DEL SANTA,ANCASH,2,1
BLAS VALERA,AMAZONAS,2,0
PDL,CALLAO,2,0
TRILCE PRO LIMA,LIMA,2,2
IE 8181 HEROES DEL ALTO CENEPA,LIMA,2,1
RAFAEL LOAYZA GUEVARA,CAJAMARCA,2,0
CAPITÁN MARCELINO VALVERDE SOLORZANO,ANCASH,2,0
NACIONAL RIMAC,LIMA,2,1
COLEGIO PARROQUIAL NUESTRA SEÑORA DEL ROSARIO,LIMA,2,1
MARISCAL SANTA CRUZ,CALLAO,2,0
3070 MARIA DE LOS ANGELES,LIMA,2,1
LINCOLN LA PUNTA,CALLAO,2,0
CC BUEN PASTOR,PUNO,2,1
GRAN MARISCAL TORIBIO DE LUZURIAGA,LIMA,2,1
CEPD EL BUEN PASTOR,LIMA,2,0
SAGRADA FAMILIA,LIMA,2,1
MUNDO MEJOR,ANCASH,2,0
PROLOG SEDE VILLA EL SALVADOR,LIMA,2,1
I.E. MICAELA BASTIDAS N° 2089,LIMA,2,1
LEONCIO PRADO GUTIERREZ 1228,LIMA,2,0
15113,LIMA,2,0
I.E.P FRAY PEDRO URRACA,LIMA,2,0
FE Y ALEGRÍA N°2,LIMA,2,1
I.E. PALMAS REALES,LIMA,2,0
MARIANISTA,LIMA,2,0
JOSE BALTA,LIMA,2,0
ISAAC NEWTON JESUS MARIA,LIMA,2,0
CORONEL BOLOGNESI,ANCASH,2,0
TRILCE CHANCHAMAYO,JUNIN,2,0
HÉROES DEL CENEPA,CALLAO,2,0
COAR HUANCAVELICA,HUANCAVELICA,2,2
MARCELINO CHAMPAGNAT,LA LIBERTAD,2,1
SEBASTIAN SALAZAR BONDY,LIMA,2,0
I.E.P. DIOS ES AMOR,LIMA,2,1
IEP JOSE CARLOS MARIATEGUI,LIMA,2,0
CLAPER,LIMA,2,0
BELÉN,LIMA,2,0
SACO OLIVEROS - APEIRON,CALLAO,2,0
LEONCIO PRADO 2067,LIMA,2,1
I.E.E MIXTO LA MOLINA 1278,LIMA,2,1
SACO OLIVEROS DE PUEBLO LIBRE,LIMA,2,0
JOSE GRANDA,LIMA,2,0
MONS FIDEL OLIVAS ESCUDERO,ANCASH,2,0
SIGNOS DE FE,LIMA,2,1
PEDRO RUIZ GALLO,AMAZONAS,2,0
SAINT PATRICKS CHRISTIAN COLLEGE,LIMA,2,1
SOR ÁNGELA LECCA,LIMA,2,0
IEP SAN IGNACIO DE LOYOLA - HUACHO,LIMA,2,0
CONSORCIO EDUCATIVO FEDERICO KAUFFMANN DOIG,CALLAO,2,1
AMISTAD PERU JAPON N168,LIMA,2,1
INNOVA SCHOOLS ARABISCOS,LIMA,2,0
I.E. 2091 MARISCAL ANDRÉS AVELINO CÁCERES,LIMA,2,0
FE Y ALEGRÍA N 32,LIMA,2,0
COLEGIO MARISTAS - MANUEL RAMÍREZ BARINAGA,LIMA,2,1
JESUS EDUCADOR,LIMA,2,0
RAMON CASTILLA,LIMA,2,1
I.E AMÉRICA 7101-623,LIMA,2,0
MARISCAL ANDRES AVELINO CACERES,LIMA,2,0
SIGMA,JUNIN,2,0
SANTO TOMÁS DE VALENCIA,LIMA,2,0
COLEGIO SULPICIO GARCÍA PEÑALOZA,LIMA,2,0
SAGRADOS CORAZONES N°3710,LIMA,2,1
SAN JOSÉ,JUNIN,2,0
JUAN PABLO II,TUMBES,2,1
SANTA MARÍA JOSEFFA ROSELLO,LIMA,2,1
SANTA URSULA NAZARENA- SJL,LIMA,2,1
FE Y ALEGRÍA 24,LIMA,2,0
I.E ANDRÉS BELLO 3041,LIMA,2,1
MARIA AUXILIADORA,LIMA,2,0
LOS HIJOS DE MARIA,LIMA,2,0
CESAR CANEVARO,LIMA,2,0
DANIELLE MITTERRAND,PUNO,2,0
ELITE SCHOOL,LIMA,2,0
PERU - HOLANDA 2086,LIMA,2,0
YACHAY SCHOOL,PUNO,2,2
RAFAEL MARISCAL QUINTANILLA,LIMA,2,0
I.E TÉCNICO 3052,LIMA,2,0
ANNIES SCHOOL,LIMA,2,0
ALBERTO BENJAMIN SIMPSON,LIMA,2,2
0083 SAN JUAN MACIAS,LIMA,2,0
CIENCIAS,SAN MARTIN,2,2
VÍCTOR RAÚL HAYA DE LA TORRE 7259,LIMA,2,0
ÁNGELES DE LA PAZ,LIMA,2,1
SAN ANTONIO DE PADUA,CAJAMARCA,2,0
TORIBIO DE LUZURIAGA Y MEJÍA,LIMA,2,0
MIXTO SAN JOSE,LIMA,2,1
SAN PATRICIO,LIMA,2,1
ANTONIO RAIMONDI,CAJAMARCA,2,0
VICTOR RAUL HAYA DE LA TORRE INEI 46,LIMA,2,0
20611,LIMA,2,1
CESAR ALCIDES DE LA CRUZ DELGADO,AMAZONAS,2,1
CHAPERITO SCHOOLS,CALLAO,2,1
JOSÉ GÁLVEZ,CAJAMARCA,2,2
ALBORADA,LIMA,2,1
TRILCE,LA LIBERTAD,2,1
SANTA ROSA REVOLUCIONARIA,CUSCO,2,1
CESAR VALLEJO 7069,LIMA,2,1
DIONISIO MANCO CAMPOS,LIMA,2,0
SANTISIMA TRINIDAD,LIMA,2,0
SANTA CUARESMA,LIMA,2,1
SAN PÍO X - INGENIERIA,LIMA,2,1
ROSA DE AMÉRCIA,LORETO,2,0
JOSE HECTOR RODRIGUEZ TRIGOSO,LIMA,2,0
VIRGEN DEL CARMEN,LIMA,2,0
SANTA ISABEL,LIMA,2,1
CONSORCIO EDUCATIVO SAN ROQUE,LIMA,2,0
CIENCIAS SIGLO XXI,LIMA,2,0
1199 MARISCAL RAMON CASTILLA,LIMA,2,0
ABILIA OCAMPO,SAN MARTIN,2,1
I.E.P. VIRGEN DEL ROSARIO,LIMA,2,1
SAN ANDRÉS,LIMA,2,0
IEP LUMBRERAS,LIMA,2,0
NEIL ARMSTRONG,LIMA,2,0
SANTIAGO APOSTOL,LIMA,2,0
I.E.E. CARLOS WIESSE,LIMA,2,0
NIÑO CHAPERITO,LIMA,2,0
JESÚS MI REDENTOR,LIMA,2,0
LOS ANDES,AYACUCHO,2,1
PAMER GRAMADAL,LIMA,2,1
COLEGIO EMBLEMÁTICO JOSÉ ANTONIO ENCINAS,PUNO,2,0
VILLA LOS ANGELES,LIMA,2,1
CIMA,LAMBAYEQUE,2,0
JESÚS DIVINO MAESTRO REDENTOR,LIMA,2,0
JULIO C. TELLO,LIMA,2,0
I.E JOHN F. KENNEDY,LIMA,2,0
MARIA DE FATIMA,PIURA,2,0
TOMAS ALVA EDISON,LIMA,2,2
I.E.SANTA MARIA DE BREÑA,LIMA,2,0
TRILCE,MADRE DE DIOS,2,0
COLEGIO CIENTIFICO NIKOLA TESLA,LIMA,2,1
TÚPAC AMARU,LIMA,2,0
2027 JOSE MARIA ARGUEDAS,LIMA,2,0
MFCN 1233,LIMA,2,0
FERNANDO CARBAJAL SEGURA,LIMA,2,1
LOS HEROES DE SAN JUAN,LIMA,2,1
5171 TUPAC AMARU II,LIMA,2,0
I. E. REPÚBLICA FEDERAL DE ALEMANIA,LIMA,2,0
RAMÓN CASTILLA,LIMA,2,1
EMAÚS,LIMA,2,0
COLEGIO MARISCAL CACERES,AYACUCHO,2,0
ANDRES AVELINO CACERES DORREGARAY,LIMA,2,0
GERMAN CARO RÍOS N°20384,LIMA,2,0
CIRCULO A1 SCHOOL,LIMA,2,0
IE PNP PRECURSORES LA INDEPENDENCIA NACIONAL,LIMA,2,1
I.E.P. SANTA ANGELA,LIMA,2,0
IE 3056 GRAN BRETAÑA,LIMA,2,1
PERUANO CANADIENSE 7228,LIMA,2,1
FERNANDO BELAUNDE TERRY N° 0074,LIMA,2,0
I.E MERCEDES CABELLO DE CARBONERA,LIMA,2,1
TÉCNICO 3052,LIMA,2,0
IEP SAN LUCAS,LIMA,2,0
NUESTRA SEÑORA DE LA SABIDURÍA,LIMA,2,1
TECHNOLOGY SCHOOLS LUCUMOS,LIMA,2,1
I.E LOS JAZMINES DEL NARANJAL,LIMA,2,0
JORGE BASADRE,PIURA,2,0
I.E 5168 ROSA LUZ,LIMA,2,1
TELÉSFORO CATACORA,LIMA,2,0
CESAR VALLEJO,AYACUCHO,2,0
NUESTRA SEÑORA DE LA ESPERANZA,LIMA,2,1
SAN AGUSTÍN,LIMA,2,0
TUPAC AMARU 20902,LIMA,2,1
JOSÉ CARLOS MARIÁTEGUI,ANCASH,2,0
I.E TUPAC AMARU,LIMA,2,0
MAZUBA,LIMA,2,1
COLEGIO SACO OLIVEROS - SEDE QUILCA,CALLAO,2,0
VIRGEN DE LA ASUNCIÓN,LIMA,2,0
CONSORCIO EDUCATIVO INGENIERÍA SANTA ROSA,LIMA,2,1
FE Y ALEGRIA N° 35,LIMA,2,0
COJATA,PUNO,2,0
NUESTRA SEÑORA DEL MONSERRAT,LIMA,2,0
COLEGIO MATEMATICO Y ECOLOGICO SAN RAFAEL,LIMA,2,0
FE Y ALEGRÍA 5,LIMA,2,0
BERNE,LIMA,2,0
BELLAVISTA,PASCO,2,0
CORAZON DE JESUS EL ROBLE,LIMA,2,1
INNOVA SCHOOLS,ANCASH,2,1
SIMON BOLIVAR,LIMA,2,1
VALLE HERMOSO,LIMA,2,1
TRILCE LOS OILIVOS,LIMA,2,0
ISAAC NEWTON HUARAL,LIMA,2,0
SACO OLIVEROS DE SAN CARLOS,LIMA,2,1
TRILCE - LOS OLIVOS,LIMA,2,1
VILLAS DE ANCON 898-8193,LIMA,2,0
SAN MARTIN DE PORRES 072,LIMA,2,0
3710 SAGRADOS CORAZONES,LIMA,2,0
ARTURO HONORES DE SAN MARTÍN,LIMA,2,0
SAN JOSE,LIMA,2,0
SANTA MARGARITA DE JESUS,LIMA,2,0
GOTTFRIED WILHELM LEIBNIZ,LIMA,2,0
TUPAC AMARU N°20902,LIMA,2,0
COLEGIO PEDRO VILCAPAZA,PUNO,2,0
I.E.P. SAN RAFAEL,LIMA,2,0
COLEGIO EMBLEMATICO MELITON CARBAJAL,LIMA,2,0
I.E. IMPERIO TAHUANTINSUYO 3049,LIMA,2,0
JULIO CESAR TELLO,LIMA,2,0
JERUSALEN,CALLAO,2,0
TORREBLANCA,LIMA,2,0
NIVEL A,LIMA,2,0
NICANOR RIVERA CACERES,LIMA,2,0
COLEGIO PRIVADO GARCILASO,LIMA,2,0
VISIÓN MUNDIAL,LIMA,2,0
CRISTO EL SALVADOR,LIMA,2,0
LUIS ALBERTO GARCÍA ROJAS,LIMA,2,1
CONSORCIO INGENIERIA PARRAL,LIMA,2,0
CORONEL BOLOGNESI,TACNA,2,1
C.T.E JESUS OBRERO,LIMA,2,0
REPUBLICA DE BOLIVIA,LIMA,2,0
7054,LIMA,2,1
FE Y ALEGRÍA N32,LIMA,2,0
COLEGIO EMBLEMATICO LA LIBERTAD,ANCASH,2,1
GUTEMBERG,LIMA,2,1
PLANTELES DE APLICACION GUAMAN POMA DE AYALA,AYACUCHO,2,0
BERTOLT BRECHT,JUNIN,2,0
CARLOS GUTIÉRREZ MERINO,LIMA,2,0
SANTA MARÍA PURÍSIMA,LIMA,2,0
3069 GENERALISIMO JOSE DE SAN MARTIN,LIMA,2,0
SAN PABLO DE TARSO,LIMA,2,0
SANTO DOMINGO,LIMA,2,0
BRUNO TERREROS,LIMA,2,1
COLEGIO PERUBIRF,PUNO,2,0
TERESA GONZALES DE FANNING,LIMA,2,2
LOS AMAUTAS,LIMA,2,0
COAR LIMA,LIMA,2,0
IEP ALFREDO REBAZA ACOSTA DE LOS JAZMINES,CALLAO,2,2
PEDRO VILCAPAZA ALARCON,PUNO,2,0
COLEGIO EMBLEMÁTICO ROSA DE SANTA MARÍA,LIMA,2,2
I.E REPUBLICA DEL ECUADOR,LIMA,2,1
SAN VICENTE DE PAUL,LIMA,2,1
CRISTO VICTORIOSO,CALLAO,2,0
GRAN AMAUTA DE MOTUPE,LIMA,2,0
2025 INMACULADA CONCEPCIÓN,LIMA,2,0
I.E ROMEO LUNA VICTORIA,LIMA,2,0
COLEGIO CESAR VALLEJO,LIMA,2,0
CIRO ALEGRÍA,CALLAO,2,0
JESÚS DE NAZARETH BELÉN,LIMA,2,1
IEP NUESTRA SEÑORA DEL ROSARIO,LIMA,2,0
SANTA ROSA DE LIMA PNP,PUNO,2,0
ALFA COMAS,LIMA,2,1
IE SAN FRANCISCO DE ASIS,HUANCAVELICA,2,0
TUNGASUCA,LIMA,2,0
SAN LUIS GONZAGA,ICA,2,0
REY DE REYES,AREQUIPA,2,0
MOISES COLONIA TRINIDAD,LIMA,2,1
IE SANTIAGO ANTUNEZ DE MAYOLO 6004,LIMA,2,1
I.E.P SAN VICENTE DE PAUL,LIMA,2,0
COLEGIO RODOLFO DIESEL,PUNO,2,0
PEDRO CORONADO ARRASCUE,LIMA,2,0
JOSÉ MARÍA ARGUEDAS - CARABAYLLO - UGEL 4,LIMA,2,0
I.E LA INMACULADA,UCAYALI,2,0
I.E. 2071 CESAR VALLEJO,LIMA,2,1
SAN ANTONIO,LIMA,2,0
8180 CELSO LINO RICALDI,LIMA,2,0
I.E.P DANIEL ALCIDES CARRIÓN,LIMA,2,1
MARÍA AUXILIADORA,JUNIN,2,0
HOSANNA,LIMA,2,0
COLEGIO NACIONAL VITARTE,LIMA,2,1
PAMER SALAMANCA,LIMA,2,1
COLEGIO SAN AGUSTÍN,LIMA,2,2
POLITECNICO REGIONAL LOS ANDES JULIACA,PUNO,2,1
COLEGIO SAN ISIDRO LABRADOR DE SANTA ANITA,LIMA,2,0
CORONE LADISLAO ESPINAR,CUSCO,2,0
SAN JUDAS TADEO CORAZONISTAS,LIMA,2,0
IEP NIÑO JESÚS DE PRAGA,JUNIN,2,1
I.E.E. MERCEDES CABELLO DE CARBONERA,LIMA,2,2
LOS OLIVOS,CALLAO,2,1
CORAZON DE JESUS,LIMA,2,1
2001 SANTA ROSA DE LIMA,LIMA,2,0
SAN ROQUE DE SAN DIEGO,LIMA,2,1
COLEGIO DE ALTO RENDIMIENTO JUNÍN,JUNIN,2,0
0073 BENITO JUAREZ,LIMA,2,0
COLEGIO SIMON BOLIVAR,PUNO,2,0
JUANXXXIII,LIMA,2,0
MARISCAL RAMON CASTILLA,HUANUCO,2,0
CAHUIDE,JUNIN,2,1
CEBA-FRANCISCO IZQUIERDO RIOS,SAN MARTIN,2,0
MATEO PUMACAHUA,CUSCO,2,0
ANA MARIA KAN,LIMA,2,0
HUMBOLDT SCHOOL,LIMA,2,0
IEPG CRISTIANIA,LIMA,2,0
FE Y ALEGRÍA 05,LIMA,2,1
REGINA PACIS,CALLAO,2,0
JESUS ES MI LUZ,CALLAO,2,0
SAN SEBASTIÁN,LIMA,2,0
MARISCAL TORIBIO DE LUZURIAGA,LIMA,2,0
INSTITUCION EDUCATIVA LA SALLE,PUNO,2,1
RICARDO PALMA 5099,CALLAO,2,0
THEGNOLOGY SCHOOLS,LIMA,2,0
I.E.PROYECTO INTEGRAL CHAVARRIA,LIMA,2,0
BLAISE PASCAL COLLEGE,LIMA,2,1
COAR SAN MARTIN,SAN MARTIN,2,2
I.E. VILLA LOS REYES,CALLAO,2,0
JORGE BASADRE GROHMAN,LIMA,2,0
HENRI LA FONTAINE,LIMA,2,0
IEE MELITON CARVAJAL,LIMA,2,1
JOSE CARLOS MARIATEGUI,LIMA,2,0
CEP SAN JUAN BOSCO,ANCASH,2,1
KOREB SCHOOL,LIMA,2,0
MARTIN ESQUICHA BERNEDO,LIMA,2,0
SAN VICENTE DE PAUL,LA LIBERTAD,2,0
HUMBERTO LUNA,CUSCO,2,1
ENRIQUE MILLA OCHOA,LIMA,2,1
COLEGIO TRILCE LA MOLINA,LIMA,2,0
SANTÍSIMO SALVADOR,LIMA,2,0
DANIEL ALOMIA ROBLES 113,LIMA,2,0
JOSÉ MARÍA ARGUEDAS 7081,LIMA,2,0
CEP LOS SIERVOS DE JESÚS,LIMA,2,0
PEDRO ADOLFO LABARTHE EFFIO,LIMA,2,0
PRESENTACIÓN DE MARÍA,LIMA,2,0
BERTOLT BRECHT BREZING,LIMA,2,0
ROMA,LIMA,2,2
I.E. JOSE JIMENEZ BORJA 1001 CERCADO DE LIMA,LIMA,2,0
ENRIQUE GUZMAN Y VALLE,PUNO,2,1
GÓMEZ ARIAS DÁVILA,HUANUCO,2,0
PAMER PARACAS,LIMA,2,1
ROSARIO DEL SOLAR,LIMA,2,0
3052,LIMA,2,0
1260 EL AMAUTA,LIMA,2,0
JOSÉ FAUSTINO SÁNCHEZ CARRIÓN,LIMA,2,1
BELEN,LIMA,2,0
I.E.P. DESPERTAR,LIMA,2,1
ISABEL CHIMPU OCLLO,LIMA,2,0
I.E. SANTO DOMINGO DE GUZMÁN CARABAYLLO,LIMA,2,1
TUPAC AMARU PNP,LIMA,2,0
IE RAMON CASTILLA,LIMA,2,0
NUESTRA SEÑORA DE COPA CABANA,LIMA,2,0
VALLE SAGRADO,CUSCO,2,1
I.E 20955-22,LIMA,2,0
3701 FE Y ALEGRIA N1,LIMA,2,0
I.E. ABRAHAM VALDELOMAR,LIMA,2,1
JOSE FAUSTINO SANCHEZ CARRION,LIMA,2,0
PAMER IZAGUIRRE,LIMA,2,1
CEBA 0137 MIGUEL GRAU SEMINARIO,LIMA,2,0
AURORA INES TEJADA,APURIMAC,2,0
SANTIAGO ANTÚNEZ DE MAYOLO,LIMA,2,1
CRISTO MORADO,LIMA,2,1
SACO OLIVEROS DE NUEVO SAN JUAN,LIMA,2,0
MIXTO LA MOLINA,LIMA,2,0
FE Y ALEGRÍA NRO 59,CALLAO,2,1
LA FE DE MARÍA,LIMA,2,1
INMACULADA CONCEPCIÓN 2025,LIMA,2,0
SAN VICENTE DE PAUL,ICA,2,0
ANGÉLICA RECHARTE,LIMA,2,0
INSTITUCIÓN EDUCATIVA PRIVADA BARTON,LIMA,2,0
LOS LIBERTADORES DE AYACUCHO,LIMA,2,0
GOOD PEOPLE,LIMA,2,0
1174 VIRGEN DEL CARMEN,LIMA,2,0
NEWTON SAN DIEGO,LIMA,2,1
EMBLEMÁTICA DIVINA PASTORA,PASCO,2,0
SALESIANOS AYACUCHO,AYACUCHO,2,1
CIENCIAS,AYACUCHO,2,1
LOS ÁLAMOS,LIMA,2,1
FRANCISCO BOLOGNESI CERVANTES 5123,CALLAO,2,1
LA RECOLETA DE LOS OLIVOS,LIMA,2,1
JAVIER PEREZ DE CUELLAR,LIMA,2,0
UNIVERSITY COLLEGE,LIMA,2,0
SANTO DOMINGO EL APOSTOL,LIMA,2,0
HIGH SCHOOL BABY KINDER,LIMA,2,0
IEP REINO DE LOS CIELOS,LIMA,2,0
EXCELENCIA COLLEGE,LAMBAYEQUE,2,0
NICANOR REATEGUI DEL AGUILA,SAN MARTIN,2,1
5177 ALAMEDA DEL NORTE,LIMA,2,0
PEDRO NOLASCO,ANCASH,2,1
CÉSAR VALLEJO,PUNO,2,0
MENTOR SCHOOLS CANTO GRANDE,LIMA,2,0
I.E.P VIRGEN MILAGROSA,LIMA,2,0
CAPITÁN ALIPIO PONCE VASQUEZ,LIMA,2,1
LA INMACULADA JUANJUI,SAN MARTIN,2,0
NUESTRA SEÑORA DE LAS MERCEDES,LIMA,2,0
I.E.P NUESTRA SEÑORA DE COPACABANA,LIMA,2,0
POW SANG,ICA,2,0
THOMAS ALVA EDISON,LIMA,2,0
BLAS PASCAL,LIMA,2,0
8184 SAN BENITO,LIMA,2,0
COLEGIO EMBLEMATICO JOSE ANTONIO ENCINAS,PUNO,2,1
LOS ANGELES DE SAN MARTIN DE PORRES,LIMA,2,0
I.E LIBERTADOR JOSE DE SAN MARTIN,LIMA,2,2
CRUZ SACO SAN JUAN,CALLAO,2,0
LICEO NAVAL CONTRALMIRANTE LIZARDO MONTERO,CALLAO,2,1
ALEXANDER GRAHAM BELL,LIMA,2,0
INGENIEROS SCHOOL,LIMA,2,0
FE Y ALEGRÍA 37,LIMA,2,0
PERU BIRF,PUNO,2,0
SANTA MARIA REYNA,CALLAO,2,0
2026 SAN DIEGO,LIMA,2,0
GLORIOSO 10 DE OCTUBRE,LIMA,2,1
MARÍA MONTESSORI DE COPACABANA,LIMA,2,0
WILLIAM SHAKESPEARE DE CARAPONGO,LIMA,2,0
I.E. FE Y ALEGRÍA 2,LIMA,2,1
SANTO DOMINGO DEL APOSTOL,LIMA,2,1
I.E.P LUIS.E.GALVAN,LIMA,2,0
MI NUEVO PERU,LIMA,2,1
SANTIAGO ANTUNEZ DE MAYOLO,JUNIN,2,0
SAN AGUSTÍN,HUANUCO,2,1
ATENEO DE LA MOLINA,LIMA,2,0
GENES SMP,LIMA,2,0
FE Y ALEGRIA N°39,LIMA,2,0
I.E.P. VIRGEN DE GUADALUPE,LIMA,2,0
TECNICO 6066,LIMA,2,0
15311,LIMA,2,0
I.E RAMIRO PRIALE 7079,LIMA,2,0
DE JESUS,LIMA,2,1
JESÚS REPARADOR,LIMA,2,0
COLEGIO SANTA MONICA,PUNO,2,0
AVANTGAR,LIMA,2,1
NUESTRA SEÑORA DEL PERPETUO SOCORRO,AMAZONAS,2,0
I.E.P. LOS PROFESORES PERUANOS,LIMA,2,0
SULPICIO GARCIA PEÑALOZA,LIMA,2,1
COLEGIOS NUESTRA SEÑORA DE MONSERRAT,LIMA,2,0
COLEGIO TRILCE CHORRILLOS,LIMA,2,1
I. E. ARGENTINA,LIMA,2,0
ALBERT EINSTEIN,PASCO,2,0
I.E SANTA EDELMIRA,LA LIBERTAD,2,0
PITÁGORAS VERDE,LIMA,2,1
EL ALBA MAX PLANCK,LIMA,2,0
SACO OLIVEROS - SEDE SAN CARLOS,LIMA,2,0
JESUS EDUCADOR DE LAS TORRES,LIMA,2,0
HERNAN BUSSE DE LA GUERRA,LIMA,2,2
FRAY PEDRO URRACA,LIMA,2,0
166 KAROL WOJTYLA,LIMA,2,0
COLEGIO PARROQUIAL MARIA REYNA,LIMA,2,0
I.E. 3037 GRAN AMAUTA,LIMA,2,0
PRESENTACION DE MARIA,LIMA,2,0
JUAN VELASCO ALVARADO 171-1,LIMA,2,0
SHALOOM,LIMA,2,0
IEP NUESTRA SEÑORA DE COPACABANA,LIMA,2,0
1140 AURELIO MIRO QUESADA SOSA,LIMA,2,0
I.E.P CIENCIAS,HUANUCO,2,1
APOSTOL SAN PEDRO I.E.P.,LIMA,2,0
CV.INGENIEROS TRES HORIZONTES,LIMA,2,0
MARCELINO CHAMPAGNAT,LIMA,2,0
NIKOLA TESLA,LIMA,2,0
SUPLICIO GARCÍA PEÑALOZA,LIMA,2,1
ROSA DOMINGA PEREZ LIENDO,LIMA,2,0
CONSORCIO EDUCATIVO INGENIERÍA,LIMA,2,0
ANTONIO RAIMONDI,ICA,2,0
IMPERIO DEL TAHUANTISUYO 3049,LIMA,2,0
IEPQ SAN VICENTE FERRER,LIMA,2,0
CIBERT - UNI,LIMA,2,0
I.E. PRESENTACIÓN DE MARIA N°41,LIMA,2,0
I.E.P. LEONARD EULER,LIMA,2,1
SAN JUAN,LIMA,2,0
PERUANO AMÉRICANO,LIMA,2,1
I.E. 2009 FE Y ALEGRIA 2,LIMA,2,0
133 JULIO CESAR TELLO,LIMA,2,1
I.E INDUSTRIAL LUCYANA,LIMA,2,0
I.E. 00500 GERMÁN ROJAS VELA,SAN MARTIN,2,1
DIVINA MISERICORDIA DE COMAS,LIMA,2,0
PEDRO PAULET MOSTAJO,LIMA,2,0
IEP JUAN PABLO PEREGRINO,LIMA,2,0
I.E 3510 SAN ANTONIO DE PADUA TRAPICHE,LIMA,2,0
SAN AGUSTÍN DE LOS SAIRES DE OQUENDO,CALLAO,2,0
HONORES DE LAS FLORES,LIMA,2,0
JEAN PIAGET,LIMA,2,1
SANTIAGO ANTÚNEZ DE MAYOLO,JUNIN,2,0
I.E.P. SAN FRANCISCO SOLANO,LIMA,2,0
LICEO NAVAL CAPITÁN DE NAVÍO LUIS GERMÁN ASTETE,CALLAO,2,1
AMAUTA,LIMA,2,0
ROSA DE LIMA,JUNIN,2,0
I.E BETA,LIMA,2,0
I.E RAMON CASTILLA,LIMA,2,1
TRENTO VENTANILLA,CALLAO,2,0
GALILEOGALILEI,LIMA,2,0
IEP DIOS ES AMOR,LIMA,2,2
SAN MIGUEL ARCANGEL,LIMA,2,0
1263 PURUCHUCO,LIMA,2,0
5143 ESCUELA DE TALENTOS,CALLAO,2,0
I.E. SANTA ROSA 6094,LIMA,2,0
MARKO JARA SHENONE,LIMA,2,0
VISTA ALEGRE 3088,LIMA,2,0
CARL FRIEDRICH GAUSS,CAJAMARCA,2,1
I.E.E ALFONSO UGARTE,LIMA,2,1
SANTA ROSA DE ANDAHUAYLAS,APURIMAC,2,0
LA RIBERA,LIMA,2,0
MANUEL GONZÁLEZ PRADA,PASCO,2,0
IE 046 LOS LIBERTADORES DE AYACUCHO,LIMA,2,0
IEP NIÑO DE BELEN,LIMA,2,0
EL DIVINO MAESTRO,LIMA,2,0
NUESTRA SEÑORA DE FÁTIMA,LIMA,2,1
I. E. E. RICARDO BENTIN,LIMA,2,1
MONSERRAT-SEDE VILLASOL,LIMA,2,0
REPÚBLICA FEDERAL DE ALEMANIA,LIMA,2,1
IE AUGUSTO SALAZAR BONDY,LIMA,2,0
MANUEL GONZALES PRADA 6068,LIMA,2,0
REINO DE ESPAÑA,LIMA,2,0
I.E.E. VENTURA CCALAMAQUI,LIMA,2,1
INSTITUCIÓN EDUCATIVA AUGUSTO B. LEGUÍA,LIMA,2,0
MONTE SINAI,LIMA,2,1
SANTA ANITA,LIMA,2,1
NUESTRA SRA. DE LA CONSOLACION,LIMA,2,0
P.C.N.B.R NUESTRA SEÑORA DE GUADALUPE,LIMA,2,0
INGENIERÍA OQUENDO,CALLAO,2,1
JOSE ABELARDO QUIÑONES DE LURIN,LIMA,2,0
I.E.P SAN CARLOS,LIMA,2,1
JOSÉ CARLOS MARIÁTEGUI 7265,LIMA,2,1
VIRGEN PEREGRINA DEL ROSARIO,LIMA,2,1
SANTÍSIMA VIRGEN DE LAS MERCEDES,LIMA,2,0
GRAN UNIDAD ESCOLAR SAN CARLOS PUNO,PUNO,2,1
EVERARDO ZAPATA SANTILLANA,AREQUIPA,2,0
APEIRON,LIMA,2,1
NUESTRA SEÑORA DEL CARMEN,JUNIN,2,0
I.E ARGENTINA,LIMA,2,1
DANIEL ALCIDES CARRION,CALLAO,2,1
TRILCE SEDE PRO,LIMA,2,1
SACO OLIVEROS-APEIRON,CALLAO,2,0
WILLIAN SHAKESPEARE DE CARAPONGO,LIMA,2,0
INSTITUCIÓN EDUCATIVA SAN FELIPE,LIMA,2,1
MARIA INMACULADA CONCEPCIÓN,LIMA,2,0
1256 ALFONSO UGARTE,LIMA,2,0
COLEGIO INGENIERIA DE CARMELITAS,LIMA,2,0
CARLOS NORIEGA JIMÉNEZ,LIMA,2,1
CARLOS NORIEGUA JIMENEZ,LIMA,2,1
SAN ISIDRO EL LABRADOR,LIMA,2,0
MARÍA AUXILIADORA,LIMA,2,0
VIRGEN DE FÁTIMA,CALLAO,2,0
PAUL GROUSSAC DE COMAS,LIMA,2,1
787 ALMIRANTE MIGUEL GRAU,LIMA,2,0
MARIA REINA DE CORAZONES,CALLAO,2,0
MELGAR MILLENIUM,LIMA,2,0
INGENIERÍA DE LA ENSEÑANZA,LIMA,2,2
072 SAN MARTIN DE PORRES,LIMA,2,1
JUAN CRONIQUEUR APPU,LIMA,2,0
EL MUNDO DE LOS NIÑOS,LIMA,2,1
I.E.P NUESTRA SEÑORA DEL CARMEN,CAJAMARCA,2,0
I.E. INDUSTRIAL LUCYANA,LIMA,2,0
PROLOG - COMAS,LIMA,2,0
SANTA TERESITA DE JESUS,LIMA,2,0
COLEGIO NUESTRA SEÑORA DE MONSERRAT,LIMA,2,0
LATINO,LIMA,2,1
INYARI,LIMA,2,1
6152 STELLA MARIS,LIMA,2,0
ANDRES DE LOS REYES,LIMA,2,0
CRISTO REY SALVADOR,LIMA,2,0
AURELIO BALDOR,LIMA,2,0
MATEMATICO CATOLICO SAN JUAN,LIMA,2,1
COLEGIO NACIONAL DE PUNCHAO,HUANUCO,2,0
JESUS EL NAZARENO,LIMA,2,0
COLEGIO PRE UNI,LIMA,2,1
I.E. JOSE CARLOS MARIATEGUI LA CHIRA 3045,LIMA,2,0
LOS JAZMINES,LIMA,2,0
NIÑO JESÚS,TUMBES,2,0
7069 CESAR VALLEJO,LIMA,2,0
TALENTUS SCHOOL,LIMA,2,2
IEE JOSÉ GRANDA,LIMA,2,0
I.E. HERMAN BUSSE DE LA GUERRA 2095,LIMA,2,0
POLITECNICO DE VENTANILLA 5086,CALLAO,2,0
I.E. ESTADOS UNIDOS,LIMA,2,0
3052 TECNICO,LIMA,2,1
FE Y ALEGRIA 43 LA SALLE,CALLAO,2,0
COLEGIO NUEVO PERU,PUNO,2,0
HANS CHRISTIAN,LIMA,2,0
I.E RAMÓN ESPINOZA,LIMA,2,0
6090 JOSÉ OLAYA BALANDRA,LIMA,2,0
I.E. JUAN VELASCO ALVARADO 171-01 UGEL 05,LIMA,2,0
DON BOSCO,LIMA,2,0
INDUSTRIAL,APURIMAC,2,1
I.E.P SANTA TERESA DE JESÚS,LIMA,2,1
INSTITUCION EDUCATIVA INTEGRADA 32629 LA PUNTA,HUANUCO,2,0
I.E MIGUEL ARCÁNGEL,LIMA,2,1
CARDANO VIETA INGENIEROS,LIMA,2,0
LA MERCED,LIMA,2,0
GALENO LIMA SUR,LIMA,2,1
SACO OLIVEROS-VILLASOL,LIMA,2,1
FE Y ALEGRIA N°2,LIMA,2,0
IE LOS JAZMINES DEL NARANJAL,LIMA,2,0
COLEGIO PARROQUIAL FRANCISCANO SAN ROMAN,PUNO,2,0
NUESTRA SÑRA DE COPACABANA,LIMA,2,1
VIRGEN DEL CARMEN DE MANCHAY,LIMA,2,0
2067 LEONCIO PRADO,LIMA,2,0
SAN ROMÁN,PUNO,2,0
LUZ DEL SABER,JUNIN,2,1
I.E. AGROPECUARIO 108,PUNO,2,0
CASABLANCA DE JESUS,LIMA,2,0
GAKUSEI,LIMA,2,1
COLEGIO PARROQUIAL SAN NORBERTO,LIMA,2,0
SAGRADO CORAZÓN DE JESÚS,JUNIN,2,1
ANA MARIA JAVOUHEY,CALLAO,2,0
ENRIQUE CAMINO BRENT,LIMA,2,1
SANTA CRUZ,LIMA,2,0
CIBERT UNI-BARBADILLO -ATE,LIMA,2,0
ESCUELA HOGAR COMUNITARIA REGIONAL SAGRADA FAMILIA,CALLAO,2,0
I.E. SANTÍSIMA TRINIDAD 3719,LIMA,2,0
CATOLICA,LIMA,2,0
I.E. 2037 CIRO ALEGRIA,AMAZONAS,2,0
JUAN PABLO PEREGRINO DE LA PAZ,LIMA,2,0
HOGAR INFANTIL,LIMA,2,0
IEE 1182 EL BOSQUE,LIMA,2,1
ANDRÉS AVELINO CÁCERES DORREGARAY 30637,JUNIN,2,0
SACO OLIVEROS HUANCAYO,JUNIN,2,0
NEWTON,JUNIN,2,0
LA SALLE BREÑA,LIMA,2,0
LEONARDO FIBONACCI,LIMA,2,1
SAN MARCO,LIMA,2,0
5125 LAS CASUARINAS,CALLAO,2,0
AUGUSTO N WISSE,LIMA,2,0
FLORENCE NIGHTINGALE,CALLAO,2,1
I. E. SANTA MARIA GORETTI 0059,LIMA,2,0
IEN 0142 MÁRTIR DANIEL ALCIDES CARRION,LIMA,2,0
PAYEX,PUNO,2,0
I.E.P SANTA MARÍA DEL CAMINO,LIMA,2,0
HERMAN BUSSE DE LA GUERRA,LIMA,2,0
UNIÓN LOS OLIVOS,LIMA,2,1
ANDRES A.CACERES-MORAN LIRIO,CAJAMARCA,2,1
JOSE MARIA ARGUEDAS,APURIMAC,2,0
NUESTRA SEÑORA DEL ROSARIO DEL RIMAC,LIMA,2,0
PANAMERICANA,CALLAO,2,0
MARÍA GORETTI,LIMA,2,0
SALESIANO DON BOSCO,PIURA,2,1
SAN AGUSTIN 2085,LIMA,2,1
4010 HERMANOS RAFAEL Y EMILO GOMEZ PAQUIYAURI,LIMA,2,1
VENTURA CCALAMAQUI,LIMA,2,1
I.E SANTA ROSA DE QUIVES N 108,LIMA,2,0
COLEGIO ADVENTISTA FERNANDO STAHL,PUNO,2,0
SAN IGNACIO,PUNO,2,0
MANUEL GONZALES PRADA,LIMA,2,0
NESTOR ESCUDERO OTERO,LIMA,2,2
I.E.P. MAGISTER,LIMA,2,0
COLEGIO GENES SMP,LIMA,2,0
RAUL PORRAS BARRENECHEA,LIMA,2,0
I.E FE Y ALEGRÍA N° 24,LIMA,2,0
LA SORBONA CAMPOY,LIMA,2,0
I.E LUIS ALBERTO SANCHEZ,LIMA,2,0
INSTITUCION EDUCATIVA PARROQUIAL CRISTINA BEATRIZ,LIMA,2,0
MASTERCIENCIA,LIMA,2,0
ALCIDES VIGO HURTADO,LIMA,2,0
I.E TORREBLANCA,LIMA,2,1
I.E.E SAN JUAN,LIMA,2,0
ALAMEDA DEL NORTE,LIMA,2,0
PERU EEUU 6062,LIMA,2,0
FRACTAL,LIMA,2,0
TERESA DE LOS REYES,LIMA,2,0
2055 PRIMERO DE ABRIL,LIMA,2,1
NUEVO HORIZONTE,PUNO,2,0
SACO OLIVEROS,CAJAMARCA,2,0
LA VERDAD,CUSCO,2,0
I.E.I PUERTO LAGUNA,PASCO,2,0
REPUBLICA DE IRLANDA,LIMA,2,1
JOSE ANTONIA ENCINAS,PUNO,2,0
I.E.P. CARPE DIEM,LIMA,2,0
2090 VIRGEN DE LA PUERTA,LIMA,2,0
PRESENTACIÓN DE MARÍA N° 41,LIMA,2,1
I.E SAN FELIPE - COMAS,LIMA,2,0
I E SAN JUAN BAUTISTA,PASCO,2,1
6064 FRANCISCO BOLOGNESI,LIMA,2,0
I.E.P DANIEL ALCIDES CARRION,LIMA,2,0
I.E.P EMANUEL,LIMA,3,0
VIRGEN DE LA ASUNCION,LIMA,3,0
ANA MARÍA KAN,LIMA,3,1
HÉROES DE SAN JUAN 7061,LIMA,3,1
SANTO DOMINGO DE GUZMAN LAS FLORES,LIMA,3,0
IEA BRASIL,LIMA,3,0
LEONARDO DA VINCI,AYACUCHO,3,1
I.E.P SAN VICENTE FERRER,LIMA,3,2
TRADICIONISTA RICARDO PALMA SORIANO,LIMA,3,0
SAN FRANCISCO JAVIER,LIMA,3,2
TNTE. CRNL. ALFREDO BONIFAZ FONSECA,LIMA,3,1
NUESTRA SEÑORA DE LA ASUNCIÓN,LIMA,3,0
JHON FITZGERALD KENNEDY,LIMA,3,1
AUGUSTO SALAZAR BONDY N 88047,ANCASH,3,1
3014 LEONCIO PRADO,LIMA,3,0
ALFA GROUP,LIMA,3,1
PERUANO CANADIENSE,ICA,3,1
JAVIER PÉREZ DE CUELLAR,LIMA,3,0
SAN MARTIN DE PORRES,LIMA,3,1
SAN PATRICIO DEL NORTE,LIMA,3,1
COAR,ANCASH,3,1
CONSORCIO FK,CALLAO,3,0
HUELLITAS DE JESUS PEDRO PAULET,LIMA,3,0
POLITÉCNICO REGIONAL LOS ANDES,PUNO,3,0
IE 2026 SAN DIEGO,LIMA,3,1
INSTITUCIÓN EDUCATIVA PRIVADA PLAY SCHOOL,LIMA,3,0
LA CATOLICA,LIMA,3,0
I.E.LOS NATURALES,LIMA,3,0
EMANUEL,JUNIN,3,0
0071 NUESTRA SEÑORA DE LA MERCED,LIMA,3,0
SANTA ANA,LIMA,3,1
JOSE ABELARDO QUIÑONES GONZALES,LIMA,3,0
SAN MARTIN DE PORRAS,ICA,3,0
PAUL GROUSSAC,LIMA,3,1
SANTA MARIA DE JESÚS,LIMA,3,0
MI AMIGO JESUS,LIMA,3,0
NUESTRA SEÑORA DE LA MISERICORDIA3720,CALLAO,3,0
HERMANO ANSELMO MARIA,LIMA,3,0
LA SALLE 5135,CALLAO,3,1
TARPUY,LIMA,3,0
SAN MARCOS,LIMA,3,1
ANGLO AMERICANO,LIMA,3,0
TECHNOLOGY SCHOOLS DE NARANJAL,LIMA,3,0
JUAN PABLO II,LIMA,3,0
CEBA SAN CRISTOBAL,ICA,3,1
CRISTIAN HUYGENS,LIMA,3,1
20955-15,LIMA,3,1
SANTA ROSA DE LIMA,LIMA,3,0
JOSÉ MARÍA ARGUEDAS,JUNIN,3,0
LOS PINOS 5179,LIMA,3,1
CRUZ SACO,CALLAO,3,1
SAN AGUSTÍN DE ANTARES,LIMA,3,0
COLEGIO MATEMATICO HONORES EL PINAR,LIMA,3,0
FRANCISCO BOLOGNESI,LIMA,3,0
134 MARIO FLORIAN,LIMA,3,0
SIGMA,PUNO,3,1
SAN JOSE,ANCASH,3,1
DOMINGO ELIAS,LIMA,3,1
VIRGEN DOLOROSA,SAN MARTIN,3,2
ALFONSO UGARTE 1071,LIMA,3,0
JOSÉ MARÍA ARGUEDAS 2027,LIMA,3,0
PARROQUIAL FRANCISCANO SAN ROMÁN,PUNO,3,0
FRANCISCA MARÍA RUIZ VILLAR,LAMBAYEQUE,3,1
MANUEL ASCENCIO SEGURA,LIMA,3,0
INGENIERIA DE LA ENSEÑANZA,LIMA,3,2
HEROES DEL CENEPA N° 130,LIMA,3,0
NUEVO PITAGORAS,LIMA,3,0
REINA DEL SANTÍSIMO ROSARIO,ICA,3,0
I.E.P. LOS INGENIEROS,LIMA,3,1
TALENTOS,JUNIN,3,1
FRANCISCANO SAN ROMAN,PUNO,3,1
PAMER - REPÚBLICA DE CHILE,LIMA,3,1
0086 JOSE MARIA ARGUEDAS,LIMA,3,0
JESUS Y MARIA 0028,LIMA,3,0
2070 NUESTRA SEÑORA DEL CARMEN,LIMA,3,0
JESÚS SACRAMENTADO,LIMA,3,0
NUEVO PERU,LIMA,3,0
SOR ANA DE LOS ANGELES,LIMA,3,0
6070 HEROES DEL ALTO CENEPA,LIMA,3,0
I.E. 2027 JOSÉ MARÍA ARGUEDAS,LIMA,3,1
COLEGIO NACIONAL DE VITARTE,LIMA,3,0
RAÚL PORRAS BARRENECHEA,LIMA,3,1
SOR ANA DE LOS ALAMOS,LIMA,3,0
JUAN PABLO SCHOOL,LIMA,3,0
SANTA ISABEL,JUNIN,3,0
SALESIANO ROSENTHAL DE LA PUENTE,LIMA,3,0
CONSUELO VALLEJOS,LIMA,3,0
PITÁGORAS,APURIMAC,3,1
TRILCE,AREQUIPA,3,0
JACANTAYA,PUNO,3,0
I.E.P MASTERCIENCIA,LIMA,3,1
CER SANTA CATALINA,PUNO,3,0
HIPOLITO UNANUE,LIMA,3,0
GRAN UNIDAD ESCOLAR LAS MERCEDES,PUNO,3,0
ALEXANDER VON HUMBOLDT,LIMA,3,1
IEP SAN ANTONIO DE PADUA,LIMA,3,1
BELEN DE OSMA Y PARDO,APURIMAC,3,1
MARYLAND BILINGUAL HIGH SCHOOL,LIMA,3,0
AUGUSTO B.LEGUIA,LIMA,3,0
3074 PEDRO RUIZ GALLO,LIMA,3,0
LICEO NAVAL CAPITAN DE CORBETA MANUEL CLAVERO MUGA,CALLAO,3,1
REPÚBLICA DE BOLIVIA,LIMA,3,1
JOSE BUENAVENTURA SEPULVEDA,LIMA,3,1
SAN JUAN DE LA FRONTERA,AYACUCHO,3,0
COLEGIO MONSERRAT,LIMA,3,2
SIMON BOLIVAR,MOQUEGUA,3,0
SACO OLIVERO,LIMA,3,0
JOSE CARLOS MARIATEGUI 2048,LIMA,3,0
UNIÓN,JUNIN,3,0
COLEGIO 0168 AMISTAD PERÚ - JAPÓN,LIMA,3,1
IE PNP PRECURSORES DE LA INDEPENDENCIA NACIONAL,LIMA,3,2
COLEGIO EXPERIMENTAL DE APLICACIÓN DE LA UNE,LIMA,3,0
LA CATÓLICA,LIMA,3,1
NUESTRA SEÑORA DEL ENCUENTRO,LIMA,3,0
SAN ANTONIO DE HUAMANGA,AYACUCHO,3,0
COOPERATIVA SAN FELIPE,LIMA,3,0
COLEGIO UNIÓN DE ÑAÑA,LIMA,3,0
COLEGIO INGENIERÍA,LIMA,3,0
BARTOLOMÉ HERRERA,LIMA,3,0
I.E.P. NUESTRA SEÑORA DEL CARMEN,LIMA,3,0
SANTA MARÍA DE PACHACÚTEC,CALLAO,3,0
SAN PEDRO Y SAN PABLO,LIMA,3,1
I.E.P. ALFRED NOBEL,LIMA,3,0
MIXTO HUAYCAN,LIMA,3,0
ALCIDES SPELUCIN VEGA,CALLAO,3,1
JORGE BASADRE,AMAZONAS,3,0
JESÚS OBRERO,LIMA,3,1
GUSTAVO MOHME LLONA,LIMA,3,0
MARKHAM SUR,LIMA,3,0
JOSÉ ANTONIO ENCINAS,LIMA,3,2
6049 RICARDO PALMA,LIMA,3,1
TRILCE VILLA EL SALVADOR,LIMA,3,2
I.E.P INMACULADA CONCEPCIÓN,LIMA,3,0
I.E SAN FELIPE,LIMA,3,1
ABEL TORO CONTRERAS,LA LIBERTAD,3,0
ROBERT HOOKE,LIMA,3,0
SEMINARIO JESUS MARIA,AMAZONAS,3,1
CONSORCIO SAN ROQUE,LIMA,3,2
IVAN PAVLOV,LIMA,3,0
JOSE GALVEZ EGUZQUISA,APURIMAC,3,1
EVARISTO GALOIS,LIMA,3,1
VIRGEN DE FÁTIMA,LIMA,3,1
DIEGO THOMSON,LIMA,3,1
TOMAS ARIETA,LIMA,3,1
VIRGEN DEL CAMINO,LIMA,3,0
I.E AUGUSTO B LEGUIA,LIMA,3,0
TUPAC AMARU,LIMA,3,1
SOPHIANUM,LIMA,3,1
NUESTRA SEÑORA DEL BUEN CONSEJO,LIMA,3,1
PEDRO E. PAULET,LIMA,3,0
2032 MANUEL SCORZA TORRES,LIMA,3,1
VIRGEN DE FÁTIMA 50-51,CALLAO,3,2
ITALO PERUANO ENRICO FERMI,AREQUIPA,3,0
JAMES BALDWIN,PUNO,3,0
NIÑO JESUS DE PRAGA,LIMA,3,1
GRAN BRETAÑA 3056,LIMA,3,1
LA SALLE,LIMA,3,0
SAN JUAN DE DIOS TODOPODEROSO,CALLAO,3,1
2050 REPUBLICA DE ARGENTINA,LIMA,3,1
PITAGORAS,JUNIN,3,0
JULIO C. TELLO,ICA,3,0
M.P.LL 0029,LIMA,3,0
SAN JUAN BAUTISTA 2055,LIMA,3,1
I.E.E. MIGUEL GRAU,APURIMAC,3,1
COLEGIO MATEMATICO SANTISIMA MARIA,LIMA,3,0
PEDRO PAULET,LIMA,3,1
IEP SACO OLIVEROS EL RETABLO,LIMA,3,0
JUAN XXIII,LIMA,3,1
139 GRAN AMAUTA MARIATEGUI,LIMA,3,2
I.E. DOS DE MAYO,APURIMAC,3,1
I.E VIRGEN DEL ROSARIO,LIMA,3,0
PITÁGORAS NIVEL A,APURIMAC,3,0
JOSÉ MARÍA ARGUEDAS- CHIRINOS,CAJAMARCA,3,0
EL NAZARENO,LAMBAYEQUE,3,1
JOSE CARLOS MARIATEGUI N°2048,LIMA,3,1
SAN AGUSTÍN DE LOS SAIRES,CALLAO,3,0
JESÚS EDUCADOR,LIMA,3,0
CRISTO REDENTOR,LIMA,3,0
VANGUARD SCHOOLS,LIMA,3,2
I.E ALFONSO UGARTE,PASCO,3,0
JOSE DEL CARMEN MARIN ARISTA,LIMA,3,1
DANIEL ALCIDES CARRION,LIMA,3,1
JOSÉ QUIÑONES,LIMA,3,0
HONORES DE OQUENDO,CALLAO,3,0
HUAYCAHUACHO,AYACUCHO,3,1
SAN JUAN DE LA SALLE,LIMA,3,0
MARTIR DE LA MEDICINA,LIMA,3,0
DIVINO SEMBRADOR,LIMA,3,1
I.E.P LUISA ASTRAIN,CALLAO,3,1
5093 ANTONIO RAYMONDI,CALLAO,3,2
JOSÉ MARIA ARGUEDAS,LIMA,3,0
I.E SAN ANTONIO DE PADUA,LIMA,3,1
LICEO SAN AGUSTÍN,LIMA,3,0
ERICH KRAMM,LIMA,3,1
MANUEL GONZALES PRADA 0089,LIMA,3,1
LINCOLN DE VILLA,LIMA,3,0
ALFONSO UGARTE 6041,LIMA,3,0
0086 JOSÉ MARÍA ARGUEDAS,LIMA,3,0
FRANCISCO BOLOGNESI CERVANTES,LIMA,3,1
IEP SAN VICENTE,LIMA,3,1
ANTON MAKARENKO,LIMA,3,0
PATRÓN SANTIAGO DE YANACA,LIMA,3,0
SAN ISIDRO LABRADOR,LIMA,3,1
SAN NICOLAS DE TOLENTINO,LIMA,3,2
CESAR ABRAHAM VALLEJO MENDOZA,HUANCAVELICA,3,1
SALESIANO TÉCNICO DON BOSCO,JUNIN,3,1
THALES LAS COLINAS,CALLAO,3,0
SAN IGNACIO DE LOYOLA,CUSCO,3,0
PERUANO SUIZO,PASCO,3,1
LICEO SANTO DOMINGO DE GUZMÁN,LIMA,3,0
DANIEL ALCIDES CARRIÓN,LIMA,3,0
IEP ARQUIMEDES,LIMA,3,0
APÓSTOL SAN PEDRO,LIMA,3,1
SANTA MARÍA DEL ROSARIO DE TABLADA DE LURÍN,LIMA,3,0
MARIANO EDUARDO DE RIVERO Y USTARÍZ,AREQUIPA,3,0
B. GROUP,CALLAO,3,0
MUNDIAL SCHOOL,LIMA,3,0
COLEGIO REGIONAL POLITECNICO LOS ANDES,PUNO,3,0
SAN AGUSTIN,HUANUCO,3,0
I.E 2061 SAN MARTIN DE PORRES,LIMA,3,2
IEP MARIA RAFOLS,LIMA,3,0
SAN JUAN BOSCO,AYACUCHO,3,1
CORONEL CORTEGANA,CAJAMARCA,3,1
I.E.P SAN JUAN BAUTISTA,LIMA,3,0
MIGUEL DE CERVANTES,LIMA,3,0
LOS PEREGRINOS,LIMA,3,1
HENRI MENARD,LIMA,3,1
HEROES DEL CENEPA,LIMA,3,1
TECHNOLOGY SCHOOLS DE INDEPENDENCIA,LIMA,3,0
TALENTUS SCHOOL,CALLAO,3,0
TUPAC AMARU 3055,LIMA,3,0
BALDOR,CALLAO,3,0
COLEGIO NACIONAL IQUITOS,LORETO,3,0
EL BOSQUE 1182,LIMA,3,0
SAN VICENTE DE PAUL,PUNO,3,2
I. E. P SAN FRANCISCO DE CARHUAMAYO,JUNIN,3,0
I.E.P NIÑO JESÚS DE PRAGA,LIMA,3,0
20874,LIMA,3,0
GRACIAS JESÚS,LIMA,3,0
MIGUEL GRAU N° 40479,AREQUIPA,3,0
TALAVERA DE LA REYNA,APURIMAC,3,1
MICAELA BASTIDAS,LIMA,3,0
CATOLICA HIGH SCHOOL,LIMA,3,1
HÉROES DEL PACÍFICO,CALLAO,3,0
SAN FRANCISCO DE ASIS,LIMA,3,0
TRILCE CHORRILLOS H2,LIMA,3,0
COLEGIO INCA GARCILASO DE LA VEGA,LIMA,3,0
PEDRO RUIZ GALLO,LIMA,3,1
VICTOR MORÓN MUÑOZ,LIMA,3,0
JULIO GABANCHO ENRIQUEZ,PUNO,3,1
SAN AGUSTIN DE ANTARES,LIMA,3,1
FRANCISCO BOLOGNESI,AYACUCHO,3,0
COPRODELI NUESTRA SEÑORA DE LAS AMÉRICAS,ICA,3,0
MIGUEL GRAU SEMINARIO,LIMA,3,0
SANTA MARÍA DEL ROSARIO,LIMA,3,0
TRILCE SANTA BEATRIZ,LIMA,3,1
HONORES DE BERTELLO,LIMA,3,0
NUESTRA SEÑORA DE LA ASUNCION,LIMA,3,0
PITAGORAS DE SAMOS,LIMA,3,1
RICARDO PALMA 5099°,CALLAO,3,0
COLEGIO NACIONAL NUESTRA SEÑORA DE GUADALUPE,LIMA,3,0
DE JESÚS,LIMA,3,1
COLEGIO LUREN,LIMA,3,1
VIRGEN DEL CARMEN,ICA,3,1
SANTÍSIMA VIRGEN DE LA PUERTA,LIMA,3,1
I.E. ARGENTINA,LIMA,3,1
JAVIER PÉREZ DE CUÉLLAR,LIMA,3,1
I.E NUEVO PERÚ,LIMA,3,0
I.E.A.C SAN SALVADOR,LIMA,3,1
BERNARD BLEMKER,JUNIN,3,0
I.E.P. CESAR VALLEJO,LIMA,3,1
LATINOAMERICANO,LIMA,3,1
TRILCE WISSE,LIMA,3,1
SANTA ROSA DE QUIVES,LIMA,3,0
I.E.P. JULIO RAMON RIBEYRO,LIMA,3,0
ELADIO HURTADO VICENTE 20147,LIMA,3,0
1248 5 DE ABRIL,LIMA,3,1
1227 INDIRA GANDHI,LIMA,3,1
LA SEMILLA DE ABRAHAM VALDELOMAR,LIMA,3,1
DALTON,LIMA,3,1
I. E. JORGE BASADRE GROHMANN,LIMA,3,0
IMPERIO DEL TAHUANTINSUYO 3049,LIMA,3,0
COLEGIO INGENIERIA,JUNIN,3,1
NUESTRA SEÑORA DE LAS MERCEDES DE BARRIOS ALTOS,LIMA,3,0
MARISCAL RAMÓN CASTILLA 1199,LIMA,3,0
MIGUEL ANGEL ASTURIAS,LIMA,3,0
INGENIERÍA,LIMA,3,1
I.E PEDRO GÁLVZ EGÚSQUIZA,LIMA,3,0
REPÚBLICA DE COLOMBIA,LIMA,3,0
TESLA SCHOOLS,LIMA,3,0
COLEGIO COOPERATIVO CESAR VALLEJO,LORETO,3,0
JOSEPH AND MERY HIGH SCHOOL,LIMA,3,0
FE Y ALEGRÍA N2 2009 SMP,LIMA,3,0
COLEGIO NUESTRA SEÑORA DE GUADALUPE,LIMA,3,0
I.E.P. SAN PATRICIO,LIMA,3,0
JACQUES COUSTEAU,LIMA,3,0
3073 EL DORADO,LIMA,3,2
SANTO TOMAS DE AQUINO,ANCASH,3,1
JOSÉ GRANDA,LIMA,3,1
VIRGEN DEL SANTUARIO,HUANCAVELICA,3,1
SACOOLIVEROS,LIMA,3,1
5098 KUMAMOTO,CALLAO,4,0
SACO OLIVEROS HELICOIDAL,LIMA,4,2
SAN MARTÍN DE PORRES,LIMA,4,0
TORIBIO RODRIGUEZ DE MENDOZA,LIMA,4,1
VIRGO POTENS,LIMA,4,0
PERUANO ESPAÑOL,LAMBAYEQUE,4,1
LICEO NAVAL CONTRALMIRANTE MONTERO,LIMA,4,2
COLEGIO MILITAR FRANCISCO BOLOGNESI,AREQUIPA,4,1
JOHANNES GUTENBERG,LIMA,4,1
FEDERICO FROEBEL,AYACUCHO,4,2
INEI 46,LIMA,4,1
VÍCTOR RAÚL HAYA DE LA TORRE,LIMA,4,0
ABRAHAM LINCOLN COLLEGE,LIMA,4,1
INTEGRAL,ANCASH,4,2
LORD BRAIN,LIMA,4,0
COLEGIO MILITAR LEONCIO PRADO,LIMA,4,0
AMAUTA ATUSPARIA,ANCASH,4,1
VICTOR RAÚL HAYA DE LA TORRE,LIMA,4,2
EL ALBA,LIMA,4,0
ANTONIO RAYMONDI,LIMA,4,2
SANTA MONICA COLLEGE,LIMA,4,2
SAN ANTONIO DE JICAMARCA,LIMA,4,1
PALMER SCHOOL,LIMA,4,0
GALILEO,CUSCO,4,1
UNIÓN LATINOAMERICANA 1235,LIMA,4,0
COLEGIO POLITECNICO LOS ANDES,PUNO,4,0
SAN JOSÉ Y EL REDENTOR,LIMA,4,1
SACO OLIVEROS HUAYCAN,LIMA,4,2
CASA ABIERTA DE NAZARETH,LIMA,4,0
NUESTRO MARAVILLOSO MUNDO,LIMA,4,1
ALBERT EINSTEIN,LIMA,4,0
G.U.E LAS MERCEDES,PUNO,4,0
VASILI SUJOMLINSKY,LIMA,4,0
JOSE MARIA ARGUEDAS 0087,LIMA,4,1
ENRIQUE N. ESPINOSA,LIMA,4,0
SANTA MARIA DE LOS ANDES,LIMA,4,1
SANTO DOMINGO EL MAESTRO,LIMA,4,1
FRANCISCANO SAN ROMÁN,PUNO,4,1
CESAR VALLEJO,LIMA,4,0
6050 JUANA ALARCO DE DAMMERT,LIMA,4,1
MARISCAL CACERES,AYACUCHO,4,0
ARQUITECTOS SCHOOL,LIMA,4,0
7 DE JUNIO,AYACUCHO,4,0
COAR LA LIBERTAD,LA LIBERTAD,4,1
MAKARENKO,LIMA,4,0
JOSÉ INGENIEROS,LIMA,4,1
JUAN CRONIQUEUR,LIMA,4,1
SAN LUIS GONZAGA,CALLAO,4,0
FE Y ALEGRIA 26,LIMA,4,1
COLEGIOS TRILCE,LIMA,4,0
COLEGIO MATEMÁTICO HONORES,LIMA,4,0
COLEGIO MILITAR INCA MANCO CAPAC,PUNO,4,0
SAN ISIDRO DE MANCHAY,LIMA,4,2
HOUSTON,LIMA,4,1
COLEGIO INCA GARCILASO DE LA VEGA,PUNO,4,0
SANTA ANA DE LOS JARDINES,LIMA,4,1
SEÑOR DE LA MISERICORDIA,LIMA,4,1
MARISCAL TORIBIO LUZURIAGA,LIMA,4,2
COSMOS INGENIEROS,LIMA,4,1
RAMON CASTILLA 3043,LIMA,4,0
ROMEO LUNA VICTORIA,LIMA,4,1
UNIÓN DE NUEVOS INTELIGENTES,CUSCO,4,0
CPEEI NUESTRA SEÑORA DE MONTSERRAT,LIMA,4,0
LEONCIO PRADO,LIMA,4,1
JUVENTUD CIENTIFICA,LIMA,4,0
TUPAC AMARU,PUNO,4,0
DAVID AUSUBEL,LIMA,4,1
COLEGIO ALBERT EINSTEIN,ANCASH,4,1
PRECURSORES DE LA INDEPENDENCIA NACIONAL,LIMA,4,1
FELIPE HUAMAN POMA DE AYALA,LIMA,4,1
FE Y ALEGRIA 24,LIMA,4,2
INSTITUCIÓN EDUCATIVA 6050 JUANA ALARCO DE DAMMERT,LIMA,4,0
JOSÉ ANTONIO ENCINAS,PUNO,4,0
RAMIRO PRIALÉ PRIALÉ,LIMA,4,0
COLEGIOS PROLOG,LIMA,4,1
I.E PNP JORGE CIEZA LACHOS,LIMA,4,0
CIENCIAS NEWTON,LIMA,4,1
SAN IGNACIO DE RECALDE,PUNO,4,3
SACO OLIVEROS SEDE AREQUIPA,LIMA,4,2
COLEGIO PERUANO CHINO DIEZ DE OCTUBRE,LIMA,4,0
SAN PEDRO DE CHORRILLOS,LIMA,4,0
TRILCE,ANCASH,4,0
0101 SHUJI KITAMURA,LIMA,4,1
EMILIO SOYER CABERO,LIMA,4,1
FE Y ALEGRÍA,LIMA,4,0
CARLOS GUTIERREZ MERINO,LIMA,4,0
NUESTRA SEÑORA DE COCHARCAS,HUANCAVELICA,4,1
NUESTRA SEÑORA DE LA PAZ,LIMA,4,2
ANDRES BELLO,LIMA,4,0
FE Y ALEGRIA 10,LIMA,4,0
COLEGIO TRILCE,LIMA,4,1
LAS MERCEDES,PUNO,4,1
SAN ANDRES,CALLAO,4,1
MIGUEL GRAU,LIMA,4,1
GALENO,PUNO,4,2
LOS LIBERTADORES,AYACUCHO,4,0
BEATA ANA MARÍA JAVOUHEY,CALLAO,4,1
2009 FE Y ALEGRÍA 2,LIMA,4,0
MARIA GORETTI,LIMA,4,0
ANDRÉS AVELINO CÁCERES,LIMA,4,1
MELITÓN CARVAJAL,LIMA,4,1
GUE MARISCAL CÁCERES,AYACUCHO,4,1
VIRGEN DE CHAPI,LIMA,4,0
TRILCE SANTA ANITA,LIMA,4,0
TALENTUS,CALLAO,4,1
PRISMA,LIMA,4,0
COLEGIO MAYOR SECUNDARIO PRESIDENTE DEL PERU,LIMA,4,1
FRANCIS SCHAEFFER,LIMA,4,0
UNIVERSIA,LIMA,4,0
JOSEFA CARRILLO Y ALBORNOZ,LIMA,4,0
COLEGIO MILITAR LEONCIO PRADO,CALLAO,4,0
SANTA CATALINA,PUNO,4,1
MAGISTER,LIMA,4,0
GRAN UNIDAD ESCOLAR SAN CARLOS,PUNO,4,2
SAN ALFONSO,AYACUCHO,4,0
SANTO TOMAS DE AQUINO DE LOS JARDINES,LIMA,4,1
ESCUELA DE JESÚS,LIMA,5,2
NUESTRA SEÑORA DEL CARMEN DE PALAO,LIMA,5,1
SAN RAFAEL,LIMA,5,1
SAGRADOS CORAZONES,LIMA,5,1
COLEGIO LIDER,PUNO,5,2
PEDRO VILCAPAZA,PUNO,5,0
PAULINO FUENTES CASTRO,LIMA,5,0
I.E.P CRUZ SACO,LIMA,5,2
ISAAC NEWTON,LIMA,5,1
AUGUSTO B. LEGUIA,LIMA,5,1
COLEGIO PARROQUIAL NUESTRA SEÑORA DE MONTSERRAT,LIMA,5,2
ERNESTO DIEZ CANSECO,PASCO,5,1
TECNOLOGY SCHOOLS,LIMA,5,1
NIÑO JESUS DE PRAGA,CALLAO,5,2
LIBERTADOR SAN MARTIN,LIMA,5,3
COLEGIO FRANCISCANO SAN ROMAN,PUNO,5,0
COLEGIO ADVENTISTA TUPAC AMARU,PUNO,5,0
MARIANO MELGAR,LIMA,5,1
JUAN LINARES ROJAS,CALLAO,5,1
LUIS CARRANZA,AYACUCHO,5,3
3091,LIMA,5,1
1182 EL BOSQUE,LIMA,5,1
POLITECNICO REGIONAL LOS ANDES,PUNO,5,1
INNOVA SCHOOL,LIMA,5,0
NUESTRA SEÑORA DEL ROSARIO,LIMA,5,2
JUAN XXIII,JUNIN,5,0
CIBERT-UNI,LIMA,5,2
AMAZONAS,LORETO,5,0
LA FE DE MARIA,LIMA,5,1
ALFRED NOBEL,AMAZONAS,5,1
PAMER COLEGIOS,LIMA,5,0
COAR AYACUCHO,AYACUCHO,5,1
MANUEL ANTONIO RAMIREZ BARINAGA,LIMA,5,1
SANTO DOMINGO DE CHORRILLOS,LIMA,5,0
JOSÉ CARLOS MARIATEGUI,LIMA,5,0
SAN FELIPE,LIMA,5,1
SAN LUIS DE BORJA,LIMA,5,0
ALAMEDA DEL NORTE 5177,LIMA,5,1
ISAAC NEWTON DE JESUS MARIA,LIMA,5,0
JULIO RAMÓN RIBEYRO,LIMA,5,0
ALBERT EINSTEIN,PUNO,5,0
TRENTO,LIMA,5,1
TERESA GONZÁLEZ DE FANNING,LIMA,5,0
CIBERT UNI,LIMA,5,1
JUAN ESPINOZA MEDRANO,LIMA,5,0
SAN LUIS GONZAGA SCHOOL,LIMA,5,0
THALES DE VITARTE,LIMA,5,1
LOS EDUCADORES,LIMA,5,0
GRAN PASCAL,LIMA,5,0
BUEN PASTOR,PUNO,5,0
VIRGILIO ESPINOZA BARRIOS,LIMA,5,0
SAN COLUMBANO,LIMA,5,0
SACO OLIVEROS APEIRON,CALLAO,5,1
COLEGIO JOSE ANTONIO ENCINAS,PUNO,5,0
GRAN UNIDAD ESCOLAR JOSE ANTONIO ENCINAS,PUNO,5,0
REPUBLICA DE COLOMBIA,LIMA,5,1
DIVINO MAESTRO,LIMA,5,0
FERNANDO STAHL,PUNO,5,1
101 SHUJI KITAMURA,LIMA,5,1
SAN FRANCISCO DE CAYRAN,LIMA,5,1
VIRGEN ASUNTA,AMAZONAS,5,1
CARLOS CUETO FERNANDINI,LIMA,5,0
TRILCE SALAVERRY,LIMA,5,1
ARTURO PADILLA ESPINOZA,CALLAO,5,0
MEGA UNI,LIMA,5,1
ESTADOS UNIDOS,LIMA,5,1
CV INGENIEROS,LIMA,5,1
CONSORCIO EDUCATIVO BLAS PASCAL,CALLAO,5,1
CARL FRIEDRICH GAUSS,LIMA,5,2
EL AMAUTA,LIMA,5,0
PCNBR NUESTRA SEÑORA DE GUADALUPE,LIMA,6,1
NUESTRA SEÑORA DEL CARMEN,LIMA,6,0
SANTO DOMINGO EL PREDICADOR,LIMA,6,1
VICTOR RAUL HAYA DE LA TORRE,LIMA,6,1
CESAR VALLEJO,PUNO,6,0
LIDER,PUNO,6,0
JULIO RAMON RIBEYRO,LIMA,6,1
FE Y ALEGRIA 32,LIMA,6,2
PERUANO SUIZO,LIMA,6,2
COLEGIO GENES,LIMA,6,1
SAN IGNACIO DE LOYOLA,LIMA,6,2
MONITOR HUASCAR,LIMA,6,1
BLAS PASCAL,CALLAO,6,2
0026 AICHI NAGOYA,LIMA,6,0
DANIEL ALOMIA ROBLES,LIMA,6,1
NACIONES UNIDAS,LIMA,6,0
COLEGIO ADVENTISTA DEL TITICACA,PUNO,6,0
CRAMER,PUNO,6,1
MATEMÁTICO CATÓLICO SAN JUAN,LIMA,6,0
JOSE ANTONIO ENCINAS,LIMA,6,1
COLEGIO CLAUDIO GALENO,PUNO,6,0
INGENIEROS UNI,LIMA,6,1
COAR AMAZONAS,AMAZONAS,6,0
FE Y ALEGRÍA 32,LIMA,6,1
ESTHER FESTINI DE RAMOS OCAMPO,LIMA,6,0
TRILCE PRO,LIMA,6,2
SAN BENITO DE PALERMO,CALLAO,6,1
EL BUEN PASTOR,LIMA,6,0
UNIMASTER,LIMA,6,4
DIOS ES AMOR,LIMA,6,2
GEUNI,LIMA,6,3
LA PONTIFICIA,LIMA,6,2
MIXTO LA MOLINA 1278,LIMA,6,1
TRILCE ROMA,LIMA,6,1
SAGRADOS CORAZONES 3710,LIMA,6,1
NUESTRA SEÑORA DEL SAGRADO CORAZÓN DE JESÚS,ANCASH,6,1
VICTOR ANDRES BELAUNDE,LIMA,6,0
COLEGIO DE CIENCIAS BUEN PASTOR,PUNO,6,1
COLEGIO MAYOR SISTEMA SAN MARCOS,LIMA,6,2
MANUEL GONZÁLEZ PRADA,LIMA,6,0
COAR ANCASH,ANCASH,6,0
JESUS OBRERO,LIMA,7,3
SAN CARLOS,LIMA,7,2
SAN MARCOS DEL SUR,LIMA,7,1
CADILLO,LIMA,7,1
NICOLÁS COPÉRNICO,LIMA,7,2
LA SORBONA,LIMA,7,2
CARLOS WIESSE,LIMA,7,2
PAMER,JUNIN,7,1
BARTON,LIMA,7,1
SAN IGNACIO DE LOYOLA,PUNO,7,2
COLEGIO TRILCE BREÑA,LIMA,7,0
BERTOLT BRECHT,LIMA,7,0
SAN JUAN BOSCO,LIMA,7,1
SAN JUAN DE LA LIBERTAD,AMAZONAS,7,1
NUESTRA SEÑORA DE MONTSERRAT,LIMA,7,1
LUMBRERAS,LIMA,7,0
INGENIERIA,LIMA,7,0
JUVENTUD CIENTÍFICA,LIMA,7,0
HONORES,LIMA,7,2
MERCEDES CABELLO DE CARBONERA,LIMA,7,1
TELESFORO CATACORA,LIMA,7,1
JUAN INGUNZA VALDIVIA,CALLAO,7,1
THALES,LIMA,7,1
SANTO TOMÁS DE AQUINO DE LOS JARDINES,LIMA,7,4
LA SALLE,PUNO,7,2
LA SALLE,APURIMAC,7,1
SAN JUAN BAUTISTA,LIMA,7,1
LICEO SAN AGUSTIN,LIMA,7,0
BLAISE PASCAL,LIMA,7,2
TRILCE,CALLAO,7,2
VIRGEN DEL ROSARIO,LIMA,7,2
JEAN PIAGET,AYACUCHO,7,2
INCA GARCILASO DE LA VEGA,LIMA,7,1
LU SIN,LIMA,7,1
JUAN GUERRERO QUIMPER,LIMA,7,1
TRILCE COMAS,LIMA,7,0
NUESTRA SEÑORA DE LA MERCED,LIMA,7,1
MARISCAL CÁCERES,AYACUCHO,7,0
SAN JUAN BAUTISTA DE LA SALLE,LIMA,7,0
SACO OLIVEROS,LIMA,439,108
TRILCE,LIMA,329,81
PAMER,LIMA,80,19
PROLOG,LIMA,70,11
TECHNOLOGY SCHOOLS,LIMA,46,9
INNOVA SCHOOLS,LIMA,41,4
JUAN PABLO PEREGRINO,LIMA,40,5
NUESTRA SEÑORA DE MONSERRAT,LIMA,39,4
SACO OLIVEROS,CALLAO,36,5
LA SAGRADA FAMILIA,LIMA,26,3
TRILCE LOS OLIVOS,LIMA,26,7
ALBERT EINSTEIN,ANCASH,24,2
CLAUDIO GALENO,PUNO,24,8
LICEO SANTO DOMINGO,LIMA,22,3
NUESTRA SEÑORA DE COPACABANA,LIMA,20,4
CRUZ SACO,LIMA,20,2
LEONARD EULER,LIMA,18,1
NUESTRA SEÑORA DE GUADALUPE,LIMA,18,1
COLEGIO HORACIO ZEBALLOS GAMEZ,PUNO,17,0
SAN ANTONIO DE PADUA,LIMA,16,4
JAVIER HERAUD,LIMA,15,1
EL NAZARENO,LIMA,15,6
SANTO DOMINGO DE GUZMÁN,LIMA,15,3
ALFONSO UGARTE,LIMA,15,1
SAN VICENTE FERRER,LIMA,15,5
ALFREDO REBAZA ACOSTA DE LOS JAZMINES,CALLAO,10,3
SAN AGUSTIN,LIMA,10,1
LOS JAZMINES DEL NARANJAL,LIMA,10,3
JORGE BASADRE GROHMANN,LIMA,10,1
MONSEÑOR FIDEL OLIVAS ESCUDERO,ANCASH,9,2
DIVINO MAESTRO DE PRO,LIMA,9,1
RAMIRO PRIALE PRIALE,LIMA,9,3
FE Y ALEGRÍA 10,LIMA,9,4
CERVANTES SCHOOL,LIMA,9,0
JOHN NASH,LIMA,9,2
RICARDO BENTIN,LIMA,9,2
SAN PIO X,LIMA,9,3
SANTO DOMINGO DE GUZMAN,LIMA,9,1
SANTO DOMINGO SAVIO,LIMA,9,2
ROBERT LETOURNEAU,LIMA,9,2
LUSIN,LIMA,9,0
BH SCHOOL,LIMA,9,2
CYBERNET,AYACUCHO,9,2
PALMAS REALES,LIMA,9,1
MONSERRAT,LIMA,9,3
JUANA ALARCO DE DAMMERT,LIMA,9,2
JORGE BASADRE,LAMBAYEQUE,9,3
JESUS EL BUEN PASTOR,LIMA,9,1
TRILCE MARSANO,LIMA,9,4
RICARDO PALMA,LIMA,14,2
GENES,LIMA,13,1
TRILCE,JUNIN,13,3
TRINOMIO,PUNO,13,5
JOSE MARIA ARGUEDAS,LIMA,13,3
ALFRED NOBEL,LIMA,13,3
JOSE ANTONIO ENCINAS,PUNO,12,0
SAN ISIDRO,LIMA,12,2
WILLIAM SHAKESPEARE,LIMA,12,4
JOSÉ MARÍA ARGUEDAS,LIMA,12,1
PASCUAL SACO OLIVEROS,LIMA,12,2
PITAGORAS,LIMA,12,1
JUAN ESPINOZA MEDRANO,APURIMAC,12,4
VIRGEN DE GUADALUPE,LIMA,11,2
ALFREDO REBAZA ACOSTA,LIMA,11,2
LOGICAL,LIMA,11,2
EDELMIRA DEL PANDO,LIMA,11,2
TECHNOLOGY SCHOOL,LIMA,11,1
ANTENOR ORREGO ESPINOZA,LIMA,11,2
LOS INGENIEROS,LIMA,11,0
SANTO DOMINGO DE JICAMARCA,LIMA,11,0
B.GROUP,CALLAO,8,1
COAR LIMA PROVINCIAS,LIMA,8,2
PROLOG,ICA,8,2
GENES LOS OLIVOS,LIMA,8,2
TRILCE BREÑA,LIMA,8,1
SAN PÍO X,LIMA,8,4
SAGRADO CORAZÓN DE JESÚS,LIMA,8,0
3721 SANTA ROSA,LIMA,8,0
TRILCE CHORRILLOS,LIMA,8,2
INTERNACIONAL ELIM,LIMA,8,2
NICOLAS COPERNICO,LIMA,8,2
DEUNI,LIMA,8,3
PITÁGORAS,LIMA,8,3
STAR,LIMA,8,0
EL AMERICANO,LIMA,8,1
COLEGIO MAYOR SECUNDARIO PRESIDENTE DEL PERÚ,LIMA,8,2
VICTOR MORON MUÑOZ,LIMA,8,1
COLEGIO SACO OLIVEROS,LIMA,8,1
NUESTRA SEÑORA DE FATIMA,LIMA,8,1
