city_id,date_id,PM2.5,PM10,NO2,CO,AQI
1,1,,,18.22,0.92,
1,2,,,15.69,0.97,
1,3,,,19.3,17.4,
1,4,,,18.48,1.7,
1,5,,,21.42,22.1,
1,6,,,38.48,45.41,
1,7,,,40.62,112.16,
1,8,,,36.74,80.87,
1,9,,,31.0,29.16,
1,10,,,7.04,,
1,11,,,55.8,132.07,
1,12,,,40.67,52.04,
1,13,,,44.2,48.82,
1,14,,,27.86,19.2,
1,15,,,16.96,0.6,
1,16,,,21.72,1.63,
1,17,,,24.73,11.44,
1,18,,,25.77,6.1,
1,19,,,26.88,2.51,
1,20,,,26.8,7.92,
1,21,,,33.56,9.52,
1,22,,,17.51,9.05,
1,23,,,27.96,22.53,
1,24,,,20.39,2.03,
1,25,,,20.43,1.42,
1,26,,,21.16,2.27,
1,27,,,21.7,2.19,
1,28,73.24,,21.11,5.72,
1,29,83.13,,28.71,6.93,209.0
1,30,79.84,,28.68,13.85,328.0
1,31,94.52,,32.66,24.39,514.0
1,32,135.99,,42.08,43.48,782.0
1,33,178.33,,35.31,54.56,914.0
1,34,139.7,,28.4,30.61,660.0
1,35,80.65,,22.83,2.37,294.0
1,36,58.36,,21.39,2.6,149.0
1,37,79.29,,26.94,1.16,190.0
1,38,88.7,,31.32,7.29,247.0
1,39,74.28,,27.3,8.92,379.0
1,40,113.93,,24.27,4.32,341.0
1,41,105.39,,18.21,1.41,256.0
1,42,66.52,,23.8,6.34,388.0
1,43,65.04,,30.1,14.19,288.0
1,44,103.36,,39.56,18.18,510.0
1,45,177.33,,47.58,37.49,761.0
1,46,113.25,,30.5,15.55,475.0
1,47,99.7,,28.1,19.85,536.0
1,48,80.61,,21.04,15.96,479.0
1,49,100.79,,25.93,16.24,592.0
1,50,107.99,,30.09,11.25,427.0
1,51,140.29,,36.14,33.84,588.0
1,52,239.96,,46.25,61.95,1141.0
1,53,142.96,,48.21,45.45,669.0
1,54,238.41,,55.07,77.7,1247.0
1,55,118.72,,32.01,12.56,411.0
1,56,52.99,,10.45,2.23,292.0
1,57,,,,,
1,58,,,,,
1,59,,,,,
1,60,61.12,,16.81,3.58,
1,61,60.78,,18.21,9.07,189.0
1,62,91.83,,28.71,12.99,408.0
1,63,93.88,,29.38,18.21,383.0
1,64,173.01,,42.27,48.44,780.0
1,65,,,,,
1,66,105.45,,16.1,2.5,
1,67,71.56,,16.83,3.51,190.0
1,68,119.8,,24.07,4.13,233.0
1,69,106.71,,25.59,5.39,297.0
1,70,118.49,,28.94,4.11,330.0
1,71,106.01,,27.31,4.28,252.0
1,72,97.34,,21.58,3.67,244.0
1,73,83.92,,25.03,6.42,234.0
1,74,49.51,,14.16,3.1,219.0
1,75,30.76,,14.14,2.72,118.0
1,76,50.29,,29.84,5.34,231.0
1,77,57.69,,29.48,25.36,286.0
1,78,105.06,,37.05,46.24,883.0
1,79,94.1,,36.53,22.14,720.0
1,80,111.89,,43.29,22.25,570.0
1,81,108.59,,39.34,25.38,589.0
1,82,130.76,,41.03,45.61,818.0
1,83,143.55,,31.15,27.3,737.0
1,84,165.07,,34.48,23.83,585.0
1,85,166.85,,43.3,17.93,616.0
1,86,147.38,,35.82,6.4,437.0
1,87,158.25,,27.89,5.86,321.0
1,88,237.76,,21.8,4.99,372.0
1,89,133.37,,17.99,3.88,339.0
1,90,133.3,,20.0,6.52,339.0
1,91,96.04,,20.07,3.8,324.0
1,92,77.69,,18.87,5.24,222.0
1,93,53.07,,13.82,4.17,169.0
1,94,63.11,,15.5,5.63,220.0
1,95,156.76,,16.7,3.92,
1,96,120.96,,20.86,4.23,303.0
1,97,138.63,,25.47,5.65,314.0
1,98,144.36,,30.69,15.82,378.0
1,99,85.03,,26.7,3.3,415.0
1,100,134.6,,26.27,5.9,
1,101,61.06,,14.03,3.52,126.0
1,102,39.42,,19.56,5.28,175.0
1,103,111.86,,22.51,3.89,226.0
1,104,58.37,,21.71,5.74,244.0
1,105,95.37,,26.23,18.01,315.0
1,106,141.3,,36.88,30.8,678.0
1,107,106.68,,46.38,19.91,774.0
1,108,109.48,,20.27,4.3,285.0
1,109,126.04,,20.18,6.99,321.0
1,110,71.22,,21.32,16.73,358.0
1,111,97.87,,17.96,6.3,357.0
1,112,63.38,,13.28,3.44,189.0
1,113,75.29,,14.29,3.35,
1,114,80.9,,18.62,5.7,214.0
1,115,103.29,,19.82,4.55,253.0
1,116,107.5,,15.56,5.29,239.0
1,117,161.14,,14.77,3.11,
1,118,102.58,,12.74,3.88,
1,119,138.42,,16.7,5.05,300.0
1,120,129.04,,14.86,5.69,317.0
1,121,96.65,,15.9,4.67,240.0
1,122,126.77,,23.93,15.69,344.0
1,123,106.15,,23.02,13.12,503.0
1,124,86.31,,10.5,2.69,308.0
1,125,83.99,,0.08,2.73,227.0
1,126,65.11,,4.58,3.14,120.0
1,127,51.03,,20.47,6.24,158.0
1,128,38.73,,19.28,8.0,177.0
1,129,61.12,,17.82,9.94,201.0
1,130,58.44,,17.24,10.68,211.0
1,131,61.49,,16.69,11.44,221.0
1,132,65.39,,16.08,12.3,233.0
1,133,100.92,,18.9,20.42,481.0
1,134,97.48,,30.02,5.31,352.0
1,135,129.27,,28.33,14.28,327.0
1,136,129.58,,28.79,21.23,577.0
1,137,100.57,,18.79,7.56,411.0
1,138,130.34,,17.43,7.14,212.0
1,139,53.24,,15.86,8.05,280.0
1,140,42.0,,18.16,10.44,162.0
1,141,50.1,,14.9,9.46,
1,142,83.69,,17.18,10.89,569.0
1,143,38.88,,16.28,2.18,128.0
1,144,46.89,,16.17,2.96,129.0
1,145,70.96,,15.47,4.12,152.0
1,146,53.66,,14.43,4.23,176.0
1,147,45.49,,13.73,4.26,167.0
1,148,60.86,,16.61,5.27,106.0
1,149,51.93,,17.87,13.71,231.0
1,150,77.87,,17.12,6.67,327.0
1,151,57.59,,15.47,5.6,174.0
1,152,77.22,,15.47,7.02,185.0
1,153,45.29,,12.74,7.25,179.0
1,154,103.78,,13.9,6.36,211.0
1,155,25.14,,18.73,6.01,192.0
1,156,87.03,,17.88,8.05,310.0
1,157,89.6,,19.84,6.59,223.0
1,158,80.69,,16.07,6.86,192.0
1,159,44.75,,16.53,7.76,191.0
1,160,38.11,,11.62,7.41,184.0
1,161,45.5,,15.59,8.56,220.0
1,162,36.98,,11.52,8.21,215.0
1,163,43.58,,13.33,8.26,226.0
1,164,45.49,,14.91,9.63,251.0
1,165,38.06,,18.57,8.67,216.0
1,166,45.41,,20.55,9.35,237.0
1,167,37.71,,16.26,8.54,198.0
1,168,32.37,,14.36,7.53,195.0
1,169,34.74,,13.51,7.59,187.0
1,170,32.56,,13.91,7.34,181.0
1,171,29.28,,11.68,7.55,179.0
1,172,20.46,,10.61,7.15,188.0
1,173,26.07,,11.07,7.99,190.0
1,174,21.43,,11.16,7.45,185.0
1,175,11.91,,10.1,7.34,189.0
1,176,57.75,,9.68,8.68,196.0
1,177,66.39,,12.79,8.58,201.0
1,178,62.61,,9.83,9.15,231.0
1,179,47.5,,9.53,8.07,196.0
1,180,111.8,,11.51,9.23,220.0
1,181,30.0,,13.59,8.87,244.0
1,182,4.66,,10.9,9.01,223.0
1,183,48.72,,11.94,9.56,230.0
1,184,49.7,,9.81,9.43,243.0
1,185,48.1,,9.53,8.03,215.0
1,186,47.43,,9.45,8.11,199.0
1,187,51.74,,12.38,8.91,200.0
1,188,42.68,,11.08,9.74,226.0
1,189,38.45,,7.8,10.55,241.0
1,190,46.69,,0.17,11.48,222.0
1,191,55.27,,0.12,11.55,223.0
1,192,149.03,,0.16,11.49,248.0
1,193,86.57,,0.17,11.47,300.0
1,194,111.77,,0.24,11.3,232.0
1,195,151.4,,0.36,10.8,330.0
1,196,51.35,,2.69,8.0,223.0
1,197,65.37,,8.07,0.64,105.0
1,198,56.28,,8.02,0.6,101.0
1,199,48.17,,8.0,0.65,93.0
1,200,33.56,,7.89,0.72,67.0
1,201,31.3,,8.1,0.55,60.0
1,202,48.12,,7.9,0.67,
1,203,57.11,,8.28,0.55,90.0
1,204,34.72,,9.73,0.1,78.0
1,205,29.22,,9.57,0.06,48.0
1,206,29.79,,8.64,0.14,53.0
1,207,59.95,,8.78,0.18,91.0
1,208,19.2,,9.45,1.52,70.0
1,209,19.52,,11.26,5.89,157.0
1,210,35.16,,10.89,5.75,158.0
1,211,33.03,,10.58,7.01,169.0
1,212,40.95,,10.47,6.92,174.0
1,213,40.29,,10.52,6.74,173.0
1,214,41.16,,10.51,6.91,172.0
1,215,36.12,,11.56,7.21,190.0
1,216,28.51,,20.52,6.69,171.0
1,217,31.59,,20.42,6.99,168.0
1,218,42.56,,20.4,7.17,172.0
1,219,48.12,,20.3,7.14,173.0
1,220,37.09,,20.21,7.22,175.0
1,221,33.4,,20.09,7.4,179.0
1,222,38.64,,20.21,7.35,174.0
1,223,40.49,,20.23,7.48,176.0
1,224,41.37,,20.2,7.47,179.0
1,225,44.56,,20.06,7.49,175.0
1,226,65.68,,19.94,7.57,177.0
1,227,33.34,,20.27,7.3,175.0
1,228,39.17,,20.24,7.35,174.0
1,229,34.0,,20.1,7.41,179.0
1,230,36.38,,20.14,7.31,177.0
1,231,38.35,,20.16,7.41,180.0
1,232,38.5,,19.67,12.38,274.0
1,233,39.61,,14.84,17.31,310.0
1,234,61.79,,14.82,17.24,303.0
1,235,43.22,,14.82,17.17,302.0
1,236,33.41,,14.86,17.12,302.0
1,237,36.9,,14.85,17.08,302.0
1,238,36.36,,14.79,17.11,302.0
1,239,32.64,,14.84,17.01,302.0
1,240,38.23,,14.89,17.07,302.0
1,241,39.86,,14.83,16.98,301.0
1,242,72.74,,14.84,17.04,302.0
1,243,43.2,,14.86,17.05,302.0
1,244,63.2,,14.82,17.03,302.0
1,245,64.73,,14.82,17.01,302.0
1,246,65.28,,14.85,17.04,301.0
1,247,67.86,,14.87,16.97,302.0
1,248,52.4,,14.81,16.97,301.0
1,249,33.33,,14.89,16.95,302.0
1,250,29.52,,14.88,16.94,301.0
1,251,15.53,,14.85,17.0,301.0
1,252,57.51,,50.9,16.31,
1,253,50.24,,12.31,9.46,226.0
1,254,61.77,,15.43,8.68,276.0
1,255,46.93,,11.47,7.14,209.0
1,256,43.01,,9.96,6.82,179.0
1,257,42.06,,11.35,8.43,197.0
1,258,44.94,,10.94,7.14,229.0
1,259,29.58,,9.94,6.61,170.0
1,260,32.15,,9.7,6.5,164.0
1,261,36.33,,12.88,7.68,195.0
1,262,24.46,,10.99,8.45,220.0
1,263,,,,,
1,264,27.08,,12.25,9.95,
1,265,59.29,,9.68,9.21,217.0
1,266,65.32,,9.62,10.61,254.0
1,267,47.39,,10.48,9.26,241.0
1,268,43.88,,19.75,8.69,244.0
1,269,28.35,,13.62,9.05,243.0
1,270,3.59,,14.17,11.26,244.0
1,271,3.04,,21.5,16.31,327.0
1,272,19.14,,30.6,10.33,390.0
1,273,69.12,,32.41,8.85,231.0
1,274,76.41,,34.7,17.96,396.0
1,275,102.49,,37.85,33.31,731.0
1,276,127.94,,28.38,11.14,466.0
1,277,87.18,,21.51,7.83,230.0
1,278,99.73,,30.23,20.16,309.0
1,279,84.15,,32.1,15.83,519.0
1,280,92.12,,32.5,18.21,397.0
1,281,94.02,,36.97,27.14,517.0
1,282,150.27,,34.86,15.9,653.0
1,283,118.91,,29.22,5.42,355.0
1,284,91.41,,23.45,5.19,227.0
1,285,95.9,,33.63,10.38,316.0
1,286,137.87,,32.98,20.2,536.0
1,287,90.71,,25.73,18.12,370.0
1,288,108.68,,32.87,17.03,551.0
1,289,98.79,,31.2,17.72,393.0
1,290,145.75,,34.71,20.61,671.0
1,291,179.43,,39.42,52.33,969.0
1,292,170.52,,35.22,15.49,471.0
1,293,203.4,,36.63,23.03,529.0
1,294,92.71,,30.65,12.92,
1,295,64.66,,23.83,4.79,213.0
1,296,78.14,,28.93,10.58,297.0
1,297,100.17,,34.16,32.27,605.0
1,298,147.35,,39.1,34.64,691.0
1,299,206.89,,55.67,145.32,971.0
1,300,114.84,,40.31,38.09,
1,301,89.64,,25.75,5.42,270.0
1,302,51.72,,21.15,1.89,188.0
1,303,54.59,,18.33,2.31,114.0
1,304,46.5,,12.1,1.22,143.0
1,305,,,,,
1,306,122.54,,44.2,75.42,
1,307,147.18,,36.87,33.06,557.0
1,308,214.67,,42.21,57.37,
1,309,207.13,,35.31,28.41,536.0
1,310,191.01,,50.11,39.61,354.0
1,311,192.35,,29.04,9.39,381.0
1,312,127.64,,31.91,6.74,355.0
1,313,,,,,
1,314,,,,,
1,315,,,,,
1,316,,,,,
1,317,,,,,
1,318,,,,,
1,319,,,,,
1,320,,,,,
1,321,,,,,
1,322,,,,,
1,323,,,,,
1,324,,,,,
1,325,,,,,
1,326,,,,,
1,327,,,,,
1,328,,,,,
1,329,,,,,
1,330,,,,,
1,331,,,,,
1,332,,,,,
1,333,,,,,
1,334,,,,,
1,335,,,,,
1,336,,,,,
1,337,,,,,
1,338,,,,,
1,339,,,,,
1,340,,,,,
1,341,,,,,
1,342,,,,,
1,343,,,,,
1,344,,,,,
1,345,,,,,
1,346,,,,,
1,347,,,,,
1,348,,,,,
1,349,,,,,
1,350,,,,,
1,351,,,,,
1,352,,,,,
1,353,,,,,
1,354,,,,,
1,355,,,,,
1,356,,,,,
1,357,,,,,
1,358,,,,,
1,359,,,,,
1,360,,,,,
1,361,,,,,
1,362,,,,,
1,363,,,,,
1,364,,,,,
1,365,,,,,
1,366,,,,,
1,367,,,,,
1,368,,,,,
1,369,,,,,
1,370,,,,,
1,371,,,,,
1,372,,,,,
1,373,,,,,
1,374,,,,,
1,375,,,,,
1,376,,,,,
1,377,,,,,
1,378,,,,,
1,379,,,,,
1,380,,,,,
1,381,,,,,
1,382,,,,,
1,383,,,,,
1,384,,,,,
1,385,,,,,
1,386,,,,,
1,387,,,,,
1,388,,,,,
1,389,,,,,
1,390,,,,,
1,391,,,,,
1,392,,,,,
1,393,,,,,
1,394,,,,,
1,395,,,,,
1,396,,,,,
1,397,,,,,
1,398,,,,,
1,399,,,,,
1,400,,,,,
1,401,,,,,
1,402,,,,,
1,403,,,,,
1,404,,,,,
1,405,,,,,
1,406,,,,,
1,407,,,,,
1,408,,,,,
1,409,,,,,
1,410,,,,,
1,411,,,,,
1,412,,,,,
1,413,,,,,
1,414,,,,,
1,415,,,,,
1,416,,,,,
1,417,,,,,
1,418,,,,,
1,419,,,,,
1,420,,,,,
1,421,,,,,
1,422,,,,,
1,423,,,,,
1,424,,,,,
1,425,,,,,
1,426,,,,,
1,427,,,,,
1,428,,,,,
1,429,,,,,
1,430,,,,,
1,431,,,,,
1,432,,,,,
1,433,,,,,
1,434,,,,,
1,435,,,,,
1,436,,,,,
1,437,,,,,
1,438,,,,,
1,439,,,,,
1,440,,,,,
1,441,,,,,
1,442,,,,,
1,443,,,,,
1,444,,,,,
1,445,,,,,
1,446,,,,,
1,447,,,,,
1,448,,,,,
1,449,,,,,
1,450,,,,,
1,451,,,,,
1,452,,,,,
1,453,,,,,
1,454,,,,,
1,455,,,,,
1,456,,,,,
1,457,,,,,
1,458,,,,,
1,459,,,,,
1,460,,,,,
1,461,,,,,
1,462,,,,,
1,463,,,,,
1,464,,,,,
1,465,,,,,
1,466,,,,,
1,467,,,,,
1,468,,,,,
1,469,,,,,
1,470,,,,,
1,471,,,,,
1,472,,,,,
1,473,,,,,
1,474,,,,,
1,475,,,,,
1,476,,,,,
1,477,,,,,
1,478,,,,,
1,479,,,,,
1,480,,,,,
1,481,,,,,
1,482,,,,,
1,483,,,,,
1,484,,,,,
1,485,,,,,
1,486,,,,,
1,487,,,,,
1,488,,,,,
1,489,,,,,
1,490,,,,,
1,491,,,,,
1,492,,,,,
1,493,,,,,
1,494,,,,,
1,495,,,,,
1,496,,,,,
1,497,,,,,
1,498,,,,,
1,499,,,,,
1,500,,,,,
1,501,,,,,
1,502,,,,,
1,503,,,,,
1,504,,,,,
1,505,,,,,
1,506,,,,,
1,507,,,,,
1,508,,,,,
1,509,,,,,
1,510,,,,,
1,511,,,,,
1,512,,,,,
1,513,,,,,
1,514,,,,,
1,515,,,,,
1,516,,,,,
1,517,,,,,
1,518,,,,,
1,519,,,,,
1,520,,,,,
1,521,,,,,
1,522,,,,,
1,523,,,,,
1,524,,,,,
1,525,,,,,
1,526,,,,,
1,527,,,,,
1,528,,,,,
1,529,,,,,
1,530,,,,,
1,531,,,,,
1,532,,,,,
1,533,,,,,
1,534,,,,,
1,535,,,,,
1,536,,,,,
1,537,,,,,
1,538,,,,,
1,539,,,,,
1,540,,,,,
1,541,,,,,
1,542,,,,,
1,543,,,,,
1,544,33.02,,28.91,11.69,
1,545,27.29,,28.12,9.81,272.0
1,546,41.43,,31.82,10.45,253.0
1,547,30.16,,15.99,10.41,256.0
1,548,29.42,,10.11,9.39,257.0
1,549,20.87,,7.49,9.04,213.0
1,550,35.08,,6.52,8.36,218.0
1,551,40.23,,2.79,8.68,214.0
1,552,54.25,,2.78,8.11,207.0
1,553,49.04,,1.65,7.38,169.0
1,554,35.87,,1.67,7.5,
1,555,46.3,,1.8,7.3,
1,556,39.15,,1.9,7.05,
1,557,45.3,,2.5,6.7,
1,558,43.61,,3.93,7.7,
1,559,,,,,
1,560,34.89,,11.73,24.46,
1,561,38.13,,48.06,46.51,1842.0
1,562,36.47,,37.13,0.98,72.0
1,563,40.9,,36.77,4.09,91.0
1,564,34.19,,34.38,6.02,124.0
1,565,32.92,,36.8,4.92,145.0
1,566,41.39,,54.7,100.77,499.0
1,567,31.71,,22.75,1.67,557.0
1,568,33.48,,30.88,1.94,114.0
1,569,30.8,,25.15,2.57,148.0
1,570,30.47,,38.78,1.64,99.0
1,571,34.64,,39.23,6.67,117.0
1,572,43.71,,39.95,8.85,275.0
1,573,46.52,,33.24,3.87,183.0
1,574,36.54,,20.32,18.76,336.0
1,575,36.87,,23.28,26.51,468.0
1,576,46.19,,29.66,86.72,776.0
1,577,48.44,,30.66,84.21,805.0
1,578,40.18,,28.27,72.58,705.0
1,579,33.5,,30.42,79.53,740.0
1,580,29.36,,29.75,83.72,751.0
1,581,44.59,,29.34,89.85,798.0
1,582,50.65,,13.0,10.63,494.0
1,583,33.93,,13.41,5.06,234.0
1,584,,,,,
1,585,43.9,,28.09,2.77,
1,586,93.34,,27.88,9.72,327.0
1,587,38.06,,22.63,6.96,257.0
1,588,20.19,,18.13,10.41,300.0
1,589,10.45,,17.81,12.59,309.0
1,590,29.87,,14.69,13.53,316.0
1,591,60.18,,13.25,8.64,296.0
1,592,85.1,,12.91,8.14,240.0
1,593,55.55,,13.45,8.38,220.0
1,594,170.22,,17.88,15.47,460.0
1,595,35.05,,16.07,7.66,341.0
1,596,37.68,,9.49,6.39,216.0
1,597,32.78,,12.1,6.08,174.0
1,598,53.5,,14.19,12.0,252.0
1,599,48.24,,15.52,10.91,283.0
1,600,63.27,,13.23,8.82,282.0
1,601,40.43,,10.29,7.42,189.0
1,602,31.15,,9.94,8.91,204.0
1,603,33.76,,12.22,9.15,207.0
1,604,35.95,,9.75,10.05,218.0
1,605,58.07,,8.67,10.51,243.0
1,606,46.04,,8.75,9.72,219.0
1,607,52.27,,9.23,10.79,247.0
1,608,46.68,,9.3,10.08,235.0
1,609,44.59,,7.39,10.47,234.0
1,610,30.81,,7.86,9.36,217.0
1,611,47.67,,8.39,9.63,222.0
1,612,35.69,,8.14,9.38,241.0
1,613,36.44,,7.07,9.59,225.0
1,614,33.83,,7.82,10.14,241.0
1,615,34.23,,7.14,10.17,237.0
1,616,52.15,,7.15,10.7,251.0
1,617,35.99,,8.65,9.91,220.0
1,618,37.93,,9.2,9.75,221.0
1,619,31.94,,7.84,9.5,226.0
1,620,18.04,,7.02,7.3,208.0
1,621,27.9,,9.55,9.52,190.0
1,622,36.51,,10.68,10.07,250.0
1,623,55.71,,12.86,11.17,280.0
1,624,57.01,,11.99,13.68,306.0
1,625,53.94,,12.54,10.01,249.0
1,626,49.34,,8.67,9.75,213.0
1,627,,,,,135.0
1,628,,,,,
1,629,,,,,
1,630,42.22,,9.74,10.17,
1,631,39.43,,10.1,12.67,268.0
1,632,42.33,,9.31,11.31,267.0
1,633,26.75,,6.77,9.8,216.0
1,634,34.16,,5.46,9.66,212.0
1,635,30.07,,5.73,9.82,214.0
1,636,25.54,,5.56,9.5,222.0
1,637,38.47,,5.7,10.63,216.0
1,638,42.55,,6.59,10.36,236.0
1,639,38.1,,7.04,10.2,225.0
1,640,27.22,,6.34,12.02,231.0
1,641,41.81,,9.77,10.75,298.0
1,642,75.03,,9.47,11.23,267.0
1,643,,,,,236.0
1,644,30.48,,7.43,16.49,
1,645,75.06,,6.35,14.78,301.0
1,646,85.36,,7.59,14.48,311.0
1,647,124.97,,9.72,13.2,313.0
1,648,86.63,,6.39,11.74,267.0
1,649,70.34,,7.1,11.25,232.0
1,650,50.49,,5.04,10.91,229.0
1,651,42.25,,6.55,11.07,227.0
1,652,48.23,,9.01,11.09,236.0
1,653,138.94,,16.9,10.27,326.0
1,654,155.68,,19.69,16.66,395.0
1,655,120.35,,16.95,20.67,507.0
1,656,140.81,,19.3,18.56,423.0
1,657,87.09,,13.98,10.15,315.0
1,658,83.57,,10.61,7.8,213.0
1,659,75.41,,11.07,12.23,263.0
1,660,106.86,,10.22,9.38,355.0
1,661,96.53,,10.8,9.03,362.0
1,662,76.96,,9.04,6.95,236.0
1,663,73.05,,8.37,7.04,192.0
1,664,72.52,,9.14,7.31,230.0
1,665,109.22,,13.21,11.05,278.0
1,666,122.63,,16.36,18.84,390.0
1,667,214.36,,18.38,19.66,509.0
1,668,381.69,,25.41,29.49,472.0
1,669,182.59,,18.2,26.06,457.0
1,670,271.85,,15.28,16.39,721.0
1,671,230.76,,13.35,12.95,420.0
1,672,203.3,,14.79,11.74,417.0
1,673,152.03,,12.7,10.97,390.0
1,674,176.02,,12.78,7.51,361.0
1,675,,,,,
1,676,,,,,
1,677,,,,,
1,678,,,,,
1,679,,,,,
1,680,,,,,
1,681,,,,,
1,682,,,,,
1,683,,,,,
1,684,,,,,
1,685,,,,,
1,686,,,,,
1,687,,,,,
1,688,,,,,
1,689,,,,,
1,690,,,,,
1,691,,,,,
1,692,,,,,
1,693,,,,,
1,694,,,,,
1,695,,,,,
1,696,,,,,
1,697,,,,,
1,698,,,,,
1,699,,,,,
1,700,,,,,
1,701,,,,,
1,702,,,,,
1,703,,,,,
1,704,,,,,
1,705,,,,,
1,706,,,,,
1,707,,,,,
1,708,,,,,
1,709,,,,,
1,710,,,,,
1,711,,,,,
1,712,,,,,
1,713,,,,,
1,714,,,,,
1,715,,,,,
1,716,,,,,
1,717,,,,,
1,718,,,,,
1,719,,,,,
1,720,,,,,
1,721,,,,,
1,722,,,,,
1,723,,,,,
1,724,,,,,
1,725,,,,,
1,726,,,,,
1,727,,,,,
1,728,,,,,
1,729,,,,,
1,730,,,,,
1,731,,,,,
1,732,,,,,
1,733,,,,,
1,734,,,,,
1,735,,,,,
1,736,,,,,
1,737,,,,,
1,738,,,,,
1,739,,,,,
1,740,,,,,
1,741,,,,,
1,742,,,,,
1,743,,,,,
1,744,,,,,
1,745,,,,,
1,746,,,,,
1,747,,,,,
1,748,,,,,
1,749,,,,,
1,750,,,,,
1,751,,,,,
1,752,,,,,
1,753,,,,,
1,754,,,,,
1,755,,,,,
1,756,,,,,
1,757,,,,,
1,758,,,,,
1,759,,,,,
1,760,,,,,
1,761,,,,,
1,762,,,,,
1,763,,,,,
1,764,,,,,
1,765,,,,,
1,766,,,,,
1,767,,,,,
1,768,,,,,
1,769,,,,,
1,770,,,,,
1,771,,,,,
1,772,,,,,
1,773,,,,,
1,774,,,,,
1,775,,,,,
1,776,,,,,
1,777,,,,,
1,778,,,,,
1,779,,,,,
1,780,,,,,
1,781,,,,,
1,782,,,,,
1,783,,,,,
1,784,,,,,
1,785,,,,,
1,786,,,,,
1,787,,,,,
1,788,,,,,
1,789,,,,,
1,790,,,,,
1,791,,,,,
1,792,,,,,
1,793,,,,,
1,794,,,,,
1,795,,,,,
1,796,,,,,
1,797,,,,,
1,798,,,,,
1,799,,,,,
1,800,,,,,
1,801,,,,,
1,802,,,,,
1,803,,,,,
1,804,,,,,
1,805,,,,,
1,806,,,,,
1,807,,,,,
1,808,,,,,
1,809,,,,,
1,810,,,,,
1,811,,,,,
1,812,,,,,
1,813,,,,,
1,814,,,,,
1,815,,,,,
1,816,,,,,
1,817,,,,,
1,818,,,,,
1,819,,,,,
1,820,,,,,
1,821,,,,,
1,822,,,,,
1,823,,,,,
1,824,,,,,
1,825,,,,,
1,826,,,,,
1,827,,,,,
1,828,,,,,
1,829,,,,,
1,830,,,,,
1,831,,,,,
1,832,,,,,
1,833,,,,,
1,834,,,,,
1,835,,,,,
1,836,,,,,
1,837,,,,,
1,838,,,,,
1,839,,,,,
1,840,,,,,
1,841,,,,,
1,842,,,,,
1,843,,,,,
1,844,,,,,
1,845,,,,,
1,846,,,,,
1,847,,,,,
1,848,,,,,
1,849,,,,,
1,850,,,,,
1,851,,,,,
1,852,,,,,
1,853,,,,,
1,854,,,,,
1,855,,,,,
1,856,,,,,
1,857,,,,,
1,858,,,,,
1,859,,,,,
1,860,,,,,
1,861,,,,,
1,862,,,,,
1,863,,,,,
1,864,,,,,
1,865,,,,,
1,866,,,,,
1,867,,,,,
1,868,,,,,
1,869,,,,,
1,870,,,,,
1,871,,,,,
1,872,,,,,
1,873,,,,,
1,874,,,,,
1,875,,,,,
1,876,,,,,
1,877,,,,,
1,878,,,,,
1,879,,,,,
1,880,,,,,
1,881,,,,,
1,882,,,,,
1,883,,,,,
1,884,,,,,
1,885,,,,,
1,886,,,,,
1,887,,,,,
1,888,,,,,
1,889,,,,,
1,890,,,,,
1,891,,,,,
1,892,,,,,
1,893,,,,,
1,894,,,,,
1,895,,,,,
1,896,,,,,
1,897,,,,,
1,898,,,,,
1,899,,,,,
1,900,,,,,
1,901,,,,,
1,902,,,,,
1,903,,,,,
1,904,,,,,
1,905,,,,,
1,906,,,,,
1,907,,,,,
1,908,,,,,
1,909,,,,,
1,910,,,,,
1,911,,,,,
1,912,,,,,
1,913,,,,,
1,914,,,,,
1,915,,,,,
1,916,,,,,
1,917,,,,,
1,918,,,,,
1,919,,,,,
1,920,,,,,
1,921,,,,,
1,922,,,,,
1,923,,,,,
1,924,,,,,
1,925,,,,,
1,926,,,,,
1,927,,,,,
1,928,,,,,
1,929,,,,,
1,930,,,,,
1,931,,,,,
1,932,,,,,
1,933,,,,,
1,934,,,,,
1,935,,,,,
1,936,,,,,
1,937,,,,,
1,938,,,,,
1,939,,,,,
1,940,,,,,
1,941,,,,,
1,942,,,,,
1,943,,,,,
1,944,,,,,
1,945,,,,,
1,946,,,,,
1,947,,,,,
1,948,,,,,
1,949,,,,,
1,950,,,,,
1,951,,,,,
1,952,,,,,
1,953,,,,,
1,954,,,,,
1,955,,,,,
1,956,,,,,
1,957,,,,,
1,958,,,,,
1,959,,,,,
1,960,,,,,
1,961,,,,,
1,962,,,,,
1,963,,,,,
1,964,,,,,
1,965,,,,,
1,966,,,,,
1,967,,,,,
1,968,,,,,
1,969,,,,,
1,970,,,,,
1,971,,,,,
1,972,,,,,
1,973,,,,,
1,974,,,,,
1,975,,,,,
1,976,,,,,
1,977,,,,,
1,978,,,,,
1,979,,,,,
1,980,,,,,
1,981,,,,,
1,982,,,,,
1,983,,,,,
1,984,,,,,
1,985,,,,,
1,986,,,,,
1,987,,,,,
1,988,,,,,
1,989,,,,,
1,990,,,,,
1,991,,,,,
1,992,,,,,
1,993,,,,,
1,994,,,,,
1,995,,,,,
1,996,,,,,
1,997,,,,,
1,998,,,,,
1,999,,,,,
1,1000,,,,,
1,1001,,,,,
1,1002,,,,,
1,1003,,,,,
1,1004,,,,,
1,1005,,,,,
1,1006,,,,,
1,1007,,,,,
1,1008,,,,,
1,1009,,,,,
1,1010,,,,,
1,1011,,,,,
1,1012,,,,,
1,1013,,,,,
1,1014,64.55,,,,
1,1015,61.72,,,,105.0
1,1016,,,,,
1,1017,,,,,
1,1018,,,,,
1,1019,,,,,
1,1020,,,,,
1,1021,,,,,
1,1022,76.32,,,,
1,1023,,,,,
1,1024,109.16,,,,
1,1025,126.57,,,,319.0
1,1026,59.26,,,,146.0
1,1027,51.72,,,,80.0
1,1028,67.4,,,,102.0
1,1029,79.49,,28.34,175.81,459.0
1,1030,112.25,,36.61,104.94,1426.0
1,1031,133.07,,51.06,70.84,1348.0
1,1032,93.96,,46.94,71.28,1073.0
1,1033,93.7,,53.13,55.17,952.0
1,1034,,,,,
1,1035,77.12,,25.16,3.96,
1,1036,,,,,
1,1037,,,,,
1,1038,96.65,,67.28,24.81,550.0
1,1039,107.09,,95.73,16.58,538.0
1,1040,119.02,,82.3,17.91,498.0
1,1041,83.86,,82.94,36.74,517.0
1,1042,72.67,,108.74,42.99,901.0
1,1043,94.32,,105.75,62.88,929.0
1,1044,89.0,,119.82,38.8,850.0
1,1045,85.35,,105.07,48.64,669.0
1,1046,101.25,,106.82,51.7,1141.0
1,1047,90.02,,99.02,47.15,707.0
1,1048,119.17,,98.11,98.33,1577.0
1,1049,207.19,,146.18,118.02,1747.0
1,1050,148.83,,29.79,45.88,1065.0
1,1051,85.32,,31.48,5.06,195.0
1,1052,143.07,,73.39,5.85,291.0
1,1053,140.88,,76.05,6.11,313.0
1,1054,99.77,,73.33,10.23,333.0
1,1055,119.99,,73.41,6.84,338.0
1,1056,111.92,,81.11,15.17,371.0
1,1057,96.51,,84.06,15.07,463.0
1,1058,80.52,,88.07,24.0,419.0
1,1059,92.8,,102.15,45.76,700.0
1,1060,102.26,,111.94,37.88,1043.0
1,1061,108.19,,109.21,55.69,1029.0
1,1062,93.87,,102.93,69.71,1041.0
1,1063,109.53,,117.71,55.08,1430.0
1,1064,79.34,,106.33,14.63,765.0
1,1065,93.05,,94.66,40.22,599.0
1,1066,85.51,,98.09,30.39,764.0
1,1067,80.89,,71.52,6.14,330.0
1,1068,58.62,,61.64,5.49,205.0
1,1069,68.53,,61.38,5.78,164.0
1,1070,81.38,,55.07,5.9,187.0
1,1071,56.54,,32.13,5.46,149.0
1,1072,74.08,,57.73,7.19,215.0
1,1073,62.76,,62.02,5.58,284.0
1,1074,86.09,,72.14,5.9,167.0
1,1075,59.74,,77.12,26.28,337.0
1,1076,87.13,,56.52,28.06,696.0
1,1077,52.15,,65.44,15.98,295.0
1,1078,67.51,,88.83,20.79,565.0
1,1079,70.08,,81.65,11.42,400.0
1,1080,86.9,,76.2,7.54,250.0
1,1081,77.34,,61.41,6.33,232.0
1,1082,65.93,,45.55,5.7,174.0
1,1083,66.58,,62.16,7.16,198.0
1,1084,62.24,,88.65,17.88,340.0
1,1085,62.07,,72.18,8.72,355.0
1,1086,72.04,,73.92,7.78,246.0
1,1087,67.44,,62.74,5.95,216.0
1,1088,77.76,,78.94,25.81,306.0
1,1089,96.71,,101.08,19.89,650.0
1,1090,75.14,,89.68,29.6,515.0
1,1091,69.27,,79.33,15.17,529.0
1,1092,71.54,,89.06,26.95,404.0
1,1093,104.13,,101.35,43.47,773.0
1,1094,88.93,,93.2,30.55,763.0
1,1095,82.03,,92.12,14.9,474.0
1,1096,84.43,,74.68,6.85,343.0
1,1097,84.46,,87.62,7.58,278.0
1,1098,76.51,,76.69,9.26,256.0
1,1099,63.88,,69.32,13.87,300.0
1,1100,81.1,,109.07,19.42,532.0
1,1101,73.61,,173.08,25.96,534.0
1,1102,75.79,,146.8,31.55,738.0
1,1103,77.87,,137.62,23.19,622.0
1,1104,77.72,,135.66,8.91,517.0
1,1105,66.89,,92.57,5.86,216.0
1,1106,74.57,,133.53,16.31,316.0
1,1107,89.1,,137.16,44.57,586.0
1,1108,110.34,,150.93,30.4,898.0
1,1109,82.53,,150.48,20.58,421.0
1,1110,108.01,,132.63,22.69,542.0
1,1111,92.94,,114.26,14.34,610.0
1,1112,87.3,,163.43,44.01,716.0
1,1113,89.06,,132.69,29.54,804.0
1,1114,51.61,,127.3,32.42,656.0
1,1115,91.13,,169.17,65.07,1201.0
1,1116,88.69,,164.88,52.45,
1,1117,108.92,,273.39,30.7,595.0
1,1118,89.63,,141.29,9.92,384.0
1,1119,55.27,,86.96,29.44,332.0
1,1120,97.88,,123.1,52.63,1155.0
1,1121,128.56,,160.65,89.57,1355.0
1,1122,103.63,,173.52,52.92,1367.0
1,1123,102.16,,145.55,15.17,795.0
1,1124,89.53,,122.51,35.38,430.0
1,1125,101.92,,189.67,65.27,1153.0
1,1126,117.99,,203.41,83.78,1414.0
1,1127,115.79,,166.11,42.54,1042.0
1,1128,189.12,,178.13,94.0,1613.0
1,1129,88.37,,155.73,15.14,433.0
1,1130,96.64,,201.59,73.16,692.0
1,1131,98.0,,201.17,71.48,620.0
1,1132,93.31,,186.16,49.85,617.0
1,1133,104.89,,153.96,25.46,590.0
1,1134,109.34,,156.18,27.03,856.0
1,1135,70.25,,140.78,48.11,587.0
1,1136,103.17,,173.67,108.99,1423.0
1,1137,185.77,,172.84,124.01,1917.0
1,1138,84.48,,99.65,20.33,471.0
1,1139,89.41,,130.93,28.93,488.0
1,1140,64.61,,117.16,10.31,471.0
1,1141,65.35,,104.31,6.17,172.0
1,1142,52.18,,106.89,32.36,390.0
1,1143,75.13,,176.38,36.67,802.0
1,1144,83.65,,180.34,47.49,1035.0
1,1145,220.49,,177.19,108.73,1477.0
1,1146,242.66,,199.17,132.47,2049.0
1,1147,114.78,,159.18,74.41,1314.0
1,1148,92.92,,164.78,66.96,1215.0
1,1149,91.66,,135.71,92.86,1483.0
1,1150,138.4,,141.97,134.85,1526.0
1,1151,,,,,
1,1152,38.82,,125.35,27.81,
1,1153,49.18,,135.69,30.05,460.0
1,1154,56.42,,152.62,35.02,700.0
1,1155,60.36,,177.23,18.78,831.0
1,1156,54.45,,116.22,8.51,291.0
1,1157,53.5,,105.31,4.52,132.0
1,1158,41.64,,104.44,13.79,212.0
1,1159,32.36,,78.27,25.68,717.0
1,1160,29.98,,114.5,22.14,525.0
1,1161,33.3,,128.12,52.23,777.0
1,1162,56.51,,121.56,10.58,807.0
1,1163,88.85,,147.44,46.93,520.0
1,1164,111.68,,119.71,41.3,1171.0
1,1165,114.06,,131.09,52.37,1332.0
1,1166,116.93,,118.96,31.48,1260.0
1,1167,84.19,,136.64,51.41,708.0
1,1168,98.53,,101.27,70.03,1108.0
1,1169,84.16,,91.61,17.12,761.0
1,1170,71.82,,77.57,37.72,541.0
1,1171,80.51,,83.56,80.75,1274.0
1,1172,133.48,,112.13,54.16,1241.0
1,1173,116.54,,140.86,45.17,1210.0
1,1174,98.49,,87.62,17.14,301.0
1,1175,160.68,,97.06,14.93,549.0
1,1176,102.05,,81.15,15.35,414.0
1,1177,100.33,,92.44,9.58,484.0
1,1178,99.73,,152.23,30.04,577.0
1,1179,104.22,,142.95,39.51,862.0
1,1180,109.8,,132.61,30.62,889.0
1,1181,124.44,,147.48,42.25,1001.0
1,1182,180.27,,156.21,63.29,1156.0
1,1183,138.6,,93.81,13.28,691.0
1,1184,139.21,,148.06,61.15,308.0
1,1185,154.09,,101.12,51.8,965.0
1,1186,121.0,,93.59,14.95,1434.0
1,1187,80.56,,126.32,44.37,579.0
1,1188,103.75,,98.54,22.81,1034.0
1,1189,75.68,,70.57,10.93,498.0
1,1190,62.83,,68.69,21.11,265.0
1,1191,104.23,,69.08,40.3,740.0
1,1192,91.04,,64.6,5.88,856.0
1,1193,90.13,,81.38,15.24,304.0
1,1194,160.43,,65.53,19.45,657.0
1,1195,94.55,,58.27,20.11,403.0
1,1196,124.59,,67.31,30.88,596.0
1,1197,92.5,,61.82,18.14,392.0
1,1198,86.29,,60.84,16.35,414.0
1,1199,104.21,,72.51,22.52,442.0
1,1200,88.5,,60.36,26.61,438.0
1,1201,84.47,,61.41,23.17,561.0
1,1202,73.54,,62.95,29.4,660.0
1,1203,53.89,,58.22,31.91,616.0
1,1204,60.08,,47.34,48.77,855.0
1,1205,53.13,,44.61,12.2,633.0
1,1206,71.3,,35.8,7.93,274.0
1,1207,37.9,,31.24,4.96,210.0
1,1208,78.18,,71.56,20.3,478.0
1,1209,56.35,,86.03,25.34,465.0
1,1210,59.66,,77.68,47.44,836.0
1,1211,114.6,,36.29,42.76,1235.0
1,1212,74.48,,51.25,9.84,525.0
1,1213,81.11,,48.95,25.37,525.0
1,1214,100.39,,42.83,10.39,650.0
1,1215,39.97,,32.39,7.15,219.0
1,1216,53.61,,37.01,16.93,328.0
1,1217,63.06,,28.22,13.88,351.0
1,1218,46.17,,30.48,10.7,286.0
1,1219,61.24,,35.33,14.21,337.0
1,1220,41.81,,27.69,8.66,249.0
1,1221,55.09,,33.93,15.63,376.0
1,1222,65.54,,36.07,13.95,415.0
1,1223,41.04,,28.36,7.56,228.0
1,1224,49.71,,28.6,9.59,266.0
1,1225,44.75,,28.9,10.25,257.0
1,1226,45.84,,29.72,26.72,409.0
1,1227,76.36,,33.82,8.33,524.0
1,1228,44.79,,32.12,7.28,222.0
1,1229,50.16,,28.17,13.86,332.0
1,1230,49.07,,30.74,8.51,272.0
1,1231,46.06,,27.6,7.07,232.0
1,1232,52.82,,28.48,9.88,247.0
1,1233,53.39,,30.28,6.91,254.0
1,1234,59.44,,31.77,6.67,236.0
1,1235,71.01,,38.17,7.69,273.0
1,1236,59.98,,31.95,8.89,273.0
1,1237,50.7,,33.44,8.58,256.0
1,1238,69.87,,34.82,6.96,217.0
1,1239,61.53,,42.53,10.41,291.0
1,1240,67.03,,38.68,10.37,314.0
1,1241,43.37,,35.01,20.03,355.0
1,1242,60.05,,40.83,22.86,587.0
1,1243,56.93,,30.45,10.46,535.0
1,1244,44.14,,18.82,18.18,366.0
1,1245,69.0,,7.32,25.24,404.0
1,1246,43.53,,58.56,17.41,
1,1247,16.63,,73.8,14.05,
1,1248,78.16,,55.31,18.21,355.0
1,1249,83.27,,50.38,15.82,338.0
1,1250,63.79,,48.44,14.35,351.0
1,1251,50.27,,46.15,9.53,280.0
1,1252,51.54,,51.04,13.48,297.0
1,1253,54.35,,50.45,11.58,319.0
1,1254,53.59,,45.53,10.18,247.0
1,1255,55.77,,45.87,13.06,321.0
1,1256,63.58,,43.32,13.97,319.0
1,1257,103.08,,59.19,16.31,345.0
1,1258,78.25,,35.12,24.41,492.0
1,1259,77.84,,31.88,35.49,491.0
1,1260,69.99,,43.61,39.53,503.0
1,1261,78.7,,42.9,43.78,523.0
1,1262,59.96,,36.48,43.3,539.0
1,1263,48.27,,36.24,38.0,492.0
1,1264,44.81,,35.46,41.38,513.0
1,1265,55.21,,35.74,39.11,497.0
1,1266,40.89,,44.16,29.34,433.0
1,1267,41.59,,49.96,35.38,484.0
1,1268,39.02,,49.53,33.35,471.0
1,1269,33.5,,49.55,38.95,502.0
1,1270,39.42,,51.25,35.54,495.0
1,1271,46.84,,54.72,65.72,486.0
1,1272,51.63,,43.38,44.96,524.0
1,1273,38.12,,45.66,40.63,556.0
1,1274,27.79,,41.59,37.69,508.0
1,1275,36.27,,45.79,25.63,413.0
1,1276,76.41,,53.18,26.44,421.0
1,1277,62.72,,50.49,21.89,400.0
1,1278,48.12,,61.63,19.06,361.0
1,1279,36.8,,53.33,21.07,385.0
1,1280,41.37,,38.1,25.53,428.0
1,1281,302.08,,28.1,27.2,440.0
1,1282,37.15,,58.02,34.33,510.0
1,1283,59.76,,57.8,29.58,513.0
1,1284,71.94,,98.32,17.35,365.0
1,1285,47.95,,151.73,17.08,336.0
1,1286,55.91,,66.69,19.87,377.0
1,1287,72.06,,59.1,24.72,442.0
1,1288,127.23,,37.32,29.02,421.0
1,1289,127.37,,40.59,25.58,428.0
1,1290,36.42,,49.52,30.52,472.0
1,1291,40.97,,113.8,29.94,478.0
1,1292,33.38,,62.15,20.68,422.0
1,1293,33.51,,40.85,17.84,347.0
1,1294,29.56,,74.11,30.82,461.0
1,1295,21.89,,63.9,27.75,447.0
1,1296,44.87,,68.29,31.41,486.0
1,1297,33.16,,54.23,31.02,510.0
1,1298,45.25,,61.65,35.01,576.0
1,1299,48.95,,63.01,25.57,485.0
1,1300,42.89,,51.28,34.86,488.0
1,1301,48.36,,57.71,43.24,613.0
1,1302,51.7,,54.05,39.25,577.0
1,1303,43.18,,51.27,29.79,474.0
1,1304,35.8,,48.89,29.72,458.0
1,1305,37.76,,45.39,23.91,428.0
1,1306,38.1,,47.92,27.77,429.0
1,1307,39.43,,47.83,29.96,461.0
1,1308,51.78,,45.29,28.69,450.0
1,1309,63.4,,48.24,26.58,453.0
1,1310,58.21,,49.85,25.51,459.0
1,1311,47.83,,49.36,25.73,468.0
1,1312,53.64,,52.64,22.52,424.0
1,1313,48.18,,51.41,18.31,366.0
1,1314,56.75,,59.07,28.82,465.0
1,1315,41.21,,38.73,25.18,434.0
1,1316,37.33,,47.75,29.18,470.0
1,1317,28.74,,45.61,25.17,455.0
1,1318,34.05,,46.79,27.58,489.0
1,1319,28.94,,53.02,21.18,431.0
1,1320,25.06,,54.71,25.26,402.0
1,1321,32.05,,48.62,29.19,469.0
1,1322,44.02,,54.33,30.74,476.0
1,1323,48.73,,47.11,27.87,459.0
1,1324,43.54,,39.05,12.25,342.0
1,1325,28.66,,55.15,18.31,311.0
1,1326,31.01,,63.76,26.43,467.0
1,1327,33.95,,67.31,30.33,429.0
1,1328,33.7,,59.07,24.01,490.0
1,1329,48.21,,66.43,29.28,445.0
1,1330,40.66,,61.16,30.95,499.0
1,1331,38.65,,60.26,30.68,482.0
1,1332,49.47,,63.28,34.28,527.0
1,1333,33.2,,56.35,36.15,556.0
1,1334,34.52,,51.26,31.19,482.0
1,1335,44.57,,57.85,33.12,597.0
1,1336,58.92,,67.8,26.74,491.0
1,1337,51.03,,63.05,26.37,460.0
1,1338,45.77,,54.56,33.34,510.0
1,1339,38.22,,60.3,41.0,623.0
1,1340,34.44,,58.49,35.18,577.0
1,1341,28.8,,49.07,28.47,440.0
1,1342,,,,,
1,1343,114.85,,85.74,33.16,
1,1344,20.8,,70.32,26.8,
1,1345,22.14,,68.25,28.37,520.0
1,1346,19.66,,65.16,24.39,518.0
1,1347,22.3,,74.87,34.43,524.0
1,1348,22.33,,74.32,40.34,576.0
1,1349,18.54,,58.57,43.81,688.0
1,1350,17.91,,57.3,32.15,521.0
1,1351,16.28,,57.19,26.67,447.0
1,1352,21.06,,53.85,29.17,477.0
1,1353,20.82,,53.22,31.54,481.0
1,1354,18.18,,62.81,33.85,500.0
1,1355,21.41,,75.42,32.1,530.0
1,1356,24.51,,82.95,34.65,696.0
1,1357,28.15,,88.14,29.08,580.0
1,1358,23.65,,74.6,22.79,546.0
1,1359,25.32,,85.39,38.95,631.0
1,1360,25.87,,100.26,23.11,876.0
1,1361,22.62,,121.4,23.36,493.0
1,1362,21.12,,66.12,22.46,410.0
1,1363,21.79,,63.21,25.94,398.0
1,1364,18.87,,85.35,27.35,457.0
1,1365,22.11,,100.39,24.68,428.0
1,1366,24.07,,133.0,20.32,413.0
1,1367,25.9,,165.62,40.29,680.0
1,1368,29.8,,169.17,42.91,787.0
1,1369,29.37,,163.3,42.88,862.0
1,1370,33.95,,191.14,59.21,951.0
1,1371,31.13,,177.13,26.73,712.0
1,1372,58.28,,127.95,15.84,483.0
1,1373,63.92,,102.78,12.95,379.0
1,1374,73.89,,53.74,4.5,214.0
1,1375,79.37,,62.42,30.71,508.0
1,1376,78.64,,68.8,32.81,713.0
1,1377,122.92,,94.67,34.89,688.0
1,1378,160.05,,115.92,34.65,844.0
1,1379,113.9,,68.38,46.02,786.0
1,1380,126.66,,112.69,33.97,664.0
1,1381,116.02,,98.22,44.47,914.0
1,1382,96.65,,110.33,25.15,536.0
1,1383,110.05,,114.23,19.73,403.0
1,1384,109.84,,104.87,23.16,427.0
1,1385,140.06,,146.82,28.2,685.0
1,1386,109.11,,118.85,29.19,558.0
1,1387,107.26,,94.48,26.76,487.0
1,1388,105.87,,90.33,18.18,453.0
1,1389,101.86,,105.96,27.99,559.0
1,1390,96.15,,80.49,94.41,1291.0
1,1391,88.58,,85.92,112.71,1350.0
1,1392,129.98,,97.96,81.12,1561.0
1,1393,103.71,,111.67,34.72,906.0
1,1394,121.11,,137.41,51.7,824.0
1,1395,82.49,,80.4,30.47,578.0
1,1396,72.93,,78.54,90.96,161.0
1,1397,94.08,,50.69,34.06,849.0
1,1398,82.88,,73.74,18.59,574.0
1,1399,88.69,,70.9,26.91,509.0
1,1400,82.52,,69.94,24.13,556.0
1,1401,72.11,,85.77,48.7,669.0
1,1402,78.48,,110.63,49.94,1217.0
1,1403,103.22,,102.84,68.97,1033.0
1,1404,70.39,,55.52,44.04,625.0
1,1405,107.9,,109.59,43.47,803.0
1,1406,117.08,,106.21,37.42,741.0
1,1407,162.18,,94.35,59.53,776.0
1,1408,205.21,,100.87,93.31,1630.0
1,1409,165.37,,95.3,70.6,1160.0
1,1410,110.7,,107.13,38.01,1056.0
1,1411,143.72,,102.87,65.62,1256.0
1,1412,91.56,,118.89,79.42,1154.0
1,1413,133.13,,155.59,77.55,1548.0
1,1414,143.52,,138.89,41.62,820.0
1,1415,83.28,,97.9,33.47,688.0
1,1416,75.58,,68.01,44.07,595.0
1,1417,93.73,,84.54,68.52,1354.0
1,1418,127.46,,77.65,108.81,1672.0
1,1419,98.6,,86.74,90.33,1472.0
1,1420,84.71,,83.28,88.34,1295.0
1,1421,86.52,,66.59,115.87,1646.0
1,1422,90.1,,87.75,57.16,1329.0
1,1423,68.52,,72.83,39.47,530.0
1,1424,86.43,,82.76,34.52,798.0
1,1425,70.51,,98.98,25.76,689.0
1,1426,78.48,,84.74,16.91,413.0
1,1427,63.75,,77.73,11.7,415.0
1,1428,68.3,,73.99,8.69,228.0
1,1429,91.23,,65.66,32.82,392.0
1,1430,92.74,,80.7,28.91,657.0
1,1431,96.58,,80.15,42.1,657.0
1,1432,91.37,,91.43,28.26,702.0
1,1433,88.02,,83.26,25.92,488.0
1,1434,96.82,,78.81,31.36,605.0
1,1435,96.89,,92.83,28.4,687.0
1,1436,109.2,,104.9,37.47,714.0
1,1437,94.95,,96.97,30.29,667.0
1,1438,75.42,,75.02,11.02,423.0
1,1439,73.07,,86.61,32.21,417.0
1,1440,98.25,,110.07,57.51,1158.0
1,1441,118.16,,102.68,60.28,938.0
1,1442,95.4,,78.91,41.8,920.0
1,1443,70.04,,78.1,14.87,336.0
1,1444,56.71,,60.4,7.45,275.0
1,1445,59.4,,47.87,7.23,191.0
1,1446,54.75,,43.7,6.99,172.0
1,1447,62.18,,55.29,7.67,198.0
1,1448,238.42,,73.22,26.3,381.0
1,1449,125.16,,96.16,46.84,800.0
1,1450,106.45,,78.1,56.46,967.0
1,1451,92.45,,85.56,46.89,978.0
1,1452,111.75,,90.59,89.19,1558.0
1,1453,106.19,,89.03,45.76,1300.0
1,1454,72.1,,94.32,11.61,355.0
1,1455,79.15,,92.85,12.74,370.0
1,1456,94.8,,79.56,23.18,448.0
1,1457,80.14,,71.98,86.91,1084.0
1,1458,89.14,,81.71,63.43,1319.0
1,1459,68.29,,82.74,16.94,379.0
1,1460,67.75,,81.78,17.63,396.0
1,1461,80.54,,77.0,71.11,744.0
1,1462,110.71,,111.56,63.03,1474.0
1,1463,147.57,,107.46,59.56,1246.0
1,1464,131.5,,75.82,119.68,1719.0
1,1465,102.12,,95.29,57.92,1264.0
1,1466,115.0,,111.04,63.86,1127.0
1,1467,84.84,,72.85,40.16,908.0
1,1468,74.62,,73.22,8.16,236.0
1,1469,89.72,,80.78,13.83,313.0
1,1470,84.03,,90.66,26.24,471.0
1,1471,82.79,,79.69,32.14,661.0
1,1472,76.38,,82.76,42.44,711.0
1,1473,66.01,,73.79,53.08,854.0
1,1474,116.42,,82.77,63.2,1258.0
1,1475,75.49,,61.8,9.04,407.0
1,1476,66.97,,37.35,6.96,172.0
1,1477,161.09,,116.48,101.89,116.0
1,1478,124.45,,97.63,96.21,1302.0
1,1479,95.15,,95.6,48.24,1275.0
1,1480,73.58,,80.71,32.68,527.0
1,1481,86.32,,104.79,49.43,839.0
1,1482,149.26,,85.92,78.38,1537.0
1,1483,70.06,,55.69,26.17,547.0
1,1484,86.59,,82.87,40.08,716.0
1,1485,74.12,,81.45,18.26,464.0
1,1486,52.92,,63.81,11.03,302.0
1,1487,47.26,,64.71,16.22,260.0
1,1488,52.79,,59.21,18.13,430.0
1,1489,63.68,,67.41,22.56,477.0
1,1490,73.37,,77.92,16.1,491.0
1,1491,55.24,,83.79,34.37,470.0
1,1492,83.1,,110.77,37.91,847.0
1,1493,76.87,,77.35,17.85,559.0
1,1494,47.01,,66.95,13.12,334.0
1,1495,54.77,,77.02,11.01,346.0
1,1496,103.13,,80.34,46.91,529.0
1,1497,117.59,,116.34,61.13,1261.0
1,1498,50.15,,67.96,9.02,254.0
1,1499,94.1,,44.91,10.62,308.0
1,1500,105.03,,56.09,10.13,290.0
1,1501,46.5,,79.42,15.39,340.0
1,1502,41.76,,77.13,20.48,492.0
1,1503,46.91,,86.07,14.6,343.0
1,1504,59.98,,76.66,50.93,604.0
1,1505,82.79,,86.15,45.8,1028.0
1,1506,62.6,,65.12,19.59,755.0
1,1507,72.53,,102.5,20.61,489.0
1,1508,44.69,,75.36,32.07,373.0
1,1509,54.18,,83.9,35.1,914.0
1,1510,81.84,,104.86,28.68,895.0
1,1511,46.48,,60.72,17.55,502.0
1,1512,62.32,,83.57,64.13,834.0
1,1513,37.26,,37.95,8.83,826.0
1,1514,37.96,,48.69,16.2,403.0
1,1515,34.1,,67.07,12.42,253.0
1,1516,64.5,,77.32,56.57,789.0
1,1517,50.97,,49.52,42.41,904.0
1,1518,64.44,,45.6,13.19,467.0
1,1519,51.5,,52.88,12.26,296.0
1,1520,33.38,,73.92,14.07,307.0
1,1521,42.11,,84.67,14.18,350.0
1,1522,46.35,,69.51,9.25,318.0
1,1523,61.32,,48.4,15.88,338.0
1,1524,48.84,,42.96,9.85,276.0
1,1525,39.23,,67.29,12.69,286.0
1,1526,45.37,,72.21,23.56,461.0
1,1527,55.7,,72.07,34.47,824.0
1,1528,54.11,,54.45,48.38,754.0
1,1529,52.68,,47.19,29.23,926.0
1,1530,44.12,,79.99,10.66,280.0
1,1531,46.52,,48.97,17.55,310.0
1,1532,57.06,,100.8,34.49,606.0
1,1533,84.14,,107.41,15.24,632.0
1,1534,52.24,,61.88,10.75,262.0
1,1535,62.44,,84.42,26.15,428.0
1,1536,66.97,,91.72,17.21,625.0
1,1537,75.05,,96.99,12.67,321.0
1,1538,60.5,,104.48,18.21,353.0
1,1539,88.33,,95.95,80.16,1017.0
1,1540,78.11,,60.29,13.65,876.0
1,1541,62.04,,60.52,24.16,380.0
1,1542,73.98,,64.62,43.21,730.0
1,1543,75.84,,95.28,41.7,998.0
1,1544,92.21,,69.96,26.17,917.0
1,1545,64.71,,81.65,20.95,402.0
1,1546,67.44,,86.7,15.64,404.0
1,1547,69.51,,85.74,54.2,559.0
1,1548,112.44,,88.16,61.37,1459.0
1,1549,133.21,,62.67,50.0,1222.0
1,1550,89.74,,68.97,33.94,869.0
1,1551,74.35,,58.93,11.84,471.0
1,1552,96.96,,88.34,16.25,353.0
1,1553,122.78,,99.37,36.74,679.0
1,1554,109.21,,90.25,47.6,688.0
1,1555,94.41,,84.32,20.27,1044.0
1,1556,97.92,,75.36,23.05,537.0
1,1557,97.68,,72.48,21.56,420.0
1,1558,99.9,,56.89,24.47,534.0
1,1559,78.55,,69.17,26.28,472.0
1,1560,73.58,,63.23,19.53,493.0
1,1561,64.02,,40.04,51.44,566.0
1,1562,81.22,,44.75,65.1,1121.0
1,1563,75.74,,67.43,21.38,944.0
1,1564,70.14,,68.1,20.83,395.0
1,1565,67.2,,57.38,11.75,406.0
1,1566,225.49,,62.65,29.7,649.0
1,1567,182.46,,59.22,15.24,428.0
1,1568,95.69,,60.62,9.19,392.0
1,1569,93.12,,72.4,8.88,274.0
1,1570,64.3,,95.27,10.74,354.0
1,1571,81.71,,128.87,23.23,419.0
1,1572,66.39,,77.36,60.25,1205.0
1,1573,92.59,,92.43,35.37,778.0
1,1574,84.47,,85.23,27.88,730.0
1,1575,76.98,,43.57,9.49,608.0
1,1576,,,,,
1,1577,,,,,
1,1578,84.95,,63.41,38.54,
1,1579,91.99,,46.84,75.71,1346.0
1,1580,110.7,,49.22,11.92,1015.0
1,1581,132.76,,65.49,9.13,255.0
1,1582,113.47,,70.08,23.43,518.0
1,1583,101.68,,76.61,24.04,604.0
1,1584,86.07,,62.42,13.77,315.0
1,1585,72.58,,54.32,14.52,326.0
1,1586,81.79,,58.23,19.4,449.0
1,1587,72.54,,74.87,23.99,455.0
1,1588,58.71,,70.34,12.69,398.0
1,1589,72.51,,57.84,15.56,346.0
1,1590,43.83,,43.77,11.8,291.0
1,1591,15.52,,,,
1,1592,,,,,
1,1593,,,,,
1,1594,,,,,
1,1595,46.04,141.54,130.23,17.26,
1,1596,37.55,122.41,85.12,15.08,281.0
1,1597,33.97,116.32,79.71,14.67,330.0
1,1598,35.48,130.07,77.61,18.02,356.0
1,1599,34.11,138.31,75.23,13.27,359.0
1,1600,33.69,111.73,68.9,34.56,547.0
1,1601,42.31,118.65,81.84,17.47,813.0
1,1602,24.6,103.88,81.24,11.03,321.0
1,1603,27.93,103.3,76.75,11.44,270.0
1,1604,41.39,135.65,89.1,14.29,323.0
1,1605,46.79,148.0,93.27,14.31,344.0
1,1606,51.63,156.97,89.18,17.96,404.0
1,1607,63.15,177.87,100.08,28.03,558.0
1,1608,57.47,163.36,112.68,21.39,435.0
1,1609,50.27,156.63,103.05,21.02,440.0
1,1610,42.02,140.66,71.51,16.43,374.0
1,1611,48.74,153.69,91.02,19.89,515.0
1,1612,46.51,136.34,85.37,16.75,360.0
1,1613,48.1,142.06,70.71,23.83,467.0
1,1614,41.38,119.91,70.35,21.8,402.0
1,1615,46.46,134.2,74.31,22.33,419.0
1,1616,39.68,117.51,77.12,20.89,408.0
1,1617,38.27,113.84,61.74,18.87,402.0
1,1618,35.06,127.56,68.94,12.63,303.0
1,1619,30.07,124.01,122.88,15.49,354.0
1,1620,48.74,135.9,154.42,16.38,358.0
1,1621,35.3,120.77,146.65,15.2,324.0
1,1622,34.31,115.46,127.02,16.31,360.0
1,1623,33.97,107.59,135.26,15.38,348.0
1,1624,41.08,156.33,140.5,12.8,333.0
1,1625,25.56,77.07,120.8,13.75,321.0
1,1626,26.75,103.12,112.66,14.4,338.0
1,1627,32.71,96.84,116.69,18.89,369.0
1,1628,32.79,107.15,103.69,25.17,397.0
1,1629,28.02,104.64,115.78,25.92,414.0
1,1630,26.92,72.7,130.64,22.25,363.0
1,1631,69.38,171.87,145.75,19.2,371.0
1,1632,42.08,125.62,155.72,30.2,565.0
1,1633,35.67,103.64,147.44,18.86,348.0
1,1634,63.09,152.67,163.54,12.65,184.0
1,1635,46.13,102.66,146.55,14.35,328.0
1,1636,57.49,115.42,277.31,21.05,440.0
1,1637,49.23,97.91,174.15,19.38,411.0
1,1638,70.03,136.54,213.58,24.95,469.0
1,1639,60.03,109.4,176.24,25.55,436.0
1,1640,49.43,102.77,164.64,29.88,517.0
1,1641,59.63,112.5,184.07,41.59,640.0
1,1642,53.13,117.3,107.86,29.06,465.0
1,1643,43.22,104.74,168.15,28.45,486.0
1,1644,44.75,114.84,119.51,24.72,446.0
1,1645,44.27,96.61,118.73,24.13,426.0
1,1646,47.77,102.68,144.03,39.11,534.0
1,1647,47.88,116.88,106.12,37.12,610.0
1,1648,47.71,100.89,171.04,34.67,491.0
1,1649,34.72,80.67,148.91,26.15,451.0
1,1650,37.99,113.3,113.12,35.85,509.0
1,1651,41.69,120.12,137.36,36.14,491.0
1,1652,45.31,128.97,157.22,40.51,524.0
1,1653,43.48,116.84,103.67,37.34,575.0
1,1654,41.97,109.2,107.17,30.92,490.0
1,1655,38.49,101.6,117.03,36.22,503.0
1,1656,41.7,109.85,102.72,24.82,469.0
1,1657,42.43,116.7,114.44,32.1,455.0
1,1658,38.99,114.94,103.79,31.97,488.0
1,1659,34.92,114.11,110.39,30.5,513.0
1,1660,32.7,105.78,103.72,26.0,466.0
1,1661,44.65,120.74,135.12,25.34,429.0
1,1662,51.63,130.55,156.06,27.48,459.0
1,1663,48.67,104.86,152.96,17.33,385.0
1,1664,37.73,82.63,115.28,13.1,309.0
1,1665,73.98,202.3,168.45,17.81,587.0
1,1666,52.55,172.36,99.11,27.02,482.0
1,1667,48.26,165.97,157.23,35.25,502.0
1,1668,46.8,98.91,32.44,34.26,469.0
1,1669,39.43,98.23,43.0,26.55,413.0
1,1670,47.55,100.1,30.99,32.36,478.0
1,1671,43.84,148.04,42.69,33.11,515.0
1,1672,41.45,,30.62,31.74,461.0
1,1673,28.8,,50.61,32.52,
1,1674,47.31,110.65,23.06,59.19,957.0
1,1675,56.72,139.31,45.13,45.45,685.0
1,1676,45.43,118.95,30.0,36.56,492.0
1,1677,37.7,106.26,37.43,25.9,464.0
1,1678,43.43,153.39,33.44,29.34,477.0
1,1679,50.53,181.39,57.64,38.94,564.0
1,1680,60.09,199.34,30.12,40.91,545.0
1,1681,57.61,195.84,47.73,35.46,530.0
1,1682,44.1,99.59,72.53,26.54,448.0
1,1683,22.26,50.03,41.31,28.38,440.0
1,1684,37.97,95.65,39.57,33.04,452.0
1,1685,46.3,160.82,47.9,40.24,573.0
1,1686,41.77,175.24,49.65,28.77,467.0
1,1687,47.52,184.48,36.01,33.11,492.0
1,1688,50.55,117.04,52.84,31.12,471.0
1,1689,27.6,75.1,48.35,33.81,505.0
1,1690,41.4,143.82,41.39,30.09,473.0
1,1691,44.46,134.58,73.54,36.78,539.0
1,1692,39.88,184.17,60.79,34.38,627.0
1,1693,46.58,138.91,53.62,26.7,466.0
1,1694,36.44,151.31,60.1,24.36,465.0
1,1695,45.37,176.7,64.69,24.41,462.0
1,1696,47.67,182.75,53.56,25.81,523.0
1,1697,41.31,142.75,55.93,18.93,385.0
1,1698,30.82,119.98,57.44,21.13,360.0
1,1699,45.77,164.31,56.76,36.07,532.0
1,1700,58.51,142.29,36.67,46.11,651.0
1,1701,36.1,88.66,46.87,27.22,434.0
1,1702,38.5,93.7,47.69,37.89,517.0
1,1703,40.53,118.21,43.33,36.0,563.0
1,1704,37.05,111.11,48.51,30.71,464.0
1,1705,31.28,87.45,47.49,24.16,420.0
1,1706,25.64,69.07,52.47,25.23,419.0
1,1707,40.18,82.81,49.59,29.4,447.0
1,1708,39.16,86.22,62.06,16.72,401.0
1,1709,45.55,69.01,82.99,20.81,446.0
1,1710,55.43,80.39,81.63,22.28,432.0
1,1711,35.05,77.28,54.26,25.02,454.0
1,1712,33.15,59.41,48.34,18.87,408.0
1,1713,38.7,69.84,61.48,21.33,381.0
1,1714,45.2,69.26,72.02,23.33,468.0
1,1715,59.4,196.25,46.05,45.92,
1,1716,,,39.61,49.78,
1,1717,64.45,,58.92,51.32,
1,1718,59.96,,69.61,40.14,629.0
1,1719,66.21,171.53,44.57,37.54,793.0
1,1720,38.0,107.96,53.2,23.87,495.0
1,1721,44.41,102.31,236.79,36.34,528.0
1,1722,50.66,126.48,94.87,25.45,570.0
1,1723,73.61,133.78,129.85,31.7,708.0
1,1724,27.17,55.41,61.34,11.26,314.0
1,1725,39.27,73.22,132.09,17.41,386.0
1,1726,45.4,85.77,128.45,13.26,356.0
1,1727,59.74,108.29,112.62,19.33,398.0
1,1728,58.49,89.47,124.86,18.72,476.0
1,1729,61.46,103.64,112.12,23.56,572.0
1,1730,39.34,59.29,96.73,18.91,427.0
1,1731,28.2,40.35,80.73,18.36,466.0
1,1732,30.18,48.65,99.02,24.72,438.0
1,1733,20.71,44.65,79.1,14.94,432.0
1,1734,21.94,34.95,65.04,11.62,322.0
1,1735,33.66,56.01,92.52,11.85,266.0
1,1736,51.11,106.2,118.26,21.47,430.0
1,1737,57.08,126.9,98.77,18.9,528.0
1,1738,49.88,127.47,101.3,25.05,512.0
1,1739,57.65,138.99,168.74,49.58,614.0
1,1740,68.62,117.69,132.77,55.22,954.0
1,1741,99.81,155.39,162.56,36.34,1217.0
1,1742,73.52,153.75,171.17,45.99,659.0
1,1743,108.07,195.19,204.06,82.73,1389.0
1,1744,117.13,188.14,199.03,59.24,1195.0
1,1745,70.26,153.84,211.8,34.88,615.0
1,1746,109.48,212.8,245.62,68.52,904.0
1,1747,194.36,335.86,207.05,119.3,1595.0
1,1748,98.5,231.88,221.25,45.18,
1,1749,96.74,208.83,229.45,57.78,919.0
1,1750,90.7,188.75,219.01,51.18,1190.0
1,1751,100.06,175.79,239.1,39.85,956.0
1,1752,109.01,174.56,217.53,40.53,1124.0
1,1753,87.87,154.68,186.56,6.94,318.0
1,1754,89.05,129.36,159.1,5.69,228.0
1,1755,81.62,118.57,121.02,1.7,225.0
1,1756,84.9,128.62,108.85,3.67,258.0
1,1757,46.84,83.85,114.63,6.05,249.0
1,1758,53.59,106.77,152.09,4.79,270.0
1,1759,82.74,148.8,186.72,7.26,334.0
1,1760,62.7,108.91,86.91,1.41,273.0
1,1761,57.54,81.3,72.14,7.32,199.0
1,1762,75.12,158.06,68.64,7.95,212.0
1,1763,37.74,93.24,62.2,7.42,200.0
1,1764,20.1,52.97,74.41,16.72,305.0
1,1765,54.57,135.53,115.84,22.31,502.0
1,1766,63.17,145.88,112.58,9.85,362.0
1,1767,42.27,111.98,87.8,10.87,275.0
1,1768,33.68,69.15,115.67,23.59,351.0
1,1769,69.31,112.61,175.04,28.8,636.0
1,1770,84.29,131.73,203.26,17.04,346.0
1,1771,112.08,171.65,192.27,28.47,561.0
1,1772,56.86,79.47,156.28,15.77,358.0
1,1773,64.96,92.32,157.51,14.87,316.0
1,1774,48.99,107.67,163.7,14.05,358.0
1,1775,68.07,133.46,155.92,9.16,282.0
1,1776,84.08,170.94,208.92,17.69,289.0
1,1777,100.47,217.53,292.02,47.92,733.0
1,1778,88.0,145.34,226.03,18.8,638.0
1,1779,49.19,116.2,202.95,20.01,415.0
1,1780,43.56,94.58,121.43,10.3,411.0
1,1781,70.05,133.55,145.72,28.74,433.0
1,1782,58.66,78.4,136.69,29.52,632.0
1,1783,62.15,94.91,147.33,42.34,883.0
1,1784,52.04,85.17,112.69,39.43,884.0
1,1785,46.54,93.8,97.74,34.48,552.0
1,1786,55.43,91.22,109.17,17.98,662.0
1,1787,55.5,95.86,99.44,17.1,356.0
1,1788,58.97,104.2,106.63,19.45,477.0
1,1789,60.38,98.67,98.24,17.72,443.0
1,1790,73.87,106.75,110.17,20.3,378.0
1,1791,64.06,101.44,92.88,16.8,441.0
1,1792,53.91,108.89,98.4,11.11,411.0
1,1793,38.15,89.99,140.56,7.78,236.0
1,1794,48.47,87.26,103.61,5.55,212.0
1,1795,46.95,86.39,86.67,8.07,199.0
1,1796,43.06,79.08,81.68,5.26,248.0
1,1797,46.74,76.39,60.49,4.02,192.0
1,1798,41.61,83.5,54.14,3.87,134.0
1,1799,77.66,99.48,62.09,4.32,140.0
1,1800,65.48,121.86,82.62,7.8,197.0
1,1801,64.87,122.33,71.51,14.15,344.0
1,1802,93.24,157.33,83.89,9.08,276.0
1,1803,92.26,135.81,76.33,12.09,293.0
1,1804,78.95,123.59,54.51,12.83,329.0
1,1805,86.88,143.98,35.11,26.73,458.0
1,1806,72.3,118.19,24.48,26.27,538.0
1,1807,62.39,116.84,14.9,14.39,520.0
1,1808,52.59,92.57,11.32,6.92,242.0
1,1809,63.33,99.3,14.79,4.66,157.0
1,1810,48.58,93.92,12.0,2.56,177.0
1,1811,45.47,89.73,20.62,5.2,145.0
1,1812,54.42,102.4,25.45,5.67,237.0
1,1813,72.45,116.1,25.88,8.84,231.0
1,1814,89.97,155.63,28.82,28.91,391.0
1,1815,104.25,163.95,23.33,29.17,712.0
1,1816,64.25,121.71,34.29,10.97,206.0
1,1817,60.17,104.08,18.36,3.75,170.0
1,1818,57.99,97.02,17.47,2.2,113.0
1,1819,49.63,95.51,19.99,1.89,113.0
1,1820,53.0,98.1,20.11,4.07,166.0
1,1821,52.77,95.25,31.26,6.64,216.0
1,1822,39.89,83.69,50.41,17.34,381.0
1,1823,43.95,85.68,45.51,11.4,288.0
1,1824,53.52,89.41,43.92,30.94,398.0
1,1825,69.1,115.57,45.08,34.49,703.0
1,1826,74.18,126.67,22.77,6.36,385.0
1,1827,79.57,131.62,12.64,3.78,216.0
1,1828,72.59,128.86,14.38,3.63,162.0
1,1829,69.54,128.99,15.13,7.06,220.0
1,1830,66.2,138.47,20.79,8.97,254.0
1,1831,55.99,110.41,15.34,5.41,255.0
1,1832,46.96,109.44,16.88,7.17,175.0
1,1833,70.06,161.09,22.67,7.37,285.0
1,1834,61.4,118.44,16.33,2.38,157.0
1,1835,38.89,93.4,14.14,2.41,129.0
1,1836,56.14,108.83,11.65,2.5,129.0
1,1837,59.96,109.98,14.37,2.38,114.0
1,1838,83.9,152.94,20.66,8.81,212.0
1,1839,89.34,143.84,19.05,8.08,368.0
1,1840,39.83,44.53,16.42,3.26,189.0
1,1841,53.27,90.4,16.01,3.59,142.0
1,1842,40.07,79.32,13.41,3.75,152.0
1,1843,80.24,219.84,15.61,20.06,334.0
1,1844,59.51,106.43,25.39,24.98,547.0
1,1845,36.05,79.23,22.26,13.05,375.0
1,1846,36.21,82.86,15.65,20.86,384.0
1,1847,51.15,123.03,25.32,33.0,529.0
1,1848,51.32,121.82,23.56,20.18,449.0
1,1849,38.71,88.47,16.11,10.39,483.0
1,1850,40.83,96.12,19.84,18.14,
1,1851,61.05,132.46,23.86,19.52,
1,1852,62.03,191.09,12.48,118.0,
1,1853,33.93,85.43,30.39,9.53,
1,1854,18.03,66.54,18.02,11.31,289.0
1,1855,28.77,73.99,21.98,20.76,204.0
1,1856,41.74,92.88,26.88,36.07,528.0
1,1857,57.28,109.84,50.06,36.16,660.0
1,1858,88.79,125.19,54.23,15.2,483.0
1,1859,52.31,97.67,38.28,9.38,336.0
1,1860,68.19,106.14,45.94,10.08,272.0
1,1861,80.59,127.97,59.9,29.48,571.0
1,1862,77.56,137.39,59.03,30.93,568.0
1,1863,56.5,121.52,55.49,6.1,387.0
1,1864,66.87,127.71,53.47,23.75,322.0
1,1865,95.25,160.18,54.77,14.56,652.0
1,1866,69.85,124.4,40.74,6.25,215.0
1,1867,64.94,116.45,47.28,8.62,223.0
1,1868,79.58,145.12,55.78,12.48,340.0
1,1869,83.67,164.2,56.27,27.61,475.0
1,1870,88.83,182.12,45.43,57.7,974.0
1,1871,50.55,116.51,57.55,18.72,412.0
1,1872,73.04,136.02,67.15,24.78,480.0
1,1873,59.47,124.36,63.11,14.28,388.0
1,1874,62.48,147.78,50.12,43.22,543.0
1,1875,85.33,163.52,54.08,59.34,1226.0
1,1876,114.79,217.94,80.38,42.62,1291.0
1,1877,65.74,164.24,70.75,22.33,493.0
1,1878,60.61,133.31,52.78,10.49,407.0
1,1879,36.35,97.03,52.87,4.78,168.0
1,1880,54.06,104.74,51.33,4.22,219.0
1,1881,68.68,141.39,74.32,10.92,282.0
1,1882,73.18,193.22,94.67,31.41,528.0
1,1883,137.81,242.98,124.33,70.45,983.0
1,1884,94.27,177.11,92.35,92.96,1262.0
1,1885,79.68,169.52,91.2,57.77,962.0
1,1886,53.86,136.6,75.13,17.8,421.0
1,1887,53.06,123.32,59.64,22.34,475.0
1,1888,56.2,149.92,62.85,23.13,508.0
1,1889,77.58,155.65,60.32,21.26,460.0
1,1890,49.16,125.88,31.08,7.4,246.0
1,1891,43.75,115.5,24.16,8.43,261.0
1,1892,54.05,128.08,28.74,10.7,308.0
1,1893,51.32,140.9,41.31,12.19,359.0
1,1894,35.04,85.35,45.21,7.87,325.0
1,1895,37.02,90.26,32.91,5.55,170.0
1,1896,37.67,94.36,17.52,2.28,116.0
1,1897,31.12,80.79,21.51,3.56,152.0
1,1898,41.19,114.05,31.18,6.04,218.0
1,1899,41.72,97.7,24.99,6.95,302.0
1,1900,39.57,111.46,35.3,4.0,170.0
1,1901,39.42,115.8,31.33,5.11,215.0
1,1902,36.03,90.32,34.32,3.89,222.0
1,1903,53.07,112.92,37.65,16.02,310.0
1,1904,58.54,124.58,44.39,15.45,487.0
1,1905,101.09,162.86,43.66,15.07,988.0
1,1906,50.47,109.06,35.13,4.67,
1,1907,74.43,132.17,31.56,9.82,296.0
1,1908,48.16,122.17,18.27,5.47,180.0
1,1909,44.61,112.32,31.4,4.98,247.0
1,1910,31.89,98.52,25.2,2.96,135.0
1,1911,33.25,91.38,33.45,4.28,195.0
1,1912,43.67,91.12,26.61,7.11,216.0
1,1913,22.93,37.12,18.52,5.23,193.0
1,1914,37.73,72.43,35.52,4.67,160.0
1,1915,20.67,75.48,26.98,3.08,125.0
1,1916,28.55,89.1,38.65,4.11,140.0
1,1917,29.97,98.96,22.08,3.85,145.0
1,1918,24.79,86.06,21.29,4.5,153.0
1,1919,25.52,88.12,24.24,4.46,164.0
1,1920,33.48,87.96,41.44,4.51,173.0
1,1921,39.44,84.83,39.88,3.82,182.0
1,1922,43.77,87.96,40.99,3.35,152.0
1,1923,46.64,95.3,29.6,3.75,145.0
1,1924,45.8,104.5,16.8,3.87,159.0
1,1925,36.3,90.07,15.65,5.19,183.0
1,1926,32.12,89.74,21.61,5.07,168.0
1,1927,30.73,78.56,28.65,0.59,113.0
1,1928,30.18,74.99,34.81,0.45,89.0
1,1929,26.7,72.83,27.0,0.36,101.0
1,1930,18.77,61.54,23.01,0.39,95.0
1,1931,31.16,72.09,25.9,0.37,89.0
1,1932,23.69,64.81,17.18,0.43,88.0
1,1933,38.65,81.47,26.76,0.36,95.0
1,1934,30.8,76.25,25.97,0.36,92.0
1,1935,30.69,107.31,22.57,0.41,96.0
1,1936,21.27,65.12,13.93,0.36,99.0
1,1937,29.84,77.98,15.77,0.34,86.0
1,1938,27.81,73.99,16.32,0.39,87.0
1,1939,32.11,94.34,17.95,0.45,101.0
1,1940,31.67,81.09,16.17,0.35,106.0
1,1941,27.19,82.36,16.13,0.28,110.0
1,1942,28.25,70.48,13.88,0.38,98.0
1,1943,25.91,73.35,13.82,0.4,101.0
1,1944,31.76,81.16,19.95,0.46,117.0
1,1945,32.55,87.41,23.58,0.46,130.0
1,1946,27.15,76.73,24.82,0.67,122.0
1,1947,26.93,74.38,17.05,0.46,128.0
1,1948,28.71,89.91,13.32,0.54,128.0
1,1949,22.56,63.23,15.16,0.56,131.0
1,1950,23.82,62.1,16.38,0.64,121.0
1,1951,23.73,69.88,15.87,0.73,130.0
1,1952,33.47,134.83,29.05,0.54,143.0
1,1953,26.52,79.38,18.06,0.67,146.0
1,1954,30.45,75.08,21.48,0.4,135.0
1,1955,26.79,66.34,14.99,0.51,127.0
1,1956,23.79,74.56,16.64,0.55,122.0
1,1957,26.17,62.14,14.73,0.77,125.0
1,1958,21.31,66.1,15.01,0.54,125.0
1,1959,21.94,69.06,16.95,0.58,135.0
1,1960,23.19,67.28,17.46,0.48,117.0
1,1961,21.9,64.39,18.73,0.49,127.0
1,1962,19.15,78.8,19.59,0.51,125.0
1,1963,35.75,107.68,18.72,0.39,136.0
1,1964,27.28,63.5,18.56,0.68,137.0
1,1965,20.85,61.13,21.35,0.62,133.0
1,1966,23.98,56.9,26.56,0.61,133.0
1,1967,25.6,82.26,22.47,0.69,132.0
1,1968,33.35,84.99,25.02,0.56,130.0
1,1969,31.38,90.28,35.67,0.65,142.0
1,1970,29.26,82.26,22.23,0.67,135.0
1,1971,25.47,67.79,17.85,0.81,140.0
1,1972,24.84,70.95,16.03,0.57,126.0
1,1973,29.78,99.14,19.35,0.59,126.0
1,1974,31.25,89.65,21.42,0.83,123.0
1,1975,30.7,86.02,18.84,0.56,117.0
1,1976,23.91,81.0,18.6,0.57,126.0
1,1977,25.71,66.36,16.46,0.41,112.0
1,1978,22.83,67.92,15.35,0.4,104.0
1,1979,31.02,312.28,22.62,0.64,126.0
1,1980,131.88,173.4,41.56,0.45,152.0
1,1981,,586.27,43.36,0.44,
1,1982,26.08,84.25,37.3,0.79,101.0
1,1983,30.72,88.9,33.6,0.63,92.0
1,1984,33.19,65.77,39.76,0.71,95.0
1,1985,20.67,69.5,34.11,0.82,93.0
1,1986,22.92,70.97,28.47,0.57,97.0
1,1987,21.17,81.73,25.68,0.86,84.0
1,1988,23.62,94.06,20.92,0.85,101.0
1,1989,20.4,66.21,26.94,0.68,92.0
1,1990,21.4,93.89,22.4,0.85,105.0
1,1991,21.72,62.28,28.15,1.18,98.0
1,1992,24.1,87.14,27.53,0.86,96.0
1,1993,21.21,92.72,31.93,0.85,96.0
1,1994,31.49,94.09,24.73,0.85,80.0
1,1995,14.79,11.5,19.65,0.81,95.0
1,1996,12.1,89.23,36.24,0.56,
1,1997,17.65,135.16,33.84,0.71,108.0
1,1998,22.9,120.7,15.81,0.5,124.0
1,1999,24.28,138.12,12.44,0.7,106.0
1,2000,19.02,98.37,16.76,0.52,75.0
1,2001,22.2,88.99,15.67,0.51,85.0
1,2002,30.29,,25.92,0.75,91.0
1,2003,32.56,142.43,24.83,0.65,95.0
1,2004,36.48,150.65,30.78,0.59,93.0
1,2005,62.12,118.67,56.35,0.49,92.0
1,2006,31.57,,23.99,0.52,82.0
1,2007,29.75,127.98,25.15,0.67,74.0
1,2008,40.02,121.1,58.92,0.73,98.0
1,2009,37.63,,35.04,0.28,119.0
2,1897,32.69,47.91,2.85,0.6,
2,1898,31.21,38.66,1.27,0.56,52.0
2,1899,38.39,46.68,0.91,0.57,60.0
2,1900,43.23,50.83,1.07,0.57,62.0
2,1901,33.82,41.03,0.36,0.48,70.0
2,1902,27.14,35.04,2.32,0.5,54.0
2,1903,27.32,35.75,2.14,0.48,40.0
2,1904,31.76,41.51,1.48,0.47,51.0
2,1905,43.8,53.59,1.31,0.48,63.0
2,1906,35.48,44.02,0.83,0.49,69.0
2,1907,51.27,60.05,0.88,0.49,70.0
2,1908,33.24,40.33,0.13,0.37,71.0
2,1909,35.34,41.55,0.16,0.32,53.0
2,1910,47.34,56.65,0.14,0.37,66.0
2,1911,53.64,62.86,0.17,0.44,92.0
2,1912,54.9,62.7,0.13,0.42,89.0
2,1913,44.64,53.86,0.11,0.4,82.0
2,1914,51.33,60.03,0.35,0.44,71.0
2,1915,34.54,41.95,0.13,0.36,81.0
2,1916,39.47,48.07,0.24,0.42,60.0
2,1917,27.27,33.9,0.25,0.4,51.0
2,1918,38.6,49.19,0.26,0.45,62.0
2,1919,36.22,48.66,0.25,0.4,64.0
2,1920,30.35,39.84,0.21,0.29,54.0
2,1921,24.05,41.95,0.25,0.26,43.0
2,1922,26.47,33.51,0.08,0.31,44.0
2,1923,35.13,43.65,0.15,0.31,48.0
2,1924,33.19,42.17,0.3,0.3,61.0
2,1925,24.92,31.74,0.18,0.27,45.0
2,1926,39.15,45.79,0.31,0.39,59.0
2,1927,38.01,45.39,0.13,0.41,64.0
2,1928,30.06,35.53,0.17,0.37,55.0
2,1929,21.7,27.32,0.12,0.27,41.0
2,1930,28.33,33.24,0.39,0.36,42.0
2,1931,46.26,49.81,0.45,0.47,64.0
2,1932,40.72,48.87,0.51,0.42,76.0
2,1933,22.63,28.06,0.33,0.28,49.0
2,1934,15.06,19.85,0.36,0.22,33.0
2,1935,19.5,25.12,0.25,0.25,31.0
2,1936,10.48,14.73,0.11,0.22,24.0
2,1937,11.79,18.9,0.95,0.25,24.0
2,1938,9.53,20.94,0.75,0.27,23.0
2,1939,8.53,11.26,0.34,0.24,20.0
2,1940,10.42,14.56,0.26,0.26,19.0
2,1941,5.74,9.67,0.34,0.21,19.0
2,1942,3.14,5.83,0.2,0.18,19.0
2,1943,1.97,4.06,0.13,0.18,18.0
2,1944,5.4,9.88,0.27,0.25,19.0
2,1945,3.55,7.84,0.18,0.26,19.0
2,1946,3.85,6.78,0.17,0.21,19.0
2,1947,4.49,8.9,0.3,0.24,19.0
2,1948,7.92,12.97,0.35,0.3,20.0
2,1949,8.24,13.13,0.23,0.28,20.0
2,1950,5.48,9.88,0.08,0.19,19.0
2,1951,6.32,11.92,0.22,0.23,19.0
2,1952,10.16,14.63,0.25,0.27,19.0
2,1953,6.15,8.99,0.63,0.24,20.0
2,1954,3.93,6.85,0.18,0.27,20.0
2,1955,13.61,17.4,0.49,0.32,20.0
2,1956,13.29,19.14,0.34,0.37,24.0
2,1957,16.09,20.04,0.09,0.31,24.0
2,1958,25.35,31.71,0.69,0.39,35.0
2,1959,27.97,33.56,0.44,0.42,46.0
2,1960,23.72,28.88,0.6,0.37,46.0
2,1961,21.05,24.86,0.65,0.32,33.0
2,1962,14.82,19.67,0.35,0.31,31.0
2,1963,8.3,12.62,0.29,0.27,21.0
2,1964,12.42,18.0,0.12,0.23,20.0
2,1965,17.92,25.29,0.56,0.38,26.0
2,1966,18.83,24.52,0.48,0.36,32.0
2,1967,6.53,10.27,0.51,0.31,24.0
2,1968,8.97,14.44,0.34,0.21,20.0
2,1969,14.67,19.13,0.36,0.25,22.0
2,1970,16.13,21.52,0.27,0.25,22.0
2,1971,13.4,19.09,0.09,0.19,27.0
2,1972,9.72,14.84,0.28,0.19,20.0
2,1973,9.03,13.23,0.42,0.22,19.0
2,1974,1.96,4.32,0.62,0.21,21.0
2,1975,3.47,9.67,0.35,0.24,21.0
2,1976,3.62,7.84,0.47,0.24,20.0
2,1977,3.43,7.24,0.21,0.22,20.0
2,1978,3.68,7.45,0.08,0.17,19.0
2,1979,4.52,9.11,0.59,0.22,19.0
2,1980,3.96,8.56,0.21,0.24,20.0
2,1981,2.33,6.33,0.29,0.24,20.0
2,1982,2.17,4.57,0.22,0.19,19.0
2,1983,2.49,7.33,0.7,0.24,31.0
2,1984,2.81,6.19,0.15,0.21,20.0
2,1985,5.2,,0.09,0.18,19.0
2,1986,14.44,22.3,0.76,0.41,25.0
2,1987,10.08,13.04,0.13,0.33,23.0
2,1988,1.54,2.79,0.1,0.22,19.0
2,1989,,6.11,0.31,0.21,
2,1990,0.99,8.1,0.25,0.2,19.0
2,1991,1.4,5.8,0.07,0.17,19.0
2,1992,0.98,4.59,0.07,0.16,19.0
2,1993,1.19,4.99,0.07,0.17,19.0
2,1994,1.14,6.19,0.37,0.17,19.0
2,1995,,1.99,0.33,0.16,20.0
2,1996,1.25,9.1,0.22,0.15,20.0
2,1997,5.92,19.02,0.26,0.2,20.0
2,1998,2.46,12.72,0.08,0.22,19.0
2,1999,2.63,9.03,0.06,0.15,19.0
2,2000,2.88,13.68,0.32,0.16,20.0
2,2001,2.76,13.65,0.38,0.05,20.0
2,2002,8.62,32.1,0.14,0.07,25.0
2,2003,7.98,28.92,0.16,0.05,33.0
2,2004,1.39,7.21,0.18,0.03,21.0
2,2005,0.16,3.16,0.07,0.02,19.0
2,2006,0.24,1.15,0.05,0.02,19.0
2,2007,0.28,10.02,0.13,0.12,20.0
2,2008,1.89,9.27,0.1,0.11,20.0
2,2009,4.49,5.39,0.07,0.02,20.0
3,1059,71.36,115.75,20.65,0.1,
3,1060,81.4,124.5,20.5,0.12,184.0
3,1061,78.32,129.06,26.0,0.14,197.0
3,1062,88.76,135.32,30.85,0.11,198.0
3,1063,64.18,104.09,28.07,0.09,188.0
3,1064,72.47,114.84,23.2,0.16,173.0
3,1065,69.8,114.86,20.17,0.12,165.0
3,1066,73.96,113.56,19.29,0.1,191.0
3,1067,89.9,140.2,26.19,0.1,191.0
3,1068,87.14,130.52,21.31,0.15,227.0
3,1069,84.64,125.0,26.98,0.18,168.0
3,1070,88.36,121.77,20.23,0.12,198.0
3,1071,96.83,139.36,25.65,0.11,201.0
3,1072,117.46,181.64,41.1,0.13,252.0
3,1073,122.88,208.86,54.87,0.27,310.0
3,1074,74.28,141.22,44.97,0.09,196.0
3,1075,50.32,102.77,33.85,0.1,132.0
3,1076,58.47,115.27,41.64,0.16,147.0
3,1077,89.35,131.48,42.1,0.24,179.0
3,1078,64.42,99.74,34.78,0.15,145.0
3,1079,69.4,98.94,29.97,0.14,115.0
3,1080,71.07,109.65,25.0,0.1,140.0
3,1081,79.76,129.81,40.92,0.17,156.0
3,1082,108.06,167.62,47.05,0.08,225.0
3,1083,100.75,172.04,53.94,0.11,251.0
3,1084,106.25,171.56,43.09,0.13,228.0
3,1085,83.79,141.83,47.47,0.3,223.0
3,1086,79.98,147.74,49.55,0.14,170.0
3,1087,76.27,152.59,56.0,0.15,165.0
3,1088,86.5,147.95,42.0,0.15,159.0
3,1089,100.62,167.75,47.68,0.22,232.0
3,1090,110.73,171.47,31.06,0.1,242.0
3,1091,107.7,170.21,43.54,0.17,274.0
3,1092,104.81,192.2,63.48,0.23,259.0
3,1093,89.95,175.16,64.53,0.27,225.0
3,1094,74.58,138.6,46.65,0.17,177.0
3,1095,56.68,109.33,33.26,0.1,120.0
3,1096,61.03,131.62,39.5,0.08,120.0
3,1097,59.03,108.83,23.36,0.09,120.0
3,1098,61.88,109.82,23.14,0.09,132.0
3,1099,71.57,137.48,39.99,0.09,136.0
3,1100,92.44,174.75,53.79,0.11,182.0
3,1101,92.9,162.69,56.39,0.08,222.0
3,1102,85.15,151.97,61.55,0.07,230.0
3,1103,81.47,145.68,46.9,0.07,224.0
3,1104,81.58,132.66,34.93,0.09,217.0
3,1105,79.56,146.64,37.58,0.05,230.0
3,1106,87.43,155.95,37.31,0.1,229.0
3,1107,87.33,153.97,42.52,0.08,229.0
3,1108,110.39,182.54,52.24,0.04,235.0
3,1109,77.51,125.01,36.41,0.05,214.0
3,1110,86.96,129.99,28.32,0.05,186.0
3,1111,76.29,115.53,21.35,0.05,172.0
3,1112,67.06,100.34,20.25,0.06,138.0
3,1113,68.34,104.45,26.26,0.06,125.0
3,1114,66.28,117.3,45.13,0.05,132.0
3,1115,64.98,116.14,45.4,0.06,111.0
3,1116,75.46,132.84,56.53,0.13,137.0
3,1117,81.58,141.85,38.15,0.05,172.0
3,1118,78.27,142.86,45.36,0.06,160.0
3,1119,79.01,138.14,45.43,0.06,163.0
3,1120,77.98,137.31,44.96,0.06,165.0
3,1121,77.96,155.73,59.92,0.06,139.0
3,1122,79.04,143.38,43.61,0.08,176.0
3,1123,77.78,131.14,43.84,0.09,162.0
3,1124,76.48,131.86,33.37,0.06,160.0
3,1125,74.2,135.97,35.82,0.07,142.0
3,1126,78.23,140.66,45.76,0.05,172.0
3,1127,68.53,147.48,61.52,0.04,134.0
3,1128,62.08,152.59,62.18,0.05,136.0
3,1129,50.64,130.36,45.52,0.07,130.0
3,1130,44.21,119.52,34.37,0.07,111.0
3,1131,50.71,115.65,35.16,0.06,117.0
3,1132,42.27,100.54,30.69,0.66,102.0
3,1133,39.41,101.1,28.53,0.81,108.0
3,1134,50.56,116.89,37.27,0.97,99.0
3,1135,50.54,120.05,26.96,0.9,121.0
3,1136,26.22,62.82,20.1,0.61,86.0
3,1137,31.83,66.74,16.83,0.61,57.0
3,1138,70.26,112.29,11.87,0.62,107.0
3,1139,59.47,99.73,12.85,0.68,118.0
3,1140,58.71,99.04,13.88,0.86,110.0
3,1141,56.29,107.96,16.71,0.95,114.0
3,1142,50.41,118.62,25.6,0.69,111.0
3,1143,57.53,128.81,25.03,0.78,117.0
3,1144,43.82,97.19,16.01,0.67,107.0
3,1145,42.71,80.24,17.35,0.49,87.0
3,1146,54.73,94.12,12.79,0.58,89.0
3,1147,50.91,99.84,16.33,0.64,97.0
3,1148,38.5,106.7,16.82,0.58,100.0
3,1149,32.21,107.43,17.33,0.6,105.0
3,1150,35.36,107.25,17.75,0.85,114.0
3,1151,59.65,127.26,19.14,0.7,116.0
3,1152,46.16,115.95,17.19,,116.0
3,1153,34.31,107.74,20.85,,98.0
3,1154,39.52,113.31,21.18,0.81,116.0
3,1155,43.08,116.06,19.02,0.79,108.0
3,1156,38.1,97.0,22.21,0.79,100.0
3,1157,33.08,83.16,18.83,0.72,92.0
3,1158,29.7,77.45,17.33,0.65,80.0
3,1159,38.67,82.67,22.81,0.66,88.0
3,1160,30.04,83.07,24.74,0.78,83.0
3,1161,39.72,103.81,26.29,0.81,100.0
3,1162,38.21,78.95,19.03,0.75,81.0
3,1163,58.31,124.64,28.85,1.03,112.0
3,1164,62.49,113.56,22.65,0.91,113.0
3,1165,49.04,102.46,19.92,0.64,105.0
3,1166,41.67,80.09,13.08,0.78,88.0
3,1167,32.44,75.3,19.07,0.68,78.0
3,1168,26.43,80.85,20.82,0.72,78.0
3,1169,25.08,60.67,15.22,0.56,69.0
3,1170,26.09,63.05,10.42,0.58,60.0
3,1171,16.62,39.94,8.18,0.58,51.0
3,1172,49.58,82.95,19.05,0.7,61.0
3,1173,43.52,80.01,20.43,0.8,90.0
3,1174,39.83,76.09,14.37,0.7,74.0
3,1175,36.89,76.61,18.83,0.57,76.0
3,1176,48.71,96.46,14.86,0.92,
3,1177,52.69,94.25,14.44,0.59,92.0
3,1178,46.48,95.41,14.79,0.6,93.0
3,1179,44.22,77.62,8.53,0.73,88.0
3,1180,35.91,71.26,6.99,0.67,75.0
3,1181,39.05,81.51,9.86,0.68,79.0
3,1182,30.21,67.22,11.29,0.58,74.0
3,1183,31.14,60.35,10.36,0.83,62.0
3,1184,26.82,52.51,7.68,0.69,53.0
3,1185,26.34,52.07,8.43,0.57,53.0
3,1186,28.48,55.8,6.86,0.64,55.0
3,1187,21.83,52.92,5.28,0.55,52.0
3,1188,24.23,52.06,14.33,0.56,55.0
3,1189,22.29,55.96,11.27,0.67,56.0
3,1190,25.28,54.59,9.65,0.72,56.0
3,1191,19.68,45.57,6.63,0.69,52.0
3,1192,29.89,71.75,9.62,0.87,
3,1193,24.4,70.25,10.84,0.74,76.0
3,1194,20.05,79.5,13.54,0.65,76.0
3,1195,23.72,55.74,8.86,0.81,81.0
3,1196,26.12,56.77,11.71,0.5,59.0
3,1197,13.0,29.0,2.8,,
3,1198,9.25,35.45,4.6,0.54,
3,1199,7.16,26.39,5.22,0.59,46.0
3,1200,7.97,33.2,6.48,0.61,40.0
3,1201,6.48,23.83,3.54,0.47,33.0
3,1202,7.2,34.11,5.73,0.5,49.0
3,1203,8.27,27.27,5.86,0.53,32.0
3,1204,17.79,53.96,6.55,0.73,
3,1205,9.21,27.62,3.26,0.44,42.0
3,1206,24.83,67.21,6.22,0.56,
3,1207,19.78,49.86,4.9,0.66,53.0
3,1208,8.85,30.54,3.86,0.36,47.0
3,1209,25.0,61.0,8.8,,
3,1210,23.35,91.83,7.1,0.62,
3,1211,18.48,62.52,12.71,0.76,79.0
3,1212,24.79,66.54,7.23,0.6,
3,1213,11.04,38.34,5.11,0.48,47.0
3,1214,9.74,33.83,4.84,0.66,51.0
3,1215,10.35,30.98,5.55,1.01,52.0
3,1216,28.85,64.52,5.51,0.45,
3,1217,22.81,53.85,6.96,0.8,88.0
3,1218,28.54,56.36,22.75,0.85,78.0
3,1219,18.46,39.45,14.17,0.49,90.0
3,1220,23.9,37.71,26.74,0.56,43.0
3,1221,,,,,
3,1222,,,,,
3,1223,17.0,50.0,12.1,,
3,1224,29.12,74.4,10.7,0.54,
3,1225,14.42,36.29,6.9,0.43,55.0
3,1226,19.06,43.83,9.93,0.54,
3,1227,12.42,36.29,10.28,0.51,52.0
3,1228,21.4,54.19,8.19,0.57,
3,1229,16.78,42.22,5.94,0.4,84.0
3,1230,19.77,62.11,10.0,1.03,95.0
3,1231,22.63,54.13,14.93,0.26,58.0
3,1232,22.44,55.03,10.94,1.31,
3,1233,15.2,45.09,9.26,1.18,125.0
3,1234,9.58,28.33,9.05,0.59,192.0
3,1235,43.35,103.42,10.57,,
3,1236,16.44,54.42,7.26,,81.0
3,1237,27.93,81.18,11.44,,
3,1238,13.23,41.25,5.4,,65.0
3,1239,20.52,77.6,11.91,0.25,
3,1240,25.62,56.44,13.88,0.48,86.0
3,1241,40.32,66.25,11.3,0.5,62.0
3,1242,13.07,37.35,8.59,0.46,78.0
3,1243,16.56,41.96,7.25,0.41,114.0
3,1244,19.57,44.72,7.72,0.34,103.0
3,1245,30.96,72.18,10.82,0.36,134.0
3,1246,32.1,83.29,10.17,0.29,168.0
3,1247,31.82,74.79,9.57,0.32,150.0
3,1248,37.5,84.96,11.57,0.57,127.0
3,1249,23.25,61.1,15.21,0.43,106.0
3,1250,27.42,57.28,19.38,0.32,129.0
3,1251,31.26,72.82,10.78,0.4,136.0
3,1252,28.12,70.21,13.18,0.38,155.0
3,1253,32.33,55.74,18.42,0.51,87.0
3,1254,19.29,31.22,13.9,0.42,84.0
3,1255,17.99,29.24,10.45,0.32,85.0
3,1256,12.72,24.79,9.03,0.4,91.0
3,1257,13.65,35.39,6.11,0.46,76.0
3,1258,17.64,47.81,10.06,0.49,60.0
3,1259,23.43,57.11,13.82,0.79,69.0
3,1260,25.92,68.27,15.08,0.61,64.0
3,1261,32.7,103.88,11.83,0.55,98.0
3,1262,31.58,107.31,13.57,1.13,128.0
3,1263,22.9,69.96,10.96,0.75,113.0
3,1264,24.23,78.11,8.32,0.98,87.0
3,1265,17.92,68.72,7.85,0.46,79.0
3,1266,17.38,55.59,9.13,0.84,69.0
3,1267,19.06,59.46,11.31,1.02,78.0
3,1268,18.81,55.66,11.7,1.01,88.0
3,1269,18.69,50.06,12.39,0.81,101.0
3,1270,17.85,43.47,11.42,1.05,80.0
3,1271,18.09,45.11,7.26,1.0,89.0
3,1272,18.93,60.89,7.4,0.55,71.0
3,1273,16.86,48.26,8.54,0.52,68.0
3,1274,16.85,54.97,10.6,0.57,56.0
3,1275,16.46,33.5,17.41,0.61,65.0
3,1276,18.4,49.43,13.66,0.38,66.0
3,1277,20.31,49.14,12.76,0.41,96.0
3,1278,23.99,46.59,16.64,0.51,68.0
3,1279,20.36,41.99,15.53,0.52,76.0
3,1280,15.08,38.79,13.96,0.4,70.0
3,1281,19.42,69.33,13.23,0.41,75.0
3,1282,13.93,48.97,10.72,0.33,73.0
3,1283,18.29,41.01,17.63,0.63,85.0
3,1284,17.25,32.02,6.82,0.37,83.0
3,1285,13.43,26.94,5.31,0.46,73.0
3,1286,16.83,38.25,7.43,0.37,75.0
3,1287,18.16,38.17,6.81,0.36,63.0
3,1288,16.89,30.98,6.37,0.39,62.0
3,1289,15.95,25.24,7.16,0.64,79.0
3,1290,14.05,30.86,7.74,0.16,37.0
3,1291,9.85,29.97,7.5,0.4,35.0
3,1292,8.68,26.62,5.01,0.31,31.0
3,1293,7.5,24.01,6.56,0.3,29.0
3,1294,7.75,28.62,8.7,0.44,32.0
3,1295,10.45,41.47,11.13,0.47,39.0
3,1296,12.7,49.26,9.81,0.42,48.0
3,1297,14.48,35.5,12.77,0.5,42.0
3,1298,17.96,47.61,14.95,0.69,73.0
3,1299,16.87,50.6,7.8,0.38,59.0
3,1300,16.46,62.29,15.94,0.47,
3,1301,17.42,56.44,16.26,0.47,55.0
3,1302,17.79,68.97,16.25,0.62,86.0
3,1303,18.75,82.27,15.45,0.55,100.0
3,1304,11.92,46.76,7.75,0.57,85.0
3,1305,17.74,80.26,20.1,0.49,57.0
3,1306,21.78,76.32,20.63,0.44,85.0
3,1307,28.31,98.01,24.83,0.54,85.0
3,1308,27.1,112.48,23.91,0.47,106.0
3,1309,20.21,91.71,16.41,0.34,100.0
3,1310,18.52,51.48,18.33,0.43,68.0
3,1311,25.59,70.1,21.95,0.5,61.0
3,1312,21.79,75.21,15.65,0.38,71.0
3,1313,24.0,80.0,28.8,0.95,77.0
3,1314,17.79,72.48,14.87,0.42,
3,1315,18.47,52.91,16.89,0.8,111.0
3,1316,16.73,40.15,16.05,0.44,47.0
3,1317,18.72,57.71,25.46,0.42,47.0
3,1318,11.39,28.72,11.2,0.39,48.0
3,1319,10.62,19.96,9.32,0.59,49.0
3,1320,8.1,15.83,8.58,0.77,50.0
3,1321,9.28,16.42,7.85,0.92,57.0
3,1322,7.45,20.5,8.92,0.88,60.0
3,1323,15.32,45.04,10.48,0.88,52.0
3,1324,8.84,23.71,6.74,0.95,54.0
3,1325,11.39,24.61,7.96,0.96,63.0
3,1326,12.51,32.52,6.6,0.86,53.0
3,1327,8.71,14.17,6.04,1.03,56.0
3,1328,10.46,22.96,11.24,0.99,
3,1329,11.3,27.28,11.69,1.2,112.0
3,1330,7.0,7.8,7.66,1.08,75.0
3,1331,11.44,32.62,12.02,0.74,
3,1332,15.76,40.74,19.03,1.36,89.0
3,1333,18.79,60.26,20.45,1.1,76.0
3,1334,15.05,43.47,14.59,0.95,78.0
3,1335,10.1,23.92,13.33,0.87,66.0
3,1336,14.43,43.47,16.04,0.95,61.0
3,1337,22.65,57.46,16.8,1.18,83.0
3,1338,28.45,81.89,19.36,1.39,87.0
3,1339,24.94,69.22,19.99,1.4,97.0
3,1340,26.24,62.75,21.34,1.68,98.0
3,1341,30.6,76.16,24.63,1.71,99.0
3,1342,21.81,78.68,23.75,1.64,94.0
3,1343,24.22,86.08,26.49,1.68,98.0
3,1344,19.82,71.36,17.14,1.82,102.0
3,1345,25.11,81.43,21.87,1.57,96.0
3,1346,31.3,101.05,25.22,1.48,90.0
3,1347,27.1,89.38,21.31,1.54,106.0
3,1348,,,,,82.0
3,1349,26.73,71.95,30.67,1.32,
3,1350,33.28,75.5,32.4,1.11,88.0
3,1351,40.66,82.62,23.58,0.76,103.0
3,1352,40.56,66.97,17.56,0.62,76.0
3,1353,37.93,67.4,20.86,0.78,68.0
3,1354,31.64,69.39,18.65,0.66,75.0
3,1355,,,,,
3,1356,27.69,49.21,27.31,1.56,
3,1357,22.12,34.83,16.1,1.34,89.0
3,1358,29.25,52.84,17.41,0.81,79.0
3,1359,38.32,80.97,26.27,0.65,65.0
3,1360,35.02,71.42,21.04,0.74,80.0
3,1361,24.29,50.33,13.45,0.97,81.0
3,1362,19.69,50.18,12.18,0.43,52.0
3,1363,18.81,50.51,14.01,0.92,89.0
3,1364,26.13,60.44,22.94,0.82,59.0
3,1365,24.08,45.81,27.49,0.84,62.0
3,1366,21.81,37.31,28.22,0.62,52.0
3,1367,11.15,34.75,12.53,0.71,
3,1368,14.58,41.04,15.29,0.85,61.0
3,1369,,42.61,14.9,0.84,57.0
3,1370,8.98,37.07,12.51,0.75,49.0
3,1371,9.7,30.1,13.81,0.72,48.0
3,1372,13.11,41.43,14.11,0.79,
3,1373,14.15,39.67,14.53,0.54,
3,1374,25.88,56.44,17.79,0.84,56.0
3,1375,49.7,109.35,25.91,0.76,80.0
3,1376,68.66,163.06,36.24,0.86,121.0
3,1377,53.52,122.89,35.17,1.44,
3,1378,65.16,184.84,52.69,1.07,142.0
3,1379,52.88,172.08,26.45,0.81,154.0
3,1380,54.08,157.38,26.71,1.02,
3,1381,40.99,122.69,29.54,0.6,130.0
3,1382,47.2,116.44,28.13,0.88,109.0
3,1383,39.22,102.6,24.58,0.95,113.0
3,1384,36.86,76.61,27.36,1.09,91.0
3,1385,34.41,72.03,25.38,1.07,77.0
3,1386,22.05,48.93,18.92,0.94,80.0
3,1387,,,,,
3,1388,,,,,
3,1389,,,,,
3,1390,,,,,
3,1391,72.23,183.25,41.66,1.21,
3,1392,71.31,155.98,25.88,1.29,149.0
3,1393,63.54,130.58,25.81,1.17,133.0
3,1394,52.92,125.33,37.63,1.66,
3,1395,56.53,128.8,36.38,1.18,122.0
3,1396,69.42,167.05,45.82,1.35,133.0
3,1397,53.53,119.1,38.23,0.88,133.0
3,1398,48.33,115.41,36.77,1.16,118.0
3,1399,58.65,125.68,36.24,1.26,118.0
3,1400,33.33,65.58,19.63,0.88,98.0
3,1401,17.62,37.38,35.39,0.6,
3,1402,14.54,53.23,36.62,0.84,
3,1403,12.7,38.49,30.66,0.89,75.0
3,1404,16.86,36.56,26.48,0.55,45.0
3,1405,21.58,68.71,39.44,0.73,61.0
3,1406,23.22,64.84,39.56,0.89,86.0
3,1407,28.39,71.27,45.23,1.04,70.0
3,1408,43.23,97.64,48.0,0.84,
3,1409,51.51,111.28,57.93,1.07,105.0
3,1410,56.85,115.5,62.91,0.82,106.0
3,1411,68.25,129.41,65.0,1.22,120.0
3,1412,84.48,164.24,80.74,1.21,156.0
3,1413,77.38,173.47,75.54,1.15,182.0
3,1414,71.23,160.66,89.44,1.48,144.0
3,1415,38.29,93.11,64.69,1.32,
3,1416,15.69,43.67,46.68,0.73,
3,1417,16.21,48.0,43.42,0.87,64.0
3,1418,19.48,46.57,35.92,0.84,56.0
3,1419,26.8,66.67,38.81,1.03,80.0
3,1420,48.35,100.01,38.27,1.07,88.0
3,1421,50.02,100.82,47.93,0.89,102.0
3,1422,59.2,112.7,60.41,0.86,
3,1423,56.0,112.5,87.35,1.43,
3,1424,51.25,107.69,82.32,1.08,
3,1425,78.19,183.0,78.98,1.32,
3,1426,85.11,183.15,97.16,1.28,189.0
3,1427,93.95,190.73,105.22,1.81,190.0
3,1428,80.96,152.44,89.01,1.51,215.0
3,1429,52.64,97.29,66.83,1.84,
3,1430,60.52,154.02,81.64,0.9,
3,1431,77.86,159.49,90.28,1.16,145.0
3,1432,70.89,125.4,68.12,1.17,160.0
3,1433,74.34,129.57,69.78,1.09,130.0
3,1434,97.09,143.69,86.95,1.11,176.0
3,1435,89.63,137.58,76.89,1.6,245.0
3,1436,86.92,139.02,85.21,1.11,
3,1437,100.1,155.25,92.4,0.76,209.0
3,1438,110.12,172.67,92.9,1.37,256.0
3,1439,111.21,170.04,76.7,1.47,266.0
3,1440,107.24,162.72,72.27,1.14,276.0
3,1441,89.07,160.83,72.19,1.23,218.0
3,1442,93.1,163.9,77.58,0.97,206.0
3,1443,76.94,160.28,79.86,0.97,
3,1444,90.61,164.19,74.89,1.07,180.0
3,1445,96.57,174.31,57.77,1.1,217.0
3,1446,78.15,137.52,50.62,0.96,211.0
3,1447,19.26,22.54,30.38,0.7,90.0
3,1448,10.89,19.98,28.6,0.45,49.0
3,1449,16.38,33.04,39.69,0.67,46.0
3,1450,30.48,69.23,67.05,1.28,
3,1451,48.88,84.99,63.12,0.94,81.0
3,1452,55.24,81.9,55.65,1.17,89.0
3,1453,83.4,121.25,46.47,1.0,136.0
3,1454,93.78,142.65,67.51,1.34,199.0
3,1455,92.72,135.61,77.45,1.16,221.0
3,1456,76.48,114.53,69.63,1.08,178.0
3,1457,50.45,87.25,51.24,0.89,
3,1458,73.19,127.1,69.17,0.92,119.0
3,1459,82.53,145.06,67.17,1.01,153.0
3,1460,95.18,154.73,76.4,1.34,202.0
3,1461,79.29,136.71,74.24,1.1,191.0
3,1462,83.17,140.9,83.38,1.09,183.0
3,1463,109.97,189.28,124.57,1.38,210.0
3,1464,139.38,230.27,140.17,1.24,304.0
3,1465,126.47,187.83,106.1,1.43,312.0
3,1466,127.94,196.3,92.41,1.33,304.0
3,1467,126.66,184.73,94.51,1.45,306.0
3,1468,121.47,215.5,103.31,1.5,302.0
3,1469,118.17,219.63,121.38,1.25,298.0
3,1470,97.45,225.75,121.94,0.86,274.0
3,1471,115.23,198.47,113.39,0.78,270.0
3,1472,121.81,193.4,100.16,0.96,302.0
3,1473,99.69,157.03,71.61,0.5,257.0
3,1474,92.66,146.49,57.32,0.64,212.0
3,1475,116.99,172.92,58.43,0.44,256.0
3,1476,120.33,182.65,60.37,1.02,301.0
3,1477,108.43,159.44,50.62,0.7,274.0
3,1478,118.0,174.01,58.6,0.82,262.0
3,1479,107.94,163.17,63.17,0.8,287.0
3,1480,108.34,173.27,61.22,0.72,262.0
3,1481,96.45,159.1,71.77,0.91,242.0
3,1482,90.25,141.29,64.26,0.55,204.0
3,1483,100.34,165.55,60.14,0.85,230.0
3,1484,62.75,117.55,49.18,0.55,171.0
3,1485,62.74,108.94,43.14,0.87,113.0
3,1486,34.51,63.23,38.2,0.72,96.0
3,1487,15.12,40.61,22.75,0.38,56.0
3,1488,27.25,49.07,27.55,0.44,48.0
3,1489,51.67,70.71,55.79,1.28,91.0
3,1490,54.24,87.78,56.1,0.98,96.0
3,1491,47.81,99.22,65.34,1.02,111.0
3,1492,84.99,137.17,71.78,1.39,143.0
3,1493,63.05,111.15,68.18,1.06,141.0
3,1494,71.09,128.56,85.01,1.15,130.0
3,1495,76.78,129.54,69.13,1.27,149.0
3,1496,73.21,129.76,61.14,1.11,150.0
3,1497,81.64,146.56,83.44,1.58,159.0
3,1498,81.71,142.46,74.7,1.03,178.0
3,1499,75.52,125.82,25.85,0.74,159.0
3,1500,58.02,96.18,16.37,0.76,126.0
3,1501,65.56,128.56,23.26,0.86,115.0
3,1502,56.98,148.8,16.86,0.52,136.0
3,1503,74.5,119.5,17.12,0.66,131.0
3,1504,66.61,121.81,26.18,0.66,137.0
3,1505,70.86,142.17,28.42,0.74,121.0
3,1506,69.96,130.91,35.52,0.84,157.0
3,1507,60.11,101.22,22.82,0.7,116.0
3,1508,33.9,64.61,15.97,0.55,87.0
3,1509,31.75,58.96,13.31,0.54,58.0
3,1510,34.8,72.77,17.35,0.59,74.0
3,1511,32.07,63.36,17.16,0.72,90.0
3,1512,30.32,66.4,15.26,0.58,61.0
3,1513,38.35,95.79,21.18,0.72,96.0
3,1514,36.92,106.73,25.18,0.64,96.0
3,1515,43.16,149.98,28.73,0.8,126.0
3,1516,42.51,121.35,24.64,0.53,131.0
3,1517,33.88,80.8,18.86,0.51,95.0
3,1518,22.47,52.83,12.56,0.46,62.0
3,1519,14.78,39.26,8.15,0.4,64.0
3,1520,20.92,49.94,13.32,0.56,60.0
3,1521,27.08,59.54,9.07,0.52,101.0
3,1522,23.72,51.79,8.11,0.44,63.0
3,1523,22.49,54.86,12.0,0.43,57.0
3,1524,21.59,52.32,10.62,0.41,54.0
3,1525,34.44,76.9,13.02,0.5,61.0
3,1526,49.2,116.27,16.7,0.69,120.0
3,1527,42.1,87.51,13.22,0.57,105.0
3,1528,16.39,53.9,8.68,0.62,92.0
3,1529,12.88,59.01,9.92,0.69,86.0
3,1530,10.66,47.74,8.02,0.35,56.0
3,1531,12.77,50.79,8.45,0.53,78.0
3,1532,27.0,90.58,15.67,0.41,74.0
3,1533,32.79,104.04,17.4,0.4,97.0
3,1534,39.77,129.33,24.88,0.45,107.0
3,1535,43.78,124.06,19.29,0.64,130.0
3,1536,40.96,101.35,14.19,0.46,110.0
3,1537,40.08,93.9,14.86,0.58,98.0
3,1538,22.52,69.14,13.59,0.56,101.0
3,1539,22.09,53.31,9.6,0.68,85.0
3,1540,25.39,49.43,7.75,0.7,85.0
3,1541,21.71,43.12,6.24,0.5,60.0
3,1542,23.56,53.08,12.03,0.53,56.0
3,1543,23.68,64.65,14.63,0.53,67.0
3,1544,17.99,48.09,8.02,0.47,79.0
3,1545,17.03,46.96,10.15,0.5,45.0
3,1546,20.58,51.83,9.93,0.49,53.0
3,1547,24.0,60.54,10.84,0.54,69.0
3,1548,27.44,70.3,12.49,0.54,65.0
3,1549,24.11,65.16,9.81,0.45,78.0
3,1550,28.43,60.07,9.49,0.56,83.0
3,1551,33.0,72.26,9.26,0.58,64.0
3,1552,37.09,70.85,7.48,0.69,102.0
3,1553,30.05,62.5,8.62,0.71,92.0
3,1554,20.75,45.07,5.59,0.48,58.0
3,1555,13.97,39.04,7.21,0.64,76.0
3,1556,18.72,50.84,6.06,0.67,78.0
3,1557,22.07,63.47,5.25,0.62,91.0
3,1558,19.4,55.83,7.03,0.76,124.0
3,1559,13.49,34.05,4.2,0.57,75.0
3,1560,20.68,38.77,4.48,0.63,73.0
3,1561,16.52,36.76,3.14,0.61,101.0
3,1562,15.91,33.28,2.04,0.4,64.0
3,1563,17.24,43.11,5.32,0.58,80.0
3,1564,25.87,89.0,9.61,0.39,85.0
3,1565,15.77,50.12,6.04,0.36,80.0
3,1566,23.75,68.9,11.38,0.64,84.0
3,1567,25.36,81.59,20.61,0.65,79.0
3,1568,32.7,91.22,17.13,0.54,91.0
3,1569,20.21,57.8,13.78,0.51,79.0
3,1570,11.55,37.66,13.27,0.59,82.0
3,1571,9.39,36.94,12.29,0.35,45.0
3,1572,9.77,35.42,12.59,0.32,41.0
3,1573,21.38,75.6,19.85,0.48,78.0
3,1574,24.68,132.02,29.05,0.58,124.0
3,1575,17.58,59.05,18.08,0.48,73.0
3,1576,28.05,84.5,18.74,0.48,71.0
3,1577,27.98,79.71,18.31,0.51,79.0
3,1578,23.32,70.68,16.88,0.66,78.0
3,1579,15.52,46.14,15.11,0.42,57.0
3,1580,12.11,40.82,15.46,0.31,46.0
3,1581,19.03,60.71,19.23,0.4,58.0
3,1582,27.18,93.8,23.54,0.64,83.0
3,1583,38.9,111.93,27.29,0.98,109.0
3,1584,57.73,211.34,35.92,0.78,148.0
3,1585,44.49,163.62,22.32,0.53,158.0
3,1586,39.76,152.97,23.24,0.52,146.0
3,1587,47.3,136.76,20.22,0.64,133.0
3,1588,39.81,138.9,18.58,0.44,122.0
3,1589,49.19,155.58,26.89,0.77,126.0
3,1590,40.38,112.93,24.31,0.7,131.0
3,1591,44.65,114.79,19.79,0.63,124.0
3,1592,35.5,98.4,19.29,0.59,106.0
3,1593,41.0,122.0,37.0,0.78,
3,1594,36.14,103.71,19.59,0.78,
3,1595,40.41,102.09,21.47,0.5,
3,1596,34.12,88.79,19.98,0.7,109.0
3,1597,41.62,95.91,20.32,0.53,92.0
3,1598,43.1,96.34,21.71,0.67,88.0
3,1599,35.3,89.42,17.33,0.47,95.0
3,1600,40.35,94.6,18.93,0.53,93.0
3,1601,32.33,78.4,19.42,0.61,104.0
3,1602,24.95,74.2,20.68,0.49,80.0
3,1603,32.3,85.04,18.38,0.79,
3,1604,30.42,76.95,16.96,0.72,99.0
3,1605,36.5,84.57,17.83,0.63,99.0
3,1606,40.04,98.75,17.31,0.89,108.0
3,1607,40.51,99.45,16.93,0.51,99.0
3,1608,38.88,86.09,18.0,0.47,106.0
3,1609,36.31,77.21,18.03,0.52,85.0
3,1610,38.7,82.24,16.29,0.48,83.0
3,1611,33.52,79.78,26.44,0.57,83.0
3,1612,36.8,75.96,17.39,0.51,74.0
3,1613,41.89,99.66,22.98,0.77,103.0
3,1614,41.47,90.61,18.25,0.5,101.0
3,1615,31.52,73.42,20.17,0.45,80.0
3,1616,39.73,104.78,27.54,0.95,107.0
3,1617,36.24,84.55,19.93,0.46,91.0
3,1618,24.16,59.22,26.79,0.53,78.0
3,1619,23.12,57.48,24.2,0.52,65.0
3,1620,31.95,71.15,26.2,0.58,71.0
3,1621,26.02,66.47,20.95,0.52,90.0
3,1622,22.19,63.59,25.07,0.5,78.0
3,1623,13.91,48.33,24.16,0.37,61.0
3,1624,11.81,43.2,29.99,0.34,50.0
3,1625,10.02,31.73,33.11,0.49,42.0
3,1626,9.55,31.71,24.02,0.36,38.0
3,1627,17.42,69.93,18.88,0.38,54.0
3,1628,19.25,71.73,18.26,0.31,75.0
3,1629,23.99,66.09,28.19,0.49,72.0
3,1630,23.62,68.06,36.52,0.46,59.0
3,1631,21.28,72.04,27.95,0.44,77.0
3,1632,14.03,40.6,25.45,0.45,59.0
3,1633,17.9,39.22,29.14,0.57,42.0
3,1634,17.07,40.3,25.75,0.5,46.0
3,1635,13.45,34.6,24.16,0.46,48.0
3,1636,15.93,32.7,20.53,0.43,53.0
3,1637,19.8,34.77,30.66,0.76,78.0
3,1638,21.45,38.36,36.24,0.73,74.0
3,1639,12.45,30.36,26.62,0.53,70.0
3,1640,9.57,26.83,22.0,0.36,42.0
3,1641,8.23,21.73,20.71,0.32,40.0
3,1642,11.55,25.16,22.16,0.35,46.0
3,1643,13.4,23.95,29.37,0.42,39.0
3,1644,12.05,24.42,29.88,0.59,66.0
3,1645,14.54,32.83,30.62,0.61,68.0
3,1646,8.4,21.46,30.36,0.57,68.0
3,1647,10.31,22.14,25.22,0.62,70.0
3,1648,13.91,38.67,18.0,0.58,72.0
3,1649,15.17,40.56,18.2,0.39,43.0
3,1650,13.1,34.85,22.88,0.33,35.0
3,1651,11.3,31.96,23.47,0.28,37.0
3,1652,13.03,29.59,25.64,0.51,75.0
3,1653,11.17,25.03,26.2,0.34,40.0
3,1654,11.65,27.15,22.68,0.56,70.0
3,1655,17.22,34.78,4.58,0.42,48.0
3,1656,12.68,20.52,3.7,0.4,41.0
3,1657,10.73,22.63,9.95,0.36,48.0
3,1658,14.44,40.44,17.05,0.47,39.0
3,1659,21.86,56.69,19.35,0.45,55.0
3,1660,16.18,39.97,16.01,0.43,53.0
3,1661,22.28,42.15,13.16,0.54,46.0
3,1662,11.14,18.23,5.65,0.44,47.0
3,1663,14.72,22.46,4.64,0.49,45.0
3,1664,12.89,26.39,9.64,0.5,39.0
3,1665,13.53,23.73,12.71,0.42,35.0
3,1666,9.92,23.28,7.06,0.32,
3,1667,11.23,25.46,24.43,0.38,
3,1668,7.48,15.84,10.04,0.38,35.0
3,1669,12.52,30.89,3.94,0.55,65.0
3,1670,13.25,37.61,2.08,0.33,36.0
3,1671,10.89,26.77,11.39,0.56,68.0
3,1672,8.0,22.87,10.03,0.31,28.0
3,1673,10.62,26.84,4.4,0.38,29.0
3,1674,8.71,21.35,4.43,0.39,34.0
3,1675,6.85,13.3,1.52,0.46,68.0
3,1676,9.31,19.98,3.35,0.32,24.0
3,1677,9.09,18.33,4.02,0.34,27.0
3,1678,7.53,24.18,6.1,0.34,31.0
3,1679,6.89,13.83,6.48,0.34,32.0
3,1680,7.35,18.12,6.38,0.46,66.0
3,1681,7.45,19.56,7.66,0.27,27.0
3,1682,10.88,30.31,10.11,0.41,32.0
3,1683,13.49,37.83,7.57,0.5,70.0
3,1684,16.6,47.35,6.74,0.6,76.0
3,1685,18.19,43.56,7.45,0.32,49.0
3,1686,,,,,
3,1687,24.25,52.38,15.26,1.31,
3,1688,24.56,47.61,9.16,0.58,51.0
3,1689,15.75,34.12,9.34,0.4,49.0
3,1690,17.54,31.8,9.58,0.42,40.0
3,1691,,,,,
3,1692,,,,,
3,1693,,,,,
3,1694,,,,,
3,1695,,,,,
3,1696,,,,,
3,1697,,,,,
3,1698,,,,,
3,1699,,,,,
3,1700,14.0,42.0,22.75,0.55,
3,1701,15.8,44.75,12.43,0.62,92.0
3,1702,14.98,36.58,13.97,0.47,47.0
3,1703,10.11,23.08,14.19,0.45,37.0
3,1704,,,,,
3,1705,,,,,
3,1706,,,,,
3,1707,,,,,
3,1708,,,,,
3,1709,,,,,
3,1710,,,,,
3,1711,,,,,
3,1712,,,,,
3,1713,,,,,
3,1714,,,,,
3,1715,,,,,
3,1716,,,,,
3,1717,,,,,
3,1718,,,,,
3,1719,,,,,
3,1720,,,,,
3,1721,,,,,
3,1722,,,,,
3,1723,,,,,
3,1724,,,,,
3,1725,,,,,
3,1726,,,,,
3,1727,,,,,
3,1728,,,,,
3,1729,,,,,
3,1730,,,,,
3,1731,,,,,
3,1732,,,,,
3,1733,,,,,
3,1734,,,,,
3,1735,,,,,
3,1736,,,,,
3,1737,,,,,
3,1738,,,,,
3,1739,,,,,
3,1740,,,,,
3,1741,21.0,34.78,12.32,0.45,
3,1742,23.31,39.09,12.18,0.55,50.0
3,1743,27.63,44.01,11.48,0.89,78.0
3,1744,21.05,31.3,14.29,0.7,45.0
3,1745,18.12,33.96,11.78,0.46,43.0
3,1746,7.09,24.44,7.41,0.65,72.0
3,1747,7.08,21.25,7.96,0.45,46.0
3,1748,9.79,26.48,11.9,0.65,74.0
3,1749,32.29,56.07,12.02,0.72,55.0
3,1750,40.0,67.65,13.18,0.64,72.0
3,1751,19.31,36.71,13.02,0.52,51.0
3,1752,9.48,25.78,11.3,0.58,43.0
3,1753,13.78,24.72,10.61,0.47,41.0
3,1754,8.12,21.82,7.85,0.53,52.0
3,1755,9.99,25.65,12.56,0.72,72.0
3,1756,9.29,20.41,16.43,0.59,44.0
3,1757,11.75,23.54,13.51,0.72,71.0
3,1758,7.14,23.73,11.84,0.5,40.0
3,1759,7.53,26.41,10.7,0.46,39.0
3,1760,11.82,27.75,11.1,0.72,69.0
3,1761,18.57,36.29,9.97,0.76,49.0
3,1762,38.32,53.68,9.76,0.55,67.0
3,1763,19.51,39.12,13.01,0.65,48.0
3,1764,18.54,35.57,13.63,0.62,48.0
3,1765,12.01,28.41,13.82,0.64,45.0
3,1766,12.95,35.12,13.44,0.58,64.0
3,1767,18.41,39.48,11.45,0.6,49.0
3,1768,42.98,74.55,15.53,0.67,74.0
3,1769,56.76,101.39,20.7,0.68,94.0
3,1770,78.45,137.41,26.0,0.82,122.0
3,1771,89.53,148.15,22.79,0.89,190.0
3,1772,85.95,135.44,24.78,1.04,198.0
3,1773,81.5,128.86,20.13,0.93,174.0
3,1774,77.93,128.41,14.09,0.75,168.0
3,1775,51.46,82.75,12.24,0.64,126.0
3,1776,39.26,68.41,16.23,0.67,77.0
3,1777,37.5,69.2,20.42,0.91,94.0
3,1778,45.41,76.67,14.75,0.64,73.0
3,1779,50.33,91.06,16.68,0.93,101.0
3,1780,60.86,97.67,13.27,0.8,100.0
3,1781,64.88,104.25,15.42,1.04,115.0
3,1782,63.97,109.47,18.14,0.83,127.0
3,1783,42.45,72.25,14.32,0.81,90.0
3,1784,62.31,89.89,14.9,1.0,98.0
3,1785,80.27,113.24,12.84,0.79,162.0
3,1786,63.19,97.39,13.46,0.98,141.0
3,1787,53.15,87.02,15.54,0.65,94.0
3,1788,63.39,100.23,15.36,0.71,97.0
3,1789,76.12,111.89,16.19,0.83,136.0
3,1790,83.5,121.3,15.78,0.81,167.0
3,1791,79.85,124.9,16.51,1.15,174.0
3,1792,68.76,109.47,21.1,0.92,151.0
3,1793,57.83,88.67,14.13,0.78,121.0
3,1794,35.69,63.76,14.42,0.67,78.0
3,1795,55.2,86.24,12.3,0.81,79.0
3,1796,65.14,106.58,16.03,0.95,94.0
3,1797,55.72,86.96,13.9,0.7,98.0
3,1798,63.99,97.97,14.49,0.72,100.0
3,1799,77.57,114.45,14.81,0.83,156.0
3,1800,82.76,122.21,22.64,0.78,160.0
3,1801,90.54,132.55,23.89,1.0,185.0
3,1802,61.25,98.77,19.42,0.95,174.0
3,1803,36.75,63.62,12.29,0.56,79.0
3,1804,24.96,49.69,15.4,0.52,61.0
3,1805,39.12,69.06,24.73,0.77,83.0
3,1806,51.44,82.17,22.53,0.68,86.0
3,1807,38.89,66.08,18.7,0.62,72.0
3,1808,35.8,62.14,16.11,0.62,66.0
3,1809,39.06,63.53,13.1,0.55,64.0
3,1810,47.53,79.0,17.58,0.65,73.0
3,1811,46.6,78.44,17.93,0.62,76.0
3,1812,67.15,107.1,25.62,0.84,96.0
3,1813,66.82,105.01,17.15,0.75,137.0
3,1814,83.16,120.25,17.41,0.76,138.0
3,1815,79.92,119.82,19.92,0.9,188.0
3,1816,83.64,118.52,15.67,0.84,166.0
3,1817,72.34,103.82,13.46,0.71,162.0
3,1818,72.99,104.91,13.46,0.69,147.0
3,1819,76.56,115.06,14.77,0.82,138.0
3,1820,84.51,120.22,13.16,0.95,194.0
3,1821,50.52,81.46,14.79,0.59,114.0
3,1822,41.79,73.58,17.65,0.63,77.0
3,1823,57.09,88.15,15.8,0.78,79.0
3,1824,74.45,110.95,12.5,0.75,133.0
3,1825,59.42,90.44,12.73,0.92,131.0
3,1826,49.5,80.8,12.64,0.64,87.0
3,1827,59.64,88.85,12.12,0.77,96.0
3,1828,42.46,65.39,12.17,0.73,82.0
3,1829,39.07,62.93,13.53,0.69,76.0
3,1830,22.79,38.35,18.79,0.64,47.0
3,1831,37.81,56.66,12.98,0.63,55.0
3,1832,38.82,61.4,11.64,0.65,66.0
3,1833,69.49,97.7,12.04,0.68,109.0
3,1834,53.32,75.4,11.47,0.64,103.0
3,1835,37.23,62.09,13.23,0.53,78.0
3,1836,51.22,84.62,21.49,0.67,70.0
3,1837,66.57,100.98,16.47,0.76,110.0
3,1838,78.28,109.42,16.82,0.8,147.0
3,1839,85.67,121.55,20.64,0.95,177.0
3,1840,82.66,111.92,14.0,0.85,168.0
3,1841,68.4,90.93,11.06,0.76,163.0
3,1842,56.44,75.95,10.33,0.64,108.0
3,1843,45.81,66.69,11.52,0.66,82.0
3,1844,31.59,51.42,8.68,0.6,60.0
3,1845,36.62,58.14,10.43,0.69,58.0
3,1846,31.22,57.33,16.9,0.63,62.0
3,1847,29.88,55.3,15.62,0.63,63.0
3,1848,37.56,65.26,14.76,0.65,63.0
3,1849,59.33,93.3,17.94,0.75,87.0
3,1850,61.4,96.6,15.34,0.73,101.0
3,1851,51.18,76.33,11.66,0.64,98.0
3,1852,38.39,63.99,15.39,0.61,77.0
3,1853,34.56,62.65,16.51,0.57,74.0
3,1854,33.62,60.66,14.78,0.52,65.0
3,1855,29.98,51.68,9.21,0.52,59.0
3,1856,32.18,60.01,13.11,0.55,59.0
3,1857,26.72,53.9,15.53,0.49,66.0
3,1858,21.22,43.36,12.12,0.45,52.0
3,1859,19.94,42.27,10.35,0.47,47.0
3,1860,24.44,47.41,12.27,0.54,48.0
3,1861,27.24,49.64,14.18,0.52,54.0
3,1862,25.74,46.38,11.44,0.52,54.0
3,1863,20.12,42.08,14.78,0.52,47.0
3,1864,16.85,37.38,9.88,0.44,44.0
3,1865,22.46,41.78,10.81,0.38,45.0
3,1866,38.73,63.42,16.17,0.62,51.0
3,1867,36.26,56.64,14.25,0.53,65.0
3,1868,45.14,73.27,13.84,0.6,70.0
3,1869,59.61,94.82,17.03,0.67,86.0
3,1870,61.24,99.2,25.9,0.64,110.0
3,1871,43.11,76.55,16.21,0.52,87.0
3,1872,64.53,110.64,23.25,0.78,103.0
3,1873,37.53,64.2,14.1,0.44,88.0
3,1874,29.12,54.82,14.06,0.44,66.0
3,1875,31.68,62.23,14.53,0.48,66.0
3,1876,40.98,69.15,14.6,0.46,65.0
3,1877,49.1,74.88,12.98,0.44,77.0
3,1878,35.92,61.83,11.83,0.47,74.0
3,1879,27.13,54.16,12.98,0.48,60.0
3,1880,34.81,62.43,14.44,0.77,82.0
3,1881,31.66,53.22,9.29,0.62,68.0
3,1882,24.86,47.43,10.73,0.61,53.0
3,1883,31.28,59.42,13.15,0.81,78.0
3,1884,38.85,67.95,13.49,0.86,73.0
3,1885,31.99,57.18,10.99,0.66,68.0
3,1886,35.99,59.72,10.24,0.52,65.0
3,1887,32.99,56.46,8.29,0.48,67.0
3,1888,39.84,62.14,11.69,0.56,67.0
3,1889,40.19,64.95,10.71,0.58,70.0
3,1890,35.95,59.47,12.61,0.55,66.0
3,1891,20.14,31.66,7.85,0.49,47.0
3,1892,19.0,31.65,5.45,0.48,36.0
3,1893,14.26,24.49,6.19,0.52,35.0
3,1894,10.28,22.95,8.15,0.49,35.0
3,1895,12.37,22.79,9.77,0.54,42.0
3,1896,10.63,22.11,7.78,0.46,35.0
3,1897,11.08,19.3,5.99,0.48,35.0
3,1898,12.73,24.73,5.62,0.49,38.0
3,1899,18.17,33.52,5.74,0.45,35.0
3,1900,23.78,44.16,8.07,0.49,48.0
3,1901,25.83,45.42,7.94,0.47,48.0
3,1902,27.28,47.52,9.42,0.57,48.0
3,1903,31.49,49.92,8.93,0.64,54.0
3,1904,19.45,36.11,9.54,0.58,48.0
3,1905,18.86,35.92,8.13,0.55,51.0
3,1906,15.23,28.92,7.4,0.49,43.0
3,1907,13.9,26.07,5.15,0.49,37.0
3,1908,25.49,42.7,4.19,0.48,39.0
3,1909,26.01,50.98,4.65,0.45,51.0
3,1910,17.19,39.17,4.81,0.46,47.0
3,1911,16.77,35.65,4.29,1.47,101.0
3,1912,23.67,44.23,4.99,0.66,108.0
3,1913,25.36,50.63,4.69,0.23,52.0
3,1914,25.12,52.01,4.71,0.25,61.0
3,1915,26.96,53.31,5.11,0.37,58.0
3,1916,30.36,60.36,5.2,0.37,58.0
3,1917,29.86,55.8,4.52,0.28,69.0
3,1918,34.77,63.95,5.03,0.25,69.0
3,1919,29.77,59.98,4.32,,59.0
3,1920,30.52,54.56,4.05,,59.0
3,1921,30.58,53.17,3.65,,55.0
3,1922,23.9,46.95,3.93,,51.0
3,1923,16.28,33.84,3.77,,39.0
3,1924,11.01,28.46,3.53,,30.0
3,1925,16.58,36.98,4.27,,38.0
3,1926,18.11,38.01,5.44,,52.0
3,1927,21.17,41.26,6.54,0.0,53.0
3,1928,13.72,31.06,4.58,0.0,42.0
3,1929,16.75,36.94,4.59,0.0,44.0
3,1930,18.38,40.46,4.91,0.0,47.0
3,1931,19.77,45.79,4.99,0.0,50.0
3,1932,18.62,45.2,4.5,0.0,51.0
3,1933,17.21,38.03,4.4,0.0,43.0
3,1934,13.28,40.72,4.83,0.0,40.0
3,1935,7.38,26.67,3.7,,41.0
3,1936,7.59,24.92,3.52,,35.0
3,1937,7.81,23.53,4.13,,30.0
3,1938,7.35,20.8,4.16,,26.0
3,1939,9.51,24.12,3.97,0.0,26.0
3,1940,11.34,26.66,3.97,0.0,30.0
3,1941,9.36,26.24,3.87,0.0,31.0
3,1942,14.44,38.88,4.26,0.0,43.0
3,1943,11.9,29.15,6.18,0.0,56.0
3,1944,16.45,32.26,5.66,0.0,52.0
3,1945,10.61,33.88,5.21,0.0,41.0
3,1946,35.38,63.42,11.76,0.0,43.0
3,1947,26.8,50.65,6.22,0.0,56.0
3,1948,28.33,54.31,4.92,,51.0
3,1949,24.11,50.38,4.1,,60.0
3,1950,21.42,54.69,4.25,,52.0
3,1951,22.79,56.2,4.24,,55.0
3,1952,,11.0,10.39,,58.0
3,1953,14.28,35.43,5.46,,44.0
3,1954,18.76,41.98,5.55,,45.0
3,1955,18.81,47.91,5.84,,43.0
3,1956,18.48,43.55,4.73,,54.0
3,1957,14.26,34.12,4.75,,42.0
3,1958,17.1,44.23,6.38,,43.0
3,1959,13.9,36.24,5.16,,39.0
3,1960,13.11,36.14,4.87,,41.0
3,1961,12.05,34.03,4.68,,36.0
3,1962,13.47,36.01,5.95,,39.0
3,1963,,35.01,5.28,,41.0
3,1964,,44.57,14.19,,48.0
3,1965,30.46,54.8,14.07,,55.0
3,1966,34.15,71.94,15.46,,77.0
3,1967,41.46,108.2,16.97,,93.0
3,1968,27.66,102.68,11.41,,105.0
3,1969,29.9,103.68,10.11,0.38,103.0
3,1970,21.15,72.04,4.87,0.52,88.0
3,1971,18.09,60.29,4.2,0.45,66.0
3,1972,16.93,57.4,3.63,0.47,57.0
3,1973,22.01,72.96,3.89,0.49,69.0
3,1974,24.22,66.04,4.33,0.5,69.0
3,1975,25.16,66.12,5.41,0.6,64.0
3,1976,20.96,68.44,5.69,0.6,70.0
3,1977,22.5,62.08,6.94,0.57,63.0
3,1978,19.96,58.07,5.43,0.55,62.0
3,1979,8.09,37.02,9.29,0.48,46.0
3,1980,12.78,38.24,9.72,0.51,41.0
3,1981,10.23,35.22,10.19,0.5,40.0
3,1982,7.89,34.52,11.09,0.54,39.0
3,1983,9.33,36.04,8.83,0.44,58.0
3,1984,10.14,43.39,7.06,0.42,44.0
3,1985,11.49,47.69,6.9,0.42,50.0
3,1986,12.19,49.5,10.16,0.44,54.0
3,1987,10.39,44.35,10.06,0.5,61.0
3,1988,10.18,25.24,15.4,0.59,58.0
3,1989,5.6,12.17,14.58,0.51,53.0
3,1990,4.7,12.83,10.03,0.53,47.0
3,1991,4.65,12.76,8.44,0.48,44.0
3,1992,11.71,25.81,8.06,0.53,47.0
3,1993,10.07,24.04,9.21,0.48,41.0
3,1994,11.61,31.52,16.7,0.5,39.0
3,1995,8.73,18.33,16.26,0.38,36.0
3,1996,11.2,27.86,12.95,0.62,42.0
3,1997,11.03,34.97,13.74,0.64,43.0
3,1998,16.99,45.43,9.48,0.55,55.0
3,1999,12.74,30.83,10.27,0.59,50.0
3,2000,17.97,50.49,12.1,0.65,46.0
3,2001,15.48,34.84,9.15,0.58,55.0
3,2002,14.88,35.33,10.59,0.59,52.0
3,2003,20.74,37.36,8.44,0.62,50.0
3,2004,10.41,20.55,7.21,0.53,37.0
3,2005,14.5,24.43,6.53,0.55,42.0
3,2006,16.65,28.51,8.32,0.66,49.0
3,2007,20.96,32.56,9.55,0.66,56.0
3,2008,21.34,35.16,10.69,0.66,61.0
3,2009,22.0,34.0,9.68,0.59,54.0
4,789,13.42,14.92,8.86,0.81,
4,790,12.45,13.8,8.05,0.67,52.0
4,791,19.52,21.88,6.02,0.43,31.0
4,792,77.71,80.27,3.88,0.36,106.0
4,793,19.7,33.08,3.13,0.37,98.0
4,794,22.91,56.19,4.13,0.47,61.0
4,795,29.56,44.5,2.66,0.39,62.0
4,796,46.13,62.88,4.89,0.54,78.0
4,797,44.3,52.12,5.32,0.36,72.0
4,798,41.23,52.75,7.88,0.39,71.0
4,799,29.88,33.2,11.66,0.36,59.0
4,800,37.93,43.69,15.11,0.2,73.0
4,801,32.46,50.76,19.67,0.0,56.0
4,802,25.65,54.59,26.15,0.0,55.0
4,803,41.36,77.43,25.88,0.0,69.0
4,804,51.88,86.64,25.21,0.0,80.0
4,805,51.59,86.11,26.05,0.0,89.0
4,806,45.46,82.73,26.38,0.0,79.0
4,807,152.17,93.68,27.06,0.0,262.0
4,808,72.87,98.47,26.07,0.0,184.0
4,809,73.26,97.64,25.73,0.0,138.0
4,810,65.26,95.91,25.23,0.0,138.0
4,811,56.39,92.68,26.26,0.0,100.0
4,812,55.43,88.17,28.39,0.0,89.0
4,813,40.95,77.09,26.26,0.0,84.0
4,814,40.99,67.5,24.95,0.0,72.0
4,815,57.49,80.09,23.95,0.0,90.0
4,816,45.98,72.74,23.68,0.0,84.0
4,817,47.2,78.45,27.32,0.0,74.0
4,818,58.95,83.09,30.37,0.0,96.0
4,819,39.4,66.81,30.1,0.0,76.0
4,820,39.47,71.86,30.88,0.0,71.0
4,821,52.77,72.49,31.49,0.0,91.0
4,822,16.38,25.27,31.72,0.0,45.0
4,823,20.11,34.76,30.57,0.0,30.0
4,824,42.05,88.9,23.44,0.0,72.0
4,825,40.64,63.97,27.46,0.0,76.0
4,826,31.96,59.43,30.01,0.0,60.0
4,827,,,,,59.0
4,828,,,,,
4,829,33.2,49.73,40.39,0.0,
4,830,24.29,39.48,37.9,0.0,44.0
4,831,30.05,55.59,19.08,0.0,57.0
4,832,41.4,62.53,21.1,0.0,66.0
4,833,33.11,58.18,19.74,0.0,63.0
4,834,50.72,70.44,23.29,0.0,85.0
4,835,25.84,28.59,21.97,0.0,61.0
4,836,24.3,27.21,21.26,0.0,49.0
4,837,33.02,45.93,20.9,0.0,53.0
4,838,53.08,101.55,20.53,0.0,82.0
4,839,82.91,116.95,20.7,0.0,170.0
4,840,32.08,94.3,21.29,0.0,109.0
4,841,27.6,39.29,22.4,0.0,65.0
4,842,56.22,94.96,16.5,0.0,
4,843,,,,,
4,844,,,,,
4,845,23.98,,16.95,0.0,
4,846,25.74,,16.62,0.0,42.0
4,847,28.28,,17.11,0.0,46.0
4,848,25.1,,16.71,0.0,43.0
4,849,25.99,,17.07,0.0,43.0
4,850,27.14,,16.78,0.0,45.0
4,851,25.81,,16.07,0.0,43.0
4,852,23.96,,16.56,0.0,41.0
4,853,41.54,124.19,10.76,0.0,97.0
4,854,52.43,105.5,16.31,0.0,102.0
4,855,53.42,91.16,16.67,0.0,100.0
4,856,194.39,100.51,16.7,0.0,121.0
4,857,296.84,138.35,16.92,0.0,117.0
4,858,105.49,125.37,16.7,0.0,123.0
4,859,868.66,116.29,16.46,0.0,110.0
4,860,,156.75,16.57,0.0,122.0
4,861,832.8,145.53,15.78,0.0,
4,862,595.88,219.63,15.87,0.0,539.0
4,863,157.6,94.34,16.01,0.0,473.0
4,864,53.9,124.48,15.91,0.0,138.0
4,865,40.51,121.36,16.19,0.0,116.0
4,866,,113.72,15.71,0.0,114.0
4,867,57.8,86.43,15.04,0.0,102.0
4,868,41.85,72.79,15.05,0.0,80.0
4,869,54.1,96.51,14.9,0.0,87.0
4,870,42.41,99.64,15.07,0.0,93.0
4,871,45.32,387.65,15.1,0.0,98.0
4,872,43.97,,15.07,0.0,89.0
4,873,36.59,,15.23,0.0,56.0
4,874,30.55,,15.35,0.0,56.0
4,875,192.7,,15.19,0.0,79.0
4,876,37.67,,15.34,0.0,270.0
4,877,25.3,,15.02,0.0,48.0
4,878,20.42,,14.94,0.0,35.0
4,879,17.64,,14.63,0.0,34.0
4,880,19.68,,14.75,0.0,26.0
4,881,26.47,68.35,14.04,0.0,44.0
4,882,29.12,63.49,14.09,0.0,67.0
4,883,34.99,68.71,15.07,0.0,62.0
4,884,47.59,98.57,15.25,0.0,
4,885,58.68,109.6,14.49,0.0,107.0
4,886,48.49,120.47,14.2,0.0,108.0
4,887,38.78,143.52,36.62,0.0,125.0
4,888,89.01,240.82,13.43,0.0,197.0
4,889,39.74,72.35,31.09,0.0,143.0
4,890,38.25,76.8,14.02,0.0,64.0
4,891,38.93,79.5,13.56,0.0,85.0
4,892,44.76,91.2,13.59,0.0,83.0
4,893,33.88,53.64,13.79,0.0,70.0
4,894,41.62,73.06,13.84,0.0,65.0
4,895,49.45,86.66,13.43,0.0,
4,896,36.81,77.01,13.47,0.0,75.0
4,897,38.42,82.21,13.51,0.0,88.0
4,898,33.06,85.28,13.66,0.0,73.0
4,899,34.62,86.44,13.5,0.0,97.0
4,900,42.96,90.84,13.51,0.0,80.0
4,901,40.82,99.55,13.17,0.0,103.0
4,902,33.69,78.05,13.01,0.0,81.0
4,903,32.0,71.88,13.01,0.0,76.0
4,904,37.18,81.62,13.14,0.0,76.0
4,905,39.66,92.36,12.88,0.0,86.0
4,906,44.85,106.1,13.03,0.0,100.0
4,907,35.19,102.85,12.95,0.0,104.0
4,908,36.66,105.7,12.87,0.0,103.0
4,909,41.22,93.15,12.84,0.0,100.0
4,910,35.76,75.93,12.96,0.0,81.0
4,911,39.06,70.49,13.12,0.0,74.0
4,912,30.48,75.21,12.3,0.0,90.0
4,913,45.34,68.4,23.33,0.0,92.0
4,914,41.09,102.32,21.85,0.0,94.0
4,915,36.95,86.58,22.57,0.0,91.0
4,916,43.04,99.05,12.64,0.0,91.0
4,917,46.59,112.06,12.15,0.0,101.0
4,918,49.08,71.1,6.95,0.0,88.0
4,919,49.0,87.67,8.56,0.0,89.0
4,920,48.72,117.47,12.85,0.0,104.0
4,921,,,,,
4,922,50.31,90.57,10.94,0.0,
4,923,50.33,95.06,11.72,0.0,87.0
4,924,48.58,90.82,9.42,0.0,97.0
4,925,46.72,97.67,10.8,0.0,93.0
4,926,51.53,96.92,32.47,0.0,100.0
4,927,52.08,97.63,28.82,0.0,96.0
4,928,50.9,97.87,24.44,0.0,100.0
4,929,49.41,101.51,25.65,0.0,97.0
4,930,50.64,94.42,14.4,0.0,99.0
4,931,52.14,104.81,21.54,0.0,99.0
4,932,44.63,113.81,18.17,0.0,110.0
4,933,47.5,97.7,16.88,0.0,100.0
4,934,47.06,98.4,16.72,0.0,99.0
4,935,43.23,102.03,19.68,0.0,101.0
4,936,47.21,100.22,17.86,0.0,101.0
4,937,48.32,103.08,20.08,0.0,102.0
4,938,49.32,101.56,12.96,0.0,102.0
4,939,,,,,
4,940,,,,,
4,941,47.12,56.49,53.07,0.0,
4,942,31.41,63.19,59.44,0.0,158.0
4,943,51.03,109.83,40.0,0.0,84.0
4,944,43.78,107.53,37.33,0.0,110.0
4,945,,,,,104.0
4,946,,,,,
4,947,,,,,
4,948,,,,,
4,949,,,,,
4,950,,,,,
4,951,27.5,95.22,15.84,0.0,
4,952,,,,,
4,953,40.09,147.33,14.36,0.53,
4,954,26.23,168.52,14.66,0.81,141.0
4,955,38.53,268.32,14.79,0.66,177.0
4,956,38.68,260.46,18.44,0.66,215.0
4,957,21.38,69.39,15.67,0.67,139.0
4,958,36.69,114.7,14.14,0.78,92.0
4,959,33.27,136.51,14.03,0.78,120.0
4,960,43.31,206.85,11.98,0.8,146.0
4,961,41.05,209.7,8.86,0.77,176.0
4,962,28.53,139.39,8.75,0.68,156.0
4,963,23.58,69.33,8.85,0.61,85.0
4,964,36.83,96.84,9.19,0.7,94.0
4,965,31.97,73.55,8.84,0.66,74.0
4,966,28.94,87.82,8.4,0.61,82.0
4,967,47.34,109.02,7.75,0.65,101.0
4,968,38.36,94.01,8.41,0.67,106.0
4,969,25.91,67.56,8.44,0.69,69.0
4,970,29.99,90.31,8.33,0.7,82.0
4,971,28.77,88.13,7.76,0.68,94.0
4,972,18.41,56.07,8.03,0.71,67.0
4,973,25.56,69.8,8.16,0.86,61.0
4,974,36.13,84.72,7.73,0.72,80.0
4,975,32.01,57.41,7.65,0.59,70.0
4,976,27.65,70.89,12.53,0.7,62.0
4,977,28.76,82.4,17.58,0.74,77.0
4,978,34.81,93.24,17.77,0.69,92.0
4,979,30.17,101.82,16.82,0.75,90.0
4,980,29.15,135.49,16.73,0.82,117.0
4,981,30.99,129.56,17.06,0.85,118.0
4,982,37.7,123.54,19.62,0.81,119.0
4,983,47.29,170.2,18.45,0.81,131.0
4,984,24.04,131.16,18.5,0.75,142.0
4,985,27.56,99.6,18.53,0.7,97.0
4,986,59.49,163.28,17.95,0.95,125.0
4,987,75.94,197.0,17.15,0.83,159.0
4,988,35.3,190.24,18.77,0.74,161.0
4,989,37.93,165.9,17.69,0.8,154.0
4,990,54.76,153.86,17.54,0.77,136.0
4,991,52.81,197.08,17.3,0.85,137.0
4,992,71.8,225.14,36.24,0.93,173.0
4,993,44.09,221.27,16.17,0.79,202.0
4,994,54.21,243.06,15.66,0.82,189.0
4,995,56.33,248.8,16.14,0.81,196.0
4,996,76.9,253.99,15.82,0.9,198.0
4,997,30.64,107.82,14.81,0.65,154.0
4,998,39.43,136.27,15.28,0.72,108.0
4,999,77.79,259.45,14.27,0.97,170.0
4,1000,69.26,275.85,12.45,0.98,225.0
4,1001,53.55,253.61,9.49,0.88,216.0
4,1002,78.12,255.33,8.96,0.86,199.0
4,1003,97.56,298.19,11.8,0.99,233.0
4,1004,203.2,311.39,12.08,1.07,271.0
4,1005,65.44,188.36,8.57,0.32,232.0
4,1006,49.0,144.77,7.54,0.13,
4,1007,56.55,177.56,6.41,0.11,
4,1008,64.58,208.1,4.97,0.4,
4,1009,63.2,173.65,5.76,0.23,
4,1010,74.82,271.04,6.79,0.34,
4,1011,50.85,182.83,16.28,0.29,
4,1012,60.98,231.02,14.52,0.16,
4,1013,52.15,168.17,14.12,0.25,
4,1014,,,,0.0,
4,1015,,,,0.0,
4,1016,,,,0.0,
4,1017,,,,0.0,
4,1018,,,,0.0,
4,1019,,,,0.0,
4,1020,,,,0.0,
4,1021,,,,0.0,
4,1022,,,,0.0,
4,1023,139.16,291.88,37.98,0.69,
4,1024,248.12,445.44,40.11,1.08,463.0
4,1025,148.47,318.1,32.77,1.17,320.0
4,1026,194.47,357.95,35.42,1.25,338.0
4,1027,214.73,276.08,41.72,1.17,395.0
4,1028,71.13,191.27,40.37,1.03,229.0
4,1029,126.19,312.7,46.16,1.37,239.0
4,1030,133.53,309.8,41.42,1.19,318.0
4,1031,150.33,299.12,39.46,1.13,308.0
4,1032,165.75,302.65,39.01,1.42,338.0
4,1033,221.93,295.75,39.44,1.3,356.0
4,1034,147.44,289.42,39.07,1.37,341.0
4,1035,174.03,267.13,41.44,1.45,271.0
4,1036,145.27,261.79,39.11,1.11,304.0
4,1037,129.13,259.59,32.27,1.15,314.0
4,1038,146.53,252.25,29.28,1.31,317.0
4,1039,144.73,251.09,37.42,1.87,318.0
4,1040,160.69,290.59,17.91,1.79,319.0
4,1041,140.05,290.75,42.09,1.77,321.0
4,1042,97.78,232.21,30.81,1.9,252.0
4,1043,90.68,250.2,28.37,1.89,235.0
4,1044,113.0,222.95,21.98,2.13,248.0
4,1045,137.47,260.49,21.68,2.0,295.0
4,1046,147.97,267.24,24.95,2.27,317.0
4,1047,151.19,271.2,29.61,1.89,328.0
4,1048,121.54,234.56,20.89,1.8,311.0
4,1049,89.18,178.8,5.2,1.3,234.0
4,1050,38.17,100.14,13.71,0.66,128.0
4,1051,78.81,182.69,41.92,1.05,131.0
4,1052,111.37,228.78,31.94,1.4,262.0
4,1053,83.0,184.32,7.07,0.97,200.0
4,1054,106.43,224.99,12.22,1.05,206.0
4,1055,144.45,295.86,31.96,1.38,314.0
4,1056,128.92,264.88,46.82,1.17,307.0
4,1057,143.36,276.23,47.59,1.87,318.0
4,1058,110.68,237.22,48.8,1.74,288.0
4,1059,141.64,270.82,49.18,2.31,302.0
4,1060,143.81,268.1,50.9,2.44,322.0
4,1061,137.81,263.37,50.56,2.5,316.0
4,1062,137.05,266.39,45.09,2.52,313.0
4,1063,129.76,268.24,41.77,2.65,306.0
4,1064,146.1,283.99,30.53,3.08,317.0
4,1065,146.1,265.34,33.22,2.91,323.0
4,1066,147.77,270.1,35.25,2.47,324.0
4,1067,119.12,232.05,23.9,1.96,296.0
4,1068,130.16,239.25,14.57,2.31,309.0
4,1069,108.22,214.5,7.36,1.48,266.0
4,1070,92.93,189.34,3.08,1.39,227.0
4,1071,51.36,134.65,102.85,1.14,
4,1072,106.08,215.78,49.15,2.41,185.0
4,1073,131.98,266.2,20.28,2.83,298.0
4,1074,117.47,236.63,19.17,2.15,304.0
4,1075,102.19,198.88,18.62,3.83,277.0
4,1076,44.98,87.5,13.03,3.75,162.0
4,1077,53.43,87.57,10.07,2.82,127.0
4,1078,66.28,141.61,16.09,1.7,116.0
4,1079,58.41,124.48,16.29,0.86,126.0
4,1080,53.83,120.29,18.12,0.87,113.0
4,1081,58.65,129.08,19.43,0.7,114.0
4,1082,63.41,177.11,20.54,1.39,133.0
4,1083,43.93,121.78,21.39,1.74,142.0
4,1084,75.09,171.16,22.07,0.86,126.0
4,1085,108.76,221.19,23.33,1.2,230.0
4,1086,87.22,198.96,42.63,0.96,227.0
4,1087,56.46,126.01,25.53,1.53,143.0
4,1088,72.21,157.96,26.12,2.16,122.0
4,1089,96.33,186.31,28.36,1.71,197.0
4,1090,112.36,210.37,28.77,1.41,235.0
4,1091,148.9,272.45,28.1,1.22,315.0
4,1092,177.53,303.42,28.78,1.37,335.0
4,1093,101.19,188.85,26.62,1.24,298.0
4,1094,100.84,199.13,27.47,1.63,233.0
4,1095,133.75,254.85,28.81,2.0,283.0
4,1096,158.06,285.43,30.4,2.11,321.0
4,1097,161.69,291.36,30.43,1.7,331.0
4,1098,149.97,260.76,31.25,1.74,331.0
4,1099,87.04,179.58,29.9,1.42,232.0
4,1100,,,,,212.0
4,1101,,,,,
4,1102,,,,,
4,1103,,,,,
4,1104,,,,,
4,1105,,,,,
4,1106,,,,,
4,1107,,,,,
4,1108,98.85,198.54,75.7,1.47,
4,1109,103.52,189.41,78.17,1.66,237.0
4,1110,124.02,195.9,94.18,1.92,310.0
4,1111,66.92,138.18,86.72,1.36,170.0
4,1112,77.72,158.17,79.22,1.44,152.0
4,1113,77.71,151.64,77.4,1.25,144.0
4,1114,73.58,146.1,78.11,1.2,165.0
4,1115,61.57,131.82,77.61,1.23,126.0
4,1116,70.31,154.81,76.93,1.24,129.0
4,1117,74.04,163.69,76.91,1.2,149.0
4,1118,58.91,131.93,77.1,1.1,125.0
4,1119,58.9,110.95,78.77,0.82,123.0
4,1120,26.86,59.87,78.52,0.68,115.0
4,1121,62.55,122.25,79.24,1.98,127.0
4,1122,57.51,120.69,79.01,1.26,118.0
4,1123,70.09,160.56,60.24,1.04,132.0
4,1124,53.67,114.13,34.3,0.92,124.0
4,1125,45.61,101.86,45.86,0.94,127.0
4,1126,61.12,131.87,47.57,0.92,142.0
4,1127,56.96,135.69,53.42,0.92,150.0
4,1128,44.39,114.54,54.79,0.94,159.0
4,1129,31.79,96.3,59.83,0.82,149.0
4,1130,55.78,138.44,65.5,0.77,168.0
4,1131,50.4,131.72,70.81,0.66,165.0
4,1132,58.71,147.2,57.73,0.64,152.0
4,1133,48.6,136.91,49.52,0.63,130.0
4,1134,59.76,157.27,42.42,0.64,130.0
4,1135,67.11,160.02,49.05,0.61,141.0
4,1136,69.65,162.02,49.28,0.64,138.0
4,1137,67.14,166.85,61.48,0.63,145.0
4,1138,58.38,177.22,48.94,0.59,147.0
4,1139,48.16,87.04,35.24,0.52,123.0
4,1140,16.26,52.61,28.35,0.44,66.0
4,1141,15.91,50.34,33.5,0.53,58.0
4,1142,31.96,94.51,33.41,0.59,77.0
4,1143,68.32,181.17,30.42,1.53,129.0
4,1144,41.54,135.18,9.04,0.76,137.0
4,1145,53.44,159.72,11.58,0.72,133.0
4,1146,52.41,166.21,13.27,0.71,139.0
4,1147,69.46,205.16,13.13,0.66,162.0
4,1148,54.32,166.52,9.71,0.67,154.0
4,1149,43.14,122.51,10.2,0.61,124.0
4,1150,52.39,143.82,13.52,0.61,123.0
4,1151,29.75,89.22,10.8,0.54,114.0
4,1152,,,,,85.0
4,1153,27.2,81.05,5.87,0.52,
4,1154,58.6,153.78,9.93,0.55,119.0
4,1155,57.97,149.22,9.32,0.47,133.0
4,1156,46.84,128.01,9.46,0.56,132.0
4,1157,16.77,58.27,7.56,0.62,79.0
4,1158,25.72,77.3,8.99,0.65,73.0
4,1159,19.79,57.47,9.64,0.74,64.0
4,1160,31.52,77.37,6.09,0.71,69.0
4,1161,47.8,85.78,4.86,0.63,73.0
4,1162,58.97,153.53,9.45,0.69,133.0
4,1163,51.79,140.04,10.5,0.75,132.0
4,1164,29.06,104.61,9.14,0.69,112.0
4,1165,28.63,90.7,9.03,0.69,91.0
4,1166,42.29,129.74,9.54,0.64,110.0
4,1167,48.66,155.13,8.7,0.57,128.0
4,1168,54.53,157.09,8.0,0.88,140.0
4,1169,40.21,138.73,8.52,0.92,125.0
4,1170,27.42,104.51,6.89,1.31,119.0
4,1171,20.92,81.28,13.74,0.78,88.0
4,1172,30.1,96.19,14.15,0.76,93.0
4,1173,43.88,137.19,15.46,0.89,112.0
4,1174,44.86,144.69,14.56,0.84,138.0
4,1175,56.47,158.03,12.76,0.75,124.0
4,1176,20.96,75.37,4.88,0.84,106.0
4,1177,15.44,57.58,4.94,0.86,72.0
4,1178,37.84,115.7,4.88,0.9,
4,1179,53.87,150.64,11.11,0.74,
4,1180,52.32,136.13,13.02,0.93,
4,1181,85.49,196.39,14.09,0.9,
4,1182,79.32,200.53,12.94,0.37,
4,1183,58.0,153.79,11.72,1.04,
4,1184,43.46,137.94,13.6,1.03,
4,1185,,,,0.94,
4,1186,60.49,175.86,6.46,0.78,
4,1187,42.65,127.85,8.85,0.77,
4,1188,34.55,140.89,6.95,0.78,
4,1189,65.85,164.22,6.36,0.85,
4,1190,60.17,196.48,2.24,0.96,
4,1191,52.95,159.99,16.91,0.29,
4,1192,46.28,131.27,17.53,0.24,126.0
4,1193,34.09,105.54,17.85,0.26,110.0
4,1194,42.13,124.71,17.43,0.24,112.0
4,1195,28.51,138.44,11.57,0.62,138.0
4,1196,34.87,97.24,2.45,0.99,96.0
4,1197,18.64,55.1,4.58,0.94,77.0
4,1198,28.11,65.25,237.27,0.82,72.0
4,1199,42.29,99.54,25.06,0.81,83.0
4,1200,52.59,129.54,22.42,0.78,107.0
4,1201,55.56,140.47,21.13,0.96,128.0
4,1202,33.87,119.64,16.37,0.94,122.0
4,1203,22.94,70.01,16.99,0.92,99.0
4,1204,35.71,100.19,4.89,0.81,85.0
4,1205,43.0,134.69,9.02,1.16,117.0
4,1206,17.8,63.32,9.46,0.92,94.0
4,1207,21.1,77.96,8.67,0.62,66.0
4,1208,23.62,80.1,8.81,0.6,78.0
4,1209,29.8,98.84,8.82,0.75,94.0
4,1210,60.36,161.24,8.64,0.64,119.0
4,1211,69.33,167.05,9.24,0.55,148.0
4,1212,43.85,109.9,8.67,0.75,119.0
4,1213,81.81,203.55,9.99,0.72,138.0
4,1214,71.4,148.06,10.58,0.51,156.0
4,1215,61.67,148.89,10.58,0.64,136.0
4,1216,64.92,178.5,10.64,0.74,149.0
4,1217,77.06,201.95,11.04,0.87,157.0
4,1218,60.54,188.97,10.25,2.31,161.0
4,1219,37.37,83.42,8.35,0.89,120.0
4,1220,46.96,117.05,8.24,0.8,104.0
4,1221,60.38,157.78,8.23,0.95,123.0
4,1222,43.89,121.76,8.22,0.79,131.0
4,1223,26.75,83.47,8.26,0.62,95.0
4,1224,31.61,81.6,8.21,0.53,82.0
4,1225,58.47,118.73,8.25,0.57,100.0
4,1226,99.65,169.11,8.25,0.7,178.0
4,1227,108.04,198.34,8.24,0.7,252.0
4,1228,118.6,206.81,8.26,0.68,273.0
4,1229,41.29,89.89,8.22,0.54,153.0
4,1230,51.48,113.43,8.22,0.61,102.0
4,1231,75.55,148.68,8.23,0.64,128.0
4,1232,56.32,136.55,8.27,0.66,127.0
4,1233,92.14,196.87,8.35,0.63,167.0
4,1234,84.74,196.78,8.41,0.66,206.0
4,1235,72.32,163.27,8.25,0.59,149.0
4,1236,67.71,106.21,8.47,0.69,131.0
4,1237,74.3,134.46,8.61,0.61,127.0
4,1238,104.43,152.02,8.4,0.63,252.0
4,1239,52.81,112.14,8.31,0.58,134.0
4,1240,51.88,100.81,8.33,0.63,102.0
4,1241,62.72,124.43,8.56,0.58,114.0
4,1242,74.08,126.26,8.34,0.53,132.0
4,1243,72.53,138.75,8.3,0.48,134.0
4,1244,108.07,76.5,8.24,0.97,225.0
4,1245,74.32,61.18,8.36,0.98,196.0
4,1246,66.86,67.01,8.69,0.74,113.0
4,1247,75.49,327.61,22.51,0.92,130.0
4,1248,99.15,331.54,8.55,1.56,254.0
4,1249,48.66,179.33,8.57,1.26,200.0
4,1250,67.25,199.98,8.4,1.24,164.0
4,1251,61.84,194.06,9.97,1.8,174.0
4,1252,59.22,208.58,9.6,1.23,164.0
4,1253,,,,,170.0
4,1254,53.32,146.53,17.23,2.81,
4,1255,54.7,175.81,29.71,2.1,148.0
4,1256,29.87,135.11,6.05,0.75,133.0
4,1257,50.25,148.66,18.11,,128.0
4,1258,51.72,175.01,48.32,,135.0
4,1259,63.27,260.67,91.53,,
4,1260,83.88,340.65,13.99,2.82,221.0
4,1261,194.84,917.08,17.41,,732.0
4,1262,262.84,802.87,14.54,,869.0
4,1263,145.95,401.62,13.25,,695.0
4,1264,49.36,215.18,13.17,,222.0
4,1265,41.53,183.02,14.08,,158.0
4,1266,39.78,171.73,15.08,0.0,154.0
4,1267,44.05,152.49,16.37,,143.0
4,1268,33.94,120.27,17.25,,121.0
4,1269,40.94,150.34,16.96,,126.0
4,1270,32.02,154.91,16.48,,145.0
4,1271,41.94,120.52,16.47,,113.0
4,1272,45.02,174.24,16.07,,113.0
4,1273,49.85,229.22,15.85,,189.0
4,1274,30.38,85.39,16.22,,110.0
4,1275,21.99,46.12,16.14,1.34,86.0
4,1276,14.6,40.21,16.86,,47.0
4,1277,26.32,72.24,17.53,,50.0
4,1278,39.38,89.71,18.89,,94.0
4,1279,42.91,96.36,18.79,,96.0
4,1280,29.81,42.27,18.68,,59.0
4,1281,57.48,49.28,18.73,,83.0
4,1282,35.43,75.99,7.37,,71.0
4,1283,57.96,119.11,9.12,0.16,101.0
4,1284,51.58,109.11,9.3,0.18,107.0
4,1285,41.99,92.76,9.2,0.46,95.0
4,1286,43.36,87.53,9.17,0.15,93.0
4,1287,52.64,68.71,10.8,0.23,88.0
4,1288,28.48,46.52,10.06,0.47,81.0
4,1289,36.03,55.76,8.76,,50.0
4,1290,16.45,33.03,9.01,,60.0
4,1291,21.83,45.5,9.18,,
4,1292,21.47,41.26,9.43,,
4,1293,28.43,47.3,9.41,0.0,49.0
4,1294,22.09,41.49,9.35,0.0,49.0
4,1295,24.9,53.83,8.82,0.0,55.0
4,1296,18.52,53.06,8.73,0.25,
4,1297,26.85,65.56,8.06,0.41,67.0
4,1298,27.89,60.21,5.99,0.42,64.0
4,1299,25.89,27.13,6.06,0.34,54.0
4,1300,23.24,40.44,6.02,0.36,50.0
4,1301,24.15,48.14,5.21,0.37,74.0
4,1302,28.38,51.05,4.85,0.37,54.0
4,1303,14.82,31.86,4.83,0.13,50.0
4,1304,10.8,29.2,5.6,0.2,
4,1305,,28.23,6.7,0.24,25.0
4,1306,,38.77,6.65,0.37,46.0
4,1307,,49.86,6.6,0.33,68.0
4,1308,,59.9,6.63,0.3,59.0
4,1309,,63.84,7.14,0.17,71.0
4,1310,,61.34,8.58,0.5,62.0
4,1311,,147.2,8.94,0.23,67.0
4,1312,,127.95,8.67,0.14,126.0
4,1313,,83.64,8.11,,100.0
4,1314,,47.79,8.08,,66.0
4,1315,,19.9,7.92,,39.0
4,1316,,18.23,6.56,,37.0
4,1317,,19.99,7.11,,40.0
4,1318,,38.43,7.67,,42.0
4,1319,,38.21,7.76,,42.0
4,1320,,65.08,7.83,,43.0
4,1321,,47.75,8.79,,64.0
4,1322,,35.59,10.34,,44.0
4,1323,,31.42,10.37,,
4,1324,,61.22,10.24,,
4,1325,,50.07,9.47,,
4,1326,,28.55,9.46,,64.0
4,1327,,24.03,9.47,,40.0
4,1328,,39.04,10.14,0.32,61.0
4,1329,19.92,37.9,12.06,1.01,42.0
4,1330,,43.11,13.5,0.04,
4,1331,,30.87,12.01,0.0,40.0
4,1332,,47.04,13.39,0.0,39.0
4,1333,,,,,
4,1334,,,,,
4,1335,,71.25,32.78,0.0,
4,1336,,92.29,11.84,0.04,
4,1337,,99.16,11.74,0.0,98.0
4,1338,,73.84,10.68,0.0,86.0
4,1339,,86.23,9.68,0.0,72.0
4,1340,,74.16,18.0,0.0,78.0
4,1341,,48.94,10.27,0.0,
4,1342,,36.88,12.7,0.0,
4,1343,,39.17,11.55,0.0,39.0
4,1344,,64.29,10.75,0.0,53.0
4,1345,,82.86,8.52,0.0,70.0
4,1346,,56.13,7.29,0.0,72.0
4,1347,,24.89,7.84,0.0,40.0
4,1348,,34.62,10.65,0.0,33.0
4,1349,,43.28,10.85,0.0,36.0
4,1350,,42.87,15.46,0.0,45.0
4,1351,,47.01,14.9,0.0,46.0
4,1352,,84.37,10.91,0.0,56.0
4,1353,,44.41,11.35,0.0,77.0
4,1354,,36.96,11.61,0.0,38.0
4,1355,,41.76,11.37,0.0,39.0
4,1356,,56.83,11.48,0.0,48.0
4,1357,,67.86,11.79,0.0,63.0
4,1358,,81.95,11.69,0.0,76.0
4,1359,,88.29,11.32,0.0,84.0
4,1360,,73.77,11.04,0.0,86.0
4,1361,,33.3,10.85,0.0,52.0
4,1362,,10.81,3.94,0.02,32.0
4,1363,,17.01,0.79,0.0,22.0
4,1364,,27.65,1.41,0.0,20.0
4,1365,,84.37,1.41,0.0,56.0
4,1366,,93.59,4.82,0.06,91.0
4,1367,,94.38,11.77,0.0,94.0
4,1368,,43.79,14.45,0.0,67.0
4,1369,,84.29,14.12,0.0,68.0
4,1370,,119.97,14.79,0.0,100.0
4,1371,,130.41,15.03,0.0,119.0
4,1372,,134.54,14.44,0.0,122.0
4,1373,,79.33,18.87,0.0,104.0
4,1374,,65.32,17.17,0.0,78.0
4,1375,,95.99,15.89,0.0,83.0
4,1376,,194.56,15.38,0.0,133.0
4,1377,,154.77,12.72,0.0,157.0
4,1378,,87.81,10.99,0.0,106.0
4,1379,,132.12,14.43,0.0,93.0
4,1380,,152.34,21.74,0.0,146.0
4,1381,,152.55,27.25,0.0,129.0
4,1382,,211.81,26.32,0.0,150.0
4,1383,,271.06,26.49,0.0,209.0
4,1384,,228.06,23.23,0.09,203.0
4,1385,,125.47,18.58,0.0,145.0
4,1386,,121.94,19.97,0.0,106.0
4,1387,,106.02,20.95,0.01,118.0
4,1388,,112.9,22.89,0.0,106.0
4,1389,,85.78,25.08,0.0,96.0
4,1390,41.99,143.94,29.28,0.01,115.0
4,1391,59.95,182.15,29.53,0.0,145.0
4,1392,48.96,144.84,23.73,0.0,137.0
4,1393,61.79,184.57,24.41,0.01,152.0
4,1394,37.17,106.31,26.8,0.0,119.0
4,1395,42.12,120.38,27.04,0.01,107.0
4,1396,48.55,138.69,26.26,0.0,124.0
4,1397,45.78,130.79,28.65,0.0,122.0
4,1398,57.31,175.25,26.18,0.02,138.0
4,1399,57.94,171.82,20.66,0.0,144.0
4,1400,49.3,143.96,22.59,0.01,140.0
4,1401,116.63,306.18,21.4,0.0,251.0
4,1402,33.74,87.84,21.19,0.01,137.0
4,1403,48.76,139.29,27.79,0.0,112.0
4,1404,27.22,102.81,32.62,0.0,124.0
4,1405,27.75,106.09,27.03,0.0,
4,1406,31.86,90.9,38.29,0.0,74.0
4,1407,73.92,213.3,43.28,0.32,146.0
4,1408,96.85,215.67,32.62,1.13,237.0
4,1409,60.41,112.53,38.15,0.81,124.0
4,1410,54.89,157.76,38.02,0.01,114.0
4,1411,62.42,178.25,34.95,0.0,158.0
4,1412,33.74,96.43,37.24,0.0,120.0
4,1413,45.16,129.04,38.7,0.0,101.0
4,1414,42.61,121.76,36.97,0.0,129.0
4,1415,38.93,111.3,23.5,0.02,
4,1416,49.87,142.45,35.8,0.0,115.0
4,1417,71.74,205.11,38.24,0.0,156.0
4,1418,54.93,152.6,38.26,0.0,158.0
4,1419,48.16,128.53,29.8,0.01,117.0
4,1420,52.3,139.23,27.98,0.01,125.0
4,1421,93.43,147.22,28.7,0.01,140.0
4,1422,112.18,162.8,34.1,0.0,306.0
4,1423,46.38,102.86,31.23,0.0,134.0
4,1424,45.32,100.78,33.26,0.0,91.0
4,1425,68.66,152.57,36.7,0.0,121.0
4,1426,63.86,142.12,33.08,0.01,135.0
4,1427,69.37,154.01,36.36,0.0,132.0
4,1428,63.2,140.32,33.88,0.0,127.0
4,1429,65.15,144.93,33.27,0.01,130.0
4,1430,62.87,139.7,31.37,0.0,135.0
4,1431,62.95,140.07,36.7,0.01,125.0
4,1432,41.91,93.07,38.0,0.0,109.0
4,1433,53.8,123.95,33.28,0.01,101.0
4,1434,76.21,168.2,26.18,0.02,115.0
4,1435,61.69,137.47,33.08,0.01,127.0
4,1436,70.49,156.56,43.85,0.0,139.0
4,1437,63.57,141.24,33.89,0.0,130.0
4,1438,69.19,153.63,37.59,0.01,131.0
4,1439,73.15,162.47,41.33,0.0,144.0
4,1440,54.54,121.13,41.71,0.01,131.0
4,1441,23.84,52.99,40.65,0.01,94.0
4,1442,34.41,76.5,39.35,0.01,91.0
4,1443,35.39,78.62,41.28,0.0,90.0
4,1444,43.93,100.62,30.82,0.02,99.0
4,1445,37.55,84.08,30.34,0.0,87.0
4,1446,49.82,120.8,31.61,0.0,102.0
4,1447,61.91,138.56,31.59,0.02,118.0
4,1448,72.97,163.05,35.39,0.01,138.0
4,1449,81.51,181.02,37.44,0.01,160.0
4,1450,56.93,126.56,35.26,0.02,143.0
4,1451,56.6,125.74,37.83,0.0,110.0
4,1452,62.09,138.1,29.75,0.02,126.0
4,1453,75.18,166.81,20.86,0.0,127.0
4,1454,64.23,141.23,22.13,0.01,149.0
4,1455,68.66,152.5,22.59,0.0,137.0
4,1456,74.91,178.86,24.35,0.01,144.0
4,1457,72.08,160.38,27.11,0.01,154.0
4,1458,70.27,155.08,27.48,0.01,131.0
4,1459,98.32,218.44,37.03,0.0,200.0
4,1460,78.83,175.0,32.62,0.0,174.0
4,1461,78.42,186.41,33.79,0.05,184.0
4,1462,92.38,205.42,21.67,0.17,170.0
4,1463,77.42,171.98,19.65,0.05,176.0
4,1464,45.44,100.89,27.8,0.01,131.0
4,1465,34.45,76.48,32.28,0.0,81.0
4,1466,28.29,62.82,29.28,0.0,77.0
4,1467,14.54,32.35,31.28,0.0,70.0
4,1468,24.39,55.75,27.86,0.0,69.0
4,1469,27.89,61.97,25.9,0.02,64.0
4,1470,37.34,88.8,21.51,0.04,75.0
4,1471,45.99,102.22,25.32,0.03,98.0
4,1472,69.5,159.89,28.99,0.0,101.0
4,1473,52.22,115.98,24.15,0.0,118.0
4,1474,27.56,61.73,36.82,0.0,83.0
4,1475,28.1,73.28,28.07,0.0,80.0
4,1476,47.88,114.7,30.98,0.0,73.0
4,1477,70.18,163.27,35.91,0.0,133.0
4,1478,64.8,148.01,28.05,0.0,135.0
4,1479,34.37,82.02,25.3,0.0,131.0
4,1480,2.85,11.43,26.75,0.0,56.0
4,1481,15.53,54.85,26.29,0.0,54.0
4,1482,14.88,35.71,18.29,0.0,50.0
4,1483,9.17,25.17,18.35,0.0,48.0
4,1484,10.42,29.31,20.46,0.0,42.0
4,1485,39.63,71.3,20.8,0.0,
4,1486,73.78,119.03,23.99,0.0,142.0
4,1487,44.72,98.2,26.97,0.0,122.0
4,1488,34.14,73.32,24.26,0.0,76.0
4,1489,58.49,104.54,21.57,0.0,90.0
4,1490,56.89,94.19,22.23,0.0,98.0
4,1491,70.78,114.9,22.67,0.0,113.0
4,1492,33.66,52.12,16.6,0.0,83.0
4,1493,34.5,50.39,13.56,0.0,58.0
4,1494,40.16,68.34,15.32,0.0,62.0
4,1495,47.96,88.1,13.39,0.0,84.0
4,1496,67.94,156.16,14.99,0.0,113.0
4,1497,48.54,154.64,15.21,0.0,146.0
4,1498,82.06,113.3,14.76,0.0,154.0
4,1499,45.96,60.92,14.65,0.0,98.0
4,1500,30.86,53.32,12.28,0.0,71.0
4,1501,36.56,73.1,15.88,0.0,59.0
4,1502,72.25,152.76,18.54,0.0,126.0
4,1503,41.63,133.64,18.15,0.01,132.0
4,1504,72.66,138.2,19.13,0.01,121.0
4,1505,77.14,132.69,19.67,0.0,164.0
4,1506,47.29,84.07,16.36,0.01,119.0
4,1507,16.68,45.69,14.11,0.0,51.0
4,1508,34.55,73.44,13.75,0.0,62.0
4,1509,61.25,130.3,15.41,0.0,99.0
4,1510,21.95,46.79,15.49,0.01,85.0
4,1511,25.43,54.23,17.56,0.0,44.0
4,1512,36.81,81.97,17.47,0.0,79.0
4,1513,44.38,41.67,16.96,0.0,60.0
4,1514,41.11,64.08,18.64,0.0,92.0
4,1515,40.75,90.57,20.52,0.0,78.0
4,1516,63.67,141.48,22.04,0.0,120.0
4,1517,63.92,144.54,22.06,0.0,128.0
4,1518,36.2,75.43,15.32,0.5,96.0
4,1519,35.6,79.37,13.73,0.36,74.0
4,1520,37.12,80.11,9.66,0.86,82.0
4,1521,57.28,122.07,10.54,0.51,109.0
4,1522,19.68,52.76,9.87,0.0,76.0
4,1523,19.43,42.71,12.18,0.1,46.0
4,1524,23.77,56.26,16.42,0.21,48.0
4,1525,37.84,82.52,18.54,0.5,
4,1526,46.13,113.27,19.22,0.43,111.0
4,1527,74.7,125.2,13.91,0.46,135.0
4,1528,44.85,82.82,7.4,0.72,96.0
4,1529,37.6,67.05,24.41,0.6,77.0
4,1530,67.44,106.6,7.98,0.86,99.0
4,1531,37.63,63.42,10.68,0.67,85.0
4,1532,37.63,77.26,11.79,0.8,60.0
4,1533,69.9,115.62,20.84,0.72,114.0
4,1534,49.28,78.65,12.85,0.43,106.0
4,1535,43.24,71.85,11.91,0.57,74.0
4,1536,43.63,68.04,10.72,0.6,71.0
4,1537,74.37,112.38,10.48,0.86,119.0
4,1538,70.64,116.4,11.9,0.62,136.0
4,1539,71.22,113.04,24.78,0.67,142.0
4,1540,30.74,55.69,16.47,0.33,86.0
4,1541,40.85,59.79,16.42,0.5,61.0
4,1542,36.84,66.44,19.48,0.42,69.0
4,1543,54.1,82.51,16.2,0.67,82.0
4,1544,43.03,66.96,14.85,0.61,71.0
4,1545,52.6,85.3,14.9,0.76,89.0
4,1546,66.24,97.35,15.14,0.76,95.0
4,1547,88.86,143.79,26.09,0.88,148.0
4,1548,86.36,127.89,26.89,0.72,230.0
4,1549,73.09,113.95,16.56,0.74,139.0
4,1550,60.48,106.94,10.8,0.47,135.0
4,1551,28.25,67.71,13.03,0.42,83.0
4,1552,43.8,95.73,35.03,0.75,87.0
4,1553,71.36,120.11,81.76,0.53,118.0
4,1554,54.24,94.69,138.35,0.76,139.0
4,1555,66.98,111.23,66.24,0.73,110.0
4,1556,84.64,139.75,66.81,0.83,167.0
4,1557,92.19,167.42,22.71,0.77,182.0
4,1558,28.98,72.15,20.28,0.56,122.0
4,1559,34.9,94.52,22.68,0.32,90.0
4,1560,70.98,129.01,19.69,0.98,122.0
4,1561,53.72,112.19,17.95,0.76,114.0
4,1562,53.68,81.89,17.4,0.94,97.0
4,1563,35.58,83.38,15.89,0.61,89.0
4,1564,33.04,85.15,17.82,0.82,78.0
4,1565,43.46,90.03,19.46,1.11,93.0
4,1566,49.03,122.91,18.11,0.62,111.0
4,1567,38.2,105.68,14.0,0.69,126.0
4,1568,30.8,54.33,12.97,0.59,65.0
4,1569,31.83,60.62,16.91,0.62,58.0
4,1570,43.3,81.48,19.0,0.93,87.0
4,1571,47.63,96.05,15.44,1.21,101.0
4,1572,64.79,125.99,15.45,1.02,124.0
4,1573,79.94,147.5,15.45,0.93,158.0
4,1574,62.45,130.58,15.45,1.52,129.0
4,1575,35.46,150.77,17.48,0.39,149.0
4,1576,36.93,76.91,16.89,1.04,91.0
4,1577,38.07,79.67,13.76,0.8,82.0
4,1578,60.35,110.87,13.76,0.78,93.0
4,1579,61.59,151.49,13.76,0.96,125.0
4,1580,58.58,131.1,16.09,1.0,129.0
4,1581,47.27,135.19,18.39,0.63,124.0
4,1582,43.45,95.71,17.41,1.0,106.0
4,1583,38.35,110.64,16.64,0.5,109.0
4,1584,30.74,80.8,16.64,0.89,97.0
4,1585,43.75,100.92,28.21,0.87,97.0
4,1586,74.98,145.44,69.8,0.94,114.0
4,1587,59.63,118.65,64.12,1.03,147.0
4,1588,65.93,129.11,38.61,0.97,119.0
4,1589,54.21,110.82,72.44,1.29,120.0
4,1590,84.41,144.68,29.71,0.83,147.0
4,1591,97.06,176.04,31.61,0.96,198.0
4,1592,93.87,135.68,15.08,1.07,244.0
4,1593,37.95,76.21,18.64,0.79,116.0
4,1594,90.72,142.79,12.11,1.03,174.0
4,1595,36.44,63.95,10.57,0.82,99.0
4,1596,69.3,135.22,9.09,0.8,112.0
4,1597,34.17,70.38,39.57,0.66,101.0
4,1598,38.31,96.81,14.91,0.73,99.0
4,1599,31.87,61.91,9.74,1.06,76.0
4,1600,49.54,105.25,9.31,0.9,100.0
4,1601,37.44,95.69,10.04,0.84,102.0
4,1602,46.62,98.1,30.3,0.76,90.0
4,1603,58.24,114.75,47.67,1.09,106.0
4,1604,38.7,93.26,63.38,0.76,108.0
4,1605,26.47,62.35,11.18,0.91,79.0
4,1606,22.15,55.39,8.36,0.89,71.0
4,1607,34.8,75.58,8.64,1.0,77.0
4,1608,32.11,71.02,13.58,0.99,77.0
4,1609,38.02,79.34,32.18,0.86,81.0
4,1610,43.03,101.54,22.68,1.42,100.0
4,1611,57.3,130.38,27.38,0.94,123.0
4,1612,55.89,132.32,20.02,1.19,122.0
4,1613,58.44,141.53,13.55,0.84,121.0
4,1614,49.65,120.56,11.27,1.2,124.0
4,1615,63.82,181.11,10.54,0.39,135.0
4,1616,38.14,123.69,7.91,0.58,148.0
4,1617,51.45,115.44,9.43,0.68,104.0
4,1618,46.72,88.35,9.22,0.53,103.0
4,1619,35.52,68.81,9.41,0.7,79.0
4,1620,39.76,97.33,9.65,0.86,90.0
4,1621,39.17,86.77,10.66,1.09,94.0
4,1622,34.67,95.14,10.5,0.73,98.0
4,1623,50.27,146.22,22.83,0.69,113.0
4,1624,52.25,116.06,13.75,0.62,122.0
4,1625,40.12,96.78,11.14,0.55,101.0
4,1626,41.37,96.26,10.38,0.61,98.0
4,1627,71.78,157.84,11.13,1.17,126.0
4,1628,44.71,79.43,10.76,0.79,106.0
4,1629,62.47,113.81,11.16,0.78,104.0
4,1630,52.47,124.04,9.73,0.56,91.0
4,1631,55.22,177.85,8.66,0.76,153.0
4,1632,31.45,79.17,8.29,0.84,121.0
4,1633,22.63,78.34,11.89,1.01,81.0
4,1634,30.66,93.25,16.42,0.77,94.0
4,1635,30.83,111.52,8.14,0.75,100.0
4,1636,20.91,79.27,8.09,0.77,96.0
4,1637,16.57,50.38,7.71,0.59,65.0
4,1638,24.92,72.1,8.78,0.42,66.0
4,1639,22.93,102.56,10.12,0.29,100.0
4,1640,39.66,110.23,10.55,0.72,94.0
4,1641,39.39,148.72,10.47,0.43,127.0
4,1642,34.2,121.47,10.6,0.37,126.0
4,1643,38.51,95.89,10.58,0.49,93.0
4,1644,35.45,85.48,10.73,0.46,86.0
4,1645,39.52,101.22,10.62,0.38,98.0
4,1646,39.29,104.66,10.8,0.38,105.0
4,1647,15.97,45.06,10.65,0.47,77.0
4,1648,33.24,67.52,10.16,0.37,73.0
4,1649,23.68,49.41,8.8,0.59,59.0
4,1650,38.8,110.12,9.07,0.47,67.0
4,1651,25.52,67.57,9.21,0.45,69.0
4,1652,52.38,135.9,16.7,0.34,89.0
4,1653,60.87,154.12,27.4,0.24,146.0
4,1654,48.44,135.54,25.05,0.48,110.0
4,1655,50.87,122.29,15.78,0.3,142.0
4,1656,24.63,44.26,26.07,0.2,60.0
4,1657,41.52,67.16,18.92,0.32,51.0
4,1658,32.36,55.29,10.18,0.3,73.0
4,1659,24.46,48.21,10.4,0.29,52.0
4,1660,31.59,62.79,20.49,0.39,53.0
4,1661,29.65,57.49,14.02,0.4,64.0
4,1662,36.65,64.81,11.3,0.53,61.0
4,1663,34.1,60.06,10.68,0.47,60.0
4,1664,43.15,76.76,10.4,0.31,71.0
4,1665,48.85,74.56,9.49,0.17,75.0
4,1666,43.72,69.77,9.53,0.38,79.0
4,1667,28.22,53.0,9.31,0.27,70.0
4,1668,24.73,49.38,9.94,0.5,46.0
4,1669,27.5,48.96,10.97,0.43,55.0
4,1670,26.73,47.19,13.84,0.63,55.0
4,1671,29.12,48.46,14.06,0.26,51.0
4,1672,25.95,51.61,14.3,0.08,48.0
4,1673,17.41,41.49,9.96,0.35,47.0
4,1674,23.92,45.63,10.22,0.51,47.0
4,1675,16.58,37.38,9.41,0.1,42.0
4,1676,24.34,49.36,9.82,0.54,45.0
4,1677,41.6,63.19,9.07,0.54,67.0
4,1678,31.11,54.02,9.13,0.24,59.0
4,1679,33.02,56.3,9.18,0.28,56.0
4,1680,27.95,50.61,8.96,0.5,52.0
4,1681,27.18,64.55,8.96,0.48,61.0
4,1682,21.42,44.31,9.28,0.15,54.0
4,1683,21.94,49.35,9.3,0.51,43.0
4,1684,27.52,52.67,9.0,0.49,53.0
4,1685,32.26,59.32,9.02,0.27,54.0
4,1686,20.54,44.11,8.87,0.28,53.0
4,1687,23.62,49.13,9.02,0.76,50.0
4,1688,23.28,50.89,9.19,0.62,58.0
4,1689,22.43,46.17,9.19,0.57,50.0
4,1690,19.43,39.75,9.19,0.42,44.0
4,1691,11.69,37.87,9.19,0.56,39.0
4,1692,16.58,35.71,9.16,0.29,45.0
4,1693,25.06,53.57,9.19,0.53,48.0
4,1694,42.78,75.93,9.07,0.29,68.0
4,1695,34.69,70.15,8.91,0.22,77.0
4,1696,34.9,72.3,8.83,0.24,69.0
4,1697,42.01,80.46,8.87,0.28,77.0
4,1698,,,,,80.0
4,1699,36.18,45.75,10.58,0.45,
4,1700,36.3,63.21,9.14,0.55,68.0
4,1701,44.57,73.97,8.95,0.18,84.0
4,1702,35.47,62.21,9.47,0.3,64.0
4,1703,37.27,62.08,11.54,0.47,60.0
4,1704,42.27,66.27,19.49,0.61,70.0
4,1705,41.31,67.58,8.82,0.38,80.0
4,1706,29.85,53.6,8.92,0.57,54.0
4,1707,41.67,71.05,8.81,1.49,79.0
4,1708,43.4,142.24,8.81,0.82,144.0
4,1709,20.82,36.97,8.81,0.68,64.0
4,1710,32.17,53.74,8.81,0.94,55.0
4,1711,32.83,58.77,8.77,1.0,70.0
4,1712,28.54,56.86,12.06,0.84,68.0
4,1713,38.61,76.3,16.01,1.17,70.0
4,1714,39.22,75.57,11.7,0.94,81.0
4,1715,41.36,79.85,11.2,0.3,77.0
4,1716,40.96,75.26,10.7,0.86,79.0
4,1717,35.44,63.1,10.91,1.13,84.0
4,1718,45.56,70.58,14.37,1.52,103.0
4,1719,42.86,69.71,10.58,0.67,85.0
4,1720,33.95,61.35,17.21,0.47,79.0
4,1721,37.32,65.85,11.66,0.09,56.0
4,1722,43.51,74.09,10.94,0.35,75.0
4,1723,31.24,54.09,11.3,1.37,91.0
4,1724,27.76,52.71,11.15,1.29,97.0
4,1725,33.91,61.33,11.05,1.42,90.0
4,1726,46.92,76.58,10.93,0.69,87.0
4,1727,29.63,55.14,10.91,0.51,66.0
4,1728,29.2,55.32,10.56,0.6,61.0
4,1729,60.23,82.57,10.91,1.17,87.0
4,1730,78.08,97.22,10.88,0.96,146.0
4,1731,35.0,62.07,10.44,0.81,96.0
4,1732,21.75,50.58,10.49,0.68,60.0
4,1733,12.58,41.81,10.51,0.57,63.0
4,1734,16.26,48.02,10.54,0.56,48.0
4,1735,18.15,51.03,10.58,0.62,57.0
4,1736,27.76,65.44,10.66,0.82,67.0
4,1737,28.07,69.46,10.32,0.58,84.0
4,1738,24.0,51.78,10.56,0.09,55.0
4,1739,30.18,54.28,10.3,0.21,60.0
4,1740,66.88,95.67,12.09,0.32,86.0
4,1741,34.53,75.78,11.41,0.23,94.0
4,1742,48.2,73.6,11.35,0.28,132.0
4,1743,47.82,71.06,12.56,0.33,81.0
4,1744,36.76,64.47,11.64,0.31,77.0
4,1745,67.93,112.42,12.05,0.33,154.0
4,1746,80.09,134.52,11.5,0.2,155.0
4,1747,89.61,136.04,11.33,0.28,179.0
4,1748,76.11,136.64,12.01,0.4,205.0
4,1749,45.01,102.57,11.41,0.48,104.0
4,1750,60.98,88.71,11.4,0.34,117.0
4,1751,58.05,81.17,11.65,0.47,95.0
4,1752,38.85,74.0,11.53,0.39,94.0
4,1753,22.66,54.08,11.53,0.63,58.0
4,1754,42.86,107.14,11.51,0.52,87.0
4,1755,62.48,136.27,11.51,0.54,110.0
4,1756,80.27,181.64,14.51,0.54,147.0
4,1757,96.33,172.08,18.14,0.46,227.0
4,1758,84.31,132.9,11.56,0.36,179.0
4,1759,90.71,135.6,13.12,0.87,198.0
4,1760,107.98,161.15,8.57,0.56,234.0
4,1761,116.05,181.67,9.11,0.79,212.0
4,1762,249.1,303.33,19.85,0.31,399.0
4,1763,111.47,189.73,10.03,0.46,309.0
4,1764,127.13,245.27,9.78,0.57,247.0
4,1765,139.65,226.33,10.01,0.31,321.0
4,1766,154.49,235.28,9.94,0.37,313.0
4,1767,110.95,181.95,9.91,0.52,313.0
4,1768,155.83,305.4,10.98,0.34,302.0
4,1769,104.21,207.47,10.64,0.71,288.0
4,1770,97.09,186.99,32.85,0.53,261.0
4,1771,137.13,221.46,9.95,0.48,254.0
4,1772,34.94,71.87,9.95,0.55,212.0
4,1773,24.18,61.24,10.04,0.8,54.0
4,1774,42.84,81.33,10.04,0.78,72.0
4,1775,84.92,143.08,10.24,0.41,140.0
4,1776,84.63,158.85,10.25,0.8,160.0
4,1777,168.71,313.31,10.31,0.78,285.0
4,1778,189.44,339.69,10.0,0.48,358.0
4,1779,148.61,260.33,10.09,0.56,334.0
4,1780,103.87,180.68,10.0,0.65,317.0
4,1781,86.49,164.0,9.91,0.36,259.0
4,1782,42.18,105.92,10.01,0.66,110.0
4,1783,101.44,190.56,10.01,0.65,162.0
4,1784,147.55,263.97,10.0,0.56,322.0
4,1785,91.41,253.95,9.98,0.47,235.0
4,1786,112.55,180.08,9.99,0.66,280.0
4,1787,57.31,122.03,10.01,0.59,157.0
4,1788,24.07,59.83,9.99,0.67,85.0
4,1789,32.98,88.49,9.99,0.67,74.0
4,1790,39.29,146.1,9.99,0.48,108.0
4,1791,30.77,80.76,10.03,0.48,113.0
4,1792,31.91,46.08,10.02,0.63,64.0
4,1793,25.36,39.49,9.85,0.65,44.0
4,1794,26.37,51.37,10.32,0.74,47.0
4,1795,41.64,69.84,10.15,0.64,60.0
4,1796,60.29,99.83,10.06,0.71,89.0
4,1797,84.89,137.8,9.93,0.5,145.0
4,1798,87.69,140.27,10.05,0.59,183.0
4,1799,90.75,145.52,10.6,0.16,220.0
4,1800,66.85,103.82,13.89,0.5,147.0
4,1801,54.62,84.09,11.54,0.24,106.0
4,1802,74.16,111.95,10.78,0.82,121.0
4,1803,67.0,114.79,12.9,0.74,123.0
4,1804,103.57,162.16,15.08,0.7,187.0
4,1805,128.64,202.77,14.02,0.66,291.0
4,1806,86.0,132.04,12.72,0.54,245.0
4,1807,28.77,44.31,12.31,0.72,186.0
4,1808,24.95,35.96,14.74,0.77,43.0
4,1809,39.26,47.36,13.75,0.71,59.0
4,1810,30.72,38.24,11.28,0.64,58.0
4,1811,41.03,51.31,12.41,0.81,55.0
4,1812,49.45,64.66,13.0,0.65,74.0
4,1813,58.96,85.25,14.96,0.72,95.0
4,1814,63.18,80.52,12.09,0.68,107.0
4,1815,108.34,125.24,11.94,0.62,171.0
4,1816,52.95,69.41,13.09,0.63,184.0
4,1817,62.11,84.25,12.12,0.61,96.0
4,1818,69.27,101.77,13.24,0.53,108.0
4,1819,97.42,128.35,9.83,0.64,210.0
4,1820,52.73,76.1,10.53,0.74,141.0
4,1821,58.57,84.32,10.62,0.8,91.0
4,1822,77.3,105.41,10.73,0.73,126.0
4,1823,80.31,106.95,10.78,0.64,156.0
4,1824,80.8,107.95,10.88,0.75,193.0
4,1825,71.17,97.83,10.78,0.4,155.0
4,1826,71.0,98.3,10.0,0.59,111.0
4,1827,94.38,137.93,10.38,0.42,184.0
4,1828,80.8,115.13,10.44,0.3,196.0
4,1829,78.22,110.89,10.03,0.62,160.0
4,1830,96.86,134.78,10.02,0.11,221.0
4,1831,65.12,95.22,9.67,0.28,156.0
4,1832,33.39,47.36,10.43,0.6,88.0
4,1833,36.74,46.3,9.77,0.57,58.0
4,1834,24.14,31.7,10.12,0.62,46.0
4,1835,56.17,80.34,10.05,0.68,66.0
4,1836,55.79,76.73,9.74,0.47,103.0
4,1837,55.64,80.28,10.19,0.73,87.0
4,1838,44.56,73.05,9.99,0.8,87.0
4,1839,47.0,61.51,10.01,0.4,74.0
4,1840,31.25,83.72,9.89,0.66,64.0
4,1841,54.01,187.66,9.78,0.72,166.0
4,1842,45.32,81.67,9.85,0.91,85.0
4,1843,77.37,110.41,10.03,0.89,121.0
4,1844,68.12,98.08,9.98,0.61,153.0
4,1845,57.46,82.99,10.02,0.63,111.0
4,1846,64.93,108.1,10.17,0.68,111.0
4,1847,37.05,69.74,10.04,0.63,98.0
4,1848,21.05,40.05,10.07,0.8,63.0
4,1849,27.42,50.66,10.01,0.73,63.0
4,1850,43.96,77.9,9.93,0.6,70.0
4,1851,71.6,130.66,10.17,0.7,108.0
4,1852,45.03,82.9,10.69,0.73,107.0
4,1853,61.56,94.0,10.77,0.64,90.0
4,1854,42.4,55.89,10.82,0.64,96.0
4,1855,20.48,36.13,10.7,0.98,55.0
4,1856,27.36,57.69,10.35,0.55,60.0
4,1857,21.43,139.43,10.15,0.47,102.0
4,1858,,,,,127.0
4,1859,,,,,
4,1860,13.46,29.6,92.98,1.44,
4,1861,67.56,103.84,21.0,0.49,111.0
4,1862,55.53,94.4,12.2,0.54,99.0
4,1863,74.16,128.7,11.48,0.46,121.0
4,1864,62.25,102.49,13.47,0.33,124.0
4,1865,92.15,166.94,11.59,0.9,152.0
4,1866,113.54,160.38,11.18,0.21,282.0
4,1867,63.68,115.75,10.13,1.03,144.0
4,1868,84.93,187.15,10.4,0.3,190.0
4,1869,38.88,136.28,13.17,0.5,133.0
4,1870,42.33,117.43,11.27,0.76,112.0
4,1871,33.14,100.08,10.48,0.66,107.0
4,1872,41.33,123.92,10.41,0.78,106.0
4,1873,69.4,154.93,10.43,0.44,132.0
4,1874,66.39,145.96,11.42,0.87,139.0
4,1875,59.59,144.61,11.48,0.74,128.0
4,1876,57.33,142.11,10.83,0.53,127.0
4,1877,49.81,123.28,10.75,0.76,124.0
4,1878,16.41,73.67,11.36,0.81,92.0
4,1879,34.54,101.2,25.44,0.68,94.0
4,1880,42.49,109.4,19.65,0.72,101.0
4,1881,54.38,132.54,12.86,0.63,113.0
4,1882,58.55,134.7,13.05,0.76,121.0
4,1883,71.27,156.66,14.77,0.31,134.0
4,1884,58.17,133.37,13.89,1.33,127.0
4,1885,67.24,142.34,11.73,0.64,128.0
4,1886,26.4,83.14,12.31,0.62,108.0
4,1887,22.15,83.69,12.55,0.83,76.0
4,1888,32.33,97.38,11.96,0.78,92.0
4,1889,33.46,103.81,11.38,0.61,101.0
4,1890,55.5,135.96,10.82,0.44,118.0
4,1891,22.09,74.89,11.96,0.72,97.0
4,1892,17.61,61.51,11.14,0.74,68.0
4,1893,17.0,61.08,11.2,0.82,59.0
4,1894,25.44,77.68,11.41,0.82,70.0
4,1895,20.71,72.89,11.81,0.82,75.0
4,1896,43.24,115.85,12.66,0.73,96.0
4,1897,40.15,107.64,13.18,0.62,107.0
4,1898,18.34,74.72,10.99,0.71,
4,1899,17.08,70.36,11.62,0.78,72.0
4,1900,21.05,70.22,11.98,0.7,69.0
4,1901,25.65,83.27,12.99,0.73,79.0
4,1902,38.07,106.34,12.39,0.68,95.0
4,1903,41.78,109.94,10.31,0.72,106.0
4,1904,45.62,118.05,10.48,0.64,110.0
4,1905,39.08,107.8,10.28,0.62,107.0
4,1906,40.61,110.94,10.97,0.48,111.0
4,1907,33.78,100.73,11.47,0.68,96.0
4,1908,24.57,77.22,11.39,0.7,93.0
4,1909,30.12,85.69,10.34,0.84,78.0
4,1910,26.35,75.6,10.94,1.27,86.0
4,1911,15.6,61.47,10.79,0.86,64.0
4,1912,22.63,72.7,11.82,0.73,66.0
4,1913,20.29,60.78,13.83,0.73,71.0
4,1914,12.03,54.63,12.76,0.76,54.0
4,1915,17.74,63.75,11.56,0.76,60.0
4,1916,21.35,68.57,11.05,0.71,67.0
4,1917,21.91,70.76,10.68,0.78,69.0
4,1918,14.18,60.07,10.29,0.77,65.0
4,1919,13.97,63.92,10.82,0.78,63.0
4,1920,17.52,61.42,10.69,0.76,61.0
4,1921,22.8,50.68,10.84,0.69,58.0
4,1922,34.73,68.87,10.78,0.69,60.0
4,1923,,,,,
4,1924,,,,,
4,1925,,,,,
4,1926,,,,,
4,1927,,,,,
4,1928,16.56,25.76,13.16,0.4,
4,1929,20.09,34.55,11.21,0.85,45.0
4,1930,29.47,59.84,11.55,0.59,52.0
4,1931,22.37,50.46,10.67,0.64,59.0
4,1932,32.05,75.31,18.96,0.73,68.0
4,1933,22.61,48.2,17.01,0.73,61.0
4,1934,17.45,38.01,11.4,0.7,45.0
4,1935,8.8,18.03,11.43,0.8,43.0
4,1936,11.33,30.5,11.33,0.82,44.0
4,1937,16.35,56.92,12.25,0.68,51.0
4,1938,9.84,39.79,13.03,0.79,47.0
4,1939,13.72,51.33,14.02,0.74,48.0
4,1940,14.67,59.48,16.84,0.84,56.0
4,1941,20.68,78.36,16.25,0.67,68.0
4,1942,15.74,67.22,16.48,0.77,74.0
4,1943,14.78,54.18,15.44,0.69,60.0
4,1944,11.2,42.21,32.33,0.75,51.0
4,1945,13.63,52.77,21.57,0.79,56.0
4,1946,24.61,86.73,19.19,0.76,72.0
4,1947,23.98,112.59,17.26,0.76,102.0
4,1948,32.01,141.16,14.93,0.78,118.0
4,1949,28.37,114.11,16.36,0.63,118.0
4,1950,15.46,65.47,18.66,0.78,91.0
4,1951,19.64,72.31,16.05,0.81,61.0
4,1952,18.81,74.73,14.69,0.73,77.0
4,1953,23.32,76.19,12.39,0.82,75.0
4,1954,18.39,48.21,26.95,0.73,60.0
4,1955,34.0,83.68,24.27,0.83,71.0
4,1956,37.31,87.52,18.78,0.75,87.0
4,1957,39.62,91.93,13.69,0.7,94.0
4,1958,32.14,70.6,15.65,0.67,75.0
4,1959,24.59,49.58,16.79,0.82,61.0
4,1960,44.76,86.65,15.63,0.74,67.0
4,1961,42.22,78.34,15.84,0.61,95.0
4,1962,21.61,43.74,15.94,0.91,52.0
4,1963,35.91,69.27,14.83,0.75,61.0
4,1964,39.96,77.29,15.98,0.75,75.0
4,1965,44.56,76.97,17.48,0.67,76.0
4,1966,34.55,59.21,14.96,0.69,65.0
4,1967,43.35,68.58,15.0,0.69,68.0
4,1968,52.58,81.31,15.55,0.68,80.0
4,1969,68.2,113.31,13.29,0.62,115.0
4,1970,54.78,96.64,12.8,0.48,106.0
4,1971,29.01,55.05,11.41,0.61,74.0
4,1972,16.29,72.17,10.6,0.76,69.0
4,1973,51.47,90.41,10.31,0.97,81.0
4,1974,37.21,66.23,10.97,0.56,77.0
4,1975,43.68,108.29,10.33,0.49,81.0
4,1976,29.99,77.22,11.22,0.73,67.0
4,1977,24.14,51.65,14.87,0.66,63.0
4,1978,13.33,25.58,22.14,0.63,48.0
4,1979,19.12,33.74,39.8,0.71,43.0
4,1980,26.84,152.97,21.62,0.68,65.0
4,1981,26.72,486.99,12.54,0.58,478.0
4,1982,30.13,167.85,15.08,0.74,193.0
4,1983,20.75,29.73,21.48,0.72,56.0
4,1984,15.5,24.76,15.84,0.77,41.0
4,1985,26.99,43.07,15.1,0.59,42.0
4,1986,27.07,59.04,13.52,0.59,51.0
4,1987,29.6,84.35,11.23,0.57,77.0
4,1988,28.73,76.37,10.65,0.55,80.0
4,1989,31.56,87.65,9.4,0.72,79.0
4,1990,27.87,96.72,9.17,0.71,89.0
4,1991,24.76,93.78,8.31,0.65,104.0
4,1992,31.92,96.98,8.01,0.69,87.0
4,1993,28.49,108.35,7.97,0.75,103.0
4,1994,37.0,119.96,16.04,0.68,110.0
4,1995,40.46,131.87,26.2,0.73,117.0
4,1996,34.6,123.23,18.43,0.74,117.0
4,1997,47.94,169.06,12.63,0.62,131.0
4,1998,55.58,88.74,53.34,0.71,120.0
4,1999,60.73,,33.92,0.7,120.0
4,2000,39.81,95.02,18.72,0.68,72.0
4,2001,68.81,312.18,12.03,0.67,125.0
4,2002,23.77,69.62,9.97,0.59,130.0
4,2003,31.68,57.96,10.71,0.74,59.0
4,2004,32.85,151.19,18.01,0.66,83.0
4,2005,51.1,,20.8,0.66,74.0
4,2006,45.24,40.0,17.9,0.63,85.0
4,2007,26.77,60.69,19.83,0.67,49.0
4,2008,41.64,76.49,15.97,0.69,66.0
4,2009,57.67,100.99,15.11,0.59,78.0
5,1,,,17.33,0.33,
5,2,,,19.73,1.35,
5,3,,,19.88,17.4,
5,4,,,21.61,5.05,
5,5,,,22.17,1.83,
5,6,,,23.2,0.52,
5,7,,,28.66,1.46,
5,8,,,31.1,2.3,
5,9,,,25.98,0.54,
5,10,,,29.23,1.69,
5,11,,,29.84,2.59,
5,12,,,28.4,0.61,
5,13,,,30.56,0.63,
5,14,,,25.94,1.83,
5,15,,,20.64,3.29,
5,16,,,18.51,16.41,
5,17,,,17.37,15.98,
5,18,,,17.2,9.04,
5,19,,,16.74,8.09,
5,20,,,7.24,4.05,
5,21,,,5.45,18.3,
5,22,,,13.57,3.32,
5,23,,,12.82,5.04,
5,24,,,16.27,2.42,
5,25,,,16.32,3.39,
5,26,,,13.85,5.39,
5,27,,,16.71,1.71,
5,28,,,14.85,4.87,
5,29,,,10.45,2.26,
5,30,,,4.93,1.06,
5,31,,,11.11,0.46,
5,32,,,22.14,0.36,
5,33,,,19.19,0.46,
5,34,,,18.47,0.59,
5,35,,,22.46,1.08,
5,36,,,26.36,0.59,
5,37,,,25.98,0.5,
5,38,,,22.46,1.45,
5,39,,,26.06,0.45,
5,40,,,22.48,0.64,
5,41,,,20.18,0.77,
5,42,,,26.52,0.57,
5,43,,,21.47,0.96,
5,44,,,21.85,1.32,
5,45,,,26.05,0.9,
5,46,,,23.68,0.76,
5,47,,,24.41,2.35,
5,48,,,24.68,0.83,
5,49,,,23.38,3.23,
5,50,,,27.71,2.18,
5,51,,,22.83,6.95,
5,52,,,21.34,8.98,
5,53,,,24.09,6.28,
5,54,,,24.14,13.56,
5,55,,,28.8,4.78,
5,56,,,29.78,1.49,
5,57,,,31.32,1.24,
5,58,,,26.9,1.14,
5,59,,,19.57,1.38,
5,60,,,10.39,0.48,
5,61,,,18.06,3.56,
5,62,,,19.56,14.67,
5,63,,,17.36,3.39,
5,64,,,19.94,29.33,
5,65,,,15.04,23.53,
5,66,,,15.68,25.7,
5,67,,,11.59,16.01,
5,68,,,20.06,25.5,
5,69,,,26.12,1.08,
5,70,,,33.01,1.33,
5,71,,,25.29,1.9,
5,72,,,20.97,13.01,
5,73,,,20.58,18.28,
5,74,,,15.12,29.93,
5,75,,,18.67,25.25,
5,76,,,31.84,17.79,
5,77,,,34.01,6.17,
5,78,,,33.58,15.98,
5,79,30.65,,28.48,4.55,
5,80,48.59,,27.0,3.89,91.0
5,81,47.38,,22.39,11.29,120.0
5,82,65.65,,26.35,9.95,154.0
5,83,60.47,,29.87,1.46,119.0
5,84,62.56,,23.57,10.05,232.0
5,85,60.73,,32.07,1.44,132.0
5,86,42.1,,25.55,2.85,123.0
5,87,40.0,,17.99,8.07,152.0
5,88,32.16,,12.9,8.53,143.0
5,89,30.78,,16.23,1.46,80.0
5,90,38.99,,10.97,1.79,90.0
5,91,36.42,,8.83,9.6,151.0
5,92,38.15,,10.29,4.06,123.0
5,93,35.11,,5.99,5.34,178.0
5,94,36.68,,12.89,1.47,101.0
5,95,36.92,,9.0,9.58,160.0
5,96,31.78,,8.14,0.55,71.0
5,97,37.25,,7.14,2.3,76.0
5,98,29.8,,9.04,6.84,153.0
5,99,25.06,,8.72,5.82,80.0
5,100,24.4,,7.46,5.19,129.0
5,101,32.08,,7.09,1.7,107.0
5,102,19.72,,4.97,2.65,122.0
5,103,17.03,,8.53,2.23,85.0
5,104,19.73,,6.1,1.4,62.0
5,105,22.52,,4.86,5.45,177.0
5,106,21.36,,7.98,0.97,152.0
5,107,24.35,,6.64,12.93,210.0
5,108,18.33,,5.98,3.84,170.0
5,109,17.66,,6.58,0.48,135.0
5,110,27.46,,7.91,4.58,118.0
5,111,27.94,,6.45,6.14,127.0
5,112,23.81,,6.21,,47.0
5,113,23.11,,6.84,3.65,44.0
5,114,15.12,,14.96,1.13,67.0
5,115,19.59,,8.42,3.1,44.0
5,116,69.85,,14.35,1.22,82.0
5,117,24.62,,7.74,1.26,156.0
5,118,32.92,,12.95,2.31,96.0
5,119,44.53,,17.71,1.34,72.0
5,120,26.68,,16.69,,117.0
5,121,39.06,,14.31,1.59,67.0
5,122,50.83,,14.24,4.44,217.0
5,123,62.58,,15.2,1.32,64.0
5,124,45.26,,25.81,4.17,162.0
5,125,40.37,,20.7,0.0,75.0
5,126,43.21,,17.15,28.28,141.0
5,127,41.53,,20.41,0.5,70.0
5,128,27.85,,17.29,4.82,142.0
5,129,36.83,,24.35,23.56,140.0
5,130,40.81,,29.77,2.57,71.0
5,131,36.11,,29.38,0.3,66.0
5,132,28.76,,29.1,,56.0
5,133,40.74,,32.27,0.0,45.0
5,134,23.77,,33.12,1.19,61.0
5,135,17.34,,22.13,2.06,70.0
5,136,30.45,,32.24,1.19,59.0
5,137,15.8,,22.62,12.23,125.0
5,138,20.12,,22.49,12.77,106.0
5,139,25.27,,31.22,1.14,84.0
5,140,26.7,,32.48,1.26,57.0
5,141,27.84,,17.97,1.21,56.0
5,142,29.52,,17.88,10.68,140.0
5,143,27.97,,23.45,17.21,156.0
5,144,28.17,,17.13,9.13,156.0
5,145,27.71,,18.69,4.19,111.0
5,146,28.01,,12.85,4.21,158.0
5,147,31.7,,11.83,4.79,93.0
5,148,48.08,,41.16,1.22,97.0
5,149,30.77,,22.5,1.4,94.0
5,150,26.15,,14.82,4.52,147.0
5,151,40.71,,6.62,2.84,100.0
5,152,23.69,,14.12,1.7,101.0
5,153,23.95,,9.28,1.77,84.0
5,154,21.51,,19.98,1.52,84.0
5,155,25.56,,6.39,1.4,74.0
5,156,22.41,,14.61,5.65,130.0
5,157,16.02,,30.73,1.78,74.0
5,158,12.69,,25.18,4.45,74.0
5,159,13.29,,22.65,3.93,162.0
5,160,12.11,,20.8,1.4,55.0
5,161,13.66,,22.16,1.96,72.0
5,162,14.56,,17.32,1.54,66.0
5,163,14.76,,13.35,1.89,81.0
5,164,12.29,,10.75,3.21,94.0
5,165,11.72,,9.61,2.36,128.0
5,166,15.7,,13.12,1.56,86.0
5,167,22.94,,10.09,3.74,136.0
5,168,19.54,,11.09,2.0,67.0
5,169,22.68,,18.7,1.3,45.0
5,170,21.86,,19.0,1.54,70.0
5,171,18.74,,14.48,2.89,93.0
5,172,18.81,,15.95,3.84,166.0
5,173,15.11,,16.04,4.29,183.0
5,174,17.47,,7.27,2.08,107.0
5,175,15.92,,5.61,5.48,140.0
5,176,13.58,,5.38,2.83,107.0
5,177,14.52,,6.1,1.75,70.0
5,178,27.25,,5.23,15.98,165.0
5,179,20.99,,4.38,2.03,160.0
5,180,22.26,,7.02,5.28,209.0
5,181,23.51,,8.39,5.01,166.0
5,182,19.76,,6.34,6.96,187.0
5,183,20.24,,11.59,2.58,162.0
5,184,17.28,,5.11,7.52,185.0
5,185,21.52,,5.99,15.9,141.0
5,186,19.43,,7.66,20.81,225.0
5,187,19.27,,8.79,26.99,309.0
5,188,23.27,,7.83,2.86,136.0
5,189,18.63,,8.71,7.24,139.0
5,190,14.52,,10.04,3.42,161.0
5,191,12.84,,10.1,15.1,160.0
5,192,19.08,,10.66,2.42,127.0
5,193,23.45,,9.83,2.11,71.0
5,194,25.62,,12.22,27.06,246.0
5,195,27.03,,11.7,10.62,250.0
5,196,24.09,,17.43,9.91,176.0
5,197,23.17,,15.73,3.56,176.0
5,198,26.84,,10.76,1.62,55.0
5,199,19.24,,8.46,18.69,156.0
5,200,14.46,,7.65,12.18,195.0
5,201,14.3,,10.26,9.82,197.0
5,202,19.29,,11.45,9.35,223.0
5,203,21.39,,9.91,16.7,182.0
5,204,45.86,,11.26,9.44,245.0
5,205,18.38,,9.48,16.46,268.0
5,206,24.44,,10.0,2.89,51.0
5,207,25.14,,11.03,2.42,49.0
5,208,13.85,,8.83,14.36,157.0
5,209,16.63,,10.76,12.51,128.0
5,210,19.04,,12.67,1.5,66.0
5,211,24.43,,11.52,1.86,105.0
5,212,19.16,,10.27,1.09,49.0
5,213,18.18,,20.21,9.97,97.0
5,214,15.52,,9.54,37.73,257.0
5,215,18.67,,11.41,25.13,139.0
5,216,15.85,,10.66,9.92,95.0
5,217,18.26,,11.85,48.07,106.0
5,218,17.94,,18.38,3.15,89.0
5,219,21.86,,10.02,1.16,44.0
5,220,46.86,,8.46,20.25,97.0
5,221,54.42,,7.32,8.78,187.0
5,222,21.02,,8.21,1.82,83.0
5,223,21.1,,7.98,29.0,129.0
5,224,16.64,,7.44,29.16,128.0
5,225,14.99,,6.61,34.69,217.0
5,226,20.21,,14.73,35.05,277.0
5,227,18.04,,13.63,16.67,176.0
5,228,20.8,,17.39,9.03,206.0
5,229,15.35,,19.5,14.55,238.0
5,230,27.31,,19.73,21.83,229.0
5,231,32.13,,17.92,9.91,236.0
5,232,23.26,,34.35,1.31,92.0
5,233,17.9,,17.51,11.68,100.0
5,234,10.99,,15.97,1.14,97.0
5,235,12.9,,11.64,26.54,59.0
5,236,22.29,,15.11,1.16,96.0
5,237,20.06,,16.49,4.29,123.0
5,238,17.38,,12.18,1.43,77.0
5,239,14.67,,20.81,2.4,57.0
5,240,18.96,,21.16,1.96,63.0
5,241,20.56,,13.86,9.97,174.0
5,242,17.27,,5.53,2.76,121.0
5,243,23.42,,6.47,5.77,92.0
5,244,24.9,,7.25,5.26,81.0
5,245,23.54,,9.49,1.19,43.0
5,246,24.49,,12.59,1.42,52.0
5,247,26.16,,15.89,1.76,72.0
5,248,27.38,,17.6,1.47,73.0
5,249,18.38,,11.7,22.81,208.0
5,250,16.34,,12.0,9.83,179.0
5,251,22.47,,10.95,1.78,93.0
5,252,29.6,,11.14,13.22,60.0
5,253,15.21,,12.29,1.2,65.0
5,254,18.09,,13.42,3.19,60.0
5,255,16.68,,13.1,22.32,167.0
5,256,12.24,,11.85,19.24,141.0
5,257,14.99,,12.44,18.85,175.0
5,258,11.75,,11.66,1.06,41.0
5,259,11.47,,12.06,18.66,81.0
5,260,10.93,,9.78,1.7,52.0
5,261,13.18,,8.71,1.01,31.0
5,262,13.47,,8.98,8.24,144.0
5,263,7.32,,9.42,1.27,64.0
5,264,16.51,,15.32,2.15,51.0
5,265,28.38,,22.83,2.21,82.0
5,266,27.74,,27.93,2.13,85.0
5,267,29.1,,22.47,2.39,89.0
5,268,17.48,,21.03,3.05,139.0
5,269,14.95,,17.22,2.68,157.0
5,270,27.29,,20.53,2.26,155.0
5,271,19.98,,30.35,2.0,94.0
5,272,31.36,,33.02,2.09,100.0
5,273,35.5,,31.34,2.71,117.0
5,274,26.25,,30.71,1.95,136.0
5,275,22.3,,26.84,1.82,96.0
5,276,13.97,,19.24,1.67,101.0
5,277,9.63,,16.51,2.21,128.0
5,278,28.7,,23.13,1.96,92.0
5,279,35.04,,19.67,1.7,98.0
5,280,15.82,,19.92,1.63,102.0
5,281,12.14,,19.19,1.21,69.0
5,282,14.44,,20.31,1.54,54.0
5,283,12.01,,21.36,2.66,101.0
5,284,10.02,,19.3,3.38,110.0
5,285,17.14,,27.34,1.72,54.0
5,286,25.65,,38.97,1.62,77.0
5,287,31.78,,58.6,2.5,144.0
5,288,46.63,,71.63,1.47,90.0
5,289,49.23,,51.64,2.12,98.0
5,290,40.76,,33.93,6.11,173.0
5,291,31.18,,37.25,3.03,140.0
5,292,42.02,,27.41,1.5,76.0
5,293,43.32,,22.4,3.91,164.0
5,294,42.64,,21.57,1.14,88.0
5,295,55.94,,24.25,1.31,97.0
5,296,51.0,,28.3,1.12,110.0
5,297,45.13,,26.15,1.06,89.0
5,298,38.26,,20.74,,81.0
5,299,47.1,,26.73,1.19,74.0
5,300,42.92,,32.0,8.22,157.0
5,301,36.44,,24.21,1.18,95.0
5,302,29.17,,22.68,1.15,70.0
5,303,31.78,,15.26,3.63,110.0
5,304,25.77,,23.3,2.63,191.0
5,305,29.89,,15.14,1.13,49.0
5,306,28.56,,18.2,1.36,54.0
5,307,31.05,,20.58,1.34,58.0
5,308,43.1,,12.07,3.56,65.0
5,309,30.36,,17.33,1.24,70.0
5,310,37.22,,13.89,1.21,67.0
5,311,31.44,70.46,15.85,1.22,60.0
5,312,31.4,,15.33,,56.0
5,313,34.92,,10.21,,59.0
5,314,12.63,43.64,6.81,1.48,51.0
5,315,48.94,,8.59,1.07,49.0
5,316,63.69,,8.2,1.82,146.0
5,317,28.22,153.3,21.5,2.09,61.0
5,318,42.42,156.84,29.94,1.56,130.0
5,319,42.23,59.94,18.86,1.64,99.0
5,320,16.03,16.77,18.34,1.61,91.0
5,321,,8.22,16.2,1.6,116.0
5,322,19.32,16.42,15.47,1.99,126.0
5,323,21.99,39.86,16.44,1.73,103.0
5,324,13.89,31.44,12.14,1.72,74.0
5,325,16.06,24.35,13.13,0.94,66.0
5,326,16.97,15.69,10.57,0.83,61.0
5,327,19.66,36.84,16.37,1.35,75.0
5,328,20.35,33.97,20.64,1.36,85.0
5,329,34.39,36.29,28.8,2.48,141.0
5,330,43.91,43.65,29.33,1.52,90.0
5,331,44.14,112.78,26.64,2.18,126.0
5,332,44.94,114.34,28.1,2.3,147.0
5,333,29.35,75.79,21.21,1.55,87.0
5,334,15.34,53.7,22.22,1.13,56.0
5,335,14.18,55.71,25.86,1.63,88.0
5,336,13.36,33.82,24.04,1.7,67.0
5,337,19.86,72.72,33.56,1.47,74.0
5,338,28.35,102.15,32.95,2.03,105.0
5,339,25.04,89.26,33.02,1.72,103.0
5,340,29.12,,25.17,,54.0
5,341,41.16,85.25,34.42,1.88,65.0
5,342,46.33,82.86,44.41,1.81,102.0
5,343,48.01,78.58,39.78,1.84,94.0
5,344,35.48,58.04,35.58,1.92,86.0
5,345,32.95,79.07,41.05,2.07,89.0
5,346,50.19,73.43,57.62,1.78,99.0
5,347,34.57,64.09,42.88,1.68,92.0
5,348,52.06,56.71,27.66,1.33,85.0
5,349,39.67,100.76,22.28,1.44,83.0
5,350,50.47,56.41,37.1,1.93,92.0
5,351,41.04,62.41,40.72,1.55,95.0
5,352,56.62,85.88,57.36,2.67,103.0
5,353,42.57,78.99,49.4,2.08,105.0
5,354,60.44,65.74,43.97,1.44,97.0
5,355,48.4,72.52,53.53,1.18,102.0
5,356,49.54,84.48,65.66,1.32,104.0
5,357,49.42,74.68,55.38,1.62,96.0
5,358,61.58,81.49,56.16,1.29,114.0
5,359,68.48,81.97,51.22,1.25,110.0
5,360,57.15,63.84,42.79,1.2,109.0
5,361,76.35,76.37,42.69,1.54,115.0
5,362,85.66,83.91,56.3,1.77,149.0
5,363,49.06,73.13,54.12,1.58,122.0
5,364,48.16,74.0,59.75,0.85,91.0
5,365,71.06,74.39,61.97,1.49,131.0
5,366,56.4,95.08,51.73,0.69,101.0
5,367,53.69,93.92,73.09,0.76,92.0
5,368,62.35,99.34,77.77,0.96,108.0
5,369,64.96,104.62,77.07,0.89,109.0
5,370,70.15,105.12,79.43,0.85,114.0
5,371,68.22,91.74,68.5,0.93,121.0
5,372,68.74,74.3,53.25,0.79,116.0
5,373,67.9,62.77,51.09,0.66,117.0
5,374,79.8,74.11,64.04,0.79,143.0
5,375,76.18,63.19,46.46,0.8,168.0
5,376,61.48,53.24,39.43,0.78,122.0
5,377,73.5,,39.55,1.3,122.0
5,378,70.78,160.0,55.91,1.02,146.0
5,379,75.01,172.02,70.58,0.84,152.0
5,380,42.84,160.87,50.76,0.78,119.0
5,381,77.23,235.32,83.2,1.02,130.0
5,382,68.98,149.82,110.24,0.78,253.0
5,383,73.89,133.08,77.38,0.97,219.0
5,384,75.45,113.92,72.62,0.98,146.0
5,385,78.07,122.54,45.06,0.97,170.0
5,386,53.45,62.27,34.63,0.93,117.0
5,387,63.58,150.78,41.69,1.15,113.0
5,388,57.91,133.63,29.72,1.08,146.0
5,389,41.36,92.58,35.97,0.99,102.0
5,390,51.7,121.42,51.13,1.23,98.0
5,391,54.34,108.47,45.69,1.04,104.0
5,392,54.33,76.37,41.42,1.05,91.0
5,393,84.84,50.03,36.42,1.16,118.0
5,394,87.02,83.23,36.39,1.12,175.0
5,395,71.42,130.22,37.09,1.21,149.0
5,396,119.16,218.27,48.59,1.32,183.0
5,397,84.45,158.01,55.88,1.85,184.0
5,398,76.8,159.14,55.92,1.39,156.0
5,399,75.57,193.59,62.78,1.9,153.0
5,400,74.6,152.36,49.76,1.6,141.0
5,401,72.11,121.86,49.34,1.37,139.0
5,402,63.42,169.11,45.84,1.81,154.0
5,403,82.78,351.51,84.52,3.28,199.0
5,404,75.98,154.26,46.99,1.59,182.0
5,405,85.33,223.57,59.41,2.19,175.0
5,406,84.32,256.75,46.66,2.2,191.0
5,407,91.95,190.47,45.44,2.06,203.0
5,408,83.66,164.48,49.77,1.7,154.0
5,409,85.96,146.45,56.54,1.69,160.0
5,410,62.08,113.87,43.41,1.46,136.0
5,411,56.57,100.3,35.08,1.73,107.0
5,412,42.58,108.68,23.5,1.51,88.0
5,413,49.6,145.32,24.34,1.66,105.0
5,414,54.56,138.17,19.86,1.51,111.0
5,415,44.26,146.23,26.16,1.51,117.0
5,416,53.12,116.89,30.94,1.47,113.0
5,417,57.32,107.54,34.98,1.45,115.0
5,418,90.07,127.67,32.23,1.57,145.0
5,419,134.69,142.12,32.14,1.12,177.0
5,420,110.05,100.07,38.67,0.94,198.0
5,421,66.98,100.6,37.3,0.73,165.0
5,422,51.96,102.39,28.51,0.94,124.0
5,423,36.28,98.29,41.88,0.81,88.0
5,424,35.63,115.9,47.36,0.79,88.0
5,425,41.64,144.04,30.64,1.01,105.0
5,426,39.21,154.64,42.55,0.84,118.0
5,427,42.17,134.78,33.44,0.56,132.0
5,428,54.91,148.57,31.09,0.58,121.0
5,429,54.04,137.04,38.09,0.62,136.0
5,430,55.72,132.73,31.96,1.68,153.0
5,431,45.98,120.86,22.73,0.77,135.0
5,432,43.69,120.32,24.23,0.58,111.0
5,433,44.74,122.4,41.83,1.41,135.0
5,434,51.06,150.19,47.14,0.97,123.0
5,435,53.1,161.1,43.2,1.51,146.0
5,436,60.7,173.24,36.11,1.03,155.0
5,437,59.53,163.88,26.64,0.86,144.0
5,438,64.29,144.67,21.86,0.57,149.0
5,439,67.65,148.74,33.09,0.79,158.0
5,440,68.48,144.33,36.46,1.28,175.0
5,441,76.33,144.2,39.12,1.19,139.0
5,442,72.22,151.36,25.76,0.89,145.0
5,443,60.58,194.0,18.32,0.96,151.0
5,444,98.29,206.35,32.29,1.22,158.0
5,445,239.54,189.8,14.6,1.2,253.0
5,446,121.43,164.52,59.53,0.91,264.0
5,447,66.36,190.04,62.46,0.98,155.0
5,448,29.73,186.28,46.26,0.52,137.0
5,449,34.49,180.42,34.43,0.92,119.0
5,450,32.59,183.03,28.33,0.9,137.0
5,451,56.05,165.97,29.32,2.11,149.0
5,452,63.5,175.45,30.19,0.82,156.0
5,453,57.92,157.8,35.15,0.86,123.0
5,454,48.28,162.1,23.54,0.87,118.0
5,455,42.65,142.17,25.51,0.86,107.0
5,456,50.78,156.52,32.46,0.82,111.0
5,457,49.33,150.05,35.55,0.87,106.0
5,458,51.78,159.41,36.29,0.62,112.0
5,459,53.54,157.92,26.49,1.0,110.0
5,460,54.8,165.25,39.97,0.85,114.0
5,461,49.84,215.52,50.15,1.11,118.0
5,462,63.16,254.77,52.29,1.18,154.0
5,463,46.24,208.97,17.79,1.19,179.0
5,464,34.18,318.02,17.37,1.03,102.0
5,465,33.01,152.78,38.54,1.13,170.0
5,466,31.3,144.68,19.45,1.03,112.0
5,467,31.68,159.23,19.05,1.86,138.0
5,468,36.98,177.82,14.71,1.25,121.0
5,469,36.88,159.45,30.43,0.81,118.0
5,470,35.46,224.24,31.64,1.08,171.0
5,471,35.31,196.65,18.99,1.07,156.0
5,472,34.85,171.26,10.08,1.02,140.0
5,473,36.9,145.98,9.89,0.78,114.0
5,474,38.81,158.75,16.09,1.37,138.0
5,475,34.65,134.47,12.86,1.87,137.0
5,476,31.89,160.06,19.53,1.65,134.0
5,477,33.61,168.98,13.97,0.64,119.0
5,478,34.83,130.54,10.21,0.94,98.0
5,479,39.01,107.52,19.84,0.98,107.0
5,480,39.53,92.73,19.55,2.09,150.0
5,481,37.17,103.22,16.25,0.71,94.0
5,482,39.88,68.46,21.35,0.72,85.0
5,483,32.59,56.09,22.96,1.53,115.0
5,484,47.42,54.05,22.55,0.6,74.0
5,485,48.78,58.28,23.05,0.67,88.0
5,486,46.6,59.08,20.19,0.82,86.0
5,487,35.86,63.4,23.12,0.49,87.0
5,488,39.87,63.61,28.17,0.62,99.0
5,489,40.79,63.42,43.48,0.6,80.0
5,490,57.96,56.57,32.02,0.55,102.0
5,491,46.0,58.14,34.28,0.66,76.0
5,492,23.99,35.12,19.03,1.15,59.0
5,493,27.21,44.02,34.02,0.69,67.0
5,494,26.43,42.02,75.84,0.6,107.0
5,495,20.46,34.82,26.1,0.6,95.0
5,496,32.5,230.2,20.91,0.99,72.0
5,497,57.81,50.58,12.56,0.88,91.0
5,498,31.19,54.8,14.44,0.67,88.0
5,499,34.06,45.82,10.89,0.72,86.0
5,500,33.05,52.87,31.46,0.61,78.0
5,501,28.39,46.27,11.86,0.46,65.0
5,502,27.01,39.39,18.35,0.91,50.0
5,503,36.67,42.55,21.65,0.61,74.0
5,504,27.51,41.15,23.46,0.47,47.0
5,505,28.47,29.97,5.53,0.56,46.0
5,506,22.27,33.48,10.54,0.52,48.0
5,507,42.52,41.96,8.91,0.42,35.0
5,508,152.94,43.16,9.86,1.08,83.0
5,509,28.65,52.72,11.01,0.78,173.0
5,510,25.75,40.98,6.83,0.42,50.0
5,511,,32.45,8.52,0.43,37.0
5,512,,34.84,8.02,0.49,33.0
5,513,,39.88,7.12,0.43,38.0
5,514,,36.26,7.81,0.43,38.0
5,515,,19.21,7.3,0.49,27.0
5,516,35.98,29.59,14.57,0.76,26.0
5,517,27.6,32.09,25.1,0.65,47.0
5,518,17.15,26.07,31.6,0.4,49.0
5,519,17.71,21.58,18.64,0.43,43.0
5,520,,33.69,10.15,0.39,29.0
5,521,,28.67,10.81,0.41,30.0
5,522,,32.38,9.08,0.36,33.0
5,523,,21.86,8.56,0.33,26.0
5,524,,20.31,11.68,0.36,23.0
5,525,,19.38,9.28,0.34,20.0
5,526,,20.5,9.93,0.38,
5,527,,19.97,10.05,0.37,20.0
5,528,,21.74,10.14,0.35,20.0
5,529,,24.12,8.84,0.34,23.0
5,530,,23.79,9.8,0.34,26.0
5,531,,23.6,12.82,0.41,23.0
5,532,,38.42,14.43,0.4,26.0
5,533,,27.07,10.93,0.34,40.0
5,534,33.9,48.51,18.94,0.97,28.0
5,535,31.98,80.7,20.46,3.8,156.0
5,536,26.77,105.43,15.29,4.02,195.0
5,537,27.61,72.63,21.69,2.12,137.0
5,538,28.24,194.62,15.81,0.47,71.0
5,539,29.83,23.86,17.61,0.33,77.0
5,540,19.0,15.46,16.91,1.61,143.0
5,541,15.04,23.51,17.15,5.43,181.0
5,542,,,,,31.0
5,543,,,,,
5,544,16.54,48.92,26.15,3.02,33.0
5,545,27.23,34.13,23.71,3.63,151.0
5,546,115.98,17.1,24.19,2.48,174.0
5,547,13.95,48.92,20.42,3.55,154.0
5,548,25.0,35.36,19.59,5.62,208.0
5,549,31.8,9.93,15.96,6.28,192.0
5,550,17.36,30.52,20.82,7.87,238.0
5,551,19.4,112.27,23.11,4.04,160.0
5,552,18.36,57.25,19.9,2.27,83.0
5,553,17.26,42.66,13.18,0.42,56.0
5,554,15.02,33.56,13.05,1.28,141.0
5,555,,49.66,18.6,0.57,43.0
5,556,,51.22,15.69,0.46,65.0
5,557,8.98,27.9,8.98,0.38,30.0
5,558,,51.32,13.36,0.53,40.0
5,559,,41.88,11.15,1.51,54.0
5,560,,40.21,7.84,0.55,41.0
5,561,,52.13,14.43,0.61,42.0
5,562,,39.43,23.36,1.48,54.0
5,563,,33.87,33.33,0.69,61.0
5,564,,42.24,20.74,0.74,70.0
5,565,218.17,30.53,10.49,2.63,62.0
5,566,55.51,25.62,10.06,5.8,308.0
5,567,25.56,29.45,12.58,0.46,
5,568,26.7,21.82,56.7,0.48,
5,569,20.15,77.75,39.62,0.75,
5,570,,56.61,20.88,0.51,82.0
5,571,12.42,,5.22,5.23,
5,572,11.01,112.53,29.17,0.64,
5,573,32.56,,4.44,1.01,
5,574,22.79,,3.0,,36.0
5,575,17.0,97.59,10.29,0.91,36.0
5,576,22.19,46.72,16.14,0.53,55.0
5,577,8.74,62.96,10.3,0.47,58.0
5,578,18.9,138.45,30.71,0.83,37.0
5,579,17.54,69.17,30.36,0.58,72.0
5,580,20.06,95.02,9.27,0.69,33.0
5,581,19.91,77.41,18.42,0.63,53.0
5,582,14.66,51.42,17.36,0.45,64.0
5,583,,34.42,12.5,0.61,
5,584,,,,0.0,
5,585,,,,0.0,
5,586,,38.47,12.73,0.01,
5,587,,38.09,10.08,0.05,
5,588,,,,0.0,
5,589,31.42,60.6,14.68,1.37,
5,590,25.09,,8.97,45.96,46.0
5,591,21.94,,8.83,47.93,37.0
5,592,21.57,97.04,14.87,3.59,38.0
5,593,14.38,61.19,12.56,3.34,49.0
5,594,101.09,55.19,12.41,0.56,71.0
5,595,33.05,83.6,16.2,1.59,229.0
5,596,39.14,63.13,15.46,0.52,68.0
5,597,41.43,18.46,18.34,0.47,64.0
5,598,100.39,13.98,21.01,0.49,62.0
5,599,56.45,11.73,17.24,0.41,66.0
5,600,35.4,29.35,15.82,0.22,45.0
5,601,43.43,77.31,16.31,0.38,66.0
5,602,34.99,73.18,17.43,0.41,71.0
5,603,15.02,62.79,18.74,0.59,75.0
5,604,29.31,51.59,23.2,0.39,62.0
5,605,19.65,66.91,22.46,0.55,77.0
5,606,6.82,58.75,42.15,0.31,48.0
5,607,27.16,59.6,20.93,0.77,47.0
5,608,27.9,33.7,20.47,0.38,57.0
5,609,35.17,51.69,19.08,0.42,49.0
5,610,37.57,46.28,22.32,0.48,57.0
5,611,23.25,72.41,21.96,0.48,74.0
5,612,31.08,74.7,19.42,0.51,68.0
5,613,37.35,59.38,20.08,0.38,71.0
5,614,22.49,51.96,25.1,0.3,55.0
5,615,37.14,64.32,32.8,0.43,59.0
5,616,28.89,53.47,40.9,0.53,60.0
5,617,28.25,65.4,59.8,0.5,55.0
5,618,,55.92,40.18,0.4,68.0
5,619,43.95,68.24,19.99,0.57,84.0
5,620,24.72,57.37,21.18,0.36,64.0
5,621,,62.86,16.07,0.36,60.0
5,622,23.04,48.92,12.98,0.41,60.0
5,623,13.59,45.66,21.47,0.52,60.0
5,624,11.1,41.09,29.29,0.97,74.0
5,625,32.23,57.94,32.53,0.89,66.0
5,626,41.01,79.93,25.42,0.8,70.0
5,627,30.9,80.19,33.55,0.51,78.0
5,628,26.31,49.89,30.0,0.25,58.0
5,629,32.98,44.55,26.31,0.2,47.0
5,630,43.4,33.79,26.08,0.38,40.0
5,631,32.46,52.66,23.58,0.52,58.0
5,632,26.6,103.69,21.48,0.46,76.0
5,633,39.41,102.24,29.0,0.52,102.0
5,634,10.22,131.33,33.14,0.43,84.0
5,635,16.88,116.82,33.42,0.71,90.0
5,636,17.1,105.03,30.5,0.64,85.0
5,637,46.14,95.12,26.83,1.08,83.0
5,638,55.24,71.0,26.2,1.13,114.0
5,639,75.42,121.03,17.34,0.46,150.0
5,640,65.16,100.91,22.49,0.51,124.0
5,641,,102.73,30.02,0.61,104.0
5,642,,122.73,29.19,0.51,114.0
5,643,70.57,112.72,24.24,0.49,111.0
5,644,69.14,94.23,20.54,1.45,101.0
5,645,54.75,81.36,20.33,0.55,89.0
5,646,41.7,139.73,24.67,0.73,103.0
5,647,27.31,91.1,25.65,0.56,91.0
5,648,13.51,85.18,27.68,1.11,83.0
5,649,18.96,72.83,26.66,0.85,129.0
5,650,14.61,70.21,24.16,0.73,78.0
5,651,21.3,74.85,28.0,1.08,75.0
5,652,25.15,66.38,31.42,1.97,141.0
5,653,24.23,,25.35,0.51,69.0
5,654,35.18,154.1,39.16,0.2,58.0
5,655,32.41,155.04,47.09,0.0,73.0
5,656,56.36,182.16,38.07,0.52,85.0
5,657,53.43,180.64,33.94,0.73,183.0
5,658,44.05,191.47,35.85,0.0,85.0
5,659,62.36,181.92,38.24,0.37,75.0
5,660,62.74,191.9,35.42,1.12,132.0
5,661,97.17,195.61,33.75,0.75,176.0
5,662,67.85,184.81,38.05,1.2,184.0
5,663,58.78,179.79,41.96,1.18,127.0
5,664,80.99,224.1,36.1,1.64,163.0
5,665,68.17,116.92,44.78,1.16,164.0
5,666,59.61,137.68,46.57,0.83,132.0
5,667,62.38,123.91,46.43,0.8,116.0
5,668,78.74,130.99,44.4,3.1,174.0
5,669,60.79,130.15,38.53,2.97,188.0
5,670,36.92,95.71,34.8,0.55,88.0
5,671,21.2,,30.89,0.28,51.0
5,672,31.26,142.2,39.54,0.42,57.0
5,673,34.79,111.6,41.17,1.37,82.0
5,674,55.92,118.8,37.52,0.85,88.0
5,675,55.03,117.02,29.98,1.16,111.0
5,676,41.23,69.46,27.4,0.7,90.0
5,677,43.91,100.27,31.23,0.83,78.0
5,678,52.08,109.02,32.63,0.83,94.0
5,679,46.94,120.41,28.38,0.62,95.0
5,680,49.03,130.54,30.8,0.76,112.0
5,681,57.78,150.94,41.03,0.73,124.0
5,682,52.72,127.44,37.57,0.72,122.0
5,683,38.42,121.18,38.81,0.63,99.0
5,684,29.96,82.83,36.67,0.37,44.0
5,685,27.64,56.85,25.66,0.91,38.0
5,686,35.8,130.25,25.46,1.9,102.0
5,687,40.13,133.97,34.52,0.99,189.0
5,688,43.6,135.71,30.86,0.57,101.0
5,689,48.93,,26.23,0.62,86.0
5,690,42.21,,38.1,0.46,95.0
5,691,102.01,182.79,44.31,0.69,120.0
5,692,91.6,141.03,31.76,3.0,101.0
5,693,47.76,173.09,39.92,2.6,335.0
5,694,86.62,152.15,32.55,1.05,140.0
5,695,46.12,158.04,33.94,1.22,133.0
5,696,46.87,164.12,36.46,0.89,113.0
5,697,53.71,171.52,37.49,0.85,117.0
5,698,49.9,176.99,38.97,0.67,124.0
5,699,59.3,194.37,37.55,0.81,120.0
5,700,49.69,170.26,31.49,1.88,160.0
5,701,45.84,137.86,26.72,0.87,114.0
5,702,22.14,78.55,26.06,0.72,103.0
5,703,18.3,102.86,30.35,0.82,67.0
5,704,24.44,136.05,23.2,1.66,125.0
5,705,23.63,124.78,30.2,2.95,209.0
5,706,36.97,155.51,44.45,1.7,200.0
5,707,40.72,132.73,44.74,0.65,101.0
5,708,32.59,128.54,43.67,0.69,85.0
5,709,44.96,135.0,40.56,1.19,163.0
5,710,30.37,124.8,37.24,0.46,75.0
5,711,24.98,138.06,42.15,1.76,132.0
5,712,42.19,131.75,25.22,1.46,119.0
5,713,204.25,,22.25,0.97,342.0
5,714,30.72,180.88,23.41,0.54,104.0
5,715,28.47,142.64,37.05,1.15,93.0
5,716,34.57,137.45,37.38,1.39,134.0
5,717,36.97,143.58,38.93,1.63,103.0
5,718,35.21,130.91,40.15,0.79,90.0
5,719,37.8,144.73,40.9,0.73,97.0
5,720,19.09,121.19,35.67,0.71,93.0
5,721,19.68,99.9,24.18,0.46,74.0
5,722,39.64,176.96,30.67,0.28,75.0
5,723,43.67,150.64,72.51,0.74,100.0
5,724,57.79,141.76,79.24,0.62,112.0
5,725,39.11,145.35,46.39,0.71,114.0
5,726,34.02,121.66,49.47,0.84,104.0
5,727,53.5,111.09,41.33,0.7,90.0
5,728,38.53,80.87,20.7,0.2,84.0
5,729,44.9,112.78,30.07,0.46,76.0
5,730,54.65,134.46,44.47,0.57,93.0
5,731,40.96,128.38,47.25,0.74,106.0
5,732,20.13,105.61,42.34,0.77,88.0
5,733,19.61,105.34,40.94,0.68,83.0
5,734,26.66,106.4,49.02,0.74,87.0
5,735,36.93,118.86,38.48,0.76,91.0
5,736,36.09,114.62,36.01,0.63,85.0
5,737,41.53,131.53,39.13,0.59,88.0
5,738,47.48,140.54,40.87,0.79,106.0
5,739,37.61,124.94,33.21,0.67,95.0
5,740,43.11,136.23,44.61,0.86,87.0
5,741,74.1,125.23,37.38,0.61,130.0
5,742,42.42,142.13,47.35,1.02,132.0
5,743,24.26,140.88,44.12,0.68,110.0
5,744,31.22,108.09,26.86,0.55,91.0
5,745,29.21,,13.26,0.0,78.0
5,746,26.3,,11.83,0.0,71.0
5,747,31.65,128.58,34.1,0.53,66.0
5,748,37.02,130.28,52.33,1.3,94.0
5,749,39.68,111.56,47.26,0.67,117.0
5,750,31.59,104.2,42.72,1.03,87.0
5,751,39.92,116.54,47.16,0.6,85.0
5,752,40.34,103.46,67.51,0.61,98.0
5,753,,102.7,76.4,0.58,98.0
5,754,49.45,125.79,67.63,0.71,111.0
5,755,41.55,121.2,45.39,5.28,100.0
5,756,34.96,114.94,41.5,6.42,168.0
5,757,27.04,109.75,28.01,7.32,182.0
5,758,23.36,87.39,46.38,8.19,174.0
5,759,10.26,65.08,63.82,7.67,210.0
5,760,6.8,59.96,39.99,6.65,214.0
5,761,31.79,83.98,40.89,7.54,230.0
5,762,37.81,81.51,40.55,1.55,97.0
5,763,27.42,81.76,43.93,1.87,101.0
5,764,49.35,82.75,58.2,6.34,94.0
5,765,32.16,93.4,43.39,15.93,207.0
5,766,32.08,,19.23,14.89,270.0
5,767,29.93,,19.93,11.68,269.0
5,768,32.73,117.9,45.2,15.22,273.0
5,769,43.1,102.65,64.19,12.47,238.0
5,770,41.94,91.18,45.34,9.04,200.0
5,771,38.04,103.85,45.51,0.58,69.0
5,772,36.09,102.51,41.63,0.66,77.0
5,773,29.54,93.69,51.47,1.01,109.0
5,774,27.65,81.87,57.48,0.68,80.0
5,775,30.98,71.6,44.34,0.5,59.0
5,776,34.94,71.16,49.0,0.87,71.0
5,777,40.41,78.71,64.96,1.08,83.0
5,778,34.8,86.61,70.5,1.25,83.0
5,779,47.98,114.34,70.87,1.4,95.0
5,780,47.56,99.64,80.24,1.08,96.0
5,781,41.4,108.35,102.78,1.13,92.0
5,782,53.85,115.91,95.12,1.14,90.0
5,783,52.93,122.79,75.14,0.86,104.0
5,784,42.13,116.85,51.89,1.11,106.0
5,785,44.09,107.48,49.76,0.38,99.0
5,786,42.73,92.91,47.21,0.4,83.0
5,787,40.96,86.08,35.46,0.34,75.0
5,788,35.66,90.69,32.39,0.39,73.0
5,789,37.55,85.57,38.99,0.46,70.0
5,790,31.19,87.32,43.09,0.46,71.0
5,791,39.98,98.33,72.79,0.36,71.0
5,792,36.36,85.55,51.16,0.38,75.0
5,793,29.87,89.98,40.71,1.01,104.0
5,794,28.41,75.22,41.35,0.53,57.0
5,795,23.15,78.15,25.6,0.39,59.0
5,796,26.67,74.17,29.12,0.35,54.0
5,797,27.87,81.97,38.6,0.35,59.0
5,798,31.78,84.76,41.89,0.79,102.0
5,799,32.53,98.45,38.79,0.35,72.0
5,800,29.4,71.8,22.5,0.21,66.0
5,801,28.94,76.71,25.81,0.22,56.0
5,802,27.07,65.19,28.21,0.13,66.0
5,803,42.64,98.52,26.88,0.26,55.0
5,804,21.93,70.51,25.17,0.46,69.0
5,805,17.99,66.24,23.84,0.28,44.0
5,806,27.59,63.81,23.73,0.21,54.0
5,807,39.28,107.17,30.51,0.16,98.0
5,808,32.33,87.57,30.75,0.78,99.0
5,809,32.31,81.68,21.08,0.2,95.0
5,810,38.73,105.25,29.11,0.3,87.0
5,811,36.42,95.55,30.76,0.48,83.0
5,812,43.96,105.81,32.28,0.55,74.0
5,813,44.26,102.04,41.3,0.68,89.0
5,814,67.75,107.42,39.52,0.48,140.0
5,815,47.51,114.14,40.07,0.56,104.0
5,816,53.63,116.45,35.29,0.3,99.0
5,817,40.42,114.11,27.16,0.13,90.0
5,818,55.94,105.81,30.4,0.25,82.0
5,819,41.83,89.06,23.82,0.32,112.0
5,820,46.83,69.68,27.69,0.14,90.0
5,821,55.9,94.22,37.77,0.26,112.0
5,822,51.65,108.37,37.78,0.51,124.0
5,823,32.61,104.58,30.53,0.48,113.0
5,824,39.37,106.07,41.21,0.68,117.0
5,825,36.85,99.33,25.76,0.54,120.0
5,826,29.5,78.34,20.83,0.44,94.0
5,827,29.52,92.48,19.83,0.33,110.0
5,828,31.08,79.87,24.61,0.46,94.0
5,829,36.66,103.5,34.42,0.68,82.0
5,830,29.29,89.11,28.32,0.48,75.0
5,831,43.0,90.64,34.64,0.74,99.0
5,832,31.18,92.2,34.13,0.44,99.0
5,833,50.84,84.95,27.24,0.61,78.0
5,834,50.54,105.34,37.62,0.56,108.0
5,835,51.33,104.38,39.64,0.55,107.0
5,836,35.01,101.83,45.01,0.69,106.0
5,837,29.02,102.67,32.75,0.44,105.0
5,838,34.86,79.44,27.93,0.44,86.0
5,839,38.46,66.4,24.41,0.44,77.0
5,840,38.13,84.63,25.49,0.52,92.0
5,841,29.75,56.29,24.78,0.43,81.0
5,842,21.53,80.41,24.41,0.47,75.0
5,843,25.46,62.1,22.79,0.45,64.0
5,844,28.49,74.8,23.6,0.08,50.0
5,845,34.85,,32.57,0.0,59.0
5,846,29.88,108.62,31.4,0.19,66.0
5,847,33.95,110.88,42.65,0.7,92.0
5,848,40.01,100.72,38.94,0.67,87.0
5,849,62.07,84.02,32.77,0.49,96.0
5,850,38.44,76.53,39.84,0.44,139.0
5,851,13.3,111.3,45.34,0.46,65.0
5,852,20.32,80.58,31.84,0.39,77.0
5,853,24.2,78.44,41.08,0.35,60.0
5,854,66.24,87.15,35.96,0.48,84.0
5,855,42.2,90.14,43.35,0.47,94.0
5,856,28.27,85.96,42.47,0.62,80.0
5,857,40.02,92.31,37.46,0.49,89.0
5,858,30.26,76.29,29.37,0.4,98.0
5,859,27.66,57.56,31.17,0.43,82.0
5,860,32.01,57.82,31.86,0.23,69.0
5,861,23.19,74.07,32.79,0.18,41.0
5,862,28.52,35.51,39.12,0.42,53.0
5,863,50.58,62.09,23.23,0.52,68.0
5,864,120.56,73.92,26.63,0.49,156.0
5,865,25.22,73.47,30.63,0.54,101.0
5,866,14.94,50.05,26.57,0.52,52.0
5,867,19.1,65.84,29.5,0.36,56.0
5,868,22.93,65.3,26.74,0.38,67.0
5,869,36.58,59.73,27.92,0.66,70.0
5,870,20.87,45.38,32.01,0.56,64.0
5,871,17.43,68.76,37.75,0.37,50.0
5,872,12.53,50.36,34.15,0.37,59.0
5,873,16.58,69.24,33.06,0.33,44.0
5,874,25.83,63.33,37.11,0.41,58.0
5,875,19.58,58.26,30.27,0.33,62.0
5,876,21.39,59.53,29.53,0.38,57.0
5,877,24.85,69.0,26.78,0.41,66.0
5,878,18.21,44.46,29.32,0.42,47.0
5,879,19.75,52.33,25.4,0.28,41.0
5,880,21.08,60.65,26.89,0.34,43.0
5,881,23.2,56.28,25.22,0.26,46.0
5,882,22.87,77.5,27.67,0.17,42.0
5,883,22.79,59.56,31.62,0.68,54.0
5,884,20.19,60.05,32.25,0.35,52.0
5,885,20.98,56.9,33.91,0.3,42.0
5,886,13.39,,24.89,,28.0
5,887,21.81,82.88,31.17,0.98,29.0
5,888,22.93,49.92,30.17,0.85,54.0
5,889,22.94,32.85,27.88,0.53,47.0
5,890,20.75,75.64,25.47,0.59,51.0
5,891,23.65,82.24,27.84,0.65,55.0
5,892,19.78,91.96,31.35,0.61,54.0
5,893,16.51,77.75,30.97,0.54,51.0
5,894,19.12,65.59,28.24,0.58,45.0
5,895,21.6,100.65,28.56,0.8,44.0
5,896,19.77,95.84,29.47,0.63,59.0
5,897,24.56,112.8,31.52,0.87,76.0
5,898,24.66,89.59,31.25,0.62,65.0
5,899,24.18,87.23,30.54,0.56,60.0
5,900,17.82,92.85,26.38,0.63,57.0
5,901,16.61,85.76,25.73,0.58,50.0
5,902,24.03,90.54,25.75,0.61,53.0
5,903,19.58,110.37,30.5,0.6,70.0
5,904,21.05,71.41,26.66,0.62,60.0
5,905,24.53,38.64,30.26,0.58,54.0
5,906,25.35,123.16,45.04,0.55,60.0
5,907,25.16,89.68,39.31,0.56,71.0
5,908,31.13,96.37,37.52,1.16,138.0
5,909,37.61,111.77,38.89,0.83,78.0
5,910,37.34,97.49,34.73,0.6,82.0
5,911,36.44,78.38,31.89,0.42,76.0
5,912,35.4,107.39,33.89,0.69,76.0
5,913,25.33,129.55,39.99,0.67,92.0
5,914,30.07,110.45,68.84,1.64,160.0
5,915,25.82,93.48,68.34,0.69,92.0
5,916,,82.18,32.27,0.59,85.0
5,917,,87.64,30.38,0.62,93.0
5,918,,79.21,27.42,0.52,87.0
5,919,,126.74,27.96,0.56,
5,920,313.59,120.31,32.94,0.69,108.0
5,921,35.29,109.11,31.08,0.6,112.0
5,922,33.44,102.45,29.55,0.63,102.0
5,923,29.38,88.16,29.5,0.64,78.0
5,924,27.64,76.48,26.82,0.68,67.0
5,925,28.97,95.74,30.58,1.53,74.0
5,926,22.68,96.47,30.3,0.67,72.0
5,927,22.43,112.32,32.43,0.6,82.0
5,928,17.2,98.67,31.1,0.52,61.0
5,929,21.05,110.36,30.06,0.58,68.0
5,930,18.45,82.75,29.79,0.62,68.0
5,931,16.44,66.58,31.75,0.68,60.0
5,932,31.68,87.62,31.34,0.65,61.0
5,933,21.53,104.24,31.7,1.12,111.0
5,934,20.15,120.48,33.19,1.35,132.0
5,935,17.34,117.82,32.36,1.08,107.0
5,936,24.23,111.03,31.45,1.08,109.0
5,937,28.54,99.2,30.72,1.4,164.0
5,938,23.68,105.63,30.53,0.59,85.0
5,939,24.49,95.5,31.02,0.59,83.0
5,940,21.77,77.97,28.74,1.17,122.0
5,941,27.91,88.52,29.8,1.07,119.0
5,942,22.36,91.72,29.57,1.07,94.0
5,943,27.27,90.24,28.65,0.48,89.0
5,944,26.57,91.01,26.22,1.5,136.0
5,945,20.74,91.07,26.36,1.77,130.0
5,946,17.67,74.63,25.46,2.95,160.0
5,947,13.74,62.14,25.64,0.63,55.0
5,948,17.69,78.23,27.5,1.27,106.0
5,949,15.21,81.72,27.33,2.44,127.0
5,950,22.82,88.33,27.76,2.91,176.0
5,951,21.07,99.54,27.75,2.01,143.0
5,952,22.31,92.2,29.38,0.95,74.0
5,953,14.14,77.12,27.85,0.61,50.0
5,954,10.11,71.85,32.5,0.68,56.0
5,955,3.91,61.7,32.46,0.86,50.0
5,956,4.69,116.59,32.78,1.14,67.0
5,957,19.41,115.3,32.52,0.96,82.0
5,958,20.88,68.12,29.7,0.64,70.0
5,959,17.91,60.6,24.95,1.01,65.0
5,960,18.42,78.23,29.56,1.25,70.0
5,961,14.92,57.1,30.9,0.61,64.0
5,962,18.66,53.12,27.62,0.68,57.0
5,963,10.89,61.8,29.64,1.02,63.0
5,964,14.53,88.86,28.09,0.95,48.0
5,965,18.87,89.66,26.93,0.89,63.0
5,966,18.18,75.76,26.59,0.85,62.0
5,967,59.05,66.25,27.01,0.71,68.0
5,968,97.97,49.59,25.15,0.57,172.0
5,969,14.19,72.62,26.25,0.97,91.0
5,970,11.71,48.41,26.08,0.67,39.0
5,971,17.58,89.92,28.01,0.86,47.0
5,972,16.33,100.74,28.51,1.01,57.0
5,973,20.42,90.87,26.31,0.85,56.0
5,974,24.96,111.68,26.74,0.77,69.0
5,975,158.67,86.06,26.66,1.25,200.0
5,976,114.92,87.12,31.99,0.82,135.0
5,977,14.2,59.94,30.59,0.68,107.0
5,978,39.74,85.24,30.16,0.77,74.0
5,979,14.2,98.1,28.6,1.34,79.0
5,980,21.2,49.13,28.55,0.63,101.0
5,981,9.57,100.44,30.93,0.7,60.0
5,982,32.86,72.73,30.75,0.91,75.0
5,983,22.63,83.19,36.31,0.69,114.0
5,984,14.52,93.49,39.24,0.68,57.0
5,985,15.27,115.56,42.37,0.73,68.0
5,986,17.48,104.51,39.09,0.73,68.0
5,987,16.5,108.42,34.8,0.67,59.0
5,988,14.05,90.68,29.42,0.94,63.0
5,989,8.58,71.81,31.38,0.58,52.0
5,990,8.49,92.8,31.42,0.37,49.0
5,991,7.02,52.78,31.84,0.42,40.0
5,992,8.57,66.31,28.46,0.42,43.0
5,993,7.68,87.05,29.35,0.42,44.0
5,994,10.21,81.53,28.47,0.47,52.0
5,995,12.64,80.51,28.19,0.38,51.0
5,996,17.93,80.49,27.46,0.35,51.0
5,997,21.62,91.14,30.95,0.4,76.0
5,998,23.7,112.5,35.09,0.49,76.0
5,999,19.26,53.18,29.23,0.4,57.0
5,1000,22.47,76.88,29.13,0.48,65.0
5,1001,28.3,50.86,38.34,0.57,83.0
5,1002,21.59,90.26,24.81,0.32,56.0
5,1003,22.36,71.25,29.64,0.5,58.0
5,1004,30.65,68.52,26.24,0.45,61.0
5,1005,20.01,57.46,27.01,0.38,66.0
5,1006,20.5,46.54,25.68,0.52,69.0
5,1007,22.85,63.75,25.43,0.49,62.0
5,1008,121.63,67.04,24.72,0.57,125.0
5,1009,21.36,42.33,32.24,0.66,126.0
5,1010,24.73,55.39,28.49,0.6,80.0
5,1011,29.16,70.61,26.77,0.58,70.0
5,1012,78.14,65.04,22.5,0.58,104.0
5,1013,26.08,71.87,25.0,1.35,83.0
5,1014,32.21,73.85,29.03,2.02,130.0
5,1015,22.5,62.71,31.64,0.64,79.0
5,1016,27.29,54.56,30.86,0.57,71.0
5,1017,24.83,52.24,30.63,0.5,61.0
5,1018,32.61,44.65,28.07,0.48,67.0
5,1019,40.34,50.86,34.04,0.46,73.0
5,1020,21.63,76.61,29.07,0.43,58.0
5,1021,27.86,118.88,35.25,0.55,64.0
5,1022,39.39,188.67,41.73,0.62,98.0
5,1023,44.66,147.94,32.42,0.57,98.0
5,1024,79.76,264.9,40.38,0.58,177.0
5,1025,39.67,157.62,32.18,0.87,129.0
5,1026,22.44,118.74,31.05,0.79,79.0
5,1027,26.85,123.41,33.32,1.08,80.0
5,1028,42.56,176.27,44.63,1.26,94.0
5,1029,35.29,134.15,43.04,1.59,96.0
5,1030,25.49,88.04,39.14,1.22,75.0
5,1031,26.03,87.11,36.53,1.03,66.0
5,1032,37.38,91.81,39.18,1.55,80.0
5,1033,47.47,100.35,39.01,1.08,98.0
5,1034,45.49,82.59,32.5,0.77,102.0
5,1035,122.41,68.08,33.67,0.84,120.0
5,1036,39.88,56.91,24.85,0.48,141.0
5,1037,66.54,57.13,26.81,0.44,120.0
5,1038,58.73,73.54,29.41,0.56,159.0
5,1039,41.02,64.65,34.07,0.76,125.0
5,1040,26.7,29.28,29.05,0.69,59.0
5,1041,22.05,27.3,29.82,0.75,49.0
5,1042,27.98,42.42,33.64,0.82,68.0
5,1043,26.89,40.08,33.43,0.86,54.0
5,1044,25.94,66.25,37.65,0.97,70.0
5,1045,31.21,51.65,30.19,0.9,75.0
5,1046,32.87,77.14,36.09,0.99,77.0
5,1047,26.99,72.0,36.27,0.86,69.0
5,1048,30.4,57.77,32.51,0.74,65.0
5,1049,26.94,65.86,30.57,0.91,68.0
5,1050,30.7,66.28,27.55,0.93,66.0
5,1051,37.93,78.07,34.47,0.95,76.0
5,1052,35.72,71.36,30.34,0.89,81.0
5,1053,34.96,63.17,36.57,0.71,64.0
5,1054,30.66,59.05,39.44,0.92,68.0
5,1055,32.21,58.7,36.61,0.91,62.0
5,1056,25.79,41.37,34.1,0.89,60.0
5,1057,44.84,46.73,37.02,0.85,65.0
5,1058,38.07,63.39,42.75,0.98,87.0
5,1059,17.64,80.23,46.1,0.95,82.0
5,1060,17.81,81.86,50.65,0.94,72.0
5,1061,15.67,69.67,48.12,0.9,69.0
5,1062,10.7,57.05,47.51,0.92,58.0
5,1063,11.46,65.13,50.06,0.93,58.0
5,1064,197.41,64.65,39.39,0.77,82.0
5,1065,74.5,36.84,32.3,0.97,68.0
5,1066,1.76,19.23,31.43,0.65,53.0
5,1067,1.72,53.35,35.74,0.62,26.0
5,1068,32.42,69.73,42.05,0.86,54.0
5,1069,18.72,71.86,42.47,0.86,68.0
5,1070,11.27,63.98,40.08,0.7,63.0
5,1071,93.7,92.18,44.52,0.89,83.0
5,1072,70.22,77.97,47.64,1.27,96.0
5,1073,103.18,93.55,66.21,1.05,120.0
5,1074,90.59,108.41,62.95,1.1,148.0
5,1075,81.28,117.05,57.89,1.06,133.0
5,1076,63.5,85.74,38.93,0.78,143.0
5,1077,,85.6,33.87,0.57,86.0
5,1078,,93.92,39.02,0.79,75.0
5,1079,161.35,73.5,43.69,0.94,86.0
5,1080,85.57,55.14,81.78,0.96,122.0
5,1081,75.91,63.26,42.57,0.8,119.0
5,1082,79.75,69.56,48.64,0.89,100.0
5,1083,84.85,81.51,63.33,0.89,108.0
5,1084,76.92,72.71,50.27,0.97,112.0
5,1085,107.9,70.28,80.93,1.0,110.0
5,1086,84.55,62.23,115.11,0.95,131.0
5,1087,71.71,58.04,142.35,0.95,93.0
5,1088,56.14,60.26,61.7,0.9,91.0
5,1089,48.78,38.57,31.49,0.69,70.0
5,1090,159.52,45.31,29.62,0.71,91.0
5,1091,63.3,60.95,32.19,0.81,174.0
5,1092,73.7,87.05,44.73,0.91,99.0
5,1093,62.76,83.3,44.56,0.96,109.0
5,1094,32.57,74.48,48.73,1.13,85.0
5,1095,26.74,70.68,42.6,1.06,77.0
5,1096,18.29,59.11,41.94,1.02,72.0
5,1097,38.06,74.54,42.23,1.04,73.0
5,1098,35.12,78.63,41.7,1.0,86.0
5,1099,28.84,69.71,50.19,1.09,84.0
5,1100,24.57,80.05,46.14,0.96,86.0
5,1101,24.31,93.29,52.5,1.04,95.0
5,1102,30.02,94.22,51.77,0.98,102.0
5,1103,40.05,94.39,49.36,0.99,104.0
5,1104,34.88,77.23,46.38,0.93,93.0
5,1105,28.74,76.89,43.41,0.96,84.0
5,1106,31.37,71.0,29.81,0.89,75.0
5,1107,54.32,63.45,45.27,0.96,76.0
5,1108,37.55,76.54,36.51,1.35,115.0
5,1109,36.12,98.69,43.3,0.93,101.0
5,1110,34.43,110.99,44.87,1.29,118.0
5,1111,38.84,100.57,33.96,0.89,98.0
5,1112,41.35,99.23,41.68,0.92,92.0
5,1113,46.76,101.11,37.47,0.92,98.0
5,1114,37.73,103.52,39.62,1.01,100.0
5,1115,55.0,92.99,38.68,1.21,104.0
5,1116,33.34,114.17,38.67,1.16,122.0
5,1117,33.55,104.31,33.77,1.14,103.0
5,1118,39.03,119.95,34.14,1.14,96.0
5,1119,48.08,132.27,35.2,1.24,102.0
5,1120,45.88,125.43,44.92,1.19,104.0
5,1121,39.93,129.02,33.76,1.06,101.0
5,1122,39.28,117.17,32.42,0.94,98.0
5,1123,47.03,143.26,36.38,1.04,104.0
5,1124,39.38,124.79,30.66,0.89,109.0
5,1125,33.47,114.19,36.21,1.05,94.0
5,1126,53.56,115.21,32.79,0.99,99.0
5,1127,37.93,112.97,36.09,1.06,109.0
5,1128,33.99,106.5,49.14,1.08,94.0
5,1129,29.63,103.77,42.78,1.44,118.0
5,1130,28.81,104.97,33.25,1.04,88.0
5,1131,23.31,99.74,32.25,0.93,87.0
5,1132,29.23,94.58,32.53,0.95,81.0
5,1133,32.55,98.75,29.05,0.89,85.0
5,1134,30.93,95.75,30.04,0.94,79.0
5,1135,35.48,87.19,45.34,1.1,80.0
5,1136,37.87,96.52,43.01,1.01,95.0
5,1137,30.34,84.89,39.51,0.99,83.0
5,1138,28.29,96.63,23.84,0.88,76.0
5,1139,27.9,88.93,24.85,0.98,74.0
5,1140,30.53,55.15,17.2,1.01,78.0
5,1141,32.43,68.55,17.59,0.96,71.0
5,1142,30.19,59.31,18.7,0.96,71.0
5,1143,29.62,53.91,30.03,0.98,70.0
5,1144,32.11,70.68,37.85,1.03,77.0
5,1145,27.53,64.77,22.89,0.95,83.0
5,1146,28.6,62.32,26.23,1.05,82.0
5,1147,28.89,66.18,22.48,1.09,81.0
5,1148,34.62,79.69,32.97,0.98,80.0
5,1149,37.13,64.91,39.61,0.95,82.0
5,1150,34.6,71.15,31.9,0.94,83.0
5,1151,26.41,56.42,19.98,0.96,81.0
5,1152,21.87,33.81,14.46,0.92,69.0
5,1153,21.31,25.9,27.46,1.01,68.0
5,1154,23.35,30.13,26.31,0.94,71.0
5,1155,29.3,56.03,32.9,1.04,81.0
5,1156,29.48,99.47,27.41,0.95,83.0
5,1157,30.38,116.47,38.24,0.98,87.0
5,1158,38.39,121.49,36.26,1.0,92.0
5,1159,36.56,128.58,24.85,1.02,84.0
5,1160,30.79,94.71,34.44,1.02,86.0
5,1161,32.09,109.19,32.76,0.96,87.0
5,1162,33.88,114.17,25.14,0.98,90.0
5,1163,41.37,125.36,27.15,1.08,99.0
5,1164,59.48,133.95,47.26,1.09,104.0
5,1165,59.82,143.26,37.1,1.05,109.0
5,1166,45.19,123.62,22.32,1.03,106.0
5,1167,35.82,105.52,17.43,1.05,92.0
5,1168,20.49,63.71,14.01,1.14,76.0
5,1169,29.23,85.74,16.94,1.15,75.0
5,1170,26.46,54.8,22.08,1.15,77.0
5,1171,19.13,33.54,28.79,1.03,71.0
5,1172,23.01,33.85,27.98,1.02,74.0
5,1173,20.75,33.52,16.69,1.09,53.0
5,1174,31.94,57.31,24.94,0.97,61.0
5,1175,43.91,70.07,35.38,1.49,97.0
5,1176,42.72,98.38,31.97,1.55,124.0
5,1177,31.78,176.51,50.97,1.83,135.0
5,1178,40.18,136.77,62.66,1.23,127.0
5,1179,37.72,141.77,27.94,0.82,100.0
5,1180,38.84,113.42,27.43,1.05,98.0
5,1181,,94.3,35.66,0.67,100.0
5,1182,19.85,72.36,34.2,0.78,87.0
5,1183,,,,1.01,
5,1184,,129.91,45.77,1.2,
5,1185,,126.18,25.98,1.05,118.0
5,1186,,95.37,24.6,1.05,104.0
5,1187,,112.89,22.45,0.86,102.0
5,1188,,96.92,26.81,1.0,107.0
5,1189,,100.63,40.15,1.15,98.0
5,1190,,106.41,35.38,0.89,108.0
5,1191,,114.6,33.5,1.22,107.0
5,1192,,108.71,37.46,1.03,108.0
5,1193,,109.09,28.66,0.78,106.0
5,1194,,94.63,24.25,0.66,103.0
5,1195,,67.05,23.57,0.7,93.0
5,1196,,64.9,29.63,0.88,
5,1197,,63.33,24.34,1.0,
5,1198,,64.13,26.2,0.9,88.0
5,1199,28.96,57.17,25.44,0.98,65.0
5,1200,,60.06,22.0,0.96,62.0
5,1201,,57.83,16.94,0.67,65.0
5,1202,30.43,55.0,19.09,0.69,61.0
5,1203,32.38,61.9,27.27,0.87,70.0
5,1204,36.4,69.46,30.93,0.96,67.0
5,1205,47.67,79.33,27.36,0.91,81.0
5,1206,36.52,60.94,32.2,0.85,85.0
5,1207,33.4,84.17,37.81,0.9,79.0
5,1208,33.42,75.88,19.6,0.78,74.0
5,1209,41.19,60.47,19.98,0.8,66.0
5,1210,42.62,77.31,29.87,0.82,82.0
5,1211,42.99,58.32,53.65,0.98,74.0
5,1212,49.93,,24.84,0.85,83.0
5,1213,44.12,,20.7,1.16,103.0
5,1214,39.22,,21.73,0.91,82.0
5,1215,44.57,,28.96,0.69,81.0
5,1216,187.49,,25.4,1.14,100.0
5,1217,59.11,,18.64,0.59,352.0
5,1218,65.71,,24.39,0.9,114.0
5,1219,44.58,,34.25,0.88,98.0
5,1220,113.31,,26.78,1.16,73.0
5,1221,62.35,,33.46,0.72,144.0
5,1222,79.0,,24.55,0.73,99.0
5,1223,50.52,,60.58,0.91,151.0
5,1224,55.88,,33.39,0.8,113.0
5,1225,32.46,,27.7,0.69,76.0
5,1226,28.99,,27.51,0.81,65.0
5,1227,27.03,,39.99,0.89,59.0
5,1228,27.01,,24.22,0.88,62.0
5,1229,26.73,,26.31,0.86,60.0
5,1230,33.13,,47.07,0.87,69.0
5,1231,35.64,,41.15,0.7,64.0
5,1232,34.36,,34.6,0.82,61.0
5,1233,39.69,,24.0,0.9,65.0
5,1234,43.05,124.39,33.14,1.1,92.0
5,1235,45.09,94.78,42.69,0.98,98.0
5,1236,47.83,66.81,18.67,0.79,80.0
5,1237,52.64,58.23,33.17,0.8,71.0
5,1238,59.24,71.88,35.39,1.06,90.0
5,1239,62.6,84.46,35.36,0.93,117.0
5,1240,35.4,65.64,32.53,0.92,70.0
5,1241,46.14,64.28,30.05,0.95,73.0
5,1242,33.64,43.62,30.58,1.12,76.0
5,1243,41.73,52.37,29.69,1.02,89.0
5,1244,29.29,48.38,18.87,1.19,80.0
5,1245,16.92,27.94,15.29,1.18,67.0
5,1246,35.67,38.75,21.27,1.01,60.0
5,1247,33.16,41.38,22.99,1.03,73.0
5,1248,42.07,60.8,25.48,0.99,68.0
5,1249,44.47,54.34,35.43,1.06,86.0
5,1250,38.79,29.26,22.36,1.01,88.0
5,1251,23.35,28.86,20.58,0.96,60.0
5,1252,25.5,22.18,16.5,0.94,61.0
5,1253,22.77,27.69,17.25,1.04,63.0
5,1254,25.27,31.71,16.84,1.0,70.0
5,1255,19.28,21.36,15.8,0.91,50.0
5,1256,19.32,26.98,16.01,0.96,52.0
5,1257,18.93,28.7,20.85,0.92,51.0
5,1258,23.76,34.25,15.51,0.99,65.0
5,1259,23.78,48.19,13.32,0.99,50.0
5,1260,27.34,48.59,15.9,0.95,49.0
5,1261,31.79,35.64,19.26,1.02,61.0
5,1262,61.43,33.51,23.54,1.01,83.0
5,1263,22.24,43.59,18.63,1.09,106.0
5,1264,17.38,42.66,15.39,1.06,55.0
5,1265,13.38,100.6,14.75,1.15,69.0
5,1266,32.62,100.12,12.51,1.06,81.0
5,1267,13.64,73.69,14.01,1.06,69.0
5,1268,16.71,76.66,20.26,1.02,64.0
5,1269,18.94,79.08,31.69,1.02,64.0
5,1270,23.76,55.83,23.67,1.03,66.0
5,1271,21.84,73.73,15.51,0.98,64.0
5,1272,51.82,70.62,14.77,1.01,87.0
5,1273,32.62,56.97,13.9,0.93,92.0
5,1274,11.68,42.25,15.17,1.02,60.0
5,1275,9.23,34.44,17.93,0.99,57.0
5,1276,11.93,44.86,17.94,0.99,51.0
5,1277,18.23,65.8,33.04,1.0,66.0
5,1278,19.15,64.03,22.68,0.89,72.0
5,1279,16.29,55.13,27.31,0.88,63.0
5,1280,21.63,62.68,20.07,0.87,63.0
5,1281,18.55,71.37,15.35,0.79,60.0
5,1282,20.36,74.52,17.48,0.82,61.0
5,1283,21.44,58.91,16.86,0.86,65.0
5,1284,15.56,38.84,17.49,0.76,56.0
5,1285,22.83,42.49,14.5,0.89,62.0
5,1286,21.11,56.44,18.16,0.88,66.0
5,1287,36.65,52.63,20.32,0.87,63.0
5,1288,20.8,53.13,16.23,0.9,78.0
5,1289,17.82,51.19,14.74,0.75,56.0
5,1290,16.63,47.82,15.78,0.78,53.0
5,1291,18.87,60.54,15.81,0.75,57.0
5,1292,17.08,63.33,12.25,0.71,62.0
5,1293,19.93,47.19,16.2,0.8,59.0
5,1294,16.98,53.45,15.05,0.82,60.0
5,1295,18.83,56.14,13.81,0.8,57.0
5,1296,16.82,43.02,16.04,0.86,59.0
5,1297,15.52,41.94,16.03,0.83,52.0
5,1298,17.44,52.67,17.69,0.83,59.0
5,1299,18.63,67.89,14.94,0.85,60.0
5,1300,19.86,51.56,18.69,0.87,65.0
5,1301,17.85,50.14,16.37,0.92,64.0
5,1302,17.62,44.75,18.57,0.94,59.0
5,1303,20.0,55.87,28.4,0.83,65.0
5,1304,22.28,64.9,21.86,0.76,68.0
5,1305,21.05,64.54,17.94,0.77,59.0
5,1306,20.1,57.53,15.62,0.79,66.0
5,1307,22.92,65.5,18.15,0.97,64.0
5,1308,20.96,67.39,19.01,0.75,62.0
5,1309,20.59,68.6,22.78,0.83,66.0
5,1310,20.73,68.41,19.33,0.83,68.0
5,1311,23.34,71.35,18.78,0.9,72.0
5,1312,27.61,94.02,18.82,0.9,77.0
5,1313,20.75,81.19,15.27,0.83,77.0
5,1314,23.63,66.31,18.0,0.78,67.0
5,1315,18.24,59.59,18.39,0.81,67.0
5,1316,18.35,43.88,20.05,0.87,60.0
5,1317,17.33,55.07,17.68,0.83,58.0
5,1318,18.24,59.31,16.8,0.79,60.0
5,1319,18.6,46.24,17.12,0.78,56.0
5,1320,10.61,35.22,13.53,0.77,57.0
5,1321,11.4,39.72,15.3,0.8,53.0
5,1322,13.1,31.87,17.12,0.89,60.0
5,1323,15.35,36.24,15.93,0.85,59.0
5,1324,12.86,38.58,16.13,0.68,52.0
5,1325,16.77,52.28,15.35,0.67,48.0
5,1326,20.09,65.73,15.9,0.73,57.0
5,1327,16.78,52.97,16.35,0.69,59.0
5,1328,24.78,67.41,18.52,0.74,53.0
5,1329,20.61,77.55,17.55,0.77,69.0
5,1330,20.75,74.0,17.29,0.78,65.0
5,1331,17.29,52.66,17.95,0.9,63.0
5,1332,18.74,60.28,18.94,0.82,62.0
5,1333,22.36,75.89,19.62,0.92,67.0
5,1334,18.42,60.03,18.03,0.93,70.0
5,1335,19.86,64.68,19.41,0.86,62.0
5,1336,21.93,63.28,18.83,0.81,64.0
5,1337,20.52,49.08,18.42,0.87,68.0
5,1338,23.33,66.23,17.92,0.79,68.0
5,1339,19.74,57.18,23.85,0.83,64.0
5,1340,23.62,78.59,18.76,0.8,68.0
5,1341,21.84,69.2,17.44,0.76,66.0
5,1342,25.06,73.19,20.87,0.87,63.0
5,1343,32.78,81.02,26.03,0.91,76.0
5,1344,25.32,77.04,21.06,0.85,78.0
5,1345,25.21,71.56,21.41,0.8,66.0
5,1346,27.2,66.34,20.41,0.79,70.0
5,1347,18.32,47.45,19.4,0.75,63.0
5,1348,19.07,56.66,23.74,0.82,64.0
5,1349,28.1,72.52,29.62,0.96,73.0
5,1350,30.34,79.46,34.78,0.95,90.0
5,1351,24.47,73.31,38.97,0.96,91.0
5,1352,29.84,76.26,38.83,0.99,88.0
5,1353,27.72,76.6,42.11,0.98,94.0
5,1354,24.1,56.2,40.13,0.95,77.0
5,1355,24.43,55.34,35.93,0.96,73.0
5,1356,19.03,49.62,30.55,0.83,74.0
5,1357,19.86,64.1,24.34,0.76,65.0
5,1358,20.21,69.15,23.2,0.76,65.0
5,1359,25.55,74.65,41.9,0.89,79.0
5,1360,26.75,81.33,33.38,0.8,87.0
5,1361,24.45,80.93,30.37,0.83,77.0
5,1362,30.84,75.04,38.12,0.85,87.0
5,1363,22.6,56.12,35.0,0.93,85.0
5,1364,26.76,63.24,40.97,0.99,78.0
5,1365,31.25,76.66,28.45,0.87,85.0
5,1366,29.24,72.24,30.94,0.94,80.0
5,1367,26.36,77.69,27.64,0.8,78.0
5,1368,17.35,64.18,25.67,0.79,75.0
5,1369,25.28,62.82,23.56,0.81,70.0
5,1370,21.61,66.61,25.53,0.87,82.0
5,1371,14.51,51.79,19.67,0.74,67.0
5,1372,15.17,52.6,20.76,0.76,65.0
5,1373,21.47,46.9,21.67,0.8,65.0
5,1374,13.99,40.41,19.47,0.78,62.0
5,1375,14.0,42.0,19.84,0.78,56.0
5,1376,20.86,69.05,23.91,0.74,62.0
5,1377,32.94,96.04,26.49,0.79,73.0
5,1378,31.82,91.63,32.27,0.85,80.0
5,1379,40.93,109.21,34.32,0.81,93.0
5,1380,55.08,147.26,43.63,0.99,110.0
5,1381,56.31,151.57,44.04,0.93,115.0
5,1382,72.74,158.69,41.95,0.9,167.0
5,1383,48.48,100.3,26.49,0.8,116.0
5,1384,41.44,88.52,28.25,0.88,88.0
5,1385,35.37,94.07,26.88,0.74,90.0
5,1386,19.99,51.83,22.81,0.75,75.0
5,1387,62.95,55.23,28.34,0.82,116.0
5,1388,20.75,61.94,21.84,0.74,81.0
5,1389,25.61,86.65,25.93,0.75,71.0
5,1390,36.42,122.86,30.1,0.74,88.0
5,1391,37.81,132.8,41.15,1.04,102.0
5,1392,49.17,123.18,43.25,1.16,119.0
5,1393,62.67,111.41,40.4,1.01,132.0
5,1394,46.34,121.55,36.95,1.02,110.0
5,1395,50.19,123.42,40.42,1.01,101.0
5,1396,39.65,112.7,45.83,1.03,107.0
5,1397,37.32,96.1,45.79,0.97,108.0
5,1398,36.11,101.84,56.14,1.12,103.0
5,1399,40.12,109.55,58.13,1.19,125.0
5,1400,40.02,106.07,42.16,1.06,107.0
5,1401,20.96,66.49,31.6,0.95,92.0
5,1402,17.57,56.53,24.14,0.96,84.0
5,1403,21.42,63.23,24.36,1.1,82.0
5,1404,21.84,77.72,22.91,0.82,74.0
5,1405,23.98,90.86,28.89,1.03,81.0
5,1406,41.38,116.55,30.42,1.12,110.0
5,1407,57.03,107.56,31.2,1.04,97.0
5,1408,61.98,108.02,32.99,0.99,144.0
5,1409,33.68,98.45,29.99,0.99,94.0
5,1410,50.36,88.44,35.38,1.05,96.0
5,1411,55.48,101.12,37.67,1.11,105.0
5,1412,63.66,120.24,47.6,1.38,113.0
5,1413,71.05,130.84,50.42,1.46,143.0
5,1414,77.53,143.53,56.64,1.57,143.0
5,1415,58.35,105.52,43.91,1.43,141.0
5,1416,25.1,59.99,28.79,1.05,88.0
5,1417,49.2,96.6,28.7,1.02,84.0
5,1418,41.2,83.45,20.87,1.01,91.0
5,1419,19.95,61.66,22.54,1.1,77.0
5,1420,25.85,67.23,28.52,1.09,77.0
5,1421,33.31,71.11,28.34,1.02,81.0
5,1422,17.95,39.52,24.12,1.03,73.0
5,1423,25.58,50.78,27.32,1.11,79.0
5,1424,108.3,93.05,29.96,1.04,144.0
5,1425,61.34,106.53,27.32,0.85,142.0
5,1426,71.66,119.7,30.65,0.83,124.0
5,1427,54.73,137.9,36.44,0.84,127.0
5,1428,59.58,112.2,29.98,0.89,127.0
5,1429,42.06,86.54,25.48,0.93,119.0
5,1430,43.16,79.92,28.44,0.89,94.0
5,1431,40.67,83.54,31.03,0.97,86.0
5,1432,28.25,68.25,24.59,0.79,92.0
5,1433,33.56,69.43,25.62,0.8,73.0
5,1434,25.83,74.27,26.42,0.89,75.0
5,1435,51.43,64.2,23.94,0.87,106.0
5,1436,29.32,81.35,29.76,0.9,87.0
5,1437,37.49,150.02,31.25,0.93,90.0
5,1438,61.0,98.66,33.48,0.78,119.0
5,1439,63.28,110.14,23.23,0.75,128.0
5,1440,75.78,137.41,30.66,1.04,157.0
5,1441,88.98,177.97,38.55,1.08,180.0
5,1442,78.59,142.62,40.02,1.05,179.0
5,1443,67.36,103.83,36.8,1.03,148.0
5,1444,48.45,84.47,36.41,0.97,103.0
5,1445,47.62,81.06,35.48,0.96,85.0
5,1446,64.42,109.67,40.02,0.98,112.0
5,1447,86.94,140.52,54.92,1.29,146.0
5,1448,98.84,181.41,63.57,1.72,225.0
5,1449,61.84,132.37,47.79,1.11,142.0
5,1450,45.7,105.66,35.34,0.83,130.0
5,1451,51.63,106.8,38.9,0.99,116.0
5,1452,42.57,93.24,35.19,0.91,109.0
5,1453,37.34,86.46,23.96,0.82,87.0
5,1454,43.13,85.68,27.87,0.85,79.0
5,1455,57.89,102.48,33.44,0.93,103.0
5,1456,59.38,100.47,33.7,1.01,118.0
5,1457,57.28,107.8,31.17,0.9,117.0
5,1458,68.37,111.01,31.77,0.91,123.0
5,1459,65.81,106.31,31.32,0.89,124.0
5,1460,64.29,100.07,28.97,0.85,127.0
5,1461,63.77,107.44,37.46,1.02,123.0
5,1462,61.55,107.76,38.19,0.98,128.0
5,1463,47.27,92.47,39.73,1.06,103.0
5,1464,48.86,96.42,46.55,1.01,101.0
5,1465,51.35,105.52,45.87,1.09,106.0
5,1466,46.57,99.1,41.74,1.03,104.0
5,1467,56.8,105.51,35.73,0.89,115.0
5,1468,58.29,116.5,44.9,1.05,120.0
5,1469,60.04,106.76,49.33,1.06,120.0
5,1470,62.6,113.27,52.68,1.05,122.0
5,1471,63.63,108.49,53.48,0.94,120.0
5,1472,59.52,111.13,49.16,1.01,126.0
5,1473,70.5,121.91,49.28,1.04,132.0
5,1474,54.44,99.59,42.99,0.93,125.0
5,1475,58.36,110.39,47.07,1.02,111.0
5,1476,47.13,86.88,46.93,0.85,109.0
5,1477,62.4,99.49,48.15,0.98,113.0
5,1478,67.83,120.55,42.88,1.09,121.0
5,1479,75.06,118.41,34.15,1.02,152.0
5,1480,59.01,102.34,36.98,0.94,122.0
5,1481,42.33,82.67,32.59,0.79,106.0
5,1482,52.05,99.24,37.39,0.92,101.0
5,1483,72.45,136.15,42.87,1.06,145.0
5,1484,60.91,121.85,42.79,1.04,156.0
5,1485,50.66,109.76,33.87,0.87,130.0
5,1486,35.76,87.96,31.94,0.84,109.0
5,1487,51.09,101.59,30.06,0.87,102.0
5,1488,40.56,87.62,26.0,0.8,101.0
5,1489,38.48,73.19,26.16,0.73,99.0
5,1490,29.81,62.01,29.22,0.88,83.0
5,1491,62.71,92.31,35.51,1.01,107.0
5,1492,48.44,94.63,33.94,0.88,132.0
5,1493,49.67,99.62,37.21,0.87,109.0
5,1494,45.32,96.87,34.78,0.82,104.0
5,1495,39.5,87.56,28.58,0.8,101.0
5,1496,32.91,70.95,27.77,0.82,81.0
5,1497,37.93,82.59,29.41,0.86,92.0
5,1498,60.08,115.27,38.44,0.88,120.0
5,1499,51.88,117.29,36.87,0.94,146.0
5,1500,54.76,108.3,30.73,0.85,113.0
5,1501,68.68,123.42,40.49,1.25,134.0
5,1502,50.31,93.13,32.83,0.96,112.0
5,1503,41.65,78.53,28.6,0.81,80.0
5,1504,49.32,88.06,32.05,0.82,84.0
5,1505,47.31,92.86,34.53,0.9,96.0
5,1506,37.94,84.87,31.95,0.71,89.0
5,1507,35.35,92.27,32.12,0.87,103.0
5,1508,45.37,98.49,35.5,1.05,107.0
5,1509,47.43,108.7,33.19,0.99,123.0
5,1510,42.92,104.51,39.84,1.23,116.0
5,1511,44.28,98.5,33.16,0.95,116.0
5,1512,31.49,79.97,28.91,0.85,87.0
5,1513,36.4,92.9,35.7,0.96,85.0
5,1514,38.35,101.4,40.77,0.96,99.0
5,1515,51.36,113.03,50.05,1.03,105.0
5,1516,47.59,97.06,47.01,0.94,110.0
5,1517,39.23,96.15,46.39,1.0,103.0
5,1518,51.92,101.91,42.06,0.99,120.0
5,1519,45.49,94.03,33.49,0.93,115.0
5,1520,50.8,111.32,38.76,0.94,125.0
5,1521,58.18,125.3,44.64,1.05,143.0
5,1522,40.93,95.38,26.91,0.83,107.0
5,1523,36.98,92.75,30.74,0.86,114.0
5,1524,43.15,100.96,29.23,0.8,123.0
5,1525,49.8,112.83,31.26,1.11,118.0
5,1526,53.53,116.45,35.74,1.13,128.0
5,1527,65.98,158.87,47.25,1.44,152.0
5,1528,69.62,141.49,46.88,1.32,167.0
5,1529,51.08,114.17,27.19,1.01,151.0
5,1530,39.45,85.59,19.09,0.81,100.0
5,1531,34.4,79.55,21.93,0.75,91.0
5,1532,46.15,108.89,27.97,0.8,105.0
5,1533,50.05,120.17,34.27,0.89,113.0
5,1534,43.73,116.74,29.7,0.73,118.0
5,1535,41.75,110.46,35.68,0.89,106.0
5,1536,44.32,118.8,38.3,0.94,108.0
5,1537,45.56,104.35,34.1,0.87,115.0
5,1538,43.24,99.47,31.64,0.8,123.0
5,1539,39.71,94.23,30.9,0.82,113.0
5,1540,39.8,91.98,27.36,0.73,102.0
5,1541,49.74,94.78,27.84,0.87,120.0
5,1542,44.52,96.39,30.85,0.94,122.0
5,1543,51.6,102.51,34.12,0.97,119.0
5,1544,47.42,93.06,28.12,0.84,120.0
5,1545,46.52,105.51,34.13,0.84,97.0
5,1546,48.85,112.26,39.23,0.93,113.0
5,1547,56.52,121.14,40.26,1.08,129.0
5,1548,61.59,129.96,47.4,1.17,148.0
5,1549,58.92,129.31,40.64,1.14,149.0
5,1550,57.09,123.2,38.21,1.15,137.0
5,1551,55.88,107.85,32.37,0.9,135.0
5,1552,53.46,110.5,35.35,1.01,126.0
5,1553,55.62,123.38,40.91,1.03,136.0
5,1554,53.61,120.13,40.06,0.94,135.0
5,1555,58.15,108.63,32.87,0.94,127.0
5,1556,46.54,108.25,37.85,1.07,130.0
5,1557,46.55,112.08,32.46,0.95,130.0
5,1558,51.73,103.64,32.1,0.98,127.0
5,1559,52.79,94.86,34.46,0.95,125.0
5,1560,43.88,90.8,33.09,1.09,149.0
5,1561,52.18,107.04,36.58,1.13,123.0
5,1562,49.25,113.7,34.41,0.89,112.0
5,1563,49.46,109.0,36.1,0.95,130.0
5,1564,47.24,98.37,30.69,0.92,109.0
5,1565,41.74,89.76,27.4,0.78,106.0
5,1566,52.38,92.14,33.83,1.04,111.0
5,1567,40.54,94.39,33.94,0.99,115.0
5,1568,52.84,97.64,31.76,1.16,124.0
5,1569,46.1,72.34,32.17,1.09,127.0
5,1570,42.33,63.83,29.02,0.9,107.0
5,1571,29.75,73.46,31.84,1.02,122.0
5,1572,25.18,69.39,32.67,1.04,106.0
5,1573,40.9,92.48,31.25,1.1,107.0
5,1574,37.08,77.31,32.12,1.31,112.0
5,1575,42.76,85.7,33.95,1.22,108.0
5,1576,57.96,109.49,36.31,1.19,126.0
5,1577,63.83,109.42,33.66,1.08,144.0
5,1578,66.34,123.11,29.77,0.84,150.0
5,1579,61.63,117.36,30.6,1.0,141.0
5,1580,62.42,108.27,30.05,0.95,140.0
5,1581,53.78,94.01,23.6,0.92,124.0
5,1582,42.75,74.84,21.81,0.99,111.0
5,1583,46.45,102.47,21.41,0.86,103.0
5,1584,47.56,95.06,22.23,0.74,112.0
5,1585,56.62,116.59,25.08,0.85,120.0
5,1586,54.62,110.84,26.36,0.8,132.0
5,1587,52.76,106.65,27.54,0.8,131.0
5,1588,42.61,87.52,23.95,0.86,113.0
5,1589,33.28,81.91,25.0,0.88,87.0
5,1590,51.42,94.86,30.32,1.36,106.0
5,1591,39.33,93.68,29.13,0.94,120.0
5,1592,40.38,93.84,27.17,0.97,105.0
5,1593,34.41,93.08,26.85,1.06,101.0
5,1594,32.08,86.2,25.1,0.91,106.0
5,1595,31.91,88.8,24.31,0.92,88.0
5,1596,33.89,81.23,24.45,1.01,96.0
5,1597,38.93,93.74,34.47,1.23,102.0
5,1598,40.64,91.59,32.51,1.19,110.0
5,1599,55.14,118.1,35.15,1.19,121.0
5,1600,51.35,101.63,27.75,0.97,116.0
5,1601,46.82,105.55,29.22,1.06,109.0
5,1602,45.3,93.68,26.31,0.88,109.0
5,1603,40.4,84.74,28.98,1.11,107.0
5,1604,43.26,97.98,34.61,1.04,102.0
5,1605,35.93,75.5,27.67,0.89,92.0
5,1606,26.07,71.31,25.34,0.79,82.0
5,1607,22.5,49.25,26.04,0.69,91.0
5,1608,25.77,59.78,32.49,0.94,92.0
5,1609,38.91,84.93,25.31,0.92,92.0
5,1610,28.66,62.28,24.99,0.75,112.0
5,1611,35.18,77.36,22.93,0.79,98.0
5,1612,30.29,60.85,24.81,0.82,101.0
5,1613,28.95,64.19,27.09,1.04,89.0
5,1614,44.24,64.72,18.31,0.85,100.0
5,1615,20.3,42.09,23.54,0.9,98.0
5,1616,27.33,61.65,24.48,0.79,69.0
5,1617,28.4,56.09,23.56,0.75,78.0
5,1618,25.72,51.53,27.41,1.02,78.0
5,1619,25.02,56.96,31.44,0.92,102.0
5,1620,23.54,53.47,23.49,0.81,76.0
5,1621,16.31,39.84,17.7,0.66,66.0
5,1622,7.85,25.87,16.77,0.62,54.0
5,1623,11.32,30.88,16.85,0.72,50.0
5,1624,12.8,35.87,17.93,0.61,51.0
5,1625,16.38,38.15,17.76,0.66,50.0
5,1626,22.11,47.2,18.09,0.64,59.0
5,1627,23.64,54.09,20.9,0.68,69.0
5,1628,22.01,56.08,18.54,0.62,63.0
5,1629,25.77,64.03,21.68,0.7,61.0
5,1630,28.82,64.96,20.1,0.7,70.0
5,1631,25.41,60.88,20.9,0.78,74.0
5,1632,24.36,53.32,18.74,0.65,67.0
5,1633,25.35,56.61,20.66,0.74,64.0
5,1634,16.58,45.48,20.04,0.69,67.0
5,1635,14.8,36.43,20.19,0.67,66.0
5,1636,18.54,44.9,21.39,0.71,65.0
5,1637,30.39,76.25,23.04,0.76,65.0
5,1638,34.69,61.12,21.39,0.76,74.0
5,1639,26.44,65.51,21.17,0.72,72.0
5,1640,26.98,85.13,21.09,0.68,72.0
5,1641,25.37,81.98,24.27,0.72,79.0
5,1642,20.16,63.53,17.51,0.63,68.0
5,1643,26.89,70.15,18.8,0.71,65.0
5,1644,20.79,62.01,19.94,0.73,70.0
5,1645,18.25,60.9,18.61,0.7,64.0
5,1646,18.92,60.19,21.98,0.79,65.0
5,1647,20.9,57.46,19.92,0.7,63.0
5,1648,16.65,51.06,21.47,0.76,62.0
5,1649,19.38,68.71,18.38,0.75,69.0
5,1650,17.24,55.7,16.23,0.76,58.0
5,1651,19.53,46.87,16.78,0.86,64.0
5,1652,31.67,50.35,19.9,0.78,68.0
5,1653,23.49,61.32,24.25,0.84,86.0
5,1654,20.95,62.33,22.71,0.79,71.0
5,1655,20.39,57.91,21.27,0.75,62.0
5,1656,19.18,51.48,20.0,0.74,63.0
5,1657,17.84,47.39,21.24,0.8,65.0
5,1658,24.91,46.99,21.88,0.8,65.0
5,1659,26.83,55.0,24.84,0.82,69.0
5,1660,30.97,62.36,27.45,0.85,73.0
5,1661,18.98,37.85,22.61,0.67,66.0
5,1662,15.96,42.66,21.56,0.63,48.0
5,1663,19.24,41.46,23.64,0.67,64.0
5,1664,15.91,41.71,24.64,0.69,57.0
5,1665,19.14,41.62,23.99,0.75,56.0
5,1666,20.89,63.75,23.42,0.67,60.0
5,1667,20.67,53.24,23.58,0.77,64.0
5,1668,20.33,53.25,23.49,0.73,62.0
5,1669,23.21,50.99,20.93,0.64,55.0
5,1670,23.3,49.13,21.15,0.71,62.0
5,1671,18.61,56.25,19.89,0.68,64.0
5,1672,23.14,56.4,21.54,0.72,58.0
5,1673,26.99,47.37,21.64,0.66,58.0
5,1674,19.87,51.46,19.76,0.69,61.0
5,1675,18.45,52.16,22.04,0.75,59.0
5,1676,18.13,46.6,19.08,0.65,56.0
5,1677,16.26,41.66,17.21,0.69,60.0
5,1678,15.08,29.63,18.83,0.65,53.0
5,1679,14.76,30.58,20.9,0.71,48.0
5,1680,14.94,32.65,20.29,0.78,57.0
5,1681,14.31,27.28,19.56,0.67,53.0
5,1682,15.53,30.16,21.17,0.71,55.0
5,1683,13.63,38.48,22.07,0.72,49.0
5,1684,12.95,38.27,19.08,0.61,50.0
5,1685,18.62,46.51,21.34,0.78,52.0
5,1686,22.1,46.9,24.49,0.93,68.0
5,1687,26.64,46.08,22.95,0.81,70.0
5,1688,15.63,38.14,20.93,0.69,59.0
5,1689,18.63,34.85,20.7,0.76,51.0
5,1690,20.79,52.0,24.71,0.9,61.0
5,1691,23.25,47.66,26.34,0.85,67.0
5,1692,20.73,49.59,27.88,0.88,65.0
5,1693,18.28,48.73,24.0,0.98,74.0
5,1694,17.04,45.86,20.38,1.06,73.0
5,1695,17.3,57.03,18.74,0.83,68.0
5,1696,15.08,44.78,18.23,0.85,65.0
5,1697,15.29,63.42,19.16,0.77,57.0
5,1698,14.98,55.99,15.48,0.58,68.0
5,1699,14.14,49.29,17.29,0.72,63.0
5,1700,11.42,47.0,19.78,0.71,61.0
5,1701,15.3,42.17,21.27,0.63,52.0
5,1702,17.22,44.99,18.4,0.64,49.0
5,1703,15.01,50.6,17.69,0.71,53.0
5,1704,20.82,65.26,19.48,0.79,63.0
5,1705,17.64,47.85,15.11,0.67,61.0
5,1706,10.98,27.78,12.39,0.64,48.0
5,1707,11.18,32.65,15.56,0.73,51.0
5,1708,13.01,40.46,16.9,0.72,51.0
5,1709,13.84,42.24,16.5,0.79,56.0
5,1710,15.34,44.08,16.14,0.88,64.0
5,1711,20.16,45.38,15.83,0.79,63.0
5,1712,12.63,45.47,12.36,0.79,62.0
5,1713,15.92,49.54,13.9,0.78,63.0
5,1714,20.67,58.85,12.3,0.73,67.0
5,1715,19.51,60.37,14.46,0.72,62.0
5,1716,20.53,57.11,24.3,0.8,68.0
5,1717,21.84,60.43,23.38,0.86,67.0
5,1718,22.29,56.94,21.87,0.76,70.0
5,1719,21.74,50.11,19.46,0.78,69.0
5,1720,48.41,40.74,19.11,0.82,67.0
5,1721,68.71,43.3,22.09,1.0,120.0
5,1722,22.83,63.17,22.04,0.95,92.0
5,1723,23.96,59.79,20.04,0.85,82.0
5,1724,19.12,56.78,23.82,0.82,67.0
5,1725,22.92,68.81,24.96,0.92,74.0
5,1726,19.15,53.11,27.97,1.01,81.0
5,1727,24.78,50.88,38.91,1.2,91.0
5,1728,17.68,36.94,33.19,1.15,100.0
5,1729,13.45,32.33,24.87,0.85,81.0
5,1730,16.59,41.07,20.76,0.83,64.0
5,1731,32.55,75.73,28.02,1.04,83.0
5,1732,26.32,78.07,26.64,0.98,99.0
5,1733,38.4,87.7,22.87,0.79,93.0
5,1734,23.22,53.78,19.29,0.81,73.0
5,1735,34.28,68.99,25.88,1.01,88.0
5,1736,17.34,36.79,32.46,0.94,92.0
5,1737,26.79,52.83,35.24,1.01,95.0
5,1738,41.28,58.29,41.03,1.1,104.0
5,1739,32.73,70.53,46.1,1.13,107.0
5,1740,27.15,55.82,33.96,0.92,85.0
5,1741,35.57,60.1,37.6,1.14,88.0
5,1742,24.46,39.4,28.28,0.71,92.0
5,1743,31.67,46.37,39.99,0.95,89.0
5,1744,73.77,70.64,36.15,0.87,146.0
5,1745,45.16,79.81,37.89,0.83,95.0
5,1746,38.44,75.75,30.58,0.83,90.0
5,1747,20.84,46.8,23.0,0.79,72.0
5,1748,22.61,52.98,26.95,0.85,73.0
5,1749,24.94,57.89,28.5,0.83,79.0
5,1750,21.73,57.38,28.28,0.72,71.0
5,1751,19.3,48.38,27.52,0.85,75.0
5,1752,25.83,52.13,24.42,0.71,69.0
5,1753,19.25,37.64,23.99,0.72,71.0
5,1754,17.2,39.02,23.31,0.52,56.0
5,1755,20.71,41.14,30.13,0.85,69.0
5,1756,16.46,35.11,24.22,0.83,69.0
5,1757,11.71,35.91,16.97,0.83,66.0
5,1758,12.57,46.46,15.8,0.76,62.0
5,1759,13.43,42.75,18.11,0.83,65.0
5,1760,18.21,47.6,18.89,0.74,59.0
5,1761,42.44,74.17,21.32,1.01,74.0
5,1762,42.44,78.91,24.6,1.04,88.0
5,1763,34.24,78.0,22.99,0.97,80.0
5,1764,18.77,42.23,26.91,0.98,78.0
5,1765,18.62,49.95,24.47,0.87,68.0
5,1766,27.42,77.15,25.98,0.9,84.0
5,1767,27.1,72.41,25.19,1.08,77.0
5,1768,40.0,71.78,26.32,0.99,89.0
5,1769,54.83,112.73,36.74,1.26,95.0
5,1770,73.88,144.98,41.5,1.48,139.0
5,1771,94.17,142.05,38.83,1.36,169.0
5,1772,92.21,136.66,44.07,1.38,174.0
5,1773,69.3,110.88,38.45,1.29,159.0
5,1774,47.14,102.59,35.19,1.07,116.0
5,1775,52.86,102.92,30.63,1.0,96.0
5,1776,61.83,117.91,33.11,0.96,124.0
5,1777,27.77,68.96,26.07,1.0,96.0
5,1778,30.39,81.26,28.6,0.93,83.0
5,1779,23.32,61.17,26.92,0.92,80.0
5,1780,26.33,65.78,28.61,1.1,77.0
5,1781,20.62,57.92,26.87,1.01,82.0
5,1782,30.7,64.16,28.0,0.84,76.0
5,1783,27.07,61.85,29.65,1.01,72.0
5,1784,20.23,51.01,26.77,0.96,74.0
5,1785,21.12,48.76,27.06,1.05,77.0
5,1786,42.28,78.55,34.02,1.19,86.0
5,1787,44.17,78.49,32.14,1.06,96.0
5,1788,36.68,68.13,32.05,1.01,90.0
5,1789,41.18,71.69,21.45,0.9,79.0
5,1790,37.44,69.94,27.71,1.17,83.0
5,1791,35.44,72.66,30.62,1.0,88.0
5,1792,33.02,65.25,35.64,1.22,89.0
5,1793,23.08,53.29,29.76,1.04,86.0
5,1794,22.97,61.34,25.68,1.0,75.0
5,1795,23.25,50.92,22.84,1.03,75.0
5,1796,13.46,42.5,20.19,0.93,65.0
5,1797,13.96,34.67,21.53,0.94,70.0
5,1798,27.28,55.3,27.81,1.11,76.0
5,1799,38.2,69.48,26.87,0.96,86.0
5,1800,55.45,91.85,32.39,0.94,87.0
5,1801,57.3,96.47,32.59,0.94,103.0
5,1802,39.42,71.64,32.74,1.05,89.0
5,1803,23.79,52.13,26.15,0.95,68.0
5,1804,21.29,56.84,29.26,1.03,70.0
5,1805,20.31,55.42,27.3,1.02,74.0
5,1806,28.62,63.74,29.94,0.84,73.0
5,1807,28.93,67.98,28.49,0.91,77.0
5,1808,30.65,71.83,26.71,0.94,74.0
5,1809,23.6,60.07,25.5,0.97,74.0
5,1810,25.33,66.09,23.85,0.78,68.0
5,1811,24.25,59.81,25.62,0.91,69.0
5,1812,27.65,61.09,28.51,1.05,69.0
5,1813,42.91,84.86,31.51,1.13,82.0
5,1814,38.66,77.48,30.63,1.16,85.0
5,1815,44.46,91.61,32.5,1.19,91.0
5,1816,48.62,89.87,29.51,0.98,95.0
5,1817,46.52,84.08,25.65,0.91,88.0
5,1818,49.33,89.98,31.35,1.0,92.0
5,1819,35.84,77.13,29.34,1.13,89.0
5,1820,35.48,71.87,26.59,1.03,76.0
5,1821,44.27,87.08,29.46,1.03,95.0
5,1822,43.32,87.09,31.24,1.09,98.0
5,1823,35.24,70.75,26.94,0.97,82.0
5,1824,38.53,73.77,26.2,0.92,80.0
5,1825,47.81,77.49,28.46,1.03,93.0
5,1826,42.54,84.76,29.1,1.06,97.0
5,1827,30.71,70.8,27.31,1.07,82.0
5,1828,25.78,62.73,28.05,1.16,81.0
5,1829,29.66,69.62,26.26,0.99,85.0
5,1830,52.62,106.81,31.56,1.39,95.0
5,1831,52.64,97.94,29.1,1.01,118.0
5,1832,24.74,62.08,27.57,1.09,81.0
5,1833,22.52,62.95,29.93,1.06,75.0
5,1834,30.92,74.18,30.86,1.03,93.0
5,1835,40.57,85.93,33.79,1.09,101.0
5,1836,39.29,83.02,36.97,1.05,94.0
5,1837,31.1,66.98,29.13,0.89,78.0
5,1838,39.5,75.34,30.57,0.97,79.0
5,1839,53.93,97.81,38.77,1.11,106.0
5,1840,64.35,108.24,43.03,1.08,121.0
5,1841,45.19,79.82,35.06,0.93,111.0
5,1842,39.36,84.68,38.18,1.2,114.0
5,1843,34.68,85.16,39.38,1.27,106.0
5,1844,26.9,65.04,26.29,0.95,86.0
5,1845,26.66,59.29,23.43,0.96,66.0
5,1846,34.51,82.12,33.42,1.07,81.0
5,1847,37.86,84.98,33.67,1.1,90.0
5,1848,28.25,71.37,30.62,1.23,87.0
5,1849,41.13,76.02,30.76,1.1,82.0
5,1850,42.19,84.68,39.01,1.22,108.0
5,1851,44.82,95.52,46.43,1.23,100.0
5,1852,44.48,93.93,45.71,1.1,97.0
5,1853,45.49,92.25,41.23,1.24,98.0
5,1854,52.63,98.54,33.37,1.17,102.0
5,1855,46.45,100.44,38.65,0.99,115.0
5,1856,43.42,107.2,47.61,1.19,112.0
5,1857,46.36,102.88,37.62,1.05,111.0
5,1858,52.07,105.15,31.67,1.03,102.0
5,1859,35.27,84.84,24.1,0.81,94.0
5,1860,33.79,80.75,34.38,0.96,79.0
5,1861,29.27,75.0,32.2,1.0,82.0
5,1862,30.66,74.45,30.15,1.16,86.0
5,1863,43.83,92.77,35.14,1.11,96.0
5,1864,49.51,103.19,31.27,1.06,96.0
5,1865,45.3,106.63,30.49,0.95,105.0
5,1866,52.39,111.14,25.96,1.06,101.0
5,1867,35.53,82.96,26.2,1.09,103.0
5,1868,33.94,77.23,28.99,1.07,87.0
5,1869,32.82,72.71,28.34,0.93,80.0
5,1870,37.67,86.81,37.32,1.06,84.0
5,1871,50.47,120.55,46.46,1.29,111.0
5,1872,54.91,129.65,54.43,1.24,128.0
5,1873,45.02,89.03,36.76,0.99,120.0
5,1874,41.66,94.89,43.77,1.15,99.0
5,1875,43.29,105.87,42.79,1.07,103.0
5,1876,55.31,97.46,36.85,1.28,101.0
5,1877,47.86,95.51,33.04,1.06,94.0
5,1878,30.24,72.85,24.85,1.0,90.0
5,1879,33.96,82.03,23.75,0.98,78.0
5,1880,36.3,85.26,21.8,1.09,81.0
5,1881,35.6,82.42,25.61,1.01,82.0
5,1882,41.83,97.01,31.08,1.28,107.0
5,1883,47.39,88.67,27.21,0.97,104.0
5,1884,39.39,92.84,31.61,1.16,112.0
5,1885,42.58,95.58,26.77,1.06,98.0
5,1886,48.75,95.45,27.79,1.01,95.0
5,1887,56.2,89.66,21.91,0.98,101.0
5,1888,53.75,115.89,29.55,1.18,103.0
5,1889,70.78,154.34,32.33,1.27,137.0
5,1890,55.66,118.07,33.05,1.22,131.0
5,1891,57.89,111.38,28.68,1.04,117.0
5,1892,41.84,83.19,23.14,0.94,100.0
5,1893,44.33,89.88,26.8,0.98,93.0
5,1894,38.66,84.01,21.71,0.88,91.0
5,1895,38.88,84.66,23.26,0.99,99.0
5,1896,41.48,89.64,22.84,0.94,93.0
5,1897,39.57,80.31,25.62,0.96,95.0
5,1898,34.62,78.55,28.58,1.05,97.0
5,1899,34.77,76.68,27.42,0.93,90.0
5,1900,29.97,72.04,27.04,0.91,86.0
5,1901,33.96,72.17,22.19,0.92,88.0
5,1902,26.15,71.05,21.45,0.84,79.0
5,1903,24.15,77.96,19.78,0.86,77.0
5,1904,29.66,72.55,24.72,0.9,78.0
5,1905,38.15,87.04,26.49,0.93,91.0
5,1906,43.31,94.45,23.38,0.98,100.0
5,1907,40.62,95.67,31.05,1.06,103.0
5,1908,30.16,66.88,13.39,0.82,99.0
5,1909,40.28,82.77,20.12,1.05,85.0
5,1910,50.85,82.89,15.65,0.86,106.0
5,1911,25.25,48.81,9.73,0.76,70.0
5,1912,27.77,51.53,8.99,0.7,61.0
5,1913,27.47,51.79,9.44,0.85,67.0
5,1914,24.89,45.75,10.58,0.85,70.0
5,1915,28.45,47.23,12.22,0.85,66.0
5,1916,32.46,53.57,11.09,0.91,72.0
5,1917,22.01,48.55,10.09,0.83,68.0
5,1918,22.54,49.89,10.37,0.76,64.0
5,1919,27.12,58.49,9.58,0.86,70.0
5,1920,34.12,69.87,9.69,0.77,82.0
5,1921,31.93,63.83,9.23,0.72,74.0
5,1922,30.26,67.3,9.81,0.8,77.0
5,1923,22.68,50.53,11.52,0.71,65.0
5,1924,15.14,20.84,13.48,0.71,62.0
5,1925,18.39,28.13,13.73,0.72,67.0
5,1926,23.32,32.12,12.38,0.73,65.0
5,1927,30.06,22.69,11.5,0.67,76.0
5,1928,26.99,35.92,10.63,0.79,70.0
5,1929,22.38,35.49,11.74,0.72,64.0
5,1930,25.61,42.98,15.57,0.71,72.0
5,1931,30.24,52.51,15.73,0.69,72.0
5,1932,33.62,50.11,13.81,0.67,74.0
5,1933,25.27,42.7,12.73,0.73,66.0
5,1934,40.0,50.83,12.28,0.65,74.0
5,1935,34.03,46.7,11.74,0.72,94.0
5,1936,24.22,41.6,10.48,0.61,67.0
5,1937,19.42,31.92,10.76,0.55,53.0
5,1938,17.04,48.52,13.02,0.78,65.0
5,1939,19.95,50.26,10.17,0.68,71.0
5,1940,26.1,48.49,11.41,0.67,63.0
5,1941,26.25,65.58,13.05,0.75,69.0
5,1942,25.98,55.47,13.04,0.69,66.0
5,1943,21.32,43.11,11.76,0.82,61.0
5,1944,19.25,50.33,11.69,0.76,59.0
5,1945,20.74,55.81,11.24,0.79,71.0
5,1946,13.68,39.31,12.02,0.74,62.0
5,1947,20.3,54.56,15.27,0.75,61.0
5,1948,24.81,61.29,12.6,0.67,74.0
5,1949,18.36,50.84,14.26,0.8,72.0
5,1950,22.35,56.07,17.28,0.82,71.0
5,1951,26.1,71.6,18.88,0.86,79.0
5,1952,29.23,87.56,18.26,0.82,91.0
5,1953,23.02,64.54,17.4,0.93,85.0
5,1954,26.87,72.07,18.2,0.88,82.0
5,1955,17.61,52.32,16.86,0.77,73.0
5,1956,21.05,60.98,14.05,0.77,76.0
5,1957,24.29,59.49,13.18,0.77,78.0
5,1958,20.58,66.73,14.23,0.81,77.0
5,1959,15.43,70.53,14.13,0.73,82.0
5,1960,14.56,39.32,13.82,0.8,66.0
5,1961,24.81,58.72,15.82,0.74,66.0
5,1962,17.34,46.71,16.79,0.87,73.0
5,1963,23.44,56.99,18.22,0.96,74.0
5,1964,21.25,52.69,13.24,0.72,70.0
5,1965,16.82,47.84,12.91,0.85,68.0
5,1966,23.81,79.02,13.11,0.73,72.0
5,1967,17.9,64.0,13.77,0.72,79.0
5,1968,19.53,60.44,14.59,0.74,70.0
5,1969,18.13,56.21,15.13,0.79,68.0
5,1970,19.52,62.59,15.05,0.72,72.0
5,1971,18.62,66.58,13.03,0.59,66.0
5,1972,21.06,57.36,16.82,0.7,70.0
5,1973,22.25,71.59,16.47,0.76,66.0
5,1974,19.81,55.23,18.54,0.92,75.0
5,1975,28.46,55.7,14.85,0.66,74.0
5,1976,23.16,53.37,15.72,0.7,66.0
5,1977,15.87,42.52,18.27,0.74,72.0
5,1978,23.32,51.62,11.58,0.84,61.0
5,1979,9.16,22.16,9.72,0.6,49.0
5,1980,8.95,19.43,9.76,0.57,40.0
5,1981,9.69,19.34,9.78,0.6,42.0
5,1982,10.91,30.11,11.51,0.62,43.0
5,1983,22.88,48.48,19.65,0.66,55.0
5,1984,18.18,50.12,17.1,0.6,55.0
5,1985,17.6,45.11,13.32,0.57,55.0
5,1986,20.16,48.85,15.31,0.65,55.0
5,1987,21.7,52.5,15.48,0.62,58.0
5,1988,25.44,73.07,15.98,0.66,70.0
5,1989,16.53,39.75,14.7,0.67,59.0
5,1990,16.84,35.21,13.83,0.64,49.0
5,1991,16.79,42.32,14.67,0.72,50.0
5,1992,16.66,35.74,12.31,0.56,49.0
5,1993,19.57,36.58,13.01,0.62,47.0
5,1994,17.07,45.6,13.32,0.6,55.0
5,1995,18.29,56.47,14.1,0.65,57.0
5,1996,28.32,63.66,13.98,0.73,65.0
5,1997,21.55,57.17,13.87,0.66,65.0
5,1998,18.32,47.55,13.62,0.66,56.0
5,1999,18.18,42.05,12.45,0.54,52.0
5,2000,15.65,40.19,14.45,0.62,49.0
5,2001,20.38,49.93,14.6,0.62,56.0
5,2002,19.72,52.43,14.61,0.61,63.0
5,2003,16.93,40.06,17.67,0.74,63.0
5,2004,15.4,28.66,14.29,0.61,58.0
5,2005,16.6,29.48,13.68,0.67,51.0
5,2006,20.44,26.34,10.33,0.66,61.0
5,2007,28.68,29.27,12.12,0.56,65.0
5,2008,14.47,24.26,12.69,0.56,63.0
5,2009,17.5,30.48,13.25,0.54,43.0
6,1721,23.12,43.95,38.58,1.52,
6,1722,21.25,38.2,37.81,1.38,89.0
6,1723,16.94,41.09,25.28,0.95,77.0
6,1724,15.29,43.1,26.05,0.95,76.0
6,1725,20.75,62.7,30.9,1.41,82.0
6,1726,11.21,42.45,25.74,1.16,90.0
6,1727,11.81,44.21,25.81,1.07,82.0
6,1728,17.7,53.29,28.48,1.18,80.0
6,1729,20.41,50.27,28.75,1.11,81.0
6,1730,17.21,31.31,27.96,1.05,77.0
6,1731,12.65,31.54,20.58,0.84,69.0
6,1732,3.4,16.32,14.11,0.64,52.0
6,1733,7.23,27.84,17.12,0.66,49.0
6,1734,8.7,36.97,22.35,0.7,56.0
6,1735,6.53,21.31,13.46,0.71,68.0
6,1736,20.86,72.34,27.86,0.87,75.0
6,1737,24.92,106.41,34.15,0.75,97.0
6,1738,28.1,122.06,33.99,1.04,112.0
6,1739,26.41,99.6,36.45,1.01,117.0
6,1740,32.5,90.64,34.81,1.19,101.0
6,1741,39.74,102.93,38.5,1.45,109.0
6,1742,52.66,130.64,34.1,1.26,143.0
6,1743,36.92,114.12,32.53,0.83,123.0
6,1744,42.55,126.36,43.5,1.05,118.0
6,1745,53.12,155.77,38.56,0.96,141.0
6,1746,48.92,175.24,56.37,1.37,140.0
6,1747,55.86,199.68,61.95,1.47,168.0
6,1748,44.56,159.02,33.55,0.88,159.0
6,1749,49.07,160.57,47.42,0.96,141.0
6,1750,53.62,185.45,46.41,1.03,148.0
6,1751,60.57,168.04,44.07,1.11,155.0
6,1752,69.65,176.36,54.27,1.5,159.0
6,1753,70.39,152.01,29.21,0.99,146.0
6,1754,86.57,141.8,41.02,1.18,144.0
6,1755,98.98,163.5,41.72,1.17,225.0
6,1756,84.03,176.99,52.3,1.3,209.0
6,1757,49.01,115.92,45.9,1.09,135.0
6,1758,50.81,153.3,44.22,1.24,116.0
6,1759,82.8,224.32,51.52,1.48,181.0
6,1760,52.39,107.92,27.36,0.8,128.0
6,1761,61.4,89.15,29.86,1.1,99.0
6,1762,77.79,108.58,22.31,0.72,228.0
6,1763,41.17,79.21,29.38,1.21,85.0
6,1764,32.48,71.23,28.91,0.96,108.0
6,1765,76.75,153.35,69.34,1.58,117.0
6,1766,84.25,163.21,56.23,1.39,179.0
6,1767,59.49,119.11,35.27,1.03,153.0
6,1768,41.34,88.69,32.76,1.02,97.0
6,1769,62.23,149.39,48.17,1.47,129.0
6,1770,65.74,157.38,57.11,1.46,146.0
6,1771,80.33,174.05,53.19,1.33,146.0
6,1772,65.45,145.09,36.89,1.1,186.0
6,1773,44.76,84.77,25.32,0.77,97.0
6,1774,101.67,165.64,31.65,1.03,167.0
6,1775,99.16,177.35,43.8,1.34,234.0
6,1776,92.96,199.03,51.48,1.38,220.0
6,1777,82.3,178.74,52.38,1.44,193.0
6,1778,89.84,198.72,63.33,1.52,193.0
6,1779,84.8,197.8,50.55,1.32,190.0
6,1780,111.07,251.75,62.13,1.63,224.0
6,1781,111.98,249.14,67.6,1.37,268.0
6,1782,100.68,260.27,61.43,1.71,279.0
6,1783,76.82,193.01,49.59,1.25,180.0
6,1784,76.28,201.55,55.49,1.47,174.0
6,1785,73.75,165.16,39.49,1.07,170.0
6,1786,108.95,209.35,46.99,1.65,236.0
6,1787,119.3,258.16,50.9,2.04,274.0
6,1788,111.51,240.16,58.73,1.54,266.0
6,1789,107.39,194.47,57.81,1.59,268.0
6,1790,98.08,173.15,46.22,1.29,244.0
6,1791,88.87,172.43,49.62,1.22,204.0
6,1792,136.42,236.76,61.91,1.59,286.0
6,1793,120.33,254.98,61.66,1.42,312.0
6,1794,94.52,214.24,57.15,1.58,228.0
6,1795,97.46,232.36,50.92,1.38,225.0
6,1796,102.14,208.49,42.84,1.26,218.0
6,1797,106.73,219.55,47.17,1.24,274.0
6,1798,93.3,164.93,48.07,1.09,239.0
6,1799,58.17,133.93,54.91,1.09,140.0
6,1800,54.73,136.33,53.51,0.95,135.0
6,1801,62.92,141.0,49.41,0.95,120.0
6,1802,113.84,213.2,69.19,1.4,189.0
6,1803,132.79,233.3,72.24,1.56,310.0
6,1804,122.7,233.44,70.44,1.54,305.0
6,1805,119.7,242.07,75.55,1.66,295.0
6,1806,114.08,233.12,75.67,1.43,298.0
6,1807,86.48,166.1,45.18,0.95,243.0
6,1808,48.52,97.13,36.54,0.88,121.0
6,1809,70.34,115.59,38.1,0.92,119.0
6,1810,69.58,105.5,36.82,0.84,120.0
6,1811,68.18,106.69,41.63,0.86,137.0
6,1812,98.75,144.08,47.53,0.96,180.0
6,1813,82.89,138.04,56.51,1.05,217.0
6,1814,73.27,132.11,59.98,1.2,153.0
6,1815,92.61,175.92,69.33,1.36,197.0
6,1816,80.04,155.45,59.83,1.15,190.0
6,1817,78.56,147.6,57.2,1.14,147.0
6,1818,71.6,128.59,49.38,0.97,171.0
6,1819,76.98,137.53,48.93,1.09,117.0
6,1820,115.82,169.48,41.34,1.17,234.0
6,1821,77.06,128.39,49.21,1.03,241.0
6,1822,58.7,124.83,55.18,1.0,130.0
6,1823,45.61,86.96,43.82,0.84,99.0
6,1824,65.61,113.96,46.49,0.91,106.0
6,1825,67.7,117.86,44.05,0.98,119.0
6,1826,116.65,173.53,47.06,1.18,187.0
6,1827,100.55,145.81,42.22,1.13,266.0
6,1828,84.46,134.81,38.04,1.04,223.0
6,1829,96.58,151.47,41.4,1.05,199.0
6,1830,93.38,155.98,49.68,1.33,205.0
6,1831,75.17,125.76,46.67,1.1,213.0
6,1832,45.49,96.18,47.62,0.9,105.0
6,1833,65.96,162.16,51.85,1.25,114.0
6,1834,74.62,158.19,35.11,0.9,153.0
6,1835,78.07,132.56,34.05,0.74,174.0
6,1836,65.94,113.49,36.15,0.81,120.0
6,1837,65.7,127.1,46.29,0.95,115.0
6,1838,70.03,142.67,54.59,1.35,124.0
6,1839,62.95,150.56,43.3,1.31,146.0
6,1840,85.64,158.56,48.0,1.43,147.0
6,1841,105.95,162.64,36.38,1.22,200.0
6,1842,134.02,196.56,32.54,1.33,307.0
6,1843,80.47,139.95,38.33,1.01,234.0
6,1844,87.22,145.21,40.78,1.13,193.0
6,1845,61.76,107.46,39.66,0.94,137.0
6,1846,52.0,103.34,39.37,0.82,107.0
6,1847,66.21,133.21,45.66,1.11,104.0
6,1848,77.7,142.79,37.59,0.95,147.0
6,1849,65.7,118.35,40.99,0.93,141.0
6,1850,55.61,153.75,53.06,1.27,133.0
6,1851,80.92,197.84,60.5,1.56,151.0
6,1852,78.94,179.42,58.1,1.5,184.0
6,1853,59.64,173.19,44.36,0.79,123.0
6,1854,51.51,152.6,29.92,0.84,162.0
6,1855,26.35,126.17,28.66,0.64,120.0
6,1856,61.02,121.23,37.6,0.84,118.0
6,1857,41.52,106.72,45.69,0.88,111.0
6,1858,35.23,94.42,37.21,0.76,99.0
6,1859,34.11,90.98,32.89,0.71,94.0
6,1860,37.8,97.23,33.21,0.78,94.0
6,1861,48.21,126.71,38.18,0.93,115.0
6,1862,62.84,133.91,42.27,1.04,121.0
6,1863,53.09,124.54,37.05,0.85,124.0
6,1864,60.4,129.16,36.83,0.86,114.0
6,1865,53.49,122.11,32.47,0.73,119.0
6,1866,45.82,89.86,32.12,0.71,109.0
6,1867,49.99,113.78,40.19,0.89,112.0
6,1868,46.41,106.47,38.68,0.87,123.0
6,1869,58.48,148.28,48.9,1.21,122.0
6,1870,87.83,220.69,58.91,1.66,185.0
6,1871,57.25,176.09,46.76,1.03,155.0
6,1872,49.0,175.48,51.43,1.13,151.0
6,1873,43.85,143.22,59.43,1.17,149.0
6,1874,38.03,135.71,57.99,1.26,120.0
6,1875,36.17,131.02,55.27,1.02,136.0
6,1876,35.5,135.29,46.73,0.84,121.0
6,1877,48.82,147.98,28.42,0.71,137.0
6,1878,52.9,149.75,31.98,0.87,127.0
6,1879,56.47,154.27,32.01,0.86,141.0
6,1880,78.47,149.05,31.8,0.96,143.0
6,1881,64.76,136.8,35.66,0.92,138.0
6,1882,46.56,128.83,39.53,0.97,117.0
6,1883,56.79,182.16,52.94,1.06,137.0
6,1884,45.15,164.28,41.04,1.0,152.0
6,1885,45.67,143.39,35.5,0.76,141.0
6,1886,57.17,177.99,47.39,1.18,134.0
6,1887,56.96,156.55,35.63,1.01,149.0
6,1888,42.46,103.2,29.98,0.75,122.0
6,1889,35.71,127.07,27.86,0.68,111.0
6,1890,50.42,150.43,26.59,0.65,128.0
6,1891,31.62,139.82,20.25,0.46,129.0
6,1892,39.0,152.86,19.42,0.46,134.0
6,1893,31.08,136.03,25.61,0.59,126.0
6,1894,26.46,90.56,27.92,0.71,108.0
6,1895,21.71,76.47,27.85,0.71,88.0
6,1896,39.17,90.15,21.5,0.79,96.0
6,1897,28.29,79.64,13.84,0.46,87.0
6,1898,22.35,90.17,14.28,0.39,94.0
6,1899,20.58,120.75,27.12,0.66,98.0
6,1900,24.67,136.07,20.28,0.51,126.0
6,1901,31.08,149.46,33.84,0.91,126.0
6,1902,32.78,138.8,37.17,0.99,133.0
6,1903,29.44,112.15,30.64,0.78,124.0
6,1904,30.25,97.28,30.26,0.79,109.0
6,1905,37.56,121.09,35.15,0.93,110.0
6,1906,38.33,115.47,25.91,0.62,121.0
6,1907,48.89,155.55,23.62,0.78,118.0
6,1908,41.97,118.18,18.18,0.62,138.0
6,1909,39.45,120.22,21.97,0.72,106.0
6,1910,35.52,113.66,15.64,0.55,118.0
6,1911,23.88,71.03,9.83,0.37,96.0
6,1912,22.93,41.62,10.67,0.37,82.0
6,1913,18.97,41.9,10.34,0.4,58.0
6,1914,15.69,31.69,8.36,0.37,37.0
6,1915,,,,,
6,1916,,,,,
6,1917,,,,,
6,1918,,,,,
6,1919,,,,,
6,1920,,,,,
6,1921,,,,,
6,1922,,,,,
6,1923,,,,,
6,1924,35.95,85.88,16.26,0.15,
6,1925,32.15,105.58,6.76,0.5,102.0
6,1926,27.54,109.33,7.8,0.56,104.0
6,1927,28.85,99.38,8.8,0.61,100.0
6,1928,38.73,98.89,9.97,0.67,98.0
6,1929,40.28,113.91,12.68,0.49,99.0
6,1930,28.4,92.72,11.52,0.61,95.0
6,1931,44.88,122.8,11.2,0.68,106.0
6,1932,37.43,93.53,9.08,0.66,104.0
6,1933,57.8,115.67,13.67,0.8,109.0
6,1934,53.54,130.31,11.17,0.76,111.0
6,1935,59.34,113.89,12.85,0.79,120.0
6,1936,42.56,126.07,8.33,0.59,110.0
6,1937,60.33,132.44,11.96,0.75,130.0
6,1938,39.31,115.59,9.89,0.64,118.0
6,1939,47.96,102.17,12.98,0.69,117.0
6,1940,57.59,113.97,11.31,0.79,122.0
6,1941,41.99,117.82,10.04,0.57,110.0
6,1942,39.18,125.19,9.76,0.4,118.0
6,1943,41.85,134.46,9.74,0.48,126.0
6,1944,26.39,85.85,11.61,0.47,121.0
6,1945,35.29,66.47,11.29,0.47,111.0
6,1946,82.89,130.53,16.1,0.73,159.0
6,1947,44.8,96.89,12.18,0.55,127.0
6,1948,32.01,107.92,11.74,0.43,102.0
6,1949,27.77,88.38,9.25,0.44,103.0
6,1950,19.25,82.49,6.16,0.35,82.0
6,1951,31.58,122.09,8.81,0.46,104.0
6,1952,15.83,76.1,7.98,0.36,109.0
6,1953,34.54,89.22,11.61,0.48,114.0
6,1954,16.11,67.7,9.92,0.35,96.0
6,1955,27.52,93.84,11.32,0.44,103.0
6,1956,18.74,97.09,7.07,0.34,95.0
6,1957,14.74,46.8,7.37,0.34,99.0
6,1958,9.48,36.92,8.68,0.28,127.0
6,1959,24.64,63.97,11.92,0.49,109.0
6,1960,24.57,65.88,12.17,0.48,116.0
6,1961,21.91,56.23,13.25,0.44,107.0
6,1962,26.18,70.96,13.19,0.47,110.0
6,1963,24.81,68.94,12.37,0.46,112.0
6,1964,19.6,66.04,9.67,0.37,117.0
6,1965,23.88,73.13,9.83,0.46,98.0
6,1966,20.12,99.16,9.55,0.38,128.0
6,1967,16.4,105.71,10.15,0.36,115.0
6,1968,22.62,90.6,9.55,0.45,135.0
6,1969,25.27,90.14,8.39,0.38,92.0
6,1970,20.18,62.33,5.42,0.32,89.0
6,1971,18.29,44.35,4.25,0.27,71.0
6,1972,17.38,38.97,4.44,0.3,56.0
6,1973,14.9,62.85,4.83,0.28,80.0
6,1974,20.03,121.91,5.98,0.32,98.0
6,1975,17.85,114.83,5.46,0.3,111.0
6,1976,19.7,111.09,5.82,0.33,110.0
6,1977,21.88,154.8,5.49,0.33,116.0
6,1978,29.45,134.89,6.19,0.4,134.0
6,1979,21.03,96.44,6.88,0.41,120.0
6,1980,16.93,65.39,6.58,0.39,89.0
6,1981,17.26,46.43,7.38,0.42,64.0
6,1982,7.93,13.16,9.12,0.43,75.0
6,1983,13.61,35.54,9.09,0.44,70.0
6,1984,19.53,49.9,11.56,0.43,66.0
6,1985,14.54,42.14,9.51,0.42,78.0
6,1986,12.75,43.49,9.41,0.43,76.0
6,1987,15.77,50.01,9.24,0.52,73.0
6,1988,15.42,53.78,12.02,0.52,68.0
6,1989,20.25,65.16,14.5,0.63,65.0
6,1990,24.26,67.49,12.35,0.65,79.0
6,1991,21.85,49.55,13.89,0.71,67.0
6,1992,20.64,42.36,9.29,0.58,67.0
6,1993,12.16,29.73,10.12,0.59,84.0
6,1994,14.33,34.91,12.29,0.49,90.0
6,1995,15.38,45.42,13.45,0.46,87.0
6,1996,15.62,48.76,15.27,0.58,86.0
6,1997,16.08,48.35,19.92,0.94,81.0
6,1998,17.49,49.39,9.81,0.87,72.0
6,1999,20.94,66.39,9.01,0.47,59.0
6,2000,19.17,55.27,11.02,0.54,67.0
6,2001,15.56,39.65,9.46,0.55,52.0
6,2002,14.49,40.62,11.66,0.56,64.0
6,2003,19.66,51.12,10.96,0.62,55.0
6,2004,16.85,40.64,12.46,0.64,60.0
6,2005,11.04,26.77,7.55,0.48,66.0
6,2006,13.58,37.76,5.54,0.41,55.0
6,2007,14.68,43.1,8.22,0.46,56.0
6,2008,14.48,46.7,9.17,0.5,59.0
6,2009,14.0,30.0,5.12,0.35,69.0
7,1072,171.38,311.68,41.07,3.26,
7,1073,126.67,192.81,20.16,2.94,304.0
7,1074,105.11,154.39,18.4,2.83,291.0
7,1075,65.25,99.73,15.21,2.74,189.0
7,1076,,,,,
7,1077,144.54,218.14,22.63,2.72,
7,1078,153.61,227.43,18.47,2.78,320.0
7,1079,129.38,199.46,17.77,2.76,319.0
7,1080,115.35,178.56,16.99,2.7,302.0
7,1081,102.0,165.18,15.96,2.58,267.0
7,1082,76.19,128.13,17.33,2.45,191.0
7,1083,72.55,124.51,20.44,2.5,138.0
7,1084,70.49,118.77,12.24,2.78,155.0
7,1085,,,0.03,3.03,
7,1086,,,0.03,3.07,
7,1087,,,0.02,3.17,
7,1088,,,,,
7,1089,,,,,
7,1090,,,,,
7,1091,,,,,
7,1092,,,0.03,2.91,
7,1093,,,0.02,3.23,
7,1094,,,0.02,3.34,
7,1095,,,0.03,3.57,
7,1096,,,0.03,,
7,1097,,,0.03,,
7,1098,,,0.03,,
7,1099,,,0.03,,
7,1100,,,,,
7,1101,,,,,
7,1102,,,,,
7,1103,,,,,
7,1104,,,,,
7,1105,,,,,
7,1106,,,0.04,3.89,
7,1107,,,0.02,4.15,
7,1108,,,,,
7,1109,,,,,
7,1110,,,,,
7,1111,,,,,
7,1112,,,,,
7,1113,,,,,
7,1114,,,,,
7,1115,,,,,
7,1116,,,,,
7,1117,,,,,
7,1118,,,,,
7,1119,,,,,
7,1120,,,,,
7,1121,,,,,
7,1122,,,,,
7,1123,,,,,
7,1124,,,,,
7,1125,,,,,
7,1126,,,,,
7,1127,,,,,
7,1128,,,,,
7,1129,131.83,276.46,32.15,4.72,308.0
7,1130,106.75,216.39,28.58,4.7,282.0
7,1131,114.74,223.01,31.88,4.69,285.0
7,1132,129.1,262.29,34.18,4.64,267.0
7,1133,138.58,268.78,30.14,4.71,310.0
7,1134,122.68,226.39,28.96,4.71,316.0
7,1135,141.36,263.44,30.06,4.48,300.0
7,1136,107.02,206.24,27.87,4.48,307.0
7,1137,76.89,148.86,22.86,4.14,179.0
7,1138,75.71,145.18,25.21,4.1,160.0
7,1139,64.48,106.39,18.72,4.01,145.0
7,1140,38.64,84.51,16.69,3.89,125.0
7,1141,32.99,62.38,19.27,3.59,124.0
7,1142,74.1,135.13,22.3,3.62,127.0
7,1143,76.03,158.72,25.89,3.63,133.0
7,1144,84.71,191.72,24.54,3.7,191.0
7,1145,109.21,276.97,28.46,3.81,196.0
7,1146,133.97,296.79,27.13,3.96,303.0
7,1147,109.11,228.41,27.57,3.95,302.0
7,1148,82.44,182.86,23.06,3.84,214.0
7,1149,88.45,214.45,30.18,3.86,176.0
7,1150,132.04,277.7,31.75,4.06,265.0
7,1151,111.8,247.37,28.76,4.09,300.0
7,1152,113.7,237.12,26.52,4.03,282.0
7,1153,74.27,154.49,22.86,3.75,184.0
7,1154,66.41,152.61,23.43,3.88,175.0
7,1155,79.47,175.17,22.68,3.86,129.0
7,1156,97.62,216.82,24.04,4.04,194.0
7,1157,107.49,202.08,22.46,4.29,249.0
7,1158,138.61,270.48,23.64,4.45,298.0
7,1159,138.76,280.15,27.96,4.34,312.0
7,1160,105.42,225.99,23.25,4.2,312.0
7,1161,107.43,198.72,29.19,3.97,208.0
7,1162,101.91,195.56,26.95,4.02,241.0
7,1163,74.6,138.09,23.63,3.96,238.0
7,1164,101.02,194.6,27.3,3.9,135.0
7,1165,111.29,226.09,29.92,4.26,301.0
7,1166,191.33,318.98,31.32,4.53,316.0
7,1167,175.92,332.84,34.54,4.45,355.0
7,1168,142.27,252.49,33.82,4.36,325.0
7,1169,165.82,294.65,34.85,4.43,325.0
7,1170,165.11,294.93,36.86,4.6,341.0
7,1171,70.35,98.68,28.08,4.06,245.0
7,1172,84.67,156.42,20.09,3.93,149.0
7,1173,98.35,205.38,22.01,4.02,217.0
7,1174,84.18,185.76,25.52,3.91,195.0
7,1175,123.81,273.73,31.84,4.07,237.0
7,1176,142.71,264.81,35.15,4.44,321.0
7,1177,81.95,150.97,27.66,3.99,243.0
7,1178,109.51,211.11,30.11,4.17,246.0
7,1179,104.98,206.05,29.53,4.17,247.0
7,1180,112.66,234.69,29.35,4.14,232.0
7,1181,102.38,241.51,31.82,4.19,272.0
7,1182,138.98,296.39,33.92,4.62,296.0
7,1183,190.61,284.15,34.86,4.49,334.0
7,1184,170.06,326.35,35.24,4.61,337.0
7,1185,152.57,316.75,37.39,4.77,345.0
7,1186,110.16,246.8,27.23,4.42,284.0
7,1187,59.95,155.03,18.43,4.08,210.0
7,1188,60.56,99.16,19.97,3.92,125.0
7,1189,82.22,157.33,20.98,4.01,133.0
7,1190,60.63,123.03,20.27,4.0,180.0
7,1191,62.08,131.56,19.46,3.83,124.0
7,1192,53.48,118.71,18.32,3.72,123.0
7,1193,47.96,84.93,15.99,3.55,121.0
7,1194,65.81,107.11,17.02,3.51,120.0
7,1195,48.4,101.29,15.68,3.55,136.0
7,1196,51.76,106.64,15.28,3.43,118.0
7,1197,62.35,133.3,19.07,3.52,122.0
7,1198,53.98,119.41,17.65,3.42,131.0
7,1199,66.41,148.03,19.7,3.38,119.0
7,1200,72.11,171.44,17.41,3.43,165.0
7,1201,59.53,134.21,17.68,3.37,137.0
7,1202,66.7,157.14,21.15,3.35,128.0
7,1203,71.55,160.58,18.11,3.5,162.0
7,1204,63.99,129.83,21.17,3.47,120.0
7,1205,90.1,217.95,20.64,3.55,160.0
7,1206,80.52,177.28,18.25,3.59,226.0
7,1207,59.15,141.27,19.72,3.28,120.0
7,1208,84.31,199.05,23.6,3.71,162.0
7,1209,63.4,162.61,19.53,3.34,152.0
7,1210,66.68,157.02,21.6,3.24,131.0
7,1211,84.36,203.02,23.62,3.38,149.0
7,1212,84.04,227.33,22.36,3.56,235.0
7,1213,70.22,169.4,21.61,3.3,146.0
7,1214,43.2,115.78,14.32,3.23,125.0
7,1215,27.32,88.77,14.05,3.38,116.0
7,1216,11.39,31.08,15.23,3.58,
7,1217,49.8,95.59,14.82,3.54,118.0
7,1218,30.34,71.62,15.32,3.35,117.0
7,1219,40.96,79.29,15.28,3.13,115.0
7,1220,56.56,126.57,17.87,3.25,119.0
7,1221,64.78,159.85,21.58,3.32,124.0
7,1222,67.12,167.38,21.61,3.28,134.0
7,1223,66.6,147.27,18.02,3.19,139.0
7,1224,80.49,170.83,20.22,3.3,182.0
7,1225,92.4,232.53,22.49,2.7,141.0
7,1226,65.29,159.02,18.31,3.3,155.0
7,1227,61.67,140.15,16.7,3.18,132.0
7,1228,49.68,112.47,17.05,3.12,118.0
7,1229,52.02,110.69,18.72,3.17,119.0
7,1230,35.89,67.19,15.89,3.14,116.0
7,1231,45.36,74.62,16.05,3.17,116.0
7,1232,53.9,107.07,19.28,3.14,116.0
7,1233,56.8,133.44,16.64,3.06,116.0
7,1234,52.0,120.05,14.32,3.05,125.0
7,1235,53.83,97.81,16.37,3.08,114.0
7,1236,61.45,124.05,16.3,3.16,130.0
7,1237,50.51,100.95,14.56,3.03,113.0
7,1238,72.02,134.28,17.34,3.15,118.0
7,1239,56.13,95.61,13.41,3.15,154.0
7,1240,46.32,92.4,13.75,2.99,113.0
7,1241,51.03,99.86,14.46,2.97,113.0
7,1242,50.59,108.1,15.63,2.97,113.0
7,1243,41.71,84.85,15.91,2.92,112.0
7,1244,53.87,98.28,13.92,3.0,114.0
7,1245,41.89,88.67,10.94,2.99,114.0
7,1246,45.66,106.31,13.01,2.98,112.0
7,1247,38.05,61.23,11.19,2.96,113.0
7,1248,,,,,
7,1249,,,,,
7,1250,,,,,
7,1251,11.05,32.12,12.99,2.94,
7,1252,50.06,97.1,10.51,2.57,107.0
7,1253,55.84,100.01,11.86,2.38,105.0
7,1254,42.67,74.46,9.62,2.36,106.0
7,1255,49.76,70.51,10.25,2.45,106.0
7,1256,55.9,79.68,10.8,2.56,108.0
7,1257,47.22,61.64,9.87,2.63,111.0
7,1258,41.95,60.84,10.79,2.57,108.0
7,1259,32.83,,9.42,2.47,107.0
7,1260,39.46,,11.6,2.53,107.0
7,1261,66.26,,13.62,2.57,109.0
7,1262,88.97,,13.34,2.6,158.0
7,1263,87.78,,16.61,2.62,217.0
7,1264,74.96,,16.06,2.74,167.0
7,1265,62.05,,15.06,2.61,126.0
7,1266,38.68,103.39,13.27,2.51,108.0
7,1267,46.46,105.66,13.27,2.5,107.0
7,1268,47.81,95.03,12.19,2.54,110.0
7,1269,35.95,53.61,10.89,2.56,109.0
7,1270,44.95,79.31,12.48,2.56,108.0
7,1271,43.18,84.77,12.92,2.59,109.0
7,1272,30.19,70.34,12.35,2.5,108.0
7,1273,30.66,53.71,10.81,2.5,107.0
7,1274,22.36,43.09,8.51,2.57,108.0
7,1275,18.95,38.45,7.8,2.48,108.0
7,1276,32.68,63.16,9.4,2.52,107.0
7,1277,46.65,94.54,10.23,2.6,109.0
7,1278,45.42,76.09,11.47,2.68,111.0
7,1279,30.04,53.49,9.57,2.46,106.0
7,1280,38.52,55.35,11.42,2.71,111.0
7,1281,36.48,62.09,10.39,2.43,108.0
7,1282,31.92,63.99,11.38,2.14,103.0
7,1283,37.85,78.56,10.43,2.17,103.0
7,1284,49.42,93.84,10.53,2.27,104.0
7,1285,31.45,53.03,9.56,2.19,103.0
7,1286,29.41,49.46,9.23,2.14,102.0
7,1287,27.87,50.74,9.72,2.22,104.0
7,1288,29.38,49.42,9.99,2.3,104.0
7,1289,30.48,44.06,9.6,2.28,105.0
7,1290,29.94,43.49,9.26,2.27,105.0
7,1291,25.35,37.98,7.72,2.08,102.0
7,1292,13.0,23.51,5.59,2.0,101.0
7,1293,17.13,25.16,7.81,2.07,101.0
7,1294,21.11,24.46,8.66,2.22,104.0
7,1295,28.94,38.86,8.29,2.13,102.0
7,1296,30.5,50.63,10.79,2.14,103.0
7,1297,35.52,63.88,9.32,1.94,100.0
7,1298,19.23,30.91,8.89,0.37,71.0
7,1299,18.05,22.7,8.37,0.0,34.0
7,1300,19.71,26.98,8.59,0.0,29.0
7,1301,28.03,47.39,10.14,0.0,43.0
7,1302,33.52,62.91,9.71,0.0,56.0
7,1303,24.83,39.98,8.78,0.0,54.0
7,1304,42.07,73.54,8.66,0.0,52.0
7,1305,42.07,77.33,9.44,0.0,77.0
7,1306,42.02,65.44,8.22,0.0,73.0
7,1307,52.31,92.27,9.76,0.0,84.0
7,1308,45.8,85.4,9.41,0.0,85.0
7,1309,37.79,54.85,8.87,0.0,74.0
7,1310,52.27,104.18,10.24,0.0,73.0
7,1311,70.94,122.95,11.1,0.0,122.0
7,1312,87.09,133.51,9.83,0.0,151.0
7,1313,52.13,134.21,9.64,0.0,164.0
7,1314,51.65,98.18,7.82,0.0,109.0
7,1315,28.62,46.5,6.61,0.0,81.0
7,1316,17.97,30.25,7.62,0.0,31.0
7,1317,33.1,49.71,8.73,0.0,41.0
7,1318,49.75,82.53,8.93,0.0,68.0
7,1319,58.33,86.3,9.73,0.0,96.0
7,1320,50.37,66.92,8.53,0.0,89.0
7,1321,29.61,59.97,7.5,0.0,71.0
7,1322,29.5,40.83,6.45,0.0,54.0
7,1323,12.71,24.15,5.31,0.0,39.0
7,1324,13.45,26.39,7.31,0.0,22.0
7,1325,25.56,40.18,8.27,0.0,29.0
7,1326,29.74,42.93,7.62,0.0,54.0
7,1327,28.27,44.95,8.36,0.2,54.0
7,1328,18.07,25.99,7.01,0.16,82.0
7,1329,18.22,26.34,7.29,0.03,38.0
7,1330,18.75,35.7,7.17,0.31,79.0
7,1331,36.16,55.98,8.58,0.32,76.0
7,1332,32.24,54.51,9.2,0.1,75.0
7,1333,36.63,42.47,7.38,0.45,88.0
7,1334,27.29,38.33,6.03,0.13,70.0
7,1335,32.51,46.53,6.8,0.17,72.0
7,1336,32.66,42.14,7.04,0.14,63.0
7,1337,38.0,53.97,7.64,0.25,65.0
7,1338,40.63,64.24,7.08,0.02,82.0
7,1339,,,,,
7,1340,,,,,
7,1341,,,,,
7,1342,,,,,
7,1343,,,,,
7,1344,,,,,
7,1345,,,,,
7,1346,,,,,
7,1347,,,,,
7,1348,,,,,
7,1349,,,,,
7,1350,,,,,
7,1351,,,,,
7,1352,,,,,
7,1353,,,,,
7,1354,,,,,
7,1355,,,,,
7,1356,,,,,
7,1357,,,,,
7,1358,,,,,
7,1359,,,,,
7,1360,,,,,
7,1361,,,,,
7,1362,,,,,
7,1363,,,,,
7,1364,,,,,
7,1365,,,,,
7,1366,,,,,
7,1367,,,,,
7,1368,,,,,
7,1369,,,,,
7,1370,,,,,
7,1371,,,,,
7,1372,,,,,
7,1373,,,,,
7,1374,,,,,
7,1375,,,,,
7,1376,,,,,
7,1377,,,,,
7,1378,,,,,
7,1379,,,,,
7,1380,,,,,
7,1381,,,,,
7,1382,,,,,
7,1383,,,,,
7,1384,,,,,
7,1385,,,,,
7,1386,,164.39,19.25,0.0,
7,1387,,151.07,14.44,0.0,135.0
7,1388,,150.92,13.22,0.0,133.0
7,1389,,123.54,10.15,0.0,128.0
7,1390,,120.15,10.66,0.0,112.0
7,1391,,129.42,12.16,0.0,120.0
7,1392,,100.23,10.61,0.9,112.0
7,1393,6.6,102.69,15.43,2.76,141.0
7,1394,9.59,115.07,19.83,0.34,107.0
7,1395,,109.32,17.1,0.31,110.0
7,1396,,111.84,20.64,0.29,103.0
7,1397,,104.53,20.31,0.45,112.0
7,1398,,106.58,21.39,0.49,100.0
7,1399,73.58,92.89,27.27,0.48,99.0
7,1400,28.82,59.73,18.61,0.41,79.0
7,1401,50.79,89.2,18.96,0.45,59.0
7,1402,70.44,113.42,22.23,0.49,101.0
7,1403,69.02,111.27,19.93,0.55,165.0
7,1404,73.08,115.6,24.11,0.57,130.0
7,1405,70.58,110.05,25.09,0.57,141.0
7,1406,81.34,120.17,28.78,0.6,171.0
7,1407,122.91,159.59,17.2,0.51,187.0
7,1408,114.48,157.27,22.22,0.53,305.0
7,1409,92.79,146.0,22.49,0.61,279.0
7,1410,102.24,155.04,24.57,0.7,213.0
7,1411,101.38,145.63,25.77,0.79,231.0
7,1412,93.46,141.34,23.48,0.85,222.0
7,1413,92.06,143.86,23.18,0.85,194.0
7,1414,99.58,164.79,25.17,0.96,220.0
7,1415,86.54,142.06,16.03,1.09,237.0
7,1416,,,,,
7,1417,,,,,
7,1418,,,,,
7,1419,,,,,
7,1420,,,,,
7,1421,,,,,
7,1422,,,,,
7,1423,,,,,
7,1424,,,,,
7,1425,,,,,
7,1426,,,,,
7,1427,,,,,
7,1428,,,,,
7,1429,,,,,
7,1430,,,,,
7,1431,,,,,
7,1432,,,,,
7,1433,,,,,
7,1434,,,,,
7,1435,128.64,223.86,28.0,1.29,
7,1436,128.42,192.96,23.62,1.36,308.0
7,1437,106.56,174.97,23.87,1.37,286.0
7,1438,92.9,155.62,20.18,1.29,214.0
7,1439,107.16,166.89,24.5,1.45,229.0
7,1440,101.21,160.22,29.48,1.48,255.0
7,1441,95.17,139.71,21.83,1.47,228.0
7,1442,110.42,158.99,18.39,1.59,235.0
7,1443,119.8,174.11,16.98,1.57,284.0
7,1444,119.32,179.41,17.39,1.66,306.0
7,1445,88.44,151.27,18.32,1.4,233.0
7,1446,63.54,99.01,16.44,1.27,158.0
7,1447,37.47,50.51,12.82,1.21,94.0
7,1448,36.58,47.74,10.97,1.2,63.0
7,1449,87.16,123.32,11.31,1.5,111.0
7,1450,86.88,140.22,17.27,1.52,177.0
7,1451,102.7,176.7,18.41,1.54,228.0
7,1452,91.97,155.4,16.85,1.5,224.0
7,1453,62.66,110.94,19.9,1.51,192.0
7,1454,79.99,145.42,23.07,2.25,119.0
7,1455,104.88,179.97,22.17,2.27,227.0
7,1456,105.37,185.94,23.12,2.36,240.0
7,1457,92.57,157.2,21.17,2.4,238.0
7,1458,65.79,111.43,25.65,2.3,178.0
7,1459,87.11,154.42,24.13,2.47,132.0
7,1460,91.29,154.7,24.46,2.46,200.0
7,1461,113.28,187.85,26.53,2.7,236.0
7,1462,122.13,193.0,23.24,2.82,297.0
7,1463,134.63,204.6,24.44,2.93,297.0
7,1464,144.01,212.12,28.77,3.0,323.0
7,1465,114.33,200.21,25.85,2.82,297.0
7,1466,111.2,182.96,28.05,2.89,269.0
7,1467,111.65,168.12,29.41,3.0,286.0
7,1468,115.3,175.98,28.26,3.04,278.0
7,1469,120.05,170.37,23.73,3.02,303.0
7,1470,115.84,162.16,23.55,3.03,284.0
7,1471,107.48,170.41,26.1,2.88,248.0
7,1472,129.34,199.63,26.6,3.0,267.0
7,1473,144.95,224.11,32.79,3.21,316.0
7,1474,157.16,225.75,27.88,3.19,329.0
7,1475,158.4,230.38,26.74,3.31,334.0
7,1476,101.16,164.46,25.7,2.96,295.0
7,1477,97.91,166.85,32.0,3.0,212.0
7,1478,130.42,216.35,28.35,3.14,240.0
7,1479,131.1,216.29,31.39,3.25,319.0
7,1480,100.96,175.79,28.87,3.14,266.0
7,1481,103.75,170.98,25.11,3.22,241.0
7,1482,111.26,185.23,28.07,3.28,250.0
7,1483,118.98,195.88,30.29,3.41,301.0
7,1484,111.07,184.91,25.19,3.26,280.0
7,1485,131.46,214.98,26.08,3.04,295.0
7,1486,78.32,131.06,23.19,3.19,270.0
7,1487,53.22,72.18,18.37,3.01,126.0
7,1488,68.67,96.01,17.68,2.91,115.0
7,1489,93.22,143.45,15.64,3.2,199.0
7,1490,63.39,105.7,23.57,3.05,174.0
7,1491,95.81,169.49,23.45,3.12,128.0
7,1492,75.25,138.91,25.97,3.12,220.0
7,1493,109.4,181.71,26.9,3.41,186.0
7,1494,112.37,185.58,28.08,3.4,283.0
7,1495,108.57,180.8,27.22,3.46,275.0
7,1496,103.6,181.73,26.51,3.38,246.0
7,1497,112.37,190.29,28.31,3.57,268.0
7,1498,128.36,221.16,28.41,3.48,293.0
7,1499,114.28,209.55,23.73,3.35,295.0
7,1500,84.99,135.97,22.47,3.3,250.0
7,1501,56.43,93.57,20.24,3.04,130.0
7,1502,66.92,143.42,22.18,3.06,118.0
7,1503,84.77,170.2,28.39,3.15,138.0
7,1504,99.22,181.46,25.67,3.41,226.0
7,1505,137.43,226.56,26.94,3.55,275.0
7,1506,158.01,259.0,30.09,3.53,324.0
7,1507,90.34,151.27,24.95,3.32,302.0
7,1508,45.7,73.79,18.43,3.03,131.0
7,1509,64.14,104.07,20.57,3.32,121.0
7,1510,73.28,130.16,24.75,3.23,
7,1511,99.7,200.58,23.85,3.27,168.0
7,1512,91.34,178.39,19.86,3.18,231.0
7,1513,89.38,179.97,24.69,3.08,179.0
7,1514,122.22,214.29,22.72,3.37,284.0
7,1515,82.11,152.68,19.58,3.16,219.0
7,1516,89.27,161.18,19.72,3.02,156.0
7,1517,63.97,109.26,21.38,3.0,180.0
7,1518,66.18,106.57,16.82,2.91,115.0
7,1519,55.94,109.22,16.87,2.95,117.0
7,1520,52.12,114.31,18.47,2.76,113.0
7,1521,62.4,124.51,20.32,2.65,112.0
7,1522,94.98,173.6,22.36,2.87,152.0
7,1523,97.36,166.06,21.02,3.02,277.0
7,1524,96.13,175.89,17.57,2.98,216.0
7,1525,79.77,144.52,16.64,2.94,185.0
7,1526,64.82,125.25,16.64,2.76,133.0
7,1527,68.97,132.52,19.47,2.78,128.0
7,1528,76.1,145.91,23.71,2.76,135.0
7,1529,90.91,173.2,26.05,2.78,157.0
7,1530,104.21,214.24,25.04,2.98,261.0
7,1531,92.27,182.18,24.62,2.82,191.0
7,1532,90.05,171.65,21.91,3.0,239.0
7,1533,94.33,187.93,18.74,3.2,197.0
7,1534,64.14,121.46,16.91,2.92,189.0
7,1535,48.23,84.35,16.38,2.81,113.0
7,1536,82.61,151.14,15.82,2.81,116.0
7,1537,78.65,133.83,17.86,2.87,248.0
7,1538,46.94,71.19,15.87,2.78,114.0
7,1539,74.06,118.82,16.33,2.84,118.0
7,1540,83.75,157.52,16.48,2.93,185.0
7,1541,53.78,79.64,16.79,2.66,124.0
7,1542,62.33,97.87,15.26,2.82,113.0
7,1543,71.83,118.77,17.06,2.76,116.0
7,1544,106.07,197.98,22.36,2.88,201.0
7,1545,122.45,230.52,24.06,3.05,296.0
7,1546,102.7,181.7,24.53,2.97,276.0
7,1547,83.56,155.25,21.75,2.7,143.0
7,1548,83.68,171.41,20.75,2.86,236.0
7,1549,116.02,219.56,27.08,3.11,248.0
7,1550,119.74,217.75,25.26,3.14,284.0
7,1551,112.65,217.1,19.73,3.18,290.0
7,1552,78.38,138.53,21.07,2.88,190.0
7,1553,89.29,166.03,23.94,3.01,193.0
7,1554,123.03,215.27,24.73,3.18,268.0
7,1555,130.81,226.76,23.77,3.25,307.0
7,1556,,,,,305.0
7,1557,,3.97,,0.0,
7,1558,,,,,
7,1559,,,,,
7,1560,,,,,
7,1561,,,,,
7,1562,30.06,107.91,23.7,2.4,
7,1563,76.89,175.54,18.33,2.54,155.0
7,1564,72.91,152.94,19.06,2.21,131.0
7,1565,87.47,175.76,21.66,2.49,187.0
7,1566,131.29,258.62,25.89,2.92,247.0
7,1567,,,,,
7,1568,,,,,
7,1569,,,,,
7,1570,,47.44,14.18,2.5,
7,1571,33.0,54.8,16.05,2.38,106.0
7,1572,,,,,
7,1573,,70.1,20.23,1.9,
7,1574,,,,,
7,1575,72.92,100.0,,0.0,
7,1576,57.72,116.42,24.28,1.03,109.0
7,1577,63.83,139.07,21.97,2.13,116.0
7,1578,90.77,198.92,24.17,2.22,162.0
7,1579,95.05,216.03,24.32,2.36,210.0
7,1580,123.52,261.52,28.24,2.56,255.0
7,1581,25.63,70.82,16.61,1.48,108.0
7,1582,23.37,53.69,17.37,2.22,106.0
7,1583,10.79,42.33,13.59,2.18,105.0
7,1584,12.49,32.55,9.98,2.02,
7,1585,,84.88,15.39,2.19,109.0
7,1586,13.62,28.94,,0.0,99.0
7,1587,65.73,101.48,,0.0,
7,1588,76.68,160.24,,0.0,172.0
7,1589,83.95,192.46,,0.0,161.0
7,1590,77.54,188.21,27.54,1.41,192.0
7,1591,117.28,198.78,26.85,1.08,154.0
7,1592,67.45,191.22,,0.0,224.0
7,1593,59.41,120.36,22.14,1.53,130.0
7,1594,61.29,133.85,20.97,2.88,117.0
7,1595,47.47,122.49,22.48,1.19,120.0
7,1596,68.52,151.34,,0.0,121.0
7,1597,45.67,93.26,,0.0,117.0
7,1598,56.61,119.58,,0.0,84.0
7,1599,75.78,173.2,,0.0,157.0
7,1600,78.6,189.46,,0.0,143.0
7,1601,66.08,147.09,,0.0,172.0
7,1602,70.12,143.64,,0.0,114.0
7,1603,44.97,79.3,15.39,1.92,131.0
7,1604,45.14,90.69,21.23,1.92,114.0
7,1605,39.41,101.91,20.62,2.36,117.0
7,1606,44.87,146.4,23.41,3.17,124.0
7,1607,46.98,128.69,19.09,3.01,119.0
7,1608,58.45,138.62,20.3,3.17,136.0
7,1609,47.05,109.8,18.44,2.55,117.0
7,1610,36.04,69.37,3.01,0.02,84.0
7,1611,34.15,96.5,19.74,1.43,
7,1612,40.9,80.06,18.4,1.48,114.0
7,1613,14.37,46.73,16.28,1.52,
7,1614,33.62,67.57,19.75,3.12,116.0
7,1615,,13.11,14.14,2.15,
7,1616,32.78,74.12,17.04,3.06,117.0
7,1617,51.53,110.34,23.39,2.17,117.0
7,1618,36.15,72.44,17.47,2.01,112.0
7,1619,26.6,77.51,16.16,2.92,115.0
7,1620,8.32,60.9,16.96,3.25,115.0
7,1621,48.94,101.94,14.56,0.89,107.0
7,1622,58.33,112.5,12.95,0.99,115.0
7,1623,52.66,139.95,18.81,3.16,
7,1624,26.52,60.92,14.67,1.36,105.0
7,1625,21.72,43.69,9.22,0.13,
7,1626,18.76,63.23,13.6,0.53,88.0
7,1627,20.0,49.38,10.29,0.57,91.0
7,1628,18.48,32.91,,0.0,94.0
7,1629,26.35,51.33,17.14,0.98,95.0
7,1630,29.42,61.09,12.38,1.81,97.0
7,1631,39.47,82.32,15.57,1.86,100.0
7,1632,28.0,53.35,14.19,1.4,94.0
7,1633,26.98,47.39,14.88,1.85,100.0
7,1634,43.88,61.27,12.2,1.91,101.0
7,1635,42.01,64.73,13.34,1.84,98.0
7,1636,41.34,80.82,13.5,1.91,101.0
7,1637,32.02,62.15,13.96,1.9,100.0
7,1638,24.51,54.19,15.9,1.42,95.0
7,1639,38.5,82.94,17.82,1.93,102.0
7,1640,29.03,48.97,12.44,1.35,100.0
7,1641,21.27,46.44,13.23,1.07,95.0
7,1642,18.41,29.91,8.11,1.98,102.0
7,1643,22.96,59.93,12.97,1.87,
7,1644,15.25,55.17,13.03,1.85,99.0
7,1645,15.74,30.03,11.52,1.88,99.0
7,1646,24.34,31.63,12.26,1.57,102.0
7,1647,5.08,12.24,12.55,1.59,
7,1648,12.09,17.01,11.29,1.88,100.0
7,1649,8.11,23.2,10.83,1.24,94.0
7,1650,18.49,33.36,17.95,1.04,66.0
7,1651,15.75,25.12,13.29,1.84,100.0
7,1652,19.59,45.95,15.31,1.8,
7,1653,23.11,55.16,12.06,1.87,98.0
7,1654,24.81,61.14,12.62,1.85,101.0
7,1655,33.21,81.2,12.05,1.97,102.0
7,1656,22.63,54.23,11.22,1.85,99.0
7,1657,18.88,69.94,11.43,1.81,98.0
7,1658,38.78,87.74,9.48,1.92,102.0
7,1659,31.14,72.59,11.45,1.78,98.0
7,1660,32.95,64.37,11.95,1.46,98.0
7,1661,25.71,60.58,11.38,1.02,80.0
7,1662,27.82,51.68,12.17,1.81,97.0
7,1663,24.73,56.46,8.74,0.88,93.0
7,1664,20.24,53.62,10.32,0.95,94.0
7,1665,20.5,50.9,11.74,1.42,99.0
7,1666,16.9,35.71,11.57,1.24,84.0
7,1667,21.23,31.73,7.52,1.79,98.0
7,1668,16.79,33.38,12.58,1.86,99.0
7,1669,18.61,25.47,11.4,0.91,95.0
7,1670,28.1,41.48,,0.0,35.0
7,1671,11.49,17.06,8.03,0.94,71.0
7,1672,11.72,16.88,8.65,1.75,96.0
7,1673,11.3,18.72,8.23,1.85,99.0
7,1674,15.83,22.93,8.21,1.98,103.0
7,1675,17.03,21.22,6.32,1.82,100.0
7,1676,11.68,21.99,6.54,1.91,100.0
7,1677,9.51,18.82,10.73,1.78,96.0
7,1678,,,,,
7,1679,14.82,22.61,7.35,2.0,
7,1680,9.9,23.73,7.87,1.85,101.0
7,1681,,15.62,5.79,0.8,
7,1682,2.54,,11.17,1.82,
7,1683,36.02,,8.93,2.04,
7,1684,35.2,,12.75,2.03,
7,1685,,,13.44,0.88,
7,1686,13.05,18.03,8.4,1.95,
7,1687,8.93,14.62,6.99,1.86,
7,1688,26.93,68.24,9.0,2.05,103.0
7,1689,28.16,65.76,7.5,1.54,103.0
7,1690,43.12,108.51,8.02,2.0,102.0
7,1691,23.19,53.79,9.02,1.97,107.0
7,1692,20.65,41.49,9.35,1.49,
7,1693,12.39,27.67,11.89,1.73,
7,1694,32.15,63.23,11.04,1.96,100.0
7,1695,39.35,68.75,9.97,1.83,101.0
7,1696,22.73,29.55,8.68,1.7,
7,1697,32.21,52.24,7.26,1.92,102.0
7,1698,37.79,56.15,9.04,1.92,102.0
7,1699,21.99,42.74,11.0,1.95,102.0
7,1700,34.35,60.67,10.09,2.02,102.0
7,1701,30.32,68.46,12.19,2.0,102.0
7,1702,35.6,76.5,10.28,1.96,103.0
7,1703,29.62,65.62,10.32,0.27,100.0
7,1704,45.24,91.89,,0.0,81.0
7,1705,33.73,79.79,11.29,1.11,97.0
7,1706,17.73,49.02,10.64,1.42,102.0
7,1707,25.45,56.18,,0.0,51.0
7,1708,31.95,64.37,8.07,1.05,81.0
7,1709,17.5,28.45,6.65,1.93,101.0
7,1710,20.52,30.46,6.16,1.92,102.0
7,1711,15.34,24.82,8.23,1.97,101.0
7,1712,18.58,28.07,14.09,0.62,70.0
7,1713,21.44,35.1,10.22,1.04,69.0
7,1714,16.98,36.49,11.43,1.95,102.0
7,1715,25.9,40.09,14.16,1.87,102.0
7,1716,33.44,39.6,10.69,1.69,97.0
7,1717,19.52,33.04,11.98,1.91,100.0
7,1718,27.59,56.59,11.07,1.92,102.0
7,1719,33.54,79.84,4.44,1.51,101.0
7,1720,33.37,77.66,11.01,1.72,102.0
7,1721,37.4,78.65,8.67,2.0,103.0
7,1722,32.19,60.92,7.12,1.98,102.0
7,1723,15.64,40.1,5.24,1.95,102.0
7,1724,22.3,68.21,10.74,1.99,102.0
7,1725,34.26,78.19,11.38,2.04,104.0
7,1726,35.88,83.06,8.73,1.84,103.0
7,1727,23.5,52.79,9.36,1.5,102.0
7,1728,13.3,39.83,,0.0,49.0
7,1729,19.4,38.72,4.85,1.24,91.0
7,1730,16.66,33.48,6.28,1.91,101.0
7,1731,15.27,30.81,5.87,2.01,102.0
7,1732,14.78,32.14,8.3,2.02,103.0
7,1733,16.93,27.1,13.28,1.9,102.0
7,1734,26.05,39.9,8.81,2.14,103.0
7,1735,32.16,96.99,8.45,2.17,104.0
7,1736,28.96,66.56,15.17,2.07,104.0
7,1737,27.41,74.47,10.3,2.03,103.0
7,1738,51.42,120.96,7.69,2.23,98.0
7,1739,34.76,90.57,8.36,2.17,105.0
7,1740,30.55,61.86,7.86,2.06,104.0
7,1741,25.13,46.13,9.91,2.09,103.0
7,1742,25.41,45.92,8.59,1.68,103.0
7,1743,55.0,76.23,11.6,1.6,103.0
7,1744,26.48,63.49,,0.0,78.0
7,1745,32.77,72.72,11.04,1.1,90.0
7,1746,28.89,57.42,10.42,2.02,104.0
7,1747,30.73,71.59,6.99,2.07,103.0
7,1748,39.96,86.42,6.33,1.62,103.0
7,1749,61.88,127.82,14.13,1.06,106.0
7,1750,53.11,115.38,6.34,2.12,116.0
7,1751,54.85,122.37,8.46,2.16,110.0
7,1752,32.62,65.15,9.1,1.81,106.0
7,1753,35.99,73.18,12.77,2.11,104.0
7,1754,41.21,79.3,6.08,1.72,104.0
7,1755,20.53,37.45,9.73,2.16,104.0
7,1756,31.58,74.28,8.53,2.23,105.0
7,1757,32.15,60.91,11.54,2.17,105.0
7,1758,24.43,38.28,8.4,2.03,104.0
7,1759,23.14,30.81,7.08,2.04,104.0
7,1760,34.74,89.89,11.56,2.15,104.0
7,1761,29.75,60.55,5.35,1.88,103.0
7,1762,,,,,
7,1763,,,,,
7,1764,78.08,118.78,,0.0,
7,1765,89.91,183.8,12.82,1.61,
7,1766,84.24,175.43,10.87,2.31,179.0
7,1767,77.18,166.58,13.3,2.38,188.0
7,1768,83.03,175.1,6.59,2.13,146.0
7,1769,107.54,231.42,11.95,0.8,236.0
7,1770,89.4,189.29,8.22,1.4,222.0
7,1771,83.14,181.43,8.78,1.41,200.0
7,1772,81.1,177.97,14.19,0.52,174.0
7,1773,62.63,141.47,12.46,0.6,141.0
7,1774,38.64,109.84,11.79,0.63,122.0
7,1775,43.3,95.82,3.84,0.31,99.0
7,1776,42.37,109.49,18.7,0.47,102.0
7,1777,60.96,144.97,11.75,0.62,115.0
7,1778,57.49,133.85,13.4,0.64,126.0
7,1779,57.19,135.99,16.54,0.7,123.0
7,1780,58.09,130.12,20.33,0.74,125.0
7,1781,51.52,115.04,15.26,0.78,113.0
7,1782,79.1,162.45,13.89,0.39,126.0
7,1783,76.72,171.91,18.41,0.49,184.0
7,1784,50.88,132.67,13.95,0.87,133.0
7,1785,57.47,136.14,11.63,0.88,120.0
7,1786,69.64,148.15,10.03,0.89,131.0
7,1787,88.71,182.05,12.97,0.92,152.0
7,1788,86.71,175.56,9.92,0.96,211.0
7,1789,66.14,118.67,6.85,0.97,156.0
7,1790,98.46,195.77,13.04,0.97,
7,1791,88.94,193.69,9.81,0.81,180.0
7,1792,47.74,158.7,11.19,1.02,185.0
7,1793,129.09,226.22,12.03,1.09,
7,1794,102.32,194.1,12.24,0.51,223.0
7,1795,78.96,159.2,,0.0,201.0
7,1796,70.08,136.96,,0.0,147.0
7,1797,63.24,136.41,14.98,0.65,126.0
7,1798,75.53,166.11,13.2,1.17,129.0
7,1799,64.22,129.06,14.92,1.13,155.0
7,1800,54.83,120.83,15.09,0.85,111.0
7,1801,62.64,137.13,22.34,0.77,120.0
7,1802,64.84,137.89,19.15,0.81,128.0
7,1803,68.89,138.53,9.13,0.41,128.0
7,1804,75.5,156.39,25.04,0.44,140.0
7,1805,82.35,173.7,21.61,0.91,151.0
7,1806,118.77,233.8,17.7,1.08,220.0
7,1807,91.52,176.71,13.86,1.01,290.0
7,1808,65.57,137.46,15.87,0.63,157.0
7,1809,61.59,126.98,15.01,0.4,118.0
7,1810,50.72,96.88,,0.0,118.0
7,1811,37.19,73.79,,0.0,73.0
7,1812,66.14,121.66,16.74,0.57,98.0
7,1813,43.22,88.08,22.37,0.6,109.0
7,1814,38.79,87.3,17.32,0.57,88.0
7,1815,62.63,130.65,23.22,0.46,98.0
7,1816,64.93,140.68,17.85,0.94,126.0
7,1817,55.2,118.5,23.61,0.82,125.0
7,1818,48.17,104.52,20.22,0.87,108.0
7,1819,90.37,184.5,20.31,1.07,123.0
7,1820,109.25,194.3,14.67,1.26,257.0
7,1821,99.98,162.31,13.52,1.19,255.0
7,1822,64.98,105.72,11.35,0.82,199.0
7,1823,39.99,83.28,23.88,0.64,91.0
7,1824,82.67,157.49,26.01,0.82,111.0
7,1825,66.67,133.61,21.09,0.97,171.0
7,1826,63.03,129.29,24.51,1.1,118.0
7,1827,42.75,81.36,18.45,1.19,114.0
7,1828,28.9,48.32,13.58,1.26,69.0
7,1829,34.82,51.35,15.66,1.33,70.0
7,1830,58.33,97.03,12.74,1.33,77.0
7,1831,67.62,129.98,9.65,1.45,128.0
7,1832,49.74,108.41,15.99,1.45,108.0
7,1833,68.28,140.98,21.59,1.48,115.0
7,1834,69.26,116.9,16.87,1.54,146.0
7,1835,76.66,108.79,10.8,1.52,112.0
7,1836,56.23,91.1,15.1,1.14,166.0
7,1837,,,17.58,1.69,
7,1838,,,19.02,1.71,
7,1839,,,19.98,1.74,
7,1840,125.88,263.62,23.2,1.29,
7,1841,115.69,209.26,26.74,0.82,296.0
7,1842,108.99,195.21,20.64,0.84,285.0
7,1843,101.29,189.61,25.34,0.86,250.0
7,1844,83.82,184.33,15.4,0.85,188.0
7,1845,89.78,154.57,17.0,0.89,206.0
7,1846,69.42,125.86,22.11,0.87,160.0
7,1847,83.39,158.93,31.01,0.87,146.0
7,1848,104.47,184.67,19.5,0.87,210.0
7,1849,91.23,160.68,14.01,0.9,259.0
7,1850,68.34,133.71,17.51,0.54,160.0
7,1851,61.65,134.25,,0.0,116.0
7,1852,60.24,126.56,,0.0,138.0
7,1853,70.6,145.59,22.61,0.39,112.0
7,1854,74.93,153.51,21.22,0.88,139.0
7,1855,78.91,143.98,13.72,0.89,189.0
7,1856,59.9,127.63,12.47,0.87,137.0
7,1857,55.53,114.45,21.69,0.89,103.0
7,1858,54.18,127.55,16.45,0.85,116.0
7,1859,52.62,99.77,20.67,0.89,119.0
7,1860,109.14,242.49,27.47,0.86,
7,1861,69.43,139.05,24.04,0.88,191.0
7,1862,65.97,117.63,17.13,0.84,118.0
7,1863,71.77,144.14,12.53,0.5,127.0
7,1864,52.91,106.4,15.17,0.01,126.0
7,1865,44.57,96.57,17.31,0.01,97.0
7,1866,57.83,126.56,16.09,0.01,98.0
7,1867,64.57,148.99,19.61,0.02,129.0
7,1868,84.2,187.19,19.31,0.04,155.0
7,1869,79.59,173.45,28.99,0.04,174.0
7,1870,78.7,184.84,27.35,0.05,177.0
7,1871,81.63,194.14,19.21,0.03,157.0
7,1872,69.93,153.82,26.35,0.01,162.0
7,1873,53.86,117.98,22.37,0.01,118.0
7,1874,62.05,144.59,23.73,0.02,119.0
7,1875,66.86,156.78,22.93,0.02,136.0
7,1876,79.45,184.8,28.87,0.04,141.0
7,1877,82.41,185.18,23.77,0.04,172.0
7,1878,70.64,152.08,20.87,0.05,168.0
7,1879,91.15,180.05,23.05,0.05,140.0
7,1880,76.21,163.07,21.41,0.05,233.0
7,1881,66.04,186.21,16.9,0.05,
7,1882,33.53,45.85,14.46,0.05,82.0
7,1883,50.29,70.42,15.66,0.04,67.0
7,1884,55.53,91.46,19.35,0.03,108.0
7,1885,67.21,113.28,18.13,0.01,94.0
7,1886,84.52,144.52,,0.0,158.0
7,1887,94.73,128.97,,0.0,202.0
7,1888,101.48,143.48,,0.0,229.0
7,1889,74.94,100.99,20.74,0.03,199.0
7,1890,,53.24,18.0,0.05,83.0
7,1891,,32.15,17.88,0.04,60.0
7,1892,,35.92,17.94,0.03,46.0
7,1893,,32.85,12.39,0.01,51.0
7,1894,,40.63,8.87,0.01,44.0
7,1895,66.18,39.13,14.48,0.07,91.0
7,1896,25.66,25.78,18.54,0.26,66.0
7,1897,34.62,34.73,14.63,0.24,
7,1898,22.07,22.15,11.37,0.23,
7,1899,,,,,
7,1900,,,,,
7,1901,,,,,
7,1902,,,,,
7,1903,80.27,220.65,6.38,0.29,
7,1904,64.95,178.22,3.13,0.3,161.0
7,1905,57.92,132.86,4.77,0.3,141.0
7,1906,,,,,115.0
7,1907,,,,,
7,1908,,,,,
7,1909,,,,,
7,1910,92.5,221.48,5.65,0.3,
7,1911,72.91,192.52,4.66,0.3,169.0
7,1912,66.01,149.11,2.92,0.3,145.0
7,1913,83.66,202.56,3.5,0.3,156.0
7,1914,52.6,123.23,,0.29,139.0
7,1915,52.58,128.05,,0.29,128.0
7,1916,49.81,118.62,,0.28,129.0
7,1917,65.44,164.64,,0.28,128.0
7,1918,59.92,163.12,,0.28,148.0
7,1919,74.14,202.5,,0.29,160.0
7,1920,71.91,187.2,,0.3,158.0
7,1921,64.28,162.17,,0.31,164.0
7,1922,56.63,106.43,,0.3,139.0
7,1923,92.54,242.21,,0.3,129.0
7,1924,81.29,175.78,,0.31,
7,1925,51.22,93.4,,0.31,
7,1926,101.41,140.84,,0.41,
7,1927,90.45,149.84,,0.33,236.0
7,1928,93.45,197.74,,0.33,222.0
7,1929,86.2,187.5,,0.34,206.0
7,1930,76.67,198.38,,0.35,176.0
7,1931,89.36,218.21,,0.35,174.0
7,1932,76.63,183.91,,0.37,201.0
7,1933,61.41,142.43,,0.36,126.0
7,1934,98.12,220.98,,0.38,194.0
7,1935,77.66,168.5,,0.39,207.0
7,1936,55.82,121.54,,0.38,120.0
7,1937,84.94,180.11,,0.39,142.0
7,1938,33.32,75.64,,0.39,122.0
7,1939,27.93,56.84,,0.38,54.0
7,1940,38.58,83.38,,0.37,78.0
7,1941,32.86,67.04,,0.36,79.0
7,1942,42.81,113.41,,0.35,
7,1943,18.0,42.35,,0.35,55.0
7,1944,28.56,73.65,,0.34,50.0
7,1945,36.72,84.46,,0.33,75.0
7,1946,35.97,73.55,,0.33,91.0
7,1947,53.76,101.91,,0.32,80.0
7,1948,59.5,219.38,,0.31,141.0
7,1949,,,,,158.0
7,1950,75.61,139.65,,0.46,188.0
7,1951,31.59,106.58,,0.39,138.0
7,1952,46.37,91.62,,0.38,114.0
7,1953,42.05,87.03,,0.38,133.0
7,1954,25.98,66.02,,0.38,103.0
7,1955,32.29,74.65,,0.38,93.0
7,1956,39.19,112.34,,0.38,116.0
7,1957,44.57,102.28,,0.38,117.0
7,1958,88.68,143.47,32.61,0.65,
7,1959,79.64,125.28,,0.42,
7,1960,73.38,121.42,34.21,0.49,
7,1961,70.23,120.96,,0.42,178.0
7,1962,50.05,115.09,,0.37,131.0
7,1963,48.78,128.87,,0.37,134.0
7,1964,46.31,87.22,,0.37,120.0
7,1965,,,,,
7,1966,,,,,
7,1967,,,,,
7,1968,,,,,
7,1969,,,,,
7,1970,,,,,
7,1971,,,,,
7,1972,,,,,
7,1973,,,,,
7,1974,,,,,
7,1975,,,,,
7,1976,158.38,147.23,29.45,0.82,
7,1977,45.22,84.74,7.46,0.62,
7,1978,30.4,74.06,0.49,0.66,73.0
7,1979,85.7,97.14,0.6,0.68,
7,1980,57.78,97.36,0.52,0.57,131.0
7,1981,63.28,95.86,,0.66,98.0
7,1982,31.8,77.28,,0.0,
7,1983,22.8,413.89,,0.0,168.0
7,1984,95.99,226.52,0.83,0.74,
7,1985,115.75,168.85,0.71,0.71,
7,1986,77.38,144.41,0.61,0.64,
7,1987,65.01,176.81,0.53,0.64,132.0
7,1988,41.25,254.96,0.53,0.56,
7,1989,45.07,106.78,,0.59,99.0
7,1990,34.71,90.12,,0.63,76.0
7,1991,44.62,182.52,,0.63,
7,1992,121.74,158.88,,0.57,
7,1993,40.23,253.14,,1.03,
7,1994,62.9,502.09,,1.21,
7,1995,,,,,
7,1996,,,,,
7,1997,,,,,
7,1998,,,,,
7,1999,,,,,
7,2000,,,,,
7,2001,,,,,
7,2002,308.79,589.39,,0.0,
7,2003,129.63,203.93,34.04,0.32,
7,2004,29.21,71.31,3.37,0.43,
7,2005,,,,,
7,2006,,,,,
7,2007,,,,,
7,2008,,,,,
7,2009,,,,,
8,1706,13.62,87.4,4.28,0.55,
8,1707,27.93,95.68,4.71,0.79,93.0
8,1708,34.05,90.68,9.83,0.93,96.0
8,1709,,59.99,4.9,0.58,77.0
8,1710,,65.86,2.69,0.9,
8,1711,,91.04,3.73,0.78,84.0
8,1712,,64.62,3.06,0.49,88.0
8,1713,,89.94,2.63,0.67,
8,1714,,97.12,2.76,0.75,88.0
8,1715,,122.52,3.08,0.75,107.0
8,1716,,125.4,3.89,0.7,121.0
8,1717,,62.29,5.34,0.49,90.0
8,1718,,65.68,4.62,0.6,69.0
8,1719,,72.54,2.62,0.55,68.0
8,1720,,106.87,2.47,0.54,96.0
8,1721,,119.42,2.77,0.64,102.0
8,1722,,118.59,4.62,0.66,120.0
8,1723,38.1,61.67,3.3,0.65,88.0
8,1724,40.41,67.91,3.96,0.55,71.0
8,1725,27.21,62.04,7.2,0.53,69.0
8,1726,29.75,64.56,5.64,0.55,68.0
8,1727,18.35,49.86,4.55,0.51,59.0
8,1728,34.43,89.26,4.23,0.66,74.0
8,1729,33.66,105.3,6.56,0.73,102.0
8,1730,22.93,73.73,6.05,0.79,94.0
8,1731,16.0,57.51,5.25,0.83,80.0
8,1732,22.41,59.18,5.06,0.56,77.0
8,1733,13.93,49.87,3.31,0.5,48.0
8,1734,,87.46,5.59,0.81,
8,1735,24.45,49.4,5.3,0.85,68.0
8,1736,15.77,44.47,5.38,0.54,58.0
8,1737,29.59,71.0,7.86,0.71,58.0
8,1738,30.27,73.77,8.1,0.46,74.0
8,1739,25.9,77.68,4.75,0.44,72.0
8,1740,38.69,82.66,4.05,0.49,83.0
8,1741,53.09,112.6,5.0,0.51,94.0
8,1742,43.67,104.59,4.64,0.61,106.0
8,1743,53.12,120.09,5.73,0.85,108.0
8,1744,56.82,121.89,6.53,0.74,117.0
8,1745,50.45,106.22,6.51,0.74,107.0
8,1746,58.03,106.62,5.64,0.72,107.0
8,1747,57.61,112.63,4.3,0.71,98.0
8,1748,74.8,128.72,6.28,0.83,135.0
8,1749,73.44,135.12,6.34,0.95,138.0
8,1750,83.96,151.62,6.6,1.0,158.0
8,1751,80.65,133.85,7.57,0.88,187.0
8,1752,56.2,108.33,5.93,0.61,122.0
8,1753,51.84,109.52,5.48,0.62,110.0
8,1754,53.9,111.12,5.4,0.59,105.0
8,1755,53.79,117.94,5.22,0.54,111.0
8,1756,47.72,106.01,4.3,0.54,108.0
8,1757,46.9,108.1,5.96,0.73,104.0
8,1758,71.66,130.66,7.38,0.91,110.0
8,1759,92.3,159.18,7.59,0.99,190.0
8,1760,104.11,150.29,6.84,0.82,231.0
8,1761,122.16,180.25,16.3,0.73,253.0
8,1762,154.85,224.22,13.6,0.82,335.0
8,1763,110.06,184.04,19.43,1.29,268.0
8,1764,108.09,181.54,11.43,1.01,270.0
8,1765,109.17,169.19,10.06,0.99,262.0
8,1766,112.71,190.12,13.46,0.89,270.0
8,1767,123.26,190.28,11.76,1.02,297.0
8,1768,135.98,215.41,8.11,0.98,283.0
8,1769,114.56,166.58,6.33,0.69,322.0
8,1770,53.96,115.54,6.08,0.54,148.0
8,1771,58.85,125.5,7.78,1.02,117.0
8,1772,46.3,84.99,9.68,0.79,100.0
8,1773,45.3,72.48,8.67,0.74,82.0
8,1774,47.33,80.15,7.59,0.61,81.0
8,1775,72.51,131.65,7.08,0.85,106.0
8,1776,103.38,157.59,10.07,0.84,198.0
8,1777,113.03,157.15,13.33,0.79,270.0
8,1778,101.59,165.89,21.83,0.99,270.0
8,1779,101.15,173.66,20.56,1.29,214.0
8,1780,96.95,162.86,17.22,0.85,245.0
8,1781,63.35,122.19,10.68,0.5,165.0
8,1782,42.54,70.69,9.85,0.42,94.0
8,1783,61.85,100.77,25.44,0.67,87.0
8,1784,85.34,154.54,,1.07,136.0
8,1785,92.71,157.63,,1.24,215.0
8,1786,84.5,144.04,,0.93,179.0
8,1787,116.3,199.37,,0.87,246.0
8,1788,84.1,125.61,17.06,0.53,256.0
8,1789,44.9,76.48,18.03,0.45,107.0
8,1790,46.55,93.05,51.27,0.87,80.0
8,1791,61.28,138.26,48.98,0.84,111.0
8,1792,32.56,64.7,52.22,0.85,88.0
8,1793,42.0,74.34,29.43,0.85,100.0
8,1794,50.57,91.07,8.06,0.88,95.0
8,1795,55.52,105.75,10.22,0.77,92.0
8,1796,59.05,98.34,12.28,0.73,107.0
8,1797,78.39,120.04,11.11,0.61,122.0
8,1798,81.14,140.46,15.46,0.77,166.0
8,1799,91.88,171.84,13.5,1.3,199.0
8,1800,92.12,167.97,5.08,1.25,204.0
8,1801,77.58,135.81,10.6,0.96,186.0
8,1802,69.8,133.11,12.89,1.0,139.0
8,1803,69.48,111.77,14.4,0.87,142.0
8,1804,97.55,196.46,21.94,0.92,157.0
8,1805,90.07,153.17,20.88,0.86,218.0
8,1806,119.05,175.51,21.97,1.06,211.0
8,1807,108.0,141.0,23.28,1.01,307.0
8,1808,21.86,53.35,14.69,0.4,115.0
8,1809,39.0,70.49,14.96,0.48,44.0
8,1810,39.25,63.12,11.3,0.51,70.0
8,1811,41.79,77.26,10.15,0.53,69.0
8,1812,61.95,101.09,12.21,0.53,89.0
8,1813,49.36,82.55,11.18,0.62,95.0
8,1814,91.41,119.91,14.2,0.66,149.0
8,1815,98.48,132.54,14.95,0.8,204.0
8,1816,68.55,119.96,11.44,0.8,199.0
8,1817,46.06,87.11,11.25,0.62,101.0
8,1818,41.79,83.61,12.09,0.66,80.0
8,1819,67.27,132.94,13.21,0.72,110.0
8,1820,35.08,65.55,9.79,0.49,96.0
8,1821,38.86,79.99,10.41,0.49,69.0
8,1822,61.39,131.32,14.23,0.58,97.0
8,1823,77.1,156.58,11.78,0.69,127.0
8,1824,58.68,99.91,12.41,0.77,149.0
8,1825,72.34,140.37,16.28,1.04,102.0
8,1826,77.06,145.42,14.74,1.24,206.0
8,1827,63.22,135.76,15.96,1.11,132.0
8,1828,45.65,102.2,13.18,0.97,109.0
8,1829,45.79,94.86,11.14,0.93,102.0
8,1830,53.46,108.55,13.16,0.84,100.0
8,1831,51.15,106.42,13.63,0.64,109.0
8,1832,37.92,65.35,12.04,0.57,85.0
8,1833,28.87,48.29,11.69,0.79,56.0
8,1834,31.92,43.82,9.94,0.61,48.0
8,1835,28.35,47.36,11.19,0.44,49.0
8,1836,27.82,63.04,11.61,0.5,58.0
8,1837,46.57,108.09,15.57,0.76,80.0
8,1838,75.8,165.63,17.6,0.92,123.0
8,1839,63.64,120.83,15.63,0.88,170.0
8,1840,39.14,73.4,9.24,0.69,88.0
8,1841,46.49,85.04,12.03,0.68,77.0
8,1842,40.07,79.2,11.91,0.67,80.0
8,1843,48.86,90.27,10.91,0.75,85.0
8,1844,58.57,134.0,11.8,0.69,110.0
8,1845,46.76,96.89,11.33,0.78,112.0
8,1846,54.78,127.45,13.64,0.96,93.0
8,1847,65.75,140.69,16.84,1.03,136.0
8,1848,41.75,93.67,12.43,0.73,112.0
8,1849,29.8,72.37,10.72,0.43,73.0
8,1850,27.35,82.96,13.16,0.54,75.0
8,1851,50.16,107.88,13.38,1.03,99.0
8,1852,63.05,108.46,14.09,0.9,117.0
8,1853,70.05,123.37,18.67,0.98,93.0
8,1854,40.04,89.37,17.71,0.64,142.0
8,1855,23.83,68.76,16.39,0.51,72.0
8,1856,26.33,65.41,11.56,0.46,76.0
8,1857,33.27,66.36,12.56,0.6,55.0
8,1858,46.01,85.01,15.01,0.82,95.0
8,1859,36.92,82.32,12.5,0.57,75.0
8,1860,45.69,115.3,14.34,0.76,95.0
8,1861,48.43,112.21,16.22,0.87,113.0
8,1862,44.5,85.81,11.9,0.5,98.0
8,1863,44.26,93.7,13.75,0.71,83.0
8,1864,52.11,95.92,17.65,0.82,102.0
8,1865,56.44,94.22,15.27,0.67,91.0
8,1866,58.61,103.76,19.65,0.82,101.0
8,1867,58.08,109.57,18.27,0.89,109.0
8,1868,55.99,118.21,17.75,0.85,109.0
8,1869,54.47,114.12,15.96,0.65,110.0
8,1870,45.96,94.73,14.52,0.59,102.0
8,1871,38.65,96.46,13.63,0.49,94.0
8,1872,38.73,92.66,14.94,0.56,94.0
8,1873,44.75,97.01,18.43,0.68,99.0
8,1874,37.34,84.86,17.18,0.61,88.0
8,1875,39.85,114.47,17.63,0.66,94.0
8,1876,49.94,140.48,23.78,1.0,124.0
8,1877,40.09,105.55,22.32,0.66,114.0
8,1878,17.74,36.33,19.61,0.58,72.0
8,1879,28.86,59.53,16.27,0.61,50.0
8,1880,26.21,65.46,16.68,0.67,64.0
8,1881,22.11,68.15,14.65,0.54,61.0
8,1882,31.08,78.66,17.82,0.65,78.0
8,1883,36.76,96.77,21.72,0.91,83.0
8,1884,55.33,122.12,22.96,1.03,112.0
8,1885,48.22,112.13,19.63,0.79,112.0
8,1886,24.21,56.88,19.64,0.63,86.0
8,1887,16.87,53.56,19.34,0.7,62.0
8,1888,32.21,75.25,19.91,0.72,66.0
8,1889,35.14,90.3,16.91,0.6,82.0
8,1890,35.6,101.85,21.84,0.77,97.0
8,1891,20.93,64.03,21.44,0.52,86.0
8,1892,13.67,38.03,17.43,0.4,49.0
8,1893,13.4,26.33,12.2,0.57,35.0
8,1894,22.56,46.29,14.69,0.66,62.0
8,1895,21.62,53.89,13.26,0.38,47.0
8,1896,29.78,76.2,18.13,0.6,69.0
8,1897,27.87,69.71,20.98,0.63,74.0
8,1898,19.08,38.09,19.73,0.54,49.0
8,1899,17.86,40.9,18.04,0.46,50.0
8,1900,9.63,23.2,12.29,0.38,29.0
8,1901,10.57,36.5,9.66,0.46,30.0
8,1902,21.2,70.76,9.14,0.47,56.0
8,1903,18.52,76.08,8.04,0.5,77.0
8,1904,20.51,82.33,8.72,0.56,79.0
8,1905,23.59,83.69,11.22,0.66,85.0
8,1906,24.17,78.67,12.79,0.76,79.0
8,1907,21.88,74.23,12.43,0.71,76.0
8,1908,18.63,42.79,9.7,0.53,62.0
8,1909,14.77,38.24,10.02,0.54,39.0
8,1910,16.69,34.29,9.91,0.5,36.0
8,1911,15.43,37.65,8.88,0.52,35.0
8,1912,13.28,40.33,8.79,0.5,39.0
8,1913,18.86,34.12,9.17,0.5,40.0
8,1914,7.73,15.78,9.4,0.38,26.0
8,1915,18.82,41.48,9.31,0.3,30.0
8,1916,12.34,29.51,10.05,0.38,38.0
8,1917,15.51,39.66,10.85,0.49,34.0
8,1918,12.25,26.47,10.86,0.4,32.0
8,1919,11.2,31.54,9.8,0.39,34.0
8,1920,11.91,22.03,11.26,0.39,33.0
8,1921,12.77,29.32,11.97,0.46,34.0
8,1922,15.43,34.61,13.07,0.54,35.0
8,1923,20.93,47.96,10.91,0.41,41.0
8,1924,11.46,40.6,9.63,0.38,45.0
8,1925,11.19,33.44,11.89,0.42,38.0
8,1926,10.0,24.49,12.34,0.5,35.0
8,1927,12.37,35.91,11.89,0.47,36.0
8,1928,14.16,42.72,11.66,0.53,42.0
8,1929,15.62,44.12,10.16,0.51,46.0
8,1930,19.73,44.85,10.72,0.54,45.0
8,1931,18.52,56.62,11.69,0.57,56.0
8,1932,22.97,82.04,11.23,0.49,71.0
8,1933,21.93,61.39,11.04,0.59,74.0
8,1934,16.51,55.98,11.17,0.51,
8,1935,10.05,41.58,10.35,0.37,55.0
8,1936,6.86,22.51,10.47,0.41,39.0
8,1937,11.4,20.39,11.89,0.57,34.0
8,1938,12.87,32.33,13.35,0.47,37.0
8,1939,11.29,24.44,12.47,0.58,41.0
8,1940,16.05,35.61,12.3,0.59,50.0
8,1941,14.91,43.08,13.2,0.6,57.0
8,1942,17.25,60.12,11.93,0.57,63.0
8,1943,12.34,25.87,12.06,0.53,51.0
8,1944,10.3,21.14,12.76,0.53,35.0
8,1945,12.25,34.79,13.24,0.45,40.0
8,1946,14.57,40.93,12.76,0.59,40.0
8,1947,21.39,59.34,10.33,0.56,54.0
8,1948,22.24,62.94,11.59,0.54,60.0
8,1949,19.81,64.91,9.84,0.45,64.0
8,1950,17.98,46.16,8.65,0.45,66.0
8,1951,10.42,27.26,11.69,0.51,50.0
8,1952,17.99,49.93,13.03,0.48,52.0
8,1953,16.21,51.32,12.43,0.46,60.0
8,1954,13.54,50.6,12.5,0.59,56.0
8,1955,18.31,58.59,13.77,0.64,64.0
8,1956,23.0,68.68,13.92,0.61,74.0
8,1957,24.15,70.6,12.1,0.67,77.0
8,1958,16.39,32.19,13.19,0.51,92.0
8,1959,17.07,51.9,13.43,0.49,62.0
8,1960,34.57,80.7,16.16,0.71,66.0
8,1961,29.6,76.43,11.53,0.64,81.0
8,1962,12.35,44.33,11.65,0.41,63.0
8,1963,20.83,58.34,12.38,0.58,60.0
8,1964,22.99,55.25,14.01,0.62,64.0
8,1965,21.46,64.99,13.04,0.59,65.0
8,1966,16.47,46.79,15.7,0.48,66.0
8,1967,17.59,62.46,4.12,0.5,60.0
8,1968,29.03,114.38,3.97,0.6,82.0
8,1969,35.93,148.36,4.31,0.67,116.0
8,1970,35.26,115.35,4.15,0.56,130.0
8,1971,24.52,88.82,4.5,0.45,104.0
8,1972,26.31,79.69,4.43,0.45,91.0
8,1973,29.31,89.31,4.14,0.38,97.0
8,1974,19.09,94.4,5.67,0.38,107.0
8,1975,19.87,94.14,7.07,0.42,98.0
8,1976,11.88,44.34,6.59,0.55,77.0
8,1977,15.25,43.99,5.34,0.48,48.0
8,1978,16.6,31.15,5.43,0.68,46.0
8,1979,18.59,39.63,5.11,0.49,56.0
8,1980,18.36,49.0,5.02,0.32,57.0
8,1981,16.71,55.63,9.17,0.2,67.0
8,1982,14.48,42.99,10.16,0.2,72.0
8,1983,21.25,41.22,9.52,0.23,54.0
8,1984,22.07,34.31,8.37,0.29,50.0
8,1985,16.35,27.91,14.64,0.3,53.0
8,1986,21.12,44.53,14.96,0.3,61.0
8,1987,29.37,60.45,11.05,0.29,63.0
8,1988,24.53,69.69,12.04,0.32,72.0
8,1989,25.59,71.11,10.68,0.3,78.0
8,1990,33.92,84.64,8.16,0.31,87.0
8,1991,25.68,74.5,11.6,0.3,85.0
8,1992,21.72,54.51,8.43,0.3,71.0
8,1993,21.74,69.81,6.21,0.31,73.0
8,1994,21.2,55.75,11.63,0.3,73.0
8,1995,20.84,59.04,7.87,0.31,72.0
8,1996,28.75,72.21,8.61,0.31,72.0
8,1997,16.34,50.9,8.53,0.31,82.0
8,1998,23.97,69.58,9.83,0.3,58.0
8,1999,26.45,57.26,9.1,0.28,76.0
8,2000,21.69,44.88,9.25,0.3,61.0
8,2001,19.17,44.48,7.69,0.29,53.0
8,2002,16.79,29.54,8.58,0.3,38.0
8,2003,14.15,33.6,6.87,0.3,37.0
8,2004,31.84,64.54,7.4,0.31,68.0
8,2005,35.55,68.82,6.79,0.3,79.0
8,2006,39.42,82.24,7.21,0.29,73.0
8,2007,38.89,88.27,8.57,0.3,83.0
8,2008,20.28,45.56,7.36,0.3,71.0
8,2009,32.9,72.38,9.87,0.33,66.0
9,1,,,15.39,1.17,
9,2,,,13.42,1.23,
9,3,,,19.56,0.77,
9,4,,,16.2,1.0,
9,5,,,16.3,0.9,
9,6,,,35.6,0.91,
9,7,,,46.38,1.22,
9,8,,,37.79,1.15,
9,9,,,42.65,1.31,
9,10,,,19.17,0.98,
9,11,,,49.87,0.8,
9,12,,,30.31,1.07,
9,13,,,64.35,0.97,
9,14,,,38.23,1.22,
9,15,,,23.87,1.01,
9,16,,,18.39,1.17,
9,17,,,17.4,1.7,
9,18,,,30.7,1.12,
9,19,,,41.8,2.35,
9,20,,,27.9,1.99,
9,21,,,59.26,1.79,
9,22,,,46.77,1.43,
9,23,,,37.55,3.43,
9,24,,,9.89,0.84,
9,25,,,10.14,0.85,
9,26,,,10.44,2.07,
9,27,,,12.63,1.16,
9,28,,,16.83,2.81,
9,29,,,41.79,0.84,
9,30,,,23.84,0.82,
9,31,,,46.59,0.94,
9,32,,,26.05,0.71,
9,33,,,15.82,1.59,
9,34,,,14.89,0.98,
9,35,,,14.0,0.85,
9,36,,,19.17,0.95,
9,37,,,16.7,0.76,
9,38,,,13.46,0.89,
9,39,,,12.98,1.16,
9,40,,,13.43,1.1,
9,41,,,13.2,1.0,
9,42,,,14.8,1.0,
9,43,,,14.27,0.97,
9,44,,,14.16,1.19,
9,45,,,12.97,1.43,
9,46,,,13.02,0.99,
9,47,,,12.63,0.98,
9,48,,,14.43,5.18,
9,49,,,15.78,9.81,
9,50,,,15.2,9.99,
9,51,,,13.43,4.52,
9,52,,,11.56,0.85,
9,53,,,11.4,0.9,
9,54,,,15.81,0.9,
9,55,,,14.44,0.9,
9,56,,,11.57,1.41,
9,57,,,13.22,3.42,
9,58,,,11.24,0.97,
9,59,,,11.7,1.15,
9,60,,,11.38,1.15,
9,61,,,10.95,10.6,
9,62,,,12.29,5.33,
9,63,,,11.37,2.82,
9,64,,,14.04,9.85,
9,65,,,16.34,11.02,
9,66,,,18.61,10.12,
9,67,,,18.9,9.77,
9,68,,,18.29,9.93,
9,69,,,22.44,5.45,
9,70,,,21.64,1.13,
9,71,,,16.02,1.11,
9,72,,,16.2,2.8,
9,73,,,16.41,1.12,
9,74,,,35.78,1.07,
9,75,,,24.87,1.09,
9,76,,,48.6,1.07,
9,77,,,54.96,1.25,
9,78,,,22.4,1.02,
9,79,,,22.22,1.05,
9,80,,,36.81,0.81,
9,81,,,22.96,2.24,
9,82,173.51,,30.32,1.38,
9,83,149.04,,112.29,0.93,333.0
9,84,205.65,,98.75,1.32,
9,85,140.21,,31.79,1.41,318.0
9,86,266.29,,50.12,1.27,408.0
9,87,88.65,,38.75,2.21,448.0
9,88,81.34,,48.15,1.34,
9,89,144.46,,25.53,1.24,
9,90,51.69,,46.48,1.23,312.0
9,91,103.75,,36.98,1.33,289.0
9,92,106.27,,38.34,1.08,206.0
9,93,42.82,,35.32,1.21,248.0
9,94,187.51,,26.89,1.23,
9,95,85.86,,26.79,1.14,302.0
9,96,83.19,,16.84,3.42,193.0
9,97,48.35,,18.16,7.69,151.0
9,98,73.66,,17.07,1.1,137.0
9,99,66.72,,16.79,5.14,208.0
9,100,80.79,,16.3,6.35,172.0
9,101,75.59,,16.81,1.57,149.0
9,102,75.82,,17.27,1.13,157.0
9,103,80.23,,20.43,5.69,242.0
9,104,87.48,,18.6,1.02,205.0
9,105,72.65,,18.34,3.87,245.0
9,106,90.72,,19.6,6.25,244.0
9,107,73.28,,22.18,1.02,152.0
9,108,73.33,,22.69,0.98,152.0
9,109,71.17,,29.45,0.92,148.0
9,110,78.58,,69.16,1.06,149.0
9,111,74.55,,37.66,1.13,158.0
9,112,73.8,,25.18,0.92,145.0
9,113,69.28,,41.89,2.44,142.0
9,114,70.45,,39.33,5.53,180.0
9,115,60.15,,35.63,10.28,130.0
9,116,57.57,,36.72,10.92,102.0
9,117,67.8,,26.61,12.02,113.0
9,118,70.85,,45.19,13.1,136.0
9,119,63.16,,49.3,8.02,130.0
9,120,55.47,,58.18,4.31,115.0
9,121,51.62,,19.39,10.29,108.0
9,122,85.26,,37.2,9.7,139.0
9,123,44.26,,34.41,6.09,140.0
9,124,28.97,,16.92,8.1,100.0
9,125,35.16,,22.34,5.16,107.0
9,126,44.1,,16.92,7.07,124.0
9,127,57.31,,20.94,1.72,130.0
9,128,54.28,,24.85,9.48,201.0
9,129,60.64,,25.94,5.22,126.0
9,130,53.69,,29.04,2.05,153.0
9,131,49.2,,33.32,2.73,176.0
9,132,82.63,,43.83,1.8,146.0
9,133,100.77,,22.81,1.95,208.0
9,134,120.24,,23.93,2.47,285.0
9,135,70.64,,20.05,1.6,178.0
9,136,91.69,,19.7,2.47,209.0
9,137,79.98,,19.21,3.12,201.0
9,138,87.7,,19.56,2.46,196.0
9,139,83.47,,49.11,4.75,156.0
9,140,97.96,,16.44,6.45,135.0
9,141,97.74,,16.72,2.56,197.0
9,142,85.55,,16.47,3.13,200.0
9,143,90.87,,17.24,2.23,166.0
9,144,78.25,,17.43,1.91,148.0
9,145,125.51,,17.14,2.7,177.0
9,146,113.78,,15.58,2.91,235.0
9,147,119.68,,16.33,4.16,277.0
9,148,105.59,,20.24,3.18,221.0
9,149,100.5,,21.32,1.45,204.0
9,150,102.97,,25.74,2.12,206.0
9,151,127.46,,29.99,1.43,211.0
9,152,129.49,,14.97,1.56,216.0
9,153,100.13,,14.35,2.51,220.0
9,154,108.88,,16.12,1.44,203.0
9,155,111.48,,15.66,1.51,207.0
9,156,73.81,,16.64,1.48,200.0
9,157,60.15,,15.47,1.53,125.0
9,158,61.59,,15.4,2.02,150.0
9,159,64.94,,15.86,1.57,119.0
9,160,61.26,,15.26,1.85,121.0
9,161,58.49,,15.22,2.68,144.0
9,162,58.84,,15.13,1.87,117.0
9,163,60.75,,15.08,1.88,121.0
9,164,58.12,,15.31,1.9,118.0
9,165,58.33,,15.4,1.89,117.0
9,166,59.87,,14.98,2.73,165.0
9,167,49.91,,13.37,1.85,118.0
9,168,53.53,,12.39,1.97,120.0
9,169,45.43,,11.22,1.89,114.0
9,170,54.86,,14.6,2.67,155.0
9,171,56.25,,15.23,2.25,158.0
9,172,57.87,,15.88,1.89,118.0
9,173,72.61,,17.51,2.93,152.0
9,174,68.28,,16.15,2.3,181.0
9,175,58.07,,16.31,2.33,167.0
9,176,67.93,,19.42,2.43,158.0
9,177,69.03,,17.22,2.71,147.0
9,178,76.57,,15.11,2.33,149.0
9,179,77.2,,17.59,2.04,157.0
9,180,76.18,,17.75,2.04,157.0
9,181,77.16,,17.68,2.32,172.0
9,182,83.72,,20.08,2.59,201.0
9,183,68.41,,20.66,1.8,169.0
9,184,73.86,,21.36,7.39,186.0
9,185,70.58,,17.94,20.62,290.0
9,186,70.61,,20.14,2.19,193.0
9,187,71.19,,20.02,1.84,164.0
9,188,69.56,,20.37,2.22,187.0
9,189,68.72,,19.66,1.99,160.0
9,190,67.95,,13.66,2.76,207.0
9,191,59.59,,14.72,1.89,169.0
9,192,62.54,,19.45,8.49,208.0
9,193,61.7,,20.32,8.59,230.0
9,194,65.54,,19.39,1.89,146.0
9,195,53.35,,20.42,2.54,188.0
9,196,59.2,,17.26,2.26,191.0
9,197,57.02,,18.65,2.39,189.0
9,198,53.75,,18.59,2.13,154.0
9,199,48.36,,19.18,2.63,190.0
9,200,40.7,,19.23,1.47,104.0
9,201,36.72,,18.96,2.31,132.0
9,202,42.94,,18.58,1.58,100.0
9,203,47.23,,18.89,1.4,126.0
9,204,81.77,,26.1,2.61,141.0
9,205,83.64,,18.19,1.93,210.0
9,206,53.69,,20.33,1.43,102.0
9,207,47.88,,19.16,1.31,92.0
9,208,57.59,,18.92,2.16,123.0
9,209,51.55,,18.75,1.56,143.0
9,210,50.58,,19.44,2.43,144.0
9,211,49.89,,19.47,2.28,141.0
9,212,56.67,,19.64,1.79,106.0
9,213,85.39,,29.71,4.08,195.0
9,214,70.17,,15.44,2.12,194.0
9,215,49.45,,14.52,1.56,98.0
9,216,64.89,,15.17,1.33,120.0
9,217,59.69,,16.22,1.41,112.0
9,218,49.27,,14.74,2.89,189.0
9,219,56.12,,14.52,1.27,100.0
9,220,63.11,,15.11,2.56,145.0
9,221,55.12,,15.08,1.35,123.0
9,222,54.41,,14.92,1.11,96.0
9,223,61.65,,15.12,1.02,96.0
9,224,53.49,,14.57,1.06,106.0
9,225,58.42,,14.41,1.17,102.0
9,226,57.52,,15.55,1.42,121.0
9,227,51.29,,14.77,1.02,96.0
9,228,58.79,,16.06,1.0,111.0
9,229,63.39,,15.16,1.35,129.0
9,230,66.98,,16.15,1.26,106.0
9,231,69.54,,15.61,1.19,123.0
9,232,64.9,,19.19,1.78,176.0
9,233,43.12,,13.87,1.15,91.0
9,234,39.93,,14.15,4.88,165.0
9,235,33.26,,14.71,1.12,108.0
9,236,40.27,,14.15,1.95,119.0
9,237,46.96,,13.55,1.48,98.0
9,238,39.91,,13.23,1.24,100.0
9,239,39.65,,12.82,1.94,127.0
9,240,45.16,,13.19,1.54,100.0
9,241,43.58,,14.18,2.19,146.0
9,242,37.62,,16.1,1.54,112.0
9,243,41.0,,15.66,1.43,97.0
9,244,32.37,,16.34,1.21,88.0
9,245,24.27,,16.66,4.7,163.0
9,246,26.54,,17.24,1.99,99.0
9,247,26.96,,17.1,1.92,106.0
9,248,25.83,,16.9,2.01,83.0
9,249,26.47,,17.03,1.68,82.0
9,250,27.97,,17.3,1.75,107.0
9,251,27.86,,17.24,1.47,86.0
9,252,26.89,,16.89,1.61,88.0
9,253,28.78,,17.02,2.16,148.0
9,254,31.49,,15.04,1.54,79.0
9,255,32.09,,14.96,1.39,82.0
9,256,29.23,,15.72,1.32,79.0
9,257,30.94,,15.18,1.84,128.0
9,258,29.62,,14.0,1.03,77.0
9,259,29.73,,12.96,1.0,74.0
9,260,30.34,,10.69,0.96,70.0
9,261,31.63,,10.45,2.1,116.0
9,262,35.42,,10.47,0.82,77.0
9,263,27.32,,10.48,2.93,197.0
9,264,27.69,,10.76,2.95,214.0
9,265,39.77,,11.93,1.72,121.0
9,266,31.65,,10.81,1.31,84.0
9,267,39.97,,10.01,1.74,131.0
9,268,41.94,,10.75,2.19,153.0
9,269,65.79,,9.7,1.79,171.0
9,270,86.4,,10.03,1.02,165.0
9,271,61.69,,10.08,1.89,176.0
9,272,44.26,,10.47,4.41,224.0
9,273,42.71,,10.73,1.89,154.0
9,274,46.97,,11.77,2.76,188.0
9,275,42.17,,10.78,1.77,135.0
9,276,47.0,,12.94,0.81,84.0
9,277,49.45,,15.21,1.14,107.0
9,278,46.7,,13.7,0.65,89.0
9,279,33.87,,10.87,2.18,136.0
9,280,33.0,,11.79,1.18,94.0
9,281,36.3,,12.98,1.2,82.0
9,282,36.51,,12.68,1.37,86.0
9,283,37.71,,12.52,1.72,107.0
9,284,35.73,,12.94,2.62,165.0
9,285,36.27,,13.16,1.88,150.0
9,286,122.16,,21.5,2.61,203.0
9,287,90.73,,22.21,2.08,263.0
9,288,63.96,,22.35,1.75,196.0
9,289,48.79,,15.46,1.61,156.0
9,290,34.96,,14.19,1.75,147.0
9,291,37.55,,13.58,1.05,109.0
9,292,31.54,,12.4,2.02,121.0
9,293,37.74,,12.9,1.14,83.0
9,294,41.27,,14.19,7.62,241.0
9,295,47.68,,13.2,1.6,133.0
9,296,81.26,,20.88,3.21,238.0
9,297,44.79,,12.53,1.64,175.0
9,298,50.98,,12.27,1.28,136.0
9,299,46.79,,12.05,0.98,130.0
9,300,54.0,,13.79,0.88,128.0
9,301,52.65,,11.71,1.1,136.0
9,302,55.75,,12.9,0.91,125.0
9,303,52.29,,10.92,1.04,113.0
9,304,41.39,,9.93,2.56,195.0
9,305,44.08,,10.76,2.6,174.0
9,306,41.44,,11.73,1.34,142.0
9,307,41.96,,13.78,1.34,122.0
9,308,41.8,,13.77,2.03,135.0
9,309,43.18,,15.87,1.81,128.0
9,310,44.74,,23.81,4.34,204.0
9,311,53.31,,18.91,1.55,132.0
9,312,38.73,,16.0,1.71,154.0
9,313,23.46,,13.02,1.91,119.0
9,314,76.42,,13.89,1.17,117.0
9,315,53.36,,15.85,1.4,183.0
9,316,44.5,,15.41,1.27,100.0
9,317,51.11,,14.79,1.38,106.0
9,318,55.76,,14.72,1.2,132.0
9,319,49.55,,13.89,1.09,122.0
9,320,31.49,,12.65,1.62,105.0
9,321,30.89,,12.88,1.48,133.0
9,322,36.51,,13.25,1.38,98.0
9,323,30.69,,11.68,1.52,98.0
9,324,28.66,,9.19,1.34,89.0
9,325,33.37,,8.59,1.16,87.0
9,326,29.11,,7.91,1.81,126.0
9,327,27.08,,7.74,1.24,90.0
9,328,25.63,,8.34,1.29,93.0
9,329,35.35,,8.2,1.19,96.0
9,330,36.82,,8.01,0.99,107.0
9,331,36.96,,8.11,1.2,103.0
9,332,44.41,,8.91,1.3,112.0
9,333,29.55,,7.53,1.22,113.0
9,334,31.97,,7.9,1.23,99.0
9,335,28.82,,7.8,1.33,103.0
9,336,32.64,,7.94,1.78,161.0
9,337,52.16,,5.88,1.12,85.0
9,338,,,,,80.0
9,339,,,,,
9,340,,,,,
9,341,13.27,,7.74,2.11,
9,342,48.08,,6.79,1.23,107.0
9,343,40.81,,6.05,1.54,121.0
9,344,40.96,,6.76,1.28,100.0
9,345,46.17,,5.56,1.49,108.0
9,346,78.83,,7.55,1.34,97.0
9,347,138.07,,8.62,1.23,130.0
9,348,54.85,,8.39,1.36,113.0
9,349,42.45,,7.61,1.29,106.0
9,350,46.16,,7.64,1.15,102.0
9,351,48.64,,7.96,1.35,129.0
9,352,44.78,,8.38,1.39,130.0
9,353,39.11,,8.47,1.58,114.0
9,354,42.67,,19.41,1.45,117.0
9,355,65.01,,18.15,1.56,103.0
9,356,56.1,,16.39,1.76,150.0
9,357,50.32,,17.56,0.79,104.0
9,358,63.0,,20.86,0.94,106.0
9,359,59.47,,22.32,0.81,108.0
9,360,71.81,,12.18,0.76,111.0
9,361,81.74,,9.86,1.77,165.0
9,362,62.63,,12.09,6.75,211.0
9,363,65.1,,16.1,3.66,241.0
9,364,57.23,,15.14,0.54,114.0
9,365,52.27,,16.46,0.71,100.0
9,366,65.97,,32.92,,125.0
9,367,41.3,,8.72,0.67,123.0
9,368,36.81,,6.44,1.17,106.0
9,369,44.87,,12.75,0.74,63.0
9,370,63.67,,21.07,1.17,132.0
9,371,67.49,,19.92,0.72,136.0
9,372,52.94,,10.48,2.34,184.0
9,373,69.88,,25.36,0.89,120.0
9,374,66.89,,21.05,0.88,162.0
9,375,62.27,,20.35,1.04,119.0
9,376,51.56,,20.34,0.77,113.0
9,377,58.27,,22.24,1.09,119.0
9,378,63.13,,25.19,0.96,129.0
9,379,80.23,,21.76,2.73,220.0
9,380,39.74,,13.02,0.61,139.0
9,381,49.21,,12.83,1.49,130.0
9,382,55.73,,10.86,0.67,121.0
9,383,58.28,,12.01,0.8,114.0
9,384,56.47,,12.34,0.8,115.0
9,385,60.04,,11.52,2.97,200.0
9,386,55.45,,11.1,2.63,167.0
9,387,65.26,,11.46,0.79,172.0
9,388,53.07,,11.09,0.54,117.0
9,389,51.32,,8.8,2.49,198.0
9,390,46.84,,12.73,2.11,153.0
9,391,46.29,,18.21,0.68,142.0
9,392,42.49,,18.3,1.38,144.0
9,393,47.11,,13.56,1.46,145.0
9,394,50.13,,13.23,1.11,149.0
9,395,53.58,,15.06,6.18,186.0
9,396,76.91,,12.11,1.68,216.0
9,397,107.65,,14.47,1.45,220.0
9,398,69.9,,15.9,1.65,209.0
9,399,112.72,,15.66,1.47,251.0
9,400,81.79,,12.72,0.77,191.0
9,401,127.03,,13.25,1.08,203.0
9,402,70.57,,13.74,0.64,183.0
9,403,79.55,,12.07,0.67,162.0
9,404,76.36,,9.92,0.58,154.0
9,405,92.83,,12.68,0.83,181.0
9,406,98.75,,12.5,1.09,223.0
9,407,82.03,,14.24,1.65,193.0
9,408,85.64,,16.69,1.7,157.0
9,409,76.72,,12.56,1.14,173.0
9,410,57.58,,11.15,1.42,133.0
9,411,65.38,,11.74,1.43,109.0
9,412,80.38,,12.43,1.57,160.0
9,413,68.45,,8.8,1.64,145.0
9,414,73.22,,13.11,1.45,134.0
9,415,79.01,,15.12,1.46,170.0
9,416,83.44,,13.42,1.42,179.0
9,417,62.16,,10.03,1.91,156.0
9,418,41.54,,10.28,1.67,130.0
9,419,67.25,,15.63,1.4,106.0
9,420,44.41,,13.03,1.27,96.0
9,421,47.25,,10.99,1.48,99.0
9,422,35.75,,8.13,1.43,80.0
9,423,51.79,,11.31,1.44,88.0
9,424,32.96,,10.8,1.87,108.0
9,425,52.25,,9.13,2.03,114.0
9,426,90.02,,12.13,1.54,153.0
9,427,69.55,,10.84,1.42,196.0
9,428,47.78,,9.44,1.48,132.0
9,429,67.25,,12.58,1.35,117.0
9,430,62.62,,12.49,1.44,143.0
9,431,62.87,,10.21,1.41,142.0
9,432,56.24,,9.88,1.37,135.0
9,433,60.92,,12.17,1.01,120.0
9,434,81.03,,11.06,1.2,158.0
9,435,80.44,,10.22,0.97,186.0
9,436,66.08,,8.99,0.83,155.0
9,437,65.08,,11.65,0.76,136.0
9,438,57.73,,8.73,0.7,131.0
9,439,74.65,,7.78,0.85,135.0
9,440,76.68,,8.14,1.07,193.0
9,441,81.93,,8.79,0.78,188.0
9,442,86.31,,10.7,0.97,187.0
9,443,87.07,,9.98,1.62,214.0
9,444,100.61,,11.24,1.23,216.0
9,445,98.47,,8.57,1.23,221.0
9,446,123.36,,11.41,1.23,251.0
9,447,69.38,,18.52,1.02,179.0
9,448,68.25,,10.38,0.93,143.0
9,449,64.05,,11.13,0.82,132.0
9,450,59.46,,10.97,0.79,123.0
9,451,64.1,,5.2,0.69,125.0
9,452,63.03,,7.26,0.65,134.0
9,453,46.09,,8.79,0.84,121.0
9,454,51.43,,8.2,0.97,114.0
9,455,53.32,,7.83,0.79,114.0
9,456,55.51,,7.36,0.67,113.0
9,457,64.92,,7.16,0.84,128.0
9,458,65.84,,5.4,2.02,216.0
9,459,63.65,,5.76,0.81,132.0
9,460,67.33,,7.21,0.77,137.0
9,461,68.04,,9.32,1.1,140.0
9,462,70.13,,10.91,1.29,151.0
9,463,64.37,,14.68,1.12,144.0
9,464,56.54,,6.9,0.84,128.0
9,465,54.83,,7.41,0.6,117.0
9,466,61.1,,7.96,0.61,132.0
9,467,61.34,,11.1,0.66,141.0
9,468,56.23,,17.24,0.62,125.0
9,469,59.15,,18.86,0.68,130.0
9,470,55.65,,12.33,0.61,129.0
9,471,54.15,,12.57,0.65,122.0
9,472,56.37,,12.29,0.74,122.0
9,473,54.71,,12.81,0.67,123.0
9,474,55.5,,13.47,0.69,113.0
9,475,56.62,,15.05,0.61,127.0
9,476,60.73,,16.53,0.86,134.0
9,477,51.55,,13.44,1.02,123.0
9,478,51.96,,13.52,0.9,129.0
9,479,60.21,,11.49,0.93,133.0
9,480,65.26,,11.83,0.69,134.0
9,481,61.78,,13.51,0.94,130.0
9,482,57.7,,11.26,0.77,122.0
9,483,56.99,,15.37,0.76,120.0
9,484,51.73,,18.17,1.09,120.0
9,485,48.7,,17.65,0.96,124.0
9,486,65.21,,17.26,2.0,169.0
9,487,89.6,,16.96,0.89,212.0
9,488,58.58,,16.06,1.02,147.0
9,489,54.16,,15.93,1.05,123.0
9,490,55.79,,15.74,1.0,127.0
9,491,57.2,,13.99,0.78,125.0
9,492,64.95,,13.29,1.0,129.0
9,493,56.02,,14.38,0.99,139.0
9,494,53.3,,13.8,1.01,123.0
9,495,52.04,,13.85,1.15,122.0
9,496,61.37,,15.13,1.1,135.0
9,497,59.24,,14.66,1.16,136.0
9,498,58.43,,18.69,1.23,144.0
9,499,68.42,,16.17,1.24,161.0
9,500,62.47,,13.86,1.24,166.0
9,501,55.77,,12.38,2.1,183.0
9,502,58.8,,13.77,1.15,136.0
9,503,81.06,,20.11,1.15,171.0
9,504,65.17,,25.13,1.28,164.0
9,505,48.59,,21.24,1.37,113.0
9,506,45.05,,25.57,1.24,91.0
9,507,51.6,,16.03,1.15,94.0
9,508,51.67,,16.22,0.95,95.0
9,509,51.11,,20.41,0.98,93.0
9,510,50.24,,19.87,1.09,91.0
9,511,45.89,,18.13,1.15,102.0
9,512,48.61,,18.15,2.55,112.0
9,513,51.67,,18.0,1.67,117.0
9,514,50.64,,17.49,1.84,115.0
9,515,44.88,,15.77,1.49,124.0
9,516,43.41,,10.44,1.48,97.0
9,517,57.32,,12.13,1.42,120.0
9,518,43.52,,11.38,1.94,122.0
9,519,41.29,,10.64,1.86,122.0
9,520,,,,,88.0
9,521,,,,,
9,522,,,,,
9,523,,,,,
9,524,,,,,
9,525,,,,,
9,526,,,,,
9,527,,,,,
9,528,,,,,
9,529,,,,,
9,530,,,,,
9,531,43.16,,17.81,2.14,
9,532,32.64,,15.81,2.17,92.0
9,533,44.73,,13.57,2.64,94.0
9,534,41.29,,13.78,2.13,102.0
9,535,45.76,,11.62,1.92,100.0
9,536,43.38,,9.81,1.81,100.0
9,537,38.93,,8.44,2.08,89.0
9,538,42.3,,15.62,1.49,89.0
9,539,32.8,,11.31,1.47,83.0
9,540,40.78,,12.82,0.92,70.0
9,541,50.94,,10.78,0.71,71.0
9,542,,,,,117.0
9,543,73.03,,18.13,0.19,
9,544,46.17,,17.56,1.0,
9,545,60.36,,13.17,0.82,86.0
9,546,42.8,,22.99,1.42,100.0
9,547,109.5,,17.81,1.08,88.0
9,548,45.6,,15.08,1.1,161.0
9,549,47.91,,10.99,1.23,81.0
9,550,30.43,,11.59,0.99,81.0
9,551,96.65,,15.97,1.22,86.0
9,552,196.81,,16.33,1.16,271.0
9,553,29.09,,13.53,1.06,162.0
9,554,29.34,,13.49,1.43,91.0
9,555,57.26,,18.17,1.37,104.0
9,556,28.3,,15.79,0.93,103.0
9,557,35.38,,13.72,1.03,74.0
9,558,22.97,,14.02,2.15,129.0
9,559,23.24,,15.75,0.97,58.0
9,560,24.87,,14.94,0.85,69.0
9,561,18.67,,16.61,0.98,66.0
9,562,26.6,,14.83,0.96,70.0
9,563,34.33,,15.03,0.85,69.0
9,564,35.16,,12.35,0.83,70.0
9,565,31.69,,12.95,0.86,71.0
9,566,32.43,,16.81,3.09,125.0
9,567,33.09,,16.36,1.13,87.0
9,568,27.02,,19.78,1.63,59.0
9,569,21.38,,15.05,1.17,
9,570,29.69,,12.64,0.94,62.0
9,571,59.34,,7.48,0.96,54.0
9,572,30.71,,6.49,1.18,103.0
9,573,23.58,,7.82,1.14,73.0
9,574,24.43,,7.59,1.22,78.0
9,575,42.82,,11.82,1.31,87.0
9,576,28.51,,13.16,1.26,81.0
9,577,34.01,,14.56,1.22,82.0
9,578,32.41,,14.19,1.12,84.0
9,579,32.88,,17.12,1.08,75.0
9,580,34.8,,19.48,1.16,78.0
9,581,40.39,,14.77,6.35,151.0
9,582,32.44,,14.82,1.22,100.0
9,583,30.54,,15.71,2.72,131.0
9,584,32.54,,16.27,1.16,68.0
9,585,37.71,,11.22,1.08,70.0
9,586,40.69,,11.54,2.15,89.0
9,587,40.85,,14.07,2.83,174.0
9,588,35.23,,13.99,3.22,178.0
9,589,33.51,,14.2,3.33,155.0
9,590,29.11,,13.67,0.14,55.0
9,591,30.94,,11.38,2.37,169.0
9,592,29.48,,10.37,1.07,124.0
9,593,25.42,,10.18,3.27,256.0
9,594,35.09,,14.66,1.28,126.0
9,595,34.2,,15.89,1.05,125.0
9,596,55.88,,10.79,0.79,111.0
9,597,39.96,,10.7,0.26,129.0
9,598,36.33,,7.08,0.02,83.0
9,599,26.4,,6.75,1.21,199.0
9,600,40.36,,8.62,0.05,74.0
9,601,40.21,,10.09,0.76,139.0
9,602,37.07,,10.49,1.52,167.0
9,603,26.7,,11.22,1.21,142.0
9,604,38.63,,13.13,1.02,90.0
9,605,32.14,,12.66,0.95,188.0
9,606,33.02,,10.42,1.08,126.0
9,607,38.11,,10.74,3.65,172.0
9,608,37.79,,12.86,2.84,244.0
9,609,28.6,,15.15,1.44,189.0
9,610,30.82,,11.49,2.64,160.0
9,611,42.16,,13.37,2.34,215.0
9,612,36.8,,12.5,1.61,126.0
9,613,31.97,,19.62,2.08,227.0
9,614,23.6,,13.82,0.98,172.0
9,615,38.5,,14.8,2.94,266.0
9,616,36.26,,18.66,3.17,257.0
9,617,42.37,,15.42,1.03,141.0
9,618,38.87,,15.96,3.01,228.0
9,619,43.96,,17.99,0.61,171.0
9,620,36.26,,20.14,0.22,73.0
9,621,41.33,,21.63,0.79,120.0
9,622,44.76,,23.06,0.16,77.0
9,623,33.01,,27.52,1.13,92.0
9,624,26.79,,22.55,9.15,228.0
9,625,24.54,,19.16,2.59,224.0
9,626,34.16,,20.6,5.56,260.0
9,627,26.59,,17.15,8.2,240.0
9,628,23.76,,16.71,8.68,372.0
9,629,22.2,,34.72,11.03,437.0
9,630,16.18,,36.8,6.02,449.0
9,631,12.79,,26.79,8.05,434.0
9,632,18.98,,24.09,0.03,118.0
9,633,18.35,,18.64,0.09,30.0
9,634,24.87,,18.02,0.05,54.0
9,635,33.32,,17.58,0.07,94.0
9,636,31.93,,19.07,0.04,66.0
9,637,45.71,,17.82,0.04,70.0
9,638,40.61,,18.28,0.11,77.0
9,639,38.14,,17.9,0.17,70.0
9,640,35.96,,17.62,0.03,94.0
9,641,,,,0.0,136.0
9,642,33.05,,17.63,0.1,
9,643,34.06,,20.15,0.08,73.0
9,644,29.14,,28.6,0.1,78.0
9,645,60.14,,28.53,0.11,85.0
9,646,51.01,,28.5,0.19,118.0
9,647,36.09,,28.48,0.05,73.0
9,648,38.46,,28.53,0.0,66.0
9,649,44.91,,28.53,0.03,79.0
9,650,32.16,,28.53,0.02,66.0
9,651,45.11,,28.54,0.02,75.0
9,652,81.45,,28.53,0.06,131.0
9,653,60.89,,28.46,0.06,180.0
9,654,62.96,,28.47,0.01,124.0
9,655,60.19,,28.48,0.03,125.0
9,656,66.69,,28.46,0.45,197.0
9,657,78.52,,28.42,0.13,167.0
9,658,63.07,,28.5,0.08,187.0
9,659,80.58,,28.56,0.03,130.0
9,660,73.75,,28.44,0.26,170.0
9,661,80.18,,28.49,0.21,183.0
9,662,87.04,,28.5,0.15,208.0
9,663,81.0,,28.49,0.21,200.0
9,664,85.73,,28.51,0.34,187.0
9,665,92.64,,26.51,0.27,202.0
9,666,98.0,,13.5,0.1,215.0
9,667,132.38,,17.75,1.44,370.0
9,668,114.08,,12.53,0.2,298.0
9,669,67.86,,12.52,0.11,168.0
9,670,49.57,,15.05,0.02,130.0
9,671,52.28,,16.64,0.12,87.0
9,672,47.86,,16.53,0.12,80.0
9,673,35.54,,24.26,0.15,75.0
9,674,57.22,,15.53,0.13,87.0
9,675,66.29,,14.44,0.14,110.0
9,676,80.11,,15.08,0.14,177.0
9,677,71.86,,14.88,0.06,133.0
9,678,80.49,,15.49,0.02,166.0
9,679,83.26,,17.31,0.02,160.0
9,680,71.16,,15.26,0.0,165.0
9,681,76.21,,13.7,0.02,148.0
9,682,82.67,,15.23,0.0,164.0
9,683,42.54,,13.79,0.02,117.0
9,684,29.08,,22.4,0.0,57.0
9,685,34.55,,23.17,0.0,49.0
9,686,55.67,,26.7,0.0,81.0
9,687,66.57,,26.41,0.0,113.0
9,688,62.58,,29.62,0.0,109.0
9,689,71.55,,30.81,0.0,135.0
9,690,58.21,,30.99,0.02,113.0
9,691,63.87,,29.83,0.02,110.0
9,692,83.29,,30.5,0.0,132.0
9,693,88.08,,31.32,0.07,200.0
9,694,91.49,,34.32,0.41,199.0
9,695,93.71,,32.16,0.08,224.0
9,696,82.55,,33.89,0.19,195.0
9,697,101.77,,33.63,0.16,216.0
9,698,92.41,,33.46,0.08,216.0
9,699,91.15,,31.0,0.02,210.0
9,700,94.8,,30.87,0.02,200.0
9,701,74.73,,27.91,0.04,188.0
9,702,43.52,,25.73,0.03,97.0
9,703,27.93,,29.57,0.23,69.0
9,704,45.98,,27.02,0.06,81.0
9,705,45.48,,26.49,0.12,68.0
9,706,54.12,,22.87,0.07,101.0
9,707,48.91,,27.47,0.02,78.0
9,708,59.74,,32.39,0.12,94.0
9,709,80.55,,36.42,0.13,134.0
9,710,84.69,,33.14,0.12,182.0
9,711,77.14,,22.48,0.03,175.0
9,712,51.17,,5.5,0.07,107.0
9,713,,,,,86.0
9,714,,,,,
9,715,,,,,
9,716,,,,,
9,717,,,,,
9,718,,,,,
9,719,,,,,
9,720,,,,0.0,
9,721,,,,,
9,722,,,,,
9,723,,,,0.0,
9,724,,,,0.0,
9,725,,,,0.0,
9,726,,,,0.0,
9,727,,,,0.0,
9,728,,,,0.0,
9,729,,,,0.0,
9,730,63.65,,23.85,0.07,
9,731,84.04,,23.72,0.25,174.0
9,732,44.56,,15.04,0.18,118.0
9,733,40.9,,15.23,0.17,64.0
9,734,42.31,,15.52,0.19,74.0
9,735,41.5,,15.71,0.13,68.0
9,736,72.86,,17.11,0.0,104.0
9,737,82.48,,16.63,0.0,171.0
9,738,58.09,,13.26,0.01,135.0
9,739,50.17,,13.73,0.07,110.0
9,740,44.1,,16.07,0.0,105.0
9,741,293.43,,14.74,0.0,332.0
9,742,55.2,,13.75,0.03,244.0
9,743,169.75,,14.92,0.0,246.0
9,744,144.02,,15.81,0.04,360.0
9,745,69.97,,13.38,0.1,146.0
9,746,55.97,,9.54,0.01,103.0
9,747,62.53,,12.92,0.0,103.0
9,748,80.76,,16.2,0.0,137.0
9,749,55.43,,14.99,0.12,142.0
9,750,50.27,,14.4,0.12,76.0
9,751,64.06,,13.88,0.0,107.0
9,752,36.85,,14.24,0.0,86.0
9,753,57.05,,14.83,0.0,78.0
9,754,73.27,,15.47,0.0,117.0
9,755,56.51,,15.95,0.1,125.0
9,756,66.54,,13.26,0.0,111.0
9,757,43.6,,11.25,0.0,104.0
9,758,36.16,,10.03,0.0,68.0
9,759,21.64,,8.15,0.0,44.0
9,760,36.77,,11.8,0.0,51.0
9,761,38.73,,11.02,0.0,58.0
9,762,100.68,,9.77,0.01,70.0
9,763,45.13,,15.97,0.04,130.0
9,764,52.59,,16.78,0.1,89.0
9,765,50.38,,17.14,0.16,81.0
9,766,67.15,,16.29,0.03,105.0
9,767,77.17,,14.91,0.05,149.0
9,768,72.94,,17.57,0.02,148.0
9,769,83.86,,19.87,0.04,166.0
9,770,80.59,,20.01,0.03,183.0
9,771,91.75,,18.12,0.0,183.0
9,772,89.0,,18.46,0.0,217.0
9,773,84.05,,16.24,0.0,186.0
9,774,56.6,,11.82,0.06,126.0
9,775,54.94,,13.42,0.17,89.0
9,776,45.2,,11.63,0.3,80.0
9,777,63.51,,14.78,0.22,95.0
9,778,63.42,,14.29,0.09,125.0
9,779,77.03,,14.45,0.03,141.0
9,780,71.15,,18.02,0.0,151.0
9,781,71.72,,15.74,0.0,142.0
9,782,50.86,,13.46,0.03,116.0
9,783,51.46,,12.75,0.01,88.0
9,784,56.59,,12.53,0.0,92.0
9,785,42.42,,12.56,0.07,76.0
9,786,45.27,,14.29,0.0,80.0
9,787,37.91,,12.73,0.04,69.0
9,788,44.1,,9.6,0.0,65.0
9,789,59.53,,6.09,0.01,90.0
9,790,65.96,,9.97,0.23,108.0
9,791,82.44,,17.92,0.27,157.0
9,792,72.86,,19.0,0.13,152.0
9,793,63.96,,18.78,0.13,123.0
9,794,40.43,,15.6,0.03,93.0
9,795,34.07,,14.71,0.0,52.0
9,796,36.92,,15.3,0.02,59.0
9,797,36.88,,14.1,0.0,65.0
9,798,62.57,,10.28,0.0,78.0
9,799,31.34,,7.39,0.03,93.0
9,800,227.17,,8.0,0.0,148.0
9,801,62.95,,9.71,0.0,348.0
9,802,33.53,,8.75,0.0,63.0
9,803,23.54,,9.82,0.0,52.0
9,804,29.17,,8.27,0.03,43.0
9,805,53.27,,8.95,0.01,80.0
9,806,286.08,,10.59,0.0,350.0
9,807,37.43,,10.9,0.0,197.0
9,808,26.43,,10.84,0.06,87.0
9,809,88.83,,10.79,0.01,110.0
9,810,29.53,,9.94,0.0,109.0
9,811,25.53,,9.57,0.0,59.0
9,812,35.25,,7.12,0.02,57.0
9,813,36.76,,9.22,0.03,65.0
9,814,52.62,,11.96,0.02,80.0
9,815,80.48,,11.8,0.0,137.0
9,816,74.46,,11.05,0.0,158.0
9,817,60.44,,10.84,0.03,131.0
9,818,39.11,,9.93,0.0,86.0
9,819,35.04,,9.35,0.0,61.0
9,820,37.42,,9.94,0.09,80.0
9,821,35.34,,9.03,0.11,57.0
9,822,34.69,,9.52,0.02,60.0
9,823,37.57,,9.53,0.05,65.0
9,824,44.33,,9.79,0.02,71.0
9,825,40.56,,9.79,0.03,75.0
9,826,48.62,,9.41,0.03,67.0
9,827,36.85,,9.91,0.02,80.0
9,828,41.16,,10.42,0.06,65.0
9,829,61.68,,11.13,0.01,80.0
9,830,34.28,,11.8,0.0,89.0
9,831,53.6,,11.75,0.01,67.0
9,832,67.15,,10.53,0.0,117.0
9,833,37.05,,7.8,0.0,107.0
9,834,49.49,,9.04,0.06,83.0
9,835,45.09,,9.21,0.03,76.0
9,836,61.73,,9.72,0.1,87.0
9,837,55.89,,10.67,0.12,106.0
9,838,72.65,,10.7,0.12,111.0
9,839,75.8,,10.71,0.06,192.0
9,840,91.14,,11.27,0.0,125.0
9,841,68.14,,9.96,0.03,184.0
9,842,89.0,,10.87,0.03,152.0
9,843,81.33,,11.45,0.08,184.0
9,844,82.7,,11.59,0.02,210.0
9,845,62.54,,14.4,0.06,125.0
9,846,51.38,,11.44,0.06,96.0
9,847,60.21,,11.17,0.09,93.0
9,848,59.63,,10.99,0.08,97.0
9,849,56.7,,10.05,0.04,104.0
9,850,61.92,,13.12,0.03,99.0
9,851,43.89,,9.75,0.0,101.0
9,852,40.4,,10.07,0.04,76.0
9,853,34.05,,9.31,0.01,64.0
9,854,37.71,,9.96,0.01,58.0
9,855,43.64,,10.24,0.04,62.0
9,856,40.54,,10.08,0.01,76.0
9,857,44.14,,10.11,0.0,67.0
9,858,38.85,,10.74,0.0,74.0
9,859,44.08,,11.47,0.02,72.0
9,860,34.59,,12.01,0.06,79.0
9,861,47.85,,14.43,0.17,105.0
9,862,27.0,,13.55,0.3,79.0
9,863,46.29,,11.12,0.12,67.0
9,864,36.62,,11.88,0.03,70.0
9,865,60.49,,19.11,0.04,94.0
9,866,73.27,,12.14,0.18,165.0
9,867,64.22,,12.9,0.16,194.0
9,868,86.49,,12.77,0.25,139.0
9,869,131.2,,15.75,0.24,262.0
9,870,86.94,,17.09,0.18,276.0
9,871,63.82,,16.73,0.19,165.0
9,872,71.68,,13.78,0.13,159.0
9,873,50.12,,14.43,0.12,113.0
9,874,86.59,,16.81,0.12,137.0
9,875,100.14,,19.88,0.18,191.0
9,876,65.53,,21.28,0.18,231.0
9,877,71.65,,19.55,0.26,167.0
9,878,60.4,,15.21,0.07,144.0
9,879,46.27,,16.67,0.12,123.0
9,880,57.25,,16.49,0.15,90.0
9,881,43.31,,15.45,0.07,90.0
9,882,43.14,,14.58,0.12,80.0
9,883,44.66,,14.54,0.09,91.0
9,884,56.39,,15.56,0.0,91.0
9,885,40.58,,14.01,0.01,102.0
9,886,41.33,,6.23,0.0,120.0
9,887,38.61,,10.78,0.0,92.0
9,888,41.32,,10.67,0.03,72.0
9,889,37.63,,10.75,0.07,95.0
9,890,41.44,,10.59,0.05,80.0
9,891,41.41,,10.46,0.11,70.0
9,892,46.32,,10.47,0.06,77.0
9,893,30.88,,10.68,0.0,66.0
9,894,35.9,,12.2,0.05,73.0
9,895,38.33,,10.32,0.02,60.0
9,896,41.07,,10.36,0.02,81.0
9,897,48.23,,10.37,0.03,69.0
9,898,49.47,,10.3,0.08,82.0
9,899,43.64,,10.41,0.0,84.0
9,900,38.35,,10.3,0.0,74.0
9,901,50.48,,9.93,0.07,71.0
9,902,45.95,,9.08,0.05,76.0
9,903,51.81,,7.71,0.0,91.0
9,904,43.94,,19.32,0.03,77.0
9,905,46.72,,21.73,0.02,79.0
9,906,51.02,,15.59,0.11,93.0
9,907,41.41,,17.67,0.0,75.0
9,908,45.53,,16.51,0.0,73.0
9,909,47.32,,16.28,0.02,76.0
9,910,39.61,,10.78,0.09,71.0
9,911,48.43,,7.46,0.0,81.0
9,912,94.72,,8.27,0.03,
9,913,56.49,,14.49,0.06,116.0
9,914,62.74,,15.18,0.02,109.0
9,915,47.17,,14.32,0.04,92.0
9,916,37.6,,16.97,0.05,74.0
9,917,46.61,,32.3,0.0,63.0
9,918,42.38,,20.71,0.01,77.0
9,919,53.45,,18.63,0.03,119.0
9,920,59.81,,7.7,0.17,94.0
9,921,52.28,,11.85,0.02,104.0
9,922,42.48,,15.05,0.03,76.0
9,923,62.34,,16.03,0.02,92.0
9,924,28.72,,15.59,0.14,85.0
9,925,62.64,,14.88,0.1,96.0
9,926,48.22,,14.58,0.07,84.0
9,927,63.29,,14.88,0.19,86.0
9,928,46.96,,14.46,0.03,99.0
9,929,45.1,,13.78,0.13,80.0
9,930,37.98,,12.86,0.2,78.0
9,931,48.24,,12.27,0.02,73.0
9,932,41.12,,12.26,0.03,70.0
9,933,86.01,,12.58,0.02,117.0
9,934,50.07,,12.48,0.02,131.0
9,935,37.84,,12.22,0.0,77.0
9,936,112.23,,12.32,0.05,169.0
9,937,94.7,,12.39,0.05,203.0
9,938,92.04,,12.23,0.07,221.0
9,939,51.29,,12.4,0.03,164.0
9,940,49.33,,11.1,0.05,85.0
9,941,40.62,,11.13,0.03,74.0
9,942,45.56,,10.97,0.0,81.0
9,943,28.16,,11.12,0.05,73.0
9,944,74.6,,10.95,0.03,82.0
9,945,68.25,,10.96,0.1,144.0
9,946,29.95,,10.95,0.33,120.0
9,947,42.18,,10.99,0.49,84.0
9,948,30.69,,10.98,0.65,149.0
9,949,38.43,,11.16,0.85,202.0
9,950,39.48,,11.43,0.56,96.0
9,951,33.9,,11.38,0.5,96.0
9,952,31.33,,11.41,0.02,71.0
9,953,27.71,,11.5,0.0,48.0
9,954,46.18,,11.49,0.05,61.0
9,955,42.11,,11.83,0.0,82.0
9,956,23.87,,12.5,0.0,55.0
9,957,52.24,,11.81,0.26,80.0
9,958,34.61,,10.35,0.59,86.0
9,959,39.27,,10.36,0.6,101.0
9,960,42.01,,10.3,0.37,99.0
9,961,,,,0.0,76.0
9,962,,,,0.0,
9,963,,,,0.0,
9,964,34.46,,10.23,0.28,
9,965,29.83,,13.63,0.59,90.0
9,966,36.03,,15.48,0.63,86.0
9,967,32.77,,10.62,0.87,91.0
9,968,56.97,,11.07,0.44,91.0
9,969,41.58,,12.14,0.53,81.0
9,970,34.32,,11.56,0.52,81.0
9,971,79.2,,8.35,0.27,109.0
9,972,37.1,,9.64,0.24,127.0
9,973,61.29,,10.22,0.42,92.0
9,974,40.37,,10.36,0.27,93.0
9,975,37.18,,11.24,0.3,84.0
9,976,48.82,,9.9,0.2,86.0
9,977,34.52,,11.05,0.22,93.0
9,978,39.0,,11.17,0.32,82.0
9,979,69.85,,8.37,0.32,136.0
9,980,31.96,,9.0,0.23,104.0
9,981,27.78,,9.08,0.21,78.0
9,982,28.24,,8.75,0.29,82.0
9,983,19.53,,8.49,0.37,84.0
9,984,18.22,,8.52,0.27,73.0
9,985,28.14,,8.67,0.19,64.0
9,986,40.87,,12.11,0.23,68.0
9,987,33.66,,9.45,0.4,79.0
9,988,29.41,,9.36,0.36,73.0
9,989,36.17,,10.03,0.22,77.0
9,990,36.71,,9.87,0.32,77.0
9,991,25.13,,10.09,0.23,77.0
9,992,25.17,,10.02,0.32,67.0
9,993,32.9,,10.36,0.25,68.0
9,994,39.01,,6.04,0.13,67.0
9,995,31.68,,10.35,0.11,71.0
9,996,49.34,,9.66,0.25,87.0
9,997,65.67,,8.67,0.07,98.0
9,998,85.36,,12.25,0.16,137.0
9,999,49.27,,32.29,0.19,156.0
9,1000,69.26,,24.7,0.12,116.0
9,1001,51.96,,27.26,0.37,104.0
9,1002,50.0,,23.67,0.28,106.0
9,1003,44.9,,15.34,0.25,81.0
9,1004,29.8,,15.25,0.34,78.0
9,1005,25.58,,14.93,0.41,66.0
9,1006,16.59,,12.88,0.11,62.0
9,1007,25.6,,13.93,0.77,58.0
9,1008,20.75,,15.77,0.44,62.0
9,1009,25.51,,14.73,0.2,78.0
9,1010,38.5,,15.1,0.44,68.0
9,1011,40.16,,14.14,0.17,75.0
9,1012,35.37,,14.77,0.09,75.0
9,1013,35.94,,15.45,0.25,77.0
9,1014,52.2,,15.98,0.12,89.0
9,1015,41.34,,20.16,0.29,94.0
9,1016,35.8,,20.18,1.06,86.0
9,1017,44.53,,22.36,1.74,146.0
9,1018,56.36,,21.73,0.48,90.0
9,1019,37.27,,17.74,0.45,83.0
9,1020,35.62,,18.88,0.58,77.0
9,1021,68.01,,19.66,0.73,76.0
9,1022,193.3,,24.61,0.77,277.0
9,1023,226.74,,26.9,0.96,431.0
9,1024,57.62,,19.36,0.54,213.0
9,1025,30.2,,22.86,0.57,72.0
9,1026,31.17,,21.36,0.57,70.0
9,1027,58.59,,25.92,0.64,114.0
9,1028,53.74,,21.91,0.63,115.0
9,1029,36.65,,18.11,0.8,100.0
9,1030,25.9,,19.04,0.79,68.0
9,1031,31.32,,20.74,0.76,70.0
9,1032,53.37,,19.51,0.67,83.0
9,1033,62.08,,21.3,0.66,113.0
9,1034,19.87,,18.46,0.61,88.0
9,1035,41.87,,21.69,1.2,75.0
9,1036,24.56,,20.35,0.4,99.0
9,1037,27.99,,18.51,0.59,70.0
9,1038,30.02,,21.2,0.66,62.0
9,1039,27.1,,23.88,0.83,66.0
9,1040,24.37,,16.96,0.77,58.0
9,1041,29.63,,20.49,1.04,68.0
9,1042,33.67,,21.37,0.87,68.0
9,1043,37.64,,18.77,0.83,74.0
9,1044,40.88,,19.51,0.8,70.0
9,1045,68.58,,24.71,0.9,103.0
9,1046,70.8,,21.71,1.1,146.0
9,1047,81.94,,18.9,0.79,163.0
9,1048,48.07,,27.69,0.81,110.0
9,1049,30.57,,25.74,0.85,91.0
9,1050,41.87,,37.3,0.71,68.0
9,1051,45.77,,38.77,1.11,96.0
9,1052,58.96,,25.49,0.6,108.0
9,1053,24.73,,23.56,1.0,82.0
9,1054,22.81,,19.17,0.87,62.0
9,1055,22.57,,19.09,0.86,69.0
9,1056,18.44,,22.22,0.8,61.0
9,1057,41.9,,23.9,0.74,64.0
9,1058,79.51,,29.82,0.74,126.0
9,1059,75.6,,27.44,0.73,158.0
9,1060,90.46,,29.43,0.65,184.0
9,1061,57.36,,20.3,0.65,136.0
9,1062,37.83,,22.88,0.68,87.0
9,1063,42.05,,24.99,0.76,71.0
9,1064,38.73,,22.77,0.84,75.0
9,1065,29.62,,18.18,0.58,69.0
9,1066,31.57,,19.48,0.58,57.0
9,1067,50.43,,22.98,0.54,71.0
9,1068,46.63,,20.28,0.52,90.0
9,1069,43.1,,20.66,0.57,86.0
9,1070,34.52,,23.6,0.7,76.0
9,1071,38.1,,24.27,0.67,70.0
9,1072,94.87,,27.5,0.47,143.0
9,1073,73.06,,30.39,0.0,175.0
9,1074,77.29,,31.89,0.0,156.0
9,1075,79.19,,25.72,0.15,163.0
9,1076,70.02,,20.47,0.26,153.0
9,1077,59.77,,23.37,0.31,126.0
9,1078,45.88,,16.18,0.27,93.0
9,1079,46.3,,18.6,0.23,81.0
9,1080,59.7,,21.82,0.35,95.0
9,1081,53.21,,26.4,0.17,107.0
9,1082,50.08,,18.91,0.09,102.0
9,1083,47.66,,21.38,0.22,97.0
9,1084,41.07,,25.36,0.22,91.0
9,1085,45.39,,27.36,0.22,78.0
9,1086,52.1,,21.58,0.34,93.0
9,1087,62.7,,23.85,0.24,109.0
9,1088,38.95,,24.36,0.14,89.0
9,1089,51.21,,23.99,0.24,83.0
9,1090,53.02,,21.51,0.3,88.0
9,1091,79.72,,25.27,0.29,113.0
9,1092,82.28,,23.92,0.1,186.0
9,1093,64.49,,28.09,0.09,148.0
9,1094,52.37,,28.73,0.22,95.0
9,1095,53.72,,20.64,0.28,108.0
9,1096,48.28,,12.16,0.17,77.0
9,1097,51.16,,13.63,0.03,89.0
9,1098,58.46,,14.95,0.0,94.0
9,1099,56.26,,17.75,0.0,105.0
9,1100,113.21,,18.64,0.0,184.0
9,1101,76.77,,17.43,0.0,176.0
9,1102,76.4,,17.86,0.0,158.0
9,1103,62.12,,15.6,0.0,136.0
9,1104,75.69,,16.08,0.0,124.0
9,1105,55.3,,14.02,0.39,121.0
9,1106,66.55,,14.84,1.15,96.0
9,1107,79.23,,18.07,0.94,179.0
9,1108,82.65,,17.84,0.98,156.0
9,1109,164.37,,20.65,1.23,258.0
9,1110,76.62,,14.82,0.93,207.0
9,1111,68.45,,11.26,0.89,147.0
9,1112,74.62,,11.0,0.9,134.0
9,1113,71.04,,16.94,0.83,161.0
9,1114,67.8,,20.78,0.76,129.0
9,1115,70.06,,20.38,0.64,164.0
9,1116,68.89,,22.48,0.68,140.0
9,1117,85.98,,20.48,0.6,180.0
9,1118,70.63,,20.41,0.68,167.0
9,1119,80.58,,19.77,0.62,149.0
9,1120,80.11,,21.32,0.7,164.0
9,1121,84.31,,21.0,0.9,187.0
9,1122,74.03,,18.96,0.83,172.0
9,1123,79.6,,19.89,0.89,161.0
9,1124,71.53,,18.29,0.78,165.0
9,1125,73.21,,18.74,0.82,155.0
9,1126,68.01,,22.09,0.79,148.0
9,1127,72.05,,23.76,0.86,159.0
9,1128,66.15,,22.16,0.79,135.0
9,1129,78.68,,19.5,0.95,167.0
9,1130,74.22,,21.27,0.83,164.0
9,1131,37.64,,17.68,0.75,123.0
9,1132,38.01,,20.26,0.79,79.0
9,1133,44.18,,23.45,0.95,94.0
9,1134,33.44,,19.56,0.94,78.0
9,1135,34.52,,20.56,1.05,78.0
9,1136,49.07,,18.92,1.03,107.0
9,1137,50.86,,20.61,0.97,113.0
9,1138,52.68,,17.7,0.91,131.0
9,1139,46.07,,16.23,0.85,88.0
9,1140,76.41,,19.55,1.0,130.0
9,1141,55.38,,22.9,1.0,138.0
9,1142,63.06,,21.91,0.97,99.0
9,1143,57.82,,16.26,0.85,119.0
9,1144,55.81,,13.41,1.05,113.0
9,1145,70.43,,15.41,0.79,133.0
9,1146,67.83,,14.05,0.8,150.0
9,1147,63.29,,15.79,0.74,118.0
9,1148,74.3,,14.74,0.75,146.0
9,1149,59.12,,14.41,0.73,118.0
9,1150,50.3,,13.99,0.68,95.0
9,1151,48.95,,12.06,0.75,88.0
9,1152,31.53,,11.05,0.71,73.0
9,1153,48.05,,12.98,0.75,76.0
9,1154,73.78,,15.12,0.66,117.0
9,1155,95.58,,15.61,0.66,182.0
9,1156,100.8,,11.85,0.76,234.0
9,1157,52.34,,11.84,0.7,138.0
9,1158,49.83,,12.93,0.76,115.0
9,1159,60.18,,13.37,0.72,113.0
9,1160,43.63,,10.82,0.69,93.0
9,1161,48.43,,12.83,0.69,83.0
9,1162,68.14,,16.63,0.86,113.0
9,1163,82.38,,22.6,0.8,174.0
9,1164,61.5,,16.09,0.84,126.0
9,1165,70.08,,16.87,0.75,128.0
9,1166,59.66,,15.41,0.75,128.0
9,1167,93.32,,14.81,1.03,118.0
9,1168,30.74,,12.19,1.02,153.0
9,1169,26.74,,15.1,0.99,74.0
9,1170,30.99,,17.35,0.95,69.0
9,1171,26.1,,17.5,0.98,78.0
9,1172,37.93,,21.89,1.09,81.0
9,1173,53.22,,18.04,0.88,89.0
9,1174,50.29,,18.55,0.99,88.0
9,1175,65.17,,17.18,0.94,108.0
9,1176,56.5,,19.74,1.18,115.0
9,1177,45.69,,18.66,1.35,93.0
9,1178,56.79,,17.43,0.98,94.0
9,1179,66.3,,13.95,1.14,127.0
9,1180,51.92,,11.45,1.11,117.0
9,1181,50.55,,17.56,1.09,109.0
9,1182,51.77,,19.36,1.07,109.0
9,1183,26.35,,20.71,1.31,90.0
9,1184,22.93,,21.13,0.91,70.0
9,1185,34.85,,17.4,0.88,69.0
9,1186,39.89,,17.85,0.82,75.0
9,1187,45.25,,18.58,0.79,86.0
9,1188,29.45,,21.64,0.74,67.0
9,1189,27.82,,18.82,0.78,68.0
9,1190,36.15,,22.47,0.97,71.0
9,1191,38.02,,19.4,1.07,81.0
9,1192,38.53,,23.13,0.91,103.0
9,1193,35.94,,18.76,0.59,84.0
9,1194,24.52,,16.5,0.58,62.0
9,1195,26.0,,18.95,0.51,70.0
9,1196,36.7,,15.68,0.78,66.0
9,1197,29.62,,18.65,0.77,66.0
9,1198,26.52,,17.92,0.85,61.0
9,1199,43.91,,23.73,0.92,63.0
9,1200,22.23,,20.28,0.86,61.0
9,1201,16.69,,18.36,0.74,59.0
9,1202,21.91,,20.35,0.9,61.0
9,1203,22.75,,21.92,1.06,62.0
9,1204,41.36,,21.77,0.87,56.0
9,1205,27.35,,23.87,0.93,71.0
9,1206,36.7,,23.67,0.82,65.0
9,1207,31.87,,24.81,0.85,66.0
9,1208,31.22,,20.92,0.8,55.0
9,1209,38.58,,21.53,0.78,65.0
9,1210,51.52,,23.98,0.85,76.0
9,1211,41.31,,22.21,0.85,78.0
9,1212,44.01,,26.2,0.81,89.0
9,1213,42.33,,31.66,0.88,74.0
9,1214,29.34,,33.17,0.82,62.0
9,1215,32.08,,31.66,0.84,59.0
9,1216,42.57,,40.82,0.8,68.0
9,1217,50.73,,98.77,1.71,92.0
9,1218,62.94,,70.0,0.91,112.0
9,1219,52.76,,32.62,0.71,111.0
9,1220,76.95,,73.31,0.77,127.0
9,1221,37.39,,79.04,0.8,128.0
9,1222,39.42,,39.13,0.73,77.0
9,1223,48.75,,36.82,0.78,75.0
9,1224,22.47,,39.54,0.74,77.0
9,1225,15.55,,47.0,1.37,94.0
9,1226,22.62,,30.4,0.93,80.0
9,1227,23.19,,27.47,1.1,70.0
9,1228,20.7,,25.94,1.18,74.0
9,1229,28.08,,23.98,1.2,77.0
9,1230,25.14,,24.3,1.15,71.0
9,1231,27.68,,25.39,1.24,79.0
9,1232,27.85,,25.05,1.27,81.0
9,1233,23.7,,24.77,1.16,82.0
9,1234,48.5,,25.61,0.86,70.0
9,1235,35.46,,23.85,0.86,81.0
9,1236,35.53,,22.6,0.85,66.0
9,1237,42.6,,23.98,0.8,64.0
9,1238,52.89,,32.72,0.81,82.0
9,1239,42.53,,24.14,0.84,84.0
9,1240,40.25,,24.44,0.78,73.0
9,1241,28.46,,21.67,0.86,64.0
9,1242,38.2,,20.58,0.88,65.0
9,1243,51.13,,20.89,0.86,79.0
9,1244,47.54,,19.46,0.82,77.0
9,1245,46.07,,20.06,0.84,88.0
9,1246,44.17,,20.48,0.84,82.0
9,1247,56.1,,20.55,0.82,85.0
9,1248,57.69,,23.83,0.81,98.0
9,1249,64.65,,23.29,0.84,124.0
9,1250,50.69,,22.96,0.85,98.0
9,1251,52.68,,22.99,0.76,83.0
9,1252,42.26,,22.66,0.77,86.0
9,1253,50.38,,25.11,0.88,79.0
9,1254,34.9,,22.5,0.83,66.0
9,1255,36.28,,21.78,0.79,71.0
9,1256,41.3,,20.74,0.82,67.0
9,1257,33.79,,19.98,0.79,73.0
9,1258,41.09,,23.47,0.74,73.0
9,1259,43.9,,23.69,0.8,88.0
9,1260,45.77,,32.22,0.85,88.0
9,1261,50.27,,24.55,0.8,91.0
9,1262,66.88,,21.03,0.82,97.0
9,1263,49.62,,21.35,0.83,114.0
9,1264,59.7,,23.76,0.78,86.0
9,1265,48.19,,23.43,0.78,99.0
9,1266,52.41,,20.36,0.81,90.0
9,1267,57.34,,26.73,0.79,104.0
9,1268,60.06,,20.06,0.8,107.0
9,1269,57.98,,20.51,0.79,107.0
9,1270,61.21,,21.55,0.79,102.0
9,1271,55.1,,19.88,0.81,109.0
9,1272,61.59,,21.68,0.8,101.0
9,1273,61.34,,21.88,0.8,112.0
9,1274,76.53,,20.83,0.81,133.0
9,1275,54.64,,20.9,0.81,127.0
9,1276,57.46,,21.91,0.81,98.0
9,1277,81.3,,20.79,0.78,135.0
9,1278,68.11,,19.07,0.79,150.0
9,1279,87.21,,19.61,0.87,150.0
9,1280,54.36,,18.16,0.88,159.0
9,1281,53.97,,19.43,0.86,93.0
9,1282,55.84,,21.43,0.84,97.0
9,1283,78.46,,23.44,0.9,128.0
9,1284,54.32,,24.81,0.84,135.0
9,1285,53.66,,20.86,0.83,80.0
9,1286,62.38,,19.03,0.78,106.0
9,1287,56.32,,19.54,0.82,103.0
9,1288,49.15,,19.78,0.77,97.0
9,1289,44.79,,19.71,0.8,77.0
9,1290,45.82,,23.06,0.77,84.0
9,1291,47.78,,20.11,0.78,76.0
9,1292,50.76,,19.19,0.78,92.0
9,1293,43.0,,18.5,0.73,79.0
9,1294,37.08,,21.86,0.85,66.0
9,1295,41.77,,21.3,0.82,69.0
9,1296,47.86,,20.18,0.81,79.0
9,1297,40.3,,20.54,0.77,71.0
9,1298,46.01,,20.42,0.79,70.0
9,1299,55.78,,19.34,0.83,87.0
9,1300,50.08,,19.84,0.74,101.0
9,1301,49.87,,20.72,0.81,87.0
9,1302,35.67,,20.48,0.81,68.0
9,1303,37.4,,21.36,0.82,63.0
9,1304,41.69,,24.76,0.85,63.0
9,1305,54.4,,25.2,0.81,95.0
9,1306,54.77,,22.76,0.86,97.0
9,1307,45.89,,23.22,0.78,78.0
9,1308,51.13,,25.1,0.82,93.0
9,1309,50.78,,25.12,0.86,80.0
9,1310,39.82,,26.54,0.94,91.0
9,1311,44.27,,22.93,0.79,71.0
9,1312,52.36,,22.68,0.8,79.0
9,1313,60.28,,21.71,0.78,107.0
9,1314,60.81,,22.73,0.83,123.0
9,1315,40.73,,21.88,0.76,96.0
9,1316,26.05,,21.79,0.74,57.0
9,1317,29.65,,21.28,0.81,54.0
9,1318,45.66,,24.69,0.8,63.0
9,1319,30.97,,23.67,0.85,87.0
9,1320,26.95,,20.63,0.79,60.0
9,1321,38.03,,20.26,0.86,60.0
9,1322,35.44,,17.3,0.8,71.0
9,1323,20.43,,16.34,0.73,61.0
9,1324,26.01,,15.11,0.78,53.0
9,1325,60.61,,17.11,0.86,76.0
9,1326,55.4,,18.69,0.85,126.0
9,1327,49.34,,17.73,0.8,111.0
9,1328,69.17,,18.76,0.83,152.0
9,1329,85.12,,16.74,0.73,148.0
9,1330,52.23,,16.0,0.83,161.0
9,1331,34.77,,17.76,0.81,74.0
9,1332,40.39,,16.66,0.83,71.0
9,1333,55.14,,16.2,0.77,106.0
9,1334,32.83,,16.09,0.8,81.0
9,1335,34.87,,18.75,0.9,70.0
9,1336,29.44,,17.38,0.67,62.0
9,1337,32.56,,19.87,0.83,58.0
9,1338,50.7,,16.49,0.82,89.0
9,1339,29.65,,15.98,0.93,83.0
9,1340,38.58,,19.22,0.84,65.0
9,1341,47.56,,20.74,0.78,84.0
9,1342,42.77,,15.68,0.97,83.0
9,1343,54.8,,16.89,0.85,87.0
9,1344,47.98,,16.8,0.72,111.0
9,1345,61.47,,16.96,0.9,93.0
9,1346,48.17,,16.34,0.99,108.0
9,1347,67.78,,16.92,0.93,118.0
9,1348,30.81,,15.16,0.85,115.0
9,1349,41.96,,18.5,0.78,68.0
9,1350,40.59,,16.37,0.85,79.0
9,1351,44.5,,16.44,0.74,70.0
9,1352,45.96,,15.41,0.81,86.0
9,1353,82.38,,14.86,0.76,161.0
9,1354,42.08,,16.23,0.8,112.0
9,1355,43.25,,16.5,0.93,97.0
9,1356,30.77,,19.66,1.1,96.0
9,1357,44.32,,20.0,0.86,92.0
9,1358,24.98,,19.13,0.89,80.0
9,1359,55.76,,21.45,1.09,92.0
9,1360,49.28,,18.84,0.83,109.0
9,1361,50.3,,19.48,0.78,108.0
9,1362,50.51,,14.26,0.67,89.0
9,1363,31.02,,15.16,0.99,111.0
9,1364,43.43,,16.56,0.99,107.0
9,1365,61.73,,14.65,0.94,93.0
9,1366,28.2,,13.68,0.74,111.0
9,1367,22.68,,13.15,0.78,54.0
9,1368,71.65,,13.36,0.66,58.0
9,1369,64.87,,13.77,0.83,157.0
9,1370,32.53,,12.48,1.0,82.0
9,1371,22.28,,13.11,0.97,66.0
9,1372,17.89,,12.81,0.78,63.0
9,1373,20.58,,15.72,1.16,66.0
9,1374,23.68,,18.38,1.05,75.0
9,1375,16.7,,15.29,1.08,81.0
9,1376,34.54,,13.8,0.72,65.0
9,1377,36.11,,17.82,0.85,69.0
9,1378,61.0,,17.82,1.09,96.0
9,1379,70.42,,21.12,0.95,164.0
9,1380,53.49,,19.25,0.88,147.0
9,1381,48.26,,18.38,0.96,90.0
9,1382,39.7,,13.52,0.88,82.0
9,1383,40.74,,15.82,0.66,65.0
9,1384,40.91,,12.85,0.88,70.0
9,1385,29.82,,12.68,0.8,68.0
9,1386,33.85,,15.63,1.06,77.0
9,1387,31.6,,17.18,0.94,67.0
9,1388,39.65,,19.41,1.1,91.0
9,1389,66.17,,22.31,1.12,110.0
9,1390,65.55,,16.62,0.89,124.0
9,1391,168.81,,19.55,0.96,218.0
9,1392,73.57,,20.24,0.63,170.0
9,1393,76.77,,19.44,0.75,160.0
9,1394,72.83,,21.39,0.87,140.0
9,1395,72.24,,19.89,2.03,144.0
9,1396,61.5,,23.1,0.82,126.0
9,1397,59.79,,20.55,0.97,115.0
9,1398,75.15,,19.05,0.84,158.0
9,1399,34.51,,17.96,0.8,98.0
9,1400,28.16,,17.33,1.15,78.0
9,1401,27.63,,17.66,1.09,83.0
9,1402,28.58,,15.78,1.1,89.0
9,1403,35.6,,14.37,0.87,65.0
9,1404,86.21,,13.34,0.79,167.0
9,1405,35.2,,15.35,0.99,85.0
9,1406,55.01,,17.64,1.03,72.0
9,1407,59.06,,18.17,0.99,128.0
9,1408,49.98,,21.91,0.94,96.0
9,1409,74.73,,16.56,1.14,133.0
9,1410,70.81,,20.53,1.22,137.0
9,1411,82.59,,17.52,1.06,155.0
9,1412,92.17,,19.12,1.23,185.0
9,1413,111.04,,22.32,1.19,231.0
9,1414,84.77,,21.1,1.01,210.0
9,1415,47.01,,16.54,0.99,135.0
9,1416,17.03,,14.07,0.98,68.0
9,1417,28.73,,16.46,1.0,71.0
9,1418,31.8,,15.57,0.99,78.0
9,1419,22.03,,13.35,1.03,70.0
9,1420,42.81,,15.15,1.09,72.0
9,1421,20.36,,13.69,0.88,65.0
9,1422,19.76,,17.85,0.92,60.0
9,1423,47.76,,18.11,1.0,70.0
9,1424,92.89,,21.25,0.94,162.0
9,1425,112.05,,18.89,0.95,234.0
9,1426,81.75,,24.37,1.05,211.0
9,1427,65.56,,22.07,1.24,141.0
9,1428,61.8,,20.05,0.94,123.0
9,1429,46.73,,18.07,0.87,90.0
9,1430,47.84,,18.47,0.91,79.0
9,1431,54.15,,19.72,0.85,96.0
9,1432,23.09,,16.96,0.82,74.0
9,1433,30.61,,17.89,1.09,67.0
9,1434,23.0,,17.59,0.98,80.0
9,1435,31.74,,17.71,1.16,86.0
9,1436,47.92,,17.19,1.03,87.0
9,1437,85.53,,16.76,1.06,129.0
9,1438,98.92,,16.05,1.06,221.0
9,1439,98.35,,14.89,1.05,224.0
9,1440,95.16,,16.81,1.39,222.0
9,1441,84.65,,19.54,1.13,196.0
9,1442,86.54,,23.86,1.04,195.0
9,1443,51.85,,20.16,1.05,154.0
9,1444,52.68,,19.97,1.08,86.0
9,1445,87.0,,16.49,0.94,149.0
9,1446,55.49,,14.61,0.77,155.0
9,1447,52.86,,17.97,1.17,89.0
9,1448,73.87,,19.64,1.1,148.0
9,1449,28.98,,15.74,0.97,90.0
9,1450,48.11,,16.31,0.99,78.0
9,1451,38.97,,15.8,0.94,81.0
9,1452,48.35,,15.84,0.84,82.0
9,1453,63.44,,16.53,0.91,109.0
9,1454,67.45,,16.54,1.03,137.0
9,1455,80.95,,17.86,1.04,150.0
9,1456,96.38,,16.16,0.93,217.0
9,1457,111.83,,17.01,1.39,182.0
9,1458,68.25,,16.16,1.08,160.0
9,1459,110.85,,16.27,1.01,205.0
9,1460,100.68,,9.74,0.8,211.0
9,1461,57.67,,11.22,1.01,150.0
9,1462,122.43,,13.22,0.86,212.0
9,1463,54.14,,13.9,1.0,158.0
9,1464,97.13,,14.86,0.99,167.0
9,1465,74.64,,14.64,0.9,192.0
9,1466,74.23,,13.88,0.98,116.0
9,1467,92.7,,14.49,0.86,186.0
9,1468,70.73,,14.19,0.86,168.0
9,1469,59.25,,16.18,0.84,108.0
9,1470,98.11,,13.92,0.85,185.0
9,1471,89.42,,14.95,0.81,181.0
9,1472,129.92,,13.7,0.9,199.0
9,1473,65.08,,12.88,0.89,183.0
9,1474,38.64,,12.93,1.08,105.0
9,1475,58.12,,12.57,0.97,110.0
9,1476,45.89,,11.56,1.2,115.0
9,1477,49.6,,11.33,0.84,97.0
9,1478,68.44,,11.15,0.89,111.0
9,1479,66.96,,11.39,1.04,140.0
9,1480,58.99,,11.74,0.89,131.0
9,1481,40.6,,12.43,0.97,102.0
9,1482,65.59,,12.28,0.92,98.0
9,1483,70.94,,12.25,0.87,176.0
9,1484,27.64,,12.07,0.87,92.0
9,1485,45.17,,12.0,1.01,99.0
9,1486,28.02,,12.21,0.9,73.0
9,1487,19.33,,10.38,0.83,68.0
9,1488,16.58,,10.66,0.97,70.0
9,1489,18.58,,10.43,0.99,71.0
9,1490,41.52,,12.27,1.01,84.0
9,1491,55.3,,12.14,0.97,120.0
9,1492,81.09,,11.73,0.98,144.0
9,1493,42.07,,11.85,0.93,147.0
9,1494,42.72,,12.05,0.93,99.0
9,1495,31.09,,11.26,0.93,84.0
9,1496,46.95,,11.89,0.94,86.0
9,1497,44.37,,12.34,1.01,115.0
9,1498,60.55,,13.45,0.99,149.0
9,1499,52.94,,12.16,1.1,138.0
9,1500,28.42,,11.83,1.07,87.0
9,1501,21.04,,10.92,0.91,77.0
9,1502,12.77,,10.88,1.0,67.0
9,1503,37.37,,10.27,1.04,77.0
9,1504,56.04,,10.73,1.01,126.0
9,1505,106.04,,12.07,0.96,200.0
9,1506,178.54,,11.68,1.03,283.0
9,1507,42.85,,11.22,1.08,187.0
9,1508,45.41,,11.06,0.94,87.0
9,1509,44.51,,10.9,0.92,93.0
9,1510,26.55,,10.6,0.98,80.0
9,1511,17.11,,10.58,0.99,78.0
9,1512,16.6,,11.75,0.91,66.0
9,1513,32.92,,11.21,1.06,75.0
9,1514,37.45,,11.82,1.09,104.0
9,1515,25.55,,13.88,1.01,101.0
9,1516,37.37,,12.35,0.95,89.0
9,1517,74.05,,11.7,1.12,105.0
9,1518,199.98,,12.07,1.08,279.0
9,1519,33.9,,10.65,0.89,127.0
9,1520,87.38,,14.43,0.72,100.0
9,1521,114.56,,11.01,0.82,102.0
9,1522,176.07,,15.07,0.66,252.0
9,1523,38.85,,18.86,0.6,128.0
9,1524,43.48,,13.32,0.81,76.0
9,1525,53.2,,27.1,0.81,87.0
9,1526,58.19,,12.09,0.81,111.0
9,1527,39.87,,20.52,0.78,105.0
9,1528,38.91,,14.39,0.77,85.0
9,1529,36.46,,21.64,0.83,90.0
9,1530,27.7,,44.19,0.67,83.0
9,1531,28.47,,18.38,0.77,66.0
9,1532,52.63,,25.52,0.75,89.0
9,1533,76.63,,23.74,0.91,143.0
9,1534,58.09,,21.05,0.77,155.0
9,1535,52.87,,20.97,0.8,100.0
9,1536,48.11,,24.86,0.71,86.0
9,1537,57.58,,19.0,0.85,106.0
9,1538,37.31,,32.45,0.79,86.0
9,1539,42.32,,21.72,0.81,87.0
9,1540,63.83,,17.29,0.71,103.0
9,1541,50.63,,10.35,0.65,138.0
9,1542,41.01,,12.16,0.84,102.0
9,1543,37.13,,19.38,0.72,95.0
9,1544,34.61,,22.46,0.82,83.0
9,1545,35.94,,17.53,0.77,83.0
9,1546,39.29,,24.94,0.87,87.0
9,1547,33.41,,13.74,0.92,81.0
9,1548,38.14,,16.52,0.71,81.0
9,1549,38.04,,15.39,0.85,73.0
9,1550,37.22,,16.77,0.77,81.0
9,1551,62.24,,14.06,1.05,100.0
9,1552,68.09,,12.5,0.98,130.0
9,1553,49.42,,12.07,0.93,126.0
9,1554,48.12,,14.01,0.93,117.0
9,1555,32.88,,14.81,1.02,89.0
9,1556,36.23,,13.53,1.05,100.0
9,1557,34.35,,15.09,1.1,101.0
9,1558,32.33,,14.5,0.95,99.0
9,1559,54.52,,14.32,0.97,98.0
9,1560,37.03,,17.66,0.94,112.0
9,1561,59.54,,18.69,1.07,111.0
9,1562,56.02,,16.66,1.08,110.0
9,1563,37.18,,16.69,1.0,100.0
9,1564,36.18,,15.55,1.0,79.0
9,1565,31.9,,15.54,0.99,76.0
9,1566,24.24,,13.18,1.1,76.0
9,1567,19.48,,11.66,1.09,70.0
9,1568,17.27,,9.96,1.01,73.0
9,1569,12.95,,10.23,0.9,62.0
9,1570,25.41,,9.13,0.97,66.0
9,1571,24.99,,8.88,1.06,81.0
9,1572,29.32,,10.31,0.98,85.0
9,1573,24.75,,10.58,1.06,74.0
9,1574,29.82,,10.27,0.97,74.0
9,1575,29.52,,11.35,1.06,73.0
9,1576,31.55,,11.27,1.07,76.0
9,1577,35.22,,11.22,0.97,75.0
9,1578,25.49,,11.24,1.01,69.0
9,1579,26.74,,10.97,1.05,71.0
9,1580,26.4,,10.88,1.13,75.0
9,1581,35.36,,11.02,1.13,78.0
9,1582,29.99,,11.74,1.17,80.0
9,1583,30.49,,13.48,1.06,78.0
9,1584,30.39,,14.41,0.99,78.0
9,1585,37.24,,13.77,1.01,80.0
9,1586,38.9,,12.95,1.02,79.0
9,1587,38.07,,13.52,1.08,82.0
9,1588,38.63,,16.66,1.11,83.0
9,1589,42.78,,15.19,1.02,75.0
9,1590,35.59,,16.77,1.14,79.0
9,1591,38.39,,18.05,1.13,77.0
9,1592,65.3,,52.6,1.03,126.0
9,1593,51.8,,34.91,0.92,150.0
9,1594,66.57,,30.03,1.05,135.0
9,1595,66.85,,29.99,1.01,145.0
9,1596,55.19,,24.05,0.85,132.0
9,1597,44.66,,13.84,1.04,107.0
9,1598,41.39,,13.98,1.24,102.0
9,1599,39.71,,13.64,0.76,88.0
9,1600,36.38,,13.84,0.83,83.0
9,1601,22.72,,13.92,0.9,76.0
9,1602,23.34,,14.83,1.0,71.0
9,1603,27.06,,14.39,1.22,80.0
9,1604,45.92,,13.27,1.08,79.0
9,1605,47.34,,11.77,1.07,113.0
9,1606,47.85,,12.34,0.96,124.0
9,1607,48.62,,12.94,1.05,131.0
9,1608,45.57,,13.06,1.17,113.0
9,1609,74.16,,13.81,1.23,132.0
9,1610,54.73,,13.96,1.31,137.0
9,1611,65.19,,14.2,1.03,141.0
9,1612,53.41,,15.62,1.1,156.0
9,1613,45.73,,10.86,0.89,148.0
9,1614,57.97,,10.76,0.77,143.0
9,1615,58.15,,11.26,1.22,161.0
9,1616,60.53,,11.26,1.12,143.0
9,1617,52.59,,11.21,0.92,153.0
9,1618,54.06,,13.32,0.94,132.0
9,1619,42.32,,17.56,1.07,94.0
9,1620,55.84,,17.07,1.06,126.0
9,1621,47.85,,14.7,1.11,119.0
9,1622,54.9,,26.93,1.3,100.0
9,1623,51.79,,27.66,1.31,116.0
9,1624,51.48,,23.0,1.05,119.0
9,1625,37.78,,24.04,1.05,110.0
9,1626,41.03,,34.45,1.09,91.0
9,1627,53.31,,23.57,1.06,89.0
9,1628,42.09,,21.94,0.98,87.0
9,1629,56.12,,24.69,1.0,80.0
9,1630,56.8,,25.31,1.18,108.0
9,1631,41.22,48.55,19.57,0.99,91.0
9,1632,36.82,55.76,21.33,1.04,88.0
9,1633,36.7,52.11,22.3,1.1,92.0
9,1634,39.32,38.33,17.93,0.93,96.0
9,1635,33.86,44.81,18.25,1.16,109.0
9,1636,29.8,24.1,19.87,1.08,101.0
9,1637,103.16,29.59,25.81,1.08,129.0
9,1638,45.52,,18.68,0.94,179.0
9,1639,35.11,,29.01,0.86,69.0
9,1640,45.16,,15.36,0.66,78.0
9,1641,59.22,,21.16,0.79,106.0
9,1642,47.81,,22.21,0.84,123.0
9,1643,33.28,,20.68,0.95,125.0
9,1644,52.55,,19.08,0.79,73.0
9,1645,92.83,,19.12,0.82,174.0
9,1646,49.99,,17.96,0.85,84.0
9,1647,97.96,,18.91,0.93,134.0
9,1648,37.94,,23.03,0.85,85.0
9,1649,48.12,,16.99,0.75,77.0
9,1650,51.95,,17.93,0.82,88.0
9,1651,45.61,,16.8,0.8,92.0
9,1652,30.64,,18.33,0.99,92.0
9,1653,36.62,,23.57,0.92,76.0
9,1654,50.02,,18.51,0.99,81.0
9,1655,34.54,,15.18,0.98,94.0
9,1656,47.45,,13.12,0.77,80.0
9,1657,40.19,,16.5,0.9,99.0
9,1658,30.16,,21.57,0.98,80.0
9,1659,43.75,,22.9,0.98,77.0
9,1660,48.57,,22.73,0.83,85.0
9,1661,30.57,33.87,18.13,0.74,74.0
9,1662,35.63,26.86,18.26,0.94,84.0
9,1663,28.74,31.54,16.17,0.84,87.0
9,1664,27.56,25.38,19.09,0.97,70.0
9,1665,31.04,29.47,18.11,0.85,73.0
9,1666,29.77,23.36,18.57,0.82,73.0
9,1667,45.13,40.85,17.75,0.88,94.0
9,1668,23.22,26.66,18.94,0.86,85.0
9,1669,25.94,36.78,20.83,0.84,66.0
9,1670,32.29,48.3,16.86,0.88,83.0
9,1671,28.07,28.12,15.56,0.8,77.0
9,1672,36.63,53.67,23.47,0.9,74.0
9,1673,33.19,33.25,20.61,0.83,114.0
9,1674,34.12,39.61,16.49,0.83,105.0
9,1675,51.08,32.87,22.26,0.91,129.0
9,1676,51.84,27.2,30.79,0.88,130.0
9,1677,42.23,33.32,33.02,0.78,126.0
9,1678,52.82,14.82,25.52,0.71,105.0
9,1679,26.19,24.39,23.39,0.7,110.0
9,1680,21.07,32.96,16.89,0.62,65.0
9,1681,24.99,25.65,17.69,1.05,84.0
9,1682,22.61,29.99,17.47,0.65,70.0
9,1683,22.66,42.4,16.78,0.64,74.0
9,1684,16.68,30.27,13.39,0.57,76.0
9,1685,18.65,42.25,13.7,0.61,112.0
9,1686,21.83,67.63,14.07,0.9,80.0
9,1687,25.51,47.55,14.06,0.88,106.0
9,1688,19.01,33.79,16.94,0.86,105.0
9,1689,26.43,49.99,17.24,0.89,110.0
9,1690,13.03,27.27,15.33,0.57,82.0
9,1691,13.2,25.96,12.65,0.55,69.0
9,1692,22.64,39.46,18.01,0.94,58.0
9,1693,27.06,,19.07,1.04,68.0
9,1694,29.21,38.5,18.82,1.0,77.0
9,1695,31.43,25.58,16.93,0.71,82.0
9,1696,25.89,80.57,14.8,0.64,52.0
9,1697,17.58,23.46,13.98,0.58,48.0
9,1698,22.35,39.35,13.79,0.61,47.0
9,1699,17.46,33.33,17.31,0.62,57.0
9,1700,18.64,25.63,19.81,0.59,48.0
9,1701,20.57,37.57,15.76,0.62,104.0
9,1702,25.15,29.91,15.8,0.67,51.0
9,1703,22.87,39.16,14.85,0.73,101.0
9,1704,27.11,55.11,14.73,0.75,121.0
9,1705,26.91,45.12,14.12,0.78,122.0
9,1706,30.64,46.36,15.41,1.05,108.0
9,1707,29.69,26.98,17.05,1.0,100.0
9,1708,35.06,35.58,18.79,0.93,146.0
9,1709,22.29,22.95,18.59,0.82,70.0
9,1710,25.84,39.75,22.76,0.81,75.0
9,1711,26.37,61.74,13.94,0.78,105.0
9,1712,22.62,,11.39,1.05,76.0
9,1713,37.51,72.52,13.31,0.85,76.0
9,1714,37.85,55.29,12.45,0.75,111.0
9,1715,39.26,51.62,12.23,0.86,150.0
9,1716,23.59,73.02,11.72,0.83,103.0
9,1717,27.36,46.3,11.32,0.71,78.0
9,1718,23.45,43.81,11.69,0.46,81.0
9,1719,20.82,38.66,10.29,0.64,89.0
9,1720,28.74,40.41,10.53,0.88,100.0
9,1721,22.59,32.44,11.14,0.92,96.0
9,1722,26.98,45.52,12.0,0.99,105.0
9,1723,23.18,26.53,12.44,1.15,95.0
9,1724,38.04,56.21,11.43,1.15,120.0
9,1725,33.44,71.07,13.74,0.83,106.0
9,1726,43.67,101.54,16.38,1.12,126.0
9,1727,61.94,86.53,12.87,0.76,135.0
9,1728,35.03,61.6,11.77,0.9,114.0
9,1729,16.9,37.12,10.73,0.86,93.0
9,1730,14.27,30.32,10.79,0.93,99.0
9,1731,17.76,45.69,10.05,0.89,103.0
9,1732,20.99,53.49,10.69,0.68,105.0
9,1733,25.87,39.41,9.1,0.88,116.0
9,1734,23.02,39.11,11.32,0.78,106.0
9,1735,41.82,87.5,13.2,0.84,109.0
9,1736,32.4,46.68,14.87,0.8,122.0
9,1737,31.1,25.97,13.87,0.83,110.0
9,1738,23.49,52.0,12.89,0.81,72.0
9,1739,47.4,40.58,15.4,0.63,78.0
9,1740,19.32,91.05,13.42,0.77,145.0
9,1741,58.64,66.67,24.13,0.75,108.0
9,1742,36.56,94.02,19.29,0.81,141.0
9,1743,24.5,79.42,21.5,0.87,114.0
9,1744,21.13,67.66,20.03,0.8,92.0
9,1745,21.2,55.08,12.98,0.76,87.0
9,1746,16.34,72.77,13.05,0.56,92.0
9,1747,14.93,34.46,12.82,0.67,89.0
9,1748,21.14,60.99,10.65,0.61,86.0
9,1749,20.33,42.85,14.28,0.68,75.0
9,1750,17.58,27.06,13.95,0.68,64.0
9,1751,30.95,31.76,14.72,0.81,61.0
9,1752,32.0,36.8,13.39,0.77,80.0
9,1753,31.76,36.51,16.52,0.6,75.0
9,1754,35.03,50.72,15.91,0.87,73.0
9,1755,26.55,26.19,14.07,0.85,71.0
9,1756,28.47,28.65,15.97,0.85,69.0
9,1757,40.0,47.83,13.91,0.9,81.0
9,1758,35.34,61.61,22.06,0.92,67.0
9,1759,46.48,75.12,29.32,0.95,86.0
9,1760,95.49,111.38,17.79,0.73,121.0
9,1761,153.73,196.29,18.36,1.34,306.0
9,1762,54.13,72.84,26.17,1.42,208.0
9,1763,31.22,46.07,33.68,0.8,83.0
9,1764,34.65,32.13,28.92,0.78,84.0
9,1765,87.99,56.38,27.43,0.99,141.0
9,1766,40.78,56.24,22.47,1.04,133.0
9,1767,34.45,70.97,15.48,0.71,76.0
9,1768,70.95,,16.78,0.87,91.0
9,1769,115.35,241.6,19.41,0.98,222.0
9,1770,98.83,181.03,19.12,1.08,261.0
9,1771,105.94,183.42,18.98,1.09,229.0
9,1772,121.43,201.76,18.15,1.04,273.0
9,1773,142.9,196.37,17.94,0.96,294.0
9,1774,96.8,172.27,13.83,0.86,253.0
9,1775,93.13,198.2,13.01,0.98,230.0
9,1776,61.45,104.29,14.86,0.82,192.0
9,1777,31.32,71.74,15.61,0.54,77.0
9,1778,37.23,109.85,13.89,0.52,76.0
9,1779,19.18,66.95,11.17,0.47,92.0
9,1780,21.99,52.7,15.3,0.52,84.0
9,1781,44.91,80.85,14.58,0.54,57.0
9,1782,56.9,154.66,14.19,0.53,122.0
9,1783,26.91,125.72,11.86,0.46,90.0
9,1784,28.52,37.66,11.17,0.55,63.0
9,1785,20.95,34.1,10.0,0.46,47.0
9,1786,33.55,70.14,10.78,0.47,56.0
9,1787,31.16,50.45,10.19,0.46,60.0
9,1788,46.05,59.79,15.6,0.47,64.0
9,1789,59.64,65.54,12.43,0.49,110.0
9,1790,44.81,63.09,12.6,0.47,86.0
9,1791,53.33,84.65,21.97,0.52,77.0
9,1792,37.8,80.2,12.54,0.53,80.0
9,1793,30.56,62.56,20.28,0.52,63.0
9,1794,21.08,54.48,10.09,0.45,53.0
9,1795,18.45,62.97,12.09,0.38,48.0
9,1796,17.79,52.26,12.66,0.47,60.0
9,1797,21.17,41.24,11.51,0.44,49.0
9,1798,36.17,82.52,12.03,0.54,56.0
9,1799,37.56,87.09,11.2,0.52,71.0
9,1800,62.41,78.57,11.1,0.44,93.0
9,1801,53.68,89.09,13.29,0.55,107.0
9,1802,34.82,35.98,15.86,0.91,76.0
9,1803,35.41,44.05,21.19,0.93,69.0
9,1804,27.57,42.96,26.96,0.71,61.0
9,1805,37.72,,19.62,0.6,56.0
9,1806,36.55,27.38,23.21,0.73,72.0
9,1807,27.78,38.29,16.54,0.54,62.0
9,1808,34.16,42.32,18.49,0.56,52.0
9,1809,40.78,52.46,21.13,0.72,68.0
9,1810,35.6,44.1,19.49,0.64,70.0
9,1811,31.23,31.47,18.27,0.7,59.0
9,1812,44.04,56.34,17.87,0.53,62.0
9,1813,48.07,49.98,17.69,0.52,92.0
9,1814,52.28,67.54,16.88,0.53,83.0
9,1815,65.45,84.77,16.87,0.66,106.0
9,1816,72.57,79.66,18.47,0.69,126.0
9,1817,57.74,59.56,16.14,0.6,134.0
9,1818,52.75,60.37,19.05,0.69,92.0
9,1819,53.51,84.11,19.46,0.6,99.0
9,1820,54.37,73.9,19.74,0.75,99.0
9,1821,58.43,74.13,20.28,0.72,110.0
9,1822,31.88,59.15,17.66,0.54,77.0
9,1823,36.94,63.7,20.27,0.65,65.0
9,1824,52.48,69.8,14.61,0.62,92.0
9,1825,38.74,46.37,14.2,0.57,83.0
9,1826,45.49,66.8,15.44,0.61,84.0
9,1827,28.25,40.44,12.66,0.65,70.0
9,1828,27.59,23.01,11.47,0.76,57.0
9,1829,32.16,36.63,10.95,0.97,74.0
9,1830,30.49,44.9,11.49,0.87,64.0
9,1831,23.37,30.76,8.69,0.77,62.0
9,1832,19.45,25.87,10.41,0.83,61.0
9,1833,33.54,40.38,12.16,0.55,55.0
9,1834,42.22,61.8,17.3,0.55,73.0
9,1835,42.16,75.24,17.47,0.78,79.0
9,1836,40.76,69.94,17.3,0.77,74.0
9,1837,39.81,71.75,18.69,0.79,72.0
9,1838,58.38,73.51,14.35,0.85,83.0
9,1839,74.12,122.43,16.68,0.88,140.0
9,1840,122.88,168.34,20.24,1.1,230.0
9,1841,48.06,66.92,13.76,0.65,168.0
9,1842,34.09,44.39,12.32,0.65,74.0
9,1843,35.33,53.18,11.1,0.7,62.0
9,1844,28.67,28.47,10.68,0.84,65.0
9,1845,31.17,33.25,17.08,0.78,67.0
9,1846,37.66,53.48,23.7,0.88,69.0
9,1847,44.91,60.17,22.62,0.8,85.0
9,1848,47.95,64.49,20.03,0.89,93.0
9,1849,59.95,85.4,16.9,0.87,104.0
9,1850,62.34,112.61,24.68,0.97,123.0
9,1851,50.48,95.63,20.2,0.9,110.0
9,1852,41.74,86.84,16.43,0.9,87.0
9,1853,47.26,79.24,18.37,1.08,78.0
9,1854,53.66,69.03,17.4,1.11,85.0
9,1855,52.29,65.93,14.74,1.02,84.0
9,1856,43.82,59.48,14.87,0.94,87.0
9,1857,36.56,53.23,14.02,1.09,78.0
9,1858,32.4,50.04,13.12,0.86,63.0
9,1859,30.58,38.29,12.12,0.77,55.0
9,1860,37.52,57.78,13.74,0.88,63.0
9,1861,39.6,65.6,10.92,0.88,74.0
9,1862,39.93,59.04,13.26,0.84,94.0
9,1863,40.05,56.19,19.32,0.91,89.0
9,1864,36.32,55.83,14.12,0.78,75.0
9,1865,28.45,49.06,10.61,0.77,64.0
9,1866,28.1,43.78,8.77,0.8,61.0
9,1867,35.41,61.47,10.09,0.73,58.0
9,1868,29.12,67.85,19.96,0.84,69.0
9,1869,32.17,78.26,22.0,0.86,81.0
9,1870,49.48,98.17,18.01,0.93,93.0
9,1871,56.85,102.04,17.3,1.02,118.0
9,1872,54.82,84.0,17.74,0.9,121.0
9,1873,35.13,53.43,12.71,0.78,82.0
9,1874,34.25,64.36,13.64,0.77,72.0
9,1875,41.49,79.79,18.11,0.96,85.0
9,1876,42.95,94.21,14.71,0.77,84.0
9,1877,35.52,69.95,14.09,0.67,77.0
9,1878,38.88,125.87,19.91,0.83,75.0
9,1879,29.2,51.45,8.63,0.86,76.0
9,1880,28.75,53.6,8.88,0.72,65.0
9,1881,31.07,73.54,10.95,0.97,77.0
9,1882,33.9,56.99,12.69,0.9,81.0
9,1883,39.25,63.4,8.88,0.58,84.0
9,1884,42.97,72.05,8.7,0.67,83.0
9,1885,33.08,49.17,11.08,0.77,75.0
9,1886,36.15,84.54,14.62,0.69,72.0
9,1887,35.99,43.7,9.2,0.55,80.0
9,1888,43.6,64.94,13.01,0.66,76.0
9,1889,42.16,94.26,16.26,0.64,96.0
9,1890,33.29,66.83,15.71,0.7,84.0
9,1891,26.69,29.86,14.04,0.74,77.0
9,1892,24.95,25.63,9.72,0.75,61.0
9,1893,30.94,27.06,10.66,0.65,69.0
9,1894,21.85,25.97,6.21,0.62,57.0
9,1895,25.93,34.85,8.54,0.71,65.0
9,1896,27.37,41.72,10.56,0.55,61.0
9,1897,16.69,38.14,7.98,0.63,76.0
9,1898,24.94,41.38,8.75,0.74,65.0
9,1899,35.65,33.31,16.97,0.96,72.0
9,1900,39.29,46.44,15.67,0.7,74.0
9,1901,38.48,51.07,10.34,0.55,79.0
9,1902,33.26,5.29,10.44,0.86,66.0
9,1903,41.56,123.82,9.17,0.86,76.0
9,1904,39.41,4.94,8.1,0.87,92.0
9,1905,44.73,6.39,10.09,0.87,88.0
9,1906,32.68,4.82,8.56,0.91,95.0
9,1907,29.1,1.8,8.49,0.97,80.0
9,1908,39.42,,5.39,0.85,71.0
9,1909,31.91,0.21,7.85,0.94,73.0
9,1910,24.22,6.07,6.91,0.61,57.0
9,1911,22.43,1.63,4.38,0.65,58.0
9,1912,31.57,4.06,7.22,0.55,54.0
9,1913,27.6,0.62,4.85,0.51,59.0
9,1914,34.81,1.55,4.91,0.56,55.0
9,1915,26.79,111.83,7.21,0.52,53.0
9,1916,29.31,162.67,9.78,0.52,50.0
9,1917,31.56,185.25,8.57,0.51,60.0
9,1918,32.94,3.73,10.39,0.62,75.0
9,1919,31.17,170.09,8.54,0.61,74.0
9,1920,24.81,183.34,7.25,0.59,72.0
9,1921,20.77,291.75,7.11,0.58,67.0
9,1922,21.59,177.96,7.27,0.55,66.0
9,1923,14.27,119.96,9.43,0.61,57.0
9,1924,11.9,151.3,9.57,0.59,55.0
9,1925,14.77,288.68,7.9,0.57,55.0
9,1926,14.71,180.01,12.74,0.57,55.0
9,1927,41.02,,12.87,0.56,80.0
9,1928,15.66,,11.18,0.57,60.0
9,1929,14.86,,10.38,0.65,59.0
9,1930,17.95,,12.1,0.66,64.0
9,1931,17.87,,9.58,0.59,65.0
9,1932,14.64,,8.34,0.59,62.0
9,1933,20.3,,8.1,0.61,65.0
9,1934,8.43,,5.33,0.58,65.0
9,1935,8.94,,7.29,0.6,56.0
9,1936,8.1,,5.34,0.58,59.0
9,1937,9.71,,4.08,0.55,59.0
9,1938,10.67,,4.48,0.64,61.0
9,1939,12.65,,8.04,0.58,60.0
9,1940,8.06,,11.64,0.59,56.0
9,1941,8.08,,10.61,0.66,58.0
9,1942,10.46,,11.07,0.68,67.0
9,1943,10.76,,12.01,0.78,66.0
9,1944,10.46,,6.92,0.75,60.0
9,1945,6.55,,5.65,0.7,68.0
9,1946,11.11,,6.85,0.68,69.0
9,1947,10.39,,11.18,0.67,70.0
9,1948,14.13,,5.39,0.73,71.0
9,1949,13.08,,4.25,0.7,70.0
9,1950,11.67,,3.73,0.75,71.0
9,1951,7.03,,4.1,0.7,66.0
9,1952,19.68,,4.13,0.75,81.0
9,1953,10.11,,5.59,0.69,78.0
9,1954,11.23,,5.48,0.76,73.0
9,1955,11.72,,5.17,0.72,76.0
9,1956,9.99,,4.57,0.69,65.0
9,1957,9.64,,5.09,0.72,69.0
9,1958,8.36,,5.29,0.71,66.0
9,1959,8.82,,5.42,0.72,68.0
9,1960,15.57,,5.26,0.66,69.0
9,1961,8.72,,7.32,0.7,77.0
9,1962,20.25,,10.11,0.83,70.0
9,1963,28.71,,5.45,0.84,82.0
9,1964,10.99,,8.16,0.7,68.0
9,1965,18.49,,8.74,1.06,76.0
9,1966,28.06,,15.18,0.93,82.0
9,1967,30.39,,14.36,1.01,90.0
9,1968,27.01,,12.19,1.01,92.0
9,1969,23.02,,11.32,0.95,102.0
9,1970,21.24,,10.08,0.84,77.0
9,1971,22.78,,9.37,1.12,81.0
9,1972,25.2,33.86,9.59,1.01,79.0
9,1973,27.82,311.98,8.96,1.0,79.0
9,1974,20.0,234.46,9.65,1.07,77.0
9,1975,31.03,,10.58,1.12,79.0
9,1976,38.3,,13.54,1.11,112.0
9,1977,33.99,,9.69,0.94,105.0
9,1978,18.85,127.81,7.97,1.02,88.0
9,1979,36.15,346.73,10.07,1.16,101.0
9,1980,18.83,25.52,9.24,1.07,95.0
9,1981,20.61,13.84,9.41,1.01,76.0
9,1982,18.5,76.53,8.64,1.05,99.0
9,1983,18.53,27.33,9.51,1.09,81.0
9,1984,40.73,42.38,10.97,1.17,92.0
9,1985,20.52,142.52,12.19,1.17,128.0
9,1986,23.04,72.71,12.62,1.16,85.0
9,1987,22.43,32.25,16.08,0.96,87.0
9,1988,30.42,,13.97,0.83,80.0
9,1989,26.37,40.69,11.45,1.21,106.0
9,1990,104.45,25.05,13.24,1.2,169.0
9,1991,20.76,35.25,11.16,1.01,112.0
9,1992,20.17,56.04,14.53,1.03,80.0
9,1993,19.34,43.22,11.06,1.17,79.0
9,1994,24.1,42.54,12.26,1.18,86.0
9,1995,32.37,43.27,15.03,1.08,96.0
9,1996,23.89,41.27,17.22,1.21,112.0
9,1997,29.8,48.4,15.56,1.05,109.0
9,1998,89.92,50.56,14.48,1.12,152.0
9,1999,26.53,55.74,13.11,1.08,140.0
9,2000,23.55,35.3,8.94,1.12,106.0
9,2001,18.95,24.27,11.11,1.13,109.0
9,2002,28.83,31.28,9.57,1.07,102.0
9,2003,23.13,35.95,10.74,1.1,108.0
9,2004,23.75,38.41,7.94,1.14,95.0
9,2005,26.42,39.3,12.96,1.1,95.0
9,2006,25.93,45.54,10.0,0.76,98.0
9,2007,21.3,22.21,9.69,0.96,104.0
9,2008,24.14,30.66,12.38,1.05,110.0
9,2009,15.95,4.85,10.72,1.02,92.0
10,1624,38.46,43.49,4.31,1.16,
10,1625,21.57,27.05,4.95,1.14,65.0
10,1626,25.27,32.08,5.35,1.18,66.0
10,1627,30.04,35.85,6.23,1.15,60.0
10,1628,24.54,31.41,4.1,1.11,62.0
10,1629,33.9,46.17,4.63,1.2,64.0
10,1630,52.45,60.71,4.83,1.29,76.0
10,1631,41.86,53.51,5.13,1.23,82.0
10,1632,31.96,40.35,8.43,1.06,68.0
10,1633,30.91,41.09,11.82,1.37,
10,1634,25.27,31.0,9.76,1.13,67.0
10,1635,14.62,21.66,7.23,0.92,58.0
10,1636,31.72,40.05,9.86,1.01,53.0
10,1637,45.61,58.71,8.76,1.07,73.0
10,1638,47.61,60.24,9.09,1.08,75.0
10,1639,40.11,58.23,8.03,1.09,72.0
10,1640,40.07,54.75,7.6,1.09,66.0
10,1641,39.21,54.24,7.64,1.05,68.0
10,1642,24.28,33.56,5.44,0.91,56.0
10,1643,25.21,39.66,7.22,0.89,46.0
10,1644,32.92,46.75,8.87,1.13,61.0
10,1645,32.66,44.95,8.66,1.14,64.0
10,1646,40.89,49.26,9.57,1.11,64.0
10,1647,31.52,39.65,7.96,1.19,70.0
10,1648,34.24,42.61,7.25,1.29,78.0
10,1649,18.28,24.06,5.0,1.02,64.0
10,1650,20.57,30.17,9.03,1.08,57.0
10,1651,22.24,30.83,16.56,1.1,60.0
10,1652,32.66,42.31,16.06,1.12,60.0
10,1653,38.05,50.06,18.12,1.16,62.0
10,1654,43.69,57.64,16.21,1.21,70.0
10,1655,33.18,43.18,16.49,1.2,68.0
10,1656,20.3,28.53,15.35,1.08,58.0
10,1657,25.52,37.46,15.81,1.17,61.0
10,1658,33.77,60.13,16.19,1.11,67.0
10,1659,26.0,34.04,16.04,1.03,59.0
10,1660,,34.95,18.42,1.05,
10,1661,34.66,21.7,17.44,1.34,
10,1662,40.3,45.39,16.03,1.44,
10,1663,23.53,25.85,14.15,1.34,75.0
10,1664,18.46,23.48,14.24,1.28,67.0
10,1665,24.63,30.93,14.46,1.33,71.0
10,1666,28.19,45.47,14.71,1.32,71.0
10,1667,29.67,39.09,15.24,1.34,74.0
10,1668,22.93,30.85,14.95,1.36,73.0
10,1669,42.15,49.46,14.55,1.41,77.0
10,1670,33.16,46.87,13.11,1.3,77.0
10,1671,37.3,49.5,17.11,1.43,76.0
10,1672,36.5,47.87,14.28,1.4,80.0
10,1673,46.54,60.6,15.3,1.47,80.0
10,1674,30.42,46.23,14.59,1.4,78.0
10,1675,32.04,42.82,13.03,1.47,79.0
10,1676,17.83,24.72,11.43,1.42,78.0
10,1677,8.99,13.35,10.06,1.3,66.0
10,1678,16.17,22.18,10.12,1.4,72.0
10,1679,26.24,31.0,10.66,1.53,81.0
10,1680,28.94,36.56,10.68,1.59,
10,1681,27.31,33.33,9.81,1.48,85.0
10,1682,13.02,21.58,7.31,1.3,73.0
10,1683,16.04,18.93,6.16,1.38,76.0
10,1684,17.98,22.41,5.97,1.32,78.0
10,1685,23.38,28.34,7.36,1.33,69.0
10,1686,30.14,36.58,8.29,1.37,73.0
10,1687,27.15,32.37,8.65,1.47,79.0
10,1688,18.39,21.44,6.9,1.32,77.0
10,1689,22.4,28.27,7.83,1.37,75.0
10,1690,34.0,39.77,8.4,1.46,78.0
10,1691,20.52,25.03,7.08,1.38,72.0
10,1692,25.72,30.68,8.11,1.45,76.0
10,1693,35.3,44.65,8.84,1.48,80.0
10,1694,26.08,38.26,7.94,1.48,78.0
10,1695,23.94,36.68,7.75,1.44,79.0
10,1696,24.59,36.39,7.15,1.45,75.0
10,1697,26.58,37.85,7.44,1.51,80.0
10,1698,12.12,17.22,6.65,1.38,73.0
10,1699,18.07,29.03,6.63,1.44,78.0
10,1700,18.29,26.21,7.67,1.58,89.0
10,1701,32.63,26.27,8.72,1.51,
10,1702,,,8.98,1.49,
10,1703,,,8.4,1.48,
10,1704,18.46,32.25,9.6,1.53,
10,1705,14.18,19.5,7.81,1.51,87.0
10,1706,10.99,16.31,9.74,1.6,90.0
10,1707,19.54,25.15,10.78,1.66,94.0
10,1708,20.2,34.12,10.91,1.65,94.0
10,1709,22.45,32.45,8.44,1.86,98.0
10,1710,16.71,26.91,5.04,1.73,96.0
10,1711,15.74,22.09,5.83,1.68,98.0
10,1712,10.25,14.91,3.29,1.52,85.0
10,1713,15.48,27.15,4.61,1.5,78.0
10,1714,19.25,26.54,7.04,1.48,76.0
10,1715,18.36,25.52,3.62,1.58,
10,1716,18.33,24.32,4.4,1.56,83.0
10,1717,24.77,30.35,6.82,1.62,84.0
10,1718,30.56,38.2,6.43,1.63,88.0
10,1719,17.2,21.19,4.44,1.51,82.0
10,1720,23.29,28.7,3.11,1.59,86.0
10,1721,24.66,30.55,3.2,1.61,85.0
10,1722,21.46,30.93,3.78,1.64,88.0
10,1723,15.12,17.74,7.26,1.6,90.0
10,1724,28.17,92.79,12.36,1.63,95.0
10,1725,32.52,32.53,12.85,1.39,98.0
10,1726,23.5,28.44,9.9,1.42,78.0
10,1727,24.67,35.74,12.88,1.43,73.0
10,1728,29.16,34.32,16.04,1.47,78.0
10,1729,32.48,39.58,10.18,1.49,82.0
10,1730,22.37,33.05,8.98,1.49,81.0
10,1731,32.43,40.51,13.46,1.68,93.0
10,1732,28.91,36.33,15.53,1.75,95.0
10,1733,27.22,33.02,8.08,1.69,95.0
10,1734,25.04,32.78,8.1,1.72,94.0
10,1735,33.09,37.68,9.07,1.71,94.0
10,1736,31.11,34.26,6.01,1.71,96.0
10,1737,38.4,46.39,7.5,1.74,94.0
10,1738,39.31,53.54,7.16,1.75,96.0
10,1739,29.37,39.73,7.82,1.76,94.0
10,1740,29.47,37.82,4.88,1.64,88.0
10,1741,20.54,25.22,2.78,1.57,85.0
10,1742,14.83,17.47,3.07,1.54,81.0
10,1743,37.4,42.97,6.55,1.71,91.0
10,1744,33.08,40.8,12.03,1.77,95.0
10,1745,36.99,45.64,23.55,1.78,95.0
10,1746,27.83,35.86,14.49,1.74,93.0
10,1747,11.52,14.79,7.54,1.65,90.0
10,1748,23.68,34.51,30.1,2.17,102.0
10,1749,30.55,36.22,40.93,2.13,108.0
10,1750,28.58,44.21,33.12,2.15,108.0
10,1751,19.33,26.65,19.61,1.99,106.0
10,1752,23.09,26.71,15.74,1.91,101.0
10,1753,24.05,27.29,18.1,2.0,99.0
10,1754,15.22,19.27,11.09,1.85,
10,1755,26.5,30.81,10.77,1.8,93.0
10,1756,20.96,23.61,10.32,1.74,90.0
10,1757,13.91,21.06,9.24,1.7,88.0
10,1758,17.97,19.39,5.85,1.73,92.0
10,1759,26.81,34.61,6.07,1.7,91.0
10,1760,9.46,12.44,5.43,1.61,85.0
10,1761,17.27,19.03,14.64,1.75,88.0
10,1762,25.98,27.64,15.0,1.88,
10,1763,18.79,22.86,13.75,1.9,100.0
10,1764,7.62,15.8,13.31,1.9,99.0
10,1765,11.63,19.73,10.5,1.28,92.0
10,1766,21.96,32.03,19.43,0.61,48.0
10,1767,41.93,48.23,26.71,0.91,67.0
10,1768,23.94,26.71,18.38,0.8,88.0
10,1769,31.97,45.71,26.66,0.88,102.0
10,1770,48.43,62.59,31.98,0.73,93.0
10,1771,44.09,56.54,21.36,0.27,85.0
10,1772,42.52,55.08,22.85,0.3,72.0
10,1773,29.68,44.27,20.4,0.31,66.0
10,1774,33.6,39.11,17.88,0.33,70.0
10,1775,23.15,25.42,14.92,0.28,69.0
10,1776,37.65,50.65,29.58,0.53,83.0
10,1777,52.48,61.45,31.26,0.58,74.0
10,1778,37.83,47.3,26.77,0.45,84.0
10,1779,43.18,49.36,28.47,0.47,67.0
10,1780,36.48,43.78,23.84,0.42,70.0
10,1781,37.91,42.54,23.99,0.43,67.0
10,1782,30.69,32.7,16.58,0.45,69.0
10,1783,26.19,32.17,23.71,0.56,
10,1784,28.62,39.01,31.32,0.52,54.0
10,1785,40.62,55.44,31.43,0.64,68.0
10,1786,27.97,33.76,22.97,0.65,61.0
10,1787,40.82,60.26,28.22,1.01,68.0
10,1788,37.61,47.12,30.24,0.86,68.0
10,1789,40.82,47.48,25.42,0.72,73.0
10,1790,45.61,59.47,25.28,0.73,71.0
10,1791,44.08,56.18,29.24,0.78,78.0
10,1792,35.34,45.8,23.67,0.72,66.0
10,1793,37.45,56.98,27.06,0.76,59.0
10,1794,28.59,39.6,24.31,0.74,67.0
10,1795,24.58,28.98,27.19,0.69,57.0
10,1796,14.62,25.64,13.32,0.5,45.0
10,1797,16.63,25.53,16.82,0.55,37.0
10,1798,21.13,34.41,25.12,0.72,48.0
10,1799,36.7,57.77,23.8,0.64,61.0
10,1800,50.37,69.92,32.17,0.64,70.0
10,1801,63.1,73.83,29.72,0.64,108.0
10,1802,47.21,53.76,28.01,0.64,91.0
10,1803,22.85,26.88,16.03,0.55,65.0
10,1804,30.38,40.05,27.02,0.63,63.0
10,1805,33.68,55.88,28.68,0.58,69.0
10,1806,36.58,56.89,22.38,0.75,73.0
10,1807,36.78,46.35,0.09,0.76,80.0
10,1808,30.23,41.54,,0.78,66.0
10,1809,23.77,26.0,,0.87,60.0
10,1810,20.89,24.61,,0.73,64.0
10,1811,33.1,44.79,,0.88,58.0
10,1812,41.65,48.33,,0.98,68.0
10,1813,54.83,64.85,,1.19,77.0
10,1814,40.64,47.08,67.46,1.22,66.0
10,1815,47.34,57.42,61.67,1.25,78.0
10,1816,61.83,64.64,28.01,1.1,86.0
10,1817,48.62,49.33,43.86,0.94,
10,1818,52.93,61.52,41.45,0.93,82.0
10,1819,45.62,51.92,43.21,0.9,84.0
10,1820,25.47,29.67,38.57,0.95,68.0
10,1821,44.69,55.01,32.72,0.69,60.0
10,1822,50.32,59.46,17.86,0.31,88.0
10,1823,29.87,37.2,16.25,0.05,74.0
10,1824,37.97,41.65,17.98,0.08,65.0
10,1825,46.3,59.72,22.7,0.21,87.0
10,1826,45.86,55.02,25.69,0.25,80.0
10,1827,35.43,43.42,10.99,0.24,69.0
10,1828,35.5,47.63,11.44,0.23,59.0
10,1829,30.71,43.01,57.52,0.3,55.0
10,1830,35.75,46.27,54.12,0.35,60.0
10,1831,37.35,42.38,32.55,0.27,67.0
10,1832,33.6,45.27,2.76,0.2,58.0
10,1833,26.73,38.02,5.88,0.15,55.0
10,1834,34.26,58.5,13.85,0.17,60.0
10,1835,45.82,57.87,,0.3,77.0
10,1836,44.68,59.03,58.36,0.24,84.0
10,1837,36.16,48.06,52.78,0.22,72.0
10,1838,46.28,54.42,56.59,0.28,79.0
10,1839,56.33,62.29,76.87,0.28,84.0
10,1840,56.49,59.76,67.22,0.25,100.0
10,1841,45.78,47.38,60.29,0.16,90.0
10,1842,32.48,35.77,61.69,0.1,83.0
10,1843,31.88,36.05,67.32,0.16,83.0
10,1844,30.91,37.46,58.28,0.16,83.0
10,1845,21.93,24.0,58.35,0.11,70.0
10,1846,24.39,32.93,45.88,0.17,78.0
10,1847,31.25,44.99,16.24,0.16,75.0
10,1848,35.25,46.52,16.01,0.23,74.0
10,1849,42.81,50.62,17.48,0.3,61.0
10,1850,55.44,66.16,23.03,0.44,
10,1851,26.3,48.92,30.95,0.53,98.0
10,1852,26.64,50.08,35.97,0.4,89.0
10,1853,31.1,60.39,46.36,0.45,83.0
10,1854,58.52,106.0,51.57,0.35,87.0
10,1855,45.36,59.48,41.31,0.15,101.0
10,1856,46.67,62.62,32.5,0.28,81.0
10,1857,43.84,56.9,20.93,0.42,78.0
10,1858,36.23,46.99,14.64,0.33,74.0
10,1859,33.16,38.77,9.66,0.28,70.0
10,1860,37.73,50.33,43.14,0.38,72.0
10,1861,37.27,50.48,62.1,0.49,72.0
10,1862,43.04,70.79,83.07,0.32,97.0
10,1863,42.24,56.3,66.14,0.27,103.0
10,1864,38.17,50.14,55.45,0.2,78.0
10,1865,35.23,45.7,46.19,0.17,82.0
10,1866,27.46,34.34,38.61,0.09,67.0
10,1867,36.0,45.45,30.57,0.19,64.0
10,1868,32.89,48.87,21.79,0.39,69.0
10,1869,35.96,50.0,21.83,0.6,65.0
10,1870,46.63,58.56,32.29,0.61,84.0
10,1871,45.39,58.1,41.53,0.78,94.0
10,1872,55.39,66.71,42.62,0.8,120.0
10,1873,44.6,50.0,35.34,0.68,119.0
10,1874,35.46,47.76,29.08,0.68,101.0
10,1875,40.44,53.49,27.68,0.72,100.0
10,1876,49.23,64.04,29.87,0.71,99.0
10,1877,47.22,54.3,17.71,0.55,85.0
10,1878,26.26,28.47,23.45,1.05,
10,1879,33.9,41.24,28.86,0.88,61.0
10,1880,41.89,44.26,31.26,0.92,74.0
10,1881,49.67,63.92,30.89,0.96,81.0
10,1882,43.19,80.52,37.31,1.02,91.0
10,1883,40.65,57.11,29.17,0.95,86.0
10,1884,39.84,54.32,31.01,0.83,83.0
10,1885,35.97,50.0,22.27,0.78,80.0
10,1886,42.85,52.95,30.83,0.93,80.0
10,1887,34.54,43.1,32.06,0.8,79.0
10,1888,37.11,50.99,38.17,0.83,84.0
10,1889,45.57,56.23,37.37,0.81,111.0
10,1890,44.77,56.86,40.93,0.75,90.0
10,1891,45.66,56.92,38.98,0.72,77.0
10,1892,32.42,54.31,41.26,0.58,
10,1893,42.56,55.96,42.92,0.55,66.0
10,1894,30.07,38.68,41.11,0.54,75.0
10,1895,31.77,47.87,37.25,0.66,69.0
10,1896,28.76,46.77,36.5,0.75,70.0
10,1897,32.77,61.23,39.9,0.76,77.0
10,1898,36.04,60.17,40.44,0.8,79.0
10,1899,36.07,61.08,39.17,0.78,72.0
10,1900,32.11,54.18,56.73,0.69,74.0
10,1901,37.96,52.08,53.17,0.65,86.0
10,1902,35.78,72.29,48.19,0.73,79.0
10,1903,29.92,46.25,37.54,0.57,68.0
10,1904,29.96,44.05,45.23,0.73,66.0
10,1905,40.64,49.77,72.38,0.88,98.0
10,1906,44.99,60.23,61.93,0.8,81.0
10,1907,36.12,44.99,58.79,0.67,72.0
10,1908,,,,,
10,1909,,1.96,33.16,0.74,
10,1910,25.82,25.23,52.79,0.85,77.0
10,1911,29.09,28.11,59.11,0.59,72.0
10,1912,26.33,28.06,54.02,0.55,
10,1913,24.12,25.62,55.86,0.57,
10,1914,27.1,29.45,61.47,0.57,
10,1915,28.45,28.82,66.26,0.6,
10,1916,28.19,29.07,65.41,0.61,
10,1917,26.9,27.51,67.39,0.58,
10,1918,37.21,34.1,56.0,0.62,
10,1919,35.09,35.29,67.45,0.6,
10,1920,33.42,32.97,66.64,0.56,
10,1921,24.51,25.39,66.27,0.56,
10,1922,22.71,25.19,64.4,0.56,84.0
10,1923,22.36,24.17,60.94,0.57,79.0
10,1924,14.86,15.9,62.23,0.51,73.0
10,1925,21.61,23.03,60.16,0.58,
10,1926,21.19,22.03,63.41,0.52,
10,1927,12.11,13.34,62.76,0.53,
10,1928,17.0,19.08,64.78,0.57,
10,1929,30.21,91.09,72.56,0.62,96.0
10,1930,33.51,36.69,77.9,0.65,94.0
10,1931,33.14,33.95,77.92,0.63,
10,1932,21.66,22.93,73.69,0.6,
10,1933,24.33,26.13,75.48,0.64,97.0
10,1934,28.44,30.88,76.13,0.64,94.0
10,1935,26.69,28.72,73.74,0.66,97.0
10,1936,23.63,24.78,77.42,0.67,93.0
10,1937,18.61,20.53,69.98,0.68,93.0
10,1938,18.04,20.53,74.56,0.69,94.0
10,1939,21.95,25.42,71.08,0.7,95.0
10,1940,18.13,21.56,67.03,0.73,85.0
10,1941,24.89,27.94,70.55,0.76,89.0
10,1942,23.39,27.13,48.04,0.75,76.0
10,1943,24.05,30.31,41.16,0.84,54.0
10,1944,21.5,25.17,26.92,0.85,49.0
10,1945,,,,,
10,1946,2.13,,48.85,1.55,
10,1947,20.26,21.26,32.06,1.53,
10,1948,19.22,22.01,39.38,1.48,79.0
10,1949,25.32,28.63,36.82,1.46,77.0
10,1950,25.28,26.13,41.92,1.49,78.0
10,1951,29.15,32.01,42.91,1.53,80.0
10,1952,30.56,33.81,44.39,1.48,78.0
10,1953,23.97,26.28,33.82,1.42,75.0
10,1954,23.76,29.44,38.93,1.4,74.0
10,1955,26.23,30.39,44.79,1.42,74.0
10,1956,28.38,34.57,32.78,0.95,70.0
10,1957,23.91,28.45,7.14,0.08,47.0
10,1958,32.22,40.32,,0.07,44.0
10,1959,,,,,55.0
10,1960,2.34,4.83,7.72,0.68,
10,1961,18.02,24.7,21.38,0.89,49.0
10,1962,27.35,37.02,22.21,0.84,45.0
10,1963,19.54,24.5,14.92,0.86,44.0
10,1964,19.0,32.8,20.91,0.88,47.0
10,1965,16.73,19.83,18.03,0.95,48.0
10,1966,30.42,38.35,8.5,0.95,51.0
10,1967,25.23,36.65,19.41,0.92,48.0
10,1968,13.65,20.34,54.71,0.82,47.0
10,1969,5.27,10.44,33.87,1.17,
10,1970,20.53,38.43,48.03,0.95,49.0
10,1971,20.88,31.96,43.93,0.88,47.0
10,1972,24.92,36.79,47.95,0.9,46.0
10,1973,24.78,40.22,51.12,0.9,50.0
10,1974,29.83,45.61,53.47,0.94,50.0
10,1975,26.1,39.89,48.95,0.92,54.0
10,1976,16.62,24.31,53.72,0.97,50.0
10,1977,24.84,28.02,57.03,1.04,61.0
10,1978,11.86,15.18,50.9,0.97,63.0
10,1979,12.58,18.11,44.61,0.99,53.0
10,1980,12.65,26.92,44.64,0.99,51.0
10,1981,13.26,23.79,36.68,1.01,52.0
10,1982,11.31,17.23,36.03,1.0,52.0
10,1983,10.31,16.63,39.37,1.0,52.0
10,1984,12.59,18.89,38.04,1.02,53.0
10,1985,11.43,15.4,35.27,1.06,55.0
10,1986,18.21,33.68,40.31,0.8,54.0
10,1987,18.67,27.24,46.44,0.42,37.0
10,1988,19.26,26.95,48.04,0.43,35.0
10,1989,15.04,26.23,39.0,0.45,30.0
10,1990,13.03,19.84,46.65,0.49,32.0
10,1991,13.7,22.23,42.57,0.49,34.0
10,1992,9.79,12.42,33.38,0.49,27.0
10,1993,16.44,22.91,39.03,0.51,27.0
10,1994,13.99,20.29,39.15,0.51,28.0
10,1995,15.65,20.43,47.1,0.54,32.0
10,1996,17.2,22.74,41.69,0.53,34.0
10,1997,15.8,22.44,42.98,0.53,32.0
10,1998,15.52,19.75,35.4,0.52,29.0
10,1999,8.32,13.04,36.65,0.48,26.0
10,2000,16.23,22.09,37.53,0.54,28.0
10,2001,17.74,22.5,45.99,0.59,31.0
10,2002,19.89,24.88,50.96,0.61,38.0
10,2003,18.81,25.34,50.45,0.61,44.0
10,2004,12.81,18.31,53.12,0.59,45.0
10,2005,11.81,15.08,40.84,0.57,34.0
10,2006,14.04,16.03,44.77,0.57,32.0
10,2007,16.26,20.81,49.22,0.61,41.0
10,2008,14.21,15.69,39.15,0.59,33.0
10,2009,,,46.03,0.57,
11,1,313.22,607.98,36.39,15.2,472.0
11,2,186.18,269.55,32.87,9.54,454.0
11,3,87.18,131.9,30.31,10.61,143.0
11,4,151.84,241.84,36.91,11.54,319.0
11,5,146.6,219.13,34.92,9.2,325.0
11,6,149.58,252.1,37.84,9.44,318.0
11,7,217.87,376.51,40.15,9.78,353.0
11,8,229.9,360.95,43.16,11.01,383.0
11,9,201.66,397.43,38.56,11.09,375.0
11,10,221.02,361.74,46.39,9.7,376.0
11,11,205.41,393.2,47.29,10.98,379.0
11,12,212.41,345.63,44.71,9.3,375.0
11,13,197.61,301.04,45.88,11.52,366.0
11,14,164.39,227.38,41.17,10.32,353.0
11,15,166.19,283.93,56.7,10.81,340.0
11,16,174.98,309.99,49.41,11.46,356.0
11,17,196.46,356.2,53.04,8.87,360.0
11,18,201.51,359.75,53.77,8.99,370.0
11,19,183.35,305.13,39.88,9.02,362.0
11,20,165.63,257.04,34.23,8.03,340.0
11,21,159.54,235.27,22.56,9.01,338.0
11,22,143.68,183.89,21.82,10.58,332.0
11,23,128.73,136.07,17.35,8.74,254.0
11,24,164.98,200.02,15.77,9.39,324.0
11,25,148.59,203.81,20.83,11.44,333.0
11,26,129.34,137.86,25.66,10.19,292.0
11,27,154.2,217.2,30.39,10.36,318.0
11,28,134.6,156.9,28.6,10.21,295.0
11,29,173.13,277.0,38.34,11.74,327.0
11,30,178.04,272.61,38.43,11.58,345.0
11,31,158.59,207.06,41.36,8.7,334.0
11,32,211.59,371.05,58.17,13.08,358.0
11,33,163.64,219.84,37.25,10.59,349.0
11,34,157.71,194.09,31.05,8.21,334.0
11,35,137.26,147.08,29.69,9.11,313.0
11,36,131.76,127.42,36.51,8.18,262.0
11,37,151.6,330.99,67.0,5.51,303.0
11,38,160.75,210.52,57.69,10.28,329.0
11,39,145.34,215.69,50.39,5.39,323.0
11,40,134.67,109.86,39.18,5.11,266.0
11,41,153.07,218.23,42.2,10.88,319.0
11,42,116.91,316.14,53.63,12.64,334.0
11,43,177.98,394.97,42.73,13.75,342.0
11,44,167.01,328.43,44.61,11.26,341.0
11,45,193.96,412.46,53.81,11.73,377.0
11,46,184.06,497.37,58.15,13.78,391.0
11,47,152.62,310.74,44.22,11.55,358.0
11,48,161.27,195.78,25.4,10.3,327.0
11,49,188.2,253.53,60.29,16.23,365.0
11,50,159.97,193.78,40.51,13.11,352.0
11,51,144.12,162.2,34.71,11.45,317.0
11,52,155.38,191.03,45.11,14.21,320.0
11,53,124.1,107.61,31.83,9.73,279.0
11,54,141.39,157.01,38.23,9.29,281.0
11,55,170.16,238.33,48.4,14.17,354.0
11,56,148.19,169.57,29.28,14.13,340.0
11,57,140.78,171.64,20.95,13.61,323.0
11,58,130.42,163.67,24.75,12.78,315.0
11,59,105.86,169.28,20.65,11.8,310.0
11,60,71.83,98.89,21.42,11.62,324.0
11,61,53.71,60.15,13.43,10.19,226.0
11,62,83.49,112.1,23.75,11.72,266.0
11,63,91.07,139.15,24.28,10.64,200.0
11,64,106.57,196.19,31.12,9.36,275.0
11,65,101.75,163.14,26.59,10.55,322.0
11,66,77.57,90.54,19.15,9.48,216.0
11,67,63.24,80.2,20.35,8.19,108.0
11,68,76.62,117.38,18.21,9.02,197.0
11,69,86.7,150.92,18.82,7.98,238.0
11,70,104.29,176.2,25.63,10.76,274.0
11,71,115.93,203.75,32.29,11.3,315.0
11,72,108.66,173.89,30.75,10.23,307.0
11,73,67.94,105.29,29.78,9.18,208.0
11,74,38.89,46.68,17.76,8.23,165.0
11,75,45.39,74.14,17.14,7.87,188.0
11,76,55.55,104.33,20.96,10.45,217.0
11,77,50.59,95.56,16.6,7.83,191.0
11,78,69.51,136.67,23.77,7.89,240.0
11,79,96.62,168.0,29.04,9.59,229.0
11,80,96.28,172.91,29.21,8.82,248.0
11,81,72.2,122.12,20.27,8.5,204.0
11,82,78.47,131.42,23.04,8.6,271.0
11,83,91.87,179.36,30.01,10.1,290.0
11,84,107.26,201.08,33.82,11.69,340.0
11,85,109.78,217.9,33.02,12.67,358.0
11,86,62.27,117.81,24.76,9.29,287.0
11,87,102.22,212.96,29.41,10.47,323.0
11,88,104.36,202.01,33.86,14.42,360.0
11,89,44.19,57.0,17.6,9.58,268.0
11,90,55.66,78.64,20.13,9.56,283.0
11,91,112.86,167.6,32.71,10.15,309.0
11,92,78.51,112.78,20.54,6.72,249.0
11,93,66.52,76.05,18.47,8.24,245.0
11,94,62.56,86.11,24.96,5.52,229.0
11,95,78.61,145.1,27.75,7.97,234.0
11,96,119.7,195.47,32.83,11.01,343.0
11,97,66.09,95.81,24.47,7.29,262.0
11,98,95.34,120.2,34.72,9.28,308.0
11,99,63.57,148.17,35.15,6.57,293.0
11,100,96.56,203.67,52.77,4.63,290.0
11,101,131.39,234.65,59.52,5.84,375.0
11,102,75.35,91.73,45.3,7.73,293.0
11,103,86.49,116.62,50.3,3.67,247.0
11,104,77.07,132.68,42.65,6.85,232.0
11,105,98.79,161.43,47.41,11.65,316.0
11,106,81.81,164.56,44.06,5.94,295.0
11,107,65.78,180.67,40.09,7.38,246.0
11,108,119.82,268.65,51.11,8.21,378.0
11,109,125.53,308.82,64.73,8.84,406.0
11,110,121.51,336.63,60.41,6.75,392.0
11,111,114.5,327.81,50.7,6.84,391.0
11,112,101.83,279.41,55.27,7.36,368.0
11,113,118.57,273.68,76.46,6.58,365.0
11,114,143.22,313.53,88.61,6.42,383.0
11,115,106.76,318.88,58.87,6.75,367.0
11,116,65.36,160.3,31.23,8.44,334.0
11,117,67.08,174.5,35.54,4.76,258.0
11,118,81.37,141.25,34.88,4.67,234.0
11,119,63.76,131.56,42.98,7.16,257.0
11,120,60.56,171.42,43.9,7.33,259.0
11,121,76.1,192.81,42.99,7.63,279.0
11,122,72.66,206.1,62.09,9.46,312.0
11,123,121.94,334.02,83.3,11.95,372.0
11,124,108.98,326.71,85.5,8.08,387.0
11,125,145.99,366.85,107.85,6.65,408.0
11,126,171.33,346.98,87.88,7.1,398.0
11,127,117.76,343.12,63.18,9.64,403.0
11,128,90.66,305.38,56.54,6.65,361.0
11,129,106.4,285.38,63.57,9.35,378.0
11,130,101.21,283.47,57.51,10.6,381.0
11,131,97.57,336.82,42.7,8.79,388.0
11,132,96.34,293.26,43.04,6.27,346.0
11,133,83.42,174.52,48.61,8.14,328.0
11,134,78.06,196.08,42.22,7.24,291.0
11,135,97.87,240.34,63.55,10.81,396.0
11,136,77.52,186.28,75.5,6.17,297.0
11,137,97.16,188.39,57.63,8.4,345.0
11,138,66.85,172.35,47.64,7.46,296.0
11,139,89.85,240.31,75.47,8.04,319.0
11,140,67.41,176.25,52.69,6.11,282.0
11,141,75.54,335.13,53.03,8.25,352.0
11,142,67.91,235.99,56.84,8.32,338.0
11,143,69.02,313.73,52.79,7.06,321.0
11,144,79.1,251.52,56.29,8.56,295.0
11,145,117.27,340.66,60.65,7.66,344.0
11,146,96.09,311.08,51.77,5.25,337.0
11,147,84.71,231.35,70.43,8.54,355.0
11,148,182.76,436.17,72.67,6.89,371.0
11,149,106.61,275.6,64.94,8.48,414.0
11,150,92.68,239.12,65.26,7.59,366.0
11,151,73.62,236.8,41.86,7.12,346.0
11,152,49.42,175.39,48.55,5.03,289.0
11,153,52.51,117.86,54.29,6.67,297.0
11,154,65.28,137.7,65.25,4.98,268.0
11,155,85.45,170.55,62.38,3.83,259.0
11,156,83.02,241.67,62.63,11.36,327.0
11,157,44.54,119.29,46.37,11.94,384.0
11,158,85.03,186.2,77.07,3.51,299.0
11,159,137.7,269.3,109.34,1.56,282.0
11,160,136.05,393.7,76.88,1.38,442.0
11,161,63.77,166.31,31.27,2.58,309.0
11,162,115.57,259.73,32.99,1.24,270.0
11,163,83.29,180.06,36.36,1.19,239.0
11,164,73.7,158.24,52.9,1.36,214.0
11,165,74.56,121.44,68.76,1.35,166.0
11,166,106.11,206.42,72.79,1.62,234.0
11,167,132.21,282.05,81.57,1.73,331.0
11,168,123.56,271.79,70.96,1.57,327.0
11,169,132.21,268.84,94.25,1.82,313.0
11,170,110.65,216.46,65.21,1.38,284.0
11,171,80.31,160.22,52.7,1.29,239.0
11,172,59.73,82.7,50.78,1.59,149.0
11,173,85.4,139.2,58.88,1.34,172.0
11,174,101.99,152.18,61.18,1.41,226.0
11,175,126.07,214.45,60.31,1.37,261.0
11,176,37.59,62.38,44.72,1.25,188.0
11,177,76.0,182.48,46.88,1.04,192.0
11,178,69.46,195.2,38.55,1.01,207.0
11,179,79.84,214.78,47.19,1.13,219.0
11,180,48.5,96.78,38.37,1.07,193.0
11,181,53.79,109.92,46.06,1.05,170.0
11,182,57.99,135.43,49.64,1.06,185.0
11,183,67.12,175.9,52.45,1.12,220.0
11,184,65.25,219.31,37.09,0.99,225.0
11,185,88.75,212.16,35.54,0.98,250.0
11,186,135.92,435.2,36.89,1.17,282.0
11,187,60.27,143.86,44.07,1.1,298.0
11,188,52.2,78.64,51.7,1.34,175.0
11,189,67.92,127.38,52.69,1.17,217.0
11,190,65.95,128.93,53.39,1.4,234.0
11,191,47.68,95.1,46.71,1.26,188.0
11,192,29.08,41.31,51.39,7.23,253.0
11,193,32.29,34.16,32.77,1.27,198.0
11,194,36.68,54.36,37.71,1.3,148.0
11,195,44.48,112.83,43.46,1.3,141.0
11,196,63.79,243.97,38.05,1.07,218.0
11,197,77.2,244.69,36.72,1.02,268.0
11,198,77.99,148.95,42.07,1.88,232.0
11,199,71.11,148.87,48.79,1.84,204.0
11,200,67.39,144.11,52.87,1.28,220.0
11,201,49.58,83.22,62.37,1.24,223.0
11,202,40.97,78.76,46.3,1.14,218.0
11,203,38.97,85.89,41.41,2.73,165.0
11,204,34.02,81.25,39.98,2.42,155.0
11,205,46.13,94.49,43.99,0.98,154.0
11,206,46.01,97.0,42.86,1.0,184.0
11,207,29.81,86.01,30.66,0.81,150.0
11,208,22.82,53.28,33.21,0.83,125.0
11,209,24.69,51.98,40.25,0.74,160.0
11,210,29.04,56.7,35.69,0.66,142.0
11,211,25.76,47.91,32.96,1.2,181.0
11,212,37.85,122.18,35.9,1.6,196.0
11,213,41.32,126.33,35.14,1.08,181.0
11,214,47.81,123.24,37.96,0.82,213.0
11,215,56.02,154.28,40.17,0.78,175.0
11,216,54.46,136.88,46.74,1.21,184.0
11,217,59.13,117.08,52.78,1.67,228.0
11,218,65.47,126.56,52.51,1.17,214.0
11,219,64.58,154.92,48.24,1.75,254.0
11,220,70.05,149.92,50.51,2.26,258.0
11,221,55.51,105.17,39.47,1.24,244.0
11,222,82.27,140.54,45.46,1.43,209.0
11,223,77.04,137.74,49.43,2.11,283.0
11,224,52.45,87.66,45.71,1.3,223.0
11,225,61.66,116.55,52.76,1.16,205.0
11,226,65.67,159.75,50.96,1.52,252.0
11,227,51.4,91.81,44.4,0.94,198.0
11,228,55.71,93.33,48.39,1.06,197.0
11,229,61.84,134.2,44.41,1.09,184.0
11,230,60.65,126.2,56.15,1.02,197.0
11,231,34.42,124.17,36.47,0.87,140.0
11,232,40.83,210.86,32.0,0.78,232.0
11,233,50.97,214.05,35.87,1.12,271.0
11,234,46.74,149.06,40.28,0.9,207.0
11,235,44.67,138.12,33.76,0.78,127.0
11,236,37.39,108.4,44.61,0.97,123.0
11,237,52.06,222.39,39.88,0.93,175.0
11,238,57.52,236.94,37.85,1.08,245.0
11,239,61.47,237.68,40.41,1.35,248.0
11,240,77.76,206.22,50.74,1.64,247.0
11,241,68.53,260.48,49.3,1.09,292.0
11,242,57.85,230.76,39.84,1.11,266.0
11,243,51.67,220.14,32.53,0.96,288.0
11,244,73.78,230.34,27.42,1.28,210.0
11,245,97.63,318.24,29.16,1.14,298.0
11,246,99.5,278.36,35.31,1.17,315.0
11,247,97.31,284.54,41.7,1.36,368.0
11,248,76.43,201.89,29.5,1.38,266.0
11,249,61.69,168.63,27.81,1.19,174.0
11,250,55.19,179.42,35.49,1.04,199.0
11,251,63.79,219.51,38.36,1.07,217.0
11,252,58.48,195.05,36.2,1.02,238.0
11,253,60.29,184.78,42.1,1.06,230.0
11,254,67.35,181.99,46.81,1.13,218.0
11,255,87.55,178.57,54.45,1.22,226.0
11,256,84.57,171.76,45.36,1.21,202.0
11,257,111.58,236.34,60.71,1.51,274.0
11,258,108.78,217.16,56.31,1.37,289.0
11,259,91.18,190.99,46.44,1.15,235.0
11,260,104.85,250.21,60.96,1.4,285.0
11,261,56.19,129.11,43.3,1.22,209.0
11,262,67.62,125.24,49.83,1.14,132.0
11,263,64.38,141.89,62.73,1.1,179.0
11,264,45.65,109.7,62.69,1.16,136.0
11,265,35.75,70.38,38.78,0.95,104.0
11,266,34.89,101.42,31.17,0.98,95.0
11,267,63.06,187.9,39.16,1.21,175.0
11,268,82.39,222.71,45.09,1.5,290.0
11,269,88.08,254.8,45.96,1.63,282.0
11,270,89.75,252.06,44.13,1.49,298.0
11,271,69.57,190.18,43.41,1.25,240.0
11,272,68.34,172.35,48.19,1.16,188.0
11,273,61.08,155.26,42.91,1.1,187.0
11,274,85.7,205.18,54.68,1.49,230.0
11,275,97.62,220.56,52.53,1.58,286.0
11,276,103.58,293.23,54.93,1.72,266.0
11,277,145.97,335.82,62.84,2.26,369.0
11,278,180.52,347.95,75.42,3.15,375.0
11,279,151.57,355.56,65.07,2.19,411.0
11,280,144.04,305.35,57.05,1.73,383.0
11,281,148.44,291.66,58.32,1.96,388.0
11,282,130.22,284.27,65.15,2.5,351.0
11,283,147.71,287.93,61.29,2.48,320.0
11,284,111.34,246.3,51.83,2.02,296.0
11,285,100.7,232.58,52.92,1.98,312.0
11,286,97.67,189.31,48.92,1.89,260.0
11,287,75.81,155.25,43.47,1.61,204.0
11,288,95.24,199.77,60.8,2.13,218.0
11,289,148.29,301.61,68.24,2.07,356.0
11,290,90.66,137.89,20.29,1.62,388.0
11,291,156.71,263.15,41.09,1.63,298.0
11,292,170.28,312.88,61.67,2.08,392.0
11,293,198.1,336.47,74.62,2.17,428.0
11,294,158.04,265.39,46.9,2.98,384.0
11,295,116.98,213.49,32.96,2.6,292.0
11,296,143.73,289.01,67.38,2.05,343.0
11,297,169.22,341.7,71.38,3.07,383.0
11,298,147.65,281.8,56.46,1.78,374.0
11,299,101.61,214.37,47.8,1.58,263.0
11,300,113.2,260.46,49.25,1.74,334.0
11,301,112.89,254.24,43.78,2.07,333.0
11,302,95.72,183.08,57.74,1.89,262.0
11,303,108.4,156.58,42.63,2.29,236.0
11,304,245.97,274.06,35.11,1.74,340.0
11,305,277.53,379.38,60.17,2.41,415.0
11,306,232.4,361.0,68.4,2.05,420.0
11,307,244.78,385.66,82.74,2.09,407.0
11,308,293.49,401.49,87.47,2.54,454.0
11,309,161.78,234.94,63.78,1.76,388.0
11,310,153.33,260.04,58.13,2.56,276.0
11,311,353.86,496.61,86.59,2.76,483.0
11,312,217.55,356.92,75.98,2.84,451.0
11,313,201.44,364.2,79.2,2.01,378.0
11,314,249.95,452.96,84.89,2.64,439.0
11,315,219.68,408.52,55.72,1.5,431.0
11,316,258.48,398.16,54.69,1.84,421.0
11,317,291.66,469.38,61.66,1.75,454.0
11,318,221.68,377.4,60.05,1.72,450.0
11,319,214.24,342.13,83.62,2.1,367.0
11,320,184.02,323.56,85.03,2.26,383.0
11,321,136.22,280.47,57.11,2.1,347.0
11,322,188.09,367.46,74.39,2.3,369.0
11,323,238.69,397.16,96.62,2.87,392.0
11,324,271.42,470.08,101.44,3.28,455.0
11,325,293.73,467.32,97.76,2.96,450.0
11,326,247.27,450.96,92.32,2.73,478.0
11,327,266.95,419.98,105.29,3.49,431.0
11,328,241.61,424.09,88.74,2.6,440.0
11,329,149.14,312.85,54.63,1.98,376.0
11,330,182.5,317.46,69.29,1.84,347.0
11,331,193.58,343.26,71.35,1.71,343.0
11,332,172.89,294.29,47.21,1.43,362.0
11,333,190.46,342.59,51.84,1.88,319.0
11,334,282.76,419.33,78.48,2.51,425.0
11,335,183.28,371.83,83.03,1.77,400.0
11,336,170.74,399.64,95.99,1.87,386.0
11,337,190.14,412.29,92.91,1.74,385.0
11,338,186.64,352.14,79.52,2.28,392.0
11,339,282.01,433.03,121.11,3.4,428.0
11,340,218.22,439.01,113.45,3.24,394.0
11,341,249.8,421.49,103.77,3.07,440.0
11,342,283.59,478.19,140.09,3.33,437.0
11,343,250.69,411.48,93.99,2.74,431.0
11,344,211.95,386.66,78.05,2.46,383.0
11,345,198.38,410.6,64.21,2.1,377.0
11,346,184.12,385.05,55.01,1.91,379.0
11,347,135.42,338.3,63.9,2.01,333.0
11,348,118.6,380.24,59.09,2.7,314.0
11,349,88.3,,40.52,1.86,174.0
11,350,111.45,,34.44,1.75,244.0
11,351,152.24,,23.07,1.89,308.0
11,352,136.75,,25.24,1.52,320.0
11,353,114.35,,26.84,1.94,270.0
11,354,181.67,,111.18,21.22,320.0
11,355,135.78,,78.99,29.46,313.0
11,356,204.72,391.9,136.15,11.45,326.0
11,357,321.52,589.93,102.69,2.94,459.0
11,358,129.08,486.66,55.01,30.44,314.0
11,359,132.56,294.13,71.91,9.61,304.0
11,360,158.69,331.93,88.96,10.3,310.0
11,361,187.01,375.13,90.57,11.3,370.0
11,362,148.77,332.68,75.69,9.27,328.0
11,363,159.67,325.05,73.11,2.32,331.0
11,364,233.97,391.19,87.4,1.94,412.0
11,365,240.97,389.18,72.93,2.38,433.0
11,366,295.71,476.09,94.04,2.42,463.0
11,367,239.21,395.29,81.22,2.15,465.0
11,368,270.1,484.82,76.67,2.39,426.0
11,369,339.8,586.2,133.95,2.97,496.0
11,370,318.1,535.3,118.81,2.85,528.0
11,371,305.51,524.01,103.78,3.37,538.0
11,372,391.54,587.23,96.36,3.39,535.0
11,373,339.87,540.86,67.85,2.34,603.0
11,374,158.43,324.64,60.63,2.38,408.0
11,375,183.24,345.68,68.86,2.14,368.0
11,376,227.13,411.6,76.4,2.88,404.0
11,377,195.21,381.19,78.61,2.06,444.0
11,378,248.59,399.59,73.18,1.62,356.0
11,379,196.87,339.06,55.91,1.35,397.0
11,380,178.8,259.53,45.85,1.39,371.0
11,381,138.86,220.21,41.92,1.55,311.0
11,382,179.48,268.5,58.56,1.45,321.0
11,383,269.05,451.43,78.22,2.4,424.0
11,384,278.2,430.74,61.04,3.82,435.0
11,385,272.1,415.38,56.67,1.84,455.0
11,386,196.83,318.08,52.83,1.68,398.0
11,387,290.66,418.92,73.9,1.94,399.0
11,388,294.3,480.0,78.21,2.13,469.0
11,389,303.5,446.28,64.55,2.6,488.0
11,390,217.05,362.08,66.89,1.32,401.0
11,391,308.75,462.91,80.14,1.7,446.0
11,392,255.94,424.11,87.93,2.03,456.0
11,393,283.03,463.03,90.45,2.09,451.0
11,394,311.08,498.38,117.07,2.54,501.0
11,395,285.83,450.72,111.19,2.54,505.0
11,396,242.05,291.16,46.17,1.77,437.0
11,397,121.4,193.5,60.12,1.08,305.0
11,398,135.31,242.87,63.6,1.14,292.0
11,399,136.87,273.78,61.81,1.11,306.0
11,400,130.76,269.21,67.45,1.47,300.0
11,401,206.72,383.25,86.15,1.82,371.0
11,402,224.94,348.14,85.86,2.6,408.0
11,403,170.45,249.91,72.61,1.28,343.0
11,404,119.57,186.86,57.0,1.26,301.0
11,405,181.76,261.7,65.45,1.46,322.0
11,406,216.55,341.38,81.98,2.02,368.0
11,407,150.0,270.49,70.99,1.88,349.0
11,408,146.03,296.27,79.43,1.56,334.0
11,409,110.89,228.81,56.05,2.14,333.0
11,410,103.57,177.49,61.73,1.11,257.0
11,411,115.7,219.52,66.8,1.88,265.0
11,412,123.22,216.09,65.75,1.25,297.0
11,413,135.38,236.15,80.76,1.36,289.0
11,414,148.75,217.16,76.11,1.41,310.0
11,415,207.1,307.38,66.45,1.76,366.0
11,416,150.89,225.66,47.72,1.48,345.0
11,417,76.12,137.44,30.51,1.0,228.0
11,418,88.73,137.44,41.47,1.02,213.0
11,419,86.17,194.61,56.77,1.41,208.0
11,420,177.64,309.47,117.04,2.07,319.0
11,421,131.69,232.45,81.93,1.6,315.0
11,422,129.66,236.27,76.82,1.63,293.0
11,423,144.98,245.96,86.59,1.78,342.0
11,424,163.92,263.73,76.43,1.98,338.0
11,425,170.12,255.34,76.4,1.99,344.0
11,426,213.62,299.88,102.02,2.43,370.0
11,427,175.63,244.58,102.23,1.94,365.0
11,428,165.22,264.31,100.71,2.61,348.0
11,429,115.55,201.71,60.47,1.36,312.0
11,430,53.0,129.37,48.15,0.73,214.0
11,431,47.43,60.61,55.78,0.86,165.0
11,432,98.61,167.78,54.69,1.28,218.0
11,433,84.42,134.81,43.9,1.07,230.0
11,434,109.16,164.84,49.75,1.16,248.0
11,435,129.9,240.67,60.19,1.57,276.0
11,436,85.76,204.96,30.44,1.69,213.0
11,437,60.17,,15.89,2.0,127.0
11,438,58.95,,10.63,1.43,112.0
11,439,51.82,79.14,38.11,1.22,111.0
11,440,81.32,162.38,34.54,1.74,193.0
11,441,67.63,152.46,36.61,1.14,123.0
11,442,70.86,137.98,65.89,1.12,194.0
11,443,72.47,133.3,64.64,1.24,186.0
11,444,103.73,194.95,77.89,2.2,242.0
11,445,95.52,167.64,57.84,1.56,267.0
11,446,58.4,129.21,36.37,1.14,207.0
11,447,47.43,139.62,31.12,0.96,176.0
11,448,80.01,148.1,50.45,1.29,189.0
11,449,156.01,228.19,88.44,2.18,341.0
11,450,137.99,217.03,85.91,2.1,325.0
11,451,72.44,122.24,42.51,1.1,259.0
11,452,61.75,54.0,37.18,0.74,178.0
11,453,81.46,110.31,53.01,1.04,219.0
11,454,89.75,156.89,48.72,1.28,206.0
11,455,88.68,163.7,46.74,1.35,221.0
11,456,127.86,218.3,61.21,2.2,298.0
11,457,130.7,,15.89,1.39,316.0
11,458,118.44,,18.29,1.88,294.0
11,459,148.22,217.84,44.98,1.68,314.0
11,460,132.86,377.61,31.55,1.51,334.0
11,461,97.83,174.11,20.15,1.38,261.0
11,462,91.82,202.91,52.54,1.4,208.0
11,463,129.61,329.68,58.6,1.22,289.0
11,464,89.78,193.14,53.55,1.52,216.0
11,465,166.76,272.67,63.03,1.51,314.0
11,466,107.81,154.18,47.95,1.77,262.0
11,467,81.12,246.86,36.5,0.72,257.0
11,468,74.03,201.81,35.44,0.71,235.0
11,469,74.9,247.61,46.29,1.11,239.0
11,470,94.81,220.48,58.81,1.32,239.0
11,471,137.48,285.18,76.2,1.98,302.0
11,472,124.13,,37.49,1.88,296.0
11,473,102.86,283.02,42.35,1.04,247.0
11,474,102.9,219.17,49.32,0.98,265.0
11,475,129.06,311.93,63.21,1.52,301.0
11,476,124.8,283.05,48.65,1.09,322.0
11,477,92.74,265.56,42.87,0.88,291.0
11,478,113.75,208.42,44.8,0.93,292.0
11,479,89.52,171.92,50.78,1.51,258.0
11,480,123.59,219.3,69.92,1.7,282.0
11,481,104.5,213.36,70.04,1.47,271.0
11,482,139.37,306.08,97.93,2.08,314.0
11,483,162.54,379.7,108.53,2.7,377.0
11,484,161.23,354.17,80.4,2.08,390.0
11,485,181.49,383.05,88.26,2.14,392.0
11,486,142.64,,51.53,1.82,342.0
11,487,124.21,,52.3,1.9,297.0
11,488,119.47,,41.26,1.49,275.0
11,489,125.36,284.55,59.73,1.49,281.0
11,490,103.08,297.94,61.77,1.44,309.0
11,491,65.02,173.86,46.27,1.14,262.0
11,492,54.34,136.92,55.07,1.12,194.0
11,493,77.89,193.14,66.68,0.98,229.0
11,494,90.19,208.75,64.2,1.1,246.0
11,495,77.34,168.66,48.67,1.04,225.0
11,496,73.55,174.94,57.52,1.05,221.0
11,497,66.49,112.6,52.3,0.98,185.0
11,498,100.09,207.98,64.25,1.34,218.0
11,499,99.88,250.51,60.29,1.1,310.0
11,500,105.51,292.64,67.71,1.44,307.0
11,501,128.85,379.8,57.06,1.83,325.0
11,502,94.89,247.95,58.46,1.12,316.0
11,503,92.95,249.27,62.4,1.19,302.0
11,504,117.64,266.72,80.57,1.76,318.0
11,505,94.22,219.01,67.73,1.86,300.0
11,506,70.86,186.97,52.02,1.07,246.0
11,507,78.02,233.72,48.23,0.96,255.0
11,508,66.3,149.31,53.42,0.99,218.0
11,509,87.31,163.9,45.86,0.79,252.0
11,510,57.35,103.26,43.57,0.89,190.0
11,511,105.02,240.52,50.77,1.48,256.0
11,512,111.22,293.73,48.12,1.06,311.0
11,513,180.71,379.29,50.38,1.29,381.0
11,514,109.82,314.0,34.37,0.96,409.0
11,515,42.67,169.36,35.71,0.87,269.0
11,516,56.87,101.24,50.18,1.39,187.0
11,517,101.54,214.14,49.41,1.29,225.0
11,518,76.56,251.87,44.55,1.04,283.0
11,519,81.4,298.5,49.88,1.3,316.0
11,520,138.97,296.64,74.99,1.7,361.0
11,521,137.81,274.63,75.26,1.48,330.0
11,522,77.72,166.28,36.69,0.99,256.0
11,523,84.61,208.17,45.47,1.48,237.0
11,524,66.72,152.18,45.5,1.77,246.0
11,525,64.08,143.88,57.31,1.45,202.0
11,526,64.95,187.69,49.67,1.75,209.0
11,527,75.75,239.74,51.75,3.84,262.0
11,528,69.25,225.52,38.84,3.61,280.0
11,529,70.71,272.34,40.04,2.59,279.0
11,530,96.72,332.91,34.52,3.24,357.0
11,531,59.02,197.51,38.55,3.44,266.0
11,532,102.42,330.36,37.74,1.59,330.0
11,533,62.37,109.42,30.44,2.49,248.0
11,534,67.76,120.06,41.27,1.87,172.0
11,535,79.17,142.57,33.98,1.94,234.0
11,536,101.31,101.54,32.55,2.64,201.0
11,537,83.1,84.18,40.24,2.11,206.0
11,538,72.33,54.85,32.04,2.49,159.0
11,539,75.14,99.89,31.89,3.73,187.0
11,540,91.63,98.88,37.7,2.11,228.0
11,541,100.02,331.1,45.29,2.02,284.0
11,542,67.12,175.26,50.91,1.09,310.0
11,543,48.0,86.63,40.57,0.85,158.0
11,544,76.76,112.46,37.28,1.71,154.0
11,545,80.89,96.05,40.07,3.0,187.0
11,546,60.67,68.43,37.01,2.08,180.0
11,547,69.65,103.25,34.17,2.39,190.0
11,548,58.21,113.1,29.28,2.23,164.0
11,549,57.24,96.62,33.9,2.93,148.0
11,550,67.6,95.26,36.79,2.78,154.0
11,551,57.1,75.83,37.93,1.72,160.0
11,552,68.71,162.2,47.24,2.22,165.0
11,553,77.71,143.29,34.78,2.64,210.0
11,554,54.5,80.82,27.69,2.18,158.0
11,555,54.96,98.86,42.07,1.58,172.0
11,556,52.95,87.81,30.77,1.96,151.0
11,557,59.13,86.18,35.91,1.72,143.0
11,558,60.92,74.51,33.57,1.08,156.0
11,559,39.32,57.16,32.55,2.36,108.0
11,560,71.53,79.1,31.96,1.82,163.0
11,561,73.51,56.29,29.7,5.0,247.0
11,562,52.88,88.23,29.17,4.65,123.0
11,563,50.99,44.48,22.38,1.21,106.0
11,564,75.93,38.59,15.75,2.48,202.0
11,565,44.08,77.07,32.85,1.47,120.0
11,566,42.14,166.27,31.4,1.31,135.0
11,567,56.86,203.09,34.96,1.16,245.0
11,568,45.64,240.86,37.8,0.87,280.0
11,569,48.36,157.41,37.42,1.14,269.0
11,570,42.09,80.14,23.88,0.84,163.0
11,571,59.4,124.47,56.56,1.45,
11,572,76.29,163.57,58.4,1.32,195.0
11,573,54.5,95.08,40.48,1.08,163.0
11,574,40.55,58.09,40.86,1.36,108.0
11,575,46.44,68.69,42.81,1.34,134.0
11,576,56.16,76.89,44.18,1.76,155.0
11,577,42.7,50.0,36.78,1.55,116.0
11,578,48.03,70.62,32.5,1.29,136.0
11,579,43.47,53.42,29.86,1.29,150.0
11,580,43.55,55.33,34.87,2.69,121.0
11,581,50.86,67.92,36.14,1.35,149.0
11,582,49.04,87.48,35.93,0.92,178.0
11,583,39.3,78.77,33.68,1.2,120.0
11,584,43.86,76.69,38.29,2.13,140.0
11,585,42.84,75.19,31.42,2.48,142.0
11,586,44.04,82.26,34.27,1.37,141.0
11,587,41.29,64.76,29.05,2.93,125.0
11,588,39.28,54.92,30.76,1.6,127.0
11,589,30.66,32.79,29.78,2.22,119.0
11,590,42.15,84.46,34.9,1.39,111.0
11,591,56.45,92.71,43.49,1.53,132.0
11,592,40.81,80.14,42.53,1.28,149.0
11,593,39.51,185.99,32.96,2.15,166.0
11,594,49.04,245.72,28.74,3.78,274.0
11,595,62.19,247.59,36.46,0.95,295.0
11,596,55.55,132.65,51.48,1.23,219.0
11,597,59.03,153.16,43.97,1.15,169.0
11,598,48.57,90.68,35.84,1.59,174.0
11,599,28.01,65.58,27.58,3.11,111.0
11,600,28.6,78.83,31.31,2.59,93.0
11,601,38.99,85.48,39.47,1.25,107.0
11,602,43.35,73.22,32.04,1.17,127.0
11,603,45.88,118.92,35.41,0.99,93.0
11,604,54.13,125.44,35.61,1.0,142.0
11,605,56.56,,20.84,0.36,93.0
11,606,57.09,170.2,28.7,1.67,224.0
11,607,54.73,189.12,37.48,1.1,169.0
11,608,48.93,89.57,42.73,1.12,110.0
11,609,37.1,60.16,41.82,2.07,100.0
11,610,28.06,47.47,51.78,1.22,109.0
11,611,44.31,111.18,41.71,0.98,154.0
11,612,46.77,208.01,40.85,0.91,216.0
11,613,57.64,269.42,31.96,0.91,262.0
11,614,45.37,246.81,33.42,1.17,260.0
11,615,50.42,282.23,34.74,2.99,329.0
11,616,50.73,233.83,39.21,2.16,291.0
11,617,71.72,260.6,39.69,1.41,300.0
11,618,87.99,277.61,43.67,2.39,335.0
11,619,45.7,190.45,38.14,0.75,240.0
11,620,45.89,164.1,40.58,2.36,177.0
11,621,49.7,178.47,39.41,2.12,178.0
11,622,57.08,184.5,43.84,1.62,193.0
11,623,47.36,109.64,45.6,1.25,150.0
11,624,79.99,198.81,54.73,1.26,215.0
11,625,67.11,185.86,57.22,0.95,233.0
11,626,81.9,207.91,56.8,0.99,220.0
11,627,86.16,185.57,56.82,1.28,266.0
11,628,75.02,143.48,67.37,1.08,192.0
11,629,94.23,141.3,86.2,1.3,264.0
11,630,89.62,131.06,70.0,0.89,284.0
11,631,32.73,67.29,44.35,0.8,150.0
11,632,55.64,125.31,57.24,1.18,134.0
11,633,56.46,112.36,53.66,1.03,197.0
11,634,56.64,137.48,55.69,1.24,175.0
11,635,89.09,194.71,68.3,1.35,236.0
11,636,52.49,109.5,41.03,0.71,185.0
11,637,105.43,260.01,100.66,0.49,103.0
11,638,101.84,189.62,63.0,0.97,289.0
11,639,84.33,179.81,65.05,1.01,224.0
11,640,117.28,232.03,73.71,1.4,312.0
11,641,81.87,199.61,59.82,1.13,234.0
11,642,103.12,210.04,66.31,1.09,282.0
11,643,159.8,272.34,78.18,1.3,351.0
11,644,81.71,150.37,77.96,1.26,232.0
11,645,117.86,229.25,87.85,1.3,280.0
11,646,114.06,274.97,74.99,1.28,311.0
11,647,132.11,317.62,76.99,1.54,408.0
11,648,144.47,317.13,92.64,1.42,416.0
11,649,125.8,290.85,88.86,1.24,387.0
11,650,134.84,327.75,83.87,1.6,408.0
11,651,114.3,309.88,83.3,1.05,405.0
11,652,86.93,295.1,81.11,0.84,371.0
11,653,94.83,303.27,87.15,1.31,375.0
11,654,144.98,368.81,108.83,1.26,400.0
11,655,132.01,316.53,89.01,1.32,430.0
11,656,149.35,346.31,94.29,2.19,425.0
11,657,161.49,352.64,95.27,1.6,438.0
11,658,140.57,339.79,91.52,1.48,428.0
11,659,135.9,361.08,90.28,1.83,425.0
11,660,161.11,477.65,88.27,2.14,496.0
11,661,140.92,442.68,84.96,1.44,472.0
11,662,182.14,372.09,90.22,1.11,470.0
11,663,164.51,367.17,88.17,1.42,454.0
11,664,115.76,290.42,82.7,1.63,396.0
11,665,209.27,413.49,111.23,1.88,413.0
11,666,296.27,535.53,120.07,1.94,558.0
11,667,318.57,503.0,119.42,1.91,570.0
11,668,350.39,516.59,162.5,2.65,554.0
11,669,355.77,528.41,112.59,2.28,522.0
11,670,434.92,521.21,113.21,2.36,520.0
11,671,394.59,537.51,120.66,2.09,550.0
11,672,537.96,693.21,149.12,2.8,593.0
11,673,482.4,483.99,148.92,2.78,625.0
11,674,342.45,475.1,131.92,2.23,480.0
11,675,588.39,763.58,113.31,2.2,603.0
11,676,685.36,708.8,128.15,3.23,676.0
11,677,488.57,527.64,123.36,2.21,716.0
11,678,338.38,471.47,92.18,1.32,542.0
11,679,307.08,415.79,103.26,1.38,455.0
11,680,291.71,464.27,133.98,1.61,471.0
11,681,295.88,491.38,147.03,1.62,514.0
11,682,277.67,437.21,127.18,1.49,491.0
11,683,228.16,388.97,113.74,1.24,469.0
11,684,194.2,266.97,119.58,0.91,404.0
11,685,236.09,399.5,116.66,1.49,379.0
11,686,291.98,391.88,109.65,1.34,428.0
11,687,351.47,412.95,96.23,0.73,504.0
11,688,237.21,409.98,102.95,0.87,512.0
11,689,285.71,412.35,114.11,1.16,494.0
11,690,323.74,350.18,117.17,1.52,438.0
11,691,340.61,439.26,128.85,1.6,474.0
11,692,281.76,399.82,111.52,1.55,471.0
11,693,174.56,443.12,98.73,1.24,432.0
11,694,216.1,478.72,109.5,1.21,397.0
11,695,136.21,399.13,68.9,0.41,375.0
11,696,113.3,325.47,70.01,0.46,330.0
11,697,128.7,336.16,71.29,0.65,347.0
11,698,127.5,312.58,82.99,0.91,274.0
11,699,236.58,489.62,133.28,1.75,360.0
11,700,246.25,437.91,95.64,1.16,441.0
11,701,263.61,473.72,83.15,1.25,418.0
11,702,263.25,422.11,101.67,1.05,474.0
11,703,196.6,432.38,97.75,1.41,419.0
11,704,223.3,426.63,109.4,1.93,379.0
11,705,204.6,417.29,78.79,1.55,389.0
11,706,293.91,497.31,96.68,1.86,402.0
11,707,283.61,414.27,81.86,1.34,472.0
11,708,238.21,374.88,72.44,1.53,422.0
11,709,295.62,502.98,71.44,1.66,443.0
11,710,189.09,249.35,58.86,0.84,413.0
11,711,199.12,294.81,50.79,1.25,351.0
11,712,210.28,365.65,76.9,2.39,418.0
11,713,209.91,438.88,76.81,1.32,413.0
11,714,154.55,336.29,66.38,0.92,379.0
11,715,167.64,345.07,61.53,1.06,359.0
11,716,200.78,443.63,85.26,1.45,390.0
11,717,229.35,450.31,88.54,1.16,437.0
11,718,232.33,433.94,86.92,1.17,411.0
11,719,236.24,445.54,88.02,0.92,443.0
11,720,161.92,324.2,68.35,0.61,377.0
11,721,131.95,291.75,66.67,0.81,317.0
11,722,187.3,399.43,82.03,1.14,349.0
11,723,364.15,616.99,122.88,1.92,470.0
11,724,411.8,605.65,114.03,1.65,576.0
11,725,232.41,346.57,59.88,0.7,412.0
11,726,154.26,307.64,65.49,0.66,338.0
11,727,213.2,395.37,93.45,0.94,319.0
11,728,273.82,515.41,129.41,1.61,455.0
11,729,339.96,535.68,108.76,1.3,524.0
11,730,231.1,368.9,62.46,0.96,381.0
11,731,211.16,353.61,56.66,1.14,338.0
11,732,191.5,402.31,66.19,1.31,332.0
11,733,247.79,440.18,95.55,1.47,384.0
11,734,255.33,390.67,90.79,1.28,373.0
11,735,248.01,341.15,91.07,1.55,439.0
11,736,215.42,352.83,87.15,1.24,318.0
11,737,194.12,278.62,65.86,0.9,390.0
11,738,154.52,170.19,38.85,0.77,332.0
11,739,136.98,218.67,52.31,0.63,283.0
11,740,141.88,266.86,64.33,0.77,300.0
11,741,108.26,239.51,59.2,0.71,305.0
11,742,146.04,314.69,67.72,0.79,337.0
11,743,216.73,423.24,79.35,0.95,417.0
11,744,232.37,426.02,85.07,1.03,426.0
11,745,309.28,318.52,84.75,0.37,439.0
11,746,222.66,281.83,63.97,0.45,382.0
11,747,188.08,284.88,60.94,0.93,397.0
11,748,177.67,206.63,51.44,0.63,330.0
11,749,218.63,268.67,66.94,0.7,358.0
11,750,227.68,225.03,55.95,0.6,376.0
11,751,217.55,207.03,63.7,0.6,334.0
11,752,349.98,226.74,63.36,0.03,387.0
11,753,286.6,360.04,63.71,0.09,446.0
11,754,189.45,277.25,67.27,0.53,379.0
11,755,230.94,386.49,92.12,1.3,375.0
11,756,241.78,370.37,88.02,1.08,450.0
11,757,135.87,166.57,50.39,0.32,340.0
11,758,74.92,80.21,42.24,0.35,203.0
11,759,109.13,144.49,45.82,0.44,236.0
11,760,132.35,171.91,46.68,0.35,252.0
11,761,166.71,276.2,65.43,0.83,302.0
11,762,214.23,316.16,82.78,0.79,358.0
11,763,136.02,251.31,64.08,0.9,317.0
11,764,198.24,410.79,93.86,1.26,387.0
11,765,194.99,427.02,88.38,1.26,438.0
11,766,186.65,324.14,62.01,0.92,407.0
11,767,146.49,286.46,49.57,0.84,312.0
11,768,176.04,414.89,60.62,1.03,367.0
11,769,77.85,218.27,55.29,0.62,263.0
11,770,129.1,325.78,69.98,0.83,287.0
11,771,133.12,303.04,67.24,0.75,346.0
11,772,120.43,272.12,62.77,0.68,314.0
11,773,129.09,275.18,58.31,0.54,314.0
11,774,166.55,250.37,56.97,0.38,314.0
11,775,130.62,268.92,73.3,0.79,298.0
11,776,168.96,358.24,81.51,0.87,319.0
11,777,183.98,386.01,82.14,0.78,382.0
11,778,163.86,335.5,78.82,0.72,352.0
11,779,112.02,330.9,72.55,0.71,309.0
11,780,107.13,352.54,71.98,0.66,301.0
11,781,109.38,364.83,68.84,0.78,274.0
11,782,126.74,406.49,67.45,1.06,313.0
11,783,106.92,303.47,60.72,0.7,310.0
11,784,93.03,270.3,65.62,0.8,258.0
11,785,182.29,158.96,55.22,0.27,238.0
11,786,451.25,104.82,42.2,0.0,449.0
11,787,425.22,103.74,46.64,0.0,516.0
11,788,328.23,198.09,59.34,0.41,520.0
11,789,178.5,255.65,72.8,0.8,363.0
11,790,149.73,382.34,94.66,1.42,362.0
11,791,127.9,359.47,79.46,0.92,397.0
11,792,114.68,300.55,69.08,0.47,280.0
11,793,67.83,181.19,56.64,0.57,206.0
11,794,82.32,196.84,60.55,0.57,190.0
11,795,90.6,229.62,61.48,0.69,210.0
11,796,91.6,242.14,64.99,0.76,201.0
11,797,112.41,307.78,65.16,0.89,243.0
11,798,134.4,224.36,49.88,0.43,267.0
11,799,106.45,142.78,39.68,0.23,245.0
11,800,68.88,106.39,33.32,0.21,165.0
11,801,37.49,110.65,32.0,0.25,102.0
11,802,64.42,169.87,32.11,0.26,159.0
11,803,74.58,182.79,27.78,0.24,174.0
11,804,102.46,284.27,34.28,0.4,270.0
11,805,112.71,319.97,42.06,0.45,397.0
11,806,125.8,348.95,42.18,0.52,371.0
11,807,114.07,288.64,38.7,0.65,328.0
11,808,96.39,267.96,46.65,0.6,254.0
11,809,120.43,350.42,51.65,0.81,342.0
11,810,121.21,332.73,49.53,0.77,367.0
11,811,128.51,365.67,51.94,0.83,400.0
11,812,120.88,405.64,69.31,0.58,390.0
11,813,151.17,342.53,70.55,0.55,417.0
11,814,149.42,282.88,79.52,0.68,359.0
11,815,168.23,254.71,83.82,0.31,309.0
11,816,118.34,247.77,78.84,0.31,292.0
11,817,156.38,218.98,79.24,0.33,278.0
11,818,152.66,289.95,85.54,0.42,320.0
11,819,113.62,311.56,75.87,0.45,350.0
11,820,69.44,204.22,76.28,0.37,234.0
11,821,91.19,285.69,84.22,0.41,233.0
11,822,105.71,291.02,81.75,0.52,341.0
11,823,83.36,210.86,77.96,0.42,259.0
11,824,70.62,192.27,83.8,0.37,204.0
11,825,84.4,234.82,73.67,0.39,220.0
11,826,47.67,207.72,64.65,0.32,255.0
11,827,62.44,252.48,67.13,0.3,211.0
11,828,150.76,543.0,74.99,0.35,428.0
11,829,151.25,410.15,77.6,0.48,497.0
11,830,68.88,190.42,68.1,0.27,289.0
11,831,129.15,237.88,72.06,0.29,285.0
11,832,146.59,253.07,71.58,0.33,368.0
11,833,107.69,309.37,61.17,0.64,304.0
11,834,163.97,375.82,87.79,1.06,377.0
11,835,184.69,371.87,110.15,1.1,418.0
11,836,176.54,343.62,102.4,1.0,355.0
11,837,175.23,409.95,102.55,1.12,416.0
11,838,145.22,389.03,102.55,0.75,403.0
11,839,152.84,400.78,88.05,0.4,415.0
11,840,136.35,356.47,80.08,0.67,412.0
11,841,152.99,324.19,93.15,0.9,394.0
11,842,130.13,409.7,103.25,0.54,357.0
11,843,110.54,263.66,93.8,0.0,291.0
11,844,103.42,260.82,75.05,0.28,244.0
11,845,99.09,266.24,61.32,1.09,287.0
11,846,96.07,287.92,69.59,0.63,254.0
11,847,72.31,189.5,72.94,0.63,242.0
11,848,93.14,271.06,73.49,0.72,223.0
11,849,109.36,271.94,68.76,0.86,243.0
11,850,126.74,303.75,85.21,1.1,237.0
11,851,80.81,234.05,65.55,0.71,275.0
11,852,85.8,211.83,70.38,1.05,183.0
11,853,198.2,313.23,108.48,1.41,370.0
11,854,145.74,367.73,97.21,1.06,419.0
11,855,109.91,302.02,67.76,0.83,317.0
11,856,207.4,429.32,75.66,0.99,455.0
11,857,204.56,363.53,92.19,1.5,435.0
11,858,220.77,376.33,92.34,2.08,468.0
11,859,183.82,392.34,94.19,1.34,442.0
11,860,109.76,334.65,65.21,0.64,400.0
11,861,74.42,242.54,46.48,0.6,223.0
11,862,94.28,263.87,62.22,0.85,220.0
11,863,216.96,500.59,70.84,0.89,474.0
11,864,198.09,356.85,87.53,1.17,479.0
11,865,121.76,334.51,70.37,0.89,373.0
11,866,135.54,381.35,75.55,0.7,354.0
11,867,123.21,375.15,54.83,0.57,349.0
11,868,78.18,287.99,47.84,0.4,264.0
11,869,126.04,279.92,50.3,0.41,188.0
11,870,139.1,329.12,58.93,0.71,294.0
11,871,233.82,352.76,59.74,0.9,334.0
11,872,178.44,505.07,52.38,0.88,505.0
11,873,110.1,386.67,63.7,0.99,349.0
11,874,118.43,326.02,84.21,0.89,421.0
11,875,107.37,252.35,80.72,0.47,238.0
11,876,113.9,222.88,65.71,0.56,204.0
11,877,103.75,301.57,79.07,0.65,289.0
11,878,69.88,317.07,50.12,0.53,236.0
11,879,40.33,150.34,45.6,0.49,148.0
11,880,48.95,150.23,55.2,0.54,94.0
11,881,63.27,174.62,64.11,0.5,130.0
11,882,56.38,137.62,69.98,0.83,123.0
11,883,95.23,257.16,97.33,1.08,192.0
11,884,123.44,354.35,131.55,1.08,324.0
11,885,122.2,362.94,119.37,1.1,357.0
11,886,121.1,436.35,92.68,0.72,393.0
11,887,71.89,320.91,64.07,0.56,302.0
11,888,80.37,348.79,57.63,0.56,239.0
11,889,40.87,233.62,70.77,0.29,210.0
11,890,41.83,,79.9,0.0,77.0
11,891,66.73,295.56,76.52,0.0,89.0
11,892,64.63,,80.04,0.0,143.0
11,893,43.02,,77.07,0.0,80.0
11,894,57.4,166.25,106.23,0.0,92.0
11,895,48.6,244.14,96.64,0.0,112.0
11,896,62.0,310.73,86.9,0.0,117.0
11,897,80.14,205.5,139.09,0.0,101.0
11,898,51.6,124.35,80.43,0.0,106.0
11,899,41.96,87.16,70.93,0.0,88.0
11,900,65.19,218.93,56.65,0.0,94.0
11,901,60.9,228.2,36.63,0.0,150.0
11,902,35.1,88.82,99.75,0.0,97.0
11,903,58.27,87.74,63.2,0.0,109.0
11,904,61.93,124.6,36.35,0.0,124.0
11,905,44.08,160.22,103.29,0.0,
11,906,63.62,245.23,83.84,0.0,111.0
11,907,76.1,325.29,71.42,0.0,148.0
11,908,51.52,359.19,53.97,0.0,108.0
11,909,36.62,286.38,54.02,0.0,73.0
11,910,29.83,128.18,58.02,0.0,58.0
11,911,22.98,103.8,35.01,0.0,58.0
11,912,25.83,90.41,32.97,0.0,46.0
11,913,43.35,224.62,17.4,0.0,84.0
11,914,20.52,223.56,11.37,0.0,54.0
11,915,46.71,246.98,20.06,0.0,49.0
11,916,116.12,,19.37,0.0,149.0
11,917,50.81,,14.86,0.0,212.0
11,918,47.17,,18.32,0.0,85.0
11,919,41.42,,18.21,0.0,77.0
11,920,45.31,,23.52,0.0,65.0
11,921,58.46,,21.16,0.0,108.0
11,922,41.92,,18.81,0.0,78.0
11,923,33.04,,21.44,0.0,59.0
11,924,22.35,,19.98,0.0,47.0
11,925,22.44,,21.59,0.0,39.0
11,926,30.35,,38.36,0.0,40.0
11,927,32.02,,77.47,0.0,56.0
11,928,38.77,,76.98,0.0,65.0
11,929,33.56,,86.61,0.0,71.0
11,930,37.67,,126.91,0.0,97.0
11,931,55.96,,137.15,0.0,118.0
11,932,28.88,,61.54,0.0,116.0
11,933,23.12,,23.67,0.0,53.0
11,934,18.54,,19.9,0.0,30.0
11,935,22.65,,18.22,0.0,37.0
11,936,17.52,,19.95,0.0,35.0
11,937,22.17,,18.1,0.0,37.0
11,938,20.17,,21.95,0.0,32.0
11,939,24.42,,25.33,0.0,41.0
11,940,25.71,,24.07,0.0,42.0
11,941,27.25,,22.87,0.0,47.0
11,942,10.88,,20.58,0.0,30.0
11,943,17.1,,26.19,0.0,29.0
11,944,17.24,,23.4,0.0,44.0
11,945,27.56,,26.54,0.0,40.0
11,946,27.29,,29.16,0.0,49.0
11,947,42.65,,33.74,0.0,50.0
11,948,53.69,,42.98,0.0,88.0
11,949,61.44,,41.75,0.0,99.0
11,950,57.42,,32.2,0.0,110.0
11,951,36.58,,29.91,0.0,68.0
11,952,50.42,,48.7,0.0,73.0
11,953,48.6,,64.0,0.0,95.0
11,954,21.83,,35.39,0.0,58.0
11,955,,,,0.0,45.0
11,956,,,,0.0,
11,957,26.54,,88.07,0.0,
11,958,30.12,,49.91,0.0,59.0
11,959,35.23,,64.66,0.0,53.0
11,960,39.6,,68.78,0.0,66.0
11,961,46.25,,60.15,0.0,70.0
11,962,35.48,,39.67,0.0,70.0
11,963,22.15,,30.28,0.0,63.0
11,964,25.5,,24.42,0.0,42.0
11,965,46.0,,38.7,0.0,
11,966,36.54,,43.43,0.0,
11,967,47.79,,45.26,0.0,58.0
11,968,51.33,,39.3,0.0,104.0
11,969,62.33,,37.65,0.0,
11,970,34.3,,34.06,0.0,
11,971,23.82,,27.89,0.0,
11,972,15.23,,69.8,0.0,
11,973,20.5,,101.89,0.0,73.0
11,974,41.62,60.15,50.7,0.76,94.0
11,975,25.58,41.64,26.64,0.54,91.0
11,976,20.06,45.86,26.09,0.48,88.0
11,977,38.19,79.78,27.32,0.4,88.0
11,978,47.89,84.29,25.85,0.36,89.0
11,979,35.61,75.82,30.29,0.37,88.0
11,980,39.41,85.23,35.92,0.33,88.0
11,981,40.34,67.06,23.75,0.36,88.0
11,982,51.7,101.89,16.52,0.49,106.0
11,983,54.83,111.65,17.54,0.45,96.0
11,984,60.46,119.5,19.76,0.48,118.0
11,985,63.97,120.06,20.25,0.45,119.0
11,986,46.65,103.84,16.56,0.42,106.0
11,987,54.77,143.16,10.76,0.13,115.0
11,988,80.47,186.11,31.88,0.12,142.0
11,989,64.37,127.68,34.75,0.36,169.0
11,990,51.56,82.26,36.6,0.44,110.0
11,991,53.05,85.65,37.33,0.33,106.0
11,992,60.83,102.29,56.67,0.21,99.0
11,993,55.55,112.21,34.72,0.43,109.0
11,994,70.81,111.9,21.49,0.44,137.0
11,995,55.93,76.81,22.74,0.46,144.0
11,996,11.81,18.59,22.4,0.32,92.0
11,997,17.76,43.57,18.63,0.35,83.0
11,998,35.5,81.42,17.01,0.37,84.0
11,999,50.09,100.02,27.25,0.37,104.0
11,1000,66.12,114.15,27.52,0.6,131.0
11,1001,80.94,125.39,21.39,0.61,165.0
11,1002,75.4,102.91,38.55,0.43,176.0
11,1003,89.38,140.94,29.45,0.45,172.0
11,1004,74.2,125.73,26.08,0.3,137.0
11,1005,68.47,120.56,28.66,0.46,131.0
11,1006,63.41,128.15,25.2,0.43,132.0
11,1007,69.45,127.48,26.09,0.2,115.0
11,1008,76.81,138.81,28.99,0.19,151.0
11,1009,75.73,125.31,24.45,0.27,180.0
11,1010,79.81,111.43,27.44,0.33,183.0
11,1011,70.98,151.15,25.61,0.32,193.0
11,1012,102.2,155.03,24.51,0.24,224.0
11,1013,107.63,173.87,27.06,0.24,268.0
11,1014,105.88,158.68,31.67,0.26,253.0
11,1015,104.45,122.3,30.92,0.25,208.0
11,1016,106.85,186.91,31.1,0.33,211.0
11,1017,137.42,207.87,29.16,0.33,246.0
11,1018,147.07,208.87,30.14,0.37,319.0
11,1019,147.83,195.47,30.0,0.33,317.0
11,1020,152.61,213.98,58.53,1.02,310.0
11,1021,121.7,212.35,57.08,1.36,313.0
11,1022,152.16,204.03,63.15,1.05,310.0
11,1023,176.17,259.0,53.51,1.18,336.0
11,1024,426.52,387.13,54.76,1.06,497.0
11,1025,213.12,317.52,50.13,1.46,404.0
11,1026,146.01,201.91,55.88,0.93,338.0
11,1027,163.35,242.73,64.25,1.45,327.0
11,1028,188.24,331.64,81.33,1.51,366.0
11,1029,203.03,326.46,80.62,1.01,357.0
11,1030,178.91,290.41,90.56,1.15,328.0
11,1031,167.54,293.68,65.44,0.98,345.0
11,1032,198.37,329.05,84.45,0.9,379.0
11,1033,187.82,300.92,60.61,1.16,362.0
11,1034,196.37,308.22,69.51,1.47,340.0
11,1035,211.64,323.45,53.08,1.84,366.0
11,1036,179.17,265.9,46.83,1.13,344.0
11,1037,160.69,227.41,47.7,1.4,305.0
11,1038,168.16,239.73,46.49,1.31,310.0
11,1039,190.33,292.7,47.28,1.83,345.0
11,1040,209.61,334.64,60.56,2.33,370.0
11,1041,216.53,330.27,57.27,1.94,377.0
11,1042,517.93,654.68,65.17,2.37,532.0
11,1043,639.19,796.88,77.51,2.74,675.0
11,1044,495.9,652.21,81.67,2.37,677.0
11,1045,370.73,496.48,80.73,2.45,597.0
11,1046,363.77,511.44,78.61,2.32,471.0
11,1047,465.08,622.4,70.1,2.44,613.0
11,1048,354.56,498.63,65.77,2.33,561.0
11,1049,254.36,365.91,56.46,1.74,444.0
11,1050,192.04,279.26,57.85,1.64,378.0
11,1051,191.57,278.95,53.86,1.55,357.0
11,1052,150.79,220.08,47.38,1.51,330.0
11,1053,143.51,202.59,43.91,1.16,309.0
11,1054,128.65,190.51,45.6,1.2,297.0
11,1055,171.34,249.28,52.73,1.3,329.0
11,1056,178.08,253.38,54.75,1.52,341.0
11,1057,177.41,258.11,54.64,1.51,348.0
11,1058,175.56,251.23,55.04,1.55,340.0
11,1059,187.97,256.92,64.15,1.65,348.0
11,1060,185.31,268.09,76.48,1.74,347.0
11,1061,224.37,338.82,67.6,1.97,368.0
11,1062,198.34,328.09,68.93,1.64,382.0
11,1063,167.74,290.47,62.53,1.76,360.0
11,1064,215.17,327.64,75.37,2.31,359.0
11,1065,219.84,344.17,57.73,2.11,388.0
11,1066,190.45,309.07,56.83,1.83,377.0
11,1067,208.87,324.46,65.66,2.1,356.0
11,1068,240.87,359.22,65.83,2.28,384.0
11,1069,261.82,390.1,65.49,2.49,415.0
11,1070,230.56,358.86,64.61,2.41,404.0
11,1071,120.91,210.21,51.02,1.65,330.0
11,1072,88.95,170.12,45.83,1.49,215.0
11,1073,115.08,204.38,53.85,1.56,220.0
11,1074,165.76,268.35,70.14,1.77,312.0
11,1075,230.34,341.87,83.94,2.18,389.0
11,1076,218.87,338.45,71.25,2.28,406.0
11,1077,109.18,152.76,45.94,1.51,280.0
11,1078,134.99,203.48,40.27,1.34,263.0
11,1079,126.67,189.9,36.59,1.31,276.0
11,1080,127.57,194.15,34.73,1.28,292.0
11,1081,100.72,152.72,29.84,1.06,228.0
11,1082,95.58,163.65,37.37,1.2,195.0
11,1083,115.19,189.64,45.8,1.28,223.0
11,1084,168.33,257.19,54.84,1.48,291.0
11,1085,283.24,410.74,66.41,1.91,378.0
11,1086,293.14,435.23,61.63,1.45,467.0
11,1087,157.72,241.38,50.73,1.17,370.0
11,1088,117.72,181.59,50.97,1.54,253.0
11,1089,203.18,301.71,66.65,1.74,309.0
11,1090,259.0,368.35,58.92,1.68,398.0
11,1091,224.42,326.11,57.6,1.57,372.0
11,1092,224.27,317.87,65.61,1.69,379.0
11,1093,249.17,362.39,70.25,1.86,398.0
11,1094,227.28,347.63,59.7,1.7,399.0
11,1095,273.56,401.15,60.4,1.96,421.0
11,1096,306.17,445.58,66.97,1.95,451.0
11,1097,303.41,415.09,63.92,1.8,462.0
11,1098,277.48,422.59,53.73,1.52,439.0
11,1099,217.01,336.87,52.24,1.29,405.0
11,1100,248.54,377.61,61.57,1.36,394.0
11,1101,240.42,360.99,54.8,1.38,398.0
11,1102,252.57,378.9,59.12,1.59,403.0
11,1103,191.66,292.74,47.02,1.3,384.0
11,1104,152.98,259.13,51.6,1.33,314.0
11,1105,233.1,355.21,66.19,1.54,373.0
11,1106,186.26,294.24,60.21,1.4,366.0
11,1107,154.64,243.95,63.57,1.47,318.0
11,1108,168.87,281.06,65.3,1.56,306.0
11,1109,230.5,355.43,61.28,2.12,370.0
11,1110,191.47,308.74,54.37,1.72,365.0
11,1111,177.71,309.85,52.51,1.42,352.0
11,1112,133.56,231.04,46.86,1.36,278.0
11,1113,235.06,353.55,47.86,1.61,350.0
11,1114,276.25,428.08,55.08,2.04,411.0
11,1115,253.7,398.16,49.45,1.82,451.0
11,1116,152.33,252.92,38.87,1.31,351.0
11,1117,153.61,274.5,44.09,1.51,310.0
11,1118,202.11,352.68,56.45,1.87,362.0
11,1119,160.79,248.48,47.26,1.43,343.0
11,1120,130.16,192.19,35.33,1.32,286.0
11,1121,111.75,167.31,40.13,1.37,267.0
11,1122,128.45,207.66,38.17,1.43,263.0
11,1123,155.2,271.1,45.14,1.4,284.0
11,1124,150.96,248.26,47.6,1.85,334.0
11,1125,162.48,272.45,54.51,1.96,332.0
11,1126,126.84,212.59,47.59,2.0,300.0
11,1127,123.48,205.56,45.46,2.52,271.0
11,1128,157.33,298.58,63.88,1.62,293.0
11,1129,140.35,282.16,54.28,1.49,318.0
11,1130,115.05,239.61,51.46,1.29,277.0
11,1131,133.8,252.13,46.74,1.3,284.0
11,1132,163.6,308.37,63.42,1.33,313.0
11,1133,143.29,274.72,56.51,1.21,324.0
11,1134,131.49,246.92,54.53,1.18,287.0
11,1135,186.19,338.61,74.83,1.75,334.0
11,1136,203.33,348.94,74.5,1.7,375.0
11,1137,209.7,373.06,99.06,2.55,378.0
11,1138,148.13,300.96,62.4,1.56,350.0
11,1139,72.36,153.11,33.08,0.97,218.0
11,1140,103.93,170.12,46.48,1.21,189.0
11,1141,76.92,149.43,34.92,0.96,217.0
11,1142,94.49,173.59,38.54,1.03,189.0
11,1143,123.19,219.11,48.33,1.21,248.0
11,1144,127.8,244.27,49.9,1.27,277.0
11,1145,127.27,234.67,50.94,1.36,284.0
11,1146,172.55,315.75,71.76,1.96,321.0
11,1147,167.16,317.53,68.29,1.89,335.0
11,1148,172.99,346.46,92.54,2.42,347.0
11,1149,159.67,313.47,66.4,1.8,333.0
11,1150,163.75,333.99,70.77,1.81,331.0
11,1151,164.2,349.29,62.66,1.52,347.0
11,1152,106.26,222.46,42.88,1.0,317.0
11,1153,67.27,156.72,33.59,0.88,170.0
11,1154,85.53,178.51,43.12,1.15,167.0
11,1155,143.25,279.26,52.5,1.47,274.0
11,1156,120.71,256.86,51.74,1.43,293.0
11,1157,139.18,253.32,50.64,1.64,300.0
11,1158,98.25,205.92,41.07,1.18,244.0
11,1159,79.83,182.26,39.02,0.99,205.0
11,1160,76.96,164.74,39.58,0.99,180.0
11,1161,75.45,163.52,37.92,0.94,170.0
11,1162,87.62,178.53,45.6,1.11,192.0
11,1163,139.88,283.57,79.5,1.84,262.0
11,1164,134.76,274.89,65.86,1.64,316.0
11,1165,75.67,171.69,39.85,0.95,207.0
11,1166,88.3,183.74,41.81,1.08,179.0
11,1167,105.29,223.67,45.32,1.18,236.0
11,1168,109.22,245.66,56.5,1.54,241.0
11,1169,116.62,328.98,64.82,1.63,287.0
11,1170,108.98,314.72,48.86,1.23,314.0
11,1171,111.67,256.67,41.48,1.09,269.0
11,1172,81.57,170.16,32.61,1.09,218.0
11,1173,82.15,173.07,31.72,1.2,177.0
11,1174,81.93,197.13,43.85,1.1,177.0
11,1175,109.99,249.2,55.71,1.42,224.0
11,1176,133.53,280.94,45.33,1.36,302.0
11,1177,83.4,176.02,33.49,1.0,226.0
11,1178,64.2,151.45,34.53,0.89,171.0
11,1179,78.4,186.62,37.32,0.91,183.0
11,1180,85.34,190.95,34.66,0.96,202.0
11,1181,85.9,198.67,41.2,1.06,203.0
11,1182,111.26,256.4,60.75,1.52,246.0
11,1183,117.78,280.25,71.04,1.74,293.0
11,1184,95.98,217.49,41.56,1.01,238.0
11,1185,96.45,241.13,45.84,1.11,234.0
11,1186,101.59,292.49,44.76,1.17,269.0
11,1187,75.14,199.8,37.97,1.01,217.0
11,1188,96.38,241.96,48.52,1.22,217.0
11,1189,101.18,252.21,51.63,1.28,239.0
11,1190,111.82,262.69,52.51,1.44,244.0
11,1191,152.56,337.64,60.24,1.76,329.0
11,1192,100.5,231.2,44.92,1.42,271.0
11,1193,48.46,132.97,36.94,1.12,170.0
11,1194,50.27,137.52,34.29,1.09,142.0
11,1195,49.56,123.41,39.45,1.35,133.0
11,1196,93.89,251.98,45.16,1.57,205.0
11,1197,48.61,125.53,32.33,0.99,179.0
11,1198,46.21,109.03,40.94,1.3,135.0
11,1199,83.96,196.02,54.68,1.78,201.0
11,1200,97.16,235.01,59.41,2.12,233.0
11,1201,107.36,258.52,67.79,2.26,240.0
11,1202,119.75,334.05,76.17,2.51,296.0
11,1203,81.97,260.67,57.84,1.56,266.0
11,1204,73.44,256.18,40.44,1.04,216.0
11,1205,89.49,282.24,51.78,1.19,242.0
11,1206,100.01,385.04,40.56,0.91,271.0
11,1207,119.24,480.07,30.99,0.89,444.0
11,1208,62.06,208.53,31.63,0.85,302.0
11,1209,76.11,219.94,39.43,1.03,197.0
11,1210,108.64,274.05,57.07,1.28,242.0
11,1211,117.56,313.41,82.47,2.02,287.0
11,1212,142.82,397.1,78.5,2.09,329.0
11,1213,107.47,336.49,49.86,1.41,351.0
11,1214,84.13,316.52,36.11,1.14,288.0
11,1215,89.1,259.12,42.57,1.26,259.0
11,1216,79.3,214.51,46.42,1.12,221.0
11,1217,54.88,165.91,33.37,0.81,173.0
11,1218,66.74,189.28,34.14,1.02,161.0
11,1219,47.25,153.75,31.77,1.23,167.0
11,1220,49.09,123.82,30.44,1.17,146.0
11,1221,74.82,196.76,46.75,1.74,174.0
11,1222,110.48,290.63,53.69,2.05,280.0
11,1223,111.95,302.1,54.75,2.2,243.0
11,1224,61.0,177.71,27.66,1.31,252.0
11,1225,71.99,177.76,46.09,1.46,168.0
11,1226,93.45,215.34,52.15,2.41,218.0
11,1227,132.39,315.8,65.41,2.73,292.0
11,1228,144.33,353.5,74.13,3.2,330.0
11,1229,80.64,236.35,31.22,2.1,285.0
11,1230,49.22,137.39,40.3,2.05,174.0
11,1231,67.23,177.03,39.81,1.91,173.0
11,1232,78.74,221.21,41.79,1.11,194.0
11,1233,105.99,288.92,44.14,0.85,240.0
11,1234,96.96,241.99,53.88,1.07,254.0
11,1235,103.98,284.44,65.52,1.46,270.0
11,1236,83.66,228.61,45.88,1.08,231.0
11,1237,71.25,209.67,42.68,0.91,208.0
11,1238,91.16,243.14,59.07,1.17,207.0
11,1239,129.23,324.0,77.28,1.66,306.0
11,1240,114.13,298.07,57.51,1.34,303.0
11,1241,83.88,249.82,59.34,1.31,260.0
11,1242,103.02,263.49,64.88,1.47,244.0
11,1243,97.37,314.96,58.31,1.1,268.0
11,1244,117.56,290.96,54.01,1.33,276.0
11,1245,112.6,312.18,60.34,1.4,303.0
11,1246,65.76,295.94,33.21,0.95,272.0
11,1247,71.99,235.22,40.76,1.0,223.0
11,1248,79.98,233.97,30.14,0.81,196.0
11,1249,52.6,154.66,29.28,0.98,183.0
11,1250,59.52,140.21,31.51,0.84,154.0
11,1251,64.42,179.31,30.68,0.81,170.0
11,1252,61.72,152.57,27.67,0.82,160.0
11,1253,57.68,159.45,31.11,0.88,146.0
11,1254,73.77,165.33,33.8,0.96,166.0
11,1255,76.78,196.34,31.27,0.95,180.0
11,1256,52.79,136.75,27.39,0.9,153.0
11,1257,67.02,141.09,34.23,0.93,153.0
11,1258,73.22,218.14,34.85,0.9,186.0
11,1259,141.28,497.9,31.72,0.87,285.0
11,1260,261.77,743.98,25.75,0.77,453.0
11,1261,225.49,761.91,25.37,0.72,522.0
11,1262,153.28,613.34,24.61,0.7,593.0
11,1263,127.32,516.85,25.0,0.68,531.0
11,1264,84.47,289.18,22.78,0.68,384.0
11,1265,61.06,166.71,26.68,0.77,179.0
11,1266,52.76,152.06,26.52,0.68,146.0
11,1267,67.55,201.22,33.71,0.77,175.0
11,1268,76.98,273.16,34.82,0.75,221.0
11,1269,83.98,247.55,45.06,0.99,249.0
11,1270,81.33,242.29,44.23,0.96,228.0
11,1271,54.15,163.89,34.98,0.77,194.0
11,1272,46.9,155.61,34.92,0.74,168.0
11,1273,29.98,92.12,34.16,0.72,128.0
11,1274,52.48,111.4,31.0,0.84,126.0
11,1275,30.07,71.42,29.01,0.76,99.0
11,1276,37.11,84.12,30.43,0.87,90.0
11,1277,41.41,103.75,32.89,0.91,113.0
11,1278,34.18,97.81,28.46,0.78,102.0
11,1279,34.24,122.23,25.74,0.65,111.0
11,1280,44.55,109.65,37.27,0.86,122.0
11,1281,45.76,113.75,31.17,0.78,128.0
11,1282,50.41,133.6,38.05,0.95,130.0
11,1283,57.12,163.19,36.71,0.94,147.0
11,1284,61.93,158.13,34.43,0.9,155.0
11,1285,68.2,179.05,39.85,0.98,176.0
11,1286,70.48,169.96,35.14,0.93,168.0
11,1287,47.48,112.45,28.19,0.81,140.0
11,1288,39.78,102.39,31.82,0.84,111.0
11,1289,46.53,127.08,34.22,0.76,130.0
11,1290,28.44,61.6,31.94,0.88,109.0
11,1291,33.82,70.35,31.63,0.84,96.0
11,1292,37.76,78.42,28.9,0.78,92.0
11,1293,37.32,83.03,33.31,0.96,95.0
11,1294,34.26,84.78,30.73,0.87,105.0
11,1295,37.76,97.11,29.45,0.82,114.0
11,1296,35.04,83.54,27.41,0.8,106.0
11,1297,37.26,80.33,33.46,0.89,90.0
11,1298,50.21,95.93,36.48,0.97,114.0
11,1299,25.81,47.63,27.55,0.83,87.0
11,1300,32.39,69.73,28.74,0.81,80.0
11,1301,39.3,94.8,29.15,0.83,101.0
11,1302,34.7,80.13,27.58,0.81,90.0
11,1303,32.22,57.98,25.1,0.89,90.0
11,1304,21.75,35.79,23.41,0.91,68.0
11,1305,37.69,67.2,21.59,0.73,71.0
11,1306,44.03,116.89,25.02,0.74,100.0
11,1307,39.89,122.86,25.06,0.8,122.0
11,1308,50.59,165.4,28.84,0.91,135.0
11,1309,55.77,195.09,26.14,0.94,155.0
11,1310,71.5,268.29,25.2,0.86,215.0
11,1311,65.46,248.8,26.08,0.78,228.0
11,1312,69.75,264.97,28.77,0.76,215.0
11,1313,63.57,246.89,24.82,0.71,234.0
11,1314,50.64,131.76,26.59,0.9,166.0
11,1315,44.54,110.19,26.15,0.98,123.0
11,1316,36.7,76.04,25.24,1.02,108.0
11,1317,36.84,91.15,24.98,0.89,102.0
11,1318,46.24,115.63,34.82,1.11,111.0
11,1319,32.72,98.26,24.06,0.7,106.0
11,1320,25.7,83.58,23.5,0.66,92.0
11,1321,32.75,106.03,25.04,0.84,102.0
11,1322,46.85,126.7,29.49,1.09,122.0
11,1323,43.0,117.21,23.72,0.84,128.0
11,1324,36.49,88.06,29.32,1.21,109.0
11,1325,32.98,80.82,24.58,0.98,109.0
11,1326,32.11,77.4,26.17,0.88,90.0
11,1327,47.01,96.0,31.85,1.07,100.0
11,1328,61.1,125.39,32.54,1.18,138.0
11,1329,30.98,77.56,27.85,1.02,105.0
11,1330,29.75,74.91,28.18,0.9,91.0
11,1331,31.19,73.3,24.72,0.82,86.0
11,1332,23.71,88.0,24.6,0.8,89.0
11,1333,21.96,82.69,22.78,0.68,100.0
11,1334,23.96,77.21,19.92,0.6,85.0
11,1335,24.78,56.62,23.6,0.78,82.0
11,1336,29.26,58.76,25.52,0.85,81.0
11,1337,36.06,65.58,26.12,0.9,88.0
11,1338,41.26,95.47,28.28,0.95,97.0
11,1339,47.53,152.29,25.96,0.82,127.0
11,1340,45.19,110.35,28.51,1.02,132.0
11,1341,40.9,80.4,23.44,0.87,116.0
11,1342,42.06,72.38,27.63,1.06,89.0
11,1343,55.72,105.56,35.94,1.29,118.0
11,1344,39.77,101.8,30.63,1.04,108.0
11,1345,49.44,138.52,30.88,0.96,137.0
11,1346,42.11,87.03,37.91,1.1,117.0
11,1347,35.45,72.63,26.65,0.84,105.0
11,1348,29.1,56.92,23.58,0.72,86.0
11,1349,36.99,83.98,29.61,0.88,92.0
11,1350,28.33,78.11,26.0,0.78,91.0
11,1351,28.55,103.27,24.4,0.71,96.0
11,1352,27.49,115.88,23.21,0.63,108.0
11,1353,31.38,113.92,25.18,0.7,113.0
11,1354,37.48,125.81,27.72,0.8,126.0
11,1355,43.09,131.43,25.92,0.72,124.0
11,1356,55.86,157.59,29.15,0.78,135.0
11,1357,54.94,165.11,29.8,0.75,154.0
11,1358,58.63,175.12,37.36,0.89,157.0
11,1359,73.3,185.23,38.16,0.98,173.0
11,1360,46.73,112.51,26.7,0.75,155.0
11,1361,24.29,46.36,21.72,0.73,76.0
11,1362,30.71,54.77,19.88,0.67,69.0
11,1363,21.46,35.84,25.07,0.74,63.0
11,1364,21.45,49.41,25.67,0.81,63.0
11,1365,42.83,108.67,32.38,1.03,99.0
11,1366,71.44,171.42,37.42,1.5,151.0
11,1367,83.78,214.66,44.68,1.78,200.0
11,1368,92.46,230.62,46.15,1.57,229.0
11,1369,69.49,155.26,34.52,1.0,176.0
11,1370,65.78,177.08,40.86,1.13,148.0
11,1371,76.03,185.21,36.68,1.11,186.0
11,1372,63.37,177.17,42.57,1.13,160.0
11,1373,97.4,235.14,48.01,1.34,206.0
11,1374,121.12,270.61,53.69,1.62,268.0
11,1375,78.87,199.37,44.71,1.23,237.0
11,1376,81.14,221.03,44.81,1.25,189.0
11,1377,118.6,279.23,56.21,1.51,253.0
11,1378,103.26,263.89,54.24,1.59,269.0
11,1379,93.36,256.14,47.73,1.51,263.0
11,1380,70.42,208.39,37.74,1.02,219.0
11,1381,67.93,172.04,44.48,1.13,163.0
11,1382,132.93,264.13,49.89,1.41,264.0
11,1383,91.88,217.12,47.34,1.3,237.0
11,1384,115.96,280.24,55.44,1.61,253.0
11,1385,139.18,342.5,64.18,2.2,309.0
11,1386,137.29,323.31,52.81,1.93,332.0
11,1387,143.2,337.98,57.64,2.47,330.0
11,1388,137.73,313.84,54.31,1.66,300.0
11,1389,168.87,328.13,54.04,1.55,344.0
11,1390,141.15,294.36,55.77,1.52,325.0
11,1391,121.65,274.68,55.49,1.55,296.0
11,1392,119.4,302.16,63.32,1.84,274.0
11,1393,174.04,384.46,77.72,2.52,354.0
11,1394,168.82,368.33,72.23,2.35,356.0
11,1395,203.12,396.01,74.04,2.72,394.0
11,1396,206.05,408.94,77.3,3.14,396.0
11,1397,205.0,375.23,57.66,2.45,403.0
11,1398,231.83,427.06,62.22,2.67,397.0
11,1399,263.39,459.45,70.46,2.9,456.0
11,1400,225.17,405.94,68.02,2.91,422.0
11,1401,236.67,416.97,71.63,2.97,433.0
11,1402,205.44,373.61,65.98,1.99,391.0
11,1403,159.56,298.85,47.39,1.43,353.0
11,1404,97.27,179.85,34.18,1.0,238.0
11,1405,361.98,500.01,48.25,1.88,424.0
11,1406,177.88,312.87,43.78,1.29,411.0
11,1407,175.43,300.54,45.14,1.44,317.0
11,1408,420.3,509.73,64.57,2.45,452.0
11,1409,300.91,440.76,68.25,2.65,487.0
11,1410,288.86,447.4,79.5,3.01,430.0
11,1411,256.68,425.12,70.55,2.89,454.0
11,1412,271.7,464.28,71.88,2.85,437.0
11,1413,265.06,441.43,74.72,2.74,454.0
11,1414,136.2,225.77,59.36,1.68,361.0
11,1415,98.53,175.95,47.83,1.29,251.0
11,1416,138.49,230.56,42.41,1.24,302.0
11,1417,135.21,255.42,51.93,1.6,292.0
11,1418,166.43,313.67,61.82,2.0,330.0
11,1419,179.79,319.12,56.73,1.56,340.0
11,1420,224.1,374.77,63.96,2.04,367.0
11,1421,209.96,349.54,63.79,1.79,396.0
11,1422,139.02,292.92,74.93,2.09,317.0
11,1423,187.85,331.22,61.06,2.04,356.0
11,1424,107.73,223.33,46.57,1.34,296.0
11,1425,133.62,268.83,58.16,1.72,266.0
11,1426,200.69,362.41,68.3,2.43,349.0
11,1427,205.53,378.23,78.94,3.32,396.0
11,1428,193.1,356.12,69.6,2.85,363.0
11,1429,205.17,363.12,63.68,2.52,384.0
11,1430,190.36,340.56,56.74,1.96,365.0
11,1431,147.48,297.66,56.43,1.91,335.0
11,1432,164.63,331.5,67.18,2.77,329.0
11,1433,178.87,356.2,66.91,2.74,356.0
11,1434,211.57,393.74,74.17,3.17,394.0
11,1435,181.62,345.32,65.87,2.59,374.0
11,1436,218.06,395.33,71.73,3.04,385.0
11,1437,193.81,353.86,54.83,2.09,376.0
11,1438,202.83,358.72,59.06,2.2,366.0
11,1439,226.35,388.23,65.3,2.67,389.0
11,1440,264.63,453.77,66.58,2.75,431.0
11,1441,274.97,461.98,68.87,2.78,464.0
11,1442,209.63,327.23,55.1,1.95,443.0
11,1443,94.29,162.44,42.59,1.21,264.0
11,1444,113.42,196.85,45.22,1.22,248.0
11,1445,122.69,211.8,47.31,1.22,274.0
11,1446,150.28,252.01,50.86,1.42,295.0
11,1447,182.78,322.5,58.08,1.93,338.0
11,1448,204.08,339.38,61.34,1.78,370.0
11,1449,205.22,351.7,63.77,1.92,370.0
11,1450,258.1,429.33,68.97,2.64,423.0
11,1451,252.2,403.18,66.03,2.22,422.0
11,1452,326.79,502.83,78.71,2.59,468.0
11,1453,401.58,560.68,77.63,3.36,557.0
11,1454,378.68,546.59,75.26,3.36,577.0
11,1455,268.2,399.37,61.2,1.9,475.0
11,1456,241.0,366.1,65.2,1.99,405.0
11,1457,290.1,453.45,78.43,2.87,458.0
11,1458,249.23,387.84,60.59,1.66,413.0
11,1459,248.12,399.14,64.97,1.96,420.0
11,1460,336.42,503.99,76.89,2.94,484.0
11,1461,319.69,494.51,70.54,2.7,509.0
11,1462,287.34,461.02,69.46,2.54,475.0
11,1463,331.2,515.72,75.06,2.78,501.0
11,1464,355.4,519.34,66.2,2.55,537.0
11,1465,246.46,388.79,57.53,2.01,432.0
11,1466,262.53,411.49,60.35,2.23,440.0
11,1467,174.26,254.66,51.94,1.49,371.0
11,1468,181.74,283.88,52.45,1.57,331.0
11,1469,156.26,242.02,48.95,1.31,340.0
11,1470,143.66,238.94,49.49,1.3,321.0
11,1471,165.95,278.87,58.22,1.75,317.0
11,1472,278.95,432.2,76.71,2.9,401.0
11,1473,311.03,465.89,85.14,3.11,482.0
11,1474,272.45,403.32,66.11,2.36,464.0
11,1475,94.44,173.94,42.16,1.04,320.0
11,1476,134.57,229.1,52.45,1.37,248.0
11,1477,271.96,424.07,83.75,2.58,383.0
11,1478,358.91,519.49,84.74,3.13,515.0
11,1479,237.22,364.61,68.58,2.06,437.0
11,1480,262.68,402.21,77.9,2.35,411.0
11,1481,314.59,478.43,106.04,3.66,480.0
11,1482,175.49,289.4,63.04,1.83,413.0
11,1483,53.25,72.61,38.56,1.01,174.0
11,1484,135.68,211.71,48.14,1.62,186.0
11,1485,130.59,218.93,44.11,1.44,328.0
11,1486,81.2,136.43,40.03,1.01,188.0
11,1487,101.61,169.32,38.43,0.98,231.0
11,1488,136.47,217.45,45.27,1.1,275.0
11,1489,126.48,212.42,49.13,1.06,301.0
11,1490,142.0,235.85,51.47,1.24,297.0
11,1491,206.14,334.21,63.7,1.76,342.0
11,1492,204.25,335.07,65.7,1.9,397.0
11,1493,178.68,265.65,50.75,1.34,329.0
11,1494,177.32,266.3,35.89,1.24,338.0
11,1495,131.1,209.41,34.53,1.32,323.0
11,1496,144.62,248.49,52.85,1.81,301.0
11,1497,256.33,408.32,75.89,2.95,398.0
11,1498,177.25,270.92,50.55,1.64,380.0
11,1499,65.65,107.83,30.8,0.84,233.0
11,1500,72.29,156.6,39.24,0.94,136.0
11,1501,82.5,165.94,38.31,0.96,169.0
11,1502,143.31,255.47,49.26,1.36,277.0
11,1503,173.61,304.98,58.56,1.78,332.0
11,1504,208.64,357.36,66.37,2.09,357.0
11,1505,198.26,336.99,70.04,1.94,372.0
11,1506,153.73,237.08,53.15,1.42,350.0
11,1507,123.46,194.76,44.28,1.22,275.0
11,1508,112.34,181.64,33.33,1.13,288.0
11,1509,99.27,180.93,42.59,1.09,247.0
11,1510,109.11,215.05,56.12,1.18,278.0
11,1511,126.12,229.75,55.44,1.56,232.0
11,1512,102.3,185.4,51.88,1.4,305.0
11,1513,73.33,178.07,47.15,1.37,158.0
11,1514,73.9,147.86,33.95,1.07,191.0
11,1515,56.51,115.07,36.12,0.85,116.0
11,1516,89.34,161.89,46.26,1.03,169.0
11,1517,92.36,172.59,53.86,1.24,221.0
11,1518,59.97,120.3,50.31,0.95,144.0
11,1519,47.18,91.52,35.07,0.79,112.0
11,1520,96.38,180.46,45.02,1.25,198.0
11,1521,93.83,181.26,48.87,1.17,222.0
11,1522,109.6,182.54,62.05,1.36,227.0
11,1523,62.92,105.16,40.61,1.16,172.0
11,1524,105.93,180.84,40.1,1.54,217.0
11,1525,68.86,135.4,40.05,1.01,173.0
11,1526,83.45,168.32,45.3,1.25,189.0
11,1527,104.61,212.7,51.9,1.48,228.0
11,1528,92.07,199.28,51.75,1.27,220.0
11,1529,73.31,162.18,40.84,0.99,194.0
11,1530,73.98,163.8,44.17,0.96,157.0
11,1531,82.17,205.43,52.91,1.24,190.0
11,1532,57.28,129.4,37.45,0.93,149.0
11,1533,89.17,231.19,57.03,1.27,168.0
11,1534,111.2,217.74,48.81,1.36,281.0
11,1535,74.88,144.35,41.27,1.0,183.0
11,1536,68.64,140.6,40.6,0.92,143.0
11,1537,93.61,184.01,46.88,1.07,198.0
11,1538,100.32,202.01,50.33,1.19,221.0
11,1539,103.77,227.07,55.47,1.29,239.0
11,1540,89.82,237.61,54.67,1.35,234.0
11,1541,112.29,197.17,34.63,1.34,272.0
11,1542,38.43,119.87,32.19,0.74,141.0
11,1543,55.62,138.56,34.57,0.89,131.0
11,1544,53.28,133.47,34.25,0.82,126.0
11,1545,65.0,150.34,34.84,0.93,136.0
11,1546,75.82,169.16,40.8,1.04,162.0
11,1547,78.37,186.49,49.68,1.22,177.0
11,1548,116.55,260.26,60.18,1.76,245.0
11,1549,112.67,257.27,60.4,1.8,273.0
11,1550,102.27,238.99,53.75,1.51,252.0
11,1551,58.96,177.53,38.42,0.94,198.0
11,1552,59.08,170.14,38.55,0.88,153.0
11,1553,90.1,211.47,55.76,1.19,194.0
11,1554,85.02,206.04,54.91,1.32,208.0
11,1555,119.71,270.77,63.62,1.8,260.0
11,1556,125.44,281.53,64.7,1.96,284.0
11,1557,96.6,303.71,48.72,1.32,269.0
11,1558,152.91,355.22,44.64,1.49,315.0
11,1559,81.3,280.23,45.87,1.06,284.0
11,1560,87.74,225.5,53.88,1.44,240.0
11,1561,101.94,247.53,56.82,1.76,263.0
11,1562,70.25,204.19,47.54,1.21,196.0
11,1563,61.34,217.0,40.09,1.12,202.0
11,1564,55.93,175.93,37.89,1.06,175.0
11,1565,51.51,168.11,36.61,1.02,150.0
11,1566,54.84,187.59,41.92,1.28,163.0
11,1567,59.08,186.75,35.01,1.1,206.0
11,1568,22.14,62.49,26.84,0.9,102.0
11,1569,38.92,91.55,39.07,1.01,104.0
11,1570,71.62,155.39,47.56,1.24,151.0
11,1571,90.55,193.76,55.28,1.42,199.0
11,1572,95.24,219.06,58.95,1.66,225.0
11,1573,110.16,255.31,61.72,1.87,246.0
11,1574,104.17,277.28,63.45,1.92,257.0
11,1575,85.7,262.58,51.58,1.41,232.0
11,1576,86.41,274.39,39.89,1.31,251.0
11,1577,82.37,244.21,50.69,1.34,223.0
11,1578,73.06,301.82,39.8,1.05,248.0
11,1579,76.44,285.73,40.9,1.06,269.0
11,1580,84.04,274.83,52.04,1.33,256.0
11,1581,95.72,284.13,59.32,1.62,257.0
11,1582,111.57,323.97,63.15,1.61,285.0
11,1583,77.72,282.83,43.19,1.19,275.0
11,1584,52.16,149.1,49.82,1.09,202.0
11,1585,77.96,196.87,59.78,1.26,182.0
11,1586,101.25,249.97,55.16,1.51,231.0
11,1587,118.9,295.84,70.81,1.93,267.0
11,1588,128.78,378.89,69.77,1.98,310.0
11,1589,143.34,415.23,60.85,2.0,389.0
11,1590,137.2,414.7,51.13,1.52,390.0
11,1591,95.07,320.44,38.05,1.03,333.0
11,1592,101.83,289.05,42.02,1.15,266.0
11,1593,178.22,503.28,40.68,1.22,352.0
11,1594,170.81,351.28,50.88,1.51,376.0
11,1595,58.22,124.28,37.53,1.02,217.0
11,1596,84.81,191.04,57.75,1.52,194.0
11,1597,75.45,218.38,50.99,1.38,192.0
11,1598,92.53,316.4,45.67,1.31,257.0
11,1599,44.28,106.51,33.79,1.04,176.0
11,1600,81.99,162.83,45.8,1.21,168.0
11,1601,93.97,218.72,56.55,1.35,216.0
11,1602,77.78,194.58,47.58,1.21,206.0
11,1603,64.24,201.27,51.8,1.5,167.0
11,1604,92.4,230.0,52.71,1.49,228.0
11,1605,43.86,117.66,40.33,1.21,151.0
11,1606,43.66,118.65,34.52,0.99,125.0
11,1607,55.13,136.58,41.51,1.06,135.0
11,1608,64.66,172.68,53.92,1.28,163.0
11,1609,65.82,183.77,61.45,1.3,175.0
11,1610,74.8,202.75,65.84,1.45,191.0
11,1611,85.21,246.05,71.8,1.75,226.0
11,1612,88.57,337.77,56.83,1.47,266.0
11,1613,95.4,298.35,57.24,1.56,300.0
11,1614,73.36,219.79,32.22,1.07,222.0
11,1615,66.94,300.7,30.33,1.03,232.0
11,1616,54.95,171.58,36.0,1.14,212.0
11,1617,73.35,208.72,42.68,1.29,190.0
11,1618,70.61,236.45,44.85,1.13,209.0
11,1619,54.81,152.39,35.32,1.11,192.0
11,1620,69.75,187.62,51.0,1.47,184.0
11,1621,101.05,265.12,62.84,1.86,237.0
11,1622,74.48,233.49,61.53,1.63,230.0
11,1623,118.38,487.77,49.86,1.41,315.0
11,1624,59.86,240.88,30.46,0.92,280.0
11,1625,52.66,189.69,34.53,1.03,189.0
11,1626,53.79,188.21,37.07,1.07,167.0
11,1627,81.86,274.68,47.15,1.18,217.0
11,1628,42.06,160.96,20.56,0.8,205.0
11,1629,40.18,137.08,27.51,0.89,126.0
11,1630,30.39,84.53,32.32,1.03,119.0
11,1631,79.96,223.08,37.14,1.12,173.0
11,1632,42.76,130.88,31.19,0.92,175.0
11,1633,71.15,188.16,44.78,1.22,178.0
11,1634,68.27,177.16,44.12,1.11,185.0
11,1635,42.06,126.12,23.02,0.95,153.0
11,1636,26.29,85.68,25.93,0.92,118.0
11,1637,53.65,119.98,32.24,1.07,131.0
11,1638,67.36,155.9,37.39,1.16,161.0
11,1639,65.3,230.98,39.94,1.16,169.0
11,1640,61.21,239.15,38.37,1.02,207.0
11,1641,58.08,271.27,34.56,0.93,223.0
11,1642,65.24,270.03,33.03,1.04,234.0
11,1643,57.27,189.32,31.09,0.94,195.0
11,1644,71.68,233.25,28.13,0.99,202.0
11,1645,39.99,113.92,26.57,0.99,162.0
11,1646,36.82,87.8,29.23,1.11,111.0
11,1647,48.6,99.98,34.77,1.2,113.0
11,1648,34.25,87.5,29.91,1.0,99.0
11,1649,38.81,91.79,28.87,1.08,101.0
11,1650,49.12,148.79,32.85,1.15,129.0
11,1651,42.56,128.6,30.38,1.11,131.0
11,1652,69.21,278.71,31.36,1.04,150.0
11,1653,76.99,352.26,29.87,0.97,300.0
11,1654,76.35,363.7,26.97,1.05,294.0
11,1655,63.18,294.27,23.13,0.97,312.0
11,1656,63.16,280.99,25.1,0.95,243.0
11,1657,42.04,137.67,27.17,1.09,180.0
11,1658,31.51,79.22,27.54,1.05,117.0
11,1659,32.06,67.73,28.44,1.03,92.0
11,1660,32.92,78.08,37.14,1.24,98.0
11,1661,63.02,158.3,40.79,1.41,142.0
11,1662,46.43,117.84,37.1,1.15,137.0
11,1663,50.57,105.55,33.89,1.39,123.0
11,1664,60.38,119.66,33.03,1.55,124.0
11,1665,73.08,153.96,39.89,1.61,156.0
11,1666,63.26,156.93,40.29,1.41,165.0
11,1667,22.79,63.51,33.52,0.94,98.0
11,1668,30.63,61.26,31.61,0.99,94.0
11,1669,26.16,45.04,25.34,1.0,85.0
11,1670,21.13,46.35,21.89,0.89,83.0
11,1671,24.45,64.17,25.11,0.92,82.0
11,1672,30.1,82.81,26.92,0.97,90.0
11,1673,30.22,76.67,26.45,0.93,90.0
11,1674,34.26,85.89,28.4,0.94,98.0
11,1675,35.06,83.66,30.96,1.03,95.0
11,1676,38.54,80.35,31.0,1.07,104.0
11,1677,46.69,88.15,30.9,1.13,101.0
11,1678,52.2,104.96,34.64,1.24,108.0
11,1679,30.04,57.31,34.68,1.14,99.0
11,1680,32.63,72.98,31.82,1.22,104.0
11,1681,27.69,80.22,28.9,1.01,99.0
11,1682,14.59,61.47,22.08,0.86,89.0
11,1683,16.73,47.75,22.06,0.87,75.0
11,1684,25.53,67.15,25.93,0.96,83.0
11,1685,20.53,51.91,26.18,1.02,80.0
11,1686,21.68,56.18,27.12,1.1,85.0
11,1687,33.21,58.36,31.9,1.19,93.0
11,1688,28.78,56.28,25.03,1.04,93.0
11,1689,15.52,37.1,21.51,0.87,73.0
11,1690,10.24,19.51,19.1,0.81,67.0
11,1691,15.51,30.45,20.93,0.98,66.0
11,1692,38.55,86.13,28.59,1.31,99.0
11,1693,41.74,95.71,26.86,1.23,103.0
11,1694,46.69,129.46,32.68,1.14,107.0
11,1695,44.16,130.49,42.21,1.21,125.0
11,1696,50.49,142.76,40.32,1.3,130.0
11,1697,60.71,149.82,41.76,1.47,149.0
11,1698,33.49,67.82,31.71,0.93,107.0
11,1699,25.06,68.59,31.6,0.99,77.0
11,1700,40.68,107.99,34.48,1.17,114.0
11,1701,42.04,103.01,34.62,1.07,119.0
11,1702,33.92,90.29,30.6,0.93,103.0
11,1703,43.5,105.68,32.44,1.02,110.0
11,1704,57.16,123.23,40.79,1.41,123.0
11,1705,35.13,81.44,32.08,1.11,123.0
11,1706,46.15,101.79,31.91,1.07,105.0
11,1707,70.64,143.56,36.51,1.21,131.0
11,1708,73.33,150.39,36.99,1.22,165.0
11,1709,33.9,90.44,29.09,0.97,118.0
11,1710,35.81,89.47,30.05,0.99,96.0
11,1711,34.98,83.26,30.9,1.0,95.0
11,1712,32.83,77.01,26.84,0.9,99.0
11,1713,56.31,126.43,30.47,1.0,107.0
11,1714,64.48,144.47,34.12,1.07,139.0
11,1715,79.6,174.33,39.69,1.15,166.0
11,1716,57.83,132.61,34.01,0.99,158.0
11,1717,33.59,83.22,29.75,0.88,103.0
11,1718,26.65,69.36,26.05,0.77,85.0
11,1719,35.52,72.61,27.77,0.91,83.0
11,1720,56.6,129.47,36.18,1.13,111.0
11,1721,59.14,135.84,38.18,1.12,143.0
11,1722,35.41,97.32,31.3,0.86,117.0
11,1723,21.74,62.19,24.15,0.78,80.0
11,1724,40.33,106.47,31.73,0.95,96.0
11,1725,39.23,96.29,31.43,0.99,112.0
11,1726,26.51,65.65,30.66,0.91,86.0
11,1727,34.46,83.33,30.02,0.93,89.0
11,1728,35.88,96.22,34.98,0.98,103.0
11,1729,30.52,86.31,29.99,0.9,100.0
11,1730,22.9,69.49,27.25,0.83,87.0
11,1731,15.66,56.71,24.52,0.78,78.0
11,1732,22.52,66.98,26.18,0.77,78.0
11,1733,16.91,51.03,22.84,0.74,68.0
11,1734,29.42,81.97,27.89,0.92,75.0
11,1735,33.92,92.41,28.0,0.96,98.0
11,1736,40.16,96.13,29.72,1.05,105.0
11,1737,57.99,143.97,36.77,1.25,140.0
11,1738,43.07,94.9,34.07,0.99,113.0
11,1739,39.48,108.22,33.82,1.03,108.0
11,1740,58.75,140.15,36.98,0.99,127.0
11,1741,55.88,137.81,33.46,0.91,133.0
11,1742,44.85,116.56,33.4,0.85,123.0
11,1743,77.02,182.89,45.5,1.37,165.0
11,1744,100.82,215.18,50.32,1.34,208.0
11,1745,98.07,203.36,48.05,1.37,243.0
11,1746,103.45,209.42,48.54,1.44,235.0
11,1747,132.57,255.42,51.27,1.65,282.0
11,1748,116.33,239.47,50.83,1.73,285.0
11,1749,133.35,285.26,58.61,2.18,291.0
11,1750,146.37,279.78,53.03,1.77,320.0
11,1751,121.68,245.2,46.51,1.44,300.0
11,1752,90.41,203.39,39.62,1.14,265.0
11,1753,76.77,174.84,51.37,1.18,170.0
11,1754,98.05,203.14,48.83,1.26,242.0
11,1755,115.16,235.0,51.05,1.3,254.0
11,1756,93.51,213.26,50.05,1.37,243.0
11,1757,122.12,268.58,57.92,1.79,248.0
11,1758,173.56,346.51,67.36,2.46,335.0
11,1759,129.9,270.87,52.55,1.72,331.0
11,1760,148.73,290.6,56.43,1.92,315.0
11,1761,198.81,321.68,48.37,1.77,354.0
11,1762,301.39,420.35,48.45,1.77,417.0
11,1763,287.56,440.77,60.03,2.43,419.0
11,1764,279.32,454.35,63.87,2.67,452.0
11,1765,314.32,500.04,71.37,2.92,460.0
11,1766,388.45,584.15,73.61,2.59,591.0
11,1767,320.26,467.74,54.1,1.93,473.0
11,1768,582.28,706.58,49.67,2.39,659.0
11,1769,272.3,386.16,44.53,1.47,532.0
11,1770,190.41,296.98,44.32,1.43,385.0
11,1771,101.09,207.19,54.77,1.52,265.0
11,1772,182.47,292.56,51.64,1.58,296.0
11,1773,154.14,253.44,52.79,1.68,346.0
11,1774,140.8,230.5,44.01,1.34,321.0
11,1775,192.35,296.44,50.35,1.44,339.0
11,1776,252.48,380.54,61.36,1.79,376.0
11,1777,384.34,529.59,66.1,2.25,475.0
11,1778,383.36,541.19,73.6,2.5,532.0
11,1779,371.42,545.66,82.63,2.92,537.0
11,1780,423.52,576.12,59.35,2.35,595.0
11,1781,174.03,293.0,42.35,1.34,438.0
11,1782,96.34,165.5,33.78,0.92,273.0
11,1783,108.4,181.67,40.05,1.26,245.0
11,1784,126.92,218.13,52.79,1.6,251.0
11,1785,175.19,295.47,77.62,2.21,315.0
11,1786,217.7,363.77,91.65,3.0,375.0
11,1787,201.17,332.6,75.08,2.4,377.0
11,1788,130.41,224.14,52.7,1.3,334.0
11,1789,107.86,178.21,43.51,1.01,264.0
11,1790,122.37,213.67,53.29,1.45,269.0
11,1791,114.27,225.78,53.83,1.41,284.0
11,1792,65.7,128.1,42.94,0.89,166.0
11,1793,31.03,58.6,32.3,0.65,106.0
11,1794,53.79,100.29,41.9,1.03,89.0
11,1795,96.96,159.36,45.04,1.21,175.0
11,1796,123.66,192.47,50.39,1.17,257.0
11,1797,141.12,229.08,57.23,1.49,299.0
11,1798,140.07,241.56,60.85,1.49,302.0
11,1799,163.24,277.92,71.65,1.95,313.0
11,1800,271.99,416.79,91.53,2.95,389.0
11,1801,241.69,362.1,69.73,2.03,423.0
11,1802,233.79,348.44,66.41,2.32,382.0
11,1803,239.98,355.16,68.59,2.88,404.0
11,1804,200.33,311.58,68.28,2.32,371.0
11,1805,236.4,363.3,72.63,2.41,377.0
11,1806,299.85,452.65,85.56,3.2,430.0
11,1807,284.18,412.59,64.36,2.01,471.0
11,1808,94.62,124.26,41.21,1.14,322.0
11,1809,78.59,128.36,41.29,1.18,179.0
11,1810,94.67,151.57,39.9,1.15,205.0
11,1811,88.05,133.11,35.06,1.04,202.0
11,1812,93.07,140.23,32.7,1.07,178.0
11,1813,144.0,214.88,44.41,1.24,273.0
11,1814,261.16,385.13,55.64,1.92,354.0
11,1815,316.09,449.06,60.58,2.16,452.0
11,1816,249.87,353.94,50.24,1.71,441.0
11,1817,146.81,202.05,38.96,1.13,351.0
11,1818,171.47,240.19,39.83,1.28,321.0
11,1819,262.69,401.03,56.72,1.76,376.0
11,1820,166.71,258.28,39.77,1.2,384.0
11,1821,196.97,299.85,45.08,1.17,340.0
11,1822,240.07,371.45,54.6,1.39,372.0
11,1823,275.6,426.12,55.98,1.96,425.0
11,1824,326.79,500.15,57.76,1.86,455.0
11,1825,333.43,486.35,55.61,2.24,506.0
11,1826,245.53,338.18,47.5,1.8,417.0
11,1827,372.14,483.87,64.18,3.15,492.0
11,1828,327.04,439.31,64.8,3.32,485.0
11,1829,228.9,337.04,55.65,2.8,426.0
11,1830,220.6,327.22,57.67,2.2,366.0
11,1831,170.21,257.94,48.25,1.23,354.0
11,1832,159.64,247.47,51.19,1.27,335.0
11,1833,120.31,176.22,44.9,1.18,285.0
11,1834,117.98,145.85,38.64,1.13,281.0
11,1835,89.26,132.06,32.3,0.89,231.0
11,1836,130.82,203.54,45.12,1.3,255.0
11,1837,151.1,245.62,53.28,1.54,309.0
11,1838,207.23,325.36,59.91,2.26,352.0
11,1839,218.98,329.77,55.04,2.11,381.0
11,1840,115.62,163.67,38.08,1.16,314.0
11,1841,111.57,179.08,47.45,1.17,241.0
11,1842,139.06,197.9,44.21,1.11,286.0
11,1843,107.65,152.98,36.19,1.14,287.0
11,1844,125.3,198.24,43.78,1.32,262.0
11,1845,125.04,187.93,34.18,0.96,290.0
11,1846,142.18,225.67,38.21,1.39,282.0
11,1847,222.81,348.45,48.18,1.93,359.0
11,1848,198.88,296.98,44.3,1.9,378.0
11,1849,74.45,137.61,35.26,0.79,273.0
11,1850,79.83,151.81,44.0,0.99,155.0
11,1851,136.72,240.57,56.31,1.48,251.0
11,1852,201.2,309.09,50.94,2.09,349.0
11,1853,209.97,330.91,67.09,2.19,365.0
11,1854,104.45,149.12,42.01,1.26,302.0
11,1855,77.95,134.17,42.24,1.24,218.0
11,1856,91.56,168.43,45.04,1.08,195.0
11,1857,92.04,170.33,47.35,1.1,203.0
11,1858,112.13,201.19,44.25,1.26,244.0
11,1859,120.86,200.9,45.28,1.2,254.0
11,1860,138.5,243.43,53.71,1.51,297.0
11,1861,188.42,340.56,64.8,2.21,336.0
11,1862,150.08,255.41,53.35,1.3,344.0
11,1863,118.57,205.43,51.82,1.18,277.0
11,1864,150.15,253.82,58.46,1.51,307.0
11,1865,149.67,238.17,47.55,1.16,315.0
11,1866,151.43,247.62,50.75,1.29,310.0
11,1867,174.4,292.44,56.48,1.61,328.0
11,1868,176.57,306.12,60.12,1.89,347.0
11,1869,172.12,295.05,55.96,1.29,343.0
11,1870,95.72,179.78,41.59,0.95,279.0
11,1871,73.84,172.28,34.6,0.82,186.0
11,1872,83.07,174.78,44.57,0.91,174.0
11,1873,132.63,237.81,57.15,1.38,254.0
11,1874,158.69,282.84,61.17,1.61,323.0
11,1875,125.53,238.91,59.91,1.39,292.0
11,1876,138.46,286.39,59.9,2.0,300.0
11,1877,98.84,223.69,44.05,0.99,253.0
11,1878,53.11,85.49,33.27,0.83,170.0
11,1879,63.62,123.44,41.23,1.2,104.0
11,1880,105.71,182.2,42.24,1.26,221.0
11,1881,70.59,145.05,44.2,1.02,169.0
11,1882,127.75,224.02,46.76,1.22,244.0
11,1883,141.81,258.62,50.67,1.54,303.0
11,1884,107.28,203.77,46.15,1.23,270.0
11,1885,83.48,161.36,33.92,0.97,214.0
11,1886,60.01,115.82,33.98,0.83,144.0
11,1887,42.83,91.88,40.73,0.97,105.0
11,1888,99.34,203.51,50.23,1.58,192.0
11,1889,86.26,188.73,46.6,1.22,226.0
11,1890,82.9,193.79,45.62,1.1,200.0
11,1891,31.43,67.5,32.97,0.81,112.0
11,1892,21.32,38.5,33.71,0.87,82.0
11,1893,40.96,85.45,35.53,0.82,77.0
11,1894,72.1,140.22,37.14,1.11,156.0
11,1895,58.04,133.75,32.29,0.75,138.0
11,1896,84.35,160.91,30.22,0.84,186.0
11,1897,55.19,112.57,29.76,0.76,128.0
11,1898,56.92,155.18,36.74,0.94,125.0
11,1899,68.72,209.02,40.53,0.87,170.0
11,1900,39.41,85.26,34.59,0.76,131.0
11,1901,60.99,124.24,41.09,0.9,124.0
11,1902,61.61,144.37,41.52,0.89,148.0
11,1903,69.7,160.15,43.5,1.0,164.0
11,1904,68.93,162.56,45.86,1.07,162.0
11,1905,90.62,195.15,45.67,1.14,191.0
11,1906,90.31,200.79,51.26,1.24,209.0
11,1907,82.39,184.81,46.04,1.18,205.0
11,1908,78.61,134.46,29.85,0.92,198.0
11,1909,54.26,100.55,25.96,0.78,127.0
11,1910,55.85,103.62,27.07,0.81,124.0
11,1911,37.87,68.03,21.11,0.68,92.0
11,1912,45.69,75.81,16.58,0.58,93.0
11,1913,26.89,45.48,15.32,0.53,76.0
11,1914,21.23,34.15,17.52,0.54,51.0
11,1915,27.59,55.75,16.6,0.52,64.0
11,1916,35.08,64.66,17.52,0.58,74.0
11,1917,35.31,67.01,18.03,0.56,81.0
11,1918,32.88,65.84,19.17,0.62,80.0
11,1919,28.51,61.06,17.18,0.6,78.0
11,1920,31.36,62.69,20.07,0.61,84.0
11,1921,40.79,77.64,22.38,0.68,90.0
11,1922,51.79,96.88,24.42,0.81,103.0
11,1923,59.91,114.88,24.37,0.81,134.0
11,1924,33.12,94.02,19.27,0.6,100.0
11,1925,29.7,79.04,18.56,0.56,91.0
11,1926,36.13,76.32,21.37,0.66,89.0
11,1927,57.67,112.93,27.12,0.81,111.0
11,1928,53.03,118.1,23.64,0.83,126.0
11,1929,38.57,92.7,17.59,0.67,102.0
11,1930,60.6,136.77,23.4,0.83,119.0
11,1931,58.22,144.7,25.71,0.93,134.0
11,1932,58.31,190.98,24.55,0.93,152.0
11,1933,69.8,191.17,25.01,0.94,172.0
11,1934,26.93,89.58,15.83,0.64,123.0
11,1935,29.09,102.53,15.45,0.68,102.0
11,1936,35.49,73.86,19.72,0.71,95.0
11,1937,52.86,113.25,24.56,1.02,115.0
11,1938,37.17,87.27,19.64,0.82,102.0
11,1939,58.25,130.99,24.79,0.86,122.0
11,1940,54.71,127.82,24.83,0.91,129.0
11,1941,65.91,138.46,25.62,0.99,143.0
11,1942,33.09,85.83,18.68,0.75,121.0
11,1943,40.24,117.1,17.45,0.77,119.0
11,1944,27.18,53.02,14.8,0.76,98.0
11,1945,41.75,80.36,17.35,0.86,105.0
11,1946,55.18,114.91,20.11,0.91,123.0
11,1947,49.96,115.63,17.61,0.84,128.0
11,1948,61.04,143.11,18.46,0.89,140.0
11,1949,34.67,107.36,14.36,0.76,127.0
11,1950,32.56,83.02,15.14,0.68,110.0
11,1951,26.63,60.59,16.95,0.72,92.0
11,1952,56.24,115.91,21.36,0.87,117.0
11,1953,58.44,169.61,21.88,0.89,139.0
11,1954,36.02,88.35,17.97,0.73,140.0
11,1955,51.09,120.82,21.66,0.83,138.0
11,1956,54.18,126.9,17.65,0.85,142.0
11,1957,44.3,110.39,16.46,0.74,127.0
11,1958,43.26,93.49,19.53,0.76,113.0
11,1959,43.19,94.4,18.49,0.75,122.0
11,1960,68.8,159.2,21.34,0.9,132.0
11,1961,56.17,126.53,25.12,0.89,154.0
11,1962,47.44,101.93,23.45,0.84,125.0
11,1963,81.87,151.8,26.17,0.99,175.0
11,1964,98.63,187.24,31.96,1.06,202.0
11,1965,101.02,192.68,34.76,1.12,222.0
11,1966,106.63,208.65,42.67,1.31,238.0
11,1967,67.8,155.41,32.8,1.03,196.0
11,1968,55.92,163.77,31.36,1.09,149.0
11,1969,94.37,213.47,45.36,1.31,199.0
11,1970,74.92,209.49,42.43,1.16,202.0
11,1971,55.37,179.3,27.35,0.87,174.0
11,1972,61.46,162.41,30.92,0.94,157.0
11,1973,55.38,190.11,37.79,1.1,153.0
11,1974,43.22,161.76,26.95,0.83,156.0
11,1975,39.07,229.55,17.1,0.8,174.0
11,1976,24.62,66.66,19.02,0.77,129.0
11,1977,23.09,53.19,18.51,0.84,84.0
11,1978,21.51,40.43,17.05,0.84,80.0
11,1979,41.05,80.47,22.99,0.96,100.0
11,1980,45.9,98.32,24.78,0.92,123.0
11,1981,50.62,114.01,28.02,0.9,123.0
11,1982,68.24,143.79,34.11,1.09,144.0
11,1983,42.43,87.05,25.87,0.87,126.0
11,1984,35.14,80.49,21.25,0.82,102.0
11,1985,39.99,91.17,22.65,0.86,104.0
11,1986,46.9,103.27,25.81,0.94,112.0
11,1987,64.77,148.67,32.01,1.01,138.0
11,1988,58.9,156.29,34.31,1.03,154.0
11,1989,54.69,134.36,30.94,0.91,142.0
11,1990,64.0,152.7,30.05,1.06,152.0
11,1991,52.36,129.33,25.46,0.95,132.0
11,1992,71.08,150.28,26.01,1.04,147.0
11,1993,48.69,120.23,25.95,0.88,130.0
11,1994,39.87,107.99,24.58,0.88,126.0
11,1995,34.35,92.58,16.94,0.78,110.0
11,1996,36.84,100.62,18.32,0.82,107.0
11,1997,57.6,205.56,17.78,0.86,132.0
11,1998,35.96,108.73,20.37,0.8,158.0
11,1999,39.7,95.63,23.7,0.85,105.0
11,2000,39.47,77.48,20.61,0.91,104.0
11,2001,29.02,64.12,16.39,0.88,85.0
11,2002,30.91,62.61,16.84,0.89,71.0
11,2003,38.37,77.76,21.41,1.02,86.0
11,2004,50.01,112.08,22.06,1.01,104.0
11,2005,39.8,155.94,21.46,0.87,112.0
11,2006,59.52,308.65,21.6,0.94,196.0
11,2007,44.86,184.12,21.57,0.88,233.0
11,2008,39.8,91.98,17.96,0.84,114.0
11,2009,54.01,128.66,21.05,0.97,101.0
12,1848,37.48,80.65,7.76,1.94,
12,1849,,,,,
12,1850,41.13,68.71,7.95,1.12,
12,1851,53.0,84.58,7.8,1.17,154.0
12,1852,58.31,85.47,7.95,1.2,153.0
12,1853,53.06,80.24,5.9,1.24,159.0
12,1854,60.99,95.07,7.48,1.37,180.0
12,1855,57.41,96.7,16.13,1.35,127.0
12,1856,43.89,79.3,19.16,1.35,96.0
12,1857,35.45,78.48,19.28,1.27,89.0
12,1858,38.01,74.51,19.55,1.17,86.0
12,1859,38.63,67.05,19.76,1.08,77.0
12,1860,40.97,72.23,13.29,1.13,80.0
12,1861,54.34,89.68,5.13,1.41,92.0
12,1862,52.85,95.99,3.9,1.41,97.0
12,1863,35.61,69.55,0.72,1.36,95.0
12,1864,42.18,70.64,0.69,1.51,98.0
12,1865,36.49,69.27,,1.3,96.0
12,1866,36.94,65.81,,1.15,86.0
12,1867,39.27,68.24,0.33,1.33,91.0
12,1868,38.45,70.37,0.68,1.23,104.0
12,1869,51.09,85.94,0.68,1.42,101.0
12,1870,39.8,72.06,2.63,1.36,92.0
12,1871,49.84,83.54,0.36,1.46,108.0
12,1872,33.41,51.47,0.81,1.36,99.0
12,1873,39.71,58.34,0.27,1.04,106.0
12,1874,50.63,79.13,0.87,1.33,96.0
12,1875,49.29,78.67,1.19,1.28,93.0
12,1876,78.27,116.73,1.42,1.64,133.0
12,1877,55.37,88.08,1.63,1.39,114.0
12,1878,59.74,89.73,1.77,1.61,102.0
12,1879,47.75,75.74,1.72,1.39,96.0
12,1880,37.76,59.35,1.79,1.22,76.0
12,1881,44.43,72.73,1.89,1.5,90.0
12,1882,42.85,69.29,1.94,1.53,94.0
12,1883,52.33,79.96,1.89,1.35,96.0
12,1884,46.96,69.25,1.94,1.55,95.0
12,1885,47.25,72.04,1.89,1.73,102.0
12,1886,35.35,56.01,2.24,1.41,94.0
12,1887,34.65,54.4,2.32,1.24,79.0
12,1888,35.76,54.77,2.31,1.58,89.0
12,1889,27.97,43.68,2.47,1.63,101.0
12,1890,30.85,61.79,6.94,1.76,102.0
12,1891,37.26,73.37,6.96,1.87,104.0
12,1892,30.91,63.61,6.99,1.79,104.0
12,1893,18.17,44.89,7.0,1.25,86.0
12,1894,27.59,52.22,7.0,1.35,88.0
12,1895,24.22,48.87,6.99,1.48,90.0
12,1896,32.43,58.49,7.0,1.32,77.0
12,1897,22.94,67.87,5.0,1.68,
12,1898,13.87,40.87,5.0,1.37,88.0
12,1899,21.11,59.54,2.99,1.68,
12,1900,27.79,66.92,2.99,1.48,94.0
12,1901,37.26,72.16,2.99,1.38,87.0
12,1902,37.0,75.59,2.99,1.58,93.0
12,1903,45.49,84.85,2.99,1.6,98.0
12,1904,46.85,90.0,2.99,1.85,99.0
12,1905,39.62,81.13,3.0,1.7,100.0
12,1906,33.6,64.61,3.14,1.54,98.0
12,1907,31.66,64.3,3.5,1.52,92.0
12,1908,20.49,38.97,3.5,1.11,69.0
12,1909,17.84,47.35,3.5,1.25,70.0
12,1910,24.79,48.95,3.5,1.25,74.0
12,1911,15.93,31.35,3.5,1.15,61.0
12,1912,20.66,40.24,3.5,1.1,59.0
12,1913,30.79,54.13,3.5,1.17,64.0
12,1914,30.1,56.39,3.5,1.15,63.0
12,1915,,,,,56.0
12,1916,22.27,45.67,3.51,1.16,
12,1917,22.11,45.3,3.5,1.26,68.0
12,1918,22.8,47.92,2.98,1.23,66.0
12,1919,29.16,50.88,1.3,1.29,68.0
12,1920,23.25,45.45,1.3,1.29,69.0
12,1921,21.57,41.74,1.3,1.25,67.0
12,1922,16.04,32.53,1.3,1.21,64.0
12,1923,9.54,21.63,1.3,1.17,63.0
12,1924,11.39,22.39,1.3,1.31,67.0
12,1925,18.28,38.37,1.3,1.38,75.0
12,1926,17.75,41.78,1.3,1.23,66.0
12,1927,14.42,30.64,1.96,1.13,61.0
12,1928,17.2,30.64,2.8,1.18,62.0
12,1929,14.17,30.3,2.82,1.23,65.0
12,1930,22.86,45.51,3.62,1.48,77.0
12,1931,24.44,47.76,3.5,1.44,77.0
12,1932,14.38,30.69,3.15,1.34,71.0
12,1933,16.74,29.7,3.19,1.3,69.0
12,1934,17.05,33.38,3.66,1.29,72.0
12,1935,15.67,29.75,3.55,1.45,75.0
12,1936,21.2,36.86,3.16,1.48,78.0
12,1937,16.12,26.0,2.73,1.46,78.0
12,1938,9.52,21.54,0.19,1.12,77.0
12,1939,12.31,27.08,,1.13,68.0
12,1940,23.42,35.87,,1.18,70.0
12,1941,20.69,40.92,0.06,1.12,64.0
12,1942,19.38,46.33,0.06,1.05,55.0
12,1943,18.44,44.38,,1.15,59.0
12,1944,14.88,31.67,,1.3,72.0
12,1945,16.31,35.39,,1.52,80.0
12,1946,14.14,30.88,,1.51,80.0
12,1947,19.22,43.47,,1.71,88.0
12,1948,17.29,38.99,,1.62,86.0
12,1949,19.22,37.85,,1.74,91.0
12,1950,19.66,39.87,,1.65,88.0
12,1951,19.04,45.18,,1.87,94.0
12,1952,24.34,51.54,,1.92,99.0
12,1953,24.61,51.19,,1.98,101.0
12,1954,10.07,31.03,,1.78,83.0
12,1955,9.96,23.91,,1.72,92.0
12,1956,13.76,32.56,,1.85,99.0
12,1957,18.07,37.56,,1.74,94.0
12,1958,11.07,27.33,,1.87,93.0
12,1959,23.83,50.41,,2.13,104.0
12,1960,13.66,32.04,,1.98,102.0
12,1961,18.49,44.23,,2.2,105.0
12,1962,16.93,44.12,,2.06,103.0
12,1963,11.0,34.63,,2.46,96.0
12,1964,14.54,36.56,,1.97,100.0
12,1965,20.78,45.3,,2.53,106.0
12,1966,18.82,49.32,,2.54,113.0
12,1967,9.3,35.64,,2.22,107.0
12,1968,8.23,19.94,,1.79,97.0
12,1969,9.15,23.94,,1.73,92.0
12,1970,16.41,48.58,,1.9,101.0
12,1971,15.75,43.42,,1.55,88.0
12,1972,17.83,46.41,,1.88,96.0
12,1973,12.81,33.45,,1.9,100.0
12,1974,18.49,39.77,,2.04,105.0
12,1975,12.41,27.44,,2.0,103.0
12,1976,12.57,34.03,,1.89,102.0
12,1977,8.58,21.13,,1.7,93.0
12,1978,5.54,13.53,,1.54,81.0
12,1979,8.58,19.66,,1.82,95.0
12,1980,4.85,13.02,,1.77,95.0
12,1981,5.91,14.94,,1.68,96.0
12,1982,3.48,15.31,,1.69,90.0
12,1983,6.91,18.27,,1.87,102.0
12,1984,5.95,14.15,,2.03,103.0
12,1985,10.01,20.15,,1.73,98.0
12,1986,10.29,29.53,,2.15,105.0
12,1987,16.7,41.66,,2.3,110.0
12,1988,15.66,39.86,,2.26,108.0
12,1989,10.79,28.53,1.53,2.14,108.0
12,1990,19.09,45.62,1.55,2.85,115.0
12,1991,16.22,37.9,1.54,2.32,114.0
12,1992,7.86,17.13,1.55,1.78,100.0
12,1993,10.34,38.26,,2.1,81.0
12,1994,6.49,15.57,0.1,1.97,100.0
12,1995,,,,,
12,1996,,,,,
12,1997,14.48,26.94,2.12,2.86,
12,1998,19.85,40.32,2.14,2.53,106.0
12,1999,5.71,14.24,2.4,2.06,103.0
12,2000,13.24,28.66,2.2,2.51,109.0
12,2001,14.8,38.28,2.19,2.51,110.0
12,2002,23.73,51.36,2.34,2.78,113.0
12,2003,10.63,26.08,2.29,2.22,106.0
12,2004,5.8,17.83,2.38,2.16,104.0
12,2005,12.14,27.94,2.16,2.43,108.0
12,2006,8.97,21.47,2.0,2.16,106.0
12,2007,12.22,24.97,2.17,2.41,109.0
12,2008,11.87,30.24,2.35,2.42,109.0
12,2009,5.88,13.91,2.4,2.1,111.0
13,331,,,8.37,2.88,
13,332,,,8.0,0.47,
13,333,,,8.04,1.67,
13,334,,,8.21,1.45,
13,335,,,8.13,1.45,
13,336,,,10.25,2.08,
13,337,,,14.27,0.66,
13,338,,,12.84,3.91,
13,339,,,15.38,2.09,
13,340,,,,,
13,341,,,14.02,1.63,
13,342,,,14.27,1.72,
13,343,,,13.8,1.38,
13,344,,,12.82,1.47,
13,345,,,15.34,1.42,
13,346,,,14.3,0.42,
13,347,,,,,
13,348,,,15.39,0.68,
13,349,,,13.39,0.2,
13,350,,,14.84,1.39,
13,351,,,,,
13,352,,,,,
13,353,,,,,
13,354,,,,,
13,355,,,17.88,1.96,
13,356,,,17.05,2.44,
13,357,,,16.16,1.74,
13,358,,,13.23,1.69,
13,359,,,13.0,1.51,
13,360,,,14.5,1.59,
13,361,,,14.55,1.42,
13,362,,,13.7,1.44,
13,363,,,14.44,1.39,
13,364,,,13.16,1.0,
13,365,,,13.98,1.43,
13,366,,,15.1,0.43,
13,367,,,14.8,1.22,
13,368,,,,,
13,369,,,16.17,1.32,
13,370,,,,,
13,371,,,,,
13,372,,,10.41,1.14,
13,373,,,10.07,0.82,
13,374,,,8.73,,
13,375,,,,,
13,376,,,8.36,1.98,
13,377,,,8.94,1.18,
13,378,,,,,
13,379,,,8.06,0.2,
13,380,,,10.26,1.0,
13,381,,,10.41,0.87,
13,382,,,10.1,1.49,
13,383,,,8.72,1.41,
13,384,,,,,
13,385,,,,,
13,386,,,9.08,0.97,
13,387,120.47,,10.99,1.41,
13,388,87.51,,8.25,0.45,202.0
13,389,106.22,,7.39,1.52,209.0
13,390,82.48,,10.99,1.16,
13,391,124.33,,9.69,0.96,257.0
13,392,,,,,
13,393,,,,,
13,394,,,,,
13,395,,,,,
13,396,,,,,
13,397,,,,,
13,398,36.12,,15.4,0.5,
13,399,58.63,,14.94,,90.0
13,400,52.91,,9.59,1.49,95.0
13,401,103.23,,16.9,1.5,164.0
13,402,,,9.91,1.54,
13,403,,,,,
13,404,,,19.2,1.02,
13,405,,,,1.4,
13,406,,,14.07,0.45,
13,407,,,18.68,0.18,
13,408,,,15.92,1.57,
13,409,,,17.03,1.4,
13,410,,,,,
13,411,,,,,
13,412,70.74,,10.24,1.55,
13,413,,,,,
13,414,188.98,,18.31,1.28,
13,415,199.01,,16.59,0.28,357.0
13,416,,,,,
13,417,,,,,
13,418,,,,,
13,419,88.27,,18.77,1.13,
13,420,175.8,,19.53,0.48,336.0
13,421,137.28,,9.48,1.38,322.0
13,422,143.83,,11.22,1.44,312.0
13,423,180.83,,14.95,1.37,343.0
13,424,201.17,,10.32,1.45,359.0
13,425,182.54,,10.73,1.49,346.0
13,426,211.21,,10.53,1.43,364.0
13,427,247.27,,10.94,1.48,379.0
13,428,348.88,,8.97,1.4,460.0
13,429,,,8.47,1.28,445.0
13,430,,,,,
13,431,,,,,
13,432,78.56,,78.83,0.27,
13,433,97.88,,34.12,,244.0
13,434,539.41,,40.8,1.36,442.0
13,435,914.94,,63.94,1.45,676.0
13,436,,,,,
13,437,,,,,
13,438,,,,,
13,439,,,,,
13,440,,,,,
13,441,58.9,,,0.87,
13,442,894.75,,48.76,1.43,
13,443,581.05,,46.75,1.22,
13,444,,,,,
13,445,,,,,
13,446,,,,,
13,447,,,,,
13,448,,,,,
13,449,,,,,
13,450,62.4,,45.91,0.79,
13,451,40.5,,35.09,1.37,
13,452,79.43,,31.01,1.12,180.0
13,453,197.75,,33.61,1.46,341.0
13,454,124.42,,33.18,1.4,208.0
13,455,264.74,,50.59,1.57,367.0
13,456,186.4,,110.34,2.03,401.0
13,457,66.52,,36.51,1.13,325.0
13,458,,,47.5,1.48,
13,459,,,90.73,2.3,
13,460,76.29,,43.72,1.37,
13,461,70.05,,28.73,1.05,
13,462,,,41.72,1.18,
13,463,,,39.56,1.16,
13,464,115.6,,46.36,1.39,
13,465,99.83,,83.45,2.05,266.0
13,466,83.23,,37.45,1.23,190.0
13,467,84.45,,30.12,0.95,186.0
13,468,70.79,,21.94,0.91,144.0
13,469,82.6,,31.5,1.16,156.0
13,470,84.9,,37.63,1.43,202.0
13,471,109.9,,53.4,1.81,228.0
13,472,107.76,,47.93,1.63,276.0
13,473,81.36,,28.96,1.11,192.0
13,474,77.24,,43.2,1.23,144.0
13,475,115.4,,49.47,1.65,244.0
13,476,163.99,,37.2,1.01,300.0
13,477,128.32,,27.77,1.08,325.0
13,478,123.29,,10.04,1.0,305.0
13,479,92.07,,16.11,1.46,250.0
13,480,128.13,,27.63,1.98,278.0
13,481,114.51,,53.05,1.77,287.0
13,482,63.16,,16.76,1.01,278.0
13,483,170.74,,87.78,3.24,
13,484,136.31,,10.97,2.62,
13,485,173.82,,13.69,2.73,345.0
13,486,171.35,,,2.85,332.0
13,487,164.46,,,2.12,346.0
13,488,146.44,,6.67,0.97,327.0
13,489,164.68,,18.17,1.23,346.0
13,490,129.44,,13.27,1.28,299.0
13,491,100.09,,23.57,1.15,280.0
13,492,82.65,,20.96,1.28,197.0
13,493,104.17,,7.55,1.23,224.0
13,494,100.13,,4.84,1.32,252.0
13,495,77.1,,11.53,1.15,183.0
13,496,63.89,,9.04,1.25,155.0
13,497,53.98,,9.56,1.11,90.0
13,498,75.08,,6.07,1.34,112.0
13,499,103.68,,5.93,1.27,187.0
13,500,98.72,,7.04,1.69,259.0
13,501,90.87,,5.83,1.53,236.0
13,502,91.92,,9.54,1.55,182.0
13,503,67.44,,6.6,1.23,166.0
13,504,99.74,,5.86,2.17,207.0
13,505,83.2,,5.87,1.59,193.0
13,506,75.28,,5.9,1.31,151.0
13,507,66.97,,5.84,1.11,139.0
13,508,78.33,,6.5,0.94,124.0
13,509,100.13,,5.97,0.91,212.0
13,510,40.55,,5.97,1.13,148.0
13,511,82.76,,5.89,0.74,116.0
13,512,113.01,,5.86,0.33,203.0
13,513,231.94,,5.92,0.36,345.0
13,514,111.43,,5.81,0.35,358.0
13,515,3.46,,5.87,0.54,107.0
13,516,3.7,,5.93,0.39,62.0
13,517,27.61,,5.85,0.44,48.0
13,518,58.12,,5.89,0.41,79.0
13,519,81.56,,8.16,0.49,133.0
13,520,109.37,,8.4,0.34,238.0
13,521,118.21,,6.6,0.32,276.0
13,522,73.68,,6.82,0.32,226.0
13,523,102.8,,6.98,0.41,
13,524,101.21,,6.56,0.3,
13,525,69.08,,7.41,0.51,161.0
13,526,139.85,,7.07,0.33,133.0
13,527,120.93,,6.66,0.35,296.0
13,528,65.59,,6.79,0.33,245.0
13,529,70.45,,6.92,0.39,103.0
13,530,146.17,,6.72,0.44,263.0
13,531,32.15,,5.32,0.39,195.0
13,532,147.88,,7.96,0.36,
13,533,67.25,,5.69,0.32,217.0
13,534,57.76,,7.52,0.34,91.0
13,535,63.23,,6.75,0.32,106.0
13,536,74.37,,6.78,0.35,117.0
13,537,103.27,,6.38,0.43,217.0
13,538,93.59,,6.76,0.41,197.0
13,539,,,6.59,0.33,
13,540,,,7.1,0.32,
13,541,,,5.66,0.28,
13,542,,,,,
13,543,,,,,
13,544,,,5.78,0.41,
13,545,,,6.79,0.32,
13,546,,,6.64,0.35,
13,547,,,6.69,0.36,
13,548,,,6.37,0.39,
13,549,,,6.53,0.34,
13,550,,,6.98,0.31,
13,551,,,7.8,0.4,
13,552,,,7.0,0.38,
13,553,,,7.03,0.33,
13,554,,,7.0,0.37,
13,555,,,6.82,0.33,
13,556,,,7.12,0.33,
13,557,,,6.99,0.36,
13,558,,,6.97,0.33,
13,559,,,7.05,0.44,
13,560,37.77,,7.16,0.35,
13,561,44.43,,7.05,0.43,79.0
13,562,32.05,,7.08,0.34,83.0
13,563,22.12,,6.98,0.33,82.0
13,564,23.35,,6.88,0.44,76.0
13,565,69.02,,6.92,0.51,94.0
13,566,46.96,,9.04,0.41,124.0
13,567,63.43,,5.56,0.42,93.0
13,568,157.95,,5.53,0.18,116.0
13,569,115.78,,5.81,0.41,
13,570,44.71,,7.3,0.4,131.0
13,571,45.11,,7.72,0.22,
13,572,57.0,,10.12,0.24,
13,573,54.63,,7.38,0.42,
13,574,33.34,,6.07,0.33,67.0
13,575,29.36,,6.93,0.37,56.0
13,576,35.8,,7.18,0.49,60.0
13,577,19.85,,7.11,0.31,45.0
13,578,30.53,,6.99,0.41,49.0
13,579,21.79,,7.04,0.46,54.0
13,580,,,,,40.0
13,581,30.94,,5.01,0.37,
13,582,29.94,,4.93,0.31,52.0
13,583,29.33,,4.35,0.41,46.0
13,584,32.19,,7.95,0.22,52.0
13,585,,,,0.0,
13,586,,,,0.0,
13,587,,,,0.0,
13,588,,,,0.0,
13,589,17.83,,12.76,0.18,
13,590,163.37,,4.38,0.32,230.0
13,591,27.09,,8.6,0.35,264.0
13,592,31.03,,8.99,0.36,52.0
13,593,32.44,,7.27,0.38,50.0
13,594,41.23,,7.37,0.43,60.0
13,595,42.85,,8.21,0.39,68.0
13,596,41.88,,6.24,0.41,72.0
13,597,45.32,,6.34,0.35,74.0
13,598,35.09,,5.34,0.34,68.0
13,599,,,,,
13,600,23.62,,4.36,0.37,
13,601,31.71,,2.85,0.38,49.0
13,602,30.65,,3.48,0.36,54.0
13,603,27.88,,3.01,0.35,46.0
13,604,48.3,,2.78,0.32,64.0
13,605,31.66,,2.48,0.43,70.0
13,606,41.05,,,0.37,67.0
13,607,153.08,,,0.39,157.0
13,608,18.73,,,0.36,318.0
13,609,,,,,
13,610,14.52,,,0.14,
13,611,26.0,,,0.53,55.0
13,612,,,,,44.0
13,613,,,,,
13,614,33.04,,,0.9,
13,615,31.34,,,0.62,83.0
13,616,,,,,52.0
13,617,,,,,
13,618,37.12,,,0.29,
13,619,33.19,,,0.5,54.0
13,620,32.64,,,0.52,55.0
13,621,35.4,,,0.52,59.0
13,622,48.92,,,0.53,72.0
13,623,32.01,,,0.72,71.0
13,624,73.17,,,0.55,140.0
13,625,,,,,137.0
13,626,75.47,,,0.49,
13,627,63.22,,,0.5,129.0
13,628,62.28,,,0.53,108.0
13,629,146.21,,,0.53,203.0
13,630,90.13,,,0.5,288.0
13,631,43.91,,,0.49,119.0
13,632,37.96,,,0.5,66.0
13,633,52.02,,,0.53,79.0
13,634,59.96,,,0.53,108.0
13,635,65.44,,,0.4,103.0
13,636,50.94,,,0.5,92.0
13,637,74.64,,,0.52,121.0
13,638,77.42,,,0.51,156.0
13,639,61.99,,,0.54,123.0
13,640,66.54,,,0.49,138.0
13,641,46.7,,,0.52,91.0
13,642,79.11,,,0.51,112.0
13,643,112.56,,,0.5,229.0
13,644,,,,,
13,645,130.81,,,0.55,
13,646,95.82,,,0.51,226.0
13,647,96.77,,,0.52,236.0
13,648,88.97,,,0.5,205.0
13,649,68.82,,,0.53,164.0
13,650,94.24,,,0.5,182.0
13,651,240.11,,,0.51,273.0
13,652,76.42,,,0.46,348.0
13,653,37.99,,,0.45,80.0
13,654,49.08,,,0.53,86.0
13,655,57.29,,,0.49,94.0
13,656,67.06,,,0.49,102.0
13,657,63.34,,,0.56,131.0
13,658,62.63,,127.56,0.59,110.0
13,659,71.62,,220.26,0.56,210.0
13,660,59.17,,151.06,0.67,208.0
13,661,50.29,,7.7,0.52,143.0
13,662,56.33,,13.49,0.5,91.0
13,663,56.43,,0.65,0.42,95.0
13,664,,,,,
13,665,,,,,
13,666,,,,,
13,667,433.28,,10.29,0.87,
13,668,194.04,,10.17,0.47,357.0
13,669,182.17,,10.15,0.76,345.0
13,670,290.86,,10.11,1.41,413.0
13,671,302.15,,10.21,1.06,447.0
13,672,561.42,,10.11,0.88,490.0
13,673,522.1,,10.15,1.82,708.0
13,674,159.02,,10.1,0.92,403.0
13,675,446.49,,10.07,,468.0
13,676,616.19,,10.09,,684.0
13,677,405.74,,10.1,,602.0
13,678,150.09,,10.1,,304.0
13,679,291.49,,10.24,,340.0
13,680,174.01,,10.18,,
13,681,269.34,,10.13,,403.0
13,682,106.74,,10.14,,335.0
13,683,72.49,,10.14,,179.0
13,684,95.73,,10.22,,224.0
13,685,126.71,,10.17,,226.0
13,686,189.7,,10.21,,346.0
13,687,112.77,,10.19,,315.0
13,688,88.8,,10.21,,201.0
13,689,131.18,,10.2,,296.0
13,690,114.71,,10.14,,258.0
13,691,145.24,,10.13,,305.0
13,692,147.76,,10.13,,344.0
13,693,143.25,,10.14,,210.0
13,694,211.47,,10.17,,381.0
13,695,144.36,,10.21,,328.0
13,696,80.27,,10.24,,232.0
13,697,80.99,,10.2,,212.0
13,698,77.9,,10.18,,121.0
13,699,209.2,,10.15,,324.0
13,700,234.89,,10.13,,387.0
13,701,199.76,,10.13,,359.0
13,702,239.16,,10.19,,387.0
13,703,,,,,
13,704,459.52,,10.24,,
13,705,252.46,,10.14,,421.0
13,706,304.69,,10.15,,419.0
13,707,346.74,,10.16,,468.0
13,708,161.45,,10.19,,411.0
13,709,228.9,,10.34,,360.0
13,710,162.03,,10.34,,368.0
13,711,139.54,,10.44,,313.0
13,712,199.98,,10.4,,357.0
13,713,188.7,,10.46,,355.0
13,714,121.62,,10.56,,319.0
13,715,116.09,,10.76,,253.0
13,716,217.65,,10.74,,346.0
13,717,228.15,,10.77,,390.0
13,718,197.63,,10.98,,361.0
13,719,216.69,,11.02,,374.0
13,720,140.04,,11.52,1.45,331.0
13,721,91.71,,11.66,6.32,265.0
13,722,127.38,,11.2,16.75,291.0
13,723,324.42,,10.83,19.8,421.0
13,724,348.57,,11.2,14.04,498.0
13,725,207.85,,10.58,,399.0
13,726,177.88,,10.93,14.84,
13,727,247.81,,10.86,14.55,379.0
13,728,393.63,,10.57,27.56,483.0
13,729,307.44,,10.65,27.7,468.0
13,730,249.77,,10.26,26.76,421.0
13,731,203.77,,10.43,23.77,394.0
13,732,216.51,,10.67,21.61,385.0
13,733,349.97,,10.29,39.8,459.0
13,734,276.39,,10.39,29.94,446.0
13,735,343.01,,10.57,22.53,490.0
13,736,248.09,,10.52,22.65,409.0
13,737,229.34,,10.36,20.75,409.0
13,738,190.41,,10.34,23.21,367.0
13,739,179.39,,10.22,15.95,357.0
13,740,177.05,,10.23,19.9,361.0
13,741,192.79,,10.25,16.17,374.0
13,742,224.34,,10.37,16.73,365.0
13,743,287.49,,10.56,21.5,431.0
13,744,367.86,,10.64,23.94,472.0
13,745,428.88,,10.77,28.01,531.0
13,746,256.67,,10.56,20.58,461.0
13,747,223.16,,15.47,12.8,402.0
13,748,158.05,,10.25,0.64,345.0
13,749,251.06,,10.46,0.9,380.0
13,750,123.78,,10.18,0.71,393.0
13,751,137.01,,9.88,0.72,302.0
13,752,224.77,,16.08,0.87,
13,753,217.2,,9.22,1.17,
13,754,148.95,,9.51,1.0,345.0
13,755,243.66,,7.64,1.28,346.0
13,756,241.97,,7.87,1.01,404.0
13,757,,,,,
13,758,114.14,,9.68,0.61,
13,759,104.16,,9.98,0.6,248.0
13,760,119.53,,9.58,0.67,260.0
13,761,177.67,,7.8,0.9,335.0
13,762,232.03,,6.61,1.12,370.0
13,763,168.39,,8.65,0.76,369.0
13,764,293.59,,40.59,0.39,
13,765,289.36,,362.21,1.16,443.0
13,766,197.89,,24.41,0.75,395.0
13,767,157.03,,11.41,0.71,333.0
13,768,135.66,,11.2,0.73,325.0
13,769,118.32,,9.24,0.62,299.0
13,770,184.47,,7.39,0.81,330.0
13,771,196.09,,7.38,0.76,354.0
13,772,151.15,,9.52,0.67,338.0
13,773,156.03,,8.08,0.73,332.0
13,774,239.49,,5.92,0.89,359.0
13,775,182.88,,7.82,0.71,368.0
13,776,183.99,,7.14,0.72,346.0
13,777,151.33,,5.38,0.71,336.0
13,778,159.14,,7.12,0.7,331.0
13,779,115.48,,6.89,0.64,312.0
13,780,92.14,,6.66,0.77,217.0
13,781,120.21,,5.67,0.87,269.0
13,782,137.97,,5.26,0.87,312.0
13,783,85.41,,7.78,0.72,230.0
13,784,121.12,,5.85,0.81,276.0
13,785,91.23,,7.85,0.57,202.0
13,786,,,,,
13,787,85.23,,19.63,0.16,
13,788,86.48,,8.7,0.56,215.0
13,789,127.67,,5.96,0.68,269.0
13,790,163.37,,12.42,0.97,325.0
13,791,122.11,,13.98,0.76,310.0
13,792,120.83,,16.15,0.65,272.0
13,793,82.44,,17.95,0.54,237.0
13,794,92.77,,17.8,0.56,226.0
13,795,73.25,,18.16,0.55,162.0
13,796,85.19,,16.83,0.58,171.0
13,797,131.31,,13.54,0.7,247.0
13,798,68.46,,15.94,0.57,223.0
13,799,67.09,,16.52,0.54,123.0
13,800,28.78,,17.54,0.49,73.0
13,801,50.16,,17.71,0.5,70.0
13,802,61.95,,16.63,0.55,137.0
13,803,72.08,,18.98,0.53,129.0
13,804,104.98,,14.58,0.59,186.0
13,805,65.48,,18.5,0.53,254.0
13,806,122.06,,16.11,0.55,
13,807,80.97,,18.59,0.54,
13,808,107.61,,16.92,0.62,234.0
13,809,139.89,,15.18,0.65,312.0
13,810,161.12,,17.49,0.64,327.0
13,811,117.85,,15.58,0.61,307.0
13,812,135.89,,11.22,0.67,300.0
13,813,160.37,,7.83,0.72,328.0
13,814,96.27,,10.8,0.63,292.0
13,815,23.44,,11.89,0.52,122.0
13,816,32.52,,12.13,0.53,
13,817,54.93,,12.7,0.55,97.0
13,818,136.89,,11.27,0.6,226.0
13,819,151.9,,10.8,0.58,331.0
13,820,87.87,,11.66,0.54,252.0
13,821,89.33,,10.88,0.59,186.0
13,822,128.14,,10.13,0.62,294.0
13,823,91.59,,11.87,0.56,267.0
13,824,118.71,,10.65,0.6,240.0
13,825,107.34,,9.99,0.54,272.0
13,826,50.29,,10.04,0.51,141.0
13,827,108.87,,10.41,0.5,102.0
13,828,389.54,,8.91,0.53,456.0
13,829,83.21,,6.07,0.57,307.0
13,830,143.02,,9.81,0.49,304.0
13,831,177.17,,10.79,0.51,319.0
13,832,104.07,,10.61,0.56,321.0
13,833,113.49,,9.45,0.6,222.0
13,834,226.83,,6.46,0.86,351.0
13,835,215.31,,6.84,0.84,388.0
13,836,196.49,,7.49,0.69,353.0
13,837,179.5,,7.54,0.66,363.0
13,838,208.88,,8.57,0.7,328.0
13,839,292.02,,8.31,0.64,405.0
13,840,180.07,,10.95,0.61,403.0
13,841,193.39,,9.14,0.71,349.0
13,842,242.41,,11.56,0.58,354.0
13,843,368.79,,12.31,0.56,449.0
13,844,153.67,,12.76,0.54,411.0
13,845,129.93,,12.78,0.53,335.0
13,846,98.3,,13.55,0.5,236.0
13,847,89.69,,13.43,0.47,212.0
13,848,269.29,,13.44,0.47,360.0
13,849,174.87,,13.26,0.49,387.0
13,850,118.41,,18.31,0.54,328.0
13,851,62.45,,17.19,0.49,210.0
13,852,64.79,,21.2,0.6,98.0
13,853,113.6,,24.39,0.58,168.0
13,854,154.13,,20.37,0.54,299.0
13,855,217.14,,17.96,0.48,363.0
13,856,203.45,,19.65,0.62,376.0
13,857,181.36,,34.12,0.69,357.0
13,858,183.68,,31.54,0.63,346.0
13,859,158.7,,17.98,0.7,344.0
13,860,186.31,,19.64,0.42,333.0
13,861,192.79,,17.35,0.46,354.0
13,862,134.78,,20.12,0.53,334.0
13,863,310.69,,22.02,0.51,409.0
13,864,187.24,,24.73,0.59,388.0
13,865,387.02,,19.04,0.52,373.0
13,866,146.02,,29.87,0.63,460.0
13,867,237.12,,24.15,0.52,337.0
13,868,67.32,,24.01,0.31,
13,869,,,,,
13,870,158.91,,39.59,0.78,
13,871,173.26,,34.58,0.37,
13,872,,,,,
13,873,236.59,,139.46,0.28,
13,874,378.89,,77.48,0.52,
13,875,156.33,,34.46,0.61,460.0
13,876,162.88,,19.45,0.54,
13,877,479.2,,12.81,0.64,550.0
13,878,128.13,,23.05,0.38,550.0
13,879,78.72,,10.4,0.43,195.0
13,880,96.26,,11.62,0.48,271.0
13,881,188.04,,13.23,0.51,172.0
13,882,288.0,,13.14,0.49,485.0
13,883,106.44,,14.73,0.51,282.0
13,884,308.48,,14.46,0.41,395.0
13,885,92.71,,14.66,0.37,366.0
13,886,,,,,
13,887,115.7,,26.18,0.37,
13,888,414.62,,16.14,0.4,408.0
13,889,454.16,,12.27,0.4,646.0
13,890,63.0,,14.01,0.41,236.0
13,891,341.49,,17.86,0.41,340.0
13,892,107.85,,15.21,0.42,345.0
13,893,322.88,,15.76,0.5,390.0
13,894,120.38,,16.62,0.51,357.0
13,895,98.73,,23.05,0.48,286.0
13,896,175.56,,18.53,0.48,317.0
13,897,468.59,,26.95,0.56,486.0
13,898,100.65,,18.39,0.49,295.0
13,899,81.12,,22.85,0.27,218.0
13,900,409.71,,15.39,0.49,359.0
13,901,454.35,,20.35,0.49,648.0
13,902,104.96,,11.16,0.47,353.0
13,903,159.35,,10.2,0.48,316.0
13,904,141.73,,12.19,0.47,328.0
13,905,196.21,,10.07,0.49,347.0
13,906,119.27,,10.09,0.5,293.0
13,907,167.63,,10.21,0.48,328.0
13,908,111.06,,10.05,0.48,302.0
13,909,205.23,,10.16,0.49,326.0
13,910,62.93,,10.1,0.49,228.0
13,911,40.01,,10.07,0.51,79.0
13,912,60.53,,10.24,0.49,91.0
13,913,76.66,,10.02,0.48,126.0
13,914,61.17,,10.01,0.51,156.0
13,915,69.17,,10.08,0.5,88.0
13,916,110.09,,10.18,0.48,219.0
13,917,359.63,,10.14,0.46,332.0
13,918,97.11,,10.06,0.49,402.0
13,919,455.38,,10.06,0.5,404.0
13,920,137.34,,10.09,0.51,372.0
13,921,821.42,,10.24,0.49,529.0
13,922,147.12,,10.06,0.53,
13,923,382.31,,10.04,0.61,377.0
13,924,75.84,,13.83,0.72,576.0
13,925,65.39,,12.08,2.71,210.0
13,926,723.16,,4.89,0.33,497.0
13,927,,,3.32,0.33,
13,928,812.49,,2.31,0.25,
13,929,445.85,,2.57,0.29,
13,930,47.73,,0.88,0.28,107.0
13,931,55.35,,4.67,0.19,114.0
13,932,33.14,,11.18,0.66,80.0
13,933,42.9,,13.88,0.21,69.0
13,934,397.25,,21.52,0.14,288.0
13,935,22.36,,22.97,0.16,547.0
13,936,218.14,,22.26,0.39,
13,937,25.41,,30.37,0.68,
13,938,53.0,,26.58,0.73,
13,939,84.4,,24.23,0.92,157.0
13,940,264.95,,25.57,0.94,326.0
13,941,124.17,,28.84,0.95,248.0
13,942,858.73,,30.18,0.86,482.0
13,943,38.04,,30.89,0.93,
13,944,16.12,,30.39,0.94,72.0
13,945,28.56,,30.44,0.89,72.0
13,946,35.52,,30.36,0.91,68.0
13,947,46.25,,30.46,0.9,68.0
13,948,46.38,,30.67,0.89,84.0
13,949,41.5,,31.37,0.0,76.0
13,950,41.47,,31.36,0.0,
13,951,41.47,,31.36,0.0,
13,952,34.18,,30.49,1.4,
13,953,47.05,,30.39,0.87,92.0
13,954,38.07,,30.26,0.87,82.0
13,955,31.51,,30.29,1.02,59.0
13,956,34.22,,30.23,0.88,79.0
13,957,40.09,,30.14,0.85,84.0
13,958,38.83,,30.16,0.96,69.0
13,959,42.61,,28.7,0.89,65.0
13,960,68.96,,24.86,0.96,104.0
13,961,73.17,,24.89,0.88,143.0
13,962,61.04,,24.97,1.0,130.0
13,963,41.14,,24.95,0.77,83.0
13,964,46.25,,24.74,1.0,68.0
13,965,66.42,,24.89,0.94,95.0
13,966,64.36,,25.01,0.95,135.0
13,967,67.82,,24.97,0.91,98.0
13,968,87.97,,24.94,0.79,176.0
13,969,111.01,,25.0,0.94,244.0
13,970,111.01,,24.98,0.94,270.0
13,971,6.42,,29.0,0.75,
13,972,949.99,,28.34,0.92,
13,973,643.71,,32.66,0.99,891.0
13,974,33.26,,26.35,0.91,242.0
13,975,34.03,,26.14,0.9,58.0
13,976,33.97,,25.98,0.93,57.0
13,977,33.95,,26.13,0.92,57.0
13,978,33.68,,26.0,2.7,96.0
13,979,33.98,,26.24,1.03,88.0
13,980,34.07,,26.05,0.94,63.0
13,981,33.86,,26.0,0.97,63.0
13,982,45.31,,25.82,1.09,78.0
13,983,67.28,,25.89,1.0,109.0
13,984,72.11,,25.88,0.97,131.0
13,985,79.97,,25.36,0.88,142.0
13,986,95.69,,25.88,1.12,238.0
13,987,78.62,,25.63,0.91,163.0
13,988,85.17,,23.15,1.02,199.0
13,989,61.76,,20.42,0.94,123.0
13,990,69.14,,20.5,1.02,119.0
13,991,62.94,,20.66,0.97,123.0
13,992,56.2,,21.01,1.16,107.0
13,993,51.96,,21.11,0.98,116.0
13,994,93.97,,21.01,0.99,148.0
13,995,76.48,,21.63,0.96,190.0
13,996,92.74,,21.87,0.89,178.0
13,997,105.73,,22.07,0.86,226.0
13,998,100.85,,21.97,0.99,270.0
13,999,87.25,,20.91,0.93,189.0
13,1000,102.27,,20.74,0.87,229.0
13,1001,83.13,,21.09,0.93,206.0
13,1002,77.67,,19.41,0.81,153.0
13,1003,90.11,,21.31,1.1,191.0
13,1004,112.11,,21.3,1.01,238.0
13,1005,113.12,,21.61,1.0,284.0
13,1006,93.61,,21.9,0.99,247.0
13,1007,90.15,,20.41,0.94,193.0
13,1008,90.59,,19.46,0.69,209.0
13,1009,79.04,,17.3,0.13,196.0
13,1010,74.37,,22.53,0.54,
13,1011,91.11,,24.96,0.51,174.0
13,1012,63.02,,22.23,0.26,
13,1013,80.75,,24.67,0.84,154.0
13,1014,83.99,,24.35,0.88,182.0
13,1015,83.88,,24.58,0.73,176.0
13,1016,77.28,,23.5,0.61,169.0
13,1017,78.47,,24.82,0.88,166.0
13,1018,78.69,,24.63,0.88,161.0
13,1019,80.94,,24.47,0.82,165.0
13,1020,94.86,,25.86,1.13,191.0
13,1021,107.62,,28.9,1.88,240.0
13,1022,111.21,,30.12,1.26,269.0
13,1023,132.57,,30.39,2.06,294.0
13,1024,306.42,,30.55,1.99,407.0
13,1025,170.0,,28.47,1.13,368.0
13,1026,108.93,,27.88,1.39,307.0
13,1027,113.66,,27.45,1.4,235.0
13,1028,139.31,,27.38,0.0,314.0
13,1029,157.36,,27.71,0.0,315.0
13,1030,188.08,,27.85,0.0,350.0
13,1031,155.83,,26.91,0.0,335.0
13,1032,160.09,,23.76,0.0,328.0
13,1033,163.11,,23.9,0.0,335.0
13,1034,149.85,,22.5,1.41,326.0
13,1035,186.54,,23.04,1.52,337.0
13,1036,174.9,,23.15,1.75,353.0
13,1037,157.43,,23.7,1.68,331.0
13,1038,171.54,,24.04,1.17,335.0
13,1039,171.96,,25.68,1.78,337.0
13,1040,162.81,,24.27,1.52,340.0
13,1041,168.65,,22.3,1.88,332.0
13,1042,236.77,,23.36,2.05,360.0
13,1043,447.72,,22.88,2.7,461.0
13,1044,462.29,,22.78,2.11,590.0
13,1045,373.47,,22.97,1.98,522.0
13,1046,310.3,,23.17,2.07,460.0
13,1047,364.24,,22.99,1.79,472.0
13,1048,356.97,,22.82,1.92,506.0
13,1049,212.05,,22.41,1.9,396.0
13,1050,170.67,,21.82,0.9,363.0
13,1051,194.09,,22.41,1.52,346.0
13,1052,148.67,,20.19,1.59,338.0
13,1053,173.23,,26.29,1.66,330.0
13,1054,152.24,,24.87,1.9,332.0
13,1055,169.05,,22.77,1.85,332.0
13,1056,143.54,,22.83,1.65,328.0
13,1057,137.73,,24.36,1.8,314.0
13,1058,129.69,,24.25,4.81,305.0
13,1059,176.81,,24.32,2.71,329.0
13,1060,153.84,,23.82,3.5,339.0
13,1061,173.98,,22.55,2.12,328.0
13,1062,204.11,,22.46,1.99,365.0
13,1063,205.04,,21.94,2.74,362.0
13,1064,164.81,,21.92,1.88,350.0
13,1065,159.09,,16.36,2.18,328.0
13,1066,173.88,,17.64,2.08,336.0
13,1067,180.22,,11.91,1.87,350.0
13,1068,171.86,,13.41,2.15,338.0
13,1069,198.58,,17.33,2.21,347.0
13,1070,207.67,,19.69,2.58,372.0
13,1071,115.57,,18.95,1.74,325.0
13,1072,93.33,,18.98,1.92,238.0
13,1073,103.25,,19.38,2.28,206.0
13,1074,140.45,,19.6,2.29,305.0
13,1075,193.87,,18.97,2.09,346.0
13,1076,169.32,,19.13,1.52,348.0
13,1077,85.9,,16.58,1.49,236.0
13,1078,96.19,,17.72,1.82,222.0
13,1079,70.83,,18.04,1.6,166.0
13,1080,100.22,,21.88,1.75,202.0
13,1081,93.97,,22.53,1.58,226.0
13,1082,68.28,,22.57,0.92,165.0
13,1083,84.54,,21.96,1.0,
13,1084,119.93,,22.59,2.18,222.0
13,1085,169.07,,21.29,2.31,325.0
13,1086,165.99,,19.52,1.09,343.0
13,1087,118.41,,19.99,1.04,314.0
13,1088,93.73,,20.54,1.18,225.0
13,1089,173.0,,20.37,1.33,320.0
13,1090,241.52,,20.09,1.0,368.0
13,1091,132.76,,20.41,1.28,337.0
13,1092,203.93,,25.1,1.24,354.0
13,1093,237.11,,24.32,1.37,374.0
13,1094,226.91,,20.61,1.13,386.0
13,1095,199.61,,21.79,0.69,372.0
13,1096,217.74,395.4,23.48,2.25,365.0
13,1097,329.12,17.16,24.02,2.31,410.0
13,1098,360.72,,20.52,2.11,495.0
13,1099,230.85,444.17,19.46,2.26,444.0
13,1100,179.21,339.33,21.19,2.27,354.0
13,1101,240.06,380.12,19.77,2.46,371.0
13,1102,293.84,434.45,22.95,2.82,422.0
13,1103,181.67,408.64,20.24,2.67,410.0
13,1104,166.13,342.33,19.77,2.59,328.0
13,1105,238.69,436.51,19.26,2.65,371.0
13,1106,159.63,254.48,25.92,2.52,367.0
13,1107,129.14,226.75,20.41,2.31,311.0
13,1108,145.9,297.21,17.25,2.38,312.0
13,1109,191.49,356.04,18.55,2.7,356.0
13,1110,159.67,315.22,20.07,2.83,344.0
13,1111,172.6,291.64,20.9,2.13,335.0
13,1112,84.4,200.5,23.32,1.49,231.0
13,1113,204.16,342.67,24.21,1.46,300.0
13,1114,214.5,312.18,21.92,1.84,382.0
13,1115,229.15,666.72,25.37,1.67,377.0
13,1116,100.78,,30.89,1.45,285.0
13,1117,108.46,,23.21,1.72,264.0
13,1118,166.73,,24.56,1.48,304.0
13,1119,190.04,,20.49,1.59,339.0
13,1120,176.41,,19.16,1.54,343.0
13,1121,123.09,,19.98,1.69,275.0
13,1122,148.06,,21.07,1.71,271.0
13,1123,177.59,,22.67,1.7,322.0
13,1124,166.12,,21.79,1.5,348.0
13,1125,200.38,253.13,19.5,1.58,375.0
13,1126,133.82,257.28,25.17,1.4,309.0
13,1127,138.5,286.09,24.49,1.63,292.0
13,1128,134.25,253.95,21.94,1.66,302.0
13,1129,162.5,351.43,20.99,1.52,328.0
13,1130,116.74,247.25,22.73,1.48,279.0
13,1131,125.94,276.56,22.13,1.44,257.0
13,1132,138.97,287.61,14.39,1.51,288.0
13,1133,145.36,289.85,14.59,1.55,316.0
13,1134,122.79,245.86,13.9,1.58,273.0
13,1135,162.47,298.95,14.57,1.52,324.0
13,1136,186.96,401.91,14.73,1.89,345.0
13,1137,160.71,273.52,15.16,1.98,339.0
13,1138,139.72,247.37,13.5,1.81,324.0
13,1139,91.94,157.27,18.77,1.51,263.0
13,1140,101.11,151.24,19.12,1.63,196.0
13,1141,106.08,123.5,40.25,0.88,272.0
13,1142,3.42,28.85,60.78,0.16,266.0
13,1143,145.17,172.96,47.41,1.09,319.0
13,1144,149.51,180.86,48.66,1.16,324.0
13,1145,187.13,180.58,45.69,1.19,348.0
13,1146,206.73,236.1,27.81,0.67,331.0
13,1147,,,,0.0,
13,1148,,,,0.0,
13,1149,,,,0.0,
13,1150,,,,0.0,
13,1151,,,,0.0,
13,1152,,,,0.0,
13,1153,,,,0.0,
13,1154,,,,0.0,
13,1155,,,,0.0,
13,1156,109.26,216.02,43.22,1.18,287.0
13,1157,102.12,167.04,49.83,1.25,264.0
13,1158,93.67,166.32,45.8,1.18,231.0
13,1159,75.85,160.73,41.31,1.16,219.0
13,1160,73.09,149.89,43.05,1.06,156.0
13,1161,63.42,120.31,47.72,1.01,149.0
13,1162,53.53,132.16,49.61,1.02,165.0
13,1163,65.2,147.01,46.74,1.1,200.0
13,1164,109.0,191.52,46.58,1.18,244.0
13,1165,63.36,152.3,45.04,1.15,190.0
13,1166,61.22,150.21,52.91,1.12,173.0
13,1167,76.06,179.26,46.3,1.15,199.0
13,1168,75.25,173.32,45.01,1.15,201.0
13,1169,62.68,191.47,49.8,1.14,188.0
13,1170,68.85,212.52,41.28,1.12,179.0
13,1171,81.59,199.15,44.67,1.13,200.0
13,1172,78.71,153.74,50.49,0.74,208.0
13,1173,72.49,136.34,36.15,0.0,172.0
13,1174,67.09,137.64,34.26,0.0,122.0
13,1175,90.64,167.07,36.81,0.0,161.0
13,1176,92.37,206.58,37.25,0.0,207.0
13,1177,81.66,169.67,40.39,0.83,189.0
13,1178,63.59,138.47,45.21,1.09,148.0
13,1179,76.62,174.86,44.52,1.14,160.0
13,1180,68.55,158.38,48.32,1.27,151.0
13,1181,87.43,178.87,46.26,0.75,156.0
13,1182,81.94,189.2,37.89,0.75,182.0
13,1183,88.11,189.37,38.23,0.83,191.0
13,1184,85.46,177.84,22.82,1.09,168.0
13,1185,84.54,198.49,21.1,1.68,186.0
13,1186,94.97,237.63,19.05,1.66,210.0
13,1187,100.59,161.19,19.5,2.53,208.0
13,1188,58.41,128.53,21.92,1.61,173.0
13,1189,85.98,186.86,18.88,1.6,148.0
13,1190,97.55,211.96,19.24,1.61,204.0
13,1191,119.78,264.98,20.31,1.6,288.0
13,1192,73.01,179.57,20.93,1.33,220.0
13,1193,87.35,147.11,19.17,1.52,143.0
13,1194,58.59,137.91,17.28,2.73,148.0
13,1195,43.74,105.56,16.65,2.57,145.0
13,1196,83.55,229.71,17.64,2.54,153.0
13,1197,40.73,112.53,17.12,2.16,159.0
13,1198,20.24,80.31,18.24,2.32,141.0
13,1199,10.0,146.19,18.93,2.49,145.0
13,1200,59.32,191.56,20.76,2.79,153.0
13,1201,125.49,185.32,18.12,2.89,261.0
13,1202,198.61,313.55,18.46,2.96,323.0
13,1203,159.44,253.36,16.45,0.83,359.0
13,1204,,,,0.0,
13,1205,,,,0.0,
13,1206,,,,0.0,
13,1207,10.9,249.14,,0.0,
13,1208,40.76,203.33,,0.17,173.0
13,1209,60.44,194.22,241.34,0.41,165.0
13,1210,76.49,235.17,,0.3,182.0
13,1211,79.18,185.39,5.2,0.83,179.0
13,1212,59.79,170.98,2.45,0.17,174.0
13,1213,32.02,,4.04,0.07,
13,1214,,,,0.0,
13,1215,,,,0.0,
13,1216,83.6,258.31,8.64,0.03,
13,1217,57.47,137.77,12.64,0.22,136.0
13,1218,59.63,158.02,12.5,0.12,126.0
13,1219,42.96,96.02,16.8,0.1,122.0
13,1220,38.57,83.46,16.46,0.11,94.0
13,1221,65.96,140.45,14.6,0.16,105.0
13,1222,110.32,233.09,17.81,0.29,251.0
13,1223,118.2,267.02,16.28,0.24,181.0
13,1224,94.7,150.69,17.43,0.16,208.0
13,1225,81.48,116.99,20.86,0.22,125.0
13,1226,95.96,161.19,21.97,0.28,176.0
13,1227,146.92,298.27,23.26,0.4,290.0
13,1228,173.13,376.01,23.65,0.46,322.0
13,1229,143.86,201.51,23.83,0.35,300.0
13,1230,64.77,193.84,23.42,0.28,148.0
13,1231,80.06,239.66,24.07,0.29,
13,1232,139.53,396.69,24.1,0.41,126.0
13,1233,141.26,280.83,27.83,0.39,214.0
13,1234,108.65,224.03,27.5,0.24,231.0
13,1235,125.5,188.75,29.13,0.52,258.0
13,1236,86.98,219.14,28.77,0.5,165.0
13,1237,92.98,203.56,25.72,0.54,167.0
13,1238,106.83,215.18,27.54,0.57,174.0
13,1239,163.89,386.66,27.3,0.13,274.0
13,1240,132.65,,27.39,0.08,320.0
13,1241,127.06,180.86,28.58,0.25,308.0
13,1242,110.31,183.75,37.96,0.75,289.0
13,1243,154.28,175.09,38.3,0.66,253.0
13,1244,130.49,224.05,30.64,0.48,279.0
13,1245,154.59,248.04,33.08,0.82,323.0
13,1246,115.04,210.3,28.38,0.69,296.0
13,1247,98.26,169.52,31.75,0.8,242.0
13,1248,110.07,228.87,27.94,0.81,216.0
13,1249,75.9,145.61,27.59,0.75,236.0
13,1250,65.38,130.7,27.61,0.82,132.0
13,1251,82.98,159.65,26.74,0.82,144.0
13,1252,69.94,134.44,24.67,0.8,162.0
13,1253,75.87,148.17,26.52,0.82,146.0
13,1254,76.26,139.54,28.71,0.77,150.0
13,1255,89.34,,22.45,0.1,165.0
13,1256,93.2,,23.33,0.11,182.0
13,1257,50.85,,25.38,0.08,168.0
13,1258,85.68,,24.04,0.07,130.0
13,1259,252.23,,25.31,0.08,283.0
13,1260,551.86,,28.12,0.04,519.0
13,1261,479.75,,27.75,0.05,670.0
13,1262,376.76,,26.97,0.29,531.0
13,1263,230.26,,27.12,0.13,414.0
13,1264,219.43,,24.32,0.74,385.0
13,1265,141.54,,23.53,1.06,329.0
13,1266,119.39,,22.3,0.97,302.0
13,1267,173.6,,21.56,1.33,325.0
13,1268,251.28,,21.66,1.49,393.0
13,1269,153.17,,19.53,1.32,348.0
13,1270,171.14,,19.98,1.93,324.0
13,1271,84.28,,21.91,0.66,283.0
13,1272,121.95,,21.85,0.83,241.0
13,1273,77.99,,22.0,0.78,254.0
13,1274,44.56,,19.69,0.79,99.0
13,1275,59.65,,20.66,1.97,135.0
13,1276,40.69,,21.7,1.12,106.0
13,1277,37.45,,21.64,0.81,86.0
13,1278,37.7,,21.38,0.9,76.0
13,1279,43.68,,21.42,1.11,103.0
13,1280,47.39,,21.69,0.88,102.0
13,1281,54.79,,21.43,0.62,93.0
13,1282,60.75,,21.37,0.63,95.0
13,1283,70.27,,21.7,0.59,114.0
13,1284,66.14,,21.25,0.65,133.0
13,1285,79.13,,21.09,0.75,162.0
13,1286,113.08,,21.29,0.85,216.0
13,1287,58.97,,21.43,0.85,174.0
13,1288,57.75,,21.14,0.77,96.0
13,1289,70.54,,23.22,0.46,115.0
13,1290,43.08,,25.72,0.46,104.0
13,1291,34.01,,25.79,0.65,68.0
13,1292,30.95,,25.5,0.83,84.0
13,1293,54.23,,25.9,0.68,83.0
13,1294,56.42,,26.12,0.77,103.0
13,1295,61.74,,25.57,0.7,116.0
13,1296,53.97,,25.49,0.65,96.0
13,1297,63.78,,25.86,0.76,92.0
13,1298,61.81,,25.94,0.89,120.0
13,1299,35.71,,26.01,0.56,80.0
13,1300,46.01,,25.64,0.59,84.0
13,1301,70.47,,25.69,1.1,140.0
13,1302,55.24,,25.97,0.54,113.0
13,1303,47.38,,26.04,0.58,87.0
13,1304,24.77,,25.44,0.57,75.0
13,1305,31.09,,24.98,0.49,45.0
13,1306,53.09,,24.84,0.52,68.0
13,1307,63.41,,24.81,0.59,109.0
13,1308,67.55,,25.08,0.63,112.0
13,1309,77.4,,26.66,0.91,138.0
13,1310,126.74,,25.24,0.55,242.0
13,1311,120.1,,26.08,0.66,307.0
13,1312,171.29,,25.0,0.55,303.0
13,1313,155.55,,24.98,0.54,339.0
13,1314,69.07,,24.97,0.51,271.0
13,1315,62.79,,24.78,1.0,114.0
13,1316,47.14,,24.92,0.74,93.0
13,1317,43.7,,,0.49,75.0
13,1318,59.37,,,0.57,86.0
13,1319,56.05,,,0.51,96.0
13,1320,67.48,,,0.49,118.0
13,1321,69.78,,,0.38,111.0
13,1322,71.72,,35.14,0.63,110.0
13,1323,76.99,,17.04,0.38,196.0
13,1324,49.45,,19.73,0.54,96.0
13,1325,43.04,,15.87,0.46,89.0
13,1326,45.82,,14.49,0.61,73.0
13,1327,53.09,,14.15,0.56,86.0
13,1328,90.54,,26.81,0.58,144.0
13,1329,54.44,,24.04,0.54,139.0
13,1330,49.61,,22.49,0.52,105.0
13,1331,44.46,,17.19,0.54,72.0
13,1332,46.65,,18.89,0.6,76.0
13,1333,47.6,,21.4,0.43,84.0
13,1334,43.06,,18.1,0.46,75.0
13,1335,37.73,,31.51,0.49,80.0
13,1336,46.43,,25.01,0.59,69.0
13,1337,31.39,,21.34,0.59,77.0
13,1338,51.98,,17.24,0.58,72.0
13,1339,74.94,,20.75,0.61,133.0
13,1340,48.51,,19.63,0.58,143.0
13,1341,48.03,,12.48,0.15,
13,1342,36.14,,24.62,0.06,
13,1343,48.54,,23.85,0.29,
13,1344,58.0,,18.1,0.66,86.0
13,1345,68.13,,20.05,0.56,123.0
13,1346,28.75,,31.05,0.66,92.0
13,1347,27.69,,23.91,0.29,70.0
13,1348,19.99,,15.52,0.58,56.0
13,1349,29.08,,20.6,0.46,50.0
13,1350,35.14,,17.62,0.46,59.0
13,1351,39.06,,19.36,0.38,62.0
13,1352,42.36,,19.48,0.52,70.0
13,1353,44.35,,20.25,0.41,77.0
13,1354,,,,,
13,1355,,,,,
13,1356,85.41,,20.89,0.32,
13,1357,226.56,,21.96,0.51,301.0
13,1358,108.71,,31.51,0.53,350.0
13,1359,226.92,,40.48,0.29,346.0
13,1360,42.58,,24.47,0.29,
13,1361,44.86,,19.75,0.47,76.0
13,1362,60.29,,18.79,0.37,85.0
13,1363,34.16,,18.37,0.41,82.0
13,1364,54.14,,16.72,0.72,58.0
13,1365,46.65,,22.99,0.46,79.0
13,1366,93.9,,26.56,0.6,152.0
13,1367,122.28,,31.23,0.52,263.0
13,1368,138.86,,27.57,0.16,320.0
13,1369,81.18,210.02,22.71,0.72,211.0
13,1370,73.69,217.73,27.4,0.83,183.0
13,1371,94.13,213.48,27.21,0.85,199.0
13,1372,79.82,183.93,17.98,0.86,193.0
13,1373,109.59,196.31,17.15,1.05,240.0
13,1374,157.04,261.61,16.88,1.51,286.0
13,1375,117.02,236.07,16.42,0.8,307.0
13,1376,109.68,258.34,16.92,0.81,254.0
13,1377,139.15,309.92,34.39,1.02,280.0
13,1378,136.28,237.1,55.75,1.0,316.0
13,1379,96.1,186.32,57.05,0.99,284.0
13,1380,110.19,196.54,55.87,0.8,245.0
13,1381,134.13,164.1,52.45,0.97,242.0
13,1382,133.97,242.65,44.26,1.03,295.0
13,1383,134.47,224.57,47.0,0.93,293.0
13,1384,121.49,278.45,56.2,1.34,256.0
13,1385,112.43,265.07,54.17,1.48,295.0
13,1386,147.66,279.22,57.27,1.44,301.0
13,1387,162.48,271.89,59.73,1.0,329.0
13,1388,159.55,292.22,32.5,0.96,317.0
13,1389,192.38,338.49,39.28,1.11,362.0
13,1390,233.09,288.47,28.98,1.24,386.0
13,1391,126.27,251.38,30.62,1.27,315.0
13,1392,147.67,262.3,42.88,1.02,307.0
13,1393,176.23,320.25,43.77,1.09,329.0
13,1394,200.56,305.58,63.88,1.1,347.0
13,1395,227.62,,104.13,0.99,375.0
13,1396,222.63,264.11,68.92,1.1,390.0
13,1397,244.57,342.22,40.73,0.85,393.0
13,1398,231.84,333.34,41.14,0.84,380.0
13,1399,271.91,354.56,57.25,1.11,407.0
13,1400,246.16,306.31,54.83,0.95,400.0
13,1401,236.55,280.89,49.81,1.01,402.0
13,1402,218.31,317.43,40.28,0.77,382.0
13,1403,178.76,295.81,18.37,0.89,360.0
13,1404,112.17,177.09,14.74,0.63,288.0
13,1405,279.25,494.66,27.22,0.83,359.0
13,1406,161.84,286.56,24.28,1.11,379.0
13,1407,122.69,229.87,29.92,1.0,279.0
13,1408,274.14,323.94,52.77,1.55,366.0
13,1409,254.56,341.94,47.71,1.07,420.0
13,1410,234.57,378.33,56.69,0.89,386.0
13,1411,186.09,317.01,55.8,0.92,375.0
13,1412,163.74,343.01,70.85,1.06,321.0
13,1413,198.94,356.89,63.71,0.93,339.0
13,1414,115.37,195.14,39.46,1.08,329.0
13,1415,99.24,155.21,29.47,0.95,227.0
13,1416,134.26,227.26,20.84,0.88,294.0
13,1417,123.66,218.88,30.37,0.91,260.0
13,1418,124.15,200.83,37.57,0.86,295.0
13,1419,147.1,261.71,22.95,0.88,289.0
13,1420,190.98,327.57,28.02,1.02,338.0
13,1421,194.91,355.08,31.2,1.15,375.0
13,1422,121.51,196.83,41.9,1.05,306.0
13,1423,159.05,262.39,30.75,0.83,318.0
13,1424,96.86,192.94,18.94,0.61,284.0
13,1425,125.26,239.99,32.79,0.41,272.0
13,1426,163.8,292.38,41.26,0.63,314.0
13,1427,149.7,229.99,39.19,0.89,337.0
13,1428,133.58,235.22,30.8,1.04,277.0
13,1429,148.85,303.5,26.66,0.65,295.0
13,1430,140.45,318.04,26.11,0.71,275.0
13,1431,119.25,255.28,26.8,0.81,267.0
13,1432,81.43,107.25,24.59,0.82,191.0
13,1433,113.31,212.23,26.46,0.65,222.0
13,1434,147.68,247.54,26.8,1.0,299.0
13,1435,144.35,276.72,21.89,0.7,307.0
13,1436,174.45,263.58,22.51,0.62,339.0
13,1437,191.18,354.49,22.54,0.59,369.0
13,1438,163.91,295.23,24.64,0.8,368.0
13,1439,161.45,345.6,25.46,0.96,280.0
13,1440,178.2,348.94,35.31,0.65,285.0
13,1441,230.83,345.64,51.35,0.67,377.0
13,1442,176.72,284.33,51.14,0.67,389.0
13,1443,87.31,166.85,32.39,0.68,222.0
13,1444,79.02,146.35,44.44,0.47,189.0
13,1445,83.98,198.33,59.84,0.43,176.0
13,1446,67.26,205.79,59.54,0.48,148.0
13,1447,94.16,281.59,61.41,0.55,172.0
13,1448,102.5,271.67,34.88,0.46,230.0
13,1449,105.02,256.6,47.71,0.4,210.0
13,1450,133.58,265.0,80.65,0.45,288.0
13,1451,112.7,430.89,79.05,0.49,276.0
13,1452,101.21,,125.64,0.5,215.0
13,1453,128.34,,87.78,0.48,292.0
13,1454,155.15,324.22,104.4,0.65,305.0
13,1455,177.18,422.25,40.53,0.43,362.0
13,1456,156.46,277.78,49.95,0.35,321.0
13,1457,166.81,249.36,46.58,0.37,327.0
13,1458,194.52,347.86,23.88,1.16,353.0
13,1459,197.45,339.25,48.11,3.13,360.0
13,1460,304.47,303.52,80.68,1.71,423.0
13,1461,309.14,401.63,68.8,1.83,463.0
13,1462,296.93,359.69,58.38,1.2,450.0
13,1463,305.58,374.92,40.14,0.82,433.0
13,1464,314.48,447.79,39.5,1.48,462.0
13,1465,189.0,381.14,29.14,1.42,384.0
13,1466,218.77,408.1,31.7,1.32,392.0
13,1467,127.51,244.67,26.48,1.1,332.0
13,1468,127.98,242.82,20.86,0.97,279.0
13,1469,121.68,236.75,19.67,0.79,308.0
13,1470,100.59,204.36,19.23,0.76,271.0
13,1471,91.83,193.45,30.28,0.87,210.0
13,1472,179.83,321.81,69.1,1.06,313.0
13,1473,182.46,273.91,57.5,1.01,348.0
13,1474,175.61,392.23,33.49,1.12,342.0
13,1475,69.18,131.77,18.2,1.18,275.0
13,1476,83.4,,24.77,1.1,135.0
13,1477,163.92,302.49,63.23,1.48,298.0
13,1478,237.94,498.8,45.69,2.24,367.0
13,1479,176.96,370.39,29.56,1.81,405.0
13,1480,178.96,444.6,55.67,2.47,349.0
13,1481,136.27,,54.29,2.83,328.0
13,1482,101.19,138.97,27.17,2.23,260.0
13,1483,51.48,70.62,24.07,1.91,143.0
13,1484,105.71,212.62,21.02,2.84,153.0
13,1485,114.82,194.17,23.48,2.31,294.0
13,1486,58.17,115.89,18.38,1.78,161.0
13,1487,82.66,167.36,17.67,1.96,170.0
13,1488,97.78,181.3,17.93,1.95,201.0
13,1489,97.11,151.06,34.71,1.81,213.0
13,1490,80.94,161.45,32.89,2.28,194.0
13,1491,125.78,249.16,54.93,2.68,255.0
13,1492,129.19,171.03,56.86,2.47,309.0
13,1493,121.31,223.06,31.17,2.47,258.0
13,1494,117.86,241.0,21.52,2.02,302.0
13,1495,79.97,176.06,18.6,2.63,232.0
13,1496,90.9,175.62,29.19,2.86,205.0
13,1497,112.5,158.77,11.78,3.5,234.0
13,1498,98.51,192.74,95.41,0.46,269.0
13,1499,57.85,79.11,10.51,0.17,144.0
13,1500,55.96,174.76,40.68,0.23,123.0
13,1501,49.02,121.29,44.31,0.18,125.0
13,1502,98.01,221.36,191.83,0.76,113.0
13,1503,132.14,264.78,114.35,0.66,310.0
13,1504,144.74,317.26,132.8,0.77,302.0
13,1505,158.5,326.16,130.46,0.69,330.0
13,1506,112.92,234.32,125.36,0.45,306.0
13,1507,78.9,184.28,70.5,0.52,186.0
13,1508,80.01,159.91,53.64,0.41,183.0
13,1509,58.47,120.51,113.18,0.57,130.0
13,1510,88.93,,203.41,0.73,171.0
13,1511,76.86,223.97,65.34,0.65,149.0
13,1512,73.53,165.85,24.17,0.46,213.0
13,1513,48.94,138.82,20.75,0.45,111.0
13,1514,49.22,115.91,12.79,0.42,120.0
13,1515,36.87,88.1,13.88,0.49,90.0
13,1516,51.22,129.97,16.17,0.51,103.0
13,1517,78.68,168.92,24.22,0.47,157.0
13,1518,41.41,93.91,23.54,0.41,108.0
13,1519,36.88,77.26,21.61,0.46,86.0
13,1520,55.34,123.54,22.95,0.42,103.0
13,1521,66.43,168.92,23.22,0.32,137.0
13,1522,73.98,163.48,30.6,0.45,155.0
13,1523,31.97,54.32,21.15,0.41,104.0
13,1524,63.58,133.36,16.76,0.38,100.0
13,1525,39.9,103.11,13.99,0.39,100.0
13,1526,51.93,130.58,12.69,0.33,90.0
13,1527,74.89,180.75,15.05,0.28,149.0
13,1528,66.24,174.95,18.99,0.31,154.0
13,1529,65.44,155.62,8.74,0.19,153.0
13,1530,45.61,132.72,10.67,0.2,107.0
13,1531,63.7,176.12,11.68,0.26,136.0
13,1532,59.86,116.73,8.37,0.21,126.0
13,1533,75.29,233.06,11.13,0.3,145.0
13,1534,93.38,217.93,8.36,0.37,245.0
13,1535,52.58,139.65,5.98,0.21,138.0
13,1536,59.13,129.58,5.81,0.16,116.0
13,1537,63.26,149.64,5.65,0.23,144.0
13,1538,74.62,172.96,4.63,0.24,161.0
13,1539,90.27,237.1,6.08,0.29,197.0
13,1540,82.34,214.76,7.13,0.26,189.0
13,1541,114.87,257.72,12.36,0.53,243.0
13,1542,43.44,124.72,7.56,0.13,144.0
13,1543,52.37,86.44,8.98,0.2,99.0
13,1544,43.6,151.22,8.65,0.16,103.0
13,1545,49.62,143.81,8.46,0.19,114.0
13,1546,58.85,156.68,8.17,0.22,119.0
13,1547,60.18,168.05,8.58,0.21,127.0
13,1548,86.86,195.91,8.7,0.3,193.0
13,1549,98.42,257.46,8.79,0.59,230.0
13,1550,104.25,128.15,9.91,0.24,254.0
13,1551,62.86,148.69,9.79,0.2,193.0
13,1552,45.22,150.52,7.96,0.16,114.0
13,1553,76.87,181.59,8.46,0.21,161.0
13,1554,78.55,150.53,9.11,0.38,183.0
13,1555,100.22,262.82,8.57,0.7,187.0
13,1556,120.41,260.63,8.96,0.68,260.0
13,1557,106.43,315.63,7.84,0.36,282.0
13,1558,164.12,392.61,8.83,0.33,312.0
13,1559,121.22,315.02,7.68,0.35,320.0
13,1560,92.34,212.31,8.57,0.35,243.0
13,1561,99.71,248.24,9.29,0.31,247.0
13,1562,82.16,194.48,8.56,0.26,194.0
13,1563,79.95,245.17,8.38,0.34,220.0
13,1564,59.13,184.49,9.29,0.66,180.0
13,1565,57.02,215.35,13.92,0.51,140.0
13,1566,65.08,200.13,13.85,0.58,166.0
13,1567,98.06,201.19,28.75,0.51,257.0
13,1568,25.61,16.77,14.87,0.39,76.0
13,1569,31.04,69.43,13.84,0.56,58.0
13,1570,72.14,186.18,16.72,0.65,120.0
13,1571,66.43,177.73,16.33,0.6,136.0
13,1572,78.12,201.89,17.96,0.74,173.0
13,1573,94.78,269.76,26.72,1.2,201.0
13,1574,98.54,308.24,22.09,0.71,234.0
13,1575,104.05,334.26,18.63,0.81,253.0
13,1576,103.59,378.49,17.83,0.84,313.0
13,1577,93.68,286.92,17.98,0.68,275.0
13,1578,95.22,392.91,18.44,0.55,296.0
13,1579,106.0,,16.42,0.51,259.0
13,1580,111.49,281.57,16.91,0.66,261.0
13,1581,120.11,293.7,18.57,0.65,288.0
13,1582,139.89,395.05,19.29,0.71,309.0
13,1583,115.75,330.49,18.37,0.61,318.0
13,1584,62.53,148.15,17.47,0.55,209.0
13,1585,83.48,194.57,30.37,0.84,147.0
13,1586,98.84,244.22,22.18,0.68,235.0
13,1587,111.45,254.27,20.54,0.61,230.0
13,1588,142.31,334.06,22.13,0.64,297.0
13,1589,134.8,404.82,26.14,0.99,323.0
13,1590,147.45,513.33,17.58,0.63,395.0
13,1591,107.65,294.82,14.47,0.5,354.0
13,1592,107.3,299.61,17.82,0.57,249.0
13,1593,228.22,425.76,18.58,0.71,367.0
13,1594,140.51,233.83,21.42,0.75,344.0
13,1595,59.71,101.37,15.8,0.56,164.0
13,1596,79.01,160.23,17.11,0.61,173.0
13,1597,90.77,220.13,17.73,0.58,163.0
13,1598,94.42,234.31,21.48,0.53,227.0
13,1599,45.53,87.81,19.77,0.55,119.0
13,1600,71.07,133.88,18.3,0.6,120.0
13,1601,103.4,185.48,19.3,0.64,209.0
13,1602,85.19,169.96,18.82,0.61,192.0
13,1603,79.2,172.15,18.85,0.64,167.0
13,1604,89.14,172.04,19.79,0.65,195.0
13,1605,49.57,103.97,19.46,0.59,132.0
13,1606,48.27,95.77,19.3,0.52,89.0
13,1607,61.49,122.82,18.81,0.55,96.0
13,1608,70.89,140.86,22.86,0.6,120.0
13,1609,72.5,143.32,31.98,0.6,163.0
13,1610,80.45,162.23,44.55,0.58,157.0
13,1611,123.0,238.38,44.09,0.51,240.0
13,1612,124.14,,44.72,0.3,300.0
13,1613,119.06,,43.43,0.29,304.0
13,1614,92.63,,41.29,0.39,250.0
13,1615,102.4,,32.04,0.4,223.0
13,1616,82.26,,40.61,0.3,234.0
13,1617,97.05,,36.79,0.37,208.0
13,1618,111.57,,31.9,0.34,244.0
13,1619,74.03,,32.51,0.32,253.0
13,1620,77.37,,33.05,0.36,214.0
13,1621,116.43,,35.37,0.28,233.0
13,1622,119.32,,48.79,0.36,289.0
13,1623,224.58,,50.08,0.29,348.0
13,1624,104.68,,47.97,0.35,327.0
13,1625,70.6,205.0,41.29,0.5,186.0
13,1626,65.3,180.99,31.68,0.58,150.0
13,1627,83.99,265.03,8.52,0.11,185.0
13,1628,58.55,199.07,9.43,0.84,206.0
13,1629,44.04,,9.47,0.8,104.0
13,1630,42.37,,9.46,0.53,141.0
13,1631,72.25,,10.23,0.68,
13,1632,45.75,,9.77,0.28,177.0
13,1633,79.0,,8.05,0.24,152.0
13,1634,66.3,,6.59,0.26,190.0
13,1635,54.89,107.63,64.06,0.47,137.0
13,1636,30.48,75.2,80.01,0.55,90.0
13,1637,47.46,109.61,70.85,0.52,108.0
13,1638,66.91,130.33,50.2,0.57,123.0
13,1639,81.9,223.52,29.93,0.49,150.0
13,1640,72.48,230.82,27.17,0.44,182.0
13,1641,78.64,264.71,27.81,0.44,191.0
13,1642,85.29,294.66,26.61,0.5,222.0
13,1643,66.52,215.41,26.75,0.48,173.0
13,1644,93.12,277.55,21.77,0.56,196.0
13,1645,48.85,111.72,10.34,0.56,166.0
13,1646,37.9,76.43,13.04,0.6,74.0
13,1647,41.09,60.31,7.74,0.58,68.0
13,1648,39.12,61.39,9.63,0.57,66.0
13,1649,45.29,79.65,13.39,0.55,72.0
13,1650,57.24,126.94,13.41,0.6,92.0
13,1651,60.89,223.74,10.43,0.54,101.0
13,1652,81.39,277.24,9.62,0.53,129.0
13,1653,101.83,327.81,9.77,0.49,258.0
13,1654,92.47,196.26,9.28,0.51,238.0
13,1655,85.36,201.93,10.24,0.45,197.0
13,1656,99.31,268.94,9.71,0.37,199.0
13,1657,63.38,170.31,14.76,0.33,192.0
13,1658,47.43,88.05,9.66,0.48,135.0
13,1659,31.41,67.29,10.37,0.45,73.0
13,1660,30.89,52.47,10.91,0.45,67.0
13,1661,68.38,122.84,15.46,0.44,80.0
13,1662,45.04,71.07,19.17,0.32,130.0
13,1663,44.74,85.8,17.04,0.48,88.0
13,1664,47.85,71.8,11.46,0.53,108.0
13,1665,42.36,117.66,8.72,0.53,109.0
13,1666,54.71,105.22,8.8,0.5,133.0
13,1667,26.59,36.03,21.33,0.45,64.0
13,1668,37.1,27.88,11.59,0.48,61.0
13,1669,26.58,34.06,8.68,0.49,72.0
13,1670,16.85,37.3,7.95,0.52,45.0
13,1671,22.51,50.72,6.82,0.52,43.0
13,1672,24.52,68.42,7.25,0.56,50.0
13,1673,28.42,65.02,7.51,0.5,58.0
13,1674,33.71,68.35,8.5,0.51,61.0
13,1675,32.03,82.08,7.11,0.57,64.0
13,1676,33.8,69.44,9.7,0.54,72.0
13,1677,50.36,69.56,15.44,0.51,72.0
13,1678,46.78,46.66,9.98,0.49,69.0
13,1679,25.31,49.91,7.81,0.51,71.0
13,1680,22.4,60.25,9.79,0.53,46.0
13,1681,20.7,70.47,9.7,0.48,51.0
13,1682,26.31,56.92,16.8,0.4,54.0
13,1683,21.99,51.94,18.23,0.34,52.0
13,1684,16.25,34.19,6.99,0.42,38.0
13,1685,30.32,64.5,7.5,0.45,48.0
13,1686,21.54,60.09,7.46,0.43,60.0
13,1687,24.24,51.71,7.31,0.47,55.0
13,1688,22.15,56.79,7.53,0.48,53.0
13,1689,14.18,38.87,6.9,0.43,41.0
13,1690,39.18,39.61,10.97,0.39,55.0
13,1691,20.51,,4.42,0.4,49.0
13,1692,38.02,117.61,6.77,0.43,51.0
13,1693,46.61,100.63,11.76,0.64,85.0
13,1694,52.07,153.43,11.54,0.6,117.0
13,1695,46.94,117.96,8.98,0.43,107.0
13,1696,62.81,,5.03,0.27,96.0
13,1697,63.79,,4.81,0.3,115.0
13,1698,36.17,,4.98,0.31,87.0
13,1699,26.29,,5.51,0.32,53.0
13,1700,29.99,76.8,6.37,0.36,55.0
13,1701,35.45,83.05,7.67,0.43,69.0
13,1702,37.09,81.47,7.47,0.43,73.0
13,1703,37.16,52.55,7.46,0.43,59.0
13,1704,48.42,91.49,7.85,0.47,74.0
13,1705,28.57,12.48,7.66,0.49,72.0
13,1706,42.78,10.0,7.8,0.54,66.0
13,1707,76.15,24.94,9.61,0.62,122.0
13,1708,76.65,142.29,8.51,0.55,156.0
13,1709,30.99,77.31,7.61,0.48,104.0
13,1710,32.93,82.21,7.92,0.48,67.0
13,1711,29.49,68.99,7.7,0.47,60.0
13,1712,30.78,71.93,7.54,0.47,96.0
13,1713,51.34,102.22,8.03,0.52,76.0
13,1714,75.84,151.93,8.48,0.61,118.0
13,1715,80.6,166.53,8.79,0.61,167.0
13,1716,65.41,118.66,14.65,1.07,165.0
13,1717,34.04,78.87,14.43,1.53,89.0
13,1718,26.72,67.98,7.13,1.54,83.0
13,1719,30.04,60.84,6.7,1.58,85.0
13,1720,47.23,99.88,10.58,1.73,91.0
13,1721,58.53,124.72,7.66,1.77,112.0
13,1722,37.12,84.63,6.5,1.72,95.0
13,1723,22.7,54.11,5.55,1.68,82.0
13,1724,33.35,76.93,6.76,1.73,82.0
13,1725,33.01,92.36,10.52,1.69,85.0
13,1726,14.92,29.6,6.06,1.15,62.0
13,1727,25.25,65.37,7.34,1.74,72.0
13,1728,32.94,71.62,7.82,1.73,82.0
13,1729,32.22,82.06,9.46,1.67,83.0
13,1730,29.44,94.74,9.29,1.09,75.0
13,1731,14.65,45.27,11.12,0.72,54.0
13,1732,16.17,51.58,13.12,0.81,59.0
13,1733,14.56,42.51,14.35,0.68,49.0
13,1734,23.99,61.95,13.56,0.53,48.0
13,1735,33.82,75.21,14.64,0.65,76.0
13,1736,38.05,84.2,21.9,0.98,89.0
13,1737,51.55,52.26,21.43,0.99,98.0
13,1738,37.82,128.94,13.84,1.02,97.0
13,1739,32.53,48.34,28.76,1.08,86.0
13,1740,47.85,73.05,24.73,1.16,96.0
13,1741,50.21,86.44,12.28,0.97,91.0
13,1742,38.26,65.49,10.01,0.54,95.0
13,1743,70.44,,31.37,1.21,108.0
13,1744,83.57,,56.19,1.35,153.0
13,1745,83.09,,29.19,0.93,192.0
13,1746,79.53,139.69,13.11,1.54,172.0
13,1747,98.05,186.3,22.8,2.55,188.0
13,1748,102.26,210.65,45.65,2.65,241.0
13,1749,109.04,205.28,51.69,2.58,254.0
13,1750,137.78,261.97,47.39,2.27,291.0
13,1751,114.03,217.06,28.53,2.26,289.0
13,1752,107.55,197.17,22.28,2.38,295.0
13,1753,72.1,170.46,43.65,1.91,165.0
13,1754,92.64,180.87,32.44,2.01,223.0
13,1755,109.34,205.75,33.32,2.1,225.0
13,1756,92.44,190.02,39.74,1.59,232.0
13,1757,108.48,229.29,43.84,0.85,223.0
13,1758,151.69,249.81,59.89,1.81,292.0
13,1759,117.64,206.1,45.54,0.98,308.0
13,1760,118.89,212.16,39.52,0.89,272.0
13,1761,170.87,219.37,35.42,0.86,311.0
13,1762,258.67,355.98,34.53,1.33,396.0
13,1763,217.34,344.33,42.1,1.44,375.0
13,1764,216.4,361.77,43.74,1.35,369.0
13,1765,231.37,369.65,46.69,1.69,374.0
13,1766,394.28,581.44,58.23,1.92,476.0
13,1767,314.82,491.79,39.28,1.43,431.0
13,1768,473.51,651.05,34.57,1.78,607.0
13,1769,219.51,319.29,33.71,0.92,448.0
13,1770,152.59,244.2,33.7,0.75,360.0
13,1771,93.32,158.87,40.46,0.66,221.0
13,1772,160.41,279.95,45.65,0.77,280.0
13,1773,157.05,255.53,45.85,1.17,335.0
13,1774,128.98,214.16,34.22,0.82,316.0
13,1775,157.5,256.26,33.07,0.77,300.0
13,1776,210.54,330.45,46.43,1.18,340.0
13,1777,350.49,481.04,60.71,1.79,425.0
13,1778,388.11,513.91,78.03,2.09,502.0
13,1779,361.14,573.72,80.51,2.34,488.0
13,1780,435.04,638.62,59.63,1.94,548.0
13,1781,171.39,299.85,40.67,1.09,434.0
13,1782,69.43,124.7,33.71,0.53,244.0
13,1783,70.95,111.61,34.47,0.68,142.0
13,1784,86.86,152.86,47.48,0.94,148.0
13,1785,118.97,193.65,55.23,1.38,223.0
13,1786,155.84,260.27,59.04,1.82,318.0
13,1787,164.7,279.87,70.43,2.01,331.0
13,1788,115.05,201.36,47.16,0.89,305.0
13,1789,105.21,178.86,35.04,0.71,234.0
13,1790,102.12,177.95,54.7,1.23,236.0
13,1791,99.75,189.47,54.34,1.09,244.0
13,1792,61.45,121.15,50.09,0.78,123.0
13,1793,33.78,66.95,35.91,0.5,97.0
13,1794,44.89,107.1,46.33,0.79,73.0
13,1795,60.83,127.45,35.83,0.88,103.0
13,1796,76.17,143.66,41.25,0.81,148.0
13,1797,97.16,180.59,44.59,0.93,187.0
13,1798,112.58,198.47,54.1,0.97,265.0
13,1799,125.0,212.55,59.0,1.35,280.0
13,1800,198.13,296.79,67.56,2.11,331.0
13,1801,222.5,364.36,57.37,2.01,381.0
13,1802,208.98,343.16,55.07,1.89,369.0
13,1803,205.7,315.4,50.18,2.07,373.0
13,1804,173.25,265.85,53.81,2.16,350.0
13,1805,192.51,299.38,60.68,2.6,347.0
13,1806,228.57,342.42,55.31,2.56,369.0
13,1807,223.29,359.8,56.89,1.84,391.0
13,1808,65.04,92.12,40.18,1.14,250.0
13,1809,59.76,102.19,28.97,1.23,97.0
13,1810,76.17,143.09,28.44,1.07,144.0
13,1811,63.2,106.03,22.09,0.96,136.0
13,1812,65.24,115.4,19.26,1.14,111.0
13,1813,93.92,188.12,28.71,1.41,168.0
13,1814,168.88,285.04,35.26,2.11,282.0
13,1815,188.91,360.69,49.46,2.07,342.0
13,1816,164.47,324.47,44.51,2.02,352.0
13,1817,99.82,183.92,29.66,1.48,281.0
13,1818,113.74,220.82,28.13,1.49,228.0
13,1819,186.27,422.12,46.67,2.04,303.0
13,1820,109.59,226.93,27.24,1.45,317.0
13,1821,152.56,332.22,27.14,1.53,272.0
13,1822,161.19,319.08,36.03,1.73,334.0
13,1823,203.81,398.43,29.88,2.26,351.0
13,1824,260.02,533.71,47.92,2.55,389.0
13,1825,201.74,384.26,35.93,3.17,423.0
13,1826,175.66,282.1,28.03,2.03,341.0
13,1827,296.06,357.72,30.83,3.7,429.0
13,1828,271.49,281.71,41.86,4.07,419.0
13,1829,183.81,216.52,42.51,3.23,390.0
13,1830,152.96,218.37,38.85,2.38,308.0
13,1831,144.74,233.92,38.35,2.03,326.0
13,1832,133.68,201.3,49.18,1.87,315.0
13,1833,89.97,140.0,36.67,1.52,234.0
13,1834,88.95,123.2,37.6,1.75,198.0
13,1835,66.14,101.18,20.39,1.48,160.0
13,1836,89.87,147.3,30.44,1.76,160.0
13,1837,108.44,179.38,37.59,1.78,242.0
13,1838,151.11,243.8,38.54,2.29,311.0
13,1839,161.63,241.22,39.59,2.08,328.0
13,1840,75.89,119.57,26.1,1.4,244.0
13,1841,90.38,162.36,34.76,1.28,174.0
13,1842,117.82,188.91,26.9,1.44,247.0
13,1843,79.88,127.02,23.97,1.38,259.0
13,1844,93.89,159.55,33.25,1.68,176.0
13,1845,92.62,159.19,22.03,1.16,214.0
13,1846,85.13,161.08,23.24,1.3,175.0
13,1847,131.03,222.54,31.26,1.65,276.0
13,1848,130.93,216.6,33.45,2.17,313.0
13,1849,56.38,92.62,28.6,0.87,193.0
13,1850,51.22,92.58,28.98,0.97,102.0
13,1851,84.59,161.1,38.66,1.7,138.0
13,1852,132.02,232.16,35.27,2.29,289.0
13,1853,117.46,200.66,43.56,1.89,280.0
13,1854,93.01,164.64,36.2,1.35,245.0
13,1855,47.0,90.49,29.88,1.23,140.0
13,1856,63.71,130.06,30.2,1.4,112.0
13,1857,62.07,127.12,31.13,1.42,112.0
13,1858,79.58,162.58,35.77,2.18,159.0
13,1859,71.37,137.94,24.32,2.04,144.0
13,1860,87.41,182.76,29.87,2.23,174.0
13,1861,100.75,181.95,34.16,2.33,216.0
13,1862,118.41,228.69,28.99,2.39,285.0
13,1863,79.42,169.37,26.08,1.76,198.0
13,1864,120.12,230.34,32.6,2.33,245.0
13,1865,104.96,210.84,26.63,1.6,260.0
13,1866,105.04,199.79,27.22,1.71,254.0
13,1867,130.89,256.86,27.42,2.2,275.0
13,1868,145.57,249.19,25.02,2.75,316.0
13,1869,130.82,284.78,21.34,1.87,302.0
13,1870,63.78,123.14,15.8,1.17,190.0
13,1871,64.17,134.91,12.87,1.38,128.0
13,1872,50.24,112.08,14.87,1.42,130.0
13,1873,93.15,185.61,21.86,1.91,182.0
13,1874,105.65,228.3,26.62,2.34,256.0
13,1875,69.82,166.21,25.16,1.89,165.0
13,1876,83.56,166.82,22.08,1.88,181.0
13,1877,85.97,173.5,16.77,1.67,170.0
13,1878,49.47,79.23,13.52,1.82,145.0
13,1879,59.08,96.42,15.42,1.67,94.0
13,1880,95.42,167.11,23.87,1.82,187.0
13,1881,66.85,126.64,20.6,1.24,144.0
13,1882,92.36,206.09,25.61,1.29,183.0
13,1883,108.36,231.82,28.0,1.53,241.0
13,1884,86.84,158.92,31.91,1.17,206.0
13,1885,71.0,130.39,27.01,1.27,160.0
13,1886,55.87,102.76,23.0,1.26,127.0
13,1887,24.29,50.03,26.97,1.07,115.0
13,1888,73.57,139.73,35.93,1.68,136.0
13,1889,80.0,177.56,40.4,1.97,175.0
13,1890,71.23,148.75,35.37,1.69,154.0
13,1891,32.0,57.05,28.84,1.16,104.0
13,1892,19.52,32.59,27.15,1.06,95.0
13,1893,35.82,67.45,27.52,0.97,79.0
13,1894,56.58,107.07,28.16,0.97,115.0
13,1895,62.38,112.32,23.13,0.77,117.0
13,1896,75.88,144.37,25.83,0.92,160.0
13,1897,52.61,100.26,25.06,0.89,114.0
13,1898,50.17,139.66,30.02,0.88,115.0
13,1899,60.57,182.58,30.6,0.84,134.0
13,1900,43.92,99.84,25.9,0.82,118.0
13,1901,57.48,137.62,27.24,0.97,119.0
13,1902,73.26,152.93,24.94,1.06,155.0
13,1903,76.84,169.8,25.66,1.18,181.0
13,1904,84.93,191.47,30.5,1.28,178.0
13,1905,80.27,200.51,28.31,1.23,175.0
13,1906,85.31,183.37,18.07,1.11,176.0
13,1907,58.09,129.3,16.63,0.88,154.0
13,1908,85.87,150.43,19.83,1.13,168.0
13,1909,51.38,103.56,15.96,0.81,124.0
13,1910,61.21,113.66,17.61,0.97,122.0
13,1911,31.83,60.71,15.06,0.75,86.0
13,1912,31.27,65.28,15.96,0.56,65.0
13,1913,20.82,41.61,14.19,0.54,59.0
13,1914,17.59,35.7,14.65,0.49,62.0
13,1915,23.65,56.89,13.75,0.5,68.0
13,1916,32.0,57.58,12.76,0.55,80.0
13,1917,30.71,57.22,13.39,0.52,80.0
13,1918,27.84,55.37,14.94,0.55,81.0
13,1919,28.93,59.79,16.0,0.52,81.0
13,1920,27.11,48.38,12.75,0.47,95.0
13,1921,34.18,61.47,12.52,0.52,93.0
13,1922,49.7,87.4,15.9,0.69,99.0
13,1923,52.7,94.54,14.5,0.65,106.0
13,1924,31.8,86.25,11.95,0.43,94.0
13,1925,28.04,79.84,10.94,0.42,96.0
13,1926,31.68,68.97,12.14,0.47,101.0
13,1927,49.34,96.26,18.33,0.68,105.0
13,1928,51.41,103.83,18.3,0.81,127.0
13,1929,32.16,68.78,16.41,0.6,107.0
13,1930,53.33,121.47,17.19,0.76,114.0
13,1931,51.22,131.79,19.88,0.81,122.0
13,1932,59.01,185.92,18.25,0.79,138.0
13,1933,62.75,154.53,17.1,0.83,157.0
13,1934,28.23,79.28,12.66,0.62,120.0
13,1935,26.84,87.29,12.87,0.57,107.0
13,1936,30.21,70.61,15.3,0.65,109.0
13,1937,48.86,93.89,19.64,0.78,99.0
13,1938,33.79,72.37,14.88,0.68,105.0
13,1939,49.59,102.91,18.46,0.77,120.0
13,1940,51.55,105.97,18.33,0.79,113.0
13,1941,56.54,100.68,15.69,0.77,124.0
13,1942,26.55,63.78,12.23,0.58,121.0
13,1943,49.26,119.82,13.94,0.67,113.0
13,1944,25.94,46.63,10.35,0.54,103.0
13,1945,34.2,58.26,11.32,0.63,118.0
13,1946,58.64,111.67,13.84,0.75,126.0
13,1947,62.21,122.56,12.84,0.76,141.0
13,1948,62.55,134.75,12.69,0.74,155.0
13,1949,41.11,104.29,10.69,0.7,152.0
13,1950,39.62,86.75,10.84,0.73,126.0
13,1951,23.7,45.29,11.12,0.55,94.0
13,1952,55.54,94.42,13.71,0.81,130.0
13,1953,48.01,138.24,14.5,0.72,143.0
13,1954,40.41,89.12,13.66,0.61,138.0
13,1955,56.55,102.78,14.09,0.72,144.0
13,1956,63.16,120.48,13.16,0.77,166.0
13,1957,51.33,112.01,11.14,0.77,154.0
13,1958,43.34,92.6,12.79,0.53,113.0
13,1959,46.22,92.82,13.56,0.68,133.0
13,1960,63.71,140.61,16.23,0.81,133.0
13,1961,51.25,128.05,27.73,0.94,147.0
13,1962,44.84,89.14,36.56,0.76,155.0
13,1963,69.14,111.56,44.32,0.85,208.0
13,1964,70.96,149.96,37.52,1.01,184.0
13,1965,59.29,115.94,34.85,0.91,160.0
13,1966,74.62,146.61,35.58,0.99,160.0
13,1967,67.08,124.58,27.33,0.89,167.0
13,1968,51.41,130.77,24.81,0.92,141.0
13,1969,62.53,153.39,24.42,1.06,152.0
13,1970,65.12,187.33,19.3,1.02,146.0
13,1971,56.3,154.36,21.9,0.91,150.0
13,1972,60.53,148.39,18.16,0.93,139.0
13,1973,56.62,184.71,22.71,0.91,140.0
13,1974,68.78,205.39,25.72,0.91,162.0
13,1975,75.32,257.56,16.27,0.88,202.0
13,1976,32.39,69.05,15.43,0.67,166.0
13,1977,26.35,56.28,13.94,0.7,86.0
13,1978,27.67,63.92,16.09,0.79,105.0
13,1979,36.12,87.51,20.5,0.85,133.0
13,1980,46.04,141.66,14.95,0.77,156.0
13,1981,46.92,117.56,14.13,0.78,135.0
13,1982,58.03,143.56,17.88,0.87,130.0
13,1983,39.79,75.0,15.71,0.82,121.0
13,1984,43.29,91.47,13.55,0.77,110.0
13,1985,48.67,92.32,14.17,0.87,122.0
13,1986,47.11,91.34,15.24,1.0,133.0
13,1987,65.0,141.77,18.55,0.92,141.0
13,1988,50.5,123.83,19.0,0.81,135.0
13,1989,46.61,110.92,15.17,0.72,122.0
13,1990,72.62,157.12,24.0,0.77,147.0
13,1991,61.48,138.26,13.94,0.64,158.0
13,1992,73.88,166.94,10.48,0.68,157.0
13,1993,54.15,117.53,12.44,0.58,155.0
13,1994,49.75,108.22,13.67,0.55,128.0
13,1995,45.21,92.67,11.29,0.53,128.0
13,1996,46.26,119.83,8.86,0.55,122.0
13,1997,65.61,244.35,9.0,0.7,148.0
13,1998,49.08,156.48,8.09,0.53,172.0
13,1999,49.1,103.78,8.75,0.49,132.0
13,2000,48.62,97.08,8.8,0.65,134.0
13,2001,39.63,74.69,8.95,0.69,108.0
13,2002,43.35,75.89,7.9,0.63,86.0
13,2003,42.64,111.09,8.14,0.75,102.0
13,2004,56.56,141.92,10.07,0.9,122.0
13,2005,47.82,158.08,8.05,0.66,121.0
13,2006,64.72,261.05,9.65,0.67,153.0
13,2007,46.89,154.0,8.97,0.57,140.0
13,2008,47.27,114.29,10.38,0.78,131.0
13,2009,61.64,174.08,10.58,1.11,157.0
14,1508,124.77,187.08,,,
14,1509,50.82,118.01,9.3,0.48,92.0
14,1510,58.31,85.39,10.82,0.47,122.0
14,1511,59.88,78.04,9.65,0.51,80.0
14,1512,55.61,92.36,11.71,0.49,105.0
14,1513,83.66,134.1,13.63,1.09,105.0
14,1514,141.8,243.91,21.87,1.52,293.0
14,1515,133.26,219.95,19.93,1.13,321.0
14,1516,69.9,114.89,10.49,0.54,206.0
14,1517,129.88,234.82,24.76,1.8,
14,1518,94.29,173.04,17.65,1.11,285.0
14,1519,60.89,98.85,13.79,0.64,152.0
14,1520,62.0,76.05,11.73,0.67,93.0
14,1521,69.01,104.75,11.5,0.85,113.0
14,1522,89.55,152.36,18.77,1.06,183.0
14,1523,106.89,199.74,18.6,1.26,226.0
14,1524,97.6,185.68,15.4,0.92,277.0
14,1525,68.21,119.93,9.74,0.62,126.0
14,1526,63.29,90.92,10.2,0.54,148.0
14,1527,74.81,112.75,15.01,0.85,102.0
14,1528,104.14,177.76,21.06,1.19,236.0
14,1529,116.75,206.29,21.55,1.19,265.0
14,1530,124.9,237.1,19.23,1.09,303.0
14,1531,124.94,213.84,17.73,1.31,267.0
14,1532,123.34,206.87,16.95,0.99,316.0
14,1533,100.41,187.83,21.98,1.03,212.0
14,1534,138.45,258.63,30.42,1.29,303.0
14,1535,138.03,280.4,24.74,1.23,321.0
14,1536,131.69,322.56,23.71,1.03,312.0
14,1537,105.33,191.58,24.87,1.12,231.0
14,1538,153.22,269.54,31.59,1.61,308.0
14,1539,91.58,145.24,16.31,0.9,303.0
14,1540,66.5,100.2,15.9,0.82,118.0
14,1541,73.33,200.77,12.45,0.59,148.0
14,1542,53.17,244.18,8.41,0.4,198.0
14,1543,67.46,139.67,12.05,0.72,150.0
14,1544,70.83,143.99,14.69,0.86,123.0
14,1545,118.05,236.55,26.61,1.21,268.0
14,1546,119.32,225.03,24.83,1.12,306.0
14,1547,62.29,87.81,10.6,0.67,156.0
14,1548,79.69,138.38,18.47,0.93,109.0
14,1549,114.47,203.18,29.01,1.26,258.0
14,1550,140.62,225.28,23.92,1.26,300.0
14,1551,48.63,64.89,11.86,0.5,236.0
14,1552,35.72,50.06,11.66,0.76,74.0
14,1553,58.96,91.04,14.85,0.76,109.0
14,1554,23.13,153.45,13.17,0.43,99.0
14,1555,29.99,62.01,11.69,0.37,120.0
14,1556,25.78,36.21,12.24,0.46,61.0
14,1557,56.1,82.28,15.92,0.74,74.0
14,1558,43.93,69.9,13.05,0.64,103.0
14,1559,28.95,40.1,11.5,0.48,59.0
14,1560,30.06,40.09,14.44,0.56,53.0
14,1561,37.76,67.42,14.69,0.75,74.0
14,1562,66.63,135.87,18.87,1.03,114.0
14,1563,79.26,153.64,25.1,0.95,161.0
14,1564,85.8,141.6,25.11,0.88,179.0
14,1565,51.4,76.17,19.16,0.59,140.0
14,1566,47.34,61.7,16.23,0.66,67.0
14,1567,42.85,56.26,16.64,0.55,90.0
14,1568,87.16,110.57,18.99,0.84,92.0
14,1569,58.84,108.28,13.0,0.78,181.0
14,1570,58.98,108.56,16.64,0.8,107.0
14,1571,52.39,99.12,12.81,0.52,107.0
14,1572,36.8,55.86,12.7,0.54,86.0
14,1573,42.87,61.08,15.48,0.59,84.0
14,1574,56.03,88.14,22.46,0.8,95.0
14,1575,76.74,133.16,31.12,1.0,115.0
14,1576,96.66,168.91,31.38,1.15,202.0
14,1577,88.27,149.31,35.39,0.92,218.0
14,1578,57.55,87.53,17.36,0.58,137.0
14,1579,32.5,39.5,10.65,0.47,71.0
14,1580,24.68,36.05,11.02,0.42,53.0
14,1581,13.68,21.96,8.73,0.36,53.0
14,1582,9.62,14.5,7.25,0.35,54.0
14,1583,28.45,46.41,14.02,0.58,67.0
14,1584,21.9,37.94,7.0,0.28,79.0
14,1585,916.67,1000.0,13.57,0.23,
14,1586,59.86,91.04,15.11,0.9,
14,1587,51.38,87.31,17.0,0.81,80.0
14,1588,40.8,77.72,15.16,0.56,110.0
14,1589,25.83,56.37,9.28,0.36,76.0
14,1590,27.82,44.86,8.06,0.38,77.0
14,1591,20.83,44.79,8.33,0.39,79.0
14,1592,23.05,38.97,9.44,0.43,73.0
14,1593,33.35,57.32,10.32,0.57,62.0
14,1594,65.01,85.31,13.27,0.49,99.0
14,1595,28.15,43.75,11.58,0.44,122.0
14,1596,19.79,31.95,12.33,0.45,86.0
14,1597,24.78,42.72,11.17,0.47,68.0
14,1598,22.83,34.43,14.25,0.51,73.0
14,1599,21.29,33.06,9.06,0.42,70.0
14,1600,43.79,68.51,12.25,0.78,62.0
14,1601,37.7,67.11,15.82,0.61,93.0
14,1602,31.53,52.71,13.08,0.54,68.0
14,1603,26.94,43.89,10.37,0.44,63.0
14,1604,13.59,22.87,10.73,0.4,73.0
14,1605,11.79,60.02,9.53,0.36,71.0
14,1606,18.92,626.63,12.52,0.55,210.0
14,1607,34.57,492.89,17.89,0.79,838.0
14,1608,27.48,47.82,17.05,0.66,149.0
14,1609,21.41,37.36,12.81,0.5,61.0
14,1610,43.72,81.41,18.48,0.79,72.0
14,1611,41.37,83.59,21.24,0.75,102.0
14,1612,26.04,44.89,18.76,0.54,79.0
14,1613,41.11,75.12,21.67,0.81,75.0
14,1614,60.98,110.62,21.15,0.89,106.0
14,1615,25.38,42.39,11.09,0.46,72.0
14,1616,12.52,21.47,11.44,0.37,54.0
14,1617,17.31,34.47,9.15,0.45,48.0
14,1618,30.62,86.21,13.14,0.48,55.0
14,1619,27.55,59.02,12.89,0.6,78.0
14,1620,12.76,21.4,6.72,0.4,48.0
14,1621,19.87,31.33,8.81,0.4,33.0
14,1622,20.31,38.23,10.66,0.5,40.0
14,1623,25.53,41.4,13.11,0.53,41.0
14,1624,36.68,72.67,18.64,0.68,60.0
14,1625,47.66,87.66,16.46,0.58,99.0
14,1626,17.68,31.6,13.25,0.44,45.0
14,1627,24.04,40.88,9.73,0.54,38.0
14,1628,25.93,43.13,11.79,0.52,44.0
14,1629,34.51,49.9,13.27,0.53,49.0
14,1630,33.51,55.87,15.51,0.61,54.0
14,1631,55.23,102.95,22.06,0.74,89.0
14,1632,40.38,77.63,16.77,0.7,93.0
14,1633,33.32,63.97,15.6,0.77,76.0
14,1634,27.98,50.76,11.32,0.61,54.0
14,1635,19.01,35.11,6.61,0.35,44.0
14,1636,23.66,43.56,9.02,0.38,40.0
14,1637,30.18,57.35,14.71,0.48,58.0
14,1638,18.59,29.17,10.41,0.44,41.0
14,1639,18.79,25.88,8.46,0.46,31.0
14,1640,29.61,43.21,14.92,0.58,40.0
14,1641,22.27,34.39,12.56,0.51,47.0
14,1642,32.27,60.43,14.26,0.66,55.0
14,1643,33.01,62.82,16.5,0.63,71.0
14,1644,13.73,27.33,9.45,0.38,39.0
14,1645,12.9,25.28,9.95,0.34,25.0
14,1646,15.47,32.63,9.96,0.42,33.0
14,1647,21.1,43.36,12.65,0.51,46.0
14,1648,7.74,75.98,10.04,0.3,46.0
14,1649,5.39,10.53,6.5,0.25,53.0
14,1650,10.63,76.75,6.73,0.27,42.0
14,1651,169.55,491.54,9.5,0.39,
14,1652,85.38,94.28,12.82,0.72,
14,1653,25.18,34.16,9.97,0.52,64.0
14,1654,23.66,34.66,10.55,0.55,36.0
14,1655,24.52,43.9,11.17,0.55,47.0
14,1656,21.91,37.61,10.66,0.45,57.0
14,1657,21.76,69.57,9.4,0.48,38.0
14,1658,80.31,149.69,10.85,0.61,118.0
14,1659,68.31,135.68,11.46,0.55,161.0
14,1660,41.72,73.42,9.98,0.54,91.0
14,1661,43.43,70.87,11.38,0.59,88.0
14,1662,26.73,167.95,10.39,0.45,103.0
14,1663,22.94,39.38,6.25,0.33,96.0
14,1664,59.28,79.72,8.78,0.41,66.0
14,1665,17.81,118.36,7.42,0.38,101.0
14,1666,19.41,76.32,9.77,0.37,98.0
14,1667,27.99,50.9,11.31,0.57,74.0
14,1668,59.27,79.88,8.75,0.35,62.0
14,1669,11.93,26.31,7.69,0.34,68.0
14,1670,24.95,49.12,9.47,0.58,54.0
14,1671,89.85,220.16,10.86,0.43,91.0
14,1672,68.67,153.57,10.76,0.47,182.0
14,1673,54.9,150.89,8.22,0.37,150.0
14,1674,40.56,52.31,9.14,0.31,104.0
14,1675,76.43,157.77,8.03,0.43,92.0
14,1676,59.08,117.59,9.33,0.44,164.0
14,1677,18.86,40.47,10.96,0.49,87.0
14,1678,79.19,194.51,10.05,0.44,40.0
14,1679,21.24,91.02,10.15,0.59,104.0
14,1680,11.86,34.75,9.62,0.39,74.0
14,1681,12.02,66.2,9.24,0.35,47.0
14,1682,49.04,427.84,8.59,0.36,246.0
14,1683,16.54,190.86,6.67,0.39,266.0
14,1684,26.59,164.97,10.37,0.42,102.0
14,1685,24.16,847.41,10.25,0.49,488.0
14,1686,14.9,554.83,9.4,0.39,956.0
14,1687,15.95,27.49,7.78,0.34,141.0
14,1688,19.03,35.6,6.07,0.37,36.0
14,1689,22.78,67.25,13.33,0.51,43.0
14,1690,30.14,54.16,10.57,0.56,69.0
14,1691,23.21,43.52,6.35,0.44,49.0
14,1692,19.03,38.04,8.63,0.36,38.0
14,1693,25.11,47.12,7.61,0.44,48.0
14,1694,26.75,49.44,8.73,0.4,41.0
14,1695,33.4,68.83,14.94,0.56,68.0
14,1696,23.87,44.49,8.98,0.43,54.0
14,1697,8.55,19.11,6.88,0.34,30.0
14,1698,11.11,21.98,5.98,0.34,26.0
14,1699,21.45,36.86,11.68,0.44,32.0
14,1700,23.45,46.99,12.59,0.58,52.0
14,1701,26.74,42.76,12.48,0.59,48.0
14,1702,20.83,35.25,9.24,0.52,41.0
14,1703,21.66,37.24,11.55,0.57,52.0
14,1704,14.39,33.16,9.13,0.53,113.0
14,1705,25.64,56.42,11.26,0.68,58.0
14,1706,30.97,66.26,16.77,0.7,62.0
14,1707,14.23,33.81,9.12,0.58,54.0
14,1708,17.61,32.1,10.16,0.56,35.0
14,1709,13.85,29.83,9.13,0.59,46.0
14,1710,12.24,26.77,6.3,0.43,34.0
14,1711,24.75,47.56,9.07,0.48,34.0
14,1712,25.82,48.97,8.46,0.52,53.0
14,1713,23.45,44.1,8.83,0.56,46.0
14,1714,22.01,45.15,11.61,0.57,51.0
14,1715,34.11,59.01,10.78,0.56,55.0
14,1716,24.0,62.32,8.51,0.52,58.0
14,1717,17.8,28.7,7.01,0.46,43.0
14,1718,23.58,44.23,8.08,0.5,41.0
14,1719,19.88,42.48,5.59,0.49,48.0
14,1720,22.61,42.44,7.02,0.43,40.0
14,1721,25.35,48.51,10.34,0.59,46.0
14,1722,23.6,41.41,6.41,0.73,62.0
14,1723,32.73,66.47,14.64,0.55,44.0
14,1724,37.23,75.6,14.84,0.7,80.0
14,1725,31.67,63.53,12.68,0.52,68.0
14,1726,33.58,60.78,12.31,0.52,65.0
14,1727,11.65,21.62,5.22,0.36,35.0
14,1728,11.83,18.96,7.54,0.44,26.0
14,1729,12.59,21.57,5.97,0.48,26.0
14,1730,27.75,49.24,6.98,0.77,58.0
14,1731,21.98,43.0,9.97,0.6,47.0
14,1732,23.77,49.25,9.2,0.64,52.0
14,1733,22.12,38.18,9.48,0.54,39.0
14,1734,20.06,32.53,7.97,0.57,41.0
14,1735,11.78,22.1,7.16,0.55,37.0
14,1736,19.97,41.61,6.86,0.48,30.0
14,1737,29.56,60.78,8.38,0.78,66.0
14,1738,30.94,64.05,11.52,0.66,60.0
14,1739,39.61,72.7,13.23,0.65,70.0
14,1740,57.59,97.74,12.49,0.88,83.0
14,1741,30.21,53.93,11.94,0.68,82.0
14,1742,12.8,26.86,7.53,0.45,38.0
14,1743,18.44,32.5,7.62,0.45,27.0
14,1744,20.81,40.97,11.06,0.47,34.0
14,1745,32.15,63.9,14.46,0.73,78.0
14,1746,41.46,82.09,17.13,0.68,86.0
14,1747,60.17,105.48,20.3,0.76,113.0
14,1748,51.01,103.55,20.01,0.76,111.0
14,1749,45.02,75.22,17.03,0.76,89.0
14,1750,45.33,96.37,18.6,0.78,
14,1751,47.43,94.31,20.29,0.82,94.0
14,1752,52.61,112.77,19.98,0.79,101.0
14,1753,49.51,101.76,20.0,0.8,110.0
14,1754,46.36,89.37,15.39,0.73,98.0
14,1755,57.99,96.19,10.89,0.72,88.0
14,1756,84.13,130.98,13.86,0.72,123.0
14,1757,91.53,152.07,21.77,1.0,215.0
14,1758,55.9,84.17,14.82,0.74,174.0
14,1759,10.4,16.8,8.85,0.36,43.0
14,1760,5.85,12.02,7.05,0.32,27.0
14,1761,96.59,124.95,7.33,0.45,45.0
14,1762,199.86,258.02,11.35,0.83,351.0
14,1763,87.95,132.05,13.43,0.75,326.0
14,1764,45.98,81.6,14.17,0.87,86.0
14,1765,52.71,145.35,14.61,0.91,91.0
14,1766,38.53,124.06,14.21,0.72,142.0
14,1767,47.68,105.97,16.91,0.8,112.0
14,1768,50.28,99.52,13.91,0.79,116.0
14,1769,48.37,127.35,16.39,0.81,113.0
14,1770,51.29,130.43,18.23,0.88,123.0
14,1771,41.07,73.87,13.6,0.7,90.0
14,1772,53.17,112.41,15.87,0.9,110.0
14,1773,46.78,101.47,12.73,0.87,114.0
14,1774,46.15,72.78,11.2,0.77,84.0
14,1775,15.96,28.8,8.88,0.54,50.0
14,1776,25.98,50.97,11.88,0.52,36.0
14,1777,66.5,115.05,13.55,0.95,96.0
14,1778,49.33,91.14,16.54,0.95,133.0
14,1779,53.17,101.59,14.87,0.98,105.0
14,1780,64.61,198.38,15.93,0.96,154.0
14,1781,63.24,140.29,19.74,0.91,136.0
14,1782,84.99,151.83,20.12,0.99,165.0
14,1783,105.95,172.29,19.81,1.16,226.0
14,1784,101.7,155.67,15.08,1.13,290.0
14,1785,51.3,94.31,13.37,0.61,129.0
14,1786,69.59,129.07,18.9,0.87,112.0
14,1787,68.87,125.67,16.71,0.93,135.0
14,1788,84.51,143.51,13.7,1.02,148.0
14,1789,83.44,138.8,14.23,0.94,185.0
14,1790,84.86,143.37,13.89,0.93,180.0
14,1791,93.22,165.55,13.55,1.09,197.0
14,1792,73.44,126.46,13.88,1.0,182.0
14,1793,87.21,135.39,13.77,1.05,136.0
14,1794,96.93,166.82,14.52,1.09,183.0
14,1795,98.28,167.22,13.48,1.14,230.0
14,1796,77.08,125.23,10.73,0.83,211.0
14,1797,66.64,108.71,8.41,0.64,102.0
14,1798,86.17,140.23,10.02,1.02,181.0
14,1799,91.37,160.65,11.55,1.14,198.0
14,1800,78.66,138.03,11.6,1.03,184.0
14,1801,89.58,163.87,11.17,1.04,170.0
14,1802,86.47,160.39,11.36,1.03,206.0
14,1803,101.34,166.41,11.39,1.05,206.0
14,1804,112.06,191.09,14.22,1.31,251.0
14,1805,149.21,212.45,11.83,1.35,278.0
14,1806,118.52,174.54,10.72,1.34,328.0
14,1807,124.58,162.11,9.56,1.18,224.0
14,1808,106.59,161.14,9.08,1.21,309.0
14,1809,112.56,162.85,11.41,1.11,228.0
14,1810,121.98,172.89,13.37,1.25,303.0
14,1811,136.78,205.02,11.71,1.15,304.0
14,1812,103.64,155.46,11.09,0.94,299.0
14,1813,122.34,183.08,12.46,1.08,257.0
14,1814,152.47,209.45,10.71,1.17,310.0
14,1815,135.44,197.3,9.08,1.35,327.0
14,1816,107.19,154.52,9.17,0.94,297.0
14,1817,117.3,172.33,9.15,1.03,289.0
14,1818,159.75,223.93,8.9,1.38,276.0
14,1819,176.67,254.82,9.44,1.92,347.0
14,1820,210.84,338.0,10.99,2.12,356.0
14,1821,183.04,267.99,12.73,1.93,329.0
14,1822,113.44,162.48,11.56,1.44,336.0
14,1823,129.61,177.9,11.46,1.26,243.0
14,1824,155.36,226.01,11.86,1.64,319.0
14,1825,162.59,254.51,13.42,1.82,334.0
14,1826,162.27,248.02,15.39,1.99,334.0
14,1827,139.24,199.53,11.41,1.96,346.0
14,1828,58.98,100.53,12.47,0.7,149.0
14,1829,69.89,102.68,9.85,0.7,116.0
14,1830,89.1,122.49,7.57,0.84,114.0
14,1831,104.14,146.43,9.51,1.38,284.0
14,1832,88.81,147.58,10.11,0.8,170.0
14,1833,158.21,278.65,12.45,1.62,301.0
14,1834,151.85,224.39,12.53,1.75,332.0
14,1835,154.88,210.0,10.68,1.72,322.0
14,1836,159.1,225.9,12.1,1.85,331.0
14,1837,165.55,242.79,13.16,1.87,331.0
14,1838,148.21,225.76,15.26,1.68,335.0
14,1839,152.57,240.56,14.06,1.68,321.0
14,1840,186.62,270.35,14.47,1.84,326.0
14,1841,378.08,489.02,15.07,3.75,462.0
14,1842,169.6,237.56,11.13,2.16,402.0
14,1843,124.99,202.88,14.04,1.39,311.0
14,1844,149.32,240.6,16.06,1.52,309.0
14,1845,123.96,196.86,13.79,1.42,325.0
14,1846,79.32,120.4,8.74,0.6,211.0
14,1847,120.64,183.95,12.31,0.9,192.0
14,1848,138.17,218.79,15.68,1.41,314.0
14,1849,129.67,204.78,18.01,1.29,307.0
14,1850,176.98,260.58,17.95,1.74,318.0
14,1851,178.56,286.81,16.51,1.87,363.0
14,1852,157.34,241.87,12.98,1.71,332.0
14,1853,151.56,242.58,17.7,1.62,327.0
14,1854,,317.84,17.88,1.94,264.0
14,1855,192.26,334.8,21.97,1.97,285.0
14,1856,155.4,247.32,16.34,1.71,346.0
14,1857,74.2,105.99,8.8,0.61,195.0
14,1858,123.8,184.52,10.06,1.21,250.0
14,1859,103.18,170.35,14.67,1.23,298.0
14,1860,121.97,199.91,22.49,1.06,238.0
14,1861,140.21,223.32,23.76,1.34,315.0
14,1862,155.07,256.72,25.12,1.63,317.0
14,1863,151.99,243.84,18.76,1.48,326.0
14,1864,139.27,233.73,20.56,1.44,323.0
14,1865,139.07,240.31,20.06,1.5,316.0
14,1866,108.07,190.71,17.93,1.15,302.0
14,1867,101.22,209.1,19.55,0.99,212.0
14,1868,111.71,225.78,23.03,1.23,278.0
14,1869,119.47,225.18,24.27,1.19,267.0
14,1870,133.75,253.03,30.59,1.29,306.0
14,1871,141.43,264.36,27.41,1.23,315.0
14,1872,165.06,279.03,31.8,1.36,321.0
14,1873,208.26,300.36,24.33,1.61,357.0
14,1874,203.07,299.17,24.22,1.81,367.0
14,1875,169.36,319.73,15.68,1.4,361.0
14,1876,90.78,123.99,13.21,0.56,239.0
14,1877,131.83,193.45,17.04,1.25,288.0
14,1878,111.05,177.35,17.71,1.14,282.0
14,1879,125.72,214.04,17.95,1.27,302.0
14,1880,118.97,203.28,21.62,1.18,302.0
14,1881,93.14,157.53,18.84,0.89,269.0
14,1882,72.51,140.07,19.02,0.61,171.0
14,1883,27.92,53.53,12.41,0.12,78.0
14,1884,47.51,79.77,14.97,0.25,58.0
14,1885,66.48,137.52,21.7,0.63,114.0
14,1886,84.06,168.91,29.75,0.75,160.0
14,1887,131.31,198.43,30.85,0.92,224.0
14,1888,95.07,191.86,28.98,0.95,300.0
14,1889,63.93,108.82,23.76,0.51,164.0
14,1890,36.86,65.66,15.58,0.21,71.0
14,1891,44.87,108.44,14.86,0.29,84.0
14,1892,58.74,102.63,15.28,0.32,110.0
14,1893,76.67,125.31,19.39,0.67,128.0
14,1894,62.83,128.2,15.52,0.6,138.0
14,1895,66.71,169.5,20.19,0.43,152.0
14,1896,97.15,167.83,23.06,0.64,168.0
14,1897,80.63,158.25,31.04,0.7,191.0
14,1898,95.35,219.23,30.51,0.77,226.0
14,1899,81.83,178.48,32.03,0.48,148.0
14,1900,96.15,212.49,23.49,0.88,260.0
14,1901,79.96,154.9,18.55,0.37,140.0
14,1902,65.69,171.03,18.99,0.59,204.0
14,1903,90.97,195.79,36.21,0.5,158.0
14,1904,101.22,211.78,43.42,0.76,228.0
14,1905,106.89,227.07,40.3,0.89,257.0
14,1906,104.24,200.94,27.59,0.8,273.0
14,1907,105.13,166.05,26.82,0.71,223.0
14,1908,107.87,152.63,18.11,0.71,225.0
14,1909,79.39,115.42,17.48,0.59,265.0
14,1910,78.14,134.65,23.59,0.42,124.0
14,1911,99.05,136.28,24.63,0.55,195.0
14,1912,101.46,139.7,23.28,0.62,238.0
14,1913,118.7,165.09,23.58,0.7,270.0
14,1914,105.32,224.36,14.9,0.67,298.0
14,1915,31.95,211.55,5.65,0.09,176.0
14,1916,38.98,149.95,17.44,0.27,169.0
14,1917,130.68,232.55,30.83,0.92,201.0
14,1918,133.0,206.76,26.92,0.98,307.0
14,1919,141.09,215.27,16.05,0.78,315.0
14,1920,103.88,220.49,14.11,0.47,275.0
14,1921,81.92,148.29,20.73,0.49,222.0
14,1922,75.94,179.25,15.72,0.46,158.0
14,1923,71.62,137.99,15.17,0.45,162.0
14,1924,83.89,230.77,6.98,0.34,152.0
14,1925,78.7,190.7,13.87,0.38,198.0
14,1926,58.36,112.46,7.41,0.36,154.0
14,1927,26.5,115.1,6.41,0.19,104.0
14,1928,57.4,93.25,9.42,0.58,104.0
14,1929,89.24,126.06,8.34,0.89,169.0
14,1930,101.75,154.37,11.14,1.01,200.0
14,1931,103.94,152.8,10.97,1.03,266.0
14,1932,93.12,122.65,10.71,0.83,254.0
14,1933,38.33,54.22,6.46,0.41,109.0
14,1934,19.16,33.51,6.6,0.3,51.0
14,1935,18.06,26.17,6.67,0.33,45.0
14,1936,35.6,46.15,5.59,0.45,38.0
14,1937,20.94,31.08,6.69,0.38,62.0
14,1938,15.84,28.89,5.79,0.34,45.0
14,1939,23.36,35.06,6.81,0.39,40.0
14,1940,26.52,46.48,7.14,0.38,46.0
14,1941,12.87,29.46,3.45,0.25,55.0
14,1942,13.02,18.64,3.81,0.25,54.0
14,1943,19.09,30.65,6.56,0.35,50.0
14,1944,28.02,42.15,10.71,0.42,50.0
14,1945,25.51,39.31,9.0,0.4,52.0
14,1946,25.33,44.45,7.14,0.42,51.0
14,1947,23.83,36.16,7.68,0.39,47.0
14,1948,23.15,32.95,7.83,0.41,46.0
14,1949,23.05,36.19,12.37,0.38,45.0
14,1950,18.78,41.35,7.04,0.33,55.0
14,1951,25.13,44.71,10.84,0.42,51.0
14,1952,26.98,41.37,9.76,0.39,49.0
14,1953,21.27,33.11,7.34,0.36,44.0
14,1954,23.78,35.6,7.21,0.38,39.0
14,1955,27.19,52.66,12.02,0.4,45.0
14,1956,23.76,54.9,13.77,0.41,68.0
14,1957,40.78,69.53,18.13,0.51,75.0
14,1958,47.0,80.22,23.76,0.58,72.0
14,1959,43.02,72.78,15.35,0.6,90.0
14,1960,25.6,39.27,11.16,0.4,54.0
14,1961,18.75,30.16,9.36,0.37,43.0
14,1962,18.7,27.08,6.52,0.37,43.0
14,1963,19.4,29.4,5.69,0.34,41.0
14,1964,16.33,27.04,9.57,0.35,49.0
14,1965,34.04,65.9,19.51,0.53,50.0
14,1966,49.08,86.02,19.87,1.2,86.0
14,1967,42.37,65.67,12.62,0.73,89.0
14,1968,9.98,15.91,9.51,0.26,47.0
14,1969,8.42,37.4,5.04,0.26,45.0
14,1970,13.18,22.34,6.8,0.38,38.0
14,1971,11.73,18.58,6.31,0.4,33.0
14,1972,17.99,29.98,10.22,0.43,34.0
14,1973,8.71,15.15,5.95,0.34,45.0
14,1974,8.77,16.77,9.54,0.34,53.0
14,1975,15.12,28.91,6.03,0.37,53.0
14,1976,15.95,27.93,8.68,0.4,55.0
14,1977,21.8,41.14,11.33,0.42,51.0
14,1978,28.03,44.54,11.2,0.56,47.0
14,1979,24.49,39.27,11.03,0.57,57.0
14,1980,23.06,40.33,6.54,0.5,50.0
14,1981,17.45,30.52,8.21,0.41,56.0
14,1982,10.8,26.6,4.28,0.32,47.0
14,1983,15.57,25.37,6.29,0.38,42.0
14,1984,12.45,20.53,6.97,0.39,37.0
14,1985,18.92,30.78,6.8,0.41,30.0
14,1986,28.74,46.41,8.0,0.47,39.0
14,1987,31.44,51.03,8.33,0.49,53.0
14,1988,36.84,72.94,18.6,0.68,63.0
14,1989,37.17,69.88,14.8,0.65,85.0
14,1990,15.44,26.0,11.08,0.48,39.0
14,1991,18.75,29.81,10.19,0.46,45.0
14,1992,17.75,26.31,10.51,0.4,31.0
14,1993,15.67,27.58,8.73,0.36,31.0
14,1994,16.03,26.82,9.27,0.4,34.0
14,1995,9.88,17.95,6.26,0.31,35.0
14,1996,5.6,11.66,5.42,0.31,31.0
14,1997,12.18,21.4,5.73,0.38,30.0
14,1998,24.36,40.94,10.26,0.52,35.0
14,1999,20.77,34.82,7.49,0.46,46.0
14,2000,19.46,35.88,10.55,0.56,41.0
14,2001,18.53,34.18,6.61,0.4,46.0
14,2002,21.36,34.42,5.43,0.4,36.0
14,2003,18.8,31.55,12.57,0.46,37.0
14,2004,16.6,23.75,7.72,0.48,35.0
14,2005,17.82,25.71,8.37,0.51,35.0
14,2006,18.95,28.79,8.12,0.44,36.0
14,2007,21.38,33.14,6.38,0.46,48.0
14,2008,20.32,32.51,5.11,0.43,39.0
14,2009,40.0,53.0,6.59,0.61,36.0
15,4,,,17.19,0.3,
15,5,,,9.69,0.23,
15,6,,,22.02,0.31,
15,7,,,40.08,0.53,
15,8,,,33.02,0.44,
15,9,,,31.6,0.39,
15,10,,,32.52,0.43,
15,11,,,31.96,0.39,
15,12,,,30.2,0.48,
15,13,,,23.37,0.72,
15,14,,,23.01,0.86,
15,15,,,22.18,0.64,
15,16,,,19.17,0.47,
15,17,,,20.48,0.61,
15,18,,,21.93,0.55,
15,19,,,21.48,0.51,
15,20,,,20.47,0.46,
15,21,,,18.09,0.4,
15,22,,,19.01,0.43,
15,23,,,21.35,0.47,
15,24,,,20.44,0.38,
15,25,,,19.71,0.36,
15,26,,,13.54,0.3,
15,27,,,18.54,0.33,
15,28,,,19.6,0.36,
15,29,,,20.68,0.41,
15,30,,,32.1,0.55,
15,31,,,28.57,0.53,
15,32,,,32.65,0.58,
15,33,,,23.89,0.4,
15,34,,,19.41,0.41,
15,35,,,45.9,0.83,
15,36,,,41.93,0.78,
15,37,,,36.6,0.52,
15,38,,,22.94,0.39,
15,39,,,15.96,0.32,
15,40,,,16.54,0.32,
15,41,,,12.77,0.29,
15,42,,,,,
15,43,,,26.48,0.72,
15,44,,,12.59,0.39,
15,45,,,,,
15,46,,,30.51,0.46,
15,47,,,45.49,0.78,
15,48,,,52.83,0.78,
15,49,,,24.63,1.18,
15,50,,,17.3,0.68,
15,51,,,18.22,0.33,
15,52,,,22.16,0.38,
15,53,,,38.32,0.6,
15,54,,,38.21,0.65,
15,55,,,29.65,0.49,
15,56,,,24.99,0.42,
15,57,,,22.9,0.38,
15,58,,,19.24,0.33,
15,59,,,13.32,0.32,
15,60,,,10.93,0.32,
15,61,,,17.6,0.68,
15,62,,,18.14,0.34,
15,63,,,17.44,0.28,
15,64,,,20.67,0.35,
15,65,,,14.68,0.3,
15,66,,,19.36,0.38,
15,67,,,16.46,0.37,
15,68,,,29.46,0.57,
15,69,,,26.4,0.57,
15,70,,,30.79,0.5,
15,71,,,25.33,0.44,
15,72,,,23.86,0.44,
15,73,,,16.89,0.32,
15,74,,,11.37,0.31,
15,75,,,13.34,0.3,
15,76,,,18.99,0.37,
15,77,,,18.97,0.35,
15,78,,,19.97,0.37,
15,79,,,26.43,0.48,
15,80,,,27.4,0.54,
15,81,,,25.69,0.55,
15,82,,,45.32,0.84,
15,83,,,41.95,1.15,
15,84,,,32.15,0.62,
15,85,,,13.56,0.69,
15,86,,,13.92,0.75,
15,87,,,18.56,0.74,
15,88,,,14.74,0.76,
15,89,,,13.84,0.71,
15,90,47.03,,16.94,0.81,120.0
15,91,40.62,,13.18,0.81,112.0
15,92,,,14.34,0.85,
15,93,,,22.86,1.07,
15,94,,,19.62,0.96,
15,95,50.87,,20.91,0.99,
15,96,83.0,,12.91,0.89,141.0
15,97,112.21,,17.06,1.05,197.0
15,98,38.67,,9.28,0.73,177.0
15,99,33.88,,13.18,0.8,104.0
15,100,30.88,,12.34,0.76,106.0
15,101,42.88,,17.22,0.87,105.0
15,102,26.38,,8.78,1.41,128.0
15,103,56.39,,13.36,1.13,133.0
15,104,158.32,,20.35,0.95,312.0
15,105,44.79,,15.29,0.8,179.0
15,106,30.21,,12.22,0.76,112.0
15,107,39.04,,15.82,0.84,106.0
15,108,76.0,,33.56,1.3,147.0
15,109,54.25,,21.04,1.0,139.0
15,110,41.38,,15.76,0.86,118.0
15,111,75.08,,15.17,0.81,123.0
15,112,39.71,,18.78,1.02,157.0
15,113,87.54,,17.45,1.14,149.0
15,114,39.38,,12.68,0.76,165.0
15,115,35.61,,7.42,0.81,119.0
15,116,,,,,98.0
15,117,40.78,,28.32,0.89,86.0
15,118,46.62,,18.93,0.83,124.0
15,119,94.29,,18.65,0.72,148.0
15,120,53.79,,19.14,1.01,176.0
15,121,89.62,,29.62,1.41,206.0
15,122,49.38,,14.38,0.75,134.0
15,123,38.96,,13.74,0.69,115.0
15,124,45.0,,17.31,0.74,113.0
15,125,42.62,,15.34,0.76,116.0
15,126,43.29,,18.21,1.52,150.0
15,127,40.12,,18.06,1.83,157.0
15,128,56.88,,26.23,0.88,121.0
15,129,62.38,,22.78,0.89,149.0
15,130,54.08,,16.65,0.73,125.0
15,131,67.08,,21.67,0.89,140.0
15,132,40.88,,13.54,0.65,130.0
15,133,83.21,,21.74,0.76,125.0
15,134,40.58,,8.42,0.85,177.0
15,135,36.5,,8.52,0.86,123.0
15,136,41.67,,11.99,0.99,120.0
15,137,32.75,,9.74,0.73,114.0
15,138,42.96,,13.2,1.01,116.0
15,139,60.79,,18.36,1.33,143.0
15,140,53.67,,16.05,1.23,145.0
15,141,68.96,,20.16,1.73,158.0
15,142,66.38,,18.99,1.4,171.0
15,143,43.29,,13.27,0.67,117.0
15,144,44.79,,13.64,0.72,117.0
15,145,41.21,,11.5,0.9,132.0
15,146,54.12,,15.75,0.88,113.0
15,147,60.5,,12.31,1.21,160.0
15,148,45.38,,10.4,0.23,83.0
15,149,49.54,,15.76,0.79,120.0
15,150,48.12,,11.3,0.79,120.0
15,151,53.42,,13.81,0.8,125.0
15,152,237.79,,9.84,0.78,165.0
15,153,539.13,,8.57,0.73,661.0
15,154,49.54,,14.49,0.88,294.0
15,155,50.58,,11.94,0.81,125.0
15,156,43.62,,14.44,0.82,117.0
15,157,83.88,,15.72,0.85,127.0
15,158,43.12,,20.71,1.14,179.0
15,159,30.71,,11.84,0.75,118.0
15,160,25.79,,12.17,0.72,98.0
15,161,25.58,,14.21,0.76,100.0
15,162,26.0,,13.23,0.69,102.0
15,163,24.88,,11.33,0.75,95.0
15,164,29.33,,12.49,0.94,106.0
15,165,87.21,,9.67,1.14,142.0
15,166,25.07,,6.58,0.64,163.0
15,167,31.0,,8.18,0.67,98.0
15,168,26.38,,8.22,0.68,98.0
15,169,23.83,,6.55,0.62,94.0
15,170,26.92,,8.71,0.63,93.0
15,171,26.82,,8.36,0.64,96.0
15,172,23.67,,7.91,0.73,94.0
15,173,66.78,,5.87,0.67,105.0
15,174,14.75,,4.18,0.62,132.0
15,175,467.67,,4.07,0.62,348.0
15,176,22.75,,4.24,0.61,342.0
15,177,33.29,,7.34,0.63,96.0
15,178,39.62,,9.26,0.66,104.0
15,179,35.88,,10.35,0.89,114.0
15,180,45.88,,18.72,1.3,141.0
15,181,35.54,,12.07,0.79,119.0
15,182,26.29,,5.89,0.62,99.0
15,183,29.67,,10.41,0.76,97.0
15,184,37.0,,9.01,0.72,108.0
15,185,34.92,,8.77,0.65,103.0
15,186,29.54,,5.22,0.58,102.0
15,187,27.42,,5.97,0.58,97.0
15,188,31.38,,6.78,0.58,99.0
15,189,26.5,,5.32,0.6,98.0
15,190,24.42,,4.88,0.59,91.0
15,191,24.97,,4.45,0.58,94.0
15,192,24.71,,5.87,0.64,91.0
15,193,32.54,,7.14,0.79,98.0
15,194,32.46,,6.24,0.64,117.0
15,195,36.08,,8.45,0.73,102.0
15,196,30.78,,7.49,0.87,113.0
15,197,31.94,,8.43,2.23,184.0
15,198,23.75,,6.3,0.25,58.0
15,199,23.04,,5.28,0.24,38.0
15,200,24.17,,5.33,0.22,40.0
15,201,25.12,,5.65,0.24,41.0
15,202,25.77,,7.09,0.26,43.0
15,203,24.78,,7.0,0.27,40.0
15,204,22.92,,7.27,0.32,41.0
15,205,20.52,,5.95,0.29,49.0
15,206,20.58,,5.33,0.24,33.0
15,207,24.08,,5.95,0.26,39.0
15,208,22.61,,5.5,0.61,91.0
15,209,24.46,,5.82,0.22,38.0
15,210,28.17,,7.71,0.22,47.0
15,211,19.83,,8.28,0.21,38.0
15,212,19.33,,8.52,0.77,104.0
15,213,21.46,,8.91,0.68,89.0
15,214,28.96,,9.68,0.65,100.0
15,215,23.04,,8.62,0.64,92.0
15,216,26.33,,9.38,0.65,92.0
15,217,21.56,,8.86,0.66,92.0
15,218,24.75,,10.77,0.68,91.0
15,219,24.82,,10.82,0.67,93.0
15,220,25.79,,10.57,0.67,95.0
15,221,25.79,,10.61,0.68,92.0
15,222,24.96,,10.62,0.69,96.0
15,223,22.0,,10.29,0.7,90.0
15,224,17.79,,8.7,0.65,87.0
15,225,26.18,,9.68,0.66,89.0
15,226,28.33,,12.02,0.69,96.0
15,227,29.96,,11.94,0.81,106.0
15,228,30.67,,13.33,0.91,104.0
15,229,30.79,,13.48,0.83,112.0
15,230,34.23,,15.1,0.88,102.0
15,231,75.88,,15.6,0.84,122.0
15,232,107.98,,12.71,0.75,214.0
15,233,299.25,,12.06,0.73,316.0
15,234,108.69,,16.27,0.46,390.0
15,235,51.0,,16.72,0.74,221.0
15,236,65.69,,16.69,0.34,88.0
15,237,67.85,,18.4,0.71,173.0
15,238,32.6,,16.37,0.68,114.0
15,239,96.77,,21.29,0.77,128.0
15,240,102.47,,21.15,0.72,253.0
15,241,31.12,,16.07,0.66,186.0
15,242,30.12,,17.82,0.71,101.0
15,243,38.9,,12.8,0.7,97.0
15,244,53.65,,11.61,0.71,124.0
15,245,90.29,93.0,11.4,0.67,136.0
15,246,96.48,,13.47,0.78,263.0
15,247,161.72,,14.42,0.85,237.0
15,248,114.41,,16.11,0.84,305.0
15,249,59.42,64.55,22.56,0.93,237.0
15,250,48.83,30.79,22.54,0.86,114.0
15,251,91.82,32.94,28.93,0.48,179.0
15,252,35.56,40.81,31.15,0.57,162.0
15,253,45.64,44.89,28.96,0.73,76.0
15,254,60.88,51.27,30.64,0.53,140.0
15,255,65.61,41.31,26.03,0.57,128.0
15,256,60.02,36.67,19.82,0.49,164.0
15,257,73.21,35.28,19.94,0.57,169.0
15,258,83.87,30.48,20.0,0.59,189.0
15,259,56.53,37.06,18.53,0.39,142.0
15,260,33.03,29.64,12.01,0.41,112.0
15,261,37.08,,12.15,0.42,60.0
15,262,95.29,,14.22,0.45,114.0
15,263,105.12,,17.08,0.54,271.0
15,264,86.36,,12.23,0.37,217.0
15,265,88.0,,14.96,0.48,160.0
15,266,110.77,,16.17,0.45,270.0
15,267,44.79,,13.31,0.44,136.0
15,268,63.99,,12.99,0.5,81.0
15,269,107.7,,13.3,0.46,179.0
15,270,64.93,,9.84,0.33,221.0
15,271,78.9,,15.42,0.44,138.0
15,272,69.88,,11.01,0.37,139.0
15,273,158.15,,8.66,0.41,240.0
15,274,120.75,92.29,21.65,0.64,340.0
15,275,29.66,76.0,25.94,0.6,125.0
15,276,36.56,63.06,20.11,0.64,75.0
15,277,42.69,59.29,17.81,1.22,85.0
15,278,75.04,81.99,16.05,0.93,113.0
15,279,136.45,108.82,11.76,0.66,231.0
15,280,150.93,110.33,6.52,0.8,246.0
15,281,116.24,110.09,7.43,0.71,244.0
15,282,137.28,93.47,7.93,1.03,316.0
15,283,69.24,81.48,2.3,1.09,219.0
15,284,45.98,62.98,2.28,0.97,117.0
15,285,106.66,94.07,2.56,1.43,182.0
15,286,58.05,109.03,3.46,1.35,125.0
15,287,124.14,105.62,6.46,1.06,189.0
15,288,192.41,104.9,3.91,1.31,272.0
15,289,118.66,116.1,1.87,0.87,266.0
15,290,155.84,112.22,1.17,0.78,230.0
15,291,59.6,107.16,0.95,0.61,210.0
15,292,65.35,102.27,1.05,0.95,118.0
15,293,116.35,116.14,2.84,1.05,179.0
15,294,84.18,113.0,3.3,1.25,212.0
15,295,86.98,116.0,1.94,0.62,156.0
15,296,73.34,107.94,1.33,0.41,191.0
15,297,133.6,104.98,0.85,1.05,185.0
15,298,103.01,102.9,0.74,0.86,235.0
15,299,95.22,101.17,0.74,0.84,210.0
15,300,122.14,114.7,0.73,1.34,226.0
15,301,81.18,97.96,0.67,1.28,227.0
15,302,252.47,64.38,0.64,1.08,216.0
15,303,516.2,82.97,0.62,1.09,487.0
15,304,270.21,104.38,0.65,0.94,502.0
15,305,31.56,94.33,0.71,1.02,188.0
15,306,54.91,93.72,0.71,1.15,106.0
15,307,56.93,97.74,1.18,0.96,120.0
15,308,40.67,90.56,1.72,0.99,130.0
15,309,50.03,90.53,4.47,0.96,103.0
15,310,89.59,107.82,14.73,1.53,179.0
15,311,86.87,105.81,14.84,0.93,206.0
15,312,51.21,101.07,10.48,1.24,145.0
15,313,53.87,118.33,15.98,0.59,114.0
15,314,67.45,114.47,18.54,0.55,129.0
15,315,85.48,115.5,17.0,0.78,135.0
15,316,88.14,106.33,19.56,0.61,275.0
15,317,72.77,111.94,15.59,0.61,157.0
15,318,61.82,99.33,15.61,1.19,131.0
15,319,70.51,100.62,16.18,1.2,144.0
15,320,69.02,98.3,10.53,1.06,130.0
15,321,44.27,107.15,6.38,0.81,128.0
15,322,46.31,92.72,6.58,0.84,102.0
15,323,37.76,102.3,5.1,0.89,110.0
15,324,30.44,74.28,6.96,0.94,86.0
15,325,38.88,106.93,9.18,0.93,92.0
15,326,70.96,104.88,7.21,1.25,121.0
15,327,46.04,98.22,7.92,0.76,97.0
15,328,40.59,94.94,10.51,0.92,102.0
15,329,69.37,112.36,15.65,1.1,119.0
15,330,91.06,108.82,21.0,1.4,199.0
15,331,83.12,115.67,16.36,1.1,172.0
15,332,81.22,110.9,11.75,1.01,172.0
15,333,67.13,109.51,9.39,0.97,164.0
15,334,45.49,106.29,8.74,0.92,119.0
15,335,38.24,102.51,10.07,0.93,101.0
15,336,29.53,80.84,10.13,0.87,95.0
15,337,45.97,98.69,17.38,0.85,99.0
15,338,57.22,103.72,19.75,1.28,120.0
15,339,61.11,109.53,16.02,1.04,127.0
15,340,61.38,,24.24,1.11,133.0
15,341,79.25,105.66,22.09,1.17,160.0
15,342,72.74,104.94,17.02,1.14,147.0
15,343,60.2,104.11,16.7,1.12,137.0
15,344,49.53,117.53,16.6,1.11,120.0
15,345,24.85,64.47,12.14,0.91,101.0
15,346,42.92,87.86,13.9,1.18,111.0
15,347,57.34,93.23,9.76,0.86,124.0
15,348,30.53,95.47,10.89,0.81,102.0
15,349,30.54,98.14,14.83,0.89,100.0
15,350,33.68,85.59,12.81,0.85,101.0
15,351,33.48,81.25,12.47,0.8,92.0
15,352,36.17,75.84,12.44,0.94,98.0
15,353,38.31,103.29,13.32,1.03,101.0
15,354,45.87,98.28,8.87,0.88,104.0
15,355,30.24,82.51,11.64,0.6,93.0
15,356,59.23,84.19,13.39,0.92,102.0
15,357,38.41,83.4,12.88,0.8,115.0
15,358,60.86,108.11,11.42,0.99,113.0
15,359,74.08,94.0,8.91,0.91,142.0
15,360,79.9,99.88,12.23,1.26,174.0
15,361,79.52,97.83,14.89,1.26,176.0
15,362,65.91,99.88,21.23,1.57,148.0
15,363,68.43,98.43,27.59,1.52,147.0
15,364,83.76,102.69,29.6,1.71,171.0
15,365,177.62,98.01,25.5,1.73,213.0
15,366,232.83,108.2,17.35,1.45,387.0
15,367,71.44,111.72,16.6,1.15,211.0
15,368,66.92,105.15,15.35,1.23,145.0
15,369,134.61,109.29,15.94,1.27,177.0
15,370,80.83,113.23,16.65,1.21,218.0
15,371,109.82,105.67,19.71,1.33,205.0
15,372,66.19,102.61,13.35,0.93,195.0
15,373,69.27,100.47,18.17,1.14,145.0
15,374,97.2,108.77,20.69,1.26,228.0
15,375,72.09,101.26,19.99,1.17,200.0
15,376,71.44,107.05,19.87,1.21,159.0
15,377,129.67,103.49,22.42,1.39,219.0
15,378,103.44,99.88,21.93,1.22,257.0
15,379,60.76,98.54,13.38,0.91,216.0
15,380,56.01,104.73,7.15,0.73,155.0
15,381,58.57,93.52,9.91,0.93,148.0
15,382,54.12,99.69,8.61,1.05,161.0
15,383,43.05,82.25,9.64,0.78,171.0
15,384,50.38,79.94,9.39,0.74,152.0
15,385,75.11,102.17,12.5,1.02,128.0
15,386,62.65,114.92,10.2,0.78,147.0
15,387,51.14,103.09,10.0,0.92,117.0
15,388,66.16,97.42,13.23,0.99,118.0
15,389,73.91,105.01,10.36,0.89,149.0
15,390,69.02,103.83,6.65,1.25,148.0
15,391,,101.29,2.7,0.98,120.0
15,392,58.2,94.48,2.75,0.81,133.0
15,393,66.76,103.98,2.59,1.24,117.0
15,394,60.79,101.32,3.01,1.76,112.0
15,395,61.3,95.96,2.88,1.94,110.0
15,396,77.8,99.57,2.87,1.32,139.0
15,397,67.17,104.62,2.76,1.43,136.0
15,398,58.73,96.69,2.9,0.86,120.0
15,399,57.81,100.26,3.04,1.73,112.0
15,400,103.27,95.5,8.26,1.25,108.0
15,401,68.56,107.67,13.49,0.98,174.0
15,402,61.7,102.86,10.58,1.12,137.0
15,403,61.74,101.15,8.97,0.92,121.0
15,404,69.72,108.26,10.01,0.86,134.0
15,405,72.39,106.72,11.19,1.02,149.0
15,406,62.0,99.08,12.15,0.92,137.0
15,407,66.95,109.31,10.13,0.92,124.0
15,408,61.41,96.56,10.43,0.68,122.0
15,409,62.77,102.95,10.25,0.89,120.0
15,410,58.29,100.33,7.93,0.94,120.0
15,411,56.27,98.59,9.52,0.67,116.0
15,412,37.03,72.15,9.96,1.1,123.0
15,413,47.56,121.88,12.95,0.93,95.0
15,414,45.02,107.06,11.18,0.99,102.0
15,415,44.95,91.3,12.82,1.06,100.0
15,416,173.37,113.67,17.14,1.22,134.0
15,417,525.09,94.0,19.14,1.57,442.0
15,418,353.58,95.54,16.83,1.17,510.0
15,419,65.95,107.3,10.53,0.82,235.0
15,420,50.22,95.03,9.25,0.79,115.0
15,421,53.47,101.93,10.41,0.9,113.0
15,422,48.65,96.82,7.94,0.89,109.0
15,423,29.42,80.62,8.1,0.87,100.0
15,424,36.27,91.18,9.6,0.79,99.0
15,425,33.01,93.99,9.41,0.92,98.0
15,426,38.91,86.74,8.86,0.88,102.0
15,427,48.34,98.72,10.22,1.08,106.0
15,428,50.06,88.76,12.11,1.0,110.0
15,429,63.29,99.76,12.41,1.08,117.0
15,430,65.76,105.71,12.36,1.1,129.0
15,431,43.36,96.52,10.03,0.87,118.0
15,432,38.93,85.11,8.1,0.77,100.0
15,433,41.44,75.47,9.64,0.75,98.0
15,434,50.81,86.52,13.18,1.33,118.0
15,435,60.66,98.21,15.99,1.14,121.0
15,436,63.93,96.69,16.48,1.11,117.0
15,437,63.41,109.62,13.84,0.96,135.0
15,438,57.96,98.74,8.84,0.82,121.0
15,439,63.41,96.78,8.98,0.86,126.0
15,440,48.22,87.46,8.51,0.85,109.0
15,441,49.29,83.28,13.73,0.83,106.0
15,442,45.8,77.21,13.46,1.05,111.0
15,443,54.89,98.88,,0.83,98.0
15,444,52.53,91.79,2.57,1.01,95.0
15,445,65.12,98.55,2.69,1.37,111.0
15,446,56.19,105.42,3.0,1.66,112.0
15,447,56.72,103.22,3.09,1.53,121.0
15,448,77.4,101.33,14.08,1.68,123.0
15,449,73.6,105.96,10.41,0.85,160.0
15,450,73.9,104.01,11.53,1.01,151.0
15,451,61.09,106.24,11.4,0.91,134.0
15,452,69.37,108.55,9.86,1.0,141.0
15,453,64.25,111.27,9.19,1.18,138.0
15,454,58.28,101.14,11.1,1.12,123.0
15,455,55.96,95.45,11.15,1.13,125.0
15,456,43.84,89.56,10.39,0.66,92.0
15,457,57.97,99.89,11.52,0.9,103.0
15,458,56.44,100.69,,1.03,102.0
15,459,70.8,100.96,24.28,0.84,103.0
15,460,53.75,104.14,24.81,1.21,146.0
15,461,52.91,116.28,34.56,0.86,103.0
15,462,50.6,114.32,33.59,1.5,117.0
15,463,42.22,96.54,31.94,0.96,120.0
15,464,31.46,84.57,35.11,0.8,88.0
15,465,31.88,70.0,32.42,0.87,77.0
15,466,28.04,75.69,34.6,0.82,79.0
15,467,46.8,100.44,34.5,1.24,99.0
15,468,48.99,87.94,34.56,1.61,117.0
15,469,55.96,98.92,31.16,1.24,116.0
15,470,66.47,109.42,37.0,1.2,131.0
15,471,54.58,102.11,23.02,0.83,121.0
15,472,70.92,96.84,21.28,1.05,125.0
15,473,63.68,95.59,20.25,0.97,151.0
15,474,51.86,108.24,28.92,1.2,139.0
15,475,37.66,78.68,27.73,1.1,107.0
15,476,45.0,93.9,33.13,1.02,105.0
15,477,48.65,87.02,33.5,1.3,120.0
15,478,41.99,103.25,41.0,1.06,100.0
15,479,26.0,93.08,21.79,0.6,101.0
15,480,,,,,91.0
15,481,37.42,89.62,59.18,0.09,
15,482,56.86,109.0,44.83,0.17,102.0
15,483,52.96,108.3,34.44,0.9,129.0
15,484,44.3,89.26,34.53,0.51,110.0
15,485,40.1,85.11,32.79,0.48,99.0
15,486,33.33,76.71,31.35,0.47,100.0
15,487,46.08,107.77,31.1,0.49,108.0
15,488,37.28,84.02,26.57,0.43,104.0
15,489,40.37,87.52,35.95,0.71,116.0
15,490,30.1,56.02,20.72,0.38,92.0
15,491,29.22,60.54,29.21,0.39,67.0
15,492,60.88,66.45,44.45,0.7,72.0
15,493,89.48,94.11,59.85,1.08,90.0
15,494,40.12,50.94,35.16,1.65,156.0
15,495,50.76,82.05,33.2,1.27,167.0
15,496,30.45,56.0,44.42,1.27,105.0
15,497,60.7,81.89,51.24,1.42,105.0
15,498,51.09,96.09,46.69,1.66,135.0
15,499,45.67,82.71,38.21,0.94,110.0
15,500,46.24,90.98,35.88,0.9,110.0
15,501,31.02,65.19,25.0,0.82,95.0
15,502,28.39,73.3,29.68,0.79,92.0
15,503,23.03,66.3,28.72,0.69,83.0
15,504,29.65,72.39,28.29,0.84,84.0
15,505,34.57,68.51,26.2,0.65,86.0
15,506,29.56,53.7,19.21,0.6,92.0
15,507,32.82,71.8,16.81,0.48,105.0
15,508,34.45,87.0,22.97,0.67,93.0
15,509,30.51,66.12,22.26,0.58,95.0
15,510,31.95,72.51,24.79,0.63,87.0
15,511,48.62,67.89,23.86,0.59,104.0
15,512,42.25,44.45,22.65,0.52,147.0
15,513,26.64,57.84,19.09,0.51,85.0
15,514,25.43,63.82,20.32,0.53,80.0
15,515,26.04,76.71,21.04,0.57,85.0
15,516,29.5,,13.95,2.59,189.0
15,517,31.88,,18.0,0.93,100.0
15,518,39.88,,22.05,0.94,111.0
15,519,35.64,,17.85,0.48,88.0
15,520,39.59,,22.33,0.89,112.0
15,521,29.21,,12.83,0.73,112.0
15,522,36.13,,13.02,0.79,101.0
15,523,37.4,,14.63,0.8,107.0
15,524,40.65,,25.02,1.5,131.0
15,525,35.65,,15.98,1.23,150.0
15,526,34.02,,13.95,0.79,106.0
15,527,31.34,,10.86,0.71,108.0
15,528,29.75,,11.1,1.29,117.0
15,529,27.26,,12.64,0.69,100.0
15,530,63.07,,10.21,0.65,109.0
15,531,27.86,,9.75,0.67,125.0
15,532,363.14,,10.54,0.68,199.0
15,533,571.02,,10.7,1.07,737.0
15,534,41.17,,8.3,0.59,295.0
15,535,34.72,,15.23,0.4,67.0
15,536,34.07,,12.21,0.77,115.0
15,537,29.26,,10.64,1.16,131.0
15,538,33.96,,15.16,0.99,105.0
15,539,24.56,,11.26,1.18,146.0
15,540,22.38,,10.11,0.7,90.0
15,541,18.01,,10.22,0.66,88.0
15,542,21.54,,9.74,0.64,88.0
15,543,24.5,,9.42,0.68,90.0
15,544,20.94,,9.17,1.02,123.0
15,545,66.04,,10.91,0.7,106.0
15,546,20.5,,11.42,0.66,126.0
15,547,19.67,,8.87,0.63,88.0
15,548,22.42,,11.55,0.7,88.0
15,549,34.0,,8.84,0.66,97.0
15,550,34.0,,8.37,0.72,104.0
15,551,121.18,,7.2,1.03,163.0
15,552,21.64,,7.53,1.05,252.0
15,553,163.16,,10.55,0.32,37.0
15,554,30.92,,9.64,0.66,205.0
15,555,26.24,,8.32,0.63,99.0
15,556,22.79,,8.77,0.66,91.0
15,557,62.03,,8.55,0.66,107.0
15,558,357.85,,6.94,1.03,307.0
15,559,206.93,,7.81,1.06,495.0
15,560,9.92,,8.48,1.07,194.0
15,561,16.89,,10.87,0.7,88.0
15,562,20.57,,12.83,0.71,94.0
15,563,19.97,,14.16,1.12,120.0
15,564,22.85,,18.06,0.87,98.0
15,565,14.22,,17.92,0.64,92.0
15,566,8.95,,14.39,0.43,36.0
15,567,10.6,,8.3,1.02,155.0
15,568,13.04,,8.78,1.1,120.0
15,569,49.97,,9.3,1.09,138.0
15,570,11.62,,7.29,1.2,127.0
15,571,14.36,,7.94,1.32,204.0
15,572,13.15,,10.61,1.32,131.0
15,573,15.94,,11.71,1.46,135.0
15,574,52.59,,15.72,0.7,66.0
15,575,20.6,,15.87,8.83,248.0
15,576,16.93,,12.04,8.34,247.0
15,577,21.67,,10.55,7.72,265.0
15,578,10.64,,8.5,6.46,240.0
15,579,10.24,,8.01,6.08,232.0
15,580,6.01,,7.35,7.25,242.0
15,581,4.83,,7.3,5.32,234.0
15,582,6.41,,7.9,1.07,121.0
15,583,5.81,,7.43,1.19,117.0
15,584,7.29,,8.52,0.75,22.0
15,585,6.38,,7.69,0.66,82.0
15,586,9.67,,9.49,1.09,119.0
15,587,8.86,41.75,8.99,0.68,86.0
15,588,9.41,38.77,8.64,0.45,84.0
15,589,7.81,26.51,9.11,0.44,63.0
15,590,9.77,,8.03,0.5,120.0
15,591,,,,0.0,
15,592,,,,0.0,
15,593,,,,0.0,
15,594,,,,0.0,
15,595,,,,0.0,
15,596,,,,0.0,
15,597,,,,0.0,
15,598,,,,0.0,
15,599,,,,0.0,
15,600,,,,0.0,
15,601,,,,0.0,
15,602,,,,0.0,
15,603,,,,0.0,
15,604,,,,0.0,
15,605,,,,0.0,
15,606,,,,,
15,607,,,,0.0,
15,608,,,,0.0,
15,609,,,,0.0,
15,610,10.46,46.57,76.06,0.11,
15,611,6.31,28.63,44.71,0.39,87.0
15,612,10.4,30.27,57.09,0.45,78.0
15,613,23.0,62.17,46.21,0.07,49.0
15,614,15.46,65.0,52.18,0.22,
15,615,28.28,87.32,74.51,0.27,85.0
15,616,37.15,99.05,84.52,0.39,97.0
15,617,25.0,82.86,78.74,0.2,93.0
15,618,35.34,103.41,74.42,0.21,
15,619,37.09,82.11,78.98,0.37,92.0
15,620,24.59,59.97,70.69,0.32,66.0
15,621,30.49,69.68,59.25,0.28,65.0
15,622,23.2,43.26,42.07,0.31,66.0
15,623,23.25,46.02,42.44,0.13,55.0
15,624,15.79,36.7,46.68,0.15,70.0
15,625,10.75,22.54,35.0,0.27,59.0
15,626,9.5,21.44,38.39,0.06,
15,627,,,,0.0,
15,628,7.12,24.83,30.4,0.09,
15,629,9.93,21.82,31.44,0.25,62.0
15,630,17.82,31.93,38.08,0.11,52.0
15,631,13.08,34.21,37.98,0.1,52.0
15,632,7.0,11.0,43.87,0.09,34.0
15,633,11.61,21.72,32.33,0.25,
15,634,21.28,37.15,43.64,0.17,66.0
15,635,31.01,71.78,49.62,0.24,82.0
15,636,33.84,76.67,51.19,0.3,78.0
15,637,42.99,91.44,57.36,0.11,86.0
15,638,39.5,103.83,53.2,0.17,100.0
15,639,37.67,101.49,45.98,0.01,103.0
15,640,16.68,31.02,42.12,0.24,70.0
15,641,13.57,24.85,41.65,0.11,55.0
15,642,12.72,33.72,26.93,0.19,72.0
15,643,11.98,35.51,42.12,0.03,47.0
15,644,9.83,32.3,35.58,0.07,73.0
15,645,15.29,52.36,47.47,0.1,56.0
15,646,15.45,57.53,40.95,0.2,63.0
15,647,16.38,37.54,39.15,0.08,55.0
15,648,12.88,45.38,45.99,0.05,65.0
15,649,42.0,94.08,32.55,0.25,
15,650,,,,0.0,
15,651,48.55,108.27,45.48,0.43,106.0
15,652,50.52,99.86,63.89,0.65,104.0
15,653,44.48,94.36,73.13,0.62,97.0
15,654,45.06,101.0,61.79,0.59,97.0
15,655,56.83,104.28,75.39,0.79,108.0
15,656,54.95,94.42,87.44,0.53,100.0
15,657,60.17,94.51,92.33,0.59,97.0
15,658,58.85,101.67,75.82,0.97,103.0
15,659,61.53,106.2,77.75,0.81,104.0
15,660,59.04,100.29,71.09,0.51,102.0
15,661,54.48,108.28,79.11,0.39,104.0
15,662,,106.91,86.29,0.55,111.0
15,663,58.23,108.26,66.72,0.3,107.0
15,664,64.18,103.01,68.11,0.38,114.0
15,665,61.11,105.64,60.83,0.33,107.0
15,666,64.35,101.48,50.97,0.33,117.0
15,667,62.16,99.01,41.2,0.38,116.0
15,668,73.11,104.96,49.76,0.5,130.0
15,669,63.6,97.16,25.39,0.33,129.0
15,670,58.15,84.2,24.36,0.54,106.0
15,671,73.45,106.62,35.18,0.57,118.0
15,672,64.93,100.92,22.8,0.35,134.0
15,673,61.75,97.54,23.49,0.35,104.0
15,674,65.1,101.16,13.74,0.36,113.0
15,675,67.23,100.75,31.41,0.26,151.0
15,676,65.76,104.57,25.01,0.36,119.0
15,677,66.65,112.8,18.35,0.35,124.0
15,678,60.51,107.1,36.85,0.47,112.0
15,679,65.33,103.8,42.02,0.45,147.0
15,680,71.55,106.32,56.07,0.45,144.0
15,681,62.24,97.74,52.96,0.92,129.0
15,682,61.83,104.38,53.12,0.61,152.0
15,683,60.96,98.46,48.17,0.64,163.0
15,684,61.46,99.72,45.51,0.74,122.0
15,685,67.56,102.5,35.21,0.54,125.0
15,686,59.73,101.38,36.72,0.59,140.0
15,687,63.35,103.32,38.09,0.49,104.0
15,688,61.71,95.29,41.53,0.45,133.0
15,689,61.8,98.96,58.71,0.52,141.0
15,690,61.0,96.5,63.32,0.57,122.0
15,691,55.76,85.33,59.47,0.51,105.0
15,692,60.32,89.17,65.82,0.5,98.0
15,693,62.65,91.64,51.12,0.52,124.0
15,694,64.38,95.85,60.39,0.64,162.0
15,695,63.41,102.09,37.87,0.59,136.0
15,696,52.96,90.29,8.25,0.55,109.0
15,697,59.95,98.75,5.3,0.5,106.0
15,698,63.92,103.2,5.31,0.49,105.0
15,699,55.4,95.5,27.3,0.3,113.0
15,700,58.98,95.61,72.0,0.43,100.0
15,701,58.86,97.97,54.03,0.38,103.0
15,702,61.32,101.59,54.28,0.17,96.0
15,703,57.06,89.69,38.29,0.28,112.0
15,704,59.44,94.88,40.89,0.41,94.0
15,705,66.0,104.04,46.01,0.49,112.0
15,706,65.98,100.21,43.82,0.46,115.0
15,707,58.07,91.26,58.31,0.32,109.0
15,708,60.69,102.1,64.12,0.36,110.0
15,709,63.73,106.83,60.81,0.29,126.0
15,710,61.83,103.12,60.63,0.38,117.0
15,711,61.79,97.38,68.61,0.37,104.0
15,712,48.86,104.26,58.18,0.45,103.0
15,713,60.56,103.88,55.27,0.26,105.0
15,714,44.66,62.82,27.18,0.28,82.0
15,715,57.33,93.83,49.45,0.25,96.0
15,716,64.61,96.25,48.99,0.28,133.0
15,717,56.65,95.79,60.92,0.47,117.0
15,718,54.74,94.68,62.77,0.33,96.0
15,719,61.36,96.74,65.8,0.32,102.0
15,720,60.03,94.81,67.81,0.34,117.0
15,721,54.24,95.55,73.32,0.42,106.0
15,722,58.12,96.04,67.71,0.36,102.0
15,723,60.2,95.54,67.78,0.33,101.0
15,724,60.28,103.11,70.51,0.43,104.0
15,725,61.28,103.5,58.82,0.51,106.0
15,726,53.5,99.82,55.26,0.73,106.0
15,727,54.32,92.67,69.63,0.74,95.0
15,728,62.67,101.25,73.53,0.45,160.0
15,729,60.05,98.82,58.31,0.48,124.0
15,730,61.49,104.8,49.74,0.37,160.0
15,731,61.98,110.38,40.04,0.28,173.0
15,732,61.25,100.46,39.37,0.25,110.0
15,733,47.21,80.12,52.0,0.33,103.0
15,734,65.45,132.09,58.68,0.31,103.0
15,735,116.03,197.89,58.2,0.15,215.0
15,736,96.21,162.27,57.6,0.0,276.0
15,737,75.89,147.99,69.76,0.0,158.0
15,738,63.83,104.25,37.49,0.0,137.0
15,739,62.34,100.56,34.38,0.0,102.0
15,740,51.67,80.46,30.24,0.0,96.0
15,741,61.42,112.53,36.21,0.0,98.0
15,742,82.34,168.93,49.71,0.0,163.0
15,743,115.47,212.64,55.94,0.0,236.0
15,744,108.41,166.25,49.01,0.0,281.0
15,745,73.75,114.17,38.15,0.0,183.0
15,746,81.72,120.38,39.02,0.0,164.0
15,747,83.39,140.24,52.77,0.0,184.0
15,748,64.14,116.31,49.49,0.0,133.0
15,749,54.56,81.16,34.26,0.0,126.0
15,750,67.09,109.2,38.78,0.0,104.0
15,751,76.51,135.24,49.29,0.0,150.0
15,752,69.51,137.83,63.8,0.0,156.0
15,753,60.61,111.85,49.44,0.0,113.0
15,754,83.79,150.97,52.58,0.0,156.0
15,755,71.49,148.62,50.58,0.0,151.0
15,756,76.94,144.81,47.79,0.0,149.0
15,757,64.21,108.56,32.92,0.0,132.0
15,758,56.14,100.4,41.9,0.0,100.0
15,759,68.79,131.75,43.74,0.0,115.0
15,760,85.73,157.28,53.72,0.0,199.0
15,761,62.96,124.01,60.35,0.0,129.0
15,762,54.98,115.66,46.64,0.0,110.0
15,763,44.56,87.45,35.7,0.0,151.0
15,764,52.36,96.1,37.44,0.0,102.0
15,765,58.81,109.98,42.23,0.0,113.0
15,766,68.29,141.85,52.03,0.0,149.0
15,767,56.73,117.29,45.95,0.0,164.0
15,768,64.14,136.36,52.4,0.0,118.0
15,769,93.54,188.21,60.66,0.0,185.0
15,770,83.13,163.13,51.31,0.0,180.0
15,771,70.3,134.14,45.89,0.0,161.0
15,772,64.97,108.1,35.98,0.0,121.0
15,773,41.77,,27.85,0.0,115.0
15,774,39.67,,32.34,0.0,78.0
15,775,42.59,99.1,24.07,0.0,
15,776,62.32,115.04,35.19,0.0,137.0
15,777,66.1,129.76,40.94,0.08,123.0
15,778,85.12,173.28,46.28,0.11,158.0
15,779,82.76,203.34,46.37,0.28,193.0
15,780,75.46,197.99,46.97,0.24,179.0
15,781,63.58,163.83,40.25,0.23,141.0
15,782,57.61,157.84,35.93,0.25,160.0
15,783,53.34,144.79,44.31,0.24,128.0
15,784,65.52,167.51,46.93,0.27,161.0
15,785,72.0,184.43,48.13,0.28,164.0
15,786,68.68,178.16,44.73,0.21,183.0
15,787,80.73,198.07,46.49,0.21,165.0
15,788,64.09,163.99,44.5,0.22,165.0
15,789,55.13,148.99,39.79,0.28,179.0
15,790,69.06,177.21,45.33,0.23,197.0
15,791,63.3,161.94,38.86,0.24,166.0
15,792,57.86,130.83,29.63,0.19,147.0
15,793,28.95,87.02,25.79,0.14,142.0
15,794,32.73,90.8,25.01,0.16,116.0
15,795,31.06,69.14,19.79,0.14,102.0
15,796,42.16,106.15,28.0,0.17,106.0
15,797,35.62,80.09,17.76,0.14,109.0
15,798,45.6,118.95,28.85,0.13,124.0
15,799,77.14,189.5,45.09,0.2,181.0
15,800,30.97,89.71,24.09,0.12,113.0
15,801,30.33,111.84,33.13,0.11,108.0
15,802,43.8,146.18,41.87,0.16,117.0
15,803,63.7,181.89,42.87,0.21,143.0
15,804,50.64,132.94,37.51,0.16,161.0
15,805,21.27,57.52,18.26,0.11,95.0
15,806,27.44,44.62,24.38,0.11,76.0
15,807,54.73,118.8,45.98,0.16,97.0
15,808,67.57,186.0,52.24,0.2,146.0
15,809,63.1,216.97,54.07,0.19,167.0
15,810,52.04,186.28,43.35,0.19,144.0
15,811,61.33,191.22,50.59,0.17,145.0
15,812,60.92,175.69,52.0,0.17,171.0
15,813,60.33,158.98,48.25,0.23,175.0
15,814,54.59,135.47,42.79,0.17,148.0
15,815,60.55,148.34,41.27,0.19,137.0
15,816,62.45,152.69,38.24,0.17,140.0
15,817,57.61,144.64,39.4,0.16,164.0
15,818,51.42,128.17,38.28,0.16,154.0
15,819,49.28,117.75,33.72,0.16,127.0
15,820,47.02,122.96,35.07,0.17,114.0
15,821,45.77,119.32,35.7,0.15,150.0
15,822,44.15,117.72,30.98,0.14,136.0
15,823,51.9,144.41,41.35,0.16,123.0
15,824,50.37,125.87,34.02,0.15,132.0
15,825,43.52,105.3,30.44,0.14,123.0
15,826,47.15,98.46,29.71,0.15,103.0
15,827,44.33,118.21,36.95,0.16,92.0
15,828,48.68,119.71,32.91,0.14,136.0
15,829,68.34,186.2,38.38,0.2,128.0
15,830,77.56,193.33,49.22,0.29,175.0
15,831,67.48,184.29,39.61,0.21,164.0
15,832,77.94,235.99,52.07,0.23,192.0
15,833,158.04,485.88,70.52,0.3,199.0
15,834,59.32,161.14,37.36,0.15,173.0
15,835,60.92,155.57,32.52,0.17,165.0
15,836,57.68,161.11,29.2,0.16,152.0
15,837,56.31,172.7,28.75,0.15,148.0
15,838,68.97,221.35,41.41,0.23,173.0
15,839,70.99,219.74,45.1,0.25,191.0
15,840,57.04,157.84,27.79,0.14,166.0
15,841,49.73,155.18,35.29,0.12,131.0
15,842,45.5,146.01,37.88,0.13,136.0
15,843,53.51,173.04,42.5,0.19,143.0
15,844,58.3,187.29,42.34,0.16,156.0
15,845,57.26,195.54,40.89,0.17,162.0
15,846,55.63,186.41,42.61,0.18,156.0
15,847,61.48,178.52,51.82,0.06,151.0
15,848,63.36,195.29,45.42,0.19,171.0
15,849,37.64,90.98,23.58,0.09,142.0
15,850,27.39,97.09,29.07,0.09,127.0
15,851,24.73,71.82,25.71,0.1,99.0
15,852,24.54,68.79,26.4,0.09,99.0
15,853,29.34,70.91,21.73,0.1,110.0
15,854,37.31,85.68,25.09,0.11,118.0
15,855,43.24,111.88,26.06,0.15,130.0
15,856,40.48,113.26,24.97,0.15,138.0
15,857,38.11,89.14,25.56,0.11,122.0
15,858,29.4,80.54,12.86,0.09,98.0
15,859,27.81,82.02,18.72,0.06,131.0
15,860,32.95,91.33,41.36,0.06,109.0
15,861,31.54,71.48,56.78,0.16,165.0
15,862,30.22,66.24,72.96,0.14,123.0
15,863,34.8,77.97,36.6,0.15,86.0
15,864,36.41,94.82,38.77,0.14,84.0
15,865,40.68,101.34,42.42,0.15,107.0
15,866,35.14,80.34,30.94,0.11,85.0
15,867,37.13,108.52,41.07,0.11,98.0
15,868,37.23,102.58,38.74,0.11,102.0
15,869,48.21,159.97,50.64,0.13,118.0
15,870,45.73,153.81,49.46,0.11,148.0
15,871,41.91,143.04,48.49,0.11,126.0
15,872,35.78,119.47,47.98,0.16,131.0
15,873,38.13,117.36,51.56,0.13,115.0
15,874,49.56,173.1,66.04,0.15,130.0
15,875,57.16,177.19,70.75,0.17,156.0
15,876,39.09,115.26,45.01,0.09,127.0
15,877,43.73,135.42,47.81,0.1,119.0
15,878,26.99,79.38,30.37,0.07,103.0
15,879,26.35,79.05,35.91,0.09,93.0
15,880,19.02,78.46,42.99,0.06,76.0
15,881,17.31,78.58,46.38,0.06,82.0
15,882,11.35,45.33,22.84,0.05,80.0
15,883,10.04,35.01,25.83,0.06,79.0
15,884,13.75,45.45,22.7,0.07,109.0
15,885,13.78,42.98,19.42,0.07,103.0
15,886,14.36,40.42,24.08,0.08,84.0
15,887,16.11,54.35,19.2,0.07,106.0
15,888,17.77,57.12,21.89,0.09,97.0
15,889,12.3,31.28,11.7,0.07,74.0
15,890,11.78,27.93,19.22,0.08,67.0
15,891,17.05,39.07,20.03,0.08,69.0
15,892,7.84,21.21,15.62,0.1,68.0
15,893,7.85,18.39,15.56,0.09,61.0
15,894,5.56,11.67,8.47,0.07,50.0
15,895,6.92,16.59,17.19,0.13,63.0
15,896,19.65,42.88,16.5,0.25,84.0
15,897,13.54,30.33,18.12,0.21,75.0
15,898,9.71,21.19,14.66,0.19,72.0
15,899,13.07,35.43,16.86,0.23,94.0
15,900,12.88,33.71,15.24,0.17,86.0
15,901,7.61,18.66,11.6,0.17,82.0
15,902,7.38,23.73,12.26,0.14,83.0
15,903,8.66,29.59,14.39,0.14,70.0
15,904,11.4,39.16,18.0,0.16,59.0
15,905,11.48,37.59,15.64,0.18,67.0
15,906,10.85,39.43,11.31,0.16,63.0
15,907,11.81,37.65,13.1,0.15,60.0
15,908,11.79,38.79,10.8,0.14,63.0
15,909,11.82,36.34,11.63,0.09,53.0
15,910,8.84,29.13,14.13,0.09,60.0
15,911,10.38,39.46,12.42,0.18,62.0
15,912,13.08,53.54,11.15,0.14,61.0
15,913,10.98,42.56,12.28,0.14,63.0
15,914,9.75,37.86,11.87,0.13,66.0
15,915,11.8,46.69,13.33,0.17,66.0
15,916,15.53,48.65,13.28,0.15,57.0
15,917,10.4,37.0,12.88,0.16,58.0
15,918,14.66,45.03,14.12,0.18,57.0
15,919,14.77,43.48,16.09,0.17,63.0
15,920,18.19,55.27,15.37,0.15,66.0
15,921,18.1,47.47,14.82,0.16,61.0
15,922,15.0,39.94,17.03,0.19,60.0
15,923,19.31,59.13,16.31,0.16,60.0
15,924,14.29,47.25,15.3,0.15,66.0
15,925,14.49,42.92,12.53,0.17,58.0
15,926,13.9,35.06,13.56,0.14,53.0
15,927,16.53,63.46,11.48,0.14,74.0
15,928,10.24,34.05,8.45,0.17,86.0
15,929,10.78,27.38,12.06,0.16,93.0
15,930,8.48,18.17,10.62,0.15,47.0
15,931,5.72,14.48,12.4,0.15,46.0
15,932,6.54,16.81,9.5,0.14,48.0
15,933,10.83,34.66,9.71,0.15,50.0
15,934,13.37,53.26,10.08,0.15,55.0
15,935,15.97,66.76,11.72,0.15,71.0
15,936,15.62,52.3,12.84,0.15,65.0
15,937,14.04,56.61,10.9,0.17,55.0
15,938,16.55,61.4,12.98,0.18,62.0
15,939,14.43,49.0,13.97,0.16,60.0
15,940,12.62,41.75,14.04,0.17,56.0
15,941,15.28,47.66,14.93,0.17,55.0
15,942,17.5,60.16,16.64,0.2,63.0
15,943,17.42,57.47,18.87,0.21,69.0
15,944,16.85,49.6,17.0,0.21,60.0
15,945,16.78,54.83,13.74,0.2,61.0
15,946,11.79,34.3,10.34,0.17,51.0
15,947,13.35,44.95,18.12,0.17,49.0
15,948,20.34,64.87,20.12,0.18,67.0
15,949,23.03,80.57,22.47,0.17,75.0
15,950,26.22,81.09,21.64,0.23,90.0
15,951,24.87,68.32,19.65,0.22,83.0
15,952,20.47,43.45,16.75,0.27,80.0
15,953,14.91,32.93,11.51,0.19,71.0
15,954,17.76,44.97,15.61,0.24,65.0
15,955,15.1,36.13,14.19,0.25,67.0
15,956,17.08,37.86,15.64,0.22,55.0
15,957,20.36,40.24,14.29,0.23,60.0
15,958,16.4,44.14,13.37,0.22,58.0
15,959,20.12,56.17,12.73,0.18,63.0
15,960,21.77,76.01,15.13,0.17,70.0
15,961,26.6,80.23,16.09,0.17,85.0
15,962,17.35,36.53,11.78,0.12,65.0
15,963,7.42,10.54,8.85,0.15,59.0
15,964,10.89,26.2,11.31,0.16,62.0
15,965,12.56,37.28,15.13,0.19,60.0
15,966,15.41,54.16,16.07,0.16,62.0
15,967,23.63,60.91,17.43,0.21,72.0
15,968,13.53,32.41,11.42,0.18,72.0
15,969,11.58,21.88,9.53,0.12,55.0
15,970,13.1,22.77,10.5,0.17,52.0
15,971,8.26,12.31,9.12,0.17,56.0
15,972,6.57,11.4,9.26,0.12,56.0
15,973,12.26,33.08,10.14,0.17,56.0
15,974,14.63,49.77,13.14,0.21,60.0
15,975,19.92,63.66,14.34,0.23,71.0
15,976,24.42,75.72,16.47,0.22,87.0
15,977,12.96,37.21,12.0,0.17,64.0
15,978,17.26,49.36,16.95,0.21,59.0
15,979,19.86,62.12,14.47,0.18,79.0
15,980,29.32,70.96,19.22,0.19,86.0
15,981,40.82,80.64,19.8,0.21,82.0
15,982,32.63,58.94,19.17,0.18,74.0
15,983,32.88,57.8,15.23,0.19,72.0
15,984,18.58,41.91,15.66,0.09,60.0
15,985,12.34,30.25,15.36,0.21,51.0
15,986,10.33,27.36,15.27,0.11,55.0
15,987,17.29,36.34,17.06,0.07,55.0
15,988,10.44,17.55,15.62,0.05,60.0
15,989,12.64,27.69,15.22,0.06,56.0
15,990,10.27,19.92,13.77,0.06,56.0
15,991,15.67,27.18,12.72,0.04,39.0
15,992,9.17,16.29,10.48,0.04,53.0
15,993,10.28,19.23,10.5,0.05,54.0
15,994,9.76,24.64,10.86,0.05,57.0
15,995,14.88,28.99,11.41,0.05,59.0
15,996,20.5,35.75,15.36,0.03,58.0
15,997,29.61,63.17,17.97,0.0,54.0
15,998,42.0,108.57,19.98,0.0,95.0
15,999,39.68,87.46,20.38,0.0,99.0
15,1000,45.69,98.84,20.98,0.0,80.0
15,1001,50.36,108.16,23.27,0.0,107.0
15,1002,45.9,74.16,20.69,0.0,98.0
15,1003,41.57,58.36,18.5,0.0,74.0
15,1004,41.26,61.2,17.45,0.0,70.0
15,1005,31.08,50.52,11.81,0.26,110.0
15,1006,24.6,31.41,11.9,0.16,
15,1007,24.16,36.84,18.96,0.34,53.0
15,1008,49.75,77.06,22.44,0.66,102.0
15,1009,55.88,89.52,22.79,0.33,164.0
15,1010,28.48,54.04,19.44,0.21,102.0
15,1011,22.6,46.38,24.12,0.57,94.0
15,1012,32.08,42.02,24.14,0.29,100.0
15,1013,25.79,41.72,17.7,0.36,111.0
15,1014,28.04,46.53,24.18,0.1,103.0
15,1015,27.38,51.78,25.01,0.19,113.0
15,1016,41.74,69.1,26.83,0.11,102.0
15,1017,20.48,39.46,19.29,0.08,147.0
15,1018,33.32,60.37,25.1,0.1,123.0
15,1019,35.59,61.1,22.1,0.06,97.0
15,1020,81.29,154.52,45.32,0.1,
15,1021,72.18,133.53,36.5,0.15,154.0
15,1022,69.53,137.82,34.49,0.12,150.0
15,1023,75.46,144.81,30.6,0.31,151.0
15,1024,78.69,112.82,20.04,0.06,247.0
15,1025,67.18,105.44,18.74,0.1,141.0
15,1026,65.39,98.82,17.27,0.07,121.0
15,1027,53.78,83.34,21.46,0.19,113.0
15,1028,63.35,97.66,24.35,0.06,111.0
15,1029,74.57,159.54,48.16,0.03,
15,1030,66.55,139.05,34.37,0.04,
15,1031,64.05,146.09,24.22,0.08,
15,1032,71.27,163.27,40.69,0.08,
15,1033,70.46,147.82,25.47,0.12,145.0
15,1034,,,,0.0,130.0
15,1035,63.38,141.15,43.37,0.79,128.0
15,1036,68.21,149.12,46.37,1.19,150.0
15,1037,69.73,141.02,37.68,1.06,156.0
15,1038,66.51,126.96,37.44,1.04,158.0
15,1039,49.62,97.93,35.86,0.58,114.0
15,1040,32.45,68.47,31.18,0.52,91.0
15,1041,29.33,67.08,39.1,0.58,80.0
15,1042,34.96,81.64,43.63,0.68,94.0
15,1043,38.84,82.74,40.59,0.57,105.0
15,1044,39.57,84.55,39.12,0.59,95.0
15,1045,44.44,83.57,35.39,0.59,100.0
15,1046,61.84,115.98,42.21,0.63,123.0
15,1047,57.58,109.26,42.84,0.74,123.0
15,1048,55.36,107.88,37.83,0.74,111.0
15,1049,58.41,118.47,39.01,0.83,111.0
15,1050,51.08,100.21,36.07,0.68,104.0
15,1051,41.31,82.13,34.29,0.58,92.0
15,1052,37.72,80.34,33.87,0.61,82.0
15,1053,66.82,71.59,32.58,0.65,106.0
15,1054,36.53,77.41,34.18,0.72,112.0
15,1055,43.64,89.51,36.84,0.82,86.0
15,1056,44.65,87.99,39.07,0.81,106.0
15,1057,40.48,75.97,32.25,0.7,102.0
15,1058,96.83,88.36,37.91,0.76,133.0
15,1059,69.5,125.61,35.4,0.76,149.0
15,1060,70.91,133.01,37.5,0.71,140.0
15,1061,84.08,137.59,50.36,0.9,147.0
15,1062,73.25,145.39,52.99,0.86,166.0
15,1063,91.39,144.06,54.18,0.9,171.0
15,1064,66.49,122.5,45.7,0.81,164.0
15,1065,64.72,121.51,45.03,0.82,140.0
15,1066,70.03,128.64,37.15,0.8,139.0
15,1067,69.44,123.66,35.14,0.76,135.0
15,1068,70.83,125.86,38.05,0.8,140.0
15,1069,70.47,119.15,37.31,0.78,144.0
15,1070,58.07,96.64,29.67,0.7,128.0
15,1071,51.81,85.9,30.32,0.72,100.0
15,1072,69.33,127.59,40.86,0.91,122.0
15,1073,74.79,153.15,39.18,0.8,145.0
15,1074,67.7,149.05,38.26,0.77,142.0
15,1075,48.99,108.63,37.26,0.69,120.0
15,1076,55.7,117.26,48.48,1.05,117.0
15,1077,66.78,140.38,62.23,1.19,144.0
15,1078,69.33,136.56,50.13,1.0,143.0
15,1079,66.12,120.92,39.48,0.92,132.0
15,1080,68.48,119.88,38.85,0.77,126.0
15,1081,68.87,131.11,48.12,0.88,133.0
15,1082,71.38,142.76,47.26,0.8,136.0
15,1083,73.33,143.78,37.36,0.59,140.0
15,1084,59.35,130.67,49.48,0.7,138.0
15,1085,88.14,152.17,67.71,1.33,151.0
15,1086,74.94,148.17,68.63,1.4,164.0
15,1087,130.23,162.0,73.32,1.4,195.0
15,1088,82.05,170.76,65.66,1.26,180.0
15,1089,79.19,156.46,63.74,1.14,169.0
15,1090,76.47,144.94,56.9,1.13,163.0
15,1091,76.08,151.9,53.18,0.87,164.0
15,1092,63.18,129.4,55.68,0.85,136.0
15,1093,68.65,139.18,60.71,0.93,132.0
15,1094,112.35,152.12,67.12,1.09,184.0
15,1095,65.09,132.99,67.32,1.1,156.0
15,1096,68.45,126.76,62.26,1.02,138.0
15,1097,57.7,119.64,54.46,0.99,122.0
15,1098,68.55,135.87,51.51,0.92,126.0
15,1099,77.77,149.51,46.8,0.83,163.0
15,1100,79.18,164.76,60.89,1.0,174.0
15,1101,76.33,160.28,63.88,1.05,164.0
15,1102,73.15,150.95,63.11,1.1,158.0
15,1103,72.41,144.54,55.39,1.03,146.0
15,1104,72.66,141.46,51.85,0.98,146.0
15,1105,77.65,160.44,53.96,0.95,160.0
15,1106,74.08,158.74,53.36,1.03,165.0
15,1107,76.19,162.88,59.3,1.04,160.0
15,1108,74.76,159.96,64.97,1.09,155.0
15,1109,70.48,157.0,59.98,1.19,150.0
15,1110,72.38,141.02,54.79,1.16,140.0
15,1111,70.98,115.26,37.89,0.83,143.0
15,1112,65.1,126.51,39.7,0.92,132.0
15,1113,64.2,128.06,45.06,0.87,125.0
15,1114,65.86,141.85,55.84,0.99,129.0
15,1115,61.1,139.54,56.03,0.9,129.0
15,1116,64.18,143.85,60.93,1.0,131.0
15,1117,68.52,140.77,56.67,0.95,133.0
15,1118,72.01,142.1,50.74,0.89,142.0
15,1119,60.4,117.57,46.04,0.71,125.0
15,1120,67.07,131.41,42.71,0.71,121.0
15,1121,68.8,155.17,54.52,0.89,139.0
15,1122,66.84,155.11,56.49,0.91,146.0
15,1123,69.43,156.79,55.38,1.45,167.0
15,1124,68.84,145.17,49.3,0.85,138.0
15,1125,67.69,149.79,46.08,0.84,140.0
15,1126,59.46,152.71,51.91,0.68,137.0
15,1127,53.45,141.76,59.99,1.0,130.0
15,1128,50.88,129.95,67.8,1.1,129.0
15,1129,47.46,120.39,68.01,0.99,125.0
15,1130,43.48,115.8,53.31,0.8,114.0
15,1131,39.14,105.44,41.49,0.73,104.0
15,1132,41.79,112.02,43.96,0.73,111.0
15,1133,48.86,124.69,58.09,0.86,111.0
15,1134,56.76,135.34,72.8,0.99,125.0
15,1135,46.18,105.04,59.37,0.84,114.0
15,1136,50.05,116.97,55.81,0.87,108.0
15,1137,52.28,119.66,53.5,0.82,113.0
15,1138,50.55,88.76,28.9,0.6,100.0
15,1139,54.34,87.6,20.55,0.61,102.0
15,1140,46.38,85.63,31.98,0.61,94.0
15,1141,50.52,100.95,44.77,0.76,100.0
15,1142,52.88,118.54,48.93,0.84,113.0
15,1143,51.84,116.94,51.24,0.81,110.0
15,1144,49.86,121.32,60.23,0.92,108.0
15,1145,55.87,126.08,58.63,1.02,116.0
15,1146,46.22,112.55,44.16,0.77,111.0
15,1147,47.64,101.62,41.75,0.74,103.0
15,1148,54.76,118.2,46.91,0.85,107.0
15,1149,57.85,131.06,49.21,0.88,114.0
15,1150,56.99,125.93,48.0,0.85,123.0
15,1151,43.57,112.47,43.62,0.7,106.0
15,1152,43.37,105.66,51.65,0.76,104.0
15,1153,56.87,119.73,65.82,1.09,118.0
15,1154,57.66,123.59,67.65,1.16,134.0
15,1155,62.25,139.53,70.43,1.3,129.0
15,1156,54.84,127.04,65.26,1.12,124.0
15,1157,52.72,120.49,56.01,1.06,118.0
15,1158,51.59,122.0,45.04,0.88,119.0
15,1159,54.72,116.74,49.19,0.94,122.0
15,1160,47.44,111.76,45.37,0.89,114.0
15,1161,47.97,104.93,38.91,0.74,106.0
15,1162,50.78,101.89,43.04,0.79,108.0
15,1163,53.81,114.59,49.93,0.92,107.0
15,1164,57.28,120.43,52.67,0.96,118.0
15,1165,66.37,133.3,49.74,1.02,122.0
15,1166,53.02,108.18,35.56,0.79,124.0
15,1167,38.87,96.19,40.44,0.67,95.0
15,1168,39.69,87.82,41.84,0.71,88.0
15,1169,47.34,101.24,45.05,0.85,103.0
15,1170,47.88,103.11,37.4,0.77,96.0
15,1171,60.25,134.44,39.37,0.86,115.0
15,1172,51.0,78.33,33.36,0.76,105.0
15,1173,41.38,71.63,32.85,0.7,80.0
15,1174,48.07,92.55,41.03,0.83,93.0
15,1175,54.74,102.17,47.03,0.87,103.0
15,1176,57.87,118.46,45.49,0.89,108.0
15,1177,57.07,139.34,52.52,0.86,126.0
15,1178,56.64,146.7,58.35,1.01,128.0
15,1179,59.91,149.81,63.27,1.05,131.0
15,1180,71.4,150.7,49.1,0.98,135.0
15,1181,61.47,126.86,39.51,0.84,126.0
15,1182,59.53,124.78,44.63,0.79,123.0
15,1183,53.11,113.07,40.84,0.75,116.0
15,1184,62.27,135.91,48.19,0.91,122.0
15,1185,54.62,114.81,40.32,0.81,120.0
15,1186,50.15,112.36,41.99,0.83,110.0
15,1187,43.05,89.8,31.47,0.63,103.0
15,1188,37.91,75.96,38.98,0.72,84.0
15,1189,51.35,97.31,40.96,0.78,99.0
15,1190,44.94,91.88,39.39,0.72,101.0
15,1191,41.51,86.82,36.55,0.67,92.0
15,1192,46.87,103.01,42.39,0.74,98.0
15,1193,35.9,79.03,50.76,0.76,93.0
15,1194,30.27,61.55,35.94,0.67,85.0
15,1195,40.26,91.86,41.16,0.71,95.0
15,1196,35.54,97.46,38.69,0.79,98.0
15,1197,27.63,72.09,31.01,0.68,88.0
15,1198,31.58,79.04,42.54,0.67,83.0
15,1199,25.24,66.21,33.9,0.56,83.0
15,1200,23.05,58.22,30.02,0.69,79.0
15,1201,29.71,63.54,31.86,0.83,73.0
15,1202,45.86,103.38,45.36,0.9,100.0
15,1203,34.29,90.45,38.79,0.72,99.0
15,1204,37.19,92.25,35.18,0.61,93.0
15,1205,43.52,118.3,44.05,0.77,108.0
15,1206,42.38,120.61,44.88,0.86,117.0
15,1207,49.14,139.55,51.13,0.9,122.0
15,1208,42.97,110.65,39.3,0.75,117.0
15,1209,33.12,80.06,28.02,0.56,90.0
15,1210,33.09,95.19,35.48,0.54,90.0
15,1211,35.61,86.24,29.59,0.6,104.0
15,1212,38.11,92.67,35.66,0.62,94.0
15,1213,39.78,99.47,35.85,0.68,101.0
15,1214,39.85,86.22,30.66,0.52,94.0
15,1215,43.44,95.6,30.99,0.59,102.0
15,1216,44.84,106.84,39.52,0.7,103.0
15,1217,43.83,133.09,32.08,0.57,116.0
15,1218,36.08,95.82,31.21,0.7,101.0
15,1219,31.39,86.12,27.73,0.56,98.0
15,1220,19.59,48.18,31.67,0.62,81.0
15,1221,28.81,68.37,30.11,0.6,74.0
15,1222,31.91,81.65,28.95,0.58,83.0
15,1223,33.68,93.43,28.72,0.58,93.0
15,1224,43.05,110.15,43.5,0.97,111.0
15,1225,44.32,101.87,37.73,0.67,112.0
15,1226,33.83,74.91,31.53,0.63,101.0
15,1227,32.76,80.97,31.48,0.66,95.0
15,1228,33.05,81.54,31.04,0.64,96.0
15,1229,31.85,76.51,32.48,0.74,101.0
15,1230,29.86,67.84,26.02,0.64,100.0
15,1231,24.49,46.54,24.04,0.68,87.0
15,1232,41.89,90.88,33.42,0.78,85.0
15,1233,43.47,103.29,41.31,0.9,106.0
15,1234,37.31,88.67,35.51,0.62,89.0
15,1235,47.42,136.63,37.25,0.69,103.0
15,1236,38.59,106.87,29.22,0.62,117.0
15,1237,48.33,137.04,32.24,0.91,132.0
15,1238,42.68,108.84,27.06,0.69,120.0
15,1239,47.5,122.16,33.71,0.83,110.0
15,1240,36.41,93.09,32.39,0.78,104.0
15,1241,42.17,108.46,31.54,0.76,119.0
15,1242,23.65,67.93,25.79,0.69,91.0
15,1243,26.11,69.28,26.65,0.78,83.0
15,1244,31.17,76.56,25.45,0.72,87.0
15,1245,34.68,91.62,28.48,0.64,84.0
15,1246,31.7,80.59,26.77,0.58,89.0
15,1247,32.57,83.68,25.25,0.83,93.0
15,1248,37.26,77.09,31.53,0.64,110.0
15,1249,36.7,63.45,35.45,0.77,82.0
15,1250,34.85,73.89,29.14,0.62,83.0
15,1251,30.95,64.8,26.22,0.56,89.0
15,1252,31.51,67.42,30.16,0.62,83.0
15,1253,31.33,62.83,29.59,0.64,84.0
15,1254,19.68,25.82,22.53,0.61,69.0
15,1255,19.43,33.87,22.16,0.71,68.0
15,1256,20.03,42.57,22.16,0.68,64.0
15,1257,16.49,32.8,20.62,0.64,52.0
15,1258,22.31,55.94,23.24,0.66,53.0
15,1259,29.92,88.06,23.7,0.66,70.0
15,1260,30.85,89.47,21.31,0.6,84.0
15,1261,34.44,92.58,23.31,0.54,86.0
15,1262,27.83,86.25,20.05,0.57,86.0
15,1263,22.9,63.65,20.48,0.6,67.0
15,1264,21.99,66.18,20.32,0.57,67.0
15,1265,17.2,48.97,20.17,0.58,59.0
15,1266,14.61,29.85,18.2,0.53,50.0
15,1267,15.27,26.79,21.39,0.44,58.0
15,1268,10.31,33.35,22.02,0.46,52.0
15,1269,21.26,45.55,28.03,0.49,56.0
15,1270,20.07,34.46,23.78,0.36,56.0
15,1271,16.99,37.87,20.56,0.23,41.0
15,1272,16.31,41.38,20.7,0.27,41.0
15,1273,16.23,41.54,23.21,0.26,41.0
15,1274,17.64,46.04,28.07,0.26,44.0
15,1275,18.93,50.36,24.39,0.28,46.0
15,1276,18.18,57.2,22.68,0.3,65.0
15,1277,20.85,57.03,26.4,0.33,62.0
15,1278,16.91,39.49,27.03,0.3,60.0
15,1279,16.48,42.25,24.21,0.24,53.0
15,1280,16.28,41.16,23.43,0.26,59.0
15,1281,15.97,58.87,22.07,0.35,71.0
15,1282,13.22,40.07,22.74,0.25,68.0
15,1283,20.05,48.6,26.0,0.3,49.0
15,1284,22.74,51.43,27.25,0.34,59.0
15,1285,19.92,45.9,25.11,0.28,62.0
15,1286,16.63,36.37,23.21,0.22,44.0
15,1287,19.7,44.03,21.7,0.25,48.0
15,1288,19.05,45.74,23.04,0.3,54.0
15,1289,11.93,16.09,22.14,0.25,49.0
15,1290,13.21,26.26,20.22,0.27,37.0
15,1291,17.97,40.97,26.02,0.28,42.0
15,1292,16.12,39.28,25.58,0.31,58.0
15,1293,11.04,20.0,21.19,0.37,72.0
15,1294,12.14,26.59,20.54,0.26,38.0
15,1295,14.13,36.01,22.64,0.27,33.0
15,1296,14.39,38.34,21.97,0.26,45.0
15,1297,12.58,32.59,22.18,0.31,37.0
15,1298,19.61,51.45,23.18,0.3,41.0
15,1299,19.54,54.49,22.42,0.28,55.0
15,1300,17.69,53.6,21.69,0.26,49.0
15,1301,15.64,44.78,21.03,0.32,54.0
15,1302,17.88,53.74,20.4,0.26,52.0
15,1303,14.41,42.62,20.64,0.29,54.0
15,1304,14.52,43.56,24.38,0.27,54.0
15,1305,18.23,55.98,22.38,0.28,53.0
15,1306,26.09,74.2,28.86,0.38,72.0
15,1307,26.02,84.97,25.61,0.32,87.0
15,1308,19.21,66.84,25.13,0.27,73.0
15,1309,21.88,75.6,25.54,0.28,72.0
15,1310,25.77,76.03,27.27,0.36,72.0
15,1311,30.8,101.48,28.85,0.31,92.0
15,1312,23.43,76.16,25.39,0.28,90.0
15,1313,20.2,55.76,27.06,0.31,66.0
15,1314,26.91,71.45,23.75,0.29,72.0
15,1315,18.92,55.72,24.24,0.3,54.0
15,1316,16.17,46.48,24.82,0.28,53.0
15,1317,18.07,37.67,27.7,0.36,49.0
15,1318,17.09,41.09,24.89,0.31,48.0
15,1319,16.39,29.84,24.46,0.28,43.0
15,1320,11.98,28.35,18.71,0.31,47.0
15,1321,11.66,24.68,17.79,0.32,42.0
15,1322,16.97,46.65,27.16,0.31,41.0
15,1323,22.11,68.81,17.62,0.35,65.0
15,1324,7.78,10.87,19.87,0.3,40.0
15,1325,18.56,46.57,20.71,0.3,35.0
15,1326,15.3,41.14,17.73,0.29,44.0
15,1327,15.28,34.82,24.8,0.32,48.0
15,1328,13.19,31.47,21.95,0.27,47.0
15,1329,10.08,23.02,19.61,0.25,34.0
15,1330,10.33,29.62,22.71,0.29,39.0
15,1331,12.51,38.94,23.7,0.29,40.0
15,1332,14.36,56.52,24.14,0.31,48.0
15,1333,15.34,55.37,25.68,0.29,52.0
15,1334,14.61,45.18,24.79,0.27,50.0
15,1335,15.31,40.27,27.1,0.3,48.0
15,1336,16.51,45.72,27.6,0.28,48.0
15,1337,20.98,64.42,26.87,0.29,53.0
15,1338,24.66,82.96,26.52,0.29,68.0
15,1339,22.43,75.11,27.25,0.3,77.0
15,1340,23.16,71.26,26.37,0.31,70.0
15,1341,18.51,47.92,25.86,0.34,50.0
15,1342,15.84,39.37,23.73,0.34,48.0
15,1343,20.36,66.88,25.6,0.31,50.0
15,1344,27.05,87.39,26.36,0.38,72.0
15,1345,25.36,83.21,26.76,0.31,76.0
15,1346,25.42,79.97,22.74,0.32,82.0
15,1347,21.61,55.67,18.35,0.33,62.0
15,1348,34.85,91.9,24.19,0.42,79.0
15,1349,38.35,94.94,32.15,0.46,86.0
15,1350,33.85,66.55,38.45,0.57,79.0
15,1351,35.06,53.38,35.45,0.59,71.0
15,1352,41.83,77.55,36.44,0.6,78.0
15,1353,42.24,85.86,36.56,0.53,85.0
15,1354,43.69,89.53,36.45,0.51,92.0
15,1355,48.98,89.05,33.93,0.5,101.0
15,1356,35.58,61.65,22.67,0.41,85.0
15,1357,39.68,63.97,25.48,0.45,68.0
15,1358,38.6,84.63,31.56,0.45,79.0
15,1359,40.88,97.71,30.3,0.42,81.0
15,1360,37.91,78.9,27.55,0.38,91.0
15,1361,27.29,58.1,23.11,0.34,62.0
15,1362,32.25,62.49,27.46,0.44,65.0
15,1363,34.94,68.68,36.88,0.62,62.0
15,1364,41.46,86.95,38.18,0.66,84.0
15,1365,53.68,107.41,44.83,0.8,108.0
15,1366,43.09,78.57,36.52,0.54,95.0
15,1367,45.92,99.06,38.03,0.58,92.0
15,1368,55.39,107.62,38.38,0.64,100.0
15,1369,67.69,129.23,37.28,0.62,118.0
15,1370,63.16,122.8,38.16,0.5,128.0
15,1371,37.8,80.37,33.16,0.49,94.0
15,1372,36.5,79.0,32.41,0.45,72.0
15,1373,39.63,85.85,33.83,0.45,79.0
15,1374,39.8,103.38,34.47,0.43,84.0
15,1375,56.36,136.25,42.33,0.56,109.0
15,1376,65.91,139.95,39.75,0.5,124.0
15,1377,64.44,144.33,40.33,0.56,130.0
15,1378,60.07,146.71,46.53,0.54,124.0
15,1379,56.5,150.65,48.32,0.48,128.0
15,1380,52.63,148.36,43.03,0.46,120.0
15,1381,54.39,132.24,42.79,0.53,121.0
15,1382,58.56,130.27,46.54,0.64,118.0
15,1383,54.35,111.45,36.76,0.47,108.0
15,1384,58.24,107.55,35.21,0.53,100.0
15,1385,53.26,90.41,32.39,0.46,105.0
15,1386,41.03,53.89,34.67,0.58,83.0
15,1387,40.35,57.72,31.81,0.55,73.0
15,1388,43.99,80.57,37.92,0.52,74.0
15,1389,58.44,128.56,47.2,0.68,105.0
15,1390,61.34,131.27,44.57,0.61,119.0
15,1391,66.82,144.33,51.4,0.72,125.0
15,1392,67.12,139.91,45.12,0.67,133.0
15,1393,67.52,125.13,46.11,0.89,142.0
15,1394,60.72,124.74,45.35,0.61,128.0
15,1395,48.68,123.62,47.97,0.46,107.0
15,1396,57.44,145.22,60.75,0.68,117.0
15,1397,56.51,134.88,46.84,0.55,120.0
15,1398,56.02,130.4,46.3,0.5,110.0
15,1399,57.32,121.32,47.35,0.58,115.0
15,1400,56.98,120.91,47.69,0.56,117.0
15,1401,50.87,109.17,45.19,0.59,106.0
15,1402,34.07,76.12,37.54,0.56,86.0
15,1403,25.96,59.8,32.84,0.48,58.0
15,1404,24.88,48.95,30.95,0.51,55.0
15,1405,32.8,68.87,36.41,0.53,64.0
15,1406,44.66,94.97,39.76,0.58,80.0
15,1407,54.63,103.16,38.84,0.52,95.0
15,1408,59.82,109.93,35.89,0.55,107.0
15,1409,64.36,125.75,42.33,0.54,114.0
15,1410,69.5,136.07,44.02,0.58,129.0
15,1411,61.15,129.81,44.85,0.58,131.0
15,1412,62.68,148.54,50.55,0.58,127.0
15,1413,66.08,150.01,56.68,0.68,134.0
15,1414,67.28,159.01,60.17,0.76,139.0
15,1415,58.4,140.37,52.31,0.73,133.0
15,1416,46.2,115.57,45.12,0.61,118.0
15,1417,23.09,59.77,32.04,0.47,76.0
15,1418,19.06,50.4,29.19,0.43,57.0
15,1419,26.04,61.77,32.18,0.45,53.0
15,1420,52.12,112.36,43.52,0.58,86.0
15,1421,63.08,139.98,44.09,0.58,129.0
15,1422,66.0,137.89,46.07,0.6,131.0
15,1423,71.81,147.11,47.8,0.65,133.0
15,1424,72.98,155.13,53.95,0.72,148.0
15,1425,69.28,149.67,50.29,0.64,140.0
15,1426,63.01,150.75,53.44,0.67,135.0
15,1427,69.91,152.94,59.24,0.74,138.0
15,1428,73.48,155.16,59.43,0.77,142.0
15,1429,72.26,153.14,65.02,0.81,146.0
15,1430,67.69,145.96,56.72,0.67,139.0
15,1431,69.94,147.06,56.11,0.72,135.0
15,1432,71.17,145.82,52.98,0.74,137.0
15,1433,74.62,145.29,48.78,0.75,140.0
15,1434,77.72,147.65,47.55,0.76,154.0
15,1435,67.3,118.13,40.48,0.7,146.0
15,1436,62.87,111.3,41.39,0.74,123.0
15,1437,61.66,92.8,32.11,0.64,108.0
15,1438,76.14,122.93,34.16,0.71,132.0
15,1439,78.36,131.2,33.76,0.74,159.0
15,1440,77.94,132.25,30.74,0.63,161.0
15,1441,76.22,145.09,39.51,0.73,158.0
15,1442,74.78,134.84,36.07,0.68,153.0
15,1443,74.19,123.7,37.39,0.67,145.0
15,1444,74.48,119.8,41.82,0.8,144.0
15,1445,75.15,134.26,38.42,0.62,157.0
15,1446,76.15,149.24,39.24,0.61,151.0
15,1447,59.61,95.42,33.95,0.53,141.0
15,1448,22.35,34.08,29.09,0.4,67.0
15,1449,32.77,62.25,33.97,0.47,54.0
15,1450,44.72,93.15,43.69,0.67,76.0
15,1451,55.1,107.95,48.47,0.64,104.0
15,1452,72.66,139.71,52.59,0.67,127.0
15,1453,78.01,138.69,41.45,0.68,151.0
15,1454,76.81,154.46,44.67,0.68,159.0
15,1455,73.18,149.61,46.1,0.61,153.0
15,1456,67.91,119.15,36.25,0.69,136.0
15,1457,68.06,134.16,38.87,0.63,126.0
15,1458,64.1,138.43,44.84,0.62,131.0
15,1459,68.76,140.93,44.93,0.62,132.0
15,1460,71.7,142.41,45.42,0.67,139.0
15,1461,65.24,136.91,52.86,0.7,134.0
15,1462,66.79,143.42,63.82,0.94,132.0
15,1463,71.55,153.99,67.44,1.03,133.0
15,1464,69.7,146.69,67.01,0.97,141.0
15,1465,75.25,158.34,63.58,0.88,142.0
15,1466,73.03,140.13,50.4,0.78,148.0
15,1467,77.71,153.78,40.96,0.73,149.0
15,1468,76.5,157.71,49.16,0.76,155.0
15,1469,73.78,165.61,62.35,0.92,151.0
15,1470,74.7,164.93,71.55,0.94,146.0
15,1471,75.43,161.34,64.0,0.82,146.0
15,1472,75.77,143.85,47.6,0.74,153.0
15,1473,78.62,146.0,39.74,0.68,154.0
15,1474,72.03,120.93,37.2,0.62,154.0
15,1475,74.37,132.9,39.21,0.66,146.0
15,1476,75.13,145.13,42.04,0.75,147.0
15,1477,75.55,150.46,44.72,0.74,152.0
15,1478,73.51,156.89,57.06,0.83,150.0
15,1479,75.34,154.77,53.23,0.78,148.0
15,1480,78.12,159.37,51.49,0.72,153.0
15,1481,70.0,148.16,58.07,0.76,155.0
15,1482,66.4,129.97,46.24,0.68,132.0
15,1483,47.29,93.9,33.37,0.46,105.0
15,1484,60.93,106.81,37.74,0.53,105.0
15,1485,59.22,112.52,40.03,0.58,112.0
15,1486,36.51,80.89,29.33,0.46,96.0
15,1487,36.21,62.98,28.89,0.52,73.0
15,1488,51.29,74.22,32.05,0.55,72.0
15,1489,71.62,104.9,38.41,0.62,124.0
15,1490,64.42,114.66,39.62,0.54,136.0
15,1491,55.6,118.88,49.58,0.57,108.0
15,1492,63.8,121.95,51.35,0.66,114.0
15,1493,66.44,115.34,45.36,0.64,131.0
15,1494,62.22,117.17,47.27,0.64,118.0
15,1495,60.26,107.15,41.85,0.59,120.0
15,1496,63.75,115.35,42.48,0.64,110.0
15,1497,63.26,120.36,45.85,0.67,115.0
15,1498,68.06,130.57,45.84,0.71,130.0
15,1499,58.46,110.45,35.49,0.54,120.0
15,1500,58.24,133.58,48.41,0.64,114.0
15,1501,55.67,157.47,43.21,0.59,128.0
15,1502,58.82,162.47,39.43,0.54,130.0
15,1503,58.64,119.01,35.55,0.57,118.0
15,1504,64.14,119.19,46.13,0.63,122.0
15,1505,64.94,137.41,56.54,0.65,130.0
15,1506,62.79,128.51,47.79,0.68,127.0
15,1507,38.84,86.91,38.74,0.54,102.0
15,1508,48.34,103.18,46.78,0.64,91.0
15,1509,45.12,94.43,44.87,0.55,101.0
15,1510,65.14,136.33,51.92,0.73,109.0
15,1511,55.8,113.45,38.85,0.56,123.0
15,1512,35.07,79.95,31.3,0.47,87.0
15,1513,39.32,89.56,35.72,0.54,82.0
15,1514,44.63,107.69,43.43,0.64,94.0
15,1515,57.13,133.36,51.31,0.71,115.0
15,1516,46.64,104.32,39.75,0.57,114.0
15,1517,49.41,119.44,37.02,0.52,100.0
15,1518,54.83,136.81,46.58,0.58,117.0
15,1519,57.06,126.1,44.72,0.62,111.0
15,1520,50.34,127.96,37.89,0.52,112.0
15,1521,55.59,129.12,45.3,0.6,120.0
15,1522,33.05,72.5,30.47,0.44,85.0
15,1523,35.27,68.92,28.79,0.5,68.0
15,1524,40.97,95.61,34.92,0.6,80.0
15,1525,59.27,160.94,42.82,0.64,117.0
15,1526,62.5,160.54,51.51,0.74,136.0
15,1527,66.8,166.23,57.64,0.88,143.0
15,1528,66.34,154.68,45.68,0.67,143.0
15,1529,49.68,118.38,39.57,0.62,122.0
15,1530,45.2,108.68,32.1,0.44,102.0
15,1531,36.59,95.23,29.5,0.41,92.0
15,1532,40.84,105.87,30.23,0.41,97.0
15,1533,41.23,112.41,30.87,0.5,101.0
15,1534,41.63,110.33,34.6,0.44,101.0
15,1535,48.94,121.89,35.69,0.57,104.0
15,1536,39.06,110.0,31.2,0.71,101.0
15,1537,37.73,95.18,31.16,0.54,97.0
15,1538,39.82,102.44,36.09,0.57,93.0
15,1539,30.77,74.26,29.56,0.58,85.0
15,1540,41.63,94.54,30.7,0.58,86.0
15,1541,41.06,90.51,26.62,0.66,95.0
15,1542,36.35,86.97,28.41,0.59,87.0
15,1543,43.36,111.13,37.47,0.73,101.0
15,1544,50.52,118.89,36.62,0.69,111.0
15,1545,50.06,117.86,38.91,0.71,107.0
15,1546,51.5,123.44,40.1,0.74,113.0
15,1547,48.51,115.06,36.61,0.65,107.0
15,1548,55.2,136.99,40.49,0.74,114.0
15,1549,59.8,146.25,47.46,0.79,127.0
15,1550,59.21,140.7,37.75,0.81,132.0
15,1551,48.49,137.92,34.71,0.71,124.0
15,1552,37.8,115.93,36.39,0.56,106.0
15,1553,43.82,119.4,35.96,0.59,114.0
15,1554,45.6,116.3,34.95,0.67,106.0
15,1555,39.01,104.02,32.84,0.58,102.0
15,1556,31.28,84.24,27.38,0.46,93.0
15,1557,37.69,80.2,34.78,0.57,89.0
15,1558,33.48,79.56,25.54,0.48,78.0
15,1559,33.08,85.8,34.43,0.68,80.0
15,1560,40.63,99.2,41.49,0.75,91.0
15,1561,42.14,105.98,41.35,0.77,100.0
15,1562,31.45,73.52,29.76,0.51,87.0
15,1563,36.35,98.89,32.58,0.54,82.0
15,1564,32.69,82.36,40.08,0.63,91.0
15,1565,41.0,102.32,41.38,0.67,102.0
15,1566,37.57,97.74,35.15,0.54,95.0
15,1567,39.47,111.85,34.63,0.55,104.0
15,1568,33.26,87.34,28.9,0.5,91.0
15,1569,43.07,109.83,33.19,0.61,96.0
15,1570,30.74,67.2,30.7,0.51,94.0
15,1571,25.52,60.36,28.22,0.54,69.0
15,1572,24.77,59.67,25.56,0.5,69.0
15,1573,27.5,61.15,26.94,0.53,70.0
15,1574,34.65,83.12,38.86,0.77,96.0
15,1575,29.87,81.6,32.63,0.6,92.0
15,1576,36.16,98.68,34.65,0.65,102.0
15,1577,43.87,116.45,30.94,0.6,108.0
15,1578,51.92,134.45,37.2,0.71,124.0
15,1579,41.82,112.97,27.4,0.6,112.0
15,1580,39.66,98.53,26.75,0.63,103.0
15,1581,38.87,101.79,24.08,0.58,98.0
15,1582,36.43,111.66,24.25,0.56,96.0
15,1583,38.41,141.06,26.61,0.49,111.0
15,1584,36.05,146.83,23.87,0.43,119.0
15,1585,32.12,123.19,25.55,0.48,110.0
15,1586,36.53,126.81,32.84,0.53,106.0
15,1587,43.68,135.12,41.05,0.8,118.0
15,1588,52.95,152.18,54.4,1.08,130.0
15,1589,47.23,152.96,42.65,0.78,133.0
15,1590,46.82,139.1,40.85,0.76,132.0
15,1591,46.39,139.05,44.32,0.8,125.0
15,1592,48.29,136.64,27.81,0.72,121.0
15,1593,37.24,95.62,24.18,0.59,104.0
15,1594,41.34,108.46,26.81,0.62,109.0
15,1595,38.89,105.12,24.57,0.5,98.0
15,1596,42.5,110.8,28.26,0.63,110.0
15,1597,36.62,102.17,28.08,0.61,93.0
15,1598,43.35,123.1,25.97,0.59,109.0
15,1599,48.5,144.54,29.47,0.63,112.0
15,1600,55.84,158.9,39.35,0.84,134.0
15,1601,48.9,124.74,22.09,0.58,120.0
15,1602,43.6,114.83,20.39,0.5,111.0
15,1603,36.78,94.33,22.19,0.51,109.0
15,1604,44.73,111.01,21.49,0.53,104.0
15,1605,37.62,92.55,24.68,0.63,92.0
15,1606,46.56,128.82,33.57,0.68,112.0
15,1607,49.91,144.06,44.65,0.82,124.0
15,1608,41.93,124.03,32.43,0.56,114.0
15,1609,41.88,128.79,33.95,0.6,112.0
15,1610,52.22,148.7,41.52,0.79,124.0
15,1611,42.3,120.31,23.98,0.56,119.0
15,1612,39.47,107.63,24.28,0.59,105.0
15,1613,34.95,95.7,25.81,0.54,95.0
15,1614,44.33,127.37,30.78,0.66,111.0
15,1615,27.67,71.14,19.27,0.44,91.0
15,1616,24.01,54.95,23.84,0.42,75.0
15,1617,35.63,92.7,30.32,0.61,86.0
15,1618,35.67,104.77,23.98,0.43,103.0
15,1619,28.41,68.55,22.08,0.47,89.0
15,1620,32.08,65.33,30.99,0.69,78.0
15,1621,31.14,67.58,23.4,0.45,88.0
15,1622,23.71,54.49,20.71,0.43,75.0
15,1623,12.39,38.63,19.18,0.36,60.0
15,1624,8.7,31.33,15.47,0.32,48.0
15,1625,11.21,28.99,17.24,0.32,39.0
15,1626,15.94,40.79,14.46,0.32,40.0
15,1627,22.29,62.18,13.52,0.31,55.0
15,1628,19.58,61.02,9.26,0.29,57.0
15,1629,23.78,73.19,12.02,0.32,60.0
15,1630,22.29,62.52,10.98,0.32,60.0
15,1631,21.59,63.26,11.54,0.33,60.0
15,1632,18.96,56.2,11.05,0.32,54.0
15,1633,28.11,64.68,16.83,0.42,65.0
15,1634,24.75,40.82,15.01,0.36,60.0
15,1635,26.44,48.17,19.64,0.46,60.0
15,1636,25.45,48.67,19.86,0.48,62.0
15,1637,27.0,52.03,23.58,0.56,62.0
15,1638,18.07,38.92,13.79,0.29,60.0
15,1639,9.85,25.11,11.88,0.27,38.0
15,1640,9.89,21.02,9.71,0.34,35.0
15,1641,12.75,24.02,13.54,0.34,35.0
15,1642,18.55,35.16,16.94,0.34,39.0
15,1643,18.32,38.86,14.66,0.35,44.0
15,1644,17.75,29.98,14.34,0.36,36.0
15,1645,20.08,45.27,12.48,0.35,46.0
15,1646,17.71,38.88,13.84,0.36,49.0
15,1647,16.27,33.26,13.5,0.37,46.0
15,1648,15.95,38.56,8.82,0.39,42.0
15,1649,15.22,37.91,7.09,0.36,47.0
15,1650,16.51,44.22,10.33,0.34,36.0
15,1651,15.35,34.76,10.7,0.35,43.0
15,1652,12.67,31.67,9.99,0.33,36.0
15,1653,16.54,39.46,12.01,0.35,40.0
15,1654,18.41,39.59,15.07,0.42,45.0
15,1655,12.8,34.14,12.2,0.35,46.0
15,1656,14.43,42.52,14.78,0.39,36.0
15,1657,15.96,40.84,13.46,0.39,44.0
15,1658,24.07,72.98,15.32,0.43,60.0
15,1659,22.29,61.44,13.96,0.36,68.0
15,1660,26.43,83.02,14.91,0.41,70.0
15,1661,31.27,73.21,17.52,0.46,89.0
15,1662,20.12,38.84,13.94,0.43,64.0
15,1663,14.08,36.16,13.32,0.41,54.0
15,1664,12.01,37.69,15.41,0.46,48.0
15,1665,8.13,27.42,10.58,0.35,48.0
15,1666,10.24,33.46,11.32,0.37,47.0
15,1667,12.86,34.31,12.51,0.42,49.0
15,1668,14.72,37.9,14.61,0.38,50.0
15,1669,12.96,32.82,11.87,0.36,47.0
15,1670,13.46,32.98,11.57,0.36,47.0
15,1671,8.99,24.55,11.77,0.37,42.0
15,1672,8.48,16.54,12.12,0.3,35.0
15,1673,10.95,24.67,13.33,0.37,37.0
15,1674,10.31,22.89,14.94,0.42,41.0
15,1675,8.01,14.41,13.12,0.36,37.0
15,1676,6.75,12.53,11.92,0.33,39.0
15,1677,6.24,12.61,12.57,0.3,36.0
15,1678,7.95,16.23,12.93,0.33,37.0
15,1679,10.01,21.56,15.18,0.46,51.0
15,1680,9.72,20.37,16.76,0.38,46.0
15,1681,12.45,31.7,19.4,0.42,47.0
15,1682,12.46,36.39,13.58,0.36,46.0
15,1683,11.94,36.04,15.1,0.32,45.0
15,1684,17.37,49.51,16.94,0.37,50.0
15,1685,24.17,66.23,19.45,0.45,63.0
15,1686,29.79,83.11,29.89,0.42,72.0
15,1687,23.12,65.91,25.02,0.36,75.0
15,1688,19.11,52.66,21.68,0.31,58.0
15,1689,17.17,56.16,24.22,0.38,53.0
15,1690,23.03,78.62,24.44,0.38,69.0
15,1691,29.92,96.6,32.88,0.42,89.0
15,1692,25.94,75.83,30.57,0.37,85.0
15,1693,31.38,86.73,29.66,0.48,82.0
15,1694,27.23,79.58,23.96,0.53,75.0
15,1695,20.35,56.42,19.28,0.52,67.0
15,1696,23.71,61.82,16.82,0.43,65.0
15,1697,14.82,48.14,16.19,0.28,51.0
15,1698,14.89,36.89,17.27,0.37,51.0
15,1699,17.16,51.14,19.36,0.38,52.0
15,1700,18.86,65.41,15.9,0.38,65.0
15,1701,19.35,62.16,16.68,0.37,68.0
15,1702,16.92,53.81,17.85,0.42,65.0
15,1703,16.5,35.21,16.99,0.4,54.0
15,1704,13.98,26.77,15.96,0.38,41.0
15,1705,11.85,19.79,12.75,0.4,44.0
15,1706,15.72,31.72,11.79,0.38,38.0
15,1707,12.92,25.24,12.69,0.36,38.0
15,1708,12.2,22.06,12.34,0.38,35.0
15,1709,11.14,23.81,15.09,0.3,32.0
15,1710,11.92,26.23,12.37,0.28,34.0
15,1711,13.65,26.13,12.65,0.3,32.0
15,1712,10.31,23.28,11.43,0.31,33.0
15,1713,13.26,31.13,13.38,0.34,36.0
15,1714,14.98,39.67,13.26,0.31,39.0
15,1715,18.19,52.44,16.45,0.35,50.0
15,1716,21.73,54.59,14.72,0.31,57.0
15,1717,16.32,39.18,13.08,0.34,49.0
15,1718,18.39,43.73,15.41,0.36,48.0
15,1719,22.47,44.63,16.52,0.52,61.0
15,1720,28.23,63.7,15.93,0.38,65.0
15,1721,28.85,65.7,14.76,0.4,65.0
15,1722,25.01,47.59,22.53,0.51,65.0
15,1723,25.6,42.83,21.02,0.53,56.0
15,1724,20.54,35.92,21.37,0.48,53.0
15,1725,25.81,56.75,19.01,0.46,61.0
15,1726,27.01,56.52,22.14,0.48,61.0
15,1727,32.95,62.68,25.85,0.63,65.0
15,1728,28.07,45.66,25.87,0.5,60.0
15,1729,22.37,34.73,21.84,0.45,49.0
15,1730,20.4,37.11,15.21,0.44,53.0
15,1731,15.49,30.07,14.23,0.33,38.0
15,1732,25.85,47.6,15.5,0.4,44.0
15,1733,33.27,65.29,21.56,0.62,63.0
15,1734,41.11,65.51,28.89,0.82,75.0
15,1735,39.12,62.5,21.75,0.67,87.0
15,1736,31.98,69.4,21.43,0.53,72.0
15,1737,32.24,72.14,24.9,0.59,85.0
15,1738,34.73,70.39,24.27,0.65,81.0
15,1739,40.22,75.69,26.37,0.61,71.0
15,1740,42.99,65.7,26.42,0.62,82.0
15,1741,50.79,81.52,23.98,0.57,86.0
15,1742,56.9,83.53,21.05,0.57,95.0
15,1743,54.17,79.18,25.34,0.66,92.0
15,1744,39.07,64.26,32.44,0.63,80.0
15,1745,34.57,56.51,26.75,0.55,70.0
15,1746,34.91,61.3,27.6,0.56,67.0
15,1747,36.35,61.96,24.49,0.58,70.0
15,1748,53.22,94.89,24.54,0.56,88.0
15,1749,52.62,100.99,23.13,0.54,98.0
15,1750,59.41,104.37,28.52,0.67,98.0
15,1751,48.12,94.64,27.32,0.63,117.0
15,1752,24.3,52.38,20.85,0.5,64.0
15,1753,22.92,54.35,21.67,0.48,54.0
15,1754,28.04,51.18,23.54,0.62,63.0
15,1755,22.03,46.72,21.12,0.51,53.0
15,1756,41.03,71.08,27.1,0.65,71.0
15,1757,37.8,70.86,23.75,0.57,78.0
15,1758,22.53,43.48,19.81,0.6,72.0
15,1759,23.54,56.62,22.14,0.49,51.0
15,1760,18.81,42.64,18.42,0.44,52.0
15,1761,40.65,51.1,21.39,0.45,59.0
15,1762,64.09,94.5,24.01,0.59,126.0
15,1763,42.04,74.5,25.96,0.64,94.0
15,1764,40.41,72.97,26.24,0.98,82.0
15,1765,21.39,51.57,19.89,0.86,76.0
15,1766,22.51,54.11,20.95,0.46,54.0
15,1767,29.98,70.0,25.34,0.61,66.0
15,1768,37.22,84.04,22.49,0.59,84.0
15,1769,57.61,115.79,25.82,0.64,96.0
15,1770,84.85,157.6,36.15,0.75,155.0
15,1771,84.0,155.75,35.47,0.85,177.0
15,1772,70.7,125.56,27.89,0.65,155.0
15,1773,69.8,129.17,29.95,0.71,131.0
15,1774,81.35,146.94,29.9,0.67,156.0
15,1775,72.38,133.78,28.07,0.57,169.0
15,1776,60.06,122.21,30.62,0.64,122.0
15,1777,56.27,111.69,27.67,0.48,104.0
15,1778,62.64,120.38,32.29,0.55,123.0
15,1779,67.77,124.6,28.91,0.6,125.0
15,1780,69.15,130.32,34.06,0.67,127.0
15,1781,66.42,134.25,33.39,0.67,141.0
15,1782,70.79,135.59,30.37,0.66,131.0
15,1783,76.03,153.76,35.4,0.71,145.0
15,1784,82.72,159.66,32.85,0.68,165.0
15,1785,84.11,153.06,38.32,0.69,181.0
15,1786,78.63,137.03,38.44,0.7,161.0
15,1787,76.7,143.27,40.26,0.76,161.0
15,1788,75.82,146.29,42.14,0.77,159.0
15,1789,80.31,147.9,38.39,0.79,156.0
15,1790,86.18,152.32,35.5,0.72,163.0
15,1791,80.88,147.41,31.01,0.7,176.0
15,1792,71.3,141.73,38.76,0.85,154.0
15,1793,74.49,141.9,49.64,0.88,146.0
15,1794,62.42,117.76,44.76,0.79,129.0
15,1795,63.81,129.5,40.93,0.79,127.0
15,1796,61.97,115.41,32.04,0.7,127.0
15,1797,45.57,78.45,26.88,0.61,92.0
15,1798,47.66,80.56,36.08,0.75,75.0
15,1799,79.37,134.99,38.31,0.81,144.0
15,1800,82.44,152.49,47.96,0.92,172.0
15,1801,85.82,164.16,46.9,0.86,178.0
15,1802,83.29,152.67,49.14,0.82,186.0
15,1803,67.07,126.99,42.75,0.83,156.0
15,1804,57.77,111.21,41.58,0.89,119.0
15,1805,58.14,116.77,43.91,0.86,117.0
15,1806,64.73,122.45,45.83,0.92,125.0
15,1807,55.77,109.27,44.15,0.78,125.0
15,1808,31.86,69.75,32.41,0.61,85.0
15,1809,40.8,83.56,35.37,0.67,78.0
15,1810,43.43,78.64,31.45,0.66,87.0
15,1811,50.84,100.38,39.89,0.75,96.0
15,1812,69.16,129.71,45.94,0.84,120.0
15,1813,75.72,146.93,48.4,0.91,150.0
15,1814,75.66,147.41,45.84,0.92,147.0
15,1815,78.86,152.23,52.39,1.0,151.0
15,1816,82.1,156.27,45.79,0.84,172.0
15,1817,77.15,141.72,41.34,0.66,166.0
15,1818,74.42,132.56,41.57,0.73,157.0
15,1819,62.38,109.07,34.51,0.63,130.0
15,1820,72.06,123.2,33.0,0.74,131.0
15,1821,62.79,114.8,33.93,0.75,128.0
15,1822,56.3,119.06,36.66,0.73,119.0
15,1823,73.73,141.13,39.62,0.72,130.0
15,1824,80.23,149.05,44.53,0.79,158.0
15,1825,72.02,127.34,36.32,0.81,143.0
15,1826,47.37,82.17,30.94,0.68,107.0
15,1827,41.19,69.42,25.88,0.65,82.0
15,1828,30.8,56.0,27.43,0.61,64.0
15,1829,33.09,57.88,25.24,0.57,64.0
15,1830,57.96,106.32,29.78,0.7,87.0
15,1831,64.52,113.98,34.05,0.57,112.0
15,1832,56.86,101.12,36.85,0.75,125.0
15,1833,51.1,89.73,30.38,0.6,93.0
15,1834,40.04,74.46,25.03,0.45,82.0
15,1835,46.45,88.34,29.5,0.52,84.0
15,1836,74.35,129.65,29.58,0.52,123.0
15,1837,74.55,141.86,41.69,0.62,149.0
15,1838,67.37,137.74,42.49,0.57,140.0
15,1839,65.69,135.4,46.15,0.61,128.0
15,1840,72.24,139.44,40.97,0.63,134.0
15,1841,50.23,86.93,25.29,0.42,119.0
15,1842,35.28,65.41,22.05,0.38,76.0
15,1843,31.16,63.66,27.84,0.44,66.0
15,1844,35.01,74.36,29.5,0.48,69.0
15,1845,34.14,71.2,27.74,0.43,74.0
15,1846,39.98,83.38,30.46,0.47,77.0
15,1847,37.27,89.76,32.37,0.46,84.0
15,1848,38.79,85.47,31.8,0.48,84.0
15,1849,56.38,115.76,43.87,0.62,106.0
15,1850,63.09,128.53,49.49,0.66,125.0
15,1851,67.01,141.41,47.05,0.7,133.0
15,1852,62.52,138.48,43.0,0.63,131.0
15,1853,57.99,119.51,38.53,0.56,128.0
15,1854,51.37,105.71,29.77,0.45,107.0
15,1855,58.15,132.5,38.77,0.56,128.0
15,1856,68.2,149.58,36.66,0.57,126.0
15,1857,59.22,131.21,38.18,0.47,141.0
15,1858,38.88,83.63,40.69,0.4,99.0
15,1859,40.2,86.11,29.28,0.45,77.0
15,1860,36.94,79.23,30.21,0.42,76.0
15,1861,27.77,68.94,31.23,0.42,71.0
15,1862,32.73,79.91,34.88,0.44,70.0
15,1863,30.56,83.58,41.17,0.4,80.0
15,1864,32.21,85.67,28.37,0.39,80.0
15,1865,38.5,82.42,28.55,0.45,79.0
15,1866,41.49,67.47,27.11,0.49,82.0
15,1867,39.28,71.1,29.29,0.48,68.0
15,1868,42.7,80.0,29.93,0.49,75.0
15,1869,56.38,105.86,36.64,0.6,94.0
15,1870,61.85,130.5,43.3,0.6,122.0
15,1871,74.29,149.4,60.15,0.85,146.0
15,1872,66.96,142.86,57.58,0.8,154.0
15,1873,65.61,134.24,43.19,0.56,140.0
15,1874,59.75,138.05,44.99,0.63,126.0
15,1875,45.93,120.32,47.25,0.57,116.0
15,1876,49.6,116.05,44.57,0.58,112.0
15,1877,45.57,94.57,27.45,0.41,97.0
15,1878,35.27,76.37,22.96,0.35,86.0
15,1879,28.81,77.15,27.78,0.37,72.0
15,1880,25.6,64.14,24.85,0.39,68.0
15,1881,32.51,77.92,27.31,0.46,70.0
15,1882,42.14,107.78,28.15,0.46,86.0
15,1883,55.84,134.28,34.26,0.51,112.0
15,1884,38.49,108.25,33.43,0.41,108.0
15,1885,40.35,103.27,29.75,0.43,97.0
15,1886,42.44,94.49,25.56,0.51,91.0
15,1887,43.21,93.93,27.41,0.58,92.0
15,1888,48.6,98.66,31.95,0.59,95.0
15,1889,49.59,101.91,27.73,0.52,97.0
15,1890,46.51,109.13,29.56,0.52,106.0
15,1891,57.23,135.4,37.61,0.64,113.0
15,1892,33.87,85.6,23.4,0.44,100.0
15,1893,38.58,92.91,25.4,0.46,85.0
15,1894,33.94,68.49,22.05,0.46,77.0
15,1895,32.84,75.09,22.79,0.5,70.0
15,1896,25.67,60.08,21.21,0.44,65.0
15,1897,29.93,75.82,26.85,0.48,62.0
15,1898,31.53,86.96,30.61,0.58,78.0
15,1899,27.51,78.19,25.71,0.46,79.0
15,1900,33.45,83.27,28.19,0.53,75.0
15,1901,32.03,81.84,27.55,0.49,82.0
15,1902,27.86,68.18,28.5,0.53,71.0
15,1903,25.08,69.94,29.65,0.47,67.0
15,1904,26.32,68.45,31.53,0.51,67.0
15,1905,43.39,97.86,33.52,0.68,87.0
15,1906,33.71,72.83,25.04,0.52,79.0
15,1907,39.85,103.66,24.68,0.57,84.0
15,1908,38.0,85.6,20.45,0.49,102.0
15,1909,37.97,72.32,14.21,0.46,73.0
15,1910,28.75,59.24,12.33,0.4,66.0
15,1911,28.47,59.28,12.7,0.4,60.0
15,1912,29.0,60.99,12.23,0.37,59.0
15,1913,34.09,67.6,12.16,0.36,65.0
15,1914,36.17,67.08,11.67,0.39,70.0
15,1915,42.07,75.41,19.37,0.47,75.0
15,1916,34.79,65.96,19.35,0.41,72.0
15,1917,42.42,72.92,19.9,0.49,68.0
15,1918,47.96,83.65,19.98,0.65,87.0
15,1919,48.05,80.7,19.75,0.55,88.0
15,1920,38.13,69.42,18.95,0.51,73.0
15,1921,37.34,72.16,21.26,0.5,67.0
15,1922,30.18,57.17,16.71,0.44,66.0
15,1923,27.87,64.99,18.52,0.66,64.0
15,1924,19.76,39.6,22.67,0.8,77.0
15,1925,19.94,43.45,20.46,0.41,56.0
15,1926,29.36,61.5,25.74,0.51,59.0
15,1927,18.95,36.93,31.96,0.52,62.0
15,1928,23.99,43.01,27.24,0.38,55.0
15,1929,33.4,59.02,21.68,0.4,61.0
15,1930,35.21,66.35,18.03,0.41,68.0
15,1931,38.07,78.8,19.72,0.38,74.0
15,1932,33.99,68.75,18.3,0.41,74.0
15,1933,37.13,68.87,18.82,0.49,70.0
15,1934,38.44,75.93,21.35,0.51,74.0
15,1935,35.67,63.08,25.01,0.5,75.0
15,1936,30.21,61.21,24.42,0.38,67.0
15,1937,26.47,57.08,25.39,0.38,58.0
15,1938,22.83,42.44,29.99,0.5,54.0
15,1939,25.12,46.3,26.18,0.39,50.0
15,1940,27.57,62.7,24.7,0.45,53.0
15,1941,28.99,54.72,22.09,0.44,63.0
15,1942,31.76,72.38,24.4,0.46,62.0
15,1943,29.9,59.77,20.64,0.42,71.0
15,1944,23.51,56.45,21.98,0.44,56.0
15,1945,23.36,53.68,19.73,0.39,56.0
15,1946,16.03,37.73,22.21,0.41,51.0
15,1947,21.12,54.39,24.27,0.6,59.0
15,1948,22.69,53.46,22.43,0.64,67.0
15,1949,24.62,51.4,25.22,0.54,54.0
15,1950,33.03,80.72,26.32,0.49,70.0
15,1951,28.18,69.69,22.57,0.48,77.0
15,1952,31.36,75.39,24.86,0.45,71.0
15,1953,25.18,59.71,21.51,0.52,73.0
15,1954,26.84,58.71,21.67,0.41,59.0
15,1955,27.46,66.53,22.97,0.45,65.0
15,1956,29.56,61.16,21.1,0.37,69.0
15,1957,28.15,47.77,26.08,0.43,65.0
15,1958,38.65,82.55,30.29,0.53,83.0
15,1959,32.09,62.6,27.82,0.47,74.0
15,1960,24.1,54.77,24.07,0.38,64.0
15,1961,25.06,53.65,21.85,0.35,60.0
15,1962,24.12,56.89,23.33,0.34,60.0
15,1963,27.65,61.38,26.37,0.46,67.0
15,1964,32.47,72.72,28.5,0.49,70.0
15,1965,31.05,71.9,27.66,0.43,72.0
15,1966,42.41,122.45,30.17,0.52,93.0
15,1967,36.62,134.25,31.45,0.44,106.0
15,1968,31.59,118.03,33.69,0.43,109.0
15,1969,39.91,137.19,38.9,0.68,114.0
15,1970,44.09,147.59,35.83,0.62,122.0
15,1971,41.03,124.09,26.38,0.52,116.0
15,1972,33.07,97.27,22.72,0.44,102.0
15,1973,32.51,85.85,23.19,0.45,89.0
15,1974,28.66,90.2,24.26,0.44,87.0
15,1975,26.7,96.67,26.37,0.41,86.0
15,1976,21.07,79.56,24.05,0.34,84.0
15,1977,18.56,60.6,23.9,0.33,65.0
15,1978,25.17,60.07,27.75,0.43,67.0
15,1979,30.0,54.63,30.48,0.42,55.0
15,1980,16.47,31.29,23.75,0.33,79.0
15,1981,11.74,24.32,20.72,0.34,38.0
15,1982,13.93,28.72,18.89,0.3,33.0
15,1983,19.57,52.74,22.78,0.3,38.0
15,1984,23.02,74.58,20.88,0.29,58.0
15,1985,19.49,59.86,18.0,0.3,64.0
15,1986,20.2,68.79,19.5,0.32,54.0
15,1987,17.96,56.02,19.43,0.31,57.0
15,1988,20.26,42.43,21.57,0.28,48.0
15,1989,19.96,45.14,23.97,0.27,42.0
15,1990,17.19,35.96,21.01,0.28,42.0
15,1991,9.87,23.48,19.35,0.29,38.0
15,1992,9.8,22.79,19.97,0.26,32.0
15,1993,13.53,31.78,19.95,0.31,33.0
15,1994,10.31,20.76,17.7,0.31,31.0
15,1995,10.31,20.97,18.86,0.28,29.0
15,1996,14.04,33.09,18.92,0.26,30.0
15,1997,20.19,55.14,20.73,0.27,37.0
15,1998,22.5,63.77,19.96,0.26,52.0
15,1999,24.0,72.01,21.8,0.25,56.0
15,2000,22.91,68.3,21.71,0.26,60.0
15,2001,22.36,56.6,22.45,0.32,51.0
15,2002,21.25,45.4,24.72,0.36,51.0
15,2003,22.41,46.29,25.42,0.35,52.0
15,2004,27.05,54.96,21.78,0.34,52.0
15,2005,23.29,44.2,22.64,0.36,58.0
15,2006,15.8,32.18,22.73,0.36,49.0
15,2007,20.24,44.74,27.59,0.38,47.0
15,2008,19.38,41.95,24.58,0.39,46.0
15,2009,26.83,66.5,27.18,0.43,48.0
16,896,,,,,
16,897,,,,,
16,898,,,,,
16,899,,,,,
16,900,,,,,
16,901,64.78,99.43,10.69,0.73,
16,902,70.1,75.55,6.16,0.81,149.0
16,903,67.5,93.8,2.98,0.71,126.0
16,904,24.8,31.95,3.11,0.74,85.0
16,905,32.3,47.4,3.27,0.68,62.0
16,906,55.36,73.69,1.68,0.77,77.0
16,907,47.62,79.52,0.01,0.73,86.0
16,908,61.34,100.61,0.07,1.01,90.0
16,909,36.51,65.54,,0.82,85.0
16,910,19.66,23.81,6.36,0.86,59.0
16,911,16.8,14.47,5.9,0.67,50.0
16,912,14.37,23.25,5.7,0.57,43.0
16,913,25.14,26.17,6.02,0.89,55.0
16,914,28.74,33.12,5.99,1.02,80.0
16,915,39.4,51.67,3.67,0.86,58.0
16,916,52.82,76.36,6.86,0.8,78.0
16,917,56.88,91.07,10.75,0.74,94.0
16,918,68.1,101.47,10.53,0.56,107.0
16,919,60.61,80.86,10.05,0.64,118.0
16,920,54.57,1.02,9.68,0.67,96.0
16,921,46.43,,10.14,0.64,85.0
16,922,44.47,,10.29,0.68,75.0
16,923,81.08,120.51,11.14,1.8,108.0
16,924,41.86,0.42,,1.46,134.0
16,925,33.25,34.01,10.95,0.74,61.0
16,926,30.59,41.65,11.36,0.72,53.0
16,927,45.02,64.8,15.55,0.8,67.0
16,928,44.54,83.5,21.27,0.79,81.0
16,929,33.83,76.56,21.08,0.77,83.0
16,930,33.98,84.18,20.67,0.7,75.0
16,931,15.55,52.25,21.12,0.42,
16,932,30.57,89.06,15.02,0.42,82.0
16,933,28.19,73.55,20.46,0.41,86.0
16,934,18.78,55.4,23.7,0.17,66.0
16,935,14.6,70.7,24.55,0.1,
16,936,11.5,58.7,25.02,0.1,
16,937,21.49,86.2,24.6,0.39,
16,938,28.82,89.59,24.67,0.22,89.0
16,939,26.78,80.29,24.5,0.34,86.0
16,940,33.62,93.94,24.74,0.17,88.0
16,941,,,,,95.0
16,942,,,,,
16,943,35.46,95.5,24.24,0.47,
16,944,43.26,113.04,24.5,0.13,103.0
16,945,44.16,123.14,24.26,0.35,
16,946,31.91,95.79,21.16,0.23,106.0
16,947,63.95,175.36,24.65,0.69,115.0
16,948,68.29,190.23,24.79,0.61,157.0
16,949,82.07,214.16,24.63,0.62,173.0
16,950,72.83,162.79,24.76,0.68,161.0
16,951,60.86,120.88,24.55,0.81,118.0
16,952,50.6,116.45,28.04,0.74,116.0
16,953,44.02,95.86,31.2,0.68,103.0
16,954,35.78,91.05,30.79,0.62,96.0
16,955,25.56,75.22,30.21,0.57,83.0
16,956,28.29,84.76,29.39,0.53,78.0
16,957,40.2,107.44,30.08,0.77,92.0
16,958,39.21,122.7,30.34,0.8,116.0
16,959,43.4,123.6,30.61,0.57,112.0
16,960,,,,0.0,117.0
16,961,,,,0.0,
16,962,,,,0.0,
16,963,,,,0.0,
16,964,34.1,88.05,31.26,0.39,
16,965,34.1,101.56,30.02,0.62,95.0
16,966,34.1,71.91,30.72,0.69,88.0
16,967,34.1,87.22,31.43,0.72,76.0
16,968,34.1,78.76,31.04,0.68,88.0
16,969,34.1,111.8,31.13,0.65,91.0
16,970,34.1,105.38,30.39,0.61,107.0
16,971,28.79,107.75,26.11,0.86,118.0
16,972,28.29,82.67,27.59,0.79,
16,973,25.35,73.02,26.68,0.64,115.0
16,974,22.64,62.19,25.78,0.55,130.0
16,975,22.13,129.39,26.03,0.55,184.0
16,976,25.23,76.9,26.6,0.45,233.0
16,977,16.29,76.67,26.42,0.13,79.0
16,978,21.38,105.84,27.74,0.18,92.0
16,979,20.83,107.61,27.81,0.19,105.0
16,980,26.72,119.22,28.13,0.23,110.0
16,981,31.5,134.85,29.7,0.26,118.0
16,982,27.4,127.1,29.02,0.24,119.0
16,983,29.31,141.03,29.37,0.24,127.0
16,984,29.82,134.31,28.04,0.2,127.0
16,985,27.27,119.65,27.34,0.18,111.0
16,986,24.81,100.32,27.2,0.2,111.0
16,987,22.04,93.43,27.68,0.24,91.0
16,988,32.23,129.25,29.45,0.32,102.0
16,989,38.06,159.03,29.1,0.2,142.0
16,990,42.42,166.8,29.0,0.21,135.0
16,991,36.33,158.2,28.37,0.22,149.0
16,992,38.83,166.38,31.45,0.31,138.0
16,993,30.51,138.75,32.22,0.94,146.0
16,994,37.34,147.92,41.96,0.86,164.0
16,995,37.63,123.45,42.54,0.7,125.0
16,996,50.0,86.61,35.41,0.21,88.0
16,997,54.45,99.61,41.12,0.23,84.0
16,998,58.92,103.16,38.77,0.21,118.0
16,999,45.26,91.97,37.89,0.19,96.0
16,1000,,,,0.0,
16,1001,66.73,121.45,48.71,0.25,128.0
16,1002,50.59,93.76,47.48,0.16,109.0
16,1003,78.87,135.61,54.73,0.23,139.0
16,1004,92.75,156.57,58.87,0.3,190.0
16,1005,80.91,132.15,57.12,0.27,202.0
16,1006,60.15,103.81,49.69,0.25,114.0
16,1007,72.27,126.14,54.68,0.23,118.0
16,1008,91.49,168.86,60.61,0.25,181.0
16,1009,67.43,49.68,46.53,0.17,168.0
16,1010,71.82,127.56,52.72,0.28,
16,1011,82.3,136.85,45.85,0.24,159.0
16,1012,90.96,137.4,44.42,0.24,195.0
16,1013,112.8,167.67,47.37,0.29,235.0
16,1014,89.21,137.5,50.37,0.31,244.0
16,1015,101.04,148.16,32.03,0.3,206.0
16,1016,99.52,163.82,18.55,0.31,232.0
16,1017,108.16,185.03,21.24,0.58,254.0
16,1018,105.56,203.48,22.34,0.8,275.0
16,1019,104.08,177.3,25.56,0.83,238.0
16,1020,79.51,183.07,15.79,0.91,225.0
16,1021,87.06,199.42,49.67,0.68,249.0
16,1022,98.97,209.76,35.33,0.6,250.0
16,1023,75.56,185.42,29.65,0.62,213.0
16,1024,133.05,242.1,22.99,0.78,213.0
16,1025,126.59,220.78,26.3,0.65,276.0
16,1026,71.63,164.83,30.26,0.52,240.0
16,1027,64.19,157.92,32.33,0.61,197.0
16,1028,73.93,169.87,29.67,0.6,142.0
16,1029,121.26,241.74,36.99,1.02,246.0
16,1030,124.18,233.76,26.0,0.9,295.0
16,1031,96.68,191.48,25.3,1.25,226.0
16,1032,88.72,179.77,33.57,0.94,226.0
16,1033,70.41,149.33,27.97,0.85,180.0
16,1034,88.45,192.4,37.92,0.75,195.0
16,1035,110.96,199.97,52.65,0.98,233.0
16,1036,109.77,191.69,60.14,1.16,256.0
16,1037,75.66,149.72,65.02,0.73,210.0
16,1038,77.68,179.69,55.5,0.64,171.0
16,1039,107.35,208.45,34.61,0.64,211.0
16,1040,104.86,179.0,32.01,0.65,252.0
16,1041,102.63,184.37,64.42,0.89,244.0
16,1042,122.13,235.07,84.94,1.19,275.0
16,1043,97.73,206.93,62.27,1.35,251.0
16,1044,95.4,202.82,64.47,1.34,208.0
16,1045,124.91,245.62,81.3,1.0,257.0
16,1046,119.13,245.38,72.86,0.98,275.0
16,1047,173.72,221.93,64.07,1.15,270.0
16,1048,137.56,224.06,61.48,1.31,333.0
16,1049,84.21,152.03,22.51,0.68,193.0
16,1050,90.76,159.11,25.04,0.54,199.0
16,1051,102.37,176.02,22.1,0.48,221.0
16,1052,152.82,189.76,25.8,0.64,276.0
16,1053,90.89,143.58,25.34,0.55,220.0
16,1054,247.89,220.31,25.3,0.81,295.0
16,1055,70.12,124.92,27.79,0.53,280.0
16,1056,63.22,121.42,39.4,0.51,157.0
16,1057,66.56,138.6,44.86,0.19,185.0
16,1058,76.04,165.07,57.6,0.08,153.0
16,1059,112.71,208.73,94.41,0.13,230.0
16,1060,120.58,224.97,117.03,0.31,256.0
16,1061,165.57,251.58,118.92,0.0,305.0
16,1062,109.53,200.67,100.76,0.0,304.0
16,1063,102.04,198.49,103.82,0.0,203.0
16,1064,116.2,226.64,108.17,0.0,249.0
16,1065,106.23,223.61,95.01,0.0,249.0
16,1066,98.1,176.81,85.5,0.0,215.0
16,1067,161.94,160.86,66.57,0.0,336.0
16,1068,101.06,171.25,70.26,0.0,234.0
16,1069,119.08,196.77,62.8,0.0,253.0
16,1070,136.16,170.11,42.43,0.0,265.0
16,1071,89.75,154.46,27.2,0.0,218.0
16,1072,82.61,153.87,29.33,0.0,198.0
16,1073,84.81,178.79,26.92,0.0,187.0
16,1074,89.74,195.03,26.37,0.0,197.0
16,1075,72.32,142.66,21.7,0.0,182.0
16,1076,52.64,104.96,19.59,0.0,121.0
16,1077,58.96,103.7,21.16,0.0,93.0
16,1078,52.76,103.23,20.25,0.0,113.0
16,1079,43.67,81.34,15.56,0.0,93.0
16,1080,54.27,95.76,18.51,0.0,88.0
16,1081,43.25,84.63,14.84,0.0,89.0
16,1082,69.9,162.87,12.72,0.0,103.0
16,1083,50.09,122.76,11.7,0.0,153.0
16,1084,85.99,233.77,4.9,0.0,140.0
16,1085,67.74,157.34,38.79,0.0,174.0
16,1086,48.39,114.04,27.05,0.0,130.0
16,1087,31.24,82.12,22.79,0.0,96.0
16,1088,50.68,143.67,39.61,0.0,103.0
16,1089,70.37,145.27,48.02,0.0,147.0
16,1090,60.28,139.44,42.35,0.0,154.0
16,1091,154.11,179.15,52.75,0.0,242.0
16,1092,75.44,194.31,26.19,0.0,194.0
16,1093,102.64,173.48,37.42,0.0,227.0
16,1094,65.88,169.41,48.94,0.0,148.0
16,1095,68.64,203.76,48.01,0.0,174.0
16,1096,81.93,167.95,34.78,0.0,153.0
16,1097,82.33,178.65,43.34,0.0,221.0
16,1098,89.98,206.62,43.11,0.0,206.0
16,1099,106.38,246.82,84.12,0.0,232.0
16,1100,80.07,184.38,70.61,0.0,225.0
16,1101,87.46,168.34,69.13,0.0,177.0
16,1102,95.36,188.25,70.75,0.0,234.0
16,1103,70.3,148.31,58.29,0.0,183.0
16,1104,78.86,186.29,76.84,0.0,164.0
16,1105,89.46,193.76,69.36,0.0,193.0
16,1106,94.76,201.64,85.95,0.0,239.0
16,1107,88.44,192.72,102.56,0.0,211.0
16,1108,96.1,204.94,73.96,0.0,198.0
16,1109,105.77,225.04,81.74,0.0,260.0
16,1110,83.29,177.58,27.88,0.0,171.0
16,1111,67.74,147.77,16.57,0.0,173.0
16,1112,71.2,147.79,14.07,0.0,141.0
16,1113,52.41,95.02,16.29,0.0,116.0
16,1114,73.67,150.86,13.42,0.0,124.0
16,1115,84.48,162.69,14.47,0.0,190.0
16,1116,94.69,171.49,17.15,0.0,223.0
16,1117,84.69,159.86,18.37,0.01,189.0
16,1118,67.67,151.15,17.24,0.22,171.0
16,1119,67.38,139.83,22.56,0.21,148.0
16,1120,84.31,150.18,40.92,0.31,181.0
16,1121,86.57,136.44,43.76,0.42,163.0
16,1122,95.31,165.34,47.69,0.5,247.0
16,1123,72.7,125.73,35.06,0.46,171.0
16,1124,67.97,125.41,32.42,1.23,167.0
16,1125,59.22,128.24,31.76,1.16,154.0
16,1126,99.61,255.39,42.64,1.36,219.0
16,1127,69.6,194.82,34.65,1.18,208.0
16,1128,71.01,202.91,19.91,1.7,177.0
16,1129,79.98,163.54,18.69,0.83,168.0
16,1130,49.84,142.6,22.09,0.75,140.0
16,1131,56.54,131.3,24.31,0.83,132.0
16,1132,116.02,143.84,25.7,0.75,153.0
16,1133,311.35,122.86,21.31,0.91,305.0
16,1134,130.52,125.18,21.3,1.1,291.0
16,1135,53.61,133.57,25.11,0.89,208.0
16,1136,61.1,142.45,21.12,1.23,140.0
16,1137,68.06,130.41,17.46,0.54,158.0
16,1138,77.44,153.69,14.99,0.48,204.0
16,1139,56.46,94.19,19.03,0.6,140.0
16,1140,61.48,115.9,28.36,0.62,146.0
16,1141,79.69,95.49,27.64,0.59,114.0
16,1142,70.2,120.24,28.2,1.18,156.0
16,1143,73.01,151.38,33.56,1.51,174.0
16,1144,107.82,195.09,44.05,1.65,221.0
16,1145,103.08,206.35,39.2,0.71,275.0
16,1146,65.08,170.79,41.52,1.17,198.0
16,1147,65.66,169.44,64.87,1.41,167.0
16,1148,105.11,191.24,60.04,1.55,223.0
16,1149,116.61,218.51,48.54,1.43,254.0
16,1150,146.31,200.22,48.56,1.34,311.0
16,1151,74.56,173.37,49.15,0.98,180.0
16,1152,49.48,132.12,37.71,0.83,148.0
16,1153,42.24,111.95,43.16,0.81,107.0
16,1154,56.23,140.03,39.9,0.89,130.0
16,1155,55.39,135.15,39.98,0.99,154.0
16,1156,64.1,125.46,34.24,0.75,147.0
16,1157,55.62,96.5,38.45,0.76,118.0
16,1158,51.15,106.4,50.57,0.67,111.0
16,1159,56.89,112.89,45.56,0.71,114.0
16,1160,31.08,65.63,39.92,0.65,105.0
16,1161,33.67,76.99,47.97,0.65,98.0
16,1162,44.18,87.4,51.18,0.79,103.0
16,1163,30.45,74.35,43.17,0.62,100.0
16,1164,32.75,93.2,39.37,0.68,99.0
16,1165,45.01,101.44,38.12,0.77,127.0
16,1166,34.41,93.48,42.62,0.61,113.0
16,1167,42.66,114.52,47.37,1.07,118.0
16,1168,55.22,134.5,47.85,1.2,133.0
16,1169,47.13,149.6,41.97,0.67,126.0
16,1170,43.63,145.77,42.68,0.82,133.0
16,1171,50.2,145.28,36.64,0.69,137.0
16,1172,41.0,110.91,37.36,0.71,124.0
16,1173,33.6,95.43,34.5,0.76,116.0
16,1174,44.62,117.03,29.87,0.78,113.0
16,1175,41.72,102.34,39.72,0.78,115.0
16,1176,56.15,170.32,34.22,0.67,125.0
16,1177,52.94,137.88,29.2,0.73,146.0
16,1178,40.63,99.92,29.49,0.79,113.0
16,1179,48.33,99.02,38.26,0.73,117.0
16,1180,56.76,120.57,40.11,0.69,139.0
16,1181,56.16,122.38,48.03,1.17,121.0
16,1182,76.01,193.53,53.0,1.67,172.0
16,1183,49.92,145.62,34.58,0.86,140.0
16,1184,46.52,123.85,34.81,0.91,131.0
16,1185,60.9,165.81,35.24,0.72,151.0
16,1186,43.4,128.46,28.65,0.56,140.0
16,1187,54.63,150.31,26.69,0.72,134.0
16,1188,60.99,147.7,29.31,0.84,150.0
16,1189,62.79,164.25,33.62,0.83,181.0
16,1190,55.95,159.23,37.81,1.18,142.0
16,1191,62.98,168.6,35.89,0.74,151.0
16,1192,56.87,165.54,24.82,0.77,145.0
16,1193,45.6,130.82,34.27,1.03,157.0
16,1194,49.85,131.99,22.81,1.06,158.0
16,1195,39.81,114.73,25.52,0.8,127.0
16,1196,48.96,132.35,28.91,0.53,129.0
16,1197,42.24,107.11,30.38,0.66,116.0
16,1198,26.2,57.9,25.04,0.52,100.0
16,1199,27.64,67.81,39.4,0.68,97.0
16,1200,33.56,96.36,36.24,0.64,124.0
16,1201,37.67,114.8,35.9,0.6,125.0
16,1202,57.56,188.52,40.43,0.63,130.0
16,1203,51.78,162.73,35.93,0.61,153.0
16,1204,54.55,155.48,37.14,0.58,149.0
16,1205,64.1,167.26,45.78,0.78,140.0
16,1206,79.58,283.19,38.54,0.85,202.0
16,1207,126.39,476.74,30.55,0.53,434.0
16,1208,36.29,123.99,34.2,0.5,185.0
16,1209,96.02,109.14,33.55,0.7,173.0
16,1210,98.88,132.15,48.53,1.15,124.0
16,1211,56.46,141.44,60.46,1.19,157.0
16,1212,55.72,167.8,49.13,0.84,136.0
16,1213,76.08,203.97,53.92,0.71,176.0
16,1214,58.94,182.58,44.65,0.66,179.0
16,1215,56.72,181.87,32.45,0.5,157.0
16,1216,53.42,182.6,34.49,0.46,158.0
16,1217,56.81,210.23,40.11,0.7,147.0
16,1218,65.79,224.58,29.32,0.6,168.0
16,1219,47.86,155.74,26.94,0.49,172.0
16,1220,51.16,132.15,25.09,0.73,150.0
16,1221,60.11,148.22,34.71,0.77,160.0
16,1222,67.36,168.37,25.6,0.67,171.0
16,1223,53.19,145.71,26.45,0.86,176.0
16,1224,96.38,295.96,29.69,0.96,250.0
16,1225,55.01,148.03,24.3,0.74,181.0
16,1226,52.1,126.26,35.04,0.84,153.0
16,1227,60.83,146.01,46.07,0.8,137.0
16,1228,55.45,155.01,36.61,0.94,157.0
16,1229,76.41,223.93,32.45,1.85,152.0
16,1230,83.35,266.9,24.54,1.77,255.0
16,1231,78.39,202.16,27.49,2.1,204.0
16,1232,71.69,196.66,41.27,2.11,194.0
16,1233,70.42,199.7,37.41,0.8,181.0
16,1234,56.88,153.33,38.21,0.91,156.0
16,1235,66.11,166.85,16.03,0.88,161.0
16,1236,54.57,223.76,21.16,0.83,172.0
16,1237,57.33,143.79,19.16,0.82,193.0
16,1238,68.99,189.57,27.86,1.07,160.0
16,1239,75.45,203.48,36.46,0.97,199.0
16,1240,61.93,168.39,30.38,0.86,171.0
16,1241,68.44,159.11,54.59,1.15,169.0
16,1242,56.84,138.06,44.26,1.03,174.0
16,1243,63.49,196.27,27.59,0.61,153.0
16,1244,70.45,188.11,41.91,0.93,169.0
16,1245,64.81,161.76,29.36,0.85,170.0
16,1246,59.09,190.37,22.64,0.98,146.0
16,1247,50.38,137.75,33.95,0.9,138.0
16,1248,71.04,179.51,24.45,0.9,150.0
16,1249,116.5,491.01,22.31,0.81,379.0
16,1250,69.06,219.89,19.95,0.61,265.0
16,1251,79.44,234.51,20.29,0.9,190.0
16,1252,79.41,225.77,12.82,0.74,210.0
16,1253,59.58,191.06,15.35,0.82,189.0
16,1254,69.5,197.39,17.07,0.82,132.0
16,1255,83.02,256.32,19.03,0.81,220.0
16,1256,49.28,101.89,18.54,0.53,160.0
16,1257,45.19,113.8,18.04,0.5,100.0
16,1258,49.5,152.0,18.3,0.44,118.0
16,1259,73.33,248.63,22.09,0.7,169.0
16,1260,84.79,361.08,18.75,0.56,285.0
16,1261,92.4,324.0,15.67,0.4,269.0
16,1262,70.52,216.17,19.28,0.54,264.0
16,1263,62.62,158.06,23.54,0.55,155.0
16,1264,54.54,130.08,24.46,0.48,128.0
16,1265,79.91,239.87,21.54,0.48,161.0
16,1266,58.91,125.66,20.24,0.47,162.0
16,1267,51.15,99.87,22.97,0.54,111.0
16,1268,83.77,198.31,25.52,0.83,160.0
16,1269,71.26,145.43,30.02,0.77,173.0
16,1270,69.38,143.46,19.31,0.56,156.0
16,1271,60.2,116.5,19.87,0.66,132.0
16,1272,52.05,93.53,18.64,0.64,100.0
16,1273,46.38,80.01,21.35,0.75,90.0
16,1274,53.68,70.62,23.61,0.8,94.0
16,1275,54.1,45.71,12.34,0.64,155.0
16,1276,77.05,50.54,15.56,0.52,123.0
16,1277,73.53,66.1,14.69,0.55,135.0
16,1278,92.72,127.94,22.37,0.3,153.0
16,1279,42.08,92.06,20.43,0.55,151.0
16,1280,42.91,64.43,18.48,0.54,94.0
16,1281,45.51,75.61,16.82,0.48,89.0
16,1282,79.95,132.67,15.53,0.59,154.0
16,1283,51.39,164.14,16.71,0.75,155.0
16,1284,62.56,171.89,17.3,0.89,141.0
16,1285,61.82,174.4,18.38,0.78,154.0
16,1286,61.97,169.73,16.79,0.77,157.0
16,1287,53.08,125.02,15.06,0.72,136.0
16,1288,51.71,82.22,18.88,0.68,108.0
16,1289,66.31,82.09,17.37,0.73,142.0
16,1290,27.49,55.56,18.46,0.63,90.0
16,1291,26.18,59.32,18.85,0.62,60.0
16,1292,25.63,41.93,23.25,0.79,62.0
16,1293,39.39,52.99,21.92,0.65,86.0
16,1294,20.77,49.09,20.3,0.58,67.0
16,1295,70.35,62.93,18.46,0.57,134.0
16,1296,25.27,50.27,19.14,0.74,83.0
16,1297,35.41,73.79,17.72,0.63,81.0
16,1298,61.42,58.65,14.77,0.68,130.0
16,1299,22.64,51.94,16.73,0.6,89.0
16,1300,25.16,58.85,14.22,0.63,57.0
16,1301,35.17,56.67,13.68,0.58,73.0
16,1302,31.45,74.65,12.75,0.71,66.0
16,1303,55.96,154.02,16.85,0.58,114.0
16,1304,52.41,137.81,16.53,0.49,132.0
16,1305,48.42,115.76,17.69,0.52,117.0
16,1306,50.68,122.45,15.94,0.42,115.0
16,1307,44.09,107.31,17.26,0.45,107.0
16,1308,53.4,139.8,31.33,0.48,114.0
16,1309,63.97,178.41,30.99,0.51,147.0
16,1310,68.84,191.11,20.59,0.53,158.0
16,1311,68.51,187.2,27.2,0.69,165.0
16,1312,61.58,173.12,23.91,0.69,154.0
16,1313,60.62,164.36,24.05,0.69,153.0
16,1314,50.47,133.34,22.21,0.73,129.0
16,1315,54.87,113.08,26.42,0.91,113.0
16,1316,51.27,92.53,21.8,0.83,118.0
16,1317,28.7,54.06,19.36,0.75,93.0
16,1318,34.8,75.27,24.58,0.75,69.0
16,1319,37.53,82.0,23.6,0.66,79.0
16,1320,26.76,76.2,20.85,0.59,79.0
16,1321,35.63,98.64,20.43,0.65,82.0
16,1322,51.3,106.87,21.97,0.77,100.0
16,1323,73.24,174.59,20.69,0.64,158.0
16,1324,38.92,63.99,19.6,0.74,115.0
16,1325,32.28,50.48,14.35,0.61,61.0
16,1326,33.39,59.66,17.54,0.72,74.0
16,1327,25.88,54.67,19.22,0.82,75.0
16,1328,28.61,63.08,18.9,0.9,74.0
16,1329,29.54,74.71,20.9,0.82,79.0
16,1330,39.29,72.22,22.76,0.73,84.0
16,1331,28.67,54.46,21.23,0.67,69.0
16,1332,29.88,66.95,20.67,0.6,87.0
16,1333,29.4,66.07,21.68,0.59,70.0
16,1334,34.97,89.44,21.09,0.54,75.0
16,1335,42.25,121.42,23.04,0.75,100.0
16,1336,44.1,184.45,23.31,0.74,157.0
16,1337,28.57,81.65,19.4,0.75,100.0
16,1338,44.67,142.72,19.92,0.65,111.0
16,1339,38.23,108.97,18.28,0.57,127.0
16,1340,31.62,82.3,19.36,0.62,79.0
16,1341,28.93,58.8,20.51,0.64,80.0
16,1342,30.21,52.13,24.24,0.66,60.0
16,1343,34.05,75.55,24.24,0.71,68.0
16,1344,45.64,125.37,22.44,0.75,94.0
16,1345,45.95,111.45,23.44,0.71,122.0
16,1346,36.89,84.08,26.35,0.72,90.0
16,1347,29.7,66.71,18.53,0.73,89.0
16,1348,20.31,36.25,12.5,0.78,59.0
16,1349,32.94,69.66,15.6,0.78,68.0
16,1350,33.66,81.34,17.24,0.92,80.0
16,1351,36.18,86.86,18.96,0.69,90.0
16,1352,45.9,86.72,17.96,0.77,96.0
16,1353,47.34,93.5,21.39,0.71,104.0
16,1354,47.33,96.66,23.88,0.7,103.0
16,1355,43.96,95.56,22.94,0.71,99.0
16,1356,44.71,105.2,24.33,0.68,93.0
16,1357,48.12,108.36,25.65,0.84,105.0
16,1358,49.52,125.88,27.89,0.92,108.0
16,1359,48.99,131.03,29.68,0.95,120.0
16,1360,47.7,152.06,17.58,0.81,148.0
16,1361,17.46,42.51,14.55,0.72,81.0
16,1362,15.78,29.29,12.4,0.62,54.0
16,1363,22.0,49.27,18.08,0.89,62.0
16,1364,39.67,119.84,24.13,1.15,91.0
16,1365,52.7,148.79,24.82,1.21,135.0
16,1366,53.34,137.69,29.87,1.06,133.0
16,1367,57.85,133.41,28.89,1.34,134.0
16,1368,55.11,204.24,32.84,1.34,174.0
16,1369,50.9,169.67,30.4,1.14,151.0
16,1370,47.8,120.65,30.31,1.16,128.0
16,1371,52.83,130.6,27.83,1.28,125.0
16,1372,41.04,117.24,37.48,1.13,125.0
16,1373,42.35,86.8,35.71,0.98,101.0
16,1374,46.05,103.51,37.16,1.06,101.0
16,1375,46.46,118.1,32.3,0.95,103.0
16,1376,44.93,112.71,34.63,0.91,118.0
16,1377,44.43,104.33,41.0,1.1,116.0
16,1378,49.14,118.42,37.55,1.12,109.0
16,1379,69.46,149.94,36.41,1.01,121.0
16,1380,71.12,164.77,27.52,0.9,178.0
16,1381,61.36,135.2,28.83,0.92,137.0
16,1382,59.86,129.21,35.09,0.8,130.0
16,1383,65.77,175.48,36.45,0.9,142.0
16,1384,66.0,143.41,40.58,1.38,152.0
16,1385,85.38,156.8,42.5,1.43,195.0
16,1386,58.16,128.48,45.45,1.6,151.0
16,1387,67.49,147.49,59.26,1.36,149.0
16,1388,78.42,147.93,53.89,1.26,151.0
16,1389,72.99,136.15,47.86,1.54,180.0
16,1390,74.69,181.3,38.28,0.96,185.0
16,1391,60.43,113.03,47.36,1.28,163.0
16,1392,51.98,108.54,37.34,1.27,117.0
16,1393,59.1,121.51,42.32,1.3,135.0
16,1394,55.75,123.68,41.0,1.2,139.0
16,1395,62.72,131.48,35.17,1.02,146.0
16,1396,69.35,137.79,45.64,1.09,160.0
16,1397,80.31,151.56,44.02,1.07,186.0
16,1398,92.86,172.78,56.12,1.63,212.0
16,1399,80.37,168.18,54.2,1.62,219.0
16,1400,60.99,192.07,50.16,1.43,218.0
16,1401,71.04,159.56,55.17,1.91,195.0
16,1402,63.12,139.07,58.43,1.92,194.0
16,1403,49.51,111.45,50.46,1.44,142.0
16,1404,79.78,155.07,40.36,1.08,169.0
16,1405,44.83,96.51,44.42,0.95,120.0
16,1406,74.94,143.3,51.35,1.4,145.0
16,1407,74.51,147.91,46.85,1.53,141.0
16,1408,106.88,228.55,29.13,1.96,250.0
16,1409,108.86,256.31,34.38,2.74,243.0
16,1410,99.02,243.42,44.37,2.65,258.0
16,1411,60.18,171.85,55.83,2.42,175.0
16,1412,70.21,171.55,56.75,2.39,164.0
16,1413,73.57,193.07,64.22,2.46,202.0
16,1414,56.53,120.91,56.95,1.26,139.0
16,1415,84.76,179.8,68.0,1.53,158.0
16,1416,87.76,180.6,60.76,1.4,210.0
16,1417,77.87,171.56,47.14,1.96,193.0
16,1418,67.8,132.79,41.75,1.21,184.0
16,1419,59.2,123.11,46.42,1.24,132.0
16,1420,68.34,145.57,51.87,1.29,159.0
16,1421,87.81,160.78,47.29,1.74,161.0
16,1422,72.61,144.07,41.72,0.99,201.0
16,1423,70.4,168.41,46.13,1.16,175.0
16,1424,74.86,159.27,43.16,1.49,157.0
16,1425,92.15,193.58,41.7,1.71,220.0
16,1426,63.6,139.42,47.57,1.24,176.0
16,1427,67.29,132.45,39.88,1.13,149.0
16,1428,82.51,150.3,36.11,1.14,175.0
16,1429,73.02,159.61,43.46,1.39,198.0
16,1430,69.45,171.07,37.52,1.85,159.0
16,1431,73.56,177.14,45.95,1.87,180.0
16,1432,71.73,159.49,47.58,1.51,184.0
16,1433,71.78,154.57,49.84,1.74,184.0
16,1434,59.35,135.66,46.31,1.53,154.0
16,1435,62.76,147.49,47.89,1.53,143.0
16,1436,74.1,148.21,47.68,1.63,173.0
16,1437,55.16,128.71,41.09,1.37,163.0
16,1438,62.2,131.45,42.12,1.44,158.0
16,1439,74.88,142.75,44.12,1.71,168.0
16,1440,74.13,145.21,44.22,1.57,185.0
16,1441,63.82,132.43,36.56,1.0,162.0
16,1442,55.57,95.9,34.55,0.91,127.0
16,1443,42.72,80.8,38.22,0.97,94.0
16,1444,32.37,74.59,39.1,0.86,88.0
16,1445,37.28,80.6,43.15,0.81,80.0
16,1446,37.75,184.78,36.18,0.92,163.0
16,1447,38.53,97.21,35.52,1.09,109.0
16,1448,42.37,114.26,39.21,1.31,108.0
16,1449,64.83,196.71,50.9,1.95,163.0
16,1450,86.29,188.66,52.17,1.95,205.0
16,1451,110.36,192.65,46.93,2.17,244.0
16,1452,65.08,142.72,44.77,1.18,201.0
16,1453,63.37,124.86,34.44,0.95,154.0
16,1454,62.08,133.18,41.02,1.31,144.0
16,1455,54.27,133.25,41.7,1.08,135.0
16,1456,54.98,142.13,41.21,1.77,122.0
16,1457,96.51,160.86,37.01,1.24,214.0
16,1458,87.99,150.5,40.43,1.32,212.0
16,1459,90.45,175.54,45.19,1.92,213.0
16,1460,98.76,173.96,38.6,1.63,238.0
16,1461,135.19,184.89,44.47,2.0,239.0
16,1462,113.17,212.37,47.56,1.84,275.0
16,1463,76.03,190.06,46.22,1.66,173.0
16,1464,98.19,167.25,45.85,1.12,232.0
16,1465,65.04,140.16,38.01,1.06,203.0
16,1466,63.41,130.37,25.45,0.8,134.0
16,1467,98.16,173.96,29.73,1.05,196.0
16,1468,50.19,108.94,32.05,0.82,179.0
16,1469,70.88,154.85,40.04,1.09,123.0
16,1470,65.03,144.19,30.68,0.98,158.0
16,1471,65.24,145.13,27.58,1.42,141.0
16,1472,50.08,109.93,27.8,1.03,126.0
16,1473,70.83,148.73,28.84,1.16,130.0
16,1474,68.0,151.52,28.75,0.89,174.0
16,1475,49.54,118.65,23.87,0.74,144.0
16,1476,58.11,144.21,31.85,1.57,122.0
16,1477,58.36,145.41,26.29,1.25,175.0
16,1478,68.19,174.82,34.61,1.28,131.0
16,1479,76.46,199.04,37.4,1.85,191.0
16,1480,93.52,204.21,24.58,1.66,243.0
16,1481,64.56,139.62,20.26,1.09,176.0
16,1482,60.48,136.56,16.53,0.91,124.0
16,1483,44.36,84.68,17.62,0.92,131.0
16,1484,44.62,104.94,23.65,0.8,99.0
16,1485,52.33,120.1,22.69,0.79,109.0
16,1486,37.73,128.72,22.47,0.69,129.0
16,1487,43.55,89.54,18.45,0.72,89.0
16,1488,46.7,94.5,22.82,0.87,89.0
16,1489,56.01,115.61,25.32,1.16,118.0
16,1490,47.51,109.38,24.17,1.05,130.0
16,1491,42.38,116.55,23.48,1.15,115.0
16,1492,35.72,90.54,17.64,0.86,100.0
16,1493,51.65,127.06,18.38,0.88,102.0
16,1494,60.0,126.12,19.26,1.07,138.0
16,1495,67.4,136.68,19.99,1.08,159.0
16,1496,58.23,122.01,21.47,1.06,182.0
16,1497,59.43,132.47,23.02,1.36,151.0
16,1498,54.13,116.91,25.39,1.31,151.0
16,1499,52.17,138.74,23.04,1.03,130.0
16,1500,50.76,130.76,21.84,0.98,127.0
16,1501,48.6,114.07,28.3,1.83,115.0
16,1502,52.06,119.98,38.73,1.69,128.0
16,1503,45.82,103.34,34.07,1.26,115.0
16,1504,47.75,103.97,31.9,1.16,107.0
16,1505,45.85,100.35,30.14,1.19,108.0
16,1506,42.63,93.74,33.57,1.08,97.0
16,1507,51.51,112.12,36.87,1.09,115.0
16,1508,39.78,79.48,37.37,1.09,98.0
16,1509,48.23,98.3,45.05,1.29,102.0
16,1510,43.89,125.28,37.21,1.23,112.0
16,1511,54.38,152.36,34.29,0.91,130.0
16,1512,54.54,105.01,29.52,0.95,124.0
16,1513,54.38,110.79,29.71,0.9,130.0
16,1514,41.39,85.23,29.15,0.78,100.0
16,1515,35.97,77.06,33.33,0.8,93.0
16,1516,41.39,97.62,33.04,0.86,113.0
16,1517,42.61,99.75,32.96,0.96,105.0
16,1518,39.97,86.36,37.33,0.91,107.0
16,1519,42.89,90.05,38.35,0.83,85.0
16,1520,38.31,82.02,38.24,0.89,100.0
16,1521,42.41,93.01,30.45,0.89,104.0
16,1522,43.88,95.81,29.44,0.88,103.0
16,1523,42.81,92.74,23.63,0.82,100.0
16,1524,47.99,104.75,28.7,0.93,107.0
16,1525,36.58,76.61,32.27,0.82,102.0
16,1526,38.07,88.21,38.55,1.18,89.0
16,1527,40.68,98.3,30.33,1.07,112.0
16,1528,38.52,86.8,23.03,0.93,98.0
16,1529,42.31,109.92,28.8,0.89,102.0
16,1530,36.68,78.2,25.07,1.06,111.0
16,1531,41.91,106.43,30.92,0.81,96.0
16,1532,48.61,113.73,41.57,0.89,111.0
16,1533,46.44,112.89,32.46,0.93,105.0
16,1534,42.19,103.28,30.11,0.82,108.0
16,1535,34.03,69.78,37.57,0.77,90.0
16,1536,32.24,97.93,35.03,0.76,92.0
16,1537,33.98,90.2,37.12,0.84,109.0
16,1538,35.79,88.88,36.63,1.01,109.0
16,1539,36.6,95.8,30.55,1.04,107.0
16,1540,39.76,113.06,35.47,0.95,101.0
16,1541,48.81,120.22,28.01,0.78,121.0
16,1542,35.71,94.58,30.34,0.68,101.0
16,1543,34.26,87.27,34.99,0.73,90.0
16,1544,39.05,116.74,31.52,0.63,101.0
16,1545,39.88,109.51,31.17,0.71,112.0
16,1546,36.97,78.85,37.98,0.91,101.0
16,1547,42.6,93.5,43.74,1.6,110.0
16,1548,46.27,110.43,36.53,1.45,128.0
16,1549,49.69,134.35,39.79,1.51,142.0
16,1550,45.29,125.59,36.27,1.04,132.0
16,1551,46.08,121.18,35.51,0.86,116.0
16,1552,41.4,96.36,41.56,0.96,109.0
16,1553,40.71,93.61,35.7,1.1,109.0
16,1554,44.59,106.73,36.63,1.2,125.0
16,1555,44.88,113.56,33.36,1.47,128.0
16,1556,48.68,162.11,36.14,0.99,144.0
16,1557,38.72,135.7,28.92,0.8,137.0
16,1558,47.59,224.38,27.38,0.74,132.0
16,1559,92.68,473.02,25.64,0.96,457.0
16,1560,55.19,161.64,30.85,0.94,199.0
16,1561,54.01,149.74,34.35,1.06,140.0
16,1562,53.6,157.93,22.5,0.85,138.0
16,1563,72.04,368.18,26.9,0.97,258.0
16,1564,52.49,129.76,25.97,0.81,194.0
16,1565,47.63,116.91,28.17,0.77,121.0
16,1566,55.41,183.47,26.02,0.75,124.0
16,1567,44.23,132.07,23.79,0.88,164.0
16,1568,25.64,48.73,23.52,0.84,82.0
16,1569,28.96,61.5,31.5,0.8,86.0
16,1570,36.19,83.64,39.88,0.84,102.0
16,1571,35.66,84.96,44.65,0.95,122.0
16,1572,41.23,99.17,44.36,0.86,124.0
16,1573,49.55,132.85,50.26,1.32,119.0
16,1574,61.69,159.44,47.86,1.66,154.0
16,1575,56.24,147.99,39.66,1.14,157.0
16,1576,58.99,183.88,36.33,0.94,135.0
16,1577,76.51,226.52,29.88,0.93,181.0
16,1578,53.95,135.05,36.5,0.83,151.0
16,1579,62.44,158.98,38.99,0.75,142.0
16,1580,64.2,156.09,39.08,1.03,143.0
16,1581,59.3,140.33,59.2,1.64,153.0
16,1582,62.23,160.14,50.35,1.51,156.0
16,1583,73.33,186.04,28.55,0.9,166.0
16,1584,58.09,127.27,29.26,0.94,149.0
16,1585,50.37,102.97,39.8,1.06,124.0
16,1586,48.16,123.61,51.14,1.51,117.0
16,1587,52.53,138.44,30.35,1.11,138.0
16,1588,60.4,190.08,29.0,0.94,134.0
16,1589,90.69,253.87,30.56,0.82,183.0
16,1590,92.16,249.34,24.98,0.7,218.0
16,1591,54.87,116.66,22.06,0.67,156.0
16,1592,57.35,126.72,24.88,0.78,138.0
16,1593,72.52,263.62,23.53,0.71,206.0
16,1594,47.42,109.65,25.07,0.76,121.0
16,1595,47.02,104.64,29.24,0.75,100.0
16,1596,108.94,345.65,32.14,1.06,184.0
16,1597,84.33,272.87,21.06,0.8,343.0
16,1598,78.42,288.94,20.39,0.71,199.0
16,1599,41.98,72.58,22.44,0.84,169.0
16,1600,41.69,89.54,34.22,0.97,104.0
16,1601,46.85,105.8,34.77,0.94,107.0
16,1602,44.41,113.58,31.07,0.84,105.0
16,1603,42.93,95.82,28.17,0.78,105.0
16,1604,39.78,92.55,23.3,0.75,96.0
16,1605,48.64,111.48,25.95,0.65,97.0
16,1606,44.0,84.22,30.78,0.61,120.0
16,1607,39.45,98.64,31.74,0.57,98.0
16,1608,47.64,120.86,35.31,0.83,111.0
16,1609,44.35,88.86,37.51,0.75,134.0
16,1610,48.91,110.77,42.32,0.85,109.0
16,1611,49.88,113.74,26.83,0.53,103.0
16,1612,53.88,129.06,28.12,0.56,117.0
16,1613,56.82,126.37,32.21,0.73,116.0
16,1614,50.89,135.33,26.7,0.73,121.0
16,1615,63.32,179.22,34.52,0.77,148.0
16,1616,68.86,231.37,26.16,0.65,166.0
16,1617,65.03,212.32,21.35,0.71,175.0
16,1618,57.23,132.26,27.89,0.7,145.0
16,1619,72.96,165.0,29.67,0.88,158.0
16,1620,58.91,111.22,29.64,0.87,154.0
16,1621,52.86,106.15,38.67,1.01,137.0
16,1622,60.95,148.37,39.41,0.81,135.0
16,1623,47.08,112.71,28.64,0.61,125.0
16,1624,40.69,86.77,34.54,0.67,95.0
16,1625,26.57,54.96,28.35,0.63,85.0
16,1626,38.09,91.31,35.04,0.61,88.0
16,1627,44.52,98.75,29.74,0.57,100.0
16,1628,39.03,83.67,25.39,0.64,85.0
16,1629,44.82,99.1,30.85,0.62,101.0
16,1630,27.33,93.21,27.81,0.87,101.0
16,1631,21.31,40.69,20.75,0.61,88.0
16,1632,28.24,63.58,26.32,0.78,78.0
16,1633,38.46,106.02,31.78,0.87,91.0
16,1634,48.53,133.44,37.96,0.95,123.0
16,1635,42.39,98.69,24.81,0.85,135.0
16,1636,28.09,63.19,22.66,0.85,100.0
16,1637,35.62,94.08,27.03,0.88,100.0
16,1638,40.64,86.19,36.86,1.0,102.0
16,1639,76.2,278.62,30.03,0.76,172.0
16,1640,48.84,126.7,24.7,0.78,168.0
16,1641,37.33,92.83,22.8,0.74,109.0
16,1642,41.72,113.38,19.03,0.61,98.0
16,1643,34.07,95.18,22.04,0.73,102.0
16,1644,41.85,109.13,26.0,0.71,104.0
16,1645,44.32,90.87,20.77,0.8,107.0
16,1646,33.27,66.84,25.13,0.82,87.0
16,1647,30.64,72.35,24.95,0.78,69.0
16,1648,30.69,60.06,26.64,0.78,79.0
16,1649,29.18,63.56,31.21,0.72,66.0
16,1650,38.76,106.73,24.26,0.71,83.0
16,1651,48.45,102.12,16.32,0.69,104.0
16,1652,45.66,129.19,23.22,0.61,109.0
16,1653,46.92,113.69,20.48,0.62,120.0
16,1654,41.91,98.81,18.96,0.59,103.0
16,1655,41.74,95.25,18.84,0.63,95.0
16,1656,41.8,91.76,16.03,0.53,96.0
16,1657,47.34,110.12,17.61,0.68,96.0
16,1658,52.69,117.34,18.88,0.59,119.0
16,1659,46.04,99.4,19.2,0.63,103.0
16,1660,40.92,76.34,24.28,0.7,98.0
16,1661,34.56,64.03,22.09,0.63,68.0
16,1662,39.77,78.8,24.4,0.79,81.0
16,1663,37.12,88.64,13.91,0.64,81.0
16,1664,32.6,65.44,16.2,0.71,80.0
16,1665,33.02,57.44,18.46,0.69,71.0
16,1666,28.53,58.55,21.43,0.64,67.0
16,1667,21.37,38.6,19.92,0.71,61.0
16,1668,23.7,53.06,21.42,0.76,62.0
16,1669,28.4,60.43,26.29,0.75,73.0
16,1670,21.79,41.61,13.64,0.55,58.0
16,1671,16.61,34.12,13.3,0.7,59.0
16,1672,18.98,52.87,14.71,0.71,56.0
16,1673,24.33,63.57,14.11,0.7,72.0
16,1674,27.44,60.62,17.86,0.61,66.0
16,1675,20.99,51.22,22.98,0.66,56.0
16,1676,26.51,59.18,24.82,0.78,62.0
16,1677,23.6,53.25,19.95,0.67,54.0
16,1678,34.83,69.69,30.98,0.93,74.0
16,1679,23.5,52.14,25.4,0.76,66.0
16,1680,25.15,47.41,25.82,0.89,71.0
16,1681,24.36,52.15,23.75,0.71,67.0
16,1682,21.1,47.3,12.95,0.59,54.0
16,1683,16.14,35.13,8.97,0.51,48.0
16,1684,14.15,39.86,15.62,0.63,51.0
16,1685,24.43,59.12,19.88,0.65,62.0
16,1686,38.82,86.92,26.56,0.82,74.0
16,1687,30.54,59.34,27.99,0.79,79.0
16,1688,27.07,51.56,23.46,0.64,71.0
16,1689,18.96,35.01,20.54,0.58,49.0
16,1690,16.54,32.83,22.27,0.55,55.0
16,1691,22.73,50.61,23.25,0.55,55.0
16,1692,30.21,78.41,26.2,0.62,70.0
16,1693,32.54,83.01,33.57,0.68,81.0
16,1694,29.51,71.19,32.1,0.6,83.0
16,1695,33.85,74.26,29.1,0.79,71.0
16,1696,32.74,65.97,17.45,0.61,76.0
16,1697,34.66,65.64,19.5,0.61,66.0
16,1698,36.69,62.54,20.76,0.49,71.0
16,1699,19.12,47.48,28.33,0.64,61.0
16,1700,27.19,50.73,32.12,0.9,65.0
16,1701,26.9,54.28,24.19,0.68,73.0
16,1702,27.03,51.05,19.63,0.7,68.0
16,1703,25.61,53.09,24.11,0.66,73.0
16,1704,27.44,59.9,34.71,0.8,69.0
16,1705,29.95,62.25,30.08,0.68,75.0
16,1706,31.39,59.21,32.41,0.73,64.0
16,1707,44.03,80.25,37.61,0.82,86.0
16,1708,34.58,59.59,30.07,0.89,83.0
16,1709,36.95,63.85,24.27,0.73,76.0
16,1710,33.45,66.62,22.91,0.92,75.0
16,1711,27.09,59.48,26.06,0.7,74.0
16,1712,26.14,55.73,18.0,0.7,72.0
16,1713,34.8,70.51,24.82,0.93,75.0
16,1714,56.74,115.21,34.64,0.85,108.0
16,1715,47.43,100.18,32.6,0.8,103.0
16,1716,33.88,86.65,23.16,0.62,91.0
16,1717,37.92,77.7,24.3,0.65,83.0
16,1718,27.82,58.29,15.52,0.54,71.0
16,1719,28.04,53.45,16.66,0.62,67.0
16,1720,36.65,88.55,21.14,0.72,80.0
16,1721,44.2,91.4,29.12,0.71,88.0
16,1722,34.48,77.85,33.23,1.46,89.0
16,1723,31.61,62.65,26.98,0.85,81.0
16,1724,23.04,50.06,23.56,0.77,64.0
16,1725,26.26,54.39,23.14,0.73,59.0
16,1726,16.72,38.05,23.87,0.53,54.0
16,1727,21.94,54.24,24.33,0.64,57.0
16,1728,24.8,130.77,24.22,0.73,126.0
16,1729,27.05,51.3,18.36,1.01,78.0
16,1730,23.12,41.7,18.45,0.73,55.0
16,1731,18.11,44.42,19.82,0.65,53.0
16,1732,17.51,41.82,19.45,0.68,54.0
16,1733,25.74,54.95,25.92,0.83,66.0
16,1734,31.01,72.81,34.89,0.75,83.0
16,1735,29.93,65.55,29.16,0.73,80.0
16,1736,30.87,66.13,34.98,0.93,81.0
16,1737,39.35,90.64,39.69,0.84,95.0
16,1738,35.31,73.74,28.17,0.71,95.0
16,1739,38.07,73.3,31.86,0.68,78.0
16,1740,43.01,95.61,33.6,0.91,88.0
16,1741,51.77,100.67,36.11,1.48,106.0
16,1742,43.48,92.61,37.18,1.07,105.0
16,1743,42.7,98.12,44.26,1.04,108.0
16,1744,39.96,92.04,44.44,0.75,104.0
16,1745,48.35,101.36,41.18,0.83,104.0
16,1746,49.71,107.82,42.69,0.96,106.0
16,1747,53.72,141.72,36.43,0.86,125.0
16,1748,57.76,127.04,43.28,0.91,128.0
16,1749,64.81,138.94,54.6,1.28,136.0
16,1750,54.17,128.95,50.34,1.02,136.0
16,1751,56.0,143.55,36.55,0.88,127.0
16,1752,54.41,113.18,33.99,0.88,123.0
16,1753,46.17,106.5,39.01,0.95,109.0
16,1754,54.76,152.29,42.73,0.94,120.0
16,1755,58.89,126.29,58.75,1.16,143.0
16,1756,67.33,150.71,63.6,1.37,149.0
16,1757,73.4,164.0,66.43,1.43,193.0
16,1758,59.09,129.05,51.44,0.87,145.0
16,1759,77.5,156.27,43.9,0.85,163.0
16,1760,64.51,128.1,38.55,0.9,170.0
16,1761,87.77,167.46,52.45,1.1,144.0
16,1762,219.73,317.48,55.08,1.17,355.0
16,1763,141.99,258.16,69.79,1.23,310.0
16,1764,67.16,142.43,61.32,0.96,203.0
16,1765,61.65,149.59,56.61,1.15,143.0
16,1766,48.1,117.66,48.01,0.84,132.0
16,1767,104.62,204.73,38.23,0.96,171.0
16,1768,90.16,177.57,36.65,0.93,247.0
16,1769,60.87,135.82,42.12,0.99,191.0
16,1770,73.22,147.13,56.9,1.17,154.0
16,1771,49.36,113.7,43.71,0.86,139.0
16,1772,43.43,86.17,29.33,0.69,101.0
16,1773,88.44,156.68,36.18,0.9,162.0
16,1774,83.04,144.05,35.61,0.77,220.0
16,1775,76.91,143.75,36.9,0.83,188.0
16,1776,82.58,153.14,41.64,0.92,192.0
16,1777,92.89,171.8,41.03,0.96,209.0
16,1778,127.34,213.07,50.46,1.22,250.0
16,1779,131.2,229.9,44.48,1.1,277.0
16,1780,72.25,136.96,34.85,0.81,248.0
16,1781,78.29,143.57,40.06,0.85,167.0
16,1782,38.6,94.09,40.74,0.66,123.0
16,1783,47.08,95.75,43.61,0.78,104.0
16,1784,36.25,93.86,54.79,1.02,96.0
16,1785,43.07,108.09,47.99,0.93,115.0
16,1786,51.49,112.33,40.3,0.85,120.0
16,1787,68.84,136.99,46.5,1.03,130.0
16,1788,73.61,183.61,55.72,1.2,176.0
16,1789,67.26,154.12,48.35,0.91,145.0
16,1790,68.62,137.38,37.64,0.81,165.0
16,1791,47.55,106.04,43.72,0.88,124.0
16,1792,52.64,115.98,35.23,0.74,109.0
16,1793,91.33,173.58,36.15,1.07,175.0
16,1794,54.61,114.1,36.39,0.75,148.0
16,1795,51.18,113.4,43.57,0.72,118.0
16,1796,52.02,113.24,46.12,0.79,119.0
16,1797,42.73,103.89,52.45,0.92,120.0
16,1798,50.78,133.0,65.24,1.21,120.0
16,1799,52.85,127.29,62.15,1.31,134.0
16,1800,52.63,110.43,51.15,0.88,123.0
16,1801,73.44,154.65,62.43,1.05,138.0
16,1802,73.42,170.28,56.58,1.06,189.0
16,1803,53.69,129.83,51.8,1.23,140.0
16,1804,56.61,143.97,53.14,1.18,127.0
16,1805,70.48,170.32,65.52,1.58,164.0
16,1806,73.27,159.87,59.22,1.33,172.0
16,1807,67.04,133.17,37.72,0.82,162.0
16,1808,53.64,110.13,37.64,0.79,141.0
16,1809,33.21,67.13,32.5,0.68,86.0
16,1810,42.15,88.25,33.88,0.69,86.0
16,1811,41.92,85.13,33.78,0.8,85.0
16,1812,47.55,96.44,36.97,0.99,89.0
16,1813,67.99,145.26,53.16,1.12,136.0
16,1814,47.92,114.33,47.58,0.98,118.0
16,1815,59.26,132.48,55.63,1.22,118.0
16,1816,52.95,124.14,50.72,0.91,129.0
16,1817,29.05,74.88,33.15,0.66,100.0
16,1818,37.53,102.75,47.21,0.96,101.0
16,1819,43.69,107.85,48.98,0.96,108.0
16,1820,43.58,110.92,63.5,1.04,110.0
16,1821,54.28,137.0,69.79,1.08,124.0
16,1822,55.55,151.74,77.26,1.3,145.0
16,1823,64.59,164.04,78.18,1.18,144.0
16,1824,71.03,156.69,70.77,1.28,146.0
16,1825,80.04,183.66,60.65,1.24,182.0
16,1826,69.91,168.36,43.68,1.06,174.0
16,1827,68.61,153.05,37.84,1.03,154.0
16,1828,48.02,96.26,35.09,0.95,153.0
16,1829,47.44,119.11,45.51,0.81,108.0
16,1830,52.46,120.23,47.22,1.11,111.0
16,1831,66.18,143.95,49.72,1.2,138.0
16,1832,55.07,127.91,49.37,0.8,129.0
16,1833,46.61,103.39,37.36,0.81,106.0
16,1834,54.75,116.72,34.88,0.85,113.0
16,1835,31.13,64.83,34.99,0.64,92.0
16,1836,39.21,88.47,43.62,0.86,90.0
16,1837,46.14,116.17,57.57,1.27,112.0
16,1838,49.42,119.43,53.49,1.42,121.0
16,1839,48.46,124.35,47.46,0.91,126.0
16,1840,34.99,96.06,33.08,0.76,108.0
16,1841,43.5,92.31,30.98,0.65,100.0
16,1842,43.27,94.23,38.57,0.76,92.0
16,1843,49.19,108.73,52.14,1.12,99.0
16,1844,47.61,101.53,48.12,1.0,116.0
16,1845,58.77,119.35,43.38,0.86,114.0
16,1846,60.37,137.1,56.22,0.84,136.0
16,1847,47.88,93.14,34.98,0.81,108.0
16,1848,52.59,107.22,39.35,0.85,106.0
16,1849,35.76,82.95,39.05,0.86,97.0
16,1850,42.58,94.73,46.1,0.85,106.0
16,1851,51.8,120.92,58.13,1.42,114.0
16,1852,62.6,152.56,56.28,1.37,159.0
16,1853,31.85,89.61,38.01,1.24,115.0
16,1854,41.35,102.11,37.77,0.84,94.0
16,1855,28.2,58.37,35.56,0.72,91.0
16,1856,34.78,76.94,42.73,0.85,88.0
16,1857,39.16,84.15,44.11,1.01,90.0
16,1858,48.24,107.15,43.05,0.97,104.0
16,1859,51.08,114.62,40.38,1.17,109.0
16,1860,47.03,105.2,40.61,1.08,116.0
16,1861,50.51,106.78,35.28,0.83,108.0
16,1862,50.79,110.26,40.79,1.0,106.0
16,1863,55.6,121.15,47.01,1.03,117.0
16,1864,50.77,109.67,39.64,0.82,114.0
16,1865,46.02,93.48,43.33,1.08,110.0
16,1866,59.48,126.91,51.97,1.18,111.0
16,1867,65.67,152.86,62.17,1.4,150.0
16,1868,60.95,129.13,55.3,1.28,132.0
16,1869,64.04,151.41,63.37,1.17,150.0
16,1870,72.87,170.52,64.98,1.23,163.0
16,1871,59.62,130.02,46.03,0.87,147.0
16,1872,50.97,121.14,58.13,0.92,134.0
16,1873,49.83,128.09,67.32,1.02,133.0
16,1874,65.69,150.22,82.69,1.23,159.0
16,1875,61.27,154.46,83.09,1.58,160.0
16,1876,66.08,153.94,64.85,1.04,179.0
16,1877,46.11,105.0,37.07,0.92,104.0
16,1878,66.72,161.44,33.95,0.96,132.0
16,1879,49.79,91.06,35.4,0.86,106.0
16,1880,51.39,104.68,33.67,0.83,107.0
16,1881,50.4,98.54,42.37,0.88,102.0
16,1882,60.53,121.82,55.28,0.84,127.0
16,1883,48.24,107.89,43.69,1.01,115.0
16,1884,50.09,115.08,44.11,0.97,111.0
16,1885,53.32,121.08,37.13,0.88,116.0
16,1886,48.52,114.53,38.31,1.04,110.0
16,1887,29.03,86.33,27.16,0.66,113.0
16,1888,35.93,86.35,36.84,0.9,95.0
16,1889,49.42,116.32,39.03,0.91,115.0
16,1890,44.52,100.89,33.16,0.92,117.0
16,1891,29.46,64.82,26.74,0.86,88.0
16,1892,28.6,62.79,34.55,0.79,83.0
16,1893,31.86,71.4,48.35,0.86,88.0
16,1894,27.29,68.45,37.4,0.85,92.0
16,1895,30.17,78.51,38.51,0.81,100.0
16,1896,30.88,79.9,21.76,0.63,96.0
16,1897,30.18,72.28,25.34,0.86,90.0
16,1898,43.86,122.98,40.09,0.86,104.0
16,1899,78.24,247.19,47.23,0.76,144.0
16,1900,60.0,181.04,32.01,1.04,199.0
16,1901,44.49,101.22,33.42,1.83,132.0
16,1902,45.38,92.2,34.31,0.82,127.0
16,1903,43.23,93.03,45.87,1.01,133.0
16,1904,43.92,97.43,48.04,1.21,123.0
16,1905,46.94,102.61,43.78,1.06,122.0
16,1906,47.44,100.6,28.08,0.52,116.0
16,1907,31.9,64.36,30.67,0.65,108.0
16,1908,32.69,67.6,17.33,0.53,100.0
16,1909,36.05,73.5,19.51,0.63,90.0
16,1910,34.35,72.85,21.98,0.59,92.0
16,1911,26.0,57.46,15.39,0.5,73.0
16,1912,14.28,31.24,11.37,0.41,57.0
16,1913,9.12,19.14,11.22,0.47,52.0
16,1914,10.59,27.54,13.15,0.51,67.0
16,1915,12.92,35.04,12.12,0.39,71.0
16,1916,13.71,39.81,11.93,0.47,72.0
16,1917,21.58,46.95,18.7,0.67,70.0
16,1918,27.53,67.35,10.56,0.51,79.0
16,1919,21.65,44.31,10.65,0.58,71.0
16,1920,18.43,37.37,10.58,0.56,74.0
16,1921,19.85,48.46,16.92,0.74,76.0
16,1922,24.93,62.17,12.82,0.57,79.0
16,1923,31.2,81.56,12.75,0.54,79.0
16,1924,26.38,78.6,11.6,0.59,80.0
16,1925,20.07,54.61,11.44,0.49,78.0
16,1926,22.06,56.49,11.82,0.54,78.0
16,1927,24.47,63.6,13.66,0.5,76.0
16,1928,30.99,88.94,12.9,0.51,79.0
16,1929,28.61,80.61,11.97,0.62,86.0
16,1930,33.95,96.61,22.47,0.58,83.0
16,1931,42.11,116.07,17.77,0.66,113.0
16,1932,32.07,92.25,18.99,0.6,100.0
16,1933,26.89,94.49,12.04,0.51,93.0
16,1934,47.5,147.95,11.34,0.62,120.0
16,1935,49.37,143.5,14.52,0.52,125.0
16,1936,33.63,72.79,11.22,0.52,110.0
16,1937,26.15,51.02,12.31,0.6,76.0
16,1938,16.38,36.53,13.17,0.51,77.0
16,1939,20.81,50.6,13.76,0.61,85.0
16,1940,23.28,45.72,13.41,0.61,78.0
16,1941,23.18,54.55,17.09,0.58,68.0
16,1942,26.18,71.1,11.82,0.6,69.0
16,1943,30.22,76.78,15.25,0.63,85.0
16,1944,22.23,48.21,13.63,0.58,74.0
16,1945,25.22,50.57,13.61,0.73,79.0
16,1946,32.26,66.25,11.16,0.5,84.0
16,1947,51.34,193.04,14.2,0.59,132.0
16,1948,36.28,92.73,16.95,0.64,119.0
16,1949,37.27,109.34,15.91,0.44,100.0
16,1950,42.37,102.62,11.67,0.7,107.0
16,1951,21.56,55.48,12.06,0.73,85.0
16,1952,22.36,49.15,12.5,0.52,82.0
16,1953,25.89,65.09,13.02,0.69,75.0
16,1954,24.88,49.74,17.72,0.78,81.0
16,1955,32.87,96.85,17.34,0.64,89.0
16,1956,45.16,119.29,16.94,0.64,112.0
16,1957,47.55,146.77,14.02,0.65,110.0
16,1958,31.29,84.08,13.38,0.77,125.0
16,1959,23.63,45.03,18.54,0.87,91.0
16,1960,66.4,252.96,17.89,0.69,132.0
16,1961,35.15,67.1,15.29,0.62,124.0
16,1962,44.78,114.11,16.51,0.67,100.0
16,1963,35.33,79.61,15.52,0.39,116.0
16,1964,36.12,112.29,20.03,0.62,106.0
16,1965,47.73,142.31,19.85,0.6,121.0
16,1966,50.93,122.71,23.42,0.46,136.0
16,1967,45.31,104.68,18.13,0.67,127.0
16,1968,43.03,104.48,27.91,0.94,110.0
16,1969,51.18,141.08,28.88,0.7,119.0
16,1970,54.27,179.36,18.83,0.79,143.0
16,1971,55.99,152.88,17.7,0.66,140.0
16,1972,46.96,119.96,18.97,0.64,124.0
16,1973,48.1,127.41,20.71,0.58,119.0
16,1974,48.33,148.49,17.91,0.68,126.0
16,1975,61.57,192.43,17.37,0.65,145.0
16,1976,49.62,154.79,13.87,0.67,150.0
16,1977,33.9,70.43,13.46,0.79,115.0
16,1978,28.51,60.0,14.04,0.61,82.0
16,1979,22.58,59.16,16.26,0.63,93.0
16,1980,29.66,59.38,18.81,0.68,106.0
16,1981,31.13,68.89,18.46,0.58,94.0
16,1982,29.78,57.31,19.4,0.61,84.0
16,1983,21.7,38.46,16.42,0.68,89.0
16,1984,28.32,59.04,17.78,0.62,84.0
16,1985,29.8,74.68,14.66,0.64,80.0
16,1986,31.64,76.92,19.97,0.63,79.0
16,1987,35.26,80.86,18.84,0.62,90.0
16,1988,36.6,89.36,20.01,0.55,85.0
16,1989,33.19,89.02,16.68,0.65,92.0
16,1990,37.85,94.71,19.05,0.74,103.0
16,1991,43.7,97.19,16.79,0.84,108.0
16,1992,37.85,78.89,15.52,0.78,96.0
16,1993,32.72,80.35,21.05,0.79,97.0
16,1994,44.22,113.24,19.13,0.62,108.0
16,1995,44.53,105.61,15.93,0.62,108.0
16,1996,51.98,121.22,19.32,0.68,110.0
16,1997,44.05,103.34,15.28,0.55,108.0
16,1998,49.29,134.98,13.56,0.59,121.0
16,1999,44.14,81.15,13.0,0.5,96.0
16,2000,34.32,67.36,16.12,0.68,80.0
16,2001,28.29,56.81,14.5,0.64,80.0
16,2002,24.06,51.1,14.37,0.7,72.0
16,2003,64.47,202.53,16.88,0.67,76.0
16,2004,35.81,118.34,18.81,0.69,172.0
16,2005,28.33,76.66,14.72,0.59,89.0
16,2006,23.76,67.44,14.05,0.5,75.0
16,2007,30.58,77.3,16.63,0.55,69.0
16,2008,30.03,64.26,13.77,0.67,79.0
16,2009,58.79,103.68,10.88,0.54,70.0
17,841,,119.49,9.26,0.32,
17,842,,170.61,10.2,0.27,148.0
17,843,,124.64,9.45,0.29,135.0
17,844,,107.36,9.39,0.31,107.0
17,845,,178.28,10.72,0.33,124.0
17,846,,178.55,11.07,0.39,156.0
17,847,,312.48,12.64,0.31,211.0
17,848,,261.1,11.34,0.32,247.0
17,849,,151.89,10.4,0.28,161.0
17,850,,188.39,10.42,0.28,157.0
17,851,,99.66,8.75,0.29,120.0
17,852,,89.09,7.8,0.33,101.0
17,853,,105.54,10.29,0.59,
17,854,,87.13,8.8,0.31,91.0
17,855,,121.63,8.69,0.3,96.0
17,856,,124.83,9.04,0.32,121.0
17,857,,169.22,9.45,0.36,137.0
17,858,,107.19,9.27,0.3,120.0
17,859,,103.55,9.76,0.36,103.0
17,860,,135.11,9.24,0.29,113.0
17,861,,156.37,9.59,0.31,130.0
17,862,,128.4,9.01,0.31,136.0
17,863,,87.52,9.37,0.33,100.0
17,864,,205.38,9.77,0.3,139.0
17,865,,194.08,10.02,0.43,176.0
17,866,,149.04,9.49,0.33,152.0
17,867,,92.3,8.47,0.27,114.0
17,868,,120.26,9.47,0.3,110.0
17,869,,115.24,9.56,0.4,112.0
17,870,,111.91,9.82,0.39,106.0
17,871,,94.15,8.57,0.3,100.0
17,872,,130.72,8.66,0.29,105.0
17,873,,154.29,8.47,0.36,130.0
17,874,,149.02,9.68,0.44,131.0
17,875,,195.18,10.22,0.38,149.0
17,876,,136.9,9.84,0.31,146.0
17,877,,98.77,9.9,0.28,117.0
17,878,,83.56,10.32,0.42,93.0
17,879,,78.74,8.95,0.3,94.0
17,880,,109.26,10.44,0.43,84.0
17,881,,116.99,9.25,0.43,110.0
17,882,,129.23,10.45,0.42,116.0
17,883,,101.19,9.28,0.39,109.0
17,884,,167.86,9.85,0.36,119.0
17,885,,197.14,10.65,0.34,155.0
17,886,,175.7,8.73,0.38,160.0
17,887,,130.9,9.7,0.34,133.0
17,888,,119.44,9.2,0.35,126.0
17,889,,177.78,8.99,0.4,123.0
17,890,,154.1,9.89,0.4,147.0
17,891,,105.49,9.02,0.4,125.0
17,892,,97.97,10.04,0.34,100.0
17,893,,107.84,9.78,0.36,104.0
17,894,,84.11,8.96,0.38,98.0
17,895,,138.42,9.26,0.29,100.0
17,896,,186.63,9.83,0.43,149.0
17,897,,81.65,9.53,0.34,124.0
17,898,,122.54,13.85,0.3,101.0
17,899,,107.21,10.3,0.42,104.0
17,900,,161.58,9.53,0.28,153.0
17,901,,110.27,9.79,0.31,124.0
17,902,,51.38,9.75,0.31,82.0
17,903,,63.41,9.33,0.32,53.0
17,904,,99.72,,0.31,71.0
17,905,,155.17,,,135.0
17,906,,184.27,,,119.0
17,907,,,,,
17,908,,,,,
17,909,,,,,
17,910,,,,,
17,911,,189.13,,0.19,
17,912,,92.0,6.97,0.15,
17,913,,,,0.0,
17,914,,,,0.0,
17,915,,71.43,15.51,0.13,
17,916,,16.39,17.16,0.03,
17,917,,20.45,12.39,0.05,
17,918,,,,0.0,
17,919,,69.48,13.31,0.15,
17,920,,,,0.0,
17,921,,37.55,12.39,0.0,
17,922,,49.74,14.43,0.05,
17,923,,76.65,22.16,0.03,
17,924,,83.4,17.66,0.07,
17,925,,,,,
17,926,,,,,
17,927,,,,,
17,928,,,,,
17,929,,59.05,11.26,0.28,
17,930,,57.2,10.82,0.02,
17,931,,41.89,10.29,0.15,
17,932,,54.63,11.37,0.35,50.0
17,933,,53.05,11.28,0.35,54.0
17,934,,,,0.0,
17,935,,41.13,9.18,0.09,
17,936,,25.83,9.37,0.32,31.0
17,937,,18.49,9.56,0.34,34.0
17,938,,29.83,9.63,0.3,35.0
17,939,,,,,
17,940,,,,,
17,941,,,,,
17,942,,,,,
17,943,,,,,
17,944,,79.25,84.6,0.24,
17,945,,56.09,39.59,1.01,71.0
17,946,,43.57,8.13,,
17,947,,61.97,8.21,,
17,948,,75.72,8.58,,
17,949,,66.17,8.95,,
17,950,,46.57,8.46,,
17,951,,49.97,7.99,,
17,952,,45.45,7.87,,
17,953,,37.48,7.38,,
17,954,,45.92,7.44,,
17,955,,36.23,7.54,,
17,956,,54.73,7.84,,
17,957,,97.64,8.33,,
17,958,,,,,
17,959,,59.33,7.7,,
17,960,,79.33,8.06,0.27,78.0
17,961,,88.58,,0.32,85.0
17,962,,,,,
17,963,,,,,
17,964,,59.42,8.35,0.25,
17,965,,44.52,6.95,0.3,
17,966,,,,,
17,967,,39.51,9.02,0.33,
17,968,,38.25,6.6,0.13,
17,969,,,,,
17,970,,,,,
17,971,,,6.9,0.28,
17,972,,,,,
17,973,,,,,
17,974,,,,,
17,975,,1.5,3.65,0.23,
17,976,,,,,
17,977,,,,,
17,978,,,,,
17,979,,56.6,6.43,0.38,
17,980,,,,,
17,981,,,,,
17,982,,,,0.0,
17,983,,,,,
17,984,,,,,
17,985,,,,,
17,986,,,,,
17,987,,,,,
17,988,,,,,
17,989,,,,,
17,990,,,,,
17,991,,,,,
17,992,,,,,
17,993,,,,,
17,994,,,,,
17,995,,,,,
17,996,,,,,
17,997,,,,,
17,998,,,,,
17,999,,,,,
17,1000,,,,,
17,1001,,,,,
17,1002,,,,,
17,1003,,,,,
17,1004,,,,,
17,1005,,,,,
17,1006,,,,,
17,1007,,,,,
17,1008,,94.23,7.21,0.22,
17,1009,,,,0.0,
17,1010,,,,,
17,1011,,,,,
17,1012,,,,,
17,1013,,34.7,7.31,0.33,
17,1014,,,,,
17,1015,,,,,
17,1016,,,,,
17,1017,,,,,
17,1018,,,,,
17,1019,,,,,
17,1020,,185.55,6.78,0.28,
17,1021,,,,,
17,1022,,,,,
17,1023,,72.57,6.76,0.22,
17,1024,,,,,
17,1025,,13.7,6.48,0.36,
17,1026,,,,,
17,1027,,,,,
17,1028,,,,,
17,1029,,,,,
17,1030,,,,,
17,1031,,,,,
17,1032,,,,,
17,1033,,,,,
17,1034,,,,,
17,1035,,262.62,7.18,0.33,
17,1036,,53.56,2.72,0.03,
17,1037,,99.23,5.56,0.02,
17,1038,,58.0,,0.02,
17,1039,,110.9,,0.13,
17,1040,,95.08,6.46,0.19,
17,1041,,97.4,5.18,0.4,
17,1042,,,,,
17,1043,,,,,
17,1044,,259.7,7.41,0.36,
17,1045,,110.4,7.74,0.37,
17,1046,,,,,
17,1047,,,,,
17,1048,,144.78,9.13,0.35,
17,1049,,212.3,8.99,0.37,
17,1050,,129.1,7.65,0.45,
17,1051,,,,,
17,1052,,,,,
17,1053,,115.91,10.2,0.22,
17,1054,,,,,
17,1055,,,,,
17,1056,,,,,
17,1057,,,,,
17,1058,,196.1,8.27,0.5,
17,1059,,231.0,9.46,0.7,
17,1060,,235.05,9.31,0.08,
17,1061,,,,,
17,1062,,244.01,10.56,0.31,
17,1063,,151.5,10.51,0.26,
17,1064,,184.55,10.36,0.18,
17,1065,,,,,
17,1066,,,,,
17,1067,,,,,
17,1068,,,,,
17,1069,,,,,
17,1070,,,,,
17,1071,,,,,
17,1072,,,,,
17,1073,,,,,
17,1074,,,,,
17,1075,,,,,
17,1076,,,,,
17,1077,,,,,
17,1078,,,,,
17,1079,,,,,
17,1080,,,,,
17,1081,,,,,
17,1082,,,,,
17,1083,,,,,
17,1084,,,,,
17,1085,,177.37,11.85,0.39,
17,1086,,147.58,10.67,0.35,158.0
17,1087,,125.99,10.14,0.33,118.0
17,1088,,185.76,10.5,0.32,142.0
17,1089,,183.64,10.39,0.35,165.0
17,1090,,,,,
17,1091,,155.52,10.51,0.36,
17,1092,,145.69,10.43,0.32,132.0
17,1093,,200.02,11.67,0.41,128.0
17,1094,,231.28,11.86,0.34,194.0
17,1095,,279.45,12.92,0.3,237.0
17,1096,,269.77,15.43,0.42,192.0
17,1097,,276.75,12.62,0.18,
17,1098,,133.28,11.77,0.41,
17,1099,,102.45,9.73,0.32,102.0
17,1100,,160.61,10.23,0.37,119.0
17,1101,,274.55,,0.31,176.0
17,1102,,,,,
17,1103,,,,,
17,1104,,,,,
17,1105,,,,,
17,1106,,168.98,10.32,0.28,
17,1107,,168.65,11.01,0.34,128.0
17,1108,,295.04,12.83,0.31,229.0
17,1109,,184.4,11.11,0.32,156.0
17,1110,,157.44,10.39,0.31,163.0
17,1111,,158.25,10.5,0.31,136.0
17,1112,,202.4,11.82,0.4,152.0
17,1113,,241.21,12.11,0.27,184.0
17,1114,,165.49,11.64,0.34,159.0
17,1115,,197.7,11.84,0.31,160.0
17,1116,,137.24,11.09,0.35,153.0
17,1117,,146.55,10.21,0.36,119.0
17,1118,,246.1,13.07,0.32,176.0
17,1119,,165.4,11.98,0.32,146.0
17,1120,,237.11,12.43,0.35,209.0
17,1121,,89.61,9.92,0.27,114.0
17,1122,,123.43,10.57,0.34,113.0
17,1123,,128.31,10.02,0.35,114.0
17,1124,,90.25,11.35,0.32,109.0
17,1125,,203.31,10.87,0.35,154.0
17,1126,,164.43,10.91,0.35,122.0
17,1127,,117.28,9.4,0.32,134.0
17,1128,,153.48,10.65,0.33,125.0
17,1129,,173.34,9.76,0.3,139.0
17,1130,,265.75,11.03,0.41,178.0
17,1131,,225.9,11.8,0.33,205.0
17,1132,,315.27,10.93,0.3,221.0
17,1133,,211.45,9.38,0.3,229.0
17,1134,,245.7,8.95,0.3,161.0
17,1135,,141.45,9.21,0.35,180.0
17,1136,,289.1,10.37,0.38,145.0
17,1137,,273.86,10.26,0.26,294.0
17,1138,,137.15,11.02,0.37,167.0
17,1139,,151.52,10.66,0.37,
17,1140,,155.41,10.21,0.34,135.0
17,1141,,58.74,8.64,0.3,90.0
17,1142,,85.3,8.85,0.3,71.0
17,1143,,98.39,10.1,0.35,119.0
17,1144,,99.2,9.42,0.26,225.0
17,1145,,,,,
17,1146,,226.15,11.01,0.36,
17,1147,,199.04,9.76,0.35,170.0
17,1148,,144.54,9.39,0.33,140.0
17,1149,,147.96,9.44,0.3,129.0
17,1150,,159.26,9.93,0.42,144.0
17,1151,,178.2,10.4,0.34,137.0
17,1152,,240.43,9.8,0.38,184.0
17,1153,,130.66,8.5,0.35,172.0
17,1154,,127.78,9.04,0.36,131.0
17,1155,,127.41,9.26,0.27,110.0
17,1156,,232.78,9.42,0.39,143.0
17,1157,,130.12,8.92,0.34,174.0
17,1158,,124.44,8.96,0.26,106.0
17,1159,,202.58,8.29,0.32,144.0
17,1160,,270.09,7.83,0.28,180.0
17,1161,,116.91,8.31,0.32,142.0
17,1162,,193.53,8.49,0.31,130.0
17,1163,,199.47,10.82,0.34,177.0
17,1164,,146.95,10.15,0.35,167.0
17,1165,,123.73,9.07,0.29,119.0
17,1166,,133.96,9.18,0.32,124.0
17,1167,,214.59,10.02,0.41,151.0
17,1168,,160.38,10.28,0.32,159.0
17,1169,,130.73,9.84,0.32,126.0
17,1170,,167.31,10.48,0.36,134.0
17,1171,,224.71,8.89,0.27,152.0
17,1172,,99.24,8.88,0.35,151.0
17,1173,,129.45,9.11,0.34,114.0
17,1174,,189.85,8.92,0.39,136.0
17,1175,,220.36,9.14,0.32,161.0
17,1176,,255.57,12.41,0.3,214.0
17,1177,,361.07,12.83,0.38,264.0
17,1178,,301.27,10.69,0.33,265.0
17,1179,,167.69,10.28,0.36,197.0
17,1180,,139.75,9.66,0.46,148.0
17,1181,,,,0.0,
17,1182,,,,0.0,
17,1183,,290.3,7.39,0.1,
17,1184,,,,0.0,
17,1185,,,,0.0,
17,1186,,,,0.0,
17,1187,,,,0.0,
17,1188,,,,0.0,
17,1189,,298.46,6.38,,
17,1190,,,,0.0,
17,1191,,,,0.0,
17,1192,,125.87,7.53,0.12,
17,1193,,583.35,7.88,0.2,
17,1194,,,,,
17,1195,,,,,
17,1196,,,,,
17,1197,,165.86,,0.87,
17,1198,,84.74,8.19,0.39,
17,1199,,28.06,8.1,0.35,88.0
17,1200,,,,,
17,1201,,,,,
17,1202,,,,,
17,1203,,,,,
17,1204,,,,,
17,1205,,142.58,7.37,0.28,
17,1206,,120.66,8.24,0.52,124.0
17,1207,,46.22,7.53,0.27,90.0
17,1208,,,,,
17,1209,,120.74,9.48,0.31,
17,1210,,140.02,10.34,0.46,120.0
17,1211,,153.75,11.29,0.43,128.0
17,1212,,45.41,10.16,1.13,
17,1213,,,12.24,0.0,
17,1214,,59.0,5.69,0.47,
17,1215,,,6.65,0.47,
17,1216,,407.0,4.73,0.34,
17,1217,,76.4,6.71,0.34,
17,1218,,,6.81,0.0,
17,1219,,46.81,6.04,0.51,
17,1220,,46.7,,0.0,
17,1221,,46.34,6.45,0.46,
17,1222,,,,,
17,1223,,,,,
17,1224,,,,1.26,
17,1225,,,,,
17,1226,,,,,
17,1227,,,,,
17,1228,,,,,
17,1229,,,,,
17,1230,,,,,
17,1231,,,,,
17,1232,,,,,
17,1233,,,,,
17,1234,,,7.34,0.15,
17,1235,,,,,
17,1236,,,,,
17,1237,,,,,
17,1238,,,8.19,0.0,
17,1239,,,,,
17,1240,,,,,
17,1241,,,,,
17,1242,,,,,
17,1243,,,,,
17,1244,,,,,
17,1245,,49.8,6.13,0.05,
17,1246,,,,0.0,
17,1247,,,,,
17,1248,,,,,
17,1249,,81.84,8.42,0.35,
17,1250,,105.91,7.78,0.51,94.0
17,1251,,144.27,8.46,0.42,116.0
17,1252,,171.14,7.18,0.38,143.0
17,1253,,136.1,7.45,0.36,134.0
17,1254,,148.89,7.6,0.38,161.0
17,1255,,113.36,6.68,0.44,134.0
17,1256,,,,,98.0
17,1257,,,,,
17,1258,,,,,
17,1259,,,,,
17,1260,,,,,
17,1261,,,10.76,3.75,
17,1262,,160.53,7.5,0.91,
17,1263,,,,,
17,1264,,,,,
17,1265,,,,,
17,1266,,,,,
17,1267,,,,,
17,1268,,,,,
17,1269,,,,,
17,1270,,,,,
17,1271,,,,,
17,1272,,,,,
17,1273,,,,,
17,1274,,,,,
17,1275,,,,,
17,1276,,,,,
17,1277,,,,,
17,1278,,,,,
17,1279,,,,0.0,
17,1280,,99.28,6.64,0.07,
17,1281,,49.82,6.44,0.44,71.0
17,1282,,65.94,6.0,0.33,53.0
17,1283,,159.22,6.8,0.35,111.0
17,1284,,113.33,6.78,0.3,123.0
17,1285,,96.66,6.76,0.3,104.0
17,1286,,81.75,7.27,0.32,89.0
17,1287,,86.9,7.44,0.28,85.0
17,1288,,100.95,7.34,0.29,92.0
17,1289,,98.9,7.15,0.29,102.0
17,1290,,89.74,7.05,0.3,94.0
17,1291,,66.96,7.09,0.28,77.0
17,1292,,69.66,7.32,0.34,70.0
17,1293,,69.45,7.49,0.35,65.0
17,1294,,59.99,7.47,0.33,66.0
17,1295,,88.62,7.08,0.32,82.0
17,1296,,112.81,7.61,0.33,95.0
17,1297,,116.51,7.32,0.34,117.0
17,1298,,68.22,7.2,0.38,89.0
17,1299,,49.91,7.43,0.46,55.0
17,1300,,52.53,7.27,0.33,65.0
17,1301,,74.82,6.83,0.32,72.0
17,1302,,83.12,6.77,0.42,80.0
17,1303,,61.97,7.14,0.37,106.0
17,1304,,50.86,7.11,0.26,81.0
17,1305,,91.23,6.97,0.3,76.0
17,1306,,120.11,7.06,0.37,100.0
17,1307,,179.33,7.17,0.4,
17,1308,,86.95,7.12,0.39,112.0
17,1309,,86.96,7.03,0.32,83.0
17,1310,,70.68,6.88,0.34,86.0
17,1311,,77.32,6.8,0.23,70.0
17,1312,,135.24,6.78,0.36,108.0
17,1313,,191.13,6.86,0.32,132.0
17,1314,,120.67,6.88,0.34,151.0
17,1315,,109.67,7.14,0.34,113.0
17,1316,,104.7,7.27,0.35,118.0
17,1317,,109.37,7.16,0.37,107.0
17,1318,,119.04,7.05,0.47,111.0
17,1319,,117.11,7.34,0.43,110.0
17,1320,,117.12,7.11,0.42,110.0
17,1321,,147.82,7.61,0.4,114.0
17,1322,,118.01,7.37,0.4,126.0
17,1323,,116.96,7.39,0.4,120.0
17,1324,,97.55,7.47,0.38,93.0
17,1325,,115.41,7.24,0.45,102.0
17,1326,,163.25,10.2,0.46,134.0
17,1327,,194.13,9.14,0.39,159.0
17,1328,,91.71,7.52,0.47,140.0
17,1329,,85.73,7.68,0.65,204.0
17,1330,,111.4,7.28,0.43,103.0
17,1331,,129.96,6.94,0.44,112.0
17,1332,,143.75,7.27,0.34,121.0
17,1333,,152.22,7.11,0.4,134.0
17,1334,,146.81,7.21,0.43,146.0
17,1335,,93.89,7.31,0.36,105.0
17,1336,,102.98,7.4,0.34,125.0
17,1337,,99.33,7.25,0.42,106.0
17,1338,,146.37,7.23,0.46,110.0
17,1339,,146.62,7.61,0.47,132.0
17,1340,,123.14,6.93,0.39,148.0
17,1341,,100.79,7.02,0.38,117.0
17,1342,,67.46,7.15,0.3,74.0
17,1343,,106.0,6.92,0.0,82.0
17,1344,,88.89,7.13,0.0,105.0
17,1345,,84.94,7.27,0.0,83.0
17,1346,,67.82,7.1,0.0,69.0
17,1347,,121.14,7.44,0.0,78.0
17,1348,,,,0.0,
17,1349,,,,,
17,1350,,,,,
17,1351,,,,,
17,1352,,,,,
17,1353,,,,,
17,1354,,,,,
17,1355,,,,,
17,1356,,,,,
17,1357,,,,,
17,1358,,,,,
17,1359,,,,,
17,1360,,,,,
17,1361,,,,,
17,1362,,,,,
17,1363,,159.15,7.63,0.0,
17,1364,,,,0.0,
17,1365,,,,,
17,1366,,,,,
17,1367,,,,,
17,1368,,,,,
17,1369,,,,,
17,1370,,,,,
17,1371,,,,,
17,1372,,204.97,7.68,0.0,
17,1373,,305.39,7.45,0.0,221.0
17,1374,,342.4,7.69,0.0,277.0
17,1375,,315.84,7.52,0.0,292.0
17,1376,,310.64,7.69,0.0,244.0
17,1377,,343.78,7.88,0.0,
17,1378,,362.61,7.68,0.0,307.0
17,1379,,358.43,7.71,0.0,352.0
17,1380,,105.58,7.58,0.0,173.0
17,1381,,134.55,7.67,0.0,107.0
17,1382,,134.45,7.59,0.0,122.0
17,1383,,127.22,7.02,0.0,124.0
17,1384,,,,,117.0
17,1385,,379.98,7.63,0.0,
17,1386,,286.64,7.28,0.0,244.0
17,1387,,293.44,7.18,0.0,245.0
17,1388,,283.64,6.95,0.0,225.0
17,1389,,222.86,6.97,0.0,223.0
17,1390,,292.8,7.12,0.0,204.0
17,1391,,397.63,7.02,0.0,321.0
17,1392,,379.78,6.94,0.0,334.0
17,1393,,262.56,6.95,0.0,264.0
17,1394,,258.84,7.19,0.0,219.0
17,1395,,299.21,7.42,0.0,215.0
17,1396,,267.77,7.27,0.0,248.0
17,1397,,254.9,7.19,0.0,208.0
17,1398,,278.32,7.21,0.0,237.0
17,1399,,192.25,7.0,0.0,179.0
17,1400,,227.19,7.37,0.0,179.0
17,1401,,268.34,7.21,0.0,193.0
17,1402,,295.6,7.27,0.0,232.0
17,1403,,300.9,6.98,0.0,252.0
17,1404,,338.4,7.22,0.0,259.0
17,1405,,320.33,6.85,0.0,311.0
17,1406,,314.2,7.43,0.0,229.0
17,1407,,429.17,6.98,0.0,340.0
17,1408,,466.99,7.59,0.0,445.0
17,1409,,330.12,7.46,0.0,370.0
17,1410,,365.35,7.1,0.0,279.0
17,1411,,339.24,7.1,0.0,310.0
17,1412,,388.77,7.27,0.0,308.0
17,1413,,396.72,6.6,0.0,382.0
17,1414,,488.67,7.17,0.0,377.0
17,1415,,454.92,6.78,0.0,501.0
17,1416,,,,,414.0
17,1417,,,,,
17,1418,,,,,
17,1419,,,,,
17,1420,,735.36,7.76,0.0,
17,1421,,469.99,7.51,0.0,538.0
17,1422,,326.64,7.17,0.0,351.0
17,1423,,336.19,6.91,0.0,276.0
17,1424,,322.36,7.16,0.0,292.0
17,1425,,397.89,7.46,0.0,285.0
17,1426,,458.18,7.63,0.0,400.0
17,1427,,456.38,7.84,0.0,447.0
17,1428,,369.99,7.83,0.0,379.0
17,1429,,373.13,7.82,0.0,340.0
17,1430,,354.37,7.66,0.0,313.0
17,1431,,389.15,7.43,0.0,300.0
17,1432,,388.47,7.73,0.0,396.0
17,1433,,350.58,7.21,0.0,324.0
17,1434,,410.45,6.88,0.0,292.0
17,1435,,639.27,7.11,0.0,
17,1436,,417.79,7.38,0.0,
17,1437,,330.05,7.1,0.0,
17,1438,,,,0.0,
17,1439,,,,,
17,1440,,599.35,8.02,0.0,
17,1441,,528.33,7.89,0.0,569.0
17,1442,,493.89,7.87,,460.0
17,1443,,488.84,7.85,,470.0
17,1444,,499.41,7.72,,560.0
17,1445,,301.18,7.26,,325.0
17,1446,,343.44,7.31,,250.0
17,1447,,266.98,7.4,,285.0
17,1448,,117.61,7.68,,196.0
17,1449,,268.12,7.63,,118.0
17,1450,,493.13,7.77,,420.0
17,1451,,373.4,7.5,,398.0
17,1452,,519.85,7.7,,345.0
17,1453,,,,,
17,1454,,249.85,7.08,,
17,1455,,,,,
17,1456,,493.48,7.69,,
17,1457,,378.14,7.73,,406.0
17,1458,,296.7,7.08,,271.0
17,1459,,357.16,7.88,,239.0
17,1460,,362.09,7.34,,295.0
17,1461,,413.78,7.47,,341.0
17,1462,,484.34,7.79,,440.0
17,1463,,422.12,8.1,,442.0
17,1464,,502.23,7.86,,463.0
17,1465,,559.79,7.71,,483.0
17,1466,,599.3,7.99,,604.0
17,1467,,500.88,7.82,,575.0
17,1468,,549.21,7.89,,569.0
17,1469,,331.19,12.37,,342.0
17,1470,217.13,278.74,10.9,0.0,277.0
17,1471,140.03,200.64,10.91,,280.0
17,1472,155.38,242.69,11.21,,335.0
17,1473,166.85,262.83,11.47,,324.0
17,1474,179.51,300.54,11.66,,345.0
17,1475,161.22,297.14,10.85,,352.0
17,1476,97.48,156.89,10.82,,273.0
17,1477,105.12,175.15,10.57,,220.0
17,1478,120.37,199.94,10.67,,288.0
17,1479,116.5,192.38,10.44,,301.0
17,1480,115.44,204.44,10.38,,272.0
17,1481,126.81,222.39,10.65,,300.0
17,1482,113.6,218.59,10.63,,296.0
17,1483,159.44,288.67,10.84,0.0,317.0
17,1484,129.29,228.51,10.26,,316.0
17,1485,121.03,218.6,10.31,0.0,297.0
17,1486,101.74,191.07,10.19,0.0,277.0
17,1487,104.28,180.63,10.23,,238.0
17,1488,74.06,113.37,10.02,,202.0
17,1489,72.47,120.12,10.04,,135.0
17,1490,58.89,107.66,10.12,,128.0
17,1491,73.78,145.37,10.39,,110.0
17,1492,128.32,234.17,10.35,,262.0
17,1493,118.18,216.22,10.3,0.0,302.0
17,1494,91.4,184.04,10.27,,247.0
17,1495,100.41,203.47,10.08,0.0,219.0
17,1496,96.46,181.49,9.96,,233.0
17,1497,99.72,174.35,9.98,,215.0
17,1498,96.14,189.46,10.13,,215.0
17,1499,120.88,243.09,10.31,,280.0
17,1500,120.88,211.96,10.56,,289.0
17,1501,64.5,116.84,10.22,,203.0
17,1502,69.83,135.09,10.16,,127.0
17,1503,86.47,158.19,10.3,,170.0
17,1504,88.14,153.71,10.19,0.0,178.0
17,1505,108.85,188.76,10.27,0.0,241.0
17,1506,101.31,184.48,10.08,0.0,257.0
17,1507,90.96,162.28,9.86,0.0,238.0
17,1508,24.75,38.27,9.7,0.0,93.0
17,1509,41.96,72.82,9.76,0.0,57.0
17,1510,60.04,105.56,9.63,0.0,93.0
17,1511,99.32,197.98,10.08,0.0,171.0
17,1512,91.77,184.17,10.13,0.0,251.0
17,1513,90.46,187.59,10.09,0.0,184.0
17,1514,117.15,231.32,10.03,0.0,250.0
17,1515,74.2,138.7,9.59,0.0,230.0
17,1516,57.84,119.52,9.41,0.0,111.0
17,1517,43.2,72.1,9.51,0.0,100.0
17,1518,58.96,106.55,9.5,0.0,84.0
17,1519,42.86,73.18,9.41,0.0,89.0
17,1520,25.2,62.61,9.36,0.0,115.0
17,1521,48.98,86.86,9.49,0.0,209.0
17,1522,80.78,140.36,9.57,0.0,135.0
17,1523,85.67,152.5,9.24,0.0,183.0
17,1524,72.84,127.69,9.34,0.0,150.0
17,1525,81.29,145.5,9.28,0.0,167.0
17,1526,84.66,139.63,9.39,0.0,177.0
17,1527,46.5,84.04,9.71,0.0,123.0
17,1528,58.39,105.21,9.82,0.0,96.0
17,1529,67.94,137.38,9.86,0.0,110.0
17,1530,106.54,206.88,10.1,0.0,199.0
17,1531,85.43,159.49,9.72,0.0,226.0
17,1532,87.37,166.13,10.19,0.0,176.0
17,1533,113.48,228.18,9.94,0.0,254.0
17,1534,69.31,129.63,10.02,0.0,272.0
17,1535,50.04,95.48,10.39,0.0,106.0
17,1536,40.09,71.28,9.91,0.0,80.0
17,1537,60.26,110.17,9.68,0.0,129.0
17,1538,38.16,68.99,9.69,0.0,77.0
17,1539,59.07,111.43,9.64,0.0,95.0
17,1540,68.47,129.0,9.61,0.0,128.0
17,1541,72.12,136.87,9.69,0.0,155.0
17,1542,38.02,90.59,9.53,0.0,107.0
17,1543,45.24,93.14,9.42,0.0,97.0
17,1544,61.9,141.18,9.42,0.0,115.0
17,1545,69.58,159.38,9.44,0.0,139.0
17,1546,85.68,205.23,9.94,0.0,170.0
17,1547,53.93,114.83,9.79,0.0,126.0
17,1548,69.81,150.68,9.71,0.0,128.0
17,1549,102.41,181.61,9.7,0.0,175.0
17,1550,,,,,
17,1551,,,,,
17,1552,54.36,85.61,10.62,0.0,
17,1553,52.97,112.2,9.54,,100.0
17,1554,79.81,169.61,9.73,,137.0
17,1555,60.03,124.63,9.8,,126.0
17,1556,57.54,112.16,9.56,,114.0
17,1557,57.57,105.36,9.46,,112.0
17,1558,38.85,72.37,9.55,,78.0
17,1559,41.67,71.88,9.42,,80.0
17,1560,54.19,101.85,9.48,,87.0
17,1561,48.46,90.02,9.51,,92.0
17,1562,70.14,129.73,9.7,,105.0
17,1563,61.71,116.52,9.61,,124.0
17,1564,55.67,116.8,9.48,,113.0
17,1565,49.75,103.33,9.43,,104.0
17,1566,60.83,126.33,9.38,,111.0
17,1567,71.94,143.92,9.28,,139.0
17,1568,79.9,255.49,9.42,,234.0
17,1569,43.59,94.13,9.28,,137.0
17,1570,34.08,69.51,9.27,,86.0
17,1571,34.25,73.45,9.14,,98.0
17,1572,48.17,113.98,9.27,,99.0
17,1573,46.56,81.89,9.51,,87.0
17,1574,45.01,75.39,9.48,,84.0
17,1575,,93.85,9.77,1.8,90.0
17,1576,,70.53,9.54,1.76,101.0
17,1577,,91.32,9.73,1.87,118.0
17,1578,,113.19,9.55,1.57,190.0
17,1579,,162.53,8.5,2.01,148.0
17,1580,,233.79,7.76,2.59,175.0
17,1581,,106.54,7.57,1.74,146.0
17,1582,,60.46,7.43,1.38,101.0
17,1583,,40.09,7.72,1.48,109.0
17,1584,,44.95,7.67,1.55,100.0
17,1585,,34.07,7.38,1.52,88.0
17,1586,,61.33,7.61,1.44,102.0
17,1587,,119.83,7.73,1.66,115.0
17,1588,,154.78,7.79,2.49,184.0
17,1589,,179.52,7.6,1.91,161.0
17,1590,,191.75,7.45,1.61,173.0
17,1591,,196.25,7.55,1.88,166.0
17,1592,,191.93,7.53,2.14,160.0
17,1593,,153.82,7.41,2.01,187.0
17,1594,,160.09,7.5,1.95,134.0
17,1595,,71.3,7.37,1.77,131.0
17,1596,,86.04,7.54,1.78,
17,1597,,49.95,7.89,1.58,90.0
17,1598,,94.92,7.79,3.52,
17,1599,,94.62,7.51,2.01,102.0
17,1600,,78.92,7.63,2.46,130.0
17,1601,,71.05,7.7,1.49,154.0
17,1602,,71.57,7.72,1.66,235.0
17,1603,,60.69,7.56,1.46,148.0
17,1604,,53.47,7.43,1.58,104.0
17,1605,,61.22,7.37,1.72,112.0
17,1606,,69.58,7.6,1.77,114.0
17,1607,,,,,
17,1608,,86.47,8.09,2.84,
17,1609,,92.21,7.66,1.25,105.0
17,1610,,51.11,7.24,1.51,106.0
17,1611,,62.5,6.92,1.46,96.0
17,1612,,66.2,7.82,1.37,118.0
17,1613,,38.08,,1.95,
17,1614,,76.4,7.44,1.45,
17,1615,,314.52,7.32,0.66,
17,1616,,,,,
17,1617,,,,,
17,1618,,,,,
17,1619,,,,,
17,1620,,,,,
17,1621,,,,,
17,1622,,,,,
17,1623,,,,,
17,1624,,,,,
17,1625,,,,,
17,1626,,,,,
17,1627,,,,,
17,1628,,,,,
17,1629,,,,,
17,1630,,,,,
17,1631,,,,,
17,1632,,,,,
17,1633,,,,,
17,1634,,,,,
17,1635,,,,,
17,1636,,,,,
17,1637,,,,,
17,1638,,,,,
17,1639,,,,,
17,1640,,,,,
17,1641,,,,,
17,1642,,,,,
17,1643,,,,,
17,1644,,,,,
17,1645,,,,,
17,1646,,,,,
17,1647,,,,,
17,1648,,,,,
17,1649,,,,,
17,1650,,,,,
17,1651,,,,,
17,1652,,,,,
17,1653,,,,,
17,1654,,133.45,12.02,1.11,
17,1655,,25.75,8.96,1.27,82.0
17,1656,,33.74,9.03,1.24,93.0
17,1657,,40.08,8.94,1.31,85.0
17,1658,,40.2,9.14,1.54,101.0
17,1659,,45.76,9.42,1.51,107.0
17,1660,,42.62,9.46,1.91,110.0
17,1661,,34.86,9.41,1.24,87.0
17,1662,,36.28,9.34,1.27,92.0
17,1663,,28.58,8.97,1.15,80.0
17,1664,,30.11,9.12,1.39,89.0
17,1665,,26.67,9.19,1.48,98.0
17,1666,,29.38,9.64,1.58,111.0
17,1667,,37.58,9.44,1.43,134.0
17,1668,,29.45,9.43,1.68,126.0
17,1669,,24.18,9.4,1.83,136.0
17,1670,,,,,81.0
17,1671,,26.66,9.39,1.26,168.0
17,1672,,22.78,9.39,1.39,91.0
17,1673,,23.39,9.11,1.14,82.0
17,1674,,26.68,9.32,1.39,85.0
17,1675,,36.71,9.45,1.45,97.0
17,1676,,38.25,9.24,1.61,103.0
17,1677,,32.95,9.4,1.4,102.0
17,1678,,24.85,9.07,1.52,105.0
17,1679,,33.06,9.14,2.28,123.0
17,1680,,18.43,9.42,1.35,100.0
17,1681,,17.47,9.2,1.52,109.0
17,1682,,19.15,9.22,1.91,112.0
17,1683,,18.62,9.36,2.74,130.0
17,1684,,2.48,9.22,1.78,120.0
17,1685,,21.17,9.4,1.95,88.0
17,1686,,34.14,9.53,1.54,96.0
17,1687,,24.7,9.36,1.64,103.0
17,1688,,22.39,9.34,1.24,94.0
17,1689,,29.22,9.32,1.84,111.0
17,1690,,34.28,9.29,1.66,117.0
17,1691,,27.22,9.35,2.12,119.0
17,1692,14.18,28.89,9.33,1.56,108.0
17,1693,14.0,27.41,9.42,1.95,110.0
17,1694,18.63,35.77,9.52,2.28,116.0
17,1695,18.0,30.72,9.29,1.91,115.0
17,1696,11.4,29.06,9.47,1.96,115.0
17,1697,11.0,26.48,9.43,2.06,112.0
17,1698,11.0,22.42,9.34,1.96,155.0
17,1699,11.0,26.6,9.4,1.8,107.0
17,1700,11.0,30.25,9.24,1.9,112.0
17,1701,11.0,24.05,9.39,1.88,110.0
17,1702,11.0,34.5,9.39,2.04,113.0
17,1703,11.0,26.22,9.44,1.72,100.0
17,1704,11.0,34.68,9.5,1.96,111.0
17,1705,11.0,29.74,9.09,2.28,117.0
17,1706,11.0,37.34,9.41,2.27,122.0
17,1707,11.0,27.03,9.46,1.99,117.0
17,1708,11.0,25.63,9.42,2.14,111.0
17,1709,11.0,17.54,9.2,1.81,106.0
17,1710,11.0,22.39,9.28,1.77,110.0
17,1711,11.0,21.19,9.2,1.65,99.0
17,1712,11.0,20.58,9.48,1.72,103.0
17,1713,12.17,23.54,9.22,1.06,92.0
17,1714,15.0,27.46,9.24,,27.0
17,1715,15.0,28.62,9.21,,110.0
17,1716,15.0,36.2,9.33,,168.0
17,1717,15.0,28.54,9.29,,38.0
17,1718,15.0,28.1,9.25,,30.0
17,1719,15.0,31.77,9.19,,30.0
17,1720,15.0,69.54,9.25,,48.0
17,1721,16.56,24.57,9.2,,110.0
17,1722,45.2,42.67,9.4,,32.0
17,1723,50.98,44.17,9.17,,
17,1724,39.27,33.07,9.25,,
17,1725,57.3,51.6,9.14,,
17,1726,60.6,53.8,9.43,,
17,1727,53.91,70.73,9.47,,
17,1728,45.2,63.67,9.44,,83.0
17,1729,41.67,61.86,9.44,,74.0
17,1730,36.02,60.16,9.26,,64.0
17,1731,34.95,59.19,9.36,,60.0
17,1732,38.95,61.98,9.16,,62.0
17,1733,40.68,64.9,8.96,,66.0
17,1734,27.67,54.85,9.0,,59.0
17,1735,,,,,55.0
17,1736,,,,,
17,1737,38.01,65.62,9.11,,
17,1738,42.99,57.83,9.02,,70.0
17,1739,57.89,65.31,9.25,,95.0
17,1740,56.7,68.22,9.28,,102.0
17,1741,50.2,65.3,9.16,,212.0
17,1742,41.38,62.51,9.0,,92.0
17,1743,41.9,61.22,9.27,,67.0
17,1744,42.01,67.7,9.23,,71.0
17,1745,52.04,73.54,9.38,,73.0
17,1746,59.98,65.74,9.19,,93.0
17,1747,44.37,68.79,9.22,,76.0
17,1748,63.43,65.79,9.3,,
17,1749,79.47,73.07,9.35,,
17,1750,73.9,59.7,9.36,,
17,1751,91.02,70.56,9.34,,
17,1752,50.11,69.3,9.38,,84.0
17,1753,63.06,96.55,9.6,,191.0
17,1754,43.39,99.26,9.32,,144.0
17,1755,38.41,93.33,9.12,,101.0
17,1756,51.9,97.1,9.28,,92.0
17,1757,66.99,107.17,9.47,,113.0
17,1758,33.44,97.26,9.14,,103.0
17,1759,28.03,93.26,9.33,,97.0
17,1760,24.21,91.49,9.12,,90.0
17,1761,48.94,102.92,9.2,,97.0
17,1762,54.86,92.45,9.36,,98.0
17,1763,60.84,111.14,9.11,,100.0
17,1764,54.31,95.27,8.97,,126.0
17,1765,69.65,103.78,9.13,,129.0
17,1766,69.63,101.4,8.85,,136.0
17,1767,64.19,97.62,8.9,,125.0
17,1768,84.44,113.21,9.05,,140.0
17,1769,81.96,116.47,9.02,,189.0
17,1770,78.73,111.58,8.94,,155.0
17,1771,73.1,107.97,9.2,,159.0
17,1772,87.87,122.77,9.72,,173.0
17,1773,82.13,115.11,9.66,,211.0
17,1774,45.74,98.21,9.25,,117.0
17,1775,42.71,98.61,9.21,,97.0
17,1776,55.88,125.52,9.06,,104.0
17,1777,62.87,110.06,9.08,,118.0
17,1778,80.47,210.86,9.5,,134.0
17,1779,90.81,168.74,9.31,,216.0
17,1780,82.54,167.98,9.25,,170.0
17,1781,81.0,161.63,9.28,,178.0
17,1782,74.97,164.01,9.34,,156.0
17,1783,95.43,176.42,9.45,,210.0
17,1784,82.1,154.23,9.41,,170.0
17,1785,100.62,183.67,9.72,,217.0
17,1786,150.71,205.88,9.51,,251.0
17,1787,,139.64,9.77,,
17,1788,,175.59,9.58,,
17,1789,126.72,223.58,9.73,,165.0
17,1790,141.93,230.44,9.81,,260.0
17,1791,123.22,250.22,9.55,,311.0
17,1792,136.04,276.18,9.56,,306.0
17,1793,110.73,283.52,9.36,,305.0
17,1794,101.64,207.3,9.42,,238.0
17,1795,86.49,188.06,8.98,,221.0
17,1796,75.02,154.86,9.06,,167.0
17,1797,78.88,160.28,9.25,,153.0
17,1798,88.18,179.12,9.37,,185.0
17,1799,91.95,185.9,9.45,,202.0
17,1800,86.48,181.81,9.3,,187.0
17,1801,97.29,200.99,9.7,,209.0
17,1802,97.86,249.96,9.52,,234.0
17,1803,104.32,241.05,9.32,,235.0
17,1804,91.18,211.02,9.5,,206.0
17,1805,96.83,220.76,9.42,,229.0
17,1806,105.64,233.43,9.53,,230.0
17,1807,114.61,245.4,9.57,,280.0
17,1808,140.04,256.39,9.66,,300.0
17,1809,96.73,182.45,9.53,,274.0
17,1810,79.29,169.59,8.89,,211.0
17,1811,56.64,107.38,8.84,,120.0
17,1812,60.75,95.36,8.58,,106.0
17,1813,139.78,149.78,8.9,,98.0
17,1814,63.54,139.3,9.01,,196.0
17,1815,74.1,177.59,9.13,,136.0
17,1816,69.56,218.68,9.48,,168.0
17,1817,79.04,260.27,9.34,,194.0
17,1818,93.46,297.5,9.47,,235.0
17,1819,84.61,264.4,9.48,,225.0
17,1820,74.47,240.28,9.31,,216.0
17,1821,92.56,211.8,9.35,,191.0
17,1822,79.43,178.65,9.49,,203.0
17,1823,74.85,165.24,9.54,,158.0
17,1824,63.67,170.35,9.16,,151.0
17,1825,70.97,181.4,9.11,,143.0
17,1826,79.71,219.83,9.39,,166.0
17,1827,64.59,186.03,8.87,,178.0
17,1828,61.48,140.69,8.82,,137.0
17,1829,43.86,103.69,8.95,,117.0
17,1830,53.06,138.23,9.12,,109.0
17,1831,39.78,103.93,8.47,,118.0
17,1832,53.52,162.81,8.74,,116.0
17,1833,70.22,212.13,9.22,,162.0
17,1834,84.12,263.8,9.42,,204.0
17,1835,66.1,179.78,8.87,,239.0
17,1836,47.62,129.94,8.49,,210.0
17,1837,53.03,121.55,8.7,,125.0
17,1838,50.35,127.13,8.81,,127.0
17,1839,69.44,175.52,9.11,,130.0
17,1840,80.32,237.74,9.32,,173.0
17,1841,72.55,288.08,9.42,,240.0
17,1842,75.36,269.38,9.05,,242.0
17,1843,62.11,206.68,8.79,,180.0
17,1844,59.65,182.83,8.86,,177.0
17,1845,49.58,140.68,8.41,,161.0
17,1846,46.85,110.04,8.41,,110.0
17,1847,63.67,179.88,8.96,,117.0
17,1848,80.76,254.13,9.1,,192.0
17,1849,75.46,199.88,7.96,,194.0
17,1850,49.17,135.63,6.81,,133.0
17,1851,57.58,152.25,6.76,,132.0
17,1852,48.99,156.13,6.23,,142.0
17,1853,53.16,141.78,6.29,,127.0
17,1854,75.91,319.28,6.65,,189.0
17,1855,77.89,215.07,6.2,,225.0
17,1856,73.8,207.86,6.25,,183.0
17,1857,63.95,131.69,6.97,,162.0
17,1858,65.93,146.95,7.16,,139.0
17,1859,49.91,119.47,6.69,,122.0
17,1860,52.27,151.35,6.72,,117.0
17,1861,66.67,213.44,7.01,,161.0
17,1862,62.9,193.97,6.92,,174.0
17,1863,47.42,142.64,6.82,,148.0
17,1864,74.59,194.27,6.79,,141.0
17,1865,83.58,279.62,7.04,,171.0
17,1866,,,,,
17,1867,95.63,164.12,6.94,,
17,1868,87.29,148.76,11.48,,188.0
17,1869,82.96,151.91,11.93,,204.0
17,1870,94.45,182.25,11.39,,155.0
17,1871,86.25,263.41,11.62,,235.0
17,1872,55.96,132.82,11.27,,140.0
17,1873,56.39,136.42,8.8,,120.0
17,1874,77.24,170.36,11.34,,139.0
17,1875,85.23,178.91,9.83,,209.0
17,1876,99.05,303.64,10.93,,230.0
17,1877,117.17,292.12,11.44,,256.0
17,1878,94.88,245.78,11.6,,269.0
17,1879,101.24,202.98,11.19,,219.0
17,1880,75.34,167.02,11.6,,184.0
17,1881,62.61,130.94,12.05,,144.0
17,1882,58.77,108.44,11.37,,116.0
17,1883,63.81,116.93,10.86,,103.0
17,1884,59.71,115.01,10.5,,124.0
17,1885,73.75,146.96,11.4,,121.0
17,1886,91.52,179.26,10.89,,180.0
17,1887,97.24,197.27,10.2,,220.0
17,1888,96.88,185.34,10.71,,217.0
17,1889,97.87,276.26,10.33,,243.0
17,1890,54.15,101.22,10.21,,155.0
17,1891,38.98,93.97,10.47,,101.0
17,1892,52.5,,9.96,,84.0
17,1893,30.3,,10.06,,
17,1894,,,10.08,,
17,1895,,,10.99,,
17,1896,,,12.92,,
17,1897,,,10.88,,
17,1898,,,9.7,,
17,1899,,,11.31,,
17,1900,,,12.28,,
17,1901,,,11.81,,
17,1902,91.48,227.4,11.12,2.29,
17,1903,43.53,117.83,11.87,2.2,146.0
17,1904,29.31,75.54,10.38,1.55,176.0
17,1905,34.74,89.55,11.78,2.04,164.0
17,1906,56.29,78.79,10.17,2.71,143.0
17,1907,95.19,106.75,9.16,3.21,184.0
17,1908,84.8,87.15,11.47,2.81,
17,1909,82.65,90.97,10.06,2.5,
17,1910,90.55,93.0,10.5,2.18,
17,1911,66.1,86.3,11.22,2.13,
17,1912,35.51,61.28,11.06,1.61,
17,1913,52.07,72.67,10.31,1.46,
17,1914,53.1,72.58,10.07,1.21,
17,1915,44.57,53.28,9.81,0.93,
17,1916,45.82,61.31,9.1,1.23,
17,1917,57.22,79.48,11.33,2.19,125.0
17,1918,70.65,99.85,10.4,2.55,135.0
17,1919,81.31,110.3,11.45,2.82,193.0
17,1920,54.69,99.09,11.05,1.77,123.0
17,1921,71.96,119.98,10.37,2.58,148.0
17,1922,55.22,105.92,11.64,2.6,175.0
17,1923,60.45,92.36,11.44,1.83,115.0
17,1924,79.89,119.5,10.92,2.51,144.0
17,1925,57.34,113.38,11.01,1.46,133.0
17,1926,44.65,92.0,11.28,1.58,105.0
17,1927,77.66,127.19,10.87,2.17,124.0
17,1928,71.54,125.82,11.36,2.11,166.0
17,1929,59.27,122.07,11.72,1.88,124.0
17,1930,52.56,124.78,11.74,2.14,119.0
17,1931,50.88,124.47,12.02,2.16,118.0
17,1932,46.85,118.68,11.38,1.75,113.0
17,1933,27.64,107.72,11.39,1.54,124.0
17,1934,40.6,118.49,10.88,2.0,157.0
17,1935,43.36,128.92,11.27,2.0,117.0
17,1936,28.27,106.17,,1.52,110.0
17,1937,24.83,109.11,10.58,1.56,106.0
17,1938,19.18,85.11,11.56,1.8,103.0
17,1939,14.36,94.42,11.26,1.63,92.0
17,1940,28.23,110.15,12.12,2.28,120.0
17,1941,16.54,92.89,11.98,1.21,101.0
17,1942,13.14,87.6,11.62,1.27,95.0
17,1943,20.29,94.54,10.96,1.27,100.0
17,1944,20.39,95.32,10.38,0.98,94.0
17,1945,11.75,88.68,11.8,0.88,92.0
17,1946,18.84,98.46,10.59,0.87,92.0
17,1947,40.24,113.36,10.16,0.96,104.0
17,1948,38.03,99.9,10.11,0.77,107.0
17,1949,27.08,87.66,10.59,0.87,98.0
17,1950,32.4,98.09,10.88,1.27,102.0
17,1951,34.5,119.93,9.92,1.28,112.0
17,1952,27.08,139.89,10.12,1.45,172.0
17,1953,10.04,122.4,10.25,1.48,121.0
17,1954,18.7,128.72,10.27,1.43,121.0
17,1955,31.7,104.75,9.84,1.28,123.0
17,1956,63.25,100.36,9.95,1.41,116.0
17,1957,49.33,97.73,10.68,1.2,220.0
17,1958,37.77,80.81,10.38,1.28,140.0
17,1959,60.69,86.13,11.99,1.28,127.0
17,1960,53.4,76.77,11.54,1.11,110.0
17,1961,58.71,83.05,11.48,1.23,117.0
17,1962,61.12,84.04,10.41,1.08,98.0
17,1963,74.26,127.28,10.15,0.97,149.0
17,1964,76.23,159.13,10.29,0.88,136.0
17,1965,85.15,169.86,9.91,0.95,187.0
17,1966,45.71,160.03,10.9,0.71,146.0
17,1967,45.54,150.51,10.76,0.83,138.0
17,1968,16.54,138.61,10.18,0.75,128.0
17,1969,36.21,150.29,10.26,0.84,129.0
17,1970,70.46,162.18,10.68,0.75,139.0
17,1971,68.23,161.21,10.2,0.72,142.0
17,1972,53.62,164.75,11.26,0.62,144.0
17,1973,55.68,161.9,10.84,0.66,141.0
17,1974,56.15,168.65,10.1,0.75,144.0
17,1975,48.21,155.98,10.14,0.96,142.0
17,1976,43.84,153.2,9.97,0.71,170.0
17,1977,46.69,161.84,10.1,0.72,145.0
17,1978,32.79,152.68,10.44,0.61,139.0
17,1979,30.4,152.57,11.01,0.49,145.0
17,1980,23.9,155.42,11.24,0.53,236.0
17,1981,,155.23,12.11,0.47,168.0
17,1982,,163.98,11.56,0.47,141.0
17,1983,,150.2,10.49,0.37,138.0
17,1984,,152.03,11.15,0.38,132.0
17,1985,,173.57,10.99,0.47,146.0
17,1986,,165.25,10.01,0.5,142.0
17,1987,,170.46,10.58,0.45,148.0
17,1988,,159.89,11.19,0.33,143.0
17,1989,,161.62,10.21,1.55,140.0
17,1990,,109.67,9.67,1.83,129.0
17,1991,,71.5,10.28,1.89,105.0
17,1992,,75.38,10.54,1.78,106.0
17,1993,,70.02,10.06,1.57,107.0
17,1994,,71.22,11.72,1.45,99.0
17,1995,,69.94,10.31,1.5,99.0
17,1996,,66.66,10.58,1.39,94.0
17,1997,,73.82,10.78,1.41,98.0
17,1998,,85.09,11.26,2.03,110.0
17,1999,,75.89,10.05,2.28,114.0
17,2000,,75.71,11.46,2.13,120.0
17,2001,,74.86,11.18,1.91,180.0
17,2002,,69.49,11.97,1.68,103.0
17,2003,,75.64,9.35,1.99,110.0
17,2004,,69.49,10.17,2.14,242.0
17,2005,,73.41,11.32,1.73,203.0
17,2006,,74.52,10.63,1.87,156.0
17,2007,,75.22,11.96,1.65,135.0
17,2008,,80.51,10.8,1.68,107.0
17,2009,,102.38,14.11,1.67,86.0
18,1848,46.54,113.87,84.84,1.25,
18,1849,62.48,110.34,55.67,1.33,110.0
18,1850,62.87,114.86,60.49,1.44,111.0
18,1851,61.76,113.7,67.73,1.34,144.0
18,1852,66.76,113.24,58.69,1.36,197.0
18,1853,67.99,114.06,57.16,1.31,179.0
18,1854,68.04,119.42,56.04,1.38,167.0
18,1855,71.79,119.6,59.63,1.4,159.0
18,1856,52.43,99.98,54.21,1.36,153.0
18,1857,46.71,109.08,53.77,1.32,185.0
18,1858,43.87,95.77,63.37,1.13,151.0
18,1859,43.18,83.08,53.51,0.96,104.0
18,1860,53.08,97.71,43.92,1.08,91.0
18,1861,61.09,107.42,26.5,1.33,106.0
18,1862,63.96,108.51,19.25,1.36,108.0
18,1863,45.35,96.72,33.31,1.2,95.0
18,1864,53.29,108.96,14.51,1.24,104.0
18,1865,49.9,140.63,14.2,1.18,118.0
18,1866,43.48,111.94,11.28,1.04,119.0
18,1867,46.11,123.94,18.02,1.07,109.0
18,1868,46.9,122.94,17.39,1.13,114.0
18,1869,56.29,136.05,18.4,1.28,127.0
18,1870,60.32,136.7,20.46,1.3,122.0
18,1871,59.82,140.51,17.74,1.31,123.0
18,1872,64.43,140.64,10.62,1.36,130.0
18,1873,51.19,115.31,6.08,1.15,117.0
18,1874,62.65,134.46,37.0,1.31,115.0
18,1875,67.72,131.39,26.49,1.44,129.0
18,1876,143.85,201.76,26.94,1.57,277.0
18,1877,66.64,120.58,22.23,1.44,191.0
18,1878,69.07,121.04,19.33,1.48,135.0
18,1879,49.41,99.69,22.44,1.44,108.0
18,1880,48.39,85.13,18.53,1.26,90.0
18,1881,58.24,109.65,22.26,1.46,96.0
18,1882,50.07,95.35,16.15,1.48,101.0
18,1883,71.43,113.52,14.08,1.51,113.0
18,1884,56.51,100.73,13.47,1.41,110.0
18,1885,54.02,97.41,14.11,1.54,102.0
18,1886,47.0,158.39,13.83,1.43,106.0
18,1887,47.81,128.53,8.2,1.34,136.0
18,1888,41.58,102.17,5.81,1.32,110.0
18,1889,38.21,97.42,0.61,1.42,98.0
18,1890,35.82,93.48,0.4,1.43,97.0
18,1891,52.44,101.4,1.58,1.46,107.0
18,1892,35.12,256.55,10.37,1.48,
18,1893,33.79,209.44,6.13,1.39,162.0
18,1894,35.83,179.02,1.43,1.22,172.0
18,1895,30.75,116.84,1.24,1.22,138.0
18,1896,42.87,129.32,2.42,1.34,125.0
18,1897,31.4,130.88,3.36,1.29,123.0
18,1898,23.38,82.01,0.12,1.2,122.0
18,1899,33.99,107.54,1.39,1.24,122.0
18,1900,38.1,119.02,3.59,1.29,118.0
18,1901,45.83,108.39,1.04,1.27,113.0
18,1902,45.59,160.29,4.42,1.25,117.0
18,1903,57.2,158.21,4.78,1.39,138.0
18,1904,64.91,137.54,13.87,1.47,137.0
18,1905,51.74,117.31,3.29,1.45,122.0
18,1906,37.73,91.65,3.49,1.33,113.0
18,1907,44.52,90.44,0.64,1.3,116.0
18,1908,18.12,41.62,2.16,1.02,102.0
18,1909,29.44,76.06,0.01,1.05,100.0
18,1910,28.84,48.51,17.62,1.07,122.0
18,1911,21.07,31.87,6.36,0.8,252.0
18,1912,21.94,40.93,,0.84,178.0
18,1913,34.79,52.8,,0.95,130.0
18,1914,38.79,55.58,,0.9,121.0
18,1915,19.53,34.28,,0.71,122.0
18,1916,27.73,41.28,,0.75,129.0
18,1917,22.34,42.23,,0.78,133.0
18,1918,30.75,52.03,1.09,0.82,132.0
18,1919,34.89,53.13,1.31,0.85,87.0
18,1920,24.16,46.07,1.52,0.85,68.0
18,1921,24.83,39.45,0.89,0.84,65.0
18,1922,18.62,29.48,1.04,0.82,65.0
18,1923,10.46,21.13,2.15,0.85,73.0
18,1924,14.02,23.28,2.41,0.88,78.0
18,1925,22.53,40.42,2.13,0.95,79.0
18,1926,15.99,40.0,1.94,0.89,78.0
18,1927,13.58,28.51,2.79,0.87,77.0
18,1928,15.42,27.99,3.66,0.88,80.0
18,1929,16.76,30.75,3.26,0.91,82.0
18,1930,29.88,47.4,3.46,0.95,85.0
18,1931,27.88,46.91,3.74,0.98,87.0
18,1932,17.69,32.39,4.34,0.92,88.0
18,1933,19.24,32.7,5.26,0.98,95.0
18,1934,20.29,31.14,4.44,0.98,97.0
18,1935,17.57,29.26,3.63,0.94,94.0
18,1936,25.49,39.15,4.16,0.98,94.0
18,1937,18.74,32.49,4.57,0.99,95.0
18,1938,13.76,25.64,8.93,1.02,91.0
18,1939,11.74,22.91,11.56,0.99,78.0
18,1940,15.58,25.83,6.25,1.05,57.0
18,1941,13.05,27.63,4.59,1.05,55.0
18,1942,18.36,40.0,5.34,1.05,55.0
18,1943,27.82,48.1,6.52,1.08,57.0
18,1944,17.1,31.3,7.58,1.07,57.0
18,1945,16.06,33.47,6.64,1.04,55.0
18,1946,12.18,24.74,7.14,0.99,51.0
18,1947,25.37,43.48,6.74,1.1,56.0
18,1948,15.63,36.21,6.42,1.05,54.0
18,1949,17.28,35.46,6.35,1.05,54.0
18,1950,25.3,39.08,6.48,1.08,57.0
18,1951,20.54,40.1,6.93,1.11,56.0
18,1952,26.15,45.89,7.48,1.21,64.0
18,1953,7.97,42.51,9.58,1.28,
18,1954,18.39,49.33,28.65,1.58,
18,1955,11.06,28.83,21.83,1.27,106.0
18,1956,13.96,28.02,14.53,1.27,82.0
18,1957,20.77,32.4,10.54,1.25,69.0
18,1958,11.22,23.51,12.01,1.22,66.0
18,1959,23.25,49.33,13.63,1.4,73.0
18,1960,14.03,25.58,13.16,1.27,72.0
18,1961,20.94,39.4,13.69,1.36,72.0
18,1962,17.87,40.78,14.55,1.42,78.0
18,1963,11.95,19.19,16.34,1.32,79.0
18,1964,20.07,36.35,15.68,1.33,83.0
18,1965,21.02,30.74,18.09,1.37,84.0
18,1966,23.76,38.57,17.82,1.44,90.0
18,1967,13.62,38.16,17.45,1.43,88.0
18,1968,8.57,18.65,18.74,1.32,93.0
18,1969,12.14,22.3,20.6,1.37,97.0
18,1970,22.63,45.46,19.35,1.59,98.0
18,1971,16.35,47.41,18.87,1.4,98.0
18,1972,16.61,50.99,21.03,1.46,100.0
18,1973,20.02,40.29,22.61,1.47,103.0
18,1974,16.07,40.36,22.12,1.58,104.0
18,1975,6.82,25.81,24.9,1.45,110.0
18,1976,19.36,53.05,24.65,1.69,114.0
18,1977,14.26,45.16,22.37,1.74,109.0
18,1978,8.84,16.45,19.85,1.32,104.0
18,1979,10.84,20.53,18.85,1.33,96.0
18,1980,9.18,15.06,19.13,1.39,94.0
18,1981,9.81,19.41,20.44,1.43,100.0
18,1982,10.08,24.34,24.3,1.55,105.0
18,1983,8.13,17.91,26.91,1.79,115.0
18,1984,8.72,13.78,27.23,1.76,115.0
18,1985,11.87,17.09,29.28,1.49,128.0
18,1986,21.24,44.7,29.79,1.59,125.0
18,1987,32.95,52.99,30.32,1.83,98.0
18,1988,27.31,43.64,31.36,1.72,93.0
18,1989,15.88,23.46,16.9,1.79,96.0
18,1990,21.57,32.58,5.93,1.72,93.0
18,1991,24.26,41.13,5.4,1.7,91.0
18,1992,11.84,16.96,5.18,1.39,75.0
18,1993,26.22,66.09,5.19,1.71,67.0
18,1994,17.36,33.77,3.12,1.64,89.0
18,1995,29.39,39.49,1.74,1.74,92.0
18,1996,24.31,45.85,1.59,1.66,91.0
18,1997,21.73,27.81,1.25,1.65,87.0
18,1998,22.44,41.2,1.65,1.65,86.0
18,1999,6.59,11.25,1.72,1.42,81.0
18,2000,15.96,24.5,1.89,1.52,77.0
18,2001,27.62,50.98,1.82,1.82,94.0
18,2002,37.61,62.4,1.84,2.14,104.0
18,2003,17.16,39.28,1.88,1.64,91.0
18,2004,14.27,26.27,1.91,1.62,88.0
18,2005,16.29,26.08,2.06,1.64,89.0
18,2006,13.42,19.38,2.21,1.48,82.0
18,2007,19.95,38.86,2.36,1.64,84.0
18,2008,19.36,41.74,2.42,1.67,90.0
18,2009,5.97,10.97,2.5,1.92,102.0
19,1196,34.38,57.0,40.97,1.0,
19,1197,29.0,50.87,34.03,0.98,73.0
19,1198,21.7,43.04,39.49,0.73,60.0
19,1199,23.09,46.49,33.03,0.98,74.0
19,1200,21.56,42.1,26.62,1.0,83.0
19,1201,30.28,54.89,43.03,0.81,95.0
19,1202,26.72,51.27,28.94,1.11,88.0
19,1203,24.37,40.66,32.93,1.15,69.0
19,1204,,,31.44,1.09,
19,1205,,,29.44,1.17,
19,1206,,,25.24,1.16,
19,1207,,,26.3,1.13,
19,1208,,,29.27,1.09,
19,1209,,,34.2,1.11,
19,1210,,,52.42,1.01,
19,1211,,,26.61,0.74,
19,1212,,,24.11,0.0,
19,1213,,,45.2,0.0,
19,1214,,,51.58,0.0,
19,1215,,,21.8,0.0,
19,1216,,,26.65,0.0,
19,1217,,,32.56,0.0,
19,1218,,,32.6,0.0,
19,1219,,,34.32,0.0,
19,1220,,,29.82,0.0,
19,1221,,,22.13,0.0,
19,1222,,,17.74,0.0,
19,1223,,,25.31,0.0,
19,1224,,,28.31,0.0,
19,1225,,,24.03,0.0,
19,1226,,,30.86,0.0,
19,1227,,,27.36,0.0,
19,1228,,,31.14,0.0,
19,1229,,,25.65,0.0,
19,1230,,,56.9,0.0,
19,1231,,,43.52,0.0,
19,1232,,,36.86,0.0,
19,1233,,,39.0,0.0,
19,1234,,,38.34,0.0,
19,1235,8.61,27.5,47.27,0.0,
19,1236,,,,0.0,
19,1237,,,,0.0,
19,1238,,,,0.0,
19,1239,,,,0.0,
19,1240,,,,0.0,
19,1241,,,,0.0,
19,1242,,,,0.0,
19,1243,,,,0.0,
19,1244,,,,0.0,
19,1245,,,,0.0,
19,1246,,,,0.0,
19,1247,,,,0.0,
19,1248,,,,0.0,
19,1249,,,,0.0,
19,1250,,,,0.0,
19,1251,4.99,12.03,11.72,0.0,
19,1252,,,,0.0,
19,1253,,,,0.0,
19,1254,3.56,7.12,6.67,0.0,
19,1255,,,,0.0,
19,1256,,,,0.0,
19,1257,,,,0.0,
19,1258,,,,0.0,
19,1259,,,,0.16,
19,1260,,,,0.0,
19,1261,,,,0.0,
19,1262,51.23,133.18,,0.0,
19,1263,47.55,128.66,24.89,0.72,119.0
19,1264,45.04,107.03,40.85,1.63,113.0
19,1265,50.1,105.68,33.28,1.47,107.0
19,1266,39.25,87.24,30.86,1.35,148.0
19,1267,24.44,53.19,38.03,1.7,94.0
19,1268,31.68,60.16,38.39,1.42,100.0
19,1269,25.22,48.96,28.1,0.39,60.0
19,1270,22.95,44.58,25.76,0.38,47.0
19,1271,24.61,46.54,25.49,0.4,48.0
19,1272,28.6,45.36,43.45,0.41,50.0
19,1273,30.5,46.08,37.12,0.38,61.0
19,1274,22.66,33.83,29.53,0.38,53.0
19,1275,24.4,26.42,20.88,0.31,34.0
19,1276,16.11,35.0,22.85,0.33,46.0
19,1277,28.7,55.13,17.93,0.32,50.0
19,1278,27.7,57.99,14.31,0.32,58.0
19,1279,29.26,55.35,19.66,0.37,62.0
19,1280,27.81,50.73,29.82,0.39,50.0
19,1281,33.61,53.17,31.37,0.43,58.0
19,1282,42.66,47.83,40.22,0.41,57.0
19,1283,40.26,65.18,48.65,0.44,77.0
19,1284,18.54,37.89,31.28,0.36,65.0
19,1285,9.84,28.42,17.9,0.3,36.0
19,1286,15.7,30.91,34.35,0.36,36.0
19,1287,18.81,38.66,34.69,0.37,56.0
19,1288,18.01,36.07,29.23,0.38,49.0
19,1289,18.38,36.92,27.7,0.4,42.0
19,1290,13.55,40.49,27.36,0.38,39.0
19,1291,12.25,30.87,21.61,0.37,41.0
19,1292,7.72,19.72,15.6,0.37,28.0
19,1293,7.64,20.65,22.24,0.37,26.0
19,1294,12.9,28.06,31.74,0.38,42.0
19,1295,14.91,29.44,28.42,0.51,46.0
19,1296,16.16,33.09,28.22,0.76,46.0
19,1297,17.75,37.53,27.42,0.77,56.0
19,1298,6.06,16.48,15.58,0.63,36.0
19,1299,6.68,12.6,16.74,0.64,34.0
19,1300,22.03,36.75,32.64,0.7,38.0
19,1301,23.92,47.38,33.06,0.71,56.0
19,1302,32.59,62.02,39.54,0.74,59.0
19,1303,23.63,37.21,31.38,0.75,57.0
19,1304,28.19,45.99,34.74,0.7,55.0
19,1305,40.4,65.45,39.5,0.77,68.0
19,1306,44.14,66.64,32.24,0.84,79.0
19,1307,33.26,58.03,41.89,1.07,76.0
19,1308,37.07,63.95,49.78,1.22,72.0
19,1309,29.1,39.94,47.49,1.16,75.0
19,1310,33.29,64.64,31.22,1.17,71.0
19,1311,41.84,86.59,35.44,1.31,78.0
19,1312,42.38,80.48,31.76,1.27,82.0
19,1313,33.39,57.79,35.27,1.4,81.0
19,1314,33.48,67.16,35.57,1.54,85.0
19,1315,15.58,34.3,27.7,1.23,77.0
19,1316,18.05,36.65,28.5,1.17,66.0
19,1317,17.7,39.71,35.14,1.27,70.0
19,1318,22.57,46.16,33.86,1.26,73.0
19,1319,19.17,41.21,24.94,1.23,68.0
19,1320,16.08,35.46,22.15,1.22,68.0
19,1321,14.69,29.3,31.05,1.2,68.0
19,1322,11.39,26.66,27.41,1.23,68.0
19,1323,6.93,19.88,18.78,1.13,63.0
19,1324,12.13,31.55,34.19,1.18,67.0
19,1325,16.13,35.59,29.94,1.25,72.0
19,1326,17.0,39.15,30.19,1.18,66.0
19,1327,27.16,54.35,37.33,1.34,76.0
19,1328,12.88,23.27,22.88,1.18,63.0
19,1329,8.15,25.76,27.65,1.21,65.0
19,1330,23.34,36.64,28.27,1.34,76.0
19,1331,30.55,48.8,31.51,1.26,69.0
19,1332,30.26,47.99,33.67,1.29,70.0
19,1333,20.94,39.66,31.93,1.24,71.0
19,1334,7.93,25.17,14.88,1.04,59.0
19,1335,7.05,26.27,20.95,1.09,57.0
19,1336,12.35,26.25,25.72,1.14,61.0
19,1337,14.53,32.85,33.06,1.03,63.0
19,1338,29.25,46.54,43.96,1.36,74.0
19,1339,33.6,58.22,38.01,1.34,78.0
19,1340,12.81,29.29,31.44,1.17,65.0
19,1341,17.66,28.39,32.41,1.22,66.0
19,1342,33.71,54.09,33.64,1.19,71.0
19,1343,49.03,75.89,47.85,1.47,81.0
19,1344,29.75,47.56,35.17,1.28,86.0
19,1345,11.17,27.02,21.96,1.01,59.0
19,1346,14.2,39.94,26.79,1.07,58.0
19,1347,20.14,45.48,22.62,1.24,67.0
19,1348,19.4,42.79,17.18,1.11,63.0
19,1349,29.06,51.97,19.42,1.15,66.0
19,1350,35.32,56.64,32.77,1.36,74.0
19,1351,46.23,73.8,36.36,1.41,83.0
19,1352,56.84,92.4,30.55,1.35,89.0
19,1353,55.87,87.69,50.13,1.61,98.0
19,1354,56.61,96.62,36.68,1.83,106.0
19,1355,61.52,98.68,36.89,1.56,114.0
19,1356,66.04,108.13,34.04,1.72,105.0
19,1357,61.13,103.62,36.49,1.61,113.0
19,1358,63.91,113.28,39.21,1.44,110.0
19,1359,19.06,35.0,29.43,1.23,80.0
19,1360,7.63,15.53,20.0,1.04,57.0
19,1361,15.65,31.7,22.91,1.16,63.0
19,1362,19.86,43.42,19.38,1.11,67.0
19,1363,21.67,46.6,26.15,1.1,60.0
19,1364,35.85,63.79,42.61,1.28,75.0
19,1365,46.55,75.42,44.05,1.44,91.0
19,1366,57.59,88.21,49.83,1.55,99.0
19,1367,63.57,97.56,52.45,1.52,102.0
19,1368,60.23,94.97,51.87,1.52,103.0
19,1369,66.41,108.46,41.87,1.5,121.0
19,1370,70.58,134.51,62.14,1.78,143.0
19,1371,62.53,113.68,38.27,1.38,118.0
19,1372,61.41,111.2,38.11,1.45,105.0
19,1373,79.58,140.16,62.66,1.61,145.0
19,1374,91.06,147.47,51.91,2.01,188.0
19,1375,99.65,161.16,51.44,2.75,220.0
19,1376,101.69,161.62,49.66,3.04,250.0
19,1377,102.72,169.29,61.66,2.75,237.0
19,1378,49.4,91.84,41.35,2.19,149.0
19,1379,9.55,24.85,24.09,1.51,83.0
19,1380,8.51,19.92,20.39,2.63,107.0
19,1381,17.35,36.08,21.82,2.73,122.0
19,1382,22.46,32.48,18.66,1.08,64.0
19,1383,34.8,56.81,20.42,1.26,70.0
19,1384,48.46,76.41,36.96,1.21,93.0
19,1385,59.26,100.25,37.82,1.4,95.0
19,1386,86.87,133.92,42.86,2.23,167.0
19,1387,79.18,124.87,46.97,1.36,156.0
19,1388,83.31,126.23,45.65,1.56,184.0
19,1389,100.26,152.59,50.1,2.07,222.0
19,1390,97.88,151.9,47.26,1.7,230.0
19,1391,101.08,155.61,67.04,1.76,219.0
19,1392,107.64,173.2,82.33,2.04,255.0
19,1393,100.85,164.83,83.39,1.59,248.0
19,1394,91.93,150.75,78.92,1.49,217.0
19,1395,123.38,203.94,87.93,1.9,276.0
19,1396,106.58,165.18,70.18,1.68,281.0
19,1397,83.47,140.86,59.14,1.23,209.0
19,1398,28.53,47.29,47.55,0.91,90.0
19,1399,17.27,33.52,38.61,0.85,59.0
19,1400,9.37,27.49,39.91,0.75,53.0
19,1401,23.18,41.36,41.77,0.88,94.0
19,1402,30.72,62.59,60.43,1.08,114.0
19,1403,41.75,78.82,68.24,1.11,125.0
19,1404,30.55,51.67,42.36,0.84,92.0
19,1405,32.08,56.14,46.63,0.95,63.0
19,1406,102.66,136.51,56.58,1.06,82.0
19,1407,233.1,264.82,61.25,1.4,375.0
19,1408,276.33,360.75,65.65,1.48,431.0
19,1409,183.88,285.82,70.35,1.31,350.0
19,1410,171.76,266.69,62.54,1.38,352.0
19,1411,132.37,210.28,41.33,1.26,316.0
19,1412,143.84,262.32,41.08,1.45,297.0
19,1413,183.64,294.5,60.11,1.63,331.0
19,1414,190.03,293.29,81.93,1.48,350.0
19,1415,172.8,299.16,90.97,1.16,346.0
19,1416,142.65,263.76,88.85,1.6,325.0
19,1417,131.5,237.02,82.9,1.61,282.0
19,1418,156.47,257.04,63.38,1.19,322.0
19,1419,130.82,217.97,76.65,1.42,293.0
19,1420,160.56,241.45,72.2,1.96,320.0
19,1421,154.97,230.9,67.2,1.55,335.0
19,1422,199.32,331.35,59.22,2.33,339.0
19,1423,187.21,297.11,74.51,1.27,358.0
19,1424,206.07,347.61,61.56,1.54,357.0
19,1425,243.93,378.31,71.59,1.64,389.0
19,1426,164.48,272.33,67.08,1.22,365.0
19,1427,99.56,175.44,56.48,1.01,291.0
19,1428,98.39,161.2,51.04,1.05,260.0
19,1429,105.53,176.31,42.3,1.19,282.0
19,1430,116.97,218.42,63.38,1.09,274.0
19,1431,153.41,254.9,71.93,1.27,308.0
19,1432,153.39,237.95,66.66,0.88,322.0
19,1433,168.37,285.2,73.9,1.18,332.0
19,1434,183.93,316.43,84.28,1.52,343.0
19,1435,239.87,371.23,96.54,1.46,388.0
19,1436,220.71,349.49,99.83,1.29,384.0
19,1437,267.93,418.89,104.89,1.74,425.0
19,1438,253.8,388.94,103.32,1.38,399.0
19,1439,227.13,386.88,107.29,1.11,418.0
19,1440,199.91,358.27,84.86,1.24,407.0
19,1441,211.39,343.07,62.62,1.29,381.0
19,1442,183.49,306.69,87.07,1.03,351.0
19,1443,130.86,227.88,74.48,0.85,325.0
19,1444,130.09,225.36,66.2,0.76,294.0
19,1445,133.61,228.39,75.68,0.71,291.0
19,1446,121.38,219.86,65.61,0.6,267.0
19,1447,116.95,187.51,54.68,0.6,276.0
19,1448,64.86,98.44,57.04,0.5,183.0
19,1449,74.22,121.56,64.36,0.61,133.0
19,1450,122.11,198.5,65.74,0.84,224.0
19,1451,204.44,325.61,69.69,1.36,340.0
19,1452,231.21,349.32,84.38,1.26,382.0
19,1453,204.65,303.95,84.79,0.86,371.0
19,1454,177.51,264.89,90.29,0.67,347.0
19,1455,209.44,341.74,105.53,1.07,356.0
19,1456,197.41,311.48,109.6,1.09,372.0
19,1457,258.54,384.73,137.35,1.54,390.0
19,1458,222.12,336.24,123.76,1.25,387.0
19,1459,237.11,348.02,120.58,1.26,379.0
19,1460,187.3,285.55,105.12,0.73,370.0
19,1461,177.21,276.41,99.5,0.86,341.0
19,1462,209.31,326.78,114.44,0.95,370.0
19,1463,172.39,261.09,107.85,0.87,351.0
19,1464,244.09,381.78,150.01,1.26,363.0
19,1465,264.84,385.24,124.79,1.13,431.0
19,1466,219.26,332.24,115.8,1.17,391.0
19,1467,159.43,252.16,103.2,0.89,346.0
19,1468,158.89,263.39,122.66,1.07,335.0
19,1469,175.47,265.22,95.12,1.07,335.0
19,1470,189.25,283.42,85.5,1.05,346.0
19,1471,227.08,326.44,105.92,1.19,369.0
19,1472,211.01,317.78,105.53,1.24,369.0
19,1473,264.75,385.31,94.91,1.42,405.0
19,1474,219.44,318.17,95.17,1.09,387.0
19,1475,282.9,417.05,124.83,1.67,408.0
19,1476,217.59,320.85,107.24,1.1,406.0
19,1477,157.3,255.7,87.29,1.26,338.0
19,1478,208.75,348.3,103.67,1.59,349.0
19,1479,230.95,363.72,127.63,1.84,381.0
19,1480,269.06,394.67,111.71,1.99,421.0
19,1481,252.42,392.0,95.09,1.64,407.0
19,1482,266.1,419.43,103.21,2.32,425.0
19,1483,304.74,469.32,148.03,2.75,463.0
19,1484,282.8,396.97,105.5,2.44,475.0
19,1485,214.45,322.12,101.91,1.67,391.0
19,1486,157.14,246.66,109.37,1.24,346.0
19,1487,126.08,203.17,88.24,0.77,299.0
19,1488,112.94,188.34,91.61,0.72,255.0
19,1489,112.49,180.14,78.76,0.68,258.0
19,1490,97.05,175.72,83.43,0.75,233.0
19,1491,103.58,181.31,95.34,0.76,242.0
19,1492,153.89,270.09,94.2,1.34,291.0
19,1493,163.65,273.34,107.37,1.21,331.0
19,1494,207.09,322.73,102.38,1.99,361.0
19,1495,183.64,336.02,95.84,1.84,356.0
19,1496,164.48,293.11,112.25,1.73,335.0
19,1497,169.86,290.85,103.89,1.67,337.0
19,1498,194.51,342.34,120.72,1.83,349.0
19,1499,180.67,295.97,130.54,1.62,350.0
19,1500,153.28,264.95,108.42,1.16,321.0
19,1501,113.11,167.61,50.87,0.79,275.0
19,1502,57.85,112.72,66.29,0.51,178.0
19,1503,90.05,161.6,87.23,0.75,167.0
19,1504,125.98,212.8,110.25,1.02,264.0
19,1505,130.91,254.19,120.07,1.34,288.0
19,1506,195.34,345.73,145.21,1.99,345.0
19,1507,206.83,339.86,136.64,1.79,360.0
19,1508,115.8,208.77,112.11,1.16,307.0
19,1509,96.52,160.84,86.76,0.85,229.0
19,1510,113.34,183.53,103.33,1.0,240.0
19,1511,152.16,245.83,115.61,1.15,295.0
19,1512,95.73,159.86,68.68,0.91,236.0
19,1513,157.09,272.5,108.51,1.26,278.0
19,1514,94.94,158.75,78.13,0.83,247.0
19,1515,106.79,193.57,96.13,1.1,224.0
19,1516,114.95,221.88,81.62,0.86,286.0
19,1517,81.45,131.38,78.12,0.79,205.0
19,1518,49.4,75.42,53.47,0.73,135.0
19,1519,28.96,42.82,52.86,0.59,76.0
19,1520,36.08,52.25,56.9,0.73,75.0
19,1521,60.77,107.96,73.06,0.89,141.0
19,1522,85.85,146.83,86.08,1.09,199.0
19,1523,114.86,202.87,118.46,1.45,256.0
19,1524,97.47,170.15,71.62,0.89,242.0
19,1525,56.44,109.62,56.65,0.9,129.0
19,1526,73.88,124.15,54.43,0.97,144.0
19,1527,89.06,167.12,74.58,1.0,212.0
19,1528,82.36,165.43,107.66,0.97,184.0
19,1529,85.52,175.94,100.33,0.82,200.0
19,1530,66.32,122.77,45.85,0.72,162.0
19,1531,64.17,127.44,54.17,0.8,101.0
19,1532,90.0,154.9,60.81,0.71,189.0
19,1533,68.87,119.24,53.15,0.77,150.0
19,1534,89.98,140.82,58.04,0.74,178.0
19,1535,88.46,155.33,85.21,0.83,207.0
19,1536,52.9,100.16,80.34,0.65,130.0
19,1537,75.4,132.31,54.28,0.7,131.0
19,1538,48.07,108.15,91.18,0.65,119.0
19,1539,60.48,103.34,64.8,0.63,122.0
19,1540,67.03,118.0,67.43,0.64,115.0
19,1541,60.11,97.86,35.17,0.54,144.0
19,1542,50.03,83.88,39.61,0.57,98.0
19,1543,67.63,122.27,89.77,0.79,114.0
19,1544,81.82,152.03,93.58,0.88,192.0
19,1545,100.22,210.26,110.56,1.04,226.0
19,1546,82.49,174.78,51.51,0.63,214.0
19,1547,62.36,134.81,71.64,0.57,141.0
19,1548,61.16,119.54,48.98,0.61,133.0
19,1549,53.72,103.52,41.28,0.47,116.0
19,1550,54.17,105.96,36.1,0.56,96.0
19,1551,50.23,92.3,26.9,0.57,106.0
19,1552,27.98,57.67,25.23,0.5,74.0
19,1553,47.53,89.35,35.26,0.61,69.0
19,1554,43.55,90.75,24.63,0.47,88.0
19,1555,41.47,80.25,26.11,0.43,83.0
19,1556,43.05,81.36,27.52,0.44,79.0
19,1557,41.82,82.13,49.86,0.54,86.0
19,1558,33.47,58.14,38.47,0.55,79.0
19,1559,34.9,64.37,41.84,0.5,77.0
19,1560,36.38,65.76,38.87,0.5,68.0
19,1561,30.36,55.27,42.5,0.55,66.0
19,1562,36.29,63.16,26.02,0.52,60.0
19,1563,34.96,61.52,27.69,0.5,63.0
19,1564,38.4,74.74,28.18,0.52,73.0
19,1565,37.68,63.15,21.81,0.48,67.0
19,1566,37.91,67.16,22.37,0.45,68.0
19,1567,52.47,101.54,23.38,0.45,79.0
19,1568,64.22,123.58,30.87,0.46,119.0
19,1569,76.6,171.99,48.4,0.72,169.0
19,1570,77.82,151.69,49.19,0.6,166.0
19,1571,55.14,98.35,36.19,0.6,135.0
19,1572,41.44,75.8,21.25,0.52,86.0
19,1573,47.76,85.76,36.57,0.58,87.0
19,1574,38.95,72.86,38.57,0.54,87.0
19,1575,36.62,66.55,31.87,0.46,80.0
19,1576,32.45,59.51,28.57,0.45,65.0
19,1577,40.39,79.62,27.81,0.44,66.0
19,1578,46.78,89.61,26.3,0.48,85.0
19,1579,37.93,77.14,18.8,0.42,82.0
19,1580,27.48,102.42,19.63,0.37,78.0
19,1581,24.32,141.78,20.32,0.4,120.0
19,1582,19.24,94.91,20.4,0.36,73.0
19,1583,17.81,83.54,21.57,0.34,36.0
19,1584,16.59,56.12,15.73,0.41,38.0
19,1585,22.34,39.22,25.68,0.55,49.0
19,1586,55.45,108.43,34.48,0.72,86.0
19,1587,55.4,127.11,17.34,0.47,108.0
19,1588,61.78,126.2,20.39,0.53,116.0
19,1589,67.4,133.0,21.14,0.49,122.0
19,1590,66.57,132.1,17.89,0.46,124.0
19,1591,65.47,129.42,14.69,0.49,126.0
19,1592,55.4,121.13,13.92,0.47,117.0
19,1593,53.61,109.67,9.9,0.42,107.0
19,1594,47.28,97.99,10.62,0.42,100.0
19,1595,37.4,82.31,15.49,0.48,84.0
19,1596,42.19,88.6,18.89,0.5,98.0
19,1597,44.95,87.16,18.96,0.57,90.0
19,1598,52.68,96.98,16.16,0.52,93.0
19,1599,50.03,99.23,11.08,0.45,96.0
19,1600,51.42,96.62,10.61,0.47,96.0
19,1601,43.74,91.54,12.33,0.49,92.0
19,1602,38.55,88.64,12.6,0.5,90.0
19,1603,40.31,91.94,11.04,0.52,86.0
19,1604,32.48,72.04,8.92,0.47,82.0
19,1605,33.18,79.78,14.65,0.45,74.0
19,1606,30.37,66.61,16.78,0.49,75.0
19,1607,36.76,72.29,19.38,0.51,66.0
19,1608,47.25,92.1,13.59,0.47,87.0
19,1609,43.54,89.93,13.04,0.47,89.0
19,1610,44.23,87.26,11.82,0.5,86.0
19,1611,37.55,77.52,12.2,0.45,83.0
19,1612,31.79,71.66,10.25,0.4,76.0
19,1613,36.25,69.53,17.79,0.4,76.0
19,1614,28.84,57.42,14.42,0.36,69.0
19,1615,31.32,57.27,21.29,0.43,71.0
19,1616,31.93,60.06,15.65,0.37,72.0
19,1617,27.66,47.01,18.32,0.39,61.0
19,1618,20.3,34.49,17.88,0.42,48.0
19,1619,19.04,33.84,17.24,0.43,49.0
19,1620,15.87,29.35,14.2,0.41,47.0
19,1621,31.08,48.86,17.2,0.42,64.0
19,1622,34.28,62.72,12.48,0.39,80.0
19,1623,31.04,58.4,14.17,0.36,70.0
19,1624,32.61,64.75,11.68,0.36,67.0
19,1625,43.52,75.56,24.24,0.54,94.0
19,1626,52.05,89.17,22.9,0.54,101.0
19,1627,37.14,65.3,20.89,0.35,88.0
19,1628,31.52,60.8,14.72,0.38,79.0
19,1629,50.58,107.48,23.6,0.55,82.0
19,1630,48.86,86.87,26.06,0.53,105.0
19,1631,50.99,92.07,24.86,0.52,95.0
19,1632,41.77,77.35,28.04,0.54,92.0
19,1633,19.24,38.81,20.06,0.43,54.0
19,1634,19.23,36.22,16.82,0.39,46.0
19,1635,17.54,35.32,13.16,0.34,57.0
19,1636,26.09,53.43,15.61,0.34,56.0
19,1637,21.93,52.12,13.39,0.33,61.0
19,1638,19.68,44.36,11.86,0.3,54.0
19,1639,22.86,49.27,15.6,0.33,62.0
19,1640,31.59,58.52,20.55,0.47,73.0
19,1641,44.03,76.1,21.47,0.64,78.0
19,1642,47.54,82.48,25.12,0.74,98.0
19,1643,23.16,48.3,16.39,0.57,71.0
19,1644,17.6,30.71,13.65,0.51,45.0
19,1645,20.48,39.15,17.47,0.52,58.0
19,1646,32.09,63.73,18.55,0.55,68.0
19,1647,27.6,54.31,17.39,0.53,67.0
19,1648,28.76,52.07,22.06,0.56,58.0
19,1649,19.65,40.85,14.68,0.45,52.0
19,1650,27.94,60.83,16.38,0.41,56.0
19,1651,26.94,60.03,17.39,0.45,64.0
19,1652,26.2,52.69,19.62,0.5,60.0
19,1653,28.7,56.45,21.13,0.46,64.0
19,1654,29.63,57.5,20.11,0.44,66.0
19,1655,35.3,69.72,17.32,0.46,69.0
19,1656,41.91,75.46,17.21,0.48,83.0
19,1657,45.48,92.7,25.17,0.49,97.0
19,1658,43.74,82.52,28.64,0.63,97.0
19,1659,57.6,104.21,27.41,0.79,106.0
19,1660,44.18,81.77,20.98,0.48,91.0
19,1661,15.02,30.29,14.16,0.37,53.0
19,1662,22.92,44.3,14.3,0.39,44.0
19,1663,25.98,47.27,13.27,0.4,54.0
19,1664,19.9,43.33,14.33,0.37,50.0
19,1665,16.06,34.69,14.13,0.37,47.0
19,1666,14.63,33.81,18.29,0.38,44.0
19,1667,36.9,63.34,31.77,0.54,60.0
19,1668,32.16,50.27,27.46,0.52,66.0
19,1669,25.09,40.45,26.5,0.54,56.0
19,1670,12.07,23.33,13.68,0.41,43.0
19,1671,10.12,20.56,17.97,0.44,33.0
19,1672,21.44,43.61,23.09,0.5,44.0
19,1673,23.4,48.28,25.37,0.52,54.0
19,1674,23.61,44.79,25.41,0.5,59.0
19,1675,17.93,34.63,19.92,0.51,46.0
19,1676,25.22,40.82,21.29,0.62,64.0
19,1677,39.37,62.25,24.23,0.78,64.0
19,1678,33.97,57.32,22.84,0.7,73.0
19,1679,25.88,45.47,24.85,0.6,65.0
19,1680,9.07,16.56,11.38,0.35,38.0
19,1681,11.36,22.78,16.73,0.4,34.0
19,1682,21.7,45.74,20.52,0.48,43.0
19,1683,32.78,58.33,30.56,0.71,61.0
19,1684,45.57,75.21,34.18,0.79,105.0
19,1685,29.86,51.62,25.7,0.65,68.0
19,1686,13.17,22.97,18.01,0.49,48.0
19,1687,29.6,54.22,21.27,0.44,45.0
19,1688,25.81,40.62,17.72,0.47,56.0
19,1689,27.99,47.39,19.07,0.55,51.0
19,1690,20.92,26.95,19.29,0.57,48.0
19,1691,18.3,24.3,13.58,0.46,46.0
19,1692,13.95,30.32,15.32,0.44,39.0
19,1693,27.41,46.94,24.09,0.49,50.0
19,1694,30.31,52.58,19.12,0.43,58.0
19,1695,31.91,55.66,22.73,0.44,64.0
19,1696,18.15,30.42,21.49,0.5,62.0
19,1697,18.41,32.41,36.97,0.52,55.0
19,1698,13.74,24.22,17.02,0.4,50.0
19,1699,12.82,22.87,18.34,0.41,49.0
19,1700,16.68,28.91,17.33,0.42,43.0
19,1701,24.71,40.02,21.28,0.5,51.0
19,1702,14.31,29.09,19.6,0.44,54.0
19,1703,18.83,36.56,16.93,0.4,47.0
19,1704,16.54,35.74,14.93,0.38,40.0
19,1705,26.16,50.5,20.14,0.48,50.0
19,1706,15.99,32.01,19.0,0.5,53.0
19,1707,10.64,19.67,14.85,0.46,48.0
19,1708,10.37,21.58,10.63,0.39,39.0
19,1709,10.02,21.17,12.4,0.38,34.0
19,1710,8.77,20.17,13.0,0.36,34.0
19,1711,11.06,21.3,13.9,0.42,34.0
19,1712,12.63,23.51,15.62,0.42,36.0
19,1713,18.89,33.89,15.5,0.4,49.0
19,1714,20.96,43.09,12.27,0.39,49.0
19,1715,15.06,34.89,17.5,0.46,50.0
19,1716,18.3,34.87,19.49,0.45,43.0
19,1717,13.73,39.58,17.01,0.38,44.0
19,1718,18.34,50.45,18.52,0.39,59.0
19,1719,22.12,54.31,15.75,0.34,74.0
19,1720,20.66,46.43,15.05,0.37,53.0
19,1721,19.19,38.64,12.62,0.35,45.0
19,1722,12.38,26.69,12.2,0.37,37.0
19,1723,9.88,22.6,11.9,0.37,33.0
19,1724,20.57,44.33,23.75,0.55,54.0
19,1725,26.92,54.04,24.46,0.6,74.0
19,1726,22.27,39.76,18.8,0.52,61.0
19,1727,13.46,27.79,15.08,0.44,44.0
19,1728,7.86,19.38,12.54,0.32,31.0
19,1729,11.71,22.26,18.31,0.53,36.0
19,1730,18.45,31.97,19.79,0.53,46.0
19,1731,19.27,33.53,22.59,0.53,48.0
19,1732,19.66,33.92,21.08,0.56,47.0
19,1733,14.96,26.69,18.02,0.44,44.0
19,1734,14.36,30.44,19.59,0.43,42.0
19,1735,32.51,61.75,24.88,0.57,56.0
19,1736,53.48,90.6,26.72,0.7,86.0
19,1737,38.11,65.5,26.61,0.6,78.0
19,1738,32.16,58.42,20.46,0.49,70.0
19,1739,36.38,66.53,25.99,0.69,72.0
19,1740,41.4,76.92,26.84,0.67,90.0
19,1741,33.22,65.76,24.83,0.67,77.0
19,1742,25.16,55.33,21.42,0.66,78.0
19,1743,11.61,30.49,15.09,0.38,51.0
19,1744,14.75,52.87,19.56,0.62,51.0
19,1745,37.23,66.97,26.81,0.94,95.0
19,1746,50.35,82.16,30.4,1.07,110.0
19,1747,69.61,108.35,29.86,0.74,116.0
19,1748,69.89,107.38,31.27,0.63,148.0
19,1749,64.09,103.94,31.64,0.7,135.0
19,1750,56.62,92.76,33.22,0.76,129.0
19,1751,50.03,85.23,34.86,0.86,94.0
19,1752,62.88,108.38,39.8,1.17,149.0
19,1753,61.12,105.64,34.54,1.03,145.0
19,1754,63.0,101.4,32.87,0.85,118.0
19,1755,87.18,128.62,33.12,0.82,184.0
19,1756,68.66,111.63,39.51,0.91,174.0
19,1757,83.63,130.56,41.4,0.99,181.0
19,1758,34.47,58.82,25.85,0.51,121.0
19,1759,17.39,42.0,20.41,0.46,55.0
19,1760,33.33,63.66,26.3,0.66,54.0
19,1761,97.83,133.73,27.72,0.69,114.0
19,1762,129.59,180.39,30.93,0.57,289.0
19,1763,120.12,177.4,36.38,0.74,265.0
19,1764,102.54,171.02,40.53,0.93,251.0
19,1765,106.31,200.92,50.3,1.22,255.0
19,1766,101.59,211.21,54.98,1.33,249.0
19,1767,75.18,157.84,46.23,0.9,195.0
19,1768,67.16,136.63,39.2,0.78,140.0
19,1769,71.91,147.98,48.22,1.09,133.0
19,1770,118.34,221.56,56.85,1.39,208.0
19,1771,141.21,244.81,52.13,1.3,296.0
19,1772,88.07,180.18,56.32,0.95,236.0
19,1773,50.55,103.92,32.06,0.59,159.0
19,1774,11.92,34.15,15.9,0.43,64.0
19,1775,19.4,43.14,19.76,0.51,53.0
19,1776,31.74,81.19,29.62,0.95,70.0
19,1777,83.3,181.97,58.28,1.71,173.0
19,1778,93.94,204.82,61.02,1.37,240.0
19,1779,78.47,171.14,60.5,1.19,199.0
19,1780,73.73,161.01,53.69,1.3,186.0
19,1781,86.92,170.48,59.83,1.33,187.0
19,1782,91.89,178.88,53.58,1.31,207.0
19,1783,106.34,203.72,62.51,1.55,235.0
19,1784,94.08,208.28,63.25,1.38,246.0
19,1785,93.97,195.42,67.53,1.57,237.0
19,1786,90.03,183.8,57.15,1.14,216.0
19,1787,89.43,187.94,60.78,1.08,197.0
19,1788,110.7,222.67,69.34,1.36,234.0
19,1789,132.43,258.0,66.27,1.45,295.0
19,1790,117.23,233.93,63.55,1.52,278.0
19,1791,117.32,229.43,65.19,1.93,279.0
19,1792,114.92,232.5,55.04,1.47,276.0
19,1793,74.28,156.41,47.44,1.13,211.0
19,1794,83.26,170.19,50.73,1.48,207.0
19,1795,107.68,224.99,54.42,1.83,242.0
19,1796,92.93,192.04,44.48,1.36,247.0
19,1797,82.72,165.95,48.51,1.27,191.0
19,1798,95.06,202.55,56.41,1.22,205.0
19,1799,101.36,203.24,53.02,1.22,241.0
19,1800,85.69,173.56,50.15,1.06,202.0
19,1801,71.72,143.09,46.56,0.97,183.0
19,1802,68.23,152.71,56.2,1.27,163.0
19,1803,76.4,163.09,53.73,1.13,201.0
19,1804,61.42,135.43,47.07,0.87,129.0
19,1805,57.4,136.04,53.6,0.72,151.0
19,1806,74.26,149.7,43.49,0.83,146.0
19,1807,67.18,140.94,43.48,0.88,139.0
19,1808,101.93,185.67,43.64,1.01,193.0
19,1809,121.48,228.18,51.04,1.29,257.0
19,1810,96.64,186.46,41.49,0.96,269.0
19,1811,60.88,131.04,42.26,0.74,159.0
19,1812,65.04,139.55,42.15,0.81,129.0
19,1813,69.51,152.91,36.45,0.74,143.0
19,1814,68.66,150.99,38.67,0.67,145.0
19,1815,83.06,185.51,49.15,1.12,165.0
19,1816,121.14,248.22,54.57,1.38,258.0
19,1817,109.38,220.65,45.09,1.29,253.0
19,1818,120.65,234.99,48.48,1.19,274.0
19,1819,123.92,262.53,56.67,1.75,295.0
19,1820,104.65,231.11,69.8,2.09,274.0
19,1821,107.72,217.34,54.49,1.56,269.0
19,1822,79.44,144.61,38.43,0.96,179.0
19,1823,118.6,212.65,42.52,1.44,251.0
19,1824,95.05,177.8,46.23,1.22,241.0
19,1825,114.01,220.29,54.24,1.59,235.0
19,1826,128.67,235.51,64.68,2.04,289.0
19,1827,128.62,247.05,64.93,2.09,298.0
19,1828,114.73,220.19,55.96,1.62,267.0
19,1829,54.29,100.05,36.5,0.84,201.0
19,1830,47.11,96.07,40.23,1.29,91.0
19,1831,91.78,170.2,41.06,1.79,182.0
19,1832,94.41,179.61,47.39,1.66,217.0
19,1833,101.15,197.16,43.52,1.24,203.0
19,1834,107.83,220.72,46.0,1.2,264.0
19,1835,84.88,160.64,48.82,1.09,200.0
19,1836,84.49,158.8,45.77,0.89,179.0
19,1837,78.54,149.81,42.08,0.94,162.0
19,1838,83.17,156.39,45.72,0.99,194.0
19,1839,89.03,191.22,59.86,1.27,184.0
19,1840,146.7,269.95,79.75,2.15,286.0
19,1841,176.49,325.84,94.33,2.22,338.0
19,1842,145.88,256.22,77.25,1.79,347.0
19,1843,111.02,211.36,67.76,1.48,277.0
19,1844,82.65,167.5,64.95,1.22,219.0
19,1845,83.41,176.12,51.05,1.01,196.0
19,1846,62.35,125.7,39.97,0.8,148.0
19,1847,75.02,157.98,54.45,1.11,172.0
19,1848,102.79,200.55,70.22,1.14,229.0
19,1849,118.1,211.3,59.79,1.04,260.0
19,1850,84.27,164.39,58.79,0.93,248.0
19,1851,62.5,134.22,56.5,0.7,157.0
19,1852,106.39,197.16,67.07,1.21,234.0
19,1853,107.8,216.85,68.55,1.23,254.0
19,1854,115.41,221.71,62.58,0.96,278.0
19,1855,51.86,121.15,36.64,0.48,175.0
19,1856,56.91,118.12,36.89,0.81,102.0
19,1857,73.09,154.08,49.78,0.88,163.0
19,1858,61.11,135.39,55.94,0.81,159.0
19,1859,67.01,158.46,59.8,0.98,174.0
19,1860,66.42,139.53,55.57,0.83,156.0
19,1861,79.24,168.58,69.37,0.9,184.0
19,1862,101.36,203.72,67.53,0.95,222.0
19,1863,78.36,161.52,56.1,0.81,192.0
19,1864,80.67,180.94,57.6,0.74,189.0
19,1865,110.11,225.37,59.59,0.91,217.0
19,1866,89.17,174.34,52.41,0.77,246.0
19,1867,80.91,169.09,64.6,0.86,196.0
19,1868,106.37,210.54,76.36,1.23,241.0
19,1869,101.11,203.59,85.22,1.44,247.0
19,1870,99.03,204.3,79.66,1.11,240.0
19,1871,106.87,217.18,80.75,1.12,254.0
19,1872,71.25,157.73,66.46,0.88,185.0
19,1873,100.15,211.64,71.03,0.97,219.0
19,1874,101.37,207.97,70.05,0.96,228.0
19,1875,92.52,190.61,54.74,0.82,226.0
19,1876,84.06,157.66,42.4,0.53,203.0
19,1877,58.63,115.09,36.14,0.44,157.0
19,1878,81.15,175.18,57.85,0.86,162.0
19,1879,107.24,208.66,66.31,1.0,242.0
19,1880,94.78,189.57,53.2,0.78,233.0
19,1881,106.36,205.48,59.18,0.97,209.0
19,1882,82.03,136.88,53.5,0.75,237.0
19,1883,40.94,84.42,40.31,0.51,116.0
19,1884,45.0,89.71,45.61,0.67,91.0
19,1885,73.23,141.5,47.57,0.78,142.0
19,1886,73.68,141.14,57.35,0.92,167.0
19,1887,92.08,173.74,59.52,1.22,196.0
19,1888,97.45,183.82,54.31,1.09,222.0
19,1889,82.48,149.76,38.23,0.81,194.0
19,1890,50.13,86.22,30.3,0.6,127.0
19,1891,34.26,71.62,33.77,0.68,89.0
19,1892,36.1,72.34,29.89,0.6,90.0
19,1893,32.81,58.09,25.75,0.67,69.0
19,1894,37.96,73.49,30.23,0.8,82.0
19,1895,57.01,110.73,35.23,0.72,128.0
19,1896,65.59,119.8,38.92,0.87,149.0
19,1897,56.77,111.27,30.92,0.67,143.0
19,1898,57.54,114.2,33.63,0.72,120.0
19,1899,57.2,110.82,39.86,0.83,126.0
19,1900,52.17,110.27,23.32,0.55,132.0
19,1901,23.34,55.65,26.71,0.54,92.0
19,1902,56.05,116.34,38.02,0.85,107.0
19,1903,61.94,118.28,37.15,0.83,138.0
19,1904,77.16,148.45,42.14,0.93,156.0
19,1905,86.38,149.16,45.5,0.83,207.0
19,1906,42.09,82.64,31.8,0.63,139.0
19,1907,47.22,86.73,26.91,0.55,117.0
19,1908,16.18,30.44,17.81,0.38,83.0
19,1909,29.31,56.35,17.95,0.53,99.0
19,1910,33.21,52.19,13.92,0.52,88.0
19,1911,53.01,77.59,15.94,0.57,96.0
19,1912,37.02,60.49,14.36,0.52,95.0
19,1913,48.1,83.63,14.86,0.55,106.0
19,1914,46.57,77.11,15.71,0.57,100.0
19,1915,40.85,68.04,14.53,0.54,101.0
19,1916,43.56,71.92,16.55,0.54,107.0
19,1917,44.67,76.1,19.05,0.54,110.0
19,1918,50.19,78.52,12.41,0.57,117.0
19,1919,42.51,62.04,11.91,0.56,100.0
19,1920,43.08,71.67,13.25,0.62,100.0
19,1921,60.85,100.15,14.82,0.55,129.0
19,1922,47.78,75.16,11.03,0.45,112.0
19,1923,38.78,70.1,14.7,0.41,96.0
19,1924,39.33,74.46,11.32,0.39,95.0
19,1925,23.45,48.43,11.92,0.34,82.0
19,1926,20.26,43.54,12.71,0.33,100.0
19,1927,19.11,37.8,9.24,0.38,79.0
19,1928,18.03,39.16,8.65,0.35,62.0
19,1929,23.56,57.98,8.48,0.34,60.0
19,1930,24.5,48.39,7.64,0.38,65.0
19,1931,26.65,50.91,6.37,0.37,56.0
19,1932,24.33,55.61,8.17,0.37,59.0
19,1933,30.15,62.36,11.56,0.41,68.0
19,1934,21.85,45.57,7.8,0.34,62.0
19,1935,18.37,39.71,8.91,0.36,48.0
19,1936,13.35,31.37,8.77,0.32,67.0
19,1937,14.57,30.86,7.56,0.34,45.0
19,1938,11.81,24.7,12.3,0.34,56.0
19,1939,16.18,29.16,10.21,0.34,56.0
19,1940,13.48,27.12,9.0,0.32,41.0
19,1941,10.49,23.68,8.56,0.33,44.0
19,1942,15.3,29.63,8.68,0.33,59.0
19,1943,15.74,27.95,8.54,0.34,59.0
19,1944,10.67,36.11,8.2,0.32,44.0
19,1945,7.71,19.98,9.15,0.34,45.0
19,1946,16.66,31.0,10.52,0.36,51.0
19,1947,13.88,29.3,9.11,0.31,54.0
19,1948,10.46,25.57,8.2,0.29,51.0
19,1949,16.81,32.46,10.69,0.39,49.0
19,1950,18.04,32.98,9.23,0.38,57.0
19,1951,22.15,42.76,9.69,0.38,50.0
19,1952,17.49,35.85,8.59,0.34,50.0
19,1953,12.66,27.77,10.21,0.36,61.0
19,1954,16.77,34.69,9.68,0.32,59.0
19,1955,16.16,32.48,8.03,0.34,64.0
19,1956,21.76,44.67,8.27,0.36,73.0
19,1957,19.3,42.14,6.6,0.34,63.0
19,1958,19.21,41.4,8.78,0.38,75.0
19,1959,29.09,59.6,9.97,0.38,97.0
19,1960,24.23,53.11,6.96,0.29,71.0
19,1961,16.61,41.75,5.56,0.26,52.0
19,1962,12.3,31.18,5.35,0.27,44.0
19,1963,11.23,30.52,5.27,0.27,44.0
19,1964,10.61,31.76,5.42,0.28,50.0
19,1965,12.93,33.06,5.99,0.28,38.0
19,1966,8.32,22.93,5.94,0.28,32.0
19,1967,10.3,23.54,6.05,0.26,39.0
19,1968,7.3,32.25,6.66,0.36,37.0
19,1969,17.4,38.11,6.8,0.36,47.0
19,1970,21.78,55.17,5.53,0.34,50.0
19,1971,18.89,49.54,5.08,0.35,49.0
19,1972,16.54,51.67,5.14,0.34,48.0
19,1973,15.14,47.74,5.53,0.34,46.0
19,1974,13.81,39.88,6.09,0.33,43.0
19,1975,15.07,31.97,10.72,0.41,47.0
19,1976,17.5,38.8,8.17,0.36,55.0
19,1977,15.02,37.46,6.76,0.33,52.0
19,1978,14.29,32.47,7.76,0.37,55.0
19,1979,12.65,32.89,9.78,0.34,45.0
19,1980,12.76,34.52,10.59,0.34,51.0
19,1981,14.58,33.88,12.35,0.35,63.0
19,1982,16.0,36.33,7.42,0.33,52.0
19,1983,11.25,28.39,7.44,0.32,46.0
19,1984,16.85,41.15,14.22,0.36,59.0
19,1985,24.22,48.4,10.9,0.39,67.0
19,1986,23.13,43.41,14.77,0.43,59.0
19,1987,19.63,43.1,9.72,0.35,54.0
19,1988,14.39,35.54,9.41,0.35,40.0
19,1989,6.99,21.41,9.52,0.37,32.0
19,1990,8.7,22.11,11.15,0.37,38.0
19,1991,8.96,25.88,9.69,0.38,38.0
19,1992,9.93,25.89,8.63,0.36,32.0
19,1993,11.99,31.75,10.35,0.37,34.0
19,1994,9.9,27.05,10.69,0.36,47.0
19,1995,14.57,41.37,12.68,0.39,50.0
19,1996,15.18,39.77,11.92,0.37,47.0
19,1997,18.5,46.04,11.68,0.39,50.0
19,1998,11.11,34.98,8.06,0.34,45.0
19,1999,9.3,27.62,7.36,0.35,37.0
19,2000,13.7,36.69,9.13,0.36,42.0
19,2001,15.9,43.17,9.47,0.37,45.0
19,2002,16.98,50.87,9.37,0.35,52.0
19,2003,15.53,43.63,6.83,0.32,52.0
19,2004,9.59,28.44,7.91,0.34,42.0
19,2005,7.89,24.73,9.25,0.35,37.0
19,2006,10.58,25.56,12.63,0.38,43.0
19,2007,14.53,32.4,15.98,0.45,48.0
19,2008,14.0,35.85,12.29,0.37,47.0
19,2009,10.53,31.58,10.01,0.3,45.0
20,1,,,13.46,12.15,
20,2,,,10.76,14.0,
20,3,,,12.43,12.78,
20,4,,,12.46,11.85,
20,5,,,12.27,13.34,
20,6,,,12.91,14.21,
20,7,,,17.12,11.24,
20,8,,,24.45,12.68,
20,9,,,24.74,13.99,
20,10,,,20.67,14.06,
20,11,,,18.77,15.69,
20,12,,,17.52,16.47,
20,13,,,15.84,11.81,
20,14,,,15.26,12.86,
20,15,,,8.73,11.83,
20,16,,,8.72,12.02,
20,17,,,5.4,10.27,
20,18,,,4.89,9.54,
20,19,,,8.14,13.28,
20,20,,,11.63,14.09,
20,21,,,19.67,13.49,
20,22,,,17.07,8.3,
20,23,,,15.33,8.56,
20,24,,,12.79,6.83,
20,25,,,10.64,12.66,
20,26,,,13.62,9.29,
20,27,,,20.12,9.94,
20,28,,,28.51,7.78,
20,29,,,21.54,12.85,
20,30,,,16.56,14.92,
20,31,,,18.36,11.48,
20,32,,,20.19,13.58,
20,33,,,18.3,15.41,
20,34,,,14.16,15.62,
20,35,,,13.12,13.67,
20,36,,,14.52,11.85,
20,37,,,19.2,11.35,
20,38,,,31.35,13.95,
20,39,,,33.06,14.63,
20,40,,,33.45,17.17,
20,41,,,17.01,11.44,
20,42,,,28.63,16.55,
20,43,,,33.18,14.85,
20,44,,,16.65,7.77,
20,45,,,35.7,17.62,
20,46,,,21.52,14.7,
20,47,,,26.65,16.0,
20,48,,,25.15,12.28,
20,49,,,28.35,11.87,
20,50,,,29.61,16.37,
20,51,,,18.41,5.26,
20,52,,,26.09,12.09,
20,53,,,20.97,11.84,
20,54,,,27.46,16.84,
20,55,,,28.73,12.48,
20,56,,,18.02,13.42,
20,57,,,10.35,6.12,
20,58,,,11.42,17.65,
20,59,,,13.83,11.21,
20,60,,,16.82,10.28,
20,61,,,27.26,12.16,
20,62,,,21.85,9.62,
20,63,,,12.38,10.53,
20,64,,,20.08,11.83,
20,65,,,19.54,11.58,
20,66,,,21.08,11.55,
20,67,,,19.58,12.21,
20,68,,,19.51,14.47,
20,69,,,22.78,8.9,
20,70,,,24.66,10.51,
20,71,,,25.05,8.6,
20,72,,,26.42,2.31,
20,73,,,24.89,1.99,
20,74,,,18.44,2.13,
20,75,,,28.15,2.12,
20,76,,,28.12,2.23,
20,77,,,21.83,2.24,
20,78,,,22.57,2.26,
20,79,742.67,,24.78,2.19,
20,80,518.1,,25.91,2.05,607.0
20,81,674.43,,22.05,2.13,707.0
20,82,41.71,,23.95,2.33,699.0
20,83,63.06,,26.69,2.3,108.0
20,84,50.6,,39.66,2.29,111.0
20,85,55.31,,33.29,2.4,116.0
20,86,60.99,,25.41,2.13,104.0
20,87,58.69,,27.05,2.16,114.0
20,88,56.07,,25.32,2.24,124.0
20,89,53.07,,18.07,1.76,113.0
20,90,40.51,,25.01,2.36,104.0
20,91,60.06,,22.11,2.17,124.0
20,92,59.78,,23.79,2.66,157.0
20,93,75.52,,27.25,2.37,122.0
20,94,41.71,,22.35,1.99,144.0
20,95,50.51,,23.39,1.97,123.0
20,96,37.74,,27.38,2.15,114.0
20,97,49.06,,31.87,2.17,120.0
20,98,36.35,,28.02,2.36,117.0
20,99,37.09,,22.89,2.23,104.0
20,100,48.37,,25.37,2.21,108.0
20,101,63.86,,31.48,2.45,114.0
20,102,54.17,,23.58,2.35,134.0
20,103,44.54,,29.51,2.25,103.0
20,104,45.94,,32.21,2.26,103.0
20,105,44.87,,30.76,2.28,104.0
20,106,47.12,,33.17,2.93,104.0
20,107,43.82,,23.53,2.09,103.0
20,108,44.13,,27.93,1.63,
20,109,43.04,,23.35,3.21,105.0
20,110,36.72,,25.96,3.25,167.0
20,111,44.07,,31.36,2.06,122.0
20,112,32.86,,17.77,2.37,133.0
20,113,50.1,,24.3,2.28,102.0
20,114,44.39,,16.54,2.23,113.0
20,115,39.98,,12.56,2.75,160.0
20,116,44.83,,10.99,2.04,105.0
20,117,46.26,,15.12,2.0,104.0
20,118,42.06,,13.56,2.38,111.0
20,119,34.93,,16.37,2.44,110.0
20,120,46.02,,14.83,2.15,109.0
20,121,105.39,,12.12,2.28,162.0
20,122,49.21,,14.35,2.26,175.0
20,123,42.74,,20.79,2.36,133.0
20,124,44.41,,25.14,2.32,118.0
20,125,33.52,,22.69,2.48,119.0
20,126,29.95,,16.42,2.39,114.0
20,127,29.69,,16.32,2.19,115.0
20,128,28.56,,14.08,2.43,148.0
20,129,28.45,,13.6,3.25,176.0
20,130,32.08,,19.08,2.95,150.0
20,131,36.26,,18.29,2.91,163.0
20,132,29.07,,12.68,2.65,138.0
20,133,32.94,,13.9,2.25,119.0
20,134,33.4,,13.48,2.14,112.0
20,135,28.85,,12.03,2.24,119.0
20,136,36.88,,13.78,2.11,118.0
20,137,36.01,,12.87,2.14,127.0
20,138,34.55,,13.04,3.38,169.0
20,139,34.76,,10.78,1.97,118.0
20,140,32.51,,11.77,2.23,106.0
20,141,42.98,,12.15,2.94,115.0
20,142,34.6,,12.48,4.1,187.0
20,143,46.62,,14.1,3.04,135.0
20,144,39.74,,11.67,2.21,125.0
20,145,45.86,,10.83,2.61,128.0
20,146,39.79,,11.18,2.99,136.0
20,147,39.79,,10.08,4.89,163.0
20,148,40.78,,11.21,2.81,127.0
20,149,56.01,,11.77,2.76,127.0
20,150,41.14,,12.7,2.42,198.0
20,151,25.56,,16.47,2.24,107.0
20,152,23.1,,10.86,2.47,112.0
20,153,44.99,,10.87,2.46,116.0
20,154,71.26,,15.29,2.43,189.0
20,155,61.85,,12.77,2.59,198.0
20,156,77.49,,11.71,2.93,203.0
20,157,76.8,,10.79,2.1,193.0
20,158,70.64,,9.95,2.29,191.0
20,159,78.15,,11.42,2.99,211.0
20,160,53.52,,13.08,2.23,161.0
20,161,52.4,,11.27,3.33,217.0
20,162,53.19,,11.98,2.06,119.0
20,163,47.72,,12.5,2.06,139.0
20,164,52.73,,11.89,1.89,106.0
20,165,42.28,,12.6,1.53,101.0
20,166,97.19,,14.6,3.3,229.0
20,167,95.8,,13.26,3.9,270.0
20,168,32.33,,10.69,1.84,103.0
20,169,34.61,,10.34,2.46,94.0
20,170,37.29,,11.97,2.17,102.0
20,171,123.5,,8.84,5.77,104.0
20,172,38.13,,8.89,11.69,218.0
20,173,64.33,,9.11,3.71,159.0
20,174,71.33,,9.33,1.26,157.0
20,175,35.56,,8.92,2.34,132.0
20,176,37.82,,8.84,1.57,70.0
20,177,35.19,,9.24,2.66,188.0
20,178,19.15,,9.31,10.18,167.0
20,179,18.09,,8.72,1.32,59.0
20,180,17.86,,8.78,1.02,51.0
20,181,17.81,,9.11,7.09,131.0
20,182,19.69,,8.54,1.39,95.0
20,183,23.32,,8.82,1.42,80.0
20,184,18.64,,11.83,1.42,75.0
20,185,19.77,,9.48,2.88,115.0
20,186,21.85,,9.41,4.15,152.0
20,187,27.82,,15.94,10.51,153.0
20,188,18.85,,8.53,7.36,210.0
20,189,18.47,,8.56,9.11,112.0
20,190,20.98,,7.95,1.82,65.0
20,191,21.6,,8.15,2.42,80.0
20,192,29.6,,7.8,5.38,112.0
20,193,,,,4.27,47.0
20,194,35.26,,8.15,2.56,
20,195,37.85,,8.59,6.37,205.0
20,196,34.86,,9.73,7.03,149.0
20,197,24.42,,9.61,7.86,136.0
20,198,23.99,,7.74,7.65,133.0
20,199,24.5,,8.83,8.74,123.0
20,200,25.45,,9.37,8.99,120.0
20,201,25.49,,9.44,9.61,165.0
20,202,24.02,,8.93,6.72,136.0
20,203,30.2,,7.73,2.17,97.0
20,204,62.19,,12.36,2.1,141.0
20,205,52.39,,9.08,2.34,156.0
20,206,49.34,,12.14,1.97,139.0
20,207,35.5,,7.94,2.76,127.0
20,208,44.01,,6.4,6.47,116.0
20,209,51.09,,12.94,2.38,139.0
20,210,43.47,,7.81,3.16,139.0
20,211,41.28,,7.26,2.15,136.0
20,212,48.46,,7.82,2.2,104.0
20,213,48.58,,7.87,6.96,194.0
20,214,49.0,,8.32,1.24,105.0
20,215,43.58,,7.52,1.32,86.0
20,216,51.67,,8.02,1.3,99.0
20,217,46.36,,7.47,1.5,118.0
20,218,55.45,,7.19,1.51,107.0
20,219,43.3,,8.39,1.24,110.0
20,220,44.99,,8.44,4.03,142.0
20,221,68.06,,8.81,1.34,101.0
20,222,63.08,,9.44,1.26,150.0
20,223,50.4,,8.13,1.98,175.0
20,224,34.61,,9.57,1.36,78.0
20,225,57.71,,8.88,1.37,119.0
20,226,30.81,,7.99,1.5,83.0
20,227,32.36,,9.07,1.39,82.0
20,228,32.23,,7.63,1.52,94.0
20,229,31.72,,7.54,1.4,84.0
20,230,31.98,,8.21,1.99,140.0
20,231,33.01,,9.09,1.58,103.0
20,232,34.33,,9.36,1.87,80.0
20,233,21.08,,10.27,1.51,75.0
20,234,40.93,,8.53,1.4,78.0
20,235,43.9,,8.32,1.32,77.0
20,236,56.57,,8.03,1.38,82.0
20,237,46.62,,8.26,1.2,158.0
20,238,45.44,,8.5,1.2,75.0
20,239,40.47,,8.71,1.95,106.0
20,240,44.58,,11.77,1.24,105.0
20,241,42.75,,11.37,1.38,82.0
20,242,46.2,,9.23,1.4,89.0
20,243,45.17,,7.36,1.32,94.0
20,244,46.76,,7.21,1.26,80.0
20,245,47.64,,7.64,1.34,86.0
20,246,52.43,,8.46,1.34,107.0
20,247,57.1,,8.64,1.42,113.0
20,248,51.36,,10.81,1.48,108.0
20,249,62.46,,11.82,1.47,117.0
20,250,57.19,,10.96,1.29,114.0
20,251,66.99,,9.99,1.45,143.0
20,252,66.88,,9.82,1.4,151.0
20,253,62.73,,9.76,1.3,132.0
20,254,65.64,,12.2,1.67,148.0
20,255,72.15,,9.92,1.55,149.0
20,256,68.23,,9.36,2.47,232.0
20,257,66.15,,9.69,1.61,154.0
20,258,71.73,,9.83,1.53,171.0
20,259,64.24,,13.09,1.38,152.0
20,260,66.17,,31.55,1.49,145.0
20,261,64.64,,21.08,1.65,160.0
20,262,70.56,,10.97,1.32,154.0
20,263,74.68,,10.38,1.95,196.0
20,264,28.82,,6.75,1.39,130.0
20,265,28.26,,5.87,1.62,90.0
20,266,39.66,,6.08,1.52,91.0
20,267,48.54,,4.55,1.44,85.0
20,268,49.65,,4.54,1.43,91.0
20,269,42.27,,4.6,1.61,86.0
20,270,49.92,,5.08,1.49,89.0
20,271,63.28,,5.27,1.75,101.0
20,272,51.42,,7.1,1.41,116.0
20,273,47.21,,8.34,5.68,223.0
20,274,47.78,,9.97,18.45,244.0
20,275,54.13,,9.75,12.16,143.0
20,276,60.88,,14.19,3.44,220.0
20,277,65.59,,17.08,1.19,154.0
20,278,59.33,,7.63,0.33,118.0
20,279,34.68,,6.72,12.5,148.0
20,280,53.63,,10.14,5.89,100.0
20,281,68.67,,22.65,9.97,183.0
20,282,57.76,,24.06,18.63,228.0
20,283,44.58,,19.22,5.54,171.0
20,284,28.45,,10.31,15.74,191.0
20,285,70.75,,9.63,2.58,156.0
20,286,72.43,,7.7,1.66,146.0
20,287,73.52,,4.09,1.56,164.0
20,288,82.39,,3.77,7.73,240.0
20,289,95.47,,15.55,1.62,188.0
20,290,112.56,,3.45,1.61,230.0
20,291,133.81,,4.48,1.59,267.0
20,292,133.94,,7.6,2.51,231.0
20,293,188.69,,7.78,1.74,323.0
20,294,185.78,,6.24,1.52,334.0
20,295,166.1,,10.89,1.88,324.0
20,296,120.87,,24.63,1.62,253.0
20,297,155.09,,43.54,5.07,331.0
20,298,162.6,,28.63,5.99,345.0
20,299,190.97,,32.94,2.49,340.0
20,300,192.37,,39.5,2.01,365.0
20,301,156.6,,31.43,1.56,345.0
20,302,123.29,,15.4,9.56,341.0
20,303,123.44,,16.92,8.69,319.0
20,304,140.75,,29.73,2.39,305.0
20,305,154.01,,25.19,2.36,329.0
20,306,162.51,,34.31,1.8,328.0
20,307,147.9,,32.52,1.8,329.0
20,308,205.62,,34.75,4.74,356.0
20,309,187.6,,28.61,4.16,389.0
20,310,127.49,,24.22,7.24,321.0
20,311,192.7,,32.98,2.25,333.0
20,312,186.9,,28.81,1.96,361.0
20,313,143.47,,32.0,2.85,264.0
20,314,247.11,,31.56,2.32,288.0
20,315,325.72,,22.08,1.64,427.0
20,316,344.93,,21.89,1.38,472.0
20,317,333.82,,21.3,1.73,482.0
20,318,384.4,,22.72,4.46,486.0
20,319,306.59,,19.84,1.26,478.0
20,320,258.7,,20.43,2.31,409.0
20,321,226.73,,19.15,3.61,402.0
20,322,217.75,,20.83,1.78,365.0
20,323,264.18,,21.42,3.75,395.0
20,324,305.64,,17.38,5.99,450.0
20,325,268.78,,18.37,2.77,422.0
20,326,302.85,,16.83,3.01,443.0
20,327,281.45,,14.84,2.92,427.0
20,328,287.55,,15.51,7.74,420.0
20,329,243.68,,18.58,3.2,427.0
20,330,234.54,,20.79,17.43,410.0
20,331,320.88,,19.83,1.94,443.0
20,332,327.45,,59.08,5.2,466.0
20,333,226.18,,16.61,16.09,424.0
20,334,246.37,,16.73,5.53,387.0
20,335,213.96,,70.48,4.08,417.0
20,336,60.54,,63.58,1.86,239.0
20,337,196.55,,33.38,1.52,259.0
20,338,245.14,,36.25,2.88,381.0
20,339,358.43,,35.22,3.09,452.0
20,340,371.89,,40.73,3.52,508.0
20,341,506.04,,48.17,5.1,508.0
20,342,467.37,,20.77,2.01,584.0
20,343,385.13,,18.69,2.77,532.0
20,344,384.13,,27.29,2.38,510.0
20,345,240.85,,36.73,2.43,426.0
20,346,343.82,,31.23,1.81,455.0
20,347,245.71,,20.29,1.39,418.0
20,348,269.97,,8.73,1.69,421.0
20,349,206.35,,8.79,1.99,372.0
20,350,207.43,,9.44,3.12,377.0
20,351,174.5,,11.88,3.41,344.0
20,352,171.81,,9.87,1.77,339.0
20,353,130.02,,9.73,2.56,270.0
20,354,216.6,,11.33,5.87,376.0
20,355,209.5,,10.65,4.66,362.0
20,356,263.23,,11.61,3.95,381.0
20,357,277.97,,13.02,2.67,442.0
20,358,176.88,,13.01,2.39,366.0
20,359,119.88,,12.53,11.6,325.0
20,360,143.01,,12.78,5.09,291.0
20,361,145.11,,11.88,1.3,332.0
20,362,157.54,,16.34,2.11,314.0
20,363,152.87,,15.2,3.77,346.0
20,364,162.39,,18.2,2.46,324.0
20,365,207.99,,17.98,4.27,359.0
20,366,203.43,,13.27,3.4,375.0
20,367,188.05,,14.56,2.49,366.0
20,368,135.82,,15.12,2.58,315.0
20,369,137.98,,15.24,2.95,304.0
20,370,137.01,,13.94,4.69,313.0
20,371,173.33,,14.34,4.04,327.0
20,372,149.68,,11.58,3.46,336.0
20,373,155.57,,10.45,2.01,318.0
20,374,119.03,,12.75,2.46,322.0
20,375,120.45,,12.88,2.31,245.0
20,376,192.61,,11.88,3.39,337.0
20,377,237.84,,10.01,2.66,376.0
20,378,250.73,,10.49,2.24,403.0
20,379,250.67,,9.74,1.85,402.0
20,380,169.86,,10.83,2.31,362.0
20,381,174.76,,11.94,7.15,349.0
20,382,168.21,,11.81,2.06,338.0
20,383,232.46,,11.48,1.93,369.0
20,384,273.85,,12.37,2.51,404.0
20,385,139.7,,12.38,3.1,375.0
20,386,166.38,,12.16,3.95,330.0
20,387,255.63,,12.22,7.43,372.0
20,388,253.71,,11.06,1.37,415.0
20,389,241.9,,9.29,1.88,404.0
20,390,238.8,,10.09,2.42,388.0
20,391,248.76,,9.88,1.76,404.0
20,392,212.94,,11.53,1.68,372.0
20,393,255.85,,13.93,1.4,393.0
20,394,259.11,,12.09,2.02,407.0
20,395,277.66,,14.85,1.61,418.0
20,396,210.94,,15.64,1.53,399.0
20,397,151.38,,14.99,1.64,337.0
20,398,153.42,,14.34,17.2,339.0
20,399,130.88,,15.06,1.87,316.0
20,400,115.55,,14.03,2.58,252.0
20,401,178.06,,13.51,1.47,315.0
20,402,253.19,,10.93,1.65,384.0
20,403,255.81,,14.19,1.3,394.0
20,404,290.47,,16.52,1.6,420.0
20,405,206.49,,13.74,1.33,394.0
20,406,206.95,,11.6,1.4,366.0
20,407,209.99,,8.03,5.16,392.0
20,408,168.23,,13.61,7.45,377.0
20,409,147.08,,13.14,1.35,319.0
20,410,162.7,,13.6,2.54,335.0
20,411,171.76,,13.81,1.37,330.0
20,412,186.0,,12.22,2.38,344.0
20,413,195.12,,10.89,1.68,358.0
20,414,112.33,,16.21,1.21,320.0
20,415,105.53,,16.33,1.27,252.0
20,416,109.4,,27.77,1.36,245.0
20,417,86.47,,41.05,1.09,238.0
20,418,72.62,,39.03,1.26,172.0
20,419,94.93,,39.06,1.45,190.0
20,420,147.59,,44.96,1.69,303.0
20,421,151.15,,35.68,1.4,322.0
20,422,161.14,,26.25,1.37,327.0
20,423,152.14,,22.59,2.14,335.0
20,424,155.6,,19.55,1.71,323.0
20,425,203.51,,15.05,1.37,349.0
20,426,132.24,,0.97,1.36,326.0
20,427,166.73,,12.9,1.66,314.0
20,428,180.27,,18.53,1.91,347.0
20,429,164.73,,20.65,1.47,332.0
20,430,182.82,,13.21,1.39,337.0
20,431,122.08,,17.37,1.51,305.0
20,432,141.32,,27.7,1.37,335.0
20,433,79.23,,15.65,1.35,228.0
20,434,106.54,,12.33,1.22,229.0
20,435,87.27,,24.98,1.31,220.0
20,436,110.24,,46.44,1.45,243.0
20,437,85.74,,39.66,1.28,229.0
20,438,59.85,,33.58,1.14,140.0
20,439,58.33,,35.99,1.8,100.0
20,440,79.82,,37.32,2.15,173.0
20,441,76.06,,36.12,1.26,134.0
20,442,67.43,,37.83,5.23,194.0
20,443,65.14,,33.51,1.55,120.0
20,444,89.05,,24.13,3.21,215.0
20,445,86.68,,30.2,1.41,178.0
20,446,91.67,,38.62,1.64,194.0
20,447,79.28,,36.03,1.28,173.0
20,448,84.62,,35.94,1.44,201.0
20,449,97.75,,49.13,1.57,232.0
20,450,73.09,,51.44,1.53,219.0
20,451,85.56,,41.59,3.17,194.0
20,452,64.82,,32.51,1.17,188.0
20,453,75.89,,40.51,1.94,137.0
20,454,67.0,,48.25,1.34,149.0
20,455,76.98,,49.12,1.85,186.0
20,456,72.23,,57.98,1.38,171.0
20,457,83.71,,41.42,1.51,185.0
20,458,79.49,,2.36,1.42,165.0
20,459,75.75,,10.04,1.45,165.0
20,460,99.67,,46.94,1.75,199.0
20,461,117.04,,57.12,1.48,253.0
20,462,99.19,,46.52,1.49,248.0
20,463,82.81,,54.52,1.47,218.0
20,464,101.32,,50.45,1.34,191.0
20,465,103.59,,52.17,1.17,221.0
20,466,111.2,,53.1,1.31,274.0
20,467,119.16,,49.47,1.36,254.0
20,468,112.53,,46.78,6.04,322.0
20,469,110.04,,49.29,1.35,258.0
20,470,119.51,,66.31,1.47,302.0
20,471,109.97,,64.66,1.38,256.0
20,472,139.58,,54.43,1.38,297.0
20,473,145.96,,56.17,1.44,321.0
20,474,138.17,,53.53,1.59,308.0
20,475,105.97,,74.75,1.99,293.0
20,476,90.36,,58.03,1.8,239.0
20,477,86.79,,40.59,1.34,175.0
20,478,98.82,,42.45,1.33,225.0
20,479,108.68,,44.97,2.86,258.0
20,480,73.52,,46.08,1.36,219.0
20,481,78.87,,50.39,1.53,152.0
20,482,99.92,,49.62,3.74,240.0
20,483,86.41,,84.12,1.61,221.0
20,484,98.31,,77.6,1.97,211.0
20,485,95.0,,76.07,1.52,232.0
20,486,126.96,,105.8,1.95,257.0
20,487,101.39,,74.63,1.51,261.0
20,488,99.74,,82.57,1.52,224.0
20,489,94.7,,44.48,1.36,232.0
20,490,86.62,,45.42,1.28,196.0
20,491,70.07,,47.45,1.27,175.0
20,492,77.91,,63.46,1.53,143.0
20,493,102.44,,41.6,1.27,161.0
20,494,81.73,,39.84,1.23,234.0
20,495,77.87,,55.2,1.05,170.0
20,496,,,,,
20,497,,,,,
20,498,26.7,,30.61,1.23,
20,499,,,,,
20,500,,,,,
20,501,,,,,
20,502,,,,,
20,503,,,,,
20,504,,,,,
20,505,,,,,
20,506,,,,,
20,507,,,,,
20,508,,,,,
20,509,,,,,
20,510,,,,,
20,511,,,,,
20,512,64.1,,37.91,1.41,
20,513,118.85,,46.4,1.68,240.0
20,514,163.59,,39.84,2.7,192.0
20,515,46.87,,43.08,1.97,329.0
20,516,55.2,,27.6,1.8,106.0
20,517,77.29,,52.8,2.37,207.0
20,518,138.37,,27.15,1.55,207.0
20,519,143.4,,12.32,5.57,330.0
20,520,42.82,,5.97,1.3,442.0
20,521,60.66,,6.38,1.05,
20,522,45.28,,6.36,1.04,106.0
20,523,65.55,,5.79,1.33,106.0
20,524,45.09,,6.3,1.77,124.0
20,525,52.68,,6.36,,
20,526,62.91,,35.56,3.47,
20,527,56.17,,27.61,1.24,116.0
20,528,70.14,,28.17,1.63,113.0
20,529,94.7,,45.97,1.72,185.0
20,530,64.0,,35.9,1.36,151.0
20,531,84.02,,30.46,1.22,179.0
20,532,64.23,,38.29,2.21,144.0
20,533,59.3,,32.5,1.12,105.0
20,534,63.49,,33.62,5.68,172.0
20,535,94.36,,36.28,1.5,121.0
20,536,246.56,,27.47,1.15,308.0
20,537,59.89,,29.41,1.09,203.0
20,538,151.3,,37.76,1.12,244.0
20,539,35.58,,47.24,1.65,141.0
20,540,33.78,,23.23,1.52,49.0
20,541,25.9,,30.18,,46.0
20,542,,,,,43.0
20,543,,,,,
20,544,95.89,,28.02,4.1,
20,545,180.93,,31.37,1.26,75.0
20,546,45.45,,33.81,1.01,47.0
20,547,89.0,,31.34,2.02,59.0
20,548,53.51,,26.72,1.12,181.0
20,549,49.41,,25.36,1.18,99.0
20,550,69.19,,17.43,1.17,122.0
20,551,65.4,,17.83,1.17,147.0
20,552,48.63,,26.22,1.12,
20,553,76.9,,14.35,1.06,151.0
20,554,61.42,,23.6,1.63,179.0
20,555,71.74,,23.9,2.74,136.0
20,556,54.5,,28.82,1.11,160.0
20,557,66.78,,24.47,2.25,133.0
20,558,71.22,,17.15,,192.0
20,559,87.96,,15.03,1.23,177.0
20,560,76.73,,17.17,1.1,186.0
20,561,82.95,,19.61,1.36,175.0
20,562,67.3,,17.1,1.09,164.0
20,563,80.77,,24.37,1.14,157.0
20,564,53.21,,26.23,1.08,168.0
20,565,28.6,,25.83,1.5,67.0
20,566,31.64,,32.15,2.03,62.0
20,567,35.35,,21.94,1.07,72.0
20,568,27.85,,22.38,1.05,52.0
20,569,28.41,,28.17,1.02,
20,570,21.57,,18.83,5.08,68.0
20,571,30.83,,25.51,,
20,572,37.68,,24.6,1.81,63.0
20,573,28.88,,12.82,2.96,56.0
20,574,31.22,,18.66,3.03,
20,575,17.17,,25.08,,47.0
20,576,41.88,,17.17,1.15,46.0
20,577,17.7,,16.99,1.04,64.0
20,578,41.89,,16.52,,39.0
20,579,46.72,,20.48,1.19,
20,580,99.97,,17.95,8.04,191.0
20,581,18.79,,19.46,1.15,129.0
20,582,23.47,,13.44,1.1,58.0
20,583,38.89,,26.34,1.62,67.0
20,584,31.9,,10.59,0.0,72.0
20,585,,,,0.0,
20,586,,,,0.0,
20,587,,,,0.0,
20,588,,,,0.0,
20,589,22.06,,24.21,0.55,
20,590,42.06,,20.21,2.42,69.0
20,591,37.8,,13.62,,155.0
20,592,44.97,,15.24,1.54,109.0
20,593,30.92,,22.15,3.61,126.0
20,594,119.04,,8.68,2.35,223.0
20,595,16.79,,21.77,1.96,125.0
20,596,16.3,,11.54,1.09,72.0
20,597,18.26,,9.67,1.16,53.0
20,598,21.68,,15.75,1.98,51.0
20,599,21.64,,16.3,9.89,125.0
20,600,22.27,,16.84,2.78,69.0
20,601,20.59,,12.05,,52.0
20,602,29.38,,23.54,1.22,49.0
20,603,60.75,,23.63,1.33,78.0
20,604,43.91,,17.78,1.16,91.0
20,605,32.56,,12.76,1.91,96.0
20,606,40.9,,15.78,1.41,85.0
20,607,59.7,,32.1,1.55,110.0
20,608,46.78,,34.22,1.25,97.0
20,609,22.25,,18.85,1.26,59.0
20,610,30.06,,22.34,1.19,92.0
20,611,39.09,,22.75,1.22,71.0
20,612,52.59,,27.45,1.3,89.0
20,613,41.44,,25.43,1.41,93.0
20,614,35.94,,23.35,1.52,85.0
20,615,38.71,,25.44,1.24,87.0
20,616,45.48,,21.88,1.29,76.0
20,617,63.59,,37.1,4.71,136.0
20,618,67.75,,44.96,1.16,129.0
20,619,54.84,,49.57,1.04,109.0
20,620,50.96,,32.46,1.06,115.0
20,621,51.27,,21.9,1.2,123.0
20,622,28.89,,13.71,2.18,102.0
20,623,21.04,,17.45,2.34,91.0
20,624,25.22,,19.81,3.62,125.0
20,625,45.14,,22.41,1.77,135.0
20,626,23.79,,24.01,5.69,138.0
20,627,36.25,,31.16,1.37,62.0
20,628,55.18,,26.15,1.84,89.0
20,629,192.52,,31.96,2.27,284.0
20,630,36.62,,24.82,8.61,191.0
20,631,17.39,,15.27,,44.0
20,632,28.4,,25.35,9.49,100.0
20,633,17.35,,20.01,3.29,73.0
20,634,11.39,,14.24,32.22,154.0
20,635,16.44,,13.81,1.86,48.0
20,636,29.35,,12.62,1.94,85.0
20,637,36.11,,14.55,1.81,96.0
20,638,26.86,,14.36,1.72,75.0
20,639,37.28,,18.13,1.32,74.0
20,640,60.08,,16.2,1.36,90.0
20,641,59.63,,29.33,1.45,110.0
20,642,55.53,,30.87,1.4,104.0
20,643,54.69,,27.75,1.4,94.0
20,644,63.44,,35.31,1.61,127.0
20,645,32.21,,36.03,1.63,97.0
20,646,60.85,,40.89,1.59,95.0
20,647,81.43,,38.01,1.55,178.0
20,648,47.15,,23.52,1.39,98.0
20,649,89.92,,35.56,1.44,142.0
20,650,111.37,,42.49,1.43,223.0
20,651,125.86,,41.1,1.48,301.0
20,652,108.06,,57.39,1.63,265.0
20,653,113.77,,67.74,2.02,244.0
20,654,141.57,,93.07,2.35,312.0
20,655,172.85,,93.99,2.8,333.0
20,656,175.18,,67.34,2.01,349.0
20,657,147.37,,60.78,2.02,326.0
20,658,134.61,,67.39,2.56,322.0
20,659,142.65,,60.91,2.16,310.0
20,660,126.14,,62.02,1.98,317.0
20,661,85.04,,52.25,1.74,222.0
20,662,123.78,,65.88,1.82,200.0
20,663,141.16,,58.26,1.88,323.0
20,664,130.7,,67.37,1.89,292.0
20,665,120.82,,56.94,1.81,302.0
20,666,139.8,,70.97,2.93,305.0
20,667,141.16,,67.32,2.79,308.0
20,668,189.77,,95.0,2.07,341.0
20,669,238.17,,70.32,1.71,357.0
20,670,431.69,,62.38,1.89,509.0
20,671,243.78,,56.84,2.24,448.0
20,672,153.13,,52.36,5.05,359.0
20,673,152.95,,65.56,2.51,299.0
20,674,139.46,,68.03,2.48,301.0
20,675,159.87,,68.85,2.33,280.0
20,676,411.23,,69.86,1.72,450.0
20,677,495.65,,74.57,1.93,526.0
20,678,499.06,,75.44,1.66,604.0
20,679,345.54,,63.08,3.15,568.0
20,680,290.26,,69.81,1.65,398.0
20,681,305.4,,98.34,5.76,450.0
20,682,214.41,,121.8,3.14,390.0
20,683,133.9,,71.31,3.55,311.0
20,684,116.66,,69.78,3.22,272.0
20,685,128.79,,80.58,2.87,236.0
20,686,149.73,,78.27,3.02,312.0
20,687,206.45,,71.35,0.41,346.0
20,688,251.32,,77.78,0.6,394.0
20,689,331.04,,88.03,2.89,423.0
20,690,314.46,,108.12,3.26,487.0
20,691,244.33,,92.85,2.05,416.0
20,692,179.82,,72.6,1.73,369.0
20,693,152.49,,70.17,1.17,329.0
20,694,193.96,,69.22,1.61,343.0
20,695,183.51,,65.28,1.12,359.0
20,696,188.38,,100.59,2.18,337.0
20,697,232.64,,83.64,1.52,382.0
20,698,181.25,,91.36,2.58,358.0
20,699,309.53,,91.0,2.98,401.0
20,700,221.57,,73.28,6.9,421.0
20,701,238.99,,65.72,2.12,370.0
20,702,213.29,,35.7,1.42,396.0
20,703,192.84,,29.62,1.21,354.0
20,704,171.01,,47.52,1.73,347.0
20,705,171.8,,62.38,4.28,339.0
20,706,231.07,,40.01,0.84,359.0
20,707,145.09,,35.84,1.71,360.0
20,708,147.56,,42.41,1.68,309.0
20,709,184.44,,55.06,2.57,328.0
20,710,345.98,,62.0,1.64,423.0
20,711,235.85,,47.37,1.44,431.0
20,712,236.24,,49.75,1.39,391.0
20,713,237.81,,60.86,2.14,395.0
20,714,271.83,,57.11,1.63,430.0
20,715,188.21,,54.76,3.04,364.0
20,716,256.7,,52.84,1.37,386.0
20,717,273.9,,47.51,2.02,408.0
20,718,274.78,,43.05,1.91,432.0
20,719,221.75,,47.66,1.64,394.0
20,720,212.41,,51.85,1.52,370.0
20,721,203.62,,54.12,1.43,358.0
20,722,373.48,,76.98,2.02,436.0
20,723,266.72,,58.2,2.09,478.0
20,724,276.9,,72.76,3.01,410.0
20,725,329.55,,67.21,4.49,441.0
20,726,294.09,,48.04,1.74,444.0
20,727,208.2,,69.58,2.21,389.0
20,728,292.53,,53.82,1.57,425.0
20,729,225.89,,40.65,1.65,389.0
20,730,184.15,,40.82,1.51,371.0
20,731,171.27,,50.95,1.41,342.0
20,732,166.35,,33.39,1.39,350.0
20,733,183.84,,37.34,1.41,324.0
20,734,159.29,,31.69,1.44,360.0
20,735,154.3,,35.61,1.9,296.0
20,736,197.95,,42.66,2.75,357.0
20,737,189.36,,36.81,2.14,365.0
20,738,181.88,,37.62,1.89,346.0
20,739,215.86,,48.27,2.13,366.0
20,740,171.95,,46.3,2.03,366.0
20,741,115.7,,36.47,1.43,318.0
20,742,109.72,,43.28,1.6,251.0
20,743,145.41,,54.4,1.73,306.0
20,744,222.28,,70.21,3.15,350.0
20,745,256.58,,73.21,2.53,404.0
20,746,272.01,,73.74,2.74,407.0
20,747,336.07,,83.21,3.41,455.0
20,748,240.42,,50.7,2.02,419.0
20,749,222.17,,47.68,1.96,373.0
20,750,245.59,,57.49,2.23,394.0
20,751,132.55,,41.19,1.59,362.0
20,752,143.2,,50.02,1.82,282.0
20,753,211.77,,48.61,1.79,352.0
20,754,153.33,,40.84,1.69,342.0
20,755,158.46,,44.38,2.14,324.0
20,756,222.64,,53.87,3.63,368.0
20,757,198.86,,48.81,2.06,373.0
20,758,70.65,,30.22,1.92,258.0
20,759,61.96,,22.32,1.47,138.0
20,760,81.64,,19.92,1.38,111.0
20,761,116.04,,36.55,1.96,203.0
20,762,179.6,,39.97,2.32,328.0
20,763,175.53,,40.42,2.36,345.0
20,764,207.97,,54.15,3.91,383.0
20,765,172.73,,46.63,2.39,360.0
20,766,161.52,,52.27,2.54,337.0
20,767,89.37,,47.91,2.16,263.0
20,768,108.07,,44.83,1.78,238.0
20,769,88.79,,17.18,1.54,243.0
20,770,95.98,,29.4,1.76,178.0
20,771,118.4,,31.12,1.62,286.0
20,772,112.25,,31.71,1.67,264.0
20,773,153.45,,41.02,2.26,300.0
20,774,202.86,,52.5,2.2,358.0
20,775,175.3,,44.47,1.79,351.0
20,776,145.02,,37.16,1.94,327.0
20,777,154.22,,49.81,2.02,321.0
20,778,197.39,,52.52,2.31,341.0
20,779,237.51,,45.82,2.52,378.0
20,780,226.67,,32.84,2.53,388.0
20,781,184.29,,29.58,2.1,371.0
20,782,115.03,,29.67,2.44,309.0
20,783,143.07,,32.36,3.95,356.0
20,784,102.52,,27.71,1.49,273.0
20,785,93.39,,26.39,1.36,223.0
20,786,81.25,,25.61,1.29,216.0
20,787,88.87,,30.81,1.32,204.0
20,788,94.81,,30.64,1.38,224.0
20,789,96.22,,30.62,1.56,205.0
20,790,116.96,,40.06,1.68,257.0
20,791,148.25,,55.62,3.7,339.0
20,792,147.23,,33.49,2.1,342.0
20,793,96.8,,26.56,1.61,218.0
20,794,89.16,,29.14,1.43,214.0
20,795,89.04,,26.44,1.35,190.0
20,796,84.15,,29.89,1.5,197.0
20,797,108.32,,43.83,1.81,211.0
20,798,163.19,,57.12,1.84,321.0
20,799,140.39,,38.71,1.87,321.0
20,800,51.28,,23.45,1.47,202.0
20,801,58.33,,29.05,1.24,97.0
20,802,48.32,,19.35,1.3,88.0
20,803,79.11,,19.42,1.32,144.0
20,804,75.43,,23.71,1.24,148.0
20,805,75.27,,33.1,1.39,138.0
20,806,92.96,,39.88,2.01,173.0
20,807,105.21,,37.09,1.58,262.0
20,808,79.46,,32.9,6.05,227.0
20,809,113.28,,48.87,1.79,226.0
20,810,106.88,,41.73,1.44,285.0
20,811,110.31,,35.25,1.5,232.0
20,812,142.68,,52.59,1.94,303.0
20,813,172.13,,40.43,1.89,325.0
20,814,187.46,,41.96,2.36,349.0
20,815,118.0,,27.9,1.83,329.0
20,816,96.39,,31.85,1.25,230.0
20,817,122.3,,37.1,1.56,254.0
20,818,168.85,,38.27,2.28,335.0
20,819,161.81,,34.5,1.4,335.0
20,820,120.82,,29.76,2.34,325.0
20,821,133.84,,40.63,1.43,299.0
20,822,128.32,,43.23,1.87,318.0
20,823,92.48,,32.52,1.34,240.0
20,824,88.72,,39.43,2.56,212.0
20,825,103.43,,39.06,2.54,252.0
20,826,81.51,,26.48,1.4,196.0
20,827,82.94,,24.61,1.61,174.0
20,828,107.18,,27.98,1.77,215.0
20,829,119.46,,25.03,1.42,230.0
20,830,102.6,,25.85,1.34,298.0
20,831,77.6,,36.26,1.39,202.0
20,832,70.96,,41.23,1.54,208.0
20,833,93.58,,63.25,1.59,186.0
20,834,123.91,,58.3,1.64,246.0
20,835,80.27,,29.7,1.44,287.0
20,836,72.42,,23.5,1.66,194.0
20,837,72.64,,19.11,1.33,180.0
20,838,87.25,,19.82,1.55,198.0
20,839,122.86,,27.02,1.36,254.0
20,840,151.83,,29.38,1.47,317.0
20,841,130.52,,23.19,1.34,321.0
20,842,79.89,,13.74,1.33,239.0
20,843,112.19,,11.9,1.42,235.0
20,844,122.7,,22.56,2.13,278.0
20,845,122.53,,35.52,1.88,290.0
20,846,143.97,,38.64,2.4,272.0
20,847,130.82,,40.52,1.37,313.0
20,848,119.93,,36.53,1.38,304.0
20,849,100.51,,31.68,1.2,260.0
20,850,124.07,,57.45,1.64,264.0
20,851,83.5,,46.16,3.23,302.0
20,852,95.31,,45.99,1.27,226.0
20,853,113.81,,59.07,1.97,234.0
20,854,138.46,,82.86,1.5,309.0
20,855,100.95,,66.08,1.77,312.0
20,856,140.85,,57.5,1.38,302.0
20,857,208.65,,79.26,1.57,346.0
20,858,301.46,,54.86,1.44,422.0
20,859,140.01,,23.93,1.33,350.0
20,860,71.84,,25.41,1.09,237.0
20,861,56.41,,19.99,1.19,137.0
20,862,71.62,,35.11,1.37,125.0
20,863,99.51,,38.81,1.33,205.0
20,864,98.49,,38.54,1.3,227.0
20,865,117.21,,24.15,4.29,279.0
20,866,137.79,,30.67,1.55,319.0
20,867,157.17,,34.09,1.59,314.0
20,868,79.81,,8.75,1.2,263.0
20,869,102.13,,18.73,1.29,146.0
20,870,143.66,,34.67,1.27,289.0
20,871,122.47,,34.29,1.18,326.0
20,872,139.19,,23.7,1.21,288.0
20,873,163.59,,23.25,1.22,317.0
20,874,125.66,,23.33,1.22,314.0
20,875,152.46,,41.85,1.27,312.0
20,876,151.47,,39.1,2.95,346.0
20,877,131.7,,30.43,4.99,339.0
20,878,65.4,,7.83,1.6,210.0
20,879,57.72,,8.69,1.97,81.0
20,880,60.92,,14.29,1.43,100.0
20,881,40.0,,9.02,1.09,74.0
20,882,39.74,,10.23,1.16,70.0
20,883,85.74,,32.57,1.42,101.0
20,884,77.99,,16.37,1.14,182.0
20,885,115.52,,26.03,1.72,179.0
20,886,150.57,,45.77,1.4,304.0
20,887,147.38,,27.01,1.36,321.0
20,888,54.14,,13.17,1.18,221.0
20,889,45.04,,12.7,1.2,73.0
20,890,74.54,,17.12,1.2,106.0
20,891,70.03,,17.65,1.12,150.0
20,892,99.83,,18.44,4.39,253.0
20,893,95.04,,16.05,1.15,190.0
20,894,111.82,,21.52,1.19,231.0
20,895,144.61,,40.14,1.57,256.0
20,896,,,,,
20,897,,,,,
20,898,212.17,,29.65,1.32,
20,899,402.47,,24.59,1.31,458.0
20,900,54.0,,27.83,1.5,323.0
20,901,71.85,,23.64,1.26,93.0
20,902,55.41,,11.26,16.0,328.0
20,903,67.89,,14.44,3.14,183.0
20,904,51.28,,14.26,1.15,97.0
20,905,66.93,,19.39,1.28,111.0
20,906,72.07,,20.75,1.25,152.0
20,907,54.58,,14.33,1.29,128.0
20,908,39.02,,12.17,1.22,78.0
20,909,38.85,,12.47,1.3,66.0
20,910,44.5,,15.31,1.18,70.0
20,911,47.07,,14.71,1.4,80.0
20,912,39.21,,16.37,1.34,79.0
20,913,38.16,,20.32,2.65,89.0
20,914,34.75,,18.36,1.19,106.0
20,915,28.98,,17.27,1.2,78.0
20,916,28.2,,13.45,1.42,61.0
20,917,30.74,,13.2,1.09,61.0
20,918,24.48,,21.06,1.26,53.0
20,919,29.46,,13.61,1.32,58.0
20,920,25.21,,13.3,1.34,69.0
20,921,18.4,,14.22,1.23,64.0
20,922,30.2,,16.64,1.37,75.0
20,923,16.02,,11.99,1.86,58.0
20,924,21.53,,14.36,1.21,43.0
20,925,28.37,,15.31,1.35,55.0
20,926,55.44,,13.94,1.65,82.0
20,927,57.07,,15.99,1.59,96.0
20,928,47.24,,11.49,1.63,87.0
20,929,40.79,,14.62,1.98,73.0
20,930,46.12,,26.27,1.44,78.0
20,931,41.46,,29.1,1.93,83.0
20,932,41.48,,24.74,1.27,69.0
20,933,56.67,,25.77,4.62,83.0
20,934,47.17,,24.2,1.52,122.0
20,935,47.46,,23.2,1.21,79.0
20,936,45.11,,26.67,1.25,80.0
20,937,37.14,,25.15,1.2,68.0
20,938,46.49,,31.82,1.13,66.0
20,939,47.36,,14.54,12.12,149.0
20,940,49.58,,14.39,1.14,84.0
20,941,38.49,,21.49,1.91,85.0
20,942,40.43,,23.18,3.36,78.0
20,943,28.38,,14.31,1.18,64.0
20,944,32.39,,17.62,1.18,57.0
20,945,37.85,,23.02,1.57,76.0
20,946,42.88,,21.6,1.35,78.0
20,947,57.19,,22.19,2.52,125.0
20,948,66.28,,21.63,1.8,156.0
20,949,35.62,,18.3,1.39,158.0
20,950,46.27,,74.77,1.87,126.0
20,951,26.24,,24.89,1.83,80.0
20,952,42.18,,17.26,1.68,70.0
20,953,88.74,,22.55,1.44,146.0
20,954,39.71,,31.26,1.46,126.0
20,955,38.97,,30.55,1.47,84.0
20,956,46.39,,24.96,1.16,81.0
20,957,119.08,,27.26,1.33,175.0
20,958,50.79,,27.91,1.48,134.0
20,959,67.23,,41.39,1.71,97.0
20,960,76.76,,43.53,3.77,172.0
20,961,39.01,,57.74,2.05,129.0
20,962,44.23,,16.23,1.12,66.0
20,963,45.75,,13.93,2.68,110.0
20,964,47.44,,40.65,0.88,72.0
20,965,43.99,,47.89,1.23,75.0
20,966,43.33,,46.85,1.32,75.0
20,967,49.51,,32.88,1.1,73.0
20,968,34.82,,50.54,1.15,76.0
20,969,36.6,,29.57,1.24,63.0
20,970,21.59,,72.49,1.29,56.0
20,971,11.61,,17.95,1.34,50.0
20,972,22.21,,15.26,1.13,41.0
20,973,33.11,,13.48,1.65,55.0
20,974,31.44,,16.14,4.68,108.0
20,975,20.76,,14.04,1.62,70.0
20,976,21.69,,13.09,1.68,72.0
20,977,25.72,,11.18,1.62,66.0
20,978,32.27,,14.94,1.54,83.0
20,979,41.31,,19.7,1.31,73.0
20,980,47.98,,33.03,1.49,84.0
20,981,48.66,,31.39,1.17,77.0
20,982,57.46,,32.49,1.09,96.0
20,983,59.67,,43.52,1.13,95.0
20,984,72.6,,48.73,1.2,116.0
20,985,86.0,,29.13,1.18,171.0
20,986,74.71,,52.22,1.17,163.0
20,987,81.77,,51.42,1.14,153.0
20,988,76.58,,18.06,1.11,173.0
20,989,53.51,,24.96,1.28,120.0
20,990,43.46,,32.36,1.25,79.0
20,991,44.81,,33.74,1.16,76.0
20,992,40.76,,34.34,3.23,75.0
20,993,22.15,,23.0,8.13,141.0
20,994,41.19,,25.2,1.33,61.0
20,995,21.08,,22.99,1.14,67.0
20,996,23.0,,16.09,7.52,176.0
20,997,30.87,,13.79,1.33,59.0
20,998,40.25,,11.11,1.25,79.0
20,999,33.76,,12.3,1.26,76.0
20,1000,68.45,,16.86,0.95,89.0
20,1001,80.19,,19.01,1.18,151.0
20,1002,75.01,,37.57,0.89,160.0
20,1003,65.98,,34.9,0.94,140.0
20,1004,77.33,,31.24,0.95,135.0
20,1005,61.56,,26.32,0.8,140.0
20,1006,68.78,,24.24,0.71,115.0
20,1007,58.8,,34.36,0.78,122.0
20,1008,42.05,,25.47,0.96,100.0
20,1009,59.02,,36.5,1.02,95.0
20,1010,60.54,,37.58,1.04,103.0
20,1011,83.04,,43.59,1.18,138.0
20,1012,82.36,,34.46,1.0,188.0
20,1013,81.08,,41.3,1.02,165.0
20,1014,100.7,,34.8,1.11,207.0
20,1015,73.41,,30.57,1.1,200.0
20,1016,95.02,,44.26,0.79,182.0
20,1017,140.41,,62.28,1.0,259.0
20,1018,138.31,,53.25,0.87,311.0
20,1019,128.71,,59.68,0.89,308.0
20,1020,169.38,,72.26,0.73,319.0
20,1021,176.38,,71.24,0.67,348.0
20,1022,194.31,,55.68,0.97,354.0
20,1023,173.5,,36.49,1.61,330.0
20,1024,172.87,,29.79,1.51,362.0
20,1025,130.42,,30.05,1.22,265.0
20,1026,229.03,,57.38,1.44,339.0
20,1027,196.91,,80.44,1.53,391.0
20,1028,199.31,,75.27,1.76,353.0
20,1029,209.09,,86.12,1.78,363.0
20,1030,204.12,,89.66,1.34,379.0
20,1031,161.98,,83.17,1.66,343.0
20,1032,171.39,,84.41,1.44,338.0
20,1033,184.47,,55.4,1.14,333.0
20,1034,155.1,,59.52,1.28,344.0
20,1035,136.84,,61.21,0.87,237.0
20,1036,151.16,,44.85,1.15,312.0
20,1037,172.33,,51.53,1.17,323.0
20,1038,195.75,,56.67,1.75,354.0
20,1039,198.64,,52.58,1.38,369.0
20,1040,195.99,,49.04,2.76,388.0
20,1041,200.8,,50.59,1.22,339.0
20,1042,230.94,,59.57,1.35,362.0
20,1043,334.9,,60.72,1.51,425.0
20,1044,387.84,,55.77,1.65,495.0
20,1045,378.39,,51.14,2.05,503.0
20,1046,258.15,,52.54,1.31,463.0
20,1047,239.63,,38.8,1.17,386.0
20,1048,446.68,,62.1,1.81,454.0
20,1049,425.31,,60.79,1.58,581.0
20,1050,237.11,,56.89,1.85,444.0
20,1051,191.15,,54.05,1.79,360.0
20,1052,181.72,,46.83,1.28,361.0
20,1053,190.16,,50.47,1.07,341.0
20,1054,192.63,,49.27,0.89,360.0
20,1055,139.29,,42.64,0.85,324.0
20,1056,171.74,,48.07,1.0,316.0
20,1057,187.09,,59.73,1.18,350.0
20,1058,167.77,,60.97,1.19,344.0
20,1059,171.75,,63.91,1.22,336.0
20,1060,194.67,,73.69,1.28,342.0
20,1061,181.66,,59.21,0.82,360.0
20,1062,230.28,,60.42,1.03,342.0
20,1063,178.03,,66.88,1.43,385.0
20,1064,236.79,,92.62,2.29,364.0
20,1065,274.25,,80.71,2.02,411.0
20,1066,286.15,,73.94,2.39,434.0
20,1067,220.65,,68.12,1.72,387.0
20,1068,226.91,,69.83,1.68,389.0
20,1069,210.11,,68.83,1.48,366.0
20,1070,194.41,,54.82,1.25,366.0
20,1071,237.17,,48.21,1.15,369.0
20,1072,119.24,,46.04,0.96,351.0
20,1073,119.57,,53.18,0.6,240.0
20,1074,178.06,,64.87,1.01,310.0
20,1075,235.17,,73.96,1.52,389.0
20,1076,164.75,,73.78,1.6,354.0
20,1077,193.96,,72.23,1.82,339.0
20,1078,173.02,,60.94,0.81,352.0
20,1079,169.94,,47.79,0.68,328.0
20,1080,155.69,,49.63,0.7,328.0
20,1081,130.22,,47.58,0.51,325.0
20,1082,150.31,,56.93,1.05,293.0
20,1083,206.45,,67.75,1.27,341.0
20,1084,347.73,,78.85,2.57,417.0
20,1085,433.0,,76.92,2.78,543.0
20,1086,288.47,,57.72,1.79,486.0
20,1087,207.16,,52.36,1.19,383.0
20,1088,158.89,,54.32,0.93,337.0
20,1089,218.33,,59.58,1.88,339.0
20,1090,233.41,,49.73,2.01,395.0
20,1091,227.18,,52.13,1.81,371.0
20,1092,290.8,,59.6,1.94,425.0
20,1093,369.35,,53.57,2.13,460.0
20,1094,243.94,,46.83,2.15,443.0
20,1095,196.62,,56.08,2.03,362.0
20,1096,235.15,,53.25,2.14,387.0
20,1097,170.51,,41.05,1.89,356.0
20,1098,199.89,,34.35,1.39,320.0
20,1099,239.01,,38.57,1.43,406.0
20,1100,250.36,,46.68,1.6,389.0
20,1101,241.25,,48.41,1.45,398.0
20,1102,192.99,,49.57,1.67,359.0
20,1103,252.98,,53.94,1.81,387.0
20,1104,300.46,,58.74,1.83,431.0
20,1105,245.76,,45.21,1.83,408.0
20,1106,235.73,,46.46,2.1,398.0
20,1107,260.93,,48.82,1.62,393.0
20,1108,301.74,,54.54,1.29,427.0
20,1109,284.77,,52.45,1.49,432.0
20,1110,231.89,,62.82,1.36,420.0
20,1111,238.68,,61.77,2.48,398.0
20,1112,198.9,,45.9,1.57,359.0
20,1113,211.58,,47.58,1.96,363.0
20,1114,210.07,,46.32,1.97,368.0
20,1115,290.41,,54.83,1.89,433.0
20,1116,183.73,,49.43,2.16,391.0
20,1117,197.86,,49.76,1.16,355.0
20,1118,242.99,,51.54,1.34,384.0
20,1119,275.53,,49.56,1.83,426.0
20,1120,162.78,,37.49,1.05,346.0
20,1121,157.0,,31.58,1.06,324.0
20,1122,178.63,,35.09,1.31,333.0
20,1123,179.67,,36.02,1.28,344.0
20,1124,202.52,,38.93,1.53,357.0
20,1125,201.04,,45.62,1.13,373.0
20,1126,155.06,,34.43,1.14,344.0
20,1127,151.75,,26.38,0.98,295.0
20,1128,162.83,,33.39,1.04,324.0
20,1129,164.95,,40.26,1.37,321.0
20,1130,235.22,,54.6,2.02,370.0
20,1131,163.84,,32.99,1.39,370.0
20,1132,158.45,,34.06,0.86,312.0
20,1133,161.37,,28.92,0.69,323.0
20,1134,125.72,,35.64,1.28,322.0
20,1135,169.06,,36.42,0.81,299.0
20,1136,137.16,,34.68,0.95,290.0
20,1137,123.17,,38.79,1.12,286.0
20,1138,125.92,,56.72,1.49,266.0
20,1139,124.69,,37.19,1.09,267.0
20,1140,115.87,,33.81,1.14,239.0
20,1141,120.76,,24.51,0.65,247.0
20,1142,148.44,,25.39,0.62,301.0
20,1143,225.93,,21.43,0.68,359.0
20,1144,226.87,,26.73,0.71,398.0
20,1145,194.03,,36.45,0.8,358.0
20,1146,199.58,,37.62,0.8,386.0
20,1147,143.78,,41.48,0.91,313.0
20,1148,228.66,,50.36,1.23,332.0
20,1149,233.24,,48.38,1.15,394.0
20,1150,228.21,,55.31,1.41,389.0
20,1151,198.75,,54.01,1.14,382.0
20,1152,183.9,,31.02,0.87,348.0
20,1153,101.97,,19.72,0.68,317.0
20,1154,76.71,,25.24,0.72,181.0
20,1155,107.99,,28.14,0.85,202.0
20,1156,114.94,,26.97,0.78,264.0
20,1157,111.57,,21.7,0.89,236.0
20,1158,94.86,,20.46,0.68,202.0
20,1159,96.12,,25.72,0.73,227.0
20,1160,91.04,,20.32,0.65,187.0
20,1161,141.46,,21.47,0.63,250.0
20,1162,133.8,,28.95,0.72,288.0
20,1163,170.76,,44.32,0.87,340.0
20,1164,140.81,,33.39,0.73,297.0
20,1165,118.16,,26.41,0.63,249.0
20,1166,133.03,,28.51,0.69,219.0
20,1167,133.07,,29.11,1.05,247.0
20,1168,102.13,,31.03,0.68,247.0
20,1169,166.43,,58.62,0.87,317.0
20,1170,137.04,,50.15,0.54,331.0
20,1171,115.27,,32.71,0.39,233.0
20,1172,84.82,,33.09,0.3,273.0
20,1173,77.35,,28.74,0.27,142.0
20,1174,97.05,,34.84,0.31,196.0
20,1175,96.72,,35.27,0.49,225.0
20,1176,115.04,,56.86,0.58,245.0
20,1177,112.45,,36.65,0.4,273.0
20,1178,101.79,,28.72,0.34,218.0
20,1179,88.04,,31.61,0.32,197.0
20,1180,93.26,,27.88,0.31,198.0
20,1181,72.45,,31.96,0.34,151.0
20,1182,75.58,,34.22,0.39,137.0
20,1183,106.91,,54.89,0.6,214.0
20,1184,130.56,,42.21,0.43,271.0
20,1185,143.54,,49.41,0.4,256.0
20,1186,54.5,,47.7,0.28,201.0
20,1187,70.5,,81.53,0.56,106.0
20,1188,100.47,,46.42,0.52,204.0
20,1189,158.72,,82.93,0.54,300.0
20,1190,163.42,,60.3,0.49,319.0
20,1191,83.45,,51.18,0.5,252.0
20,1192,74.21,,48.9,0.41,153.0
20,1193,61.52,,43.15,0.41,143.0
20,1194,58.97,,58.47,0.43,102.0
20,1195,80.37,,53.26,0.39,146.0
20,1196,60.77,,49.71,0.51,126.0
20,1197,66.26,,49.9,0.44,132.0
20,1198,36.82,,33.17,0.4,97.0
20,1199,54.59,,37.3,0.33,91.0
20,1200,58.68,,41.55,0.35,97.0
20,1201,67.08,,54.0,0.48,113.0
20,1202,85.99,,59.66,0.56,180.0
20,1203,120.71,,59.62,0.43,240.0
20,1204,87.72,,36.82,0.29,217.0
20,1205,75.31,,39.18,0.36,162.0
20,1206,116.85,,59.83,0.51,231.0
20,1207,76.52,,33.34,0.3,207.0
20,1208,91.21,,27.16,0.29,194.0
20,1209,64.98,,33.33,0.3,156.0
20,1210,82.47,,50.62,0.41,160.0
20,1211,127.39,,75.06,0.6,236.0
20,1212,135.49,,58.11,0.36,281.0
20,1213,90.87,,54.16,0.37,226.0
20,1214,79.19,,62.8,0.47,195.0
20,1215,92.34,,59.94,0.42,197.0
20,1216,64.04,,53.32,0.43,162.0
20,1217,46.01,,54.06,0.39,98.0
20,1218,74.0,,53.33,0.53,108.0
20,1219,55.94,,53.34,0.38,170.0
20,1220,45.38,,64.43,0.36,94.0
20,1221,82.48,,65.69,0.53,126.0
20,1222,93.08,,63.88,0.51,196.0
20,1223,111.99,,55.62,0.51,209.0
20,1224,215.09,,64.5,0.48,353.0
20,1225,139.75,,42.53,0.34,322.0
20,1226,106.67,,49.09,0.33,250.0
20,1227,171.75,,77.7,0.44,324.0
20,1228,123.16,,48.53,0.5,336.0
20,1229,191.59,,43.8,0.44,301.0
20,1230,268.33,,48.23,0.42,476.0
20,1231,73.23,,61.01,0.5,164.0
20,1232,121.81,,64.0,0.58,204.0
20,1233,152.65,,45.31,0.47,301.0
20,1234,112.66,,52.96,0.57,289.0
20,1235,133.45,,48.42,0.4,287.0
20,1236,157.41,,45.39,0.16,318.0
20,1237,298.35,,45.56,0.18,426.0
20,1238,151.54,,56.21,0.45,357.0
20,1239,107.17,,48.21,0.6,257.0
20,1240,225.11,,40.81,0.6,291.0
20,1241,102.37,,31.65,0.5,250.0
20,1242,125.89,,51.6,0.66,242.0
20,1243,125.34,,41.14,0.53,273.0
20,1244,104.31,,36.21,0.53,269.0
20,1245,92.65,,33.23,0.35,246.0
20,1246,84.9,,45.48,0.21,214.0
20,1247,81.53,,72.12,0.37,174.0
20,1248,72.29,,60.91,0.43,139.0
20,1249,77.82,,28.84,0.47,151.0
20,1250,94.26,,28.97,0.66,179.0
20,1251,117.76,,29.4,0.58,225.0
20,1252,96.54,,28.77,0.58,219.0
20,1253,59.98,,20.37,0.66,175.0
20,1254,85.89,,15.65,0.68,127.0
20,1255,62.91,,13.02,0.58,161.0
20,1256,62.85,,16.06,0.56,108.0
20,1257,54.84,,13.45,0.48,133.0
20,1258,57.9,,15.31,0.51,107.0
20,1259,71.02,,25.79,0.58,125.0
20,1260,80.85,,24.58,0.64,147.0
20,1261,100.83,,28.15,1.03,181.0
20,1262,124.13,,28.86,1.11,240.0
20,1263,126.34,,26.36,1.03,301.0
20,1264,155.05,,28.43,0.82,321.0
20,1265,127.74,,31.83,0.87,279.0
20,1266,70.44,,32.94,0.92,179.0
20,1267,90.31,,36.14,0.89,186.0
20,1268,107.2,,37.4,0.93,228.0
20,1269,86.56,,28.77,0.82,215.0
20,1270,140.01,,27.02,0.84,229.0
20,1271,63.36,,27.8,0.84,157.0
20,1272,71.89,,32.87,0.94,116.0
20,1273,83.15,,28.52,0.96,184.0
20,1274,47.6,,26.26,0.78,136.0
20,1275,50.14,,24.33,0.78,124.0
20,1276,40.13,,25.51,0.9,93.0
20,1277,39.75,,26.48,0.83,83.0
20,1278,38.35,,26.7,0.91,125.0
20,1279,56.83,,26.85,0.7,117.0
20,1280,43.54,,27.02,0.67,111.0
20,1281,29.95,,26.46,0.64,81.0
20,1282,35.47,,27.49,0.71,74.0
20,1283,69.98,,31.56,0.9,110.0
20,1284,96.52,,30.29,0.9,195.0
20,1285,67.77,,23.81,0.79,174.0
20,1286,48.77,,24.3,0.74,132.0
20,1287,33.11,,23.38,0.69,88.0
20,1288,32.77,,25.75,0.85,100.0
20,1289,26.27,,25.94,0.88,89.0
20,1290,27.48,,27.2,0.87,90.0
20,1291,32.23,,27.28,1.25,95.0
20,1292,35.31,,26.88,0.99,101.0
20,1293,29.57,,27.09,1.02,90.0
20,1294,33.6,,26.16,1.0,84.0
20,1295,40.93,,27.34,0.73,75.0
20,1296,58.27,,30.03,0.8,125.0
20,1297,32.85,,30.06,0.92,94.0
20,1298,24.25,,29.87,0.94,71.0
20,1299,23.63,,27.46,1.13,77.0
20,1300,22.34,,32.02,1.22,76.0
20,1301,37.91,,27.5,1.1,80.0
20,1302,28.26,,27.73,1.08,78.0
20,1303,18.08,,28.61,1.14,77.0
20,1304,46.07,,28.22,1.09,72.0
20,1305,43.02,,30.75,1.22,83.0
20,1306,40.79,,30.41,1.11,99.0
20,1307,22.68,,27.87,0.94,73.0
20,1308,18.21,,28.27,0.68,84.0
20,1309,15.6,,26.68,0.59,41.0
20,1310,31.51,,29.66,0.76,55.0
20,1311,42.01,,28.11,0.74,75.0
20,1312,72.38,,28.79,0.78,99.0
20,1313,133.47,,26.51,1.01,210.0
20,1314,92.95,,27.86,0.81,204.0
20,1315,62.39,,29.47,0.86,183.0
20,1316,32.23,,26.33,0.68,99.0
20,1317,48.4,,27.2,0.74,80.0
20,1318,49.25,,36.65,0.92,96.0
20,1319,44.96,,34.12,0.89,94.0
20,1320,33.21,,41.08,0.92,77.0
20,1321,29.48,,44.17,0.9,80.0
20,1322,52.39,,44.57,0.97,73.0
20,1323,53.24,,36.47,0.87,122.0
20,1324,18.45,,27.26,0.59,55.0
20,1325,42.07,,27.52,0.62,60.0
20,1326,57.75,,29.83,0.85,123.0
20,1327,44.44,,28.22,0.82,144.0
20,1328,31.45,,28.04,0.8,69.0
20,1329,31.04,,24.24,0.68,82.0
20,1330,42.25,,22.78,0.72,89.0
20,1331,35.86,,25.31,0.86,97.0
20,1332,31.25,,26.75,0.79,88.0
20,1333,29.39,,27.9,0.65,78.0
20,1334,159.64,,27.44,0.73,163.0
20,1335,73.24,,27.68,0.88,183.0
20,1336,33.84,,24.29,0.65,72.0
20,1337,32.44,,24.84,0.75,81.0
20,1338,33.21,,28.0,0.74,72.0
20,1339,22.04,,30.23,0.87,57.0
20,1340,24.62,,27.01,0.9,63.0
20,1341,16.66,,28.0,0.82,69.0
20,1342,30.93,,30.37,0.84,61.0
20,1343,41.71,,29.19,0.99,83.0
20,1344,27.31,,25.52,0.77,107.0
20,1345,46.25,,30.02,1.21,101.0
20,1346,31.52,,26.1,0.82,94.0
20,1347,36.95,,26.09,0.99,87.0
20,1348,26.64,,27.39,1.28,90.0
20,1349,39.0,,26.62,1.33,92.0
20,1350,38.68,,25.81,1.58,101.0
20,1351,38.51,,27.41,1.34,96.0
20,1352,39.92,,25.74,0.72,76.0
20,1353,46.81,,23.43,0.68,84.0
20,1354,55.15,,23.31,0.76,100.0
20,1355,57.48,,24.46,0.73,103.0
20,1356,68.6,,20.97,0.91,130.0
20,1357,73.05,,21.56,0.89,123.0
20,1358,77.9,,27.9,1.08,172.0
20,1359,87.71,,29.55,1.17,173.0
20,1360,24.6,,17.07,0.82,116.0
20,1361,29.47,,18.33,0.87,64.0
20,1362,55.13,,21.84,1.11,82.0
20,1363,57.32,,27.21,1.1,124.0
20,1364,39.53,,23.78,0.99,109.0
20,1365,41.87,,21.35,1.1,93.0
20,1366,59.19,,27.66,1.06,102.0
20,1367,76.75,,29.35,1.09,132.0
20,1368,106.14,,34.36,1.14,224.0
20,1369,81.75,,30.08,0.85,177.0
20,1370,88.36,,30.43,0.97,200.0
20,1371,95.24,,33.28,1.0,191.0
20,1372,104.4,,35.35,1.17,228.0
20,1373,116.81,,43.65,1.42,249.0
20,1374,97.28,,40.02,1.04,226.0
20,1375,123.5,,45.87,1.11,251.0
20,1376,133.77,,42.11,0.95,270.0
20,1377,106.14,,48.29,1.16,272.0
20,1378,89.92,,40.53,1.04,235.0
20,1379,124.48,,34.22,0.86,233.0
20,1380,114.24,,31.93,0.85,262.0
20,1381,75.05,,33.9,1.16,175.0
20,1382,65.19,,31.11,0.87,109.0
20,1383,87.21,,35.56,0.94,170.0
20,1384,105.49,,44.6,1.1,218.0
20,1385,121.24,,50.16,1.26,292.0
20,1386,128.3,,46.95,1.57,306.0
20,1387,125.01,,49.83,1.58,296.0
20,1388,123.98,,51.55,1.31,294.0
20,1389,112.69,,47.79,1.28,246.0
20,1390,116.62,,54.88,1.3,268.0
20,1391,123.77,,41.35,1.19,275.0
20,1392,129.95,,53.21,1.15,273.0
20,1393,166.67,,58.31,1.43,313.0
20,1394,189.48,,90.95,2.2,355.0
20,1395,168.41,,75.24,1.5,342.0
20,1396,174.27,,76.26,1.79,338.0
20,1397,163.73,,62.28,1.87,344.0
20,1398,165.78,,67.07,1.83,329.0
20,1399,147.83,,78.79,1.63,332.0
20,1400,138.52,,68.95,1.3,311.0
20,1401,146.28,,70.3,1.55,307.0
20,1402,186.57,,82.88,2.31,340.0
20,1403,165.8,,76.48,1.72,344.0
20,1404,139.28,,50.08,1.2,321.0
20,1405,113.48,,39.64,1.19,292.0
20,1406,185.64,,40.27,1.32,326.0
20,1407,218.8,,55.44,1.69,332.0
20,1408,400.97,,54.59,2.0,485.0
20,1409,254.56,,52.55,1.96,430.0
20,1410,242.63,,59.83,2.13,412.0
20,1411,198.19,,62.06,1.8,367.0
20,1412,214.85,,69.47,2.01,355.0
20,1413,233.96,,83.09,1.84,394.0
20,1414,185.54,,59.14,1.88,367.0
20,1415,159.24,,50.62,2.16,342.0
20,1416,110.37,,30.61,1.98,282.0
20,1417,155.14,,41.79,2.74,274.0
20,1418,212.78,,66.97,2.84,345.0
20,1419,203.65,,87.45,2.98,371.0
20,1420,242.99,,84.92,2.77,378.0
20,1421,218.3,,66.59,2.44,392.0
20,1422,162.5,,65.27,1.95,341.0
20,1423,142.38,,63.59,1.96,323.0
20,1424,135.5,,61.83,1.8,308.0
20,1425,153.5,,59.19,1.5,294.0
20,1426,229.22,,73.13,2.51,366.0
20,1427,255.17,,83.37,2.58,400.0
20,1428,194.98,,72.25,2.03,387.0
20,1429,165.85,,57.9,2.05,326.0
20,1430,199.95,,55.45,2.01,347.0
20,1431,181.48,,57.18,2.03,361.0
20,1432,188.15,,74.59,2.18,354.0
20,1433,163.02,,60.3,2.03,327.0
20,1434,224.13,,72.27,2.21,361.0
20,1435,215.02,,56.12,1.97,373.0
20,1436,217.33,,65.41,2.09,381.0
20,1437,190.39,,55.29,2.02,362.0
20,1438,187.66,,64.2,1.83,353.0
20,1439,191.1,,62.52,2.25,353.0
20,1440,269.3,,80.22,3.06,394.0
20,1441,194.03,,71.15,2.27,381.0
20,1442,191.15,,67.55,2.13,362.0
20,1443,147.38,,49.54,1.68,333.0
20,1444,104.92,,38.27,1.69,269.0
20,1445,103.65,,39.05,1.74,235.0
20,1446,127.74,,49.22,2.21,252.0
20,1447,157.84,,56.53,2.33,317.0
20,1448,145.81,,50.78,2.03,330.0
20,1449,157.54,,50.68,2.0,310.0
20,1450,185.2,,53.32,1.74,349.0
20,1451,180.46,,53.25,0.99,343.0
20,1452,236.91,,70.06,1.76,363.0
20,1453,232.81,,56.29,1.25,414.0
20,1454,166.0,,53.54,1.13,345.0
20,1455,165.37,,44.5,1.05,338.0
20,1456,178.64,,49.62,1.06,346.0
20,1457,159.21,,46.26,0.87,324.0
20,1458,153.63,,35.07,0.72,325.0
20,1459,200.84,,45.98,0.81,339.0
20,1460,258.08,,60.69,0.95,388.0
20,1461,248.51,,61.89,1.01,403.0
20,1462,272.75,,62.96,1.03,413.0
20,1463,342.7,,78.56,1.26,457.0
20,1464,218.08,,58.14,0.99,410.0
20,1465,205.72,,48.86,1.05,374.0
20,1466,256.56,,64.58,1.12,390.0
20,1467,185.35,,38.08,0.89,383.0
20,1468,91.92,,34.94,1.06,246.0
20,1469,100.13,,35.23,0.91,239.0
20,1470,113.44,,35.21,0.92,239.0
20,1471,123.15,,45.12,1.1,270.0
20,1472,189.97,,67.86,1.16,339.0
20,1473,196.35,,64.1,1.27,346.0
20,1474,247.31,,57.64,0.95,396.0
20,1475,123.74,,29.47,0.8,347.0
20,1476,93.46,,36.8,0.85,184.0
20,1477,201.61,,59.97,1.1,305.0
20,1478,266.0,,48.05,0.96,415.0
20,1479,166.95,,43.9,1.04,363.0
20,1480,146.52,,47.99,1.2,310.0
20,1481,200.11,,57.68,1.41,337.0
20,1482,221.07,,53.49,1.44,391.0
20,1483,199.91,,36.59,1.17,350.0
20,1484,107.47,,33.59,1.19,331.0
20,1485,117.88,,42.98,1.45,218.0
20,1486,176.21,,38.96,1.49,341.0
20,1487,58.65,,22.82,1.14,208.0
20,1488,74.33,,25.51,1.03,142.0
20,1489,98.43,,28.08,1.0,204.0
20,1490,103.41,,28.06,1.05,214.0
20,1491,130.59,,39.6,0.96,285.0
20,1492,173.26,,60.3,1.14,334.0
20,1493,170.24,,57.06,1.29,329.0
20,1494,165.91,,46.98,0.97,316.0
20,1495,181.48,,33.37,0.84,354.0
20,1496,133.58,,36.58,1.13,283.0
20,1497,173.33,,57.52,1.25,280.0
20,1498,204.17,,59.33,1.95,374.0
20,1499,70.36,,33.02,1.01,274.0
20,1500,87.57,,39.51,1.16,132.0
20,1501,81.51,,27.17,0.75,204.0
20,1502,70.83,,29.99,0.82,175.0
20,1503,101.7,,44.08,0.98,189.0
20,1504,129.67,,60.47,1.38,253.0
20,1505,171.14,,57.48,1.58,311.0
20,1506,206.21,,51.57,1.62,367.0
20,1507,111.88,,32.71,0.84,304.0
20,1508,66.67,,26.45,0.77,170.0
20,1509,85.17,,21.48,0.74,166.0
20,1510,82.72,,35.84,0.96,161.0
20,1511,119.84,,45.19,1.28,228.0
20,1512,168.15,,50.2,1.24,330.0
20,1513,102.76,,51.08,1.16,271.0
20,1514,135.37,,38.45,1.07,258.0
20,1515,71.89,,22.49,0.7,198.0
20,1516,71.83,,40.99,0.79,139.0
20,1517,103.62,,67.36,1.19,183.0
20,1518,105.19,,54.95,1.33,239.0
20,1519,56.13,,29.85,1.68,196.0
20,1520,41.13,,25.1,1.56,122.0
20,1521,80.97,,41.59,1.51,136.0
20,1522,150.97,,58.75,1.6,274.0
20,1523,142.49,,31.52,1.51,319.0
20,1524,95.72,,25.97,1.32,230.0
20,1525,94.8,,30.31,1.1,228.0
20,1526,85.41,,31.28,1.05,173.0
20,1527,107.74,,34.56,1.29,220.0
20,1528,134.05,,40.62,1.2,288.0
20,1529,95.73,,39.4,1.01,234.0
20,1530,87.66,,39.07,1.05,198.0
20,1531,114.03,,51.18,1.59,222.0
20,1532,119.49,,50.69,1.25,279.0
20,1533,95.71,,48.46,1.14,207.0
20,1534,111.27,,44.45,1.63,218.0
20,1535,77.39,,38.8,1.0,212.0
20,1536,61.98,,37.47,0.95,130.0
20,1537,83.08,,29.17,1.14,149.0
20,1538,107.51,,29.06,1.19,237.0
20,1539,99.81,,31.67,1.29,212.0
20,1540,110.71,,49.06,2.04,254.0
20,1541,114.58,,34.14,1.51,270.0
20,1542,59.16,,21.08,1.22,139.0
20,1543,58.24,,16.2,1.01,110.0
20,1544,66.42,,26.21,1.15,134.0
20,1545,97.85,,46.89,1.76,190.0
20,1546,77.36,,39.58,1.12,217.0
20,1547,84.31,,32.99,1.28,172.0
20,1548,109.08,,54.82,1.37,215.0
20,1549,159.65,,90.13,1.83,304.0
20,1550,142.6,,67.79,1.68,315.0
20,1551,86.06,,105.89,1.29,261.0
20,1552,62.23,,98.09,1.17,137.0
20,1553,107.33,,106.43,1.5,204.0
20,1554,136.13,,55.58,1.97,291.0
20,1555,175.0,,55.78,2.07,336.0
20,1556,132.84,,35.22,1.68,315.0
20,1557,109.96,,31.29,1.6,232.0
20,1558,72.32,,30.7,1.3,195.0
20,1559,62.99,,38.28,1.53,153.0
20,1560,75.07,,43.93,1.61,155.0
20,1561,84.56,,39.37,1.65,197.0
20,1562,99.92,,41.73,1.36,197.0
20,1563,129.92,,37.55,1.87,278.0
20,1564,96.67,,43.17,1.14,253.0
20,1565,74.99,,28.8,1.09,169.0
20,1566,70.01,,33.33,1.14,150.0
20,1567,82.71,,26.79,1.1,171.0
20,1568,46.96,,30.69,1.16,136.0
20,1569,54.78,,27.78,1.06,115.0
20,1570,48.72,,30.36,1.05,95.0
20,1571,79.74,,29.53,1.28,132.0
20,1572,107.92,,36.21,1.48,230.0
20,1573,140.88,,49.29,1.62,258.0
20,1574,123.56,,35.22,1.24,314.0
20,1575,86.39,,36.59,1.24,223.0
20,1576,121.98,,38.49,1.54,218.0
20,1577,126.11,,38.0,1.45,298.0
20,1578,148.62,,22.33,0.88,222.0
20,1579,145.0,,21.97,0.96,283.0
20,1580,138.55,,30.78,1.33,287.0
20,1581,151.26,,50.61,1.7,287.0
20,1582,167.31,,38.12,1.63,322.0
20,1583,93.19,,29.42,1.31,277.0
20,1584,64.16,,27.25,1.09,151.0
20,1585,61.07,,27.6,1.25,141.0
20,1586,57.79,,27.59,1.1,124.0
20,1587,49.24,,20.81,1.04,112.0
20,1588,67.74,,32.39,1.3,121.0
20,1589,85.04,,33.07,1.12,183.0
20,1590,97.59,,25.31,1.03,197.0
20,1591,91.98,,25.98,1.15,219.0
20,1592,82.16,,32.83,1.61,210.0
20,1593,78.3,,23.23,1.4,164.0
20,1594,72.91,,24.94,1.24,183.0
20,1595,71.58,,19.31,1.27,178.0
20,1596,85.72,,22.09,1.5,198.0
20,1597,86.79,,18.63,1.26,223.0
20,1598,84.52,,19.65,1.11,192.0
20,1599,63.96,,16.72,1.06,167.0
20,1600,82.43,,15.15,1.15,144.0
20,1601,86.76,,18.12,1.38,196.0
20,1602,84.27,,20.14,1.42,189.0
20,1603,90.35,,22.26,1.47,203.0
20,1604,73.06,,29.43,1.32,189.0
20,1605,70.32,,27.1,1.15,150.0
20,1606,63.6,,26.3,1.38,142.0
20,1607,63.22,,26.49,1.26,125.0
20,1608,83.69,,27.86,1.49,160.0
20,1609,86.09,,26.58,1.67,211.0
20,1610,86.52,,28.12,1.2,175.0
20,1611,111.94,,26.13,1.24,231.0
20,1612,92.22,,23.99,0.92,230.0
20,1613,68.09,,22.19,0.88,167.0
20,1614,96.37,,21.19,1.12,176.0
20,1615,76.36,,20.99,1.04,184.0
20,1616,95.09,,22.47,0.91,174.0
20,1617,84.49,,21.32,0.9,195.0
20,1618,102.45,,20.87,0.9,205.0
20,1619,47.49,,21.55,0.77,145.0
20,1620,61.01,,22.05,0.97,104.0
20,1621,82.55,,22.69,0.97,151.0
20,1622,84.51,,21.84,1.0,183.0
20,1623,72.91,,20.28,0.71,173.0
20,1624,59.04,,20.82,0.93,144.0
20,1625,94.34,,21.79,0.9,162.0
20,1626,75.84,,20.54,0.93,202.0
20,1627,115.06,,23.81,0.84,225.0
20,1628,66.13,,21.13,0.74,199.0
20,1629,58.23,,18.65,0.84,113.0
20,1630,66.8,,26.68,1.04,114.0
20,1631,78.08,,23.5,1.26,160.0
20,1632,60.93,,22.01,1.18,138.0
20,1633,81.44,,24.04,1.43,164.0
20,1634,82.08,,25.72,1.04,207.0
20,1635,41.2,,26.77,1.02,112.0
20,1636,71.26,,31.43,1.15,115.0
20,1637,63.03,,27.36,1.26,151.0
20,1638,73.65,,33.25,1.14,143.0
20,1639,79.54,,30.24,1.06,161.0
20,1640,91.73,,26.47,1.07,199.0
20,1641,108.96,,26.17,1.23,226.0
20,1642,87.76,,21.59,1.17,239.0
20,1643,67.45,,20.34,1.1,124.0
20,1644,75.85,,20.45,1.24,172.0
20,1645,32.12,,20.67,1.08,104.0
20,1646,42.34,,22.68,1.04,94.0
20,1647,50.97,,28.71,1.57,98.0
20,1648,31.56,,28.67,1.23,105.0
20,1649,20.26,,28.66,1.35,107.0
20,1650,27.27,,26.64,1.38,104.0
20,1651,23.2,,26.16,1.14,80.0
20,1652,35.86,,25.66,1.26,90.0
20,1653,41.57,,27.09,1.06,92.0
20,1654,47.8,,28.82,1.22,91.0
20,1655,51.37,,22.37,1.28,95.0
20,1656,54.98,,22.05,1.11,84.0
20,1657,55.45,,23.03,1.37,114.0
20,1658,37.99,,24.0,1.05,78.0
20,1659,46.6,,23.89,0.89,102.0
20,1660,45.67,,25.97,0.88,88.0
20,1661,60.65,,24.98,1.0,103.0
20,1662,52.96,,24.47,0.82,112.0
20,1663,39.05,,23.01,0.79,86.0
20,1664,40.14,,22.39,1.0,81.0
20,1665,44.28,,21.66,0.93,86.0
20,1666,23.53,,23.2,0.92,78.0
20,1667,19.09,,22.15,0.89,72.0
20,1668,22.01,,19.05,0.83,79.0
20,1669,25.45,,19.92,0.8,67.0
20,1670,36.63,,17.69,1.12,95.0
20,1671,20.89,,17.66,0.96,80.0
20,1672,24.05,,19.71,1.05,75.0
20,1673,30.74,,17.66,1.31,91.0
20,1674,46.89,,20.03,1.16,91.0
20,1675,75.32,,19.13,1.13,145.0
20,1676,41.9,,18.09,1.06,108.0
20,1677,36.86,,19.88,1.13,108.0
20,1678,38.05,,21.92,1.36,103.0
20,1679,25.74,,17.34,1.21,86.0
20,1680,26.5,,17.16,1.62,98.0
20,1681,27.16,,21.18,1.59,107.0
20,1682,26.69,,17.36,1.4,94.0
20,1683,33.83,,18.28,1.8,92.0
20,1684,36.43,,19.76,1.78,100.0
20,1685,27.48,,21.88,2.37,103.0
20,1686,26.94,,20.51,2.77,116.0
20,1687,27.9,,19.63,2.01,105.0
20,1688,27.22,,19.13,1.08,83.0
20,1689,17.57,,19.0,1.29,81.0
20,1690,21.25,,18.33,1.1,60.0
20,1691,23.98,,21.17,1.0,64.0
20,1692,34.31,,22.21,1.07,69.0
20,1693,33.56,,21.78,1.13,80.0
20,1694,32.74,,30.85,1.08,74.0
20,1695,28.99,,18.5,1.11,78.0
20,1696,32.59,,19.81,1.13,72.0
20,1697,28.96,,17.83,0.97,78.0
20,1698,24.95,,15.28,0.78,74.0
20,1699,29.82,,19.25,0.98,66.0
20,1700,36.52,,24.37,1.03,85.0
20,1701,34.82,,23.64,0.9,73.0
20,1702,34.99,,23.51,1.54,93.0
20,1703,38.3,,21.34,2.29,104.0
20,1704,44.99,,24.77,2.65,110.0
20,1705,46.37,,26.67,2.51,103.0
20,1706,36.07,,21.93,1.91,102.0
20,1707,40.88,,19.38,0.97,85.0
20,1708,33.81,,20.93,0.93,73.0
20,1709,36.0,,18.91,1.01,72.0
20,1710,41.64,,17.35,1.09,75.0
20,1711,28.29,,18.2,1.08,73.0
20,1712,22.19,,18.21,1.1,63.0
20,1713,26.93,,18.53,0.96,67.0
20,1714,35.24,,18.6,1.02,74.0
20,1715,45.2,,17.89,1.03,76.0
20,1716,50.13,,17.84,1.03,92.0
20,1717,26.46,,18.02,1.08,95.0
20,1718,30.97,,17.13,0.97,77.0
20,1719,34.33,,16.81,0.79,81.0
20,1720,28.45,,18.11,0.91,69.0
20,1721,32.1,,17.52,0.92,69.0
20,1722,25.43,,19.72,1.09,81.0
20,1723,28.32,,20.64,1.07,72.0
20,1724,33.75,,22.21,1.01,86.0
20,1725,37.33,,22.11,0.95,89.0
20,1726,28.43,,21.21,0.97,81.0
20,1727,33.05,,21.38,0.93,72.0
20,1728,34.53,,22.6,1.03,85.0
20,1729,33.36,,20.5,1.09,92.0
20,1730,21.75,,18.64,0.91,70.0
20,1731,12.76,,18.32,0.97,67.0
20,1732,16.17,,16.9,0.84,54.0
20,1733,16.06,,16.65,0.67,52.0
20,1734,17.44,,21.12,0.78,52.0
20,1735,30.24,,23.71,0.97,65.0
20,1736,29.31,,22.62,0.81,66.0
20,1737,36.25,,21.23,1.12,76.0
20,1738,40.55,,21.78,1.35,91.0
20,1739,63.48,,20.84,1.23,104.0
20,1740,64.84,,25.5,1.19,126.0
20,1741,80.3,,29.57,1.18,146.0
20,1742,84.3,,28.62,1.18,167.0
20,1743,89.18,,25.94,1.36,197.0
20,1744,63.28,,30.13,1.38,149.0
20,1745,84.96,,37.12,1.48,160.0
20,1746,70.45,,33.32,1.16,162.0
20,1747,85.66,,34.97,1.08,160.0
20,1748,92.1,,35.65,1.1,208.0
20,1749,84.95,,30.27,1.12,198.0
20,1750,88.51,,29.76,1.27,198.0
20,1751,100.53,,32.92,1.32,222.0
20,1752,97.48,,38.47,1.36,226.0
20,1753,100.9,,45.03,1.37,210.0
20,1754,132.03,,36.05,1.36,260.0
20,1755,130.14,,36.43,1.19,301.0
20,1756,132.12,,48.15,1.19,288.0
20,1757,136.04,,56.8,1.19,280.0
20,1758,119.54,,58.47,1.24,293.0
20,1759,92.62,,38.17,1.02,235.0
20,1760,74.94,,62.62,1.32,180.0
20,1761,115.56,,64.36,0.99,193.0
20,1762,212.66,,67.87,1.42,356.0
20,1763,172.24,,68.2,1.22,356.0
20,1764,180.88,,61.6,1.28,330.0
20,1765,226.63,,80.61,1.16,364.0
20,1766,239.79,,81.36,1.33,383.0
20,1767,296.73,,94.87,1.22,428.0
20,1768,262.62,,67.88,0.73,431.0
20,1769,382.96,,55.83,0.99,453.0
20,1770,230.03,,49.05,0.84,455.0
20,1771,184.59,,57.36,0.93,353.0
20,1772,221.38,,72.7,1.33,369.0
20,1773,188.06,,66.58,1.27,362.0
20,1774,161.6,,60.77,1.18,332.0
20,1775,105.68,,44.77,1.53,265.0
20,1776,137.17,,39.5,1.63,245.0
20,1777,180.1,,49.0,1.56,307.0
20,1778,205.01,,58.81,2.1,362.0
20,1779,178.75,,66.02,1.31,357.0
20,1780,160.59,,56.97,1.66,342.0
20,1781,150.74,,57.04,1.42,326.0
20,1782,104.57,,45.35,0.89,289.0
20,1783,90.98,,42.48,1.56,187.0
20,1784,110.45,,54.57,1.56,225.0
20,1785,160.93,,46.02,1.54,300.0
20,1786,159.64,,49.1,1.14,330.0
20,1787,152.58,,54.4,1.05,327.0
20,1788,149.87,,48.49,1.26,330.0
20,1789,118.61,,42.33,0.79,292.0
20,1790,157.04,,63.58,1.13,276.0
20,1791,230.11,,76.96,1.63,365.0
20,1792,207.97,,46.79,1.32,373.0
20,1793,212.9,,37.0,1.09,377.0
20,1794,73.1,,34.38,1.15,262.0
20,1795,83.77,,35.81,1.06,178.0
20,1796,97.5,,32.7,1.22,207.0
20,1797,107.21,,38.19,1.42,246.0
20,1798,134.98,,39.7,1.82,275.0
20,1799,153.91,,56.83,2.1,291.0
20,1800,186.49,,71.21,0.95,340.0
20,1801,198.7,,59.47,1.02,362.0
20,1802,161.68,,56.84,1.18,343.0
20,1803,184.31,,53.69,1.12,352.0
20,1804,148.87,,53.29,1.3,308.0
20,1805,162.21,,56.73,1.9,314.0
20,1806,207.35,,87.6,1.82,361.0
20,1807,159.23,,81.37,1.24,348.0
20,1808,107.6,,17.29,1.08,304.0
20,1809,58.15,,15.38,1.18,147.0
20,1810,66.88,,19.78,1.25,126.0
20,1811,76.28,,18.23,1.69,153.0
20,1812,82.48,,10.94,1.76,164.0
20,1813,92.47,,12.47,1.93,170.0
20,1814,139.59,,19.67,1.35,251.0
20,1815,185.45,,30.62,1.86,323.0
20,1816,215.0,,42.09,1.89,366.0
20,1817,177.24,,30.53,1.73,365.0
20,1818,140.5,,19.6,1.56,306.0
20,1819,158.8,,19.94,1.52,315.0
20,1820,186.34,,18.74,1.63,307.0
20,1821,162.49,,33.24,1.06,327.0
20,1822,180.21,,74.98,1.11,326.0
20,1823,184.93,,82.19,1.53,352.0
20,1824,148.01,,76.29,1.18,339.0
20,1825,157.85,,59.32,1.23,320.0
20,1826,244.22,,92.38,1.91,350.0
20,1827,286.23,,86.74,2.35,442.0
20,1828,182.39,,83.43,2.5,361.0
20,1829,123.99,,80.79,1.38,313.0
20,1830,109.44,,76.78,1.9,245.0
20,1831,99.13,,67.26,1.52,210.0
20,1832,135.19,,70.42,2.35,262.0
20,1833,156.42,,104.77,1.45,308.0
20,1834,190.4,,77.03,1.18,344.0
20,1835,100.5,,50.72,1.15,247.0
20,1836,107.48,,46.27,1.38,198.0
20,1837,179.95,,79.2,1.52,281.0
20,1838,227.28,,86.61,1.76,377.0
20,1839,210.89,,56.48,1.23,377.0
20,1840,165.2,,82.31,1.85,323.0
20,1841,179.18,,97.65,2.24,354.0
20,1842,103.3,,49.16,1.59,294.0
20,1843,54.54,,61.42,1.86,122.0
20,1844,79.13,,56.21,1.45,161.0
20,1845,68.76,,55.46,1.37,138.0
20,1846,110.74,,56.48,1.42,191.0
20,1847,139.53,,81.18,1.32,256.0
20,1848,166.91,,73.59,1.74,356.0
20,1849,91.35,,45.54,1.07,249.0
20,1850,90.23,,53.63,1.45,156.0
20,1851,132.72,,77.48,1.68,267.0
20,1852,153.83,,80.18,2.25,303.0
20,1853,150.69,,84.52,2.12,337.0
20,1854,168.34,,48.86,1.88,325.0
20,1855,137.5,,28.59,1.92,313.0
20,1856,52.72,,36.79,2.45,195.0
20,1857,70.64,,45.07,2.82,147.0
20,1858,111.69,,47.88,2.29,224.0
20,1859,102.35,,41.78,1.62,216.0
20,1860,126.7,,54.62,1.75,239.0
20,1861,151.07,,65.73,2.51,307.0
20,1862,126.3,,42.87,1.67,278.0
20,1863,117.93,,44.36,1.71,230.0
20,1864,144.71,,45.01,1.38,309.0
20,1865,127.6,,53.58,1.33,248.0
20,1866,135.9,,77.57,1.41,272.0
20,1867,128.8,,69.99,1.29,275.0
20,1868,125.22,,65.86,1.53,267.0
20,1869,117.26,,55.38,1.1,253.0
20,1870,105.78,,47.2,1.02,244.0
20,1871,102.62,,31.79,0.84,192.0
20,1872,78.38,,37.93,1.03,214.0
20,1873,118.46,,53.08,1.18,209.0
20,1874,131.9,,47.02,1.14,283.0
20,1875,94.18,,38.99,0.96,232.0
20,1876,109.26,,64.63,1.25,249.0
20,1877,110.53,,36.81,0.82,227.0
20,1878,76.06,,15.99,1.06,198.0
20,1879,43.32,,22.72,1.13,103.0
20,1880,112.99,,32.13,1.19,173.0
20,1881,100.96,,35.17,1.36,222.0
20,1882,50.83,,20.95,1.17,167.0
20,1883,43.62,,32.74,1.24,97.0
20,1884,50.0,,35.33,1.28,92.0
20,1885,63.36,,44.43,1.29,116.0
20,1886,76.54,,40.11,1.35,147.0
20,1887,66.13,,34.18,1.25,148.0
20,1888,65.34,,41.53,1.19,136.0
20,1889,77.06,,41.29,1.12,144.0
20,1890,89.44,,45.89,1.1,191.0
20,1891,83.4,,33.11,1.1,182.0
20,1892,46.58,,23.29,1.08,125.0
20,1893,33.25,,20.67,1.18,80.0
20,1894,61.96,,24.5,1.08,91.0
20,1895,45.29,,25.74,1.1,128.0
20,1896,95.33,,27.43,1.12,163.0
20,1897,65.48,,31.13,1.1,165.0
20,1898,62.4,,30.62,1.09,112.0
20,1899,44.03,,20.47,1.09,111.0
20,1900,40.6,,21.79,1.09,74.0
20,1901,44.07,,19.24,1.1,96.0
20,1902,51.06,,24.55,1.08,86.0
20,1903,75.48,,32.31,1.06,134.0
20,1904,74.41,,29.84,1.03,164.0
20,1905,108.53,,30.95,1.16,183.0
20,1906,115.54,,40.02,1.13,252.0
20,1907,80.01,,23.66,1.03,219.0
20,1908,60.47,,16.31,1.07,128.0
20,1909,72.86,,13.21,1.05,122.0
20,1910,100.15,,16.12,1.07,207.0
20,1911,88.32,,13.21,0.99,237.0
20,1912,45.41,,8.3,1.01,108.0
20,1913,45.85,,8.91,1.0,77.0
20,1914,35.31,,10.39,1.01,73.0
20,1915,33.5,,8.84,0.99,64.0
20,1916,39.91,,8.8,1.02,69.0
20,1917,46.17,,8.99,1.01,85.0
20,1918,66.67,,18.07,0.99,116.0
20,1919,49.02,,10.05,0.96,115.0
20,1920,36.76,,11.08,0.97,81.0
20,1921,37.82,,10.56,0.99,71.0
20,1922,54.39,,12.55,0.99,91.0
20,1923,46.26,,11.21,0.99,90.0
20,1924,41.85,,12.09,0.98,75.0
20,1925,46.3,,17.44,1.01,77.0
20,1926,43.45,,12.21,0.92,94.0
20,1927,53.91,,15.51,1.0,81.0
20,1928,65.52,,21.42,0.99,121.0
20,1929,62.39,,17.93,0.98,151.0
20,1930,55.36,,21.13,1.04,93.0
20,1931,80.7,,25.73,0.88,157.0
20,1932,65.8,,20.53,0.91,138.0
20,1933,84.4,,21.96,0.87,160.0
20,1934,79.72,,25.3,0.99,211.0
20,1935,64.07,,16.42,1.04,140.0
20,1936,59.38,,19.31,1.07,125.0
20,1937,49.13,,14.48,1.03,91.0
20,1938,43.27,,13.5,1.0,81.0
20,1939,52.6,,16.38,1.0,84.0
20,1940,68.37,,23.71,1.05,112.0
20,1941,64.63,,15.6,1.02,142.0
20,1942,62.85,,16.97,1.05,120.0
20,1943,45.35,,10.89,1.0,95.0
20,1944,29.19,,12.94,0.96,69.0
20,1945,41.72,,12.78,0.98,64.0
20,1946,44.77,,13.74,1.0,74.0
20,1947,49.27,,15.08,0.98,83.0
20,1948,45.79,,11.85,1.0,82.0
20,1949,37.81,,11.21,1.01,67.0
20,1950,39.83,,11.84,1.0,63.0
20,1951,42.14,,15.63,1.07,73.0
20,1952,35.49,,13.75,0.99,83.0
20,1953,32.63,,14.18,0.87,64.0
20,1954,39.25,,13.8,0.85,73.0
20,1955,50.91,,14.74,0.82,77.0
20,1956,56.14,,12.32,0.88,103.0
20,1957,63.31,,8.97,0.88,122.0
20,1958,59.8,,12.38,0.87,140.0
20,1959,58.92,,12.95,0.81,106.0
20,1960,59.92,,16.64,0.88,143.0
20,1961,55.4,,14.28,0.92,107.0
20,1962,77.19,,19.73,0.83,142.0
20,1963,52.42,,18.53,0.82,143.0
20,1964,64.24,,22.86,0.89,107.0
20,1965,68.13,,22.77,0.83,151.0
20,1966,59.78,,23.51,0.87,113.0
20,1967,101.41,,15.03,0.81,209.0
20,1968,60.52,,13.77,0.83,152.0
20,1969,81.15,,14.57,1.01,158.0
20,1970,57.56,,9.61,1.14,164.0
20,1971,71.25,,17.58,1.33,134.0
20,1972,67.24,,18.61,1.1,173.0
20,1973,71.23,,18.97,1.17,147.0
20,1974,107.05,,14.3,1.18,205.0
20,1975,38.92,,8.42,1.02,135.0
20,1976,46.61,,9.2,1.08,78.0
20,1977,46.72,,11.29,1.24,97.0
20,1978,37.56,,12.38,1.15,81.0
20,1979,47.72,,14.45,1.19,85.0
20,1980,48.38,,16.23,1.07,99.0
20,1981,65.45,,18.09,1.13,110.0
20,1982,61.74,,10.59,1.09,142.0
20,1983,51.38,,16.4,1.11,100.0
20,1984,31.01,,14.54,1.13,84.0
20,1985,29.99,,13.52,1.12,70.0
20,1986,53.23,,16.9,1.12,77.0
20,1987,79.9,,22.28,1.19,148.0
20,1988,91.02,,15.44,1.13,193.0
20,1989,79.09,,15.07,1.18,183.0
20,1990,71.59,,10.4,1.19,166.0
20,1991,51.8,,10.32,1.06,117.0
20,1992,41.87,,9.22,1.03,91.0
20,1993,46.39,,11.68,1.07,79.0
20,1994,31.6,,9.35,1.11,76.0
20,1995,39.69,,12.42,1.14,73.0
20,1996,35.98,,9.99,1.18,75.0
20,1997,35.25,,8.1,1.07,70.0
20,1998,36.49,,7.85,1.01,78.0
20,1999,29.43,,7.92,1.06,71.0
20,2000,29.44,,7.97,1.02,64.0
20,2001,34.52,,11.73,1.11,72.0
20,2002,45.74,,23.96,1.2,90.0
20,2003,54.97,,28.99,1.16,116.0
20,2004,38.9,,20.1,0.98,81.0
20,2005,32.23,,19.22,0.8,74.0
20,2006,34.58,,17.67,0.81,77.0
20,2007,30.19,,18.47,0.8,65.0
20,2008,38.27,,11.94,0.72,69.0
20,2009,34.97,,14.44,0.73,76.0
21,1,,,,0.0,
21,2,,,,0.0,
21,3,,,,0.0,
21,4,,,,0.0,
21,5,,,,0.0,
21,6,,,,0.0,
21,7,,,,0.0,
21,8,,,,0.0,
21,9,,,,0.0,
21,10,,,,0.0,
21,11,,,,0.0,
21,12,,,,0.0,
21,13,,,,0.0,
21,14,,,,0.0,
21,15,,,,0.0,
21,16,,,,0.0,
21,17,,,,0.0,
21,18,,,,0.0,
21,19,,,,0.0,
21,20,,,,0.0,
21,21,,,,0.0,
21,22,,,,0.0,
21,23,,,,0.0,
21,24,,,,0.0,
21,25,,,,0.0,
21,26,,,,0.0,
21,27,,,,0.0,
21,28,,,,0.0,
21,29,,,,0.0,
21,30,,,,0.0,
21,31,,,,0.0,
21,32,,,,0.0,
21,33,,,,0.0,
21,34,,,,0.0,
21,35,,,,0.0,
21,36,,,,0.0,
21,37,,,,0.0,
21,38,,,,0.0,
21,39,,,,0.0,
21,40,,,,0.0,
21,41,,,,0.0,
21,42,,,,0.0,
21,43,,,,0.0,
21,44,,,,0.0,
21,45,,,,0.0,
21,46,,,,0.0,
21,47,,,,0.0,
21,48,,,,0.0,
21,49,,,,0.0,
21,50,,,,0.0,
21,51,,,,0.0,
21,52,,,,0.0,
21,53,,,,0.0,
21,54,,,,0.0,
21,55,,,,0.0,
21,56,,,,0.0,
21,57,,,,0.0,
21,58,,,,0.0,
21,59,,,,0.0,
21,60,,,,0.0,
21,61,,,,0.0,
21,62,,,,0.0,
21,63,,,,0.0,
21,64,,,,0.0,
21,65,,,,0.0,
21,66,,,,0.0,
21,67,,,,0.0,
21,68,,,,0.0,
21,69,,,,0.0,
21,70,,,,0.0,
21,71,,,,0.0,
21,72,,,,0.0,
21,73,,,,0.0,
21,74,,,,0.0,
21,75,,,,0.0,
21,76,,,,0.0,
21,77,,,,0.0,
21,78,,,,0.0,
21,79,,,,0.0,
21,80,,,,0.0,
21,81,,,,0.0,
21,82,,,,0.0,
21,83,,,,0.0,
21,84,,,,0.0,
21,85,,,,0.0,
21,86,,,,0.0,
21,87,,,,0.0,
21,88,,,,0.0,
21,89,,,,0.0,
21,90,,,,0.0,
21,91,,,,0.0,
21,92,,,,0.0,
21,93,,,,0.0,
21,94,,,,0.0,
21,95,,,,0.0,
21,96,,,,0.0,
21,97,,,,0.0,
21,98,,,,0.0,
21,99,,,,0.0,
21,100,,,,0.0,
21,101,,,,0.0,
21,102,,,,0.0,
21,103,,,,0.0,
21,104,,,,0.0,
21,105,,,,0.0,
21,106,,,,0.0,
21,107,,,,0.0,
21,108,,,,0.0,
21,109,,,,0.0,
21,110,,,,0.0,
21,111,,,,0.0,
21,112,,,,0.0,
21,113,,,,0.0,
21,114,,,,0.0,
21,115,,,,0.0,
21,116,,,,0.0,
21,117,,,,0.0,
21,118,,,,0.0,
21,119,,,,0.0,
21,120,,,,0.0,
21,121,,,,0.0,
21,122,,,,0.0,
21,123,,,,0.0,
21,124,,,,0.0,
21,125,,,,0.0,
21,126,,,,0.0,
21,127,,,,0.0,
21,128,,,,0.0,
21,129,,,,0.0,
21,130,,,,0.0,
21,131,,,,0.0,
21,132,,,,0.0,
21,133,,,,0.0,
21,134,,,,0.0,
21,135,,,,0.0,
21,136,,,,0.0,
21,137,,,,0.0,
21,138,,,,0.0,
21,139,,,,0.0,
21,140,,,,0.0,
21,141,,,,0.0,
21,142,,,,0.0,
21,143,,,,0.0,
21,144,,,,0.0,
21,145,,,,0.0,
21,146,,,,0.0,
21,147,,,,0.0,
21,148,,,,0.0,
21,149,,,,0.0,
21,150,,,,0.0,
21,151,,,,0.0,
21,152,,,,0.0,
21,153,,,,0.0,
21,154,,,,0.0,
21,155,,,,0.0,
21,156,,,,0.0,
21,157,,,,0.0,
21,158,,,,0.0,
21,159,,,,0.0,
21,160,,,,0.0,
21,161,,,,0.0,
21,162,,,,0.0,
21,163,,,,0.0,
21,164,,,,0.0,
21,165,,,,0.0,
21,166,,,,0.0,
21,167,,,,0.0,
21,168,,,,0.0,
21,169,,,,0.0,
21,170,,,,0.0,
21,171,,,,0.0,
21,172,,,,0.0,
21,173,,,,0.0,
21,174,,,,0.0,
21,175,,,,0.0,
21,176,,,,0.0,
21,177,,,,0.0,
21,178,,,,0.0,
21,179,,,,0.0,
21,180,,,,0.0,
21,181,,,,0.0,
21,182,,,,0.0,
21,183,,,,0.0,
21,184,,,,0.0,
21,185,,,,0.0,
21,186,,,,0.0,
21,187,,,,0.0,
21,188,,,,0.0,
21,189,,,,0.0,
21,190,,,,0.0,
21,191,,,,0.0,
21,192,,,,0.0,
21,193,,,,0.0,
21,194,,,,0.0,
21,195,,,,0.0,
21,196,,,,0.0,
21,197,,,,0.0,
21,198,,,,0.0,
21,199,,,,0.0,
21,200,,,,0.0,
21,201,,,,0.0,
21,202,,,,0.0,
21,203,,,,0.0,
21,204,,,,0.0,
21,205,,,,0.0,
21,206,,,,0.0,
21,207,,,,0.0,
21,208,,,,0.0,
21,209,,,,0.0,
21,210,,,,0.0,
21,211,,,,0.0,
21,212,,,,0.0,
21,213,,,,0.0,
21,214,,,,0.0,
21,215,,,,0.0,
21,216,,,,0.0,
21,217,,,,0.0,
21,218,,,,0.0,
21,219,,,,0.0,
21,220,,,,0.0,
21,221,,,,0.0,
21,222,,,,0.0,
21,223,,,,0.0,
21,224,,,,0.0,
21,225,,,,0.0,
21,226,,,,0.0,
21,227,,,,0.0,
21,228,,,,0.0,
21,229,,,,0.0,
21,230,,,,0.0,
21,231,,,,0.0,
21,232,,,,0.0,
21,233,,,,0.0,
21,234,,,,0.0,
21,235,,,,0.0,
21,236,,,,0.0,
21,237,,,,0.0,
21,238,,,,0.0,
21,239,,,,0.0,
21,240,,,,0.0,
21,241,,,,0.0,
21,242,,,,0.0,
21,243,,,,0.0,
21,244,,,,0.0,
21,245,,,,0.0,
21,246,,,,0.0,
21,247,,,,0.0,
21,248,,,,0.0,
21,249,,,,0.0,
21,250,,,,0.0,
21,251,,,,0.0,
21,252,,,,0.0,
21,253,,,,0.0,
21,254,,,,0.0,
21,255,,,,0.0,
21,256,,,,0.0,
21,257,,,,0.0,
21,258,,,,0.0,
21,259,,,,0.0,
21,260,,,,0.0,
21,261,,,,0.0,
21,262,,,,0.0,
21,263,,,,0.0,
21,264,,,,0.0,
21,265,,,,0.0,
21,266,,,,0.0,
21,267,,,,0.0,
21,268,,,,0.0,
21,269,,,,0.0,
21,270,,,,0.0,
21,271,,,,0.0,
21,272,,,,0.0,
21,273,,,,0.0,
21,274,,,,0.0,
21,275,,,,0.0,
21,276,,,,0.0,
21,277,,,,0.0,
21,278,,,,0.0,
21,279,,,,0.0,
21,280,,,,0.0,
21,281,,,,0.0,
21,282,,,,0.0,
21,283,,,,0.0,
21,284,,,,0.0,
21,285,,,,0.0,
21,286,,,,0.0,
21,287,,,,0.0,
21,288,,,,0.0,
21,289,,,,0.0,
21,290,,,,0.0,
21,291,,,,0.0,
21,292,,,,0.0,
21,293,,,,0.0,
21,294,,,,0.0,
21,295,,,,0.0,
21,296,,,,0.0,
21,297,,,,0.0,
21,298,,,,0.0,
21,299,,,,0.0,
21,300,,,,0.0,
21,301,,,,0.0,
21,302,,,,0.0,
21,303,,,,0.0,
21,304,,,,0.0,
21,305,,,,0.0,
21,306,,,,0.0,
21,307,,,,0.0,
21,308,,,,0.0,
21,309,,,,0.0,
21,310,,,,0.0,
21,311,,,,0.0,
21,312,,,,0.0,
21,313,,,,0.0,
21,314,,,,0.0,
21,315,,,,0.0,
21,316,,,,0.0,
21,317,,,,0.0,
21,318,,,,0.0,
21,319,,,,0.0,
21,320,,,,0.0,
21,321,,,,0.0,
21,322,,,,0.0,
21,323,,,,0.0,
21,324,,,,0.0,
21,325,,,,0.0,
21,326,,,,0.0,
21,327,,,,0.0,
21,328,,,,0.0,
21,329,,,,0.0,
21,330,,,,0.0,
21,331,,,,0.0,
21,332,,,,0.0,
21,333,,,,0.0,
21,334,,,,0.0,
21,335,,,,0.0,
21,336,,,,0.0,
21,337,,,,0.0,
21,338,,,,0.0,
21,339,,,,0.0,
21,340,,,,0.0,
21,341,,,,0.0,
21,342,,,,0.0,
21,343,,,,0.0,
21,344,,,,0.0,
21,345,,,,0.0,
21,346,,,,0.0,
21,347,,,,0.0,
21,348,,,,0.0,
21,349,,,,0.0,
21,350,,,,0.0,
21,351,,,,0.0,
21,352,,,,0.0,
21,353,,,,0.0,
21,354,,,,0.0,
21,355,,,,0.0,
21,356,,,,0.0,
21,357,,,,0.0,
21,358,,,,0.0,
21,359,,,,0.0,
21,360,,,,0.0,
21,361,,,,0.0,
21,362,,,,0.0,
21,363,,,,0.0,
21,364,,,,0.0,
21,365,,,,0.0,
21,366,,,,0.0,
21,367,,,,0.0,
21,368,,,,0.0,
21,369,,,,0.0,
21,370,,,,0.0,
21,371,,,,0.0,
21,372,,,,0.0,
21,373,,,,0.0,
21,374,,,,0.0,
21,375,,,,0.0,
21,376,,,,0.0,
21,377,,,,0.0,
21,378,,,,0.0,
21,379,,,,0.0,
21,380,,,,0.0,
21,381,,,,0.0,
21,382,,,,0.0,
21,383,,,,0.0,
21,384,,,,0.0,
21,385,,,,0.0,
21,386,,,,0.0,
21,387,,,,0.0,
21,388,,,,0.0,
21,389,,,,0.0,
21,390,,,,0.0,
21,391,,,,0.0,
21,392,,,,0.0,
21,393,,,,0.0,
21,394,,,,0.0,
21,395,,,,0.0,
21,396,,,,0.0,
21,397,,,,0.0,
21,398,,,,0.0,
21,399,,,,0.0,
21,400,,,,0.0,
21,401,,,,0.0,
21,402,,,,0.0,
21,403,,,,0.0,
21,404,,,,0.0,
21,405,,,,0.0,
21,406,,,,0.0,
21,407,,,,0.0,
21,408,,,,0.0,
21,409,,,,0.0,
21,410,,,,0.0,
21,411,,,,0.0,
21,412,,,,0.0,
21,413,,,,0.0,
21,414,,,,0.0,
21,415,,,,0.0,
21,416,,,,0.0,
21,417,,,,0.0,
21,418,,,,0.0,
21,419,,,,0.0,
21,420,,,,0.0,
21,421,,,,0.0,
21,422,,,,0.0,
21,423,,,,0.0,
21,424,,,,0.0,
21,425,,,,0.0,
21,426,,,,0.0,
21,427,,,,0.0,
21,428,,,,0.0,
21,429,,,,0.0,
21,430,,,,0.0,
21,431,,,,0.0,
21,432,,,,0.0,
21,433,,,,0.0,
21,434,,,,0.0,
21,435,,,,0.0,
21,436,,,,0.0,
21,437,,,,0.0,
21,438,,,,0.0,
21,439,,,,0.0,
21,440,,,,0.0,
21,441,,,,0.0,
21,442,,,,0.0,
21,443,,,,0.0,
21,444,,,,0.0,
21,445,,,,0.0,
21,446,,,,0.0,
21,447,,,,0.0,
21,448,,,,0.0,
21,449,,,,0.0,
21,450,,,,0.0,
21,451,,,,0.0,
21,452,,,,0.0,
21,453,,,,0.0,
21,454,,,,0.0,
21,455,,,,0.0,
21,456,,,,0.0,
21,457,,,,0.0,
21,458,,,,0.0,
21,459,,,,0.0,
21,460,,,,0.0,
21,461,,,,0.0,
21,462,,,,0.0,
21,463,,,,0.0,
21,464,,,,0.0,
21,465,,,,0.0,
21,466,,,,0.0,
21,467,,,,0.0,
21,468,,,,0.0,
21,469,,,,0.0,
21,470,,,,0.0,
21,471,,,,0.0,
21,472,,,,0.0,
21,473,,,,0.0,
21,474,,,,0.0,
21,475,,,,0.0,
21,476,,,,0.0,
21,477,,,,0.0,
21,478,,,,0.0,
21,479,,,,0.0,
21,480,,,,0.0,
21,481,,,,0.0,
21,482,,,,0.0,
21,483,,,,0.0,
21,484,,,,0.0,
21,485,,,,0.0,
21,486,,,,0.0,
21,487,,,,0.0,
21,488,,,,0.0,
21,489,,,,0.0,
21,490,,,,0.0,
21,491,,,,0.0,
21,492,,,,0.0,
21,493,,,,0.0,
21,494,,,,0.0,
21,495,,,,0.0,
21,496,,,,0.0,
21,497,,,,0.0,
21,498,,,,0.0,
21,499,,,,0.0,
21,500,,,,0.0,
21,501,,,,0.0,
21,502,,,,0.0,
21,503,,,,0.0,
21,504,,,,0.0,
21,505,,,,0.0,
21,506,,,,0.0,
21,507,,,,0.0,
21,508,,,,0.0,
21,509,,,,0.0,
21,510,,,,0.0,
21,511,,,,0.0,
21,512,,,,0.0,
21,513,,,,0.0,
21,514,,,,0.0,
21,515,,,,0.0,
21,516,,,,0.0,
21,517,,,,0.0,
21,518,,,,0.0,
21,519,,,,0.0,
21,520,,,,0.0,
21,521,,,,0.0,
21,522,,,,0.0,
21,523,,,,0.0,
21,524,,,,0.0,
21,525,,,,0.0,
21,526,,,,0.0,
21,527,,,,0.0,
21,528,,,,0.0,
21,529,,,,0.0,
21,530,,,,0.0,
21,531,,,,0.0,
21,532,,,,0.0,
21,533,,,,0.0,
21,534,,,,0.0,
21,535,,,,0.0,
21,536,,,,0.0,
21,537,,,,0.0,
21,538,,,,0.0,
21,539,,,,,
21,540,,,,,
21,541,,,,0.0,
21,542,,,,,
21,543,,,,,
21,544,,,,,
21,545,,,,,
21,546,,,,,
21,547,,,,,
21,548,,,,,
21,549,,,,0.0,
21,550,,,,0.0,
21,551,,,,0.0,
21,552,,,,0.0,
21,553,,,,0.0,
21,554,,,,0.0,
21,555,,,,0.0,
21,556,,,,0.0,
21,557,,,,0.0,
21,558,,,,0.0,
21,559,,,,0.0,
21,560,,,,0.0,
21,561,,,,0.0,
21,562,,,,0.0,
21,563,,,,0.0,
21,564,,,,0.0,
21,565,,,,0.0,
21,566,,,,0.0,
21,567,,,,0.0,
21,568,,,,0.0,
21,569,,,,0.0,
21,570,,,,0.0,
21,571,,,,0.0,
21,572,,,,0.0,
21,573,,,,0.0,
21,574,,,,0.0,
21,575,,,,0.0,
21,576,,,,0.0,
21,577,,,,0.0,
21,578,,,,0.0,
21,579,,,,0.0,
21,580,,,,0.0,
21,581,,,,0.0,
21,582,,,,0.0,
21,583,,,,0.0,
21,584,,,,0.0,
21,585,,,,0.0,
21,586,,,,0.0,
21,587,,,,0.0,
21,588,,,,0.0,
21,589,,,,0.0,
21,590,,,,0.0,
21,591,,,,0.0,
21,592,,,,0.0,
21,593,,,,0.0,
21,594,,,,0.0,
21,595,,,,0.0,
21,596,,,,0.0,
21,597,,,,0.0,
21,598,,,,0.0,
21,599,,,,0.0,
21,600,,,,0.0,
21,601,,,,0.0,
21,602,,,,0.0,
21,603,,,,0.0,
21,604,,,,0.0,
21,605,,,,0.0,
21,606,,,,0.0,
21,607,,,,0.0,
21,608,,,,0.0,
21,609,,,,0.0,
21,610,,,,0.0,
21,611,,,,0.0,
21,612,,,,0.0,
21,613,,,,0.0,
21,614,,,,0.0,
21,615,,,,0.0,
21,616,,,,0.0,
21,617,,,,0.0,
21,618,,,,0.0,
21,619,,,,0.0,
21,620,,,,0.0,
21,621,,,,0.0,
21,622,,,,0.0,
21,623,,,,0.0,
21,624,,,,0.0,
21,625,,,,0.0,
21,626,,,,0.0,
21,627,,,,0.0,
21,628,,,,0.0,
21,629,,,,0.0,
21,630,,,,0.0,
21,631,,,,0.0,
21,632,,,,0.0,
21,633,,,,0.0,
21,634,,,,0.0,
21,635,,,,0.0,
21,636,,,,0.0,
21,637,,,,0.0,
21,638,,,,0.0,
21,639,,,,0.0,
21,640,,,,0.0,
21,641,,,,0.0,
21,642,,,,0.0,
21,643,,,,0.0,
21,644,,,,0.0,
21,645,,,,0.0,
21,646,,,,0.0,
21,647,,,,0.0,
21,648,,,,0.0,
21,649,,,,0.0,
21,650,,,,0.0,
21,651,,,,0.0,
21,652,,,,0.0,
21,653,,,,0.0,
21,654,,,,0.0,
21,655,,,,0.0,
21,656,,,,0.0,
21,657,,,,0.0,
21,658,,,,0.0,
21,659,,,,0.0,
21,660,,,,0.0,
21,661,,,,0.0,
21,662,,,,0.0,
21,663,,,,0.0,
21,664,,,,0.0,
21,665,,,,0.0,
21,666,,,,0.0,
21,667,,,,0.0,
21,668,,,,0.0,
21,669,,,,0.0,
21,670,,,,0.0,
21,671,,,,0.0,
21,672,,,,0.0,
21,673,,,,0.0,
21,674,,,,0.0,
21,675,,,,0.0,
21,676,,,,0.0,
21,677,,,,0.0,
21,678,,,,0.0,
21,679,,,,0.0,
21,680,,,,0.0,
21,681,,,,0.0,
21,682,,,,0.0,
21,683,,,,0.0,
21,684,,,,0.0,
21,685,,,,0.0,
21,686,,,,0.0,
21,687,,,,0.0,
21,688,,,,0.0,
21,689,,,,0.0,
21,690,,,,0.0,
21,691,,,,0.0,
21,692,,,,0.0,
21,693,,,,0.0,
21,694,,,,0.0,
21,695,,,,0.0,
21,696,,,,0.0,
21,697,,,,0.0,
21,698,,,,0.0,
21,699,,,,0.0,
21,700,,,,0.0,
21,701,,,,0.0,
21,702,,,,0.0,
21,703,,,,0.0,
21,704,,,,0.0,
21,705,,,,0.0,
21,706,,,,0.0,
21,707,,,,0.0,
21,708,,,,0.0,
21,709,,,,0.0,
21,710,,,,0.0,
21,711,,,,0.0,
21,712,,,,0.0,
21,713,,,,0.0,
21,714,,,,0.0,
21,715,,,,0.0,
21,716,,,,0.0,
21,717,,,,0.0,
21,718,,,,0.0,
21,719,,,,0.0,
21,720,,,,0.0,
21,721,,,,0.0,
21,722,,,,0.0,
21,723,,,,0.0,
21,724,,,,0.0,
21,725,,,,0.0,
21,726,,,,0.0,
21,727,,,,0.0,
21,728,,,,0.0,
21,729,,,,0.0,
21,730,,,,0.0,
21,731,,,,0.0,
21,732,,,,0.0,
21,733,,,,0.0,
21,734,,,,0.0,
21,735,,,,0.0,
21,736,,,,0.0,
21,737,,,,0.0,
21,738,,,,0.0,
21,739,,,,0.0,
21,740,,,,0.0,
21,741,,,,0.0,
21,742,,,,0.0,
21,743,,,,0.0,
21,744,,,,0.0,
21,745,,,,0.0,
21,746,,,,0.0,
21,747,,,,0.0,
21,748,,,,0.0,
21,749,,,,0.0,
21,750,,,,0.0,
21,751,,,,0.0,
21,752,,,,0.0,
21,753,,,,0.0,
21,754,,,,0.0,
21,755,,,,0.0,
21,756,,,,0.0,
21,757,,,,0.0,
21,758,,,,0.0,
21,759,,,,0.0,
21,760,,,,0.0,
21,761,,,,0.0,
21,762,,,,0.0,
21,763,,,,0.0,
21,764,,,,0.0,
21,765,,,,0.0,
21,766,,,,0.0,
21,767,,,,0.0,
21,768,,,,0.0,
21,769,,,,0.0,
21,770,,,,0.0,
21,771,,,,0.0,
21,772,,,,0.0,
21,773,,,,0.0,
21,774,,,,0.0,
21,775,,,,0.0,
21,776,,,,0.0,
21,777,,,,0.0,
21,778,,,,0.0,
21,779,,,,0.0,
21,780,,,,0.0,
21,781,,,,0.0,
21,782,,,,0.0,
21,783,,,,0.0,
21,784,,,,0.0,
21,785,,,,0.0,
21,786,,,,0.0,
21,787,,,,0.0,
21,788,,,,0.0,
21,789,,,,0.0,
21,790,,,,0.0,
21,791,,,,0.0,
21,792,,,,0.0,
21,793,,,,0.0,
21,794,,,,0.0,
21,795,,,,0.0,
21,796,,,,0.0,
21,797,,,,0.0,
21,798,,,,0.0,
21,799,,,,0.0,
21,800,,,,0.0,
21,801,,,,0.0,
21,802,,,,0.0,
21,803,,,,0.0,
21,804,,,,0.0,
21,805,,,,0.0,
21,806,,,,0.0,
21,807,,,,0.0,
21,808,,,,0.0,
21,809,,,,0.0,
21,810,,,,0.0,
21,811,,,,0.0,
21,812,,,,0.0,
21,813,,,,0.0,
21,814,,,,0.0,
21,815,,,,0.0,
21,816,,,,0.0,
21,817,,,,0.0,
21,818,,,,0.0,
21,819,,,,0.0,
21,820,,,,0.0,
21,821,,,,0.0,
21,822,,,,0.0,
21,823,,,,0.0,
21,824,,,,0.0,
21,825,,,,0.0,
21,826,,,,0.0,
21,827,,,,0.0,
21,828,,,,0.0,
21,829,,,,0.0,
21,830,,,,0.0,
21,831,,,,0.0,
21,832,,,,0.0,
21,833,,,,0.0,
21,834,,,,0.0,
21,835,,,,0.0,
21,836,,,,0.0,
21,837,,,,0.0,
21,838,,,,0.0,
21,839,,,,0.0,
21,840,,,,0.0,
21,841,,,,0.0,
21,842,,,,0.0,
21,843,,,,0.0,
21,844,,,,0.0,
21,845,,,,0.0,
21,846,,,,0.0,
21,847,,,,0.0,
21,848,,,,0.0,
21,849,,,,0.0,
21,850,,,,0.0,
21,851,,,,0.0,
21,852,,,,0.0,
21,853,,,,0.0,
21,854,,,,0.0,
21,855,,,,0.0,
21,856,,,,0.0,
21,857,,,,0.0,
21,858,,,,0.0,
21,859,,,,0.0,
21,860,,,,0.0,
21,861,,,,0.0,
21,862,,,,0.0,
21,863,,,,0.0,
21,864,,,,0.0,
21,865,,,,0.0,
21,866,,,,0.0,
21,867,,,,0.0,
21,868,,,,0.0,
21,869,,,,0.0,
21,870,,,,0.0,
21,871,,,,0.0,
21,872,,,,0.0,
21,873,,,,0.0,
21,874,,,,0.0,
21,875,,,,0.0,
21,876,,,,0.0,
21,877,,,,0.0,
21,878,,,,0.0,
21,879,,,,0.0,
21,880,,,,0.0,
21,881,,,,0.0,
21,882,,,,0.0,
21,883,,,,0.0,
21,884,,,,0.0,
21,885,,,,0.0,
21,886,,,,0.0,
21,887,,,,0.0,
21,888,,,,0.0,
21,889,,,,0.0,
21,890,,,,0.0,
21,891,,,,0.0,
21,892,,,,0.0,
21,893,,,,0.0,
21,894,,,,0.0,
21,895,,,,0.0,
21,896,,,,0.0,
21,897,,,,0.0,
21,898,,,,0.0,
21,899,,,,0.0,
21,900,,,,0.0,
21,901,,,,0.0,
21,902,,,,0.0,
21,903,,,,0.0,
21,904,,,,0.0,
21,905,,,,0.0,
21,906,,,,0.0,
21,907,,,,0.0,
21,908,,,,0.0,
21,909,,,,0.0,
21,910,,,,0.0,
21,911,,,,0.0,
21,912,,,,0.0,
21,913,,,,0.0,
21,914,,,,0.0,
21,915,,,,0.0,
21,916,,,,0.0,
21,917,,,,0.0,
21,918,,,,0.0,
21,919,,,,0.0,
21,920,,,,0.0,
21,921,,,,0.0,
21,922,,,,0.0,
21,923,,,,0.0,
21,924,,,,0.0,
21,925,,,,0.0,
21,926,,,,0.0,
21,927,,,,0.0,
21,928,,,,0.0,
21,929,,,,0.0,
21,930,,,,0.0,
21,931,,,,0.0,
21,932,,,,0.0,
21,933,,,,0.0,
21,934,,,,0.0,
21,935,,,,0.0,
21,936,,,,0.0,
21,937,,,,0.0,
21,938,,,,0.0,
21,939,,,,0.0,
21,940,,,,0.0,
21,941,,,,0.0,
21,942,,,,0.0,
21,943,,,,0.0,
21,944,,,,0.0,
21,945,,,,0.0,
21,946,,,,0.0,
21,947,,,,0.0,
21,948,,,,0.0,
21,949,,,,0.0,
21,950,,,,0.0,
21,951,,,,0.0,
21,952,,,,0.0,
21,953,,,,0.0,
21,954,,,,0.0,
21,955,,,,0.0,
21,956,,,,0.0,
21,957,,,,0.0,
21,958,,,,0.0,
21,959,,,,0.0,
21,960,,,,0.0,
21,961,,,,0.0,
21,962,,,,0.0,
21,963,,,,0.0,
21,964,,,,0.0,
21,965,,,,0.0,
21,966,,,,0.0,
21,967,,,,0.0,
21,968,,,,0.0,
21,969,,,,0.0,
21,970,,,,0.0,
21,971,,,,0.0,
21,972,,,,0.0,
21,973,,,,0.0,
21,974,,,,0.0,
21,975,,,,0.0,
21,976,,,,0.0,
21,977,,,,0.0,
21,978,,,,0.0,
21,979,,,,0.0,
21,980,,,,0.0,
21,981,,,,0.0,
21,982,,,,0.0,
21,983,,,,0.0,
21,984,,,,0.0,
21,985,,,,0.0,
21,986,,,,0.0,
21,987,,,,0.0,
21,988,,,,0.0,
21,989,,,,0.0,
21,990,,,,0.0,
21,991,,,,0.0,
21,992,,,,0.0,
21,993,,,,0.0,
21,994,,,,0.0,
21,995,,,,0.0,
21,996,,,,0.0,
21,997,,,,0.0,
21,998,,,,0.0,
21,999,,,,0.0,
21,1000,,,,0.0,
21,1001,,,,0.0,
21,1002,,,,0.0,
21,1003,,,,0.0,
21,1004,,,,0.0,
21,1005,,,,0.0,
21,1006,,,,0.0,
21,1007,,,,0.0,
21,1008,,,,0.0,
21,1009,,,,0.0,
21,1010,,,,0.0,
21,1011,,,,0.0,
21,1012,,,,0.0,
21,1013,,,,0.0,
21,1014,,,,0.0,
21,1015,,,,0.0,
21,1016,,,,0.0,
21,1017,,,,0.0,
21,1018,,,,0.0,
21,1019,,,,0.0,
21,1020,,,,0.0,
21,1021,,,,0.0,
21,1022,,,,0.0,
21,1023,,,,0.0,
21,1024,,,,0.0,
21,1025,,,,0.0,
21,1026,,,,0.0,
21,1027,,,,0.0,
21,1028,,,,0.0,
21,1029,,,,0.0,
21,1030,,,,0.0,
21,1031,,,,0.0,
21,1032,,,,0.0,
21,1033,,,,0.0,
21,1034,,,,0.0,
21,1035,,,,0.0,
21,1036,,,,0.0,
21,1037,,,,0.0,
21,1038,,,,0.0,
21,1039,,,,0.0,
21,1040,,,,0.0,
21,1041,,,,0.0,
21,1042,,,,0.0,
21,1043,,,,0.0,
21,1044,,,,0.0,
21,1045,,,,0.0,
21,1046,,,,0.0,
21,1047,,,,0.0,
21,1048,,,,0.0,
21,1049,,,,0.0,
21,1050,,,,0.0,
21,1051,,,,0.0,
21,1052,,,,0.0,
21,1053,,,,0.0,
21,1054,,,,0.0,
21,1055,,,,0.0,
21,1056,,,,0.0,
21,1057,,,,0.0,
21,1058,,,,0.0,
21,1059,,,,0.0,
21,1060,,,,0.0,
21,1061,,,,0.0,
21,1062,,,,0.0,
21,1063,,,,0.0,
21,1064,,,,0.0,
21,1065,,,,0.0,
21,1066,,,,0.0,
21,1067,,,,0.0,
21,1068,,,,0.0,
21,1069,,,,0.0,
21,1070,,,,0.0,
21,1071,,,,0.0,
21,1072,,,,0.0,
21,1073,,,,0.0,
21,1074,,,,0.0,
21,1075,,,,0.0,
21,1076,,,,0.0,
21,1077,,,,0.0,
21,1078,,,,0.0,
21,1079,,,,0.0,
21,1080,,,,0.0,
21,1081,,,,0.0,
21,1082,,,,0.0,
21,1083,,,,0.0,
21,1084,,,,0.0,
21,1085,,,,0.0,
21,1086,,,,0.0,
21,1087,,,,0.0,
21,1088,,,,0.0,
21,1089,,,,0.0,
21,1090,,,,0.0,
21,1091,,,,0.0,
21,1092,,,,0.0,
21,1093,,,,0.0,
21,1094,,,,0.0,
21,1095,,,,0.0,
21,1096,,,,0.0,
21,1097,,,,0.28,
21,1098,,,,1.64,
21,1099,,,,3.64,
21,1100,,,,3.55,
21,1101,,,,2.68,
21,1102,,,,2.97,
21,1103,,,,2.62,
21,1104,,,,2.49,
21,1105,,,,2.14,
21,1106,,,,2.43,
21,1107,,,,2.13,
21,1108,,,,2.16,
21,1109,,,,1.93,
21,1110,,,,2.12,
21,1111,,,,2.53,
21,1112,,,,1.96,
21,1113,,,,1.46,
21,1114,,,,1.22,
21,1115,,,,1.42,
21,1116,,,,1.16,
21,1117,,,,1.29,
21,1118,,,,1.3,
21,1119,,,,0.83,
21,1120,,,,0.1,
21,1121,,,,0.0,
21,1122,,,,0.0,
21,1123,,,,0.0,
21,1124,,,,0.0,
21,1125,,,,0.0,
21,1126,,,,0.0,
21,1127,,,,0.0,
21,1128,,,,1.4,
21,1129,,,,1.3,
21,1130,,,,1.06,
21,1131,,,,1.79,
21,1132,,,,1.59,
21,1133,,,,1.69,
21,1134,,,,1.62,
21,1135,,,,1.6,
21,1136,,,,1.37,
21,1137,,,,1.54,
21,1138,,,,1.33,
21,1139,,,,1.04,
21,1140,,,,1.41,
21,1141,,,,1.5,
21,1142,,,,1.01,
21,1143,,,,0.96,
21,1144,,,,0.99,
21,1145,,,,0.98,
21,1146,,,,1.08,
21,1147,,,,1.18,
21,1148,,,,1.2,
21,1149,,,,1.53,
21,1150,,,,1.37,
21,1151,,,,1.55,
21,1152,,,,1.71,
21,1153,,,,1.65,
21,1154,,,8.94,1.81,
21,1155,,,,1.93,
21,1156,,,,1.97,
21,1157,,,,2.07,
21,1158,,,,1.88,
21,1159,,,,1.7,
21,1160,,,,1.7,
21,1161,,,,1.78,
21,1162,,,,1.72,
21,1163,,,,1.73,
21,1164,,,,1.8,
21,1165,,,,1.74,
21,1166,,,,1.86,
21,1167,,,,1.67,
21,1168,,,,1.34,
21,1169,,,,1.26,
21,1170,,,,1.31,
21,1171,,,,1.5,
21,1172,,,,1.48,
21,1173,,,,1.36,
21,1174,,,,1.4,
21,1175,,,,1.44,
21,1176,,,,1.53,
21,1177,,,,1.91,
21,1178,,,,1.72,
21,1179,,,,1.7,
21,1180,,,,1.67,
21,1181,,,,1.66,
21,1182,,,,1.05,
21,1183,,,,1.36,
21,1184,,,,1.17,
21,1185,,,,1.11,
21,1186,,,,1.1,
21,1187,,,,1.37,
21,1188,,,,1.27,
21,1189,,,,1.32,
21,1190,,,,1.16,
21,1191,,,,1.23,
21,1192,,,,1.29,
21,1193,,,,1.29,
21,1194,,,,1.44,
21,1195,,,,1.55,
21,1196,,,,1.36,
21,1197,,,,1.37,
21,1198,,,,1.31,
21,1199,,,,1.34,
21,1200,,,,1.32,
21,1201,,,,1.28,
21,1202,,,,1.29,
21,1203,,,,1.44,
21,1204,,,,1.44,
21,1205,,,,1.47,
21,1206,,,,1.37,
21,1207,,,,1.48,
21,1208,,,,,
21,1209,,,,,
21,1210,,,,0.0,
21,1211,,,,1.83,
21,1212,25.5,58.53,20.08,1.96,
21,1213,,,,,
21,1214,,,,,
21,1215,,,,,
21,1216,,,,,
21,1217,,,,,
21,1218,,,,,
21,1219,,,,,
21,1220,,,,,
21,1221,,,,,
21,1222,16.74,,17.31,1.29,
21,1223,18.44,,22.6,1.3,73.0
21,1224,18.07,48.8,29.98,1.36,82.0
21,1225,18.55,62.07,28.9,1.35,84.0
21,1226,22.57,67.03,23.46,1.3,77.0
21,1227,23.57,71.8,25.71,1.26,73.0
21,1228,31.18,91.26,20.17,1.23,86.0
21,1229,24.22,79.1,30.02,1.36,90.0
21,1230,21.81,44.13,18.5,1.25,70.0
21,1231,14.93,52.51,18.23,1.22,64.0
21,1232,17.86,45.85,20.33,1.21,64.0
21,1233,24.73,74.2,18.24,1.25,66.0
21,1234,24.09,72.98,28.27,1.27,85.0
21,1235,23.97,88.35,23.79,1.32,83.0
21,1236,20.7,81.14,21.97,1.34,90.0
21,1237,19.01,79.33,19.69,1.27,76.0
21,1238,21.85,89.75,25.23,1.32,90.0
21,1239,24.32,93.09,15.9,1.31,81.0
21,1240,22.76,88.41,,1.19,92.0
21,1241,15.38,56.32,,1.06,75.0
21,1242,18.58,66.74,,1.09,51.0
21,1243,15.53,18.64,,1.23,61.0
21,1244,17.17,,,1.14,118.0
21,1245,22.54,,,1.16,115.0
21,1246,18.79,,,1.16,83.0
21,1247,20.14,,,1.18,69.0
21,1248,24.8,,,1.2,75.0
21,1249,19.38,,,1.46,84.0
21,1250,18.68,,,1.74,98.0
21,1251,19.98,,,1.46,82.0
21,1252,26.85,,,1.62,105.0
21,1253,17.66,,,1.07,77.0
21,1254,45.54,,,1.28,78.0
21,1255,17.79,,,1.26,86.0
21,1256,19.26,,,1.43,72.0
21,1257,6.2,,,1.04,
21,1258,12.89,,,1.0,55.0
21,1259,18.02,,,1.05,56.0
21,1260,16.97,,,1.03,56.0
21,1261,19.16,,,1.05,59.0
21,1262,19.64,,,1.1,77.0
21,1263,17.02,57.08,,1.44,101.0
21,1264,16.94,70.7,,1.52,118.0
21,1265,10.87,31.4,20.73,1.45,125.0
21,1266,15.87,43.53,27.43,1.4,88.0
21,1267,25.71,97.45,19.74,1.42,82.0
21,1268,22.86,82.67,9.35,1.15,71.0
21,1269,18.09,70.66,8.0,1.19,75.0
21,1270,17.52,61.23,22.69,1.45,89.0
21,1271,10.53,41.27,21.7,1.35,91.0
21,1272,13.38,55.71,9.81,1.19,77.0
21,1273,22.06,75.33,7.29,1.17,68.0
21,1274,18.54,71.0,14.83,1.21,72.0
21,1275,19.38,56.8,29.81,1.4,80.0
21,1276,18.39,67.13,23.55,1.72,109.0
21,1277,16.59,66.72,20.94,1.49,78.0
21,1278,13.0,48.23,21.22,1.49,88.0
21,1279,13.78,48.89,22.09,1.37,77.0
21,1280,18.5,65.24,25.39,1.49,89.0
21,1281,14.71,52.86,13.29,1.17,75.0
21,1282,14.11,73.45,13.32,1.19,68.0
21,1283,14.53,70.33,15.53,1.17,72.0
21,1284,12.84,56.35,22.11,1.27,73.0
21,1285,,,35.28,1.41,74.0
21,1286,12.96,38.84,32.45,1.52,
21,1287,12.8,46.86,19.41,1.19,
21,1288,18.15,71.77,16.33,1.17,67.0
21,1289,15.31,69.04,16.32,1.16,68.0
21,1290,14.72,82.21,17.39,1.23,72.0
21,1291,19.26,93.35,16.22,1.2,84.0
21,1292,13.43,89.58,15.37,1.16,60.0
21,1293,15.67,77.37,16.43,1.17,69.0
21,1294,16.43,72.12,16.38,1.22,80.0
21,1295,23.32,60.58,17.66,1.25,70.0
21,1296,46.76,73.6,14.7,1.2,82.0
21,1297,16.52,67.74,18.31,1.24,70.0
21,1298,15.0,65.59,16.98,1.04,66.0
21,1299,15.37,58.9,16.35,1.02,62.0
21,1300,14.24,56.91,17.29,1.07,63.0
21,1301,15.24,53.79,16.18,1.1,61.0
21,1302,16.28,54.45,14.54,1.05,61.0
21,1303,15.88,62.28,13.72,1.15,60.0
21,1304,13.23,52.16,12.4,1.14,63.0
21,1305,14.11,53.33,12.74,1.14,62.0
21,1306,13.39,52.3,13.83,1.05,62.0
21,1307,15.45,50.4,11.65,1.15,64.0
21,1308,16.22,61.49,15.83,1.23,44.0
21,1309,14.71,65.57,15.46,1.16,64.0
21,1310,14.87,56.31,32.71,1.2,84.0
21,1311,17.72,48.66,48.29,1.18,75.0
21,1312,10.36,44.69,20.48,1.19,65.0
21,1313,9.21,41.44,22.23,1.17,64.0
21,1314,11.21,43.37,14.63,1.2,66.0
21,1315,12.65,51.97,20.24,1.21,66.0
21,1316,13.33,54.43,20.09,1.2,67.0
21,1317,11.61,46.49,31.78,1.21,67.0
21,1318,12.59,48.67,20.2,1.22,69.0
21,1319,11.7,40.69,21.17,1.24,67.0
21,1320,9.7,42.34,20.86,1.22,67.0
21,1321,12.94,45.15,17.76,1.14,68.0
21,1322,80.13,64.24,20.85,0.91,107.0
21,1323,26.83,90.14,22.03,1.12,93.0
21,1324,26.49,91.07,22.23,1.1,90.0
21,1325,23.72,74.6,21.08,1.09,83.0
21,1326,24.15,73.99,23.64,1.06,74.0
21,1327,22.94,84.4,19.22,1.02,76.0
21,1328,26.68,75.24,20.96,0.99,81.0
21,1329,30.76,69.36,24.6,1.02,95.0
21,1330,25.47,61.36,22.08,1.03,64.0
21,1331,23.11,62.32,26.84,1.01,65.0
21,1332,18.94,53.7,26.94,1.18,65.0
21,1333,25.28,55.95,26.13,1.33,70.0
21,1334,23.62,54.02,24.89,1.36,72.0
21,1335,26.46,65.51,30.42,1.44,77.0
21,1336,30.97,75.3,33.37,1.39,100.0
21,1337,28.58,70.91,32.46,1.31,77.0
21,1338,26.49,67.74,31.34,1.29,71.0
21,1339,25.69,61.92,29.3,1.31,70.0
21,1340,28.24,71.66,27.72,1.31,71.0
21,1341,24.03,56.21,25.98,1.32,70.0
21,1342,26.35,57.69,23.5,1.31,69.0
21,1343,23.49,54.7,20.7,1.31,70.0
21,1344,22.67,56.3,24.62,1.23,68.0
21,1345,25.5,60.73,26.53,0.98,60.0
21,1346,27.31,67.46,31.49,0.97,65.0
21,1347,26.77,64.56,30.32,0.99,67.0
21,1348,24.28,67.13,31.12,1.1,70.0
21,1349,21.84,63.71,26.24,1.27,84.0
21,1350,26.76,72.02,23.19,1.55,106.0
21,1351,21.64,53.58,21.46,1.41,89.0
21,1352,19.28,48.32,21.2,1.44,82.0
21,1353,23.52,57.14,22.87,1.57,89.0
21,1354,22.09,67.31,24.76,1.77,102.0
21,1355,25.6,76.8,25.68,1.77,103.0
21,1356,20.37,68.0,21.88,1.62,93.0
21,1357,25.51,78.16,22.65,1.58,93.0
21,1358,17.68,55.13,23.5,1.39,78.0
21,1359,25.44,91.8,26.19,1.7,100.0
21,1360,42.73,114.46,28.18,1.92,113.0
21,1361,31.22,59.71,21.98,1.35,80.0
21,1362,35.95,66.06,25.3,1.5,82.0
21,1363,33.06,70.44,23.98,1.6,104.0
21,1364,33.86,77.88,25.06,1.55,92.0
21,1365,32.52,71.2,29.12,1.57,91.0
21,1366,37.21,76.15,33.05,1.58,90.0
21,1367,44.86,107.68,37.4,2.0,108.0
21,1368,44.05,112.39,31.84,1.94,106.0
21,1369,54.77,141.2,32.42,2.32,122.0
21,1370,49.35,130.79,31.92,2.21,128.0
21,1371,49.52,116.69,36.92,2.0,111.0
21,1372,50.87,122.42,34.0,1.95,122.0
21,1373,43.4,99.57,29.79,2.09,110.0
21,1374,42.12,103.91,29.9,2.14,106.0
21,1375,48.16,122.98,29.55,2.13,117.0
21,1376,54.76,118.68,31.68,1.89,112.0
21,1377,48.6,106.14,31.1,1.76,109.0
21,1378,45.06,100.44,24.85,1.75,103.0
21,1379,42.82,100.02,27.69,1.69,104.0
21,1380,34.35,89.58,21.34,1.66,100.0
21,1381,44.57,118.82,31.55,1.76,105.0
21,1382,54.92,167.05,28.09,1.91,136.0
21,1383,48.18,166.65,30.08,2.18,149.0
21,1384,49.42,153.48,32.3,2.34,135.0
21,1385,54.25,158.76,33.31,2.41,142.0
21,1386,46.14,129.95,31.55,1.96,130.0
21,1387,26.07,71.72,29.06,1.7,132.0
21,1388,49.65,137.14,24.75,1.54,150.0
21,1389,48.89,120.56,26.09,1.62,
21,1390,,,,,
21,1391,65.55,158.76,19.15,1.81,
21,1392,30.7,91.46,18.44,1.72,
21,1393,45.04,153.14,19.69,2.38,123.0
21,1394,52.53,166.96,19.54,2.59,146.0
21,1395,39.38,115.93,19.51,1.93,118.0
21,1396,54.0,172.6,21.46,2.65,136.0
21,1397,,,,,144.0
21,1398,34.62,96.44,26.33,1.75,
21,1399,36.32,109.1,36.88,1.87,110.0
21,1400,41.76,111.56,38.88,1.95,106.0
21,1401,49.85,138.28,60.47,2.1,141.0
21,1402,41.8,120.59,58.64,2.02,138.0
21,1403,40.22,100.16,50.71,1.95,132.0
21,1404,37.39,78.33,30.41,1.71,100.0
21,1405,34.93,68.37,35.62,1.74,102.0
21,1406,65.23,152.2,41.32,2.14,112.0
21,1407,67.63,164.86,56.95,2.32,184.0
21,1408,130.47,276.46,67.3,2.81,299.0
21,1409,93.59,222.33,50.06,2.76,195.0
21,1410,122.18,272.19,39.76,2.92,307.0
21,1411,63.69,157.26,49.0,2.65,179.0
21,1412,56.06,149.49,44.82,2.59,146.0
21,1413,51.04,133.23,29.43,2.1,123.0
21,1414,48.02,132.29,37.39,2.3,132.0
21,1415,49.79,132.08,49.29,2.33,122.0
21,1416,51.3,136.44,59.6,2.35,147.0
21,1417,56.72,152.93,56.85,2.75,150.0
21,1418,65.09,171.12,42.15,2.83,153.0
21,1419,,,,,145.0
21,1420,73.29,177.92,24.7,2.01,
21,1421,,,,,
21,1422,64.04,152.7,110.16,2.41,
21,1423,48.49,112.45,53.66,2.35,
21,1424,48.76,141.23,38.64,2.61,125.0
21,1425,51.75,171.43,39.13,2.89,145.0
21,1426,63.19,179.98,38.66,3.07,169.0
21,1427,57.74,161.37,50.01,2.87,143.0
21,1428,55.7,175.73,49.82,2.83,149.0
21,1429,53.71,170.39,39.31,2.85,146.0
21,1430,56.87,175.08,37.29,2.93,158.0
21,1431,62.05,196.83,41.17,3.02,154.0
21,1432,62.82,202.58,36.12,2.21,172.0
21,1433,76.86,215.08,43.27,1.89,174.0
21,1434,65.54,187.09,60.53,2.42,168.0
21,1435,72.91,201.08,68.46,3.26,163.0
21,1436,70.04,170.19,56.0,2.63,176.0
21,1437,54.61,165.03,42.91,2.06,140.0
21,1438,63.47,193.53,46.77,2.34,152.0
21,1439,56.9,169.94,43.94,2.12,158.0
21,1440,51.82,151.5,45.25,1.79,137.0
21,1441,49.73,154.09,65.26,1.91,138.0
21,1442,38.67,121.78,57.01,1.81,124.0
21,1443,50.03,142.34,61.56,1.81,117.0
21,1444,61.98,148.08,50.13,1.81,123.0
21,1445,57.49,159.6,44.05,1.87,136.0
21,1446,56.54,155.32,36.6,1.8,146.0
21,1447,50.82,135.22,37.73,1.7,128.0
21,1448,63.59,165.21,49.72,1.9,136.0
21,1449,66.38,141.73,106.27,1.97,174.0
21,1450,50.75,130.15,70.55,1.74,135.0
21,1451,52.93,143.39,65.68,1.9,123.0
21,1452,74.39,180.07,73.65,2.58,160.0
21,1453,92.96,192.28,63.17,2.65,197.0
21,1454,96.74,221.61,60.1,2.75,219.0
21,1455,88.48,203.0,37.83,2.72,210.0
21,1456,68.03,137.58,49.5,1.86,149.0
21,1457,67.26,133.78,50.21,1.81,119.0
21,1458,69.88,152.97,52.64,2.03,130.0
21,1459,65.85,137.97,69.41,2.05,143.0
21,1460,81.14,159.39,66.55,2.11,154.0
21,1461,81.34,185.04,90.08,2.57,188.0
21,1462,79.78,221.85,66.11,2.75,181.0
21,1463,80.41,232.04,64.04,3.14,175.0
21,1464,103.76,295.76,58.71,3.65,239.0
21,1465,84.61,250.62,59.75,3.5,221.0
21,1466,75.92,216.49,64.59,2.76,180.0
21,1467,81.14,233.06,60.0,2.76,183.0
21,1468,52.78,164.07,67.79,2.18,156.0
21,1469,57.44,177.25,56.98,2.75,156.0
21,1470,71.68,199.89,48.59,2.49,150.0
21,1471,84.32,250.65,50.68,3.01,199.0
21,1472,85.51,240.04,47.07,3.32,201.0
21,1473,76.86,237.89,49.1,2.76,187.0
21,1474,75.79,235.95,35.42,3.11,197.0
21,1475,66.32,191.3,44.04,2.37,163.0
21,1476,68.1,188.89,50.99,2.53,162.0
21,1477,69.37,194.79,48.31,2.56,162.0
21,1478,83.31,245.52,48.1,3.25,184.0
21,1479,84.99,231.12,52.87,2.99,200.0
21,1480,82.07,254.54,50.15,3.3,190.0
21,1481,93.45,285.55,26.93,3.34,234.0
21,1482,51.0,132.19,17.6,2.1,160.0
21,1483,34.26,109.43,35.26,1.94,114.0
21,1484,26.04,113.83,41.97,1.65,100.0
21,1485,53.38,150.95,70.2,1.78,125.0
21,1486,47.4,135.35,79.41,1.83,133.0
21,1487,38.28,122.56,72.66,1.84,131.0
21,1488,36.88,117.84,68.41,1.79,117.0
21,1489,46.01,121.37,13.44,2.29,112.0
21,1490,47.42,125.09,38.05,2.12,118.0
21,1491,51.55,173.72,,2.83,150.0
21,1492,51.24,174.07,,2.93,151.0
21,1493,48.04,153.71,,2.3,146.0
21,1494,50.63,184.82,,2.27,152.0
21,1495,73.37,257.39,,3.21,186.0
21,1496,66.26,217.26,17.9,3.25,201.0
21,1497,65.62,209.61,30.45,2.73,164.0
21,1498,43.34,146.7,23.77,1.88,156.0
21,1499,18.67,94.56,24.61,1.59,103.0
21,1500,52.26,203.43,36.41,1.64,132.0
21,1501,72.35,188.49,34.58,2.0,170.0
21,1502,86.52,222.61,30.53,2.84,180.0
21,1503,101.67,261.7,34.5,3.17,213.0
21,1504,94.74,221.18,45.67,3.27,225.0
21,1505,78.47,152.16,34.45,2.6,190.0
21,1506,49.64,100.42,32.54,1.91,139.0
21,1507,47.74,119.49,30.95,1.86,118.0
21,1508,52.57,130.57,37.75,2.16,125.0
21,1509,59.84,168.11,34.62,2.37,165.0
21,1510,54.99,136.62,32.21,2.25,155.0
21,1511,49.87,120.19,34.17,2.19,143.0
21,1512,64.73,182.68,28.4,3.0,166.0
21,1513,35.61,84.13,20.68,1.67,114.0
21,1514,38.3,103.84,21.65,1.85,105.0
21,1515,58.39,196.31,32.52,2.51,156.0
21,1516,31.67,126.11,22.27,1.84,140.0
21,1517,35.64,118.0,26.2,1.97,119.0
21,1518,27.8,116.06,24.5,1.69,118.0
21,1519,22.69,109.49,18.29,1.72,108.0
21,1520,49.14,133.69,13.9,1.92,106.0
21,1521,41.12,150.77,38.66,2.35,159.0
21,1522,49.77,203.42,35.35,2.78,184.0
21,1523,15.85,58.71,12.5,1.64,114.0
21,1524,16.82,81.35,7.43,1.64,95.0
21,1525,22.15,126.58,5.5,1.54,106.0
21,1526,23.44,92.09,10.1,1.67,113.0
21,1527,25.23,102.94,15.47,1.75,113.0
21,1528,29.13,108.52,17.87,1.83,122.0
21,1529,36.24,132.21,20.05,2.14,151.0
21,1530,30.19,158.13,17.41,1.96,142.0
21,1531,23.72,128.8,9.46,1.67,127.0
21,1532,21.02,92.1,9.01,1.54,109.0
21,1533,23.36,90.2,10.9,1.58,142.0
21,1534,21.54,99.26,14.7,1.63,104.0
21,1535,28.02,113.58,17.95,1.73,124.0
21,1536,39.49,158.64,25.05,2.18,153.0
21,1537,37.52,132.12,20.46,1.93,135.0
21,1538,40.68,145.41,23.59,2.28,137.0
21,1539,35.58,140.87,20.39,2.34,140.0
21,1540,27.08,92.8,10.65,1.8,108.0
21,1541,19.81,79.16,3.53,1.58,98.0
21,1542,18.03,65.91,7.2,1.44,81.0
21,1543,31.96,115.36,10.21,1.44,90.0
21,1544,49.58,188.42,20.72,,149.0
21,1545,55.04,206.24,34.94,1.71,160.0
21,1546,40.69,151.14,23.48,1.71,147.0
21,1547,34.51,127.47,10.1,1.6,128.0
21,1548,32.94,105.11,10.48,1.61,111.0
21,1549,29.55,100.84,5.19,1.5,98.0
21,1550,24.24,89.43,5.62,1.49,101.0
21,1551,18.43,90.53,5.77,1.46,87.0
21,1552,19.8,87.09,2.49,1.43,90.0
21,1553,22.9,89.81,18.8,1.7,86.0
21,1554,27.35,92.65,29.36,1.79,138.0
21,1555,16.91,66.3,19.55,1.72,94.0
21,1556,19.09,60.59,19.43,1.76,94.0
21,1557,17.84,66.09,21.09,1.78,95.0
21,1558,18.74,71.13,22.34,1.85,98.0
21,1559,16.1,59.23,21.77,1.78,95.0
21,1560,16.87,60.7,18.49,1.73,93.0
21,1561,14.22,52.28,17.8,1.77,94.0
21,1562,17.17,64.97,15.32,1.74,92.0
21,1563,22.32,76.97,20.93,1.83,96.0
21,1564,33.1,114.51,34.12,2.06,109.0
21,1565,22.7,83.82,30.65,1.91,108.0
21,1566,20.7,84.28,28.62,1.88,102.0
21,1567,27.28,106.52,24.92,1.85,101.0
21,1568,13.15,50.12,20.49,1.69,93.0
21,1569,21.44,88.17,34.18,1.82,96.0
21,1570,21.5,95.76,27.23,1.84,99.0
21,1571,22.27,75.24,34.26,1.92,102.0
21,1572,21.17,69.22,23.45,1.89,100.0
21,1573,20.98,75.94,27.14,1.86,98.0
21,1574,18.09,71.69,22.31,1.84,97.0
21,1575,16.24,67.42,14.65,1.77,93.0
21,1576,17.48,57.09,15.74,1.76,90.0
21,1577,17.19,74.24,18.72,1.79,93.0
21,1578,26.23,99.86,24.73,1.94,100.0
21,1579,23.77,99.29,27.13,1.88,103.0
21,1580,22.63,88.73,22.3,1.85,97.0
21,1581,21.86,85.4,19.2,1.84,96.0
21,1582,19.09,89.67,12.89,1.77,90.0
21,1583,21.65,114.38,13.17,1.76,105.0
21,1584,17.93,85.82,14.87,1.8,97.0
21,1585,16.54,76.05,16.35,1.8,92.0
21,1586,14.8,71.97,9.55,1.79,91.0
21,1587,15.73,61.85,12.71,1.8,93.0
21,1588,13.48,52.14,13.09,1.82,95.0
21,1589,12.89,47.56,9.3,1.76,90.0
21,1590,10.95,46.73,11.28,1.76,91.0
21,1591,12.8,49.69,11.68,1.75,89.0
21,1592,12.96,45.38,19.48,1.78,93.0
21,1593,14.62,62.45,18.89,1.81,94.0
21,1594,18.73,70.93,14.77,1.77,92.0
21,1595,15.43,64.72,16.34,1.67,92.0
21,1596,15.19,64.91,15.87,1.45,80.0
21,1597,16.01,58.49,14.07,1.43,76.0
21,1598,15.25,64.12,18.31,1.5,79.0
21,1599,16.14,74.72,20.05,1.62,92.0
21,1600,12.37,58.55,20.27,1.54,83.0
21,1601,12.04,58.33,16.87,1.65,84.0
21,1602,14.62,69.48,14.59,1.79,92.0
21,1603,11.08,45.31,12.09,1.75,89.0
21,1604,25.61,55.67,13.9,1.78,93.0
21,1605,16.84,79.74,12.8,1.69,90.0
21,1606,14.03,60.49,10.11,1.41,75.0
21,1607,17.07,76.72,9.62,1.36,71.0
21,1608,18.11,86.81,9.78,1.45,86.0
21,1609,16.57,72.77,9.8,1.76,90.0
21,1610,14.93,60.16,9.83,1.7,91.0
21,1611,12.88,48.56,9.69,1.39,73.0
21,1612,13.92,48.68,11.04,1.45,76.0
21,1613,12.38,45.97,14.13,1.58,81.0
21,1614,12.49,43.71,13.65,1.6,81.0
21,1615,16.91,45.9,11.69,1.29,81.0
21,1616,14.51,49.54,7.05,0.68,66.0
21,1617,16.41,53.63,6.38,0.63,64.0
21,1618,12.41,57.2,8.5,0.58,65.0
21,1619,12.86,65.7,11.45,0.5,72.0
21,1620,14.42,77.47,11.93,0.52,77.0
21,1621,16.3,85.38,11.54,0.55,86.0
21,1622,18.41,75.69,20.97,0.68,87.0
21,1623,18.13,50.39,28.04,0.7,90.0
21,1624,15.48,46.88,19.26,0.63,71.0
21,1625,13.64,57.28,15.52,0.53,61.0
21,1626,15.87,56.1,13.6,0.53,69.0
21,1627,13.97,48.22,14.4,0.51,62.0
21,1628,11.64,55.6,9.91,0.33,58.0
21,1629,12.33,59.29,9.55,0.44,60.0
21,1630,14.3,52.99,11.91,0.51,65.0
21,1631,14.45,56.82,13.23,0.53,61.0
21,1632,15.98,82.29,11.25,0.48,80.0
21,1633,16.49,78.83,11.72,0.46,82.0
21,1634,19.33,88.55,13.33,0.46,84.0
21,1635,18.81,88.85,13.27,0.43,90.0
21,1636,20.36,80.85,15.53,0.54,92.0
21,1637,17.72,53.76,14.17,0.52,71.0
21,1638,15.04,49.61,13.16,0.47,63.0
21,1639,10.52,31.79,14.18,0.51,60.0
21,1640,7.2,31.49,11.4,0.44,59.0
21,1641,10.31,34.34,15.26,0.49,63.0
21,1642,11.91,39.11,15.23,0.53,59.0
21,1643,8.73,24.69,17.34,0.55,59.0
21,1644,9.86,21.58,19.56,0.59,61.0
21,1645,13.44,31.61,17.27,0.62,67.0
21,1646,16.28,43.96,14.32,0.72,68.0
21,1647,13.97,53.1,13.72,0.57,84.0
21,1648,10.48,46.43,11.91,0.42,57.0
21,1649,17.65,82.39,9.3,0.42,76.0
21,1650,9.78,54.07,12.64,0.44,84.0
21,1651,10.49,45.85,10.51,0.41,61.0
21,1652,8.69,28.14,12.99,0.47,59.0
21,1653,11.0,49.5,10.58,0.41,67.0
21,1654,11.6,48.04,11.89,0.44,72.0
21,1655,11.06,44.93,11.47,0.44,63.0
21,1656,9.18,43.54,9.99,0.44,65.0
21,1657,10.76,57.0,9.99,0.43,66.0
21,1658,11.46,51.18,9.44,0.45,66.0
21,1659,14.55,59.21,9.47,0.49,69.0
21,1660,14.07,62.65,11.3,0.46,70.0
21,1661,18.79,78.75,13.24,0.51,77.0
21,1662,18.67,57.53,16.96,0.62,78.0
21,1663,22.6,48.5,19.66,0.71,79.0
21,1664,11.58,32.14,16.13,0.55,64.0
21,1665,7.33,25.93,15.21,0.4,55.0
21,1666,7.93,22.05,13.77,0.28,51.0
21,1667,14.23,42.48,13.12,0.31,56.0
21,1668,11.83,41.53,10.47,0.27,59.0
21,1669,11.84,43.68,10.49,0.43,56.0
21,1670,14.16,53.66,9.9,0.46,61.0
21,1671,12.93,47.19,10.8,0.51,65.0
21,1672,10.37,32.95,12.72,0.46,58.0
21,1673,9.25,33.22,11.75,0.46,56.0
21,1674,9.44,38.95,10.59,0.43,58.0
21,1675,7.97,29.55,9.89,0.4,56.0
21,1676,8.06,23.05,8.7,0.39,49.0
21,1677,10.3,35.88,7.87,0.4,48.0
21,1678,11.9,41.42,9.02,0.42,56.0
21,1679,10.6,41.04,9.73,0.44,59.0
21,1680,12.73,51.39,9.14,0.43,60.0
21,1681,18.67,72.32,9.7,0.44,69.0
21,1682,18.48,66.95,8.54,0.43,74.0
21,1683,18.71,76.53,7.54,0.41,78.0
21,1684,15.56,62.75,7.74,0.43,72.0
21,1685,12.73,56.76,7.92,0.45,66.0
21,1686,13.07,52.56,10.19,0.54,66.0
21,1687,15.06,61.4,12.45,0.57,69.0
21,1688,11.75,47.84,10.33,0.53,70.0
21,1689,11.89,51.78,9.91,0.52,60.0
21,1690,13.3,64.05,9.24,0.52,67.0
21,1691,11.37,52.68,8.69,0.55,65.0
21,1692,11.44,53.12,9.8,0.54,67.0
21,1693,13.78,63.94,11.11,0.51,73.0
21,1694,15.77,53.39,11.06,0.52,68.0
21,1695,12.96,53.14,10.74,0.55,62.0
21,1696,16.01,52.92,11.58,0.6,64.0
21,1697,18.56,49.36,10.06,0.58,62.0
21,1698,12.37,47.31,11.86,0.69,66.0
21,1699,14.76,59.08,11.3,0.64,73.0
21,1700,13.53,55.06,10.38,0.35,64.0
21,1701,12.75,45.0,9.91,0.46,53.0
21,1702,13.24,46.32,10.03,0.66,57.0
21,1703,11.17,39.63,10.86,0.67,62.0
21,1704,11.53,42.24,11.28,0.63,62.0
21,1705,9.75,32.99,10.74,0.65,62.0
21,1706,12.12,41.22,9.33,0.71,67.0
21,1707,6.72,21.31,11.46,0.64,60.0
21,1708,7.68,20.72,12.01,0.62,54.0
21,1709,5.68,20.38,10.54,0.6,49.0
21,1710,7.6,29.36,10.81,0.57,47.0
21,1711,10.71,34.27,11.97,0.62,49.0
21,1712,8.69,29.63,13.69,0.67,51.0
21,1713,12.07,46.77,12.67,0.57,54.0
21,1714,13.89,51.1,12.29,0.39,54.0
21,1715,14.62,47.04,13.79,0.52,55.0
21,1716,10.93,41.79,12.54,0.44,55.0
21,1717,12.93,39.62,13.82,0.54,53.0
21,1718,13.24,54.5,12.13,0.46,60.0
21,1719,10.85,32.85,17.71,0.62,57.0
21,1720,11.95,45.25,13.78,0.57,65.0
21,1721,16.24,43.48,12.93,0.59,64.0
21,1722,17.95,42.66,17.44,0.8,80.0
21,1723,21.73,38.49,30.97,0.83,83.0
21,1724,14.94,34.2,21.94,0.75,73.0
21,1725,12.09,33.0,16.97,0.47,57.0
21,1726,15.09,44.55,15.95,0.45,56.0
21,1727,18.6,57.85,13.64,0.55,64.0
21,1728,15.04,59.47,12.38,0.57,67.0
21,1729,16.9,37.22,22.09,0.67,64.0
21,1730,17.28,39.46,19.61,0.67,70.0
21,1731,8.39,22.71,12.29,0.39,49.0
21,1732,8.32,27.38,10.2,0.28,40.0
21,1733,9.62,32.07,9.67,0.28,42.0
21,1734,8.33,26.16,9.8,0.32,41.0
21,1735,10.46,42.8,8.67,0.35,50.0
21,1736,16.15,56.33,11.75,0.47,64.0
21,1737,17.62,52.25,14.41,0.66,68.0
21,1738,24.77,64.32,18.88,0.71,72.0
21,1739,32.11,74.94,23.52,1.19,96.0
21,1740,35.13,77.75,27.19,0.83,99.0
21,1741,45.48,88.32,26.69,0.84,93.0
21,1742,54.08,99.28,26.33,1.45,112.0
21,1743,21.6,49.28,27.88,1.02,90.0
21,1744,39.03,81.82,33.69,0.89,89.0
21,1745,39.11,77.93,34.85,1.12,118.0
21,1746,49.37,103.99,32.46,0.83,110.0
21,1747,42.92,88.36,30.6,1.54,112.0
21,1748,55.33,112.01,32.7,0.98,117.0
21,1749,50.61,111.2,33.54,1.15,116.0
21,1750,49.19,118.26,35.06,1.24,121.0
21,1751,56.89,126.82,34.5,1.22,135.0
21,1752,62.55,129.06,35.88,1.19,135.0
21,1753,28.56,48.57,24.93,1.08,99.0
21,1754,15.09,29.91,21.0,1.19,86.0
21,1755,17.75,41.34,20.24,1.03,81.0
21,1756,17.92,44.55,22.87,1.04,76.0
21,1757,17.85,41.64,18.52,0.89,72.0
21,1758,30.71,72.1,24.2,1.04,87.0
21,1759,20.04,46.59,23.05,0.93,82.0
21,1760,25.58,57.91,18.86,0.91,69.0
21,1761,39.09,76.14,15.53,0.93,105.0
21,1762,53.5,91.27,17.36,0.68,92.0
21,1763,56.28,102.53,25.2,0.67,113.0
21,1764,40.81,84.5,25.09,0.83,97.0
21,1765,25.37,77.85,26.43,0.8,81.0
21,1766,16.55,57.59,25.78,0.65,77.0
21,1767,11.99,39.96,23.12,0.64,57.0
21,1768,20.09,62.74,23.86,0.72,71.0
21,1769,28.41,66.83,26.02,0.84,78.0
21,1770,36.96,76.94,30.58,0.85,79.0
21,1771,52.87,101.96,37.21,1.01,105.0
21,1772,19.26,52.22,20.79,0.61,84.0
21,1773,12.19,41.81,22.57,0.61,57.0
21,1774,27.12,73.34,31.47,0.8,82.0
21,1775,49.51,98.73,30.33,1.02,97.0
21,1776,57.72,106.42,39.04,1.12,108.0
21,1777,69.7,132.42,42.53,1.21,134.0
21,1778,64.9,122.75,47.12,1.03,140.0
21,1779,62.54,123.27,45.44,0.79,128.0
21,1780,69.75,128.01,48.03,0.88,131.0
21,1781,77.05,135.69,42.82,0.86,149.0
21,1782,70.89,123.26,35.4,0.93,149.0
21,1783,72.13,125.42,41.1,0.89,140.0
21,1784,90.92,163.46,52.54,1.17,184.0
21,1785,91.86,171.91,51.64,1.22,209.0
21,1786,92.37,167.92,49.5,1.16,209.0
21,1787,87.03,163.02,47.1,1.07,208.0
21,1788,82.21,154.89,42.15,1.08,184.0
21,1789,82.78,149.57,41.2,0.98,176.0
21,1790,89.06,159.83,44.9,1.06,190.0
21,1791,83.45,158.37,47.23,1.07,193.0
21,1792,73.81,143.06,40.31,0.94,173.0
21,1793,71.95,142.88,49.86,1.1,146.0
21,1794,81.38,148.72,43.02,1.21,163.0
21,1795,87.36,158.29,44.13,1.05,186.0
21,1796,94.89,168.1,40.69,1.27,212.0
21,1797,64.67,120.78,36.01,1.02,174.0
21,1798,39.87,98.1,33.4,0.93,115.0
21,1799,49.87,109.16,33.59,0.89,99.0
21,1800,65.29,121.72,36.28,1.01,111.0
21,1801,83.28,149.35,37.76,1.0,180.0
21,1802,70.54,140.48,42.12,0.96,154.0
21,1803,88.13,157.73,43.61,1.05,174.0
21,1804,82.73,147.34,42.56,1.14,205.0
21,1805,82.73,150.62,46.79,1.22,171.0
21,1806,95.77,169.34,44.51,1.29,198.0
21,1807,95.21,169.26,41.68,1.32,229.0
21,1808,72.43,132.97,39.02,1.02,203.0
21,1809,50.06,110.41,36.34,0.99,110.0
21,1810,69.63,143.27,40.24,1.15,128.0
21,1811,89.46,161.83,39.26,1.34,180.0
21,1812,80.42,149.67,37.31,1.18,191.0
21,1813,73.92,137.11,37.22,0.92,164.0
21,1814,75.17,138.83,38.8,0.98,164.0
21,1815,94.27,169.49,49.03,1.14,187.0
21,1816,94.04,174.95,45.96,1.25,212.0
21,1817,94.72,171.39,41.58,1.21,225.0
21,1818,94.33,167.3,37.77,1.18,214.0
21,1819,122.89,205.91,46.54,1.28,250.0
21,1820,134.32,215.78,44.73,1.26,283.0
21,1821,87.5,152.83,34.22,0.98,268.0
21,1822,88.03,154.44,39.77,1.02,184.0
21,1823,75.77,140.33,35.86,0.98,167.0
21,1824,75.81,145.75,36.07,0.98,160.0
21,1825,86.42,155.08,36.03,1.03,181.0
21,1826,65.76,127.82,37.46,0.82,159.0
21,1827,104.06,183.88,46.39,1.22,194.0
21,1828,107.87,171.73,41.14,1.02,260.0
21,1829,93.64,157.8,40.42,0.97,221.0
21,1830,94.05,158.44,39.68,0.96,225.0
21,1831,91.04,162.68,39.93,1.1,229.0
21,1832,70.2,142.64,38.91,1.01,157.0
21,1833,87.2,165.84,42.33,1.29,177.0
21,1834,64.97,120.55,29.07,0.89,166.0
21,1835,59.98,126.87,38.98,0.85,122.0
21,1836,65.06,143.74,43.01,0.93,127.0
21,1837,76.71,162.07,43.56,1.08,151.0
21,1838,98.12,194.66,38.02,1.47,211.0
21,1839,68.39,120.46,29.65,0.84,178.0
21,1840,36.33,97.67,26.54,0.7,100.0
21,1841,30.53,91.62,30.43,0.65,97.0
21,1842,34.16,84.73,31.54,0.66,90.0
21,1843,51.0,115.87,41.19,0.68,93.0
21,1844,87.28,167.77,55.99,0.98,160.0
21,1845,96.1,195.03,48.29,1.12,213.0
21,1846,89.26,181.54,47.23,1.3,205.0
21,1847,96.99,207.73,44.95,1.58,227.0
21,1848,78.69,173.23,42.07,1.49,192.0
21,1849,87.78,189.99,44.52,1.24,196.0
21,1850,73.57,163.95,40.8,1.17,172.0
21,1851,91.57,192.11,43.88,1.32,182.0
21,1852,103.35,210.51,43.92,1.4,253.0
21,1853,57.22,120.42,29.0,0.76,183.0
21,1854,25.47,81.69,21.6,0.64,94.0
21,1855,19.77,97.0,22.88,0.56,85.0
21,1856,52.66,141.65,38.17,0.84,123.0
21,1857,65.97,158.62,43.82,1.03,145.0
21,1858,72.14,168.79,46.68,1.12,154.0
21,1859,80.79,186.22,38.05,1.31,183.0
21,1860,83.47,165.19,35.54,1.28,192.0
21,1861,77.73,151.8,40.07,0.77,178.0
21,1862,60.91,153.38,47.47,0.96,151.0
21,1863,47.67,127.57,36.64,0.87,138.0
21,1864,49.35,136.21,39.96,0.9,129.0
21,1865,68.47,151.73,39.85,1.0,133.0
21,1866,68.29,144.61,31.18,1.03,142.0
21,1867,56.58,129.32,36.19,0.93,134.0
21,1868,60.95,143.87,38.82,1.05,130.0
21,1869,60.53,145.25,48.17,1.1,136.0
21,1870,67.91,152.14,52.26,1.11,144.0
21,1871,58.14,149.22,48.61,0.87,141.0
21,1872,53.27,151.37,45.62,0.88,141.0
21,1873,68.93,165.51,47.33,0.95,147.0
21,1874,102.48,212.49,54.75,1.3,234.0
21,1875,88.15,201.4,61.16,1.25,217.0
21,1876,92.5,212.28,59.13,1.32,224.0
21,1877,62.8,146.64,46.33,1.0,175.0
21,1878,39.37,100.68,35.82,0.75,110.0
21,1879,65.93,157.96,53.25,0.97,121.0
21,1880,77.63,194.83,57.94,1.19,185.0
21,1881,84.7,185.63,56.76,1.22,176.0
21,1882,48.01,152.41,49.44,0.95,170.0
21,1883,41.03,131.59,50.32,0.75,130.0
21,1884,51.74,144.95,57.91,0.92,136.0
21,1885,77.61,185.24,71.94,1.37,173.0
21,1886,74.98,183.77,58.47,1.24,193.0
21,1887,43.39,121.29,32.11,0.65,125.0
21,1888,52.18,142.49,28.46,0.77,123.0
21,1889,43.68,137.1,26.55,0.46,127.0
21,1890,36.73,122.49,27.93,0.52,118.0
21,1891,32.59,108.48,26.95,0.53,108.0
21,1892,20.15,105.77,19.07,0.43,102.0
21,1893,24.45,131.04,23.93,0.48,107.0
21,1894,27.0,125.15,31.81,0.57,122.0
21,1895,35.03,134.18,31.06,0.67,121.0
21,1896,40.47,125.98,20.36,0.77,128.0
21,1897,16.04,74.65,19.18,0.43,88.0
21,1898,18.59,80.55,24.74,0.49,80.0
21,1899,23.81,108.48,30.64,0.5,84.0
21,1900,30.33,126.36,34.81,0.58,117.0
21,1901,49.84,175.84,41.75,1.01,143.0
21,1902,57.99,190.49,53.12,1.24,154.0
21,1903,78.54,204.96,52.95,1.66,191.0
21,1904,52.03,150.71,42.38,1.02,167.0
21,1905,30.33,99.38,26.7,0.6,113.0
21,1906,21.08,84.44,14.85,0.5,91.0
21,1907,20.14,67.91,16.51,0.47,82.0
21,1908,16.75,53.27,9.46,0.36,67.0
21,1909,23.48,64.7,11.07,0.42,66.0
21,1910,35.58,92.81,12.34,0.52,86.0
21,1911,30.86,77.24,11.34,0.5,91.0
21,1912,27.82,65.48,11.3,0.43,71.0
21,1913,24.81,69.65,8.64,0.4,70.0
21,1914,28.14,67.46,11.9,0.48,78.0
21,1915,23.43,66.1,9.89,0.42,78.0
21,1916,23.57,63.65,9.66,0.43,77.0
21,1917,25.36,63.61,9.0,0.46,69.0
21,1918,20.08,58.94,7.77,0.4,63.0
21,1919,26.27,77.19,8.62,0.43,78.0
21,1920,24.33,83.88,7.58,0.39,85.0
21,1921,24.7,78.44,7.94,0.42,83.0
21,1922,27.36,73.53,8.48,0.44,78.0
21,1923,20.82,54.45,6.55,0.36,67.0
21,1924,24.1,79.61,6.24,0.36,62.0
21,1925,29.52,98.54,6.72,0.37,93.0
21,1926,28.3,93.39,6.81,0.38,95.0
21,1927,25.89,83.39,6.96,0.37,87.0
21,1928,29.54,82.21,7.98,0.44,81.0
21,1929,28.26,81.99,9.13,0.45,86.0
21,1930,25.58,75.31,9.18,0.44,79.0
21,1931,26.89,81.61,10.47,0.53,87.0
21,1932,26.61,66.58,9.77,0.72,85.0
21,1933,20.55,55.03,9.16,0.59,75.0
21,1934,20.54,53.53,7.89,0.64,73.0
21,1935,18.48,52.34,8.08,0.63,70.0
21,1936,19.99,63.75,9.07,0.65,74.0
21,1937,25.7,81.0,10.38,0.7,82.0
21,1938,18.64,54.81,6.97,0.57,76.0
21,1939,18.03,52.92,6.11,0.41,61.0
21,1940,19.8,54.84,6.99,0.4,67.0
21,1941,20.82,47.88,6.09,0.38,58.0
21,1942,16.78,44.63,6.5,0.32,57.0
21,1943,19.05,51.09,8.25,0.36,63.0
21,1944,17.23,45.04,5.72,0.34,60.0
21,1945,19.82,50.93,7.66,0.35,60.0
21,1946,21.01,57.68,6.68,0.36,77.0
21,1947,20.8,53.42,6.96,0.33,68.0
21,1948,15.53,43.76,5.54,0.31,61.0
21,1949,13.15,39.87,5.44,0.28,53.0
21,1950,12.02,34.64,5.28,0.27,53.0
21,1951,11.51,33.77,5.21,0.28,47.0
21,1952,11.2,42.66,6.59,0.29,51.0
21,1953,12.09,55.6,6.71,0.3,61.0
21,1954,14.3,52.48,6.24,0.35,65.0
21,1955,15.26,60.85,5.62,0.38,69.0
21,1956,14.21,54.67,5.12,0.3,67.0
21,1957,13.08,49.13,3.32,0.3,70.0
21,1958,16.85,57.84,6.4,0.36,75.0
21,1959,13.72,51.68,5.73,0.34,81.0
21,1960,14.67,53.52,7.35,0.28,74.0
21,1961,15.23,56.14,9.24,0.29,65.0
21,1962,17.67,62.36,9.47,0.31,70.0
21,1963,30.44,109.67,9.88,0.31,79.0
21,1964,29.74,110.21,8.21,0.28,119.0
21,1965,21.3,74.82,9.61,0.26,86.0
21,1966,15.36,65.41,9.44,0.28,74.0
21,1967,14.14,48.48,11.07,0.28,66.0
21,1968,16.44,43.01,12.93,0.27,57.0
21,1969,14.78,43.77,11.9,0.26,51.0
21,1970,15.18,52.48,10.89,0.29,55.0
21,1971,12.33,44.41,10.01,0.25,55.0
21,1972,11.81,53.97,9.36,0.25,54.0
21,1973,12.64,60.01,8.14,0.24,57.0
21,1974,11.7,49.07,8.74,0.21,59.0
21,1975,12.21,46.97,7.43,0.22,56.0
21,1976,7.33,30.7,7.02,0.26,50.0
21,1977,10.08,42.19,6.63,0.27,49.0
21,1978,8.99,41.07,6.51,0.31,53.0
21,1979,17.27,44.22,13.22,0.33,48.0
21,1980,21.94,46.59,16.61,0.43,52.0
21,1981,8.38,19.05,12.38,0.28,50.0
21,1982,20.53,47.52,15.73,0.34,48.0
21,1983,11.26,33.01,16.35,0.31,66.0
21,1984,9.38,30.27,10.81,0.28,46.0
21,1985,10.85,35.86,10.79,0.31,49.0
21,1986,8.92,25.63,13.93,0.33,50.0
21,1987,8.93,28.08,10.65,0.33,47.0
21,1988,10.43,34.98,8.75,0.33,48.0
21,1989,9.0,28.18,8.24,0.32,48.0
21,1990,10.46,31.78,11.19,0.38,52.0
21,1991,10.36,27.75,12.43,0.39,54.0
21,1992,9.87,25.02,12.87,0.38,51.0
21,1993,10.58,27.54,14.08,0.4,49.0
21,1994,9.59,22.68,13.97,0.44,54.0
21,1995,6.62,21.38,14.26,0.41,46.0
21,1996,7.46,26.97,16.02,0.43,50.0
21,1997,14.69,54.73,11.74,0.42,58.0
21,1998,11.97,52.15,8.43,0.34,61.0
21,1999,9.27,41.0,9.94,0.32,55.0
21,2000,12.61,47.23,10.56,0.39,51.0
21,2001,9.56,32.9,14.83,0.38,59.0
21,2002,8.73,30.22,11.76,0.4,55.0
21,2003,11.84,43.79,9.81,0.4,59.0
21,2004,13.82,47.1,8.6,0.42,57.0
21,2005,18.04,63.72,8.58,0.43,64.0
21,2006,12.33,44.84,8.06,0.38,64.0
21,2007,7.88,27.51,7.94,0.38,54.0
21,2008,4.66,13.87,8.02,0.36,54.0
21,2009,3.84,11.28,5.57,0.37,53.0
22,152,,,25.06,1.56,
22,153,,,22.48,2.35,
22,154,,,17.16,1.69,
22,155,,,15.62,1.2,
22,156,,,10.36,1.29,
22,157,,,18.56,1.44,
22,158,,,27.97,1.42,
22,159,,,29.72,1.33,
22,160,,,28.6,1.7,
22,161,,,20.42,2.28,
22,162,,,18.38,1.08,
22,163,,,17.14,1.0,
22,164,,,16.58,0.44,
22,165,,,19.71,0.59,
22,166,,,22.41,1.38,
22,167,,,17.15,1.53,
22,168,,,22.37,1.99,
22,169,,,17.95,1.71,
22,170,,,17.43,1.34,
22,171,,,12.65,1.12,
22,172,,,11.84,1.13,
22,173,,,12.45,2.1,
22,174,,,11.31,1.44,
22,175,,,20.67,3.04,
22,176,,,9.67,0.62,
22,177,,,16.48,0.92,
22,178,,,18.11,1.92,
22,179,,,14.6,0.53,
22,180,,,22.39,1.57,
22,181,,,21.23,1.75,
22,182,,,14.58,1.07,
22,183,,,14.32,0.74,
22,184,,,14.73,1.23,
22,185,,,15.31,1.32,
22,186,,,10.86,1.1,
22,187,,,16.58,2.52,
22,188,,,12.16,1.8,
22,189,,,10.1,1.35,
22,190,,,10.16,1.35,
22,191,,,7.55,3.91,
22,192,,,8.74,2.02,
22,193,,,6.82,2.1,
22,194,,,19.81,1.94,
22,195,,,19.86,2.53,
22,196,,,18.81,1.03,
22,197,,,22.63,2.18,
22,198,,,13.9,2.1,
22,199,,,14.27,2.09,
22,200,,,11.5,2.01,
22,201,,,13.13,2.25,
22,202,,,11.94,2.03,
22,203,,,13.51,3.01,
22,204,,,16.57,1.78,
22,205,,,15.2,1.69,
22,206,,,14.1,1.82,
22,207,,,14.97,1.96,
22,208,,,12.07,1.74,
22,209,,,11.93,1.75,
22,210,,,12.34,1.73,
22,211,,,11.77,1.68,
22,212,,,12.39,1.78,
22,213,,,10.31,2.0,
22,214,,,12.29,1.8,
22,215,,,30.33,1.43,
22,216,,,9.12,1.9,
22,217,,,13.1,1.4,
22,218,,,23.01,1.98,
22,219,,,13.91,1.59,
22,220,,,9.95,1.92,
22,221,,,3.93,0.75,
22,222,,,24.06,1.56,
22,223,,,18.51,1.41,
22,224,,,18.59,1.34,
22,225,,,15.57,1.16,
22,226,,,16.92,0.98,
22,227,,,15.69,1.04,
22,228,,,18.45,2.73,
22,229,,,14.22,1.88,
22,230,,,12.51,1.71,
22,231,,,10.85,1.56,
22,232,,,12.09,0.87,
22,233,,,17.3,1.52,
22,234,,,16.94,1.45,
22,235,,,15.32,1.29,
22,236,,,19.76,1.5,
22,237,,,15.99,1.18,
22,238,,,19.6,1.22,
22,239,,,16.97,1.48,
22,240,,,17.02,1.45,
22,241,,,16.68,1.27,
22,242,,,15.52,0.99,
22,243,,,12.18,1.19,
22,244,,,12.85,0.98,
22,245,,,10.16,0.88,
22,246,,,15.01,1.12,
22,247,,,13.6,1.03,
22,248,,,14.72,1.1,
22,249,,,11.87,0.93,
22,250,,,14.59,1.26,
22,251,,,9.9,1.13,
22,252,,,6.0,1.22,
22,253,,,17.68,1.84,
22,254,,,22.02,2.12,
22,255,,,25.69,2.28,
22,256,,,,,
22,257,,,25.89,1.78,
22,258,,,25.65,1.35,
22,259,,,26.18,1.16,
22,260,,,25.29,1.09,
22,261,,,25.39,1.53,
22,262,,,27.22,1.53,
22,263,,,,,
22,264,,,20.91,2.5,
22,265,,,21.46,1.88,
22,266,,,20.81,1.03,
22,267,,,22.92,1.01,
22,268,,,21.29,0.91,
22,269,,,18.68,0.97,
22,270,,,20.26,1.01,
22,271,,,23.25,1.32,
22,272,,,26.33,1.41,
22,273,,,31.05,1.07,
22,274,100.96,,28.3,1.3,
22,275,71.2,,21.49,2.44,
22,276,74.28,,21.98,1.04,154.0
22,277,118.5,,24.01,1.12,156.0
22,278,99.12,,27.6,1.63,222.0
22,279,107.03,,22.55,1.52,257.0
22,280,111.0,,26.21,1.56,246.0
22,281,107.48,,24.39,1.83,282.0
22,282,121.5,,23.53,1.18,234.0
22,283,,,,,
22,284,,,,,
22,285,,,,,
22,286,,,,,
22,287,,,,,
22,288,68.34,,31.56,1.66,
22,289,87.82,,30.75,1.25,165.0
22,290,95.74,,31.51,1.56,193.0
22,291,170.0,,24.45,2.26,259.0
22,292,116.35,,30.0,1.47,
22,293,83.8,,28.08,1.27,
22,294,98.72,,27.44,1.63,214.0
22,295,128.72,,30.24,1.81,260.0
22,296,120.64,,26.28,1.2,312.0
22,297,119.64,,38.79,1.58,274.0
22,298,197.17,,40.47,1.24,
22,299,125.35,,34.67,1.92,294.0
22,300,136.26,,24.67,1.67,313.0
22,301,201.0,,26.66,1.34,306.0
22,302,66.43,,28.0,1.16,145.0
22,303,66.17,,23.37,1.59,137.0
22,304,116.88,,30.07,1.8,196.0
22,305,192.0,,26.57,1.58,306.0
22,306,114.42,,29.37,2.2,253.0
22,307,132.89,,25.7,1.42,311.0
22,308,124.45,,26.49,1.42,270.0
22,309,128.25,,28.0,1.57,305.0
22,310,170.54,,31.08,2.31,330.0
22,311,217.82,,30.86,2.53,355.0
22,312,211.84,,33.03,2.41,377.0
22,313,183.37,,33.5,1.96,354.0
22,314,217.98,,28.78,1.84,361.0
22,315,225.05,,23.99,1.46,367.0
22,316,214.09,,26.9,1.54,385.0
22,317,200.98,,28.02,1.61,374.0
22,318,240.12,,25.54,1.71,375.0
22,319,249.21,,27.83,1.2,392.0
22,320,279.32,,24.69,2.32,402.0
22,321,222.41,,26.47,2.03,407.0
22,322,238.43,,24.26,1.81,388.0
22,323,195.85,,23.62,2.48,362.0
22,324,275.71,,27.91,2.74,394.0
22,325,315.16,,33.24,3.67,441.0
22,326,422.92,,36.42,4.1,447.0
22,327,273.82,,37.1,3.63,407.0
22,328,305.56,,37.41,2.67,422.0
22,329,281.76,,34.87,3.43,426.0
22,330,253.51,,31.61,2.66,436.0
22,331,240.39,,43.46,3.17,389.0
22,332,199.25,,42.36,1.69,381.0
22,333,119.5,,38.99,0.78,348.0
22,334,221.33,,36.98,3.24,365.0
22,335,247.61,,32.13,3.0,394.0
22,336,189.19,,31.95,1.94,395.0
22,337,160.84,,28.14,2.32,309.0
22,338,230.61,,31.59,3.31,359.0
22,339,242.71,,35.95,2.62,416.0
22,340,174.18,,31.43,1.89,358.0
22,341,186.38,,29.32,1.97,343.0
22,342,198.38,,25.24,1.88,359.0
22,343,169.68,,27.61,2.67,344.0
22,344,150.2,,33.72,1.79,329.0
22,345,194.92,,38.96,2.0,336.0
22,346,276.74,,36.49,2.58,381.0
22,347,250.54,,38.0,1.86,431.0
22,348,207.56,,43.54,1.88,387.0
22,349,208.42,,42.36,1.92,353.0
22,350,272.46,,41.71,2.4,405.0
22,351,321.28,,43.6,3.15,415.0
22,352,283.03,,44.37,2.08,463.0
22,353,322.19,,42.01,2.98,412.0
22,354,645.5,,40.82,5.7,490.0
22,355,299.25,,42.69,2.55,423.0
22,356,296.46,,42.42,2.87,444.0
22,357,281.18,,45.18,2.82,428.0
22,358,284.03,,43.49,2.16,430.0
22,359,255.32,,37.49,1.86,405.0
22,360,218.97,,36.14,1.93,379.0
22,361,324.5,,38.86,2.26,390.0
22,362,364.83,,43.96,2.51,477.0
22,363,391.47,,45.49,2.35,498.0
22,364,498.75,,51.59,8.06,507.0
22,365,498.02,,45.11,6.15,586.0
22,366,553.63,,39.36,5.75,619.0
22,367,454.15,,35.62,3.45,598.0
22,368,406.49,,36.59,3.8,522.0
22,369,361.88,,34.76,3.55,501.0
22,370,373.44,,39.02,3.65,490.0
22,371,451.4,,40.48,5.48,542.0
22,372,290.05,,42.48,2.8,488.0
22,373,260.51,,40.09,1.79,414.0
22,374,196.61,,35.89,1.56,383.0
22,375,156.03,,38.34,1.69,330.0
22,376,234.13,,39.03,2.59,366.0
22,377,301.41,,32.02,4.71,417.0
22,378,355.4,,25.68,6.21,456.0
22,379,412.87,,42.07,4.23,512.0
22,380,312.14,,43.25,3.26,502.0
22,381,195.43,,37.64,2.34,393.0
22,382,190.89,,43.84,2.31,341.0
22,383,194.96,,40.07,2.8,364.0
22,384,211.12,,32.87,1.39,357.0
22,385,184.21,,29.41,1.36,347.0
22,386,167.6,,26.51,1.36,354.0
22,387,159.71,,26.42,1.06,328.0
22,388,269.74,,28.89,1.93,346.0
22,389,302.58,,41.38,2.12,454.0
22,390,335.55,,38.73,2.98,440.0
22,391,298.3,,38.43,2.49,468.0
22,392,248.62,,39.34,1.84,424.0
22,393,272.65,,36.55,1.85,395.0
22,394,309.87,,39.45,2.27,443.0
22,395,337.37,,37.33,2.38,463.0
22,396,345.73,,37.92,2.25,453.0
22,397,239.65,,34.36,2.02,458.0
22,398,212.25,,35.96,1.4,368.0
22,399,102.21,,34.18,1.16,320.0
22,400,148.58,,35.0,1.29,280.0
22,401,365.0,,39.23,2.22,333.0
22,402,,,,,
22,403,,,,,
22,404,,,,,
22,405,193.44,,28.69,1.55,
22,406,194.24,,28.56,1.6,359.0
22,407,248.22,,32.37,2.36,374.0
22,408,181.54,,29.52,1.95,373.0
22,409,223.92,,33.75,2.84,361.0
22,410,189.19,,32.71,1.98,362.0
22,411,196.19,,33.11,1.6,359.0
22,412,198.92,,31.9,1.02,350.0
22,413,115.71,,27.12,1.98,
22,414,116.36,,25.19,1.06,303.0
22,415,94.58,,23.0,1.11,222.0
22,416,122.07,,23.36,1.33,272.0
22,417,130.5,,23.81,0.62,301.0
22,418,63.6,,24.41,0.89,148.0
22,419,96.72,,28.3,1.16,157.0
22,420,131.62,,31.58,1.36,301.0
22,421,161.57,,32.15,1.37,322.0
22,422,112.65,,27.51,0.79,306.0
22,423,113.99,,21.68,1.41,269.0
22,424,127.13,,21.58,2.43,298.0
22,425,146.86,,31.03,1.46,317.0
22,426,91.83,,20.05,1.24,320.0
22,427,144.07,,27.11,1.57,303.0
22,428,180.16,,30.15,1.51,343.0
22,429,175.65,,30.56,2.68,327.0
22,430,247.52,,25.74,1.67,390.0
22,431,205.0,,18.5,1.26,376.0
22,432,94.47,,23.43,1.05,210.0
22,433,51.77,,23.26,0.99,156.0
22,434,82.68,,19.81,1.02,155.0
22,435,79.5,,21.9,0.39,174.0
22,436,66.46,,28.44,3.12,
22,437,73.38,,28.03,1.55,216.0
22,438,32.0,,59.54,0.69,125.0
22,439,61.64,,50.84,1.49,170.0
22,440,102.93,,2.32,1.38,240.0
22,441,104.17,,19.89,1.17,241.0
22,442,80.08,,26.21,1.65,157.0
22,443,155.15,,26.99,1.7,314.0
22,444,66.5,,26.08,1.6,280.0
22,445,,,,,
22,446,84.45,,17.47,1.42,193.0
22,447,41.42,,14.03,0.59,100.0
22,448,142.92,,18.76,1.9,176.0
22,449,165.42,,20.3,2.08,
22,450,122.33,,27.77,1.54,
22,451,142.83,,19.8,1.54,322.0
22,452,151.61,,15.07,1.53,314.0
22,453,72.89,,11.5,1.15,199.0
22,454,81.45,,14.16,1.3,139.0
22,455,147.27,,13.8,1.82,302.0
22,456,135.87,,8.48,2.01,316.0
22,457,52.08,,12.75,1.32,183.0
22,458,68.82,,14.49,1.29,91.0
22,459,116.43,,10.42,1.48,289.0
22,460,91.12,,13.56,1.76,198.0
22,461,95.61,,12.95,1.15,222.0
22,462,56.0,,13.99,1.06,211.0
22,463,64.36,,17.18,1.1,108.0
22,464,59.97,,16.56,1.52,144.0
22,465,63.68,,13.68,1.41,140.0
22,466,67.83,,13.31,1.17,152.0
22,467,68.21,,14.32,1.4,147.0
22,468,55.92,,9.87,1.26,148.0
22,469,50.42,,1.0,1.79,166.0
22,470,79.44,,1.89,1.28,131.0
22,471,70.25,,7.09,1.36,
22,472,119.91,,5.79,1.47,285.0
22,473,66.73,,9.13,1.14,226.0
22,474,66.36,,11.13,1.44,155.0
22,475,64.81,,10.99,2.09,165.0
22,476,89.45,,16.78,1.48,194.0
22,477,60.25,,10.8,1.14,170.0
22,478,66.23,,11.18,1.1,134.0
22,479,112.04,,13.03,1.22,182.0
22,480,64.0,,12.33,0.55,280.0
22,481,62.5,,12.1,0.87,104.0
22,482,65.06,,10.48,1.27,112.0
22,483,139.0,,0.86,2.35,262.0
22,484,103.2,,3.17,1.49,329.0
22,485,112.71,,3.32,1.23,269.0
22,486,107.22,,3.32,2.44,225.0
22,487,94.3,,3.34,2.7,263.0
22,488,113.64,,3.13,1.39,305.0
22,489,105.17,,3.28,1.26,252.0
22,490,69.21,,3.25,1.32,157.0
22,491,77.02,,3.24,1.6,147.0
22,492,118.74,,3.11,1.64,262.0
22,493,74.61,,3.34,1.28,233.0
22,494,98.17,,3.15,1.1,230.0
22,495,76.96,,3.6,0.89,141.0
22,496,115.88,,15.26,3.03,215.0
22,497,62.22,,26.51,1.32,215.0
22,498,65.42,,26.94,1.36,150.0
22,499,59.59,,23.02,1.22,147.0
22,500,63.54,,18.56,1.21,134.0
22,501,58.5,,17.05,1.14,137.0
22,502,64.47,,23.26,1.8,141.0
22,503,70.67,,33.56,1.36,109.0
22,504,49.74,,19.44,1.27,132.0
22,505,41.25,,15.97,1.21,115.0
22,506,39.84,,14.55,1.22,104.0
22,507,44.05,,22.03,2.08,68.0
22,508,91.96,,18.01,1.28,221.0
22,509,61.75,,20.31,1.48,126.0
22,510,59.26,,23.07,1.42,137.0
22,511,64.21,,24.28,1.35,141.0
22,512,110.88,,26.51,1.48,219.0
22,513,150.08,,21.16,1.19,259.0
22,514,415.43,,18.96,1.15,494.0
22,515,66.17,,21.01,1.34,264.0
22,516,86.67,,26.19,1.9,180.0
22,517,81.11,,26.47,1.59,182.0
22,518,68.89,,20.32,1.51,147.0
22,519,73.5,,25.94,1.53,155.0
22,520,169.52,,24.6,1.73,244.0
22,521,66.58,,21.86,1.32,271.0
22,522,56.37,,20.28,1.24,128.0
22,523,56.57,,18.2,0.68,95.0
22,524,37.5,,18.27,6.44,
22,525,95.61,,22.83,1.44,235.0
22,526,77.65,,19.46,1.48,150.0
22,527,50.0,,21.23,0.87,
22,528,84.0,,23.85,1.23,
22,529,,,,,
22,530,53.5,,22.26,1.08,
22,531,60.29,,28.03,1.95,
22,532,74.71,,15.64,1.14,134.0
22,533,43.67,,20.74,1.09,
22,534,48.0,,21.23,2.44,
22,535,43.61,,22.51,1.89,
22,536,45.75,,14.56,1.11,119.0
22,537,47.5,,18.23,1.26,121.0
22,538,46.67,,16.74,1.05,123.0
22,539,39.48,,13.03,1.46,128.0
22,540,67.86,,22.48,0.91,102.0
22,541,48.93,,15.2,1.3,139.0
22,542,57.6,,23.22,1.19,80.0
22,543,96.77,,17.54,1.26,238.0
22,544,68.22,,22.89,1.21,127.0
22,545,83.29,,20.03,0.9,202.0
22,546,43.12,,23.34,1.4,139.0
22,547,45.54,,20.88,0.6,85.0
22,548,40.3,,26.47,1.2,
22,549,36.96,,47.22,1.37,136.0
22,550,32.14,,25.72,0.51,130.0
22,551,36.0,,0.04,1.7,
22,552,37.95,,28.08,1.3,127.0
22,553,44.45,,52.11,1.41,146.0
22,554,43.0,,37.87,1.27,157.0
22,555,49.11,,35.89,2.61,94.0
22,556,34.4,,20.27,1.14,
22,557,39.08,,13.49,1.3,137.0
22,558,35.0,,15.23,1.32,117.0
22,559,32.0,,11.7,1.24,113.0
22,560,47.58,,20.76,2.17,
22,561,59.33,,15.22,1.26,140.0
22,562,40.91,,11.82,1.26,128.0
22,563,38.0,,10.37,3.92,
22,564,36.25,,10.73,2.59,
22,565,37.83,,11.57,1.12,124.0
22,566,42.11,,11.83,1.06,122.0
22,567,49.88,,15.79,1.32,117.0
22,568,58.33,,16.29,0.75,108.0
22,569,56.72,,17.69,0.94,94.0
22,570,43.43,,11.39,0.54,81.0
22,571,43.1,,16.32,1.95,
22,572,46.0,,13.84,1.9,179.0
22,573,42.62,,13.72,1.26,124.0
22,574,40.43,,12.21,0.69,65.0
22,575,64.13,,19.68,1.15,95.0
22,576,44.97,,6.45,0.82,88.0
22,577,54.18,,11.76,0.93,86.0
22,578,53.0,,18.64,1.02,93.0
22,579,41.62,,14.88,0.96,84.0
22,580,191.41,,15.6,1.09,228.0
22,581,30.09,,13.29,2.11,294.0
22,582,26.99,,11.28,0.81,73.0
22,583,68.36,,12.18,1.27,166.0
22,584,78.82,,10.46,0.83,153.0
22,585,26.13,,9.8,1.11,111.0
22,586,33.32,,11.75,0.84,60.0
22,587,46.89,,17.22,1.7,134.0
22,588,80.32,,16.43,1.0,185.0
22,589,24.8,,14.65,1.48,123.0
22,590,35.8,,24.01,1.43,63.0
22,591,36.83,,19.66,0.93,65.0
22,592,92.47,,17.36,1.23,189.0
22,593,53.8,,15.2,1.25,135.0
22,594,29.83,,17.18,1.21,116.0
22,595,31.27,,18.74,1.59,119.0
22,596,26.0,,13.79,1.14,124.0
22,597,39.17,,14.48,1.09,102.0
22,598,55.21,,17.58,1.18,124.0
22,599,41.88,,14.53,1.02,126.0
22,600,25.35,,13.83,1.04,106.0
22,601,45.04,,18.24,1.11,103.0
22,602,65.56,,18.47,1.25,133.0
22,603,83.62,,33.45,1.03,125.0
22,604,47.9,,24.67,1.3,166.0
22,605,38.57,,23.07,1.66,73.0
22,606,36.43,,19.98,0.98,72.0
22,607,54.38,,25.4,0.98,84.0
22,608,42.94,,21.95,1.3,120.0
22,609,51.75,,17.66,1.2,127.0
22,610,35.06,,14.25,1.53,133.0
22,611,38.8,,13.13,0.89,99.0
22,612,26.06,,14.57,1.1,113.0
22,613,45.36,,17.56,0.79,62.0
22,614,76.12,,22.33,1.72,142.0
22,615,43.17,,20.19,1.57,144.0
22,616,81.48,,20.37,1.23,158.0
22,617,99.07,,20.45,1.88,202.0
22,618,48.54,,17.66,1.24,135.0
22,619,97.21,,21.84,1.13,204.0
22,620,91.08,,16.8,1.22,214.0
22,621,31.62,,18.12,0.87,84.0
22,622,40.96,,15.45,2.05,155.0
22,623,40.93,,16.43,1.64,124.0
22,624,87.32,,17.48,1.14,186.0
22,625,97.75,,22.36,1.67,194.0
22,626,35.55,,14.93,0.76,110.0
22,627,89.06,,16.34,1.21,168.0
22,628,61.78,,16.08,0.8,138.0
22,629,51.0,,23.03,1.73,
22,630,71.62,,18.75,1.13,192.0
22,631,38.36,,17.58,1.16,105.0
22,632,47.46,,16.75,1.17,126.0
22,633,36.96,,16.64,1.24,117.0
22,634,120.7,,14.21,0.58,152.0
22,635,39.0,,23.42,1.32,
22,636,51.86,,20.89,1.44,134.0
22,637,79.44,,19.94,1.46,187.0
22,638,35.66,,20.77,1.07,95.0
22,639,105.85,,16.8,1.41,201.0
22,640,52.04,,23.18,1.13,146.0
22,641,296.42,,22.01,1.05,102.0
22,642,121.02,,20.87,1.56,393.0
22,643,91.71,,26.71,1.61,207.0
22,644,115.54,,21.09,1.86,241.0
22,645,69.0,,24.43,2.43,258.0
22,646,65.46,,20.97,1.49,162.0
22,647,48.71,,17.22,0.85,104.0
22,648,,,,,92.0
22,649,70.85,,19.09,1.95,
22,650,60.92,,18.29,0.82,
22,651,103.94,,14.7,1.14,195.0
22,652,114.1,,15.32,1.02,302.0
22,653,133.66,,21.0,1.33,284.0
22,654,133.25,,24.85,1.3,310.0
22,655,,,,0.86,243.0
22,656,91.42,,20.31,1.3,
22,657,161.25,,34.18,1.41,
22,658,122.43,,31.12,1.47,309.0
22,659,112.42,,26.08,1.27,287.0
22,660,112.0,,21.45,1.22,276.0
22,661,116.23,,20.81,1.27,273.0
22,662,149.04,,18.9,1.14,322.0
22,663,131.05,,25.59,1.45,284.0
22,664,163.83,,35.43,1.35,313.0
22,665,195.54,,26.36,1.52,364.0
22,666,160.62,,30.24,1.68,337.0
22,667,144.73,,27.65,1.87,319.0
22,668,191.33,,28.01,1.48,319.0
22,669,372.28,,30.28,1.76,423.0
22,670,415.99,,30.21,1.59,573.0
22,671,173.54,,28.01,1.36,410.0
22,672,156.08,,33.14,1.41,334.0
22,673,136.93,,30.42,1.63,310.0
22,674,221.38,,31.43,2.03,308.0
22,675,555.33,,25.81,0.76,476.0
22,676,129.5,,17.65,0.77,
22,677,177.99,,20.26,1.35,331.0
22,678,262.44,,31.13,1.44,381.0
22,679,335.78,,21.14,1.66,440.0
22,680,211.3,,37.8,1.77,469.0
22,681,176.06,,30.7,1.61,351.0
22,682,211.58,,37.76,1.51,356.0
22,683,179.71,,28.36,1.6,365.0
22,684,150.36,,36.95,1.86,330.0
22,685,144.75,,34.09,1.54,323.0
22,686,154.15,,37.96,1.52,326.0
22,687,256.14,,39.88,1.82,360.0
22,688,244.5,,41.3,1.92,392.0
22,689,204.53,,43.63,2.23,399.0
22,690,292.92,,36.69,1.77,421.0
22,691,293.74,,35.76,2.01,414.0
22,692,265.52,,36.2,1.97,429.0
22,693,199.17,,41.0,3.07,405.0
22,694,254.83,,39.57,2.13,397.0
22,695,282.43,,36.49,2.57,402.0
22,696,279.68,,37.82,3.45,422.0
22,697,404.21,,41.19,3.34,460.0
22,698,376.52,,34.29,2.97,482.0
22,699,461.53,,36.2,3.63,525.0
22,700,322.79,,37.83,3.42,538.0
22,701,213.92,,40.84,2.27,407.0
22,702,192.35,,50.69,3.45,360.0
22,703,251.92,,25.2,2.21,391.0
22,704,188.04,,26.77,1.87,362.0
22,705,278.25,,31.83,2.63,379.0
22,706,238.16,,35.18,2.46,415.0
22,707,196.16,,32.81,2.39,381.0
22,708,175.96,,27.05,2.11,356.0
22,709,207.79,,27.46,1.79,355.0
22,710,201.17,,22.1,1.87,362.0
22,711,152.52,,18.88,1.86,340.0
22,712,207.5,,29.14,2.38,328.0
22,713,188.93,,24.18,1.96,362.0
22,714,276.92,,32.83,2.46,
22,715,246.42,,28.44,2.91,390.0
22,716,238.56,,34.18,4.64,408.0
22,717,284.71,,31.46,3.43,
22,718,392.31,,18.36,2.08,472.0
22,719,197.94,,29.47,2.26,359.0
22,720,296.0,,33.41,3.4,364.0
22,721,420.88,,35.34,4.14,500.0
22,722,466.48,,36.53,4.18,568.0
22,723,357.91,,26.5,2.63,530.0
22,724,392.75,,37.22,6.23,458.0
22,725,427.46,,31.64,4.31,565.0
22,726,274.23,,19.14,2.41,453.0
22,727,179.13,,14.69,1.53,378.0
22,728,170.28,,24.61,1.98,335.0
22,729,269.91,,22.76,2.41,391.0
22,730,242.58,,21.6,2.34,408.0
22,731,158.75,,20.13,1.82,346.0
22,732,199.0,,18.69,1.16,332.0
22,733,307.27,,28.22,3.89,
22,734,229.8,,18.89,2.55,429.0
22,735,180.95,,17.02,1.76,345.0
22,736,205.62,,17.87,2.31,339.0
22,737,238.36,,24.54,2.3,403.0
22,738,195.2,,32.98,2.57,374.0
22,739,223.67,,27.63,2.72,360.0
22,740,268.38,,35.12,3.25,396.0
22,741,174.41,,30.7,2.08,406.0
22,742,136.67,,24.84,1.46,308.0
22,743,138.12,,32.3,1.72,313.0
22,744,181.93,,38.0,1.95,358.0
22,745,220.1,,29.58,2.47,352.0
22,746,250.54,,30.79,2.23,371.0
22,747,243.71,,34.81,2.15,407.0
22,748,260.54,,42.82,2.0,402.0
22,749,422.59,,58.09,2.39,520.0
22,750,256.46,,55.48,2.06,445.0
22,751,136.57,,54.87,1.15,335.0
22,752,140.83,,49.75,1.59,301.0
22,753,201.33,,56.87,1.25,336.0
22,754,151.79,,49.08,2.24,
22,755,218.21,,50.27,2.18,353.0
22,756,282.41,,52.7,2.34,418.0
22,757,273.71,,53.67,2.6,416.0
22,758,179.29,,51.11,1.72,378.0
22,759,61.92,,45.71,1.26,230.0
22,760,88.58,,51.1,1.23,144.0
22,761,174.62,,47.22,1.54,304.0
22,762,135.36,,48.37,1.6,321.0
22,763,155.23,,36.71,1.52,315.0
22,764,172.17,,38.73,1.71,331.0
22,765,348.58,,39.15,3.12,429.0
22,766,263.04,,44.93,3.3,419.0
22,767,277.0,,53.5,3.16,442.0
22,768,290.88,,55.16,2.95,443.0
22,769,110.38,,45.31,1.12,336.0
22,770,146.47,,42.09,1.05,304.0
22,771,145.0,,48.79,1.25,
22,772,,,,,
22,773,,,,,
22,774,,,,,
22,775,,,,,
22,776,,,,,
22,777,,,,,
22,778,,,,,
22,779,,,,,
22,780,,,,,
22,781,,,,,
22,782,,,,,
22,783,,,,,
22,784,,,,,
22,785,70.52,,109.62,0.94,
22,786,65.5,,109.13,0.66,161.0
22,787,,,,,
22,788,,,,,
22,789,,,,,
22,790,61.0,,95.21,0.88,
22,791,108.2,,109.84,1.5,
22,792,120.12,,114.26,1.83,309.0
22,793,89.54,,106.38,1.54,254.0
22,794,161.0,,92.34,1.78,241.0
22,795,99.37,,120.15,1.54,325.0
22,796,80.47,,115.06,1.1,248.0
22,797,98.35,,120.8,2.29,195.0
22,798,152.52,,114.12,1.88,315.0
22,799,185.6,,94.13,2.3,314.0
22,800,169.79,,91.24,1.89,356.0
22,801,71.61,,70.52,1.5,252.0
22,802,97.92,,66.92,1.68,190.0
22,803,,,,,
22,804,70.14,,76.12,0.96,
22,805,115.38,,83.11,1.66,216.0
22,806,86.64,,38.53,1.16,
22,807,125.96,,4.7,2.47,250.0
22,808,145.47,,0.69,1.71,346.0
22,809,127.63,,0.66,1.42,224.0
22,810,76.75,,4.78,1.85,312.0
22,811,98.03,,8.53,1.43,198.0
22,812,113.14,,8.56,1.17,215.0
22,813,116.57,,6.8,1.6,287.0
22,814,253.65,,4.84,0.87,326.0
22,815,,,7.34,1.3,
22,816,133.93,,8.05,1.54,
22,817,106.58,,27.21,2.43,
22,818,157.29,,13.28,1.46,330.0
22,819,90.88,,3.0,1.05,258.0
22,820,91.26,,2.98,1.0,215.0
22,821,106.36,,2.97,1.2,199.0
22,822,105.55,,10.09,1.3,256.0
22,823,98.16,,3.11,1.0,226.0
22,824,114.5,,3.19,1.33,272.0
22,825,84.86,,3.25,1.04,299.0
22,826,58.75,,10.7,1.21,139.0
22,827,83.0,,3.25,1.19,100.0
22,828,96.7,,11.34,1.5,198.0
22,829,93.16,,10.65,1.46,228.0
22,830,105.5,,3.2,0.89,219.0
22,831,230.97,,3.26,0.97,
22,832,342.0,,10.38,1.49,439.0
22,833,146.17,,11.63,1.78,395.0
22,834,106.25,,20.17,1.68,261.0
22,835,,,,,
22,836,,,,0.0,
22,837,,,,,
22,838,,,,0.0,
22,839,,,,,
22,840,,,,,
22,841,,,,,
22,842,,,,,
22,843,,,,0.0,
22,844,,,,,
22,845,,,,,
22,846,,,,0.0,
22,847,,,,,
22,848,,,,,
22,849,,,,,
22,850,,,,,
22,851,,,,,
22,852,,,,,
22,853,,,,,
22,854,,,,,
22,855,,,,,
22,856,,,,,
22,857,,,,,
22,858,,,,,
22,859,,,,,
22,860,,,,,
22,861,,,,,
22,862,,,,,
22,863,,,,,
22,864,,,,,
22,865,,,,,
22,866,,,,,
22,867,,,,,
22,868,,,,0.0,
22,869,,,,,
22,870,,,,0.0,
22,871,,,,,
22,872,,,,0.0,
22,873,,,,,
22,874,,,,0.0,
22,875,,,,,
22,876,,,,,
22,877,,,,,
22,878,,,,0.0,
22,879,,,,,
22,880,,,,,
22,881,,,,0.0,
22,882,,,,0.0,
22,883,,,,,
22,884,,,,0.0,
22,885,,,,,
22,886,,,,0.0,
22,887,,,,,
22,888,,,,0.0,
22,889,,,,,
22,890,,,,0.0,
22,891,,,,,
22,892,,,,,
22,893,,,,,
22,894,,,,0.0,
22,895,,,,,
22,896,,,,0.0,
22,897,,,,,
22,898,,,,0.0,
22,899,,,,,
22,900,,,,,
22,901,,,,0.0,
22,902,,,,,
22,903,,,,0.0,
22,904,,,,,
22,905,,,,0.0,
22,906,,,,,
22,907,,,,,
22,908,,,,0.0,
22,909,,,,,
22,910,,,,0.0,
22,911,,,,,
22,912,,,,0.0,
22,913,,,,,
22,914,,,,,
22,915,,,,0.0,
22,916,,,,,
22,917,,,,,
22,918,,,,0.0,
22,919,,,,,
22,920,,,,,
22,921,,,,0.0,
22,922,,,,,
22,923,,,,,
22,924,,,,,
22,925,,,,,
22,926,,,,0.0,
22,927,,,,,
22,928,,,,,
22,929,,,,0.0,
22,930,,,,,
22,931,,,,,
22,932,,,,0.0,
22,933,,,,,
22,934,,,,,
22,935,,,,0.0,
22,936,,,,,
22,937,,,,,
22,938,,,,0.0,
22,939,,,,,
22,940,,,,,
22,941,,,,,
22,942,,,,,
22,943,,,,0.0,
22,944,,,,,
22,945,,,,,
22,946,,,,,
22,947,,,,0.0,
22,948,,,,,
22,949,,,,,
22,950,,,,0.0,
22,951,,,,,
22,952,,,,,
22,953,,,,0.0,
22,954,,,,,
22,955,,,,,
22,956,,,,0.0,
22,957,,,,,
22,958,,,,,
22,959,,,,,
22,960,,,,0.0,
22,961,,,,,
22,962,,,,,
22,963,,,,,
22,964,,,,,
22,965,,,,,
22,966,,,,,
22,967,,,,,
22,968,,,,,
22,969,,,,,
22,970,,,,,
22,971,,,,,
22,972,,,,,
22,973,,,,,
22,974,,,,,
22,975,,,,,
22,976,,,,,
22,977,,,,,
22,978,,,,,
22,979,,,,,
22,980,,,,0.0,
22,981,,,,,
22,982,,,,,
22,983,,,,,
22,984,,,,0.0,
22,985,,,,,
22,986,,,,,
22,987,,,,0.0,
22,988,,,,,
22,989,,,,,
22,990,,,,0.0,
22,991,,,,,
22,992,,,,,
22,993,,,,0.0,
22,994,,,,,
22,995,,,,,
22,996,,,,,
22,997,,,,0.0,
22,998,,,,,
22,999,,,,0.0,
22,1000,67.0,,23.4,0.27,
22,1001,81.75,,56.05,0.33,
22,1002,84.56,,30.04,0.65,
22,1003,37.5,,10.05,0.04,
22,1004,46.12,,13.24,0.06,
22,1005,56.35,,22.17,0.37,
22,1006,45.22,,16.61,0.38,91.0
22,1007,24.27,,20.42,0.27,69.0
22,1008,48.47,,25.61,0.41,77.0
22,1009,46.4,,21.29,0.07,81.0
22,1010,49.56,,27.38,0.37,
22,1011,37.23,,22.59,0.23,
22,1012,71.67,,49.33,0.57,
22,1013,53.04,,23.42,0.48,128.0
22,1014,42.42,,20.6,0.08,84.0
22,1015,42.0,,57.94,0.21,
22,1016,59.5,,34.38,0.07,
22,1017,71.12,,31.69,0.08,
22,1018,94.8,,29.8,0.17,
22,1019,128.78,,63.63,0.62,
22,1020,124.34,,44.6,0.53,307.0
22,1021,114.65,,48.54,0.26,
22,1022,88.38,,44.41,0.09,
22,1023,84.43,,35.42,0.5,
22,1024,,,22.25,0.02,
22,1025,44.5,,28.58,0.17,
22,1026,,,,0.0,
22,1027,106.42,,76.92,0.63,
22,1028,148.2,,85.68,1.18,
22,1029,185.62,,65.7,1.56,342.0
22,1030,158.58,,45.43,1.19,341.0
22,1031,165.01,,42.9,1.01,335.0
22,1032,146.45,,85.82,0.79,331.0
22,1033,113.67,,55.14,0.84,305.0
22,1034,138.54,,52.44,0.43,296.0
22,1035,43.54,,36.0,0.29,73.0
22,1036,,,,0.0,75.0
22,1037,117.86,,51.29,0.29,
22,1038,114.19,,226.06,1.15,
22,1039,111.81,,163.2,1.98,286.0
22,1040,115.11,,137.49,1.56,276.0
22,1041,112.84,,136.02,1.18,289.0
22,1042,147.55,,143.99,1.22,286.0
22,1043,246.45,,173.62,2.17,354.0
22,1044,296.86,,173.39,2.26,430.0
22,1045,318.54,,266.46,5.08,439.0
22,1046,263.01,,178.84,2.67,429.0
22,1047,192.85,,141.94,1.76,372.0
22,1048,173.11,,169.82,2.7,345.0
22,1049,166.83,,239.18,2.98,341.0
22,1050,106.35,,137.59,1.48,314.0
22,1051,109.71,,108.12,1.06,250.0
22,1052,110.19,,130.19,1.42,233.0
22,1053,136.59,,177.7,2.19,306.0
22,1054,165.27,,173.97,1.75,310.0
22,1055,181.46,,112.13,1.19,360.0
22,1056,136.75,,110.96,0.87,322.0
22,1057,210.4,,115.89,1.37,335.0
22,1058,262.21,,76.32,1.26,398.0
22,1059,203.29,,100.81,2.48,406.0
22,1060,305.93,,53.74,1.99,406.0
22,1061,348.67,,31.58,2.89,474.0
22,1062,284.45,,28.56,2.16,447.0
22,1063,237.81,,29.44,1.56,407.0
22,1064,300.46,,31.01,1.87,431.0
22,1065,339.2,,29.49,2.6,438.0
22,1066,401.35,,28.68,2.93,480.0
22,1067,414.58,,29.81,2.34,550.0
22,1068,279.39,,20.7,2.7,457.0
22,1069,296.04,,21.84,3.06,415.0
22,1070,335.71,,23.83,4.02,446.0
22,1071,363.93,,21.09,2.68,481.0
22,1072,275.48,,14.26,2.82,465.0
22,1073,226.61,,13.0,1.8,407.0
22,1074,270.39,,166.01,3.59,
22,1075,195.21,,142.62,2.69,387.0
22,1076,215.61,,166.19,3.0,366.0
22,1077,244.8,,152.65,2.62,385.0
22,1078,182.27,,121.4,2.01,378.0
22,1079,127.78,,114.96,1.64,314.0
22,1080,140.22,,104.52,1.71,308.0
22,1081,179.33,,78.7,1.93,336.0
22,1082,244.25,,36.81,2.51,365.0
22,1083,279.72,,73.19,2.9,406.0
22,1084,302.05,,103.91,2.36,441.0
22,1085,242.16,,55.57,3.91,
22,1086,205.39,,15.5,2.19,391.0
22,1087,179.74,,89.01,1.87,346.0
22,1088,235.52,,122.68,2.83,364.0
22,1089,260.0,,95.82,1.82,393.0
22,1090,182.57,,127.19,2.65,
22,1091,217.84,,44.58,2.23,375.0
22,1092,310.21,,31.26,2.01,363.0
22,1093,391.54,,11.99,4.02,533.0
22,1094,265.55,,5.83,3.19,438.0
22,1095,269.49,,34.49,3.47,409.0
22,1096,198.35,,72.24,2.26,396.0
22,1097,282.47,,48.77,2.6,371.0
22,1098,227.69,,22.89,2.47,440.0
22,1099,242.62,,89.94,2.58,
22,1100,277.9,,54.31,2.46,395.0
22,1101,257.28,,21.22,2.31,418.0
22,1102,235.51,,69.63,2.15,403.0
22,1103,249.54,,96.31,2.36,388.0
22,1104,322.31,,93.6,2.97,432.0
22,1105,247.38,,43.78,2.5,438.0
22,1106,207.29,,56.84,2.08,379.0
22,1107,216.37,,78.47,2.07,364.0
22,1108,249.93,,92.22,2.49,377.0
22,1109,260.02,,69.93,2.44,405.0
22,1110,191.93,,30.04,2.08,399.0
22,1111,210.23,,63.83,2.15,358.0
22,1112,191.17,,80.13,2.61,353.0
22,1113,201.14,,34.98,2.56,391.0
22,1114,181.73,,28.23,1.67,322.0
22,1115,163.57,,47.74,3.42,370.0
22,1116,114.39,,64.21,2.81,266.0
22,1117,168.88,,65.33,2.91,310.0
22,1118,202.77,,44.39,3.4,360.0
22,1119,197.48,,70.96,3.25,367.0
22,1120,172.43,,38.37,1.99,359.0
22,1121,114.95,,22.0,1.19,300.0
22,1122,110.07,,9.39,1.28,280.0
22,1123,141.28,,45.47,2.35,241.0
22,1124,250.32,,23.39,2.78,382.0
22,1125,201.07,,14.36,2.29,381.0
22,1126,264.93,,85.07,2.82,364.0
22,1127,272.9,,73.46,2.83,448.0
22,1128,214.56,,15.13,2.85,390.0
22,1129,197.7,,8.15,2.97,361.0
22,1130,153.21,,94.99,2.76,342.0
22,1131,106.65,,121.91,2.33,309.0
22,1132,80.12,,51.45,1.71,215.0
22,1133,99.27,,33.34,1.34,168.0
22,1134,128.95,,28.87,1.16,298.0
22,1135,110.05,,25.44,1.1,289.0
22,1136,100.56,,24.45,1.12,236.0
22,1137,118.69,,21.58,1.19,283.0
22,1138,159.2,,21.11,1.68,309.0
22,1139,182.73,,28.34,2.13,
22,1140,151.62,,25.05,1.43,338.0
22,1141,107.21,,22.2,0.88,302.0
22,1142,94.82,,20.64,0.85,198.0
22,1143,137.62,,22.42,1.1,297.0
22,1144,153.9,,49.33,1.03,316.0
22,1145,165.68,,50.97,1.59,332.0
22,1146,156.35,,27.98,1.36,333.0
22,1147,162.34,,53.98,1.49,331.0
22,1148,184.38,,37.18,2.05,341.0
22,1149,214.8,,24.31,2.16,369.0
22,1150,159.75,,16.69,1.28,346.0
22,1151,228.6,,15.04,1.82,360.0
22,1152,164.77,,12.49,1.6,349.0
22,1153,173.39,,10.87,1.46,353.0
22,1154,117.12,,12.2,1.2,304.0
22,1155,147.49,,11.46,1.31,312.0
22,1156,132.89,,43.3,1.35,311.0
22,1157,175.83,,30.15,1.82,349.0
22,1158,81.29,,12.22,1.2,232.0
22,1159,90.11,,15.2,1.58,165.0
22,1160,106.56,,12.81,1.47,263.0
22,1161,76.62,,12.89,1.36,209.0
22,1162,86.95,,14.36,1.57,179.0
22,1163,118.69,,15.37,1.77,286.0
22,1164,113.77,,15.68,1.73,265.0
22,1165,114.23,,10.91,1.44,286.0
22,1166,94.19,,11.26,1.58,234.0
22,1167,137.74,,64.69,1.78,291.0
22,1168,129.08,,133.91,1.88,306.0
22,1169,164.86,,136.34,2.09,319.0
22,1170,176.83,,91.67,1.79,342.0
22,1171,154.58,,60.8,1.68,344.0
22,1172,87.24,,35.51,1.42,247.0
22,1173,94.42,,26.89,1.42,203.0
22,1174,106.67,,59.86,1.44,242.0
22,1175,124.32,,57.93,1.58,281.0
22,1176,139.8,,25.52,1.8,309.0
22,1177,172.53,,24.01,1.96,327.0
22,1178,128.19,,19.49,1.74,335.0
22,1179,95.73,,13.32,1.33,225.0
22,1180,106.14,,13.55,1.23,253.0
22,1181,108.97,,19.36,1.4,235.0
22,1182,135.34,,16.42,2.25,293.0
22,1183,142.11,,13.69,2.1,312.0
22,1184,139.06,,17.46,1.64,326.0
22,1185,111.45,,11.04,1.24,303.0
22,1186,59.97,,39.14,0.92,170.0
22,1187,73.88,,47.12,0.85,143.0
22,1188,63.73,,44.77,0.9,161.0
22,1189,96.56,,41.75,1.38,197.0
22,1190,85.81,,28.06,1.11,226.0
22,1191,66.34,,19.65,0.97,157.0
22,1192,75.17,,15.87,1.0,130.0
22,1193,98.48,,13.98,0.94,156.0
22,1194,88.22,,15.41,0.93,241.0
22,1195,88.76,,15.03,1.25,195.0
22,1196,90.41,,12.71,0.97,211.0
22,1197,84.9,,12.96,1.03,184.0
22,1198,93.84,,12.38,1.31,194.0
22,1199,82.39,,17.19,1.18,221.0
22,1200,99.89,,44.83,1.44,188.0
22,1201,117.04,,26.93,1.57,282.0
22,1202,97.65,,17.9,1.38,232.0
22,1203,94.45,,12.72,1.41,218.0
22,1204,97.51,,11.83,1.26,202.0
22,1205,93.83,,10.9,1.11,235.0
22,1206,146.99,,7.72,1.14,239.0
22,1207,103.02,,7.16,1.7,310.0
22,1208,91.41,,9.21,1.06,237.0
22,1209,79.63,,10.82,1.18,189.0
22,1210,151.86,,14.17,2.4,163.0
22,1211,127.1,,60.37,1.64,322.0
22,1212,68.43,,72.06,0.98,197.0
22,1213,61.0,,80.46,0.97,161.0
22,1214,66.22,,72.0,0.96,157.0
22,1215,63.41,,58.32,0.95,151.0
22,1216,44.45,,67.75,0.86,173.0
22,1217,48.01,,54.46,0.93,111.0
22,1218,55.72,,47.36,1.05,125.0
22,1219,51.1,,38.1,1.01,126.0
22,1220,57.69,,57.53,1.12,133.0
22,1221,64.19,,81.98,1.2,165.0
22,1222,100.12,,77.23,1.23,198.0
22,1223,98.02,,83.89,1.47,235.0
22,1224,98.15,,87.59,1.61,219.0
22,1225,82.42,,89.41,1.57,209.0
22,1226,91.04,,87.17,1.56,206.0
22,1227,78.06,,33.52,1.25,195.0
22,1228,59.92,,17.54,1.16,156.0
22,1229,61.47,,12.48,1.07,131.0
22,1230,41.9,,12.41,1.05,232.0
22,1231,62.45,,47.51,1.12,157.0
22,1232,62.33,,64.53,0.87,143.0
22,1233,65.64,,46.29,0.88,135.0
22,1234,79.59,,26.78,1.04,156.0
22,1235,73.88,,17.14,0.94,165.0
22,1236,66.97,,16.78,0.83,143.0
22,1237,104.97,,14.69,1.18,200.0
22,1238,86.62,,7.69,1.1,214.0
22,1239,73.09,,3.76,1.0,176.0
22,1240,76.36,,2.38,0.99,139.0
22,1241,77.49,,72.64,1.06,167.0
22,1242,72.7,,72.08,1.03,202.0
22,1243,78.1,,49.15,0.84,165.0
22,1244,67.49,,52.74,0.98,181.0
22,1245,49.24,,70.91,0.9,175.0
22,1246,54.17,,76.1,1.04,148.0
22,1247,57.24,,66.15,0.98,136.0
22,1248,45.31,,78.7,0.94,208.0
22,1249,54.38,,80.13,1.01,152.0
22,1250,75.71,,74.34,0.99,135.0
22,1251,83.58,,76.14,0.91,166.0
22,1252,73.28,,106.35,1.14,163.0
22,1253,78.8,,105.97,1.06,149.0
22,1254,71.43,,95.73,1.12,168.0
22,1255,44.22,,67.95,0.95,115.0
22,1256,52.5,,54.03,0.89,105.0
22,1257,52.52,,38.81,0.81,138.0
22,1258,65.12,,34.12,1.2,113.0
22,1259,70.93,,30.59,1.13,172.0
22,1260,80.99,,26.2,0.8,139.0
22,1261,77.59,,15.39,0.25,171.0
22,1262,98.06,,,0.78,204.0
22,1263,82.94,,80.91,0.9,208.0
22,1264,82.36,,55.9,1.07,171.0
22,1265,75.28,,80.83,1.38,167.0
22,1266,71.61,,117.08,0.9,151.0
22,1267,67.46,,116.89,0.9,142.0
22,1268,72.52,,109.9,1.01,146.0
22,1269,79.93,,87.24,1.12,166.0
22,1270,64.14,,61.85,0.87,159.0
22,1271,66.35,,62.02,0.91,118.0
22,1272,68.24,,57.07,0.8,139.0
22,1273,43.46,,39.6,0.4,117.0
22,1274,52.86,,67.25,0.83,104.0
22,1275,34.85,,78.12,0.76,85.0
22,1276,48.51,,96.0,1.1,104.0
22,1277,65.58,,101.49,1.23,149.0
22,1278,60.82,,80.54,1.09,116.0
22,1279,55.72,,76.11,1.1,97.0
22,1280,57.51,,63.66,0.76,98.0
22,1281,44.58,,64.3,0.73,83.0
22,1282,40.99,,78.54,1.06,89.0
22,1283,52.55,,90.11,1.19,105.0
22,1284,69.84,,91.4,1.33,131.0
22,1285,58.43,,85.25,1.25,111.0
22,1286,33.32,,94.98,1.17,103.0
22,1287,41.66,,70.17,1.43,92.0
22,1288,49.47,,76.16,1.11,99.0
22,1289,44.65,,82.57,1.04,101.0
22,1290,44.33,,74.62,1.0,116.0
22,1291,42.91,,76.62,1.1,100.0
22,1292,42.47,,66.91,0.99,98.0
22,1293,35.55,,65.36,1.13,84.0
22,1294,32.38,,62.68,0.95,85.0
22,1295,38.21,,69.82,1.01,90.0
22,1296,47.9,,87.69,1.21,102.0
22,1297,58.49,,84.65,1.14,123.0
22,1298,36.05,,70.8,1.04,93.0
22,1299,27.92,,47.06,0.75,82.0
22,1300,34.29,,56.8,0.96,80.0
22,1301,46.88,,53.6,0.83,88.0
22,1302,32.39,,43.78,0.57,76.0
22,1303,41.54,,58.33,0.77,78.0
22,1304,42.89,,49.65,0.91,98.0
22,1305,44.28,,62.4,0.99,92.0
22,1306,31.96,,34.19,0.59,72.0
22,1307,36.94,,47.85,0.79,81.0
22,1308,47.02,,53.54,0.75,86.0
22,1309,39.54,,38.33,0.54,83.0
22,1310,51.7,,57.25,1.14,90.0
22,1311,49.62,,55.92,0.85,95.0
22,1312,54.43,,62.25,1.13,91.0
22,1313,64.42,,61.2,1.03,112.0
22,1314,61.9,,72.71,1.41,104.0
22,1315,47.6,,69.18,1.34,110.0
22,1316,44.42,,52.32,0.91,90.0
22,1317,45.02,,65.15,1.03,98.0
22,1318,60.95,,78.21,1.37,105.0
22,1319,80.39,,70.82,1.78,153.0
22,1320,66.95,,73.68,1.59,140.0
22,1321,59.48,,84.4,2.05,113.0
22,1322,61.14,,85.04,1.82,122.0
22,1323,44.0,,53.17,1.25,97.0
22,1324,37.12,,63.72,1.2,82.0
22,1325,41.99,,67.01,1.16,87.0
22,1326,65.93,,102.79,1.85,108.0
22,1327,53.67,,71.23,1.32,113.0
22,1328,40.25,,61.59,1.39,100.0
22,1329,34.96,,56.85,1.12,86.0
22,1330,60.08,,62.34,1.29,91.0
22,1331,56.54,,74.44,1.47,105.0
22,1332,67.18,,86.44,1.71,122.0
22,1333,54.79,,68.99,1.62,105.0
22,1334,55.12,,52.77,1.17,107.0
22,1335,48.25,,62.11,1.35,98.0
22,1336,39.88,,63.67,1.1,90.0
22,1337,45.77,,55.96,1.04,89.0
22,1338,70.69,,69.42,1.1,123.0
22,1339,52.89,,81.0,1.03,106.0
22,1340,51.74,,66.97,1.06,97.0
22,1341,44.76,,60.42,0.54,93.0
22,1342,41.48,,61.41,0.76,71.0
22,1343,46.91,,59.32,0.75,83.0
22,1344,53.07,,79.4,1.07,98.0
22,1345,57.02,,63.25,0.87,110.0
22,1346,38.81,,58.4,0.61,81.0
22,1347,62.79,,66.51,0.77,85.0
22,1348,75.02,,51.65,0.63,159.0
22,1349,52.35,,34.21,0.4,101.0
22,1350,57.38,,38.85,0.46,89.0
22,1351,50.11,,28.31,0.29,90.0
22,1352,56.67,,51.0,0.78,96.0
22,1353,58.11,,53.26,0.96,100.0
22,1354,63.78,,58.81,0.94,116.0
22,1355,67.67,,69.19,0.81,125.0
22,1356,88.56,,68.9,0.93,159.0
22,1357,78.46,,76.7,1.03,184.0
22,1358,96.29,,92.5,1.4,191.0
22,1359,80.58,,74.02,1.35,224.0
22,1360,32.7,,44.91,0.68,98.0
22,1361,49.15,,56.49,0.89,79.0
22,1362,63.65,,46.64,0.67,108.0
22,1363,77.5,,48.48,0.9,130.0
22,1364,73.45,,52.75,0.88,155.0
22,1365,71.6,,35.6,0.51,143.0
22,1366,63.83,,62.2,0.9,
22,1367,81.55,,71.65,1.31,147.0
22,1368,86.98,,47.02,1.13,183.0
22,1369,75.9,,27.07,0.93,191.0
22,1370,71.81,,25.78,0.89,166.0
22,1371,85.22,,20.81,1.0,181.0
22,1372,103.11,,29.69,1.39,209.0
22,1373,96.92,,28.71,1.53,245.0
22,1374,85.68,,31.08,1.49,190.0
22,1375,90.95,,25.34,1.28,197.0
22,1376,88.59,,20.9,1.14,215.0
22,1377,107.44,,25.1,1.66,224.0
22,1378,124.3,,29.34,2.13,299.0
22,1379,97.3,,42.25,1.48,273.0
22,1380,67.14,,49.72,1.3,186.0
22,1381,40.05,,50.16,1.31,109.0
22,1382,60.88,,43.21,1.15,153.0
22,1383,78.93,,35.98,1.01,141.0
22,1384,104.86,,45.56,1.29,221.0
22,1385,110.89,,36.99,1.44,270.0
22,1386,112.96,,59.61,1.89,264.0
22,1387,125.18,,81.21,2.59,301.0
22,1388,107.26,,63.53,2.0,260.0
22,1389,120.85,,33.76,1.5,284.0
22,1390,125.04,,28.98,1.57,302.0
22,1391,141.92,,25.55,1.83,309.0
22,1392,122.46,,24.62,1.83,314.0
22,1393,140.29,,20.9,1.68,301.0
22,1394,147.16,,25.08,2.24,323.0
22,1395,171.12,,25.59,3.07,332.0
22,1396,136.71,,50.79,2.35,325.0
22,1397,132.09,,31.28,1.59,316.0
22,1398,112.07,,20.31,1.66,260.0
22,1399,137.34,,15.58,1.57,302.0
22,1400,103.19,,16.93,2.0,275.0
22,1401,155.93,,14.98,2.55,311.0
22,1402,158.76,,15.05,2.32,334.0
22,1403,148.34,,11.22,1.84,314.0
22,1404,170.84,,8.7,2.53,336.0
22,1405,180.68,,78.14,2.33,351.0
22,1406,180.15,,77.33,1.42,336.0
22,1407,258.99,,61.86,1.67,371.0
22,1408,295.52,,13.56,1.67,449.0
22,1409,186.59,,12.18,1.33,372.0
22,1410,185.14,,11.49,1.56,355.0
22,1411,228.08,,7.84,1.79,362.0
22,1412,235.81,,5.58,1.86,395.0
22,1413,229.06,,3.26,1.69,375.0
22,1414,261.24,,2.9,2.32,411.0
22,1415,172.82,,23.75,1.68,369.0
22,1416,149.27,,20.9,1.64,329.0
22,1417,135.62,,14.12,1.26,321.0
22,1418,185.02,,12.83,2.59,317.0
22,1419,259.86,,9.89,2.75,397.0
22,1420,275.6,,5.49,3.2,404.0
22,1421,276.11,,2.68,2.31,428.0
22,1422,237.86,,6.07,2.92,404.0
22,1423,214.56,,12.27,2.6,377.0
22,1424,210.55,,10.83,2.55,360.0
22,1425,253.65,,9.22,3.16,399.0
22,1426,260.83,,6.61,3.01,405.0
22,1427,204.45,,8.22,3.36,395.0
22,1428,161.01,,27.72,2.32,326.0
22,1429,195.57,,12.48,3.58,355.0
22,1430,195.42,,9.65,3.0,358.0
22,1431,251.78,,7.58,2.79,371.0
22,1432,251.83,,4.56,2.95,415.0
22,1433,260.82,,23.02,2.95,395.0
22,1434,290.17,,98.74,3.68,431.0
22,1435,289.43,,114.75,2.96,416.0
22,1436,262.16,,61.62,2.86,420.0
22,1437,246.52,,18.31,2.89,413.0
22,1438,282.8,,40.6,2.83,404.0
22,1439,258.02,,19.66,2.3,427.0
22,1440,303.44,,9.16,3.5,424.0
22,1441,253.4,,44.38,2.44,425.0
22,1442,207.54,,19.84,2.83,379.0
22,1443,234.72,,20.22,2.7,392.0
22,1444,253.49,,20.57,2.09,401.0
22,1445,159.5,,20.19,1.19,354.0
22,1446,160.16,,19.21,1.29,334.0
22,1447,278.9,,18.52,1.42,
22,1448,205.41,,17.36,1.16,403.0
22,1449,120.06,,39.95,1.87,311.0
22,1450,343.85,,16.5,2.76,376.0
22,1451,353.24,,9.85,2.3,490.0
22,1452,426.71,,7.84,2.08,481.0
22,1453,283.17,,6.1,2.53,490.0
22,1454,253.38,,5.32,1.9,404.0
22,1455,240.54,,4.75,1.82,389.0
22,1456,263.32,,4.11,2.1,404.0
22,1457,244.4,,6.01,2.24,409.0
22,1458,203.88,,11.34,1.74,372.0
22,1459,249.73,,96.82,2.61,376.0
22,1460,337.17,,164.83,2.54,430.0
22,1461,359.32,,113.29,2.8,470.0
22,1462,436.55,,21.09,2.86,539.0
22,1463,463.51,,32.27,3.65,568.0
22,1464,398.93,,65.46,2.61,524.0
22,1465,376.2,,44.39,2.18,501.0
22,1466,423.94,,30.31,2.2,520.0
22,1467,230.07,,31.34,2.14,477.0
22,1468,214.9,,26.93,1.19,359.0
22,1469,131.75,,24.25,0.37,342.0
22,1470,162.64,,24.67,1.14,313.0
22,1471,241.28,,20.83,1.42,354.0
22,1472,312.38,,17.02,3.15,455.0
22,1473,300.4,,26.11,2.54,424.0
22,1474,295.69,,15.35,2.42,447.0
22,1475,250.19,,7.88,1.03,405.0
22,1476,122.77,,27.69,0.85,349.0
22,1477,234.01,,12.69,2.56,333.0
22,1478,359.72,,7.79,2.96,449.0
22,1479,337.78,,2.82,2.48,482.0
22,1480,277.86,,22.85,2.11,443.0
22,1481,363.78,,10.18,2.27,441.0
22,1482,478.16,,17.36,3.41,550.0
22,1483,313.62,,188.74,1.89,525.0
22,1484,176.15,,133.07,0.89,396.0
22,1485,133.04,,122.91,1.24,281.0
22,1486,191.67,,95.22,1.62,345.0
22,1487,177.96,,33.82,1.17,352.0
22,1488,100.17,,27.08,0.59,304.0
22,1489,98.08,,32.66,0.84,219.0
22,1490,103.89,,28.28,0.66,235.0
22,1491,135.71,,27.06,1.16,257.0
22,1492,262.54,,97.43,2.24,375.0
22,1493,293.0,,111.04,2.66,412.0
22,1494,237.45,,40.06,2.73,435.0
22,1495,202.97,,27.64,2.07,366.0
22,1496,138.09,,23.6,1.84,336.0
22,1497,151.31,,23.07,1.86,318.0
22,1498,189.49,,17.14,2.43,335.0
22,1499,234.28,,14.14,2.48,379.0
22,1500,119.02,,9.98,1.42,344.0
22,1501,94.6,,50.29,1.25,218.0
22,1502,101.83,,96.51,1.2,208.0
22,1503,121.26,,96.35,1.56,300.0
22,1504,134.59,,110.55,1.73,289.0
22,1505,164.09,,93.55,1.59,329.0
22,1506,173.68,,35.66,1.52,342.0
22,1507,161.38,,21.55,1.39,335.0
22,1508,83.53,,17.02,0.71,264.0
22,1509,93.25,,13.99,0.49,186.0
22,1510,106.34,,58.79,0.96,217.0
22,1511,154.22,,88.51,2.43,314.0
22,1512,150.62,,39.14,1.79,330.0
22,1513,144.92,,36.57,2.4,312.0
22,1514,160.57,,28.96,2.34,331.0
22,1515,84.65,,17.73,0.89,279.0
22,1516,64.36,,17.12,0.72,191.0
22,1517,104.8,,17.95,2.01,202.0
22,1518,170.92,,13.8,1.71,311.0
22,1519,81.31,,43.82,1.13,296.0
22,1520,46.41,,72.99,0.9,112.0
22,1521,70.32,,96.46,1.17,130.0
22,1522,127.84,,113.35,1.88,255.0
22,1523,129.83,,79.05,1.44,308.0
22,1524,98.66,,49.31,1.27,266.0
22,1525,99.65,,25.52,1.49,251.0
22,1526,74.15,,16.45,1.19,191.0
22,1527,72.62,,14.51,1.03,189.0
22,1528,88.98,,13.9,1.46,199.0
22,1529,108.14,,10.13,2.0,213.0
22,1530,140.06,,6.95,1.89,316.0
22,1531,96.84,,29.18,1.43,244.0
22,1532,105.04,,20.79,1.85,241.0
22,1533,86.69,,12.84,1.44,218.0
22,1534,79.54,,8.74,1.22,195.0
22,1535,72.44,,58.78,1.26,164.0
22,1536,84.57,,114.64,1.12,173.0
22,1537,70.48,,108.16,0.91,221.0
22,1538,78.3,,115.46,1.15,174.0
22,1539,86.48,,120.75,1.45,206.0
22,1540,87.83,,114.06,1.5,205.0
22,1541,176.31,,112.88,3.93,327.0
22,1542,58.35,,57.65,1.33,255.0
22,1543,39.08,,48.61,1.12,188.0
22,1544,46.72,,55.77,1.28,204.0
22,1545,56.72,,68.97,1.87,182.0
22,1546,59.91,,44.24,2.1,134.0
22,1547,61.55,,14.04,1.93,165.0
22,1548,82.12,,10.2,2.5,201.0
22,1549,81.53,,40.16,2.87,204.0
22,1550,91.88,,32.58,1.95,224.0
22,1551,78.88,,3.84,1.31,192.0
22,1552,46.83,,89.36,1.02,149.0
22,1553,61.04,,77.26,1.63,132.0
22,1554,85.51,,66.95,1.69,188.0
22,1555,52.49,,43.82,1.17,178.0
22,1556,51.62,,20.01,1.12,108.0
22,1557,49.34,,26.7,0.91,94.0
22,1558,33.27,,60.42,0.78,140.0
22,1559,46.79,,42.92,1.22,121.0
22,1560,53.38,,16.24,1.08,111.0
22,1561,32.98,,59.06,1.03,133.0
22,1562,59.64,,61.67,1.23,136.0
22,1563,63.03,,29.47,1.33,147.0
22,1564,66.67,,13.74,1.18,148.0
22,1565,45.75,,12.23,0.94,171.0
22,1566,53.35,,9.58,1.24,141.0
22,1567,55.69,,26.34,1.1,116.0
22,1568,36.33,,19.86,1.04,98.0
22,1569,39.54,,17.21,1.37,135.0
22,1570,43.79,,13.6,1.08,187.0
22,1571,46.48,,99.97,1.83,224.0
22,1572,73.24,,155.4,2.06,189.0
22,1573,52.32,,95.0,1.35,127.0
22,1574,47.92,,68.7,1.31,144.0
22,1575,54.04,,73.4,1.63,167.0
22,1576,62.99,,61.02,1.37,204.0
22,1577,54.04,,46.37,0.84,160.0
22,1578,63.02,,32.89,0.88,153.0
22,1579,73.54,,26.35,0.81,197.0
22,1580,59.06,,42.28,1.1,168.0
22,1581,62.46,,22.41,0.97,167.0
22,1582,52.69,,14.51,0.66,149.0
22,1583,49.57,,11.9,0.65,133.0
22,1584,36.0,,8.24,0.47,84.0
22,1585,29.39,,7.1,0.21,106.0
22,1586,43.15,,11.64,0.61,181.0
22,1587,72.28,,13.55,1.11,186.0
22,1588,79.01,,11.51,1.43,210.0
22,1589,78.57,,5.45,1.33,190.0
22,1590,75.52,,31.84,1.78,202.0
22,1591,81.05,,13.49,2.66,223.0
22,1592,73.39,,20.79,1.22,200.0
22,1593,70.44,,17.9,1.56,210.0
22,1594,65.06,,10.79,1.74,151.0
22,1595,61.86,,7.83,1.65,186.0
22,1596,53.43,,5.63,1.31,209.0
22,1597,51.32,,4.09,1.32,156.0
22,1598,54.79,,4.16,1.47,147.0
22,1599,47.77,,4.41,1.39,166.0
22,1600,34.67,,3.2,0.83,220.0
22,1601,57.49,,5.96,1.88,212.0
22,1602,66.9,,31.33,1.71,200.0
22,1603,63.96,,13.3,1.37,132.0
22,1604,44.89,,5.37,1.14,166.0
22,1605,47.48,,4.67,1.37,100.0
22,1606,46.78,,4.27,1.37,93.0
22,1607,48.28,,5.97,1.32,166.0
22,1608,77.49,,6.58,2.44,196.0
22,1609,56.77,,2.71,1.9,180.0
22,1610,49.83,,2.48,1.47,167.0
22,1611,48.41,,1.93,1.12,169.0
22,1612,31.34,,13.94,0.99,205.0
22,1613,42.86,,9.42,1.26,112.0
22,1614,34.21,,5.85,1.05,136.0
22,1615,35.77,,4.74,1.29,97.0
22,1616,36.8,,4.71,1.3,128.0
22,1617,46.92,,8.92,1.06,100.0
22,1618,43.46,,8.43,1.13,115.0
22,1619,43.25,,5.51,1.16,121.0
22,1620,40.57,,4.65,1.14,158.0
22,1621,40.92,,4.23,1.0,180.0
22,1622,57.1,,2.97,1.39,155.0
22,1623,40.7,,2.39,1.29,182.0
22,1624,41.25,,1.95,1.21,133.0
22,1625,46.4,,76.12,1.26,184.0
22,1626,59.45,,124.91,1.35,200.0
22,1627,69.96,,42.51,1.6,216.0
22,1628,57.0,,5.59,1.08,172.0
22,1629,51.48,,4.51,1.14,
22,1630,35.68,,32.21,1.09,198.0
22,1631,48.61,,40.72,1.48,142.0
22,1632,51.91,,21.72,1.03,120.0
22,1633,43.05,,26.81,0.96,125.0
22,1634,33.43,,62.72,1.63,108.0
22,1635,34.24,,110.29,1.03,104.0
22,1636,35.11,,107.12,0.99,89.0
22,1637,58.89,,130.09,1.21,93.0
22,1638,51.05,,100.42,1.31,115.0
22,1639,38.19,,81.67,1.7,111.0
22,1640,48.72,,110.8,1.87,150.0
22,1641,47.26,,96.32,1.47,117.0
22,1642,46.94,,64.57,1.24,93.0
22,1643,52.42,,40.5,1.98,113.0
22,1644,26.54,,37.12,1.31,106.0
22,1645,28.36,,29.2,1.29,91.0
22,1646,30.29,,17.13,1.33,92.0
22,1647,38.58,,58.34,1.38,101.0
22,1648,28.35,,72.32,1.26,93.0
22,1649,21.55,,55.05,1.15,84.0
22,1650,31.08,,67.18,1.35,96.0
22,1651,25.31,,59.3,1.38,101.0
22,1652,22.25,,42.71,0.78,87.0
22,1653,22.96,,37.84,0.7,78.0
22,1654,34.54,,64.18,1.24,79.0
22,1655,27.84,,56.03,0.92,83.0
22,1656,27.66,,45.62,0.9,69.0
22,1657,37.65,,63.5,1.48,91.0
22,1658,39.99,,69.44,1.95,107.0
22,1659,39.48,,25.18,1.65,108.0
22,1660,45.33,,17.48,2.08,106.0
22,1661,45.33,,25.74,1.94,112.0
22,1662,38.89,,15.83,1.77,104.0
22,1663,35.29,,16.08,1.58,100.0
22,1664,40.72,,29.4,1.46,109.0
22,1665,41.09,,73.0,1.07,102.0
22,1666,32.74,,37.66,0.76,85.0
22,1667,28.02,,32.94,0.65,83.0
22,1668,37.96,,45.64,1.13,103.0
22,1669,24.6,,26.21,1.05,108.0
22,1670,19.6,,24.2,0.85,93.0
22,1671,21.78,,23.23,1.02,90.0
22,1672,24.54,,20.1,1.08,95.0
22,1673,27.05,,17.07,1.04,94.0
22,1674,35.84,,16.74,1.34,96.0
22,1675,37.57,,12.53,1.37,102.0
22,1676,31.88,,13.6,1.32,120.0
22,1677,31.26,,13.09,1.11,101.0
22,1678,38.7,,41.05,1.6,106.0
22,1679,35.82,,73.18,2.22,145.0
22,1680,21.87,,46.8,1.77,109.0
22,1681,14.27,,72.69,1.74,
22,1682,23.56,,73.73,2.12,112.0
22,1683,31.5,,79.95,2.02,116.0
22,1684,36.64,,69.91,2.14,116.0
22,1685,29.67,,56.68,1.8,148.0
22,1686,18.34,,46.85,1.91,121.0
22,1687,21.73,,44.17,1.34,103.0
22,1688,29.84,,37.9,1.14,90.0
22,1689,28.04,,28.46,1.44,96.0
22,1690,39.24,,23.98,1.51,100.0
22,1691,42.17,,13.31,1.56,101.0
22,1692,28.88,,13.42,1.65,122.0
22,1693,43.26,,19.48,1.85,113.0
22,1694,41.19,,15.58,1.6,107.0
22,1695,46.77,,14.76,1.66,126.0
22,1696,34.23,,11.16,0.98,86.0
22,1697,24.31,,26.56,1.16,92.0
22,1698,25.84,,57.14,1.17,93.0
22,1699,42.28,,81.22,1.75,114.0
22,1700,34.9,,65.26,1.38,108.0
22,1701,47.01,,43.94,1.3,92.0
22,1702,47.0,,24.8,1.89,107.0
22,1703,49.88,,20.29,1.97,115.0
22,1704,52.66,,16.81,1.25,144.0
22,1705,53.19,,9.02,0.91,200.0
22,1706,46.19,,118.9,2.61,87.0
22,1707,41.09,,84.38,1.46,155.0
22,1708,36.88,,75.3,1.25,135.0
22,1709,36.84,,76.49,1.16,103.0
22,1710,37.17,,74.28,1.26,138.0
22,1711,36.3,,63.46,1.07,179.0
22,1712,33.21,,53.07,0.83,160.0
22,1713,50.64,,65.89,1.32,181.0
22,1714,50.89,,73.32,1.32,98.0
22,1715,53.94,,78.9,1.67,109.0
22,1716,31.61,,61.76,1.01,98.0
22,1717,35.74,,61.48,0.8,72.0
22,1718,42.49,,76.49,1.89,68.0
22,1719,52.05,,72.68,1.25,94.0
22,1720,52.86,,75.52,1.47,109.0
22,1721,43.77,,57.04,1.35,105.0
22,1722,28.09,,70.15,2.61,102.0
22,1723,40.15,,75.95,2.04,114.0
22,1724,46.77,,75.07,1.53,101.0
22,1725,47.3,,87.01,1.66,109.0
22,1726,36.47,,65.54,1.19,95.0
22,1727,50.3,,84.54,1.58,97.0
22,1728,47.28,,66.1,1.16,97.0
22,1729,27.46,,39.59,0.79,72.0
22,1730,29.0,,31.88,0.77,65.0
22,1731,28.33,,24.5,0.89,70.0
22,1732,20.58,,15.2,0.54,69.0
22,1733,20.74,,13.35,0.47,60.0
22,1734,27.64,,15.0,0.88,70.0
22,1735,31.0,,46.08,1.24,87.0
22,1736,45.73,,63.18,1.04,85.0
22,1737,50.6,,51.14,1.17,94.0
22,1738,47.01,,62.46,1.5,105.0
22,1739,65.32,,85.02,1.8,114.0
22,1740,66.62,,49.98,1.39,119.0
22,1741,49.6,,24.74,1.36,
22,1742,,,,,
22,1743,43.82,,21.0,1.64,
22,1744,52.77,,45.07,1.5,103.0
22,1745,59.78,,60.23,1.49,107.0
22,1746,63.01,,50.2,1.71,107.0
22,1747,75.29,,27.74,1.09,120.0
22,1748,86.29,,41.38,4.14,
22,1749,89.38,,30.85,2.93,185.0
22,1750,107.92,,24.57,3.29,225.0
22,1751,130.74,,24.34,2.88,299.0
22,1752,145.0,,36.81,2.67,313.0
22,1753,126.19,,46.95,0.96,314.0
22,1754,75.27,,21.08,1.25,204.0
22,1755,144.86,,14.51,1.19,237.0
22,1756,138.71,,26.61,1.23,329.0
22,1757,144.21,,27.71,1.59,308.0
22,1758,134.29,,18.27,1.69,330.0
22,1759,56.25,,14.24,0.96,163.0
22,1760,53.88,,12.5,0.69,113.0
22,1761,136.29,,11.68,0.87,160.0
22,1762,268.5,,27.94,1.59,408.0
22,1763,202.96,,26.12,2.17,364.0
22,1764,191.01,,24.33,2.29,364.0
22,1765,175.6,,22.88,1.69,346.0
22,1766,241.85,,23.4,2.95,356.0
22,1767,277.48,,19.97,2.76,425.0
22,1768,271.56,,20.2,2.2,419.0
22,1769,232.45,,20.68,1.79,395.0
22,1770,248.06,,21.94,2.11,416.0
22,1771,181.24,,23.49,1.76,349.0
22,1772,181.71,,23.75,2.43,346.0
22,1773,202.0,,20.49,2.61,367.0
22,1774,126.4,,67.53,1.62,328.0
22,1775,101.6,,99.05,1.35,265.0
22,1776,129.03,,95.33,0.86,282.0
22,1777,158.7,,121.62,1.99,309.0
22,1778,233.2,,113.8,1.95,358.0
22,1779,218.57,,107.39,2.12,396.0
22,1780,157.47,,91.54,1.79,349.0
22,1781,135.94,,83.98,1.45,316.0
22,1782,153.46,,86.38,1.47,319.0
22,1783,143.66,,79.08,1.6,325.0
22,1784,140.54,,91.57,2.02,311.0
22,1785,164.05,,78.77,1.69,334.0
22,1786,179.12,,75.13,2.55,332.0
22,1787,235.96,,44.73,2.42,374.0
22,1788,257.38,,46.43,1.71,403.0
22,1789,232.59,,64.29,1.6,394.0
22,1790,264.9,,51.54,2.4,400.0
22,1791,301.39,,42.23,1.68,422.0
22,1792,287.55,,37.27,1.63,435.0
22,1793,209.27,,56.21,2.21,403.0
22,1794,241.26,,71.73,1.89,378.0
22,1795,145.94,,67.59,1.32,358.0
22,1796,140.88,,64.53,1.27,315.0
22,1797,208.02,,79.12,2.04,334.0
22,1798,216.25,,79.39,2.15,375.0
22,1799,234.11,,78.46,2.9,381.0
22,1800,271.84,,52.12,3.13,404.0
22,1801,241.46,,17.67,3.31,420.0
22,1802,153.67,,26.29,1.79,345.0
22,1803,150.79,,45.43,0.81,324.0
22,1804,211.92,,23.76,2.55,348.0
22,1805,222.8,,25.21,2.3,376.0
22,1806,262.2,,38.01,2.91,397.0
22,1807,243.08,,24.43,2.08,406.0
22,1808,153.66,,13.97,1.06,361.0
22,1809,115.75,,10.64,1.46,312.0
22,1810,172.06,,10.88,1.74,322.0
22,1811,165.12,,9.47,1.66,331.0
22,1812,147.88,,8.95,1.2,340.0
22,1813,123.38,,9.09,0.93,305.0
22,1814,196.64,,26.12,1.42,310.0
22,1815,229.94,,,1.92,362.0
22,1816,273.62,,,2.14,412.0
22,1817,354.05,,,3.58,462.0
22,1818,290.28,,,3.1,443.0
22,1819,242.58,158.08,42.92,2.75,449.0
22,1820,151.31,198.02,31.33,1.47,336.0
22,1821,123.41,165.55,22.25,1.2,288.0
22,1822,124.26,161.09,34.37,1.13,256.0
22,1823,164.46,209.11,32.19,1.38,298.0
22,1824,161.92,208.07,29.77,1.42,331.0
22,1825,188.15,232.98,34.5,1.81,333.0
22,1826,195.81,246.0,36.69,2.41,364.0
22,1827,214.23,271.06,36.74,2.71,364.0
22,1828,207.2,269.1,35.29,3.03,372.0
22,1829,150.5,193.93,31.59,2.17,356.0
22,1830,79.29,102.93,25.79,1.62,205.0
22,1831,76.02,106.78,23.89,1.37,183.0
22,1832,116.68,158.66,31.45,1.84,184.0
22,1833,169.64,234.58,35.42,2.41,306.0
22,1834,172.07,236.51,32.84,2.45,349.0
22,1835,106.68,120.41,27.17,1.31,280.0
22,1836,85.02,104.32,26.64,1.79,220.0
22,1837,86.04,108.41,35.09,2.43,186.0
22,1838,107.55,123.53,29.37,2.64,202.0
22,1839,149.01,130.51,33.01,3.65,223.0
22,1840,154.59,174.78,25.34,4.16,343.0
22,1841,177.59,210.76,36.23,4.05,311.0
22,1842,140.36,200.43,36.59,3.27,346.0
22,1843,135.89,210.83,39.22,2.07,261.0
22,1844,86.75,118.72,24.39,0.95,231.0
22,1845,85.47,109.46,23.75,0.76,206.0
22,1846,77.24,101.1,29.47,0.87,172.0
22,1847,123.6,163.55,42.38,1.49,233.0
22,1848,124.14,173.56,48.03,1.56,286.0
22,1849,108.88,162.94,47.62,1.26,263.0
22,1850,66.21,123.68,42.59,0.84,171.0
22,1851,112.8,171.75,43.86,1.2,224.0
22,1852,140.13,208.29,39.57,1.43,265.0
22,1853,149.59,219.96,40.53,1.69,304.0
22,1854,152.45,237.4,45.89,1.46,309.0
22,1855,132.55,208.53,37.57,1.18,279.0
22,1856,152.02,221.91,33.1,1.47,296.0
22,1857,62.05,108.79,40.28,0.82,218.0
22,1858,84.7,156.88,45.34,1.03,204.0
22,1859,67.25,141.65,37.85,0.73,172.0
22,1860,81.92,149.41,43.43,1.05,181.0
22,1861,121.49,222.97,48.55,1.74,244.0
22,1862,104.57,177.15,49.02,1.3,245.0
22,1863,90.22,181.63,57.85,1.3,226.0
22,1864,94.78,205.57,65.46,1.52,235.0
22,1865,94.66,182.56,60.31,1.37,230.0
22,1866,97.57,182.11,60.09,1.47,218.0
22,1867,97.02,177.26,53.96,1.36,226.0
22,1868,124.61,188.68,57.63,1.25,242.0
22,1869,90.54,189.23,56.97,1.0,231.0
22,1870,102.24,203.79,54.59,1.26,211.0
22,1871,101.55,209.41,48.16,1.36,251.0
22,1872,65.2,162.21,51.63,0.83,176.0
22,1873,71.86,174.65,63.63,1.02,168.0
22,1874,83.35,188.33,70.85,1.17,197.0
22,1875,78.63,182.42,63.36,1.1,184.0
22,1876,88.14,192.94,71.1,1.32,197.0
22,1877,112.06,216.1,62.39,1.2,251.0
22,1878,118.06,207.93,35.76,0.96,253.0
22,1879,64.65,113.93,40.41,1.01,201.0
22,1880,75.3,140.58,49.2,1.12,158.0
22,1881,49.01,105.17,40.63,0.9,167.0
22,1882,42.9,83.39,33.22,0.79,111.0
22,1883,41.28,64.98,34.22,0.79,116.0
22,1884,56.63,100.19,42.21,0.98,149.0
22,1885,78.95,193.14,46.36,1.36,182.0
22,1886,81.48,215.29,47.86,1.54,209.0
22,1887,74.69,203.98,53.17,1.35,194.0
22,1888,69.37,193.24,60.4,1.25,168.0
22,1889,76.22,221.57,59.54,1.28,194.0
22,1890,95.29,216.9,50.6,1.19,214.0
22,1891,98.86,171.34,46.42,0.9,202.0
22,1892,52.48,125.73,40.42,0.69,148.0
22,1893,46.69,162.01,48.29,0.81,136.0
22,1894,59.79,194.62,57.21,0.89,190.0
22,1895,58.48,165.04,60.63,0.91,182.0
22,1896,124.48,221.48,56.39,1.32,232.0
22,1897,75.99,150.83,56.35,1.01,179.0
22,1898,70.53,134.29,57.59,1.26,163.0
22,1899,67.26,111.48,48.93,1.04,163.0
22,1900,36.68,46.92,37.39,1.04,120.0
22,1901,39.7,68.63,40.56,1.18,83.0
22,1902,55.2,131.96,40.05,1.4,125.0
22,1903,62.94,156.51,46.86,1.47,145.0
22,1904,66.68,155.37,68.05,1.57,156.0
22,1905,68.82,154.19,71.81,1.4,163.0
22,1906,53.45,135.93,61.85,1.6,135.0
22,1907,107.69,228.3,60.87,1.88,210.0
22,1908,79.23,121.08,47.26,1.54,205.0
22,1909,49.97,80.43,44.45,1.45,151.0
22,1910,65.94,102.57,48.75,1.63,177.0
22,1911,73.42,121.38,47.99,1.74,166.0
22,1912,58.01,118.17,46.63,1.71,152.0
22,1913,58.25,129.36,45.25,1.68,146.0
22,1914,31.87,87.38,43.29,1.49,122.0
22,1915,29.1,81.98,50.82,0.62,92.0
22,1916,35.36,92.03,55.75,0.53,92.0
22,1917,51.5,103.5,46.23,1.61,106.0
22,1918,67.83,110.46,47.14,1.86,156.0
22,1919,55.83,107.36,43.73,1.79,140.0
22,1920,43.86,91.67,47.11,1.55,120.0
22,1921,54.28,99.59,48.52,1.47,125.0
22,1922,55.12,102.79,49.1,1.43,127.0
22,1923,51.74,163.76,48.99,1.42,140.0
22,1924,44.93,112.36,48.88,1.64,142.0
22,1925,53.11,141.19,52.98,1.76,132.0
22,1926,52.64,129.22,52.66,1.76,144.0
22,1927,52.72,119.57,37.04,1.44,144.0
22,1928,62.28,164.71,17.67,1.53,150.0
22,1929,59.87,162.5,18.86,1.47,160.0
22,1930,45.0,116.11,17.36,1.37,149.0
22,1931,51.39,134.87,18.38,1.4,143.0
22,1932,29.74,108.43,17.61,1.27,158.0
22,1933,31.17,92.89,20.4,1.32,130.0
22,1934,38.82,101.67,15.28,1.35,134.0
22,1935,40.92,117.17,14.91,1.37,140.0
22,1936,47.95,121.58,14.6,1.4,143.0
22,1937,26.65,88.62,15.49,1.28,131.0
22,1938,19.17,63.9,15.59,1.29,119.0
22,1939,17.63,62.18,16.04,0.93,110.0
22,1940,35.07,95.66,16.92,0.45,122.0
22,1941,23.5,63.96,17.02,0.42,118.0
22,1942,27.09,73.82,12.84,0.38,118.0
22,1943,13.85,46.4,11.95,0.37,104.0
22,1944,19.03,50.03,14.17,0.43,109.0
22,1945,12.37,39.29,11.68,0.39,98.0
22,1946,15.21,41.96,13.5,0.42,111.0
22,1947,30.93,60.26,14.46,0.52,118.0
22,1948,22.83,55.31,20.58,0.46,129.0
22,1949,15.93,30.03,15.85,0.48,140.0
22,1950,26.6,50.37,14.56,0.44,147.0
22,1951,27.38,59.94,33.4,0.34,148.0
22,1952,19.04,46.96,13.39,0.38,149.0
22,1953,17.95,82.85,15.13,0.44,129.0
22,1954,24.24,86.66,23.41,0.52,139.0
22,1955,22.42,129.27,13.42,0.49,171.0
22,1956,35.51,172.7,14.78,0.56,191.0
22,1957,38.4,202.95,12.11,0.56,256.0
22,1958,22.51,71.44,13.75,0.56,138.0
22,1959,36.48,74.57,18.8,0.69,124.0
22,1960,42.52,93.4,34.22,0.75,146.0
22,1961,53.82,158.92,31.61,0.77,176.0
22,1962,32.79,86.68,19.62,0.55,124.0
22,1963,50.36,118.02,32.81,0.69,141.0
22,1964,52.11,276.34,34.71,0.76,239.0
22,1965,47.43,124.46,29.8,0.72,167.0
22,1966,43.06,112.12,17.54,0.57,137.0
22,1967,32.71,99.65,17.76,0.51,119.0
22,1968,19.31,54.27,22.42,0.42,105.0
22,1969,14.58,55.82,18.36,0.37,102.0
22,1970,25.92,73.06,17.72,0.52,95.0
22,1971,44.72,106.32,10.88,0.67,112.0
22,1972,49.58,129.38,14.4,0.68,119.0
22,1973,41.66,110.63,13.53,0.63,110.0
22,1974,33.42,153.07,11.38,0.45,116.0
22,1975,20.98,92.4,10.58,0.38,121.0
22,1976,27.04,77.1,11.81,0.44,95.0
22,1977,27.46,104.21,20.22,0.44,104.0
22,1978,12.95,47.56,12.85,0.37,105.0
22,1979,17.45,80.29,13.91,0.46,110.0
22,1980,28.54,127.72,30.65,0.71,117.0
22,1981,42.54,93.27,32.15,0.78,111.0
22,1982,30.76,98.13,29.04,0.73,106.0
22,1983,20.15,51.75,15.72,0.58,97.0
22,1984,10.78,40.55,13.74,0.67,82.0
22,1985,19.81,67.2,15.32,0.72,88.0
22,1986,18.17,74.52,19.35,0.74,100.0
22,1987,38.48,99.52,23.81,0.82,106.0
22,1988,37.57,105.97,23.9,0.7,111.0
22,1989,32.56,76.26,29.06,0.58,100.0
22,1990,19.01,59.73,24.21,0.45,86.0
22,1991,15.19,47.85,11.2,0.45,85.0
22,1992,14.44,46.28,6.91,0.45,60.0
22,1993,16.17,40.55,16.17,0.71,56.0
22,1994,17.75,41.77,37.94,0.87,53.0
22,1995,19.12,47.75,37.94,0.87,53.0
22,1996,24.18,48.41,25.77,0.85,63.0
22,1997,16.14,39.71,17.66,0.66,60.0
22,1998,20.07,53.61,15.51,0.61,62.0
22,1999,12.76,40.37,15.13,0.45,60.0
22,2000,15.42,39.87,25.06,0.74,60.0
22,2001,20.71,57.47,26.84,0.86,74.0
22,2002,25.62,55.48,25.52,0.77,84.0
22,2003,27.71,68.29,26.48,0.95,88.0
22,2004,23.16,39.8,25.68,0.79,71.0
22,2005,17.71,63.73,23.01,0.87,65.0
22,2006,19.27,57.42,18.13,0.72,82.0
22,2007,17.24,42.83,20.51,0.88,88.0
22,2008,29.76,60.68,27.5,0.83,93.0
22,2009,35.42,57.82,31.15,0.82,98.0
23,1700,28.43,37.88,3.56,0.35,
23,1701,18.42,26.65,3.5,0.29,37.0
23,1702,18.36,26.11,3.53,0.31,40.0
23,1703,17.45,25.16,3.49,0.34,35.0
23,1704,16.96,25.31,3.54,0.29,32.0
23,1705,8.89,14.37,3.52,0.23,31.0
23,1706,914.64,985.0,3.61,0.23,
23,1707,917.77,985.0,3.56,0.19,
23,1708,274.92,368.06,3.63,0.28,
23,1709,8.35,14.68,3.57,0.25,113.0
23,1710,8.32,16.12,3.55,0.29,25.0
23,1711,4.2,9.07,3.56,0.18,31.0
23,1712,4.34,8.67,3.57,0.18,33.0
23,1713,4.94,10.61,3.55,0.21,35.0
23,1714,9.82,15.96,3.53,0.24,35.0
23,1715,11.37,19.57,3.54,0.29,40.0
23,1716,5.79,10.72,3.51,0.23,30.0
23,1717,7.94,13.81,3.61,0.32,30.0
23,1718,5.9,13.28,3.49,0.17,38.0
23,1719,8.57,16.29,3.58,0.18,51.0
23,1720,9.93,18.77,3.56,0.2,60.0
23,1721,11.9,22.69,3.55,0.23,41.0
23,1722,13.02,23.29,5.07,0.22,42.0
23,1723,13.23,23.69,3.42,0.27,37.0
23,1724,17.9,27.86,3.56,0.32,32.0
23,1725,18.81,27.76,3.54,0.28,31.0
23,1726,14.72,25.65,3.53,0.27,31.0
23,1727,10.24,18.57,3.59,0.35,44.0
23,1728,13.24,22.97,3.55,0.49,43.0
23,1729,8.71,13.85,3.54,0.43,38.0
23,1730,6.63,12.66,3.52,0.4,40.0
23,1731,13.14,21.3,3.59,0.46,40.0
23,1732,8.52,15.84,3.55,0.24,49.0
23,1733,8.08,15.48,3.54,0.26,38.0
23,1734,11.79,20.79,3.56,0.46,46.0
23,1735,5.11,10.05,3.57,0.32,40.0
23,1736,15.38,21.8,3.58,0.29,47.0
23,1737,16.97,26.93,3.55,0.53,59.0
23,1738,17.43,26.69,3.5,0.46,56.0
23,1739,19.67,32.09,3.5,0.29,49.0
23,1740,,31.21,,0.27,58.0
23,1741,,33.73,,0.3,54.0
23,1742,,20.9,,0.29,48.0
23,1743,,27.61,,0.52,57.0
23,1744,,20.78,,0.47,48.0
23,1745,17.72,19.46,3.63,0.44,45.0
23,1746,21.02,34.85,3.58,0.31,46.0
23,1747,17.32,27.42,3.54,0.26,44.0
23,1748,17.79,31.72,3.55,0.31,46.0
23,1749,15.29,24.25,3.56,0.3,52.0
23,1750,16.72,27.24,3.57,0.33,36.0
23,1751,20.46,31.51,3.54,0.38,40.0
23,1752,23.3,32.77,3.55,0.43,54.0
23,1753,26.66,39.31,3.58,0.31,55.0
23,1754,33.46,45.42,3.51,0.29,61.0
23,1755,23.1,37.19,3.56,0.22,92.0
23,1756,25.22,42.73,3.54,0.31,87.0
23,1757,32.95,54.63,3.51,0.46,73.0
23,1758,18.23,27.05,3.52,0.41,61.0
23,1759,9.46,15.75,3.56,0.36,42.0
23,1760,,,,,
23,1761,,,,,
23,1762,,,,,
23,1763,,,,,
23,1764,,,,,
23,1765,,,,,
23,1766,,,,,
23,1767,,,,,
23,1768,,,,,
23,1769,,,,,
23,1770,,,,,
23,1771,,,,,
23,1772,,,,,
23,1773,,,,,
23,1774,,,,,
23,1775,,,,,
23,1776,,,,,
23,1777,,,,,
23,1778,,,,,
23,1779,,,,,
23,1780,,,,,
23,1781,,,,,
23,1782,,,,,
23,1783,,,,,
23,1784,,,,,
23,1785,,,,,
23,1786,,,2.66,0.03,
23,1787,13.06,15.63,1.51,0.31,
23,1788,6.56,8.7,0.95,0.06,14.0
23,1789,13.61,18.78,1.83,0.15,32.0
23,1790,10.31,13.97,1.52,0.17,22.0
23,1791,16.74,22.3,1.91,0.2,30.0
23,1792,12.69,15.68,1.62,0.17,29.0
23,1793,12.47,17.01,1.85,0.12,28.0
23,1794,10.44,2.86,2.6,0.16,49.0
23,1795,6.88,4.28,2.46,0.19,
23,1796,,,2.49,0.19,
23,1797,,,2.42,0.25,
23,1798,5.92,9.08,1.97,0.21,
23,1799,4.46,2.1,1.28,0.15,
23,1800,2.67,4.46,1.86,0.15,
23,1801,3.71,2.12,1.88,0.15,
23,1802,2.69,4.74,1.67,0.13,
23,1803,13.22,2.08,1.81,0.14,
23,1804,7.06,10.39,1.85,0.32,
23,1805,12.52,9.11,1.65,0.2,
23,1806,21.1,9.35,1.7,0.38,
23,1807,13.29,8.72,1.58,0.15,
23,1808,5.61,4.68,2.28,0.16,
23,1809,6.6,5.96,2.07,0.18,
23,1810,16.81,17.68,2.11,0.23,
23,1811,7.87,12.72,1.92,0.22,
23,1812,12.77,14.36,1.93,0.23,
23,1813,13.79,24.44,2.06,0.17,
23,1814,5.13,5.64,1.63,0.16,
23,1815,4.97,6.56,1.66,0.2,
23,1816,2.03,3.45,0.84,0.1,
23,1817,4.09,2.17,0.81,0.1,
23,1818,8.53,10.96,1.38,0.18,
23,1819,20.9,24.28,2.24,0.25,
23,1820,24.42,36.78,2.87,0.26,
23,1821,12.52,12.57,2.06,0.17,
23,1822,9.52,,2.28,0.19,
23,1823,12.2,,2.32,0.17,
23,1824,8.77,,2.24,0.16,
23,1825,2.06,,2.04,0.14,
23,1826,6.7,1.06,2.2,0.17,
23,1827,,,2.28,0.18,
23,1828,16.94,,2.48,0.33,
23,1829,6.09,,2.26,0.25,
23,1830,,,2.38,0.23,
23,1831,13.57,,2.33,0.17,
23,1832,12.55,,2.12,0.28,
23,1833,13.5,,2.17,0.3,
23,1834,11.0,,1.83,0.12,
23,1835,56.28,68.45,1.89,0.2,
23,1836,35.29,51.1,2.43,0.67,
23,1837,22.59,30.4,2.96,0.28,50.0
23,1838,17.46,24.25,2.47,0.2,38.0
23,1839,57.08,38.59,2.82,0.36,52.0
23,1840,35.92,48.29,2.74,0.47,60.0
23,1841,38.86,50.15,2.84,0.43,64.0
23,1842,22.65,31.34,2.31,0.22,55.0
23,1843,34.74,45.92,2.36,0.14,36.0
23,1844,33.34,45.46,2.41,0.25,69.0
23,1845,21.45,32.41,2.53,0.18,80.0
23,1846,29.71,39.33,2.57,0.22,88.0
23,1847,21.25,28.61,2.47,0.29,57.0
23,1848,20.72,23.23,2.37,0.22,54.0
23,1849,15.63,27.13,2.87,0.23,73.0
23,1850,35.99,49.54,2.91,0.53,78.0
23,1851,43.41,54.6,2.6,0.34,68.0
23,1852,44.81,55.75,2.68,0.33,74.0
23,1853,46.64,59.12,2.48,0.56,81.0
23,1854,64.17,79.29,2.35,0.63,86.0
23,1855,62.33,78.74,2.6,0.59,111.0
23,1856,42.77,57.84,2.44,0.33,96.0
23,1857,40.96,56.13,2.4,0.35,71.0
23,1858,47.55,62.01,2.46,0.27,78.0
23,1859,48.24,67.47,3.05,0.33,80.0
23,1860,60.08,84.81,3.2,0.55,86.0
23,1861,49.49,63.41,2.97,0.56,94.0
23,1862,54.66,73.95,3.29,0.53,90.0
23,1863,40.34,59.42,3.14,0.41,87.0
23,1864,58.11,83.5,3.18,0.57,93.0
23,1865,48.94,68.35,2.67,0.37,92.0
23,1866,25.93,34.99,2.85,0.26,62.0
23,1867,47.14,63.22,3.03,0.58,70.0
23,1868,42.01,58.81,2.82,0.56,76.0
23,1869,40.08,56.09,2.71,0.4,71.0
23,1870,49.07,66.7,2.41,0.52,77.0
23,1871,54.68,75.38,2.38,0.35,90.0
23,1872,81.36,108.46,2.51,0.37,143.0
23,1873,63.48,84.69,2.38,0.32,130.0
23,1874,77.93,102.18,2.63,0.49,140.0
23,1875,75.12,98.01,2.79,0.48,149.0
23,1876,92.18,120.62,2.79,0.59,182.0
23,1877,67.59,89.77,2.69,0.49,175.0
23,1878,58.97,79.1,2.64,0.33,120.0
23,1879,,,,,
23,1880,,,,,
23,1881,31.07,38.19,8.15,0.3,
23,1882,25.11,31.22,2.56,0.34,49.0
23,1883,21.18,26.77,2.72,0.23,46.0
23,1884,17.87,27.19,2.7,0.35,60.0
23,1885,17.24,24.88,2.44,0.24,42.0
23,1886,18.63,26.41,2.64,0.22,51.0
23,1887,27.68,36.86,2.65,0.24,53.0
23,1888,35.37,48.33,2.61,0.31,60.0
23,1889,26.75,40.42,2.55,0.2,63.0
23,1890,32.17,53.68,2.64,0.23,64.0
23,1891,26.31,34.09,2.77,0.32,63.0
23,1892,27.32,36.11,2.78,0.25,64.0
23,1893,26.77,35.27,2.74,0.22,65.0
23,1894,20.66,35.48,2.91,0.17,73.0
23,1895,28.03,42.96,3.08,0.31,65.0
23,1896,39.77,59.85,3.11,0.29,71.0
23,1897,23.77,38.5,2.94,0.23,66.0
23,1898,29.84,47.21,2.35,0.22,56.0
23,1899,38.98,55.72,2.34,0.28,59.0
23,1900,53.61,75.81,2.58,0.32,86.0
23,1901,27.04,42.2,2.55,0.21,77.0
23,1902,23.18,42.06,2.53,0.21,65.0
23,1903,37.88,59.49,2.69,0.31,49.0
23,1904,44.98,72.82,2.7,0.31,73.0
23,1905,52.21,75.5,2.48,0.33,83.0
23,1906,50.46,75.63,2.73,0.33,86.0
23,1907,58.49,81.35,2.62,0.33,97.0
23,1908,21.25,31.3,2.44,0.21,62.0
23,1909,21.58,29.57,2.46,0.24,33.0
23,1910,30.19,39.11,2.67,0.22,44.0
23,1911,50.05,62.4,2.8,0.3,67.0
23,1912,44.29,55.51,2.64,0.28,72.0
23,1913,42.54,66.9,2.57,0.26,79.0
23,1914,33.4,60.85,2.45,0.19,72.0
23,1915,30.23,58.07,2.46,0.21,55.0
23,1916,53.16,89.47,2.52,0.35,64.0
23,1917,58.0,99.34,2.35,0.35,118.0
23,1918,46.79,81.02,2.55,0.3,93.0
23,1919,34.47,74.98,2.83,0.23,77.0
23,1920,34.03,65.56,2.87,0.21,74.0
23,1921,25.6,49.2,2.67,0.05,59.0
23,1922,,,,0.0,
23,1923,,,,,
23,1924,,,,,
23,1925,,,,,
23,1926,,,,,
23,1927,,,,0.0,
23,1928,,,,0.0,
23,1929,,,,0.0,
23,1930,,,,0.0,
23,1931,,,,0.0,
23,1932,,,,0.0,
23,1933,,,,0.0,
23,1934,,,,0.0,
23,1935,,,,0.0,
23,1936,,,,0.0,
23,1937,,,,0.0,
23,1938,,,,0.0,
23,1939,,,,0.0,
23,1940,,,,0.0,
23,1941,,,,0.0,
23,1942,,,,0.0,
23,1943,,,,0.0,
23,1944,,,,0.0,
23,1945,,,,0.0,
23,1946,,,,0.0,
23,1947,9.92,13.98,1.88,0.07,
23,1948,12.54,18.18,2.42,0.17,17.0
23,1949,13.9,18.23,2.65,0.16,24.0
23,1950,10.46,13.6,2.65,0.15,19.0
23,1951,13.97,18.44,2.65,0.2,20.0
23,1952,16.18,23.91,2.58,0.16,27.0
23,1953,12.39,16.49,2.62,0.18,22.0
23,1954,11.76,16.65,2.65,0.18,39.0
23,1955,15.92,24.05,2.68,0.16,56.0
23,1956,21.41,32.61,2.62,0.19,42.0
23,1957,23.75,34.49,2.72,0.19,57.0
23,1958,22.77,33.82,2.59,0.2,75.0
23,1959,21.75,30.97,2.74,0.2,37.0
23,1960,30.47,43.71,2.62,0.19,48.0
23,1961,21.18,31.19,2.14,0.15,41.0
23,1962,17.18,25.41,1.89,0.13,31.0
23,1963,14.34,23.35,1.72,0.11,25.0
23,1964,16.06,29.21,2.53,0.16,30.0
23,1965,24.24,45.38,2.55,0.19,52.0
23,1966,26.59,49.0,2.67,0.21,47.0
23,1967,17.42,26.03,2.65,0.19,40.0
23,1968,3.45,4.98,2.58,0.17,17.0
23,1969,8.58,12.38,2.84,0.22,14.0
23,1970,24.57,40.46,2.66,0.19,28.0
23,1971,16.11,24.92,2.66,0.16,35.0
23,1972,11.5,19.73,2.74,0.14,24.0
23,1973,7.42,11.94,2.69,0.14,17.0
23,1974,8.61,13.44,2.69,0.16,35.0
23,1975,12.87,19.67,2.66,0.24,23.0
23,1976,11.74,15.88,2.8,0.18,21.0
23,1977,12.82,20.52,2.75,0.17,21.0
23,1978,12.93,20.92,2.84,0.17,22.0
23,1979,16.52,28.89,2.78,0.16,25.0
23,1980,19.38,31.27,2.73,0.15,29.0
23,1981,19.65,27.54,2.65,0.17,33.0
23,1982,20.5,28.99,2.73,0.18,32.0
23,1983,12.72,18.14,2.75,0.15,32.0
23,1984,13.5,17.99,2.73,0.16,16.0
23,1985,17.94,25.5,2.88,0.18,30.0
23,1986,23.76,32.93,2.71,0.21,33.0
23,1987,24.94,33.44,2.73,0.25,41.0
23,1988,9.99,14.39,2.62,0.17,33.0
23,1989,5.28,10.75,2.64,0.16,20.0
23,1990,3.44,5.82,2.76,0.14,29.0
23,1991,3.9,6.79,2.63,0.13,34.0
23,1992,,,,,
23,1993,3.11,9.63,2.49,0.13,
23,1994,4.38,10.06,2.41,0.12,18.0
23,1995,3.87,5.38,3.06,0.14,26.0
23,1996,4.56,6.79,3.09,0.15,46.0
23,1997,10.64,15.77,3.03,0.2,49.0
23,1998,14.8,23.66,3.03,0.22,43.0
23,1999,5.35,9.42,2.92,0.14,33.0
23,2000,8.14,12.93,2.94,0.15,41.0
23,2001,9.65,20.87,2.97,0.13,46.0
23,2002,10.21,15.34,3.07,0.14,47.0
23,2003,9.62,16.37,2.95,0.13,19.0
23,2004,6.33,8.76,3.01,0.12,25.0
23,2005,9.41,9.77,2.89,0.16,35.0
23,2006,13.55,20.53,3.1,0.17,53.0
23,2007,9.53,13.4,3.05,0.18,26.0
23,2008,14.74,20.8,2.85,0.2,21.0
23,2009,16.7,29.4,2.7,0.1,24.0
24,1085,,,,3.6,
24,1086,,,,3.41,
24,1087,,,,5.15,
24,1088,,,,,
24,1089,,,,,
24,1090,,,,,
24,1091,,,,,
24,1092,,,,1.68,
24,1093,,,,,
24,1094,,,,,
24,1095,,,,,
24,1096,,,,,
24,1097,,,,,
24,1098,,,,,
24,1099,,,,,
24,1100,,,,,
24,1101,,,,,
24,1102,,,,,
24,1103,,,,,
24,1104,,,,,
24,1105,,,,,
24,1106,,,0.09,1.36,
24,1107,,,0.12,1.62,
24,1108,,,0.11,2.34,
24,1109,,,0.05,2.25,
24,1110,,,,,
24,1111,,,,,
24,1112,,,,,
24,1113,,,,,
24,1114,,,,,
24,1115,,,,,
24,1116,,,,,
24,1117,,,,,
24,1118,,,,,
24,1119,,,,,
24,1120,,,,,
24,1121,,,,,
24,1122,,,,,
24,1123,,,,,
24,1124,,,,,
24,1125,,,,,
24,1126,,,,,
24,1127,,,,,
24,1128,,,,,
24,1129,,,,,
24,1130,,,,,
24,1131,,,,,
24,1132,,,,,
24,1133,,,,,
24,1134,123.61,322.43,29.29,2.46,
24,1135,135.85,341.78,27.72,2.5,311.0
24,1136,172.05,381.02,45.34,2.62,321.0
24,1137,143.05,314.95,55.96,2.56,343.0
24,1138,,,,,
24,1139,117.74,264.67,27.17,1.62,
24,1140,173.67,411.74,54.41,2.09,343.0
24,1141,73.52,209.94,17.65,0.58,269.0
24,1142,145.63,280.32,32.76,1.3,243.0
24,1143,193.1,415.79,68.73,1.77,350.0
24,1144,174.89,336.83,48.53,1.42,362.0
24,1145,209.23,448.44,69.51,1.96,369.0
24,1146,138.1,293.77,47.28,1.3,356.0
24,1147,135.54,290.37,32.28,1.23,305.0
24,1148,183.64,337.62,48.33,1.54,320.0
24,1149,238.35,529.88,94.69,2.73,474.0
24,1150,223.24,428.19,99.8,2.56,452.0
24,1151,172.69,365.85,44.13,2.34,356.0
24,1152,174.97,356.57,37.09,2.12,334.0
24,1153,207.2,446.6,59.91,2.41,400.0
24,1154,159.51,373.57,59.94,2.08,378.0
24,1155,202.82,450.74,76.15,2.69,368.0
24,1156,186.41,378.45,27.03,2.05,367.0
24,1157,198.3,392.54,32.55,2.43,365.0
24,1158,166.3,395.0,27.44,2.35,348.0
24,1159,283.31,488.72,36.38,3.3,484.0
24,1160,173.38,404.44,30.83,2.27,396.0
24,1161,145.3,329.78,26.55,1.93,341.0
24,1162,147.24,333.81,35.12,2.05,320.0
24,1163,111.63,241.12,27.81,1.46,295.0
24,1164,179.03,312.37,36.17,1.97,258.0
24,1165,144.24,279.06,28.4,2.06,329.0
24,1166,82.18,164.53,27.52,1.69,323.0
24,1167,169.33,393.78,48.95,2.07,
24,1168,,,,,
24,1169,,,,,
24,1170,,,,,
24,1171,,,,,
24,1172,,,,,
24,1173,,,,,
24,1174,,,,,
24,1175,331.81,382.08,43.96,3.34,
24,1176,217.86,358.15,31.96,2.97,425.0
24,1177,100.51,230.12,28.68,1.86,306.0
24,1178,108.45,251.27,20.49,2.07,206.0
24,1179,90.03,210.68,19.34,1.9,251.0
24,1180,64.52,143.31,20.37,1.46,168.0
24,1181,93.41,244.58,18.51,1.84,148.0
24,1182,155.14,352.21,22.58,2.74,288.0
24,1183,183.49,355.28,32.85,3.19,354.0
24,1184,61.01,146.11,29.3,1.61,230.0
24,1185,53.41,132.9,17.11,1.58,130.0
24,1186,60.32,150.73,11.38,1.6,127.0
24,1187,75.21,131.5,10.88,1.49,134.0
24,1188,29.93,90.34,4.7,1.8,139.0
24,1189,39.69,133.54,10.7,1.62,99.0
24,1190,53.48,113.22,19.8,1.57,120.0
24,1191,,,,,114.0
24,1192,,,,,
24,1193,,,,,
24,1194,,,,,
24,1195,,,,,
24,1196,,,,,
24,1197,,,,,
24,1198,,,,,
24,1199,,,20.28,4.84,
24,1200,,22.63,10.48,4.27,
24,1201,35.65,141.11,17.29,4.66,154.0
24,1202,110.34,217.23,34.59,4.92,193.0
24,1203,64.68,126.32,12.95,4.23,200.0
24,1204,108.11,166.64,15.7,5.23,215.0
24,1205,59.36,135.68,33.14,1.71,267.0
24,1206,34.41,81.16,20.36,1.62,96.0
24,1207,51.96,99.53,9.44,2.16,110.0
24,1208,102.35,38.76,1.36,1.48,139.0
24,1209,45.11,70.31,3.5,1.65,89.0
24,1210,82.83,177.12,14.05,1.98,145.0
24,1211,90.72,373.29,,1.89,196.0
24,1212,43.09,139.17,10.52,1.39,
24,1213,20.11,97.93,8.17,1.52,101.0
24,1214,30.96,115.35,11.97,1.43,104.0
24,1215,37.37,98.75,7.91,1.87,100.0
24,1216,51.56,96.27,8.79,1.75,100.0
24,1217,39.03,73.5,8.79,1.66,98.0
24,1218,38.9,92.05,33.4,1.65,94.0
24,1219,72.57,103.33,17.06,1.75,112.0
24,1220,46.59,115.67,8.07,1.71,104.0
24,1221,43.79,118.46,6.74,1.67,114.0
24,1222,42.56,109.73,13.9,1.63,109.0
24,1223,67.72,179.63,18.76,1.91,128.0
24,1224,51.0,147.09,20.01,1.76,140.0
24,1225,66.42,164.92,22.42,1.75,138.0
24,1226,60.01,168.17,26.98,1.76,155.0
24,1227,46.17,103.29,14.76,1.47,124.0
24,1228,42.77,120.6,13.67,1.72,111.0
24,1229,53.33,92.78,4.45,1.87,103.0
24,1230,32.69,62.61,6.21,1.6,95.0
24,1231,77.37,146.11,15.57,2.1,139.0
24,1232,66.31,127.03,9.57,1.81,119.0
24,1233,49.13,108.26,1.5,1.72,122.0
24,1234,59.5,161.8,11.73,1.87,110.0
24,1235,69.14,120.9,10.7,1.88,141.0
24,1236,38.38,92.97,7.81,1.67,107.0
24,1237,84.96,143.73,8.06,2.15,108.0
24,1238,80.66,147.79,6.86,1.98,163.0
24,1239,36.34,74.74,8.64,1.75,124.0
24,1240,39.91,84.57,10.59,1.71,91.0
24,1241,25.78,84.37,9.89,1.68,88.0
24,1242,31.1,86.26,24.09,1.64,90.0
24,1243,36.97,94.18,12.13,1.71,89.0
24,1244,38.07,104.7,19.01,1.73,102.0
24,1245,40.07,113.21,11.83,1.78,111.0
24,1246,33.75,74.44,12.55,1.91,104.0
24,1247,79.39,162.66,19.67,2.28,108.0
24,1248,54.6,114.36,11.66,1.94,182.0
24,1249,49.37,98.48,14.27,1.94,98.0
24,1250,132.55,206.24,8.09,2.35,201.0
24,1251,69.21,165.95,17.9,2.12,148.0
24,1252,53.57,106.84,10.98,1.85,125.0
24,1253,57.77,113.57,15.3,1.86,106.0
24,1254,59.3,113.1,,1.91,107.0
24,1255,,,,,
24,1256,,,,,
24,1257,,,,,
24,1258,,,,,
24,1259,,,,,
24,1260,,,,,
24,1261,,,,,
24,1262,,,,,
24,1263,,,,,
24,1264,,,,,
24,1265,31.44,285.1,,2.19,
24,1266,23.77,202.62,,2.16,200.0
24,1267,29.49,194.29,,2.19,166.0
24,1268,44.47,171.72,,2.37,155.0
24,1269,31.75,151.44,,2.45,131.0
24,1270,18.9,108.97,,2.1,124.0
24,1271,24.69,124.5,,2.07,110.0
24,1272,26.57,120.71,,2.15,116.0
24,1273,36.11,142.65,,2.27,113.0
24,1274,25.06,80.14,,2.25,119.0
24,1275,14.66,53.63,11.58,2.0,102.0
24,1276,22.15,87.77,11.43,2.14,103.0
24,1277,26.38,127.81,14.84,2.41,115.0
24,1278,24.39,124.45,12.91,2.16,121.0
24,1279,21.0,104.21,7.05,2.38,111.0
24,1280,19.47,122.99,6.14,2.27,105.0
24,1281,29.32,172.0,5.03,2.41,134.0
24,1282,23.7,155.58,3.42,2.3,144.0
24,1283,26.47,145.76,3.85,2.29,138.0
24,1284,23.59,139.36,5.04,2.27,128.0
24,1285,23.54,105.13,3.97,2.32,113.0
24,1286,13.64,57.78,2.07,2.06,102.0
24,1287,16.27,87.85,3.49,2.15,102.0
24,1288,24.07,115.13,3.09,2.39,108.0
24,1289,17.92,64.18,3.43,2.44,108.0
24,1290,15.79,79.97,2.51,2.41,108.0
24,1291,17.77,60.31,2.17,2.49,107.0
24,1292,12.41,46.25,2.21,2.45,109.0
24,1293,13.96,35.86,0.05,2.43,106.0
24,1294,13.74,30.83,1.26,2.29,105.0
24,1295,23.6,120.81,2.87,2.58,111.0
24,1296,21.58,96.68,2.79,2.51,122.0
24,1297,25.77,83.04,3.96,2.62,110.0
24,1298,11.15,27.71,3.33,2.29,106.0
24,1299,10.71,23.13,1.51,2.27,104.0
24,1300,19.74,89.81,2.26,2.44,108.0
24,1301,26.77,161.69,0.92,2.64,130.0
24,1302,27.24,140.86,,1.49,136.0
24,1303,22.6,84.21,,0.0,84.0
24,1304,21.94,141.33,,0.0,98.0
24,1305,25.81,156.76,,0.0,136.0
24,1306,27.05,131.48,,0.0,137.0
24,1307,32.26,94.76,,0.0,109.0
24,1308,31.28,157.72,,0.0,102.0
24,1309,25.01,180.81,,0.0,147.0
24,1310,31.23,117.92,,0.0,146.0
24,1311,23.22,140.67,,0.0,115.0
24,1312,33.27,189.52,,0.0,138.0
24,1313,30.95,172.93,,0.0,167.0
24,1314,16.5,101.76,,0.0,113.0
24,1315,2.65,51.95,,0.0,78.0
24,1316,11.88,39.4,,0.0,51.0
24,1317,29.54,,,0.0,
24,1318,,,,,
24,1319,,,,,
24,1320,,,,,
24,1321,15.99,,4.56,2.66,
24,1322,17.98,,3.61,2.68,111.0
24,1323,14.65,,0.09,2.64,113.0
24,1324,38.91,,2.82,2.3,104.0
24,1325,7.17,,,2.28,97.0
24,1326,,,10.13,2.7,
24,1327,,,,,
24,1328,23.22,22.48,1.72,2.53,
24,1329,29.66,29.17,6.53,2.64,111.0
24,1330,22.35,11.09,,2.62,110.0
24,1331,28.73,18.31,1.15,2.59,108.0
24,1332,,,,,76.0
24,1333,,,,,
24,1334,,,,,
24,1335,,,,,
24,1336,10.04,16.04,1.49,2.65,
24,1337,,,,,
24,1338,35.68,100.35,,2.83,
24,1339,11.4,34.2,,2.72,
24,1340,,,,,
24,1341,,,,,
24,1342,,,,,
24,1343,,,,,
24,1344,,,,,
24,1345,,,,,
24,1346,,,,,
24,1347,,,,,
24,1348,,,,,
24,1349,,,,,
24,1350,,,,,
24,1351,,,,,
24,1352,,,,,
24,1353,,,,,
24,1354,,,,,
24,1355,,,,,
24,1356,,,,,
24,1357,,,,,
24,1358,,,,,
24,1359,,0.01,20.45,,
24,1360,,0.02,104.97,,
24,1361,,0.04,31.52,,14.0
24,1362,,0.06,36.26,,15.0
24,1363,,0.13,38.4,,15.0
24,1364,,0.14,43.88,,16.0
24,1365,,0.16,51.75,,16.0
24,1366,,0.14,56.73,,23.0
24,1367,,0.24,51.56,,17.0
24,1368,,0.21,44.06,,20.0
24,1369,,0.17,54.75,,17.0
24,1370,,,65.89,,17.0
24,1371,,,71.06,,
24,1372,,,64.62,,
24,1373,,,83.69,,
24,1374,,,96.28,,
24,1375,,,72.33,,
24,1376,,,75.07,,
24,1377,,,89.1,,
24,1378,,,69.96,,
24,1379,,,41.38,,
24,1380,,0.04,21.58,,
24,1381,,0.03,18.5,,17.0
24,1382,,0.07,51.49,,13.0
24,1383,,0.13,70.9,,15.0
24,1384,,0.17,97.79,,16.0
24,1385,79.71,0.22,79.92,3.08,46.0
24,1386,14.62,0.19,4.85,2.41,118.0
24,1387,23.56,0.18,8.82,2.67,117.0
24,1388,58.85,0.24,19.71,2.9,119.0
24,1389,58.15,0.26,24.98,2.54,116.0
24,1390,58.19,0.26,6.61,2.44,111.0
24,1391,63.74,0.2,13.5,2.78,127.0
24,1392,66.55,0.23,8.34,2.58,123.0
24,1393,47.45,0.21,16.32,2.36,109.0
24,1394,61.37,0.29,13.43,2.65,113.0
24,1395,60.29,0.28,15.81,2.74,148.0
24,1396,64.91,0.27,5.87,2.97,135.0
24,1397,48.84,0.19,2.53,2.5,112.0
24,1398,31.23,28.73,2.11,2.27,107.0
24,1399,25.79,104.81,0.24,2.26,107.0
24,1400,31.74,121.87,2.3,2.54,115.0
24,1401,27.15,88.97,2.04,2.48,113.0
24,1402,37.81,138.32,2.05,2.44,112.0
24,1403,59.16,208.18,15.89,2.69,150.0
24,1404,48.12,165.82,9.45,2.5,146.0
24,1405,83.49,275.65,19.45,3.06,192.0
24,1406,85.22,268.83,14.57,3.25,246.0
24,1407,62.29,205.0,13.94,2.65,185.0
24,1408,58.04,205.76,19.43,2.41,167.0
24,1409,77.03,289.01,8.95,1.53,181.0
24,1410,94.21,362.21,6.37,0.0,280.0
24,1411,88.86,338.63,6.27,0.0,336.0
24,1412,83.94,298.36,4.61,0.43,271.0
24,1413,89.94,341.24,2.34,1.42,255.0
24,1414,89.14,345.01,2.58,1.9,315.0
24,1415,97.94,409.14,3.56,1.08,311.0
24,1416,95.01,444.69,5.91,0.01,404.0
24,1417,80.16,345.27,5.52,0.02,367.0
24,1418,71.14,290.4,4.38,0.04,314.0
24,1419,83.12,355.22,6.44,0.81,193.0
24,1420,107.97,474.87,1.4,2.08,408.0
24,1421,93.4,429.05,0.53,1.88,431.0
24,1422,85.04,420.2,0.15,1.62,396.0
24,1423,81.8,466.19,1.48,1.78,422.0
24,1424,66.17,354.59,0.56,1.16,360.0
24,1425,66.46,368.49,0.34,1.21,330.0
24,1426,86.22,477.66,0.43,1.5,386.0
24,1427,110.22,528.3,0.32,1.92,525.0
24,1428,110.75,494.5,0.25,2.96,489.0
24,1429,95.3,440.33,0.33,2.22,356.0
24,1430,100.66,507.65,0.1,2.08,509.0
24,1431,88.36,451.12,0.09,1.84,428.0
24,1432,100.93,456.56,0.02,1.86,434.0
24,1433,109.94,423.46,,2.37,434.0
24,1434,114.58,340.97,,2.25,342.0
24,1435,119.7,346.87,,2.68,284.0
24,1436,106.01,299.94,,2.34,286.0
24,1437,101.5,308.53,,2.47,261.0
24,1438,94.41,239.24,,2.58,241.0
24,1439,115.23,306.3,0.2,2.28,230.0
24,1440,99.88,280.93,1.02,2.17,291.0
24,1441,92.54,282.66,0.96,1.87,212.0
24,1442,110.56,301.76,0.82,2.87,266.0
24,1443,112.0,319.79,0.9,2.9,261.0
24,1444,89.1,227.65,0.97,2.54,269.0
24,1445,77.51,225.23,0.92,2.4,
24,1446,54.95,,0.56,2.03,
24,1447,40.37,,1.51,1.87,
24,1448,13.6,,1.06,1.8,
24,1449,12.14,,0.46,1.97,
24,1450,47.8,,0.66,2.54,
24,1451,67.17,,0.78,2.64,
24,1452,94.18,,0.5,3.06,
24,1453,157.16,,0.7,2.94,
24,1454,73.79,,5.33,3.04,
24,1455,95.97,214.94,7.19,3.71,210.0
24,1456,111.33,289.08,6.8,3.52,244.0
24,1457,107.57,295.5,6.76,3.3,249.0
24,1458,77.2,291.2,6.64,3.04,254.0
24,1459,101.04,322.56,6.02,3.63,249.0
24,1460,72.57,239.2,5.73,3.2,227.0
24,1461,84.3,263.09,5.94,3.25,200.0
24,1462,109.37,316.19,6.47,3.73,252.0
24,1463,164.15,379.95,6.14,4.74,304.0
24,1464,144.06,392.33,5.82,4.25,353.0
24,1465,149.95,391.11,4.88,4.07,359.0
24,1466,141.72,364.26,4.94,4.07,336.0
24,1467,151.23,388.52,5.19,4.16,344.0
24,1468,136.62,405.86,5.46,4.23,346.0
24,1469,94.54,248.18,5.92,3.33,307.0
24,1470,105.66,272.38,5.44,3.55,221.0
24,1471,122.14,366.32,5.93,3.51,285.0
24,1472,117.54,284.65,5.76,2.66,308.0
24,1473,126.07,309.11,5.36,2.95,305.0
24,1474,148.86,331.98,5.04,3.43,306.0
24,1475,129.5,394.06,5.05,3.31,322.0
24,1476,102.03,387.57,4.75,2.29,359.0
24,1477,115.57,385.7,5.06,1.77,360.0
24,1478,131.89,327.92,6.78,1.79,341.0
24,1479,102.06,481.81,1.65,2.09,
24,1480,104.12,375.0,0.51,2.2,336.0
24,1481,113.96,439.84,0.14,2.47,367.0
24,1482,99.88,424.28,0.03,2.34,456.0
24,1483,81.01,291.71,0.07,1.81,292.0
24,1484,66.58,242.91,0.25,1.7,220.0
24,1485,66.31,198.55,0.14,1.56,176.0
24,1486,47.7,182.62,,1.25,155.0
24,1487,58.67,217.45,,1.6,175.0
24,1488,56.68,210.72,,2.02,177.0
24,1489,55.87,240.84,,1.93,164.0
24,1490,53.41,237.12,,1.95,200.0
24,1491,78.87,339.23,,2.53,230.0
24,1492,95.67,362.96,,3.05,326.0
24,1493,102.53,356.48,,2.94,301.0
24,1494,99.74,421.57,,3.25,370.0
24,1495,101.98,444.2,,3.22,397.0
24,1496,82.05,386.16,,2.87,386.0
24,1497,96.65,482.14,,3.35,418.0
24,1498,88.48,444.48,3.79,2.81,439.0
24,1499,83.85,370.72,,2.59,404.0
24,1500,60.24,291.43,,1.84,233.0
24,1501,51.07,256.14,,2.0,248.0
24,1502,61.86,320.44,,2.36,211.0
24,1503,63.48,330.54,,2.2,278.0
24,1504,87.87,402.77,,2.87,350.0
24,1505,106.94,502.63,,3.33,398.0
24,1506,129.55,567.83,,3.69,570.0
24,1507,68.38,336.82,,2.52,425.0
24,1508,71.75,311.87,,2.86,274.0
24,1509,59.61,233.28,,3.28,229.0
24,1510,75.49,324.06,,3.06,236.0
24,1511,90.51,420.1,,3.35,347.0
24,1512,94.73,427.68,,3.78,390.0
24,1513,81.52,404.66,,3.24,351.0
24,1514,116.52,768.16,,4.2,437.0
24,1515,75.06,635.78,,3.38,
24,1516,71.07,369.02,,2.96,437.0
24,1517,39.16,187.19,,2.39,222.0
24,1518,27.67,108.55,,2.17,118.0
24,1519,23.09,125.2,,2.1,111.0
24,1520,29.97,168.95,,2.42,129.0
24,1521,29.6,158.68,,2.27,148.0
24,1522,37.64,200.46,,2.34,151.0
24,1523,58.16,282.48,,2.83,179.0
24,1524,33.19,185.36,,2.81,221.0
24,1525,29.56,136.7,,2.43,133.0
24,1526,45.91,242.28,,2.68,195.0
24,1527,67.33,379.94,,3.13,266.0
24,1528,61.65,368.35,,3.33,
24,1529,62.78,322.38,,3.06,
24,1530,,,,2.61,
24,1531,,,,3.18,
24,1532,18.06,,,2.69,
24,1533,65.8,384.47,11.36,3.05,
24,1534,,,,,
24,1535,,,,,
24,1536,61.5,155.29,6.71,3.09,
24,1537,,,5.96,3.1,
24,1538,31.22,,5.8,3.16,
24,1539,78.55,118.8,6.32,4.11,
24,1540,39.23,158.18,8.04,2.11,
24,1541,33.25,145.56,8.0,1.0,121.0
24,1542,42.6,179.81,7.01,0.93,148.0
24,1543,46.63,217.15,8.1,1.23,161.0
24,1544,60.74,326.64,8.06,1.25,219.0
24,1545,85.0,392.46,7.38,1.85,335.0
24,1546,53.41,248.96,7.28,0.99,292.0
24,1547,28.11,148.93,7.69,0.61,156.0
24,1548,34.38,169.7,7.43,0.72,123.0
24,1549,45.84,218.72,7.12,0.96,166.0
24,1550,95.85,273.08,6.55,1.32,191.0
24,1551,58.86,220.16,6.68,1.02,213.0
24,1552,47.74,195.92,6.47,0.99,200.0
24,1553,50.37,196.44,11.4,1.26,145.0
24,1554,43.63,174.8,16.39,1.2,164.0
24,1555,27.84,128.0,16.09,0.95,130.0
24,1556,55.95,235.28,16.03,1.21,144.0
24,1557,29.53,131.35,15.4,0.93,168.0
24,1558,21.02,104.95,15.27,0.73,114.0
24,1559,18.61,92.87,15.79,0.81,89.0
24,1560,47.88,188.3,16.1,1.43,124.0
24,1561,58.43,139.58,15.58,1.55,158.0
24,1562,46.71,162.61,15.61,1.37,119.0
24,1563,52.99,221.52,14.97,1.72,170.0
24,1564,33.4,135.29,15.28,1.27,155.0
24,1565,30.56,112.23,15.44,1.41,
24,1566,53.68,226.94,15.03,1.58,183.0
24,1567,60.44,242.33,16.46,1.71,180.0
24,1568,57.94,269.22,15.44,1.56,253.0
24,1569,34.74,140.61,9.91,1.25,144.0
24,1570,44.86,137.62,17.09,1.64,128.0
24,1571,43.61,135.13,18.56,1.65,124.0
24,1572,28.04,116.55,17.6,1.35,120.0
24,1573,49.73,139.6,18.22,1.72,130.0
24,1574,45.09,128.93,18.35,1.38,116.0
24,1575,23.3,87.02,18.33,1.16,99.0
24,1576,27.72,102.66,17.63,1.18,93.0
24,1577,,,,,
24,1578,34.69,161.68,,1.96,
24,1579,50.82,298.76,16.86,1.9,
24,1580,36.35,165.98,15.89,1.39,
24,1581,39.81,90.26,16.24,1.21,104.0
24,1582,21.91,69.03,15.82,1.27,89.0
24,1583,16.34,66.35,13.18,1.21,77.0
24,1584,26.08,110.21,12.51,1.94,102.0
24,1585,37.46,73.77,13.43,1.8,
24,1586,36.91,164.08,14.86,1.58,132.0
24,1587,38.49,172.54,14.18,1.71,140.0
24,1588,55.63,218.71,13.78,2.07,168.0
24,1589,53.84,226.97,13.67,2.09,177.0
24,1590,42.87,203.68,12.38,1.79,170.0
24,1591,46.56,204.14,13.54,1.86,171.0
24,1592,38.56,156.87,11.91,1.66,155.0
24,1593,38.28,139.66,14.01,1.91,134.0
24,1594,45.89,219.76,12.98,2.14,169.0
24,1595,25.43,129.35,12.44,1.49,135.0
24,1596,27.15,115.69,12.66,1.5,119.0
24,1597,,,,,111.0
24,1598,35.3,149.75,13.18,0.2,
24,1599,34.7,147.07,11.6,0.0,123.0
24,1600,32.94,144.89,10.82,0.0,133.0
24,1601,25.41,131.69,10.81,0.0,126.0
24,1602,31.36,152.98,8.82,0.0,127.0
24,1603,31.46,133.64,9.74,0.0,127.0
24,1604,21.48,110.94,10.75,0.0,117.0
24,1605,21.82,92.22,7.14,0.0,102.0
24,1606,24.64,122.64,10.26,0.67,98.0
24,1607,30.15,118.12,12.84,0.62,122.0
24,1608,31.74,148.15,9.27,0.76,116.0
24,1609,27.7,136.62,12.25,0.83,126.0
24,1610,50.46,183.66,10.15,1.31,167.0
24,1611,28.84,123.52,12.15,0.93,124.0
24,1612,34.58,126.38,9.84,0.97,125.0
24,1613,53.16,141.34,13.47,1.91,136.0
24,1614,18.93,77.32,9.47,1.09,114.0
24,1615,31.83,128.85,9.68,0.95,112.0
24,1616,24.82,102.59,9.42,1.18,118.0
24,1617,29.72,117.76,11.28,0.87,98.0
24,1618,,,,,117.0
24,1619,18.29,98.23,10.53,0.87,
24,1620,32.36,106.2,3.88,0.92,93.0
24,1621,30.64,120.9,4.48,1.05,110.0
24,1622,31.89,107.81,8.51,1.03,108.0
24,1623,37.45,154.65,8.58,1.12,121.0
24,1624,25.85,125.17,6.66,1.0,123.0
24,1625,12.75,92.89,3.05,1.42,120.0
24,1626,24.12,102.19,10.41,1.83,
24,1627,,,9.75,1.77,
24,1628,14.43,143.96,12.19,1.49,
24,1629,20.23,99.04,8.52,1.24,97.0
24,1630,26.75,131.45,3.2,1.5,116.0
24,1631,36.16,183.73,6.77,1.57,136.0
24,1632,36.86,146.59,5.48,1.51,149.0
24,1633,17.58,71.05,6.48,1.45,75.0
24,1634,23.99,49.42,6.6,1.56,86.0
24,1635,15.8,53.89,6.43,1.17,58.0
24,1636,14.22,54.79,7.01,0.97,58.0
24,1637,18.3,76.28,6.12,0.97,63.0
24,1638,15.44,65.11,5.37,1.04,71.0
24,1639,20.9,94.58,7.01,1.08,76.0
24,1640,31.6,111.06,6.97,1.37,96.0
24,1641,30.87,132.92,7.4,1.88,124.0
24,1642,20.54,61.42,6.35,1.63,100.0
24,1643,25.09,57.48,5.15,1.62,82.0
24,1644,18.32,59.72,7.14,0.88,83.0
24,1645,19.94,79.01,6.0,0.75,79.0
24,1646,17.26,38.61,5.62,1.53,81.0
24,1647,30.92,59.67,5.13,2.08,102.0
24,1648,12.41,37.57,3.42,1.59,86.0
24,1649,23.24,76.33,5.53,1.67,88.0
24,1650,24.06,105.08,5.71,1.87,99.0
24,1651,23.04,113.5,4.91,1.61,112.0
24,1652,18.98,100.29,4.52,1.41,100.0
24,1653,15.95,89.91,5.64,1.35,99.0
24,1654,23.79,111.89,6.51,1.44,97.0
24,1655,27.23,133.84,5.9,1.63,116.0
24,1656,35.48,112.0,4.72,1.67,127.0
24,1657,29.0,141.24,5.03,1.55,109.0
24,1658,36.21,197.62,3.27,1.64,149.0
24,1659,43.58,169.03,1.88,1.99,171.0
24,1660,34.79,140.96,1.96,1.91,118.0
24,1661,9.42,134.52,1.3,1.77,123.0
24,1662,13.09,53.43,1.68,1.34,67.0
24,1663,18.53,47.83,3.28,1.28,71.0
24,1664,17.05,63.46,0.63,1.19,62.0
24,1665,16.44,68.09,1.57,1.21,65.0
24,1666,21.6,103.03,7.21,1.29,77.0
24,1667,28.79,80.01,8.7,1.61,100.0
24,1668,14.82,35.74,9.75,1.7,91.0
24,1669,11.48,41.59,7.89,1.51,80.0
24,1670,18.42,52.96,9.11,1.73,90.0
24,1671,11.7,38.46,8.67,1.47,78.0
24,1672,14.68,51.36,9.02,1.38,71.0
24,1673,17.89,65.25,9.22,1.43,74.0
24,1674,6.76,34.75,10.5,1.47,77.0
24,1675,18.39,62.34,10.94,1.81,93.0
24,1676,12.77,44.56,10.31,1.82,94.0
24,1677,8.61,32.05,10.09,1.56,83.0
24,1678,14.06,48.93,11.57,1.7,87.0
24,1679,23.24,50.97,6.3,1.82,89.0
24,1680,20.26,46.83,0.21,1.92,99.0
24,1681,13.98,39.26,3.19,1.66,87.0
24,1682,17.65,69.73,8.45,1.64,85.0
24,1683,20.65,82.44,9.1,2.08,103.0
24,1684,21.76,100.14,7.59,1.93,102.0
24,1685,25.89,83.43,6.94,2.13,102.0
24,1686,24.04,,7.28,2.11,
24,1687,,,9.68,1.99,
24,1688,37.77,,10.2,2.12,
24,1689,,,8.98,2.11,
24,1690,35.13,,7.81,2.31,
24,1691,17.76,,8.12,2.23,
24,1692,12.7,,9.34,1.83,
24,1693,21.08,49.37,8.31,1.8,
24,1694,24.03,68.31,6.85,2.14,104.0
24,1695,36.68,97.03,7.19,2.2,105.0
24,1696,35.27,59.03,6.7,2.66,110.0
24,1697,37.09,84.83,6.67,2.77,112.0
24,1698,30.54,68.07,6.61,2.42,108.0
24,1699,18.09,80.35,7.78,2.1,103.0
24,1700,31.43,101.4,9.1,2.62,115.0
24,1701,26.15,119.51,8.73,2.41,112.0
24,1702,24.49,73.02,8.2,2.19,108.0
24,1703,34.32,84.01,5.37,1.26,103.0
24,1704,15.9,48.96,3.07,0.36,82.0
24,1705,16.31,34.9,3.79,0.89,57.0
24,1706,21.0,55.36,4.19,1.21,72.0
24,1707,20.71,53.8,4.34,1.56,88.0
24,1708,29.07,50.96,7.61,1.31,100.0
24,1709,21.03,53.23,0.69,1.39,85.0
24,1710,15.76,35.12,7.03,1.34,84.0
24,1711,14.08,33.83,8.28,0.96,94.0
24,1712,24.3,45.69,9.28,1.04,
24,1713,25.6,52.64,8.05,1.18,
24,1714,24.15,62.87,8.45,1.03,69.0
24,1715,30.58,83.52,6.79,1.24,76.0
24,1716,24.97,48.36,6.38,1.06,79.0
24,1717,19.09,49.49,5.69,1.09,69.0
24,1718,25.07,68.49,9.61,1.39,75.0
24,1719,24.05,70.29,8.36,1.2,84.0
24,1720,21.42,72.21,8.24,1.12,75.0
24,1721,14.39,42.47,8.74,0.86,63.0
24,1722,14.17,41.25,8.53,0.93,53.0
24,1723,9.55,37.88,9.36,0.86,48.0
24,1724,14.16,51.9,8.24,1.04,61.0
24,1725,27.94,88.7,1.13,1.15,90.0
24,1726,18.51,48.95,1.28,1.24,78.0
24,1727,14.8,32.29,1.98,1.05,49.0
24,1728,8.01,19.24,0.86,1.0,62.0
24,1729,0.04,14.3,,0.65,51.0
24,1730,8.1,20.8,10.93,0.92,
24,1731,,,,,
24,1732,,,,1.02,
24,1733,,,,,
24,1734,,,6.0,1.67,
24,1735,31.11,,3.1,0.35,
24,1736,29.91,,2.61,0.54,
24,1737,,,2.46,0.34,
24,1738,,,2.91,0.55,
24,1739,,,,,
24,1740,,,,,
24,1741,,,,,
24,1742,,,,,
24,1743,,,10.69,1.03,
24,1744,18.42,50.05,10.6,0.89,
24,1745,21.72,52.51,9.95,1.1,81.0
24,1746,35.44,59.78,9.32,1.87,100.0
24,1747,34.7,57.17,9.14,2.02,110.0
24,1748,33.8,51.61,8.98,1.77,
24,1749,33.8,61.12,7.82,1.43,
24,1750,31.35,63.08,8.01,1.54,96.0
24,1751,22.01,54.65,8.37,1.04,63.0
24,1752,23.79,53.64,11.21,0.94,62.0
24,1753,33.81,46.52,11.51,1.12,74.0
24,1754,26.6,53.13,11.69,1.06,65.0
24,1755,36.24,61.92,11.35,1.77,80.0
24,1756,25.48,54.3,11.59,1.34,77.0
24,1757,20.56,48.44,9.83,1.01,64.0
24,1758,17.03,54.11,9.06,0.89,57.0
24,1759,17.15,44.69,7.86,1.33,70.0
24,1760,25.94,59.42,5.03,1.81,95.0
24,1761,25.45,49.73,5.86,1.61,87.0
24,1762,30.57,78.32,5.69,1.36,106.0
24,1763,29.78,62.68,4.99,1.38,77.0
24,1764,30.2,75.23,4.49,1.76,102.0
24,1765,31.12,64.68,3.86,2.2,110.0
24,1766,30.68,60.88,4.11,2.7,
24,1767,45.32,64.4,3.39,2.84,
24,1768,73.53,87.8,2.89,2.94,
24,1769,56.24,70.43,2.2,2.74,
24,1770,49.14,67.7,1.93,2.5,110.0
24,1771,44.28,221.37,1.78,2.17,117.0
24,1772,48.32,512.41,1.21,2.11,401.0
24,1773,57.45,493.34,1.9,1.68,516.0
24,1774,37.33,76.58,2.05,1.15,226.0
24,1775,23.65,74.15,2.31,1.12,74.0
24,1776,43.57,154.48,6.51,1.69,105.0
24,1777,56.68,223.74,10.43,1.7,168.0
24,1778,69.27,198.15,10.2,1.86,184.0
24,1779,80.53,252.21,10.76,2.24,181.0
24,1780,81.36,253.91,9.3,2.2,199.0
24,1781,84.41,254.07,9.1,2.33,207.0
24,1782,62.46,242.65,8.44,1.95,201.0
24,1783,101.99,282.31,8.1,2.3,199.0
24,1784,69.25,187.87,9.92,2.02,184.0
24,1785,63.74,193.07,9.57,1.41,156.0
24,1786,76.79,251.25,8.87,1.87,182.0
24,1787,92.45,285.51,8.74,2.11,213.0
24,1788,102.67,257.45,7.84,2.54,244.0
24,1789,,,,,233.0
24,1790,,,,,
24,1791,,,,,
24,1792,,,,,
24,1793,71.89,239.76,5.5,0.72,
24,1794,127.94,369.84,13.73,1.96,239.0
24,1795,100.74,328.79,28.59,1.4,304.0
24,1796,83.18,263.04,33.72,1.02,280.0
24,1797,81.48,265.36,41.18,0.99,198.0
24,1798,103.15,257.83,39.88,1.57,245.0
24,1799,60.99,212.51,22.42,0.7,193.0
24,1800,73.34,281.68,33.79,1.63,192.0
24,1801,79.58,294.98,33.74,2.66,238.0
24,1802,87.21,290.81,33.91,2.66,258.0
24,1803,82.46,266.72,33.73,2.67,241.0
24,1804,86.08,280.65,34.67,2.66,201.0
24,1805,79.14,247.47,35.33,2.43,218.0
24,1806,88.37,292.02,35.01,2.67,210.0
24,1807,83.05,251.29,35.25,2.52,270.0
24,1808,38.66,129.22,36.71,1.43,139.0
24,1809,57.85,199.57,37.0,1.8,140.0
24,1810,41.08,134.47,36.53,1.6,147.0
24,1811,57.52,187.98,36.3,1.84,137.0
24,1812,61.9,197.76,35.98,1.89,161.0
24,1813,63.44,211.71,34.66,2.19,169.0
24,1814,57.56,213.76,29.68,1.94,177.0
24,1815,103.21,310.81,32.18,1.9,203.0
24,1816,203.95,305.67,27.87,0.8,321.0
24,1817,176.96,267.86,33.2,0.55,363.0
24,1818,169.9,235.1,33.06,0.32,345.0
24,1819,178.44,283.56,32.91,0.8,342.0
24,1820,137.35,204.65,33.51,0.47,331.0
24,1821,112.48,151.85,30.37,0.17,287.0
24,1822,110.38,,33.19,0.67,285.0
24,1823,136.76,453.21,28.8,1.15,
24,1824,154.06,358.01,26.65,2.53,322.0
24,1825,186.5,338.01,24.71,2.29,334.0
24,1826,183.89,370.31,18.48,2.49,356.0
24,1827,153.15,305.06,18.97,1.99,336.0
24,1828,112.9,269.45,18.83,1.74,320.0
24,1829,89.14,262.31,17.6,1.54,
24,1830,69.18,138.67,17.69,1.39,126.0
24,1831,92.76,193.91,23.28,1.58,143.0
24,1832,131.05,256.85,23.34,1.92,271.0
24,1833,230.77,379.17,23.19,3.14,350.0
24,1834,138.79,232.22,22.44,1.72,358.0
24,1835,117.61,218.87,21.55,1.46,277.0
24,1836,104.0,231.32,22.36,1.71,272.0
24,1837,130.4,279.67,22.18,2.01,290.0
24,1838,136.05,303.35,22.55,2.07,313.0
24,1839,174.63,371.73,24.96,2.24,324.0
24,1840,173.53,356.94,25.1,2.12,348.0
24,1841,176.28,305.29,19.38,0.73,342.0
24,1842,151.02,253.09,10.45,1.29,340.0
24,1843,142.69,293.03,11.25,1.27,312.0
24,1844,136.38,264.73,11.27,1.46,317.0
24,1845,155.15,315.76,10.93,1.71,320.0
24,1846,133.73,243.63,10.1,1.31,315.0
24,1847,124.49,272.16,8.77,1.17,314.0
24,1848,230.16,324.92,8.67,1.35,245.0
24,1849,192.23,320.31,7.6,1.43,356.0
24,1850,342.42,434.27,7.29,1.45,
24,1851,354.44,347.58,4.56,1.71,289.0
24,1852,214.85,358.07,5.71,1.98,344.0
24,1853,193.13,321.8,5.71,1.82,369.0
24,1854,110.94,184.9,5.15,1.02,328.0
24,1855,129.79,216.27,4.68,1.37,236.0
24,1856,103.46,172.5,4.13,1.57,298.0
24,1857,122.08,203.94,5.44,1.68,288.0
24,1858,105.22,175.39,6.24,0.19,289.0
24,1859,100.88,168.13,5.44,0.08,244.0
24,1860,74.1,123.51,5.71,0.0,196.0
24,1861,76.6,127.65,5.24,0.65,150.0
24,1862,74.97,124.9,4.82,2.16,130.0
24,1863,89.59,148.83,6.47,2.3,186.0
24,1864,44.25,73.73,2.25,1.01,136.0
24,1865,42.24,70.38,2.94,1.15,79.0
24,1866,30.6,50.98,3.4,1.13,69.0
24,1867,112.93,188.16,5.97,1.67,
24,1868,137.0,228.33,6.26,2.04,299.0
24,1869,118.16,196.93,6.59,1.92,314.0
24,1870,142.21,237.02,8.43,1.73,303.0
24,1871,145.62,242.7,5.59,1.72,323.0
24,1872,127.29,212.16,5.61,1.8,311.0
24,1873,152.3,253.76,4.98,2.07,317.0
24,1874,159.45,265.74,4.76,1.97,322.0
24,1875,109.82,187.89,5.05,1.99,313.0
24,1876,101.43,169.06,4.94,2.09,253.0
24,1877,67.9,113.18,5.65,1.86,183.0
24,1878,35.26,58.77,5.04,0.92,81.0
24,1879,51.87,86.44,4.55,1.11,83.0
24,1880,71.04,118.41,4.76,1.63,118.0
24,1881,52.26,87.12,4.13,1.74,113.0
24,1882,25.69,42.83,3.55,1.28,88.0
24,1883,44.79,74.63,4.0,1.46,84.0
24,1884,67.14,111.9,4.49,2.15,118.0
24,1885,74.1,123.51,4.01,2.05,145.0
24,1886,72.61,121.06,3.75,1.89,138.0
24,1887,83.64,139.41,3.68,2.02,155.0
24,1888,84.56,140.95,4.18,2.1,194.0
24,1889,56.77,94.61,4.33,1.41,138.0
24,1890,36.24,60.44,3.77,1.45,99.0
24,1891,17.33,28.74,3.27,1.09,71.0
24,1892,14.84,24.72,4.46,1.09,86.0
24,1893,12.97,21.62,3.31,1.27,117.0
24,1894,21.92,36.53,4.01,1.68,92.0
24,1895,30.49,50.81,3.75,1.75,
24,1896,25.92,43.19,3.53,1.41,98.0
24,1897,8.29,13.8,4.2,1.12,94.0
24,1898,17.16,28.61,6.67,1.3,90.0
24,1899,15.41,25.67,12.44,1.36,98.0
24,1900,13.25,22.09,13.15,1.15,90.0
24,1901,,,,,
24,1902,,,,,
24,1903,,,,,
24,1904,18.36,85.58,4.24,2.04,
24,1905,56.22,62.38,3.72,1.93,
24,1906,66.21,188.53,4.41,3.36,
24,1907,51.49,89.92,4.88,3.01,131.0
24,1908,34.34,50.61,4.64,1.81,107.0
24,1909,27.46,65.46,5.45,1.68,97.0
24,1910,56.25,108.4,5.64,2.28,115.0
24,1911,68.47,108.97,5.19,2.52,134.0
24,1912,64.41,133.38,5.79,2.59,130.0
24,1913,54.97,119.14,5.5,2.11,141.0
24,1914,65.98,146.69,5.03,2.37,133.0
24,1915,59.43,118.7,4.23,2.21,137.0
24,1916,42.71,90.42,4.06,1.98,121.0
24,1917,54.34,114.04,5.35,2.15,146.0
24,1918,41.97,96.26,3.81,1.96,113.0
24,1919,40.35,77.07,4.42,1.91,123.0
24,1920,34.17,73.46,5.83,2.02,
24,1921,56.16,95.79,4.92,2.41,146.0
24,1922,48.41,76.09,4.16,1.98,136.0
24,1923,71.26,152.22,4.57,2.73,137.0
24,1924,47.48,81.53,4.46,2.2,154.0
24,1925,32.06,61.03,4.27,2.18,111.0
24,1926,28.89,55.96,4.84,1.97,136.0
24,1927,39.04,64.08,4.76,2.05,139.0
24,1928,54.04,101.31,4.35,2.3,146.0
24,1929,34.29,105.3,4.2,2.58,163.0
24,1930,,93.94,4.28,2.46,153.0
24,1931,,136.52,4.75,2.69,183.0
24,1932,,74.76,4.73,2.22,143.0
24,1933,,80.82,4.76,2.22,183.0
24,1934,,53.28,5.14,2.0,166.0
24,1935,,55.65,6.29,1.95,136.0
24,1936,,60.82,4.92,3.21,145.0
24,1937,,47.79,5.53,2.37,147.0
24,1938,,14.1,5.05,1.77,100.0
24,1939,,17.19,5.57,1.9,101.0
24,1940,,39.51,5.22,1.92,113.0
24,1941,25.29,23.56,9.83,1.9,102.0
24,1942,15.35,18.85,21.02,2.04,101.0
24,1943,,18.85,20.71,1.93,102.0
24,1944,,21.56,20.77,2.07,108.0
24,1945,22.48,27.0,20.4,2.0,113.0
24,1946,43.23,7.9,19.15,2.43,113.0
24,1947,15.28,34.63,19.29,1.95,119.0
24,1948,24.13,50.67,18.9,2.12,118.0
24,1949,,,,,
24,1950,18.27,40.31,19.13,1.97,
24,1951,11.1,20.65,17.35,2.02,100.0
24,1952,36.55,65.02,17.53,1.93,110.0
24,1953,45.62,100.26,17.46,1.71,
24,1954,43.5,107.07,16.83,1.56,96.0
24,1955,51.06,157.36,18.62,1.53,
24,1956,88.11,138.07,17.45,2.21,202.0
24,1957,51.8,105.32,16.72,1.5,128.0
24,1958,63.56,173.38,18.5,1.74,123.0
24,1959,55.5,152.81,17.67,1.43,100.0
24,1960,44.4,140.11,19.07,1.37,117.0
24,1961,51.88,63.17,13.94,1.25,109.0
24,1962,20.3,40.6,14.22,1.41,109.0
24,1963,25.8,51.59,12.24,1.52,105.0
24,1964,44.64,89.24,10.73,0.52,102.0
24,1965,15.28,30.56,15.14,0.73,79.0
24,1966,18.99,37.99,15.18,1.6,95.0
24,1967,20.69,41.39,16.57,1.87,103.0
24,1968,34.16,68.32,17.64,2.18,111.0
24,1969,21.93,43.85,16.96,1.49,84.0
24,1970,19.4,38.8,16.09,1.42,78.0
24,1971,20.16,40.33,17.06,1.44,79.0
24,1972,17.5,35.01,17.87,1.4,77.0
24,1973,17.81,35.62,17.41,1.44,79.0
24,1974,18.36,36.72,19.34,1.48,80.0
24,1975,18.46,36.91,17.33,1.41,77.0
24,1976,13.62,27.22,18.2,1.65,94.0
24,1977,20.12,40.25,20.72,1.7,95.0
24,1978,17.13,34.24,19.09,1.52,86.0
24,1979,20.04,40.07,18.68,1.7,93.0
24,1980,33.01,66.04,17.87,1.84,
24,1981,33.81,67.58,20.21,2.24,115.0
24,1982,51.86,103.71,,0.62,104.0
24,1983,39.66,79.28,,2.04,
24,1984,30.54,60.62,,2.12,114.0
24,1985,,,,,95.0
24,1986,49.69,95.71,,2.21,
24,1987,,,,,
24,1988,,,,,
24,1989,,,,,
24,1990,,,,,
24,1991,,,,,
24,1992,,,,,
24,1993,,,,,
24,1994,,,,0.0,
24,1995,64.79,80.98,,0.66,
24,1996,29.56,36.92,38.92,1.35,101.0
24,1997,13.82,17.21,21.31,0.54,48.0
24,1998,22.1,27.63,21.74,0.92,58.0
24,1999,19.14,23.89,19.37,0.55,51.0
24,2000,13.58,16.97,,0.52,51.0
24,2001,18.24,22.76,,0.59,40.0
24,2002,14.12,17.63,20.28,0.3,62.0
24,2003,12.02,14.99,25.5,0.46,75.0
24,2004,13.17,16.46,21.5,0.93,79.0
24,2005,20.75,25.94,21.95,1.18,90.0
24,2006,24.88,31.07,,1.55,98.0
24,2007,20.37,25.46,19.64,1.59,99.0
24,2008,18.62,23.26,26.53,1.3,86.0
24,2009,24.85,31.06,29.36,1.52,101.0
25,898,38.0,10.0,7.1,0.71,
25,899,,,,,
25,900,,,,,
25,901,24.0,36.0,5.2,0.73,
25,902,,,,,
25,903,24.0,36.0,5.2,0.73,
25,904,16.25,37.12,7.97,0.84,
25,905,15.08,31.09,5.8,0.71,47.0
25,906,11.15,22.15,6.07,0.6,44.0
25,907,12.25,23.53,5.22,0.56,38.0
25,908,10.06,22.58,4.74,0.47,37.0
25,909,13.03,21.61,6.64,0.64,46.0
25,910,14.19,31.38,6.95,0.64,45.0
25,911,15.81,38.45,5.13,0.57,48.0
25,912,14.91,36.71,5.98,0.56,45.0
25,913,14.69,39.71,4.08,0.68,49.0
25,914,10.59,27.62,1.58,0.57,39.0
25,915,10.4,22.56,3.45,0.65,39.0
25,916,19.2,43.69,6.88,0.66,40.0
25,917,22.43,68.32,5.41,0.7,60.0
25,918,19.08,55.04,4.62,0.59,63.0
25,919,18.61,49.78,5.92,0.65,52.0
25,920,33.78,47.71,8.49,0.75,54.0
25,921,14.47,31.62,5.13,0.53,53.0
25,922,15.94,31.78,7.1,0.68,47.0
25,923,8.74,18.65,5.09,0.53,41.0
25,924,17.33,36.27,7.54,0.65,39.0
25,925,17.62,47.88,5.82,0.63,48.0
25,926,14.44,46.79,6.83,0.55,43.0
25,927,19.42,60.83,6.97,0.58,59.0
25,928,18.97,43.6,5.2,0.51,52.0
25,929,19.72,52.15,6.07,0.46,48.0
25,930,17.01,54.44,5.59,0.55,54.0
25,931,14.38,38.51,4.62,0.47,47.0
25,932,13.47,35.72,4.14,0.63,43.0
25,933,7.42,22.98,4.14,0.49,37.0
25,934,,,,,
25,935,,,,,
25,936,14.2,60.84,8.21,0.82,
25,937,16.93,56.6,6.06,0.64,55.0
25,938,23.75,67.58,8.78,0.73,66.0
25,939,20.52,48.62,6.48,0.63,55.0
25,940,15.53,37.17,6.61,0.58,46.0
25,941,15.07,32.19,5.15,0.52,41.0
25,942,24.12,54.45,3.22,0.55,47.0
25,943,23.5,54.37,6.58,0.72,62.0
25,944,18.25,41.35,4.51,0.77,68.0
25,945,15.15,46.53,7.58,0.99,62.0
25,946,15.12,39.14,5.82,0.98,63.0
25,947,13.43,31.64,7.14,0.95,62.0
25,948,10.74,28.85,6.67,0.91,59.0
25,949,13.58,34.99,5.42,0.9,54.0
25,950,20.1,48.43,8.85,0.96,61.0
25,951,13.97,32.81,6.53,0.99,63.0
25,952,19.93,41.81,7.83,1.01,63.0
25,953,18.52,41.59,7.6,1.03,61.0
25,954,11.07,30.8,6.83,0.98,64.0
25,955,21.49,44.62,7.14,0.96,56.0
25,956,31.15,66.18,5.99,0.93,58.0
25,957,31.42,73.12,7.69,0.97,74.0
25,958,26.05,61.52,6.57,0.92,82.0
25,959,20.75,44.38,5.95,0.93,58.0
25,960,22.3,47.14,7.16,0.99,60.0
25,961,13.49,28.83,6.05,0.9,57.0
25,962,12.91,37.2,6.51,0.92,56.0
25,963,12.49,34.71,5.47,0.88,55.0
25,964,10.66,27.65,6.45,0.95,58.0
25,965,11.18,22.79,5.06,0.88,54.0
25,966,17.58,43.83,6.14,0.93,54.0
25,967,24.04,63.07,6.59,1.01,93.0
25,968,20.15,54.52,5.74,1.02,68.0
25,969,13.5,51.49,4.72,0.97,62.0
25,970,8.98,33.47,4.48,0.91,55.0
25,971,9.04,24.65,6.43,1.0,57.0
25,972,9.19,22.29,6.86,0.95,64.0
25,973,12.52,34.19,7.47,0.92,58.0
25,974,17.94,48.67,6.53,0.98,60.0
25,975,18.93,52.14,4.1,0.9,54.0
25,976,14.23,35.43,5.36,0.99,60.0
25,977,16.04,34.39,5.27,0.95,52.0
25,978,20.62,48.9,3.49,0.88,53.0
25,979,18.4,45.75,4.12,0.93,55.0
25,980,8.76,19.97,3.32,0.85,52.0
25,981,16.14,35.68,7.97,0.98,64.0
25,982,10.8,28.79,5.63,1.01,66.0
25,983,12.77,27.17,6.42,0.95,65.0
25,984,11.01,25.92,3.96,0.94,53.0
25,985,12.56,28.58,4.97,1.03,61.0
25,986,8.51,23.44,3.9,0.96,58.0
25,987,8.73,20.83,5.63,0.94,59.0
25,988,9.23,21.98,5.25,0.93,54.0
25,989,15.46,37.03,6.97,1.01,60.0
25,990,12.07,34.22,4.8,1.07,71.0
25,991,8.79,21.48,4.65,0.91,60.0
25,992,11.3,29.78,5.39,0.97,69.0
25,993,11.08,38.16,3.64,0.95,65.0
25,994,9.43,27.48,4.74,0.95,59.0
25,995,11.33,31.36,4.83,0.93,55.0
25,996,17.54,44.17,7.23,0.97,56.0
25,997,21.19,48.97,5.81,0.93,57.0
25,998,19.5,44.41,5.29,0.91,55.0
25,999,27.77,52.61,7.08,1.08,61.0
25,1000,19.74,45.45,8.78,1.03,63.0
25,1001,14.03,29.29,5.99,0.97,57.0
25,1002,12.72,24.1,8.17,1.13,61.0
25,1003,11.84,29.61,6.39,0.97,69.0
25,1004,10.28,24.03,4.43,0.97,57.0
25,1005,6.15,13.37,1.96,0.23,36.0
25,1006,3.88,10.5,1.49,0.16,
25,1007,7.71,17.57,4.31,0.16,
25,1008,12.07,22.0,5.03,0.18,
25,1009,18.07,30.71,5.51,0.19,
25,1010,7.5,13.0,3.42,0.14,
25,1011,10.41,19.95,4.91,0.25,
25,1012,18.35,33.45,3.03,0.19,
25,1013,19.75,42.21,5.41,0.3,
25,1014,,,,0.0,
25,1015,,,,0.0,
25,1016,,,,0.0,
25,1017,,,,0.0,
25,1018,,,,0.0,
25,1019,,,,0.0,
25,1020,,,,0.0,
25,1021,,,,0.0,
25,1022,,,,0.0,
25,1023,17.04,32.08,8.87,0.45,
25,1024,11.5,16.0,3.12,0.02,
25,1025,7.5,24.75,6.55,0.12,
25,1026,,,,0.0,
25,1027,39.6,68.55,10.85,0.2,
25,1028,30.0,43.5,3.2,0.02,
25,1029,,,,0.0,
25,1030,,,,0.0,
25,1031,23.0,32.5,4.05,0.03,
25,1032,,,,0.0,
25,1033,,,,0.0,
25,1034,,,,0.0,
25,1035,26.32,36.52,8.44,1.15,72.0
25,1036,24.01,37.06,7.14,1.06,67.0
25,1037,22.38,35.06,8.94,1.12,65.0
25,1038,25.48,40.5,10.28,1.18,69.0
25,1039,30.17,45.71,9.8,1.31,77.0
25,1040,19.39,24.78,6.54,1.05,67.0
25,1041,26.15,41.97,12.03,1.24,76.0
25,1042,19.07,29.74,11.58,1.11,70.0
25,1043,13.15,28.67,14.55,1.27,83.0
25,1044,16.32,27.27,10.9,1.11,64.0
25,1045,29.27,45.25,12.12,1.27,86.0
25,1046,30.27,46.57,9.55,1.16,74.0
25,1047,42.35,59.01,10.23,1.25,72.0
25,1048,62.55,86.2,15.04,1.45,102.0
25,1049,53.64,76.8,13.97,1.21,100.0
25,1050,57.66,78.67,12.42,1.23,97.0
25,1051,49.5,69.39,14.55,1.23,91.0
25,1052,59.27,83.82,13.2,1.25,99.0
25,1053,61.57,80.76,10.77,1.33,114.0
25,1054,39.43,59.98,6.98,1.13,81.0
25,1055,27.4,48.04,9.87,1.16,69.0
25,1056,17.99,31.01,9.95,1.08,63.0
25,1057,27.16,42.44,12.26,1.28,80.0
25,1058,40.15,61.21,13.04,1.31,91.0
25,1059,62.96,89.2,12.84,1.28,87.0
25,1060,93.79,126.78,17.42,1.61,162.0
25,1061,80.06,102.32,10.95,1.33,230.0
25,1062,36.21,49.07,13.9,1.33,103.0
25,1063,32.04,48.66,13.53,1.43,83.0
25,1064,32.23,48.34,8.82,1.23,86.0
25,1065,4.23,11.05,4.08,0.97,58.0
25,1066,9.7,15.05,6.78,0.92,57.0
25,1067,8.62,29.16,8.07,1.08,60.0
25,1068,,41.84,9.14,1.22,76.0
25,1069,,53.82,7.84,1.26,86.0
25,1070,,,,,
25,1071,,,,,
25,1072,51.21,75.38,12.47,1.58,
25,1073,44.97,61.09,5.31,1.31,84.0
25,1074,33.94,49.68,5.57,1.21,68.0
25,1075,54.94,73.21,5.73,1.26,85.0
25,1076,68.46,101.59,6.12,1.31,105.0
25,1077,66.61,88.6,6.2,1.37,139.0
25,1078,40.99,58.23,6.38,1.3,83.0
25,1079,48.17,66.47,8.35,1.4,81.0
25,1080,68.66,88.53,8.08,1.59,124.0
25,1081,49.07,68.19,8.52,1.26,87.0
25,1082,52.59,69.96,7.28,1.23,94.0
25,1083,53.21,71.95,6.68,1.25,79.0
25,1084,47.43,71.07,5.55,1.3,125.0
25,1085,33.58,46.85,5.68,1.15,71.0
25,1086,39.14,56.57,4.42,1.27,78.0
25,1087,26.11,41.88,5.42,1.16,68.0
25,1088,40.41,59.38,3.96,1.31,76.0
25,1089,33.34,49.75,4.35,1.0,66.0
25,1090,47.76,64.2,3.86,1.07,76.0
25,1091,60.35,79.85,7.01,1.31,94.0
25,1092,64.68,86.73,9.64,1.38,103.0
25,1093,72.44,98.85,9.2,1.36,129.0
25,1094,61.44,85.7,11.28,1.2,112.0
25,1095,73.02,100.61,10.86,1.42,145.0
25,1096,59.05,80.02,6.57,1.19,118.0
25,1097,64.62,88.43,8.79,1.28,106.0
25,1098,64.43,88.75,7.51,1.32,119.0
25,1099,57.45,78.75,10.46,1.36,99.0
25,1100,67.0,90.64,16.88,1.4,106.0
25,1101,76.69,118.0,15.1,1.32,145.0
25,1102,83.73,117.45,16.16,1.32,155.0
25,1103,78.68,101.17,10.07,1.27,186.0
25,1104,69.38,95.2,17.84,1.69,127.0
25,1105,83.7,115.88,18.3,1.55,137.0
25,1106,81.02,109.22,15.68,1.58,169.0
25,1107,51.42,71.31,15.84,1.57,123.0
25,1108,53.08,71.91,15.32,1.59,157.0
25,1109,47.04,67.32,14.84,1.58,127.0
25,1110,38.06,53.93,10.5,1.25,120.0
25,1111,50.17,72.73,15.14,1.58,162.0
25,1112,72.69,95.26,17.55,1.54,108.0
25,1113,80.8,109.18,15.92,1.6,182.0
25,1114,72.59,102.56,14.03,1.56,163.0
25,1115,67.73,98.15,16.13,1.4,120.0
25,1116,81.25,115.98,18.91,1.47,125.0
25,1117,88.14,118.82,12.51,1.48,204.0
25,1118,83.84,115.3,17.52,1.8,183.0
25,1119,84.45,120.64,16.8,1.68,183.0
25,1120,79.84,112.83,13.4,1.17,170.0
25,1121,57.42,84.26,11.85,0.91,132.0
25,1122,55.36,89.49,14.22,0.89,92.0
25,1123,61.78,99.88,11.75,0.88,99.0
25,1124,49.7,71.88,13.8,0.92,93.0
25,1125,70.43,99.08,16.42,1.18,112.0
25,1126,68.26,96.6,12.11,0.92,121.0
25,1127,65.86,107.96,14.05,1.16,130.0
25,1128,75.74,114.76,9.16,1.14,144.0
25,1129,64.95,102.16,21.42,1.06,132.0
25,1130,54.76,96.7,16.6,0.96,124.0
25,1131,56.47,95.27,12.04,0.9,111.0
25,1132,55.14,93.88,12.09,0.94,100.0
25,1133,52.43,89.88,11.41,0.91,96.0
25,1134,41.4,71.72,11.18,0.94,80.0
25,1135,30.24,47.29,14.71,0.89,66.0
25,1136,42.41,63.08,15.58,0.95,80.0
25,1137,42.91,65.34,12.29,0.95,71.0
25,1138,41.06,70.25,20.97,0.88,72.0
25,1139,45.67,77.5,21.56,1.05,
25,1140,55.79,86.42,19.57,0.94,92.0
25,1141,62.38,95.91,18.51,0.93,94.0
25,1142,41.22,84.58,20.75,1.08,99.0
25,1143,45.86,72.11,20.96,1.04,82.0
25,1144,52.27,82.45,18.84,1.14,88.0
25,1145,54.22,82.58,14.43,0.91,105.0
25,1146,60.38,93.06,19.02,1.03,107.0
25,1147,58.11,89.44,19.72,1.09,105.0
25,1148,62.07,101.58,20.39,1.07,112.0
25,1149,47.75,89.49,17.82,0.88,96.0
25,1150,41.55,90.78,20.09,0.98,94.0
25,1151,51.15,90.74,18.48,1.02,93.0
25,1152,,,,,84.0
25,1153,25.23,59.71,15.64,1.04,
25,1154,36.46,72.7,15.34,0.87,77.0
25,1155,30.47,63.66,16.4,0.9,78.0
25,1156,27.73,68.91,15.53,1.02,70.0
25,1157,36.2,69.71,13.31,1.06,79.0
25,1158,39.89,72.3,13.26,0.96,85.0
25,1159,57.24,92.26,13.21,0.96,98.0
25,1160,46.58,94.17,13.94,1.05,95.0
25,1161,56.15,95.3,13.27,1.05,94.0
25,1162,57.18,91.27,14.89,1.08,97.0
25,1163,52.59,91.55,15.59,1.12,90.0
25,1164,56.09,90.79,11.94,1.1,91.0
25,1165,52.85,89.77,15.05,1.04,92.0
25,1166,60.8,95.27,16.69,0.98,112.0
25,1167,44.16,74.65,15.94,1.18,95.0
25,1168,25.16,41.85,15.51,1.22,89.0
25,1169,18.74,36.01,11.66,0.94,69.0
25,1170,13.15,27.9,8.65,0.76,55.0
25,1171,17.31,32.91,8.18,1.0,60.0
25,1172,20.51,38.78,11.64,0.87,62.0
25,1173,27.78,45.87,13.71,1.0,65.0
25,1174,22.23,40.88,13.36,1.15,74.0
25,1175,40.89,66.78,15.58,1.18,78.0
25,1176,42.91,66.95,13.82,1.17,78.0
25,1177,30.46,58.81,9.81,1.1,71.0
25,1178,31.97,76.01,9.99,1.12,68.0
25,1179,30.17,81.22,12.55,0.93,82.0
25,1180,41.77,84.28,13.53,1.19,82.0
25,1181,44.52,77.71,16.65,1.18,97.0
25,1182,43.41,71.97,14.58,1.47,90.0
25,1183,24.17,40.97,14.6,1.82,105.0
25,1184,35.1,61.25,14.14,1.36,91.0
25,1185,40.45,77.14,8.64,2.59,104.0
25,1186,38.5,76.18,10.19,2.99,130.0
25,1187,27.92,64.64,9.95,0.8,74.0
25,1188,28.27,63.12,8.04,0.82,64.0
25,1189,33.99,67.92,11.49,0.89,93.0
25,1190,32.84,61.69,13.51,0.97,137.0
25,1191,43.66,78.18,10.07,0.99,72.0
25,1192,33.37,72.54,12.99,1.01,
25,1193,42.99,73.04,11.27,0.92,121.0
25,1194,25.7,45.04,8.42,0.83,122.0
25,1195,20.2,39.62,9.04,0.86,126.0
25,1196,15.2,35.43,10.9,0.95,73.0
25,1197,19.23,38.12,9.67,0.95,160.0
25,1198,18.61,32.92,9.08,0.86,62.0
25,1199,15.54,30.35,14.89,1.12,84.0
25,1200,9.71,25.04,10.86,0.82,61.0
25,1201,17.78,31.97,11.68,0.84,58.0
25,1202,17.81,32.97,12.86,0.88,60.0
25,1203,21.46,37.77,14.32,0.95,62.0
25,1204,30.07,56.12,18.95,1.13,71.0
25,1205,19.84,41.6,12.49,0.94,66.0
25,1206,16.04,37.06,14.91,0.99,61.0
25,1207,26.07,52.84,14.21,0.95,66.0
25,1208,28.02,53.8,11.86,0.83,58.0
25,1209,26.83,58.59,13.39,0.88,65.0
25,1210,21.79,57.52,9.46,0.85,62.0
25,1211,24.34,52.44,12.39,0.78,60.0
25,1212,29.15,72.46,12.32,0.88,62.0
25,1213,35.06,72.5,14.31,0.93,83.0
25,1214,35.77,68.55,14.79,1.12,70.0
25,1215,46.14,76.45,11.89,1.03,78.0
25,1216,29.38,59.65,11.71,0.86,65.0
25,1217,23.65,53.26,8.97,0.77,61.0
25,1218,64.52,56.07,9.89,0.84,65.0
25,1219,22.42,50.04,12.9,0.91,65.0
25,1220,28.82,55.18,9.75,0.89,70.0
25,1221,26.48,46.4,9.51,0.89,82.0
25,1222,18.29,30.75,9.51,0.86,58.0
25,1223,16.81,30.01,11.28,0.87,60.0
25,1224,13.97,27.82,9.77,0.88,55.0
25,1225,23.21,42.75,13.19,1.01,67.0
25,1226,11.28,28.12,11.06,0.86,54.0
25,1227,12.24,28.73,10.15,0.96,62.0
25,1228,9.12,21.4,9.79,0.88,54.0
25,1229,9.35,23.59,8.45,0.8,54.0
25,1230,10.52,24.27,12.44,0.77,56.0
25,1231,26.65,46.65,15.18,1.06,64.0
25,1232,28.45,50.52,10.55,0.95,70.0
25,1233,21.54,33.39,8.35,0.96,60.0
25,1234,8.96,23.2,8.44,0.89,56.0
25,1235,13.25,30.44,6.8,0.9,61.0
25,1236,10.25,24.91,3.92,0.86,53.0
25,1237,15.69,35.89,5.86,1.0,74.0
25,1238,18.72,43.92,12.91,0.88,65.0
25,1239,22.04,45.18,12.1,0.89,67.0
25,1240,25.68,65.82,11.73,0.95,67.0
25,1241,12.04,17.46,17.27,0.6,84.0
25,1242,22.6,44.1,15.31,0.95,78.0
25,1243,10.94,27.03,8.48,0.74,69.0
25,1244,13.24,40.0,7.56,1.0,83.0
25,1245,14.46,41.09,7.98,0.89,59.0
25,1246,14.78,32.33,12.02,0.86,59.0
25,1247,18.75,42.4,15.81,1.0,59.0
25,1248,17.99,36.25,16.73,1.01,66.0
25,1249,13.59,27.32,16.03,0.86,59.0
25,1250,11.68,22.6,13.39,0.72,49.0
25,1251,16.7,30.1,17.41,0.92,58.0
25,1252,17.04,37.16,22.39,1.08,78.0
25,1253,17.49,33.78,14.35,0.92,70.0
25,1254,15.77,27.33,19.38,0.73,64.0
25,1255,13.57,43.69,9.14,0.89,60.0
25,1256,10.75,40.67,2.08,0.6,51.0
25,1257,5.19,36.92,1.89,0.58,44.0
25,1258,13.23,43.69,5.15,0.8,48.0
25,1259,13.4,53.74,9.16,0.86,53.0
25,1260,13.5,39.6,13.25,0.79,59.0
25,1261,13.45,28.3,9.14,0.7,49.0
25,1262,12.81,30.9,9.67,0.76,46.0
25,1263,12.34,28.76,14.24,0.71,54.0
25,1264,11.32,31.95,11.75,0.76,47.0
25,1265,13.09,38.2,14.69,0.93,56.0
25,1266,15.52,63.21,12.1,0.93,66.0
25,1267,16.72,49.12,10.55,0.71,59.0
25,1268,20.49,44.95,12.9,0.77,57.0
25,1269,19.2,45.68,14.11,0.98,66.0
25,1270,17.08,44.56,13.06,0.74,53.0
25,1271,15.29,25.55,10.06,0.81,51.0
25,1272,13.66,41.84,8.46,0.62,44.0
25,1273,15.12,39.79,5.81,0.94,55.0
25,1274,13.41,39.18,2.6,0.83,51.0
25,1275,14.5,34.99,5.59,0.67,51.0
25,1276,17.1,38.49,8.25,0.83,49.0
25,1277,15.49,35.9,10.12,0.8,52.0
25,1278,17.82,33.89,7.74,0.68,48.0
25,1279,19.23,34.53,9.0,0.74,46.0
25,1280,23.0,43.26,9.57,0.83,53.0
25,1281,18.41,42.32,6.67,0.88,56.0
25,1282,19.07,40.65,7.66,0.8,51.0
25,1283,18.6,46.16,8.43,0.78,51.0
25,1284,16.08,44.91,8.66,0.78,53.0
25,1285,7.0,36.83,7.14,0.72,46.0
25,1286,15.77,29.21,11.32,0.79,50.0
25,1287,10.73,27.82,14.09,0.81,65.0
25,1288,17.48,36.89,12.2,0.84,53.0
25,1289,16.18,39.8,10.8,0.87,60.0
25,1290,17.58,46.58,11.87,0.92,65.0
25,1291,11.88,36.38,8.59,0.75,50.0
25,1292,9.01,21.69,6.91,0.66,42.0
25,1293,10.5,26.23,5.67,0.67,43.0
25,1294,11.1,27.05,5.97,0.62,43.0
25,1295,15.43,41.07,8.0,0.71,44.0
25,1296,13.54,35.93,9.67,0.81,52.0
25,1297,14.45,46.7,11.27,0.76,53.0
25,1298,18.23,62.76,8.35,0.82,57.0
25,1299,,58.53,4.55,0.74,64.0
25,1300,18.71,65.29,6.27,0.91,58.0
25,1301,13.41,43.0,5.95,0.8,56.0
25,1302,12.69,34.25,6.46,0.75,49.0
25,1303,14.85,40.29,8.08,0.74,53.0
25,1304,16.1,46.1,6.93,0.9,50.0
25,1305,18.51,54.71,8.08,0.95,62.0
25,1306,17.59,50.25,5.91,0.87,61.0
25,1307,13.55,37.53,5.95,0.93,58.0
25,1308,13.44,25.9,12.14,1.02,64.0
25,1309,14.91,39.67,15.24,1.07,70.0
25,1310,14.62,36.35,10.09,0.95,62.0
25,1311,18.7,37.27,8.53,0.98,62.0
25,1312,19.14,42.58,8.14,1.04,67.0
25,1313,11.14,33.81,4.41,1.06,62.0
25,1314,9.04,28.54,5.17,1.0,62.0
25,1315,9.51,30.15,5.07,1.05,63.0
25,1316,11.16,25.2,7.21,1.12,69.0
25,1317,9.21,39.6,8.03,1.16,73.0
25,1318,8.67,27.55,3.96,1.05,66.0
25,1319,11.88,31.22,3.27,1.15,69.0
25,1320,10.35,29.91,4.77,1.14,74.0
25,1321,10.5,31.66,7.6,1.4,81.0
25,1322,6.88,28.88,5.1,1.29,92.0
25,1323,6.0,42.0,2.62,0.44,68.0
25,1324,12.86,34.43,6.52,1.1,106.0
25,1325,6.92,27.58,6.8,1.17,69.0
25,1326,10.26,28.14,7.48,1.36,81.0
25,1327,9.45,30.3,5.9,1.42,84.0
25,1328,11.81,39.35,6.29,1.78,93.0
25,1329,12.68,44.17,7.29,1.53,108.0
25,1330,17.56,46.05,4.72,1.13,73.0
25,1331,14.31,43.2,5.11,1.01,62.0
25,1332,21.91,50.41,5.3,1.13,69.0
25,1333,15.88,42.72,4.2,1.73,92.0
25,1334,16.86,39.71,4.5,2.45,112.0
25,1335,15.94,37.14,4.3,2.73,114.0
25,1336,9.94,24.86,2.92,2.11,112.0
25,1337,10.58,33.98,5.04,0.82,57.0
25,1338,20.16,41.24,5.23,0.64,51.0
25,1339,18.13,47.25,5.98,0.91,53.0
25,1340,23.44,56.07,7.1,0.79,61.0
25,1341,19.24,52.38,4.64,0.78,56.0
25,1342,20.49,50.48,6.64,0.81,54.0
25,1343,20.0,51.27,5.82,0.77,58.0
25,1344,22.06,55.46,6.44,0.81,59.0
25,1345,16.12,52.45,6.96,0.79,58.0
25,1346,17.55,45.48,6.46,0.9,58.0
25,1347,17.14,43.17,4.86,0.78,55.0
25,1348,,,,,63.0
25,1349,18.86,50.89,5.72,0.52,
25,1350,22.24,60.76,8.42,0.76,63.0
25,1351,24.4,67.26,7.36,0.85,70.0
25,1352,25.5,68.99,7.82,0.88,68.0
25,1353,28.03,72.04,9.43,0.93,76.0
25,1354,28.44,64.05,8.62,0.81,73.0
25,1355,19.46,43.68,6.65,0.81,62.0
25,1356,18.96,43.82,8.43,0.83,50.0
25,1357,12.38,35.01,7.9,0.84,55.0
25,1358,17.14,39.68,8.21,0.84,53.0
25,1359,14.31,32.57,6.06,0.88,54.0
25,1360,20.42,60.69,6.71,0.83,55.0
25,1361,21.49,56.28,6.82,0.9,67.0
25,1362,13.45,30.23,4.45,0.75,53.0
25,1363,16.64,29.76,7.85,0.87,52.0
25,1364,24.56,45.89,9.65,0.95,62.0
25,1365,24.19,47.71,6.06,0.86,57.0
25,1366,22.38,41.11,6.63,0.96,66.0
25,1367,26.0,45.3,7.34,0.94,62.0
25,1368,15.29,27.84,7.36,0.97,58.0
25,1369,21.93,35.57,8.24,0.96,57.0
25,1370,23.75,43.0,9.79,1.14,64.0
25,1371,17.33,31.2,7.0,0.89,59.0
25,1372,18.9,34.18,9.29,1.1,67.0
25,1373,14.12,29.82,11.08,0.86,72.0
25,1374,20.59,39.69,20.9,0.95,54.0
25,1375,30.33,50.39,8.2,1.16,82.0
25,1376,12.48,24.47,6.03,1.03,62.0
25,1377,13.27,26.54,7.97,1.01,78.0
25,1378,15.1,26.27,9.25,1.01,64.0
25,1379,15.43,34.46,9.88,1.04,70.0
25,1380,35.94,50.68,9.85,1.09,71.0
25,1381,38.58,67.44,8.94,1.02,71.0
25,1382,36.93,63.53,6.78,0.98,67.0
25,1383,30.14,52.64,4.82,0.96,61.0
25,1384,31.75,53.57,4.55,1.05,59.0
25,1385,19.06,35.04,6.51,1.04,63.0
25,1386,12.74,28.26,7.11,1.02,64.0
25,1387,16.07,30.33,4.4,0.84,60.0
25,1388,12.9,30.94,4.3,0.97,54.0
25,1389,13.8,28.76,6.48,1.01,69.0
25,1390,11.42,24.47,3.84,0.8,47.0
25,1391,19.09,31.72,8.11,1.05,68.0
25,1392,17.97,33.12,4.94,0.86,58.0
25,1393,30.73,56.61,8.79,1.25,70.0
25,1394,45.62,72.5,7.7,1.31,85.0
25,1395,54.28,94.45,8.97,1.49,101.0
25,1396,66.15,116.25,10.84,1.46,101.0
25,1397,57.1,96.05,5.95,1.15,119.0
25,1398,49.67,84.26,4.42,1.2,87.0
25,1399,51.29,90.58,3.88,1.21,87.0
25,1400,46.33,83.3,4.02,1.09,90.0
25,1401,42.05,68.11,5.92,1.19,74.0
25,1402,43.92,77.95,11.63,1.44,99.0
25,1403,11.3,27.28,9.86,1.13,88.0
25,1404,26.4,45.52,6.96,1.34,76.0
25,1405,54.98,78.08,8.5,1.4,87.0
25,1406,64.48,86.88,6.02,1.22,123.0
25,1407,46.01,65.46,10.97,1.39,99.0
25,1408,49.17,73.19,13.16,1.72,95.0
25,1409,40.86,60.82,7.95,1.5,93.0
25,1410,35.16,53.9,6.01,1.41,93.0
25,1411,36.27,54.12,3.33,1.2,83.0
25,1412,44.3,63.39,5.14,1.19,84.0
25,1413,43.66,59.67,5.85,1.19,82.0
25,1414,61.59,87.3,5.51,1.28,94.0
25,1415,71.71,104.39,5.26,1.37,130.0
25,1416,55.78,73.44,5.39,1.12,103.0
25,1417,51.3,76.59,8.59,1.29,88.0
25,1418,46.81,64.32,3.31,1.24,93.0
25,1419,32.55,47.35,4.72,1.23,78.0
25,1420,19.99,35.46,7.13,1.24,74.0
25,1421,22.19,36.16,6.98,1.21,75.0
25,1422,31.18,48.44,4.82,1.3,84.0
25,1423,31.22,49.24,4.23,1.18,75.0
25,1424,19.58,37.35,5.88,1.25,73.0
25,1425,27.44,44.34,3.54,1.2,76.0
25,1426,58.93,85.65,8.74,1.5,82.0
25,1427,77.51,112.18,10.58,1.56,149.0
25,1428,85.73,119.12,10.82,1.74,177.0
25,1429,75.89,108.14,8.95,1.81,183.0
25,1430,36.23,58.17,8.63,1.8,106.0
25,1431,59.39,70.75,7.98,1.96,104.0
25,1432,,72.64,7.27,1.65,95.0
25,1433,42.7,69.66,6.21,1.61,97.0
25,1434,63.22,90.86,7.21,2.03,105.0
25,1435,52.66,74.59,8.22,1.95,106.0
25,1436,41.77,61.3,6.63,1.76,103.0
25,1437,35.04,53.63,5.67,1.73,99.0
25,1438,28.12,47.04,6.54,1.79,100.0
25,1439,57.4,85.48,6.67,1.9,103.0
25,1440,76.54,114.52,8.33,2.07,128.0
25,1441,92.78,124.33,5.51,2.21,178.0
25,1442,82.74,115.19,5.58,2.11,220.0
25,1443,58.89,90.71,4.51,2.11,121.0
25,1444,50.27,73.69,3.67,2.1,105.0
25,1445,62.32,89.85,6.35,2.39,108.0
25,1446,67.93,90.91,8.25,2.32,113.0
25,1447,51.07,85.65,14.95,2.06,106.0
25,1448,76.05,110.35,13.72,2.37,116.0
25,1449,81.61,116.95,7.98,2.94,181.0
25,1450,72.14,102.92,9.16,2.53,149.0
25,1451,69.3,103.17,8.28,2.77,134.0
25,1452,72.7,106.69,9.4,2.91,118.0
25,1453,41.69,60.51,5.38,2.49,142.0
25,1454,40.21,60.48,9.47,2.91,115.0
25,1455,35.68,52.33,5.04,2.55,114.0
25,1456,47.01,69.44,7.27,2.42,108.0
25,1457,52.53,81.17,6.9,2.85,117.0
25,1458,50.31,79.04,6.35,4.85,139.0
25,1459,52.06,85.51,7.55,5.59,156.0
25,1460,52.29,83.14,6.65,5.48,160.0
25,1461,60.68,99.05,11.29,4.56,146.0
25,1462,62.38,99.86,9.53,4.61,180.0
25,1463,61.89,98.66,9.89,0.08,124.0
25,1464,58.41,92.79,6.94,0.06,128.0
25,1465,44.94,80.7,11.76,0.05,124.0
25,1466,46.48,85.2,11.03,0.05,104.0
25,1467,46.64,79.36,7.67,0.0,109.0
25,1468,54.81,91.32,10.35,0.03,102.0
25,1469,59.72,93.45,6.73,0.07,108.0
25,1470,65.74,104.01,6.56,0.03,137.0
25,1471,55.81,92.53,9.73,0.0,141.0
25,1472,63.93,99.11,8.32,0.0,127.0
25,1473,68.12,102.28,8.46,0.0,126.0
25,1474,60.71,95.19,6.38,0.0,125.0
25,1475,73.06,110.44,10.3,0.0,131.0
25,1476,70.43,105.47,8.18,0.01,132.0
25,1477,76.85,116.02,10.76,0.0,160.0
25,1478,62.24,97.88,9.23,0.0,147.0
25,1479,76.8,118.3,13.28,0.06,126.0
25,1480,76.27,112.76,9.91,0.02,164.0
25,1481,82.99,120.86,10.97,0.36,159.0
25,1482,79.17,114.98,17.3,1.11,176.0
25,1483,61.19,95.33,14.36,0.93,132.0
25,1484,70.86,107.83,12.85,0.87,135.0
25,1485,73.6,108.97,11.71,0.95,164.0
25,1486,59.53,90.38,10.75,0.97,121.0
25,1487,52.82,81.14,8.6,0.81,95.0
25,1488,40.59,72.21,5.78,0.6,94.0
25,1489,41.14,72.15,7.31,0.71,94.0
25,1490,34.56,59.82,7.12,0.69,100.0
25,1491,39.99,67.14,8.55,0.76,90.0
25,1492,39.49,65.93,8.46,0.69,118.0
25,1493,40.29,71.48,8.31,0.68,119.0
25,1494,48.82,79.06,9.97,0.84,107.0
25,1495,39.42,64.31,6.61,0.67,92.0
25,1496,46.75,74.89,10.87,0.92,82.0
25,1497,42.5,69.57,10.77,0.93,81.0
25,1498,37.67,57.39,8.61,0.85,86.0
25,1499,46.17,72.17,8.5,0.75,88.0
25,1500,56.66,85.64,9.75,0.89,110.0
25,1501,56.59,85.04,7.65,0.81,104.0
25,1502,37.03,59.82,8.72,0.78,76.0
25,1503,32.65,60.12,9.33,0.85,71.0
25,1504,36.0,64.67,10.87,0.86,78.0
25,1505,38.32,73.93,11.0,0.86,96.0
25,1506,45.27,82.9,9.2,0.84,91.0
25,1507,44.81,78.98,8.54,0.84,98.0
25,1508,36.43,65.73,6.59,0.73,96.0
25,1509,32.9,64.89,5.37,0.67,78.0
25,1510,31.41,61.82,6.46,0.66,80.0
25,1511,27.75,57.21,5.33,0.67,65.0
25,1512,35.35,67.65,5.28,0.67,77.0
25,1513,22.44,50.94,6.19,0.59,79.0
25,1514,23.74,54.29,7.86,0.68,78.0
25,1515,28.5,60.73,6.58,0.55,90.0
25,1516,27.97,58.6,6.03,0.56,104.0
25,1517,37.34,68.04,7.22,0.69,95.0
25,1518,40.97,68.32,5.93,0.65,93.0
25,1519,33.72,67.47,5.64,0.63,78.0
25,1520,31.09,74.96,5.82,0.67,84.0
25,1521,31.38,88.46,5.44,0.58,88.0
25,1522,30.46,68.2,6.55,0.74,90.0
25,1523,35.12,63.12,4.7,0.64,85.0
25,1524,44.45,69.4,5.6,0.76,86.0
25,1525,21.33,58.71,4.75,0.62,80.0
25,1526,19.0,67.2,4.76,0.57,66.0
25,1527,58.12,178.24,5.66,0.65,116.0
25,1528,40.41,126.39,6.05,0.68,137.0
25,1529,29.82,86.59,4.32,0.65,106.0
25,1530,26.06,60.76,4.95,0.66,83.0
25,1531,29.97,70.94,5.95,0.75,77.0
25,1532,36.67,72.46,5.46,0.66,99.0
25,1533,48.85,96.27,8.47,0.83,74.0
25,1534,42.82,87.99,5.53,0.74,142.0
25,1535,39.88,85.38,8.76,0.86,88.0
25,1536,44.04,88.36,7.15,0.83,94.0
25,1537,46.07,87.18,5.94,0.81,101.0
25,1538,35.14,72.39,6.12,0.83,88.0
25,1539,33.45,65.23,7.64,0.89,80.0
25,1540,31.39,62.21,7.05,0.89,69.0
25,1541,30.52,59.9,6.56,0.85,79.0
25,1542,32.33,61.19,6.83,0.86,94.0
25,1543,32.25,64.78,5.21,0.8,81.0
25,1544,28.49,59.02,4.06,0.7,80.0
25,1545,32.02,65.3,6.34,0.86,79.0
25,1546,30.55,67.23,4.85,0.72,82.0
25,1547,28.72,67.02,5.81,0.57,89.0
25,1548,35.69,75.77,6.38,0.81,74.0
25,1549,33.98,75.12,5.16,0.72,79.0
25,1550,34.94,85.28,4.84,0.84,82.0
25,1551,37.82,81.64,3.35,0.75,86.0
25,1552,39.22,79.24,4.18,0.82,79.0
25,1553,44.11,82.12,4.98,0.77,80.0
25,1554,40.78,81.81,4.95,0.74,83.0
25,1555,25.46,50.68,5.51,0.79,74.0
25,1556,19.34,44.72,6.03,0.74,65.0
25,1557,22.06,50.03,5.6,0.76,61.0
25,1558,29.36,66.82,3.86,0.63,66.0
25,1559,29.4,71.05,4.31,0.7,69.0
25,1560,29.84,67.66,4.12,0.84,70.0
25,1561,29.96,62.29,4.54,0.89,68.0
25,1562,27.02,59.77,3.83,0.85,83.0
25,1563,28.08,65.59,4.4,0.86,68.0
25,1564,29.0,60.17,5.62,0.86,72.0
25,1565,29.11,60.55,5.77,0.91,72.0
25,1566,27.8,54.56,5.62,0.88,64.0
25,1567,25.36,51.86,7.6,1.01,65.0
25,1568,27.7,56.55,6.93,0.94,61.0
25,1569,23.75,44.77,6.31,0.88,66.0
25,1570,19.82,42.03,5.74,0.96,63.0
25,1571,6.75,32.47,5.4,0.97,65.0
25,1572,,28.21,5.51,0.94,70.0
25,1573,20.85,41.85,5.2,0.95,73.0
25,1574,14.08,28.42,5.06,0.72,70.0
25,1575,20.29,40.08,6.53,0.93,79.0
25,1576,22.56,44.12,6.67,0.82,70.0
25,1577,23.4,53.12,5.21,0.89,69.0
25,1578,24.68,59.62,8.44,1.04,69.0
25,1579,24.35,59.02,4.8,0.98,64.0
25,1580,23.93,56.52,5.78,0.89,70.0
25,1581,21.05,49.07,6.15,1.03,70.0
25,1582,20.83,49.94,4.25,0.93,78.0
25,1583,31.21,87.96,4.94,1.09,76.0
25,1584,34.33,103.25,6.93,1.02,100.0
25,1585,33.84,100.42,5.31,0.88,102.0
25,1586,29.95,97.18,3.39,0.8,96.0
25,1587,35.81,110.95,5.26,1.04,105.0
25,1588,28.5,88.32,3.87,1.02,100.0
25,1589,24.2,67.7,4.36,0.98,76.0
25,1590,22.41,64.57,5.45,0.84,66.0
25,1591,21.15,56.44,5.88,0.87,64.0
25,1592,19.17,54.42,5.04,0.82,59.0
25,1593,17.72,48.58,4.43,0.78,69.0
25,1594,15.1,44.81,3.33,0.87,59.0
25,1595,15.51,44.75,4.64,0.95,59.0
25,1596,15.45,45.92,4.66,1.31,82.0
25,1597,20.14,58.16,3.65,2.44,112.0
25,1598,22.57,65.88,4.94,3.31,121.0
25,1599,22.07,55.7,3.56,2.02,111.0
25,1600,15.62,46.85,4.06,0.64,54.0
25,1601,27.99,62.22,6.66,0.81,54.0
25,1602,31.07,72.77,5.52,0.72,71.0
25,1603,26.95,64.09,6.85,0.68,67.0
25,1604,19.94,51.78,4.18,0.67,59.0
25,1605,15.06,31.31,5.71,0.38,54.0
25,1606,9.71,29.58,12.1,0.64,62.0
25,1607,12.44,34.61,4.36,0.5,50.0
25,1608,17.4,52.68,4.78,0.55,44.0
25,1609,29.1,77.25,4.62,0.54,66.0
25,1610,27.92,76.55,3.13,0.55,84.0
25,1611,25.3,78.76,4.33,0.68,68.0
25,1612,20.1,49.86,4.67,0.62,70.0
25,1613,22.08,54.8,2.76,0.62,57.0
25,1614,13.33,35.77,2.43,0.46,49.0
25,1615,10.7,37.15,4.86,0.76,
25,1616,9.27,29.82,4.09,0.65,44.0
25,1617,10.76,27.21,3.46,0.59,52.0
25,1618,19.83,45.83,5.01,0.77,47.0
25,1619,13.93,33.76,4.5,0.74,60.0
25,1620,6.51,25.46,4.26,0.71,51.0
25,1621,7.83,24.78,3.12,0.56,44.0
25,1622,9.9,23.83,4.48,0.55,53.0
25,1623,,,,,39.0
25,1624,,,,,
25,1625,,,,,
25,1626,,,,,
25,1627,,,,,
25,1628,,,,,
25,1629,,,,,
25,1630,11.16,56.09,2.57,0.0,
25,1631,10.26,47.92,2.21,0.08,50.0
25,1632,5.75,22.78,1.35,0.43,51.0
25,1633,,,1.58,0.48,
25,1634,,,2.07,0.81,
25,1635,,,1.5,0.47,
25,1636,,,1.88,0.67,
25,1637,26.0,57.36,1.89,0.65,
25,1638,23.62,55.51,2.15,0.65,55.0
25,1639,13.04,50.75,2.32,0.63,53.0
25,1640,13.43,45.05,2.24,0.58,48.0
25,1641,17.03,46.9,3.08,0.68,49.0
25,1642,8.74,40.2,2.69,0.6,46.0
25,1643,9.89,36.12,2.32,0.77,48.0
25,1644,11.09,43.52,3.27,0.79,46.0
25,1645,12.48,34.86,3.29,0.82,50.0
25,1646,6.33,27.34,3.63,0.63,88.0
25,1647,11.48,38.57,3.32,0.81,52.0
25,1648,15.2,49.52,3.42,0.78,53.0
25,1649,13.47,28.95,2.83,0.55,41.0
25,1650,8.94,26.17,2.21,0.62,37.0
25,1651,10.82,26.83,3.69,0.64,53.0
25,1652,11.84,33.66,4.49,0.68,53.0
25,1653,24.32,49.88,6.3,0.82,62.0
25,1654,23.27,50.61,5.22,0.77,66.0
25,1655,17.42,37.18,3.62,0.64,45.0
25,1656,10.78,27.74,2.95,0.57,44.0
25,1657,9.3,26.98,3.48,0.61,50.0
25,1658,10.93,29.01,3.86,0.64,70.0
25,1659,8.52,29.39,4.25,0.73,55.0
25,1660,4.25,21.07,3.55,0.56,49.0
25,1661,7.19,17.91,3.88,0.42,41.0
25,1662,7.22,21.05,3.01,0.33,49.0
25,1663,6.05,16.86,2.19,0.42,43.0
25,1664,7.62,21.08,3.24,0.57,52.0
25,1665,10.07,26.21,3.39,0.56,51.0
25,1666,13.25,29.58,3.99,0.7,55.0
25,1667,17.72,39.38,3.92,0.77,52.0
25,1668,12.16,35.43,4.98,0.88,57.0
25,1669,19.32,43.83,5.0,0.96,61.0
25,1670,14.56,44.4,3.32,0.92,56.0
25,1671,12.96,39.89,3.99,1.12,70.0
25,1672,10.63,35.98,3.76,1.67,78.0
25,1673,11.22,31.15,2.88,2.74,139.0
25,1674,15.15,33.9,3.61,0.68,46.0
25,1675,9.24,45.88,3.85,0.77,54.0
25,1676,13.06,44.31,3.9,0.83,56.0
25,1677,11.41,38.04,2.71,0.65,45.0
25,1678,14.64,48.38,2.87,0.67,55.0
25,1679,10.62,34.72,2.93,0.68,52.0
25,1680,9.83,27.68,3.28,0.68,55.0
25,1681,8.62,29.48,3.81,0.68,90.0
25,1682,8.51,23.3,4.02,0.72,53.0
25,1683,4.8,16.95,3.29,0.51,59.0
25,1684,4.44,14.72,2.34,0.39,45.0
25,1685,5.56,17.06,2.29,0.45,43.0
25,1686,9.0,21.22,3.85,0.59,54.0
25,1687,7.9,24.9,3.94,0.63,50.0
25,1688,15.08,33.7,3.66,0.6,51.0
25,1689,10.74,28.25,3.35,0.63,51.0
25,1690,21.0,40.48,5.03,0.81,52.0
25,1691,21.45,42.58,3.74,0.72,52.0
25,1692,19.93,39.9,4.98,0.74,51.0
25,1693,20.37,38.29,4.17,0.72,48.0
25,1694,13.58,31.07,3.64,0.67,42.0
25,1695,8.02,23.18,4.01,0.7,48.0
25,1696,7.98,22.64,3.03,0.63,45.0
25,1697,12.11,30.07,3.65,0.64,49.0
25,1698,6.82,21.39,3.12,0.59,50.0
25,1699,6.9,18.76,3.35,0.71,51.0
25,1700,9.75,21.27,3.98,0.7,53.0
25,1701,27.82,23.28,3.75,0.7,58.0
25,1702,15.48,31.92,3.61,0.67,48.0
25,1703,14.76,30.21,3.96,0.72,55.0
25,1704,13.65,39.05,3.86,0.66,47.0
25,1705,10.55,28.91,2.97,0.68,44.0
25,1706,9.84,26.69,3.51,0.81,51.0
25,1707,11.17,27.66,3.32,0.84,59.0
25,1708,15.35,23.82,3.68,0.77,52.0
25,1709,11.81,21.87,3.52,0.81,55.0
25,1710,9.23,19.67,3.35,0.78,53.0
25,1711,13.71,27.82,4.12,0.82,58.0
25,1712,12.5,29.74,3.08,0.77,54.0
25,1713,14.83,30.69,2.7,0.8,52.0
25,1714,11.86,27.14,2.66,0.7,48.0
25,1715,13.06,28.23,1.42,0.67,44.0
25,1716,13.16,31.68,3.78,0.92,
25,1717,17.36,33.53,3.3,0.73,46.0
25,1718,14.02,30.52,3.17,0.77,49.0
25,1719,13.42,29.57,3.34,0.8,53.0
25,1720,19.32,32.68,3.66,0.87,56.0
25,1721,18.6,34.76,4.01,0.94,57.0
25,1722,9.92,22.19,3.57,0.85,57.0
25,1723,8.66,22.42,3.64,0.93,58.0
25,1724,17.5,33.56,3.44,0.88,56.0
25,1725,15.18,36.12,3.01,0.82,51.0
25,1726,11.18,33.91,3.16,0.84,50.0
25,1727,10.28,20.84,2.99,0.99,58.0
25,1728,4.78,22.3,3.09,1.13,68.0
25,1729,10.07,22.76,4.03,1.07,74.0
25,1730,13.82,26.74,4.22,1.24,80.0
25,1731,15.46,32.4,4.81,1.08,78.0
25,1732,18.97,33.81,3.63,1.01,64.0
25,1733,15.58,29.1,3.57,1.33,76.0
25,1734,10.55,20.95,3.72,3.04,153.0
25,1735,11.16,27.22,4.45,1.58,109.0
25,1736,16.49,30.45,3.69,0.89,63.0
25,1737,17.66,28.85,4.29,0.97,63.0
25,1738,15.35,31.23,4.26,0.9,60.0
25,1739,16.49,33.07,3.0,0.85,56.0
25,1740,13.44,28.23,3.25,0.75,62.0
25,1741,7.42,22.56,3.18,0.74,48.0
25,1742,7.99,19.94,3.36,0.7,57.0
25,1743,15.64,34.77,4.8,0.9,55.0
25,1744,18.4,33.61,4.23,0.84,67.0
25,1745,12.32,29.79,4.47,0.9,58.0
25,1746,8.51,28.76,4.36,0.97,63.0
25,1747,9.63,21.86,2.97,0.75,54.0
25,1748,17.32,28.23,4.47,0.95,64.0
25,1749,16.53,29.12,4.47,1.09,67.0
25,1750,17.68,33.51,4.57,1.07,71.0
25,1751,8.59,20.77,4.52,0.91,56.0
25,1752,27.8,23.21,3.85,0.94,59.0
25,1753,14.56,,3.87,0.96,61.0
25,1754,,13.9,3.4,0.81,56.0
25,1755,,16.67,3.28,0.81,51.0
25,1756,16.05,22.5,3.44,0.81,60.0
25,1757,8.03,21.1,4.11,0.91,60.0
25,1758,24.0,33.55,3.58,1.16,72.0
25,1759,41.09,37.78,3.14,1.0,79.0
25,1760,39.27,36.28,2.34,0.84,58.0
25,1761,30.64,42.3,2.52,0.85,63.0
25,1762,14.82,35.83,3.14,1.13,69.0
25,1763,18.2,33.99,2.43,1.02,77.0
25,1764,3.18,10.54,2.55,0.76,68.0
25,1765,7.75,12.23,2.88,0.82,61.0
25,1766,13.74,28.72,4.03,1.03,62.0
25,1767,22.02,37.35,3.87,1.04,69.0
25,1768,19.35,31.71,2.6,0.95,60.0
25,1769,17.01,27.28,2.92,0.92,59.0
25,1770,26.2,50.49,3.85,1.09,66.0
25,1771,21.36,50.81,3.98,1.1,67.0
25,1772,21.4,45.02,3.18,0.95,65.0
25,1773,19.01,47.27,3.47,1.08,65.0
25,1774,14.52,31.08,2.51,1.01,64.0
25,1775,9.64,30.39,2.16,1.02,63.0
25,1776,18.73,39.27,3.25,1.12,69.0
25,1777,21.32,49.25,4.56,1.26,71.0
25,1778,39.67,67.61,5.78,1.83,95.0
25,1779,28.95,56.88,5.87,3.71,136.0
25,1780,22.08,48.96,4.16,2.03,111.0
25,1781,21.53,35.95,3.55,4.11,156.0
25,1782,13.55,27.57,2.59,0.83,61.0
25,1783,30.45,51.91,4.45,1.06,67.0
25,1784,25.22,45.85,14.47,1.08,72.0
25,1785,22.23,43.29,17.41,1.01,80.0
25,1786,24.63,39.84,21.11,1.09,71.0
25,1787,16.2,35.35,21.44,1.12,76.0
25,1788,22.78,53.49,23.24,1.5,91.0
25,1789,19.88,49.09,18.38,1.13,83.0
25,1790,20.91,42.3,20.14,1.24,76.0
25,1791,23.36,47.81,26.13,1.32,93.0
25,1792,39.81,65.38,24.52,1.3,83.0
25,1793,22.79,40.69,21.22,1.2,80.0
25,1794,22.79,49.72,21.72,1.29,82.0
25,1795,11.23,25.41,20.93,1.1,73.0
25,1796,11.17,13.3,9.46,0.8,61.0
25,1797,16.88,31.62,16.98,1.12,72.0
25,1798,25.81,51.14,24.3,1.63,90.0
25,1799,27.99,52.39,23.43,1.47,96.0
25,1800,37.99,58.52,17.64,1.2,88.0
25,1801,32.3,58.0,18.07,1.14,90.0
25,1802,24.68,64.6,21.04,1.34,90.0
25,1803,17.82,39.35,14.82,1.16,76.0
25,1804,17.78,44.54,24.86,1.33,79.0
25,1805,27.24,57.7,23.66,1.33,88.0
25,1806,34.11,59.92,24.62,1.4,91.0
25,1807,27.66,49.24,23.7,1.4,87.0
25,1808,39.57,61.92,21.3,1.44,91.0
25,1809,17.89,42.06,14.27,1.3,78.0
25,1810,19.4,46.41,21.04,1.47,88.0
25,1811,32.25,63.77,26.23,1.56,92.0
25,1812,29.26,51.31,12.41,1.2,80.0
25,1813,34.5,66.25,30.54,1.49,98.0
25,1814,21.36,48.09,22.06,1.39,90.0
25,1815,29.94,57.02,24.17,1.56,97.0
25,1816,30.65,52.52,24.07,1.58,102.0
25,1817,38.11,63.31,21.6,1.53,97.0
25,1818,44.8,68.62,23.69,1.66,96.0
25,1819,51.96,80.62,29.92,1.94,101.0
25,1820,36.39,58.38,16.66,1.56,99.0
25,1821,12.52,38.64,16.21,1.59,92.0
25,1822,21.29,49.14,24.75,1.89,103.0
25,1823,32.54,62.85,29.29,1.63,89.0
25,1824,45.06,72.67,27.49,2.26,110.0
25,1825,44.74,73.72,27.32,1.94,108.0
25,1826,40.42,68.57,26.8,1.49,92.0
25,1827,35.96,65.09,23.08,1.41,85.0
25,1828,36.18,60.26,21.04,0.96,70.0
25,1829,39.12,65.79,24.75,0.76,72.0
25,1830,30.58,55.05,19.58,0.92,78.0
25,1831,27.03,43.67,17.5,0.85,71.0
25,1832,36.85,74.23,27.71,1.12,75.0
25,1833,30.37,59.51,30.16,1.12,75.0
25,1834,16.57,37.56,15.99,0.84,73.0
25,1835,31.99,57.01,23.64,0.99,74.0
25,1836,46.1,65.95,24.85,1.06,82.0
25,1837,35.23,55.43,30.0,1.01,89.0
25,1838,34.52,50.54,22.22,0.82,83.0
25,1839,45.18,72.0,26.77,0.97,87.0
25,1840,48.75,85.45,26.54,0.91,82.0
25,1841,61.78,90.09,25.43,1.06,97.0
25,1842,47.74,74.82,27.92,0.97,98.0
25,1843,38.16,69.87,24.09,0.95,85.0
25,1844,31.66,59.79,24.82,0.88,68.0
25,1845,28.79,56.6,23.12,0.94,66.0
25,1846,31.86,58.42,24.67,1.15,79.0
25,1847,25.78,52.01,22.73,1.04,65.0
25,1848,22.57,55.34,22.81,0.99,66.0
25,1849,25.61,53.17,23.56,1.06,65.0
25,1850,30.53,60.35,21.07,1.06,66.0
25,1851,29.85,65.88,22.96,1.03,71.0
25,1852,29.88,55.09,17.18,0.85,71.0
25,1853,28.72,59.45,20.0,0.87,71.0
25,1854,38.14,80.21,22.43,0.97,77.0
25,1855,55.14,91.03,26.53,1.13,94.0
25,1856,50.29,88.7,20.44,1.07,93.0
25,1857,43.18,86.73,23.19,1.05,98.0
25,1858,42.92,71.66,18.95,0.92,83.0
25,1859,32.97,57.62,16.57,0.83,69.0
25,1860,38.13,68.97,24.45,1.04,73.0
25,1861,30.37,53.71,20.46,0.88,65.0
25,1862,36.27,62.33,19.56,1.0,69.0
25,1863,27.97,60.73,17.95,0.87,71.0
25,1864,32.0,56.28,16.95,0.92,63.0
25,1865,38.32,61.92,17.99,0.98,70.0
25,1866,36.14,60.54,18.42,0.95,68.0
25,1867,98.87,134.53,23.62,1.29,215.0
25,1868,39.01,70.15,23.63,1.02,84.0
25,1869,36.41,64.86,22.49,1.09,72.0
25,1870,42.33,69.38,21.5,1.15,73.0
25,1871,37.2,63.63,22.65,0.87,83.0
25,1872,44.53,70.41,20.72,0.86,82.0
25,1873,51.95,80.15,17.85,1.02,85.0
25,1874,58.39,82.96,23.93,0.95,108.0
25,1875,42.38,67.89,23.28,0.73,100.0
25,1876,40.38,67.59,25.06,0.66,98.0
25,1877,48.83,74.67,27.54,0.82,89.0
25,1878,38.85,62.19,25.97,0.79,81.0
25,1879,44.96,68.21,26.83,1.01,92.0
25,1880,32.33,49.54,22.12,0.75,89.0
25,1881,36.26,58.64,25.2,0.99,86.0
25,1882,36.83,61.57,27.32,1.02,89.0
25,1883,38.81,60.79,24.06,1.03,92.0
25,1884,36.46,59.85,24.81,1.1,102.0
25,1885,38.7,68.88,28.39,1.29,93.0
25,1886,42.26,123.28,24.9,1.07,126.0
25,1887,32.56,55.13,17.26,0.98,100.0
25,1888,30.9,59.61,23.26,1.39,96.0
25,1889,28.39,50.14,24.1,1.82,100.0
25,1890,40.19,88.17,24.17,2.17,107.0
25,1891,37.47,63.93,27.82,1.52,110.0
25,1892,30.49,58.67,19.07,0.73,76.0
25,1893,32.73,55.47,15.07,0.84,64.0
25,1894,28.37,54.46,10.35,0.97,64.0
25,1895,26.95,54.84,15.07,1.05,68.0
25,1896,37.64,62.34,18.15,1.08,73.0
25,1897,29.75,56.42,17.57,1.1,74.0
25,1898,31.49,59.96,17.69,1.05,74.0
25,1899,29.1,54.95,19.15,1.08,87.0
25,1900,31.04,60.48,15.33,0.92,85.0
25,1901,25.49,53.51,11.74,0.74,60.0
25,1902,30.67,60.2,16.04,0.93,62.0
25,1903,39.09,70.74,15.24,1.03,74.0
25,1904,20.54,47.79,16.74,1.04,67.0
25,1905,25.51,52.54,15.12,0.97,68.0
25,1906,31.27,61.65,16.67,1.06,77.0
25,1907,30.55,59.67,13.65,0.97,71.0
25,1908,27.46,49.53,10.02,0.88,66.0
25,1909,27.12,54.5,11.21,0.96,65.0
25,1910,21.74,41.48,8.39,0.87,57.0
25,1911,25.26,46.73,7.82,0.85,68.0
25,1912,25.07,46.63,8.44,0.88,70.0
25,1913,29.67,52.78,8.37,0.96,74.0
25,1914,28.9,54.61,8.43,0.94,78.0
25,1915,18.2,45.16,9.41,0.77,60.0
25,1916,20.38,48.86,8.49,0.72,52.0
25,1917,19.28,49.22,7.91,0.65,70.0
25,1918,15.98,48.32,7.98,0.67,55.0
25,1919,23.01,56.02,7.13,0.68,61.0
25,1920,27.02,56.3,7.28,0.6,60.0
25,1921,28.89,55.61,8.15,0.48,66.0
25,1922,25.56,46.5,9.01,0.46,60.0
25,1923,16.88,31.28,10.18,0.32,59.0
25,1924,18.57,35.34,9.56,0.46,53.0
25,1925,18.85,37.62,8.86,0.47,61.0
25,1926,19.06,45.18,7.91,0.52,63.0
25,1927,17.15,43.1,7.61,0.51,56.0
25,1928,20.62,49.68,7.52,0.5,55.0
25,1929,22.32,46.43,6.32,0.49,58.0
25,1930,24.24,52.42,7.3,0.51,63.0
25,1931,23.55,49.73,6.46,0.49,66.0
25,1932,18.34,35.83,5.66,0.46,52.0
25,1933,15.59,26.06,6.31,0.49,50.0
25,1934,14.81,26.14,6.76,0.5,62.0
25,1935,13.37,21.02,6.13,0.42,56.0
25,1936,10.74,20.13,6.07,0.38,49.0
25,1937,15.01,27.65,7.99,0.48,46.0
25,1938,13.77,31.6,8.41,0.49,53.0
25,1939,15.9,30.51,8.4,0.48,51.0
25,1940,15.97,35.6,8.08,0.42,50.0
25,1941,15.73,38.65,7.8,0.43,59.0
25,1942,18.42,41.47,8.36,0.45,53.0
25,1943,23.19,57.7,6.97,0.4,58.0
25,1944,14.13,34.27,8.98,0.49,63.0
25,1945,23.84,44.32,10.01,0.44,60.0
25,1946,18.54,34.48,9.67,0.51,57.0
25,1947,20.57,48.19,9.52,0.46,57.0
25,1948,17.43,43.59,8.01,0.45,54.0
25,1949,23.64,48.64,7.73,0.49,55.0
25,1950,18.36,47.16,5.68,0.46,58.0
25,1951,25.86,47.67,8.81,0.45,55.0
25,1952,25.74,54.3,9.57,0.47,63.0
25,1953,20.76,45.58,11.07,0.58,66.0
25,1954,18.51,47.43,11.05,0.51,59.0
25,1955,13.96,36.69,10.21,0.47,61.0
25,1956,15.85,39.05,11.5,0.58,63.0
25,1957,14.9,37.16,7.09,0.43,63.0
25,1958,13.68,34.67,10.53,0.53,66.0
25,1959,19.88,52.48,11.7,0.6,65.0
25,1960,12.83,29.49,10.69,0.57,47.0
25,1961,15.39,38.91,11.0,0.53,53.0
25,1962,16.76,40.97,11.74,0.49,58.0
25,1963,15.99,31.34,10.75,0.56,59.0
25,1964,15.08,40.82,6.28,0.43,60.0
25,1965,15.7,33.81,10.31,0.53,64.0
25,1966,20.75,44.22,9.92,0.49,62.0
25,1967,20.26,39.46,10.53,0.52,56.0
25,1968,12.19,29.47,11.68,0.5,48.0
25,1969,11.41,30.8,11.6,0.54,48.0
25,1970,14.91,37.29,10.08,0.51,39.0
25,1971,16.15,35.54,6.67,0.43,46.0
25,1972,18.14,47.13,11.59,0.53,50.0
25,1973,16.22,35.47,12.74,0.62,47.0
25,1974,16.68,41.6,12.73,0.54,56.0
25,1975,17.4,40.45,12.44,0.56,56.0
25,1976,12.51,32.58,12.63,0.64,54.0
25,1977,9.86,29.67,11.45,0.61,54.0
25,1978,9.51,17.71,5.53,0.43,50.0
25,1979,9.56,16.64,9.5,0.5,42.0
25,1980,12.31,22.06,13.1,0.47,48.0
25,1981,11.92,23.91,9.15,0.25,35.0
25,1982,16.61,34.41,10.73,0.27,32.0
25,1983,16.81,36.22,12.68,0.29,38.0
25,1984,10.76,23.4,12.19,0.46,35.0
25,1985,10.15,,4.65,0.42,35.0
25,1986,14.49,,13.05,0.64,41.0
25,1987,23.6,49.5,8.09,0.38,41.0
25,1988,22.93,45.57,11.56,0.53,46.0
25,1989,24.21,42.51,15.02,0.61,46.0
25,1990,28.64,48.84,15.66,0.54,49.0
25,1991,26.26,46.15,11.41,0.46,52.0
25,1992,17.45,34.44,7.41,0.42,38.0
25,1993,28.24,47.31,13.69,0.65,45.0
25,1994,24.39,46.31,12.67,0.58,51.0
25,1995,27.92,57.72,12.51,0.54,58.0
25,1996,23.96,48.74,12.01,0.55,57.0
25,1997,20.32,41.01,11.08,0.43,50.0
25,1998,19.9,40.99,11.77,0.56,43.0
25,1999,15.74,31.24,7.52,0.38,42.0
25,2000,16.89,34.27,10.63,0.56,40.0
25,2001,28.45,54.74,14.36,0.67,50.0
25,2002,34.68,67.22,12.35,0.5,70.0
25,2003,28.01,51.15,13.57,0.51,58.0
25,2004,18.78,32.5,11.17,0.56,46.0
25,2005,18.06,36.04,9.5,0.61,42.0
25,2006,22.51,43.97,7.38,0.61,43.0
25,2007,23.17,46.71,10.75,0.68,49.0
25,2008,20.66,41.53,9.93,0.53,40.0
25,2009,2.0,35.0,2.3,0.42,41.0
26,548,44.92,82.5,56.96,1.0,
26,549,,,,,
26,550,,,,,
26,551,,,,,
26,552,17.0,68.0,25.08,0.66,
26,553,30.54,77.06,44.73,0.99,
26,554,35.33,84.31,44.35,0.84,81.0
26,555,40.64,92.73,52.89,1.07,112.0
26,556,33.25,77.65,45.37,1.0,81.0
26,557,26.64,69.68,36.51,0.88,81.0
26,558,23.92,70.52,39.01,0.89,79.0
26,559,28.42,84.49,42.76,1.09,79.0
26,560,35.71,75.77,48.4,1.07,90.0
26,561,37.09,98.23,49.9,1.09,93.0
26,562,43.67,103.08,49.19,1.02,112.0
26,563,44.76,111.15,47.01,1.1,104.0
26,564,41.11,94.44,48.83,1.1,102.0
26,565,46.5,96.07,49.36,1.09,95.0
26,566,33.54,80.51,65.03,1.9,127.0
26,567,11.98,103.34,37.86,0.95,135.0
26,568,2.0,57.56,13.46,0.7,
26,569,21.8,85.88,56.24,1.19,
26,570,27.32,83.02,37.5,0.78,105.0
26,571,,103.9,60.35,1.2,
26,572,22.75,58.38,37.72,0.79,84.0
26,573,23.34,80.58,58.13,1.34,155.0
26,574,24.49,66.8,43.69,0.94,138.0
26,575,21.85,68.36,31.72,0.98,78.0
26,576,23.4,81.96,29.87,1.11,79.0
26,577,29.12,77.05,30.77,0.89,95.0
26,578,22.44,68.42,37.52,1.15,90.0
26,579,23.82,62.12,34.3,1.05,105.0
26,580,16.53,44.53,29.24,0.94,67.0
26,581,18.76,43.55,29.85,1.04,73.0
26,582,23.64,52.09,31.32,1.1,79.0
26,583,27.8,82.45,34.95,1.25,89.0
26,584,24.73,89.99,33.23,1.17,95.0
26,585,25.74,86.21,31.69,0.96,89.0
26,586,30.37,92.09,34.63,1.07,94.0
26,587,36.85,103.97,43.12,1.25,103.0
26,588,23.77,96.36,33.73,1.09,101.0
26,589,23.39,85.46,29.54,0.64,93.0
26,590,39.42,107.82,53.0,0.62,85.0
26,591,34.14,106.86,41.82,1.18,106.0
26,592,28.14,93.6,34.82,1.02,101.0
26,593,27.92,78.98,35.64,1.07,89.0
26,594,25.7,80.46,39.56,1.15,83.0
26,595,28.17,101.92,38.75,1.03,90.0
26,596,26.93,102.19,38.95,1.1,102.0
26,597,33.79,101.42,38.88,1.11,102.0
26,598,33.73,102.06,33.98,1.02,102.0
26,599,38.2,107.83,33.87,0.98,111.0
26,600,47.01,111.73,36.96,1.17,108.0
26,601,31.59,97.97,33.61,0.87,102.0
26,602,30.39,89.86,38.65,0.86,93.0
26,603,30.35,77.62,35.76,0.79,87.0
26,604,32.44,72.64,28.77,0.64,87.0
26,605,17.78,63.29,23.5,0.39,66.0
26,606,9.53,32.93,12.87,0.43,63.0
26,607,8.91,34.51,12.77,0.41,53.0
26,608,10.56,35.2,12.97,0.47,60.0
26,609,26.85,54.03,27.72,0.6,77.0
26,610,29.45,66.39,38.84,0.8,77.0
26,611,26.88,74.2,30.88,0.64,71.0
26,612,26.75,57.16,32.96,0.79,68.0
26,613,37.11,57.14,26.57,0.46,67.0
26,614,43.77,101.71,32.96,0.66,
26,615,42.4,91.61,35.13,0.79,102.0
26,616,42.73,94.73,37.04,0.66,101.0
26,617,42.7,101.98,42.25,0.7,98.0
26,618,46.08,91.88,36.83,0.69,96.0
26,619,63.33,98.79,41.67,1.06,98.0
26,620,52.77,88.89,39.21,0.87,160.0
26,621,41.43,79.75,33.77,0.71,188.0
26,622,22.89,54.42,28.03,0.59,73.0
26,623,28.28,55.62,23.62,0.73,64.0
26,624,13.46,27.95,14.2,0.51,71.0
26,625,24.93,47.83,25.39,0.58,65.0
26,626,33.68,71.78,36.89,0.78,65.0
26,627,39.38,79.07,36.34,0.66,86.0
26,628,36.02,92.91,39.78,0.58,151.0
26,629,23.1,46.12,14.08,0.6,
26,630,13.75,29.45,14.05,0.4,49.0
26,631,12.67,27.2,8.62,0.42,55.0
26,632,19.93,33.15,20.31,0.94,90.0
26,633,27.57,55.19,35.71,1.27,78.0
26,634,23.78,51.23,26.18,1.02,85.0
26,635,36.71,64.6,36.36,1.3,89.0
26,636,62.52,103.15,56.17,1.91,108.0
26,637,72.4,118.07,45.89,1.44,130.0
26,638,60.73,92.72,44.06,1.28,113.0
26,639,54.76,96.82,50.32,1.3,104.0
26,640,40.24,72.92,38.29,1.01,94.0
26,641,71.57,99.21,43.55,1.18,132.0
26,642,42.06,113.21,43.26,0.82,133.0
26,643,44.1,93.36,45.35,1.03,104.0
26,644,53.43,101.42,44.43,1.03,100.0
26,645,51.42,94.82,41.1,0.97,105.0
26,646,37.61,79.35,42.34,0.76,85.0
26,647,50.36,102.59,50.06,1.23,95.0
26,648,43.12,87.66,42.1,0.82,97.0
26,649,45.73,92.35,40.62,1.06,90.0
26,650,43.88,83.88,30.35,1.15,108.0
26,651,,,,,
26,652,51.4,107.77,39.39,0.84,
26,653,89.96,94.0,88.72,1.34,110.0
26,654,,,,,
26,655,,,,,
26,656,61.38,115.67,39.92,0.89,
26,657,65.83,112.08,45.39,1.1,123.0
26,658,66.14,105.53,50.18,1.04,121.0
26,659,64.67,112.79,56.35,1.13,116.0
26,660,64.92,101.08,60.75,1.23,118.0
26,661,66.93,100.71,68.56,1.34,122.0
26,662,62.97,103.08,67.64,1.19,109.0
26,663,63.12,103.67,83.01,1.5,126.0
26,664,60.85,108.64,62.1,1.29,142.0
26,665,63.31,96.76,67.62,1.21,110.0
26,666,47.62,101.06,26.48,0.8,104.0
26,667,44.65,76.94,32.65,1.01,147.0
26,668,44.44,81.9,25.0,0.86,91.0
26,669,44.81,74.15,24.3,0.79,76.0
26,670,58.43,96.69,29.01,0.97,89.0
26,671,64.91,93.18,43.66,1.06,117.0
26,672,37.5,65.46,19.09,0.77,82.0
26,673,29.34,53.15,18.55,0.77,67.0
26,674,12.94,30.1,17.48,0.67,55.0
26,675,18.14,36.89,21.59,0.71,56.0
26,676,48.11,92.4,45.09,1.05,83.0
26,677,71.88,112.68,54.12,1.21,113.0
26,678,67.16,105.6,70.94,1.46,133.0
26,679,63.98,104.47,71.81,1.61,114.0
26,680,60.85,101.39,51.12,1.81,112.0
26,681,68.5,94.0,61.14,1.64,114.0
26,682,56.0,94.0,60.94,1.62,132.0
26,683,78.65,120.82,28.57,1.2,129.0
26,684,77.51,115.91,26.66,1.15,163.0
26,685,68.7,106.53,26.07,1.13,150.0
26,686,72.89,108.85,23.94,1.18,127.0
26,687,76.4,120.03,31.02,1.14,151.0
26,688,71.11,122.95,33.96,1.11,148.0
26,689,64.44,113.83,61.25,1.45,120.0
26,690,66.78,107.4,63.11,1.53,119.0
26,691,66.07,110.91,68.27,1.59,125.0
26,692,63.54,100.06,72.33,1.74,116.0
26,693,60.96,109.68,71.71,1.71,112.0
26,694,61.68,102.75,81.21,1.6,108.0
26,695,61.23,102.48,85.44,1.64,109.0
26,696,63.17,96.29,80.13,1.68,110.0
26,697,61.53,102.83,69.96,1.58,116.0
26,698,68.77,105.94,63.18,1.55,125.0
26,699,63.62,103.65,68.05,1.64,121.0
26,700,66.66,99.53,71.79,1.53,126.0
26,701,66.92,108.85,25.19,1.0,144.0
26,702,41.55,80.48,30.56,0.99,93.0
26,703,32.6,67.24,26.56,0.94,82.0
26,704,52.58,93.04,24.96,0.98,106.0
26,705,74.8,113.48,30.06,1.06,131.0
26,706,43.18,77.91,28.66,1.0,113.0
26,707,50.53,64.11,36.44,1.04,91.0
26,708,64.4,80.16,58.46,1.49,105.0
26,709,65.44,102.77,57.17,1.41,123.0
26,710,57.84,116.72,36.03,1.19,120.0
26,711,46.03,95.57,20.92,1.02,113.0
26,712,40.99,71.42,18.21,0.96,105.0
26,713,48.07,84.67,18.08,0.96,117.0
26,714,62.66,102.67,22.56,1.15,107.0
26,715,71.8,117.17,30.64,1.18,139.0
26,716,52.28,113.57,46.05,1.14,119.0
26,717,69.5,104.08,65.42,1.49,119.0
26,718,59.38,107.2,67.64,1.48,120.0
26,719,64.2,104.71,74.72,1.55,119.0
26,720,61.85,100.85,77.27,1.53,122.0
26,721,63.14,99.22,77.15,1.82,133.0
26,722,67.26,102.33,77.47,1.84,120.0
26,723,65.86,96.71,71.11,1.67,124.0
26,724,79.29,123.67,48.03,1.48,122.0
26,725,63.52,101.09,64.9,1.63,126.0
26,726,78.21,127.14,40.06,1.38,
26,727,66.59,108.45,53.96,1.55,133.0
26,728,56.0,94.0,41.25,1.52,127.0
26,729,56.0,94.0,57.45,1.69,116.0
26,730,56.0,94.0,53.1,1.67,116.0
26,731,71.19,112.65,55.17,1.57,107.0
26,732,63.51,97.56,38.43,1.38,147.0
26,733,38.25,77.84,33.05,1.1,102.0
26,734,62.3,101.33,42.11,1.32,98.0
26,735,66.77,100.24,46.67,1.39,117.0
26,736,68.9,105.73,29.76,1.27,121.0
26,737,69.58,123.12,39.5,1.22,146.0
26,738,47.15,88.98,59.46,1.41,110.0
26,739,57.31,92.42,51.83,1.35,108.0
26,740,56.08,95.9,60.14,1.46,103.0
26,741,61.58,96.12,63.83,1.5,108.0
26,742,55.21,97.03,52.63,1.36,102.0
26,743,66.21,107.1,41.29,1.28,107.0
26,744,71.24,111.64,28.97,1.21,121.0
26,745,73.17,113.17,18.95,0.95,144.0
26,746,76.86,123.73,23.54,0.98,148.0
26,747,67.81,108.77,57.83,1.42,136.0
26,748,68.03,111.45,68.69,1.54,137.0
26,749,62.88,102.81,70.47,1.48,124.0
26,750,77.1,107.71,30.17,1.1,139.0
26,751,80.78,122.62,29.97,1.11,166.0
26,752,80.65,120.43,33.64,1.21,236.0
26,753,74.57,122.65,33.51,1.18,156.0
26,754,63.88,114.71,51.04,1.26,126.0
26,755,55.47,103.58,56.26,1.31,108.0
26,756,68.84,118.21,30.0,1.05,101.0
26,757,82.19,127.59,25.96,1.12,173.0
26,758,68.09,106.33,36.01,1.26,190.0
26,759,90.15,165.54,46.57,1.57,178.0
26,760,68.13,109.16,23.93,0.84,183.0
26,761,84.78,144.43,26.01,1.3,177.0
26,762,95.17,154.56,40.05,1.26,214.0
26,763,93.11,149.8,41.89,1.36,221.0
26,764,64.85,125.5,30.29,0.77,158.0
26,765,95.92,172.76,45.33,1.42,177.0
26,766,96.96,170.32,44.16,1.87,255.0
26,767,98.42,191.04,53.95,1.09,227.0
26,768,90.31,159.65,50.7,1.31,214.0
26,769,86.33,161.9,41.98,0.95,137.0
26,770,97.24,177.05,54.72,1.07,198.0
26,771,108.49,191.72,51.15,1.1,265.0
26,772,90.15,158.52,50.13,0.95,228.0
26,773,72.66,134.1,38.14,0.81,168.0
26,774,50.1,92.38,24.89,0.68,107.0
26,775,47.32,108.45,29.69,0.74,118.0
26,776,54.3,122.19,31.76,1.3,146.0
26,777,74.8,181.65,51.11,1.57,158.0
26,778,103.57,205.91,67.56,1.74,219.0
26,779,69.93,177.61,51.53,1.5,196.0
26,780,90.56,171.09,50.92,1.48,191.0
26,781,78.47,143.79,41.19,0.86,166.0
26,782,78.02,138.38,39.22,1.27,184.0
26,783,61.52,116.64,34.28,1.24,158.0
26,784,48.68,110.73,32.48,1.22,144.0
26,785,50.3,116.4,36.34,1.28,141.0
26,786,51.17,93.34,25.74,1.01,138.0
26,787,54.92,100.52,26.63,1.18,129.0
26,788,72.35,120.28,26.9,0.68,122.0
26,789,68.0,134.8,33.52,1.22,160.0
26,790,67.1,124.23,32.02,1.17,151.0
26,791,84.69,175.98,50.97,1.41,175.0
26,792,72.19,142.93,47.3,0.83,151.0
26,793,76.47,174.14,56.43,1.38,172.0
26,794,52.09,115.14,40.5,1.16,159.0
26,795,29.71,62.1,26.24,0.62,86.0
26,796,22.3,53.71,22.88,1.01,117.0
26,797,24.57,58.88,18.35,1.08,118.0
26,798,19.72,42.65,13.58,0.96,108.0
26,799,22.26,51.86,21.42,1.05,106.0
26,800,26.23,61.07,20.68,0.7,62.0
26,801,28.4,45.37,13.13,0.72,122.0
26,802,45.77,82.12,15.24,0.45,67.0
26,803,50.47,94.74,14.84,0.92,90.0
26,804,42.41,78.96,18.12,1.19,169.0
26,805,36.17,62.62,23.85,0.83,112.0
26,806,36.92,78.56,23.69,0.94,114.0
26,807,40.35,85.47,23.26,0.98,126.0
26,808,47.45,99.17,23.88,1.02,129.0
26,809,51.6,107.27,23.09,0.56,106.0
26,810,56.22,109.69,24.25,1.17,147.0
26,811,48.4,84.08,22.58,1.0,136.0
26,812,47.43,92.46,23.01,1.07,127.0
26,813,48.72,108.98,24.53,0.72,97.0
26,814,52.68,123.59,28.39,1.14,144.0
26,815,33.5,96.75,21.75,0.56,115.0
26,816,,,,,
26,817,41.75,105.5,21.47,0.34,
26,818,33.09,116.29,17.8,1.94,
26,819,30.71,82.42,15.91,1.11,94.0
26,820,30.48,92.82,12.79,1.68,134.0
26,821,30.66,110.0,13.76,1.71,140.0
26,822,33.98,96.5,15.38,1.55,140.0
26,823,32.45,103.49,16.13,1.12,106.0
26,824,28.03,75.36,16.11,1.65,98.0
26,825,30.18,86.28,15.4,1.58,128.0
26,826,39.15,96.82,17.95,1.6,136.0
26,827,46.38,104.17,20.15,1.74,142.0
26,828,45.34,99.45,18.06,1.7,152.0
26,829,45.08,98.0,18.38,1.71,149.0
26,830,30.88,66.79,17.28,0.98,94.0
26,831,43.29,90.62,12.27,2.62,
26,832,28.6,81.5,17.27,0.9,131.0
26,833,,,,0.0,
26,834,,,,0.0,
26,835,,,,0.0,
26,836,,,,0.0,
26,837,,,,0.0,
26,838,,,,0.0,
26,839,,,,0.0,
26,840,,,,0.0,
26,841,,,,0.0,
26,842,,,,0.0,
26,843,,,,0.0,
26,844,,,,0.0,
26,845,,,,0.0,
26,846,,,,0.0,
26,847,,,,0.0,
26,848,,,,0.0,
26,849,,,,0.0,
26,850,,,,0.0,
26,851,,,,0.0,
26,852,,,,0.0,
26,853,,,,0.0,
26,854,,,,0.0,
26,855,,,,0.0,
26,856,,,,0.0,
26,857,,,,0.0,
26,858,,,,0.0,
26,859,,,,0.0,
26,860,,,,0.0,
26,861,,,,0.0,
26,862,,,,0.0,
26,863,,,,0.0,
26,864,,,,0.0,
26,865,,,,0.0,
26,866,,,,0.0,
26,867,,,,0.0,
26,868,,,,0.0,
26,869,,,,0.0,
26,870,,,,0.0,
26,871,,,,0.0,
26,872,,,,0.0,
26,873,,,,0.0,
26,874,,,,0.0,
26,875,,,,0.0,
26,876,,,,0.0,
26,877,,,,0.0,
26,878,,,,0.0,
26,879,,,,0.0,
26,880,,,,0.0,
26,881,,,,0.0,
26,882,,,,0.0,
26,883,,,,0.0,
26,884,,,,0.0,
26,885,,,,0.0,
26,886,,,,0.0,
26,887,,,,0.0,
26,888,,,,0.0,
26,889,,,,0.0,
26,890,,,,0.0,
26,891,,,,0.0,
26,892,,,,0.0,
26,893,,,,0.0,
26,894,,,,0.0,
26,895,,,,0.0,
26,896,,,,0.0,
26,897,,,,0.0,
26,898,,,,0.0,
26,899,,,,0.0,
26,900,,,,0.0,
26,901,,,,0.0,
26,902,,,,0.0,
26,903,,,,0.0,
26,904,,,,0.0,
26,905,,,,0.0,
26,906,,,,0.0,
26,907,,,,0.0,
26,908,,,,0.0,
26,909,,,,0.0,
26,910,,,,0.0,
26,911,,,,0.0,
26,912,,,,0.0,
26,913,,,,0.0,
26,914,,,,0.0,
26,915,,,,0.0,
26,916,,,,0.0,
26,917,,,,0.0,
26,918,,,,0.0,
26,919,,,,0.0,
26,920,,,,0.0,
26,921,,,,0.0,
26,922,,,,0.0,
26,923,,,,0.0,
26,924,,,,0.0,
26,925,,,,0.0,
26,926,,,,0.0,
26,927,,,,0.0,
26,928,,,,0.0,
26,929,,,,0.0,
26,930,,,,0.0,
26,931,,,,0.0,
26,932,,,,0.0,
26,933,,,,0.0,
26,934,,,,0.0,
26,935,,,,0.0,
26,936,,,,0.0,
26,937,,,,0.0,
26,938,,,,0.0,
26,939,,,,0.0,
26,940,,,,0.0,
26,941,,,,0.0,
26,942,,,,0.0,
26,943,,,,0.0,
26,944,,,,0.0,
26,945,,,,0.0,
26,946,,,,0.0,
26,947,,,,0.0,
26,948,,,,0.0,
26,949,,,,0.0,
26,950,,,,0.0,
26,951,,,,0.0,
26,952,,,,0.0,
26,953,,,,0.0,
26,954,,,,0.0,
26,955,,,,0.0,
26,956,,,,0.0,
26,957,,,,0.0,
26,958,,,,0.0,
26,959,,,,0.0,
26,960,,,,0.0,
26,961,,,,0.0,
26,962,,,,0.0,
26,963,,,,0.0,
26,964,,,,0.0,
26,965,,,,0.0,
26,966,,,,0.0,
26,967,,,,0.0,
26,968,,,,0.0,
26,969,,,,0.0,
26,970,,,,0.0,
26,971,,,,0.0,
26,972,,,,0.0,
26,973,,,,0.0,
26,974,,,,0.0,
26,975,,,,0.0,
26,976,,,,0.0,
26,977,,,,0.0,
26,978,,,,0.0,
26,979,,,,0.0,
26,980,,,,0.0,
26,981,,,,0.0,
26,982,,,,0.0,
26,983,,,,0.0,
26,984,,,,0.0,
26,985,,,,0.0,
26,986,,,,0.0,
26,987,,,,0.0,
26,988,,,,0.0,
26,989,,,,0.0,
26,990,,,,0.0,
26,991,,,,0.0,
26,992,,,,0.0,
26,993,,,,0.0,
26,994,,,,0.0,
26,995,,,,0.0,
26,996,,,,0.0,
26,997,,,,0.0,
26,998,,,,0.0,
26,999,,,,0.0,
26,1000,,,,0.0,
26,1001,,,,0.0,
26,1002,,,,0.0,
26,1003,,,,0.0,
26,1004,,,,0.0,
26,1005,17.67,44.56,,0.18,
26,1006,23.36,52.29,,0.13,
26,1007,8.06,41.55,,0.19,
26,1008,18.44,56.15,,0.27,
26,1009,7.0,26.0,,0.04,
26,1010,8.88,21.41,,0.22,
26,1011,9.66,35.62,,1.04,
26,1012,7.79,30.0,,0.11,
26,1013,8.6,30.57,,0.1,
26,1014,,,,0.0,
26,1015,,,,0.0,
26,1016,,,,0.0,
26,1017,,,,0.0,
26,1018,,,,0.0,
26,1019,,,,0.0,
26,1020,,,,0.0,
26,1021,,,,0.0,
26,1022,,,,0.0,
26,1023,60.42,102.42,,0.73,
26,1024,,,,0.03,
26,1025,52.33,138.58,,0.12,
26,1026,,,,0.0,
26,1027,48.95,95.65,,0.15,
26,1028,20.0,36.0,,0.02,
26,1029,,,,0.0,
26,1030,,,,0.0,
26,1031,18.0,46.0,,0.01,
26,1032,,,,0.0,
26,1033,,,,0.0,
26,1034,,,,0.0,
26,1035,55.84,119.76,,0.79,116.0
26,1036,47.12,96.39,0.17,1.25,149.0
26,1037,54.15,100.96,,1.26,144.0
26,1038,39.54,83.03,,1.14,141.0
26,1039,27.6,67.98,,0.73,86.0
26,1040,23.59,57.01,,0.72,82.0
26,1041,22.41,48.12,5.76,0.71,70.0
26,1042,28.03,55.26,4.43,0.79,94.0
26,1043,29.4,61.49,13.63,0.75,85.0
26,1044,42.25,81.14,13.34,0.83,90.0
26,1045,54.75,97.61,2.68,0.8,99.0
26,1046,60.62,109.46,0.38,0.85,148.0
26,1047,56.4,98.27,,0.84,150.0
26,1048,33.02,72.5,19.44,0.75,130.0
26,1049,30.55,54.72,16.56,0.76,93.0
26,1050,13.1,27.08,14.82,0.74,85.0
26,1051,6.48,22.89,11.61,0.74,64.0
26,1052,7.8,18.72,14.27,0.76,63.0
26,1053,10.89,28.9,10.62,0.71,58.0
26,1054,15.12,28.67,8.23,0.63,52.0
26,1055,13.71,28.68,10.58,0.82,74.0
26,1056,38.17,61.47,8.68,0.79,62.0
26,1057,61.5,106.56,11.39,0.91,95.0
26,1058,67.51,130.08,25.32,1.02,120.0
26,1059,72.41,138.21,28.02,0.93,161.0
26,1060,69.52,119.5,30.52,0.94,174.0
26,1061,70.0,124.86,31.12,0.98,175.0
26,1062,62.29,125.91,41.42,1.07,153.0
26,1063,82.35,172.13,54.91,1.05,158.0
26,1064,51.25,133.9,44.58,0.81,138.0
26,1065,56.05,92.98,39.66,0.89,116.0
26,1066,61.99,126.25,40.34,0.91,122.0
26,1067,71.27,124.88,27.71,0.94,165.0
26,1068,69.02,114.81,29.42,0.93,157.0
26,1069,75.65,123.44,34.31,1.1,162.0
26,1070,98.32,184.65,55.94,1.23,207.0
26,1071,101.28,178.5,55.34,1.3,230.0
26,1072,83.65,141.02,36.78,1.09,195.0
26,1073,60.98,112.99,44.64,1.04,155.0
26,1074,55.61,111.86,44.59,1.06,104.0
26,1075,77.81,160.8,54.45,1.14,148.0
26,1076,72.49,126.78,47.58,1.11,132.0
26,1077,76.95,128.31,43.73,1.16,159.0
26,1078,80.72,149.08,41.51,1.26,169.0
26,1079,66.31,97.69,24.11,0.93,128.0
26,1080,66.12,97.87,36.82,1.04,125.0
26,1081,83.31,163.67,67.69,1.47,155.0
26,1082,92.11,181.98,56.71,1.26,206.0
26,1083,72.64,139.11,46.04,1.09,158.0
26,1084,55.81,121.39,43.94,0.91,131.0
26,1085,72.83,137.31,54.01,1.12,124.0
26,1086,67.7,110.88,41.12,1.1,142.0
26,1087,89.92,178.94,52.59,1.39,164.0
26,1088,113.04,195.51,61.96,1.47,251.0
26,1089,117.2,183.31,45.4,1.32,268.0
26,1090,115.56,168.7,39.23,1.21,292.0
26,1091,123.9,202.38,60.49,1.45,296.0
26,1092,101.93,176.88,55.93,1.2,290.0
26,1093,88.29,195.79,60.83,1.28,203.0
26,1094,52.25,103.4,52.56,1.08,160.0
26,1095,58.56,100.61,32.45,0.93,99.0
26,1096,67.75,113.01,23.54,0.93,129.0
26,1097,59.73,99.04,23.69,0.95,131.0
26,1098,64.22,106.57,28.36,1.02,125.0
26,1099,72.28,132.6,52.03,1.33,132.0
26,1100,112.67,234.51,83.29,1.95,231.0
26,1101,89.89,183.69,59.18,1.5,233.0
26,1102,106.06,218.15,75.76,1.78,231.0
26,1103,92.74,200.4,70.87,1.6,230.0
26,1104,100.71,196.05,60.68,1.19,229.0
26,1105,63.83,116.56,33.16,0.88,150.0
26,1106,98.05,191.53,62.83,1.28,192.0
26,1107,123.81,289.19,70.69,1.52,279.0
26,1108,128.34,254.08,69.88,1.64,305.0
26,1109,117.2,210.61,52.2,1.19,293.0
26,1110,199.94,283.0,62.91,2.11,334.0
26,1111,113.89,203.02,47.37,1.37,320.0
26,1112,123.38,233.26,53.99,1.48,284.0
26,1113,104.12,200.75,50.03,1.39,297.0
26,1114,83.42,168.22,56.14,1.33,189.0
26,1115,85.14,187.51,57.47,1.41,180.0
26,1116,103.95,249.97,60.86,1.52,229.0
26,1117,90.25,199.35,58.21,1.48,224.0
26,1118,93.18,213.01,63.07,1.52,200.0
26,1119,108.47,262.9,87.42,1.7,226.0
26,1120,,,,,
26,1121,,,,,
26,1122,,,,,
26,1123,71.62,124.52,24.76,0.92,
26,1124,83.94,152.19,38.1,0.99,182.0
26,1125,87.12,156.83,44.15,1.04,176.0
26,1126,95.29,202.2,68.01,1.24,219.0
26,1127,92.94,187.71,65.32,1.15,215.0
26,1128,73.77,168.36,61.11,1.15,179.0
26,1129,81.05,210.94,69.86,1.19,172.0
26,1130,78.53,205.06,65.58,1.25,164.0
26,1131,63.4,191.95,62.86,1.06,169.0
26,1132,65.06,179.27,58.17,1.16,162.0
26,1133,69.68,183.64,57.75,1.02,150.0
26,1134,62.76,139.55,49.41,0.66,136.0
26,1135,51.09,114.01,47.2,0.59,116.0
26,1136,49.31,125.65,41.02,0.61,112.0
26,1137,52.48,119.12,38.01,0.59,99.0
26,1138,72.97,129.71,29.17,0.44,140.0
26,1139,72.05,116.58,,0.48,136.0
26,1140,65.12,122.26,,0.49,144.0
26,1141,52.38,113.91,6.49,0.51,121.0
26,1142,67.26,169.98,11.17,0.71,134.0
26,1143,72.41,150.5,8.09,0.65,137.0
26,1144,82.74,155.27,0.51,0.73,169.0
26,1145,66.72,112.92,0.64,0.49,136.0
26,1146,78.83,143.59,0.81,0.54,148.0
26,1147,81.56,161.53,18.27,0.72,174.0
26,1148,72.27,183.23,49.32,0.81,156.0
26,1149,71.19,194.15,65.2,0.74,160.0
26,1150,76.45,188.84,58.72,0.77,157.0
26,1151,86.82,256.85,90.43,1.71,195.0
26,1152,61.99,250.5,66.23,1.11,232.0
26,1153,58.94,171.6,80.37,0.94,182.0
26,1154,48.33,136.39,59.48,0.77,131.0
26,1155,50.69,151.74,67.88,0.76,128.0
26,1156,56.85,149.89,58.84,0.82,142.0
26,1157,54.86,138.5,49.57,0.77,124.0
26,1158,37.05,124.78,56.87,0.71,118.0
26,1159,31.85,118.47,57.8,0.71,115.0
26,1160,47.48,133.72,51.33,0.83,121.0
26,1161,48.65,123.68,43.91,0.77,124.0
26,1162,64.04,147.36,48.57,0.88,115.0
26,1163,50.73,96.61,20.95,0.54,124.0
26,1164,45.48,84.41,23.2,0.56,85.0
26,1165,60.64,143.53,44.34,0.75,114.0
26,1166,63.92,142.07,52.48,0.82,126.0
26,1167,57.28,125.83,48.37,0.73,120.0
26,1168,48.89,122.96,55.29,0.78,112.0
26,1169,39.85,123.78,56.73,0.78,117.0
26,1170,42.34,107.78,39.02,0.83,109.0
26,1171,42.47,83.23,34.41,0.62,99.0
26,1172,96.1,175.91,66.65,1.1,148.0
26,1173,93.98,157.14,52.36,0.91,224.0
26,1174,67.56,108.03,39.88,0.66,168.0
26,1175,55.97,106.51,40.7,0.64,105.0
26,1176,60.63,120.63,46.99,0.76,107.0
26,1177,51.64,108.06,41.97,0.68,110.0
26,1178,55.66,139.74,41.72,0.93,121.0
26,1179,54.05,115.06,31.7,0.65,116.0
26,1180,45.64,97.95,27.43,0.54,106.0
26,1181,51.89,114.38,37.22,0.72,99.0
26,1182,48.2,107.48,40.51,0.67,110.0
26,1183,30.53,74.44,29.04,0.56,88.0
26,1184,27.49,67.21,29.4,0.57,71.0
26,1185,29.82,75.32,27.29,0.52,73.0
26,1186,38.7,94.22,39.01,0.6,82.0
26,1187,36.96,88.07,34.75,0.62,101.0
26,1188,29.16,87.32,30.39,0.44,95.0
26,1189,22.21,55.07,21.58,0.5,62.0
26,1190,23.84,69.72,30.58,0.43,70.0
26,1191,27.42,71.41,35.01,0.49,72.0
26,1192,38.43,102.08,35.61,0.56,89.0
26,1193,36.88,82.95,33.99,0.53,95.0
26,1194,23.42,42.92,21.57,0.31,84.0
26,1195,39.79,89.78,40.3,0.58,75.0
26,1196,47.17,97.93,37.12,0.63,90.0
26,1197,29.43,69.38,30.01,0.52,85.0
26,1198,22.09,54.98,28.51,0.5,59.0
26,1199,28.25,83.68,35.98,0.51,81.0
26,1200,18.89,55.15,23.41,0.56,54.0
26,1201,15.53,54.14,27.48,0.48,66.0
26,1202,17.15,57.66,28.43,0.48,55.0
26,1203,27.23,85.09,33.99,0.64,78.0
26,1204,19.46,66.45,31.74,0.51,71.0
26,1205,17.86,65.64,28.5,0.48,66.0
26,1206,16.36,69.43,24.01,0.57,65.0
26,1207,21.74,83.35,23.61,0.59,80.0
26,1208,15.93,66.29,23.5,0.34,76.0
26,1209,26.78,107.32,30.62,0.71,
26,1210,29.64,86.19,35.29,0.59,98.0
26,1211,25.81,87.92,27.12,1.77,86.0
26,1212,21.97,81.58,26.51,0.52,76.0
26,1213,16.34,52.24,18.01,0.38,77.0
26,1214,13.9,54.07,19.48,0.44,49.0
26,1215,17.59,69.48,22.83,0.44,60.0
26,1216,14.44,60.54,21.94,0.4,67.0
26,1217,14.65,58.94,29.04,0.43,65.0
26,1218,31.6,127.69,51.33,0.61,91.0
26,1219,23.95,75.02,64.59,0.69,
26,1220,22.42,81.52,40.78,0.46,84.0
26,1221,18.79,72.55,25.71,0.42,77.0
26,1222,14.83,77.05,23.09,0.53,70.0
26,1223,16.6,72.27,27.91,0.52,81.0
26,1224,19.95,87.8,27.69,0.61,84.0
26,1225,19.27,81.33,27.8,0.62,102.0
26,1226,20.57,94.77,35.37,0.53,90.0
26,1227,9.35,58.97,23.46,0.41,77.0
26,1228,81.14,64.46,34.7,0.46,119.0
26,1229,16.11,71.82,25.8,0.48,130.0
26,1230,15.15,56.46,30.57,0.46,
26,1231,25.41,87.91,46.17,0.42,81.0
26,1232,17.96,78.44,30.47,0.5,76.0
26,1233,12.0,71.64,20.48,0.55,79.0
26,1234,20.89,89.72,38.54,0.61,69.0
26,1235,20.64,84.06,29.74,0.44,101.0
26,1236,16.73,76.61,25.98,0.32,76.0
26,1237,19.4,73.38,28.18,0.41,
26,1238,14.85,66.39,25.75,0.37,75.0
26,1239,11.81,53.12,20.44,0.37,60.0
26,1240,13.64,50.59,22.38,0.35,47.0
26,1241,11.32,39.54,20.52,0.27,44.0
26,1242,13.25,31.62,13.2,0.3,40.0
26,1243,14.42,43.25,20.85,0.35,38.0
26,1244,25.1,76.72,30.18,0.48,56.0
26,1245,27.11,80.88,28.35,0.39,87.0
26,1246,37.85,106.22,27.18,0.41,98.0
26,1247,34.18,107.24,20.48,0.43,103.0
26,1248,39.17,102.24,33.55,0.43,107.0
26,1249,30.78,86.36,35.75,0.54,89.0
26,1250,38.25,121.95,69.53,0.55,90.0
26,1251,45.63,89.52,24.49,1.04,
26,1252,57.79,144.62,51.13,0.51,124.0
26,1253,35.24,84.35,46.12,0.5,101.0
26,1254,28.43,68.43,27.3,0.4,82.0
26,1255,51.33,124.02,45.18,0.73,
26,1256,36.75,83.33,43.22,0.45,95.0
26,1257,28.69,66.84,46.76,0.41,81.0
26,1258,30.94,87.54,44.8,0.41,82.0
26,1259,35.48,100.2,52.86,0.93,83.0
26,1260,35.64,136.51,46.06,0.63,105.0
26,1261,38.98,148.5,46.8,0.53,126.0
26,1262,53.56,188.11,52.52,0.55,151.0
26,1263,50.78,173.25,41.44,0.39,158.0
26,1264,,,,,147.0
26,1265,,,,,
26,1266,18.21,78.35,31.0,0.36,
26,1267,33.71,129.48,46.23,0.46,
26,1268,27.7,106.31,38.37,0.35,112.0
26,1269,27.05,74.19,38.98,0.46,92.0
26,1270,26.17,97.3,36.83,0.54,79.0
26,1271,30.25,95.68,35.29,0.46,101.0
26,1272,30.0,113.06,35.52,0.43,97.0
26,1273,27.27,101.23,45.97,0.57,
26,1274,33.04,113.38,41.73,0.56,111.0
26,1275,27.29,70.27,38.39,0.45,84.0
26,1276,32.92,84.65,44.95,0.7,76.0
26,1277,33.78,79.51,36.11,0.43,85.0
26,1278,32.22,91.28,37.53,0.56,79.0
26,1279,31.92,79.9,34.59,0.48,95.0
26,1280,38.8,86.26,44.72,0.5,80.0
26,1281,33.39,102.52,45.59,0.45,90.0
26,1282,24.36,91.04,41.02,0.43,100.0
26,1283,27.25,71.62,41.73,0.54,85.0
26,1284,35.14,101.2,42.5,0.58,87.0
26,1285,33.26,80.16,37.76,0.5,88.0
26,1286,34.32,88.43,41.61,0.49,81.0
26,1287,30.08,82.39,38.24,0.47,91.0
26,1288,31.55,84.57,43.01,0.4,83.0
26,1289,25.83,70.56,43.68,0.85,84.0
26,1290,28.16,82.2,36.77,0.45,68.0
26,1291,36.57,84.99,37.66,0.54,91.0
26,1292,21.84,49.03,35.28,0.42,68.0
26,1293,28.49,99.19,33.71,0.52,70.0
26,1294,22.82,74.76,33.08,0.37,89.0
26,1295,29.86,82.04,32.84,0.49,82.0
26,1296,22.54,58.77,34.15,0.39,69.0
26,1297,27.9,67.82,39.37,0.55,63.0
26,1298,27.85,59.59,39.62,0.58,67.0
26,1299,32.61,91.42,36.09,0.51,81.0
26,1300,36.78,138.91,37.23,0.72,104.0
26,1301,41.99,137.9,38.59,0.58,127.0
26,1302,43.56,128.51,38.15,0.66,123.0
26,1303,44.48,150.92,43.93,0.59,130.0
26,1304,35.02,127.79,38.7,0.55,125.0
26,1305,35.58,108.84,35.59,0.53,113.0
26,1306,40.33,127.5,34.26,0.45,114.0
26,1307,43.0,157.0,52.68,0.99,118.0
26,1308,60.0,163.0,41.18,0.45,
26,1309,74.62,239.38,44.96,0.54,
26,1310,40.26,109.01,34.1,0.33,117.0
26,1311,52.43,165.01,40.08,0.51,130.0
26,1312,53.49,166.88,46.16,0.67,142.0
26,1313,,115.41,29.97,0.37,128.0
26,1314,48.5,140.55,45.67,0.59,109.0
26,1315,45.4,83.09,34.88,0.52,106.0
26,1316,39.1,82.99,41.31,0.6,73.0
26,1317,44.7,109.74,37.98,0.61,100.0
26,1318,53.32,107.32,45.44,0.64,107.0
26,1319,34.35,71.82,42.32,0.6,93.0
26,1320,21.86,49.71,42.23,0.48,76.0
26,1321,35.57,49.8,46.46,0.69,
26,1322,47.85,82.02,56.07,1.01,
26,1323,,,,,
26,1324,43.39,111.67,34.25,0.86,
26,1325,25.69,69.31,42.03,0.53,87.0
26,1326,32.84,68.96,43.43,0.56,72.0
26,1327,17.9,52.3,40.17,0.51,63.0
26,1328,21.84,53.92,37.9,1.05,
26,1329,20.96,48.4,32.21,0.85,54.0
26,1330,30.03,67.02,32.93,0.88,61.0
26,1331,31.38,71.25,31.63,0.91,74.0
26,1332,,39.0,,0.9,72.0
26,1333,37.25,93.42,42.53,1.37,
26,1334,,,,,
26,1335,34.29,96.32,53.99,0.79,
26,1336,41.97,108.88,48.76,0.9,122.0
26,1337,48.18,133.73,38.12,1.11,118.0
26,1338,43.89,110.32,28.8,0.84,114.0
26,1339,51.3,125.77,47.77,1.36,116.0
26,1340,35.33,84.6,43.2,1.13,108.0
26,1341,39.86,99.71,37.89,1.0,87.0
26,1342,45.16,104.47,41.65,0.95,97.0
26,1343,41.12,101.34,41.07,0.97,107.0
26,1344,39.34,91.6,39.76,0.89,96.0
26,1345,48.18,133.49,45.56,0.93,106.0
26,1346,41.28,105.99,42.57,0.96,118.0
26,1347,47.03,134.82,37.44,0.88,110.0
26,1348,65.02,165.7,32.44,1.03,141.0
26,1349,48.09,123.99,37.19,0.95,129.0
26,1350,47.34,100.31,41.09,0.98,105.0
26,1351,56.6,114.28,38.93,1.01,106.0
26,1352,64.77,109.78,26.21,0.86,121.0
26,1353,62.18,117.69,42.52,1.13,100.0
26,1354,62.22,147.66,44.38,1.03,138.0
26,1355,67.61,192.29,51.88,0.95,154.0
26,1356,33.98,79.99,32.51,0.91,96.0
26,1357,41.23,104.04,40.65,1.01,100.0
26,1358,47.77,129.97,43.66,0.97,119.0
26,1359,71.26,105.67,51.8,1.05,110.0
26,1360,37.58,74.29,35.07,0.81,102.0
26,1361,38.53,71.96,31.62,0.7,77.0
26,1362,38.46,101.61,28.05,0.45,114.0
26,1363,29.18,77.84,28.82,0.51,78.0
26,1364,28.61,79.11,31.75,0.43,86.0
26,1365,34.19,104.24,38.97,0.65,98.0
26,1366,36.81,92.5,34.54,0.54,99.0
26,1367,18.71,55.55,27.41,0.18,66.0
26,1368,28.19,86.03,26.8,0.56,70.0
26,1369,52.09,119.12,27.89,0.46,104.0
26,1370,73.3,125.23,29.07,0.52,157.0
26,1371,64.0,137.38,32.38,0.49,122.0
26,1372,31.64,104.29,29.95,0.41,107.0
26,1373,62.23,141.49,37.26,0.66,117.0
26,1374,57.35,154.36,42.21,0.57,130.0
26,1375,78.54,181.76,46.02,0.68,149.0
26,1376,69.29,155.0,32.8,0.55,153.0
26,1377,54.88,122.81,27.32,0.57,107.0
26,1378,42.4,126.5,30.66,0.54,112.0
26,1379,31.74,93.9,39.07,0.64,112.0
26,1380,49.33,137.83,63.88,0.96,106.0
26,1381,43.88,110.35,49.84,0.69,115.0
26,1382,69.73,118.55,36.05,0.53,122.0
26,1383,58.04,99.35,49.77,0.61,114.0
26,1384,49.55,100.07,51.42,0.71,98.0
26,1385,40.69,83.99,29.18,0.51,98.0
26,1386,53.01,89.9,33.06,0.54,80.0
26,1387,86.27,164.46,62.09,0.8,144.0
26,1388,145.0,209.56,50.73,0.78,181.0
26,1389,69.05,187.53,45.83,0.67,168.0
26,1390,99.12,213.95,56.25,0.75,199.0
26,1391,107.88,250.11,57.23,0.79,236.0
26,1392,111.32,249.15,78.4,0.97,288.0
26,1393,90.26,226.33,63.2,1.04,228.0
26,1394,78.89,198.9,62.3,0.9,177.0
26,1395,52.93,123.25,42.35,0.77,152.0
26,1396,63.16,208.22,57.54,0.76,160.0
26,1397,44.31,107.47,22.51,0.61,182.0
26,1398,34.42,70.48,19.74,0.63,118.0
26,1399,37.5,72.83,19.84,0.61,95.0
26,1400,22.75,49.88,16.98,0.57,63.0
26,1401,11.04,32.91,14.93,0.54,47.0
26,1402,11.34,36.49,14.72,0.56,44.0
26,1403,7.47,29.02,12.91,0.54,38.0
26,1404,8.24,28.92,10.16,0.54,40.0
26,1405,11.35,38.83,17.47,0.6,44.0
26,1406,30.77,89.68,42.96,0.75,74.0
26,1407,101.79,160.09,44.43,0.74,112.0
26,1408,198.38,196.15,41.63,0.73,387.0
26,1409,48.16,108.47,29.96,0.66,142.0
26,1410,66.51,160.33,33.99,0.74,127.0
26,1411,87.49,141.5,18.34,0.69,147.0
26,1412,90.03,157.27,32.85,0.92,214.0
26,1413,56.29,120.8,24.96,0.75,170.0
26,1414,72.47,131.34,21.2,0.75,170.0
26,1415,57.22,108.41,18.49,0.73,139.0
26,1416,54.95,111.88,17.67,0.81,103.0
26,1417,57.21,138.21,20.42,0.7,131.0
26,1418,40.27,97.11,27.34,0.64,107.0
26,1419,42.25,88.83,15.38,0.63,86.0
26,1420,47.82,94.72,16.99,0.66,96.0
26,1421,,,,,
26,1422,,,,,
26,1423,,,,,
26,1424,,,,,
26,1425,,,,,
26,1426,,,,,
26,1427,,,,,
26,1428,,,,,
26,1429,,,,,
26,1430,55.43,101.29,35.49,0.78,
26,1431,61.71,120.39,37.42,0.68,112.0
26,1432,,,,,
26,1433,,,,,
26,1434,82.23,143.07,30.5,0.92,
26,1435,89.61,148.52,29.08,0.85,187.0
26,1436,96.08,154.93,21.61,0.89,213.0
26,1437,105.85,,20.12,0.85,231.0
26,1438,104.42,166.15,26.01,0.91,
26,1439,114.86,180.89,24.2,0.84,274.0
26,1440,86.25,155.66,32.87,0.65,282.0
26,1441,74.06,141.28,35.65,0.83,233.0
26,1442,69.72,122.47,28.88,0.84,176.0
26,1443,82.35,135.92,27.44,0.84,160.0
26,1444,80.16,144.93,20.91,0.79,145.0
26,1445,78.08,168.15,19.55,0.72,171.0
26,1446,53.03,107.74,22.34,0.61,130.0
26,1447,24.85,42.28,15.9,0.58,79.0
26,1448,5.89,24.42,36.94,0.54,61.0
26,1449,8.6,26.8,20.6,0.46,49.0
26,1450,23.79,46.15,26.7,,53.0
26,1451,43.75,76.9,26.77,,75.0
26,1452,63.48,97.28,29.34,0.62,91.0
26,1453,86.99,132.35,32.17,0.68,158.0
26,1454,87.29,141.81,47.11,0.63,198.0
26,1455,104.71,197.54,78.37,0.91,230.0
26,1456,118.3,193.27,93.1,1.08,291.0
26,1457,111.24,195.18,79.61,0.92,276.0
26,1458,100.63,179.35,58.23,0.73,255.0
26,1459,77.43,137.85,40.68,0.65,220.0
26,1460,70.2,116.5,21.96,0.47,152.0
26,1461,67.62,147.92,82.71,1.09,
26,1462,131.6,278.71,103.42,1.26,278.0
26,1463,132.69,265.78,92.32,1.28,298.0
26,1464,148.04,285.83,103.9,1.38,319.0
26,1465,139.55,244.16,92.53,1.25,315.0
26,1466,116.68,170.85,40.15,0.95,299.0
26,1467,132.1,199.8,73.49,1.12,304.0
26,1468,119.16,250.09,87.59,1.2,307.0
26,1469,136.86,297.86,130.26,1.51,296.0
26,1470,137.45,285.72,87.03,1.4,320.0
26,1471,135.46,227.11,67.15,1.08,309.0
26,1472,106.66,161.56,33.85,0.86,279.0
26,1473,115.8,203.73,56.99,1.0,291.0
26,1474,120.2,206.55,57.3,1.02,280.0
26,1475,203.05,306.16,80.39,1.71,343.0
26,1476,76.5,269.04,63.35,1.24,281.0
26,1477,,185.07,17.39,0.88,226.0
26,1478,102.42,213.54,29.75,0.96,199.0
26,1479,126.4,253.02,58.08,1.12,274.0
26,1480,125.44,228.39,74.49,1.24,305.0
26,1481,125.76,267.76,78.53,1.29,307.0
26,1482,143.69,283.17,62.47,1.3,313.0
26,1483,129.7,254.44,59.43,1.24,315.0
26,1484,118.46,137.7,76.17,1.09,302.0
26,1485,115.56,233.08,47.81,1.16,281.0
26,1486,100.56,198.95,41.78,1.1,257.0
26,1487,45.94,56.4,22.82,0.63,113.0
26,1488,80.45,129.08,17.27,0.78,101.0
26,1489,85.77,138.65,42.57,0.88,196.0
26,1490,79.75,127.43,44.93,0.83,172.0
26,1491,71.88,117.96,33.23,0.71,160.0
26,1492,57.58,106.17,35.5,0.7,117.0
26,1493,53.84,106.93,51.62,0.84,116.0
26,1494,99.81,212.2,71.07,1.19,205.0
26,1495,85.53,245.56,65.16,1.06,205.0
26,1496,71.09,144.15,46.25,0.85,147.0
26,1497,111.01,243.2,74.52,1.32,228.0
26,1498,113.48,275.41,91.99,1.43,272.0
26,1499,118.36,278.92,85.31,1.57,283.0
26,1500,98.9,221.69,63.54,1.15,277.0
26,1501,76.34,140.91,42.83,0.83,165.0
26,1502,76.17,,31.31,0.82,147.0
26,1503,59.05,124.13,28.13,0.68,126.0
26,1504,54.84,126.53,33.09,0.72,114.0
26,1505,59.6,124.4,33.96,0.78,122.0
26,1506,94.42,178.56,60.03,1.06,182.0
26,1507,55.03,94.34,30.02,0.74,144.0
26,1508,67.33,138.24,44.68,0.86,115.0
26,1509,50.92,109.68,34.62,0.81,109.0
26,1510,51.74,100.88,37.14,0.79,109.0
26,1511,33.27,71.67,20.37,0.68,84.0
26,1512,39.61,86.76,24.55,0.72,82.0
26,1513,51.81,115.7,36.12,0.83,98.0
26,1514,52.8,118.58,40.23,0.67,103.0
26,1515,51.41,128.17,47.12,0.84,118.0
26,1516,41.71,144.36,50.67,0.72,124.0
26,1517,48.26,165.39,36.7,1.11,137.0
26,1518,52.58,169.83,28.68,0.89,148.0
26,1519,,,,,
26,1520,,,,,
26,1521,10.68,46.46,17.81,0.49,
26,1522,15.89,52.28,14.77,0.45,48.0
26,1523,26.93,69.05,20.86,0.55,63.0
26,1524,27.8,87.02,24.13,0.73,78.0
26,1525,22.27,91.01,26.61,0.67,92.0
26,1526,42.23,111.52,32.32,0.74,102.0
26,1527,30.85,93.77,23.55,0.67,104.0
26,1528,33.92,81.68,29.37,0.77,81.0
26,1529,27.95,96.17,39.08,0.86,80.0
26,1530,19.08,75.6,36.5,0.61,79.0
26,1531,21.22,93.11,42.49,0.83,74.0
26,1532,30.96,123.07,53.94,0.71,105.0
26,1533,42.54,133.44,51.99,0.71,121.0
26,1534,50.39,159.08,61.21,0.84,131.0
26,1535,43.56,116.19,38.18,0.72,130.0
26,1536,28.18,95.94,25.99,0.59,107.0
26,1537,34.35,105.79,37.82,0.62,98.0
26,1538,30.15,79.98,29.19,0.57,98.0
26,1539,32.39,100.66,43.73,0.68,100.0
26,1540,27.53,72.87,28.71,0.64,78.0
26,1541,23.36,66.43,29.64,0.79,74.0
26,1542,36.33,115.06,42.43,0.96,91.0
26,1543,31.12,105.29,36.11,0.77,114.0
26,1544,31.06,108.14,35.72,0.87,101.0
26,1545,36.77,89.98,35.59,0.83,99.0
26,1546,24.49,64.93,30.89,0.7,81.0
26,1547,24.5,76.36,33.42,0.68,71.0
26,1548,30.49,93.56,33.41,0.77,87.0
26,1549,31.8,102.51,28.23,0.83,91.0
26,1550,37.15,104.69,36.12,0.86,103.0
26,1551,44.75,133.71,45.4,0.88,110.0
26,1552,43.25,133.41,35.51,0.94,126.0
26,1553,28.42,103.06,36.19,0.95,108.0
26,1554,27.5,89.44,35.23,0.88,101.0
26,1555,27.02,103.61,32.42,0.87,91.0
26,1556,23.63,77.64,25.85,0.72,96.0
26,1557,32.96,109.5,43.6,0.63,86.0
26,1558,25.61,85.39,41.37,0.64,105.0
26,1559,22.42,79.8,22.97,0.8,81.0
26,1560,23.73,81.76,23.77,0.85,80.0
26,1561,33.69,99.18,22.46,0.66,100.0
26,1562,,,,,86.0
26,1563,17.95,97.07,31.15,0.96,
26,1564,27.28,106.57,42.29,0.8,96.0
26,1565,20.65,85.16,31.55,0.71,99.0
26,1566,28.84,107.04,36.27,0.84,89.0
26,1567,31.45,120.82,42.89,0.87,110.0
26,1568,35.3,116.16,33.42,0.8,114.0
26,1569,31.25,102.2,24.69,0.75,111.0
26,1570,22.48,68.45,18.99,0.65,88.0
26,1571,21.76,73.93,28.49,0.71,71.0
26,1572,25.62,86.99,44.16,0.79,79.0
26,1573,29.58,78.81,33.58,0.65,85.0
26,1574,26.19,68.03,26.87,0.61,72.0
26,1575,21.88,60.43,22.74,0.6,63.0
26,1576,37.51,114.06,23.73,0.88,83.0
26,1577,38.9,120.33,27.19,0.79,116.0
26,1578,29.45,96.85,23.62,1.01,113.0
26,1579,25.92,104.1,19.16,0.83,102.0
26,1580,18.89,65.88,15.71,0.61,85.0
26,1581,12.9,52.79,15.86,0.61,56.0
26,1582,13.18,50.34,18.79,0.58,46.0
26,1583,15.1,55.1,35.9,0.57,50.0
26,1584,59.67,198.42,49.52,1.16,97.0
26,1585,52.61,180.09,32.12,0.86,175.0
26,1586,65.23,220.1,42.18,0.95,160.0
26,1587,67.2,216.54,31.58,0.9,190.0
26,1588,56.08,194.4,35.5,0.85,163.0
26,1589,54.82,183.91,22.26,0.64,166.0
26,1590,61.23,188.33,26.94,1.16,151.0
26,1591,56.23,171.44,18.5,0.81,163.0
26,1592,49.08,163.64,11.09,0.87,140.0
26,1593,44.74,147.05,10.19,0.71,138.0
26,1594,43.14,168.58,11.43,0.98,135.0
26,1595,37.06,122.82,10.67,0.69,129.0
26,1596,45.0,113.4,4.13,0.9,116.0
26,1597,29.21,130.06,19.75,0.84,111.0
26,1598,35.01,127.26,40.82,0.97,125.0
26,1599,40.21,139.76,42.51,0.96,117.0
26,1600,38.02,124.52,38.62,0.68,127.0
26,1601,31.6,105.97,28.85,0.83,
26,1602,31.98,117.35,32.0,0.79,108.0
26,1603,32.84,120.24,32.44,0.67,115.0
26,1604,26.16,103.66,28.5,0.73,106.0
26,1605,29.8,104.97,29.1,0.77,101.0
26,1606,39.15,123.66,31.19,0.82,109.0
26,1607,57.41,131.82,33.59,0.75,126.0
26,1608,31.75,127.6,34.42,0.79,120.0
26,1609,39.54,117.65,51.29,1.06,106.0
26,1610,33.95,112.15,44.94,0.85,114.0
26,1611,33.91,103.26,42.39,0.8,111.0
26,1612,37.1,107.98,31.49,0.77,103.0
26,1613,45.29,106.33,29.3,0.76,103.0
26,1614,50.58,137.62,33.15,0.79,87.0
26,1615,29.74,101.8,44.6,0.9,97.0
26,1616,42.08,113.64,50.29,0.86,109.0
26,1617,50.27,126.08,31.49,0.85,88.0
26,1618,38.91,123.12,35.15,0.84,117.0
26,1619,45.26,127.45,35.69,0.85,121.0
26,1620,37.51,118.95,32.28,0.74,109.0
26,1621,55.58,133.27,46.77,0.9,119.0
26,1622,47.28,116.44,51.94,0.82,122.0
26,1623,37.53,113.19,49.11,0.74,99.0
26,1624,,131.6,51.42,0.86,119.0
26,1625,27.89,94.44,43.7,0.75,112.0
26,1626,39.18,130.58,54.95,0.97,101.0
26,1627,37.35,138.02,46.38,0.76,122.0
26,1628,40.03,141.42,40.83,0.69,135.0
26,1629,33.4,100.52,53.01,0.78,109.0
26,1630,40.58,120.64,45.39,0.84,100.0
26,1631,59.13,196.5,56.36,1.08,153.0
26,1632,37.62,105.75,38.69,0.89,126.0
26,1633,28.8,66.8,41.36,0.82,86.0
26,1634,56.84,114.49,63.61,1.11,104.0
26,1635,39.46,81.53,37.97,0.73,98.0
26,1636,35.47,71.35,28.75,0.68,75.0
26,1637,22.96,61.28,26.62,0.64,60.0
26,1638,30.65,84.08,27.46,0.79,73.0
26,1639,40.18,105.25,47.96,0.81,98.0
26,1640,30.4,106.57,50.51,0.87,100.0
26,1641,25.84,91.36,42.21,0.8,105.0
26,1642,20.4,77.9,39.65,0.63,80.0
26,1643,41.42,96.54,59.14,0.88,
26,1644,29.39,92.4,50.5,0.66,88.0
26,1645,33.41,141.22,43.53,1.02,107.0
26,1646,33.55,139.81,40.73,0.68,132.0
26,1647,33.67,85.62,41.48,0.61,110.0
26,1648,25.58,91.73,39.32,0.7,80.0
26,1649,30.74,139.65,46.97,0.69,107.0
26,1650,26.75,100.5,35.87,0.59,128.0
26,1651,41.29,192.31,44.71,1.27,
26,1652,31.12,121.6,40.55,0.83,129.0
26,1653,25.62,106.83,34.25,0.63,108.0
26,1654,20.88,95.85,34.46,0.5,102.0
26,1655,34.28,118.77,41.25,0.52,110.0
26,1656,28.47,84.28,41.79,0.37,106.0
26,1657,22.4,103.5,36.97,0.76,
26,1658,41.9,130.91,49.44,0.95,106.0
26,1659,57.36,161.99,59.13,1.07,143.0
26,1660,40.74,106.84,33.3,0.63,117.0
26,1661,58.92,110.31,48.17,0.93,106.0
26,1662,34.17,71.59,24.07,0.57,89.0
26,1663,20.21,48.5,12.57,0.44,57.0
26,1664,20.03,47.3,13.26,0.39,46.0
26,1665,16.74,50.23,17.67,0.49,49.0
26,1666,29.76,102.17,35.69,0.89,75.0
26,1667,29.61,81.88,35.82,1.05,100.0
26,1668,19.61,49.3,40.12,0.67,78.0
26,1669,17.07,54.79,40.79,0.7,52.0
26,1670,27.38,50.55,39.75,0.75,71.0
26,1671,24.48,70.71,38.05,0.93,53.0
26,1672,26.17,96.67,36.98,0.76,85.0
26,1673,32.33,124.88,43.05,0.98,104.0
26,1674,26.12,90.2,34.39,0.88,113.0
26,1675,17.8,58.85,32.18,0.79,75.0
26,1676,25.11,49.19,45.85,0.84,68.0
26,1677,29.95,92.72,38.31,0.99,83.0
26,1678,21.59,57.12,41.77,0.86,88.0
26,1679,22.25,44.55,38.1,0.71,82.0
26,1680,14.45,26.19,35.05,0.56,52.0
26,1681,24.41,82.32,29.55,0.79,63.0
26,1682,30.46,103.55,38.34,0.74,90.0
26,1683,36.4,104.83,40.32,0.82,98.0
26,1684,29.25,82.66,26.37,0.69,102.0
26,1685,42.33,110.48,40.05,1.09,90.0
26,1686,38.76,100.88,29.49,1.04,101.0
26,1687,38.11,101.57,22.38,0.75,108.0
26,1688,44.17,162.64,29.12,1.17,113.0
26,1689,30.77,78.38,17.04,0.89,
26,1690,46.96,108.8,16.53,1.06,96.0
26,1691,39.9,91.54,9.45,1.03,113.0
26,1692,49.19,107.54,13.93,1.35,112.0
26,1693,51.98,128.99,11.32,1.05,108.0
26,1694,36.68,93.0,9.43,0.7,112.0
26,1695,29.83,81.31,10.6,0.73,77.0
26,1696,45.17,124.19,15.42,1.24,109.0
26,1697,30.77,84.5,11.86,0.88,97.0
26,1698,26.34,57.94,11.76,0.57,82.0
26,1699,38.8,149.3,13.14,1.28,
26,1700,35.18,105.31,9.73,0.79,108.0
26,1701,32.64,106.67,9.42,0.65,109.0
26,1702,,,,,102.0
26,1703,,,,,
26,1704,,,,,
26,1705,,,,,
26,1706,,,,,
26,1707,,,,,
26,1708,,,,,
26,1709,30.08,71.23,42.61,1.1,
26,1710,20.11,52.18,36.1,0.71,62.0
26,1711,18.05,52.41,39.29,0.77,56.0
26,1712,23.49,80.31,32.1,0.84,64.0
26,1713,29.19,108.49,35.22,0.94,98.0
26,1714,33.74,106.76,42.43,0.95,111.0
26,1715,35.28,98.36,42.02,0.95,104.0
26,1716,33.52,91.75,41.39,1.03,93.0
26,1717,34.27,97.09,47.83,1.06,96.0
26,1718,39.35,93.44,39.29,0.73,107.0
26,1719,37.09,85.61,33.06,0.68,86.0
26,1720,42.98,98.42,34.0,0.84,83.0
26,1721,35.14,66.68,15.97,0.47,91.0
26,1722,14.11,45.52,21.64,0.5,60.0
26,1723,9.76,27.66,9.06,0.43,43.0
26,1724,14.75,37.77,20.6,0.54,53.0
26,1725,15.09,80.12,20.87,0.61,77.0
26,1726,6.64,31.12,14.1,0.5,44.0
26,1727,6.63,20.53,18.22,0.59,42.0
26,1728,12.12,31.34,30.68,0.89,64.0
26,1729,15.48,34.22,31.57,0.93,84.0
26,1730,23.9,50.1,41.9,1.62,106.0
26,1731,35.29,116.42,35.82,1.27,131.0
26,1732,11.77,43.1,26.47,0.83,
26,1733,27.57,78.88,29.53,1.19,89.0
26,1734,32.77,99.56,32.42,1.32,98.0
26,1735,27.7,87.41,38.3,0.96,93.0
26,1736,26.46,89.36,42.8,1.24,97.0
26,1737,42.61,185.5,43.36,1.19,117.0
26,1738,31.25,109.12,79.93,0.86,
26,1739,40.08,114.53,60.16,1.25,
26,1740,26.99,88.4,41.21,0.63,109.0
26,1741,30.49,81.94,55.32,0.85,74.0
26,1742,57.44,157.35,65.83,0.87,114.0
26,1743,16.27,34.04,25.44,0.7,
26,1744,25.84,80.25,47.16,0.93,81.0
26,1745,24.45,99.34,45.24,0.72,100.0
26,1746,27.58,112.85,33.36,0.68,101.0
26,1747,28.92,161.21,34.79,0.6,133.0
26,1748,28.02,46.85,27.55,0.56,147.0
26,1749,45.56,72.39,21.17,0.62,75.0
26,1750,32.93,56.18,29.73,0.74,83.0
26,1751,7.02,20.34,24.67,0.56,48.0
26,1752,8.55,22.06,21.09,0.51,45.0
26,1753,10.32,23.93,40.82,0.8,52.0
26,1754,5.29,17.65,25.84,0.53,64.0
26,1755,10.5,23.78,22.41,0.52,44.0
26,1756,15.67,26.01,38.11,0.78,62.0
26,1757,5.08,8.16,29.46,0.69,74.0
26,1758,31.4,63.4,40.55,0.99,
26,1759,37.82,88.58,56.87,1.44,121.0
26,1760,18.29,60.5,37.56,0.8,93.0
26,1761,116.65,192.8,41.26,1.11,132.0
26,1762,40.46,61.36,22.82,0.58,284.0
26,1763,31.24,50.3,22.14,0.82,60.0
26,1764,41.58,69.57,35.0,0.79,81.0
26,1765,63.19,109.0,42.84,1.0,101.0
26,1766,78.9,144.14,40.43,1.06,163.0
26,1767,86.71,157.26,43.75,0.95,134.0
26,1768,144.72,259.91,47.03,1.13,281.0
26,1769,109.46,194.85,61.03,1.27,307.0
26,1770,114.41,252.29,66.87,1.25,271.0
26,1771,116.67,183.4,54.7,1.18,266.0
26,1772,97.75,153.08,49.32,0.95,275.0
26,1773,77.22,174.76,76.77,1.05,169.0
26,1774,57.05,142.8,57.39,0.93,158.0
26,1775,38.34,88.54,41.66,0.88,111.0
26,1776,37.12,98.86,43.05,1.1,105.0
26,1777,36.97,104.19,36.46,0.74,103.0
26,1778,41.18,78.79,26.24,0.92,98.0
26,1779,55.7,104.68,30.96,1.0,107.0
26,1780,59.7,108.74,35.91,1.11,110.0
26,1781,57.56,111.17,38.74,0.84,109.0
26,1782,46.69,92.64,29.13,0.72,96.0
26,1783,46.28,85.5,23.71,0.71,82.0
26,1784,73.45,129.85,24.11,0.76,105.0
26,1785,69.65,120.93,26.1,0.77,152.0
26,1786,51.21,101.16,29.86,0.69,114.0
26,1787,53.08,100.93,33.47,0.75,106.0
26,1788,68.83,119.7,41.14,0.81,112.0
26,1789,90.0,147.0,85.93,1.27,136.0
26,1790,95.6,150.87,36.79,0.92,
26,1791,93.79,148.19,30.06,0.92,226.0
26,1792,72.71,119.26,28.31,0.85,169.0
26,1793,44.67,80.81,29.73,0.64,111.0
26,1794,61.52,105.51,33.07,0.8,87.0
26,1795,64.34,102.9,29.06,0.8,134.0
26,1796,56.81,94.56,23.67,0.74,102.0
26,1797,65.08,113.55,29.86,0.75,106.0
26,1798,71.12,125.12,33.16,0.82,132.0
26,1799,63.36,113.04,34.16,0.74,125.0
26,1800,76.4,129.34,32.77,0.69,137.0
26,1801,58.41,110.56,42.14,0.69,129.0
26,1802,36.8,73.78,30.32,0.62,92.0
26,1803,17.03,48.31,24.57,0.68,64.0
26,1804,12.79,48.71,30.6,0.91,63.0
26,1805,24.02,95.84,37.62,0.95,91.0
26,1806,27.82,96.94,39.95,1.03,97.0
26,1807,34.71,112.54,43.66,1.1,106.0
26,1808,37.07,110.43,35.91,0.95,105.0
26,1809,36.82,71.34,25.16,0.89,85.0
26,1810,27.12,54.86,23.35,0.84,69.0
26,1811,46.59,84.0,26.75,0.96,76.0
26,1812,75.61,121.94,27.03,1.12,128.0
26,1813,75.54,126.76,27.0,1.14,143.0
26,1814,74.33,124.21,27.03,1.1,153.0
26,1815,68.72,118.43,26.22,1.02,140.0
26,1816,72.61,145.62,38.84,1.12,136.0
26,1817,71.04,,27.8,1.02,137.0
26,1818,80.01,,33.74,1.13,154.0
26,1819,94.38,,41.64,1.44,186.0
26,1820,81.26,,42.48,1.26,224.0
26,1821,62.22,,52.05,1.16,120.0
26,1822,51.79,,48.39,1.24,101.0
26,1823,74.53,,33.5,1.21,110.0
26,1824,41.0,,20.94,0.74,133.0
26,1825,44.79,,35.67,1.06,
26,1826,52.33,99.33,33.7,1.13,92.0
26,1827,66.6,108.15,27.74,1.16,111.0
26,1828,49.66,90.22,29.88,1.08,94.0
26,1829,53.48,92.39,23.58,1.09,97.0
26,1830,22.7,50.19,21.94,0.97,74.0
26,1831,16.07,43.09,18.26,0.84,61.0
26,1832,48.21,87.02,21.46,0.96,72.0
26,1833,54.65,102.77,27.04,0.95,100.0
26,1834,49.43,93.16,26.01,0.9,99.0
26,1835,73.62,209.75,58.59,1.27,153.0
26,1836,48.07,87.2,23.06,1.02,110.0
26,1837,85.85,138.17,27.96,1.19,134.0
26,1838,73.83,125.02,30.68,1.03,181.0
26,1839,100.48,234.22,69.61,1.41,178.0
26,1840,177.2,326.4,79.29,2.08,326.0
26,1841,89.81,180.44,50.12,1.26,258.0
26,1842,71.06,103.17,31.92,1.05,160.0
26,1843,43.36,81.3,25.07,1.03,128.0
26,1844,42.17,81.73,25.01,1.03,79.0
26,1845,39.3,92.98,29.13,1.04,93.0
26,1846,30.99,79.86,27.19,0.81,81.0
26,1847,25.31,54.82,19.27,0.79,51.0
26,1848,59.54,107.42,22.1,1.02,84.0
26,1849,74.94,166.18,44.31,1.33,138.0
26,1850,74.82,177.62,48.23,1.43,156.0
26,1851,61.94,142.02,41.41,1.23,140.0
26,1852,53.3,128.35,59.38,0.94,113.0
26,1853,59.32,117.45,19.17,0.92,
26,1854,52.42,136.94,48.69,1.23,115.0
26,1855,45.66,119.24,38.39,1.14,122.0
26,1856,45.58,105.92,45.59,1.03,105.0
26,1857,56.11,110.18,30.37,0.93,122.0
26,1858,43.35,66.31,33.9,0.98,98.0
26,1859,32.75,50.95,22.34,0.9,67.0
26,1860,39.45,54.88,18.85,0.88,76.0
26,1861,43.56,71.06,55.23,1.31,82.0
26,1862,55.76,128.79,53.14,1.25,112.0
26,1863,31.28,64.27,30.03,0.9,94.0
26,1864,31.23,103.55,29.43,0.91,94.0
26,1865,29.14,54.27,16.32,0.82,61.0
26,1866,26.04,47.32,17.92,0.81,56.0
26,1867,33.44,59.32,20.78,0.85,50.0
26,1868,58.03,98.66,23.95,0.96,84.0
26,1869,62.0,106.88,27.1,1.02,101.0
26,1870,84.11,179.96,63.84,1.33,150.0
26,1871,71.21,131.84,49.67,1.14,159.0
26,1872,68.69,143.74,50.22,1.29,140.0
26,1873,52.52,111.72,39.0,0.99,120.0
26,1874,40.92,121.58,46.46,1.03,110.0
26,1875,42.44,107.09,42.49,1.04,111.0
26,1876,46.15,92.06,33.42,0.93,95.0
26,1877,39.52,69.95,17.39,0.92,77.0
26,1878,30.9,59.7,22.46,0.84,67.0
26,1879,31.82,70.91,23.92,0.58,
26,1880,48.43,125.81,45.51,1.06,117.0
26,1881,54.71,153.34,45.3,1.28,134.0
26,1882,36.68,76.4,35.01,1.22,90.0
26,1883,43.59,107.91,39.8,1.29,102.0
26,1884,29.42,58.33,21.19,0.91,74.0
26,1885,46.6,117.11,41.14,1.05,97.0
26,1886,51.92,131.04,37.25,0.95,119.0
26,1887,47.98,125.65,40.73,0.89,106.0
26,1888,52.8,104.45,43.27,1.24,
26,1889,65.64,151.4,51.57,1.15,127.0
26,1890,50.36,110.01,37.2,1.15,127.0
26,1891,20.02,47.95,20.44,0.87,69.0
26,1892,15.11,40.46,15.5,0.67,51.0
26,1893,14.16,36.93,16.21,0.72,45.0
26,1894,17.77,71.21,28.78,0.92,69.0
26,1895,19.48,55.45,23.76,0.74,82.0
26,1896,16.23,46.4,22.56,0.76,69.0
26,1897,19.9,58.97,24.48,0.79,64.0
26,1898,23.84,56.3,24.28,0.67,61.0
26,1899,21.5,51.15,19.43,0.45,57.0
26,1900,29.97,80.28,27.41,0.81,82.0
26,1901,34.29,98.12,29.32,0.87,97.0
26,1902,50.96,111.92,31.88,0.92,103.0
26,1903,31.25,113.8,39.24,1.1,104.0
26,1904,33.01,98.93,48.77,0.96,105.0
26,1905,43.21,115.14,53.06,1.12,134.0
26,1906,23.97,67.96,35.13,0.87,91.0
26,1907,20.57,60.98,33.67,0.76,66.0
26,1908,23.57,69.26,24.78,0.66,62.0
26,1909,19.59,42.84,20.91,0.72,72.0
26,1910,39.49,95.32,40.71,0.68,98.0
26,1911,23.9,65.07,27.06,0.83,123.0
26,1912,21.29,57.46,25.26,0.43,69.0
26,1913,32.71,90.8,24.99,0.11,91.0
26,1914,31.72,85.01,24.54,0.11,90.0
26,1915,22.17,57.42,22.72,0.11,86.0
26,1916,21.62,65.48,24.02,0.11,69.0
26,1917,18.77,52.17,25.22,0.11,84.0
26,1918,30.43,76.29,33.1,0.11,64.0
26,1919,23.81,66.29,32.49,0.11,73.0
26,1920,30.06,74.16,33.18,0.11,68.0
26,1921,25.97,57.81,29.23,0.11,71.0
26,1922,22.3,52.05,31.35,0.11,54.0
26,1923,16.62,43.83,29.33,0.11,51.0
26,1924,14.48,47.4,29.2,0.11,46.0
26,1925,8.64,30.07,23.46,0.11,37.0
26,1926,20.49,54.42,33.31,0.11,49.0
26,1927,23.62,68.95,33.43,0.11,69.0
26,1928,16.38,38.99,26.65,0.11,51.0
26,1929,15.05,44.33,29.41,0.11,43.0
26,1930,20.44,67.82,31.19,0.11,55.0
26,1931,18.97,65.8,29.57,0.11,68.0
26,1932,21.07,73.21,32.55,0.11,66.0
26,1933,21.89,78.22,36.49,0.11,76.0
26,1934,15.84,63.94,31.67,0.11,74.0
26,1935,9.21,51.65,30.52,0.11,59.0
26,1936,14.61,56.17,33.08,0.11,55.0
26,1937,9.08,35.35,30.16,0.11,47.0
26,1938,10.32,51.36,23.99,0.11,48.0
26,1939,8.61,32.8,25.18,0.11,37.0
26,1940,8.41,37.46,24.6,0.11,36.0
26,1941,,,,,36.0
26,1942,,,,,
26,1943,11.07,31.3,19.97,0.11,
26,1944,10.47,40.29,21.59,0.11,31.0
26,1945,12.81,46.6,15.19,0.11,47.0
26,1946,7.81,46.54,18.79,0.11,49.0
26,1947,18.16,66.09,16.27,0.11,61.0
26,1948,11.91,48.54,16.76,0.11,56.0
26,1949,23.14,78.4,23.73,0.11,62.0
26,1950,18.91,67.79,24.04,0.11,90.0
26,1951,17.54,68.24,15.64,0.11,65.0
26,1952,8.93,45.07,12.81,0.11,55.0
26,1953,9.03,45.89,19.43,0.11,41.0
26,1954,11.3,51.48,18.09,0.11,51.0
26,1955,12.14,50.8,18.43,0.11,48.0
26,1956,9.53,40.67,12.9,0.11,51.0
26,1957,16.51,58.2,24.04,0.11,46.0
26,1958,14.04,51.69,14.28,0.11,61.0
26,1959,6.9,42.63,12.63,0.11,45.0
26,1960,8.42,50.06,14.05,0.11,49.0
26,1961,11.88,45.86,11.76,0.11,50.0
26,1962,11.07,42.11,11.71,0.11,44.0
26,1963,2.0,17.99,10.24,0.11,32.0
26,1964,6.3,17.76,12.21,0.11,23.0
26,1965,11.18,36.23,18.69,0.11,26.0
26,1966,26.88,76.7,28.32,0.11,52.0
26,1967,66.22,203.26,58.99,0.11,141.0
26,1968,45.53,150.21,48.13,0.11,145.0
26,1969,24.8,90.94,39.51,0.11,117.0
26,1970,15.91,81.11,23.59,0.11,79.0
26,1971,10.99,72.39,20.53,0.11,80.0
26,1972,18.69,75.86,21.06,0.11,74.0
26,1973,12.35,68.72,20.24,0.11,67.0
26,1974,26.6,121.23,20.04,0.63,54.0
26,1975,26.94,102.0,20.67,0.65,100.0
26,1976,16.71,62.53,23.89,0.63,87.0
26,1977,28.1,84.8,50.99,0.76,81.0
26,1978,21.22,79.53,24.88,0.57,40.0
26,1979,15.68,81.88,20.61,0.5,85.0
26,1980,9.91,43.3,19.91,0.47,50.0
26,1981,17.94,102.58,30.32,0.58,88.0
26,1982,19.14,77.06,35.57,0.68,71.0
26,1983,29.71,112.53,44.77,0.85,93.0
26,1984,21.66,74.97,38.42,0.64,101.0
26,1985,29.69,101.97,35.51,0.57,82.0
26,1986,31.14,125.15,41.56,0.64,115.0
26,1987,31.84,85.41,50.11,0.88,96.0
26,1988,32.55,79.28,44.59,0.69,92.0
26,1989,37.71,98.53,52.1,0.7,90.0
26,1990,37.67,76.27,53.59,0.97,84.0
26,1991,22.75,86.77,38.23,0.67,81.0
26,1992,21.33,83.23,34.56,0.58,88.0
26,1993,24.66,100.53,37.93,0.71,92.0
26,1994,21.06,80.51,40.33,0.63,83.0
26,1995,17.05,73.22,36.31,0.54,90.0
26,1996,21.16,88.8,42.96,0.68,71.0
26,1997,14.41,66.81,40.06,1.07,110.0
26,1998,26.67,86.29,37.36,0.74,74.0
26,1999,25.96,91.75,40.22,0.71,92.0
26,2000,33.17,108.22,42.45,0.73,95.0
26,2001,25.4,83.38,34.09,0.54,100.0
26,2002,34.36,90.9,23.38,0.56,86.0
26,2003,13.45,58.54,21.6,0.41,77.0
26,2004,7.63,32.27,23.27,0.46,47.0
26,2005,15.02,50.94,25.06,0.47,41.0
26,2006,24.38,74.09,26.06,0.52,70.0
26,2007,22.91,65.73,29.53,0.48,68.0
26,2008,16.64,49.97,29.26,0.52,54.0
26,2009,15.0,66.0,26.85,0.59,50.0
