id_colegio,nombre_colegio,id_geo_colegio
1,.2027 JOSE MARIA ARGUEDAS,LIMA-LIMA-SAN MARTIN DE PORRES
2,00053 SAN VICENTE DE PAUL,LIMA-LIMA-LIMA
3,0025 SAN MARTIN DE PORRAS,LIMA-LIMA-ATE
4,0026 AICHI NAGOYA,LIMA-LIMA-ATE
5,00500 GERMAN ROJAS VELA,SAN MARTIN-MOYOBAMBA-SORITOR
6,0055 MANUEL GONZALES PRADA,LIMA-LIMA-LURIGANCHO
7,0059 SANTA MARÍA GORETTI,LIMA-LIMA-LURIGANCHO
8,00623,SAN MARTIN-RIOJA-ELIAS SOPLIN VARGAS
9,00623 AZUNGUILLO,SAN MARTIN-RIOJA-ELIAS SOPLIN VARGAS
10,0071 NUESTRA SEÑORA DE LA MERCED,LIMA-LIMA-SAN JUAN DE LURIGANCHO
11,0073 BENITO JUAREZ,LIMA-LIMA-LIMA
12,0082 LA CANTUTA,LIMA-LIMA-SAN LUIS
13,0083 SAN JUAN MACIAS,LIMA-LIMA-SAN LUIS
14,0086 JOSE MARIA ARGUEDAS,LIMA-LIMA-SAN JUAN DE LURIGANCHO
15,0086 JOSÉ MARÍA ARGUEDAS,LIMA-LIMA-SAN JUAN DE LURIGANCHO
16,0087 JOSE MARIA ARGUEDAS,LIMA-LIMA-SAN JUAN DE LURIGANCHO
17,0087 JOSÉ MARÍA ARGUEDAS,LIMA-LIMA-SAN JUAN DE LURIGANCHO
18,0089 MANUEL GONZALES PRADA,LIMA-LIMA-SAN JUAN DE LURIGANCHO
19,0092 ALFRED NOBEL,LIMA-LIMA-SAN JUAN DE LURIGANCHO
20,0098 PERÚ - JAPÓN,LIMA-LIMA-EL AGUSTINO
21,0101 SHUJI KITAMURA,LIMA-LIMA-SANTA ANITA
22,0101 SHUJI KITAMURA,LIMA-LIMA-LIMA
23,0113 DANIEL ALOMIA ROBLES,LIMA-LIMA-SAN JUAN DE LURIGANCHO
24,0139 GRAN AMAUTA MARIATEGUI,LIMA-LIMA-SAN JUAN DE LURIGANCHO
25,0146 SU SANTIDAD JUAN PABLO II,LIMA-LIMA-SAN JUAN DE LURIGANCHO
26,0148 MAESTRO VÍCTOR RAÚL HAYA DE LA TORRE,LIMA-LIMA-SAN JUAN DE LURIGANCHO
27,0163 NÉSTOR ESCUDERO OTERO,LIMA-LIMA-LIMA
28,0169 SAN CARLOS,LIMA-LIMA-SAN JUAN DE LURIGANCHO
29,0215814,CALLAO-CALLAO-BELLAVISTA
30,0326,SAN MARTIN-EL DORADO-SANTA ROSA
31,0336495,LIMA-LIMA-SAN MARTIN DE PORRES
32,0336610,LIMA-LIMA-SAN JUAN DE LURIGANCHO
33,0413,SAN MARTIN-TOCACHE-TOCACHE
34,046 VICTOR RAUL HAYA DE LA TORRE,LIMA-LIMA-ATE
35,046 VICTOR RAUL HAYA DE LA TORRE INEI,LIMA-LIMA-ATE
36,051,ICA-NAZCA-CHANGUILLO
37,051 CLORINDA MATTO DE TURNER,LIMA-LIMA-SAN MARTIN DE PORRES
38,0565267,LIMA-LIMA-INDEPENDENCIA
39,06154,LIMA-LIMA-SAN JUAN DE LURIGANCHO
40,0649129,LIMA-LIMA-COMAS
41,072 SAN MARTIN DE PORRES,LIMA-LIMA-MAGDALENA DEL MAR
42,10 DE OCTUBRE,LIMA-LIMA-SAN JUAN DE LURIGANCHO
43,101 SHIJU KITAMURA,LIMA-LIMA-SANTA ANITA
44,101 SHUJI KITAMURA,LIMA-LIMA-SANTA ANITA
45,10146464300020,LIMA-LIMA-BARRANCO
46,1030 REPUBLICA DE BOLIVIA,LIMA-LIMA-EL AGUSTINO
47,1070,LIMA-LIMA-LINCE
48,1071 ALFONSO UGARTE,LIMA-LIMA-SAN ISIDRO
49,109 IMC,LIMA-LIMA-SAN JUAN DE LURIGANCHO
50,1091347,LIMA-HUARAL-HUARAL
51,1112 VÍCTOR ANDRÉS BELAUNDE,LIMA-LIMA-LA VICTORIA
52,11185 UCUPE,LAMBAYEQUE-CHICLAYO-LAGUNAS
53,1140 AURELIO MIRO QUESADA SOSA,LIMA-LIMA-LA MOLINA
54,115 TORIBIO RODRÍGUEZ DE MENDOZA,LIMA-LIMA-LIMA
55,1174 VIRGEN DEL CARMEN,LIMA-LIMA-SAN JUAN DE LURIGANCHO
56,1182 EL BOSQUE,LIMA-LIMA-SAN JUAN DE LURIGANCHO
57,1195320,LIMA-LIMA-COMAS
58,1197 NICOLAS DE PIEROLA,LIMA-LIMA-LURIGANCHO
59,1199 MARISCAL RAMON CASTILLA,LIMA-LIMA-CHACLACAYO
60,1199 MARISCAL RAMON CASTILLA,LIMA-LIMA-LURIGANCHO
61,119CANTO BELLO,LIMA-LIMA-SAN JUAN DE LURIGANCHO
62,1217 JORGE BASADRE GROHMANN,LIMA-LIMA-CHACLACAYO
63,1219 JOSE CARLOS MARIATEGUI,LIMA-LIMA-SANTA ANITA
64,1221 MARIA PARADO DE BELLIDO,LIMA-LIMA-SANTA ANITA
65,1227 INDIRA GANDHI,LIMA-LIMA-ATE
66,1228 LEONCIO PRADO GUTIERREZ,LIMA-LIMA-ATE
67,1231 JOSÉ LUIS BUSTAMANTE Y RIVERO,LIMA-LIMA-ATE
68,1248 5 DE ABRIL,LIMA-LIMA-ATE
69,125 RICARDO PALMA,LIMA-LIMA-SAN JUAN DE LURIGANCHO
70,1252 SANTA ISABEL,LIMA-LIMA-ATE
71,1256 ALFONSO UGARTE,LIMA-LIMA-SANTA ANITA
72,1257 REINO UNIDO DE GRAN BRETAÑA,LIMA-LIMA-ATE
73,126 JAVIER PEREZ DE CUELLAR,LIMA-LIMA-SAN JUAN DE LURIGANCHO
74,1260 EL AMAUTA,LIMA-LIMA-ATE
75,1263 PURUCHUCO,LIMA-LIMA-ATE
76,1264 JUAN ANDRÉS VIVANCO AMORÍN,LIMA-LIMA-ATE
77,1267 CAMPIÑA,LIMA-LIMA-LURIGANCHO
78,1267 LA CAMPIÑA,AMAZONAS-CHACHAPOYAS-CHACHAPOYAS
79,1275,LIMA-LIMA-LURIGANCHO
80,1275 LA FLORIDA,LIMA-LIMA-LURIGANCHO
81,1290 NUEVA AMERICA,LIMA-LIMA-ATE
82,131 MONITOR HUASCAR,LIMA-LIMA-SAN JUAN DE LURIGANCHO
83,133 JULIO CESAR TELLO,LIMA-LIMA-SANTA ANITA
84,134 MARIO FLORIAN,LIMA-LIMA-SAN JUAN DE LURIGANCHO
85,138 PROCERES DE LA INDEPEMDENCIA,LIMA-LIMA-SAN JUAN DE LURIGANCHO
86,138 PRÓCERES DE LA INDEPENDENCIA,LIMA-LIMA-SAN JUAN DE LURIGANCHO
87,139 GRAN AMAUTA MARIATEGUI,LIMA-LIMA-SAN JUAN DE LURIGANCHO
88,142 MARTIR DANIEL ALCIDES CARRION,LIMA-LIMA-SAN JUAN DE LURIGANCHO
89,1475425,LIMA-LIMA-VILLA EL SALVADOR
90,1487933,LIMA-LIMA-RIMAC
91,15113,LIMA-LIMA-PUENTE PIEDRA
92,15113,LIMA-LIMA-LOS OLIVOS
93,15311,LIMA-LIMA-COMAS
94,156 EL PORVENIR,LIMA-LIMA-SAN JUAN DE LURIGANCHO
95,166 KAROL WOJTYLA,LIMA-LIMA-SAN JUAN DE LURIGANCHO
96,1665132,LIMA-LIMA-ATE
97,1756170,LIMA-LIMA-VILLA EL SALVADOR
98,18017,AMAZONAS-CHACHAPOYAS-CHETO
99,2 DE MAYO,ANCASH-HUAYLAS-CARAZ
100,2 DE MAYO,CALLAO-CALLAO-CALLAO
101,20 DE ENERO,PUNO-SAN ROMAN-JULIACA
102,2001 SANTA ROSA DE LIMA,LIMA-LIMA-SAN MARTIN DE PORRES
103,20012,LIMA-CAJATAMBO-HUANCAPON
104,2003 LIBERTADOR JOSÉ DE SAN MARTÍN,LIMA-LIMA-SAN MARTIN DE PORRES
105,2009 FE Y ALEGRIA 2,LIMA-LIMA-SAN MARTIN DE PORRES
106,2009 FE Y ALEGRÍA 2,LIMA-LIMA-SAN MARTIN DE PORRES
107,2024,LIMA-LIMA-LIMA
108,2025 INMACULADA CONCEPCION,LIMA-LIMA-LOS OLIVOS
109,2025 INMACULADA CONCEPCIÓN,LIMA-LIMA-LOS OLIVOS
110,2026 SAN DIEGO,LIMA-LIMA-SAN MARTIN DE PORRES
111,2027 JOSE MARIA ARGUEDAS,LIMA-LIMA-LIMA
112,2027 JOSE MARÍA ARGUEDAS,LIMA-LIMA-SAN MARTIN DE PORRES
113,2027 JOSÉ MARÍA ARGUEDAS,LIMA-LIMA-SAN MARTIN DE PORRES
114,2031 VIRGEN DE FÁTIMA,LIMA-LIMA-SAN MARTIN DE PORRES
115,2032 MANUEL SCORZA TORRES,LIMA-LIMA-LIMA
116,2032 MANUEL SCORZA TORRES,LIMA-LIMA-SAN MARTIN DE PORRES
117,2037 CIRO ALEGRIA,LIMA-LIMA-CARABAYLLO
118,2050 REPUBLICA DE ARGENTINA,LIMA-LIMA-CARABAYLLO
119,20542 JAVIER PÉREZ DE CUELLAR,LIMA-HUAROCHIRI-CARAMPOMA
120,2055 PRIMERO DE ABRIL,LIMA-LIMA-COMAS
121,20611,LIMA-HUAROCHIRI-SANTO DOMINGO DE LOS OLLEROS
122,2064 REPÚBLICA FEDERAL DE ALEMANIA,LIMA-LIMA-PUENTE PIEDRA
123,2066 ALMIRANTE MIGUEL GRAU,LIMA-LIMA-ANCON
124,2067 LEONCIO PRADO,LIMA-LIMA-PUENTE PIEDRA
125,2068 JOSE MARIA ARGUEDAS,LIMA-LIMA-LIMA
126,2070 NUESTRA SEÑORA DEL CARMEN,LIMA-LIMA-SAN MARTIN DE PORRES
127,2074 VIRGEN PEREGRINA DEL ROSARIO,LIMA-LIMA-LOS OLIVOS
128,20799 DANIEL ALCIDES CARRION,LIMA-HUARAL-CHANCAY
129,20799-DANIEL ALCIDES,LIMA-HUARAL-CHANCAY
130,2081 PERÚ-SUIZA,LIMA-LIMA-PUENTE PIEDRA
131,20827 MERCEDES INDACOCHEA LOZANO,LIMA-HUAURA-HUACHO
132,2085 SAN AGUSTÍN,LIMA-LIMA-COMAS
133,20874,LIMA-CAÑETE-SAN VICENTE DE CAÑETE
134,2088 REPÚBLICA FEDERAL DE ALEMANIA,LIMA-LIMA-SAN MARTIN DE PORRES
135,2090 VIRGEN DE LA PUERTA,LIMA-LIMA-LOS OLIVOS
136,20902 TUPAC AMARU,LIMA-HUARAL-HUARAL
137,2092 CRISTO MORADO,LIMA-LIMA-LOS OLIVOS
138,2095 HERNAN BUSSE DE LA GUERRA,LIMA-LIMA-LOS OLIVOS
139,20955-15,LIMA-HUAROCHIRI-SAN ANTONIO
140,20955-25,LIMA-HUAROCHIRI-HUAROCHIRI
141,286468,LIMA-BARRANCA-SUPE
142,30 40 20 DE ABRIL,LIMA-LIMA-LOS OLIVOS
143,3014 LEONCIO PRADO,LIMA-LIMA-LIMA
144,3014 LEONCIO PRADO,LIMA-LIMA-RIMAC
145,3037 GRAN AMAUTA,LIMA-LIMA-SAN MARTIN DE PORRES
146,3040 VEINTE DE ABRIL,LIMA-LIMA-LOS OLIVOS
147,3041 ANDRÉS BELLO,LIMA-LIMA-SAN MARTIN DE PORRES
148,3045 JOSE CARLOS MARIATEGUI,LIMA-LIMA-SAN MARTIN DE PORRES
149,3048 SANTIAGO ANTÚNEZ DE MAYOLO,LIMA-LIMA-INDEPENDENCIA
150,3051-EL MILAGRO,LIMA-LIMA-INDEPENDENCIA
151,3052,LIMA-LIMA-INDEPENDENCIA
152,3052 TECNICO,LIMA-LIMA-INDEPENDENCIA
153,3056 GRAN BRETAÑA,LIMA-LIMA-INDEPENDENCIA
154,3065 VIRGEN DEL CARMEN,LIMA-LIMA-COMAS
155,3069 GENERALISIMO JOSE DE SAN MARTIN,LIMA-LIMA-ANCON
156,3069 GENERALÍSIMO JOSÉ DE SAN MARTIN,LIMA-LIMA-ANCON
157,3069 GENERALÍSIMO JOSÉ DE SAN MARTÍN,LIMA-LIMA-ANCON
158,3070 MARIA DE LOS ANGELES,LIMA-LIMA-PUENTE PIEDRA
159,3073 EL DORADO,LIMA-LIMA-PUENTE PIEDRA
160,3073 EL DORADO,LIMA-LIMA-CARABAYLLO
161,3074 PEDRO RUIZ GALLO,LIMA-LIMA-CARABAYLLO
162,3080 PERU CANADA,LIMA-LIMA-LOS OLIVOS
163,3084 ENRIQUE GUZMÁN Y VALLE,LIMA-LIMA-LOS OLIVOS
164,3087,LIMA-LIMA-LOS OLIVOS
165,3087 CARLOS CUETO FERNANDINI,LIMA-LIMA-LOS OLIVOS
166,3091,LIMA-LIMA-LOS OLIVOS
167,30910 HUACA DE ORO,LIMA-LIMA-LOS OLIVOS
168,3092 KUMAMOTO I,LIMA-LIMA-PUENTE PIEDRA
169,3094,LIMA-LIMA-INDEPENDENCIA
170,3095 PERU KAWACHI,LIMA-LIMA-LOS OLIVOS
171,3095 PERU KAWACHI- LOS OLIVOS,LIMA-LIMA-PUENTE PIEDRA
172,3095 PERÚ KAWACHI LOS OLIVOS,LIMA-LIMA-LIMA
173,3098 CÉSAR VALLEJO,LIMA-LIMA-LIMA
174,315439,LIMA-LIMA-SAN MIGUEL
175,32 MARIANO H. CORNEJO,PUNO-SAN ROMAN-JULIACA
176,33973448,LIMA-LIMA-SAN MARTIN DE PORRES
177,3520 ZAPAN,LIMA-CANTA-SANTA ROSA DE QUIVES
178,3701 FE Y ALEGRIA N1,LIMA-LIMA-SAN MARTIN DE PORRES
179,3701 FE Y ALEGRIA N°1,LIMA-LIMA-SAN MARTIN DE PORRES
180,3710 SAGRADOS CORAZONES,LIMA-LIMA-LIMA
181,3710 SAGRADOS CORAZONES,LIMA-LIMA-PUENTE PIEDRA
182,3719 SANTÍSIMA TRINIDAD,LIMA-LIMA-PUENTE PIEDRA
183,3719 SANTÍSIMA TRINIDAD,LIMA-LIMA-CARABAYLLO
184,3721 SANTA ROSA,LIMA-LIMA-ANCON
185,3721 SANTA ROSA - ANCON,LIMA-LIMA-ANCON
186,4010 HERMANOS RAFAEL Y EMILO GOMEZ PAQUIYAURI,LIMA-LIMA-LIMA
187,50276 AMAUTA,CUSCO-LA CONVENCION-VILCABAMBA
188,5033 LAS 200 MILLAS,CALLAO-CALLAO-CALLAO
189,5051 VIRGEN DE FATIMA,CALLAO-CALLAO-VENTANILLA
190,5080 SOR ANA DE LOS ANGELES,CALLAO-CALLAO-CALLAO
191,5093 ANTONIO RAYMONDI,CALLAO-CALLAO-VENTANILLA
192,5094 NACIONES UNIDAS,LIMA-LIMA-LIMA
193,5097 SAN JUAN MACIAS,LIMA-LIMA-LIMA
194,5098 KUMAMOTO,CALLAO-CALLAO-CALLAO
195,5098 KUMAMOTO,CALLAO-CALLAO-VENTANILLA
196,5099 RICARDO PALMA,CALLAO-CALLAO-CALLAO
197,51,LIMA-LIMA-LIMA
198,511,LIMA-LIMA-LIMA
199,5117,LIMA-LIMA-LIMA
200,5123 FRANCISCO BOLOGNESI,LIMA-LIMA-ANCON
201,5123 FRANCISCO BOLOGNESI CERVANTES,CALLAO-CALLAO-VENTANILLA
202,5124 LIBERTADOR SIMON BOLÍVAR HIROSHIMA,LIMA-LIMA-LIMA
203,5125 CASUARINAS,CALLAO-CALLAO-VENTANILLA
204,5125 LAS CASUARINAS,CALLAO-CALLAO-VENTANILLA
205,5135 LA SALLE,CALLAO-CALLAO-VENTANILLA
206,5143 ESCUELA DE TALENTOS,CALLAO-CALLAO-CALLAO
207,5143 ESCUELA DE TALENTOS,CALLAO-CALLAO-LA PERLA
208,5166 BELLA AURORA,LIMA-LIMA-PUENTE PIEDRA
209,5168 ROSA LUZ,LIMA-LIMA-PUENTE PIEDRA
210,5171 TUPAC AMARU II,LIMA-LIMA-PUENTE PIEDRA
211,5174 JUAN PABLO II,LIMA-LIMA-CARABAYLLO
212,5177 ALAMEDA DEL NORTE,LIMA-LIMA-PUENTE PIEDRA
213,5182 SEÑOR DE LOS MILAGROS,AMAZONAS-CHACHAPOYAS-CHACHAPOYAS
214,52AB6464,LIMA-LIMA-LIMA
215,6039 - FERNANDO CARBAJAL SEGURA,LIMA-LIMA-ATE
216,6041 ALFONZO UGARTE,LIMA-LIMA-SAN JUAN DE MIRAFLORES
217,6047 JOSE MARIA ARGUEDAS,LIMA-LIMA-SANTIAGO DE SURCO
218,6048 JORGE BASADRE,LIMA-LIMA-VILLA EL SALVADOR
219,6049 RICARDO PALMA,LIMA-LIMA-SURQUILLO
220,6050 JUANA ALARCO DE DAMMERT,LIMA-LIMA-MIRAFLORES
221,6051 MERCEDES INDACOCHEA,LIMA-LIMA-BARRANCO
222,6064 FRANCISCO BOLOGNESI,LIMA-LIMA-VILLA EL SALVADOR
223,6070 HEROES DEL ALTO CENEPA,LIMA-LIMA-VILLA EL SALVADOR
224,6082 LOS PRÓCERES,LIMA-LIMA-SANTIAGO DE SURCO
225,6090 JOSÉ OLAYA BALANDRA,LIMA-LIMA-CHORRILLOS
226,6093,LIMA-LIMA-VILLA MARIA DEL TRIUNFO
227,6093 CORONEL JUAN VALER SANDOVAL,LIMA-LIMA-VILLA MARIA DEL TRIUNFO
228,60993 RAMON CASTILLA Y MARQUEZADO,LORETO-MAYNAS-BELEN
229,6151 SAN LUIS GONZAGA,LIMA-LIMA-SAN JUAN DE MIRAFLORES
230,6152 STELLA MARIS,LIMA-LIMA-VILLA MARIA DEL TRIUNFO
231,7 DE JUNIO,AYACUCHO-PARINACOCHAS-PULLO
232,7041 VIRGEN DE LA MERCED,LIMA-LIMA-SAN JUAN DE MIRAFLORES
233,7050 NICANOR RIVERA CACERES,LIMA-LIMA-BARRANCO
234,7054,LIMA-LIMA-SANTIAGO DE SURCO
235,7054,LIMA-LIMA-VILLA MARIA DEL TRIUNFO
236,7061,LIMA-LIMA-SAN JUAN DE MIRAFLORES
237,7061 LOS HEROES DE SAN JUAN,LIMA-LIMA-SAN JUAN DE MIRAFLORES
238,7069 CESAR VALLEJO,LIMA-LIMA-SAN JUAN DE MIRAFLORES
239,7079 RAMIRO PRIALE PRIALE,LIMA-LIMA-SAN JUAN DE MIRAFLORES
240,7084 MANUEL GONZÁLEZ PRADA,LIMA-LIMA-SAN BORJA
241,7086 LOS PRECURSORES,LIMA-LIMA-SANTIAGO DE SURCO
242,7096 PRÍNCIPE DE ASTURIAS,LIMA-LIMA-VILLA EL SALVADOR
243,7098 RODRIGO LARA BONILLA,LIMA-LIMA-LURIN
244,7215 NACIONES UNIDAS,LIMA-LIMA-VILLA EL SALVADOR
245,7224 ELIAS AGUIRRE,LIMA-LIMA-VILLA EL SALVADOR
246,7228 PERUANO CANADIENSE,LIMA-LIMA-VILLA EL SALVADOR
247,7259 VICTOR RAÚL HAYA DE LA TORRE,LIMA-LIMA-PACHACAMAC
248,7265,LIMA-LIMA-PACHACAMAC
249,787 ALMIRANTE MIGUEL GRAU,LIMA-LIMA-CHACLACAYO
250,80407 GONZALO UGAS SALCEDO,LA LIBERTAD-PACASMAYO-PACASMAYO
251,8170 CÉSAR VALLEJO,LIMA-LIMA-COMAS
252,8180 CELSO LINO RICALDI,LIMA-LIMA-LIMA
253,8184 SAN BENITO,LIMA-LIMA-CARABAYLLO
254,84227 SAN ANTONIO,ANCASH-SIHUAS-SAN JUAN
255,86040 SUIZA PERUANA,ANCASH-HUARAZ-INDEPENDENCIA
256,86643 IE JEC SANTO TORIBIO,ANCASH-YUNGAY-CASCAPARA
257,88106,ANCASH-HUARMEY-HUARMEY
258,88203,ANCASH-PALLASCA-SANTA ROSA
259,9 DE DICIEMBRE,AYACUCHO-PARINACOCHAS-CORACORA
260,91 JOSE IGNACIO MIRANDA,PUNO-SAN ROMAN-JULIACA
261,A-28 PERÚ BIRF,PUNO-AZANGARO-AZANGARO
262,AB SIMPSON,LIMA-LIMA-LINCE
263,ABEL TORO CONTRERAS,LA LIBERTAD-CHEPEN-PACANGA
264,ABILIA OCAMPO,SAN MARTIN-RIOJA-RIOJA
265,ABRAHAM LINCOLN,JUNIN-HUANCAYO-HUANCAYO
266,ABRAHAM LINCOLN COLLEGE,LIMA-LIMA-SAN MARTIN DE PORRES
267,ABRAHAM LINCONL,JUNIN-HUANCAYO-HUANCAYO
268,ABRAHAM VALDELOMAR,LIMA-LIMA-SAN JUAN DE LURIGANCHO
269,ACADEMIA - COLEGIO MANUEL AREVALO,LIMA-LIMA-LIMA
270,AE DE JESUS MANGOMARCA,LIMA-LIMA-SAN JUAN DE LURIGANCHO
271,AGUA BLANCA,HUANUCO-HUAMALIES-MONZON
272,ALAMEDA DEL NORTE,LIMA-LIMA-PUENTE PIEDRA
273,ALAMEDA DEL NORTE 5177,LIMA-LIMA-PUENTE PIEDRA
274,ALBERT EINSTEIN,LIMA-LIMA-LIMA
275,ALBERT EINSTEIN,ANCASH-HUARAZ-HUARAZ
276,ALBERT EINSTEIN,PASCO-PASCO-CHAUPIMARCA
277,ALBERT EINSTEIN,LIMA-LIMA-CARABAYLLO
278,ALBERT EINSTEIN,ANCASH-HUARAZ-INDEPENDENCIA
279,ALBERT EINSTEIN,ANCASH-HUARI-SAN MARCOS
280,ALBERT EINSTEIN,PUNO-SAN ROMAN-JULIACA
281,ALBERT EISTEIN,PUNO-SAN ROMAN-JULIACA
282,ALBERT EISTEN,ANCASH-HUARAZ-INDEPENDENCIA
283,ALBERTO BENJAMIN SIMPSON,LIMA-LIMA-LINCE
284,ALBERTO FLORES GALINDO,AREQUIPA-CASTILLA-ORCOPAMPA
285,ALBORADA,LIMA-LIMA-LINCE
286,ALCIDES CARRION,LIMA-LIMA-COMAS
287,ALCIDES SPELUCIN VEGA,LIMA-LIMA-LIMA
288,ALCIDES SPELUCIN VEGA,CALLAO-CALLAO-CALLAO
289,ALCIDES VIGO HURTADO,LIMA-LIMA-SANTIAGO DE SURCO
290,ALCIDES VIGO HURTADO,UCAYALI-CORONEL PORTILLO-CALLERIA
291,ALCIDEZ CARRION,HUANCAVELICA-HUANCAVELICA-HUANCAVELICA
292,ALEJANDRO SANCHEZ ARTEAGA,AMAZONAS-UTCUBAMBA-BAGUA GRANDE
293,ALEJANDRO SANCHEZ ARTEAGA 16210,AMAZONAS-UTCUBAMBA-BAGUA GRANDE
294,ALEJANDRO SÁNCHEZ ARTEAGA,LIMA-LIMA-SAN JUAN DE LURIGANCHO
295,ALESSANDRO VOLTA,LIMA-HUAROCHIRI-SAN ANTONIO
296,ALEXANDER GRAHAM BELL,LIMA-LIMA-COMAS
297,ALEXANDER GRAHAM BELL,LIMA-LIMA-LIMA
298,ALEXANDER VON HUMBOLDT,ICA-PISCO-PISCO
299,ALEXANDER VON HUMBOLDT,LIMA-LIMA-VILLA EL SALVADOR
300,ALEXANDER VON HUMBOLDT,LIMA-LIMA-LOS OLIVOS
301,ALEXANDER VON HUMBOLDT,TACNA-TACNA-CORONEL GREGORIO ALBARRACIN LANCHIP
302,ALFA,CALLAO-CALLAO-VENTANILLA
303,ALFA COMAS,LIMA-LIMA-COMAS
304,ALFA GROUP,LIMA-LIMA-LIMA
305,ALFA GROUP,LIMA-LIMA-SAN MARTIN DE PORRES
306,ALFAGROUP,LIMA-LIMA-LIMA
307,ALFONSO RODRIGUEZ NAJARRO,APURIMAC-CHINCHEROS-HUACCANA
308,ALFONSO UGARTE,LIMA-LIMA-LIMA
309,ALFONSO UGARTE,LIMA-LIMA-CHORRILLOS
310,ALFONSO UGARTE,LIMA-LIMA-SANTA ANITA
311,ALFONSO UGARTE,LIMA-LIMA-SAN ISIDRO
312,ALFONSO UGARTE,LIMA-LIMA-BREÑA
313,ALFONSO UGARTE,LIMA-LIMA-EL AGUSTINO
314,ALFONSO UGARTE 1071,LIMA-LIMA-SAN ISIDRO
315,ALFONSO UGARTE 6041,LIMA-LIMA-SAN JUAN DE MIRAFLORES
316,ALFONSO UGARTE 6041,LIMA-LIMA-LIMA
317,ALFONSO UGARTE DE HUAYCAN,LIMA-LIMA-ATE
318,ALFRED NOBEL,LIMA-LIMA-LIMA
319,ALFRED NOBEL,LIMA-LIMA-PUENTE PIEDRA
320,ALFRED NOBEL,LIMA-LIMA-COMAS
321,ALFRED NOBEL,AMAZONAS-CHACHAPOYAS-CHACHAPOYAS
322,ALFRED NOBEL,ANCASH-CARHUAZ-CARHUAZ
323,ALFRED NOBEL,LIMA-LIMA-CIENEGUILLA
324,ALFRED NOBEL,LIMA-LIMA-ATE
325,ALFRED NOVEL,AMAZONAS-CHACHAPOYAS-CHACHAPOYAS
326,ALFREDO BONIFAZ FONSECA,LIMA-LIMA-LIMA
327,ALFREDO REBAZA ACOSTA,LIMA-LIMA-LOS OLIVOS
328,ALFREDO REBAZA ACOSTA DE LOS JAZMINES,CALLAO-CALLAO-CALLAO
329,ALMA MATER,LIMA-LIMA-SAN JUAN DE MIRAFLORES
330,ALMIRANTE MIGUEL GRAU 2066,LIMA-LIMA-ANCON
331,ALMIRANTE MIGUEL GRAU 2066 ANCON.,LIMA-LIMA-ANCON
332,ALMIRANTE MIGUEL GRAU 2066 UGEL4,LIMA-LIMA-ANCON
333,ALMIRANTE MIGUEL GRAU 787,LIMA-LIMA-CHACLACAYO
334,ALMIRANTE MIGUEL GRAU N°2066,LIMA-LIMA-ANCON
335,ALTERNATIVO TALENTOS,CALLAO-CALLAO-VENTANILLA
336,AMAUTA,LIMA-LIMA-COMAS
337,AMAUTA,LIMA-LIMA-ATE
338,AMAUTA 1260,LIMA-LIMA-ATE
339,AMAUTA 50276,CUSCO-LA CONVENCION-VILCABAMBA
340,AMAUTA ATUSPARIA,ANCASH-ASUNCION-CHACAS
341,AMAZONAS,HUANUCO-LEONCIO PRADO-RUPA-RUPA
342,AMAZONAS,LORETO-MAYNAS-IQUITOS
343,AMERICA HIGH SCHOOL,CALLAO-CALLAO-BELLAVISTA
344,AMERICAN SYSTEMS,LIMA-LIMA-VILLA EL SALVADOR
345,AMERICANO,LIMA-LIMA-SAN JUAN DE LURIGANCHO
346,AMERICO GARIBALDI GHERSI,MOQUEGUA-ILO-EL ALGARROBAL
347,AMIGOS DE JESÚS,LIMA-LIMA-SAN JUAN DE LURIGANCHO
348,AMISTAD PERU JAPON N168,LIMA-LIMA-LIMA
349,AMPARAES NUESTRA SEÑORA DE FATIMA,CUSCO-CALCA-LARES
350,AMUTA,LIMA-LIMA-COMAS
351,AMÉRICA,APURIMAC-ABANCAY-ABANCAY
352,AMÉRICA 7101,LIMA-LIMA-SAN JUAN DE MIRAFLORES
353,ANA MARIA JAVOUHEY,CALLAO-CALLAO-CALLAO
354,ANA MARIA KAN,LIMA-LIMA-CARABAYLLO
355,ANA MARÍA JAVOUHEY,CALLAO-CALLAO-CALLAO
356,ANA MARÍA KAN,LIMA-LIMA-CARABAYLLO
357,ANDEAN LIGHT,PUNO-SAN ROMAN-JULIACA
358,ANDEAN LIGHT SCHOOL,PUNO-SAN ROMAN-JULIACA
359,ANDRE AVELINO CÁCERES DORREGARAY 20975,LIMA-CAÑETE-SAN VICENTE DE CAÑETE
360,ANDRES A.CACERES - MORAN LIRIO,CAJAMARCA-HUALGAYOC-HUALGAYOC
361,ANDRES A.CACERES-MORAN LIRIO,CAJAMARCA-HUALGAYOC-HUALGAYOC
362,ANDRES AVELINO CACERES,LORETO-MAYNAS-IQUITOS
363,ANDRES AVELINO CACERES 3033,LIMA-LIMA-SAN MARTIN DE PORRES
364,ANDRES AVELINO CACERES DORREGARAY,LIMA-CAÑETE-SAN VICENTE DE CAÑETE
365,ANDRES BELLO,LIMA-LIMA-COMAS
366,ANDRES DE LOS REYES,LIMA-HUARAL-HUARAL
367,ANDRÉS AVELINO CÁCERES,LIMA-LIMA-SAN MARTIN DE PORRES
368,ANDRÉS AVELINO CÁCERES,LIMA-LIMA-SAN JUAN DE LURIGANCHO
369,ANDRÉS AVELINO CÁCERES,LIMA-LIMA-LIMA
370,ANDRÉS AVELINO CÁCERES DORREGARAY,LIMA-LIMA-EL AGUSTINO
371,ANDRÉS AVELINO CÁCERES DORREGARAY 30637,JUNIN-SATIPO-PANGOA
372,ANDRÉS BELLO CEBA,CUSCO-CUSCO-CUSCO
373,ANDRÉS DE LOS REYES,LIMA-HUARAL-HUARAL
374,ANGELO PATRI,LIMA-LIMA-SAN JUAN DE LURIGANCHO
375,ANGLO AMERICANO,LIMA-LIMA-SAN JUAN DE LURIGANCHO
376,ANGÉLICA RECHARTE,LIMA-LIMA-MAGDALENA DEL MAR
377,ANNIE SCHOOL,LIMA-LIMA-SAN JUAN DE MIRAFLORES
378,ANNIES SCHOOL,LIMA-LIMA-SAN JUAN DE MIRAFLORES
379,ANT SCHOOL,CAJAMARCA-CAJAMARCA-LOS BAÑOS DEL INCA
380,ANTENOR ORREGO ESPINOZA,LIMA-HUAROCHIRI-SAN ANTONIO
381,ANTENOR ORREGO ESPINOZA,LIMA-LIMA-SAN JUAN DE LURIGANCHO
382,ANTHONY ZAMMIT,AYACUCHO-LA MAR-SANTA ROSA
383,ANTHONY ZAMMITH,AYACUCHO-HUAMANGA-AYACUCHO
384,ANTON COLLAGE,CALLAO-CALLAO-CARMEN DE LA LEGUA REYNOSO
385,ANTON COLLEGE,CALLAO-CALLAO-CARMEN DE LA LEGUA REYNOSO
386,ANTON MAKARENKO,LIMA-LIMA-COMAS
387,ANTON MAKARENKO,LIMA-LIMA-LIMA
388,ANTONIA MORENO DE CÁCERES,LIMA-LIMA-SAN JUAN DE LURIGANCHO
389,ANTONIO RAIMONDI,JUNIN-TARMA-HUARICOLCA
390,ANTONIO RAIMONDI,ICA-PISCO-PISCO
391,ANTONIO RAIMONDI,CAJAMARCA-CAJAMARCA-CAJAMARCA
392,ANTONIO RAIMONDI,LIMA-LIMA-SAN MARTIN DE PORRES
393,ANTONIO RAYMONDI,LIMA-LIMA-CARABAYLLO
394,ANTONIO RAYMONDI,LIMA-LIMA-SAN MARTIN DE PORRES
395,ANTONIO RAYMONDI 5093,CALLAO-CALLAO-VENTANILLA
396,ANTÚNEZ DE MAYOLO,LIMA-LIMA-LIMA
397,APEHIRON HELICOIDAL,LIMA-LIMA-SAN MARTIN DE PORRES
398,APEIRON,LIMA-LIMA-ATE
399,APEIRON,LIMA-LIMA-SAN MARTIN DE PORRES
400,APEIRON,CALLAO-CALLAO-CALLAO
401,APEIRON HELICOIDAL,LIMA-LIMA-SAN MARTIN DE PORRES
402,APLICACION SAN MARCOS,LIMA-LIMA-LINCE
403,APLICACIÓN SAN MARCOS,LIMA-LIMA-LA VICTORIA
404,APOLO XIII,LIMA-LIMA-CARABAYLLO
405,APOLOXIII,LIMA-LIMA-CARABAYLLO
406,APOSTOL SAN PEDRO,LIMA-CAÑETE-MALA
407,APOSTOL SAN PEDRO,LIMA-LIMA-SAN LUIS
408,APOSTOL SAN PEDRO I.E.P.,LIMA-LIMA-LIMA
409,APOSTOL SAN PEDRO I.E.P.,LIMA-LIMA-SAN JUAN DE LURIGANCHO
410,APPU,LIMA-LIMA-EL AGUSTINO
411,APPU JUAN CRONIQUEUR,LIMA-LIMA-EL AGUSTINO
412,APÓSTOL SAN PEDRO,LIMA-LIMA-SAN LUIS
413,APÓSTOL SANTIAGO - 20745,LIMA-YAUYOS-VITIS
414,AREAS TECNICAS SANTIAGO DE VADO,AYACUCHO-LUCANAS-LUCANAS
415,ARIEL,LIMA-LIMA-LURIGANCHO
416,ARQUIDIOCESANO SAN ANTONIO ABAD,CUSCO-CUSCO-CUSCO
417,ARQUITECTOS SCHOOL,LIMA-LIMA-LOS OLIVOS
418,ARTURO HONORES DE SAN MARTÍN,LIMA-LIMA-SAN MARTIN DE PORRES
419,ARTURO PADILLA ESPINOZA,CALLAO-CALLAO-VENTANILLA
420,ARTURO PADILLA ESPINOZA,CALLAO-CALLAO-CALLAO
421,ASOCIACIÓN CULTURAL JOHANNES GUTENBERG,LIMA-LIMA-LIMA
422,ASOCIACIÓN EDUCATIVA DE JESÚS,LIMA-LIMA-SAN JUAN DE LURIGANCHO
423,ASOCIACIÓN EDUCATIVA SACO OLIVEROS,LIMA-LIMA-SAN MARTIN DE PORRES
424,ATENEO DE LA MOLINA,LIMA-LIMA-LIMA
425,ATENEO DE LA MOLINA,LIMA-LIMA-LA MOLINA
426,AUGUSTO B LEGUÍA,LIMA-LIMA-PUENTE PIEDRA
427,AUGUSTO B. LEGUIA,LIMA-LIMA-PUENTE PIEDRA
428,AUGUSTO B. LEGUÍA,LIMA-LIMA-PUENTE PIEDRA
429,AUGUSTO B.LEGUIA,LIMA-LIMA-PUENTE PIEDRA
430,AUGUSTO BERNARDINO LEGUIA,LIMA-LIMA-PUENTE PIEDRA
431,AUGUSTO N WISSE,LIMA-LIMA-EL AGUSTINO
432,AUGUSTO N. WISSE,LIMA-LIMA-EL AGUSTINO
433,AUGUSTO SALAZAR BONDY,LIMA-LIMA-SAN MARTIN DE PORRES
434,AUGUSTO SALAZAR BONDY,PIURA-TALARA-LOS ORGANOS
435,AUGUSTO SALAZAR BONDY,LIMA-HUARAL-CHANCAY
436,AUGUSTO SALAZAR BONDY,AYACUCHO-HUANCA SANCOS-SANTIAGO DE LUCANAMARCA
437,AUGUSTO SALAZAR BONDY,CAJAMARCA-JAEN-JAEN
438,AUGUSTO SALAZAR BONDY 2023,LIMA-LIMA-SAN MARTIN DE PORRES
439,AUGUSTO SALAZAR BONDY 4015,CALLAO-CALLAO-CARMEN DE LA LEGUA REYNOSO
440,AUGUSTO SALAZAR BONDY N 88047,ANCASH-SANTA-NUEVO CHIMBOTE
441,AUGUSTO WIESE,LIMA-LIMA-EL AGUSTINO
442,AURELIO BALDOR,LIMA-LIMA-INDEPENDENCIA
443,AURELIO CARDENAS,HUANUCO-DOS DE MAYO-LA UNION
444,AURELIO MIRO QUESADA SOSA 1140,LIMA-LIMA-LA MOLINA
445,AURELIO MIROQUE SADA SOSA 1140,LIMA-LIMA-LA MOLINA
446,AURELIO MIRÓ QUESADA SOSA 1140 LA MOLINA,LIMA-LIMA-LA MOLINA
447,AURORA INES TEJADA,APURIMAC-ABANCAY-ABANCAY
448,AV.DEFENSORES DEL MORRO 1661,LIMA-LIMA-CHORRILLOS
449,AVANT GARD LIMA-SUR,LIMA-LIMA-VILLA EL SALVADOR
450,AVANTGAR,LIMA-LIMA-LIMA
451,AVANTGAR,LIMA-HUAURA-SANTA MARIA
452,B GROUP,CALLAO-CALLAO-CARMEN DE LA LEGUA REYNOSO
453,B-GROUP,CALLAO-CALLAO-CARMEN DE LA LEGUA REYNOSO
454,B. GROUP,CALLAO-CALLAO-CALLAO
455,B. GROUP,CALLAO-CALLAO-CARMEN DE LA LEGUA REYNOSO
456,B.F. SKINNER,LIMA-LIMA-CARABAYLLO
457,B.GROUP,CALLAO-CALLAO-CARMEN DE LA LEGUA REYNOSO
458,B.GROUP,LIMA-LIMA-LIMA
459,B.GROUP,CALLAO-CALLAO-CALLAO
460,B.GROUP I.E.P,CALLAO-CALLAO-VENTANILLA
461,BALDOR,LIMA-LIMA-SAN MARTIN DE PORRES
462,BALDOR,CALLAO-CALLAO-CALLAO
463,BARBARA D ACHILLE,CALLAO-CALLAO-CARMEN DE LA LEGUA REYNOSO
464,BARCIA BONIFATTI,LIMA-LIMA-RIMAC
465,BARCIA BONIFFATTI,LIMA-LIMA-RIMAC
466,BARTOLOME HERRERA,LIMA-LIMA-SAN MIGUEL
467,BARTOLOMÉ HERRERA,LIMA-LIMA-LOS OLIVOS
468,BARTOLOMÉ HERRERA,LIMA-LIMA-SAN MIGUEL
469,BARTON,LIMA-LIMA-COMAS
470,BARTON,LIMA-LIMA-PUENTE PIEDRA
471,BARTON COMAS,LIMA-LIMA-COMAS
472,BARTON DE COMAS,LIMA-LIMA-LIMA
473,BAUTISTA,LIMA-LIMA-RIMAC
474,BAUTISTA,UCAYALI-CORONEL PORTILLO-CALLERIA
475,BEATA ANA MARIA JAVOHUEY,CALLAO-CALLAO-CALLAO
476,BEATA ANA MARÍA JAVOUHEY,LIMA-LIMA-LIMA
477,BEATA ANA MARÍA JAVOUHEY,CALLAO-CALLAO-CALLAO
478,BEATA SARITA COLONIA,CALLAO-CALLAO-CALLAO
479,BELEN,LIMA-LIMA-CARABAYLLO
480,BELEN DE OSMA Y PARDO,APURIMAC-ANDAHUAYLAS-ANDAHUAYLAS
481,BELLAVISTA,PASCO-PASCO-SIMON BOLIVAR
482,BELÉN,LIMA-LIMA-CARABAYLLO
483,BENITO JUAREZ 0073,LIMA-LIMA-SAN JUAN DE LURIGANCHO
484,BENTHAM BREÑZ,LIMA-LIMA-LIMA
485,BERNARD BLEMKER,JUNIN-CHUPACA-CHUPACA
486,BERNE,LIMA-LIMA-COMAS
487,BERNHAD BOLZANO,LIMA-LIMA-SAN JUAN DE LURIGANCHO
488,BERNHALD BOLZANO,LIMA-LIMA-SAN JUAN DE LURIGANCHO
489,BERTOLT BRECH,LIMA-LIMA-SAN JUAN DE LURIGANCHO
490,BERTOLT BRECH,LIMA-LIMA-LIMA
491,BERTOLT BRECHT,JUNIN-JAUJA-JAUJA
492,BERTOLT BRECHT,LIMA-LIMA-CARABAYLLO
493,BERTOLT BRECHT,LIMA-LIMA-SAN JUAN DE LURIGANCHO
494,BERTOLT BRECHT,LIMA-LIMA-LIMA
495,BERTOLT BRECHT BREZING,LIMA-LIMA-SAN JUAN DE LURIGANCHO
496,BH SCHOOL,LIMA-LIMA-SAN MARTIN DE PORRES
497,BH SCHOOL,LIMA-LIMA-LOS OLIVOS
498,BH SCHOOL SMP,LIMA-LIMA-LIMA
499,BHSCHOOL,LIMA-LIMA-LIMA
500,BLAISE PASCAL,LIMA-LIMA-CIENEGUILLA
501,BLAISE PASCAL COLLEGE,LIMA-LIMA-CIENEGUILLA
502,BLAS PASCAL,LIMA-LIMA-SAN JUAN DE LURIGANCHO
503,BLAS PASCAL,CALLAO-CALLAO-CALLAO
504,BLAS VALERA,AMAZONAS-CHACHAPOYAS-CHACHAPOYAS
505,BLAS VALERA,AMAZONAS-LUYA-LAMUD
506,BOCA KIATARY,JUNIN-SATIPO-PANGOA
507,BRUNO TERREROS,LIMA-LIMA-LURIGANCHO
508,BRÍGIDA SILVA DE OCHOA,LIMA-LIMA-BARRANCO
509,BUEN PASTOR,PUNO-SAN ROMAN-JULIACA
510,C E D EL BUEN PASTOR,LIMA-LIMA-LOS OLIVOS
511,C.E ANTONIO RAIMONDI,LA LIBERTAD-PACASMAYO-PACASMAYO
512,C.E SAN ANTONIO DE PADUA,LIMA-LIMA-LIMA
513,C.E. EL CARMELO,LIMA-LIMA-PUEBLO LIBRE
514,C.E.P ELITEX,LIMA-LIMA-CARABAYLLO
515,C.E.P MIGUEL ÁNGEL ASTURIAS,LIMA-LIMA-COMAS
516,C.E.P SAN JUAN BOSCO,ANCASH-HUARMEY-HUARMEY
517,C.E.P SAN JUAN BOSCO - HUARMEY,ANCASH-HUARMEY-HUARMEY
518,C.E.P. ALFONSO UGARTE,LIMA-LIMA-SANTA ANITA
519,C.E.P. LA SAGRADA FAMILIA,LIMA-LIMA-ATE
520,C.E.P. SAN JUAN BOSCO EIRL,JUNIN-CHANCHAMAYO-SAN RAMON
521,C.E.P. SANTA MARÍA GORETTI,LIMA-LIMA-LA VICTORIA
522,C.EB.A.P SANTO DOMINGO,LIMA-LIMA-COMAS
523,C.N. JULIO CESAR TELLO - MATUCANA,LIMA-HUAROCHIRI-MATUCANA
524,C.N.E. AURELIO CARDENAS,HUANUCO-DOS DE MAYO-LA UNION
525,C.N.I,LIMA-CAÑETE-IMPERIAL
526,C.T.E JESUS OBRERO,LIMA-LIMA-COMAS
527,C.T.E JESUS OBRERO,LIMA-LIMA-LIMA
528,C.T.E JESÚS OBRERO,LIMA-LIMA-COMAS
529,C.T.E. JESUS OBRERO,LIMA-LIMA-COMAS
530,C.T.P.P.CH. SAN FRANCISCO DE ASIS - HUAYCAN,LIMA-LIMA-ATE
531,CABANILLAS DEUSTUA,PUNO-SAN ROMAN-CABANILLAS
532,CADILLO,LIMA-LIMA-LIMA
533,CADILLO,LIMA-LIMA-SAN MARTIN DE PORRES
534,CAHUIDE,JUNIN-CHUPACA-YANACANCHA
535,CALIFORNIA SCHOOL,LIMA-LIMA-VILLA EL SALVADOR
536,CALLAO,CALLAO-CALLAO-BELLAVISTA
537,CALLE SANTA ROSA MZ.I LT . 24 P.J.CARMEN ALTO,LIMA-LIMA-COMAS
538,CAMINO A BELEN I.E.P,LIMA-LIMA-LIMA
539,CAMINO A BELÉN,LIMA-LIMA-LOS OLIVOS
540,CAP.ALIPIO PONCE VASQUEZ,LIMA-LIMA-SAN JUAN DE LURIGANCHO
541,CAPITAN MARCELINO VALEVERDE SOLORZANO,ANCASH-SIHUAS-SIHUAS
542,CAPITÁN ALIPIO PONCE VASQUEZ,LIMA-LIMA-SAN JUAN DE LURIGANCHO
543,CAPITÁN MARCELINO VALVERDE SOLORZANO,ANCASH-SIHUAS-SIHUAS
544,CARDANO VIETA INGENIEROS,LIMA-LIMA-SAN MARTIN DE PORRES
545,CARDANO VIETE INGENIEROS,ANCASH-SANTA-NUEVO CHIMBOTE
546,CARL FRIEDRICH GAUSS,LIMA-LIMA-CARABAYLLO
547,CARL FRIEDRICH GAUSS,LIMA-LIMA-LIMA
548,CARL FRIEDRICH GAUSS,CAJAMARCA-CAJAMARCA-CAJAMARCA
549,CARLOS CUETO FERNANDINI,LIMA-LIMA-LOS OLIVOS
550,CARLOS FERMÍN FITZCARALD,ANCASH-CARLOS FERMIN FITZCARRALD-SAN LUIS
551,CARLOS GUTIERREZ MERINO,LIMA-LIMA-LIMA
552,CARLOS GUTIERREZ MERINO,LIMA-LIMA-ANCON
553,CARLOS GUTIÉRREZ MERINO,LIMA-LIMA-ANCON
554,CARLOS MARTIN ACEVEDO ROSALES,LIMA-LIMA-SAN MARTIN DE PORRES
555,CARLOS NORIEGA JIMENEZ,JUNIN-SATIPO-PAMPA HERMOSA
556,CARLOS NORIEGA JIMÉNEZ,LIMA-LIMA-SAN JUAN DE LURIGANCHO
557,CARLOS NORIEGUA JIMENEZ,LIMA-LIMA-SAN JUAN DE LURIGANCHO
558,CARLOS OQUEDO DE AMAT,PUNO-SANDIA-CUYOCUYO
559,CARLOS OQUENDO DE AMAT,PUNO-SANDIA-CUYOCUYO
560,CARLOS PAREJA PAZ SOLDÁN,LIMA-LIMA-RIMAC
561,CARLOS RUBINA BURGOS,PUNO-PUNO-PUNO
562,CARLOS WIESSE,LIMA-LIMA-COMAS
563,CASA ABIERTA DE NAZARETH,LIMA-LIMA-VILLA EL SALVADOR
564,CASABLANCA DE JESUS,LIMA-LIMA-LURIGANCHO
565,CASABLANCA DE JESUS,LIMA-LIMA-SAN JUAN DE LURIGANCHO
566,CASTILLO DEL REY,LIMA-LIMA-PUENTE PIEDRA
567,CATOLICA,LIMA-LIMA-INDEPENDENCIA
568,CATOLICA HIGH SCHOOL,LIMA-LIMA-INDEPENDENCIA
569,CATOLICO SAN PIO X,LIMA-LIMA-LOS OLIVOS
570,CAYETANO HEREDIA,LIMA-BARRANCA-PATIVILCA
571,CC BUEN PASTOR,PUNO-SAN ROMAN-JULIACA
572,CEBA 0137 MIGUEL GRAU SEMINARIO,LIMA-LIMA-SAN JUAN DE LURIGANCHO
573,CEBA DON BOSCO CHACAS,ANCASH-ASUNCION-CHACAS
574,CEBA INCA GARCILASO DE LA VEGA,PUNO-SAN ROMAN-JULIACA
575,CEBA INCA GARCILAZO DE LA VEGA,PUNO-SAN ROMAN-JULIACA
576,CEBA JEAN JACQUES ROUSSEAU,CALLAO-CALLAO-CARMEN DE LA LEGUA REYNOSO
577,CEBA LA SORBONA,LIMA-LIMA-LIMA
578,CEBA METROPOLITANO,LIMA-LIMA-LINCE
579,CEBA PEBAL,LIMA-LIMA-SAN JUAN DE MIRAFLORES
580,CEBA SAN CRISTOBAL,ICA-CHINCHA-CHINCHA ALTA
581,CEBA SAN MARCO,LIMA-LIMA-COMAS
582,CEBA VON NEWMAN,LIMA-LIMA-SAN JUAN DE LURIGANCHO
583,CEBA-FRANCISCO IZQUIERDO RIOS,SAN MARTIN-SAN MARTIN-TARAPOTO
584,CEBA-SACO OLIVEROS,LIMA-LIMA-SAN JUAN DE MIRAFLORES
585,CENTRO DE VARONES EX 451,LIMA-CAÑETE-SAN VICENTE DE CAÑETE
586,CENTRO EDUCATIVO JACQUES COUSTEAU,LIMA-LIMA-LA MOLINA
587,CENTRO EDUCATIVO PARTICULAR SAN ANTONIO DE PADURA,SAN MARTIN-SAN MARTIN-TARAPOTO
588,CEP EL BUEN PASTOR,LIMA-LIMA-LOS OLIVOS
589,CEP LOS SIERVOS DE JESÚS,LIMA-LIMA-RIMAC
590,CEP SALESIANO SANTA ROSA,JUNIN-HUANCAYO-EL TAMBO
591,CEP SAN FRANCISCO JAVIER,LIMA-LIMA-BREÑA
592,CEP SAN JUAN BOSCO,ANCASH-HUARMEY-HUARMEY
593,CEP VIRGEN DE FATIMA DE BARRANCO,LIMA-LIMA-BARRANCO
594,CEP. LOS HIJOS DE MARIA,LIMA-LIMA-SAN JUAN DE LURIGANCHO
595,CEPCUM MAKARENKO,LIMA-LIMA-SAN JUAN DE LURIGANCHO
596,CEPD EL BUEN PASTOR,LIMA-LIMA-LOS OLIVOS
597,CEPRE-INYARI,LIMA-LIMA-LOS OLIVOS
598,CER SANTA CATALINA,PUNO-SAN ROMAN-JULIACA
599,CERMAT SCHOOL,PUNO-SAN ROMAN-JULIACA
600,CERVANTES SCHOOL,LIMA-LIMA-PUENTE PIEDRA
601,CESA VALLEJO DE PAYET,LIMA-LIMA-INDEPENDENCIA
602,CESAR A. VALLEJO,LIMA-LIMA-LA VICTORIA
603,CESAR ABRAHAM VALLEJO MENDOZA,HUANCAVELICA-CASTROVIRREYNA-AURAHUA
604,CESAR ALCIDES DE LA CRUZ DELGADO,AMAZONAS-LUYA-CAMPORREDONDO
605,CESAR CANEVARO,LIMA-LIMA-SAN JUAN DE MIRAFLORES
606,CESAR ESCOBAR,LIMA-LIMA-SAN JUAN DE MIRAFLORES
607,CESAR VALLEJO,LIMA-HUARAL-CHANCAY
608,CESAR VALLEJO,LIMA-LIMA-RIMAC
609,CESAR VALLEJO,LIMA-LIMA-LA VICTORIA
610,CESAR VALLEJO,ANCASH-ASUNCION-CHACAS
611,CESAR VALLEJO,PUNO-SAN ROMAN-JULIACA
612,CESAR VALLEJO,AYACUCHO-HUAMANGA-AYACUCHO
613,CESAR VALLEJO 3098,LIMA-LIMA-ANCON
614,CESAR VALLEJO 7069,LIMA-LIMA-SAN JUAN DE MIRAFLORES
615,CHAPERITO SCHOOLS,CALLAO-CALLAO-CALLAO
616,CHILA,APURIMAC-COTABAMBAS-CHALLHUAHUACHO
617,CHRISTIAN BARNARD DE VILLA,LIMA-LIMA-VILLA MARIA DEL TRIUNFO
618,CHRISTIAN COLLEGE,LIMA-LIMA-LA MOLINA
619,CHUCAHUACAS,PUNO-AZANGARO-CHUPA
620,CIBERT - UNI,LIMA-LIMA-SANTA ANITA
621,CIBERT - UNI,LIMA-LIMA-SAN JUAN DE LURIGANCHO
622,CIBERT UNI,LIMA-LIMA-ATE
623,CIBERT UNI,LIMA-LIMA-SAN JUAN DE LURIGANCHO
624,CIBERT UNI,LIMA-LIMA-LIMA
625,CIBERT UNI-BARBADILLO -ATE,LIMA-LIMA-ATE
626,CIBERT-UNI,LIMA-LIMA-SAN JUAN DE LURIGANCHO
627,CIBERT-UNI,LIMA-LIMA-ATE
628,CIBERT-UNI,LIMA-LIMA-LIMA
629,CICULO INGENIERIA,LIMA-LIMA-LIMA
630,CIENCIA Y TECNOLOGÍA,CAJAMARCA-CAJAMARCA-CAJAMARCA
631,CIENCIAS,AYACUCHO-HUAMANGA-AYACUCHO
632,CIENCIAS,SAN MARTIN-SAN MARTIN-TARAPOTO
633,CIENCIAS NEWTON,LIMA-LIMA-LIMA
634,CIENCIAS NEWTON,LIMA-LIMA-SAN MARTIN DE PORRES
635,CIENCIAS NEWTON S.M.P,LIMA-LIMA-SAN MARTIN DE PORRES
636,CIENCIAS SIGLO XXI,LIMA-LIMA-PUENTE PIEDRA
637,CIENCIAS Y HUMANIDADES,JUNIN-YAULI-LA OROYA
638,CIENCIAS Y HUMANIDADES LUIS ALBERTO SANCHEZ,LIMA-LIMA-COMAS
639,CIENCIAS Y TECNOLOGIA,LIMA-LIMA-PUENTE PIEDRA
640,CIENTIFICO DEL NORTE,LIMA-LIMA-CARABAYLLO
641,CIENTIFICO DEL NORTE,LIMA-LIMA-COMAS
642,CIENTIFICO ISAAC NEWTON,LIMA-LIMA-ATE
643,CIENTÍFICO DEL NORTE,AMAZONAS-CHACHAPOYAS-CHACHAPOYAS
644,CIENTÍFICO DEL NORTE,LIMA-LIMA-LIMA
645,CIENTÍFICO ISAAC NEWTON,LIMA-LIMA-ATE
646,CIMA,LAMBAYEQUE-CHICLAYO-CHICLAYO
647,CIMA,LAMBAYEQUE-CHICLAYO-LA VICTORIA
648,CIRCULO A1,LIMA-LIMA-SAN JUAN DE LURIGANCHO
649,CIRCULO A1 SCHOOL,LIMA-LIMA-SAN JUAN DE LURIGANCHO
650,CIRCULO INGENIERÍA HUANDOY,LIMA-LIMA-SAN MARTIN DE PORRES
651,CIRCULO VALLEJO,LIMA-LIMA-LOS OLIVOS
652,CIRO ALEGRÍA,CALLAO-CALLAO-VENTANILLA
653,CIRO ALEGRÍA BAZÁN,HUANCAVELICA-ANGARAES-LIRCAY
654,CLAPER,LIMA-HUARAL-HUARAL
655,CLAUDIO GALENO,PUNO-PUNO-PUNO
656,CLAUDIO GALENO,AMAZONAS-CHACHAPOYAS-CHACHAPOYAS
657,CLAUDIO GALENO,PUNO-SAN ROMAN-JULIACA
658,CLÁUDIO GALENO,PUNO-PUNO-PUNO
659,CMSPP,LIMA-LIMA-LIMA
660,COAR,AYACUCHO-HUAMANGA-AYACUCHO
661,COAR,APURIMAC-AYMARAES-CHALHUANCA
662,COAR,LIMA-LIMA-LURIGANCHO
663,COAR,ANCASH-RECUAY-CATAC
664,COAR - JUNÍN,JUNIN-CHUPACA-CHONGOS BAJO
665,COAR -AYACUCHO,AYACUCHO-HUAMANGA-AYACUCHO
666,COAR AMAZONAS,AMAZONAS-LUYA-LAMUD
667,COAR AMAZONAS,AMAZONAS-CHACHAPOYAS-CHACHAPOYAS
668,COAR ANCASH,ANCASH-RECUAY-CATAC
669,COAR APURIMAC,APURIMAC-AYMARAES-CHALHUANCA
670,COAR AYACUCHO,AYACUCHO-HUAMANGA-AYACUCHO
671,COAR CUSCO,AMAZONAS-CHACHAPOYAS-CHACHAPOYAS
672,COAR HUANCAVELICA,HUANCAVELICA-HUANCAVELICA-HUANCAVELICA
673,COAR ICA,ICA-ICA-ICA
674,COAR LA LIBERTAD,LA LIBERTAD-VIRU-VIRU
675,COAR LA LIBERTAD,LA LIBERTAD-CHEPEN-PACANGA
676,COAR LAMBAYEQUE,LAMBAYEQUE-CHICLAYO-CHICLAYO
677,COAR LIMA,LIMA-LIMA-LURIGANCHO
678,COAR LIMA,LIMA-LIMA-COMAS
679,COAR LIMA METROPOLITANA,LIMA-LIMA-CHACLACAYO
680,COAR LIMA PROVINCIAS,CALLAO-CALLAO-CALLAO
681,COAR LIMA PROVINCIAS,LIMA-HUAURA-SANTA MARIA
682,COAR LIMA PROVINCIAS,PUNO-SAN ROMAN-JULIACA
683,COAR LORETO,LORETO-MAYNAS-IQUITOS
684,COAR MADRE DE DIOS,MADRE DE DIOS-TAMBOPATA-TAMBOPATA
685,COAR PUNO,PUNO-PUNO-CHUCUITO
686,COAR SAN MARTIN,SAN MARTIN-MOYOBAMBA-MOYOBAMBA
687,COAR TACNA,TACNA-TACNA-TACNA
688,COJATA,PUNO-HUANCANE-COJATA
689,COLEGIA INGENIERIA,LIMA-LIMA-LURIN
690,COLEGIO 0026 AICHI NAGOYA,LIMA-LIMA-ATE
691,COLEGIO 0168 AMISTAD PERÚ - JAPÓN,LIMA-LIMA-SAN JUAN DE LURIGANCHO
692,COLEGIO 1154 NUESTRA SEÑORA DEL CARMEN,LIMA-LIMA-LIMA
693,COLEGIO 2 DE MAYO,PUNO-SAN ROMAN-CARACOTO
694,COLEGIO ABRAHAM LINCOLN,JUNIN-HUANCAYO-HUANCAYO
695,COLEGIO ADELISES,LIMA-LIMA-LIMA
696,COLEGIO ADVENTISTA AMERICANO,PUNO-SAN ROMAN-JULIACA
697,COLEGIO ADVENTISTA BELEN,PUNO-SAN ROMAN-JULIACA
698,COLEGIO ADVENTISTA BELÉN,PUNO-SAN ROMAN-JULIACA
699,COLEGIO ADVENTISTA BRASIL,LIMA-LIMA-JESUS MARIA
700,COLEGIO ADVENTISTA DEL TITICACA,PUNO-SAN ROMAN-JULIACA
701,COLEGIO ADVENTISTA EL SANTA,ANCASH-SANTA-CHIMBOTE
702,COLEGIO ADVENTISTA FERNANDO STAHL,PUNO-SAN ROMAN-JULIACA
703,COLEGIO ADVENTISTA TUPAC AMARU,PUNO-SAN ROMAN-JULIACA
704,COLEGIO ADVENTISTA TUPAC AMARU - CATA,PUNO-SAN ROMAN-JULIACA
705,COLEGIO ADVIENTO DE MIRAFLORES,LIMA-LIMA-LIMA
706,COLEGIO AGROINDUSTRIAL PUCARA,PUNO-LAMPA-PUCARA
707,COLEGIO ALBERT EINSTEIN,ANCASH-HUARAZ-HUARAZ
708,COLEGIO ALBERT EINSTEIN HZ.,ANCASH-HUARAZ-INDEPENDENCIA
709,COLEGIO ALBERTH EINSTEN,PUNO-SAN ROMAN-JULIACA
710,COLEGIO ALEXANDER FLEMING,PUNO-SAN ROMAN-JULIACA
711,COLEGIO ALEXANDER VON HUMBOLDT,LIMA-LIMA-LIMA
712,COLEGIO ALEXANDER VON HUMBOLDT,TACNA-TACNA-CORONEL GREGORIO ALBARRACIN LANCHIP
713,COLEGIO ALPAMAYO,LIMA-LIMA-ATE
714,COLEGIO AMÉRICA LA VICTORIA,LIMA-LIMA-LA VICTORIA
715,COLEGIO ANDRES BELLO,PUNO-YUNGUYO-COPANI
716,COLEGIO ANTON MAKARENKO,LIMA-LIMA-LIMA
717,COLEGIO APLICACION DE UANCV,PUNO-SAN ROMAN-JULIACA
718,COLEGIO BELEN,LIMA-LIMA-CARABAYLLO
719,COLEGIO BERTOLT BRECHT,LIMA-LIMA-LIMA
720,COLEGIO BETHEL CHRISTIAN SCHOOL,PUNO-SAN ROMAN-JULIACA
721,COLEGIO BIBLICO CATOLICO,LIMA-LIMA-SAN JUAN DE LURIGANCHO
722,COLEGIO BLAS PASCAL,PUNO-SAN ROMAN-JULIACA
723,COLEGIO BYRON,ICA-CHINCHA-CHINCHA ALTA
724,COLEGIO CABANILLAS,PUNO-SAN ROMAN-CABANILLAS
725,COLEGIO CALLAO,CALLAO-CALLAO-BELLAVISTA
726,COLEGIO CATÓLICO MATEMÁTICO SAN JUAN,LIMA-LIMA-EL AGUSTINO
727,COLEGIO CESAR VALLEJO,PUNO-SAN ROMAN-JULIACA
728,COLEGIO CESAR VALLEJO,AYACUCHO-HUAMANGA-JESUS NAZARENO
729,COLEGIO CESAR VALLEJO,LIMA-LIMA-VILLA MARIA DEL TRIUNFO
730,COLEGIO CIENTIFICA,JUNIN-HUANCAYO-HUANCAYO
731,COLEGIO CIENTIFICO NIKOLA TESLA,LIMA-LIMA-VILLA MARIA DEL TRIUNFO
732,COLEGIO CIENTIFICO NIKOLA TESLA,LIMA-LIMA-VILLA EL SALVADOR
733,COLEGIO CIENTÍFICO NIKOLA TESLA,LIMA-LIMA-VILLA MARIA DEL TRIUNFO
734,COLEGIO CLAUDIO GALENO,PUNO-SAN ROMAN-JULIACA
735,COLEGIO COLUMBIA,LIMA-HUAURA-HUACHO
736,COLEGIO COMERCIAL EL CENTENARIO,PUNO-SAN ANTONIO DE PUTINA-PUTINA
737,COLEGIO COMERCIO 32,PUNO-SAN ROMAN-JULIACA
738,COLEGIO COMERCIO 32 MARIANO H. CORNEJO,PUNO-SAN ROMAN-JULIACA
739,COLEGIO COOPERATIVA AMÉRICA I.E 7101-623,LIMA-LIMA-LIMA
740,COLEGIO COOPERATIVO CESAR VALLEJO,LORETO-MAYNAS-IQUITOS
741,COLEGIO CORONEL JOSE BALTA,LIMA-LIMA-LIMA
742,COLEGIO CRISTIANO ELLIOT,LA LIBERTAD-TRUJILLO-VICTOR LARCO HERRERA
743,COLEGIO CRISTIANO JEDIMA,LIMA-LIMA-PUENTE PIEDRA
744,COLEGIO CRISTIANO PERUANO AMERICANO,UCAYALI-CORONEL PORTILLO-CALLERIA
745,COLEGIO CRISTO REDENTOR SAN ISIDRO,LIMA-LIMA-SAN ISIDRO
746,COLEGIO CRISTO SALVADOR,LIMA-LIMA-SANTIAGO DE SURCO
747,COLEGIO CRUZACO,LIMA-LIMA-LOS OLIVOS
748,COLEGIO CÉSAR VALLEJO,LIMA-LIMA-VILLA MARIA DEL TRIUNFO
749,COLEGIO DE ALTO RENDIMIENTO - HUANCAVELICA,HUANCAVELICA-HUANCAVELICA-HUANCAVELICA
750,COLEGIO DE ALTO RENDIMIENTO DE AYACUCHO,AYACUCHO-HUAMANGA-AYACUCHO
751,COLEGIO DE ALTO RENDIMIENTO DE LA LIBERTAD,LA LIBERTAD-VIRU-VIRU
752,COLEGIO DE ALTO RENDIMIENTO JUNÍN,JUNIN-CHUPACA-CHONGOS BAJO
753,COLEGIO DE ALTO RENDIMIENTO PUNO,PUNO-PUNO-CHUCUITO
754,COLEGIO DE ALTO RENDIMIENTO SAN MARTÍN,SAN MARTIN-RIOJA-RIOJA
755,COLEGIO DE ALTO RENDIMIENTO-LORETO,LORETO-MAYNAS-IQUITOS
756,COLEGIO DE APLICACION SAN MARCOS,LIMA-LIMA-LINCE
757,COLEGIO DE APLICACIÓN SAN MARCOS,LIMA-LIMA-LINCE
758,COLEGIO DE CIENCIAS BUEN PASTOR,PUNO-SAN ROMAN-JULIACA
759,COLEGIO DE CIENCIAS ISAAC NEWTON,LIMA-LIMA-LOS OLIVOS
760,COLEGIO DE JESUS DE PRO - LOS OLIVOS,LIMA-LIMA-LOS OLIVOS
761,COLEGIO DIVINO JESÚS,LIMA-LIMA-COMAS
762,COLEGIO EL COMERCIO 32,PUNO-SAN ROMAN-JULIACA
763,COLEGIO EL NAZARENO,LIMA-LIMA-LIMA
764,COLEGIO ELENA DE SANTA MARIA,PUNO-SAN ROMAN-JULIACA
765,COLEGIO EMBLEMATICO JOSE ANTONIO ENCINAS,PUNO-SAN ROMAN-JULIACA
766,COLEGIO EMBLEMATICO LA LIBERTAD,ANCASH-HUARAZ-HUARAZ
767,COLEGIO EMBLEMATICO MELITON CARBAJAL,LIMA-LIMA-LINCE
768,COLEGIO EMBLEMÁTICO JOSÉ ANTONIO ENCINAS,PUNO-SAN ROMAN-JULIACA
769,COLEGIO EMBLEMÁTICO ROSA DE SANTA MARÍA,LIMA-LIMA-BREÑA
770,COLEGIO EMBLEMÁTICO SAN JUAN,LIMA-LIMA-SAN JUAN DE MIRAFLORES
771,COLEGIO EXPERIMENTAL DE APLICACIÓN CEAUNE,LIMA-LIMA-LURIGANCHO
772,COLEGIO EXPERIMENTAL DE APLICACIÓN DE LA UNE,LIMA-LIMA-LURIGANCHO
773,COLEGIO FERNANDO STAHL,PUNO-SAN ROMAN-JULIACA
774,COLEGIO FOYER DE CHARITE SANTA ROSA,LIMA-LIMA-LURIGANCHO
775,COLEGIO FRANCISCANO SAN ROMAN,PUNO-SAN ROMAN-JULIACA
776,COLEGIO FRANCISCANO SAN ROMÁN,PUNO-SAN ROMAN-JULIACA
777,COLEGIO FRANCO PERUANO,LIMA-LIMA-SANTIAGO DE SURCO
778,COLEGIO GALENO,PUNO-SAN ROMAN-JULIACA
779,COLEGIO GENES,LIMA-LIMA-COMAS
780,COLEGIO GENES,LIMA-LIMA-LOS OLIVOS
781,COLEGIO GENES,LIMA-LIMA-SAN MARTIN DE PORRES
782,COLEGIO GENES,LIMA-LIMA-LIMA
783,COLEGIO GENES,LIMA-LIMA-PUENTE PIEDRA
784,COLEGIO GENES DEL NORTE,LIMA-LIMA-PUENTE PIEDRA
785,COLEGIO GENES LOS OLIVOS,LIMA-LIMA-LOS OLIVOS
786,COLEGIO GENES SMP,LIMA-LIMA-SAN MARTIN DE PORRES
787,COLEGIO GLORIOSO SAN ANTON,PUNO-SAN ROMAN-JULIACA
788,COLEGIO GREGOR MENDEL,PUNO-SAN ROMAN-JULIACA
789,COLEGIO HENRI LA FONTAINE,LIMA-LIMA-COMAS
790,COLEGIO HIJOS DE LUYA 5172,LIMA-LIMA-PUENTE PIEDRA
791,COLEGIO HORACIO ZEBALLOS GAMEZ,PUNO-SAN ROMAN-JULIACA
792,COLEGIO INCA GARCILASO DE LA VEGA,LIMA-LIMA-ATE
793,COLEGIO INCA GARCILASO DE LA VEGA,PUNO-SAN ROMAN-JULIACA
794,COLEGIO INCA GARCILASO DE LA VEGA,LIMA-LIMA-CARABAYLLO
795,COLEGIO INCA GARCILASO DE LA VEGA,PUNO-SAN ROMAN-CARACOTO
796,COLEGIO INDEPENDENCIA DE MIRAFLORES,LIMA-LIMA-MIRAFLORES
797,COLEGIO INGENIERIA,JUNIN-HUANCAYO-EL TAMBO
798,COLEGIO INGENIERIA,LIMA-LIMA-COMAS
799,COLEGIO INGENIERIA DE BELLAVISTA,CALLAO-CALLAO-BELLAVISTA
800,COLEGIO INGENIERIA DE CARMELITAS,LIMA-LIMA-VILLA MARIA DEL TRIUNFO
801,COLEGIO INGENIERIA DE SAN MIGUEL,LIMA-LIMA-LIMA
802,COLEGIO INGENIERÍA,LIMA-LIMA-LOS OLIVOS
803,COLEGIO INGENIERÍA,LIMA-LIMA-SAN MARTIN DE PORRES
804,COLEGIO INMACULADA CONCEPCIÓN DE MARÍA,LIMA-LIMA-CARABAYLLO
805,COLEGIO INTEGRAL,ANCASH-HUARAZ-HUARAZ
806,COLEGIO JAMES BALDWIN,PUNO-SAN ROMAN-JULIACA
807,COLEGIO JEAN LEBLANC VENNE,LIMA-LIMA-SAN JUAN DE LURIGANCHO
808,COLEGIO JESÚS OBRERO PAMPLONA ALTA SJM,LIMA-LIMA-SAN JUAN DE MIRAFLORES
809,COLEGIO JOSE ANTONIO ENCINAS,PUNO-SAN ROMAN-JULIACA
810,COLEGIO JOSE DEL CARMEN MARIN ARISTA,LIMA-LIMA-LIMA
811,COLEGIO JUAN PABLO PEREGRINO,LIMA-LIMA-CARABAYLLO
812,COLEGIO JUAN PABLO VIZCARDO Y GUZMAN,AREQUIPA-CASTILLA-PAMPACOLCA
813,COLEGIO LA SALLE,PUNO-SAN ROMAN-JULIACA
814,COLEGIO LA UNION,LIMA-LIMA-PUEBLO LIBRE
815,COLEGIO LA UNIÓN,LIMA-LIMA-PUEBLO LIBRE
816,COLEGIO LAS MERCEDES,PUNO-SAN ROMAN-JULIACA
817,COLEGIO LEONARD EULER III,LIMA-LIMA-SAN JUAN DE LURIGANCHO
818,COLEGIO LIDER,PUNO-SAN ROMAN-JULIACA
819,COLEGIO LIIP EL AMAUTA,PASCO-PASCO-SIMON BOLIVAR
820,COLEGIO LOS PEREGRINOS,LIMA-LIMA-SAN JUAN DE LURIGANCHO
821,COLEGIO LOS REYES ROJOS 7077,LIMA-LIMA-CHORRILLOS
822,COLEGIO LOS ÁLAMOS,LIMA-LIMA-JESUS MARIA
823,COLEGIO LUREN,LIMA-LIMA-LA VICTORIA
824,COLEGIO LUZ ANDINA,PUNO-SAN ROMAN-JULIACA
825,COLEGIO LUZ DE LOS ANDES,PUNO-SAN ANTONIO DE PUTINA-ANANEA
826,COLEGIO MARIA AUXILIADORA - SAPCHA,ANCASH-ASUNCION-ACOCHACA
827,COLEGIO MARIANISTA,LIMA-LIMA-VILLA MARIA DEL TRIUNFO
828,COLEGIO MARIANO H. CORNEJO,PUNO-SAN ROMAN-JULIACA
829,COLEGIO MARISCAL CACERES,AYACUCHO-HUAMANGA-AYACUCHO
830,COLEGIO MARISCAL CÁCERES,AYACUCHO-HUAMANGA-AYACUCHO
831,COLEGIO MARISCAL SANTA CRUZ,CALLAO-CALLAO-BELLAVISTA
832,COLEGIO MARISTAS - MANUEL RAMÍREZ BARINAGA,LIMA-LIMA-SAN JUAN DE MIRAFLORES
833,COLEGIO MATEMATICO AUNI,LIMA-LIMA-LURIGANCHO
834,COLEGIO MATEMATICO CADILLO,LIMA-LIMA-SAN MARTIN DE PORRES
835,COLEGIO MATEMATICO HONORES EL PINAR,LIMA-LIMA-LIMA
836,COLEGIO MATEMATICO HONORES EL PINAR,LIMA-LIMA-COMAS
837,COLEGIO MATEMATICO SANTISIMA MARIA,LIMA-LIMA-CHORRILLOS
838,COLEGIO MATEMATICO Y ECOLOGICO SAN RAFAEL,LIMA-LIMA-CARABAYLLO
839,COLEGIO MATEMÁTICO AUNI BOSTON,LIMA-LIMA-LURIGANCHO
840,COLEGIO MATEMÁTICO AUNI BOSTON HIGH SCHOOL,LIMA-LIMA-LURIGANCHO
841,COLEGIO MATEMÁTICO HONORES,LIMA-LIMA-LOS OLIVOS
842,COLEGIO MATEMÁTICO HONORES,LIMA-LIMA-SAN MARTIN DE PORRES
843,COLEGIO MATEMÁTICO HONORES - CARABAYLLO,LIMA-LIMA-CARABAYLLO
844,COLEGIO MAYOR SECUNDARIO PRESIDENTE DEL PERU,LIMA-LIMA-LURIGANCHO
845,COLEGIO MAYOR SECUNDARIO PRESIDENTE DEL PERU,LIMA-LIMA-CHACLACAYO
846,COLEGIO MAYOR SECUNDARIO PRESIDENTE DEL PERÚ,LIMA-LIMA-LURIGANCHO
847,COLEGIO MAYOR SECUNDARIO PRESIDENTE DEL PERÚ,LIMA-LIMA-SAN JUAN DE LURIGANCHO
848,COLEGIO MAYOR SECUNDARIO PRESIDENTE DEL PERÚ,LIMA-LIMA-ANCON
849,COLEGIO MAYOR SECUNDARIO PRESIDENTE DEL PERÚ,LIMA-LIMA-CHACLACAYO
850,COLEGIO MAYOR SECUNDARIO PRESIDENTE DEL PERÚ COAR,LIMA-LIMA-LURIGANCHO
851,COLEGIO MAYOR SECUNDARIO PRESIDENTE DEL PERÚ-CMSPP,LIMA-LIMA-CHACLACAYO
852,COLEGIO MAYOR SECUNDARIO PRESIDENTE DEL PERÚ-COAR,LIMA-LIMA-CHACLACAYO
853,COLEGIO MAYOR SISTEMA SAN MARCOS,LIMA-LIMA-ATE
854,COLEGIO MAYOR SISTEMA SAN MARCOS,LIMA-LIMA-LOS OLIVOS
855,COLEGIO MILAGROSA NUESTRA SEÑORA DEL CARMENTE,LIMA-LIMA-SAN JUAN DE LURIGANCHO
856,COLEGIO MILITAR FRANCISCO BOLOGNESI,AREQUIPA-AREQUIPA-ALTO SELVA ALEGRE
857,COLEGIO MILITAR GRAN MARISCAL RAMON CASTILLA,LA LIBERTAD-TRUJILLO-HUANCHACO
858,COLEGIO MILITAR INCA MANCO CAPAC,PUNO-PUNO-PUNO
859,COLEGIO MILITAR LEONCIO PRADO,CALLAO-CALLAO-CALLAO
860,COLEGIO MILITAR LEONCIO PRADO,LIMA-LIMA-LIMA
861,COLEGIO MILITAR LEONCIO PRADO,CALLAO-CALLAO-LA PERLA
862,COLEGIO MIXTO SANTA TERESITA,LIMA-LIMA-SANTIAGO DE SURCO
863,COLEGIO MONITOR HUASCAR,LIMA-LIMA-PACHACAMAC
864,COLEGIO MONSERRAT,LIMA-LIMA-LIMA
865,COLEGIO MONSERRAT,LIMA-LIMA-COMAS
866,COLEGIO MONSERRAT,LIMA-LIMA-CARABAYLLO
867,COLEGIO MUNDIAL,PUNO-SAN ROMAN-JULIACA
868,COLEGIO NACIONAL CHAVÍN DE PARIARCA,LIMA-LIMA-SAN JUAN DE LURIGANCHO
869,COLEGIO NACIONAL CHAVÍN DE PARIARCA,HUANUCO-HUAMALIES-CHAVIN DE PARIARCA
870,COLEGIO NACIONAL DE PUNCHAO,HUANUCO-HUAMALIES-LLATA
871,COLEGIO NACIONAL DE TARACO,PUNO-HUANCANE-TARACO
872,COLEGIO NACIONAL DE VITARTE,LIMA-LIMA-ATE
873,COLEGIO NACIONAL IQUITOS,LORETO-MAYNAS-IQUITOS
874,COLEGIO NACIONAL IQUITOS,LORETO-MAYNAS-SAN JUAN BAUTISTA
875,COLEGIO NACIONAL JOSÉ GABRIEL CONDORCANQUI,LIMA-LIMA-INDEPENDENCIA
876,COLEGIO NACIONAL MIXTO COJATA,PUNO-HUANCANE-COJATA
877,COLEGIO NACIONAL NUESTRA SEÑORA DE GUADALUPE,LIMA-LIMA-LIMA
878,COLEGIO NACIONAL Nº 3710 SANTÍSIMA TRINIDAD,LIMA-LIMA-PUENTE PIEDRA
879,COLEGIO NACIONAL PILOTO SANTA ISABEL.,JUNIN-HUANCAYO-HUANCAYO
880,COLEGIO NACIONAL QUIVILLA,HUANUCO-DOS DE MAYO-QUIVILLA
881,COLEGIO NACIONAL VITARTE,LIMA-LIMA-ATE
882,COLEGIO NEWTON,LIMA-LIMA-LIMA
883,COLEGIO NEWTON SATIPO,JUNIN-SATIPO-SATIPO
884,COLEGIO NEWTON SEDE TORRE BLANCA,LIMA-LIMA-CARABAYLLO
885,COLEGIO NUESTRA SEÑORA DE GUADALUPE,LIMA-LIMA-COMAS
886,COLEGIO NUESTRA SEÑORA DE MONSERRAT,LIMA-LIMA-LIMA
887,COLEGIO NUESTRA SEÑORA DE MONSERRAT,LIMA-LIMA-LOS OLIVOS
888,COLEGIO NUEVO HORIZONTE,PUNO-SAN ROMAN-JULIACA
889,COLEGIO NUEVO PERU,PUNO-SAN ROMAN-JULIACA
890,COLEGIO PAMER,AREQUIPA-AREQUIPA-JOSE LUIS BUSTAMANTE Y RIVERO
891,COLEGIO PAMER,LIMA-LIMA-SAN JUAN DE LURIGANCHO
892,COLEGIO PAMER,PUNO-SAN ROMAN-JULIACA
893,COLEGIO PARROQUIAL FRANCISCANO SAN ROMAN,PUNO-SAN ROMAN-JULIACA
894,COLEGIO PARROQUIAL MARIA REYNA,LIMA-HUARAL-HUARAL
895,COLEGIO PARROQUIAL NUESTRA SEÑORA DE MONSERRAT,LIMA-LIMA-LIMA
896,COLEGIO PARROQUIAL NUESTRA SEÑORA DE MONTSERRAT,LIMA-LIMA-LIMA
897,COLEGIO PARROQUIAL NUESTRA SEÑORA DEL ROSARIO,LIMA-LIMA-SAN BORJA
898,COLEGIO PARROQUIAL NUESTRA SEÑORA DEL ROSARIO,LIMA-LIMA-INDEPENDENCIA
899,COLEGIO PARROQUIAL NUESTRA SEÑORA DEL SAGRADO CORA,ANCASH-HUARAZ-HUARAZ
900,COLEGIO PARROQUIAL NUESTRA SEÑORA DEL SAGRADO CORA,ANCASH-HUARAZ-INDEPENDENCIA
901,COLEGIO PARROQUIAL SAN ANTONIO DE HUAMANGA,AYACUCHO-HUAMANGA-AYACUCHO
902,COLEGIO PARROQUIAL SAN NORBERTO,LIMA-LIMA-LA VICTORIA
903,COLEGIO PARROQUIAL SANTA CATALINA,PUNO-SAN ROMAN-JULIACA
904,COLEGIO PARROQUIAL SANTA CRUZ,CALLAO-CALLAO-CALLAO
905,COLEGIO PARTICULAR INTEGRADO FRANCISCO BOLOGNESI,PASCO-PASCO-YANACANCHA
906,COLEGIO PARTICULAR SANTA ISABEL DE HUNGRÍA,LIMA-LIMA-LIMA
907,COLEGIO PARTICULAR SANTO DOMINGO EL APOSTOL,LIMA-LIMA-SAN MIGUEL
908,COLEGIO PEDRO KALBERMATTER,PUNO-SAN ROMAN-JULIACA
909,COLEGIO PEDRO VILCAPAZA,PUNO-SAN ROMAN-JULIACA
910,COLEGIO PERUANO CHINO DIEZ DE OCTUBRE,LIMA-LIMA-LIMA
911,COLEGIO PERUANO CHINO DIEZ DE OCTUBRE,LIMA-LIMA-BREÑA
912,COLEGIO PERUANO CHINO DIEZ DE OCTUBRE,LIMA-LIMA-PUEBLO LIBRE
913,COLEGIO PERUANO CHINO JUAN 23,LIMA-LIMA-SAN MIGUEL
914,COLEGIO PERUBIRF,PUNO-SAN ROMAN-JULIACA
915,COLEGIO PITAGORAS,PUNO-SAN ROMAN-JULIACA
916,COLEGIO PITAGORAS COMAS,LIMA-LIMA-COMAS
917,COLEGIO PITAGORAS VERDE EL MATEMÁTICO,LIMA-LIMA-SAN JUAN DE LURIGANCHO
918,COLEGIO PITÁGORAS,LIMA-LIMA-COMAS
919,COLEGIO PITÁGORAS - SEDE COMAS,LIMA-LIMA-COMAS
920,COLEGIO POLITECNICO LOS ANDES,PUNO-SAN ROMAN-JULIACA
921,COLEGIO POLITECNICO REGIONAL LOS ANDES,PUNO-SAN ROMAN-JULIACA
922,COLEGIO PRE UNI,LIMA-LIMA-CARABAYLLO
923,COLEGIO PRE UNI,LIMA-LIMA-SAN JUAN DE LURIGANCHO
924,COLEGIO PRIVADO CLAUDIO GALENO,PUNO-SAN ROMAN-JULIACA
925,COLEGIO PRIVADO DIVINO JESÚS,LIMA-LIMA-COMAS
926,COLEGIO PRIVADO GARCILASO,LIMA-LIMA-ATE
927,COLEGIO PRIVADO NEWTON,LIMA-LIMA-ATE
928,COLEGIO PROLOG,LIMA-LIMA-VILLA EL SALVADOR
929,COLEGIO PROLOG CAÑETE,LIMA-CAÑETE-SAN VICENTE DE CAÑETE
930,COLEGIO PROLOG-CHINCHA,ICA-CHINCHA-CHINCHA ALTA
931,COLEGIO REAL AMERICAN SCHOOL,PUNO-SAN ROMAN-JULIACA
932,COLEGIO REGIONAL POLITECNICO LOS ANDES,PUNO-SAN ROMAN-JULIACA
933,COLEGIO RENÁN ELÍAS OLIVERA,LAMBAYEQUE-CHICLAYO-CHICLAYO
934,COLEGIO REPÚBLICA DE BOLIVIA,LIMA-LIMA-VILLA EL SALVADOR
935,COLEGIO ROBERT LETOURNEAU,LIMA-LIMA-LOS OLIVOS
936,COLEGIO RODOLFO DIECEL,PUNO-SAN ROMAN-JULIACA
937,COLEGIO RODOLFO DIESEL,PUNO-SAN ROMAN-JULIACA
938,COLEGIO SACO OLIVEROS,LIMA-LIMA-JESUS MARIA
939,COLEGIO SACO OLIVEROS,LIMA-LIMA-LIMA
940,COLEGIO SACO OLIVEROS,LIMA-LIMA-SAN JUAN DE MIRAFLORES
941,COLEGIO SACO OLIVEROS,CALLAO-CALLAO-CALLAO
942,COLEGIO SACO OLIVEROS,LIMA-LIMA-SAN JUAN DE LURIGANCHO
943,COLEGIO SACO OLIVEROS - SEDE QUILCA,CALLAO-CALLAO-CALLAO
944,COLEGIO SACO OLIVEROS DE SALAMANCA,LIMA-LIMA-ATE
945,COLEGIO SALAMANCA,LIMA-LIMA-VILLA MARIA DEL TRIUNFO
946,COLEGIO SALESIANO,LIMA-LIMA-LIMA
947,COLEGIO SALESIANO SAN JUAN BOSCO DE AYACUCHO,AYACUCHO-HUAMANGA-AYACUCHO
948,COLEGIO SALESIANOS DON BOSCO,AREQUIPA-AREQUIPA-AREQUIPA
949,COLEGIO SAN AGUSTÍN,LIMA-LIMA-LIMA
950,COLEGIO SAN AGUSTÍN,LIMA-LIMA-SAN ISIDRO
951,COLEGIO SAN ALFONSO,AYACUCHO-HUANTA-HUANTA
952,COLEGIO SAN ANDRES,CAJAMARCA-CAJAMARCA-CAJAMARCA
953,COLEGIO SAN ANDRES ANGLO PERUANO,LIMA-LIMA-JESUS MARIA
954,COLEGIO SAN ANTONIO IHM,CALLAO-CALLAO-BELLAVISTA
955,COLEGIO SAN FELIPE,LIMA-LIMA-JESUS MARIA
956,COLEGIO SAN FRANCISCO DE ASÍS,LIMA-LIMA-ATE
957,COLEGIO SAN FRANCISCO DE BORJA,LIMA-LIMA-SAN BORJA
958,COLEGIO SAN IGNACIO DE LOYOLA DE PIURA,PIURA-PIURA-CASTILLA
959,COLEGIO SAN IGNACIO DE RECALDE,PUNO-SAN ROMAN-JULIACA
960,COLEGIO SAN ISIDRO LABRADOR,CUSCO-CUSCO-CUSCO
961,COLEGIO SAN ISIDRO LABRADOR DE SANTA ANITA,LIMA-LIMA-SANTA ANITA
962,COLEGIO SAN JOSÉ HERMANOS MARISTAS DEL CALLAO,CALLAO-CALLAO-CALLAO
963,COLEGIO SAN MARCELO,LIMA-LIMA-SAN MARTIN DE PORRES
964,COLEGIO SAN MARTIN,PUNO-SAN ROMAN-JULIACA
965,COLEGIO SAN MIGUEL ARCANGEL,LIMA-LIMA-SAN MARTIN DE PORRES
966,COLEGIO SAN NORBERTO,LIMA-LIMA-LA VICTORIA
967,COLEGIO SANTA ANITA,LIMA-LIMA-LIMA
968,COLEGIO SANTA MARÍA GORETTI,LIMA-LIMA-LA VICTORIA
969,COLEGIO SANTA MONICA,PUNO-SAN ROMAN-JULIACA
970,COLEGIO SANTA URSULA DE NAZARET SAC,LIMA-LIMA-LIMA
971,COLEGIO SANTO DOMINGO,LIMA-LIMA-CHORRILLOS
972,COLEGIO SANTO TOMÁS DE AQUINO,LIMA-LIMA-LIMA
973,COLEGIO SECUNDARIO TUPAC AMARU PALCA,HUANCAVELICA-HUANCAVELICA-PALCA
974,COLEGIO SEÑOR DE CCOYLLORRITY,CUSCO-QUISPICANCHI-OCONGATE
975,COLEGIO SIGMA,PUNO-SAN ROMAN-JULIACA
976,COLEGIO SIMON ANTONIO BOLÍVAR PALACIOS,ANCASH-HUARAZ-INDEPENDENCIA
977,COLEGIO SIMON BOLIVAR,MOQUEGUA-MARISCAL NIETO-MOQUEGUA
978,COLEGIO SIMON BOLIVAR,PUNO-SAN ROMAN-JULIACA
979,COLEGIO SULPICIO GARCÍA PEÑALOZA,LIMA-LIMA-LA MOLINA
980,COLEGIO TALENTUS SHOOL,CALLAO-CALLAO-CALLAO
981,COLEGIO TECH GENIUS,LIMA-LIMA-LIMA
982,COLEGIO TECNICO EXPERIMENTAL JESUS OBRERO,LIMA-LIMA-COMAS
983,COLEGIO THOMAS ALVA EDISON,PUNO-SAN ROMAN-JULIACA
984,COLEGIO TOMAS ALVA EDISON,LIMA-LIMA-SAN JUAN DE LURIGANCHO
985,COLEGIO TRILCE,LIMA-LIMA-LIMA
986,COLEGIO TRILCE,LIMA-LIMA-BREÑA
987,COLEGIO TRILCE,LIMA-LIMA-LOS OLIVOS
988,COLEGIO TRILCE BREÑA,LIMA-LIMA-BREÑA
989,COLEGIO TRILCE BREÑA,LIMA-LIMA-LIMA
990,COLEGIO TRILCE CHORRILLOS,LIMA-LIMA-CHORRILLOS
991,COLEGIO TRILCE LA MOLINA,LIMA-LIMA-LA MOLINA
992,COLEGIO TRILCE LA MOLINA,LIMA-LIMA-LIMA
993,COLEGIO TRILCE LOS OLIVOS,LIMA-LIMA-LOS OLIVOS
994,COLEGIO TRILCE MARSANO,LIMA-LIMA-SANTIAGO DE SURCO
995,COLEGIO TRILCE SEDE PRO,LIMA-LIMA-LOS OLIVOS
996,COLEGIO TUPAC AMARU TUMAN,LAMBAYEQUE-CHICLAYO-TUMAN
997,COLEGIO TÉCNICO EXPERIMENTAL JESÚS OBRERO,LIMA-LIMA-COMAS
998,COLEGIO UNION DE ÑAÑA,LIMA-LIMA-LURIGANCHO
999,COLEGIO UNIÓN DE ÑAÑA,LIMA-LIMA-LIMA
1000,COLEGIO UNIÓN DE ÑAÑA,LIMA-LIMA-LURIGANCHO
1001,COLEGIO VANCOVER,AREQUIPA-AREQUIPA-YANAHUARA
1002,COLEGIO VILLA AMÉRICA,LIMA-LIMA-SAN MARTIN DE PORRES
1003,COLEGIO VIRGEN DE CHAPI,ICA-NAZCA-MARCONA
1004,COLEGIO VIRGEN DE LA ASUNCIÓN,LIMA-LIMA-SAN JUAN DE MIRAFLORES
1005,COLEGIO VIRGO POTENS,LIMA-LIMA-LIMA
1006,COLEGIO VIVA ESPERANZA,PUNO-SAN ROMAN-JULIACA
1007,COLEGIO WARLDORF CIENEGUILLA,LIMA-LIMA-CIENEGUILLA
1008,COLEGIO Y ACADEMIA UNIMASTER,LIMA-LIMA-COMAS
1009,COLEGIOS DE ALTO RENDIMIENTO,ANCASH-RECUAY-CATAC
1010,COLEGIOS INNOVA SCHOOL,LIMA-LIMA-CARABAYLLO
1011,COLEGIOS LOGICAL,LIMA-LIMA-SAN MARTIN DE PORRES
1012,COLEGIOS MIGUEL GRAU,LIMA-LIMA-VILLA MARIA DEL TRIUNFO
1013,COLEGIOS MIGUEL GRAU SEMINARIO,LIMA-LIMA-VILLA MARIA DEL TRIUNFO
1014,COLEGIOS MONSERRAT SEDE VILLASOL,LIMA-LIMA-LOS OLIVOS
1015,COLEGIOS NUESTRA SEÑORA DE MONSERRAT,LIMA-LIMA-LOS OLIVOS
1016,COLEGIOS NUESTRA SEÑORA DE MONSERRAT,LIMA-LIMA-COMAS
1017,COLEGIOS PAMER,LIMA-LIMA-LOS OLIVOS
1018,COLEGIOS PROLOG,LIMA-LIMA-VILLA EL SALVADOR
1019,COLEGIOS PROLOG,ICA-CHINCHA-CHINCHA ALTA
1020,COLEGIOS PROLOG,LIMA-LIMA-VILLA MARIA DEL TRIUNFO
1021,COLEGIOS TRILCE,LIMA-LIMA-LIMA
1022,COLEGIOS TRILCE,LIMA-LIMA-CHORRILLOS
1023,COLEGIOS TRILCE,LIMA-LIMA-JESUS MARIA
1024,COLEGIÓ MAYOR SECUNDARIA PRESIDENTE DEL PERÚ,LIMA-LIMA-LURIGANCHO
1025,COLVER,PUNO-PUNO-PUNO
1026,COMANDANTE LEONCIO MARTINEZ VEREAU,CAJAMARCA-CAJABAMBA-CAJABAMBA
1027,COMERCIO Nº64,UCAYALI-CORONEL PORTILLO-YARINACOCHA
1028,COMERCIÓ 32MHC,PUNO-SAN ROMAN-JULIACA
1029,CONCORDIA UNIVERSAL,CALLAO-CALLAO-LA PERLA
1030,CONSORCIO EDUCATIVO BLAS PASCAL,CALLAO-CALLAO-CALLAO
1031,CONSORCIO EDUCATIVO CORAZON DE MARIA,LIMA-LIMA-SAN MARTIN DE PORRES
1032,CONSORCIO EDUCATIVO FEDERICO KAUFFMANN DOIG,CALLAO-CALLAO-VENTANILLA
1033,CONSORCIO EDUCATIVO INGENIERÍA,LIMA-LIMA-SAN JUAN DE LURIGANCHO
1034,CONSORCIO EDUCATIVO INGENIERÍA,LIMA-LIMA-COMAS
1035,CONSORCIO EDUCATIVO INGENIERÍA SANTA ROSA,LIMA-LIMA-SAN JUAN DE LURIGANCHO
1036,CONSORCIO EDUCATIVO PARTICULAR INGENIERÍA,CALLAO-CALLAO-CALLAO
1037,CONSORCIO EDUCATIVO SAN ANTONIO DE PADUA,LIMA-LIMA-SAN JUAN DE LURIGANCHO
1038,CONSORCIO EDUCATIVO SAN ROQUE,LIMA-LIMA-SAN MARTIN DE PORRES
1039,CONSORCIO EDUCATIVO SAN ROQUE,LIMA-LIMA-LIMA
1040,CONSORCIO FK,CALLAO-CALLAO-VENTANILLA
1041,CONSORCIO HERMANO SAN FRANCISCO,LIMA-LIMA-SAN JUAN DE LURIGANCHO
1042,CONSORCIO INGENIERIA PARRAL,LIMA-LIMA-COMAS
1043,CONSORCIO INGENIERÍA,CALLAO-CALLAO-CALLAO
1044,CONSORCIO INGENIERÍA SEDE TRAPICHE,LIMA-LIMA-COMAS
1045,CONSORCIO SAN ROQUE,LIMA-LIMA-SAN MARTIN DE PORRES
1046,CONSORCIO SAN ROQUE DE SAN DIEGO,LIMA-LIMA-SAN MARTIN DE PORRES
1047,CONSUELO VALLEJOS,LIMA-LIMA-LOS OLIVOS
1048,CONTRAALMIRANTE CARLOS TELLO ALIAGA,LIMA-LIMA-LIMA
1049,COOPERATIVA SAN FELIPE,LIMA-LIMA-SURQUILLO
1050,COOPERATIVA SAN FELIPE,LIMA-LIMA-JESUS MARIA
1051,COPRODELI AGUSTÍN DE HIPONA,CALLAO-CALLAO-CALLAO
1052,COPRODELI NUESTRA SEÑORA DE LAS AMÉRICAS,ICA-PISCO-PISCO
1053,COPRODELI SAN MARTIN,CALLAO-CALLAO-VENTANILLA
1054,COPRODELI SANTA MARIA,CALLAO-CALLAO-VENTANILLA
1055,CORAZON DE JESUS,LIMA-LIMA-ATE
1056,CORAZON DE JESUS,LIMA-LIMA-SAN MIGUEL
1057,CORAZON DE JESUS EL ROBLE,LIMA-LIMA-PUENTE PIEDRA
1058,CORAZON DE JESUS PIONEROS DE LA CIENCIA,LIMA-LIMA-LOS OLIVOS
1059,CORAZÓN DE JESÚS,CALLAO-CALLAO-CALLAO
1060,CORAZÓN DE JESÚS-LAS CASUARINAS,LIMA-LIMA-PUENTE PIEDRA
1061,CORAZÓN DE MARIA MILAGROSA,LIMA-LIMA-SAN JUAN DE LURIGANCHO
1062,CORAZÓN DE MARÍA,LIMA-LIMA-SAN MARTIN DE PORRES
1063,CORAZÓN DE MARÍA MILAGROSA,LIMA-LIMA-SAN JUAN DE LURIGANCHO
1064,CORONE LADISLAO ESPINAR,CUSCO-ESPINAR-ESPINAR
1065,CORONEL BOLOGNESI,ANCASH-BOLOGNESI-CHIQUIAN
1066,CORONEL BOLOGNESI,TACNA-TACNA-ALTO DE LA ALIANZA
1067,CORONEL BOLOGNESI,TACNA-TACNA-CIUDAD NUEVA
1068,CORONEL CORTEGANA,CAJAMARCA-CELENDIN-CELENDIN
1069,CORONEL FRANCISCO BOLOGNESI CERVANTES,LIMA-LIMA-SAN JUAN DE LURIGANCHO
1070,CORONEL JOSE FELIX BOGADO,LIMA-LIMA-RIMAC
1071,CORONEL JOSÉ FELIZ BOGADO,LIMA-LIMA-RIMAC
1072,CORONEL JOSÉ FELIZ BOGADO,LIMA-LIMA-LIMA
1073,CORONEL JOSÉ FÉLIX BOGADO 2063,LIMA-LIMA-RIMAC
1074,CORONEL JUAN VALER SANDOVAL 6093,LIMA-LIMA-VILLA MARIA DEL TRIUNFO
1075,CORONELA CORTEGANA,CAJAMARCA-CELENDIN-CELENDIN
1076,CORPUS CHRISTI,AREQUIPA-AREQUIPA-MIRAFLORES
1077,COSMOS INGENIEROS,LIMA-LIMA-EL AGUSTINO
1078,CPEEI NUESRA SEÑORA DE MONTSERRAT,LIMA-LIMA-LIMA
1079,CPEEI NUESTRA SEÑORA DE MONTSERRAT,LIMA-LIMA-LIMA
1080,CPEEI NUESTRA SEÑORA DE MONTSERRAT,LIMA-LIMA-RIMAC
1081,CRAMER,PUNO-PUNO-PUNO
1082,CRAMER,LIMA-HUAURA-HUACHO
1083,CRAMEX,LIMA-LIMA-CARABAYLLO
1084,CRISTIAN HUYGENS,LIMA-LIMA-LIMA
1085,CRISTIAN HUYGENS,LIMA-LIMA-SAN JUAN DE LURIGANCHO
1086,CRISTIANO EMAUS,LIMA-HUARAL-HUARAL
1087,CRISTO EL SALVADOR,LIMA-LIMA-VILLA EL SALVADOR
1088,CRISTO MISERICORDIOSO,LIMA-LIMA-SAN MARTIN DE PORRES
1089,CRISTO MORADO,LIMA-LIMA-LOS OLIVOS
1090,CRISTO REDENTOR,LIMA-LIMA-LIMA
1091,CRISTO REDENTOR,LIMA-LIMA-CARABAYLLO
1092,CRISTO REY,LIMA-HUAURA-HUACHO
1093,CRISTO REY,TACNA-TACNA-TACNA
1094,CRISTO REY HUARAZ,ANCASH-HUARAZ-HUARAZ
1095,CRISTO REY SALVADOR,LIMA-LIMA-ATE
1096,CRISTO SALVADOR,LIMA-LIMA-ATE
1097,CRISTO VICTORIOSO,CALLAO-CALLAO-BELLAVISTA
1098,CRUZ SACO,LIMA-LIMA-SAN MARTIN DE PORRES
1099,CRUZ SACO,CALLAO-CALLAO-CALLAO
1100,CRUZ SACO,LIMA-LIMA-LOS OLIVOS
1101,CRUZ SACO,LIMA-LIMA-LURIGANCHO
1102,CRUZ SACO,LIMA-LIMA-LIMA
1103,CRUZ SACO,LIMA-LIMA-PUENTE PIEDRA
1104,CRUZ SACO - EL ÁLAMO,LIMA-LIMA-SAN MARTIN DE PORRES
1105,CRUZ SACO CIPRESES,LIMA-LIMA-SAN MARTIN DE PORRES
1106,CRUZ SACO DE CIPRESES,LIMA-LIMA-LIMA
1107,CRUZ SACO DE GIRASOLES,LIMA-LIMA-SAN MARTIN DE PORRES
1108,CRUZ SACO SALAVERRY,LIMA-LIMA-LOS OLIVOS
1109,CRUZ SACO SAN JUAN,CALLAO-CALLAO-CALLAO
1110,CRUZ SACO SEDE SAN ANTONIO,LIMA-LIMA-CARABAYLLO
1111,CRUZ SACO- ÁLAMO,LIMA-LIMA-SAN MARTIN DE PORRES
1112,CRUZ SACÓ SALAVERRY,LIMA-LIMA-LIMA
1113,CRUZSACO,LIMA-LIMA-SAN MARTIN DE PORRES
1114,CTE. JESUS OBRERO,LIMA-LIMA-COMAS
1115,CV . INGENIEROS,LIMA-LIMA-SAN MARTIN DE PORRES
1116,CV INGENIERIA ZARATE,LIMA-LIMA-SAN JUAN DE LURIGANCHO
1117,CV INGENIEROS,LIMA-LIMA-INDEPENDENCIA
1118,CV INGENIEROS,LIMA-LIMA-SAN MARTIN DE PORRES
1119,CV INGENIEROS,LIMA-LIMA-LOS OLIVOS
1120,CV INGENIROS,LIMA-LIMA-PUENTE PIEDRA
1121,CV.INGENIEROS TRES HORIZONTES,LIMA-LIMA-SAN MARTIN DE PORRES
1122,CV.INGENIEROS TRES HORIZONTES,LIMA-LIMA-LIMA
1123,CYBERNET,AYACUCHO-HUAMANGA-AYACUCHO
1124,CYBERNET,AYACUCHO-HUAMANGA-CARMEN ALTO
1125,CYBERNET,AYACUCHO-HUAMANGA-SAN JUAN BAUTISTA
1126,CÉSAR VALLEJO,LIMA-LIMA-LIMA
1127,CÉSAR VALLEJO,PUNO-SAN ROMAN-JULIACA
1128,CÉSAR VALLEJO,LIMA-HUARAL-CHANCAY
1129,CÉSAR VALLEJO 3098,LIMA-LIMA-ANCON
1130,DALTON,LIMA-LIMA-LINCE
1131,DANIEL ALCIDES,LIMA-LIMA-LIMA
1132,DANIEL ALCIDES CARRION,LIMA-LIMA-COMAS
1133,DANIEL ALCIDES CARRION,CALLAO-CALLAO-VENTANILLA
1134,DANIEL ALCIDES CARRION 107,LIMA-LIMA-LIMA
1135,DANIEL ALCIDES CARRION GARCÍA 107,LIMA-LIMA-SANTA ANITA
1136,DANIEL ALCIDES CARRIÓN,LIMA-LIMA-COMAS
1137,DANIEL ALCIDES CARRIÓN 0090,LIMA-LIMA-LURIGANCHO
1138,DANIEL ALCIDES CARRIÓN 0090- CAMPOY,LIMA-LIMA-SAN JUAN DE LURIGANCHO
1139,DANIEL ALOMIA ROBLE 113,LIMA-LIMA-SAN JUAN DE LURIGANCHO
1140,DANIEL ALOMIA ROBLES,HUANUCO-HUACAYBAMBA-PINRA
1141,DANIEL ALOMIA ROBLES,LIMA-LIMA-LIMA
1142,DANIEL ALOMIA ROBLES,LIMA-LIMA-SAN JUAN DE LURIGANCHO
1143,DANIEL ALOMIA ROBLES 113,LIMA-LIMA-SAN JUAN DE LURIGANCHO
1144,DANIEL ALOMIAS ROBLES 113,LIMA-LIMA-SAN JUAN DE LURIGANCHO
1145,DANIELLE MITERRAND,PUNO-SAN ROMAN-JULIACA
1146,DANIELLE MITTERRAND,PUNO-SAN ROMAN-JULIACA
1147,DANTE ALIGHIERI,LIMA-LIMA-SAN BORJA
1148,DAVID AUSUBEL,LIMA-LIMA-SAN JUAN DE LURIGANCHO
1149,DAVID AUSUBEL,LIMA-LIMA-LIMA
1150,DE CIENCIAS Y TECNOLOGIA,LIMA-LIMA-PUENTE PIEDRA
1151,DE JESUS,LIMA-LIMA-LOS OLIVOS
1152,DE JESÚS,LIMA-LIMA-SAN JUAN DE LURIGANCHO
1153,DE JESÚS DE PRO - LOS OLIVOS,LIMA-LIMA-LOS OLIVOS
1154,DELTA,CAJAMARCA-CAJAMARCA-CAJAMARCA
1155,DEUNI,LIMA-LIMA-LA VICTORIA
1156,DEUNI,LIMA-LIMA-LURIGANCHO
1157,DEUNI SOLEA,LIMA-LIMA-CHACLACAYO
1158,DIEGO FERRE,LAMBAYEQUE-CHICLAYO-REQUE
1159,DIEGO THOMSOM,LIMA-LIMA-LIMA
1160,DIEGO THOMSON,LIMA-LIMA-SANTA ANITA
1161,DIEZ DE OCTUBRE,LIMA-LIMA-BREÑA
1162,DIFERENCIAL TRILCE,ANCASH-HUAYLAS-CARAZ
1163,DIONISIO MANCO CAMPOS,LIMA-CAÑETE-MALA
1164,DIOS ES AMOR,LIMA-LIMA-ANCON
1165,DIOS ES AMOR,LIMA-LIMA-LIMA
1166,DIVINA MISERICORDIA,LIMA-LIMA-COMAS
1167,DIVINA MISERICORDIA DE COMAS,LIMA-LIMA-COMAS
1168,DIVINA MISERICORDIA SRL,HUANUCO-HUANUCO-HUANUCO
1169,DIVINO JESUS,LIMA-LIMA-COMAS
1170,DIVINO MAESTRO,LIMA-HUAROCHIRI-SANTA EULALIA
1171,DIVINO MAESTRO,PIURA-SULLANA-SULLANA
1172,DIVINO MAESTRO,LIMA-LIMA-LIMA
1173,DIVINO MAESTRO,LIMA-LIMA-PUENTE PIEDRA
1174,DIVINO MAESTRO 7242,LIMA-LIMA-VILLA EL SALVADOR
1175,DIVINO MAESTRO CHORRILLOS,LIMA-LIMA-CHORRILLOS
1176,DIVINO MAESTRO DE PRO,LIMA-LIMA-LOS OLIVOS
1177,DIVINO SAGRADO CORAZON DE JESUS,LIMA-LIMA-LIMA
1178,DIVINO SALVADOR 1277,LIMA-HUAROCHIRI-SAN ANTONIO
1179,DIVINO SEMBRADOR,LIMA-LIMA-SAN JUAN DE LURIGANCHO
1180,DIVINOS JESÚS DE COMAS,LIMA-LIMA-COMAS
1181,DOMINGO ELIAS,LIMA-LIMA-LIMA
1182,DOMINGO ELIAS,LIMA-LIMA-PUENTE PIEDRA
1183,DOMINGO FAUSTINO SARMIENTO,LIMA-LIMA-PUENTE PIEDRA
1184,DOMINGO SAVIO,LIMA-LIMA-LA VICTORIA
1185,DOMINGO SAVIO DE SAN MARTÍN,LIMA-LIMA-SAN LUIS
1186,DON BOSCO,LIMA-LIMA-SAN JUAN DE LURIGANCHO
1187,DON BOSCO,AREQUIPA-AREQUIPA-AREQUIPA
1188,DON JOSE DE SAN MARTIN,LIMA-LIMA-SANTA ANITA
1189,DORA MAYER,CALLAO-CALLAO-CALLAO
1190,DORA MAYER DE ZULEN,LIMA-LIMA-RIMAC
1191,DOS DE MAYO,ANCASH-HUAYLAS-CARAZ
1192,DREAMS SCHOOL,JUNIN-HUANCAYO-SAN AGUSTIN
1193,DUNI,JUNIN-CHUPACA-CHUPACA
1194,E.C. MIX 101 SHUJI KITAMURA,LIMA-LIMA-SANTA ANITA
1195,E.H.C.R.SAGRADA FAMILIA,CALLAO-CALLAO-VENTANILLA
1196,EBENEZER,LIMA-LIMA-COMAS
1197,EDELMIRA DEL PANDO,LIMA-LIMA-LIMA
1198,EDELMIRA DEL PANDO,LIMA-LIMA-ATE
1199,EDUCARE,LIMA-LIMA-LURIGANCHO
1200,EDUCATIVO MADRE TERESA DE CALCUTA-SAN GABRIEL S.A,LIMA-LIMA-VILLA MARIA DEL TRIUNFO
1201,EIP CORAZÓN DE JESÚS,LIMA-LIMA-SAN MIGUEL
1202,EL ALBA,LIMA-LIMA-VILLA EL SALVADOR
1203,EL ALBA,LIMA-LIMA-LIMA
1204,EL ALBA MAX PLANCK,LIMA-LIMA-VILLA EL SALVADOR
1205,EL AMAUTA,LIMA-LIMA-LIMA
1206,EL AMAUTA,LIMA-LIMA-COMAS
1207,EL AMAUTA,CUSCO-CANCHIS-SICUANI
1208,EL AMAUTA 164,LIMA-LIMA-SAN JUAN DE LURIGANCHO
1209,EL AMAUTA JOSÉ CARLOS MARIÁTEGUI,LIMA-LIMA-COMAS
1210,EL AMERICANO,LIMA-LIMA-SAN JUAN DE LURIGANCHO
1211,EL AMERICANO,LIMA-LIMA-SAN MARTIN DE PORRES
1212,EL AMERICANO,LIMA-LIMA-LIMA
1213,EL BOSQUE 1182,LIMA-LIMA-LIMA
1214,EL BOSQUE 1182,LIMA-LIMA-SAN JUAN DE LURIGANCHO
1215,EL BUEN PASTOR,LIMA-LIMA-LOS OLIVOS
1216,EL BUEN PASTOR,LIMA-LIMA-LIMA
1217,EL BUEN PASTOR,LIMA-LIMA-COMAS
1218,EL CAMINO,JUNIN-HUANCAYO-HUANCAYO
1219,EL DIVINO MAESTRO,LIMA-LIMA-VILLA EL SALVADOR
1220,EL HOGAR,LIMA-LIMA-CHORRILLOS
1221,EL HOGAR CHORRILLOS,LIMA-LIMA-CHORRILLOS
1222,EL MUNDO DE LOS NIÑOS,LIMA-HUARAL-CHANCAY
1223,EL NAZARENO,LIMA-HUARAL-HUARAL
1224,EL NAZARENO,LIMA-LIMA-RIMAC
1225,EL NAZARENO,LAMBAYEQUE-CHICLAYO-CHICLAYO
1226,EL NAZARENO,LIMA-LIMA-LIMA
1227,EL NAZARENO,LIMA-LIMA-SAN MARTIN DE PORRES
1228,EL NUEVO MARIANNE FROSTIG,LIMA-LIMA-SAN MARTIN DE PORRES
1229,EL PACIFICO,LIMA-LIMA-SAN MARTIN DE PORRES
1230,EL TRIUNFO,PIURA-PIURA-CASTILLA
1231,EL TUNGSTENO SCHOLL,LIMA-LIMA-ATE
1232,EL UNIVERSO,LIMA-LIMA-VILLA EL SALVADOR
1233,EL UNIVERSO,LIMA-LIMA-LIMA
1234,ELADIO HURTADO VICENTE 20147,LIMA-CAÑETE-IMPERIAL
1235,ELEAZAR GUZMÁN BARRON,ANCASH-HUARI-ANRA
1236,ELEAZAR GUZMÁN BARRÓN,ANCASH-HUARI-CAJAY
1237,ELENA DE SANTA MARIA,PUNO-SAN ROMAN-JULIACA
1238,ELITE SCHOOL,LIMA-HUAURA-HUACHO
1239,ELLOY LLATAS BARÓN,CAJAMARCA-CUTERVO-CUTERVO
1240,ELÍAS AGUIRRE 7224,LIMA-LIMA-VILLA EL SALVADOR
1241,ELÍAS REMIGIO AGUIRRE ROMERO 7224,LIMA-LIMA-VILLA EL SALVADOR
1242,EMANUEL,JUNIN-SATIPO-SATIPO
1243,EMAUS,LIMA-HUARAL-HUARAL
1244,EMAÚS,LIMA-HUARAL-HUARAL
1245,EMBLEMATICO MANUEL ANTONIO MESONES MURO,AMAZONAS-BAGUA-LA PECA
1246,EMBLEMÁTICA DIVINA PASTORA,PASCO-OXAPAMPA-OXAPAMPA
1247,EMILIO SOYER CABERO,LIMA-LIMA-CHORRILLOS
1248,EMMA DETTMANN DE GUTIERREZ,CALLAO-CALLAO-BELLAVISTA
1249,EMMI PIKLER,LIMA-LIMA-VILLA EL SALVADOR
1250,ENRIQUE ARNAEZ NAVEDA,LIMA-LIMA-SANTIAGO DE SURCO
1251,ENRIQUE ARNAEZ NAVEDA,LIMA-LIMA-BARRANCO
1252,ENRIQUE CAMINO BRENT,LIMA-LIMA-LURIGANCHO
1253,ENRIQUE CAMINO BRENT,LIMA-LIMA-SAN JUAN DE LURIGANCHO
1254,ENRIQUE GUZMAN Y VALLE,PUNO-SAN ROMAN-JULIACA
1255,ENRIQUE GUZMAN Y VALLE 3084,LIMA-LIMA-LOS OLIVOS
1256,ENRIQUE GUZMÁN Y VALLE,LIMA-LIMA-SAN MARTIN DE PORRES
1257,ENRIQUE LOPEZ ALBUJAR,HUANUCO-DOS DE MAYO-PACHAS
1258,ENRIQUE LÓPEZ ALBUJAR,HUANUCO-DOS DE MAYO-PACHAS
1259,ENRIQUE MILLA OCHOA,LIMA-LIMA-LOS OLIVOS
1260,ENRIQUE N. ESPINOSA,LIMA-LIMA-RIMAC
1261,ENRIQUE N. ESPINOSA,LIMA-LIMA-LIMA
1262,ENRIQUE NAPOLEON ESPINOZA DIOSES,LIMA-LIMA-LIMA
1263,ENRIQUE PESTALOZZI,LIMA-LIMA-CARABAYLLO
1264,ENRRIQUE GUZMAN Y VALLES,LORETO-MAYNAS-IQUITOS
1265,ENSEÑANZA DIVINA,LIMA-LIMA-CHORRILLOS
1266,ERICH KRAMM,LIMA-LIMA-PUCUSANA
1267,ERICK ERICKSON,LIMA-LIMA-COMAS
1268,ERNESTO DIEZ CANSECO,PASCO-DANIEL ALCIDES CARRION-YANAHUANCA
1269,ESCUELA DE JESUS,LIMA-LIMA-SAN JUAN DE LURIGANCHO
1270,ESCUELA DE JESÚS,LIMA-LIMA-LIMA
1271,ESCUELA DE JESÚS,LIMA-LIMA-SAN JUAN DE LURIGANCHO
1272,ESCUELA DE TALENTOS,CALLAO-CALLAO-LA PERLA
1273,ESCUELA DE TALENTOS 5143,CALLAO-CALLAO-CALLAO
1274,ESCUELA HOGAR COMUNITARIA REGIONAL SAGRADA FAMILIA,CALLAO-CALLAO-VENTANILLA
1275,ESCUELA HOGAR SAGRADA FAMILIA,CALLAO-CALLAO-VENTANILLA
1276,ESCUELA MUNDIAL,PUNO-SAN ROMAN-JULIACA
1277,ESTADOS UNIDOS,LIMA-LIMA-COMAS
1278,ESTADOS UNIDOS,LIMA-LIMA-LIMA
1279,ESTER CACERES,LIMA-LIMA-RIMAC
1280,ESTHER CÁCERES SALGADO,LIMA-LIMA-RIMAC
1281,ESTHER FESTINI DE RAMOS OCAMPO,LIMA-LIMA-COMAS
1282,ESTHER FESTINI DE RAMOS OCAMPO,PUNO-SAN ROMAN-JULIACA
1283,ESUELA DE JESÚS,LIMA-LIMA-SAN JUAN DE LURIGANCHO
1284,EUROAMERICA,CALLAO-CALLAO-CALLAO
1285,EVARISTE GAOIS,LIMA-CAÑETE-SAN VICENTE DE CAÑETE
1286,EVARISTO GALOIS,LIMA-LIMA-PUENTE PIEDRA
1287,EVARISTO GALOIS,LIMA-LIMA-CARABAYLLO
1288,EVARISTO GALOIS,LIMA-LIMA-LIMA
1289,EVERARDO ZAPATA SANTILLANA,AREQUIPA-AREQUIPA-JOSE LUIS BUSTAMANTE Y RIVERO
1290,EXCELENCIA COLLEGE,LAMBAYEQUE-LAMBAYEQUE-TUCUME
1291,EXCELENTI,LIMA-LIMA-SAN MIGUEL
1292,EXCELENTI,JUNIN-HUANCAYO-HUANCAYO
1293,EXITUS,PIURA-PIURA-PIURA
1294,EXPERIMENTAL DEL SANTA,ANCASH-SANTA-NUEVO CHIMBOTE
1295,FE U ALEGRÍA 24,LIMA-LIMA-VILLA MARIA DEL TRIUNFO
1296,FE Y ALEGRIA 02,LIMA-LIMA-SAN MARTIN DE PORRES
1297,FE Y ALEGRIA 05,LIMA-LIMA-LIMA
1298,FE Y ALEGRIA 1,LIMA-LIMA-LIMA
1299,FE Y ALEGRIA 10,LIMA-LIMA-LIMA
1300,FE Y ALEGRIA 10,LIMA-LIMA-COMAS
1301,FE Y ALEGRIA 13,LIMA-LIMA-COMAS
1302,FE Y ALEGRIA 2,LIMA-LIMA-SAN MARTIN DE PORRES
1303,FE Y ALEGRIA 23,LIMA-LIMA-VILLA MARIA DEL TRIUNFO
1304,FE Y ALEGRIA 24,LIMA-LIMA-VILLA MARIA DEL TRIUNFO
1305,FE Y ALEGRIA 24,LIMA-LIMA-LIMA
1306,FE Y ALEGRIA 26,LIMA-LIMA-LIMA
1307,FE Y ALEGRIA 26,AMAZONAS-CHACHAPOYAS-CHACHAPOYAS
1308,FE Y ALEGRIA 26,LIMA-LIMA-SAN JUAN DE LURIGANCHO
1309,FE Y ALEGRIA 29,CALLAO-CALLAO-VENTANILLA
1310,FE Y ALEGRIA 32,LIMA-LIMA-LIMA
1311,FE Y ALEGRIA 32,LIMA-LIMA-LURIGANCHO
1312,FE Y ALEGRIA 32,LIMA-LIMA-SAN JUAN DE LURIGANCHO
1313,FE Y ALEGRIA 43 LA SALLE,CALLAO-CALLAO-VENTANILLA
1314,FE Y ALEGRIA 65,LIMA-LIMA-LIMA
1315,FE Y ALEGRIA LA SALLE 43,CALLAO-CALLAO-VENTANILLA
1316,FE Y ALEGRIA N 53,LIMA-LIMA-LIMA
1317,FE Y ALEGRIA N3,LIMA-LIMA-LIMA
1318,FE Y ALEGRIA N3,LIMA-LIMA-SAN JUAN DE MIRAFLORES
1319,FE Y ALEGRIA N32,LIMA-LIMA-SAN JUAN DE LURIGANCHO
1320,FE Y ALEGRIA N58,LIMA-LIMA-LIMA
1321,FE Y ALEGRIA Nª43 LA SALLE,CALLAO-CALLAO-VENTANILLA
1322,FE Y ALEGRIA N° 17,LIMA-LIMA-VILLA EL SALVADOR
1323,FE Y ALEGRIA N° 35,LIMA-BARRANCA-BARRANCA
1324,FE Y ALEGRIA N°2,LIMA-LIMA-SAN MARTIN DE PORRES
1325,FE Y ALEGRIA N°29,CALLAO-CALLAO-VENTANILLA
1326,FE Y ALEGRIA N°39,LIMA-LIMA-EL AGUSTINO
1327,FE Y ALEGRIA N°41,LIMA-LIMA-LIMA
1328,FE Y ALEGRIA Nº 10,LIMA-LIMA-COMAS
1329,FE Y ALEGRIA Nº 2,LIMA-LIMA-SAN MARTIN DE PORRES
1330,FE Y ALEGRIA Nº 32,LIMA-LIMA-SAN JUAN DE LURIGANCHO
1331,FE Y ALEGRIA Nº53,LIMA-LIMA-ATE
1332,FE Y ALEGRÍA,ICA-ICA-ICA
1333,FE Y ALEGRÍA,LIMA-LIMA-SAN JUAN DE MIRAFLORES
1334,FE Y ALEGRÍA,LIMA-LIMA-VILLA MARIA DEL TRIUNFO
1335,FE Y ALEGRÍA,CALLAO-CALLAO-VENTANILLA
1336,FE Y ALEGRÍA 05,LIMA-LIMA-SAN JUAN DE LURIGANCHO
1337,FE Y ALEGRÍA 1,LIMA-LIMA-SAN MARTIN DE PORRES
1338,FE Y ALEGRÍA 10,LIMA-LIMA-LIMA
1339,FE Y ALEGRÍA 10,LIMA-LIMA-COMAS
1340,FE Y ALEGRÍA 13,LIMA-LIMA-COMAS
1341,FE Y ALEGRÍA 17,LIMA-LIMA-VILLA EL SALVADOR
1342,FE Y ALEGRÍA 24,LIMA-LIMA-LIMA
1343,FE Y ALEGRÍA 24,LIMA-LIMA-VILLA MARIA DEL TRIUNFO
1344,FE Y ALEGRÍA 25,LIMA-LIMA-LIMA
1345,FE Y ALEGRÍA 32,LIMA-LIMA-SAN JUAN DE LURIGANCHO
1346,FE Y ALEGRÍA 37,LIMA-LIMA-SAN JUAN DE LURIGANCHO
1347,FE Y ALEGRÍA 43 LASALLE,CALLAO-CALLAO-VENTANILLA
1348,FE Y ALEGRÍA 5,LIMA-LIMA-JESUS MARIA
1349,FE Y ALEGRÍA N 25,LIMA-LIMA-SAN JUAN DE LURIGANCHO
1350,FE Y ALEGRÍA N 32,LIMA-LIMA-LIMA
1351,FE Y ALEGRÍA N 32,LIMA-LIMA-SAN JUAN DE LURIGANCHO
1352,FE Y ALEGRÍA N 35,LIMA-BARRANCA-BARRANCA
1353,FE Y ALEGRÍA N 58,LIMA-LIMA-LURIGANCHO
1354,FE Y ALEGRÍA N1,LIMA-LIMA-SAN MARTIN DE PORRES
1355,FE Y ALEGRÍA N2 2009 SMP,LIMA-LIMA-SAN MARTIN DE PORRES
1356,FE Y ALEGRÍA N24,LIMA-LIMA-VILLA MARIA DEL TRIUNFO
1357,FE Y ALEGRÍA N32,LIMA-LIMA-SAN JUAN DE LURIGANCHO
1358,FE Y ALEGRÍA N39,LIMA-LIMA-EL AGUSTINO
1359,FE Y ALEGRÍA NRO 59,CALLAO-CALLAO-VENTANILLA
1360,FE Y ALEGRÍA N° 26,LIMA-LIMA-SAN JUAN DE LURIGANCHO
1361,FE Y ALEGRÍA N° 3,LIMA-LIMA-SAN JUAN DE MIRAFLORES
1362,FE Y ALEGRÍA N° 39,LIMA-LIMA-EL AGUSTINO
1363,FE Y ALEGRÍA N° 41,LIMA-LIMA-LIMA
1364,FE Y ALEGRÍA N° 53,LIMA-LIMA-LIMA
1365,FE Y ALEGRÍA N° 59 SANTA CRUZ,CALLAO-CALLAO-VENTANILLA
1366,FE Y ALEGRÍA N°12 - PUENTE PIEDRA,LIMA-LIMA-PUENTE PIEDRA
1367,FE Y ALEGRÍA N°12 UGEL-04,LIMA-LIMA-PUENTE PIEDRA
1368,FE Y ALEGRÍA N°2,LIMA-LIMA-SAN MARTIN DE PORRES
1369,FE Y ALEGRÍA N°20,CUSCO-CUSCO-SANTIAGO
1370,FE Y ALEGRÍA N°26,LIMA-LIMA-LIMA
1371,FE Y ALEGRÍA N°26,LIMA-LIMA-SAN JUAN DE LURIGANCHO
1372,FE Y ALEGRÍA N°35,LIMA-BARRANCA-BARRANCA
1373,FE Y ALEGRÍA N°5,LIMA-LIMA-LURIGANCHO
1374,FEDERICK,JUNIN-HUANCAYO-PILCOMAYO
1375,FEDERICO FROEBEL,AYACUCHO-HUAMANGA-AYACUCHO
1376,FEDERICO KAUFFMAN DOIG,CALLAO-CALLAO-VENTANILLA
1377,FEDERICO VILLARREAL,LIMA-LIMA-MIRAFLORES
1378,FEDERICO VILLARREAL,HUANCAVELICA-ANGARAES-LIRCAY
1379,FELIPE GUAMAN POMA DE AYALA,LIMA-LIMA-SAN JUAN DE LURIGANCHO
1380,FELIPE GUAMÁN POMA DE AYALA,LIMA-LIMA-LIMA
1381,FELIPE HUAMAN POMA AYALA,LIMA-LIMA-SAN JUAN DE LURIGANCHO
1382,FELIPE HUAMAN POMA DE AYALA,LIMA-LIMA-SAN JUAN DE LURIGANCHO
1383,FELIPE HUAMAN POMA DE AYALA,LIMA-LIMA-LURIGANCHO
1384,FELIPE HUAMÁN POMA DE AYALA,LIMA-LIMA-LURIGANCHO
1385,FELIPE SANTIAGO ESTENOS,LIMA-LIMA-CHACLACAYO
1386,FERMIN PABLO COZ MARTEL,HUANUCO-LAURICOCHA-JESUS
1387,FERNANDO BELAUNDE TERRY N° 0074,LIMA-LIMA-ATE
1388,FERNANDO CARBAJAL SEGURA,LIMA-LIMA-LIMA
1389,FERNANDO CARBAJAL SEGURA,LIMA-LIMA-ATE
1390,FERNANDO CARBAJAL SEGURA 6039,LIMA-LIMA-ATE
1391,FERNANDO STAHL,PUNO-SAN ROMAN-JULIACA
1392,FERNANDO STAL,SAN MARTIN-TOCACHE-TOCACHE
1393,FLORENCE NIGHTINGALE,CALLAO-CALLAO-CALLAO
1394,FRACTAL,LIMA-CAÑETE-MALA
1395,FRANCIS SCHAEFFER,LIMA-LIMA-ATE
1396,FRANCISCA DIEZ CANSECO CASTILLA,HUANCAVELICA-HUANCAVELICA-HUANCAVELICA
1397,FRANCISCA MARÍA RUIZ VILLAR,LAMBAYEQUE-CHICLAYO-TUMAN
1398,FRANCISCANA PADRE PIO SAROBE,JUNIN-CONCEPCION-SANTA ROSA DE OCOPA
1399,FRANCISCANO SAN ROMAN,PUNO-SAN ROMAN-JULIACA
1400,FRANCISCANO SAN ROMÁN,PUNO-SAN ROMAN-JULIACA
1401,FRANCISCO BOLOGNESI,AYACUCHO-HUAMANGA-AYACUCHO
1402,FRANCISCO BOLOGNESI,LIMA-LIMA-CARABAYLLO
1403,FRANCISCO BOLOGNESI,LIMA-LIMA-SAN JUAN DE LURIGANCHO
1404,FRANCISCO BOLOGNESI,PASCO-PASCO-CHAUPIMARCA
1405,FRANCISCO BOLOGNESI,LIMA-LIMA-MAGDALENA DEL MAR
1406,FRANCISCO BOLOGNESI 6064,LIMA-LIMA-VILLA EL SALVADOR
1407,FRANCISCO BOLOGNESI CERVANTES,LIMA-LIMA-SAN JUAN DE LURIGANCHO
1408,FRANCISCO BOLOGNESI CERVANTES,CALLAO-CALLAO-VENTANILLA
1409,FRANCISCO BOLOGNESI CERVANTES,LIMA-LIMA-INDEPENDENCIA
1410,FRANCISCO BOLOGNESI CERVANTES 5123,CALLAO-CALLAO-VENTANILLA
1411,FRANCISCO BOLOGNESI CERVANTES Nº 5123,CALLAO-CALLAO-VENTANILLA
1412,FRANCISCO DE ZELA,JUNIN-HUANCAYO-EL TAMBO
1413,FRANCISCO DE ZELA,CALLAO-CALLAO-CALLAO
1414,FRANCISCO INCA,LIMA-HUAROCHIRI-LAHUAYTAMBO
1415,FRANCISCO INKA,LIMA-HUAROCHIRI-LAHUAYTAMBO
1416,FRANCISCO IRAZOLA,JUNIN-SATIPO-SATIPO
1417,FRANCISCO IZQUIERDO RIOS,HUANCAVELICA-HUANCAVELICA-YAULI
1418,FRANCISCO IZQUIERDO RÍOS,HUANCAVELICA-HUANCAVELICA-YAULI
1419,FRANCISCO VIDAL LAOS,LIMA-BARRANCA-SUPE
1420,FRANZ TAMAYO SOLARES,LIMA-LIMA-COMAS
1421,FRANZ TAMAYO SOLARES 3096,LIMA-LIMA-COMAS
1422,FRAY PEDRO URRACA,LIMA-LIMA-INDEPENDENCIA
1423,FRIEDERICH GAUSS,LIMA-LIMA-LOS OLIVOS
1424,FRIEDERICH GAUSS,CALLAO-CALLAO-CALLAO
1425,FÉLIX ROMÁN TELLO ROJAS,LIMA-LIMA-LA MOLINA
1426,G.U.E JOSE ANTONIO ENCINAS,PUNO-SAN ROMAN-JULIACA
1427,G.U.E JOSE GRANDA,LIMA-LIMA-SAN MARTIN DE PORRES
1428,G.U.E LAS MERCEDES,PUNO-SAN ROMAN-JULIACA
1429,G.U.E LEONCIO PRADO,HUANUCO-HUANUCO-HUANUCO
1430,GABRIEL MORENO,LIMA-CANTA-CANTA
1431,GABRIELA MISTRAL,LIMA-LIMA-LIMA
1432,GAKUSEI,LIMA-LIMA-SAN JUAN DE LURIGANCHO
1433,GALENO,PUNO-SAN ROMAN-JULIACA
1434,GALENO,PUNO-PUNO-PUNO
1435,GALENO LIMA SUR,LIMA-LIMA-VILLA MARIA DEL TRIUNFO
1436,GALENO LIMA-SUR,LIMA-LIMA-VILLA MARIA DEL TRIUNFO
1437,GALILEO,CUSCO-CUSCO-CUSCO
1438,GALILEO,CUSCO-CUSCO-WANCHAQ
1439,GALILEO GALILEI,LIMA-LIMA-LOS OLIVOS
1440,GALILEOGALILEI,LIMA-LIMA-LOS OLIVOS
1441,GARCILASO DE LA VEGA,LIMA-LIMA-ATE
1442,GAUUS,CUSCO-QUISPICANCHI-ANDAHUAYLILLAS
1443,GENERAL OLLANTAY,LIMA-LIMA-CARABAYLLO
1444,GENERALÍSIMO DON JOSÉ DE SAN MARTÍN,LIMA-LIMA-ANCON
1445,GENERALÍSIMO JOSÉ DE SAN MARTÍN 3069,LIMA-LIMA-ANCON
1446,GENES,LIMA-LIMA-SAN MARTIN DE PORRES
1447,GENES,LIMA-LIMA-PUENTE PIEDRA
1448,GENES,LIMA-LIMA-LIMA
1449,GENES,LIMA-LIMA-LOS OLIVOS
1450,GENES DE LOS OLIVOS,LIMA-LIMA-LOS OLIVOS
1451,GENES DEL NORTE,CALLAO-CALLAO-VENTANILLA
1452,GENES II,LIMA-LIMA-COMAS
1453,GENES LOS OLIVOS,LIMA-LIMA-LOS OLIVOS
1454,GENES SEDE LOS OLIVOS,LIMA-LIMA-LOS OLIVOS
1455,GENES SMP,LIMA-LIMA-SAN MARTIN DE PORRES
1456,GENES SMP,LIMA-LIMA-LIMA
1457,GERMAN CARO RÍOS N°20384,LIMA-HUARAL-ATAVILLOS BAJO
1458,GERMÁN CARO RIOS,HUANCAVELICA-ACOBAMBA-PAUCARA
1459,GERMÁN CARO RIOS,LIMA-HUARAL-ATAVILLOS BAJO
1460,GERONIMO CAFFERATTA MARAZZI,LIMA-LIMA-VILLA MARIA DEL TRIUNFO
1461,GERÓNIMO CAFFERATA MARAZZI 7088,LIMA-LIMA-VILLA MARIA DEL TRIUNFO
1462,GERÓNIMO CAFFERATA MARRAZI,LIMA-LIMA-VILLA MARIA DEL TRIUNFO
1463,GEUNI,LIMA-CAÑETE-SAN VICENTE DE CAÑETE
1464,GIORDANO BRUNO,LIMA-LIMA-BREÑA
1465,GLAUDIO GALENO,PUNO-SAN ROMAN-JULIACA
1466,GLMO. JOSÉ DE SAN MARTÍN 3069,LIMA-LIMA-ANCON
1467,GLORIOSO 10 DE OCTUBRE,LIMA-LIMA-SAN JUAN DE LURIGANCHO
1468,GLORIOSO COLEGIO NACIONAL DE CIENCIAS,CUSCO-CUSCO-CUSCO
1469,GLORIOSO COMERCIO 32,PUNO-SAN ROMAN-JULIACA
1470,GLORIOSO SAN CARLOS,PUNO-PUNO-PUNO
1471,GOMEZ ARIAS DAVILA,HUANUCO-LEONCIO PRADO-RUPA-RUPA
1472,GOOD PEOPLE,LIMA-LIMA-PUENTE PIEDRA
1473,GOTTFRIED WILHELM LEIBNIZ,LIMA-LIMA-BREÑA
1474,GRACIAS JESÚS,LIMA-LIMA-CHORRILLOS
1475,GRAL. EMILIO SOYER CABERO,LIMA-LIMA-CHORRILLOS
1476,GRAL.EMILIO SOYER CABERO,LIMA-LIMA-CHORRILLOS
1477,GRAN ALMIRANTE MIGUEL GRAU,LIMA-LIMA-PUENTE PIEDRA
1478,GRAN AMAITA MARIATEGUI,LIMA-LIMA-SAN JUAN DE LURIGANCHO
1479,GRAN AMAUTA,LIMA-LIMA-SAN MARTIN DE PORRES
1480,GRAN AMAUTA DE MOTUPE,LIMA-LIMA-SAN JUAN DE LURIGANCHO
1481,GRAN AMAUTA MARIATEGUI,LIMA-LIMA-RIMAC
1482,GRAN AMAUTA MARIATEGUI 139,LIMA-LIMA-SAN JUAN DE LURIGANCHO
1483,GRAN AMAUTA MARIÁTEGUI 139,LIMA-LIMA-LIMA
1484,GRAN BRETAÑA,LIMA-LIMA-INDEPENDENCIA
1485,GRAN BRETAÑA 3056,LIMA-LIMA-INDEPENDENCIA
1486,GRAN HUASCARAN,ANCASH-YUNGAY-YUNGAY
1487,GRAN HUASCARÁN,ANCASH-YUNGAY-YUNGAY
1488,GRAN MARISCAL ANDRÉS AVELINO CÁCERES,LIMA-LIMA-EL AGUSTINO
1489,GRAN MARISCAL TORIBIO DE LUZURIAGA,LIMA-LIMA-LOS OLIVOS
1490,GRAN MARISCAL TORIBIO DEL LUZURIAGA,LIMA-LIMA-LOS OLIVOS
1491,GRAN MARISCAL TORIBIO LUZURIAGA,LIMA-LIMA-LOS OLIVOS
1492,GRAN PASCAL,LIMA-LIMA-LIMA
1493,GRAN PASCAL,LIMA-LIMA-SAN JUAN DE LURIGANCHO
1494,GRAN UNIDAD ESCOLAR JOSE ANTONIO ENCINAS,PUNO-SAN ROMAN-JULIACA
1495,GRAN UNIDAD ESCOLAR LAS MERCEDES,PUNO-SAN ROMAN-JULIACA
1496,GRAN UNIDAD ESCOLAR SAN CARLOS,PUNO-PUNO-PUNO
1497,GRAN UNIDAD ESCOLAR SAN CARLOS PUNO,PUNO-PUNO-PUNO
1498,GRAN UNIDAD LAS MERCEDES,PUNO-SAN ROMAN-JULIACA
1499,GREGOR MENDEL,PUNO-SAN ROMAN-JULIACA
1500,GREGORIO MARTINELLY,APURIMAC-ANDAHUAYLAS-TALAVERA
1501,GRUPO CIENTÍFICO,LIMA-LIMA-INDEPENDENCIA
1502,GRUPO EDUCATIVO SAN LUIS,LIMA-LIMA-SAN MARTIN DE PORRES
1503,GRUPO-PRE,LIMA-LIMA-LIMA
1504,GUADALUPE NUEVA GENERACIÓN,CALLAO-CALLAO-VENTANILLA
1505,GUE JOSÉ ANTONIO ENCINAS,PUNO-SAN ROMAN-JULIACA
1506,GUE LAS MERCEDES,PUNO-SAN ROMAN-JULIACA
1507,GUE LAS MERCEDES- JULIACA,PUNO-SAN ROMAN-JULIACA
1508,GUE MARISCAL CACERES,AYACUCHO-HUAMANGA-AYACUCHO
1509,GUE MARISCAL CÁCERES,AYACUCHO-HUAMANGA-AYACUCHO
1510,GUE. MARISCAL CÁCERES,AYACUCHO-HUAMANGA-AYACUCHO
1511,GUILLERMO VILLADEGUT FERRUFINO,APURIMAC-GRAU-CURASCO
1512,GUSTAVO ADOLFO BÉCQUER,LIMA-LIMA-LIMA
1513,GUSTAVO MOHME LLONA,LIMA-LIMA-PUENTE PIEDRA
1514,GUTEMBERG,LIMA-LIMA-LOS OLIVOS
1515,GÓMEZ ARIAS DÁVILA,HUANUCO-LEONCIO PRADO-RUPA-RUPA
1516,HANS CHRISTIAN,LIMA-LIMA-LOS OLIVOS
1517,HANS CHRISTIAN ANDERSEN,LIMA-LIMA-SANTIAGO DE SURCO
1518,HAPPY SCHOOL,LIMA-LIMA-COMAS
1519,HECTOR PRETELL CARBONELL,LIMA-LIMA-SAN JUAN DE MIRAFLORES
1520,HEINRICH PESTALOZZI COLLEGE,LIMA-LIMA-CARABAYLLO
1521,HENRI LA FONTAINE,LIMA-LIMA-COMAS
1522,HENRI MENARD,LIMA-LIMA-COMAS
1523,HEORES DEL CENEPA N°130,LIMA-LIMA-LIMA
1524,HERMAN BUSSE DE LA GUERRA,LIMA-LIMA-LOS OLIVOS
1525,HERMANO ANSELMO MARIA,LIMA-LIMA-LIMA
1526,HERNAN BUSSE DE LA GUERRA,LIMA-LIMA-LOS OLIVOS
1527,HERNÁN BUSSE DE LA GUERRA,LIMA-LIMA-LOS OLIVOS
1528,HEROES DE LA BREÑA,LIMA-LIMA-EL AGUSTINO
1529,HEROES DEL ALTO CENEPA 8181,AMAZONAS-CHACHAPOYAS-CHACHAPOYAS
1530,HEROES DEL CENEPA,LIMA-LIMA-LURIGANCHO
1531,HEROES DEL CENEPA,LIMA-LIMA-SAN JUAN DE LURIGANCHO
1532,HEROES DEL CENEPA N° 130,LIMA-LIMA-SAN JUAN DE LURIGANCHO
1533,HEROINAS TOLEDO,JUNIN-CONCEPCION-CONCEPCION
1534,HIGH SCHOOL BABY KINDER,LIMA-LIMA-SAN JUAN DE LURIGANCHO
1535,HIJOS DE MARÍA AUXILIADORA,LIMA-LIMA-SAN JUAN DE LURIGANCHO
1536,HIPOLITO UNANUE,CAJAMARCA-CELENDIN-CORTEGANA
1537,HIPOLITO UNANUE,LIMA-LIMA-VILLA EL SALVADOR
1538,HIRAM BINGHAM SCHOOL,LIMA-LIMA-SANTIAGO DE SURCO
1539,HOGAR ESCUELA SAGRADA FAMILIA,CALLAO-CALLAO-VENTANILLA
1540,HOGAR INFANTIL,LIMA-HUARAL-HUARAL
1541,HONORES,LIMA-LIMA-SAN MARTIN DE PORRES
1542,HONORES,LIMA-LIMA-LIMA
1543,HONORES,LIMA-LIMA-PUENTE PIEDRA
1544,HONORES,HUANUCO-HUANUCO-PILLCO MARCA
1545,HONORES BREÑA,LIMA-LIMA-LIMA
1546,HONORES DE BERTELLO,LIMA-LIMA-LIMA
1547,HONORES DE BERTELLO,LIMA-LIMA-SAN MARTIN DE PORRES
1548,HONORES DE LAS FLORES,LIMA-LIMA-SAN JUAN DE LURIGANCHO
1549,HONORES DE OQUENDO,CALLAO-CALLAO-CALLAO
1550,HONORES DE SAN MARTIN,LIMA-LIMA-SAN MARTIN DE PORRES
1551,HONORES DEL RETABLO,LIMA-LIMA-COMAS
1552,HONORES HÉLICE,LIMA-LIMA-PUENTE PIEDRA
1553,HONORES LANDÁZURI,LIMA-LIMA-SAN MARTIN DE PORRES
1554,HONORES OQUENDO,CALLAO-CALLAO-CALLAO
1555,HONORES SANTA TERESA,LIMA-LIMA-SAN MARTIN DE PORRES
1556,HORACIO ZEBALLOS GAMES,PUNO-SAN ROMAN-JULIACA
1557,HORACIO ZEBALLOS GAMEZ 7227,LIMA-LIMA-SANTIAGO DE SURCO
1558,HORACIO ZEBALLOS GÁMEZ,LIMA-LIMA-VILLA MARIA DEL TRIUNFO
1559,HORACIO ZEVALLOS GAMEZ,CAJAMARCA-CUTERVO-QUEROCOTILLO
1560,HOSANNA,UCAYALI-CORONEL PORTILLO-CALLERIA
1561,HOSANNA,LIMA-LIMA-MIRAFLORES
1562,HOUSTON,LIMA-LIMA-VILLA EL SALVADOR
1563,HUACA DE ORO 3091,LIMA-LIMA-LOS OLIVOS
1564,HUAYCAHUACHO,AYACUCHO-LUCANAS-SANTA ANA DE HUAYCAHUACHO
1565,HUAYCAHUACHO,AYACUCHO-LUCANAS-PUQUIO
1566,HUELLITAS DE JESUS PEDRO PAULET,LIMA-LIMA-LURIN
1567,HUELLITAS DE JESUS SANTA FE,LIMA-LIMA-LURIN
1568,HUELLITAS DE JESÚS,LIMA-LIMA-LURIN
1569,HUMBERTO LUNA,CUSCO-CUSCO-CUSCO
1570,HUMBOLDT SCHOOL,LIMA-LIMA-SAN JUAN DE MIRAFLORES
1571,HUMECT MIRAVALLES,LIMA-LIMA-COMAS
1572,HUMTEC,LIMA-LIMA-COMAS
1573,HUMTEC MIRAVALLES,LIMA-LIMA-COMAS
1574,HÉROES DE LA BREÑA 112,LIMA-LIMA-EL AGUSTINO
1575,HÉROES DE SAN JUAN 7061,LIMA-LIMA-SAN JUAN DE MIRAFLORES
1576,HÉROES DEL CENEPA,CALLAO-CALLAO-VENTANILLA
1577,HÉROES DEL CENEPE,LIMA-LIMA-SAN JUAN DE LURIGANCHO
1578,HÉROES DEL PACÍFICO,CALLAO-CALLAO-VENTANILLA
1579,I E 5076 NUESTRA SEÑORA DE LAS MERCEDES,CALLAO-CALLAO-CALLAO
1580,I E E EDELMIRA DEL PANDO,LIMA-LIMA-ATE
1581,I E MANUEL SCORZA TORRES,LIMA-LIMA-INDEPENDENCIA
1582,I E P NEWTON,JUNIN-TARMA-TARMA
1583,I E SAN JUAN BAUTISTA,PASCO-PASCO-HUARIACA
1584,I E SINCHI ROCA 2022,LIMA-LIMA-COMAS
1585,I. E S. GLORIOSO SAN CARLOS PUNO,PUNO-PUNO-PUNO
1586,I. E. 046 LOS LIBERTADORES DE AYACUCHO,LIMA-LIMA-EL AGUSTINO
1587,I. E. 2086 PERÚ HOLANDA,LIMA-LIMA-COMAS
1588,I. E. 3045 JOSÉ CARLOS MARIÁTEGUI LA CHIRA,LIMA-LIMA-SAN MARTIN DE PORRES
1589,I. E. 5168 ROSA LUZ,LIMA-LIMA-PUENTE PIEDRA
1590,I. E. 7054,LIMA-LIMA-VILLA MARIA DEL TRIUNFO
1591,I. E. ARGENTINA,LIMA-LIMA-LIMA
1592,I. E. COPRODELI SAN MARTIN,CALLAO-CALLAO-VENTANILLA
1593,I. E. E. RICARDO BENTIN,LIMA-LIMA-RIMAC
1594,I. E. JORGE BASADRE GROHMANN,LIMA-LIMA-LOS OLIVOS
1595,I. E. JOSE CARLOS MARIATEGUI LA CHIRA,APURIMAC-AYMARAES-COTARUSE
1596,I. E. JOSE GRANDA,LIMA-LIMA-SAN MARTIN DE PORRES
1597,I. E. JOSÉ MANUEL MEZA,ICA-NAZCA-EL INGENIO
1598,I. E. JULIO CESAR ESCOBAR,LIMA-LIMA-SAN JUAN DE MIRAFLORES
1599,I. E. LAS MERCEDES,APURIMAC-ABANCAY-ABANCAY
1600,I. E. MARISCAL CÁCERES,AYACUCHO-HUAMANGA-AYACUCHO
1601,I. E. P CRISTINA BEATRIZ,LIMA-LIMA-SAN JUAN DE MIRAFLORES
1602,I. E. P SAN FRANCISCO DE CARHUAMAYO,JUNIN-JUNIN-CARHUAMAYO
1603,I. E. P WILLIAM SHAKESPEARE,LIMA-LIMA-COMAS
1604,I. E. P. ANA MARIA KAN,LIMA-LIMA-CARABAYLLO
1605,I. E. P. ANDRÉS AVELINO CÁCERES,LIMA-LIMA-SAN MARTIN DE PORRES
1606,I. E. P. IZAGUIRRE DE ARIEL,LIMA-LIMA-INDEPENDENCIA
1607,I. E. P. JORDÁN DE JESÚS,CALLAO-CALLAO-CALLAO
1608,I. E. P. JUANA MORENO,HUANUCO-HUANUCO-HUANUCO
1609,I. E. P. LA SALLE,PUNO-SAN ROMAN-JULIACA
1610,I. E. P. LUMBRERAS DE SANTA ANITA,LIMA-LIMA-SANTA ANITA
1611,I. E. P. NUEVO PERÚ,PUNO-SAN ROMAN-JULIACA
1612,I. E. P. SANTA ROSA DE HUACHIPA,LIMA-LIMA-LURIGANCHO
1613,I. E. P. SANTA ÁNGELA,LIMA-LIMA-PACHACAMAC
1614,I. E. REPÚBLICA FEDERAL DE ALEMANIA,LIMA-LIMA-PUENTE PIEDRA
1615,I. E. S. JULIO GABANCHO ENRIQUEZ,PUNO-CARABAYA-MACUSANI
1616,I. E. SAGRADO CORAZÓN DE JESÚS,JUNIN-CHANCHAMAYO-SAN RAMON
1617,I. E. SAN MARTN DE PORRES MAMAC,JUNIN-CONCEPCION-MARISCAL CASTILLA
1618,I. E. SAN MARTÍN DE PORRES,LIMA-LIMA-SAN MARTIN DE PORRES
1619,I. E. SANTA MARIA GORETTI 0059,LIMA-LIMA-LURIGANCHO
1620,I. E. TRINOMIO,PUNO-SAN ROMAN-JULIACA
1621,I. E.P. TOMAS ARIETA CRUZ,LIMA-LIMA-SAN MARTIN DE PORRES
1622,I.E . TOMAS ALVA EDISON,LIMA-LIMA-SAN JUAN DE LURIGANCHO
1623,I.E 0073 BENITO JUÁREZ,LIMA-LIMA-SAN JUAN DE LURIGANCHO
1624,I.E 0092 ALFRED NOBEL,LIMA-LIMA-SAN JUAN DE LURIGANCHO
1625,I.E 1204 VILLA JARDIN,LIMA-LIMA-LA VICTORIA
1626,I.E 130 HEROES DEL CENEPA,LIMA-LIMA-SAN JUAN DE LURIGANCHO
1627,I.E 164 EL AMAUTA,LIMA-LIMA-SAN JUAN DE LURIGANCHO
1628,I.E 166 KAROL WOJTYLA,LIMA-LIMA-SAN JUAN DE LURIGANCHO
1629,I.E 2024,LIMA-LIMA-LOS OLIVOS
1630,I.E 2026 SAN DIEGO,LIMA-LIMA-SAN MARTIN DE PORRES
1631,I.E 2031 VIRGEN DE FATIMA,LIMA-LIMA-SAN MARTIN DE PORRES
1632,I.E 2061 SAN MARTIN DE PORRES,LIMA-LIMA-INDEPENDENCIA
1633,I.E 2090 VIRGEN DE LA PUERTA,LIMA-LIMA-LOS OLIVOS
1634,I.E 20955-22,LIMA-HUAROCHIRI-SAN ANTONIO
1635,I.E 20955-22,LIMA-LIMA-LIMA
1636,I.E 24 ROSA IRENE INFANTE DE CANALES,LIMA-LIMA-SAN MIGUEL
1637,I.E 3014 LEONCIO PRADO,LIMA-LIMA-RIMAC
1638,I.E 3047 REPÚBLICA DE CANADÁ,LIMA-LIMA-COMAS
1639,I.E 3073 EL DORADO,LIMA-LIMA-PUENTE PIEDRA
1640,I.E 3091 HUACA DE ORO,LIMA-LIMA-LOS OLIVOS
1641,I.E 3510 SAN ANTONIO DE PADUA TRAPICHE,LIMA-CANTA-SANTA ROSA DE QUIVES
1642,I.E 5074 ALCIDES SPELUCIN VEGA,CALLAO-CALLAO-CALLAO
1643,I.E 5085 RAMIRO PRIALÉ PRIALÉ,CALLAO-CALLAO-CARMEN DE LA LEGUA REYNOSO
1644,I.E 5149 SAN JUAN BAUTISTA,CALLAO-CALLAO-VENTANILLA
1645,I.E 5168 ROSA LUZ,LIMA-LIMA-PUENTE PIEDRA
1646,I.E 5282 SEÑOR DE LOS MILAGROS,LIMA-LIMA-PUENTE PIEDRA
1647,I.E 6066 VILLA EL SALVADOR,LIMA-LIMA-VILLA EL SALVADOR
1648,I.E 7080 JORGE BERNALES SALAS,LIMA-LIMA-VILLA MARIA DEL TRIUNFO
1649,I.E 7213 PERUANO JAPONÉS,LIMA-LIMA-VILLA EL SALVADOR
1650,I.E ALFONSO UGARTE,PASCO-PASCO-CHAUPIMARCA
1651,I.E ALFREDO REBAZA ACOSTA,LIMA-LIMA-LOS OLIVOS
1652,I.E ALMIRANTE MIGUEL GRAU 2066,LIMA-LIMA-ANCON
1653,I.E AMÉRICA 7101-623,LIMA-LIMA-SAN JUAN DE MIRAFLORES
1654,I.E ANDRÉS BELLO 3041,LIMA-LIMA-SAN MARTIN DE PORRES
1655,I.E ARGENTINA,LIMA-LIMA-BREÑA
1656,I.E AUGUSTO B LEGUIA,LIMA-LIMA-PUENTE PIEDRA
1657,I.E BANDERA DEL PERÚ,ICA-PISCO-SAN ANDRES
1658,I.E BENJAMIN FRANKLIN,LIMA-LIMA-VILLA EL SALVADOR
1659,I.E BETA,LIMA-LIMA-RIMAC
1660,I.E BRÍGIDA SILVA DE OCHOA,LIMA-LIMA-CHORRILLOS
1661,I.E CABO G.C TEODOSIO ESTEBAN FRANCO GARCÍA,ICA-ICA-LOS AQUIJES
1662,I.E CAP FAP JOSÉ EMILIO VELARDE VARGAS,PIURA-TALARA-PARIÑAS
1663,I.E CARLOS NORIEGUA JIMENEZ,LIMA-LIMA-SAN JUAN DE LURIGANCHO
1664,I.E CARLOS PAREJA PAZ SOLDAN,LIMA-LIMA-RIMAC
1665,I.E CIRO ALEGRIA,ICA-CHINCHA-ALTO LARAN
1666,I.E COPRODELI AGUSTÍN DE HIPONA,CALLAO-CALLAO-CALLAO
1667,I.E DIVINO MAESTRO 7242,LIMA-LIMA-VILLA EL SALVADOR
1668,I.E ESTADOS UNIDOS,LIMA-LIMA-COMAS
1669,I.E ESTHER CACERES SALGADO,LIMA-LIMA-RIMAC
1670,I.E FE Y ALEGRIA 37,LIMA-LIMA-LIMA
1671,I.E FE Y ALEGRIA N°37,LIMA-LIMA-SAN JUAN DE LURIGANCHO
1672,I.E FE Y ALEGRÍA N° 24,LIMA-LIMA-VILLA MARIA DEL TRIUNFO
1673,I.E FRANKLIN ROOSEVELT,LIMA-LIMA-SAN MARTIN DE PORRES
1674,I.E GENERALÍSIMO DON JOSÉ DE SAN MARTÍN,LIMA-LIMA-ANCON
1675,I.E HERMAN BUSSE DE LA GUERRA,LIMA-LIMA-PUENTE PIEDRA
1676,I.E INCA GARCILASO DE LA VEGA,ANCASH-HUARMEY-HUARMEY
1677,I.E INCA PACHACUTEC,LIMA-LIMA-VILLA MARIA DEL TRIUNFO
1678,I.E INCA PACHACUTEC 2094,LIMA-LIMA-SAN MARTIN DE PORRES
1679,I.E INDUSTRIAL LUCYANA,LIMA-LIMA-CARABAYLLO
1680,I.E INMACULADA CONCEPCIÓN,TUMBES-TUMBES-TUMBES
1681,I.E IVAN PAVLOV,LIMA-LIMA-COMAS
1682,I.E IZAGUIRRE DE ARIEL,LIMA-LIMA-INDEPENDENCIA
1683,I.E JEC JOSÉ GÁLVEZ BARRENECHEA,JUNIN-YAULI-LA OROYA
1684,I.E JOHN F. KENNEDY,LIMA-LIMA-ATE
1685,I.E JORGE BASADRE GROHMAN,LIMA-LIMA-LOS OLIVOS
1686,I.E JOSE ANTONIO ENCINAS 3024,LIMA-LIMA-LIMA
1687,I.E JOSE CARLOS MARIATEGUI,LIMA-LIMA-EL AGUSTINO
1688,I.E JOSE MARIA ARGUEDAS 5026,CALLAO-CALLAO-CALLAO
1689,I.E JOSÉ CARLOS MARIATEGUI 88106,ANCASH-HUARMEY-HUARMEY
1690,I.E JOSÉ LIBERTADOR 2003,LIMA-LIMA-SAN MARTIN DE PORRES
1691,I.E JOSÉ MARIA ARGUEDAS,LIMA-LIMA-CARABAYLLO
1692,I.E JOSÉ MARÍA ARGUEDAS 2027,LIMA-LIMA-LIMA
1693,I.E JOSÉ MARÍA ARGUEDAS 2027,LIMA-LIMA-SAN MARTIN DE PORRES
1694,I.E JOSÉ MARÍA ARGUEDAS 2068,LIMA-LIMA-LIMA
1695,I.E KUMAMOTO I-3092,LIMA-LIMA-PUENTE PIEDRA
1696,I.E LA INMACULADA,UCAYALI-CORONEL PORTILLO-CALLERIA
1697,I.E LA SAGRADA FAMILIA FE Y ALEGRIA N°64,HUANUCO-LEONCIO PRADO-RUPA-RUPA
1698,I.E LIBERTADOR JOSE DE SAN MARTIN,LIMA-OYON-OYON
1699,I.E LOS JAZMINES DEL NARANJAL,LIMA-LIMA-SAN MARTIN DE PORRES
1700,I.E LUIS ALBERTO SANCHEZ,LIMA-LIMA-LIMA
1701,I.E LUIS ALBERTO SANCHEZ,LIMA-LIMA-SAN JUAN DE LURIGANCHO
1702,I.E MANUEL SEOANE CORRALES,CALLAO-CALLAO-VENTANILLA
1703,I.E MANUEL TOBIAS GARCIA CERRON 3071,LIMA-LIMA-PUENTE PIEDRA
1704,I.E MARIO FLORIAN,LIMA-LIMA-LIMA
1705,I.E MARÍA DEL ÁNGEL,LIMA-LIMA-COMAS
1706,I.E MATEO PUMACAHUA 6097,LIMA-LIMA-SANTIAGO DE SURCO
1707,I.E MAX UHLE 7236,LIMA-LIMA-VILLA EL SALVADOR
1708,I.E MERCEDES CABELLO DE CARBONERA,LIMA-LIMA-RIMAC
1709,I.E MIGUEL ARCÁNGEL,LIMA-LIMA-LIMA
1710,I.E MIGUEL ARCÁNGEL,LIMA-LIMA-SAN MARTIN DE PORRES
1711,I.E MIGUEL GRAU SEMINARIO,LIMA-LIMA-SAN JUAN DE LURIGANCHO
1712,I.E MIXTO INDEPENDENCIA,LIMA-LIMA-INDEPENDENCIA
1713,I.E NUESTRA SEÑORA DE GUADALUPE,LIMA-LIMA-LIMA
1714,I.E NUESTRA SEÑORA DEL CARMEN,LIMA-HUARAL-HUARAL
1715,I.E NUEVO PERÚ,LIMA-LIMA-LIMA
1716,I.E NUEVO PERÚ,LIMA-LIMA-LOS OLIVOS
1717,I.E N° 117 SIGNOS DE FE,LIMA-LIMA-SAN JUAN DE LURIGANCHO
1718,I.E N°72 SAN MARTIN DE PORRES,LIMA-LIMA-MAGDALENA DEL MAR
1719,I.E N°7262 MI NUEVO PERU,LIMA-LIMA-PACHACAMAC
1720,I.E Nº 2025 INMACULADA CONCEPCIÓN,LIMA-LIMA-LOS OLIVOS
1721,I.E P.N.P BACILIO RAMÍREZ PEÑA,PIURA-PIURA-PIURA
1722,I.E P.N.P SANTA ROSA DE LIMA 2001,LIMA-LIMA-SAN MARTIN DE PORRES
1723,I.E PALMAS REALES,LIMA-LIMA-SAN MARTIN DE PORRES
1724,I.E PARROQUIAL NIÑO JESUS DE PRAGA,LIMA-LIMA-CHORRILLOS
1725,I.E PEDRO GÁLVZ EGÚSQUIZA,LIMA-LIMA-LIMA
1726,I.E PERÚ ESPAÑA 6099,LIMA-LIMA-VILLA EL SALVADOR
1727,I.E PNP JORGE CIEZA LACHOS,LIMA-LIMA-SAN JUAN DE LURIGANCHO
1728,I.E PNP. SANTA ROSA DE LIMA 2001,LIMA-LIMA-LIMA
1729,I.E POLITECNICO REGIONAL,PUNO-SAN ROMAN-JULIACA
1730,I.E PROYECTO INTEGRAL CHAVARRIA,LIMA-LIMA-LOS OLIVOS
1731,I.E PUBLICA ANDRES DE LOS REYES,LIMA-HUARAL-HUARAL
1732,I.E RAMIRO PRIALE 7079,LIMA-LIMA-SAN JUAN DE MIRAFLORES
1733,I.E RAMIRO PRIALE PRIALE,LIMA-LIMA-SAN JUAN DE LURIGANCHO
1734,I.E RAMON CASTILLA,LIMA-LIMA-COMAS
1735,I.E RAMON CASTILLA,LIMA-LIMA-LIMA
1736,I.E RAMÓN CASTILLA - RETABLO,LIMA-LIMA-COMAS
1737,I.E RAMÓN ESPINOZA,LIMA-LIMA-LIMA
1738,I.E RAUL PORRAS BARRENECHEA,LIMA-LIMA-CARABAYLLO
1739,I.E REPUBLICA DE ARGENTINA N2050,LIMA-LIMA-CARABAYLLO
1740,I.E REPUBLICA DEL ECUADOR,LIMA-LIMA-VILLA MARIA DEL TRIUNFO
1741,I.E REPÚBLICA DE COLOMBIA,LIMA-LIMA-INDEPENDENCIA
1742,I.E REPÚBLICA DE JAPON,LIMA-LIMA-PUENTE PIEDRA
1743,I.E REPÚBLICA DEL ECUADOR,LIMA-LIMA-VILLA MARIA DEL TRIUNFO
1744,I.E RICARDO BENTIN,LIMA-LIMA-SAN JUAN DE LURIGANCHO
1745,I.E RICARDO PALMA 5099,CALLAO-CALLAO-CALLAO
1746,I.E ROMEO LUNA VICTORIA,LIMA-LIMA-SAN BORJA
1747,I.E SAN ANTONIO DE PADUA,LIMA-LIMA-INDEPENDENCIA
1748,I.E SAN ANTONIO DE PADUA,LIMA-CAÑETE-SAN ANTONIO
1749,I.E SAN FELIPE,LIMA-LIMA-COMAS
1750,I.E SAN FELIPE - COMAS,LIMA-LIMA-COMAS
1751,I.E SAN FELIPE - COMAS,LIMA-LIMA-LIMA
1752,I.E SAN JUAN,LIMA-LIMA-SAN JUAN DE MIRAFLORES
1753,I.E SAN MARTÍN DE PORRES 2061,LIMA-LIMA-INDEPENDENCIA
1754,I.E SAN MIGUEL,CAJAMARCA-SAN MIGUEL-SAN MIGUEL
1755,I.E SAN PEDRO DE CHORRILLOS,LIMA-LIMA-CHORRILLOS
1756,I.E SANTA EDELMIRA,LIMA-LIMA-MAGDALENA DEL MAR
1757,I.E SANTA EDELMIRA,LA LIBERTAD-TRUJILLO-TRUJILLO
1758,I.E SANTA MARIA GORETTI 0059,LIMA-LIMA-LURIGANCHO
1759,I.E SANTA ROSA DE QUIVES N 108,LIMA-LIMA-SANTA ANITA
1760,I.E SANTA TERESA,JUNIN-TARMA-TARMA
1761,I.E SHUJI KITAMURA NRO 101,LIMA-LIMA-SANTA ANITA
1762,I.E SINCHI ROCA 2022,LIMA-LIMA-COMAS
1763,I.E SU SANTIDAD JUAN PABLO II N 146,LIMA-LIMA-SAN JUAN DE LURIGANCHO
1764,I.E TORREBLANCA,LIMA-LIMA-CARABAYLLO
1765,I.E TTE.CRL. ALFREDO BONIFAZ FONSECA,LIMA-LIMA-RIMAC
1766,I.E TUPAC AMARU,LIMA-LIMA-LA VICTORIA
1767,I.E TUPAC AMARU II,LIMA-LIMA-CHORRILLOS
1768,I.E TÉCNICO 3052,LIMA-LIMA-INDEPENDENCIA
1769,I.E TÚPAC AMARU,LIMA-LIMA-VILLA MARIA DEL TRIUNFO
1770,I.E VIRGEN DEL ROSARIO,LIMA-LIMA-PACHACAMAC
1771,I.E VIRGEN DEL ROSARIO,LIMA-LIMA-LIMA
1772,I.E VIRGEN DOLOROSA,SAN MARTIN-SAN MARTIN-LA BANDA DE SHILCAYO
1773,I.E. 0005 ROSA DE SANTA MARÍA,LIMA-LIMA-BREÑA
1774,I.E. 0046 VICTOR RAUL HAYA DE LA TORRE.,LIMA-LIMA-ATE
1775,I.E. 00500 GERMÁN ROJAS VELA,SAN MARTIN-MOYOBAMBA-SORITOR
1776,I.E. 0082 LA CANTUTA,LIMA-LIMA-SAN LUIS
1777,I.E. 046 VICTOR RAUL HAYA DE LA TORRE,LIMA-LIMA-ATE
1778,I.E. 106 ABRAHAM VALDELOMAR,LIMA-LIMA-SANTA ANITA
1779,I.E. 113 DANIEL ALOMIA ROBLES,LIMA-LIMA-SAN JUAN DE LURIGANCHO
1780,I.E. 1183 SAUL CANTORAL HUAMANI,LIMA-LIMA-SAN JUAN DE LURIGANCHO
1781,I.E. 1199 MARISCAL RAMÓN CASTILLA,LIMA-LIMA-CHACLACAYO
1782,I.E. 1226 SOL DE VITARTE,LIMA-LIMA-ATE
1783,I.E. 1278 MIXTO LA MOLINA,LIMA-LIMA-LA MOLINA
1784,I.E. 130 HÉROES DEL CENEPA,LIMA-LIMA-SAN JUAN DE LURIGANCHO
1785,I.E. 143 SOLIDARIDAD II,LIMA-LIMA-SAN JUAN DE LURIGANCHO
1786,I.E. 2002 VIRGEN MARÍA DEL ROSARIO,LIMA-LIMA-SAN MARTIN DE PORRES
1787,I.E. 2003 LIBERTADOR JOSÉ DE SAN MARTÍN,LIMA-LIMA-SAN MARTIN DE PORRES
1788,I.E. 2009 FE Y ALEGRIA 2,LIMA-LIMA-SAN MARTIN DE PORRES
1789,I.E. 2009 FE Y ALEGRIA 2,LIMA-LIMA-LIMA
1790,I.E. 2023 AUGUSTO SALAZAR BONDY,LIMA-LIMA-SAN MARTIN DE PORRES
1791,I.E. 2027 JOSÉ MARÍA ARGUEDAS,LIMA-LIMA-SAN MARTIN DE PORRES
1792,I.E. 2032 MANUEL SCORZA TORRES,LIMA-LIMA-SAN MARTIN DE PORRES
1793,I.E. 2037 CIRO ALEGRIA,AMAZONAS-CHACHAPOYAS-CHACHAPOYAS
1794,I.E. 20393 TUPAC AMARU_PAMPA LIBRE,LIMA-HUARAL-CHANCAY
1795,I.E. 2063 CORONEL JOSE FELIX BOGADO,LIMA-LIMA-RIMAC
1796,I.E. 2071 CESAR VALLEJO,LIMA-LIMA-SAN MARTIN DE PORRES
1797,I.E. 2071 CESAR VALLEJO,LIMA-LIMA-LOS OLIVOS
1798,I.E. 2091 MARISCAL ANDRES AVELINO,LIMA-LIMA-SAN MARTIN DE PORRES
1799,I.E. 2091 MARISCAL ANDRÉS AVELINO CÁCERES,LIMA-LIMA-LOS OLIVOS
1800,I.E. 3004 ESPAÑA RIMAC,LIMA-LIMA-LIMA
1801,I.E. 3035 JOSE CARLOS MARIATEGUI LA CHIRA,LIMA-LIMA-SAN MARTIN DE PORRES
1802,I.E. 3037 GRAN AMAUTA,LIMA-LIMA-SAN MARTIN DE PORRES
1803,I.E. 3045 JOSE CARLOS MARIATEGUI LA CHIRA,LIMA-LIMA-SAN MARTIN DE PORRES
1804,I.E. 3051 EL MILAGRO,LIMA-LIMA-INDEPENDENCIA
1805,I.E. 3054 LA FLOR,LIMA-LIMA-CARABAYLLO
1806,I.E. 3061 JORGE CHAVEZ DARTNELL,LIMA-LIMA-COMAS
1807,I.E. 3081 ALMIRANTE MIGUEL GRAU SEMINARIO,LIMA-LIMA-SAN MARTIN DE PORRES
1808,I.E. 3719 SANTÍSIMA TRINIDAD,LIMA-LIMA-PUENTE PIEDRA
1809,I.E. 5074 ALCIDES SPELUCIN VEGA,CALLAO-CALLAO-CALLAO
1810,I.E. 5166 BELLA AURORA,LIMA-LIMA-PUENTE PIEDRA
1811,I.E. 6071 REPÚBLICA FEDERAL DE ALEMANIA,LIMA-LIMA-VILLA EL SALVADOR
1812,I.E. 7073 SANTA ROSA DE LIMA,LIMA-LIMA-VILLA MARIA DEL TRIUNFO
1813,I.E. 7082 JUAN DE ESPINOZA MEDRANO,LIMA-LIMA-SAN JUAN DE MIRAFLORES
1814,I.E. 7228 PERUANO CANADIENSE,LIMA-LIMA-VILLA EL SALVADOR
1815,I.E. 7243 REY JUAN CARLOS DE BORBON,LIMA-LIMA-VILLA EL SALVADOR
1816,I.E. 88021 ALFONSO UGARTE,ANCASH-SANTA-NUEVO CHIMBOTE
1817,I.E. ABRAHAM VALDELOMAR,LIMA-LIMA-SANTA ANITA
1818,I.E. ABRAHAM VALDELOMAR,LIMA-LIMA-PUEBLO LIBRE
1819,I.E. AGROPECUARIO 108,PUNO-MELGAR-SANTA ROSA
1820,I.E. AGROPECUARIO YAUTÁN,ANCASH-CASMA-YAUTAN
1821,I.E. ALFONSO UGARTE - PAUCARTAMBO - PASCO,PASCO-PASCO-PAUCARTAMBO
1822,I.E. ALFREDO REBAZ ACOSTA,LIMA-LIMA-LOS OLIVOS
1823,I.E. AMAUTA ATUSPARIA,ANCASH-ASUNCION-CHACAS
1824,I.E. APLICACIÓN SECUNDARIA,SAN MARTIN-SAN MARTIN-TARAPOTO
1825,I.E. ARGENTINA,LIMA-LIMA-LIMA
1826,I.E. BLAS PASCAL,CALLAO-CALLAO-CALLAO
1827,I.E. CARLOS PAREJA PAZ SOLDÁN,LIMA-LIMA-RIMAC
1828,I.E. COMERCIO 62 ALMIRANTE MIGUEL GRAU,LIMA-LIMA-COMAS
1829,I.E. DANIEL ALOMIA ROBLES,LIMA-LIMA-SAN JUAN DE LURIGANCHO
1830,I.E. DANIEL BECERRA OCAMPO,MOQUEGUA-MARISCAL NIETO-MOQUEGUA
1831,I.E. DORA MAYER,CALLAO-CALLAO-BELLAVISTA
1832,I.E. DOS DE MAYO,APURIMAC-ANDAHUAYLAS-HUANCARAY
1833,I.E. EDELMIRA DEL PANDO,LIMA-LIMA-ATE
1834,I.E. EMBLEMÁTICA SAN JUAN,LIMA-LIMA-SAN JUAN DE MIRAFLORES
1835,I.E. ESTADOS UNIDOS,LIMA-LIMA-COMAS
1836,I.E. ESTHER FESTINI DE RAMOS OCAMPO,LIMA-LIMA-COMAS
1837,I.E. FE Y ALEGRÍA 2,LIMA-LIMA-SAN MARTIN DE PORRES
1838,I.E. FE Y ALEGRÍA Nº39,LIMA-LIMA-EL AGUSTINO
1839,I.E. FLORES,LIMA-LIMA-COMAS
1840,I.E. FRANCISCO INKA,LIMA-HUAROCHIRI-LAHUAYTAMBO
1841,I.E. HERMAN BUSSE DE LA GUERRA 2095,LIMA-LIMA-LOS OLIVOS
1842,I.E. IBEROAMERICA,JUNIN-CHANCHAMAYO-SAN RAMON
1843,I.E. IMPERIO TAHUANTINSUYO 3049,LIMA-LIMA-INDEPENDENCIA
1844,I.E. INDUSTRIAL LUCYANA,LIMA-LIMA-CARABAYLLO
1845,I.E. INMACULADA CONCEPCION,TUMBES-TUMBES-TUMBES
1846,I.E. ISOLINA CLOTET DE FERNANDINI,HUANCAVELICA-HUANCAVELICA-HUANCAVELICA
1847,I.E. JEC JOSÉ MANUEL MEZA,ICA-NAZCA-EL INGENIO
1848,I.E. JOSE ANTONIO ENCINAS FRANCO,LIMA-LIMA-SAN JUAN DE MIRAFLORES
1849,I.E. JOSE CARLOS MARIATEGUI LA CHIRA 3045,LIMA-LIMA-SAN MARTIN DE PORRES
1850,I.E. JOSE JIMENEZ BORJA 1001 CERCADO DE LIMA,LIMA-LIMA-LIMA
1851,I.E. JOSE MARÍA ARGUEDAS,LIMA-LIMA-CARABAYLLO
1852,I.E. JOSÉ ABELARDO QUIÑONES GONZALES,LIMA-LIMA-LIMA
1853,I.E. JOSÉ CARLOS MARIÁTEGUI,LIMA-LIMA-VILLA MARIA DEL TRIUNFO
1854,I.E. JOSÉ DEL CARMEN MARÍN ARISTA,LIMA-LIMA-LIMA
1855,I.E. JOSÉ INGENIEROS,LIMA-LIMA-SAN JUAN DE LURIGANCHO
1856,I.E. JUAN VELASCO ALVARADO 171-01 UGEL 05,LIMA-LIMA-SAN JUAN DE LURIGANCHO
1857,I.E. JUANA MORENO,HUANUCO-HUANUCO-HUANUCO
1858,I.E. JUVENTUD CIENTÍFICA,LIMA-LIMA-LIMA
1859,I.E. LA SAGRADA FAMILIA,LIMA-LIMA-ATE
1860,I.E. LA VERDAD,CUSCO-LA CONVENCION-PICHARI
1861,I.E. LIBERTADOR SAN MARTIN,LIMA-LIMA-INDEPENDENCIA
1862,I.E. MANUEL SCORZA TORRES 2032,AMAZONAS-CHACHAPOYAS-CHACHAPOYAS
1863,I.E. MANUEL SCORZA TORRES 2032,LIMA-LIMA-LIMA
1864,I.E. MICAELA BASTIDAS N° 2089,LIMA-LIMA-LOS OLIVOS
1865,I.E. MX. N 101 SHUJI KITAMURA,LIMA-LIMA-SANTA ANITA
1866,I.E. N 2078 NUESTRA SEÑORA DE LOURDES,LIMA-LIMA-LIMA
1867,I.E. NACIONES UNIDAS - 7062,LIMA-LIMA-SAN JUAN DE MIRAFLORES
1868,I.E. NUESTRA SEÑORA DEL CARMEN,LIMA-HUARAL-HUARAL
1869,I.E. N° 132 TORIBIO DE LUZURIAGA Y MEJÍA,LIMA-LIMA-SAN JUAN DE LURIGANCHO
1870,I.E. N° 3519 PHILIP P. SAUNDERS,LIMA-LIMA-CARABAYLLO
1871,I.E. N° 5141 DIVINO MAESTRO,CALLAO-CALLAO-VENTANILLA
1872,I.E. N°0090 DANIEL ALCIDES CARRIÓN,LIMA-LIMA-SAN JUAN DE LURIGANCHO
1873,I.E. N°116 ABRAHAM VALDELOMAR,LIMA-LIMA-SAN JUAN DE LURIGANCHO
1874,I.E. N°132 TORIBIO DE LUZURIAGA Y MEJIA,LIMA-LIMA-SAN JUAN DE LURIGANCHO
1875,I.E. N°3720 NUESTRA SEÑORA DE LA MISERICORDIA,CALLAO-CALLAO-VENTANILLA
1876,I.E. P BENTHAM BREÑZ,LIMA-LIMA-COMAS
1877,I.E. P.N.P. SANTA ROSA DE LIMA 2001,LIMA-LIMA-SAN MARTIN DE PORRES
1878,I.E. PALMAS REALES,LIMA-LIMA-LOS OLIVOS
1879,I.E. PARROQUIAL SAN ANTONIO DE PADUA,LIMA-LIMA-JESUS MARIA
1880,I.E. PARROQUIAL SANTA ROSA DE LIMA,LIMA-HUAURA-HUALMAY
1881,I.E. PAUL GROUSSAC,LIMA-LIMA-COMAS
1882,I.E. PAULINO FUENTES CASTRO,LIMA-CAJATAMBO-CAJATAMBO
1883,I.E. PEDRO RUIZ GALLO,LIMA-LIMA-CHORRILLOS
1884,I.E. PEDRO RUIZ GALLO N°34237,PASCO-OXAPAMPA-VILLA RICA
1885,I.E. PEQUEÑA BELÉN,LIMA-HUARAL-CHANCAY
1886,I.E. PNP SANTA ROSA DE LIMA 2001,LIMA-LIMA-SAN MARTIN DE PORRES
1887,I.E. POLITECNICO DE VENTANILLA 5086,CALLAO-CALLAO-VENTANILLA
1888,I.E. PRESENTACIÓN DE MARIA N°41,LIMA-LIMA-COMAS
1889,I.E. PUBLICA SANTA MARIA DE LOS ANDES,LIMA-LIMA-VILLA MARIA DEL TRIUNFO
1890,I.E. RAMON CASTILLA,LIMA-LIMA-COMAS
1891,I.E. RAMÓN CASTILLA,LIMA-LIMA-COMAS
1892,I.E. REINO DE ESPAÑA,LIMA-LIMA-BARRANCO
1893,I.E. REPÚBLICA DE ARGENTINA 2050,LIMA-LIMA-CARABAYLLO
1894,I.E. SACO OLIVEROS,LIMA-LIMA-SANTA ANITA
1895,I.E. SALESIANO ROSENTHAL DE LA PUENTE,LIMA-LIMA-MAGDALENA DEL MAR
1896,I.E. SAN JUAN,AYACUCHO-LA MAR-ANCO
1897,I.E. SAN JUAN MACIAS 5097 CALLAO,LIMA-LIMA-LIMA
1898,I.E. SAN MARTIN DE PORRES MAMAC,JUNIN-CONCEPCION-MARISCAL CASTILLA
1899,I.E. SAN VICENTE DE PAUL,JUNIN-JAUJA-JAUJA
1900,I.E. SANTA ELIZABETH N°100,LIMA-LIMA-SAN JUAN DE LURIGANCHO
1901,I.E. SANTA MARIA REYNA,LIMA-LIMA-PACHACAMAC
1902,I.E. SANTA ROSA,MADRE DE DIOS-TAMBOPATA-TAMBOPATA
1903,I.E. SANTA ROSA 6094,LIMA-LIMA-LIMA
1904,I.E. SANTA ROSA DE LIMA,LIMA-BARRANCA-PARAMONGA
1905,I.E. SANTA ROSA DE QUIVES N°108,LIMA-LIMA-SANTA ANITA
1906,I.E. SANTIAGO ANTUNEZ DE MAYOLO,LIMA-LIMA-SAN JUAN DE LURIGANCHO
1907,I.E. SANTO DOMINGO DE GUZMÁN CARABAYLLO,LIMA-LIMA-CARABAYLLO
1908,I.E. SANTÍSIMA TRINIDAD 3719,LIMA-LIMA-PUENTE PIEDRA
1909,I.E. SCIPIÓN E. LLONA,LIMA-LIMA-MIRAFLORES
1910,I.E. SOR ANA DE LOS ANGELES,CALLAO-CALLAO-CALLAO
1911,I.E. SOR ANA DE LOS ANGELES,LIMA-LIMA-LIMA
1912,I.E. SUIZA PERUANA HUARAZ INDEPENDENCIA,ANCASH-HUARAZ-INDEPENDENCIA
1913,I.E. TOMAS ALVA EDISON,LIMA-LIMA-LIMA
1914,I.E. TUPAC AMARU 20393,LIMA-HUARAL-CHANCAY
1915,I.E. TÚPAC AMARU,LIMA-LIMA-VILLA MARIA DEL TRIUNFO
1916,I.E. VASILI SUJOMLINSKY,LIMA-LIMA-SAN JUAN DE LURIGANCHO
1917,I.E. VICTOR ANDRES BELAUNDE,SAN MARTIN-TOCACHE-TOCACHE
1918,I.E. VILLA LOS REYES,CALLAO-CALLAO-VENTANILLA
1919,I.E. VIRGEN DOLOROSA,SAN MARTIN-SAN MARTIN-TARAPOTO
1920,I.E.5124 LIBERTADOR SIMON BOLIVAR DE HIROSHIMA,CALLAO-CALLAO-VENTANILLA
1921,I.E.A.C SAN SALVADOR,LIMA-LIMA-LURIN
1922,I.E.A.C SAN SALVADOR,LIMA-LIMA-PACHACAMAC
1923,I.E.D.P SAGRADOS CORAZONES,LIMA-LIMA-PUENTE PIEDRA
1924,I.E.E 1070 MELITÓN CARVAJAL,LIMA-LIMA-ATE
1925,I.E.E ALFONSO UGARTE,LIMA-LIMA-SAN ISIDRO
1926,I.E.E ALFONSO UGARTE 1071,LIMA-LIMA-SAN ISIDRO
1927,I.E.E BLAS VALERA,AMAZONAS-LUYA-LAMUD
1928,I.E.E CARLOS WIESSE,LIMA-LIMA-COMAS
1929,I.E.E INMACULADA DE LA MERCED,ANCASH-SANTA-CHIMBOTE
1930,I.E.E MARIANO MELGAR,LIMA-LIMA-BREÑA
1931,I.E.E MERCEDES CABELLO DE CARBONERA,LIMA-LIMA-RIMAC
1932,I.E.E MIGUEL GRAU,LIMA-LIMA-MAGDALENA DEL MAR
1933,I.E.E MIGUEL GRAU ABANCAY,APURIMAC-ABANCAY-ABANCAY
1934,I.E.E MIXTO LA MOLINA 1278,LIMA-LIMA-LA MOLINA
1935,I.E.E NUESTRA SEÑORA DE GUADALUPE,LIMA-LIMA-LIMA
1936,I.E.E N°1182 EL BOSQUE,LIMA-LIMA-SAN JUAN DE LURIGANCHO
1937,I.E.E SAN JOSÉ,LAMBAYEQUE-CHICLAYO-CHICLAYO
1938,I.E.E SAN JUAN,LIMA-LIMA-SAN JUAN DE MIRAFLORES
1939,I.E.E VILLA EL SALVADOR 6066,LIMA-LIMA-VILLA EL SALVADOR
1940,I.E.E. 1182 EL BOSQUE,LIMA-LIMA-SAN JUAN DE LURIGANCHO
1941,I.E.E. ALFONSO UGARTE,LIMA-LIMA-SAN ISIDRO
1942,I.E.E. ALFONSO UGARTE 1071,LIMA-LIMA-SAN ISIDRO
1943,I.E.E. ANTENOR ORREGO ESPINOZA,LIMA-LIMA-SAN JUAN DE LURIGANCHO
1944,I.E.E. BARTOLOMÉ HERRERA,LIMA-LIMA-SAN MIGUEL
1945,I.E.E. CARLOS WIESSE,LIMA-LIMA-COMAS
1946,I.E.E. ISABEL LA CATÓLICA,LIMA-LIMA-LIMA
1947,I.E.E. JOSÉ GRANDA,LIMA-LIMA-SAN MARTIN DE PORRES
1948,I.E.E. JOSÉ MARÍA EGUREN BARRANCO,LIMA-LIMA-BARRANCO
1949,I.E.E. JUAN GUERRERO QUIMPER,LIMA-LIMA-VILLA MARIA DEL TRIUNFO
1950,I.E.E. MELITÓN CARVAJAL,LIMA-LIMA-LINCE
1951,I.E.E. MERCEDES CABELLO DE CARBONERA,LIMA-LIMA-RIMAC
1952,I.E.E. MIGUEL GRAU,APURIMAC-ABANCAY-ABANCAY
1953,I.E.E. MIGUEL GRAU,LIMA-LIMA-MAGDALENA DEL MAR
1954,I.E.E. VENTURA CCALAMAQUI,LIMA-BARRANCA-BARRANCA
1955,I.E.E.ANDRES DE LOS REYES,LIMA-HUARAL-HUARAL
1956,I.E.E.JOSE MARIA EGUREN,LIMA-LIMA-BARRANCO
1957,I.E.FELIX ROMAN TELLO ROJAS,LIMA-LIMA-LA MOLINA
1958,I.E.I 34309 PUERTO LAGUNA-RAYA,PASCO-OXAPAMPA-PALCAZU
1959,I.E.I JAPÓN,HUANUCO-HUAMALIES-LLATA
1960,I.E.I LUCYANA,LIMA-LIMA-LIMA
1961,I.E.I PUERTO LAGUNA,PASCO-OXAPAMPA-PALCAZU
1962,I.E.LOS JARDINES DE MANCHAY,LIMA-LIMA-PACHACAMAC
1963,I.E.LOS NATURALES,LIMA-HUARAL-CHANCAY
1964,I.E.LOS NATURALES,LIMA-HUARAL-HUARAL
1965,I.E.MARÍA INMACULADA FE Y ALEGRÍA 78,CAJAMARCA-JAEN-PUCARA
1966,I.E.N.3055 TUPAC AMARU,LIMA-LIMA-COMAS
1967,I.E.NUESTRA SEÑORA DE COCHARCAS,HUANCAVELICA-ACOBAMBA-PAUCARA
1968,I.E.NUESTRA SEÑORA DE MONSERRAT,LIMA-LIMA-COMAS
1969,I.E.N°5142 VIRGEN DE GUADALUPE,CALLAO-CALLAO-VENTANILLA
1970,I.E.Nº 5173 GUSTAVO MOHME LLONA,LIMA-LIMA-PUENTE PIEDRA
1971,I.E.P 159 GLORIOSO 10 DE OCTUBRE,LIMA-LIMA-SAN JUAN DE LURIGANCHO
1972,I.E.P 5126 LOS JAZMINES,CALLAO-CALLAO-CALLAO
1973,I.E.P ABRAHAM LINCOLN COLLEGE,LIMA-LIMA-SAN MARTIN DE PORRES
1974,I.E.P AL GORE,LIMA-LIMA-COMAS
1975,I.E.P ALBERT EINSTEIN,ANCASH-HUARAZ-INDEPENDENCIA
1976,I.E.P ALBERT EINSTEIN HUARAZ,ANCASH-HUARAZ-INDEPENDENCIA
1977,I.E.P ALBORADA,LIMA-LIMA-LINCE
1978,I.E.P ALFA,CALLAO-CALLAO-VENTANILLA
1979,I.E.P ALFA GROUP,LIMA-LIMA-SAN MARTIN DE PORRES
1980,I.E.P ALFRED NOBEL,LIMA-LIMA-ATE
1981,I.E.P AMÉRICA LA VICTORIA,LIMA-LIMA-LA VICTORIA
1982,I.E.P ANA MARIA KAN,LIMA-LIMA-CARABAYLLO
1983,I.E.P ANGLO AMERICANO,LIMA-LIMA-SAN JUAN DE LURIGANCHO
1984,I.E.P ATUSPARIA,LIMA-LIMA-MAGDALENA DEL MAR
1985,I.E.P BALDOR,LIMA-LIMA-SAN JUAN DE MIRAFLORES
1986,I.E.P BALDOR DE COMAS,LIMA-LIMA-COMAS
1987,I.E.P BELEN,LIMA-LIMA-CARABAYLLO
1988,I.E.P BLAISE PASCAL,LIMA-LIMA-CIENEGUILLA
1989,I.E.P BLAS PASCAL,CALLAO-CALLAO-CALLAO
1990,I.E.P CALIFORNIA SCHOOL,LIMA-LIMA-VILLA EL SALVADOR
1991,I.E.P CIENCIAS,HUANUCO-LEONCIO PRADO-RUPA-RUPA
1992,I.E.P COLEGIO CRISTIANO JERUSALEN,CALLAO-CALLAO-CALLAO
1993,I.E.P CORAZÓN DE MARÍA MILAGROSA,LIMA-LIMA-SAN JUAN DE LURIGANCHO
1994,I.E.P CORAZÓN DE MARÍA UGEL-05,LIMA-LIMA-SAN JUAN DE LURIGANCHO
1995,I.E.P CRISTINA BEATRIZ,LIMA-LIMA-SAN JUAN DE MIRAFLORES
1996,I.E.P CRUZ SACO,LIMA-LIMA-ATE
1997,I.E.P CRUZ SACO,LIMA-LIMA-SANTA ANITA
1998,I.E.P CRUZ SACO,LIMA-LIMA-LOS OLIVOS
1999,I.E.P CRUZ SACO,LIMA-LIMA-LIMA
2000,I.E.P DANIEL ALCIDES CARRION,LIMA-LIMA-INDEPENDENCIA
2001,I.E.P DANIEL ALCIDES CARRION,LIMA-LIMA-COMAS
2002,I.E.P DANIEL ALCIDES CARRIÓN,LIMA-LIMA-COMAS
2003,I.E.P DAVID AUSUBEL,LIMA-LIMA-LIMA
2004,I.E.P DIVINA MISERICORDIA,LIMA-LIMA-COMAS
2005,I.E.P DIVINO MAESTRO - CHORRILLOS S.A.C.,LIMA-LIMA-CHORRILLOS
2006,I.E.P DOMINGO ELIAS,LIMA-LIMA-PUENTE PIEDRA
2007,I.E.P EL ALBA,LIMA-LIMA-VILLA EL SALVADOR
2008,I.E.P EL NAZARENO,LIMA-LIMA-LIMA
2009,I.E.P EMANUEL,LIMA-LIMA-CARABAYLLO
2010,I.E.P EMANUEL,LIMA-LIMA-COMAS
2011,I.E.P EXITUS,PIURA-PIURA-PIURA
2012,I.E.P FRANCISCO DE ZELA,CALLAO-CALLAO-CALLAO
2013,I.E.P FRAY PEDRO URRACA,LIMA-LIMA-INDEPENDENCIA
2014,I.E.P GAKUSEI,LIMA-LIMA-LIMA
2015,I.E.P GENERAL OLLANTAY,LIMA-LIMA-CARABAYLLO
2016,I.E.P GRAN HUASCARÁN,ANCASH-YUNGAY-YUNGAY
2017,I.E.P HONORES HELICE,LIMA-LIMA-PUENTE PIEDRA
2018,I.E.P HORIZONTE,JUNIN-SATIPO-PANGOA
2019,I.E.P INCA GARCILAZO DE LA VEGA,LIMA-LIMA-ATE
2020,I.E.P INMACULADA CONCEPCIÓN,LIMA-LIMA-INDEPENDENCIA
2021,I.E.P JESÚS EDUCADOR LAS TORRES,LIMA-LIMA-CARABAYLLO
2022,I.E.P JESÚS OBRERO,LIMA-LIMA-SAN JUAN DE MIRAFLORES
2023,I.E.P JOHN F. KENNEDY,LIMA-LIMA-CARABAYLLO
2024,I.E.P JOSE INGENIEROS,LIMA-LIMA-SAN JUAN DE LURIGANCHO
2025,I.E.P JOSEPH NOVAK,LIMA-LIMA-SAN JUAN DE LURIGANCHO
2026,I.E.P LA SORBONA DE CAMPOY,LIMA-LIMA-SAN JUAN DE LURIGANCHO
2027,I.E.P LICEO SANTO DOMINGO,LIMA-LIMA-COMAS
2028,I.E.P LOS NIÑOS DE JESUS,LIMA-LIMA-PUENTE PIEDRA
2029,I.E.P LUIS.E.GALVAN,LIMA-LIMA-SAN MARTIN DE PORRES
2030,I.E.P LUISA ASTRAIN,CALLAO-CALLAO-VENTANILLA
2031,I.E.P MARIANO SANTOS MATEO,LIMA-LIMA-LIMA
2032,I.E.P MASTERCIENCIA,LIMA-LIMA-PUENTE PIEDRA
2033,I.E.P MATEMÁTICO CATÓLICO SAN JUAN,LIMA-LIMA-SAN MARTIN DE PORRES
2034,I.E.P MISS AÑOS INOLVIDABLES,LIMA-LIMA-BREÑA
2035,I.E.P NEWTON,JUNIN-TARMA-TARMA
2036,I.E.P NIÑO CHAPERITO,LIMA-LIMA-SAN MARTIN DE PORRES
2037,I.E.P NIÑO JESÚS DE PRAGA,LIMA-LIMA-CHORRILLOS
2038,I.E.P NIÑO MARISCAL CHAPERITO,LIMA-LIMA-CARABAYLLO
2039,I.E.P NUESTRA SEÑORA DE COPACABANA,LIMA-LIMA-CARABAYLLO
2040,I.E.P NUESTRA SEÑORA DE LA ASUNCIÓN,LIMA-CAÑETE-CHILCA
2041,I.E.P NUESTRA SEÑORA DEL CARMEN,CAJAMARCA-CELENDIN-CELENDIN
2042,I.E.P NUESTRA SEÑORA DEL MONSERRAT,LIMA-LIMA-CARABAYLLO
2043,I.E.P NUEVO PERU APPU,LIMA-LIMA-EL AGUSTINO
2044,I.E.P PACIFICO COLLEGUE,LIMA-LIMA-ANCON
2045,I.E.P PEDRO NOLASCO,ANCASH-SANTA-NUEVO CHIMBOTE
2046,I.E.P PERUANO AMERICANO,LIMA-LIMA-LURIGANCHO
2047,I.E.P REGINA PACIS,CALLAO-CALLAO-CARMEN DE LA LEGUA REYNOSO
2048,I.E.P SACO OLIVEROS,LIMA-LIMA-LOS OLIVOS
2049,I.E.P SAGRADA FAMILIA,LIMA-LIMA-INDEPENDENCIA
2050,I.E.P SAGRADO CORAZÓN DE JESÚS,LIMA-LIMA-PUENTE PIEDRA
2051,I.E.P SAN CARLOS,LIMA-LIMA-LIMA
2052,I.E.P SAN FRANCISCO,LIMA-LIMA-MIRAFLORES
2053,I.E.P SAN FRANCISCO DE ASIS,LIMA-HUARAL-HUARAL
2054,I.E.P SAN JOSÉ,LIMA-LIMA-CHACLACAYO
2055,I.E.P SAN JUAN BAUTISTA,LIMA-LIMA-SAN JUAN DE LURIGANCHO
2056,I.E.P SAN JUAN BOSCO,LIMA-HUAURA-SANTA MARIA
2057,I.E.P SAN LUIS,LIMA-LIMA-SANTA ANITA
2058,I.E.P SAN PIO X,LIMA-LIMA-LOS OLIVOS
2059,I.E.P SAN VICENTE DE PAUL,LIMA-LIMA-SAN JUAN DE LURIGANCHO
2060,I.E.P SAN VICENTE DE PAUL,LIMA-LIMA-SANTA ROSA
2061,I.E.P SAN VICENTE FERRER,LIMA-LIMA-LOS OLIVOS
2062,I.E.P SANTA ANA,LIMA-LIMA-SANTA ANITA
2063,I.E.P SANTA CATALINA,LIMA-LIMA-ATE
2064,I.E.P SANTA MARIA DEL CAMINO,LIMA-LIMA-ATE
2065,I.E.P SANTA MARIA JOSEFA ROSELLO,LIMA-LIMA-SURQUILLO
2066,I.E.P SANTA MARÍA DEL CAMINO,LIMA-LIMA-ATE
2067,I.E.P SANTA TERESA DE JESÚS,LIMA-LIMA-PUENTE PIEDRA
2068,I.E.P SANTIAGO APÓSTOL,LIMA-LIMA-ATE
2069,I.E.P SANTO TOMAS DE AQUINO,ANCASH-HUARAZ-INDEPENDENCIA
2070,I.E.P SHALOOM,LIMA-LIMA-LA MOLINA
2071,I.E.P TALENTUS SCHOOL,CALLAO-CALLAO-CALLAO
2072,I.E.P THALES DE MILETO,CALLAO-CALLAO-CALLAO
2073,I.E.P TRILCE,LIMA-LIMA-LOS OLIVOS
2074,I.E.P TRILENIUM UNI-ING,JUNIN-HUANCAYO-EL TAMBO
2075,I.E.P VIRGEN DEL CARMEN,LIMA-LIMA-PACHACAMAC
2076,I.E.P VIRGEN DEL ROSARIO,LIMA-LIMA-SANTIAGO DE SURCO
2077,I.E.P VIRGEN MILAGROSA,LIMA-LIMA-PUENTE PIEDRA
2078,I.E.P. A.R.A.S,LA LIBERTAD-SANCHEZ CARRION-HUAMACHUCO
2079,I.E.P. ALBERT EINSTEIN - HUARAZ,ANCASH-HUARAZ-INDEPENDENCIA
2080,I.E.P. ALFONSO UGARTE - HUAYCÁN,LIMA-LIMA-ATE
2081,I.E.P. ALFRED NOBEL,LIMA-LIMA-ATE
2082,I.E.P. ANGELO PATRI,LIMA-LIMA-SAN JUAN DE LURIGANCHO
2083,I.E.P. APOSTOL SAN PEDRO,LIMA-LIMA-EL AGUSTINO
2084,I.E.P. AURELIO BALDOR,LIMA-LIMA-SAN JUAN DE MIRAFLORES
2085,I.E.P. BLAISE PASCAL DE CIENEGUILLA,LIMA-LIMA-CIENEGUILLA
2086,I.E.P. CARPE DIEM,LIMA-LIMA-LIMA
2087,I.E.P. CARPE DIEM,LIMA-LIMA-RIMAC
2088,I.E.P. CESAR VALLEJO,LIMA-LIMA-LIMA
2089,I.E.P. CIMA,TACNA-TACNA-TACNA
2090,I.E.P. CLADIO GALENO,PUNO-PUNO-PUNO
2091,I.E.P. CLAPER,LIMA-HUARAL-HUARAL
2092,I.E.P. DESPERTAR,LIMA-LIMA-PUENTE PIEDRA
2093,I.E.P. DEWEY W. HAWKING,ANCASH-SANTA-CHIMBOTE
2094,I.E.P. DIOS ES AMOR,LIMA-LIMA-ANCON
2095,I.E.P. DIOS ES AMOR,LIMA-LIMA-LIMA
2096,I.E.P. DIVINO MAESTRO,LIMA-LIMA-CHORRILLOS
2097,I.E.P. DOMINGO ELÍAS,LIMA-LIMA-PUENTE PIEDRA
2098,I.E.P. ELITE SCHOOL,LIMA-HUAURA-HUACHO
2099,I.E.P. FRAY PEDRO URRACA,LIMA-LIMA-INDEPENDENCIA
2100,I.E.P. GENERAL OLLANTAY,LIMA-LIMA-CARABAYLLO
2101,I.E.P. GREGOR MENDEL,PUNO-SAN ROMAN-JULIACA
2102,I.E.P. GUADALUPE,CUSCO-CUSCO-SAN SEBASTIAN
2103,I.E.P. HENRI LA FONTAINE,LIMA-LIMA-COMAS
2104,I.E.P. INCA GARCILASO DE LA VEGA,ANCASH-HUARMEY-HUARMEY
2105,I.E.P. INGENIERIA,LIMA-LIMA-COMAS
2106,I.E.P. JESUS EL MAESTRO,LIMA-LIMA-COMAS
2107,I.E.P. JESÚS OBRERO,LIMA-LIMA-SAN JUAN DE MIRAFLORES
2108,I.E.P. JESÚS SALVADOR,LIMA-LIMA-LIMA
2109,I.E.P. JESÚS SALVADOR,CALLAO-CALLAO-CALLAO
2110,I.E.P. JUAN XXIII,LIMA-LIMA-VILLA EL SALVADOR
2111,I.E.P. JULIO RAMON RIBEYRO,LIMA-LIMA-PUENTE PIEDRA
2112,I.E.P. JULIO RAMON RIBEYRO,LIMA-LIMA-LIMA
2113,I.E.P. KEPLER COLLEGE,CAJAMARCA-JAEN-JAEN
2114,I.E.P. KING OF KINGS,LIMA-LIMA-COMAS
2115,I.E.P. LEONARD EULER,LIMA-LIMA-SAN JUAN DE LURIGANCHO
2116,I.E.P. LITERATO RICARDO PALMA,LIMA-LIMA-PUENTE PIEDRA
2117,I.E.P. LOS DOMINICOS DE PALAO,LIMA-LIMA-SAN MARTIN DE PORRES
2118,I.E.P. LOS INGENIEROS,LIMA-LIMA-CHORRILLOS
2119,I.E.P. LOS OLIVOS,CALLAO-CALLAO-CALLAO
2120,I.E.P. LOS PROFESORES PERUANOS,LIMA-LIMA-COMAS
2121,I.E.P. MAGISTER,LIMA-LIMA-VILLA MARIA DEL TRIUNFO
2122,I.E.P. NUESTRA SEÑORA DE COCHARCAS,LIMA-LIMA-LIMA
2123,I.E.P. NUESTRA SEÑORA DE MONSERRAT,LIMA-LIMA-LIMA
2124,I.E.P. NUESTRA SEÑORA DE MONSERRAT - LOS OLIVOS,LIMA-LIMA-LOS OLIVOS
2125,I.E.P. NUESTRA SEÑORA DEL CARMEN,LIMA-LIMA-RIMAC
2126,I.E.P. NUESTRA SEÑORA DEL ROSARIO,LIMA-LIMA-RIMAC
2127,I.E.P. NUESTRA SEÑORA DEL SAGRADO CORAZÓN DE JESÚS,ANCASH-HUARAZ-HUARAZ
2128,I.E.P. NUEVO HORIZONTE,PUNO-SAN ROMAN-JULIACA
2129,I.E.P. PERUANO AMERICANO,LIMA-LIMA-LURIGANCHO
2130,I.E.P. PROLOG,LIMA-LIMA-VILLA EL SALVADOR
2131,I.E.P. PÍO SAROBE,JUNIN-CONCEPCION-SANTA ROSA DE OCOPA
2132,I.E.P. RENE DESCARTES,LIMA-LIMA-COMAS
2133,I.E.P. RICARDO PALMA,LIMA-LIMA-SANTA ANITA
2134,I.E.P. SACO OLIVEROS,LIMA-LIMA-LOS OLIVOS
2135,I.E.P. SAGRADA FAMILIA,LIMA-LIMA-INDEPENDENCIA
2136,I.E.P. SAN AGUSTÍN,LIMA-LIMA-SANTA ANITA
2137,I.E.P. SAN FRANCISCO DE ASIS,CALLAO-CALLAO-VENTANILLA
2138,I.E.P. SAN FRANCISCO SOLANO,LIMA-LIMA-INDEPENDENCIA
2139,I.E.P. SAN IGNACIO DE LOYOLA,LIMA-LIMA-SAN MARTIN DE PORRES
2140,I.E.P. SAN IGNACIO DE RECALDE,PUNO-SAN ROMAN-JULIACA
2141,I.E.P. SAN ISIDRO,LIMA-HUARAL-HUARAL
2142,I.E.P. SAN JOSE,CUSCO-CUSCO-SANTIAGO
2143,I.E.P. SAN JUAN BAUTISTA,LIMA-LIMA-RIMAC
2144,I.E.P. SAN MARTIN DE PORRES,LIMA-LIMA-SANTA ANITA
2145,I.E.P. SAN PATRICIO,LIMA-LIMA-SANTA ANITA
2146,I.E.P. SAN PIO X,LIMA-LIMA-LOS OLIVOS
2147,I.E.P. SAN RAFAEL,LIMA-LIMA-LA VICTORIA
2148,I.E.P. SAN RAFAEL,LIMA-LIMA-SAN JUAN DE LURIGANCHO
2149,I.E.P. SAN SEBASTIÁN DE LIMA NORTE,LIMA-LIMA-CARABAYLLO
2150,I.E.P. SANTA ANGELA,LIMA-LIMA-PACHACAMAC
2151,I.E.P. SANTA CATALINA,PUNO-SAN ROMAN-JULIACA
2152,I.E.P. SANTA MARÍA MAZZARELLO,LIMA-LIMA-PUEBLO LIBRE
2153,I.E.P. SANTA ROSA DE HUACHIPA,LIMA-LIMA-LURIGANCHO
2154,I.E.P. SANTA ÁNGELA,LIMA-LIMA-PACHACAMAC
2155,I.E.P. SCHOOL INTERNATIONAL INNOVA JULIACA,PUNO-SAN ROMAN-JULIACA
2156,I.E.P. SEÑOR DEL PERDÓN,SAN MARTIN-MOYOBAMBA-MOYOBAMBA
2157,I.E.P. SUDAMERICANO,LIMA-LIMA-SAN JUAN DE LURIGANCHO
2158,I.E.P. TRINOMIO,PUNO-SAN ROMAN-JULIACA
2159,I.E.P. VIRGEN DE GUADALUOE,LIMA-LIMA-SAN MARTIN DE PORRES
2160,I.E.P. VIRGEN DE GUADALUPE,LIMA-LIMA-SAN MARTIN DE PORRES
2161,I.E.P. VIRGEN DEL ROSARIO,LIMA-LIMA-PACHACAMAC
2162,I.E.P.BELEN,LIMA-LIMA-ATE
2163,I.E.P.C. JESUS MAESTRO,ANCASH-SANTA-NUEVO CHIMBOTE
2164,I.E.P.E ANDRÉS DE LOS REYES,LIMA-HUARAL-HUARAL
2165,I.E.P.E. ANDRÉS DE LOS REYES,LIMA-HUARAL-HUARAL
2166,I.E.P.M. COLEGIO MILITAR LEONCIO PRADO,CALLAO-CALLAO-LA PERLA
2167,I.E.P.P PEDRO NOLASCO - CRISTO AMIGO,ANCASH-SANTA-CHIMBOTE
2168,I.E.P.P. CRISTINA BEATRIZ,LIMA-LIMA-SAN JUAN DE MIRAFLORES
2169,I.E.P.PITAGORAS,PIURA-PIURA-CASTILLA
2170,I.E.P.Q NIÑO JESUS,LIMA-LIMA-LIMA
2171,I.E.PACIFICO,LIMA-LIMA-SAN MARTIN DE PORRES
2172,I.E.PALMAS REALES,LIMA-LIMA-LOS OLIVOS
2173,I.E.PR. ELIM,PUNO-SAN ROMAN-JULIACA
2174,I.E.PR. EVARISTE GALOIS,LIMA-CAÑETE-SAN VICENTE DE CAÑETE
2175,I.E.PROYECTO INTEGRAL CHAVARRIA,LIMA-LIMA-LIMA
2176,I.E.PROYECTO INTEGRAL CHAVARRIA,LIMA-LIMA-LOS OLIVOS
2177,I.E.S CÉSAR VALLEJO,PUNO-SAN ROMAN-JULIACA
2178,I.E.S JOSE ANTONIO ENCINAS,PUNO-SAN ROMAN-JULIACA
2179,I.E.S MÁXIMO RUFINO ESTEBAN,HUANUCO-HUAMALIES-CHAVIN DE PARIARCA
2180,I.E.S TUPAC AMARU,PUNO-MELGAR-NUÑOA
2181,I.E.S. CLAUDIO GALENO JULIACA,PUNO-SAN ROMAN-JULIACA
2182,I.E.S. JOSÉ GÁLVEZ,PUNO-YUNGUYO-YUNGUYO
2183,I.E.S. NUESTRA SEÑORA DEL CARMEN,PUNO-EL COLLAO-ILAVE
2184,I.E.S. PARROQUIAL JOSÉ MARÍA ARGUEDAS,AYACUCHO-LUCANAS-PUQUIO
2185,I.E.S.F.T. SAN SEBASTIÁN DE PICHCCACHURI,AYACUCHO-LUCANAS-PUQUIO
2186,I.E.S.P JOSÉ MARÍA ARGUEDAS,AYACUCHO-LUCANAS-PUQUIO
2187,I.E.SANTA MARIA DE BREÑA,LIMA-LIMA-BREÑA
2188,I.E.T MX LUIS VALLEJOS SANTONI,CUSCO-CUSCO-CUSCO
2189,I.E.WALDEN SCHOOL,LIMA-LIMA-SAN MARTIN DE PORRES
2190,I.EE ALFONSO UGARTE 1071,LIMA-LIMA-SAN ISIDRO
2191,ICTHUS CRISTO SALVADOR,JUNIN-HUANCAYO-EL TAMBO
2192,ID 2024,LIMA-LIMA-LOS OLIVOS
2193,IE 0003 NUESTRA SEÑORA DEL CARMEN,LIMA-LIMA-SAN MIGUEL
2194,IE 0073 BENITO JUAREZ,LIMA-LIMA-LIMA
2195,IE 0086 JOSÉ MARÍA ARGUEDAS,LIMA-LIMA-SAN JUAN DE LURIGANCHO
2196,IE 0146 SU SANTIDAD JUAN PABLO II,LIMA-LIMA-SAN JUAN DE LURIGANCHO
2197,IE 046 LOS LIBERTADORES DE AYACUCHO,LIMA-LIMA-EL AGUSTINO
2198,IE 110 SAN MARCOS,LIMA-LIMA-SAN JUAN DE LURIGANCHO
2199,IE 1137 JOSE ANTONIO ENCINAS,LIMA-LIMA-LIMA
2200,IE 1137 JOSÉ ANTONIO ENCINAS,LIMA-LIMA-SANTA ANITA
2201,IE 11538,LAMBAYEQUE-FERREÑAFE-PITIPO
2202,IE 11538 PATIVILCA,LAMBAYEQUE-FERREÑAFE-PITIPO
2203,IE 1182 EL BOSQUE,LIMA-LIMA-SAN JUAN DE LURIGANCHO
2204,IE 1229 JULIO ALBERTO PONCE ANTÚNEZ DE MAYOLO,LIMA-LIMA-ATE
2205,IE 1286 HÉROES DEL CENEPA,LIMA-LIMA-LA MOLINA
2206,IE 133 JULIO CESAR TELLO,LIMA-LIMA-SANTA ANITA
2207,IE 15027 AMAUTA,PIURA-SULLANA-SULLANA
2208,IE 156 EL PORVENIR UGEL 05,LIMA-LIMA-SAN JUAN DE LURIGANCHO
2209,IE 2022 PEDRO ABRAHAM VALDELOMAR PINTO,LIMA-LIMA-LOS OLIVOS
2210,IE 2023 AUGUSTO SALAZAR BONDY,LIMA-LIMA-SAN MARTIN DE PORRES
2211,IE 2026 SAN DIEGO,LIMA-LIMA-SAN MARTIN DE PORRES
2212,IE 2026 SAN DIEGO,LIMA-LIMA-LOS OLIVOS
2213,IE 2027 JOSE MARIA ARGUEDAS,LIMA-LIMA-SAN MARTIN DE PORRES
2214,IE 20389 SAN GRACIANO,LIMA-HUARAL-AUCALLAMA
2215,IE 2074 VIRGEN PEREGRINA DEL ROSARIO,LIMA-LIMA-SAN MARTIN DE PORRES
2216,IE 2079 ANTONIO RAIMONDI,LIMA-LIMA-SAN MARTIN DE PORRES
2217,IE 22393 CHANGUILLO,ICA-NAZCA-CHANGUILLO
2218,IE 3051 EL MILAGRO,LIMA-LIMA-INDEPENDENCIA
2219,IE 3054 LA FLOR,LIMA-LIMA-CARABAYLLO
2220,IE 3055 TÚPAC AMARU,LIMA-LIMA-COMAS
2221,IE 3056 GRAN BRETAÑA,LIMA-LIMA-INDEPENDENCIA
2222,IE 3080 PERÚ CANADÁ,LIMA-LIMA-LOS OLIVOS
2223,IE 5033 LAS 200 MILLAS,CALLAO-CALLAO-CALLAO
2224,IE 5099-RICARDO PALMA,LIMA-LIMA-LIMA
2225,IE 5166 BELLA AURORA,LIMA-LIMA-PUENTE PIEDRA
2226,IE 5168 ROSALUZ,LIMA-LIMA-PUENTE PIEDRA
2227,IE 5177 ALAMEDA DEL NORTE,LIMA-LIMA-PUENTE PIEDRA
2228,IE 6018 INMACULADA CONCEPCIÓN DE HUARANGAL,LIMA-LIMA-CIENEGUILLA
2229,IE 6018 INMACULADA CONCEPCIÓN HUARANGAL,LIMA-LIMA-CIENEGUILLA
2230,IE 6051 MERCEDES INDACOCHEA,LIMA-LIMA-BARRANCO
2231,IE 6089 JORGE BASADRE GROHMANN,LIMA-LIMA-SAN JUAN DE MIRAFLORES
2232,IE 7228 PERUANO CANADIENSE,LIMA-LIMA-VILLA EL SALVADOR
2233,IE 7230 FLORES DE VILLA,LIMA-LIMA-SAN JUAN DE MIRAFLORES
2234,IE 7230 LAS FLORES DE VILLA,LIMA-LIMA-SAN JUAN DE MIRAFLORES
2235,IE 8181 HEROES DEL ALTO CENEPA,LIMA-LIMA-COMAS
2236,IE 8181 HEROES DEL ALTO CENEPA,LIMA-LIMA-CARABAYLLO
2237,IE ARGENTINA,LIMA-LIMA-BREÑA
2238,IE AUGUSTO SALAZAR BONDY,LIMA-LIMA-SAN MARTIN DE PORRES
2239,IE CAHUIDE,JUNIN-CHUPACA-YANACANCHA
2240,IE CAPITÁN FAP JOSÉ ABELARDO QUIÑONES GONZALES,LIMA-LIMA-LA MOLINA
2241,IE COLEGIO PUENTE PIEDRA,AMAZONAS-CHACHAPOYAS-CHACHAPOYAS
2242,IE COLEGIOS PROLOG,LIMA-LIMA-VILLA MARIA DEL TRIUNFO
2243,IE EMANUEL,LIMA-LIMA-CARABAYLLO
2244,IE FEDERICO VILLARREAL,HUANCAVELICA-ANGARAES-LIRCAY
2245,IE FERNANDO BELAUNDE TERRY,LIMA-LIMA-ATE
2246,IE GARCILAZO DE VEGA,PASCO-DANIEL ALCIDES CARRION-VILCABAMBA
2247,IE GRAN MARISCAL TORIBIO DE LUZURIAGA,LIMA-LIMA-LOS OLIVOS
2248,IE HEROES DEL CENEPA,LIMA-LIMA-LIMA
2249,IE HIPOLITO UNANUE,LIMA-LIMA-LIMA
2250,IE INNOVACION TECNOLOGICA DEL PERU,LIMA-LIMA-COMAS
2251,IE JESUS DE NAZARET,LIMA-LIMA-VILLA EL SALVADOR
2252,IE JOSE FAUSTINO SANCHEZ CARRION,LIMA-LIMA-LURIN
2253,IE JOSE MARTI,LIMA-LIMA-COMAS
2254,IE JUAN GUERRERO QUIMPER,LIMA-LIMA-VILLA MARIA DEL TRIUNFO
2255,IE LEONCIO PRADO 3014,LIMA-LIMA-RIMAC
2256,IE LOS INKAS,LIMA-LIMA-CHORRILLOS
2257,IE LOS JAZMINES DEL NARANJAL,LIMA-LIMA-SAN MARTIN DE PORRES
2258,IE MAYOR PNP FELIX ROMAN TELLO ROJAS,LIMA-LIMA-LA MOLINA
2259,IE MERCEDES CABELLO DE CARBONERA,LIMA-LIMA-RIMAC
2260,IE MICAELA BASTIDAS DE CONDORCANQUI,LIMA-LIMA-LINCE
2261,IE MIRAFLORES 82113,CAJAMARCA-CAJAMARCA-CAJAMARCA
2262,IE MIXTO INDEPENDENCIA,LIMA-LIMA-LIMA
2263,IE NUEVO MUNDO,LIMA-LIMA-LURIGANCHO
2264,IE N°0751 JAIME HORACIO ROJAS CHÁVEZ,SAN MARTIN-HUALLAGA-EL ESLABON
2265,IE P.N.P 0149 CAP. JORGE CIEZA LACHOS,LIMA-LIMA-SAN JUAN DE LURIGANCHO
2266,IE PALMAS REALES,LIMA-LIMA-LOS OLIVOS
2267,IE PEDRO RUIZ GALLO,LIMA-LIMA-CHORRILLOS
2268,IE PNP ALIPIO PONCE VASQUES,LIMA-LIMA-EL AGUSTINO
2269,IE PNP FELIX ROMAN TELLO ROJAS LA MOLINA,LIMA-LIMA-LA MOLINA
2270,IE PNP JOSÉ HÉCTOR RODRÍGUEZ TRIGOSO,LIMA-LIMA-SAN MARTIN DE PORRES
2271,IE PNP JUAN LINARES ROJAS,CALLAO-CALLAO-CALLAO
2272,IE PNP PRECURSORES DE LA INDEPENDENCIA NACIONAL,LIMA-LIMA-LOS OLIVOS
2273,IE PNP PRECURSORES LA INDEPENDENCIA NACIONAL,LIMA-LIMA-LOS OLIVOS
2274,IE PROLOG - DELICIAS,LIMA-LIMA-CHORRILLOS
2275,IE RAMON CASTILLA,LIMA-LIMA-COMAS
2276,IE RAMÓN CASTILLA,LIMA-LIMA-COMAS
2277,IE REPÚBLICA DE COLOMBIA,LIMA-LIMA-INDEPENDENCIA
2278,IE SACO OLIVEROS DE SANTA BEATRIZ,LIMA-LIMA-LIMA
2279,IE SAN FRANCISCO DE ASIS,HUANCAVELICA-ACOBAMBA-ACOBAMBA
2280,IE SAN JUAN BAUTISTA,PASCO-PASCO-HUARIACA
2281,IE SAN LUIS 1128,LIMA-LIMA-SAN LUIS
2282,IE SANTA CATALINA,PUNO-SAN ROMAN-JULIACA
2283,IE SANTA ROSA 6094,LIMA-LIMA-CHORRILLOS
2284,IE SANTA ROSA DE LAS AMERICAS,LIMA-LIMA-PUENTE PIEDRA
2285,IE SANTIAGO ANTUNEZ DE MAYOLO 6004,LIMA-LIMA-VILLA EL SALVADOR
2286,IE SEÑOR DE LUREN,LIMA-LIMA-LIMA
2287,IE SOL NACIENTE - PACHACUTEC,CALLAO-CALLAO-VENTANILLA
2288,IE TECNICO FAP MANUEL POLO JIMENEZ,LIMA-LIMA-SANTIAGO DE SURCO
2289,IE TUPAC AMARU 2 7055,LIMA-LIMA-VILLA MARIA DEL TRIUNFO
2290,IE VIRGEN DE FATIMA 5051,CALLAO-CALLAO-VENTANILLA
2291,IE. 2094 INCA PACHACUTEC,LIMA-LIMA-SAN MARTIN DE PORRES
2292,IE. LA DIVINA PROVIDENCIA,LIMA-LIMA-SURQUILLO
2293,IE. MARIANO SANTOS MATEO,LIMA-LIMA-CHORRILLOS
2294,IE. PRECURSORES DE LA INDEPENDENCIA NACIONAL,LIMA-LIMA-LOS OLIVOS
2295,IE.2026 SAN DIEGO,LIMA-LIMA-SAN MARTIN DE PORRES
2296,IE.BOSQUE 1182,LIMA-LIMA-LIMA
2297,IE.HIPOLITO UNANUE,LIMA-LIMA-LIMA
2298,IEA BRASIL,LIMA-LIMA-JESUS MARIA
2299,IEA JORGE CHÁVEZ,JUNIN-SATIPO-PANGOA
2300,IEE 1070 MELITÓN CARVAJAL,LIMA-LIMA-LINCE
2301,IEE 1182 EL BOSQUE,LIMA-LIMA-SAN JUAN DE LURIGANCHO
2302,IEE BARTOLOMÉ HERRERA,LIMA-LIMA-SAN MIGUEL
2303,IEE CARLOS WIESSE,LIMA-LIMA-COMAS
2304,IEE CÉSAR ABRAHAM VALLEJO MENDOZA,LA LIBERTAD-SANTIAGO DE CHUCO-SANTIAGO DE CHUCO
2305,IEE DANIEL ALCIDES CARRIÓN,PASCO-PASCO-CHAUPIMARCA
2306,IEE EL BOSQUE 1182,LIMA-LIMA-SAN JUAN DE LURIGANCHO
2307,IEE JOSÉ GRANDA,LIMA-LIMA-SAN MARTIN DE PORRES
2308,IEE MELITON CARVAJAL,LIMA-LIMA-LINCE
2309,IEE RICARDO BENTIN,LIMA-LIMA-RIMAC
2310,IEE RICARDO PALMA,LIMA-LIMA-SURQUILLO
2311,IEE SAN RAMON,AYACUCHO-HUAMANGA-AYACUCHO
2312,IEE. PEDRO ADOLFO LABARTHE EFFIO,LIMA-LIMA-LA VICTORIA
2313,IEI SAGRADO CORAZÓN DE JESÚS,JUNIN-CHANCHAMAYO-SAN RAMON
2314,IEN 0142 MÁRTIR DANIEL ALCIDES CARRION,LIMA-LIMA-SAN JUAN DE LURIGANCHO
2315,IEP 3041 ANDRES BELLO,LIMA-LIMA-SAN MARTIN DE PORRES
2316,IEP 7707 CRISTO REY,LIMA-LIMA-CHORRILLOS
2317,IEP ALBERT EINSTEIN,LIMA-LIMA-CARABAYLLO
2318,IEP ALBERT EINSTEIN,PUNO-SAN ROMAN-JULIACA
2319,IEP ALFA GROUP,LIMA-LIMA-SAN MARTIN DE PORRES
2320,IEP ALFONSO UGARTE,LIMA-LIMA-BREÑA
2321,IEP ALFRED NOBEL,LIMA-LIMA-ATE
2322,IEP ALFREDO REBAZA ACOSTA DE LOS JAZMINES,CALLAO-CALLAO-CALLAO
2323,IEP ANDRÉS FERNÁNDEZ GARRIDO,HUANUCO-HUANUCO-PILLCO MARCA
2324,IEP ANTON COLLEGE,CALLAO-CALLAO-CALLAO
2325,IEP ANTON MAKARENKO,LIMA-LIMA-COMAS
2326,IEP APÓSTOL SAN PEDRO SJL,LIMA-LIMA-SAN JUAN DE LURIGANCHO
2327,IEP ARQUIMEDES,LIMA-LIMA-PUENTE PIEDRA
2328,IEP ARQUIMEDES,LIMA-LIMA-LIMA
2329,IEP ASCENSIÓN SCHOOL UNICACHI,LIMA-LIMA-VILLA EL SALVADOR
2330,IEP BARTON COMAS,LIMA-LIMA-LIMA
2331,IEP BAUTISTA,LIMA-LIMA-RIMAC
2332,IEP CARDANO VIETA INGENIEROS - 2,LIMA-LIMA-SAN MARTIN DE PORRES
2333,IEP CESAR VALLEJO,LIMA-LIMA-RIMAC
2334,IEP CESAR VALLEJO SMP,LIMA-LIMA-SAN MARTIN DE PORRES
2335,IEP CLAUDIO GALENO,PUNO-SAN ROMAN-JULIACA
2336,IEP CORAZON DE BELEN,LAMBAYEQUE-CHICLAYO-JOSE LEONARDO ORTIZ
2337,IEP CORPUS CHRISTI ACADEMY &AMP; SCHOOL,AREQUIPA-AREQUIPA-MIRAFLORES
2338,IEP DESPERTAR,LIMA-LIMA-PUENTE PIEDRA
2339,IEP DIOS ES AMOR,LIMA-LIMA-ANCON
2340,IEP EL NAZARENO,LIMA-HUARAL-HUARAL
2341,IEP EMILIA BARCIA BONIFATTI,LIMA-LIMA-SANTA ANITA
2342,IEP ESPÍRITU SANTO,LIMA-LIMA-MIRAFLORES
2343,IEP FERMIN TANGUIS,LIMA-LIMA-LIMA
2344,IEP FRANCISCO BOLOGNESI,PASCO-PASCO-YANACANCHA
2345,IEP GAKUSEI,LIMA-LIMA-SAN JUAN DE LURIGANCHO
2346,IEP GALILEO GALILEI,LIMA-LIMA-LOS OLIVOS
2347,IEP GRACIAS JESUS,LIMA-LIMA-CHORRILLOS
2348,IEP HONORES DEL RETABLO,LIMA-LIMA-COMAS
2349,IEP INCA GARCILASO DE LA VEGA SJL,LIMA-LIMA-SAN JUAN DE LURIGANCHO
2350,IEP ISAAC NEWTON,HUANUCO-HUANUCO-HUANUCO
2351,IEP JAZMINES DEL NARANJAL,LIMA-LIMA-SAN MARTIN DE PORRES
2352,IEP JESUS OBRERO DE OLLANTAY,LIMA-LIMA-SAN JUAN DE MIRAFLORES
2353,IEP JOHN NASH,LIMA-LIMA-COMAS
2354,IEP JORGE MONTOYA,LIMA-LIMA-CARABAYLLO
2355,IEP JOSE CARLOS MARIATEGUI,LIMA-LIMA-LIMA
2356,IEP JOSÉ MARÍA DE BELÉN,LIMA-HUARAL-HUARAL
2357,IEP JUAN PABLO PEREGRINO,LIMA-LIMA-SAN MARTIN DE PORRES
2358,IEP JUAN PABLO PEREGRINO,LIMA-LIMA-LIMA
2359,IEP JULIO RAMÓN RIBEYRO,LIMA-LIMA-PUENTE PIEDRA
2360,IEP LA CATÓLICA,LIMA-LIMA-INDEPENDENCIA
2361,IEP LA FE DE MARIA,LIMA-LIMA-COMAS
2362,IEP LA PONTIFICIA,LIMA-LIMA-INDEPENDENCIA
2363,IEP LA SAGRADA FAMILIA,LIMA-LIMA-ATE
2364,IEP LEONARD EULER,LIMA-LIMA-SAN JUAN DE LURIGANCHO
2365,IEP LICEO BERNHALD BOLZANO,LIMA-LIMA-SAN JUAN DE LURIGANCHO
2366,IEP LICEO SANTO DOMINGO,LIMA-LIMA-COMAS
2367,IEP LITERATO RICARDO PALMA,LIMA-LIMA-PUENTE PIEDRA
2368,IEP LOS DOMINICOS DE PALAO,LIMA-LIMA-SAN MARTIN DE PORRES
2369,IEP LOS INGENIEROS DE LOS CEDROS,LIMA-LIMA-CHORRILLOS
2370,IEP LU SIN,LIMA-HUAROCHIRI-SAN ANTONIO
2371,IEP LUMBRERAS,LIMA-LIMA-PUENTE PIEDRA
2372,IEP LUMBRERAS PUENTE PIEDRA,LIMA-LIMA-PUENTE PIEDRA
2373,IEP MADRE ADMIRABLE,LIMA-LIMA-EL AGUSTINO
2374,IEP MARIA MEDALLA MILAGROSA,LIMA-LIMA-COMAS
2375,IEP MARIA RAFOLS,LIMA-LIMA-ATE
2376,IEP MARISCAL CASTILLA,JUNIN-HUANCAYO-EL TAMBO
2377,IEP MARISCAL TORIBIO LUZURIAGA,LIMA-LIMA-VILLA EL SALVADOR
2378,IEP NIÑO DE BELEN,LIMA-HUARAL-HUARAL
2379,IEP NIÑO DE BELEN,LIMA-LIMA-VILLA MARIA DEL TRIUNFO
2380,IEP NIÑO JESÚS DE PRAGA,JUNIN-TARMA-TARMA
2381,IEP NUESTRA SEÑORA DE COPACABANA,LIMA-LIMA-CARABAYLLO
2382,IEP NUESTRA SEÑORA DE FATIMA,LIMA-LIMA-LOS OLIVOS
2383,IEP NUESTRA SEÑORA DEL PRADO,LIMA-LIMA-LIMA
2384,IEP NUESTRA SEÑORA DEL ROSARIO,LIMA-LIMA-SAN JUAN DE LURIGANCHO
2385,IEP NUESTRA SEÑORA DEL ROSARIO,LIMA-LIMA-INDEPENDENCIA
2386,IEP Nº 159 GLORIOSO 10 DE OCTUBRE,LIMA-LIMA-SAN JUAN DE LURIGANCHO
2387,IEP PAMER,LIMA-LIMA-LOS OLIVOS
2388,IEP PROLOG SAN JUAN DE MIRAFLORES,LIMA-LIMA-SAN JUAN DE MIRAFLORES
2389,IEP REGINA PACIS,CALLAO-CALLAO-CARMEN DE LA LEGUA REYNOSO
2390,IEP REINA DE LAS AMERICAS,LIMA-LIMA-LIMA
2391,IEP REINO DE LOS CIELOS,LIMA-LIMA-SAN MARTIN DE PORRES
2392,IEP SACO OLIVEROS EL RETABLO,LIMA-LIMA-COMAS
2393,IEP SAN AGUSTÍN DE ANTARES,LIMA-LIMA-LIMA
2394,IEP SAN AGUSTÍN DE ANTARES,LIMA-LIMA-SAN MARTIN DE PORRES
2395,IEP SAN ANTONIO DE PADUA,LIMA-LIMA-SAN JUAN DE LURIGANCHO
2396,IEP SAN IGNACIO DE LOYOLA - HUACHO,LIMA-HUAURA-HUACHO
2397,IEP SAN ISIDRO LABRADOR,LIMA-LIMA-SANTA ANITA
2398,IEP SAN JUAN,LIMA-LIMA-VILLA MARIA DEL TRIUNFO
2399,IEP SAN JUAN BAUTISTA,LIMA-LIMA-LOS OLIVOS
2400,IEP SAN JUAN BAUTISTA - COMAS,LIMA-LIMA-COMAS
2401,IEP SAN LUCAS,LIMA-LIMA-CHORRILLOS
2402,IEP SAN MARCOS,LIMA-LIMA-LOS OLIVOS
2403,IEP SAN MARTIN DE PORRES,LIMA-LIMA-SANTA ANITA
2404,IEP SAN MATEO,LIMA-LIMA-SAN JUAN DE LURIGANCHO
2405,IEP SAN VICENTE,LIMA-LIMA-SAN JUAN DE LURIGANCHO
2406,IEP SANTA CATALINA,PUNO-SAN ROMAN-JULIACA
2407,IEP SANTA MARÍA DEL ROSARIO,LIMA-LIMA-VILLA MARIA DEL TRIUNFO
2408,IEP SANTA ROSA DE BARRANCO,LIMA-LIMA-BARRANCO
2409,IEP SANTO DOMINGO EL PREDICADOR,LIMA-LIMA-SAN MARTIN DE PORRES
2410,IEP SOPHIANUM ZAPALLAL S.A.C,LIMA-LIMA-PUENTE PIEDRA
2411,IEP TECHNOLOGY SCHOOLS METROPOLITANA,LIMA-LIMA-ATE
2412,IEP THALES,LIMA-LIMA-ATE
2413,IEP TRINOMIO SLR,PUNO-SAN ROMAN-JULIACA
2414,IEP VIRGEN DE FATIMA,LIMA-LIMA-PUENTE PIEDRA
2415,IEP VIRGEN DE GUADALUPE,LIMA-LIMA-SAN MARTIN DE PORRES
2416,IEP VIRGEN DE VIRGENES,LIMA-LIMA-PUENTE PIEDRA
2417,IEP VIRGEN DE VÍRGENES,LIMA-LIMA-PUENTE PIEDRA
2418,IEP VIRGEN MILAGROSA,LIMA-LIMA-PUENTE PIEDRA
2419,IEP. ABRAHAM LINCOLN COLLEGE,LIMA-LIMA-SAN MARTIN DE PORRES
2420,IEP. ALFA,TUMBES-ZARUMILLA-ZARUMILLA
2421,IEP. ALFRED NOBEL VITARTE,LIMA-LIMA-ATE
2422,IEP. CLAUDIO GALENO,PUNO-SAN ROMAN-JULIACA
2423,IEP. ENRIQUE LOPEZ ALBUJAR,LIMA-LIMA-VILLA MARIA DEL TRIUNFO
2424,IEP. PALMER SCHOOL,LIMA-LIMA-SAN MARTIN DE PORRES
2425,IEP. SILVIA RUFF,ANCASH-HUARI-HUARI
2426,IEPEC SANTA ISABEL,JUNIN-HUANCAYO-HUANCAYO
2427,IEPG CRISTIANIA,LIMA-LIMA-CHORRILLOS
2428,IEPG CRISTIANIA,LIMA-LIMA-LIMA
2429,IEPM COLEGIO MILITAR FRANCISCO BOLOGNESI,AREQUIPA-AREQUIPA-ALTO SELVA ALEGRE
2430,IEPNP JOSÉ HÉCTOR RODRÍGUEZ TRIGOSO,LIMA-LIMA-SAN MARTIN DE PORRES
2431,IEPQ MARIA DE LA PROVIDENCIA,LIMA-LIMA-BREÑA
2432,IEPQ SAN VICENTE FERRER,LIMA-LIMA-INDEPENDENCIA
2433,IEPQ SAN VICENTE FERRER,LIMA-LIMA-LOS OLIVOS
2434,IES CESAR VALLEJO,PUNO-SAN ROMAN-JULIACA
2435,IES CHILA,APURIMAC-COTABAMBAS-CHALLHUAHUACHO
2436,IES COMERCIAL 45 ERP,PUNO-PUNO-PUNO
2437,IES GLORIOSO SAN ANTON,LIMA-LIMA-LA VICTORIA
2438,IES GRAN UNIDAD ESCOLAR SAN CARLOS,PUNO-PUNO-PUNO
2439,IES SANTA ROSA - PUNO,PUNO-PUNO-PUNO
2440,IESP JOSE MARIA ARGUEDAS,AYACUCHO-LUCANAS-PUQUIO
2441,IGNACIA VELÁSQUEZ,SAN MARTIN-MOYOBAMBA-MOYOBAMBA
2442,II EE FAP MANUEL POLO JIMENEZ,LIMA-LIMA-SANTIAGO DE SURCO
2443,IMAGINA SCHOOL,MOQUEGUA-ILO-ILO
2444,IMPERIO DEL TAHUANTINSUYO 3049,LIMA-LIMA-INDEPENDENCIA
2445,IMPERIO DEL TAHUANTINSUYO 3049,LIMA-LIMA-LIMA
2446,IMPERIO DEL TAHUANTISUYO 3049,LIMA-LIMA-INDEPENDENCIA
2447,INA - 91,PUNO-SAN ROMAN-JULIACA
2448,INCA GARCILASO DE LA VEGA,LIMA-LIMA-SAN JUAN DE LURIGANCHO
2449,INCA GARCILASO DE LA VEGA,LIMA-LIMA-ATE
2450,INCA GARCILASO DE LA VEGA,ANCASH-HUARMEY-HUARMEY
2451,INCA GARCILASO DE LA VEGA,LIMA-LIMA-CARABAYLLO
2452,INCA GARCILASO DE LA VEGA,LIMA-LIMA-LOS OLIVOS
2453,INCA GARCILAZO DE LA VEGA,PUNO-SAN ROMAN-CARACOTO
2454,INCA PACHACUTEC,LIMA-LIMA-SAN JUAN DE MIRAFLORES
2455,INCA PACHACUTEC 6037,LIMA-LIMA-SAN JUAN DE MIRAFLORES
2456,INCA PACHACUTEC N 2094,LIMA-LIMA-SAN MARTIN DE PORRES
2457,INDEPENDENCIA AMERICANA 145,LIMA-LIMA-SAN JUAN DE LURIGANCHO
2458,INDIRA GANDHI,LIMA-LIMA-ATE
2459,INDIRA GANDHI 1227,LIMA-LIMA-ATE
2460,INDUSTRIAL,APURIMAC-ABANCAY-ABANCAY
2461,INEI 46,LIMA-LIMA-ATE
2462,INFO ELITE XXI,LIMA-LIMA-CARABAYLLO
2463,ING UNI,LIMA-LIMA-SAN JUAN DE LURIGANCHO
2464,ING. CARLOS LISSON BEINGOLEA,LIMA-LIMA-LA MOLINA
2465,INGENERIA,LIMA-LIMA-CARABAYLLO
2466,INGENIERA,LIMA-LIMA-SAN JUAN DE MIRAFLORES
2467,INGENIERA OQUENDO,CALLAO-CALLAO-CALLAO
2468,INGENIERIA,LIMA-LIMA-SAN JUAN DE LURIGANCHO
2469,INGENIERIA,HUANCAVELICA-TAYACAJA-PAMPAS
2470,INGENIERIA,LIMA-LIMA-SAN JUAN DE MIRAFLORES
2471,INGENIERIA,LIMA-LIMA-SAN MARTIN DE PORRES
2472,INGENIERIA,JUNIN-HUANCAYO-HUANCAYO
2473,INGENIERIA,JUNIN-HUANCAYO-EL TAMBO
2474,INGENIERIA DE CARMELITAS,LIMA-LIMA-VILLA MARIA DEL TRIUNFO
2475,INGENIERIA DE LA ENSEÑANZA,LIMA-LIMA-COMAS
2476,INGENIERIA DEL ESTE,LIMA-LIMA-SAN JUAN DE LURIGANCHO
2477,INGENIERIA OQUENDO,CALLAO-CALLAO-CALLAO
2478,INGENIERIA SCHOOL,LIMA-LIMA-INDEPENDENCIA
2479,INGENIERIOS UNI DE LOS OLIVOS,LIMA-LIMA-SAN MARTIN DE PORRES
2480,INGENIEROS DE LUCUMOS,LIMA-LIMA-SANTA ANITA
2481,INGENIEROS SCHOOL,LIMA-LIMA-SAN JUAN DE MIRAFLORES
2482,INGENIEROS SCHOOL,LIMA-LIMA-LIMA
2483,INGENIEROS UNI,LIMA-LIMA-SANTA ANITA
2484,INGENIEROS UNI,LIMA-LIMA-LIMA
2485,INGENIEROS UNI,LIMA-LIMA-PUENTE PIEDRA
2486,INGENIEROS UNI ATE,LIMA-LIMA-ATE
2487,INGENIEROS UNI CHANCAY,LIMA-HUARAL-CHANCAY
2488,INGENIEROS UNI SANTA ANITA,LIMA-LIMA-SANTA ANITA
2489,INGENIERÍA,LIMA-LIMA-SAN JUAN DE MIRAFLORES
2490,INGENIERÍA,JUNIN-HUANCAYO-EL TAMBO
2491,INGENIERÍA,LIMA-LIMA-COMAS
2492,INGENIERÍA DE CARMELITAS,LIMA-LIMA-VILLA MARIA DEL TRIUNFO
2493,INGENIERÍA DE LA ENSEÑANZA,LIMA-LIMA-COMAS
2494,INGENIERÍA OQUENDO,CALLAO-CALLAO-CALLAO
2495,INGENIOS SCHOOL,LIMA-LIMA-SAN JUAN DE LURIGANCHO
2496,INMACULADA COLLEGE,LIMA-LIMA-SAN MARTIN DE PORRES
2497,INMACULADA CONCEPCION 2025,LIMA-LIMA-LOS OLIVOS
2498,INMACULADA CONCEPCIÓN,LIMA-LIMA-INDEPENDENCIA
2499,INMACULADA CONCEPCIÓN 2025,LIMA-LIMA-LOS OLIVOS
2500,INMACULADA CONCEPCIÓN DE MARIA,LIMA-LIMA-CARABAYLLO
2501,INMACULADA DE LAS NIEVES,LIMA-LIMA-LIMA
2502,INMACULADO CORAZÓN DE MARÍA,LIMA-LIMA-SAN MIGUEL
2503,INNOVA,TACNA-TACNA-TACNA
2504,INNOVA,LIMA-LIMA-LIMA
2505,INNOVA,PUNO-SAN ROMAN-JULIACA
2506,INNOVA SCHOLS - SANTO TORIBIO,LIMA-LIMA-LIMA
2507,INNOVA SCHOLS - SANTO TORIBIO,LIMA-LIMA-RIMAC
2508,INNOVA SCHOOL,LIMA-LIMA-LIMA
2509,INNOVA SCHOOL,LIMA-LIMA-SAN MARTIN DE PORRES
2510,INNOVA SCHOOL,LIMA-LIMA-BARRANCO
2511,INNOVA SCHOOL - SEDE ARABISCOS - SJL,LIMA-LIMA-SAN JUAN DE LURIGANCHO
2512,INNOVA SCHOOLS,LIMA-LIMA-SAN JUAN DE LURIGANCHO
2513,INNOVA SCHOOLS,LIMA-LIMA-SAN MIGUEL
2514,INNOVA SCHOOLS,ANCASH-SANTA-NUEVO CHIMBOTE
2515,INNOVA SCHOOLS,LIMA-LIMA-COMAS
2516,INNOVA SCHOOLS,LIMA-LIMA-SAN MARTIN DE PORRES
2517,INNOVA SCHOOLS,LIMA-HUAURA-HUACHO
2518,INNOVA SCHOOLS,LIMA-LIMA-VILLA EL SALVADOR
2519,INNOVA SCHOOLS,LIMA-LIMA-LIMA
2520,INNOVA SCHOOLS,LIMA-LIMA-RIMAC
2521,INNOVA SCHOOLS,LIMA-LIMA-LOS OLIVOS
2522,INNOVA SCHOOLS,TACNA-TACNA-TACNA
2523,INNOVA SCHOOLS,LIMA-LIMA-CHORRILLOS
2524,INNOVA SCHOOLS,ICA-ICA-ICA
2525,INNOVA SCHOOLS,LIMA-LIMA-CIENEGUILLA
2526,INNOVA SCHOOLS,LIMA-LIMA-CARABAYLLO
2527,INNOVA SCHOOLS,LIMA-LIMA-SANTIAGO DE SURCO
2528,INNOVA SCHOOLS,LIMA-LIMA-ATE
2529,INNOVA SCHOOLS - COMAS EL RETABLO,LIMA-LIMA-COMAS
2530,INNOVA SCHOOLS - EL PARQUE,LIMA-LIMA-SAN JUAN DE LURIGANCHO
2531,INNOVA SCHOOLS - SPORTING CRISTAL,LIMA-LIMA-RIMAC
2532,INNOVA SCHOOLS ARABISCOS,LIMA-LIMA-SAN JUAN DE LURIGANCHO
2533,INNOVA SCHOOLS CANTO GRANDE,LIMA-LIMA-SAN JUAN DE LURIGANCHO
2534,INNOVA SCHOOLS CERCADO DE LIMA,LIMA-LIMA-BREÑA
2535,INNOVA SCHOOLS CHINCHA,ICA-CHINCHA-ALTO LARAN
2536,INNOVA SCHOOLS EL PARQUE,LIMA-LIMA-SAN JUAN DE LURIGANCHO
2537,INNOVA SCHOOLS EL RETABLO COMAS,LIMA-LIMA-COMAS
2538,INNOVA SCHOOLS SANTO TORIBIO,LIMA-LIMA-RIMAC
2539,INNOVA SCHOOLS-CANTA CALLAO-SMP2,LIMA-LIMA-LOS OLIVOS
2540,INSTITUCION EDUCATIVA 3052,LIMA-LIMA-LIMA
2541,INSTITUCION EDUCATIVA CIMA,LAMBAYEQUE-CHICLAYO-CHICLAYO
2542,INSTITUCION EDUCATIVA EMBLEMATICA MIGUEL GRAU,APURIMAC-ABANCAY-ABANCAY
2543,INSTITUCION EDUCATIVA ERNESTO DIEZ CANSECO,PASCO-DANIEL ALCIDES CARRION-YANAHUANCA
2544,INSTITUCION EDUCATIVA INDUSTRIAL HERMILIO VALDIZAN,HUANUCO-HUANUCO-HUANUCO
2545,INSTITUCION EDUCATIVA INTEGRADA 32629 LA PUNTA,HUANUCO-PACHITEA-UMARI
2546,INSTITUCION EDUCATIVA INTEGRADA 32629 LA PUNTA,HUANUCO-HUANUCO-HUANUCO
2547,INSTITUCION EDUCATIVA INTERNACIONAL ELIM,LIMA-LIMA-VILLA EL SALVADOR
2548,INSTITUCION EDUCATIVA LA SALLE,PUNO-SAN ROMAN-JULIACA
2549,INSTITUCION EDUCATIVA MARISCAL CASTILLA,JUNIN-HUANCAYO-EL TAMBO
2550,INSTITUCION EDUCATIVA MICAELA BASTIDAS 2089,LIMA-LIMA-LOS OLIVOS
2551,INSTITUCION EDUCATIVA MIGUEL GRAU SEMINARIO,LIMA-LIMA-LURIN
2552,INSTITUCION EDUCATIVA PARROQUIAL CRISTINA BEATRIZ,LIMA-LIMA-SAN JUAN DE MIRAFLORES
2553,INSTITUCION EDUCATIVA PARTICULAR PITAGORAS,JUNIN-JAUJA-JAUJA
2554,INSTITUCION EDUCATIVA PRIVADA FEDERICO VILLARREAL,LIMA-LIMA-COMAS
2555,INSTITUCION EDUCATIVA PROYECTO INTEGRAL CHAVARRIA,LIMA-LIMA-LOS OLIVOS
2556,INSTITUCIÓN EDUCATIVA 1003 REPÚBLICA DE COLOMBIA,LIMA-LIMA-BREÑA
2557,INSTITUCIÓN EDUCATIVA 1070 MELITÓN CARVAJAL,LIMA-LIMA-LINCE
2558,INSTITUCIÓN EDUCATIVA 1195 CÉSAR VALLEJO,LIMA-LIMA-LURIGANCHO
2559,INSTITUCIÓN EDUCATIVA 1267 LA CAMPIÑA,LIMA-LIMA-LURIGANCHO
2560,INSTITUCIÓN EDUCATIVA 2022 SINCHI ROCA,LIMA-LIMA-COMAS
2561,INSTITUCIÓN EDUCATIVA 2061 SAN MARTÍN DE PORRES,LIMA-LIMA-LIMA
2562,INSTITUCIÓN EDUCATIVA 20902 TUPAC AMARU,LIMA-HUARAL-HUARAL
2563,INSTITUCIÓN EDUCATIVA 3052,LIMA-LIMA-LIMA
2564,INSTITUCIÓN EDUCATIVA 3096 FRANZ TAMAYO SOLARES,LIMA-LIMA-COMAS
2565,INSTITUCIÓN EDUCATIVA 6050 JUANA ALARCO DE DAMMERT,LIMA-LIMA-MIRAFLORES
2566,INSTITUCIÓN EDUCATIVA 6100 SANTA MARÍA REYNA,LIMA-LIMA-LIMA
2567,INSTITUCIÓN EDUCATIVA 7050 NICANOR RIVERA CÁCERES,LIMA-LIMA-BARRANCO
2568,INSTITUCIÓN EDUCATIVA ALFONSO UGARTE,LIMA-LIMA-SAN ISIDRO
2569,INSTITUCIÓN EDUCATIVA AUGUSTO B. LEGUÍA,LIMA-LIMA-PUENTE PIEDRA
2570,INSTITUCIÓN EDUCATIVA CHONGOYAPE,LAMBAYEQUE-CHICLAYO-CHICLAYO
2571,INSTITUCIÓN EDUCATIVA EMBLEMÁTICA RICARDO BENTÍN,LIMA-LIMA-RIMAC
2572,INSTITUCIÓN EDUCATIVA EMBLEMÁTICA SAN JUAN,LIMA-LIMA-SAN JUAN DE MIRAFLORES
2573,INSTITUCIÓN EDUCATIVA EMBLEMÁTICO JOSÉ GRANDA,LIMA-LIMA-SAN MARTIN DE PORRES
2574,INSTITUCIÓN EDUCATIVA GRAN BRETAÑA 3056,LIMA-LIMA-INDEPENDENCIA
2575,INSTITUCIÓN EDUCATIVA INDUSTRIAL HERMILIO VALDIZAN,HUANUCO-HUANUCO-HUANUCO
2576,INSTITUCIÓN EDUCATIVA INMACULADA CONCEPCIÓN,CUSCO-CANCHIS-SICUANI
2577,INSTITUCIÓN EDUCATIVA LA INMACULADA DE JUANJUI,SAN MARTIN-MARISCAL CACERES-JUANJUI
2578,INSTITUCIÓN EDUCATIVA LIBERTAD,LIMA-LIMA-COMAS
2579,INSTITUCIÓN EDUCATIVA LIBERTADOR SAN MARTIN,LIMA-LIMA-INDEPENDENCIA
2580,INSTITUCIÓN EDUCATIVA MELITÓN CARVAJAL,LIMA-LIMA-LINCE
2581,INSTITUCIÓN EDUCATIVA MIGUEL GRAU SEMINARIO,UCAYALI-PADRE ABAD-PADRE ABAD
2582,INSTITUCIÓN EDUCATIVA MIXTO HUAYCÁN,LIMA-LIMA-ATE
2583,INSTITUCIÓN EDUCATIVA PARROQUIAL SAN ANTONIO DE PA,LIMA-LIMA-LIMA
2584,INSTITUCIÓN EDUCATIVA PILOTO SANTA ISABEL,JUNIN-HUANCAYO-HUANCAYO
2585,INSTITUCIÓN EDUCATIVA PRESENTACIÓN DE MARIA N° 41,LIMA-LIMA-COMAS
2586,INSTITUCIÓN EDUCATIVA PRIVADA ALFRED NOBEL,LIMA-LIMA-ATE
2587,INSTITUCIÓN EDUCATIVA PRIVADA BARTON,LIMA-LIMA-PUENTE PIEDRA
2588,INSTITUCIÓN EDUCATIVA PRIVADA PACO YUNQUE,LIMA-LIMA-SAN JUAN DE LURIGANCHO
2589,INSTITUCIÓN EDUCATIVA PRIVADA PLAY SCHOOL,LIMA-HUARAL-HUARAL
2590,INSTITUCIÓN EDUCATIVA PRIVADA VIRGEN DE CHAPI,ICA-NAZCA-MARCONA
2591,INSTITUCIÓN EDUCATIVA SAN FELIPE,LIMA-LIMA-COMAS
2592,INSTITUCIÓN EDUCATIVA TÉCNICA 7 DE ENERO,AMAZONAS-CHACHAPOYAS-CHACHAPOYAS
2593,INSTITUCIÓN EDUCATIVA TÉCNICO 3052,LIMA-LIMA-INDEPENDENCIA
2594,INSTITUTO SEVILLA,LIMA-LIMA-RIMAC
2595,INTEGRA COLLEGE,LIMA-LIMA-SAN JUAN DE MIRAFLORES
2596,INTEGRAL,ANCASH-HUARAZ-HUARAZ
2597,INTEGRAL,ANCASH-HUARAZ-INDEPENDENCIA
2598,INTEGRAL CLASS,LA LIBERTAD-TRUJILLO-TRUJILLO
2599,INTERNACIONAL DEL PACIFICO,LIMA-LIMA-ATE
2600,INTERNACIONAL DEL PACÍFICO,LIMA-LIMA-ATE
2601,INTERNACIONAL ELIM,ICA-ICA-ICA
2602,INTERNACIONAL ELIM,LIMA-LIMA-SAN JUAN DE LURIGANCHO
2603,INTERNACIONAL ELIM,LIMA-LIMA-VILLA EL SALVADOR
2604,INTITUCION EDUCATIVA ESTADOS UNIDOS UGEL 04,LIMA-LIMA-COMAS
2605,INYARI,LIMA-LIMA-LOS OLIVOS
2606,INYARI,LIMA-LIMA-LIMA
2607,IR 2091 MARISCAL ANDRÉS AVELINO CÁCERES,LIMA-LIMA-LOS OLIVOS
2608,ISAAC NEWTON,LIMA-LIMA-ATE
2609,ISAAC NEWTON,LIMA-LIMA-SAN JUAN DE LURIGANCHO
2610,ISAAC NEWTON,LIMA-HUARAL-HUARAL
2611,ISAAC NEWTON DE JESUS MARIA,LIMA-LIMA-LIMA
2612,ISAAC NEWTON DE JESUS MARIA,LIMA-LIMA-JESUS MARIA
2613,ISAAC NEWTON DE JESÚS MARÍA,LIMA-LIMA-JESUS MARIA
2614,ISAAC NEWTON HUARAL,LIMA-HUARAL-HUARAL
2615,ISAAC NEWTON JESUS MARIA,LIMA-LIMA-JESUS MARIA
2616,ISAAC NEWTON JESUS MARÍA,LIMA-LIMA-SAN LUIS
2617,ISABEL CHIMPU OCLLO,LIMA-LIMA-SAN MARTIN DE PORRES
2618,ISABEL LA CATÓLICA,LIMA-LIMA-LA VICTORIA
2619,ISAIAS ARDILES,LIMA-LIMA-PACHACAMAC
2620,ISAN,LIMA-LIMA-LURIGANCHO
2621,ISEAI PUCARA-LAMPA,PUNO-LAMPA-PUCARA
2622,ITALO PERUANO ENRICO FERMI,AREQUIPA-ISLAY-MOLLENDO
2623,IVAN PAVLOV,LIMA-LIMA-LIMA
2624,IVAN PAVLOV,LIMA-LIMA-COMAS
2625,IZAGUIRRE DE ARIEL,LIMA-LIMA-INDEPENDENCIA
2626,JACANTAYA,PUNO-MOHO-MOHO
2627,JACK GOLDFARB,LIMA-LIMA-COMAS
2628,JACQUES COUSTEAU,LIMA-LIMA-CARABAYLLO
2629,JACQUES COUSTEAU,LIMA-LIMA-LA MOLINA
2630,JAD - 1049,LIMA-LIMA-LIMA
2631,JAIME WHITE,LIMA-LIMA-COMAS
2632,JAIME WHITE,MADRE DE DIOS-TAMBOPATA-TAMBOPATA
2633,JAMES BALDWIN,PUNO-SAN ROMAN-JULIACA
2634,JAPAM,LIMA-LIMA-ATE
2635,JAPAM 1229,LIMA-LIMA-ATE
2636,JAVIER HERAUD,LIMA-LIMA-INDEPENDENCIA
2637,JAVIER HERAUD,LIMA-LIMA-SAN JUAN DE MIRAFLORES
2638,JAVIER HERAUD,LIMA-LIMA-ATE
2639,JAVIER HERAUD PÉREZ,APURIMAC-GRAU-VIRUNDO
2640,JAVIER PEREZ DE CUELLAR,LIMA-LIMA-SAN JUAN DE LURIGANCHO
2641,JAVIER PULGAR VIDAL,HUANUCO-HUANUCO-AMARILIS
2642,JAVIER PÉREZ DE CUELLAR,LIMA-LIMA-SAN JUAN DE LURIGANCHO
2643,JAVIER PÉREZ DE CUELLAR,LIMA-LIMA-LIMA
2644,JAVIER PÉREZ DE CUÉLLAR,LIMA-LIMA-SAN JUAN DE LURIGANCHO
2645,JAVIER PÉREZ DE CUÉLLAR,JUNIN-JUNIN-CARHUAMAYO
2646,JAÉN DE BRACAMOROS,CAJAMARCA-JAEN-JAEN
2647,JEAN LEBLANC,LIMA-LIMA-SAN JUAN DE LURIGANCHO
2648,JEAN LEBLANC VENE,LIMA-LIMA-SAN JUAN DE LURIGANCHO
2649,JEAN PIAGET,ICA-ICA-ICA
2650,JEAN PIAGET,LIMA-LIMA-ATE
2651,JEAN PIAGET,AYACUCHO-HUAMANGA-SAN JUAN BAUTISTA
2652,JEAN PIAGET,AYACUCHO-HUAMANGA-AYACUCHO
2653,JEAN PIAGET DE CARABAYLLO,LIMA-LIMA-CARABAYLLO
2654,JEAN PIAGET LA MOLINA,LIMA-LIMA-LA MOLINA
2655,JERUSALEN,CALLAO-CALLAO-CALLAO
2656,JESUS CASTILLO ZAMUDIO,JUNIN-CONCEPCION-NUEVE DE JULIO
2657,JESUS DE NAZARETH,LIMA-LIMA-VILLA EL SALVADOR
2658,JESUS DE NAZARETH - BELEN-PRIVADA,LIMA-LIMA-LIMA
2659,JESUS EDUCADOR,LIMA-LIMA-CARABAYLLO
2660,JESUS EDUCADOR DE LAS TORRES,LIMA-LIMA-CARABAYLLO
2661,JESUS EDUCADOR LAS TORRES,LIMA-LIMA-CARABAYLLO
2662,JESUS EL BUEN PASTOR,LIMA-LIMA-INDEPENDENCIA
2663,JESUS EL BUEN PASTOR,LIMA-LIMA-BREÑA
2664,JESUS EL BUEN PASTOR,LIMA-LIMA-LIMA
2665,JESUS EL NAZARENO,LIMA-LIMA-PACHACAMAC
2666,JESUS ES MI LUZ,CALLAO-CALLAO-BELLAVISTA
2667,JESUS ES MI LUZ,CALLAO-CALLAO-CALLAO
2668,JESUS MI REDENTOR,LIMA-LIMA-VILLA MARIA DEL TRIUNFO
2669,JESUS MI REDENTOR,LIMA-LIMA-VILLA EL SALVADOR
2670,JESUS OBRERO,LIMA-LIMA-COMAS
2671,JESUS OBRERO,LIMA-LIMA-SAN JUAN DE MIRAFLORES
2672,JESUS REDENTOR,LIMA-LIMA-SAN MIGUEL
2673,JESUS SALVADOR,LIMA-LIMA-LA VICTORIA
2674,JESUS Y MARIA 0028,LIMA-LIMA-LA MOLINA
2675,JESÚS DE NAZARETH BELÉN,LIMA-LIMA-LIMA
2676,JESÚS DE NAZARETH BELÉN,LIMA-LIMA-LURIGANCHO
2677,JESÚS DIVINO MAESTRO REDENTOR,LIMA-LIMA-CARABAYLLO
2678,JESÚS EDUCADOR,LIMA-LIMA-CARABAYLLO
2679,JESÚS EDUCADOR - LAS TORRES,LIMA-LIMA-CARABAYLLO
2680,JESÚS EL MAESTRO,LIMA-LIMA-COMAS
2681,JESÚS EL NAZARENO,LIMA-LIMA-PACHACAMAC
2682,JESÚS MI REDENTOR,LIMA-LIMA-VILLA MARIA DEL TRIUNFO
2683,JESÚS OBRERO,LIMA-LIMA-SAN JUAN DE MIRAFLORES
2684,JESÚS OBRERO,LIMA-LIMA-COMAS
2685,JESÚS OBRERO DE OLLANTAY,LIMA-LIMA-SAN JUAN DE MIRAFLORES
2686,JESÚS REDENTOR 1086,LIMA-LIMA-SAN MIGUEL
2687,JESÚS REPARADOR,LIMA-LIMA-LIMA
2688,JESÚS SACRAMENTADO,LIMA-LIMA-LIMA
2689,JESÚS SACRAMENTADO DE CIENEGUILLA,LIMA-LIMA-CIENEGUILLA
2690,JESÚS Y MARÍA,LIMA-LIMA-LA MOLINA
2691,JHON F. K.,LIMA-LIMA-ATE
2692,JHON FITZGERALD KENNEDY,LIMA-LIMA-SAN JUAN DE MIRAFLORES
2693,JHON FITZGERALD KENNEDY,LIMA-LIMA-SAN JUAN DE LURIGANCHO
2694,JIRÓN JUAN GONZALO ROSE Nª232,LIMA-LIMA-CARABAYLLO
2695,JOAQUIN CAPELO,JUNIN-CHANCHAMAYO-CHANCHAMAYO
2696,JOHANES GUTENBERG,LIMA-LIMA-LOS OLIVOS
2697,JOHANNES GUTENBERG,LIMA-LIMA-LOS OLIVOS
2698,JOHANNES GUTENBERG,LIMA-LIMA-EL AGUSTINO
2699,JOHANNES GUTENBERG,AYACUCHO-HUANTA-HUANTA
2700,JOHANNES GUTENEBERG COMAS,LIMA-LIMA-LIMA
2701,JOHN F KENNEDY,ICA-CHINCHA-CHINCHA ALTA
2702,JOHN F KENNEDY,LIMA-HUARAL-HUARAL
2703,JOHN F. KENNEDY,LIMA-LIMA-CARABAYLLO
2704,JOHN NAPIER,LIMA-LIMA-SAN JUAN DE MIRAFLORES
2705,JOHN NASH,LIMA-LIMA-CARABAYLLO
2706,JOHN NASH,LIMA-LIMA-COMAS
2707,JOHN SMITH COLLEGE,LIMA-LIMA-VILLA MARIA DEL TRIUNFO
2708,JONH F. KENNEDY,ICA-CHINCHA-CHINCHA ALTA
2709,JORGE BASABRE 6048,LIMA-LIMA-VILLA EL SALVADOR
2710,JORGE BASADRE,LAMBAYEQUE-CHICLAYO-CHICLAYO
2711,JORGE BASADRE,AMAZONAS-UTCUBAMBA-LONYA GRANDE
2712,JORGE BASADRE,PIURA-PIURA-PIURA
2713,JORGE BASADRE 6048,LIMA-LIMA-VILLA EL SALVADOR
2714,JORGE BASADRE 6063,LIMA-LIMA-LIMA
2715,JORGE BASADRE GROHMAANN,LIMA-LIMA-PUENTE PIEDRA
2716,JORGE BASADRE GROHMAN,LIMA-LIMA-LOS OLIVOS
2717,JORGE BASADRE GROHMANN,LIMA-LIMA-LOS OLIVOS
2718,JORGE BASADRE GROHMANN,LIMA-LIMA-LIMA
2719,JORGE BASADRE GROHMANN,LIMA-LIMA-PUENTE PIEDRA
2720,JORGE CHAVEZ DARNEL,ICA-CHINCHA-GROCIO PRADO
2721,JORGE CHAVEZ DARTNELL,ICA-CHINCHA-CHAVIN
2722,JORGE CHAVEZ DARTNELL,JUNIN-JUNIN-CARHUAMAYO
2723,JORGE CHÁVEZ DARTNELL,JUNIN-JUNIN-CARHUAMAYO
2724,JORGE PORTOCARRERO REBAZA,LIMA-LIMA-LIMA
2725,JOSE ABELARDO QUIÑONES,LIMA-LIMA-LIMA
2726,JOSE ABELARDO QUIÑONES DE LURIN,LIMA-LIMA-LURIN
2727,JOSE ABELARDO QUIÑONES GONZALES,LIMA-LIMA-LOS OLIVOS
2728,JOSE ABELARDO QUIÑONES GONZALES,HUANCAVELICA-ACOBAMBA-ANTA
2729,JOSE ABELARDO QUIÑONES GONZALES,AMAZONAS-CHACHAPOYAS-CHACHAPOYAS
2730,JOSE ABELARDO QUIÑONES GONZALEZ,LIMA-LIMA-LOS OLIVOS
2731,JOSE ABELARDO QUIÑONEZ GONZALES,LIMA-LIMA-LIMA
2732,JOSE ANTONCIO ENCINAS,LIMA-LIMA-SAN MARTIN DE PORRES
2733,JOSE ANTONIA ENCINAS,PUNO-SAN ROMAN-JULIACA
2734,JOSE ANTONIO ENCINAS,PUNO-SAN ROMAN-JULIACA
2735,JOSE ANTONIO ENCINAS,LIMA-LIMA-LIMA
2736,JOSE ANTONIO ENCINAS,APURIMAC-ANTABAMBA-OROPESA
2737,JOSE ANTONIO ENCINAS,LIMA-LIMA-SANTA ANITA
2738,JOSE ANTONIO ENCINAS,AMAZONAS-CHACHAPOYAS-CHACHAPOYAS
2739,JOSE ANTONIO ENCINAS,LIMA-CAÑETE-MALA
2740,JOSE ANTONIO ENCINAS,LIMA-HUAROCHIRI-RICARDO PALMA
2741,JOSE BALTA,LIMA-LIMA-SAN MARTIN DE PORRES
2742,JOSE BALTA- SAN MARTIN DE PORRES,LIMA-LIMA-SAN MARTIN DE PORRES
2743,JOSE BAQUÍJANO Y CARRILLO,LIMA-LIMA-LINCE
2744,JOSE BUENAVENTURA SEPULVEDA,LIMA-CAÑETE-SAN VICENTE DE CAÑETE
2745,JOSE CARLOS MARIATEGUI,CAJAMARCA-SAN IGNACIO-SAN JOSE DE LOURDES
2746,JOSE CARLOS MARIATEGUI,ICA-ICA-ICA
2747,JOSE CARLOS MARIATEGUI,LIMA-LIMA-EL AGUSTINO
2748,JOSE CARLOS MARIATEGUI,JUNIN-SATIPO-MAZAMARI
2749,JOSE CARLOS MARIATEGUI,LIMA-LIMA-LURIN
2750,JOSE CARLOS MARIATEGUI 2048,LIMA-LIMA-COMAS
2751,JOSE CARLOS MARIATEGUI 7265,LIMA-LIMA-PACHACAMAC
2752,JOSE CARLOS MARIATEGUI NRO 0152,LIMA-LIMA-SAN JUAN DE LURIGANCHO
2753,JOSE CARLOS MARIATEGUI N°0152-UGEL 05,LIMA-LIMA-SAN JUAN DE LURIGANCHO
2754,JOSE CARLOS MARIATEGUI N°2048,LIMA-LIMA-COMAS
2755,JOSE DEL CARMEN MARIN ARISTA,LIMA-LIMA-LIMA
2756,JOSE FAUSTINO SANCHEZ CARRION,LIMA-LIMA-LURIN
2757,JOSE GALVEZ BARRENECHEA,JUNIN-YAULI-SANTA ROSA DE SACCO
2758,JOSE GALVEZ EGUZQUISA,APURIMAC-ANDAHUAYLAS-TUMAY HUARACA
2759,JOSE GRANDA,LIMA-LIMA-SAN MARTIN DE PORRES
2760,JOSE HECTOR RODRIGUEZ TRIGOSO,LIMA-LIMA-SAN MARTIN DE PORRES
2761,JOSE IGNACIO MIRANDA INA 91,PUNO-SAN ROMAN-JULIACA
2762,JOSE INGENIEROS,LIMA-LIMA-ATE
2763,JOSE JIMENEZ BORJA,LIMA-LIMA-LIMA
2764,JOSE MARIA ARGUEDA,LIMA-LIMA-CARABAYLLO
2765,JOSE MARIA ARGUEDAS,APURIMAC-CHINCHEROS-ANCO-HUALLO
2766,JOSE MARIA ARGUEDAS,APURIMAC-ABANCAY-ABANCAY
2767,JOSE MARIA ARGUEDAS,LIMA-LIMA-EL AGUSTINO
2768,JOSE MARIA ARGUEDAS,CALLAO-CALLAO-CALLAO
2769,JOSE MARIA ARGUEDAS,LIMA-LIMA-CARABAYLLO
2770,JOSE MARIA ARGUEDAS,LIMA-LIMA-LIMA
2771,JOSE MARIA ARGUEDAS,LIMA-LIMA-SANTA ANITA
2772,JOSE MARIA ARGUEDAS,LIMA-LIMA-LOS OLIVOS
2773,JOSE MARIA ARGUEDAS - CARABAYLLO,LIMA-LIMA-CARABAYLLO
2774,JOSE MARIA ARGUEDAS 0087,LIMA-LIMA-SAN JUAN DE LURIGANCHO
2775,JOSE MARIA ARGUEDAS 2027,LIMA-LIMA-SAN MARTIN DE PORRES
2776,JOSE MARIA ARGUEDAS 7081,LIMA-LIMA-SAN JUAN DE MIRAFLORES
2777,JOSE MARIA ESCRIBA,LIMA-LIMA-LOS OLIVOS
2778,JOSE MARTI,LIMA-LIMA-COMAS
2779,JOSE MARÍA EGUREN,LIMA-LIMA-BARRANCO
2780,JOSE MARÍA ESCRIBA,LIMA-LIMA-LOS OLIVOS
2781,JOSE OBRERO,LIMA-HUAROCHIRI-SAN MATEO
2782,JOSE OLAYA,JUNIN-HUANCAYO-HUACRAPUQUIO
2783,JOSE OLAYA BALANDRA,APURIMAC-ANDAHUAYLAS-PACUCHA
2784,JOSEFA CARRILLO Y ALBORNOZ,LIMA-LIMA-LURIGANCHO
2785,JOSEPH AND MERY HIGH SCHOOL,LIMA-LIMA-JESUS MARIA
2786,JOSÉ ABELARDO QUIÑONES 7049,LIMA-LIMA-SANTIAGO DE SURCO
2787,JOSÉ ABELARDO QUIÑONES GONZALES,LIMA-LIMA-LOS OLIVOS
2788,JOSÉ ANTONIO DAPELO,LIMA-LIMA-LURIN
2789,JOSÉ ANTONIO ENCINAS,LIMA-CAÑETE-MALA
2790,JOSÉ ANTONIO ENCINAS,LIMA-LIMA-LIMA
2791,JOSÉ ANTONIO ENCINAS,PUNO-SAN ROMAN-JULIACA
2792,JOSÉ ANTONIO ENCINAS,PUNO-LAMPA-CALAPUJA
2793,JOSÉ BAQUÍJANO Y CARRILLO,LIMA-LIMA-LINCE
2794,JOSÉ BUENAVENTURA SEPÚLVEDA,LIMA-CAÑETE-SAN VICENTE DE CAÑETE
2795,JOSÉ CARLOS MAREATEGÜI LA CHIRA,APURIMAC-AYMARAES-COTARUSE
2796,JOSÉ CARLOS MARIATEGUI,APURIMAC-AYMARAES-COTARUSE
2797,JOSÉ CARLOS MARIATEGUI,LIMA-LIMA-SAN JUAN DE LURIGANCHO
2798,JOSÉ CARLOS MARIATEGUI,LIMA-LIMA-VILLA MARIA DEL TRIUNFO
2799,JOSÉ CARLOS MARIATEGUI 1262,LIMA-LIMA-ATE
2800,JOSÉ CARLOS MARIATEGUI 2048,LIMA-LIMA-COMAS
2801,JOSÉ CARLOS MARIATEGUI IE 1262,LIMA-LIMA-ATE
2802,JOSÉ CARLOS MARIATÉGUI,ICA-ICA-ICA
2803,JOSÉ CARLOS MARIÁTEGUI,ANCASH-BOLOGNESI-HUALLANCA
2804,JOSÉ CARLOS MARIÁTEGUI #2048,LIMA-LIMA-COMAS
2805,JOSÉ CARLOS MARIÁTEGUI 7265,LIMA-LIMA-PACHACAMAC
2806,JOSÉ CARLOS MARIÁTEGUI LA CHIRA,SAN MARTIN-RIOJA-NUEVA CAJAMARCA
2807,JOSÉ CARLOS MARÍATEGUI,LIMA-LIMA-SAN JUAN DE LURIGANCHO
2808,JOSÉ DEL CARMEN MARIN ARISTA,LIMA-LIMA-LIMA
2809,JOSÉ DEL CARMEN MARÍN ARISTA,LIMA-LIMA-LIMA
2810,JOSÉ DOMINGO CHOQUEHUANCA,PUNO-AZANGARO-JOSE DOMINGO CHOQUEHUANCA
2811,JOSÉ FAUSTINO SÁNCHEZ CARRIÓN,CALLAO-CALLAO-VENTANILLA
2812,JOSÉ FAUSTINO SÁNCHEZ CARRIÓN,LIMA-LIMA-LURIN
2813,JOSÉ FAUSTINO SÁNCHEZ CARRIÓN I.E 0051,LIMA-LIMA-LURIGANCHO
2814,JOSÉ GRANDA,LIMA-LIMA-SAN MARTIN DE PORRES
2815,JOSÉ GRANDA,LIMA-LIMA-LIMA
2816,JOSÉ GÁLVEZ,CAJAMARCA-CAJABAMBA-CAJABAMBA
2817,JOSÉ GÁLVEZ,PUNO-YUNGUYO-YUNGUYO
2818,JOSÉ INGENIEROS,LIMA-LIMA-SANTA ANITA
2819,JOSÉ INGENIEROS,LIMA-LIMA-ATE
2820,JOSÉ INGENIEROS,LIMA-LIMA-SAN JUAN DE LURIGANCHO
2821,JOSÉ JIMÉNEZ BORJA,LIMA-LIMA-LIMA
2822,JOSÉ MARIA ARGUEDAS,LIMA-LIMA-SANTIAGO DE SURCO
2823,JOSÉ MARIA ARGUEDAS,LIMA-LIMA-CARABAYLLO
2824,JOSÉ MARIA ARGUEDAS,LIMA-LIMA-PUENTE PIEDRA
2825,JOSÉ MARIA ARGUEDAS,AYACUCHO-LUCANAS-PUQUIO
2826,JOSÉ MARTÍ,LIMA-LIMA-COMAS
2827,JOSÉ MARÍA ARGUEDAS,JUNIN-YAULI-SANTA ROSA DE SACCO
2828,JOSÉ MARÍA ARGUEDAS,LIMA-LIMA-LURIN
2829,JOSÉ MARÍA ARGUEDAS,LIMA-LIMA-SAN JUAN DE LURIGANCHO
2830,JOSÉ MARÍA ARGUEDAS,LIMA-LIMA-LOS OLIVOS
2831,JOSÉ MARÍA ARGUEDAS,CALLAO-CALLAO-CALLAO
2832,JOSÉ MARÍA ARGUEDAS,AYACUCHO-LUCANAS-PUQUIO
2833,JOSÉ MARÍA ARGUEDAS,LIMA-LIMA-CARABAYLLO
2834,JOSÉ MARÍA ARGUEDAS,LIMA-LIMA-LIMA
2835,JOSÉ MARÍA ARGUEDAS,JUNIN-YAULI-LA OROYA
2836,JOSÉ MARÍA ARGUEDAS - CARABAYLLO - UGEL 4,LIMA-LIMA-CARABAYLLO
2837,JOSÉ MARÍA ARGUEDAS 0086,LIMA-LIMA-SAN JUAN DE LURIGANCHO
2838,JOSÉ MARÍA ARGUEDAS 2027,LIMA-LIMA-SAN MARTIN DE PORRES
2839,JOSÉ MARÍA ARGUEDAS 2027,LIMA-LIMA-LIMA
2840,JOSÉ MARÍA ARGUEDAS 5026,LIMA-LIMA-LIMA
2841,JOSÉ MARÍA ARGUEDAS 6047 UGEL 07,LIMA-LIMA-SANTIAGO DE SURCO
2842,JOSÉ MARÍA ARGUEDAS 7081,LIMA-LIMA-SAN JUAN DE MIRAFLORES
2843,JOSÉ MARÍA ARGUEDAS I.E.P,LIMA-LIMA-PUENTE PIEDRA
2844,JOSÉ MARÍA ARGUEDAS- CHIRINOS,CAJAMARCA-SAN IGNACIO-CHIRINOS
2845,JOSÉ MARÍA TELLO MARTINEZ,PIURA-MORROPON-SANTA CATALINA DE MOSSA
2846,JOSÉ OLAYA BALANDRA,CALLAO-CALLAO-VENTANILLA
2847,JOSÉ QUIÑONES,LIMA-LIMA-LOS OLIVOS
2848,JOSÉ QUIÑONES,LIMA-LIMA-SAN JUAN DE MIRAFLORES
2849,JOSÉ SABOGAL WIESSE 00965,SAN MARTIN-MOYOBAMBA-MOYOBAMBA
2850,JOSÉ VALVERDE CARO,LIMA-LIMA-COMAS
2851,JOULE CAYMA,AREQUIPA-AREQUIPA-CAYMA
2852,JR.LAS AMAPOLAS #173,LIMA-LIMA-INDEPENDENCIA
2853,JUAN ANDRÉS VIVANCO AMORÍN,LIMA-LIMA-ATE
2854,JUAN BUSTAMANTE,PUNO-LAMPA-LAMPA
2855,JUAN CRONIQUEIR APPU EL AGUSTINO,LIMA-LIMA-EL AGUSTINO
2856,JUAN CRONIQUER APPU,LIMA-LIMA-EL AGUSTINO
2857,JUAN CRONIQUEUR,LIMA-LIMA-EL AGUSTINO
2858,JUAN CRONIQUEUR,LIMA-LIMA-LIMA
2859,JUAN CRONIQUEUR APPU,LIMA-LIMA-EL AGUSTINO
2860,JUAN ESPINOSA MEDRANO,APURIMAC-ANDAHUAYLAS-ANDAHUAYLAS
2861,JUAN ESPINOZA MEDRANO,LIMA-LIMA-VILLA EL SALVADOR
2862,JUAN ESPINOZA MEDRANO,LIMA-LIMA-SANTA ANITA
2863,JUAN ESPINOZA MEDRANO,APURIMAC-ANDAHUAYLAS-ANDAHUAYLAS
2864,JUAN ESPINOZA MEDRANO,APURIMAC-ANDAHUAYLAS-SAN JERONIMO
2865,JUAN ESPINOZA MEDRANO,LIMA-LIMA-LIMA
2866,JUAN ESPIRNOZA MEDRANO,APURIMAC-ANDAHUAYLAS-ANDAHUAYLAS
2867,JUAN FRANCISCO VELASCO ALVARADO,PUNO-AZANGARO-SAN ANTON
2868,JUAN GUERRERO QUIMPER,LIMA-LIMA-VILLA MARIA DEL TRIUNFO
2869,JUAN INGUNZA VALDIVIA,CALLAO-CALLAO-CALLAO
2870,JUAN INGUNZA VALDIVIA,LIMA-LIMA-LIMA
2871,JUAN LINARES ROJAS,LIMA-LIMA-LIMA
2872,JUAN LINARES ROJAS,CALLAO-CALLAO-CALLAO
2873,JUAN MANUEL ITURREI,LAMBAYEQUE-LAMBAYEQUE-LAMBAYEQUE
2874,JUAN MATEMÁTICO CATÓLICO,LIMA-LIMA-LURIGANCHO
2875,JUAN PABLO,LIMA-LIMA-SAN MARTIN DE PORRES
2876,JUAN PABLO II,LIMA-LIMA-LIMA
2877,JUAN PABLO II,TUMBES-ZARUMILLA-ZARUMILLA
2878,JUAN PABLO II,CAJAMARCA-CAJAMARCA-CAJAMARCA
2879,JUAN PABLO II,LIMA-LIMA-CARABAYLLO
2880,JUAN PABLO II 5174,LIMA-LIMA-CARABAYLLO
2881,JUAN PABLO PEREGRINO,LIMA-LIMA-SAN MARTIN DE PORRES
2882,JUAN PABLO PEREGRINO,LIMA-LIMA-SAN JUAN DE LURIGANCHO
2883,JUAN PABLO PEREGRINO,LIMA-LIMA-LIMA
2884,JUAN PABLO PEREGRINO,LIMA-LIMA-INDEPENDENCIA
2885,JUAN PABLO PEREGRINO,LIMA-LIMA-CARABAYLLO
2886,JUAN PABLO PEREGRINO DE LA PAZ,LIMA-LIMA-SAN MARTIN DE PORRES
2887,JUAN PABLO PEREGRINO DE LA PAZ,LIMA-LIMA-LOS OLIVOS
2888,JUAN PABLO SCHOOL,LIMA-LIMA-PUENTE PIEDRA
2889,JUAN PABLO VIZCARDO Y GUZMAN,HUANCAVELICA-HUAYTARA-SANTIAGO DE CHOCORVOS
2890,JUAN PABLO VIZCARDO Y GUZMÁN,HUANCAVELICA-HUAYTARA-SANTIAGO DE CHOCORVOS
2891,JUAN VELASCO ALVARADO,LIMA-LIMA-SAN JUAN DE LURIGANCHO
2892,JUAN VELASCO ALVARADO,PUNO-AZANGARO-ASILLO
2893,JUAN VELASCO ALVARADO,TUMBES-ZARUMILLA-PAPAYAL
2894,JUAN VELASCO ALVARADO - EL SAUCE,PIURA-PIURA-LAS LOMAS
2895,JUAN VELASCO ALVARADO 171-1,LIMA-LIMA-SAN JUAN DE LURIGANCHO
2896,JUAN VELASCO ALVARADO EL SAUCE,PIURA-PIURA-LAS LOMAS
2897,JUAN VELAZCO ALVARADO,PUNO-SAN ROMAN-JULIACA
2898,JUAN XXIII,JUNIN-CHANCHAMAYO-CHANCHAMAYO
2899,JUAN XXIII,LIMA-LIMA-VILLA EL SALVADOR
2900,JUAN XXIII,LIMA-LIMA-LIMA
2901,JUAN ZACARIAS MONTENEGRO,CAJAMARCA-CUTERVO-QUEROCOTILLO
2902,JUANA ALARCO DE DAMMERT,LIMA-LIMA-MIRAFLORES
2903,JUANA ALARCO DE DAMMERT,LIMA-LIMA-LIMA
2904,JUANXXXIII,LIMA-LIMA-VILLA EL SALVADOR
2905,JULIACA,PUNO-PUNO-PUNO
2906,JULIO .C.TELLO,LIMA-LIMA-ATE
2907,JULIO ALBERTO ANTÚNEZ DE MAYOLO,LIMA-LIMA-ATE
2908,JULIO ALBERTO PONCE ANTUNEZ DE MAYOLO,CUSCO-CUSCO-CUSCO
2909,JULIO ALBERTO PONCE ANTÚNEZ DE MAYOLO,LIMA-LIMA-ATE
2910,JULIO C TELLO,LIMA-LIMA-ATE
2911,JULIO C. TELLO,ICA-ICA-ICA
2912,JULIO C. TELLO,LIMA-LIMA-ATE
2913,JULIO C. TELLO,LIMA-LIMA-SANTA ANITA
2914,JULIO C.TELLO,LIMA-LIMA-LIMA
2915,JULIO CESAR TELLO,LIMA-LIMA-ATE
2916,JULIO CESAR TELLO,LIMA-LIMA-SANTA ANITA
2917,JULIO CESAR TELLO 133,LIMA-LIMA-SANTA ANITA
2918,JULIO CÉSAR ESCOBAR,LIMA-LIMA-VILLA EL SALVADOR
2919,JULIO GABANCHO ENRIQUEZ,PUNO-CARABAYA-MACUSANI
2920,JULIO GABANCHO ENRIQUEZ,PUNO-PUNO-PUNO
2921,JULIO PONCE ANTUNEZ DE MAYOLO,LIMA-LIMA-SAN MARTIN DE PORRES
2922,JULIO RAMON RIBEIROS,LIMA-LIMA-PUENTE PIEDRA
2923,JULIO RAMON RIBEYRO,LIMA-LIMA-PUENTE PIEDRA
2924,JULIO RAMON RIBEYRO,LIMA-LIMA-LURIGANCHO
2925,JULIO RAMON RIBEYRO,LIMA-LIMA-ATE
2926,JULIO RAMON RIBEYRO 5095,CALLAO-CALLAO-CALLAO
2927,JULIO RAMÓN RIBEYRO,CALLAO-CALLAO-CALLAO
2928,JULIO RAMÓN RIBEYRO,LIMA-LIMA-ATE
2929,JULIO RAMÓN RIBEYRO,LIMA-LIMA-PUENTE PIEDRA
2930,JUNIOR CÉSAR DE LOS RÍOS,CALLAO-CALLAO-CALLAO
2931,JUVENTUD CIENTIFICA,LIMA-LIMA-LIMA
2932,JUVENTUD CIENTIFICA,LIMA-LIMA-EL AGUSTINO
2933,JUVENTUD CIENTÍFICA,LIMA-LIMA-EL AGUSTINO
2934,JUVENTUD CIENTÍFICA,LIMA-LIMA-SAN JUAN DE LURIGANCHO
2935,KARL WEISS,LAMBAYEQUE-CHICLAYO-CHICLAYO
2936,KAROL WOJTYLA,LIMA-LIMA-SAN JUAN DE LURIGANCHO
2937,KAROL WOJTYLA COLLEGE,LIMA-LIMA-CHORRILLOS
2938,KEPLER COLLEGE,CAJAMARCA-JAEN-JAEN
2939,KINDER CRAYOLITAS,JUNIN-SATIPO-SATIPO
2940,KOREA SCIENCE ACADEMY OF KAIST,LIMA-LIMA-LIMA
2941,KOREB SCHOOL,LIMA-LIMA-LURIGANCHO
2942,KOREB SCHOOL,LIMA-LIMA-SAN JUAN DE LURIGANCHO
2943,KUMAMOTO I 3092,LIMA-LIMA-PUENTE PIEDRA
2944,LA ASUNCIÓN,LIMA-LIMA-SAN JUAN DE LURIGANCHO
2945,LA CATOLICA,LIMA-LIMA-LIMA
2946,LA CATOLICA,LIMA-LIMA-INDEPENDENCIA
2947,LA CATOLICA HIGH SCHOOL,LIMA-LIMA-INDEPENDENCIA
2948,LA CATÓLICA,LIMA-LIMA-INDEPENDENCIA
2949,LA CATÓLICA,LIMA-LIMA-LIMA
2950,LA CATÓLICA HIGH SCHOOL,LIMA-LIMA-INDEPENDENCIA
2951,LA ENCANTADA DE VILLA,LIMA-LIMA-VILLA EL SALVADOR
2952,LA FE DE MARIA,LIMA-LIMA-COMAS
2953,LA FE DE MARÍA,LIMA-LIMA-COMAS
2954,LA FE DE MARÍA,LIMA-LIMA-LIMA
2955,LA INMACULADA JUANJUI,SAN MARTIN-MARISCAL CACERES-JUANJUI
2956,LA INMACULADA JUANJUI,SAN MARTIN-MOYOBAMBA-MOYOBAMBA
2957,LA LIBERTAD,ANCASH-HUARAZ-HUARAZ
2958,LA LIBERTAD,LIMA-LIMA-COMAS
2959,LA MERCED,LIMA-LIMA-VILLA EL SALVADOR
2960,LA MERCED - EVARISTE GALOIS,CALLAO-CALLAO-VENTANILLA
2961,LA PONTIFICIA,LIMA-LIMA-INDEPENDENCIA
2962,LA PONTIFICIA,LIMA-LIMA-LIMA
2963,LA PRADERAS II,LIMA-LIMA-LIMA
2964,LA PRE,UCAYALI-CORONEL PORTILLO-CALLERIA
2965,LA PUNTA UMARI PACHITEA,HUANUCO-HUANUCO-HUANUCO
2966,LA RECOLETA DE LOS OLIVOS,LIMA-LIMA-LIMA
2967,LA RECOLETA DE LOS OLIVOS,LIMA-LIMA-LOS OLIVOS
2968,LA REPARACIÓN,LIMA-LIMA-MIRAFLORES
2969,LA RIBERA,LIMA-LIMA-LIMA
2970,LA RIBERA,LIMA-LIMA-LURIGANCHO
2971,LA SAGRADA FAMILIA,LIMA-LIMA-ATE
2972,LA SALLE,LIMA-LIMA-BREÑA
2973,LA SALLE,LIMA-LIMA-LIMA
2974,LA SALLE,PUNO-SAN ROMAN-JULIACA
2975,LA SALLE,APURIMAC-ABANCAY-ABANCAY
2976,LA SALLE - JULIACA,PUNO-SAN ROMAN-JULIACA
2977,LA SALLE 5135,CALLAO-CALLAO-VENTANILLA
2978,LA SALLE 5135,CALLAO-CALLAO-BELLAVISTA
2979,LA SALLE BREÑA,LIMA-LIMA-BREÑA
2980,LA SALLE BREÑA,LIMA-LIMA-LIMA
2981,LA SEMILLA DE ABRAHAM VALDELOMAR,LIMA-LIMA-VILLA EL SALVADOR
2982,LA SEMILLA DE ABRAHAM VALDELOMAR,LIMA-LIMA-LIMA
2983,LA SEÑORA DE LAS MERCEDES,ANCASH-CARHUAZ-AMASHCA
2984,LA SORBONA,LIMA-LIMA-LIMA
2985,LA SORBONA,LIMA-LIMA-SAN JUAN DE LURIGANCHO
2986,LA SORBONA CAMPOY,LIMA-LIMA-SAN JUAN DE LURIGANCHO
2987,LA SORBONA CAMPOY,LIMA-LIMA-LURIGANCHO
2988,LA SORBONA DE LIMA,LIMA-LIMA-SAN JUAN DE LURIGANCHO
2989,LA UNION,CALLAO-CALLAO-BELLAVISTA
2990,LA UNIÓN,LIMA-LIMA-PUEBLO LIBRE
2991,LA VEDAD,CUSCO-LA CONVENCION-PICHARI
2992,LA VERDAD,CUSCO-LA CONVENCION-PICHARI
2993,LA VILLA,AMAZONAS-BONGARA-JAZAN
2994,LAPLACE,AREQUIPA-ISLAY-MOLLENDO
2995,LAS AMÉRICAS,LIMA-LIMA-PUENTE PIEDRA
2996,LAS BRISAS DE VILLA,LIMA-LIMA-CHORRILLOS
2997,LAS BRISAS DE VILLA 7076,LIMA-LIMA-CHORRILLOS
2998,LAS BRISAS DE VILLA N7076,LIMA-LIMA-VILLA EL SALVADOR
2999,LAS COLINAS 5139,CALLAO-CALLAO-CALLAO
3000,LAS ESTRELLITAS DE JESUS,LIMA-LIMA-ATE
3001,LAS MERCEDES,PUNO-SAN ROMAN-JULIACA
3002,LAS MERCEDES,APURIMAC-ABANCAY-ABANCAY
3003,LAS PALMAS NUEVA ESPERANZA,LIMA-BARRANCA-BARRANCA
3004,LAS SALLE,PUNO-SAN ROMAN-JULIACA
3005,LAS TERRAZAS 171-02,LIMA-LIMA-LIMA
3006,LATINO,LIMA-LIMA-SAN JUAN DE MIRAFLORES
3007,LATINO CHUPACA,JUNIN-CHUPACA-CHUPACA
3008,LATINOAMERICANO,LIMA-LIMA-LOS OLIVOS
3009,LATINOAMERICANO,LIMA-LIMA-SAN JUAN DE LURIGANCHO
3010,LE D,LIMA-LIMA-CHORRILLOS
3011,LE D ALEMBERT,LIMA-LIMA-CHORRILLOS
3012,LEONARD EULER,LIMA-LIMA-LIMA
3013,LEONARD EULER,LIMA-LIMA-SAN JUAN DE MIRAFLORES
3014,LEONARD EULER,ICA-CHINCHA-CHINCHA ALTA
3015,LEONARD EULER,LIMA-LIMA-VILLA MARIA DEL TRIUNFO
3016,LEONARD EULER,LIMA-LIMA-SAN JUAN DE LURIGANCHO
3017,LEONARDO DA VINCI,AYACUCHO-HUAMANGA-AYACUCHO
3018,LEONARDO DAVINCI,AYACUCHO-HUAMANGA-AYACUCHO
3019,LEONARDO DE VINCI,LIMA-LIMA-ATE
3020,LEONARDO EULER,LIMA-LIMA-SAN JUAN DE LURIGANCHO
3021,LEONARDO FIBONACCI,LIMA-LIMA-SAN MARTIN DE PORRES
3022,LEONARDO FIBONACCI,LIMA-LIMA-LIMA
3023,LEONCIO PRADO,LIMA-LIMA-LIMA
3024,LEONCIO PRADO,LIMA-LIMA-SAN JUAN DE MIRAFLORES
3025,LEONCIO PRADO,CALLAO-CALLAO-LA PERLA
3026,LEONCIO PRADO 2067,LIMA-LIMA-PUENTE PIEDRA
3027,LEONCIO PRADO 7035,LIMA-LIMA-SAN JUAN DE MIRAFLORES
3028,LEONCIO PRADO 7935,LIMA-LIMA-LIMA
3029,LEONCIO PRADO GUTIERREZ 1228,LIMA-LIMA-ATE
3030,LEONCIO PRADO GUTIÉRREZ,LIMA-LIMA-SANTA ANITA
3031,LEONCIO PRADO N° 3014,LIMA-LIMA-RIMAC
3032,LEONCIO PRADO7035,LIMA-LIMA-SAN JUAN DE MIRAFLORES
3033,LEONHARD EULER,ICA-CHINCHA-CHINCHA ALTA
3034,LESTONNAC,LIMA-LIMA-SAN JUAN DE LURIGANCHO
3035,LIBERTADOR DON JOSÉ DE SAN MARTIN,LIMA-HUARAL-HUARAL
3036,LIBERTADOR SAN MARTIN,LIMA-LIMA-INDEPENDENCIA
3037,LIBERTADOR SAN MARTIN INDEPENDECIA,LIMA-LIMA-INDEPENDENCIA
3038,LIBERTADOR SAN MARTÍN,LIMA-LIMA-INDEPENDENCIA
3039,LIBERTADOR SIMÓN BOLIVAR 5124,CALLAO-CALLAO-VENTANILLA
3040,LIBERTADORES DE AMERICA,CUSCO-CANCHIS-PITUMARCA
3041,LICEO NAVAL ALMIRANTE GUISE,LIMA-LIMA-SAN BORJA
3042,LICEO NAVAL C. DE C. MANUEL CLAVERO MUGA,CALLAO-CALLAO-BELLAVISTA
3043,LICEO NAVAL CAPITAN DE COBERTA MANUEL CLAVERO MUGA,CALLAO-CALLAO-VENTANILLA
3044,LICEO NAVAL CAPITAN DE CORBETA MANUEL CLAVERO MUGA,CALLAO-CALLAO-VENTANILLA
3045,LICEO NAVAL CAPITÁN DE NAVÍO JUAN FANNING GARCÍA,LIMA-LIMA-CHORRILLOS
3046,LICEO NAVAL CAPITÁN DE NAVÍO LUIS GERMÁN ASTETE,CALLAO-CALLAO-LA PERLA
3047,LICEO NAVAL CONTRALMIRANTE LIZARDO MONTERO,CALLAO-CALLAO-BELLAVISTA
3048,LICEO NAVAL CONTRALMIRANTE MONTERO,LIMA-LIMA-SAN MIGUEL
3049,LICEO NAVAL CONTRALMIRANTE MONTERO,CALLAO-CALLAO-BELLAVISTA
3050,LICEO NAVAL GERMÁN ASTETE,CALLAO-CALLAO-LA PERLA
3051,LICEO NAVAL JUAN FANNING GARCÍA,LIMA-LIMA-CHORRILLOS
3052,LICEO NAVAL MONTERO,LIMA-LIMA-SAN MIGUEL
3053,LICEO SAN AGUSTIN,LIMA-LIMA-SAN MARTIN DE PORRES
3054,LICEO SAN AGUSTÍN,LIMA-LIMA-SAN MARTIN DE PORRES
3055,LICEO SAN AGUSTÍN,LIMA-LIMA-LIMA
3056,LICEO SAN AGUSTÍN SMP,LIMA-LIMA-SAN MARTIN DE PORRES
3057,LICEO SANTO DOMINGO,LIMA-LIMA-LIMA
3058,LICEO SANTO DOMINGO,LIMA-LIMA-COMAS
3059,LICEO SANTO DOMINGO DE GUZMÁN,LIMA-LIMA-COMAS
3060,LICEO SANTO DOMINGO EL PINAR,LIMA-LIMA-COMAS
3061,LIDER,PUNO-SAN ROMAN-JULIACA
3062,LIMA,LIMA-LIMA-JESUS MARIA
3063,LIMA HIGH SCHOOL COLEGIO MARÍA ALVARADO,LIMA-LIMA-LIMA
3064,LINCOLN DE VILLA,LIMA-LIMA-VILLA EL SALVADOR
3065,LINCOLN LA PUNTA,CALLAO-CALLAO-LA PUNTA
3066,LITERATO RICARDO PALMA,LIMA-LIMA-LIMA
3067,LOGICAL,LIMA-LIMA-INDEPENDENCIA
3068,LOGICAL,LIMA-LIMA-LIMA
3069,LOGICAL,LIMA-LIMA-LURIGANCHO
3070,LOGICAL,LIMA-LIMA-COMAS
3071,LOGICAL,LIMA-LIMA-SAN MARTIN DE PORRES
3072,LORD BRAIN,LIMA-LIMA-SAN MARTIN DE PORRES
3073,LORD BRAIN,LIMA-LIMA-LIMA
3074,LORD BYRON SCHOOL,LIMA-LIMA-LA MOLINA
3075,LOS AMAUTAS,LIMA-LIMA-CARABAYLLO
3076,LOS ANDES,AYACUCHO-HUANCA SANCOS-SANCOS
3077,LOS ANGELES 3089,LIMA-LIMA-LIMA
3078,LOS ANGELES DE JESUS 3015,LIMA-LIMA-RIMAC
3079,LOS ANGELES DE NUESTRA SRA. DE GUADALUPE,LIMA-LIMA-VILLA EL SALVADOR
3080,LOS ANGELES DE SAN MARTIN DE PORRES,LIMA-LIMA-LIMA
3081,LOS EDUCADORES,LIMA-LIMA-SAN LUIS
3082,LOS HEROES DE SAN JUAN,LIMA-LIMA-SAN JUAN DE MIRAFLORES
3083,LOS HIJOS DE MARIA,LIMA-LIMA-LIMA
3084,LOS INCAS,LIMA-LIMA-CHORRILLOS
3085,LOS INGENIEROS,LIMA-LIMA-PUENTE PIEDRA
3086,LOS INGENIEROS,ICA-CHINCHA-SUNAMPE
3087,LOS INGENIEROS,LIMA-LIMA-LIMA
3088,LOS INGENIEROS,LIMA-LIMA-PUNTA NEGRA
3089,LOS INGENIEROS,LIMA-LIMA-CHORRILLOS
3090,LOS INGENIEROS -PUNTA NEGRA,LIMA-LIMA-PUNTA NEGRA
3091,LOS INGENIEROS CEDROS,LIMA-LIMA-CHORRILLOS
3092,LOS INGENIEROS SCHOOL,LIMA-LIMA-SAN JUAN DE MIRAFLORES
3093,LOS INKAS,LIMA-LIMA-CHORRILLOS
3094,LOS JAZMINES,LIMA-HUAROCHIRI-HUAROCHIRI
3095,LOS JAZMINES,LIMA-HUAROCHIRI-SAN ANTONIO
3096,LOS JAZMINES,CALLAO-CALLAO-CALLAO
3097,LOS JAZMINES DEL NARANJAL,LIMA-LIMA-SAN MARTIN DE PORRES
3098,LOS LIBERTADORES,AYACUCHO-HUAMANGA-AYACUCHO
3099,LOS LIBERTADORES DE AYACUCHO,LIMA-LIMA-LIMA
3100,LOS MILAGROS,LIMA-LIMA-SAN JUAN DE LURIGANCHO
3101,LOS NIÑOS DE JESUS,LIMA-LIMA-PUENTE PIEDRA
3102,LOS NIÑOS DE MARIA,LIMA-LIMA-SAN MIGUEL
3103,LOS NIÑOS DEL MILENIO,LIMA-HUAURA-VEGUETA
3104,LOS OLIVOS,CALLAO-CALLAO-CALLAO
3105,LOS PEREGRINOS,LIMA-LIMA-SAN JUAN DE LURIGANCHO
3106,LOS PEREGRINOS,LIMA-LIMA-LIMA
3107,LOS PINOS 5179,LIMA-LIMA-PUENTE PIEDRA
3108,LOS PROCERES IE 6082,LIMA-LIMA-SANTIAGO DE SURCO
3109,LOS PROFESORES PERUANOS,LIMA-LIMA-COMAS
3110,LOS PRÓCERES,LIMA-LIMA-SANTIAGO DE SURCO
3111,LOS ROSALES,LIMA-LIMA-SAN MIGUEL
3112,LOS SIERVOS DE JESUS,LIMA-LIMA-RIMAC
3113,LOS SIERVOS DE JESÚS,LIMA-LIMA-RIMAC
3114,LOS ÁLAMOS,LIMA-LIMA-LIMA
3115,LOS ÁLAMOS,LIMA-LIMA-JESUS MARIA
3116,LU SIN,LIMA-LIMA-SAN JUAN DE LURIGANCHO
3117,LU SIN,LIMA-LIMA-LURIGANCHO
3118,LU SIN,LIMA-LIMA-LIMA
3119,LUCYANA,LIMA-LIMA-CARABAYLLO
3120,LUIS ALBERTO GARCÍA ROJAS,LIMA-LIMA-SAN JUAN DE LURIGANCHO
3121,LUIS ALBERTO GARCÍA ROJAS,LIMA-LIMA-LIMA
3122,LUIS ALBERTO GARCÍA ROJAS 147,LIMA-LIMA-SAN JUAN DE LURIGANCHO
3123,LUIS CARRANZA,AYACUCHO-HUAMANGA-AYACUCHO
3124,LUIS E. GALVÁN,LIMA-LIMA-SAN MARTIN DE PORRES
3125,LUIS ENRIQUE GALVÁN,LIMA-LIMA-SAN MARTIN DE PORRES
3126,LUIS TORRES SALAZAR,ANCASH-HUAYLAS-HUATA
3127,LUIS VALLEJOS SANTONI,CUSCO-CUSCO-CUSCO
3128,LUISA ASTRAIN,CALLAO-CALLAO-VENTANILLA
3129,LUMBRERAS,LIMA-LIMA-PUENTE PIEDRA
3130,LUMBRERAS,LIMA-LIMA-LIMA
3131,LUSIN,LIMA-LIMA-LIMA
3132,LUSIN,LIMA-LIMA-SAN JUAN DE LURIGANCHO
3133,LUZ ANDINA REINA DE LAS AMÉRICAS,PUNO-SAN ROMAN-JULIACA
3134,LUZ CASANOVA,LIMA-LIMA-BREÑA
3135,LUZ DEL SABER,JUNIN-HUANCAYO-HUANCAN
3136,LÍDER INGENIEROS UNI,LIMA-LIMA-LIMA
3137,M.P.LL 0029,LIMA-LIMA-ATE
3138,MADRE DEL AMOR HERMOSO,LIMA-CAÑETE-SAN VICENTE DE CAÑETE
3139,MAETERLINCK MAURICIO,LIMA-LIMA-SAN MARTIN DE PORRES
3140,MAETERLINCK MAURICIO,LIMA-LIMA-LIMA
3141,MAGISTER,LIMA-LIMA-VILLA MARIA DEL TRIUNFO
3142,MAGISTER,LIMA-LIMA-LIMA
3143,MAHATMA GANDHI,LIMA-LIMA-ATE
3144,MAKARENKO,LIMA-LIMA-SAN JUAN DE LURIGANCHO
3145,MANUEL A ODRIA,LIMA-LIMA-BREÑA
3146,MANUEL A. RAMIREZ BARINAGA,LIMA-LIMA-SAN JUAN DE MIRAFLORES
3147,MANUEL A. RAMIREZ BARINAGA - MARISTAS,LIMA-LIMA-SAN JUAN DE MIRAFLORES
3148,MANUEL ANTONIO RAMIREZ BARINAGA,LIMA-LIMA-SAN JUAN DE MIRAFLORES
3149,MANUEL ANTONIO RAMIREZ BARINAGA - MARISTAS SJM,LIMA-LIMA-SAN JUAN DE MIRAFLORES
3150,MANUEL ANTONIO RAMÍREZ BARINAGA,LIMA-LIMA-SANTIAGO DE SURCO
3151,MANUEL ANTONIO RAMÍREZ BARINAGA,LIMA-LIMA-SAN JUAN DE MIRAFLORES
3152,MANUEL AREVALO,LIMA-LIMA-LIMA
3153,MANUEL ASCENCIO SEGURA,LIMA-LIMA-LIMA
3154,MANUEL CEOANE CORRALES,AYACUCHO-LUCANAS-CABANA
3155,MANUEL GARCÍA CERRON,LIMA-LIMA-PUENTE PIEDRA
3156,MANUEL GONZALES PRADA,LIMA-LIMA-LIMA
3157,MANUEL GONZALES PRADA,LIMA-LIMA-SAN JUAN DE LURIGANCHO
3158,MANUEL GONZALES PRADA,PASCO-OXAPAMPA-VILLA RICA
3159,MANUEL GONZALES PRADA 0089,LIMA-LIMA-SAN JUAN DE LURIGANCHO
3160,MANUEL GONZALES PRADA 6068,LIMA-LIMA-LIMA
3161,MANUEL GONZALES PRADA 6068,LIMA-LIMA-VILLA EL SALVADOR
3162,MANUEL GONZALES PRADA 7083 SAN BORJA,LIMA-LIMA-SAN BORJA
3163,MANUEL GONZALEZ PRADA,LIMA-LIMA-ATE
3164,MANUEL GONZALEZ PRADA 2015,LIMA-LIMA-LOS OLIVOS
3165,MANUEL GONZÁLEZ PRADA,LIMA-LIMA-SAN JUAN DE LURIGANCHO
3166,MANUEL GONZÁLEZ PRADA,LIMA-LIMA-SAN MARTIN DE PORRES
3167,MANUEL GONZÁLEZ PRADA,LIMA-LIMA-LOS OLIVOS
3168,MANUEL GONZÁLEZ PRADA,LIMA-LIMA-ATE
3169,MANUEL GONZÁLEZ PRADA,PASCO-OXAPAMPA-VILLA RICA
3170,MANUEL GONZÁLEZ PRADA,APURIMAC-ANTABAMBA-EL ORO
3171,MANUEL GONZÁLEZ PRADA 7083,LIMA-LIMA-SAN BORJA
3172,MANUEL RAMIREZ BARINAGA,LIMA-LIMA-SAN JUAN DE MIRAFLORES
3173,MANUEL ROBLES ALARCON 120,LIMA-LIMA-SAN JUAN DE LURIGANCHO
3174,MANUEL ROBLES ALARCON N°120,LIMA-LIMA-SAN JUAN DE LURIGANCHO
3175,MANUEL SCORZA TORRE,LIMA-LIMA-CARABAYLLO
3176,MANUEL SCORZA TORRES,LIMA-LIMA-SAN MARTIN DE PORRES
3177,MANUEL SCORZA TORRES 2032,LIMA-LIMA-INDEPENDENCIA
3178,MANUEL SEOANE CORRALES,LAMBAYEQUE-LAMBAYEQUE-JAYANCA
3179,MANUEL TOBIAS GARCIA CERRON,LIMA-LIMA-PUENTE PIEDRA
3180,MANUEL TOBIAS GARCÍA CERRÓN N° 3071,LIMA-LIMA-PUENTE PIEDRA
3181,MARCELINO CHAMPAGNAT,LA LIBERTAD-TRUJILLO-TRUJILLO
3182,MARCELINO CHAMPAGNAT,JUNIN-HUANCAYO-HUANCAYO
3183,MARCELINO CHAMPAGNAT,LIMA-HUAROCHIRI-SANTA EULALIA
3184,MARCELINO CHAMPAGNAT DE PACHACUTEC,CALLAO-CALLAO-VENTANILLA
3185,MARCELINO CHAMPAGNATE,JUNIN-HUANCAYO-HUANCAYO
3186,MARCO PUENTE LLANOS,LIMA-LIMA-ATE
3187,MARIA ASUNCIÓN GALINDO,PUNO-CHUCUITO-JULI
3188,MARIA AUXILIADORA,LIMA-LIMA-CHORRILLOS
3189,MARIA AUXILIADORA,LIMA-LIMA-LURIGANCHO
3190,MARIA AUXILIADORA,APURIMAC-AYMARAES-CHALHUANCA
3191,MARIA AUXILIADORA 7064,LIMA-LIMA-CHORRILLOS
3192,MARIA DE FATIMA,PIURA-TALARA-PARIÑAS
3193,MARIA DE FATIMA,LIMA-LIMA-LIMA
3194,MARIA DE LOS ANGELES 3070,LIMA-LIMA-PUENTE PIEDRA
3195,MARIA DE MAEZTU,LIMA-LIMA-COMAS
3196,MARIA GORETTI,LIMA-LIMA-COMAS
3197,MARIA INMACULADA CONCEPCIÓN,LIMA-LIMA-VILLA EL SALVADOR
3198,MARIA MEDALLA MILAGROSA,LIMA-LIMA-COMAS
3199,MARIA PARADO DE BELLIDO,LIMA-LIMA-RIMAC
3200,MARIA REINA DE CORAZONES,CALLAO-CALLAO-CALLAO
3201,MARIA REINA MARIANISTA,LIMA-LIMA-ATE
3202,MARIA REYNA,LIMA-HUARAL-HUARAL
3203,MARIA REYNA DE LA PAZ,LIMA-LIMA-PUENTE PIEDRA
3204,MARIA REYNA DEL CIELO SCHOOL,LIMA-LIMA-SAN JUAN DE LURIGANCHO
3205,MARIA Y JOSE DE LOS OLIVOS,LIMA-LIMA-SAN MARTIN DE PORRES
3206,MARIA Y JOSÉ DE LOS OLIVOS,LIMA-LIMA-LOS OLIVOS
3207,MARIANISTA,LIMA-LIMA-VILLA MARIA DEL TRIUNFO
3208,MARIANISTA,LIMA-LIMA-LIMA
3209,MARIANNE FROSTIG,LIMA-LIMA-SAN MARTIN DE PORRES
3210,MARIANO EDUARDO DE RIVERO Y USTARÍZ,AREQUIPA-ISLAY-COCACHACRA
3211,MARIANO HILARIO CORNEJO,PUNO-SAN ROMAN-JULIACA
3212,MARIANO HILARIO CORNEJO- COMERCIO 32,PUNO-SAN ROMAN-JULIACA
3213,MARIANO MELGAR,PUNO-SAN ROMAN-JULIACA
3214,MARIANO MELGAR,LIMA-LIMA-INDEPENDENCIA
3215,MARIANO MELGAR,LIMA-LIMA-BREÑA
3216,MARIANO MELGAR 1225,LIMA-LIMA-SANTA ANITA
3217,MARIANO MELGAR MILLENIUM,LIMA-LIMA-INDEPENDENCIA
3218,MARIANO MELGAR N°6019 VMT,LIMA-LIMA-VILLA MARIA DEL TRIUNFO
3219,MARIANO SANTOS,LIMA-LIMA-PUENTE PIEDRA
3220,MARICAL CACERES,AYACUCHO-HUAMANGA-SAN JUAN BAUTISTA
3221,MARIO VARGAS LLOSA,HUANCAVELICA-TAYACAJA-COLCABAMBA
3222,MARISCAL ANDRES AVELINO CACERES,LIMA-LIMA-COMAS
3223,MARISCAL ANDRES AVELINO CACERES 2091 LOS OLIVOS,LIMA-LIMA-LIMA
3224,MARISCAL ANDRÉS AVELINO CACERES,LORETO-MAYNAS-IQUITOS
3225,MARISCAL ANDRÉS AVELINO CÁCERES EL TRIUNFADOR,LIMA-LIMA-CARABAYLLO
3226,MARISCAL CACERES,AYACUCHO-HUAMANGA-SAN JUAN BAUTISTA
3227,MARISCAL CACERES,AYACUCHO-HUAMANGA-AYACUCHO
3228,MARISCAL CÁCERES,AYACUCHO-HUAMANGA-AYACUCHO
3229,MARISCAL CÁCERES EL TRIUNFADOR,LIMA-LIMA-CARABAYLLO
3230,MARISCAL ELOY GASPAR URETA,LIMA-LIMA-VILLA MARIA DEL TRIUNFO
3231,MARISCAL QUINTANILLA,LIMA-LIMA-INDEPENDENCIA
3232,MARISCAL RAMON CASTILLA,LIMA-LIMA-CHACLACAYO
3233,MARISCAL RAMON CASTILLA,HUANUCO-LEONCIO PRADO-RUPA-RUPA
3234,MARISCAL RAMON CASTILLA1199,LIMA-LIMA-CHACLACAYO
3235,MARISCAL RAMÓN CASTILLA,TACNA-JORGE BASADRE-ILABAYA
3236,MARISCAL RAMÓN CASTILLA 1199,LIMA-LIMA-CHACLACAYO
3237,MARISCAL RAMÓN CASTILLA 1199,LIMA-LIMA-ATE
3238,MARISCAL SANTA CRUZ,CALLAO-CALLAO-BELLAVISTA
3239,MARISCAL SANTA CRUZ,CALLAO-CALLAO-CALLAO
3240,MARISCAL TORIBIO DE LUZURIAGA,LIMA-LIMA-ATE
3241,MARISCAL TORIBIO LUZURIAGA,LIMA-LIMA-VILLA EL SALVADOR
3242,MARIZCAL ANDRES AVELINO CÁCERES,LIMA-LIMA-CARABAYLLO
3243,MARKHAM,LIMA-LIMA-SAN MARTIN DE PORRES
3244,MARKHAM SUR,LIMA-LIMA-VILLA EL SALVADOR
3245,MARKHAM SUR V.E.S,LIMA-LIMA-VILLA EL SALVADOR
3246,MARKO JARA SHENONE,LIMA-LIMA-ANCON
3247,MARTIN ESQUICHA BERNEDO,LIMA-LIMA-SAN JUAN DE LURIGANCHO
3248,MARTIN LUTERO,PUNO-SAN ROMAN-JULIACA
3249,MARTIR DANIEL ALCIDES CARRION 142,LIMA-LIMA-SAN JUAN DE LURIGANCHO
3250,MARTIR DANIEL ALCIDES CARRIÓN,LIMA-LIMA-SAN JUAN DE LURIGANCHO
3251,MARTIR DE LA MEDICINA,LIMA-LIMA-SAN JUAN DE LURIGANCHO
3252,MARTIR DE LA MEDICINA DANIEL A. CARRION,LIMA-LIMA-ATE
3253,MARYLAND BILINGUAL HIGH SCHOOL,LIMA-CAÑETE-SAN VICENTE DE CAÑETE
3254,MARÍA ASUNCIÓN GALINDO JULI,PUNO-CHUCUITO-JULI
3255,MARÍA AUXILIADORA,LIMA-LIMA-PUENTE PIEDRA
3256,MARÍA AUXILIADORA,LIMA-LIMA-CARABAYLLO
3257,MARÍA AUXILIADORA,AYACUCHO-HUAMANGA-AYACUCHO
3258,MARÍA AUXILIADORA,JUNIN-HUANCAYO-HUANCAYO
3259,MARÍA DE LAS MERCEDES,LIMA-LIMA-ATE
3260,MARÍA DE LOS ÁNGELES 3070,LIMA-LIMA-PUENTE PIEDRA
3261,MARÍA GORETTI,LIMA-LIMA-COMAS
3262,MARÍA MEDALLA MILAGROSA,LIMA-LIMA-COMAS
3263,MARÍA MONTESSORI DE COPACABANA,LIMA-LIMA-PUENTE PIEDRA
3264,MARÍA PARADO DE BELLIDO,LIMA-LIMA-RIMAC
3265,MARÍA RECUAY,LIMA-HUAROCHIRI-SAN LORENZO DE QUINTI
3266,MARÍA REINA DE CORAZONES,CALLAO-CALLAO-CALLAO
3267,MARÍA REYNA,LIMA-HUARAL-HUARAL
3268,MARÍA REYNA DEL CIELO SCHOOL,LIMA-LIMA-SAN JUAN DE LURIGANCHO
3269,MARÍA REYNA HUARAL,LIMA-HUARAL-HUARAL
3270,MARÍANO MELGAR,LIMA-LIMA-VILLA MARIA DEL TRIUNFO
3271,MASTER INGENIEROS,LIMA-LIMA-LIMA
3272,MASTER UNI,LIMA-LIMA-SAN JUAN DE LURIGANCHO
3273,MASTERCIENCIA,LIMA-LIMA-PUENTE PIEDRA
3274,MATEMATICO CATOLICO SAN JUAN,LIMA-LIMA-SAN JUAN DE LURIGANCHO
3275,MATEMÁTICO CATOLICO SAN JUAN,LIMA-LIMA-SAN JUAN DE LURIGANCHO
3276,MATEMÁTICO CATÓLICO SAN JUAN,LIMA-LIMA-EL AGUSTINO
3277,MATEMÁTICO CATÓLICO SAN JUAN,LIMA-LIMA-SAN JUAN DE LURIGANCHO
3278,MATEMÁTICO SANTÍSIMA MARÍA,LIMA-LIMA-CHORRILLOS
3279,MATEO PUMACAHUA,CUSCO-CANCHIS-SICUANI
3280,MATER CRISTHIE,LIMA-LIMA-ATE
3281,MATER DEI,LIMA-LIMA-LIMA
3282,MATER EL MAGISTRA,LIMA-LIMA-SAN JUAN DE LURIGANCHO
3283,MATER ET MAGISTRA,LIMA-LIMA-SAN JUAN DE LURIGANCHO
3284,MATER PURISSIMA,LIMA-LIMA-SAN JUAN DE LURIGANCHO
3285,MATER PURÍSIMA,LIMA-LIMA-SAN JUAN DE LURIGANCHO
3286,MATFISQUI,LIMA-LIMA-SAN MARTIN DE PORRES
3287,MATHER PURÍSIMA,LIMA-LIMA-LURIGANCHO
3288,MAX UHLE,LIMA-LIMA-VILLA EL SALVADOR
3289,MAYOR PNP FELIX ROMAN TELLO ROJAS,LIMA-LIMA-LA MOLINA
3290,MAZUBA,LIMA-CAÑETE-SAN VICENTE DE CAÑETE
3291,MEGA UNI,LIMA-LIMA-SAN JUAN DE LURIGANCHO
3292,MEGA UNI,LIMA-LIMA-LIMA
3293,MELCHORITA SARAVIA,ICA-CHINCHA-GROCIO PRADO
3294,MELGAR MILLENIUM,LIMA-LIMA-LOS OLIVOS
3295,MELGAR MILLENIUM,LIMA-LIMA-INDEPENDENCIA
3296,MELGAR MILLENIUM DE SANTA ANA,LIMA-LIMA-LIMA
3297,MELITON CARBAJAL,LIMA-LIMA-LINCE
3298,MELITÓN CARBAJAL,LIMA-LIMA-LINCE
3299,MELITÓN CARVAJAL,LIMA-LIMA-RIMAC
3300,MELITÓN CARVAJAL,LIMA-LIMA-LINCE
3301,MENDEL CAMANÁ,AREQUIPA-CAMANA-CAMANA
3302,MENOTTI BIFFI GARIBOTTO,LIMA-LIMA-PUCUSANA
3303,MENTOR,LIMA-LIMA-LIMA
3304,MENTOR SCHOOLS,LIMA-LIMA-SAN JUAN DE LURIGANCHO
3305,MENTOR SCHOOLS CANTO GRANDE,LIMA-LIMA-SAN JUAN DE LURIGANCHO
3306,MERCEDES CABELLO DE CARBONERA,MOQUEGUA-ILO-ILO
3307,MERCEDES CABELLO DE CARBONERA,LIMA-LIMA-RIMAC
3308,MERCEDES CABELLO DE CARBONERA,LIMA-LIMA-INDEPENDENCIA
3309,MERCEDES CABELLO DE CARBONERA,LIMA-LIMA-LIMA
3310,MERCEDES INDACOCHEA LOZANO,LIMA-HUAURA-HUACHO
3311,MERCEDES MANRIQUE FUENTES,AREQUIPA-ISLAY-MOLLENDO
3312,MFCN 1233,LIMA-LIMA-LURIGANCHO
3313,MI AMIGO JESUS,LIMA-LIMA-PUENTE PIEDRA
3314,MI BUEN JESÚS,CALLAO-CALLAO-CALLAO
3315,MI HOGAR Y ESCUELA,LIMA-LIMA-LINCE
3316,MI HOGAR Y ESCUELA - MY HOME AND SCHOOL,LIMA-LIMA-LINCE
3317,MI JARDÍN ABC,LIMA-LIMA-SAN JUAN DE LURIGANCHO
3318,MI NUEVO PERU,LIMA-LIMA-PACHACAMAC
3319,MI NUEVO PERÚ 7262,LIMA-LIMA-CIENEGUILLA
3320,MI SAN MARTINCITO,LIMA-LIMA-SAN JUAN DE MIRAFLORES
3321,MI UNIVERSO,LIMA-LIMA-SAN MARTIN DE PORRES
3322,MICAELA BASITDAS JEC,APURIMAC-GRAU-CHUQUIBAMBILLA
3323,MICAELA BASTIDAS,PUNO-YUNGUYO-YUNGUYO
3324,MICAELA BASTIDAS,LIMA-LIMA-SAN JUAN DE LURIGANCHO
3325,MICAELA BASTIDAS N°151,LIMA-LIMA-SAN JUAN DE LURIGANCHO
3326,MICAELA BATIDAS,APURIMAC-GRAU-CHUQUIBAMBILLA
3327,MICELINO SANDOVAL TORRES,ANCASH-HUAYLAS-CARAZ
3328,MIGUEL ANGEL,LIMA-LIMA-INDEPENDENCIA
3329,MIGUEL ANGEL ASTURIAS,LIMA-LIMA-ATE
3330,MIGUEL DE CERVANTES,LIMA-LIMA-PUENTE PIEDRA
3331,MIGUEL DE CERVANTES,LIMA-LIMA-LIMA
3332,MIGUEL GRAU,LIMA-LIMA-SAN JUAN DE MIRAFLORES
3333,MIGUEL GRAU,LIMA-LIMA-SAN MARTIN DE PORRES
3334,MIGUEL GRAU,APURIMAC-ABANCAY-ABANCAY
3335,MIGUEL GRAU,LIMA-LIMA-VILLA MARIA DEL TRIUNFO
3336,MIGUEL GRAU EMBLEMÁTICO,LIMA-LIMA-MAGDALENA DEL MAR
3337,MIGUEL GRAU N° 40479,AREQUIPA-ISLAY-ISLAY
3338,MIGUEL GRAU SEMINARIO,LIMA-LIMA-LIMA
3339,MIGUEL GRAU SEMINARIO,UCAYALI-PADRE ABAD-PADRE ABAD
3340,MIGUEL GRAU SEMINARIO,LIMA-LIMA-SAN JUAN DE LURIGANCHO
3341,MIGUEL GRAU SEMINARIO 0137,LIMA-LIMA-SAN JUAN DE LURIGANCHO
3342,MIGUEL GRAU SEMINARIO 0137,LIMA-LIMA-LIMA
3343,MIGUEL GRAU SEMINARIO 137 SJL,LIMA-LIMA-SAN JUAN DE LURIGANCHO
3344,MIRAFLORES SCHOOL,LIMA-LIMA-MIRAFLORES
3345,MIRAVALLES,LIMA-LIMA-COMAS
3346,MIXTO HUAYCAN,LIMA-LIMA-ATE
3347,MIXTO INDEPENDENCIA,LIMA-LIMA-INDEPENDENCIA
3348,MIXTO LA MOLINA,LIMA-LIMA-LA MOLINA
3349,MIXTO LA MOLINA 1278,LIMA-LIMA-LIMA
3350,MIXTO LA MOLINA 1278,LIMA-LIMA-LA MOLINA
3351,MIXTO LA MOLINA 1278,LIMA-LIMA-ATE
3352,MIXTO SAN JOSE,LIMA-CAÑETE-IMPERIAL
3353,MOISES COLONIA TRINIDAD,LIMA-LIMA-LIMA
3354,MOISES ZEBALLOS,ANCASH-SIHUAS-CHINGALPO
3355,MONITOR,LIMA-LIMA-SAN MARTIN DE PORRES
3356,MONITOR HUASCAR,LIMA-LIMA-PACHACAMAC
3357,MONITOR HUASCAR,LIMA-LIMA-SAN MARTIN DE PORRES
3358,MONITOR HUASCAR I.E.P,LIMA-LIMA-LIMA
3359,MONITOR HUSCAR,LIMA-LIMA-SAN MARTIN DE PORRES
3360,MONITOR HUÁSCAR 131,LIMA-LIMA-SAN JUAN DE LURIGANCHO
3361,MONS FIDEL OLIVAS ESCUDERO,ANCASH-POMABAMBA-POMABAMBA
3362,MONSERRAT,LIMA-LIMA-LIMA
3363,MONSERRAT,LIMA-LIMA-LOS OLIVOS
3364,MONSERRAT,LIMA-LIMA-PUENTE PIEDRA
3365,MONSERRAT,LIMA-LIMA-CARABAYLLO
3366,MONSERRAT DE CARABAYLLO,LIMA-LIMA-CARABAYLLO
3367,MONSERRAT SEDE PRO,LIMA-LIMA-LOS OLIVOS
3368,MONSERRAT-COMAS,LIMA-LIMA-COMAS
3369,MONSERRAT-SEDE VILLASOL,LIMA-LIMA-LOS OLIVOS
3370,MONSEÑOR FIDEL OLIVAS ESCUDERO,ANCASH-POMABAMBA-POMABAMBA
3371,MONSEÑOR MARCOS LIBARDONI,LIMA-LIMA-LA VICTORIA
3372,MONSEÑOR. FIDEL OLIVAS ESCUDERO,ANCASH-POMABAMBA-POMABAMBA
3373,MONTE CARMELO,LIMA-LIMA-SAN JUAN DE MIRAFLORES
3374,MONTE CARMELO PRIVATE SCHOOL,LIMA-LIMA-SAN JUAN DE MIRAFLORES
3375,MONTE SINAI,LIMA-LIMA-ATE
3376,MONTE SION,CAJAMARCA-CAJAMARCA-CAJAMARCA
3377,MONTEALTO,LIMA-LIMA-LIMA
3378,MONTERRICO IPNM,LIMA-LIMA-SANTIAGO DE SURCO
3379,MUNDIAL SCHOOL,LIMA-LIMA-VILLA MARIA DEL TRIUNFO
3380,MUNDO FELIZ I.E.P.,JUNIN-HUANCAYO-PILCOMAYO
3381,MUNDO MEJOR,ANCASH-SANTA-CHIMBOTE
3382,MZ D LOT 13 -LOS CLAVELES,LIMA-LIMA-CARABAYLLO
3383,MÁRTIR DANIEL ALCIDES CARRIÓN N°0142,LIMA-LIMA-SAN JUAN DE LURIGANCHO
3384,MÁSTER UNI,LIMA-LIMA-SAN JUAN DE LURIGANCHO
3385,MÁSTERCIENCIA,LIMA-LIMA-PUENTE PIEDRA
3386,N 108 SANTA ROSA DE QUIVES,LIMA-LIMA-SANTA ANITA
3387,N.6089 JORGE BASADRES G.,LIMA-LIMA-SAN JUAN DE MIRAFLORES
3388,N6089 JORGE BASADRE GROHMANN,LIMA-LIMA-SAN JUAN DE MIRAFLORES
3389,NACIONAL RIMAC,LIMA-LIMA-RIMAC
3390,NACIONES UNIDAS,LIMA-LIMA-SAN JUAN DE MIRAFLORES
3391,NACIONES UNIDAS,LIMA-LIMA-LIMA
3392,NACIONES UNIDAS,LIMA-HUAROCHIRI-SAN ANTONIO
3393,NACIONES UNIDAS 5094,CALLAO-CALLAO-VENTANILLA
3394,NACIONES UNIDAS 7062,LIMA-LIMA-SAN JUAN DE MIRAFLORES
3395,NACIONES UNIDAS 7215,LIMA-LIMA-VILLA EL SALVADOR
3396,NEIL ARMSTRONG,LIMA-LIMA-LOS OLIVOS
3397,NESTOR ESCUDERO OTERO,LIMA-LIMA-SAN JUAN DE LURIGANCHO
3398,NEW SCHOOL,LIMA-LIMA-ATE
3399,NEWTOM TARMA,JUNIN-TARMA-TARMA
3400,NEWTON,JUNIN-SATIPO-SATIPO
3401,NEWTON,JUNIN-TARMA-TARMA
3402,NEWTON,LIMA-LIMA-LIMA
3403,NEWTON COLLEGE,CALLAO-CALLAO-VENTANILLA
3404,NEWTON SAN DIEGO,LIMA-LIMA-SAN MARTIN DE PORRES
3405,NEWTON TARMA,JUNIN-TARMA-TARMA
3406,NICANOR REATEGUI DEL AGUILA,SAN MARTIN-TOCACHE-NUEVO PROGRESO
3407,NICANOR RIVERA CACERES,LIMA-LIMA-BARRANCO
3408,NICOLAI LOBACHEWSKY,LIMA-LIMA-COMAS
3409,NICOLAS BOURBAKI,LIMA-LIMA-CARABAYLLO
3410,NICOLAS COPERNICO,LIMA-LIMA-SAN JUAN DE LURIGANCHO
3411,NICOLAS COPERNICO,LIMA-LIMA-LURIGANCHO
3412,NICOLÁS COPERNICO,LIMA-LIMA-SAN JUAN DE LURIGANCHO
3413,NICOLÁS COPÉRNICO,LIMA-LIMA-SAN JUAN DE LURIGANCHO
3414,NICOLÁS COPÉRNICO,LIMA-LIMA-LIMA
3415,NIKOLA TESKA,LIMA-LIMA-VILLA MARIA DEL TRIUNFO
3416,NIKOLA TESLA,HUANCAVELICA-HUANCAVELICA-HUANCAVELICA
3417,NIKOLA TESLA,LIMA-HUAURA-HUACHO
3418,NIKOLA TESLA,LIMA-CAÑETE-SAN VICENTE DE CAÑETE
3419,NIVEL A,LIMA-LIMA-SAN JUAN DE LURIGANCHO
3420,NIÑO CHAPERITO,LIMA-LIMA-LIMA
3421,NIÑO CHAPERITO,LIMA-LIMA-SAN MARTIN DE PORRES
3422,NIÑO JESUS,LIMA-LIMA-VILLA MARIA DEL TRIUNFO
3423,NIÑO JESUS DE PRAGA,LIMA-LIMA-CHORRILLOS
3424,NIÑO JESUS DE PRAGA,CALLAO-CALLAO-CALLAO
3425,NIÑO JESÚS,TUMBES-TUMBES-TUMBES
3426,NIÑO JESÚS DE PRAGA,LIMA-LIMA-CHORRILLOS
3427,NOBEL,JUNIN-HUANCAYO-EL TAMBO
3428,NS SR DE FATIMA,TACNA-TACNA-TACNA
3429,NSTRA SÑRA DE LA CANDELARIA,HUANCAVELICA-ACOBAMBA-ACOBAMBA
3430,NSTRA. SRA. DE COPACABANA,LIMA-LIMA-LIMA
3431,NUESTA SEÑORA DE LA MERCED,CALLAO-CALLAO-CALLAO
3432,NUESTRA SEÑORA DE ALTA GRACIA,PUNO-MELGAR-AYAVIRI
3433,NUESTRA SEÑORA DE BELÉN,CALLAO-CALLAO-VENTANILLA
3434,NUESTRA SEÑORA DE COCHARCAS,HUANCAVELICA-ACOBAMBA-PAUCARA
3435,NUESTRA SEÑORA DE COCHARCAS,LIMA-LIMA-LIMA
3436,NUESTRA SEÑORA DE COPA CABANA,LIMA-LIMA-CARABAYLLO
3437,NUESTRA SEÑORA DE COPA CABANA,LIMA-LIMA-LOS OLIVOS
3438,NUESTRA SEÑORA DE COPACABANA,LIMA-LIMA-RIMAC
3439,NUESTRA SEÑORA DE COPACABANA,LIMA-LIMA-CARABAYLLO
3440,NUESTRA SEÑORA DE FATIMA,LIMA-LIMA-VILLA MARIA DEL TRIUNFO
3441,NUESTRA SEÑORA DE FATIMA,AYACUCHO-HUAMANGA-AYACUCHO
3442,NUESTRA SEÑORA DE FATIMA,LIMA-LIMA-LOS OLIVOS
3443,NUESTRA SEÑORA DE FATIMA AMPARAES,CUSCO-CALCA-LARES
3444,NUESTRA SEÑORA DE FÁTIMA,LIMA-LIMA-LOS OLIVOS
3445,NUESTRA SEÑORA DE FÁTIMA,LIMA-LIMA-VILLA MARIA DEL TRIUNFO
3446,NUESTRA SEÑORA DE FÁTIMA AMPARAES,CUSCO-CALCA-LARES
3447,NUESTRA SEÑORA DE GUADALUPE,LORETO-ALTO AMAZONAS-YURIMAGUAS
3448,NUESTRA SEÑORA DE GUADALUPE,LIMA-LIMA-LIMA
3449,NUESTRA SEÑORA DE GUADALUPE,LIMA-LIMA-COMAS
3450,NUESTRA SEÑORA DE GUADALUPE,LIMA-LIMA-INDEPENDENCIA
3451,NUESTRA SEÑORA DE GUADALUPE EL DORADO,LIMA-LIMA-PUENTE PIEDRA
3452,NUESTRA SEÑORA DE GUÍA,LIMA-LIMA-LA MOLINA
3453,NUESTRA SEÑORA DE LA ASUNCION,LIMA-CAÑETE-ZUÑIGA
3454,NUESTRA SEÑORA DE LA ASUNCION,LIMA-CAÑETE-CHILCA
3455,NUESTRA SEÑORA DE LA ASUNCIÓN,LIMA-CAÑETE-CHILCA
3456,NUESTRA SEÑORA DE LA ESPERANZA,LIMA-LIMA-ATE
3457,NUESTRA SEÑORA DE LA INMACULADA CONCEPCIÓN,LIMA-LIMA-LIMA
3458,NUESTRA SEÑORA DE LA INMACULADA CONCEPCIÓN N° 025,LIMA-LIMA-LIMA
3459,NUESTRA SEÑORA DE LA MERCED,LIMA-LIMA-LIMA
3460,NUESTRA SEÑORA DE LA MERCED,LIMA-LIMA-ATE
3461,NUESTRA SEÑORA DE LA MERCED,LIMA-LIMA-SAN JUAN DE LURIGANCHO
3462,NUESTRA SEÑORA DE LA MISERICORDIA,CALLAO-CALLAO-VENTANILLA
3463,NUESTRA SEÑORA DE LA MISERICORDIA3720,CALLAO-CALLAO-CALLAO
3464,NUESTRA SEÑORA DE LA PAZ,LIMA-LIMA-LOS OLIVOS
3465,NUESTRA SEÑORA DE LA PAZ,LIMA-LIMA-SAN MARTIN DE PORRES
3466,NUESTRA SEÑORA DE LA RECONCILIACION,LIMA-LIMA-SANTIAGO DE SURCO
3467,NUESTRA SEÑORA DE LA RECONCILIACIÓN,LIMA-LIMA-SANTIAGO DE SURCO
3468,NUESTRA SEÑORA DE LA SABIDURÍA,LIMA-LIMA-LURIGANCHO
3469,NUESTRA SEÑORA DE LA VISITACION,LIMA-LIMA-LIMA
3470,NUESTRA SEÑORA DE LAS MERCEDES,UCAYALI-CORONEL PORTILLO-CALLERIA
3471,NUESTRA SEÑORA DE LAS MERCEDES,LIMA-LIMA-RIMAC
3472,NUESTRA SEÑORA DE LAS MERCEDES,LIMA-LIMA-LIMA
3473,NUESTRA SEÑORA DE LAS MERCEDES DE BARRIOS ALTOS,LIMA-LIMA-LIMA
3474,NUESTRA SEÑORA DE LAS MERCEDES RIMAC,LIMA-LIMA-RIMAC
3475,NUESTRA SEÑORA DE LOURDES,LIMA-LIMA-SURQUILLO
3476,NUESTRA SEÑORA DE LURDES,LIMA-LIMA-LOS OLIVOS
3477,NUESTRA SEÑORA DE MONSERRAT,LIMA-CANTA-SANTA ROSA DE QUIVES
3478,NUESTRA SEÑORA DE MONSERRAT,LIMA-LIMA-CARABAYLLO
3479,NUESTRA SEÑORA DE MONSERRAT,LIMA-LIMA-SAN MARTIN DE PORRES
3480,NUESTRA SEÑORA DE MONSERRAT,LIMA-LIMA-PUENTE PIEDRA
3481,NUESTRA SEÑORA DE MONSERRAT,LIMA-LIMA-COMAS
3482,NUESTRA SEÑORA DE MONSERRAT,LIMA-LIMA-LIMA
3483,NUESTRA SEÑORA DE MONSERRAT,LIMA-LIMA-LOS OLIVOS
3484,NUESTRA SEÑORA DE MONTSERRAT,LIMA-LIMA-LIMA
3485,NUESTRA SEÑORA DE MONTSERRAT,LIMA-LIMA-LOS OLIVOS
3486,NUESTRA SEÑORA DEL BUEN CONSEJO,LIMA-LIMA-LIMA
3487,NUESTRA SEÑORA DEL BUEN CONSEJO,LIMA-LIMA-BREÑA
3488,NUESTRA SEÑORA DEL CARMEN,LIMA-LIMA-MIRAFLORES
3489,NUESTRA SEÑORA DEL CARMEN,JUNIN-JAUJA-JAUJA
3490,NUESTRA SEÑORA DEL CARMEN,LIMA-HUARAL-HUARAL
3491,NUESTRA SEÑORA DEL CARMEN,LIMA-LIMA-SAN MIGUEL
3492,NUESTRA SEÑORA DEL CARMEN DE PALAO,LIMA-LIMA-SAN MARTIN DE PORRES
3493,NUESTRA SEÑORA DEL ENCUENTRO,LIMA-LIMA-SAN JUAN DE LURIGANCHO
3494,NUESTRA SEÑORA DEL MONSERRAT,LIMA-LIMA-LOS OLIVOS
3495,NUESTRA SEÑORA DEL MONSERRAT,LIMA-LIMA-COMAS
3496,NUESTRA SEÑORA DEL PATROCINIO,LIMA-LIMA-RIMAC
3497,NUESTRA SEÑORA DEL PERPETUO SOCORRO,AMAZONAS-UTCUBAMBA-BAGUA GRANDE
3498,NUESTRA SEÑORA DEL PILAR,ANCASH-RECUAY-TICAPAMPA
3499,NUESTRA SEÑORA DEL PRADO,LIMA-LIMA-LIMA
3500,NUESTRA SEÑORA DEL ROSARIO,APURIMAC-ABANCAY-ABANCAY
3501,NUESTRA SEÑORA DEL ROSARIO,LIMA-LIMA-LIMA
3502,NUESTRA SEÑORA DEL ROSARIO,LIMA-LIMA-SANTA ANITA
3503,NUESTRA SEÑORA DEL ROSARIO DEL RIMAC,LIMA-LIMA-RIMAC
3504,NUESTRA SEÑORA DEL ROSARIO DEL RÍMAC,LIMA-LIMA-RIMAC
3505,NUESTRA SEÑORA DEL SAGRADO CORAZON,LIMA-LIMA-SAN JUAN DE LURIGANCHO
3506,NUESTRA SEÑORA DEL SAGRADO CORAZÓN DE JESÚS,ANCASH-HUARAZ-HUARAZ
3507,NUESTRA SEÑORA DEL SAGRADO CORAZÓN DE JESÚS,ANCASH-HUARAZ-INDEPENDENCIA
3508,NUESTRA SEÑORA DEL VALLE,LIMA-CAÑETE-NUEVO IMPERIAL
3509,NUESTRA SRA DEL CARMEN DE PALAO,LIMA-LIMA-SAN MARTIN DE PORRES
3510,NUESTRA SRA. DE LA CONSOLACION,LIMA-LIMA-RIMAC
3511,NUESTRA SÑRA DE COPACABANA,LIMA-LIMA-CARABAYLLO
3512,NUESTRO MARAVILLOSO MUNDO,LIMA-LIMA-ANCON
3513,NUESTRO MARAVILLOSO MUNDO,LIMA-LIMA-SANTA ROSA
3514,NUEVO HORIZONTE,PUNO-SAN ROMAN-JULIACA
3515,NUEVO MUNDO,LIMA-LIMA-LURIGANCHO
3516,NUEVO MUNDO CEDE CHOSICA,LIMA-LIMA-CHACLACAYO
3517,NUEVO PERU,LIMA-LIMA-LOS OLIVOS
3518,NUEVO PERÚ,LIMA-LIMA-LOS OLIVOS
3519,NUEVO PERÚ - JUAN CRONIQUEUR APPU,LIMA-LIMA-EL AGUSTINO
3520,NUEVO PITAGORAS,LIMA-LIMA-LIMA
3521,NUEVO PITAGORAS,LIMA-LIMA-SAN JUAN DE LURIGANCHO
3522,N° 100 SANTA ELISABETH,LIMA-LIMA-SAN JUAN DE LURIGANCHO
3523,N° 143 SOLIDARIDAD II,LIMA-LIMA-SAN JUAN DE LURIGANCHO
3524,N°100,LIMA-LIMA-SAN JUAN DE LURIGANCHO
3525,N°143 I.E SOLIDARIDAD 2,LIMA-LIMA-SAN JUAN DE LURIGANCHO
3526,OLLANTAY,LIMA-LIMA-CARABAYLLO
3527,P.C.N.B.R NUESTRA SEÑORA DE GUADALUPE,LIMA-LIMA-LIMA
3528,P.C.N.B.R. NUESTRA SEÑORA DE GUADALUPE,LIMA-LIMA-LIMA
3529,PABLO APÓSTOL,CUSCO-CUSCO-CUSCO
3530,PABLO FERMIN COSTA,AMAZONAS-CHACHAPOYAS-CHACHAPOYAS
3531,PABLO FERMIN COSTA,HUANUCO-HUANUCO-HUANUCO
3532,PABLO PATRÓN,LIMA-LIMA-LURIGANCHO
3533,PABLO PICASSO,LIMA-LIMA-SAN MARTIN DE PORRES
3534,PABLO VI,LIMA-LIMA-COMAS
3535,PACO YUNQUE,LIMA-LIMA-SAN JUAN DE LURIGANCHO
3536,PACÍFICO,LIMA-LIMA-LIMA
3537,PADRE ABAD,HUANUCO-LEONCIO PRADO-RUPA-RUPA
3538,PADRE ILUMINATO,LIMA-LIMA-SAN JUAN DE MIRAFLORES
3539,PALMAS REALES,LIMA-LIMA-LOS OLIVOS
3540,PALMER SCHOOL,LIMA-LIMA-LOS OLIVOS
3541,PALMER SCHOOL,LIMA-LIMA-SAN MARTIN DE PORRES
3542,PAMER,LIMA-LIMA-CARABAYLLO
3543,PAMER,LIMA-LIMA-COMAS
3544,PAMER,LIMA-LIMA-PUEBLO LIBRE
3545,PAMER,LIMA-LIMA-PUENTE PIEDRA
3546,PAMER,AREQUIPA-AREQUIPA-AREQUIPA
3547,PAMER,LIMA-LIMA-SAN MIGUEL
3548,PAMER,LIMA-LIMA-SAN JUAN DE LURIGANCHO
3549,PAMER,JUNIN-SATIPO-SATIPO
3550,PAMER,LIMA-LIMA-LOS OLIVOS
3551,PAMER,LIMA-LIMA-VILLA EL SALVADOR
3552,PAMER,LIMA-LIMA-LIMA
3553,PAMER,CALLAO-CALLAO-BELLAVISTA
3554,PAMER,LIMA-LIMA-JESUS MARIA
3555,PAMER,LIMA-LIMA-LA MOLINA
3556,PAMER,LIMA-LIMA-SANTIAGO DE SURCO
3557,PAMER,LIMA-LIMA-MAGDALENA DEL MAR
3558,PAMER,LIMA-LIMA-ATE
3559,PAMER - DURAZNOS,LIMA-LIMA-SAN JUAN DE LURIGANCHO
3560,PAMER - REPÚBLICA DE CHILE,LIMA-LIMA-LIMA
3561,PAMER - REPÚBLICA DE CHILE,LIMA-LIMA-JESUS MARIA
3562,PAMER AREQUIPA,AREQUIPA-AREQUIPA-JOSE LUIS BUSTAMANTE Y RIVERO
3563,PAMER BRASIL,LIMA-LIMA-PUEBLO LIBRE
3564,PAMER COLEGIOS,LIMA-LIMA-SAN JUAN DE LURIGANCHO
3565,PAMER COLEGIOS,LIMA-LIMA-LIMA
3566,PAMER COLEGIOS,LIMA-LIMA-CARABAYLLO
3567,PAMER COLEGIOS,LIMA-LIMA-PUENTE PIEDRA
3568,PAMER COLEGIOS - LOS DURAZNOS,LIMA-LIMA-SAN JUAN DE LURIGANCHO
3569,PAMER GRAMADAL,LIMA-LIMA-PUENTE PIEDRA
3570,PAMER GRAMADALES,LIMA-LIMA-PUENTE PIEDRA
3571,PAMER GRAMADALES PUENTE PIEDRA,LIMA-LIMA-PUENTE PIEDRA
3572,PAMER IZAGUIRRE,LIMA-LIMA-LOS OLIVOS
3573,PAMER LA LIBERTAD,LIMA-LIMA-SAN MIGUEL
3574,PAMER LOS DURAZNOS,LIMA-LIMA-SAN JUAN DE LURIGANCHO
3575,PAMER MAGDALENA,LIMA-LIMA-MAGDALENA DEL MAR
3576,PAMER PARACAS,LIMA-LIMA-ATE
3577,PAMER PUENTE PIEDRA,LIMA-LIMA-PUENTE PIEDRA
3578,PAMER PUENTE PIEDRA 2,LIMA-LIMA-PUENTE PIEDRA
3579,PAMER PUENTE PIEDRA GRAMADAL,CALLAO-CALLAO-CALLAO
3580,PAMER SALAMANCA,LIMA-LIMA-ATE
3581,PAMER SATIPO,JUNIN-SATIPO-SATIPO
3582,PAMER VILLA CRUZ,LIMA-LIMA-LIMA
3583,PAMER VILLA EL SALVADOR,LIMA-LIMA-VILLA EL SALVADOR
3584,PAMER VILLACRUZ,LIMA-LIMA-PUENTE PIEDRA
3585,PANAMERICANA,CALLAO-CALLAO-BELLAVISTA
3586,PARAISO FLORIDO 3082,LIMA-LIMA-LIMA
3587,PARROQUIAL FRANCISCANO SAN ROMÁN,PUNO-SAN ROMAN-JULIACA
3588,PARROQUIAL NUESTRA SEÑORA DE MONTSERRAT,LIMA-LIMA-LIMA
3589,PARROQUIAL SANTA CRUZ,CALLAO-CALLAO-CALLAO
3590,PASCUAL SACO OLIVEROS,LIMA-LIMA-BARRANCO
3591,PASCUAL SACO OLIVEROS,LIMA-LIMA-EL AGUSTINO
3592,PASCUAL SACO OLIVEROS,UCAYALI-CORONEL PORTILLO-CALLERIA
3593,PASCUAL SACO OLIVEROS,CALLAO-CALLAO-BELLAVISTA
3594,PASCUAL SACO OLIVEROS,LIMA-LIMA-ATE
3595,PASCUAL SACO OLIVEROS - BARRANCO,LIMA-LIMA-BARRANCO
3596,PASCUAL SACO OLIVEROS - SEDE AYACUCHO,AYACUCHO-HUAMANGA-AYACUCHO
3597,PASCUAL SACO OLIVEROS BARRANCO,LIMA-LIMA-BARRANCO
3598,PASITOS SEGUROS,LIMA-LIMA-LOS OLIVOS
3599,PATRICIA ANTONIA LÓPEZ 0097,LIMA-LIMA-SANTA ANITA
3600,PATRON SANTIAGO DE YANACA,LIMA-LIMA-LIMA
3601,PATRÓN SAN ISIDRO DE SANTA ANITA,LIMA-LIMA-SANTA ANITA
3602,PATRÓN SANTIAGO DE YANACA,LIMA-LIMA-VILLA EL SALVADOR
3603,PAUL GROUSSAC,LIMA-LIMA-COMAS
3604,PAUL GROUSSAC DE COMAS,LIMA-LIMA-COMAS
3605,PAULINO FUENTES CASTRO,LIMA-CAJATAMBO-CAJATAMBO
3606,PAYEX,PUNO-SAN ROMAN-JULIACA
3607,PCNBR NUESTRA SEÑORA DE GUADALUPE,LIMA-LIMA-LIMA
3608,PDL,CALLAO-CALLAO-CALLAO
3609,PEBAL INMACULADA,LIMA-LIMA-SAN JUAN DE MIRAFLORES
3610,PEDRO ADOLFO LABARTHE EFFIO,LIMA-LIMA-LIMA
3611,PEDRO ADOLFO LAVARTE EFFIO,LIMA-LIMA-PACHACAMAC
3612,PEDRO CORONADO ARASSCUE,LIMA-LIMA-LIMA
3613,PEDRO CORONADO ARRASCUE,LIMA-LIMA-LIMA
3614,PEDRO E. PAULET,LIMA-HUAURA-HUACHO
3615,PEDRO NOLASCO,ANCASH-SANTA-NUEVO CHIMBOTE
3616,PEDRO PAULET,CUSCO-LA CONVENCION-PICHARI
3617,PEDRO PAULET,LIMA-LIMA-INDEPENDENCIA
3618,PEDRO PAULET MOSTAJO,LIMA-CAÑETE-SAN VICENTE DE CAÑETE
3619,PEDRO RUIZ GALLO,AMAZONAS-BONGARA-JAZAN
3620,PEDRO RUIZ GALLO,LIMA-LIMA-LIMA
3621,PEDRO RUIZ GALLO,LIMA-LIMA-CARABAYLLO
3622,PEDRO RUIZ GALLO,LIMA-LIMA-CHORRILLOS
3623,PEDRO SANCHEZ GAVIDIA,HUANUCO-HUANUCO-HUANUCO
3624,PEDRO VILCAPAZA,PUNO-SAN ROMAN-JULIACA
3625,PEDRO VILCAPAZA,PUNO-AZANGARO-AZANGARO
3626,PEDRO VILCAPAZA ALARCON,PUNO-SAN ROMAN-JULIACA
3627,PEDRO VILCAPAZA ALARCON,PUNO-AZANGARO-AZANGARO
3628,PEDRO VILCAPAZA ALARCÓN,PUNO-AZANGARO-AZANGARO
3629,PERU - HOLANDA 2086,LIMA-LIMA-COMAS
3630,PERU BIRF,PUNO-SAN ROMAN-JULIACA
3631,PERU BIRF JULIACA,PUNO-SAN ROMAN-JULIACA
3632,PERU EEUU 6062,LIMA-LIMA-VILLA EL SALVADOR
3633,PERU HOLANDA 2086,LIMA-LIMA-COMAS
3634,PERU-HOLANDA 2086,LIMA-LIMA-COMAS
3635,PERUANO AMERICANO,LIMA-LIMA-LURIGANCHO
3636,PERUANO AMÉRICANO,LIMA-LIMA-LURIGANCHO
3637,PERUANO BRITÁNICO FRANCIS ASTON,PUNO-SAN ROMAN-JULIACA
3638,PERUANO CANADIENSE,ICA-PISCO-TUPAC AMARU INCA
3639,PERUANO CANADIENSE,LIMA-LIMA-LIMA
3640,PERUANO CANADIENSE 7228,LIMA-LIMA-VILLA EL SALVADOR
3641,PERUANO DE CIENCIAS,LIMA-LIMA-LOS OLIVOS
3642,PERUANO ESPAÑOL,LAMBAYEQUE-CHICLAYO-CHICLAYO
3643,PERUANO ESPAÑOL,LAMBAYEQUE-LAMBAYEQUE-LAMBAYEQUE
3644,PERUANO ESPAÑOL INTER MUNDO,LAMBAYEQUE-CHICLAYO-CHICLAYO
3645,PERUANO FRANCÉS EVARISTO GALOIS,LIMA-LIMA-PUENTE PIEDRA
3646,PERUANO JAPONES 7213,LIMA-LIMA-VILLA EL SALVADOR
3647,PERUANO JAPONÉS 7213,LIMA-LIMA-VILLA EL SALVADOR
3648,PERUANO SUIZO,LIMA-LIMA-COMAS
3649,PERUANO SUIZO,LIMA-LIMA-LIMA
3650,PERUANO SUIZO,PASCO-OXAPAMPA-OXAPAMPA
3651,PERUANO SUIZO 7084,LIMA-LIMA-VILLA EL SALVADOR
3652,PERUBIRF,PUNO-SAN ROMAN-JULIACA
3653,PERÚ - JAPÓN,LIMA-LIMA-LIMA
3654,PERÚ BIRF,PUNO-SAN ROMAN-JULIACA
3655,PERÚ HOLANDA,LIMA-LIMA-COMAS
3656,PETRONILA SANCHEZ CARDENAS,PASCO-OXAPAMPA-HUANCABAMBA
3657,PHILIPS P. SAUNDERS,LIMA-LIMA-CARABAYLLO
3658,PIERRE DE FERMAT,LIMA-LIMA-LIMA
3659,PILOTO SANTA ISABEL,JUNIN-HUANCAYO-HUANCAYO
3660,PITAGORAS,LIMA-LIMA-SAN JUAN DE LURIGANCHO
3661,PITAGORAS,LIMA-LIMA-SAN MARTIN DE PORRES
3662,PITAGORAS,LIMA-LIMA-LOS OLIVOS
3663,PITAGORAS,JUNIN-JAUJA-JAUJA
3664,PITAGORAS,APURIMAC-ANDAHUAYLAS-ANDAHUAYLAS
3665,PITAGORAS,LIMA-LIMA-INDEPENDENCIA
3666,PITAGORAS,LIMA-LIMA-LIMA
3667,PITAGORAS - SEDE COMAS,LIMA-LIMA-COMAS
3668,PITAGORAS DE SAMOS,LIMA-LIMA-LIMA
3669,PITAGORAS DE SAMOS,LIMA-LIMA-ATE
3670,PITAGORAS DE SAMOS,LIMA-LIMA-SAN JUAN DE LURIGANCHO
3671,PITAGORAS LOS OLIVOS,LIMA-LIMA-LOS OLIVOS
3672,PITAGORAS NUEVO SAN JUAN,LIMA-LIMA-SAN JUAN DE LURIGANCHO
3673,PITAGORAS VERDE EL MATEMATICO,LIMA-LIMA-SAN JUAN DE LURIGANCHO
3674,PITÁGORAS,APURIMAC-ABANCAY-ABANCAY
3675,PITÁGORAS,ICA-ICA-ICA
3676,PITÁGORAS,LIMA-LIMA-LOS OLIVOS
3677,PITÁGORAS,LIMA-LIMA-LIMA
3678,PITÁGORAS,LIMA-LIMA-SAN JUAN DE MIRAFLORES
3679,PITÁGORAS,LIMA-LIMA-SAN JUAN DE LURIGANCHO
3680,PITÁGORAS NIVEL A,APURIMAC-ANDAHUAYLAS-ANDAHUAYLAS
3681,PITÁGORAS NUEVO SAN JUAN,LIMA-LIMA-SAN JUAN DE LURIGANCHO
3682,PITÁGORAS VERDE,LIMA-LIMA-SAN JUAN DE LURIGANCHO
3683,PLAMAS RELASES,LIMA-LIMA-LOS OLIVOS
3684,PLANTELES DE APLICACION GUAMAN POMA DE AYALA,AYACUCHO-HUAMANGA-AYACUCHO
3685,PLANTELES DE APLICACIÓN DE UNE,LIMA-LIMA-LURIGANCHO
3686,PLANTES DE APLICACION GUAMAN POMA DE AYALA,AYACUCHO-HUAMANGA-AYACUCHO
3687,PNP ALIPIO PONCE VASQUEZ,LIMA-LIMA-LIMA
3688,PNP JUAN LINARES ROJAS,CALLAO-CALLAO-CALLAO
3689,PNP JUAN LINARES ROJAS,LIMA-LIMA-SAN MARTIN DE PORRES
3690,PNP PIN PRECURSORES DE LA INDEPENDENCIA NACIONAL,LIMA-LIMA-LOS OLIVOS
3691,POLITECNICO DE VENTANILLA 5086,CALLAO-CALLAO-VENTANILLA
3692,POLITECNICO HUASCAR,PUNO-PUNO-PUNO
3693,POLITECNICO REGIOMAL LOS ANDES,PUNO-SAN ROMAN-JULIACA
3694,POLITECNICO REGIONAL LOS ANDES,PUNO-SAN ROMAN-JULIACA
3695,POLITECNICO REGIONAL LOS ANDES JULIACA,PUNO-SAN ROMAN-JULIACA
3696,POLITECNICO REGIONAL LOS ANDES-JULIACA,PUNO-SAN ROMAN-JULIACA
3697,POLITÉCNICO DE VENTANILLA 5086,CALLAO-CALLAO-VENTANILLA
3698,POLITÉCNICO NACIONAL DEL CALLAO,CALLAO-CALLAO-CARMEN DE LA LEGUA REYNOSO
3699,POLITÉCNICO NACIONAL DEL CALLAO,CALLAO-CALLAO-CALLAO
3700,POLITÉCNICO RAFAEL SANTIAGO LOAIZA GUEVARA,AREQUIPA-AREQUIPA-MARIANO MELGAR
3701,POLITÉCNICO REGIONAL LOS ANDES,PUNO-SAN ROMAN-JULIACA
3702,PORTADORES DE LUZ,CALLAO-CALLAO-BELLAVISTA
3703,POW SANG,ICA-ICA-ICA
3704,PRECURSORES DE LA INDEPENDENCIA NACIONAL,LIMA-LIMA-LOS OLIVOS
3705,PRECURSORES DE LA INDEPENDENCIA NACIONAL - PNP,LIMA-LIMA-LOS OLIVOS
3706,PRECURSORES DE LA INDEPENDENCIA NACIONAL PNP,LIMA-LIMA-LOS OLIVOS
3707,PRECURSORES INDEPENDENCIA NACIONAL,LIMA-LIMA-LOS OLIVOS
3708,PRESENTACION DE MARIA,LIMA-LIMA-COMAS
3709,PRESENTACION DE MARIA Nº41,LIMA-LIMA-COMAS
3710,PRESENTACIÓN DE MARIA N41,LIMA-LIMA-COMAS
3711,PRESENTACIÓN DE MARIA Nº41,LIMA-LIMA-COMAS
3712,PRESENTACIÓN DE MARÍA,LIMA-LIMA-COMAS
3713,PRESENTACIÓN DE MARÍA N° 41,LIMA-LIMA-MAGDALENA DEL MAR
3714,PRESENTACIÓN DE MARÍA N° 41,LIMA-LIMA-COMAS
3715,PRESENTACIÓN DE MARÍA N°41,LIMA-LIMA-COMAS
3716,PRESENTACIÓN DE MARÍA N°41 COMAS,LIMA-LIMA-COMAS
3717,PRIMER COLEGIO NACIONAL BENEMÉRITO DE LA REPÚBLICA,LIMA-LIMA-LIMA
3718,PRISMA,LIMA-LIMA-SAN MARTIN DE PORRES
3719,PRISMA,LIMA-LIMA-LOS OLIVOS
3720,PRISMA,LIMA-LIMA-VILLA EL SALVADOR
3721,PRISMA DEL NORTE,LIMA-LIMA-LIMA
3722,PRIVADA,LAMBAYEQUE-CHICLAYO-CHICLAYO
3723,PROLEG,LIMA-LIMA-VILLA MARIA DEL TRIUNFO
3724,PROLOG,LIMA-LIMA-VILLA EL SALVADOR
3725,PROLOG,LIMA-LIMA-LIMA
3726,PROLOG,LIMA-LIMA-BARRANCO
3727,PROLOG,LIMA-CAÑETE-SAN VICENTE DE CAÑETE
3728,PROLOG,ICA-CHINCHA-CHINCHA ALTA
3729,PROLOG,ICA-PISCO-TUPAC AMARU INCA
3730,PROLOG,LIMA-LIMA-COMAS
3731,PROLOG,LIMA-LIMA-CHORRILLOS
3732,PROLOG,LIMA-LIMA-VILLA MARIA DEL TRIUNFO
3733,PROLOG,LIMA-LIMA-SAN LUIS
3734,PROLOG - CHINCHA,ICA-CHINCHA-CHINCHA ALTA
3735,PROLOG - COMAS,LIMA-LIMA-COMAS
3736,PROLOG - DELICIAS,LIMA-LIMA-SANTIAGO DE SURCO
3737,PROLOG DE VILLA MARÍA DEL TRIUNFO,LIMA-LIMA-VILLA MARIA DEL TRIUNFO
3738,PROLOG SEDE VILLA EL SALVADOR,LIMA-LIMA-VILLA EL SALVADOR
3739,PROLOG- VMT,LIMA-LIMA-VILLA MARIA DEL TRIUNFO
3740,PROYECTO INTEGRAL CHAVARRIA,LIMA-LIMA-LOS OLIVOS
3741,PSJ.LAS PERAS -AA.HH EL PROGRESO IIISECTOR AMPL. C,LIMA-LIMA-CARABAYLLO
3742,PÍO XII,LIMA-LIMA-SANTIAGO DE SURCO
3743,RAFAEL LOAYZA GUEVARA,CAJAMARCA-CAJAMARCA-CAJAMARCA
3744,RAFAEL MARISCAL QUINTANILLA,LIMA-LIMA-INDEPENDENCIA
3745,RAFAEL NARVAEZ CADENILLAS,LA LIBERTAD-TRUJILLO-TRUJILLO
3746,RAMIRO PRIALE PRIALE,LIMA-LIMA-SAN JUAN DE LURIGANCHO
3747,RAMIRO PRIALE PRIALE,LIMA-LIMA-LIMA
3748,RAMIRO PRIALE PRIALE,CAJAMARCA-CUTERVO-CUTERVO
3749,RAMIRO PRIALÉ PRIALÉ,LIMA-LIMA-SAN JUAN DE LURIGANCHO
3750,RAMITO VILLAVERDE LAZO,JUNIN-HUANCAYO-HUANCAYO
3751,RAMON CASTILLA,LIMA-LIMA-SAN JUAN DE LURIGANCHO
3752,RAMON CASTILLA 3043,LIMA-LIMA-SAN MARTIN DE PORRES
3753,RAMÓN CASTILLA,LIMA-LIMA-COMAS
3754,RAMÓN CASTILLA COMAS-RETABLO,LIMA-LIMA-COMAS
3755,RAMÓN CASTILLA SCHOOL,LIMA-LIMA-SAN JUAN DE LURIGANCHO
3756,RAUL PORRAS BARNECHEA,LIMA-LIMA-CARABAYLLO
3757,RAUL PORRAS BARRENECHEA,LIMA-LIMA-RIMAC
3758,RAUL PORRAS BARRENECHEA,CALLAO-CALLAO-CARMEN DE LA LEGUA REYNOSO
3759,RAÚL PORRAS BARRENECHEA,CALLAO-CALLAO-CALLAO
3760,RAÚL PORRAS BARRENECHEA,LIMA-LIMA-ATE
3761,REAL AMERICAN SCHOOL,PUNO-SAN ROMAN-JULIACA
3762,REDIMER JESÚS,LIMA-LIMA-VILLA MARIA DEL TRIUNFO
3763,REDIMER JESÚS DE VILLA,LIMA-LIMA-VILLA MARIA DEL TRIUNFO
3764,REGINA PACIS,CALLAO-CALLAO-CALLAO
3765,REINA DE LOS CIELOS,LIMA-LIMA-SAN MARTIN DE PORRES
3766,REINA DEL SANTÍSIMO ROSARIO,ICA-CHINCHA-CHINCHA BAJA
3767,REINA DEL SANTÍSIMO ROSARIO,ICA-CHINCHA-CHINCHA ALTA
3768,REINO DE ESPAÑA,LIMA-LIMA-BARRANCO
3769,REINO DE LOS CIELO LOS JARDINES,LIMA-LIMA-LIMA
3770,REINO DE LOS CIELOS,LIMA-LIMA-SAN MARTIN DE PORRES
3771,REINO UNIDO DE GRAN BRETAÑA 1257,LIMA-LIMA-ATE
3772,RENE DESCARTES,LIMA-LIMA-SANTA ANITA
3773,RENÉ DESCARTES,LIMA-LIMA-SANTA ANITA
3774,RENÉ GARCIA CASTELLANO,ICA-PALPA-PALPA
3775,REPUBLICA DE BOLIVIA,LIMA-LIMA-VILLA EL SALVADOR
3776,REPUBLICA DE CHILE,LIMA-LIMA-LINCE
3777,REPUBLICA DE COLOMBIA,LIMA-LIMA-INDEPENDENCIA
3778,REPUBLICA DE COLOMBIA,LIMA-LIMA-BREÑA
3779,REPUBLICA DE IRLANDA,LIMA-LIMA-INDEPENDENCIA
3780,REPUBLICA FEDERAL DE ALEMANIA 2064,LIMA-LIMA-PUENTE PIEDRA
3781,REPÚBLICA DE BOLIVIA,LIMA-LIMA-VILLA EL SALVADOR
3782,REPÚBLICA DE BOLIVIA - PERÚ BIRF,LIMA-LIMA-VILLA EL SALVADOR
3783,REPÚBLICA DE COLOMBIA,LIMA-LIMA-INDEPENDENCIA
3784,REPÚBLICA DE NICARAGUA 6076,LIMA-LIMA-VILLA EL SALVADOR
3785,REPÚBLICA DEL ECUADOR,LIMA-LIMA-VILLA MARIA DEL TRIUNFO
3786,REPÚBLICA DEL ECUADOR,LIMA-LIMA-LIMA
3787,REPÚBLICA DEL PARAGUAY,LIMA-LIMA-LIMA
3788,REPÚBLICA FEDERAL DE ALEMANIA,LIMA-LIMA-PUENTE PIEDRA
3789,REPÚBLICA FEDERAL DE ALEMANIA,LIMA-LIMA-LIMA
3790,REPÚBLICA FEDERAL DE ALEMANIA 2088,LIMA-LIMA-SAN MARTIN DE PORRES
3791,REY DE REYES,AREQUIPA-AREQUIPA-CAYMA
3792,REY DE REYES,LIMA-LIMA-CHORRILLOS
3793,REYNO DE ESPAÑA,LIMA-LIMA-BARRANCO
3794,RICARDO BENTIN,LIMA-LIMA-RIMAC
3795,RICARDO PALMA,LIMA-LIMA-ATE
3796,RICARDO PALMA,PUNO-SAN ROMAN-JULIACA
3797,RICARDO PALMA,LIMA-LIMA-SANTA ANITA
3798,RICARDO PALMA,LIMA-LIMA-SAN BORJA
3799,RICARDO PALMA,LIMA-LIMA-INDEPENDENCIA
3800,RICARDO PALMA,LIMA-LIMA-LIMA
3801,RICARDO PALMA,LIMA-LIMA-SURQUILLO
3802,RICARDO PALMA,LIMA-LIMA-SAN JUAN DE MIRAFLORES
3803,RICARDO PALMA - MANYLSA,LIMA-LIMA-ATE
3804,RICARDO PALMA 5099,CALLAO-CALLAO-CALLAO
3805,RICARDO PALMA 5099°,CALLAO-CALLAO-CALLAO
3806,RICARDO PALMA 6049,LIMA-LIMA-SURQUILLO
3807,RICARDO PALMA SORIANO,HUANUCO-YAROWILCA-APARICIO POMARES
3808,RICOLETA,LIMA-LIMA-LOS OLIVOS
3809,ROBERT HOOCKE,LIMA-LIMA-ATE
3810,ROBERT HOOKE,LIMA-LIMA-ATE
3811,ROBERT LETOURNEAU,LIMA-LIMA-LIMA
3812,ROBERT LETOURNEAU,LIMA-LIMA-LOS OLIVOS
3813,ROBERTO PISCONTI RAMOS,ICA-NAZCA-NAZCA
3814,ROMA,LIMA-LIMA-SAN MARTIN DE PORRES
3815,ROMEO LUNA VICTORIA,LIMA-LIMA-SAN BORJA
3816,ROSA AGUSTINA DONAYRE DE MOREY,LORETO-MAYNAS-IQUITOS
3817,ROSA DE AMÉRCIA,LORETO-MAYNAS-IQUITOS
3818,ROSA DE LIMA,JUNIN-HUANCAYO-SAN JERONIMO DE TUNAN
3819,ROSA DE SANTA MARIA,LIMA-LIMA-BREÑA
3820,ROSA DE SANTA MARÍA 6088,LIMA-LIMA-LIMA
3821,ROSA DE SANTA MARÍA-6088,LIMA-LIMA-LIMA
3822,ROSA DE SANTA MARÍA-6088,AMAZONAS-CHACHAPOYAS-CHACHAPOYAS
3823,ROSA DOMINGA PEREZ LIENDO,LIMA-LIMA-LIMA
3824,ROSA DOMINGA PÉREZ LIENDO,LIMA-LIMA-LIMA
3825,ROSA VICTORIA MARTICORENA,LIMA-LIMA-ATE
3826,ROSARIO DEL SOLAR,LIMA-LIMA-SAN JUAN DE MIRAFLORES
3827,ROSENTHAL DE LA PUENTE,LIMA-LIMA-MAGDALENA DEL MAR
3828,ROXANITA CASTRO WITTING,LIMA-LIMA-PACHACAMAC
3829,S.A.M,LIMA-LIMA-LIMA
3830,SACERDOTE JESUITA ROMEO,LIMA-HUAROCHIRI-SAN ANTONIO
3831,SACO OLIVARES HELICOYDAL,LIMA-LIMA-COMAS
3832,SACO OLIVERIOS,LIMA-LIMA-SAN MARTIN DE PORRES
3833,SACO OLIVERO,LIMA-LIMA-CHORRILLOS
3834,SACO OLIVEROS,CAJAMARCA-CAJAMARCA-CAJAMARCA
3835,SACO OLIVEROS,CALLAO-CALLAO-CALLAO
3836,SACO OLIVEROS,LIMA-LIMA-COMAS
3837,SACO OLIVEROS,LIMA-LIMA-SAN MARTIN DE PORRES
3838,SACO OLIVEROS,LIMA-LIMA-SAN LUIS
3839,SACO OLIVEROS,LIMA-LIMA-SANTA ANITA
3840,SACO OLIVEROS,LIMA-LIMA-BREÑA
3841,SACO OLIVEROS,CALLAO-CALLAO-VENTANILLA
3842,SACO OLIVEROS,LIMA-LIMA-SANTIAGO DE SURCO
3843,SACO OLIVEROS,LIMA-LIMA-LIMA
3844,SACO OLIVEROS,CALLAO-CALLAO-BELLAVISTA
3845,SACO OLIVEROS,LIMA-LIMA-PUEBLO LIBRE
3846,SACO OLIVEROS,LIMA-LIMA-CARABAYLLO
3847,SACO OLIVEROS,LIMA-LIMA-SAN JUAN DE MIRAFLORES
3848,SACO OLIVEROS,LIMA-LIMA-RIMAC
3849,SACO OLIVEROS,LIMA-LIMA-SAN MIGUEL
3850,SACO OLIVEROS,LIMA-LIMA-PUCUSANA
3851,SACO OLIVEROS,LIMA-LIMA-PACHACAMAC
3852,SACO OLIVEROS,LIMA-LIMA-BARRANCO
3853,SACO OLIVEROS,LIMA-CANTA-SANTA ROSA DE QUIVES
3854,SACO OLIVEROS,LIMA-LIMA-ATE
3855,SACO OLIVEROS,LIMA-LIMA-SURQUILLO
3856,SACO OLIVEROS,LIMA-LIMA-LURIGANCHO
3857,SACO OLIVEROS,LIMA-BARRANCA-BARRANCA
3858,SACO OLIVEROS,LIMA-LIMA-LA VICTORIA
3859,SACO OLIVEROS,ICA-ICA-ICA
3860,SACO OLIVEROS,LIMA-LIMA-CHORRILLOS
3861,SACO OLIVEROS,LIMA-LIMA-JESUS MARIA
3862,SACO OLIVEROS,LIMA-LIMA-CHACLACAYO
3863,SACO OLIVEROS,LIMA-LIMA-SAN JUAN DE LURIGANCHO
3864,SACO OLIVEROS,LIMA-LIMA-VILLA EL SALVADOR
3865,SACO OLIVEROS,LIMA-LIMA-LOS OLIVOS
3866,SACO OLIVEROS,LIMA-HUARAL-HUARAL
3867,SACO OLIVEROS,LIMA-LIMA-PUENTE PIEDRA
3868,SACO OLIVEROS,LIMA-LIMA-EL AGUSTINO
3869,SACO OLIVEROS,LIMA-LIMA-LINCE
3870,SACO OLIVEROS - APEIRON,CALLAO-CALLAO-CALLAO
3871,SACO OLIVEROS - APEIRON,LIMA-LIMA-SAN MARTIN DE PORRES
3872,SACO OLIVEROS - COCALENOS,LIMA-LIMA-SAN JUAN DE LURIGANCHO
3873,SACO OLIVEROS - EL RETABLO,LIMA-LIMA-LIMA
3874,SACO OLIVEROS - SAN CARLOS,LIMA-LIMA-COMAS
3875,SACO OLIVEROS - SANTA INES,LIMA-HUARAL-HUARAL
3876,SACO OLIVEROS - SEDE SAN CARLOS,LIMA-LIMA-COMAS
3877,SACO OLIVEROS - SEDE SAN CARLOS,LIMA-LIMA-CARABAYLLO
3878,SACO OLIVEROS APEIRON,CALLAO-CALLAO-CALLAO
3879,SACO OLIVEROS APEIRON,LIMA-LIMA-SAN MARTIN DE PORRES
3880,SACO OLIVEROS DE ATE,LIMA-LIMA-ATE
3881,SACO OLIVEROS DE CAMPOY,LIMA-LIMA-SAN JUAN DE LURIGANCHO
3882,SACO OLIVEROS DE COMAS,LIMA-LIMA-COMAS
3883,SACO OLIVEROS DE NUEVO SAN JUAN,LIMA-LIMA-SAN JUAN DE LURIGANCHO
3884,SACO OLIVEROS DE PRO,LIMA-LIMA-LOS OLIVOS
3885,SACO OLIVEROS DE PUEBLO LIBRE,LIMA-LIMA-PUEBLO LIBRE
3886,SACO OLIVEROS DE PUEBLO LIBRE,LIMA-LIMA-BREÑA
3887,SACO OLIVEROS DE SAN CARLOS,LIMA-LIMA-COMAS
3888,SACO OLIVEROS DE VENTANILLA,CALLAO-CALLAO-VENTANILLA
3889,SACO OLIVEROS EL RETABLO,LIMA-LIMA-COMAS
3890,SACO OLIVEROS HELICOIDAL,LIMA-LIMA-SANTA ANITA
3891,SACO OLIVEROS HELICOIDAL,LIMA-LIMA-LINCE
3892,SACO OLIVEROS HELICOIDAL,LIMA-LIMA-SAN LUIS
3893,SACO OLIVEROS HELICOIDAL I,LIMA-LIMA-SAN JUAN DE MIRAFLORES
3894,SACO OLIVEROS HUANCAYO,JUNIN-HUANCAYO-HUANCAYO
3895,SACO OLIVEROS HUAYCAN,LIMA-LIMA-ATE
3896,SACO OLIVEROS LOS OLIVOS,LIMA-LIMA-LOS OLIVOS
3897,SACO OLIVEROS NUEVO SAN JUAN,LIMA-LIMA-SAN JUAN DE LURIGANCHO
3898,SACO OLIVEROS PRO,LIMA-LIMA-LOS OLIVOS
3899,SACO OLIVEROS QUILCA,CALLAO-CALLAO-CALLAO
3900,SACO OLIVEROS RETABLO,LIMA-LIMA-COMAS
3901,SACO OLIVEROS SALAMANCA,LIMA-LIMA-ATE
3902,SACO OLIVEROS SAN LUIS,LIMA-LIMA-SAN LUIS
3903,SACO OLIVEROS SAN MIGUEL,LIMA-LIMA-SAN MIGUEL
3904,SACO OLIVEROS SANTA ANITA,LIMA-LIMA-SANTA ANITA
3905,SACO OLIVEROS SEDE AREQUIPA,LIMA-LIMA-SANTA ANITA
3906,SACO OLIVEROS SEDE AREQUIPA,LIMA-LIMA-LINCE
3907,SACO OLIVEROS SEDE CIPRESES I,LIMA-LIMA-LIMA
3908,SACO OLIVEROS SEDE NUEVO SAN JUAN,LIMA-LIMA-LURIGANCHO
3909,SACO OLIVEROS SEDE OLIVOS,LIMA-LIMA-INDEPENDENCIA
3910,SACO OLIVEROS SEDE PRO,LIMA-LIMA-LOS OLIVOS
3911,SACO OLIVEROS SEDE QUILCA,CALLAO-CALLAO-CALLAO
3912,SACO OLIVEROS SEDE QUILLCA,LIMA-LIMA-SAN MARTIN DE PORRES
3913,SACO OLIVEROS SEDE SAN CARLOS,LIMA-LIMA-COMAS
3914,SACO OLIVEROS SEDE SANTA BEATRIZ,LIMA-LIMA-LIMA
3915,SACO OLIVEROS SISTEMA HELICOIDAL,LIMA-LIMA-LIMA
3916,SACO OLIVEROS SISTEMA MARSHALL,LIMA-LIMA-SAN JUAN DE LURIGANCHO
3917,SACO OLIVEROS-APEIRON,CALLAO-CALLAO-CALLAO
3918,SACO OLIVEROS-VILLASOL,LIMA-LIMA-LOS OLIVOS
3919,SACOOLIVEROS,LIMA-LIMA-PUEBLO LIBRE
3920,SACOS OLIVEROS,LIMA-LIMA-LURIN
3921,SAFO OLIVEROS,LIMA-LIMA-VILLA EL SALVADOR
3922,SAGRADA FAMILIA,LIMA-LIMA-ATE
3923,SAGRADA FAMILIA FE Y ALEGRÍA 64,HUANUCO-LEONCIO PRADO-RUPA-RUPA
3924,SAGRADO CORAZON DE JESUS 1207,LIMA-LIMA-LA MOLINA
3925,SAGRADO CORAZÓN DE JESUS,LIMA-HUAROCHIRI-SAN ANTONIO
3926,SAGRADO CORAZÓN DE JESÚS,LIMA-HUAROCHIRI-SAN ANTONIO
3927,SAGRADO CORAZÓN DE JESÚS,LIMA-LIMA-PUENTE PIEDRA
3928,SAGRADO CORAZÓN DE JESÚS,LIMA-LIMA-SAN JUAN DE LURIGANCHO
3929,SAGRADO CORAZÓN DE JESÚS,LIMA-LIMA-LIMA
3930,SAGRADO CORAZÓN DE JESÚS,JUNIN-CHANCHAMAYO-CHANCHAMAYO
3931,SAGRADO CORAZÓN DE JESÚS,JUNIN-CHANCHAMAYO-SAN RAMON
3932,SAGRADO CORAZÓN DE JESÚS PIONEROS DE LA CIENCIA,LIMA-LIMA-LOS OLIVOS
3933,SAGRADO CORAZÓN DE MARÍA,CALLAO-CALLAO-VENTANILLA
3934,SAGRADOS CORAZONES,LIMA-LIMA-LIMA
3935,SAGRADOS CORAZONES,LIMA-LIMA-PUENTE PIEDRA
3936,SAGRADOS CORAZONES 3710,LIMA-LIMA-PUENTE PIEDRA
3937,SAGRADOS CORAZONES BELÉN,LIMA-LIMA-SAN ISIDRO
3938,SAGRADOS CORAZONES N°3710,LIMA-LIMA-PUENTE PIEDRA
3939,SAINT JOSEPH,LIMA-LIMA-ATE
3940,SAINT JOSEPH SCHOOL,LIMA-LIMA-ATE
3941,SAINT PATRICK,LIMA-LIMA-LA MOLINA
3942,SAINT PATRICK SCHOOL,LIMA-LIMA-LIMA
3943,SAINT PATRICKS CHRISTIAN COLLEGE,LIMA-LIMA-LA MOLINA
3944,SALAMANCA,LIMA-LIMA-VILLA MARIA DEL TRIUNFO
3945,SALESIANO,CUSCO-CUSCO-CUSCO
3946,SALESIANO DON BOSCO,PIURA-PIURA-CASTILLA
3947,SALESIANO ROSENTHAL DE LA PUENTE,LIMA-LIMA-MAGDALENA DEL MAR
3948,SALESIANO SAN FRANCISCO DE SALES,LIMA-LIMA-BREÑA
3949,SALESIANO SANTA ROSA,JUNIN-HUANCAYO-EL TAMBO
3950,SALESIANO TECNICO DON BOSCO,JUNIN-HUANCAYO-EL TAMBO
3951,SALESIANO TECNICO DON BOSCO,JUNIN-HUANCAYO-HUANCAYO
3952,SALESIANO TÉCNICO DON BOSCO,JUNIN-HUANCAYO-EL TAMBO
3953,SALESIANO TÉCNICO DON BOSCO,JUNIN-HUANCAYO-HUANCAYO
3954,SALESIANOS AYACUCHO,AYACUCHO-HUAMANGA-AYACUCHO
3955,SALESIANOS SANTA ROSA,JUNIN-HUANCAYO-EL TAMBO
3956,SAN AGUSTIN,LIMA-LIMA-SAN ISIDRO
3957,SAN AGUSTIN,LIMA-LIMA-LIMA
3958,SAN AGUSTIN,LIMA-LIMA-SAN JUAN DE LURIGANCHO
3959,SAN AGUSTIN,LIMA-LIMA-PUENTE PIEDRA
3960,SAN AGUSTIN,HUANUCO-HUANUCO-HUANUCO
3961,SAN AGUSTIN,LIMA-LIMA-SANTA ANITA
3962,SAN AGUSTIN,LIMA-LIMA-CHORRILLOS
3963,SAN AGUSTIN 2085,LIMA-LIMA-COMAS
3964,SAN AGUSTIN CHORRILLOS,LIMA-LIMA-CHORRILLOS
3965,SAN AGUSTIN DE ANTARES,LIMA-LIMA-LIMA
3966,SAN AGUSTIN DE ANTARES,LIMA-LIMA-SAN MARTIN DE PORRES
3967,SAN AGUSTIN DE IQUITOS,LORETO-MAYNAS-IQUITOS
3968,SAN AGUSTIN DE LOS SAIRES,CALLAO-CALLAO-CALLAO
3969,SAN AGUSTIN DE PRADERAS,LIMA-LIMA-SANTA ANITA
3970,SAN AGUSTÍN,AMAZONAS-CHACHAPOYAS-LEIMEBAMBA
3971,SAN AGUSTÍN,LIMA-LIMA-SAN JUAN DE LURIGANCHO
3972,SAN AGUSTÍN,LIMA-LIMA-LOS OLIVOS
3973,SAN AGUSTÍN,CALLAO-CALLAO-CALLAO
3974,SAN AGUSTÍN,HUANUCO-HUANUCO-HUANUCO
3975,SAN AGUSTÍN DE ANTARES,LIMA-LIMA-SAN MARTIN DE PORRES
3976,SAN AGUSTÍN DE LOS SAIRES,CALLAO-CALLAO-CALLAO
3977,SAN AGUSTÍN DE LOS SAIRES DE OQUENDO,CALLAO-CALLAO-CALLAO
3978,SAN AGUSTÍN DE SANTA ANITA,LIMA-LIMA-SANTA ANITA
3979,SAN AGUSTÍN LEIMEBAMBA,AMAZONAS-CHACHAPOYAS-CHACHAPOYAS
3980,SAN ALFONSO,LIMA-LIMA-ATE
3981,SAN ALFONSO,AYACUCHO-HUANTA-HUANTA
3982,SAN ANDRES,LIMA-LIMA-LIMA
3983,SAN ANDRES,CAJAMARCA-SAN MIGUEL-LLAPA
3984,SAN ANDRES,CALLAO-CALLAO-VENTANILLA
3985,SAN ANDRÉS,LIMA-LIMA-LOS OLIVOS
3986,SAN ANTONIO,PIURA-PIURA-PIURA
3987,SAN ANTONIO,LIMA-CAÑETE-SAN ANTONIO
3988,SAN ANTONIO ABAD,CUSCO-CUSCO-CUSCO
3989,SAN ANTONIO DE CHINCHOBAMBA,ANCASH-SIHUAS-SAN JUAN
3990,SAN ANTONIO DE HUAMANGA,AYACUCHO-HUAMANGA-AYACUCHO
3991,SAN ANTONIO DE JICAMARCA,LIMA-HUAROCHIRI-SAN ANTONIO
3992,SAN ANTONIO DE PADUA,LIMA-CAÑETE-SAN ANTONIO
3993,SAN ANTONIO DE PADUA,LIMA-LIMA-LIMA
3994,SAN ANTONIO DE PADUA,LIMA-LIMA-SAN MARTIN DE PORRES
3995,SAN ANTONIO DE PADUA,LIMA-CANTA-SANTA ROSA DE QUIVES
3996,SAN ANTONIO DE PADUA,LIMA-LIMA-SAN JUAN DE LURIGANCHO
3997,SAN ANTONIO DE PADUA,HUANCAVELICA-ANGARAES-HUANCA-HUANCA
3998,SAN ANTONIO DE PADUA,LIMA-LIMA-INDEPENDENCIA
3999,SAN ANTONIO DE PADUA,CAJAMARCA-SAN IGNACIO-LA COIPA
4000,SAN ANTONIO DE PADUA,LIMA-CAÑETE-MALA
4001,SAN ANTONIO DE PADUA DE SANTA MARIA DE CHOSICA,LIMA-LIMA-LURIGANCHO
4002,SAN ANTONIO DEL ROSARIO,LIMA-LIMA-CARABAYLLO
4003,SAN ANTONIO MARIA CLARET,JUNIN-HUANCAYO-EL TAMBO
4004,SAN BENITO DE PALERMO,CALLAO-CALLAO-CALLAO
4005,SAN BENITO DE PALERMO,LIMA-LIMA-ATE
4006,SAN CARLOS,LIMA-LIMA-EL AGUSTINO
4007,SAN CARLOS,LIMA-LIMA-LURIGANCHO
4008,SAN CARLOS,LIMA-LIMA-CARABAYLLO
4009,SAN CARLOS,LIMA-LIMA-LIMA
4010,SAN CARLOS,LIMA-LIMA-COMAS
4011,SAN CLEMENTE,LIMA-LIMA-JESUS MARIA
4012,SAN COLUMBANO,LIMA-LIMA-SAN MARTIN DE PORRES
4013,SAN DIEGO MATEMÁTICO,LIMA-LIMA-SAN MARTIN DE PORRES
4014,SAN FELIPE,LIMA-LIMA-COMAS
4015,SAN FELIPE,LIMA-LIMA-SAN MARTIN DE PORRES
4016,SAN FELIPE - COMAS,LIMA-LIMA-COMAS
4017,SAN FELIPE COMAS,LIMA-LIMA-CARABAYLLO
4018,SAN FERNANDO,CAJAMARCA-CAJAMARCA-CAJAMARCA
4019,SAN FRANCISCO DE ASIS,LIMA-HUARAL-HUARAL
4020,SAN FRANCISCO DE ASIS 1208,LIMA-LIMA-ATE
4021,SAN FRANCISCO DE ASÍS,LIMA-LIMA-ATE
4022,SAN FRANCISCO DE CARHUAMAYO,JUNIN-JUNIN-CARHUAMAYO
4023,SAN FRANCISCO DE CAYRAN,LIMA-LIMA-LIMA
4024,SAN FRANCISCO DE CAYRAN,LIMA-LIMA-SAN MARTIN DE PORRES
4025,SAN FRANCISCO DE SALES,LIMA-LIMA-BREÑA
4026,SAN FRANCISCO JAVIER,LIMA-LIMA-BREÑA
4027,SAN FRANCISCO JAVIER,LIMA-LIMA-LIMA
4028,SAN FRANCISCO SOLANO,LIMA-LIMA-INDEPENDENCIA
4029,SAN FRANSISCO DE ASIS,LIMA-LIMA-PACHACAMAC
4030,SAN FRANSISCO DE ASIS 7102,LIMA-LIMA-PACHACAMAC
4031,SAN GABRIEL,LIMA-LIMA-SAN JUAN DE LURIGANCHO
4032,SAN GERARDO,LIMA-LIMA-VILLA MARIA DEL TRIUNFO
4033,SAN IGNACIO,PUNO-SAN ROMAN-JULIACA
4034,SAN IGNACIO DE LOYOLA,LIMA-LIMA-SAN MARTIN DE PORRES
4035,SAN IGNACIO DE LOYOLA,LIMA-BARRANCA-BARRANCA
4036,SAN IGNACIO DE LOYOLA,PUNO-SAN ROMAN-JULIACA
4037,SAN IGNACIO DE LOYOLA,LIMA-HUAURA-HUACHO
4038,SAN IGNACIO DE LOYOLA,PUNO-PUNO-PUNO
4039,SAN IGNACIO DE LOYOLA,CUSCO-CANCHIS-SICUANI
4040,SAN IGNACIO DE LOYOLA DE PIURA,PIURA-PIURA-PIURA
4041,SAN IGNACIO DE RECALDE,PUNO-SAN ROMAN-JULIACA
4042,SAN IGNACIO DE RECALDE SCHOOL,LIMA-LIMA-SAN BORJA
4043,SAN IGNACIO DEL LOYOLA,PUNO-EL COLLAO-ILAVE
4044,SAN ISIDRO,LIMA-LIMA-LIMA
4045,SAN ISIDRO,CUSCO-CUSCO-SAN SEBASTIAN
4046,SAN ISIDRO,LIMA-LIMA-PACHACAMAC
4047,SAN ISIDRO,LIMA-LIMA-SANTA ANITA
4048,SAN ISIDRO,LIMA-LIMA-LURIGANCHO
4049,SAN ISIDRO,PUNO-SAN ROMAN-JULIACA
4050,SAN ISIDRO,LIMA-HUARAL-HUARAL
4051,SAN ISIDRO DE MANCHAY,LIMA-LIMA-PACHACAMAC
4052,SAN ISIDRO EL LABRADOR,LIMA-LIMA-ATE
4053,SAN ISIDRO LABRADOR,LIMA-LIMA-ATE
4054,SAN ISIDRO LABRADOR,LIMA-LIMA-SANTA ANITA
4055,SAN ISIDRO PATRON DE VITARTE,LIMA-LIMA-LIMA
4056,SAN ISIDRO PATRON DE VITARTE,LIMA-LIMA-ATE
4057,SAN ISIDRO PATRÓN,LIMA-LIMA-SANTA ANITA
4058,SAN JERONIMO,AREQUIPA-AREQUIPA-AREQUIPA
4059,SAN JORGE,LIMA-LIMA-CHORRILLOS
4060,SAN JOSE,LAMBAYEQUE-CHICLAYO-CHICLAYO
4061,SAN JOSE,LIMA-LIMA-CHACLACAYO
4062,SAN JOSE,CUSCO-CUSCO-SANTIAGO
4063,SAN JOSE,ANCASH-SANTA-CHIMBOTE
4064,SAN JOSE DE MONTERRICO,LIMA-LIMA-LIMA
4065,SAN JOSE DE NAZARETH,LIMA-LIMA-PUENTE PIEDRA
4066,SAN JOSE DE PUNTA NEGRA,LIMA-LIMA-LIMA
4067,SAN JOSE HERMANOS MARISTAS CALLAO,CALLAO-CALLAO-CALLAO
4068,SAN JOSE JULIACA,PUNO-SAN ROMAN-JULIACA
4069,SAN JOSE Y EL REDENTOR,LIMA-LIMA-LA VICTORIA
4070,SAN JOSÉ,LIMA-LIMA-CHACLACAYO
4071,SAN JOSÉ,LAMBAYEQUE-CHICLAYO-CHICLAYO
4072,SAN JOSÉ,JUNIN-JAUJA-JAUJA
4073,SAN JOSÉ,ANCASH-POMABAMBA-POMABAMBA
4074,SAN JOSÉ,PUNO-AZANGARO-SAN JOSE
4075,SAN JOSÉ DE CLUNY,LIMA-LIMA-SAN MARTIN DE PORRES
4076,SAN JOSÉ MARIA,LIMA-LIMA-SAN MARTIN DE PORRES
4077,SAN JOSÉ Y EL REDENTOR,LIMA-LIMA-LA VICTORIA
4078,SAN JUAN,LIMA-LIMA-VILLA MARIA DEL TRIUNFO
4079,SAN JUAN,LIMA-LIMA-SAN JUAN DE MIRAFLORES
4080,SAN JUAN APOSTOL,LIMA-LIMA-SAN JUAN DE MIRAFLORES
4081,SAN JUAN BAUTISTA,ANCASH-HUAYLAS-PUEBLO LIBRE
4082,SAN JUAN BAUTISTA,LIMA-LIMA-LIMA
4083,SAN JUAN BAUTISTA,LIMA-LIMA-INDEPENDENCIA
4084,SAN JUAN BAUTISTA,LIMA-LIMA-RIMAC
4085,SAN JUAN BAUTISTA,LIMA-LIMA-LOS OLIVOS
4086,SAN JUAN BAUTISTA 2055,LIMA-LIMA-COMAS
4087,SAN JUAN BAUTISTA DE LA SALLE,LIMA-LIMA-LOS OLIVOS
4088,SAN JUAN BAUTISTA DE LA SALLE,LIMA-LIMA-COMAS
4089,SAN JUAN BAUTISTA DE LA SALLE,LIMA-LIMA-SAN JUAN DE LURIGANCHO
4090,SAN JUAN BOSCO,JUNIN-HUANCAYO-HUANCAYO
4091,SAN JUAN BOSCO,PUNO-PUNO-PUNO
4092,SAN JUAN BOSCO,LIMA-HUAURA-HUACHO
4093,SAN JUAN BOSCO,AYACUCHO-HUAMANGA-AYACUCHO
4094,SAN JUAN BOSCO,LIMA-HUAURA-SANTA MARIA
4095,SAN JUAN BOSCO AYACUCHO,AYACUCHO-HUAMANGA-AYACUCHO
4096,SAN JUAN BOSCO DE AYACUCHO,AYACUCHO-HUAMANGA-AYACUCHO
4097,SAN JUAN BOSCO EIRL,ANCASH-HUARMEY-HUARMEY
4098,SAN JUAN CATOLICO,LIMA-LIMA-LIMA
4099,SAN JUAN DE DIOS,LIMA-LIMA-LOS OLIVOS
4100,SAN JUAN DE DIOS TODOPODEROSO,CALLAO-CALLAO-VENTANILLA
4101,SAN JUAN DE LA FRONTERA,AYACUCHO-HUANTA-HUAMANGUILLA
4102,SAN JUAN DE LA LIBERTAD,AMAZONAS-CHACHAPOYAS-CHACHAPOYAS
4103,SAN JUAN DE LA SALLE,LIMA-LIMA-LIMA
4104,SAN JUAN DE LA SALLE,LIMA-LIMA-SAN JUAN DE LURIGANCHO
4105,SAN JUAN DE LAS AMERICAS,LIMA-LIMA-SAN JUAN DE LURIGANCHO
4106,SAN JUAN MACIAS,LIMA-LIMA-LIMA
4107,SAN JUAN MACIAS,CALLAO-CALLAO-CALLAO
4108,SAN JUAN MACIAS 0083,LIMA-LIMA-SAN LUIS
4109,SAN JUAN MASIAS,LIMA-LIMA-SAN LUIS
4110,SAN JUDAS TADEO CORAZONISTAS,LIMA-LIMA-SAN MIGUEL
4111,SAN JUDAS TADEO CORAZONISTAS,LIMA-LIMA-LIMA
4112,SAN LUIS DE BORJA,LIMA-LIMA-INDEPENDENCIA
4113,SAN LUIS DE BORJA,LIMA-LIMA-SAN MARTIN DE PORRES
4114,SAN LUIS DE BORJA,LIMA-LIMA-LIMA
4115,SAN LUIS DE BORJA SCHOOL,LIMA-LIMA-RIMAC
4116,SAN LUIS GONZAGA,LIMA-LIMA-SAN MARTIN DE PORRES
4117,SAN LUIS GONZAGA,ICA-ICA-ICA
4118,SAN LUIS GONZAGA,CALLAO-CALLAO-CALLAO
4119,SAN LUIS GONZAGA 6151,LIMA-LIMA-LIMA
4120,SAN LUIS GONZAGA FE Y ALEGRÍA 22,AMAZONAS-CHACHAPOYAS-CHACHAPOYAS
4121,SAN LUIS GONZAGA SCHOOL,LIMA-LIMA-LOS OLIVOS
4122,SAN LUIS GONZAGA SCHOOL,LIMA-LIMA-CARABAYLLO
4123,SAN LUIS GONZAGA SCHOOL,LIMA-LIMA-SAN MARTIN DE PORRES
4124,SAN LUIS GONZAGA SHOOL,LIMA-LIMA-CARABAYLLO
4125,SAN LUIS MARISTA DE BARRANCO,LIMA-LIMA-BARRANCO
4126,SAN LUIS MARISTAS,LIMA-LIMA-BARRANCO
4127,SAN MARCO,LIMA-LIMA-LIMA
4128,SAN MARCOS,LIMA-LIMA-SAN JUAN DE MIRAFLORES
4129,SAN MARCOS,LIMA-LIMA-LOS OLIVOS
4130,SAN MARCOS - CHANCAY,LIMA-HUARAL-CHANCAY
4131,SAN MARCOS DEL SUR,LIMA-LIMA-LURIN
4132,SAN MARTIN,PUNO-SAN ROMAN-JULIACA
4133,SAN MARTIN DE PORRAS,ICA-ICA-SANTIAGO
4134,SAN MARTIN DE PORRAS,ICA-ICA-ICA
4135,SAN MARTIN DE PORRES,LIMA-LIMA-SANTA ANITA
4136,SAN MARTIN DE PORRES,LIMA-LIMA-LIMA
4137,SAN MARTIN DE PORRES 072,LIMA-LIMA-SAN MIGUEL
4138,SAN MARTIN DE PORRES 072,LIMA-LIMA-MAGDALENA DEL MAR
4139,SAN MARTÍN DE PORRES,LIMA-LIMA-VILLA MARIA DEL TRIUNFO
4140,SAN MARTÍN DE PORRES,LIMA-LIMA-SANTA ANITA
4141,SAN MARTÍN DE PORRES,LORETO-MAYNAS-IQUITOS
4142,SAN MARTÍN DE PORRES,LIMA-BARRANCA-BARRANCA
4143,SAN MARTÍN-JULIACA,PUNO-SAN ROMAN-JULIACA
4144,SAN MATEO HUANCHOR,LIMA-HUAROCHIRI-SAN MATEO
4145,SAN MIGUEL,PASCO-PASCO-PALLANCHACRA
4146,SAN MIGUEL,CAJAMARCA-SAN MIGUEL-SAN MIGUEL
4147,SAN MIGUEL ARCANGEL,LIMA-LIMA-SAN MARTIN DE PORRES
4148,SAN MIGUEL ARCÁNGEL,LIMA-LIMA-PUENTE PIEDRA
4149,SAN NICOLAS DE TOLENTINO,LIMA-LIMA-LOS OLIVOS
4150,SAN NICOLAS DE TOLENTINO,LIMA-LIMA-SAN MARTIN DE PORRES
4151,SAN NICOLÁS,LIMA-LIMA-SAN JUAN DE LURIGANCHO
4152,SAN PABLO DE TARSO,LIMA-LIMA-LIMA
4153,SAN PATRICIO,LIMA-LIMA-SANTA ANITA
4154,SAN PATRICIO DEL NORTE,LIMA-LIMA-INDEPENDENCIA
4155,SAN PEDRO,LIMA-LIMA-SAN MARTIN DE PORRES
4156,SAN PEDRO - SANTÍSIMA TRINIDAD,LIMA-LIMA-LURIN
4157,SAN PEDRO CHANEL,PIURA-SULLANA-SULLANA
4158,SAN PEDRO DE CHORRILLOS,LIMA-LIMA-CHORRILLOS
4159,SAN PEDRO SANTÍSIMA TRINIDAD,LIMA-LIMA-LURIN
4160,SAN PEDRO Y SAN PABLO,LIMA-HUAROCHIRI-SAN ANTONIO
4161,SAN PEDRO Y SAN PABLO,LIMA-LIMA-LURIGANCHO
4162,SAN PIO X,LIMA-LIMA-SAN MARTIN DE PORRES
4163,SAN PIO X,LIMA-LIMA-LOS OLIVOS
4164,SAN PIO X,LIMA-LIMA-LIMA
4165,SAN PIO X,LIMA-LIMA-INDEPENDENCIA
4166,SAN PÍO X,LIMA-LIMA-LIMA
4167,SAN PÍO X,LIMA-LIMA-LOS OLIVOS
4168,SAN PÍO X,LIMA-LIMA-SAN MARTIN DE PORRES
4169,SAN PÍO X - INGENIERIA,LIMA-LIMA-LIMA
4170,SAN RAFAEL,LIMA-LIMA-SAN JUAN DE LURIGANCHO
4171,SAN RAMON,AYACUCHO-HUAMANGA-AYACUCHO
4172,SAN RAMON,CAJAMARCA-CAJAMARCA-CAJAMARCA
4173,SAN ROMAN,PUNO-PUNO-PUNO
4174,SAN ROMÁN,PUNO-SAN ROMAN-JULIACA
4175,SAN ROQUE DE SAN DIEGO,LIMA-LIMA-LIMA
4176,SAN SEBASTIÁN,LIMA-LIMA-CARABAYLLO
4177,SAN VICENTE,ICA-ICA-ICA
4178,SAN VICENTE,LIMA-LIMA-COMAS
4179,SAN VICENTE DE PAUL,PUNO-SAN ROMAN-JULIACA
4180,SAN VICENTE DE PAUL,JUNIN-TARMA-TARMA
4181,SAN VICENTE DE PAUL,LA LIBERTAD-TRUJILLO-TRUJILLO
4182,SAN VICENTE DE PAUL,LIMA-LIMA-CHACLACAYO
4183,SAN VICENTE DE PAUL,ICA-CHINCHA-CHINCHA ALTA
4184,SAN VICENTE DE PAÚL,JUNIN-TARMA-TARMA
4185,SAN VICENTE FERRER,LIMA-LIMA-SAN JUAN DE LURIGANCHO
4186,SAN VICENTE FERRER,ICA-CHINCHA-SUNAMPE
4187,SAN VICENTE FERRER,LIMA-LIMA-LOS OLIVOS
4188,SAN VICENTE FERRER,LIMA-LIMA-LIMA
4189,SANTA ANA,LIMA-LIMA-SANTA ANITA
4190,SANTA ANA,CUSCO-CUSCO-CUSCO
4191,SANTA ANA DE INGENIERÍA,LIMA-LIMA-SAN MARTIN DE PORRES
4192,SANTA ANA DE LOS JARDINES,LIMA-LIMA-INDEPENDENCIA
4193,SANTA ANA DE LOS JARDINES,LIMA-LIMA-SAN MARTIN DE PORRES
4194,SANTA ANGELA,LIMA-LIMA-ATE
4195,SANTA ANGELA MERICI,CALLAO-CALLAO-CARMEN DE LA LEGUA REYNOSO
4196,SANTA ANITA,LIMA-LIMA-LIMA
4197,SANTA ANITA,LIMA-LIMA-SANTA ANITA
4198,SANTA CATALINA,PUNO-SAN ROMAN-JULIACA
4199,SANTA CATALINA,LIMA-LIMA-ATE
4200,SANTA CRUZ,LIMA-HUAROCHIRI-HUAROCHIRI
4201,SANTA CRUZ - HUAROCHIRI,LIMA-HUAROCHIRI-HUAROCHIRI
4202,SANTA CUARESMA,LIMA-LIMA-SAN JUAN DE LURIGANCHO
4203,SANTA CUARESMA II,LIMA-LIMA-SAN JUAN DE LURIGANCHO
4204,SANTA ELENA,CALLAO-CALLAO-VENTANILLA
4205,SANTA ELENA,LIMA-LIMA-PUENTE PIEDRA
4206,SANTA ELIZABETH N° 100,LIMA-LIMA-SAN JUAN DE LURIGANCHO
4207,SANTA INES - SACO OLIVEROS,LIMA-HUARAL-HUARAL
4208,SANTA INÉS,LIMA-LIMA-ATE
4209,SANTA INÉS HUAYCÁN ATE,LIMA-LIMA-LIMA
4210,SANTA ISABEL,JUNIN-CHUPACA-CHONGOS BAJO
4211,SANTA ISABEL,LIMA-LIMA-CARABAYLLO
4212,SANTA ISABEL,JUNIN-HUANCAYO-HUANCAYO
4213,SANTA ISABEL,LIMA-LIMA-EL AGUSTINO
4214,SANTA ISABEL DE HUNGRIA,LIMA-LIMA-SANTIAGO DE SURCO
4215,SANTA ISABEL DE HUNGRÍA,LIMA-LIMA-LIMA
4216,SANTA ISABEL DE HUNGRÍA,LIMA-LIMA-SANTIAGO DE SURCO
4217,SANTA JUANA DEL ARCO,LIMA-LIMA-VILLA MARIA DEL TRIUNFO
4218,SANTA LUISA DE MARILLAC,LIMA-LIMA-SANTA ANITA
4219,SANTA LUISA DE MARILLAC II,LIMA-LIMA-ATE
4220,SANTA MAGDALENA,LA LIBERTAD-PACASMAYO-GUADALUPE
4221,SANTA MARGARITA DE JESUS,LIMA-LIMA-SANTA ANITA
4222,SANTA MARIA DE BREÑA,LIMA-LIMA-BREÑA
4223,SANTA MARIA DE CERVELLO,ANCASH-SANTA-NUEVO CHIMBOTE
4224,SANTA MARIA DE JESÚS,LIMA-LIMA-SANTA ANITA
4225,SANTA MARIA DE JESÚS,LIMA-LIMA-COMAS
4226,SANTA MARIA DE LOS ANDES,LIMA-LIMA-VILLA MARIA DEL TRIUNFO
4227,SANTA MARIA DEL ROSARIO,LIMA-LIMA-VILLA MARIA DEL TRIUNFO
4228,SANTA MARIA PURISIMA,LIMA-LIMA-SAN MARTIN DE PORRES
4229,SANTA MARIA REYNA,CALLAO-CALLAO-VENTANILLA
4230,SANTA MARÍA,CALLAO-CALLAO-VENTANILLA
4231,SANTA MARÍA DE PACHACÚTEC,CALLAO-CALLAO-VENTANILLA
4232,SANTA MARÍA DEL ROSARIO,LIMA-LIMA-VILLA MARIA DEL TRIUNFO
4233,SANTA MARÍA DEL ROSARIO DE TABLADA DE LURÍN,LIMA-LIMA-VILLA MARIA DEL TRIUNFO
4234,SANTA MARÍA EUFRASIA,LIMA-LIMA-LA MOLINA
4235,SANTA MARÍA JOSEFFA ROSELLO,LIMA-LIMA-SURQUILLO
4236,SANTA MARÍA MAZZARELLO,LIMA-LIMA-PUEBLO LIBRE
4237,SANTA MARÍA PURÍSIMA,LIMA-LIMA-SAN MARTIN DE PORRES
4238,SANTA MARÍA PURÍSIMA,LIMA-LIMA-LIMA
4239,SANTA MATILDE I.E.P,LIMA-LIMA-SAN LUIS
4240,SANTA MONICA COLLEGE,LIMA-LIMA-LOS OLIVOS
4241,SANTA MÓNICA,PUNO-SAN ROMAN-JULIACA
4242,SANTA MÓNICA COLLEGE,LIMA-LIMA-LOS OLIVOS
4243,SANTA RITA DE CASIA,APURIMAC-COTABAMBAS-COTABAMBAS
4244,SANTA ROSA,LIMA-LIMA-LIMA
4245,SANTA ROSA 2093,CALLAO-CALLAO-CALLAO
4246,SANTA ROSA 6094,LIMA-LIMA-CHORRILLOS
4247,SANTA ROSA DE AMÉRICA,LIMA-LIMA-PUENTE PIEDRA
4248,SANTA ROSA DE ANDAHUAYLAS,APURIMAC-ANDAHUAYLAS-ANDAHUAYLAS
4249,SANTA ROSA DE BARRANCO,LIMA-LIMA-BARRANCO
4250,SANTA ROSA DE LAS AMERICAS,LIMA-LIMA-PUENTE PIEDRA
4251,SANTA ROSA DE LAS AMERICAS DE LOS OLIVOS,LIMA-LIMA-PUENTE PIEDRA
4252,SANTA ROSA DE LAS AMÉRICAS,ICA-ICA-PACHACUTEC
4253,SANTA ROSA DE LIMA,LIMA-BARRANCA-PARAMONGA
4254,SANTA ROSA DE LIMA 2001,LIMA-LIMA-SAN MARTIN DE PORRES
4255,SANTA ROSA DE LIMA PNP,PUNO-SAN ROMAN-JULIACA
4256,SANTA ROSA DE QUIVES,LIMA-LIMA-LOS OLIVOS
4257,SANTA ROSA DE VITERBO,ANCASH-HUARAZ-HUARAZ
4258,SANTA ROSA MILAGROSA 0136,LIMA-LIMA-SAN JUAN DE LURIGANCHO
4259,SANTA ROSA REVOLUCIONARIA,CUSCO-CUSCO-SAN SEBASTIAN
4260,SANTA ROSA SULLANA,PIURA-SULLANA-SULLANA
4261,SANTA ROZA DE QUIVES,LIMA-LIMA-LOS OLIVOS
4262,SANTA TERESITA,LIMA-LIMA-SANTIAGO DE SURCO
4263,SANTA TERESITA DE JESUS,LIMA-LIMA-ATE
4264,SANTA TERESITA DE JESÚS,ANCASH-CASMA-CASMA
4265,SANTA URSULA,LIMA-LIMA-SAN JUAN DE LURIGANCHO
4266,SANTA URSULA DE NZAR,LIMA-LIMA-SAN JUAN DE LURIGANCHO
4267,SANTA URSULA NAZARENA- SJL,LIMA-LIMA-SAN JUAN DE LURIGANCHO
4268,SANTA URSULA NAZARENA- SJL,LIMA-LIMA-LIMA
4269,SANTANDER,LIMA-LIMA-SAN BORJA
4270,SANTANDER,LIMA-LIMA-MIRAFLORES
4271,SANTIAGO ANTUEZ DE MAYOLO,LIMA-LIMA-INDEPENDENCIA
4272,SANTIAGO ANTUNEZ DE MAYOLO,LIMA-LIMA-CARABAYLLO
4273,SANTIAGO ANTUNEZ DE MAYOLO,ANCASH-CORONGO-LA PAMPA
4274,SANTIAGO ANTUNEZ DE MAYOLO,JUNIN-CHANCHAMAYO-PICHANAQUI
4275,SANTIAGO ANTUNEZ DE MAYOLO 3048,LIMA-LIMA-INDEPENDENCIA
4276,SANTIAGO ANTÚNEZ DE MAYOLO,LIMA-LIMA-VILLA EL SALVADOR
4277,SANTIAGO ANTÚNEZ DE MAYOLO,LIMA-LIMA-CARABAYLLO
4278,SANTIAGO ANTÚNEZ DE MAYOLO,JUNIN-CHANCHAMAYO-PICHANAQUI
4279,SANTIAGO APOSTOL,LIMA-LIMA-ATE
4280,SANTISIMA MARIA DE LOS CEDROS,LIMA-LIMA-CHORRILLOS
4281,SANTISIMA TRINIDAD,LIMA-LIMA-LIMA
4282,SANTISIMA VIRGEN DE LA PUERTA,LIMA-LIMA-LIMA
4283,SANTISIMA VIRGEN DE LA PUERTA,LIMA-LIMA-SAN MARTIN DE PORRES
4284,SANTISIMA VIRGEN DE LAS MERCEDES,LIMA-LIMA-CHACLACAYO
4285,SANTISIMO CRISTO MORENO,ICA-ICA-ICA
4286,SANTISIMO SACRAMENTO,LIMA-LIMA-SAN MARTIN DE PORRES
4287,SANTO DOMINGO,LIMA-LIMA-SAN MARTIN DE PORRES
4288,SANTO DOMINGO,CALLAO-CALLAO-CALLAO
4289,SANTO DOMINGO,LIMA-YAUYOS-YAUYOS
4290,SANTO DOMINGO DE CHANCAY,LIMA-HUARAL-CHANCAY
4291,SANTO DOMINGO DE CHORRILLOS,LIMA-LIMA-CHORRILLOS
4292,SANTO DOMINGO DE GUZMAN,LIMA-LIMA-SAN JUAN DE LURIGANCHO
4293,SANTO DOMINGO DE GUZMAN,LIMA-LIMA-LIMA
4294,SANTO DOMINGO DE GUZMAN,LIMA-LIMA-EL AGUSTINO
4295,SANTO DOMINGO DE GUZMAN DE CARABAYLLO,LIMA-LIMA-CARABAYLLO
4296,SANTO DOMINGO DE GUZMAN LAS FLORES,LIMA-LIMA-SAN JUAN DE LURIGANCHO
4297,SANTO DOMINGO DE GUZMÁN,LIMA-LIMA-CARABAYLLO
4298,SANTO DOMINGO DE GUZMÁN,LIMA-LIMA-BREÑA
4299,SANTO DOMINGO DE GUZMÁN,LIMA-HUAURA-HUACHO
4300,SANTO DOMINGO DE GUZMÁN,LA LIBERTAD-TRUJILLO-MOCHE
4301,SANTO DOMINGO DE GUZMÁN,LIMA-LIMA-SAN JUAN DE LURIGANCHO
4302,SANTO DOMINGO DE GUZMÁN - LAS FLORES,LIMA-LIMA-SAN JUAN DE LURIGANCHO
4303,SANTO DOMINGO DE GUZMÁN DE CARABAYLLO,LIMA-LIMA-CARABAYLLO
4304,SANTO DOMINGO DE GUZMÁN LAS FLORES,LIMA-LIMA-LURIGANCHO
4305,SANTO DOMINGO DE JICAMARCA,LIMA-LIMA-SAN JUAN DE LURIGANCHO
4306,SANTO DOMINGO DE JICAMARCA,LIMA-HUAROCHIRI-SAN ANTONIO
4307,SANTO DOMINGO DE JICAMARCA,LIMA-HUAROCHIRI-HUAROCHIRI
4308,SANTO DOMINGO DE MORO,ANCASH-SANTA-MORO
4309,SANTO DOMINGO DE SAVIO,LIMA-LIMA-SAN JUAN DE LURIGANCHO
4310,SANTO DOMINGO DEL APOSTOL,LIMA-LIMA-SAN MIGUEL
4311,SANTO DOMINGO EL APOSTOL,LIMA-LIMA-SAN MIGUEL
4312,SANTO DOMINGO EL APÓSTOL,LIMA-LIMA-SAN MIGUEL
4313,SANTO DOMINGO EL MAESTRO,LIMA-LIMA-CARABAYLLO
4314,SANTO DOMINGO EL PREDICADOR,LIMA-LIMA-SAN MARTIN DE PORRES
4315,SANTO DOMINGO EL PREDICADOR,CALLAO-CALLAO-CALLAO
4316,SANTO DOMINGO SAVIO,LIMA-LIMA-SANTA ANITA
4317,SANTO DOMINGO SAVIO,LIMA-LIMA-SAN MARTIN DE PORRES
4318,SANTO DOMINGO SAVIO,LIMA-LIMA-SAN JUAN DE LURIGANCHO
4319,SANTO TOMAS DE AQUINO,ANCASH-HUARAZ-INDEPENDENCIA
4320,SANTO TOMAS DE AQUINO DE LOS JARDINES,LIMA-LIMA-SAN MARTIN DE PORRES
4321,SANTO TOMAS DE AQUINO LOS JARDINES,LIMA-LIMA-SAN MARTIN DE PORRES
4322,SANTO TOMÁS DE AQUINO,ANCASH-HUARAZ-INDEPENDENCIA
4323,SANTO TOMÁS DE AQUINO,LAMBAYEQUE-CHICLAYO-CHICLAYO
4324,SANTO TOMÁS DE AQUINO DE LOS JARDINES,LIMA-LIMA-INDEPENDENCIA
4325,SANTO TOMÁS DE AQUINO DE LOS JARDINES,LIMA-LIMA-LIMA
4326,SANTO TOMÁS DE AQUINO DE LOS JARDINES,LIMA-LIMA-SAN MARTIN DE PORRES
4327,SANTO TOMÁS DE VALENCIA,LIMA-LIMA-SANTA ROSA
4328,SANTÍSIMA MADRE MARÍA,LIMA-LIMA-SAN MIGUEL
4329,SANTÍSIMA MARIA,LIMA-LIMA-CHORRILLOS
4330,SANTÍSIMA VIRGEN DE LA PUERTA,LIMA-LIMA-SAN MARTIN DE PORRES
4331,SANTÍSIMA VIRGEN DE LAS MERCEDES,LIMA-LIMA-CHACLACAYO
4332,SANTÍSIMA VIRGEN DEL CAMINO,LIMA-LIMA-LIMA
4333,SANTÍSIMO SACRAMENTO,LIMA-LIMA-SAN MARTIN DE PORRES
4334,SANTÍSIMO SALVADOR,LIMA-LIMA-LIMA
4335,SASAKAWA 7094,LIMA-LIMA-VILLA EL SALVADOR
4336,SATELITE PRIMAVERAL,ICA-CHINCHA-PUEBLO NUEVO
4337,SATÉLITE PRIMAVERAL,ICA-CHINCHA-CHINCHA ALTA
4338,SAUL CANTORAL HUAMANI 1183,LIMA-LIMA-SAN JUAN DE LURIGANCHO
4339,SAÚL CANTORAL HUAMANÍ,LIMA-LIMA-SAN JUAN DE LURIGANCHO
4340,SCHILLER GOETHE,LIMA-LIMA-VILLA MARIA DEL TRIUNFO
4341,SCHOOL INTERNATIONAL INNOVA,PUNO-SAN ROMAN-JULIACA
4342,SCIPION E. LLONA,LIMA-LIMA-MIRAFLORES
4343,SEBASTIAN SALAZAR BONDY,LIMA-LIMA-LOS OLIVOS
4344,SEBASTIAN SALAZAR BONDY,LIMA-LIMA-SAN MARTIN DE PORRES
4345,SECUNDARIA 60053 GRAL. AUGUSTO FREYRE GARCIA PÚBLI,LORETO-MAYNAS-IQUITOS
4346,SEGUNDO CABRERA MUÑOZ,CAJAMARCA-CAJAMARCA-CAJAMARCA
4347,SELECCION A,LIMA-LIMA-ATE
4348,SELECCIÓN A,LIMA-LIMA-ATE
4349,SEMINARIO JESUS MARIA,AMAZONAS-CHACHAPOYAS-CHACHAPOYAS
4350,SERAFIN FILOMENO,SAN MARTIN-MOYOBAMBA-MOYOBAMBA
4351,SEÑOR DE ANIMAS,LIMA-LIMA-SAN JUAN DE MIRAFLORES
4352,SEÑOR DE LA ASCENSIÓN,LIMA-LIMA-PACHACAMAC
4353,SEÑOR DE LA MISERICORDIA,LIMA-LIMA-LIMA
4354,SEÑOR DE LA MISERICORDIA,LIMA-LIMA-EL AGUSTINO
4355,SEÑOR DE LA SOLEDAD,LIMA-LIMA-CARABAYLLO
4356,SEÑOR DEL PERDÓN,LAMBAYEQUE-CHICLAYO-CHICLAYO
4357,SEÑORDELPERDON,SAN MARTIN-MOYOBAMBA-MOYOBAMBA
4358,SHALOOM,LIMA-LIMA-LA MOLINA
4359,SHALOOM,LIMA-LIMA-PACHACAMAC
4360,SHOPIANO,CALLAO-CALLAO-CALLAO
4361,SHUJI KITAMURA N°0101,LIMA-LIMA-SANTA ANITA
4362,SIERVO DE JESUS,LIMA-LIMA-RIMAC
4363,SIGMA,JUNIN-JAUJA-JAUJA
4364,SIGMA,CAJAMARCA-CHOTA-CHOTA
4365,SIGMA,PUNO-SAN ROMAN-JULIACA
4366,SIGNOS DE FE,LIMA-LIMA-LIMA
4367,SIL SAN IGNACIO DE LOYOLA,LIMA-HUAURA-HUACHO
4368,SIMON BOLIVAR,LIMA-HUAROCHIRI-SANTA EULALIA
4369,SIMON BOLIVAR,PUNO-SAN ROMAN-JULIACA
4370,SIMON BOLIVAR,MOQUEGUA-MARISCAL NIETO-MOQUEGUA
4371,SIMON BOLIVAR,LIMA-LIMA-SAN MARTIN DE PORRES
4372,SIMON BOLIVAR PALACIOS,LIMA-LIMA-COMAS
4373,SIMÓN BOLIVAR,PUNO-SAN ROMAN-JULIACA
4374,SIMÓN BOLÍVAR,HUANCAVELICA-TAYACAJA-TINTAY PUNCU
4375,SINAI,LIMA-LIMA-SANTA ANITA
4376,SINCHI ROCA 2022,LIMA-LIMA-LIMA
4377,SIR ISAAC NEWTON,LIMA-LIMA-INDEPENDENCIA
4378,SISTEMA SAN MARCOS,LIMA-LIMA-COMAS
4379,SISTEMA SAN MARCOS,LIMA-LIMA-ATE
4380,SKHOLE PAIDEA,LIMA-LIMA-LOS OLIVOS
4381,SKHOLE PAIDEA DE LOS OLIVOS,LIMA-LIMA-LOS OLIVOS
4382,SKINNER,LIMA-LIMA-CARABAYLLO
4383,SOL DE ALEGRIA,LIMA-LIMA-LOS OLIVOS
4384,SOL NACIENTE - PACHACUTEC,CALLAO-CALLAO-VENTANILLA
4385,SOLIDARIDAD PERÚ ALEMANIA Nº7238,LIMA-LIMA-VILLA EL SALVADOR
4386,SOPHIANUM,LIMA-LIMA-PUENTE PIEDRA
4387,SOR ANA DE LOS ALAMOS,LIMA-LIMA-SAN JUAN DE LURIGANCHO
4388,SOR ANA DE LOS ANGELES,LIMA-LIMA-LIMA
4389,SOR ANA DE LOS ANGELES,CALLAO-CALLAO-CALLAO
4390,SOR ANA DE LOS ANGELES,LIMA-LIMA-SAN JUAN DE LURIGANCHO
4391,SOR ANA DE LOS ÁNGELES,CALLAO-CALLAO-CALLAO
4392,SOR MARÍA DE LOS ÁNGELES,LIMA-LIMA-SAN JUAN DE MIRAFLORES
4393,SOR ÁNGELA LECCA,LIMA-LIMA-BREÑA
4394,SORANA DE LOS ANGELES 5080,CALLAO-CALLAO-CALLAO
4395,SR DE GUALAMITA,CALLAO-CALLAO-CALLAO
4396,SR DE LOS AFLIGIDOS,ANCASH-CARHUAZ-CARHUAZ
4397,SS CC RECOLETA,LIMA-LIMA-LA MOLINA
4398,SS.CC.REINA DE LA PAZ,LIMA-LIMA-LIMA
4399,SSCC 3710,LIMA-LIMA-PUENTE PIEDRA
4400,ST GEORGES COLLEGE,LIMA-LIMA-CHORRILLOS
4401,ST. ANDREW,AREQUIPA-AREQUIPA-AREQUIPA
4402,ST.GEORGES COLLEGE,LIMA-LIMA-CHORRILLOS
4403,STAR,LIMA-LIMA-SAN JUAN DE LURIGANCHO
4404,STELLA MARIS 6152,LIMA-LIMA-VILLA MARIA DEL TRIUNFO
4405,STEPHEN HAWKING,JUNIN-TARMA-TARMA
4406,STEPHEN HAWKING,MOQUEGUA-ILO-ILO
4407,SUDAMERIZ,UCAYALI-CORONEL PORTILLO-CALLERIA
4408,SULPICIO GARCIA PEÑALOZA,LIMA-LIMA-LA MOLINA
4409,SULPICIO GARCIA PEÑALOZA,LIMA-LIMA-LIMA
4410,SUPLICIO GARCÍA PEÑALOZA,LIMA-LIMA-LA MOLINA
4411,T.M INGENIERO,LIMA-LIMA-SAN MARTIN DE PORRES
4412,TALAVERA DE LA REYNA,APURIMAC-ANDAHUAYLAS-TALAVERA
4413,TALENTOS,JUNIN-YAULI-LA OROYA
4414,TALENTOS SCHOOL,CALLAO-CALLAO-CALLAO
4415,TALENTUS,CALLAO-CALLAO-CALLAO
4416,TALENTUS SCHOOL,LIMA-LIMA-LIMA
4417,TALENTUS SCHOOL,CALLAO-CALLAO-CALLAO
4418,TALENTUS SCHOOOL,CALLAO-CALLAO-CALLAO
4419,TAPAYA,APURIMAC-ANDAHUAYLAS-ANDAHUAYLAS
4420,TARPUY,LIMA-LIMA-ATE
4421,TECHNOLOG Y SCHOOLS,LIMA-LIMA-SANTA ANITA
4422,TECHNOLOGI SCHOOL,LIMA-LIMA-INDEPENDENCIA
4423,TECHNOLOGY SCHOOL,LIMA-LIMA-SANTA ANITA
4424,TECHNOLOGY SCHOOL,LIMA-LIMA-CARABAYLLO
4425,TECHNOLOGY SCHOOL,LIMA-LIMA-LIMA
4426,TECHNOLOGY SCHOOL,LIMA-LIMA-COMAS
4427,TECHNOLOGY SCHOOL,LIMA-LIMA-SAN MARTIN DE PORRES
4428,TECHNOLOGY SCHOOL DE PARAMONGA,LIMA-LIMA-SAN MARTIN DE PORRES
4429,TECHNOLOGY SCHOOLS,LIMA-LIMA-SAN MARTIN DE PORRES
4430,TECHNOLOGY SCHOOLS,LIMA-LIMA-COMAS
4431,TECHNOLOGY SCHOOLS,LIMA-LIMA-ATE
4432,TECHNOLOGY SCHOOLS,LIMA-LIMA-LOS OLIVOS
4433,TECHNOLOGY SCHOOLS,LIMA-LIMA-CARABAYLLO
4434,TECHNOLOGY SCHOOLS,LIMA-LIMA-PUENTE PIEDRA
4435,TECHNOLOGY SCHOOLS,LIMA-LIMA-INDEPENDENCIA
4436,TECHNOLOGY SCHOOLS,LIMA-LIMA-SANTA ANITA
4437,TECHNOLOGY SCHOOLS,LIMA-LIMA-LIMA
4438,TECHNOLOGY SCHOOLS DE ATE,LIMA-LIMA-LIMA
4439,TECHNOLOGY SCHOOLS DE INDEPENDENCIA,LIMA-LIMA-INDEPENDENCIA
4440,TECHNOLOGY SCHOOLS DE NARANJAL,LIMA-LIMA-SAN MARTIN DE PORRES
4441,TECHNOLOGY SCHOOLS LA MOLINA,LIMA-LIMA-LA MOLINA
4442,TECHNOLOGY SCHOOLS LUCUMOS,LIMA-LIMA-SANTA ANITA
4443,TECHNOLOGY SCHOOLS ZAPALLAL,LIMA-LIMA-PUENTE PIEDRA
4444,TECHNOLOGY SECHOOLS,LIMA-LIMA-COMAS
4445,TECNICO 3052,LIMA-LIMA-INDEPENDENCIA
4446,TECNICO 6066,LIMA-LIMA-LIMA
4447,TECNICO 6066,LIMA-LIMA-VILLA EL SALVADOR
4448,TECNOLOGY SCHOOL,LIMA-LIMA-COMAS
4449,TECNOLOGY SCHOOLS,LIMA-LIMA-SANTA ANITA
4450,TECNOLOGY SCHOOLS,LIMA-LIMA-ATE
4451,TECNOLOGY SCHOOLS,LIMA-LIMA-LIMA
4452,TELESFORO CATACORA,LIMA-LIMA-ATE
4453,TELÉSFORO CATACORA,LIMA-LIMA-ATE
4454,TERESA DE LOS REYES,LIMA-LIMA-VILLA MARIA DEL TRIUNFO
4455,TERESA GONZALES DE FANNING,LIMA-LIMA-JESUS MARIA
4456,TERESA GONZALES DE FANNING,LIMA-LIMA-PUENTE PIEDRA
4457,TERESA GONZÁLEZ DE FANNING,LIMA-LIMA-JESUS MARIA
4458,TERESA GONZÁLEZ DE FANNING,LIMA-LIMA-LIMA
4459,TESLA SCHOOLS,LIMA-CAÑETE-MALA
4460,THALES,LIMA-LIMA-ATE
4461,THALES DE MILETO,LIMA-LIMA-ATE
4462,THALES DE VITARTE,LIMA-LIMA-ATE
4463,THALES HUAYCAN,LIMA-LIMA-ATE
4464,THALES LAS COLINAS,CALLAO-CALLAO-CALLAO
4465,THEGNOLOGY SCHOOLS,LIMA-LIMA-ATE
4466,THOMAS ALVA EDISON,LIMA-LIMA-SAN JUAN DE MIRAFLORES
4467,THOR HEYERDAHL,LAMBAYEQUE-LAMBAYEQUE-TUCUME
4468,TM INGENIERO,LIMA-LIMA-SAN MARTIN DE PORRES
4469,TNTE. CRNL. ALFREDO BONIFAZ FONSECA,LIMA-LIMA-RIMAC
4470,TOMAS ALVA EDISON,LIMA-LIMA-SAN JUAN DE LURIGANCHO
4471,TOMAS ALVA EDISON,LIMA-LIMA-LIMA
4472,TOMAS ARIETA,LIMA-LIMA-SAN MARTIN DE PORRES
4473,TOMAS ARIETA CRUZ,LIMA-LIMA-SAN MARTIN DE PORRES
4474,TOMAS ARIETA CRUZ,CALLAO-CALLAO-CALLAO
4475,TOMÁS ARIETA CRUZ,LIMA-LIMA-SAN MARTIN DE PORRES
4476,TORIBIO DE LUZURIAGA Y MEJIA,LIMA-LIMA-SAN JUAN DE LURIGANCHO
4477,TORIBIO DE LUZURIAGA Y MEJIA 132,LIMA-LIMA-SAN JUAN DE LURIGANCHO
4478,TORIBIO DE LUZURIAGA Y MEJÍA,LIMA-LIMA-SAN JUAN DE LURIGANCHO
4479,TORIBIO RODRIGUEZ DE MENDOZA,LIMA-LIMA-SAN JUAN DE LURIGANCHO
4480,TORIBIO RODRIGUEZ DE MENDOZA,LIMA-LIMA-LIMA
4481,TORIBIO RODRÍGUEZ DE MENDOZA,LIMA-LIMA-SAN JUAN DE LURIGANCHO
4482,TORREBLANCA,LIMA-LIMA-CARABAYLLO
4483,TRADICIONISTA RICARDO PALMA SORIANO,LIMA-LIMA-SAN JUAN DE LURIGANCHO
4484,TRENER,LIMA-LIMA-SANTIAGO DE SURCO
4485,TRENTO,LIMA-LIMA-ATE
4486,TRENTO,LIMA-LIMA-SAN MIGUEL
4487,TRENTO,LIMA-LIMA-COMAS
4488,TRENTO VENTANILLA,CALLAO-CALLAO-VENTANILLA
4489,TRILCE,LIMA-LIMA-PUEBLO LIBRE
4490,TRILCE,LIMA-LIMA-SANTIAGO DE SURCO
4491,TRILCE,LIMA-LIMA-LA VICTORIA
4492,TRILCE,LIMA-LIMA-COMAS
4493,TRILCE,LIMA-LIMA-SAN ISIDRO
4494,TRILCE,LIMA-LIMA-PUENTE PIEDRA
4495,TRILCE,LA LIBERTAD-TRUJILLO-TRUJILLO
4496,TRILCE,JUNIN-HUANCAYO-HUANCAYO
4497,TRILCE,LIMA-LIMA-ATE
4498,TRILCE,AREQUIPA-AREQUIPA-YANAHUARA
4499,TRILCE,ANCASH-HUARMEY-HUARMEY
4500,TRILCE,LIMA-LIMA-CHORRILLOS
4501,TRILCE,LIMA-LIMA-SAN JUAN DE MIRAFLORES
4502,TRILCE,CALLAO-CALLAO-BELLAVISTA
4503,TRILCE,LIMA-LIMA-INDEPENDENCIA
4504,TRILCE,LIMA-LIMA-SURQUILLO
4505,TRILCE,LIMA-LIMA-CARABAYLLO
4506,TRILCE,CALLAO-CALLAO-CALLAO
4507,TRILCE,LIMA-LIMA-LIMA
4508,TRILCE,AREQUIPA-AREQUIPA-UCHUMAYO
4509,TRILCE,LIMA-LIMA-VILLA MARIA DEL TRIUNFO
4510,TRILCE,LIMA-LIMA-BREÑA
4511,TRILCE,LAMBAYEQUE-CHICLAYO-LA VICTORIA
4512,TRILCE,JUNIN-CHANCHAMAYO-CHANCHAMAYO
4513,TRILCE,LIMA-LIMA-SAN MARTIN DE PORRES
4514,TRILCE,LIMA-LIMA-LINCE
4515,TRILCE,LIMA-LIMA-SAN JUAN DE LURIGANCHO
4516,TRILCE,JUNIN-HUANCAYO-EL TAMBO
4517,TRILCE,LIMA-LIMA-LOS OLIVOS
4518,TRILCE,LIMA-LIMA-SANTA ANITA
4519,TRILCE,LIMA-LIMA-VILLA EL SALVADOR
4520,TRILCE,MADRE DE DIOS-TAMBOPATA-TAMBOPATA
4521,TRILCE,LIMA-LIMA-SAN MIGUEL
4522,TRILCE,ANCASH-HUAYLAS-CARAZ
4523,TRILCE,LIMA-LIMA-JESUS MARIA
4524,TRILCE - LOS OLIVOS,LIMA-LIMA-LOS OLIVOS
4525,TRILCE - WIESSE,LIMA-LIMA-SAN JUAN DE LURIGANCHO
4526,TRILCE .TOMÁS VALLE,LIMA-LIMA-LOS OLIVOS
4527,TRILCE BREÑA,LIMA-LIMA-LIMA
4528,TRILCE BREÑA,LIMA-LIMA-BREÑA
4529,TRILCE CEDE CALLAO,CALLAO-CALLAO-CALLAO
4530,TRILCE CHANCHAMAYO,JUNIN-CHANCHAMAYO-CHANCHAMAYO
4531,TRILCE CHORRILLOS,LIMA-LIMA-LIMA
4532,TRILCE CHORRILLOS,LIMA-LIMA-CHORRILLOS
4533,TRILCE CHORRILLOS H2,LIMA-LIMA-CHORRILLOS
4534,TRILCE CHORRILLOS II,LIMA-LIMA-CHORRILLOS
4535,TRILCE COMAS,LIMA-LIMA-COMAS
4536,TRILCE DE LA MOLINA,LIMA-LIMA-LA MOLINA
4537,TRILCE DE LOS OLIVOS,LIMA-LIMA-LOS OLIVOS
4538,TRILCE DE ROMA,LIMA-LIMA-LIMA
4539,TRILCE DE ROMA,LIMA-LIMA-LA VICTORIA
4540,TRILCE DE SANTA ANITA,LIMA-LIMA-SANTA ANITA
4541,TRILCE HUANCAYO,JUNIN-HUANCAYO-HUANCAYO
4542,TRILCE LA MOLINA,LIMA-LIMA-ATE
4543,TRILCE LA MOLINA,LIMA-LIMA-LIMA
4544,TRILCE LOS OILIVOS,LIMA-LIMA-SAN MARTIN DE PORRES
4545,TRILCE LOS OLIVOS,LIMA-LIMA-INDEPENDENCIA
4546,TRILCE LOS OLIVOS,LIMA-LIMA-SAN MARTIN DE PORRES
4547,TRILCE LOS OLIVOS,LIMA-LIMA-LOS OLIVOS
4548,TRILCE LOS OLIVOS,LIMA-LIMA-LIMA
4549,TRILCE LOS OLIVOS DE PROLIMA,LIMA-LIMA-PUENTE PIEDRA
4550,TRILCE MARANGA,LIMA-LIMA-SAN MIGUEL
4551,TRILCE MARSANO,LIMA-LIMA-LIMA
4552,TRILCE MARSANO,LIMA-LIMA-SANTIAGO DE SURCO
4553,TRILCE PRO,LIMA-LIMA-LOS OLIVOS
4554,TRILCE PRO,LIMA-LIMA-PUENTE PIEDRA
4555,TRILCE PRO LIMA,LIMA-LIMA-LOS OLIVOS
4556,TRILCE PRO LIMA,LIMA-LIMA-LIMA
4557,TRILCE ROMA,LIMA-LIMA-JESUS MARIA
4558,TRILCE ROMA,LIMA-LIMA-LIMA
4559,TRILCE SA,LIMA-LIMA-SANTA ANITA
4560,TRILCE SALAVERRY,LIMA-LIMA-JESUS MARIA
4561,TRILCE SALAVERRY,LIMA-LIMA-LINCE
4562,TRILCE SAN ISIDRO,LIMA-LIMA-SAN ISIDRO
4563,TRILCE SANTA ANITA,LIMA-LIMA-SANTA ANITA
4564,TRILCE SANTA ANITA,AMAZONAS-CHACHAPOYAS-CHACHAPOYAS
4565,TRILCE SANTA BEATRIZ,LIMA-LIMA-LINCE
4566,TRILCE SANTA BEATRIZ,LIMA-LIMA-LA VICTORIA
4567,TRILCE SANTA BEATRIZ,LIMA-LIMA-LIMA
4568,TRILCE SEDE CENTRAL,LIMA-LIMA-JESUS MARIA
4569,TRILCE SEDE PRO,LIMA-LIMA-LOS OLIVOS
4570,TRILCE SEDE SALAVERRY,LIMA-LIMA-LIMA
4571,TRILCE SEDE SANTA BEATRIZ,LIMA-LIMA-LIMA
4572,TRILCE VES,LIMA-LIMA-VILLA EL SALVADOR
4573,TRILCE VILLA EL SALVADOR,LIMA-LIMA-VILLA EL SALVADOR
4574,TRILCE VILLA MARIA DEL TRIUNFO,LIMA-LIMA-VILLA MARIA DEL TRIUNFO
4575,TRILCE WISSE,LIMA-LIMA-SAN JUAN DE LURIGANCHO
4576,TRILCE-COMAS,LIMA-LIMA-COMAS
4577,TRILENIUM PRE-UNI,JUNIN-HUANCAYO-EL TAMBO
4578,TRILENIUM UNI ING,JUNIN-HUANCAYO-EL TAMBO
4579,TRINOMIO,AMAZONAS-CHACHAPOYAS-CHACHAPOYAS
4580,TRINOMIO,PUNO-SAN ROMAN-JULIACA
4581,TRINOMIO - JULIACA,PUNO-SAN ROMAN-JULIACA
4582,TRINOMIO- JULIACA,PUNO-SAN ROMAN-JULIACA
4583,TRIOLET,LIMA-HUAURA-VEGUETA
4584,TRIPOLO,APURIMAC-ANDAHUAYLAS-ANDAHUAYLAS
4585,TUNAGASUCA,LIMA-LIMA-COMAS
4586,TUNGASUCA,LIMA-LIMA-CARABAYLLO
4587,TUPAC AMARU,PUNO-SAN ROMAN-JULIACA
4588,TUPAC AMARU,PASCO-OXAPAMPA-POZUZO
4589,TUPAC AMARU,LIMA-LIMA-VILLA MARIA DEL TRIUNFO
4590,TUPAC AMARU 20902,LIMA-HUARAL-HUARAL
4591,TUPAC AMARU 3055,LIMA-LIMA-COMAS
4592,TUPAC AMARU II MOTUPE,LIMA-LIMA-SAN JUAN DE LURIGANCHO
4593,TUPAC AMARU N°20902,LIMA-HUARAL-HUARAL
4594,TUPAC AMARU PNP,LIMA-LIMA-LIMA
4595,TÉCNICO 3052,LIMA-LIMA-INDEPENDENCIA
4596,TÉCNICO INDUSTRIAL DE ANANEA,PUNO-SAN ANTONIO DE PUTINA-ANANEA
4597,TÚPAC AMARU,APURIMAC-CHINCHEROS-CHINCHEROS
4598,TÚPAC AMARU,LIMA-LIMA-VILLA MARIA DEL TRIUNFO
4599,TÚPAC AMARU,LIMA-LIMA-LIMA
4600,TÚPAC AMARU LL,LIMA-LIMA-VILLA MARIA DEL TRIUNFO
4601,UCUPE,LAMBAYEQUE-CHICLAYO-LAGUNAS
4602,UGEL 04 ESTADOS UNIDOS,LIMA-LIMA-COMAS
4603,UGEL 06,LIMA-LIMA-ATE
4604,UNIMASTER,LIMA-LIMA-LIMA
4605,UNIMASTER,LIMA-LIMA-COMAS
4606,UNIMASTER AV REVOLUCION 4TA ZONA COLLIQUE,LIMA-LIMA-COMAS
4607,UNIO BELLAVISTA,LIMA-LIMA-LIMA
4608,UNION,JUNIN-HUANCAYO-HUANCAYO
4609,UNION DE NUEVOS INTELIGENTES,CUSCO-URUBAMBA-URUBAMBA
4610,UNION LATINO,LIMA-LIMA-ATE
4611,UNION LATINOAMERICANO,LIMA-LIMA-LA MOLINA
4612,UNION LATINOAMÉRICA,LIMA-LIMA-LA MOLINA
4613,UNION PORVENIR,CALLAO-CALLAO-VENTANILLA
4614,UNIVERSIA,LIMA-LIMA-SAN MARTIN DE PORRES
4615,UNIVERSIA DEL CALLAO,CALLAO-CALLAO-CALLAO
4616,UNIVERSITY,LIMA-LIMA-LIMA
4617,UNIVERSITY COLLEGE,LIMA-LIMA-PUENTE PIEDRA
4618,UNIVERSITY COLLEGE,LIMA-LIMA-LIMA
4619,UNIVERSO,LIMA-LIMA-VILLA EL SALVADOR
4620,UNIÓN,JUNIN-HUANCAYO-HUANCAYO
4621,UNIÓN BELLAVISTA,LIMA-HUAROCHIRI-SAN ANTONIO
4622,UNIÓN DE NUEVOS INTELIGENTES,CUSCO-URUBAMBA-URUBAMBA
4623,UNIÓN LATINO,JUNIN-HUANCAYO-SAN AGUSTIN
4624,UNIÓN LATINOAMERICANA,LIMA-LIMA-LA MOLINA
4625,UNIÓN LATINOAMERICANA 1235,LIMA-LIMA-LA MOLINA
4626,UNIÓN LATINOAMERICANA 1235,LIMA-LIMA-ATE
4627,UNIÓN LOS OLIVOS,LIMA-LIMA-SAN MARTIN DE PORRES
4628,UNIÓN Y PORVENIR,CALLAO-CALLAO-VENTANILLA
4629,URIBES SCHOOL,LIMA-LIMA-VILLA EL SALVADOR
4630,VALLE HERMOSO,LIMA-HUAROCHIRI-SAN ANTONIO
4631,VALLE SAGRADO,CUSCO-URUBAMBA-URUBAMBA
4632,VANGUARD SCHOOLS,LIMA-LIMA-SAN MARTIN DE PORRES
4633,VANGUARD SCHOOLS,LIMA-LIMA-LIMA
4634,VASILI SUJOMLINSKY,LIMA-LIMA-SAN JUAN DE LURIGANCHO
4635,VENTURA CCALAMAQUI,LIMA-BARRANCA-BARRANCA
4636,VENTURA CCALAMAQUI,LIMA-BARRANCA-PATIVILCA
4637,VICTOR ANDRES BELAUNDE,LIMA-LIMA-LA VICTORIA
4638,VICTOR ANDRES BELAUNDE,LIMA-LIMA-PUENTE PIEDRA
4639,VICTOR ANDRES BELAUNDE,LIMA-LIMA-LIMA
4640,VICTOR ANDRES BELAUNDE,JUNIN-TARMA-SAN PEDRO DE CAJAS
4641,VICTOR ANDRES BELAUNDE,SAN MARTIN-TOCACHE-POLVORA
4642,VICTOR ANDRES BELAUNDE 1112,LIMA-LIMA-LA VICTORIA
4643,VICTOR ANDRES DE BELAUNDE,LIMA-LIMA-LIMA
4644,VICTOR ARIAS VICUÑA,PASCO-DANIEL ALCIDES CARRION-SANTA ANA DE TUSI
4645,VICTOR MORON MUÑOZ,LIMA-LIMA-SAN BARTOLO
4646,VICTOR MORÓN MUÑOZ,LIMA-LIMA-SAN BARTOLO
4647,VICTOR RAUL HAYA DE LA TORRE,LIMA-LIMA-PUENTE PIEDRA
4648,VICTOR RAUL HAYA DE LA TORRE,LIMA-LIMA-LURIGANCHO
4649,VICTOR RAUL HAYA DE LA TORRE,ANCASH-ANTONIO RAYMONDI-CHACCHO
4650,VICTOR RAUL HAYA DE LA TORRE,LIMA-LIMA-PACHACAMAC
4651,VICTOR RAUL HAYA DE LA TORRE,LIMA-LIMA-CIENEGUILLA
4652,VICTOR RAUL HAYA DE LA TORRE INEI 46,LIMA-LIMA-ATE
4653,VICTOR RAÚL HAYA DE LA TORRE,LIMA-LIMA-ATE
4654,VICTOR RAÚL HAYA DE LA TORRE,LIMA-LIMA-PACHACAMAC
4655,VICTOR SANTANDER CASCELLI,CUSCO-CANCHIS-SICUANI
4656,VICTOR SANTANDER CASELLI,CUSCO-CANCHIS-SICUANI
4657,VICTOR VALENZUELA GUARDIA,ANCASH-HUARAZ-HUARAZ
4658,VILLA EL SALVADOR TECNICO 6066,LIMA-LIMA-VILLA EL SALVADOR
4659,VILLA LOS ANGELES,LIMA-LIMA-LOS OLIVOS
4660,VILLA LOS ANGELES,LIMA-LIMA-LIMA
4661,VILLA LOS ÁNGELES,LIMA-LIMA-INDEPENDENCIA
4662,VILLA MARIA,LIMA-BARRANCA-BARRANCA
4663,VILLAS DE ANCON 898-8193,LIMA-LIMA-LIMA
4664,VILLAS DE ANCON 898-8193,LIMA-LIMA-ANCON
4665,VILLAS DE ANCÓN 8193,LIMA-LIMA-ANCON
4666,VIRGEN ASUNTA,AMAZONAS-CHACHAPOYAS-CHACHAPOYAS
4667,VIRGEN DE CHAPI,LIMA-LIMA-CARABAYLLO
4668,VIRGEN DE COPACABANA,LIMA-LIMA-SAN JUAN DE LURIGANCHO
4669,VIRGEN DE FATIMA,LIMA-LIMA-PUENTE PIEDRA
4670,VIRGEN DE FATIMA,ANCASH-HUARMEY-HUARMEY
4671,VIRGEN DE FATIMA DE BARRANCO,LIMA-LIMA-BARRANCO
4672,VIRGEN DE FÁTIMA,CALLAO-CALLAO-VENTANILLA
4673,VIRGEN DE FÁTIMA,LIMA-LIMA-PUENTE PIEDRA
4674,VIRGEN DE FÁTIMA 121,LIMA-LIMA-LIMA
4675,VIRGEN DE FÁTIMA 50-51,CALLAO-CALLAO-VENTANILLA
4676,VIRGEN DE FÁTIMA 5051,CALLAO-CALLAO-VENTANILLA
4677,VIRGEN DE FÁTIMA DE BARRANCO,LIMA-LIMA-BARRANCO
4678,VIRGEN DE GUADALUPE,LIMA-LIMA-LIMA
4679,VIRGEN DE GUADALUPE,LIMA-LIMA-SAN MARTIN DE PORRES
4680,VIRGEN DE GUADALUPE,LIMA-LIMA-LOS OLIVOS
4681,VIRGEN DE GUADALUPE,LIMA-LIMA-ATE
4682,VIRGEN DE GUADALUPE - EL DESCANSO,LIMA-LIMA-ATE
4683,VIRGEN DE LA ASUNCION,LIMA-LIMA-SANTIAGO DE SURCO
4684,VIRGEN DE LA ASUNCIÓN,LIMA-LIMA-SANTIAGO DE SURCO
4685,VIRGEN DE LA CANDELARIA,LIMA-LIMA-SAN JUAN DE LURIGANCHO
4686,VIRGEN DE LA MEDALLA MILAGROSA,ICA-CHINCHA-CHINCHA ALTA
4687,VIRGEN DE LA PUERTA,LIMA-LIMA-PACHACAMAC
4688,VIRGEN DE LORETO,LORETO-MAYNAS-IQUITOS
4689,VIRGEN DE ROSARIO,LIMA-LIMA-PACHACAMAC
4690,VIRGEN DE VIRGENES,LIMA-LIMA-PUENTE PIEDRA
4691,VIRGEN DEL CAMEN,LIMA-LIMA-SAN JUAN DE LURIGANCHO
4692,VIRGEN DEL CAMINO,LIMA-LIMA-LIMA
4693,VIRGEN DEL CAMINO,LIMA-LIMA-SAN MARTIN DE PORRES
4694,VIRGEN DEL CARMEN,LIMA-LIMA-LIMA
4695,VIRGEN DEL CARMEN,ICA-ICA-ICA
4696,VIRGEN DEL CARMEN,LIMA-LIMA-PACHACAMAC
4697,VIRGEN DEL CARMEN -1174,LIMA-LIMA-SAN JUAN DE LURIGANCHO
4698,VIRGEN DEL CARMEN DE MANCHAY,LIMA-LIMA-PACHACAMAC
4699,VIRGEN DEL CARMEN DE MANCHAY,LIMA-LIMA-ATE
4700,VIRGEN DEL ROSARIO,LIMA-LIMA-VILLA MARIA DEL TRIUNFO
4701,VIRGEN DEL ROSARIO,LIMA-LIMA-SANTIAGO DE SURCO
4702,VIRGEN DEL ROSARIO,LIMA-LIMA-SAN MARTIN DE PORRES
4703,VIRGEN DEL ROSARIO,LIMA-LIMA-PACHACAMAC
4704,VIRGEN DEL SANTUARIO,HUANCAVELICA-CASTROVIRREYNA-TICRAPO
4705,VIRGEN DOLOROSA,SAN MARTIN-SAN MARTIN-LA BANDA DE SHILCAYO
4706,VIRGEN MILAGROSA,LIMA-LIMA-PUENTE PIEDRA
4707,VIRGEN PEREGRINA DEL ROSARIO,LIMA-LIMA-LIMA
4708,VIRGEN PEREGRINA DEL ROSARIO,LIMA-LIMA-SAN MARTIN DE PORRES
4709,VIRGEN PEREGRINA DEL ROSARIO 2074,LIMA-LIMA-LIMA
4710,VIRGILIO ESPINOZA BARRIOS,LIMA-LIMA-LURIGANCHO
4711,VIRGILIO ESPINOZA BARRIOS,LIMA-LIMA-LIMA
4712,VIRGILIO ESPINOZA BARRIOS 0033,LIMA-LIMA-LURIGANCHO
4713,VIRGO POTENS,LIMA-LIMA-LIMA
4714,VIRGUILIO ESPINOZA BARRIOS,LIMA-LIMA-LURIGANCHO
4715,VISION MUNDIAL UGEL 03,LIMA-LIMA-LIMA
4716,VISIÓN MUNDIAL,LIMA-LIMA-LIMA
4717,VISTA ALEGRE 3088,LIMA-LIMA-LIMA
4718,VISTA ALEGRE 3088,LIMA-LIMA-PUENTE PIEDRA
4719,VIVA ESPERANZA,PUNO-SAN ROMAN-JULIACA
4720,VON NEUMANN,HUANUCO-HUANUCO-HUANUCO
4721,VÍCTOR ANDRES BELAUNDE,LIMA-LIMA-LIMA
4722,VÍCTOR ANDRÉS BELAUNDE,LA LIBERTAD-TRUJILLO-TRUJILLO
4723,VÍCTOR ANDRÉS BELAÚNDE,JUNIN-TARMA-SAN PEDRO DE CAJAS
4724,VÍCTOR ARIAS VICUÑA,PASCO-DANIEL ALCIDES CARRION-SANTA ANA DE TUSI
4725,VÍCTOR MORON MUÑOZ,LIMA-LIMA-SAN BARTOLO
4726,VÍCTOR RAÚL HAYA DE LA TORRE,LIMA-LIMA-PACHACAMAC
4727,VÍCTOR RAÚL HAYA DE LA TORRE 7259,LIMA-LIMA-PACHACAMAC
4728,VÍCTOR RAÚL HAYA DE LA TORRE INEI 46,LIMA-LIMA-ATE
4729,WALDEN SCHOOL,LIMA-LIMA-SAN MARTIN DE PORRES
4730,WALDEN SCHOOL,LIMA-LIMA-LIMA
4731,WALDEN SCHOOOL,LIMA-LIMA-SAN MARTIN DE PORRES
4732,WALDORF-LIMA,LIMA-LIMA-LA MOLINA
4733,WEZ COLLEGE,CAJAMARCA-CAJAMARCA-CAJAMARCA
4734,WILLIAM PRESCOOT,LIMA-LIMA-LIMA
4735,WILLIAM PRESCOTT,LIMA-LIMA-LOS OLIVOS
4736,WILLIAM SHAKEPEARE,LIMA-LIMA-SANTA ANITA
4737,WILLIAM SHAKESPEARE,LIMA-LIMA-SANTA ANITA
4738,WILLIAM SHAKESPEARE,LIMA-LIMA-LIMA
4739,WILLIAM SHAKESPEARE,LIMA-LIMA-LURIGANCHO
4740,WILLIAM SHAKESPEARE,LIMA-LIMA-COMAS
4741,WILLIAM SHAKESPEARE DE CARAPONGO,LIMA-LIMA-LURIGANCHO
4742,WILLIAM SHAKESPEARE DE SANTA ANITA,LIMA-LIMA-SANTA ANITA
4743,WILLIAM SHAKESPEARE SANTA ANITA,LIMA-LIMA-SANTA ANITA
4744,WILLIAN SHAKESPEARE DE CARAPONGO,LIMA-LIMA-LURIGANCHO
4745,YACHAY SCHOOL,PUNO-PUNO-PUNO
4746,YAMAGUCHI,LIMA-LIMA-SANTA ANITA
4747,ÁGORA,JUNIN-TARMA-TARMA
4748,ÁGORA,HUANCAVELICA-HUANCAVELICA-ASCENSION
4749,ÁNGELES DE LA PAZ,LIMA-LIMA-SAN BORJA
