insertId,jsonPayload.application_id,jsonPayload.class,jsonPayload.component,jsonPayload.executor_id,jsonPayload.filename,jsonPayload.level,jsonPayload.message,"'labels.""dataproc.googleapis.com/resource_id""","'labels.""dataproc.googleapis.com/resource_name""",logName,receiveLocation,receiveTimestamp,resource.labels.batch_id,resource.labels.location,resource.labels.project_id,resource.type,severity,timestamp
6zsqlqhhukt1kgwdd,,Worker,worker,,worker.out,,RECEIVED SIGNAL TERM,243829952224251369,"'gdpic-srvls-batch-05885bcf-2746-4f07-a781-bf97f4b28f16-w-1","'projects/final-espinal-aguilar/logs/dataproc.googleapis.com%2Fspark",,"'2025-12-16T05:53:20.455190858Z","'jb-medallion-20251216-054754","'southamerica-west1","'final-espinal-aguilar",cloud_dataproc_batch,ERROR,"'2025-12-16T05:53:20.455190858Z"
lp7ojue497xauutsg,,Worker,worker,,worker.out,,RECEIVED SIGNAL TERM,8713699897400708585,"'gdpic-srvls-batch-05885bcf-2746-4f07-a781-bf97f4b28f16-w-0","'projects/final-espinal-aguilar/logs/dataproc.googleapis.com%2Fspark",,"'2025-12-16T05:53:20.286219329Z","'jb-medallion-20251216-054754","'southamerica-west1","'final-espinal-aguilar",cloud_dataproc_batch,ERROR,"'2025-12-16T05:53:20.286219329Z"
jvp64ll9q2b0113qt,,Master,master,,master.out,,RECEIVED SIGNAL TERM,322547584544361961,"'gdpic-srvls-batch-05885bcf-2746-4f07-a781-bf97f4b28f16-m","'projects/final-espinal-aguilar/logs/dataproc.googleapis.com%2Fspark",,"'2025-12-16T05:53:20.169945807Z","'jb-medallion-20251216-054754","'southamerica-west1","'final-espinal-aguilar",cloud_dataproc_batch,ERROR,"'2025-12-16T05:53:20.169945807Z"
6zsqlqhhukt1kgwde,,,containerd,,containerd.err,info,"'""Stream server stopped""",243829952224251369,"'gdpic-srvls-batch-05885bcf-2746-4f07-a781-bf97f4b28f16-w-1","'projects/final-espinal-aguilar/logs/dataproc.googleapis.com%2Fcontainer",,"'2025-12-16T05:53:20.455190858Z","'jb-medallion-20251216-054754","'southamerica-west1","'final-espinal-aguilar",cloud_dataproc_batch,,"'2025-12-16T05:53:18.809260435Z"
6zsqlqhhukt1kgwdc,,,containerd,,containerd.err,info,"'""Event monitor stopped""",243829952224251369,"'gdpic-srvls-batch-05885bcf-2746-4f07-a781-bf97f4b28f16-w-1","'projects/final-espinal-aguilar/logs/dataproc.googleapis.com%2Fcontainer",,"'2025-12-16T05:53:20.455190858Z","'jb-medallion-20251216-054754","'southamerica-west1","'final-espinal-aguilar",cloud_dataproc_batch,,"'2025-12-16T05:53:18.809248095Z"
6zsqlqhhukt1kgwdb,,,containerd,,containerd.err,info,"'""Stop CRI service""",243829952224251369,"'gdpic-srvls-batch-05885bcf-2746-4f07-a781-bf97f4b28f16-w-1","'projects/final-espinal-aguilar/logs/dataproc.googleapis.com%2Fcontainer",,"'2025-12-16T05:53:20.455190858Z","'jb-medallion-20251216-054754","'southamerica-west1","'final-espinal-aguilar",cloud_dataproc_batch,,"'2025-12-16T05:53:18.809169444Z"
6zsqlqhhukt1kgwda,,,containerd,,containerd.err,info,"'""Stop CRI service""",243829952224251369,"'gdpic-srvls-batch-05885bcf-2746-4f07-a781-bf97f4b28f16-w-1","'projects/final-espinal-aguilar/logs/dataproc.googleapis.com%2Fcontainer",,"'2025-12-16T05:53:20.455190858Z","'jb-medallion-20251216-054754","'southamerica-west1","'final-espinal-aguilar",cloud_dataproc_batch,,"'2025-12-16T05:53:18.800262712Z"
jvp64ll9q2b0113qu,,,containerd,,containerd.err,info,"'""Stream server stopped""",322547584544361961,"'gdpic-srvls-batch-05885bcf-2746-4f07-a781-bf97f4b28f16-m","'projects/final-espinal-aguilar/logs/dataproc.googleapis.com%2Fcontainer",,"'2025-12-16T05:53:20.169945807Z","'jb-medallion-20251216-054754","'southamerica-west1","'final-espinal-aguilar",cloud_dataproc_batch,,"'2025-12-16T05:53:18.738970450Z"
jvp64ll9q2b0113qs,,,containerd,,containerd.err,info,"'""Event monitor stopped""",322547584544361961,"'gdpic-srvls-batch-05885bcf-2746-4f07-a781-bf97f4b28f16-m","'projects/final-espinal-aguilar/logs/dataproc.googleapis.com%2Fcontainer",,"'2025-12-16T05:53:20.169945807Z","'jb-medallion-20251216-054754","'southamerica-west1","'final-espinal-aguilar",cloud_dataproc_batch,,"'2025-12-16T05:53:18.738926502Z"
jvp64ll9q2b0113qr,,,containerd,,containerd.err,info,"'""Stop CRI service""",322547584544361961,"'gdpic-srvls-batch-05885bcf-2746-4f07-a781-bf97f4b28f16-m","'projects/final-espinal-aguilar/logs/dataproc.googleapis.com%2Fcontainer",,"'2025-12-16T05:53:20.169945807Z","'jb-medallion-20251216-054754","'southamerica-west1","'final-espinal-aguilar",cloud_dataproc_batch,,"'2025-12-16T05:53:18.738811174Z"
jvp64ll9q2b0113qq,,,containerd,,containerd.err,info,"'""Stop CRI service""",322547584544361961,"'gdpic-srvls-batch-05885bcf-2746-4f07-a781-bf97f4b28f16-m","'projects/final-espinal-aguilar/logs/dataproc.googleapis.com%2Fcontainer",,"'2025-12-16T05:53:20.169945807Z","'jb-medallion-20251216-054754","'southamerica-west1","'final-espinal-aguilar",cloud_dataproc_batch,,"'2025-12-16T05:53:18.725440391Z"
lp7ojue497xauutsm,,,containerd,,containerd.err,info,"'""Stream server stopped""",8713699897400708585,"'gdpic-srvls-batch-05885bcf-2746-4f07-a781-bf97f4b28f16-w-0","'projects/final-espinal-aguilar/logs/dataproc.googleapis.com%2Fcontainer",,"'2025-12-16T05:53:20.286219329Z","'jb-medallion-20251216-054754","'southamerica-west1","'final-espinal-aguilar",cloud_dataproc_batch,,"'2025-12-16T05:53:18.684519137Z"
lp7ojue497xauutsk,,,containerd,,containerd.err,info,"'""Event monitor stopped""",8713699897400708585,"'gdpic-srvls-batch-05885bcf-2746-4f07-a781-bf97f4b28f16-w-0","'projects/final-espinal-aguilar/logs/dataproc.googleapis.com%2Fcontainer",,"'2025-12-16T05:53:20.286219329Z","'jb-medallion-20251216-054754","'southamerica-west1","'final-espinal-aguilar",cloud_dataproc_batch,,"'2025-12-16T05:53:18.684507607Z"
lp7ojue497xauutsj,,,containerd,,containerd.err,info,"'""Stop CRI service""",8713699897400708585,"'gdpic-srvls-batch-05885bcf-2746-4f07-a781-bf97f4b28f16-w-0","'projects/final-espinal-aguilar/logs/dataproc.googleapis.com%2Fcontainer",,"'2025-12-16T05:53:20.286219329Z","'jb-medallion-20251216-054754","'southamerica-west1","'final-espinal-aguilar",cloud_dataproc_batch,,"'2025-12-16T05:53:18.684418785Z"
lp7ojue497xauutsi,,,containerd,,containerd.err,info,"'""Stop CRI service""",8713699897400708585,"'gdpic-srvls-batch-05885bcf-2746-4f07-a781-bf97f4b28f16-w-0","'projects/final-espinal-aguilar/logs/dataproc.googleapis.com%2Fcontainer",,"'2025-12-16T05:53:20.286219329Z","'jb-medallion-20251216-054754","'southamerica-west1","'final-espinal-aguilar",cloud_dataproc_batch,,"'2025-12-16T05:53:18.679676347Z"
lp7ojue497xauuqdw,"'app-20251216055131-0000",StreamWriter,executor,0,executor.log,,"'User close complete. Stream: projects/final-espinal-aguilar/datasets/oro/tables/fact_vuelos/streams/Cic2OWEzZDQ5Zi0wMDAwLTI2NzAtYmM1NS1kNGY1NDdmMzY2MTA6czI",8713699897400708585,"'gdpic-srvls-batch-05885bcf-2746-4f07-a781-bf97f4b28f16-w-0","'projects/final-espinal-aguilar/logs/dataproc.googleapis.com%2Fspark",,"'2025-12-16T05:52:44.855446677Z","'jb-medallion-20251216-054754","'southamerica-west1","'final-espinal-aguilar",cloud_dataproc_batch,INFO,"'2025-12-16T05:52:44.855446677Z"
lp7ojue497xauuqdv,"'app-20251216055131-0000",StreamWriter,executor,0,executor.log,,"'User close complete. Stream: projects/final-espinal-aguilar/datasets/oro/tables/fact_vuelos/streams/Cic2OWEzZDRhNC0wMDAwLTI2NzAtYmM1NS1kNGY1NDdmMzY2MTA6czA",8713699897400708585,"'gdpic-srvls-batch-05885bcf-2746-4f07-a781-bf97f4b28f16-w-0","'projects/final-espinal-aguilar/logs/dataproc.googleapis.com%2Fspark",,"'2025-12-16T05:52:44.855446677Z","'jb-medallion-20251216-054754","'southamerica-west1","'final-espinal-aguilar",cloud_dataproc_batch,INFO,"'2025-12-16T05:52:44.855446677Z"
lp7ojue497xauuqdu,"'app-20251216055131-0000",StreamWriter,executor,0,executor.log,,"'User close complete. Stream: projects/final-espinal-aguilar/datasets/oro/tables/fact_vuelos/streams/Cig2OWEzZDRhMy0wMDAwLTI2NzAtYmM1NS1kNGY1NDdmMzY2MTA6czEx",8713699897400708585,"'gdpic-srvls-batch-05885bcf-2746-4f07-a781-bf97f4b28f16-w-0","'projects/final-espinal-aguilar/logs/dataproc.googleapis.com%2Fspark",,"'2025-12-16T05:52:44.855446677Z","'jb-medallion-20251216-054754","'southamerica-west1","'final-espinal-aguilar",cloud_dataproc_batch,INFO,"'2025-12-16T05:52:44.855446677Z"
lp7ojue497xauuqdt,"'app-20251216055131-0000",StreamWriter,executor,0,executor.log,,"'User close complete. Stream: projects/final-espinal-aguilar/datasets/oro/tables/fact_vuelos/streams/CiQ2OWEzZDRhZC0wMDAwLTI2NzAtYmM1NS1kNGY1NDdmMzY2MTA",8713699897400708585,"'gdpic-srvls-batch-05885bcf-2746-4f07-a781-bf97f4b28f16-w-0","'projects/final-espinal-aguilar/logs/dataproc.googleapis.com%2Fspark",,"'2025-12-16T05:52:44.855446677Z","'jb-medallion-20251216-054754","'southamerica-west1","'final-espinal-aguilar",cloud_dataproc_batch,INFO,"'2025-12-16T05:52:44.855446677Z"
lp7ojue497xauuqds,"'app-20251216055131-0000",StreamWriter,executor,0,executor.log,,"'Connection finished with error com.google.cloud.spark.bigquery.repackaged.io.grpc.StatusRuntimeException: CANCELLED: Stream is closed by user. for stream projects/final-espinal-aguilar/datasets/oro/tables/fact_vuelos/streams/Cic2OWEzZDQ5Zi0wMDAwLTI2NzAtYmM1NS1kNGY1NDdmMzY2MTA6czI",8713699897400708585,"'gdpic-srvls-batch-05885bcf-2746-4f07-a781-bf97f4b28f16-w-0","'projects/final-espinal-aguilar/logs/dataproc.googleapis.com%2Fspark",,"'2025-12-16T05:52:44.855446677Z","'jb-medallion-20251216-054754","'southamerica-west1","'final-espinal-aguilar",cloud_dataproc_batch,INFO,"'2025-12-16T05:52:44.855446677Z"
lp7ojue497xauuqdr,"'app-20251216055131-0000",StreamWriter,executor,0,executor.log,,"'Connection finished with error com.google.cloud.spark.bigquery.repackaged.io.grpc.StatusRuntimeException: CANCELLED: Stream is closed by user. for stream projects/final-espinal-aguilar/datasets/oro/tables/fact_vuelos/streams/Cic2OWEzZDRhNC0wMDAwLTI2NzAtYmM1NS1kNGY1NDdmMzY2MTA6czA",8713699897400708585,"'gdpic-srvls-batch-05885bcf-2746-4f07-a781-bf97f4b28f16-w-0","'projects/final-espinal-aguilar/logs/dataproc.googleapis.com%2Fspark",,"'2025-12-16T05:52:44.855446677Z","'jb-medallion-20251216-054754","'southamerica-west1","'final-espinal-aguilar",cloud_dataproc_batch,INFO,"'2025-12-16T05:52:44.855446677Z"
lp7ojue497xauuqdq,"'app-20251216055131-0000",StreamWriter,executor,0,executor.log,,"'Connection finished with error com.google.cloud.spark.bigquery.repackaged.io.grpc.StatusRuntimeException: CANCELLED: Stream is closed by user. for stream projects/final-espinal-aguilar/datasets/oro/tables/fact_vuelos/streams/Cig2OWEzZDRhMy0wMDAwLTI2NzAtYmM1NS1kNGY1NDdmMzY2MTA6czEx",8713699897400708585,"'gdpic-srvls-batch-05885bcf-2746-4f07-a781-bf97f4b28f16-w-0","'projects/final-espinal-aguilar/logs/dataproc.googleapis.com%2Fspark",,"'2025-12-16T05:52:44.855446677Z","'jb-medallion-20251216-054754","'southamerica-west1","'final-espinal-aguilar",cloud_dataproc_batch,INFO,"'2025-12-16T05:52:44.855446677Z"
lp7ojue497xauuqdp,"'app-20251216055131-0000",StreamWriter,executor,0,executor.log,,"'User closing stream: projects/final-espinal-aguilar/datasets/oro/tables/fact_vuelos/streams/Cig2OWEzZDRhMy0wMDAwLTI2NzAtYmM1NS1kNGY1NDdmMzY2MTA6czEx",8713699897400708585,"'gdpic-srvls-batch-05885bcf-2746-4f07-a781-bf97f4b28f16-w-0","'projects/final-espinal-aguilar/logs/dataproc.googleapis.com%2Fspark",,"'2025-12-16T05:52:44.855446677Z","'jb-medallion-20251216-054754","'southamerica-west1","'final-espinal-aguilar",cloud_dataproc_batch,INFO,"'2025-12-16T05:52:44.855446677Z"
lp7ojue497xauuqdo,"'app-20251216055131-0000",StreamWriter,executor,0,executor.log,,"'Connection finished with error com.google.cloud.spark.bigquery.repackaged.io.grpc.StatusRuntimeException: CANCELLED: Stream is closed by user. for stream projects/final-espinal-aguilar/datasets/oro/tables/fact_vuelos/streams/CiQ2OWEzZDRhZC0wMDAwLTI2NzAtYmM1NS1kNGY1NDdmMzY2MTA",8713699897400708585,"'gdpic-srvls-batch-05885bcf-2746-4f07-a781-bf97f4b28f16-w-0","'projects/final-espinal-aguilar/logs/dataproc.googleapis.com%2Fspark",,"'2025-12-16T05:52:44.855446677Z","'jb-medallion-20251216-054754","'southamerica-west1","'final-espinal-aguilar",cloud_dataproc_batch,INFO,"'2025-12-16T05:52:44.855446677Z"
lp7ojue497xauuqdn,"'app-20251216055131-0000",StreamWriter,executor,0,executor.log,,"'User closing stream: projects/final-espinal-aguilar/datasets/oro/tables/fact_vuelos/streams/CiQ2OWEzZDRhZC0wMDAwLTI2NzAtYmM1NS1kNGY1NDdmMzY2MTA",8713699897400708585,"'gdpic-srvls-batch-05885bcf-2746-4f07-a781-bf97f4b28f16-w-0","'projects/final-espinal-aguilar/logs/dataproc.googleapis.com%2Fspark",,"'2025-12-16T05:52:44.855446677Z","'jb-medallion-20251216-054754","'southamerica-west1","'final-espinal-aguilar",cloud_dataproc_batch,INFO,"'2025-12-16T05:52:44.855446677Z"
lp7ojue497xauuqdm,"'app-20251216055131-0000",StreamWriter,executor,0,executor.log,,"'User closing stream: projects/final-espinal-aguilar/datasets/oro/tables/fact_vuelos/streams/Cic2OWEzZDQ5Zi0wMDAwLTI2NzAtYmM1NS1kNGY1NDdmMzY2MTA6czI",8713699897400708585,"'gdpic-srvls-batch-05885bcf-2746-4f07-a781-bf97f4b28f16-w-0","'projects/final-espinal-aguilar/logs/dataproc.googleapis.com%2Fspark",,"'2025-12-16T05:52:44.855446677Z","'jb-medallion-20251216-054754","'southamerica-west1","'final-espinal-aguilar",cloud_dataproc_batch,INFO,"'2025-12-16T05:52:44.855446677Z"
lp7ojue497xauuqdl,"'app-20251216055131-0000",StreamWriter,executor,0,executor.log,,"'User closing stream: projects/final-espinal-aguilar/datasets/oro/tables/fact_vuelos/streams/Cic2OWEzZDRhNC0wMDAwLTI2NzAtYmM1NS1kNGY1NDdmMzY2MTA6czA",8713699897400708585,"'gdpic-srvls-batch-05885bcf-2746-4f07-a781-bf97f4b28f16-w-0","'projects/final-espinal-aguilar/logs/dataproc.googleapis.com%2Fspark",,"'2025-12-16T05:52:44.855446677Z","'jb-medallion-20251216-054754","'southamerica-west1","'final-espinal-aguilar",cloud_dataproc_batch,INFO,"'2025-12-16T05:52:44.855446677Z"
lp7ojue497xauuqdk,"'app-20251216055131-0000",LoggingBigQueryStorageReadRowsTracer,executor,0,executor.log,,"'projects/final-espinal-aguilar/locations/southamerica-west1/sessions/CAISDElJUXM1LXVwUFhELRoCY2UaBmxjc2NsZA/streams/GgJjZRoGbGNzY2xkKAI,projects/final-espinal-aguilar/locations/southamerica-west1/sessions/CAISDElJUXM1LXVwUFhELRoCY2UaBmxjc2NsZA/streams/CAEaAmNlGgZsY3NjbGQoAg,projects/final-espinal-aguilar/locations/southamerica-west1/sessions/CAISDElJUXM1LXVwUFhELRoCY2UaBmxjc2NsZA/streams/CAIaAmNlGgZsY3NjbGQoAg,projects/final-espinal-aguilar/locations/southamerica-west1/sessions/CAISDElJUXM1LXVwUFhELRoCY2UaBmxjc2NsZA/streams/CAMaAmNlGgZsY3NjbGQoAg: Started: 2025-12-16T05:52:27.185714498Z Ended: 2025-12-16T05:52:28.360344027Z Parse Timings: Average: PT0.001696012S Samples: 119  Time in Spark: Average: PT0.006859463S Time waiting for service: Average: PT0.001856239S Samples: 119 Bytes/s: 166950181 Rows/s: 602676",8713699897400708585,"'gdpic-srvls-batch-05885bcf-2746-4f07-a781-bf97f4b28f16-w-0","'projects/final-espinal-aguilar/logs/dataproc.googleapis.com%2Fspark",,"'2025-12-16T05:52:44.855446677Z","'jb-medallion-20251216-054754","'southamerica-west1","'final-espinal-aguilar",cloud_dataproc_batch,INFO,"'2025-12-16T05:52:44.855446677Z"
lp7ojue497xauuqdj,"'app-20251216055131-0000",LoggingBigQueryStorageReadRowsTracer,executor,0,executor.log,,"'projects/final-espinal-aguilar/locations/southamerica-west1/sessions/CAISDElJUXM1LXVwUFhELRoCY2UaBmxjc2NsZA/streams/GgJjZRoGbGNzY2xkKAI,projects/final-espinal-aguilar/locations/southamerica-west1/sessions/CAISDElJUXM1LXVwUFhELRoCY2UaBmxjc2NsZA/streams/CAEaAmNlGgZsY3NjbGQoAg,projects/final-espinal-aguilar/locations/southamerica-west1/sessions/CAISDElJUXM1LXVwUFhELRoCY2UaBmxjc2NsZA/streams/CAIaAmNlGgZsY3NjbGQoAg,projects/final-espinal-aguilar/locations/southamerica-west1/sessions/CAISDElJUXM1LXVwUFhELRoCY2UaBmxjc2NsZA/streams/CAMaAmNlGgZsY3NjbGQoAg: Started: 2025-12-16T05:52:27.185480667Z Ended: 2025-12-16T05:52:28.274061415Z Parse Timings: Average: PT0.001876332S Samples: 119  Time in Spark: Average: PT0.006190676S Time waiting for service: Average: PT0.001525157S Samples: 119 Bytes/s: 203336707 Rows/s: 543219",8713699897400708585,"'gdpic-srvls-batch-05885bcf-2746-4f07-a781-bf97f4b28f16-w-0","'projects/final-espinal-aguilar/logs/dataproc.googleapis.com%2Fspark",,"'2025-12-16T05:52:44.855446677Z","'jb-medallion-20251216-054754","'southamerica-west1","'final-espinal-aguilar",cloud_dataproc_batch,INFO,"'2025-12-16T05:52:44.855446677Z"
lp7ojue497xauuqdi,"'app-20251216055131-0000",LoggingBigQueryStorageReadRowsTracer,executor,0,executor.log,,"'projects/final-espinal-aguilar/locations/southamerica-west1/sessions/CAISDDQyTE9ReFlyYnM1ORoCY2UaBmxjc2NsZA/streams/GgJjZRoGbGNzY2xkKAI: Started: 2025-12-16T05:52:27.322080014Z Ended: 2025-12-16T05:52:28.036467076Z Parse Timings: Average: PT0.00047485S Samples: 119  Time in Spark: Average: PT0.004704257S Time waiting for service: Average: PT0.001450523S Samples: 119 Bytes/s: 134226883 Rows/s: 8652696",8713699897400708585,"'gdpic-srvls-batch-05885bcf-2746-4f07-a781-bf97f4b28f16-w-0","'projects/final-espinal-aguilar/logs/dataproc.googleapis.com%2Fspark",,"'2025-12-16T05:52:44.855446677Z","'jb-medallion-20251216-054754","'southamerica-west1","'final-espinal-aguilar",cloud_dataproc_batch,INFO,"'2025-12-16T05:52:44.855446677Z"
lp7ojue497xauuqdh,"'app-20251216055131-0000",LoggingBigQueryStorageReadRowsTracer,executor,0,executor.log,,"'projects/final-espinal-aguilar/locations/southamerica-west1/sessions/CAISDE1Hdk5OYXhSbEVmNxoCY2UaBmxjc2NsZA/streams/GgJjZRoGbGNzY2xkKAI: Started: 2025-12-16T05:52:27.264217407Z Ended: 2025-12-16T05:52:27.881023856Z Parse Timings: Average: PT0.000460062S Samples: 119  Time in Spark: Average: PT0.004152314S Time waiting for service: Average: PT0.000966812S Samples: 119 Bytes/s: 201434017 Rows/s: 8973166",8713699897400708585,"'gdpic-srvls-batch-05885bcf-2746-4f07-a781-bf97f4b28f16-w-0","'projects/final-espinal-aguilar/logs/dataproc.googleapis.com%2Fspark",,"'2025-12-16T05:52:44.855446677Z","'jb-medallion-20251216-054754","'southamerica-west1","'final-espinal-aguilar",cloud_dataproc_batch,INFO,"'2025-12-16T05:52:44.855446677Z"
lp7ojue497xauuqdg,"'app-20251216055131-0000",StreamWriter,executor,0,executor.log,,"'User close complete. Stream: projects/final-espinal-aguilar/datasets/oro/tables/dim_causa/streams/Cic2OWEyZDUzZC0wMDAwLTJkMWYtOTVhZi01ODI0MjlkMzFiZTQ6czg",8713699897400708585,"'gdpic-srvls-batch-05885bcf-2746-4f07-a781-bf97f4b28f16-w-0","'projects/final-espinal-aguilar/logs/dataproc.googleapis.com%2Fspark",,"'2025-12-16T05:52:44.855446677Z","'jb-medallion-20251216-054754","'southamerica-west1","'final-espinal-aguilar",cloud_dataproc_batch,INFO,"'2025-12-16T05:52:44.855446677Z"
lp7ojue497xauuqdf,"'app-20251216055131-0000",StreamWriter,executor,0,executor.log,,"'User close complete. Stream: projects/final-espinal-aguilar/datasets/oro/tables/dim_causa/streams/Cic2OWEyZDU0My0wMDAwLTJkMWYtOTVhZi01ODI0MjlkMzFiZTQ6czE",8713699897400708585,"'gdpic-srvls-batch-05885bcf-2746-4f07-a781-bf97f4b28f16-w-0","'projects/final-espinal-aguilar/logs/dataproc.googleapis.com%2Fspark",,"'2025-12-16T05:52:44.855446677Z","'jb-medallion-20251216-054754","'southamerica-west1","'final-espinal-aguilar",cloud_dataproc_batch,INFO,"'2025-12-16T05:52:44.855446677Z"
lp7ojue497xauuqde,"'app-20251216055131-0000",StreamWriter,executor,0,executor.log,,"'User close complete. Stream: projects/final-espinal-aguilar/datasets/oro/tables/dim_causa/streams/Cig2OWEyZDUzZS0wMDAwLTJkMWYtOTVhZi01ODI0MjlkMzFiZTQ6czEw",8713699897400708585,"'gdpic-srvls-batch-05885bcf-2746-4f07-a781-bf97f4b28f16-w-0","'projects/final-espinal-aguilar/logs/dataproc.googleapis.com%2Fspark",,"'2025-12-16T05:52:44.855446677Z","'jb-medallion-20251216-054754","'southamerica-west1","'final-espinal-aguilar",cloud_dataproc_batch,INFO,"'2025-12-16T05:52:44.855446677Z"
lp7ojue497xauuqdd,"'app-20251216055131-0000",StreamWriter,executor,0,executor.log,,"'Connection finished with error com.google.cloud.spark.bigquery.repackaged.io.grpc.StatusRuntimeException: CANCELLED: Stream is closed by user. for stream projects/final-espinal-aguilar/datasets/oro/tables/dim_causa/streams/Cic2OWEyZDUzZC0wMDAwLTJkMWYtOTVhZi01ODI0MjlkMzFiZTQ6czg",8713699897400708585,"'gdpic-srvls-batch-05885bcf-2746-4f07-a781-bf97f4b28f16-w-0","'projects/final-espinal-aguilar/logs/dataproc.googleapis.com%2Fspark",,"'2025-12-16T05:52:44.855446677Z","'jb-medallion-20251216-054754","'southamerica-west1","'final-espinal-aguilar",cloud_dataproc_batch,INFO,"'2025-12-16T05:52:44.855446677Z"
lp7ojue497xauuqdc,"'app-20251216055131-0000",StreamWriter,executor,0,executor.log,,"'Connection finished with error com.google.cloud.spark.bigquery.repackaged.io.grpc.StatusRuntimeException: CANCELLED: Stream is closed by user. for stream projects/final-espinal-aguilar/datasets/oro/tables/dim_causa/streams/Cic2OWEyZDU0My0wMDAwLTJkMWYtOTVhZi01ODI0MjlkMzFiZTQ6czE",8713699897400708585,"'gdpic-srvls-batch-05885bcf-2746-4f07-a781-bf97f4b28f16-w-0","'projects/final-espinal-aguilar/logs/dataproc.googleapis.com%2Fspark",,"'2025-12-16T05:52:44.855446677Z","'jb-medallion-20251216-054754","'southamerica-west1","'final-espinal-aguilar",cloud_dataproc_batch,INFO,"'2025-12-16T05:52:44.855446677Z"
lp7ojue497xauuqdb,"'app-20251216055131-0000",StreamWriter,executor,0,executor.log,,"'User closing stream: projects/final-espinal-aguilar/datasets/oro/tables/dim_causa/streams/Cic2OWEyZDU0My0wMDAwLTJkMWYtOTVhZi01ODI0MjlkMzFiZTQ6czE",8713699897400708585,"'gdpic-srvls-batch-05885bcf-2746-4f07-a781-bf97f4b28f16-w-0","'projects/final-espinal-aguilar/logs/dataproc.googleapis.com%2Fspark",,"'2025-12-16T05:52:44.855446677Z","'jb-medallion-20251216-054754","'southamerica-west1","'final-espinal-aguilar",cloud_dataproc_batch,INFO,"'2025-12-16T05:52:44.855446677Z"
lp7ojue497xauuqda,"'app-20251216055131-0000",StreamWriter,executor,0,executor.log,,"'Connection finished with error com.google.cloud.spark.bigquery.repackaged.io.grpc.StatusRuntimeException: CANCELLED: Stream is closed by user. for stream projects/final-espinal-aguilar/datasets/oro/tables/dim_causa/streams/Cig2OWEyZDUzZS0wMDAwLTJkMWYtOTVhZi01ODI0MjlkMzFiZTQ6czEw",8713699897400708585,"'gdpic-srvls-batch-05885bcf-2746-4f07-a781-bf97f4b28f16-w-0","'projects/final-espinal-aguilar/logs/dataproc.googleapis.com%2Fspark",,"'2025-12-16T05:52:44.855446677Z","'jb-medallion-20251216-054754","'southamerica-west1","'final-espinal-aguilar",cloud_dataproc_batch,INFO,"'2025-12-16T05:52:44.855446677Z"
lp7ojue497xauuqcz,"'app-20251216055131-0000",StreamWriter,executor,0,executor.log,,"'User closing stream: projects/final-espinal-aguilar/datasets/oro/tables/dim_causa/streams/Cic2OWEyZDUzZC0wMDAwLTJkMWYtOTVhZi01ODI0MjlkMzFiZTQ6czg",8713699897400708585,"'gdpic-srvls-batch-05885bcf-2746-4f07-a781-bf97f4b28f16-w-0","'projects/final-espinal-aguilar/logs/dataproc.googleapis.com%2Fspark",,"'2025-12-16T05:52:44.855446677Z","'jb-medallion-20251216-054754","'southamerica-west1","'final-espinal-aguilar",cloud_dataproc_batch,INFO,"'2025-12-16T05:52:44.855446677Z"
lp7ojue497xauuqcy,"'app-20251216055131-0000",StreamWriter,executor,0,executor.log,,"'User closing stream: projects/final-espinal-aguilar/datasets/oro/tables/dim_causa/streams/Cig2OWEyZDUzZS0wMDAwLTJkMWYtOTVhZi01ODI0MjlkMzFiZTQ6czEw",8713699897400708585,"'gdpic-srvls-batch-05885bcf-2746-4f07-a781-bf97f4b28f16-w-0","'projects/final-espinal-aguilar/logs/dataproc.googleapis.com%2Fspark",,"'2025-12-16T05:52:44.855446677Z","'jb-medallion-20251216-054754","'southamerica-west1","'final-espinal-aguilar",cloud_dataproc_batch,INFO,"'2025-12-16T05:52:44.855446677Z"
lp7ojue497xauuqcx,"'app-20251216055131-0000",StreamWriter,executor,0,executor.log,,"'User close complete. Stream: projects/final-espinal-aguilar/datasets/oro/tables/dim_causa/streams/Cic2OWEyZDUzZi0wMDAwLTJkMWYtOTVhZi01ODI0MjlkMzFiZTQ6czM",8713699897400708585,"'gdpic-srvls-batch-05885bcf-2746-4f07-a781-bf97f4b28f16-w-0","'projects/final-espinal-aguilar/logs/dataproc.googleapis.com%2Fspark",,"'2025-12-16T05:52:44.855446677Z","'jb-medallion-20251216-054754","'southamerica-west1","'final-espinal-aguilar",cloud_dataproc_batch,INFO,"'2025-12-16T05:52:44.855446677Z"
lp7ojue497xauuqcw,"'app-20251216055131-0000",StreamWriter,executor,0,executor.log,,"'User closing stream: projects/final-espinal-aguilar/datasets/oro/tables/dim_causa/streams/Cic2OWEyZDUzZi0wMDAwLTJkMWYtOTVhZi01ODI0MjlkMzFiZTQ6czM",8713699897400708585,"'gdpic-srvls-batch-05885bcf-2746-4f07-a781-bf97f4b28f16-w-0","'projects/final-espinal-aguilar/logs/dataproc.googleapis.com%2Fspark",,"'2025-12-16T05:52:44.855446677Z","'jb-medallion-20251216-054754","'southamerica-west1","'final-espinal-aguilar",cloud_dataproc_batch,INFO,"'2025-12-16T05:52:44.855446677Z"
lp7ojue497xauuqcv,"'app-20251216055131-0000",StreamWriter,executor,0,executor.log,,"'User close complete. Stream: projects/final-espinal-aguilar/datasets/oro/tables/dim_destino/streams/Cig2OWEyZDRlNS0wMDAwLTJkMWYtOTVhZi01ODI0MjlkMzFiZTQ6czEz",8713699897400708585,"'gdpic-srvls-batch-05885bcf-2746-4f07-a781-bf97f4b28f16-w-0","'projects/final-espinal-aguilar/logs/dataproc.googleapis.com%2Fspark",,"'2025-12-16T05:52:44.855446677Z","'jb-medallion-20251216-054754","'southamerica-west1","'final-espinal-aguilar",cloud_dataproc_batch,INFO,"'2025-12-16T05:52:44.855446677Z"
lp7ojue497xauuqcu,"'app-20251216055131-0000",StreamWriter,executor,0,executor.log,,"'Connection finished with error com.google.cloud.spark.bigquery.repackaged.io.grpc.StatusRuntimeException: CANCELLED: Stream is closed by user. for stream projects/final-espinal-aguilar/datasets/oro/tables/dim_destino/streams/Cig2OWEyZDRlNS0wMDAwLTJkMWYtOTVhZi01ODI0MjlkMzFiZTQ6czEz",8713699897400708585,"'gdpic-srvls-batch-05885bcf-2746-4f07-a781-bf97f4b28f16-w-0","'projects/final-espinal-aguilar/logs/dataproc.googleapis.com%2Fspark",,"'2025-12-16T05:52:44.855446677Z","'jb-medallion-20251216-054754","'southamerica-west1","'final-espinal-aguilar",cloud_dataproc_batch,INFO,"'2025-12-16T05:52:44.855446677Z"
lp7ojue497xauuqct,"'app-20251216055131-0000",StreamWriter,executor,0,executor.log,,"'User closing stream: projects/final-espinal-aguilar/datasets/oro/tables/dim_destino/streams/Cig2OWEyZDRlNS0wMDAwLTJkMWYtOTVhZi01ODI0MjlkMzFiZTQ6czEz",8713699897400708585,"'gdpic-srvls-batch-05885bcf-2746-4f07-a781-bf97f4b28f16-w-0","'projects/final-espinal-aguilar/logs/dataproc.googleapis.com%2Fspark",,"'2025-12-16T05:52:44.855446677Z","'jb-medallion-20251216-054754","'southamerica-west1","'final-espinal-aguilar",cloud_dataproc_batch,INFO,"'2025-12-16T05:52:44.855446677Z"
lp7ojue497xauuqcs,"'app-20251216055131-0000",LoggingBigQueryStorageReadRowsTracer,executor,0,executor.log,,"'projects/final-espinal-aguilar/locations/southamerica-west1/sessions/CAISDGNhR0N4S29WMU4tYhoCY2UaBmxjc2NsZA/streams/GgJjZRoGbGNzY2xkKAI: Started: 2025-12-16T05:52:18.318322692Z Ended: 2025-12-16T05:52:18.675363294Z Parse Timings: Average: PT0.000339465S Samples: 119  Time in Spark: Average: PT0.001693052S Time waiting for service: Average: PT0.001005804S Samples: 119 Bytes/s: 194008605 Rows/s: 12113775",8713699897400708585,"'gdpic-srvls-batch-05885bcf-2746-4f07-a781-bf97f4b28f16-w-0","'projects/final-espinal-aguilar/logs/dataproc.googleapis.com%2Fspark",,"'2025-12-16T05:52:44.855446677Z","'jb-medallion-20251216-054754","'southamerica-west1","'final-espinal-aguilar",cloud_dataproc_batch,INFO,"'2025-12-16T05:52:44.855446677Z"
lp7ojue497xauuqcr,"'app-20251216055131-0000",StreamWriter,executor,0,executor.log,,"'User close complete. Stream: projects/final-espinal-aguilar/datasets/oro/tables/dim_origen/streams/Cig2OWEzZDNhMi0wMDAwLTI2NzAtYmM1NS1kNGY1NDdmMzY2MTA6czEw",8713699897400708585,"'gdpic-srvls-batch-05885bcf-2746-4f07-a781-bf97f4b28f16-w-0","'projects/final-espinal-aguilar/logs/dataproc.googleapis.com%2Fspark",,"'2025-12-16T05:52:44.855446677Z","'jb-medallion-20251216-054754","'southamerica-west1","'final-espinal-aguilar",cloud_dataproc_batch,INFO,"'2025-12-16T05:52:44.855446677Z"
lp7ojue497xauuqcq,"'app-20251216055131-0000",StreamWriter,executor,0,executor.log,,"'Connection finished with error com.google.cloud.spark.bigquery.repackaged.io.grpc.StatusRuntimeException: CANCELLED: Stream is closed by user. for stream projects/final-espinal-aguilar/datasets/oro/tables/dim_origen/streams/Cig2OWEzZDNhMi0wMDAwLTI2NzAtYmM1NS1kNGY1NDdmMzY2MTA6czEw",8713699897400708585,"'gdpic-srvls-batch-05885bcf-2746-4f07-a781-bf97f4b28f16-w-0","'projects/final-espinal-aguilar/logs/dataproc.googleapis.com%2Fspark",,"'2025-12-16T05:52:44.855446677Z","'jb-medallion-20251216-054754","'southamerica-west1","'final-espinal-aguilar",cloud_dataproc_batch,INFO,"'2025-12-16T05:52:44.855446677Z"
lp7ojue497xauuqcp,"'app-20251216055131-0000",StreamWriter,executor,0,executor.log,,"'User closing stream: projects/final-espinal-aguilar/datasets/oro/tables/dim_origen/streams/Cig2OWEzZDNhMi0wMDAwLTI2NzAtYmM1NS1kNGY1NDdmMzY2MTA6czEw",8713699897400708585,"'gdpic-srvls-batch-05885bcf-2746-4f07-a781-bf97f4b28f16-w-0","'projects/final-espinal-aguilar/logs/dataproc.googleapis.com%2Fspark",,"'2025-12-16T05:52:44.855446677Z","'jb-medallion-20251216-054754","'southamerica-west1","'final-espinal-aguilar",cloud_dataproc_batch,INFO,"'2025-12-16T05:52:44.855446677Z"
lp7ojue497xauuqco,"'app-20251216055131-0000",LoggingBigQueryStorageReadRowsTracer,executor,0,executor.log,,"'projects/final-espinal-aguilar/locations/southamerica-west1/sessions/CAISDFlwckFmRHRPSTZxbxoCY2UaBmxjc2NsZA/streams/GgJjZRoGbGNzY2xkKAI: Started: 2025-12-16T05:52:15.639940063Z Ended: 2025-12-16T05:52:16.074883718Z Parse Timings: Average: PT0.000431852S Samples: 119  Time in Spark: Average: PT0.002363056S Time waiting for service: Average: PT0.000963423S Samples: 119 Bytes/s: 203200982 Rows/s: 9501000",8713699897400708585,"'gdpic-srvls-batch-05885bcf-2746-4f07-a781-bf97f4b28f16-w-0","'projects/final-espinal-aguilar/logs/dataproc.googleapis.com%2Fspark",,"'2025-12-16T05:52:44.855446677Z","'jb-medallion-20251216-054754","'southamerica-west1","'final-espinal-aguilar",cloud_dataproc_batch,INFO,"'2025-12-16T05:52:44.855446677Z"
lp7ojue497xauuqcn,"'app-20251216055131-0000",StreamWriter,executor,0,executor.log,,"'User close complete. Stream: projects/final-espinal-aguilar/datasets/oro/tables/dim_aerolinea/streams/Cig2OWEzZDM2OC0wMDAwLTI2NzAtYmM1NS1kNGY1NDdmMzY2MTA6czEw",8713699897400708585,"'gdpic-srvls-batch-05885bcf-2746-4f07-a781-bf97f4b28f16-w-0","'projects/final-espinal-aguilar/logs/dataproc.googleapis.com%2Fspark",,"'2025-12-16T05:52:44.855446677Z","'jb-medallion-20251216-054754","'southamerica-west1","'final-espinal-aguilar",cloud_dataproc_batch,INFO,"'2025-12-16T05:52:44.855446677Z"
lp7ojue497xauuqcm,"'app-20251216055131-0000",StreamWriter,executor,0,executor.log,,"'Connection finished with error com.google.cloud.spark.bigquery.repackaged.io.grpc.StatusRuntimeException: CANCELLED: Stream is closed by user. for stream projects/final-espinal-aguilar/datasets/oro/tables/dim_aerolinea/streams/Cig2OWEzZDM2OC0wMDAwLTI2NzAtYmM1NS1kNGY1NDdmMzY2MTA6czEw",8713699897400708585,"'gdpic-srvls-batch-05885bcf-2746-4f07-a781-bf97f4b28f16-w-0","'projects/final-espinal-aguilar/logs/dataproc.googleapis.com%2Fspark",,"'2025-12-16T05:52:44.855446677Z","'jb-medallion-20251216-054754","'southamerica-west1","'final-espinal-aguilar",cloud_dataproc_batch,INFO,"'2025-12-16T05:52:44.855446677Z"
lp7ojue497xauuqcl,"'app-20251216055131-0000",StreamWriter,executor,0,executor.log,,"'User closing stream: projects/final-espinal-aguilar/datasets/oro/tables/dim_aerolinea/streams/Cig2OWEzZDM2OC0wMDAwLTI2NzAtYmM1NS1kNGY1NDdmMzY2MTA6czEw",8713699897400708585,"'gdpic-srvls-batch-05885bcf-2746-4f07-a781-bf97f4b28f16-w-0","'projects/final-espinal-aguilar/logs/dataproc.googleapis.com%2Fspark",,"'2025-12-16T05:52:44.855446677Z","'jb-medallion-20251216-054754","'southamerica-west1","'final-espinal-aguilar",cloud_dataproc_batch,INFO,"'2025-12-16T05:52:44.855446677Z"
lp7ojue497xauuqck,"'app-20251216055131-0000",LoggingBigQueryStorageReadRowsTracer,executor,0,executor.log,,"'projects/final-espinal-aguilar/locations/southamerica-west1/sessions/CAISDHl4NmIzYTJSdEJwVhoCY2UaBmxjc2NsZA/streams/GgJjZRoGbGNzY2xkKAI: Started: 2025-12-16T05:52:12.585147105Z Ended: 2025-12-16T05:52:13.046286243Z Parse Timings: Average: PT0.000408316S Samples: 119  Time in Spark: Average: PT0.002785891S Time waiting for service: Average: PT0.000582851S Samples: 119 Bytes/s: 224821217 Rows/s: 10094812",8713699897400708585,"'gdpic-srvls-batch-05885bcf-2746-4f07-a781-bf97f4b28f16-w-0","'projects/final-espinal-aguilar/logs/dataproc.googleapis.com%2Fspark",,"'2025-12-16T05:52:44.855446677Z","'jb-medallion-20251216-054754","'southamerica-west1","'final-espinal-aguilar",cloud_dataproc_batch,INFO,"'2025-12-16T05:52:44.855446677Z"
lp7ojue497xauuqcj,"'app-20251216055131-0000",StreamWriter,executor,0,executor.log,,"'User close complete. Stream: projects/final-espinal-aguilar/datasets/oro/tables/dim_tiempo/streams/Cig2OWEzZDMzMi0wMDAwLTI2NzAtYmM1NS1kNGY1NDdmMzY2MTA6czEz",8713699897400708585,"'gdpic-srvls-batch-05885bcf-2746-4f07-a781-bf97f4b28f16-w-0","'projects/final-espinal-aguilar/logs/dataproc.googleapis.com%2Fspark",,"'2025-12-16T05:52:44.855446677Z","'jb-medallion-20251216-054754","'southamerica-west1","'final-espinal-aguilar",cloud_dataproc_batch,INFO,"'2025-12-16T05:52:44.855446677Z"
lp7ojue497xauuqci,"'app-20251216055131-0000",StreamWriter,executor,0,executor.log,,"'Connection finished with error com.google.cloud.spark.bigquery.repackaged.io.grpc.StatusRuntimeException: CANCELLED: Stream is closed by user. for stream projects/final-espinal-aguilar/datasets/oro/tables/dim_tiempo/streams/Cig2OWEzZDMzMi0wMDAwLTI2NzAtYmM1NS1kNGY1NDdmMzY2MTA6czEz",8713699897400708585,"'gdpic-srvls-batch-05885bcf-2746-4f07-a781-bf97f4b28f16-w-0","'projects/final-espinal-aguilar/logs/dataproc.googleapis.com%2Fspark",,"'2025-12-16T05:52:44.855446677Z","'jb-medallion-20251216-054754","'southamerica-west1","'final-espinal-aguilar",cloud_dataproc_batch,INFO,"'2025-12-16T05:52:44.855446677Z"
lp7ojue497xauuqch,"'app-20251216055131-0000",StreamWriter,executor,0,executor.log,,"'User closing stream: projects/final-espinal-aguilar/datasets/oro/tables/dim_tiempo/streams/Cig2OWEzZDMzMi0wMDAwLTI2NzAtYmM1NS1kNGY1NDdmMzY2MTA6czEz",8713699897400708585,"'gdpic-srvls-batch-05885bcf-2746-4f07-a781-bf97f4b28f16-w-0","'projects/final-espinal-aguilar/logs/dataproc.googleapis.com%2Fspark",,"'2025-12-16T05:52:44.855446677Z","'jb-medallion-20251216-054754","'southamerica-west1","'final-espinal-aguilar",cloud_dataproc_batch,INFO,"'2025-12-16T05:52:44.855446677Z"
lp7ojue497xauuqcg,"'app-20251216055131-0000",LoggingBigQueryStorageReadRowsTracer,executor,0,executor.log,,"'projects/final-espinal-aguilar/locations/southamerica-west1/sessions/CAISDDR2N1VTRS1CNE15dhoCY2UaBmxjc2NsZA/streams/GgJjZRoGbGNzY2xkKAI: Started: 2025-12-16T05:52:09.163766656Z Ended: 2025-12-16T05:52:09.595425084Z Parse Timings: Average: PT0.000293687S Samples: 119  Time in Spark: Average: PT0.001985721S Time waiting for service: Average: PT0.001064579S Samples: 119 Bytes/s: 46329079 Rows/s: 14251499",8713699897400708585,"'gdpic-srvls-batch-05885bcf-2746-4f07-a781-bf97f4b28f16-w-0","'projects/final-espinal-aguilar/logs/dataproc.googleapis.com%2Fspark",,"'2025-12-16T05:52:44.855446677Z","'jb-medallion-20251216-054754","'southamerica-west1","'final-espinal-aguilar",cloud_dataproc_batch,INFO,"'2025-12-16T05:52:44.855446677Z"
lp7ojue497xauuqcf,"'app-20251216055131-0000",StreamWriter,executor,0,executor.log,,"'User close complete. Stream: projects/final-espinal-aguilar/datasets/plata/tables/flight_delay_plata/streams/Cic2OWEyZDM1Mi0wMDAwLTJkMWYtOTVhZi01ODI0MjlkMzFiZTQ6czY",8713699897400708585,"'gdpic-srvls-batch-05885bcf-2746-4f07-a781-bf97f4b28f16-w-0","'projects/final-espinal-aguilar/logs/dataproc.googleapis.com%2Fspark",,"'2025-12-16T05:52:44.855446677Z","'jb-medallion-20251216-054754","'southamerica-west1","'final-espinal-aguilar",cloud_dataproc_batch,INFO,"'2025-12-16T05:52:44.855446677Z"
lp7ojue497xauuqce,"'app-20251216055131-0000",StreamWriter,executor,0,executor.log,,"'User close complete. Stream: projects/final-espinal-aguilar/datasets/plata/tables/flight_delay_plata/streams/Cic2OWEyZDM0Ny0wMDAwLTJkMWYtOTVhZi01ODI0MjlkMzFiZTQ6czE",8713699897400708585,"'gdpic-srvls-batch-05885bcf-2746-4f07-a781-bf97f4b28f16-w-0","'projects/final-espinal-aguilar/logs/dataproc.googleapis.com%2Fspark",,"'2025-12-16T05:52:44.855446677Z","'jb-medallion-20251216-054754","'southamerica-west1","'final-espinal-aguilar",cloud_dataproc_batch,INFO,"'2025-12-16T05:52:44.855446677Z"
lp7ojue497xauuqcd,"'app-20251216055131-0000",StreamWriter,executor,0,executor.log,,"'Connection finished with error com.google.cloud.spark.bigquery.repackaged.io.grpc.StatusRuntimeException: CANCELLED: Stream is closed by user. for stream projects/final-espinal-aguilar/datasets/plata/tables/flight_delay_plata/streams/Cic2OWEyZDM1Mi0wMDAwLTJkMWYtOTVhZi01ODI0MjlkMzFiZTQ6czY",8713699897400708585,"'gdpic-srvls-batch-05885bcf-2746-4f07-a781-bf97f4b28f16-w-0","'projects/final-espinal-aguilar/logs/dataproc.googleapis.com%2Fspark",,"'2025-12-16T05:52:44.855446677Z","'jb-medallion-20251216-054754","'southamerica-west1","'final-espinal-aguilar",cloud_dataproc_batch,INFO,"'2025-12-16T05:52:44.855446677Z"
lp7ojue497xauuqcc,"'app-20251216055131-0000",StreamWriter,executor,0,executor.log,,"'User close complete. Stream: projects/final-espinal-aguilar/datasets/plata/tables/flight_delay_plata/streams/Cic2OWEyZDM0OS0wMDAwLTJkMWYtOTVhZi01ODI0MjlkMzFiZTQ6czQ",8713699897400708585,"'gdpic-srvls-batch-05885bcf-2746-4f07-a781-bf97f4b28f16-w-0","'projects/final-espinal-aguilar/logs/dataproc.googleapis.com%2Fspark",,"'2025-12-16T05:52:44.855446677Z","'jb-medallion-20251216-054754","'southamerica-west1","'final-espinal-aguilar",cloud_dataproc_batch,INFO,"'2025-12-16T05:52:44.855446677Z"
lp7ojue497xauuqcb,"'app-20251216055131-0000",StreamWriter,executor,0,executor.log,,"'User closing stream: projects/final-espinal-aguilar/datasets/plata/tables/flight_delay_plata/streams/Cic2OWEyZDM1Mi0wMDAwLTJkMWYtOTVhZi01ODI0MjlkMzFiZTQ6czY",8713699897400708585,"'gdpic-srvls-batch-05885bcf-2746-4f07-a781-bf97f4b28f16-w-0","'projects/final-espinal-aguilar/logs/dataproc.googleapis.com%2Fspark",,"'2025-12-16T05:52:44.855446677Z","'jb-medallion-20251216-054754","'southamerica-west1","'final-espinal-aguilar",cloud_dataproc_batch,INFO,"'2025-12-16T05:52:44.855446677Z"
lp7ojue497xauuqca,"'app-20251216055131-0000",StreamWriter,executor,0,executor.log,,"'Connection finished with error com.google.cloud.spark.bigquery.repackaged.io.grpc.StatusRuntimeException: CANCELLED: Stream is closed by user. for stream projects/final-espinal-aguilar/datasets/plata/tables/flight_delay_plata/streams/Cic2OWEyZDM0Ny0wMDAwLTJkMWYtOTVhZi01ODI0MjlkMzFiZTQ6czE",8713699897400708585,"'gdpic-srvls-batch-05885bcf-2746-4f07-a781-bf97f4b28f16-w-0","'projects/final-espinal-aguilar/logs/dataproc.googleapis.com%2Fspark",,"'2025-12-16T05:52:44.855446677Z","'jb-medallion-20251216-054754","'southamerica-west1","'final-espinal-aguilar",cloud_dataproc_batch,INFO,"'2025-12-16T05:52:44.855446677Z"
lp7ojue497xauuqbz,"'app-20251216055131-0000",StreamWriter,executor,0,executor.log,,"'User closing stream: projects/final-espinal-aguilar/datasets/plata/tables/flight_delay_plata/streams/Cic2OWEyZDM0Ny0wMDAwLTJkMWYtOTVhZi01ODI0MjlkMzFiZTQ6czE",8713699897400708585,"'gdpic-srvls-batch-05885bcf-2746-4f07-a781-bf97f4b28f16-w-0","'projects/final-espinal-aguilar/logs/dataproc.googleapis.com%2Fspark",,"'2025-12-16T05:52:44.855446677Z","'jb-medallion-20251216-054754","'southamerica-west1","'final-espinal-aguilar",cloud_dataproc_batch,INFO,"'2025-12-16T05:52:44.855446677Z"
lp7ojue497xauuqby,"'app-20251216055131-0000",StreamWriter,executor,0,executor.log,,"'User close complete. Stream: projects/final-espinal-aguilar/datasets/plata/tables/flight_delay_plata/streams/Cic2OWEyZDM0Yy0wMDAwLTJkMWYtOTVhZi01ODI0MjlkMzFiZTQ6czU",8713699897400708585,"'gdpic-srvls-batch-05885bcf-2746-4f07-a781-bf97f4b28f16-w-0","'projects/final-espinal-aguilar/logs/dataproc.googleapis.com%2Fspark",,"'2025-12-16T05:52:44.855446677Z","'jb-medallion-20251216-054754","'southamerica-west1","'final-espinal-aguilar",cloud_dataproc_batch,INFO,"'2025-12-16T05:52:44.855446677Z"
lp7ojue497xauuqbx,"'app-20251216055131-0000",StreamWriter,executor,0,executor.log,,"'Connection finished with error com.google.cloud.spark.bigquery.repackaged.io.grpc.StatusRuntimeException: CANCELLED: Stream is closed by user. for stream projects/final-espinal-aguilar/datasets/plata/tables/flight_delay_plata/streams/Cic2OWEyZDM0OS0wMDAwLTJkMWYtOTVhZi01ODI0MjlkMzFiZTQ6czQ",8713699897400708585,"'gdpic-srvls-batch-05885bcf-2746-4f07-a781-bf97f4b28f16-w-0","'projects/final-espinal-aguilar/logs/dataproc.googleapis.com%2Fspark",,"'2025-12-16T05:52:44.855446677Z","'jb-medallion-20251216-054754","'southamerica-west1","'final-espinal-aguilar",cloud_dataproc_batch,INFO,"'2025-12-16T05:52:44.855446677Z"
lp7ojue497xauuqbw,"'app-20251216055131-0000",StreamWriter,executor,0,executor.log,,"'Connection finished with error com.google.cloud.spark.bigquery.repackaged.io.grpc.StatusRuntimeException: CANCELLED: Stream is closed by user. for stream projects/final-espinal-aguilar/datasets/plata/tables/flight_delay_plata/streams/Cic2OWEyZDM0Yy0wMDAwLTJkMWYtOTVhZi01ODI0MjlkMzFiZTQ6czU",8713699897400708585,"'gdpic-srvls-batch-05885bcf-2746-4f07-a781-bf97f4b28f16-w-0","'projects/final-espinal-aguilar/logs/dataproc.googleapis.com%2Fspark",,"'2025-12-16T05:52:44.855446677Z","'jb-medallion-20251216-054754","'southamerica-west1","'final-espinal-aguilar",cloud_dataproc_batch,INFO,"'2025-12-16T05:52:44.855446677Z"
lp7ojue497xauuqbv,"'app-20251216055131-0000",StreamWriter,executor,0,executor.log,,"'User closing stream: projects/final-espinal-aguilar/datasets/plata/tables/flight_delay_plata/streams/Cic2OWEyZDM0OS0wMDAwLTJkMWYtOTVhZi01ODI0MjlkMzFiZTQ6czQ",8713699897400708585,"'gdpic-srvls-batch-05885bcf-2746-4f07-a781-bf97f4b28f16-w-0","'projects/final-espinal-aguilar/logs/dataproc.googleapis.com%2Fspark",,"'2025-12-16T05:52:44.855446677Z","'jb-medallion-20251216-054754","'southamerica-west1","'final-espinal-aguilar",cloud_dataproc_batch,INFO,"'2025-12-16T05:52:44.855446677Z"
lp7ojue497xauuqbu,"'app-20251216055131-0000",StreamWriter,executor,0,executor.log,,"'User closing stream: projects/final-espinal-aguilar/datasets/plata/tables/flight_delay_plata/streams/Cic2OWEyZDM0Yy0wMDAwLTJkMWYtOTVhZi01ODI0MjlkMzFiZTQ6czU",8713699897400708585,"'gdpic-srvls-batch-05885bcf-2746-4f07-a781-bf97f4b28f16-w-0","'projects/final-espinal-aguilar/logs/dataproc.googleapis.com%2Fspark",,"'2025-12-16T05:52:44.855446677Z","'jb-medallion-20251216-054754","'southamerica-west1","'final-espinal-aguilar",cloud_dataproc_batch,INFO,"'2025-12-16T05:52:44.855446677Z"
lp7ojue497xauuqbt,"'app-20251216055131-0000",LoggingBigQueryStorageReadRowsTracer,executor,0,executor.log,,"'projects/final-espinal-aguilar/locations/southamerica-west1/sessions/CAISDFJJUGJUUG9nd2I0YxoCY2UaBmxjc2NsZA/streams/GgJjZRoGbGNzY2xkKAI,projects/final-espinal-aguilar/locations/southamerica-west1/sessions/CAISDFJJUGJUUG9nd2I0YxoCY2UaBmxjc2NsZA/streams/CAEaAmNlGgZsY3NjbGQoAg,projects/final-espinal-aguilar/locations/southamerica-west1/sessions/CAISDFJJUGJUUG9nd2I0YxoCY2UaBmxjc2NsZA/streams/CAIaAmNlGgZsY3NjbGQoAg,projects/final-espinal-aguilar/locations/southamerica-west1/sessions/CAISDFJJUGJUUG9nd2I0YxoCY2UaBmxjc2NsZA/streams/CAMaAmNlGgZsY3NjbGQoAg: Started: 2025-12-16T05:51:50.538536589Z Ended: 2025-12-16T05:51:55.011657203Z Parse Timings: Average: PT0.007657741S Samples: 119  Time in Spark: Average: PT0.010694004S Time waiting for service: Average: PT0.00269233S Samples: 119 Bytes/s: 115012325 Rows/s: 132972",8713699897400708585,"'gdpic-srvls-batch-05885bcf-2746-4f07-a781-bf97f4b28f16-w-0","'projects/final-espinal-aguilar/logs/dataproc.googleapis.com%2Fspark",,"'2025-12-16T05:52:44.855446677Z","'jb-medallion-20251216-054754","'southamerica-west1","'final-espinal-aguilar",cloud_dataproc_batch,INFO,"'2025-12-16T05:52:44.855446677Z"
lp7ojue497xauuqbs,"'app-20251216055131-0000",LoggingBigQueryStorageReadRowsTracer,executor,0,executor.log,,"'projects/final-espinal-aguilar/locations/southamerica-west1/sessions/CAISDFJJUGJUUG9nd2I0YxoCY2UaBmxjc2NsZA/streams/GgJjZRoGbGNzY2xkKAI,projects/final-espinal-aguilar/locations/southamerica-west1/sessions/CAISDFJJUGJUUG9nd2I0YxoCY2UaBmxjc2NsZA/streams/CAEaAmNlGgZsY3NjbGQoAg,projects/final-espinal-aguilar/locations/southamerica-west1/sessions/CAISDFJJUGJUUG9nd2I0YxoCY2UaBmxjc2NsZA/streams/CAIaAmNlGgZsY3NjbGQoAg,projects/final-espinal-aguilar/locations/southamerica-west1/sessions/CAISDFJJUGJUUG9nd2I0YxoCY2UaBmxjc2NsZA/streams/CAMaAmNlGgZsY3NjbGQoAg: Started: 2025-12-16T05:51:50.538530062Z Ended: 2025-12-16T05:51:54.993992715Z Parse Timings: Average: PT0.007600801S Samples: 119  Time in Spark: Average: PT0.010623216S Time waiting for service: Average: PT0.001580155S Samples: 119 Bytes/s: 195367234 Rows/s: 134002",8713699897400708585,"'gdpic-srvls-batch-05885bcf-2746-4f07-a781-bf97f4b28f16-w-0","'projects/final-espinal-aguilar/logs/dataproc.googleapis.com%2Fspark",,"'2025-12-16T05:52:44.855446677Z","'jb-medallion-20251216-054754","'southamerica-west1","'final-espinal-aguilar",cloud_dataproc_batch,INFO,"'2025-12-16T05:52:44.855446677Z"
lp7ojue497xauuqbr,"'app-20251216055131-0000",CheckAllocator,executor,0,executor.log,,Using DefaultAllocationManager at memory/DefaultAllocationManagerFactory.class,8713699897400708585,"'gdpic-srvls-batch-05885bcf-2746-4f07-a781-bf97f4b28f16-w-0","'projects/final-espinal-aguilar/logs/dataproc.googleapis.com%2Fspark",,"'2025-12-16T05:52:44.855446677Z","'jb-medallion-20251216-054754","'southamerica-west1","'final-espinal-aguilar",cloud_dataproc_batch,INFO,"'2025-12-16T05:52:44.855446677Z"
lp7ojue497xauuqbq,"'app-20251216055131-0000",DefaultAllocationManagerOption,executor,0,executor.log,,"'allocation manager type not specified, using netty as the default type",8713699897400708585,"'gdpic-srvls-batch-05885bcf-2746-4f07-a781-bf97f4b28f16-w-0","'projects/final-espinal-aguilar/logs/dataproc.googleapis.com%2Fspark",,"'2025-12-16T05:52:44.855446677Z","'jb-medallion-20251216-054754","'southamerica-west1","'final-espinal-aguilar",cloud_dataproc_batch,INFO,"'2025-12-16T05:52:44.855446677Z"
lp7ojue497xauuqbp,"'app-20251216055131-0000",BaseAllocator,executor,0,executor.log,,Debug mode disabled.,8713699897400708585,"'gdpic-srvls-batch-05885bcf-2746-4f07-a781-bf97f4b28f16-w-0","'projects/final-espinal-aguilar/logs/dataproc.googleapis.com%2Fspark",,"'2025-12-16T05:52:44.855446677Z","'jb-medallion-20251216-054754","'southamerica-west1","'final-espinal-aguilar",cloud_dataproc_batch,INFO,"'2025-12-16T05:52:44.855446677Z"
jvp64ll9q2b0109kx,,Master,master,,master.out,,"'Got status update for unknown executor app-20251216055131-0000/0",322547584544361961,"'gdpic-srvls-batch-05885bcf-2746-4f07-a781-bf97f4b28f16-m","'projects/final-espinal-aguilar/logs/dataproc.googleapis.com%2Fspark",,"'2025-12-16T05:52:44.759431835Z","'jb-medallion-20251216-054754","'southamerica-west1","'final-espinal-aguilar",cloud_dataproc_batch,WARNING,"'2025-12-16T05:52:44.759431835Z"
jvp64ll9q2b0109kw,,Master,master,,master.out,,"'Got status update for unknown executor app-20251216055131-0000/1",322547584544361961,"'gdpic-srvls-batch-05885bcf-2746-4f07-a781-bf97f4b28f16-m","'projects/final-espinal-aguilar/logs/dataproc.googleapis.com%2Fspark",,"'2025-12-16T05:52:44.759431835Z","'jb-medallion-20251216-054754","'southamerica-west1","'final-espinal-aguilar",cloud_dataproc_batch,WARNING,"'2025-12-16T05:52:44.759431835Z"
lp7ojue497xauutno,,,,,"'dataproc-startup-script.log",,"'<13>Dec 16 05:50:58 startup-script[1437]: + loginfo 'All done'",8713699897400708585,"'gdpic-srvls-batch-05885bcf-2746-4f07-a781-bf97f4b28f16-w-0","'projects/final-espinal-aguilar/logs/dataproc.googleapis.com%2Fstartup",,"'2025-12-16T05:52:45.976284970Z","'jb-medallion-20251216-054754","'southamerica-west1","'final-espinal-aguilar",cloud_dataproc_batch,,"'2025-12-16T05:52:44.450979179Z"
lp7ojue497xauutnn,,,,,"'dataproc-startup-script.log",,"'<13>Dec 16 05:50:58 startup-script[1437]: + [[ debian == \u\b\u\n\t\u ]]",8713699897400708585,"'gdpic-srvls-batch-05885bcf-2746-4f07-a781-bf97f4b28f16-w-0","'projects/final-espinal-aguilar/logs/dataproc.googleapis.com%2Fstartup",,"'2025-12-16T05:52:45.976284970Z","'jb-medallion-20251216-054754","'southamerica-west1","'final-espinal-aguilar",cloud_dataproc_batch,,"'2025-12-16T05:52:44.450978092Z"
lp7ojue497xauutnm,,,,,"'dataproc-startup-script.log",,"'<13>Dec 16 05:50:58 startup-script[1437]: ++ cut -d= -f2",8713699897400708585,"'gdpic-srvls-batch-05885bcf-2746-4f07-a781-bf97f4b28f16-w-0","'projects/final-espinal-aguilar/logs/dataproc.googleapis.com%2Fstartup",,"'2025-12-16T05:52:45.976284970Z","'jb-medallion-20251216-054754","'southamerica-west1","'final-espinal-aguilar",cloud_dataproc_batch,,"'2025-12-16T05:52:44.450977022Z"
lp7ojue497xauutnl,,,,,"'dataproc-startup-script.log",,"'<13>Dec 16 05:50:58 startup-script[1437]: ++ xargs",8713699897400708585,"'gdpic-srvls-batch-05885bcf-2746-4f07-a781-bf97f4b28f16-w-0","'projects/final-espinal-aguilar/logs/dataproc.googleapis.com%2Fstartup",,"'2025-12-16T05:52:45.976284970Z","'jb-medallion-20251216-054754","'southamerica-west1","'final-espinal-aguilar",cloud_dataproc_batch,,"'2025-12-16T05:52:44.450976095Z"
lp7ojue497xauutnk,,,,,"'dataproc-startup-script.log",,"'<13>Dec 16 05:50:58 startup-script[1437]: ++ grep '^ID=' /etc/os-release",8713699897400708585,"'gdpic-srvls-batch-05885bcf-2746-4f07-a781-bf97f4b28f16-w-0","'projects/final-espinal-aguilar/logs/dataproc.googleapis.com%2Fstartup",,"'2025-12-16T05:52:45.976284970Z","'jb-medallion-20251216-054754","'southamerica-west1","'final-espinal-aguilar",cloud_dataproc_batch,,"'2025-12-16T05:52:44.450975150Z"
lp7ojue497xauutnj,,,,,"'dataproc-startup-script.log",,"'<13>Dec 16 05:50:58 startup-script[1437]: ++ os_id",8713699897400708585,"'gdpic-srvls-batch-05885bcf-2746-4f07-a781-bf97f4b28f16-w-0","'projects/final-espinal-aguilar/logs/dataproc.googleapis.com%2Fstartup",,"'2025-12-16T05:52:45.976284970Z","'jb-medallion-20251216-054754","'southamerica-west1","'final-espinal-aguilar",cloud_dataproc_batch,,"'2025-12-16T05:52:44.450973649Z"
lp7ojue497xauutni,,,,,"'dataproc-startup-script.log",,"'<13>Dec 16 05:50:58 startup-script[1437]: + is_ubuntu",8713699897400708585,"'gdpic-srvls-batch-05885bcf-2746-4f07-a781-bf97f4b28f16-w-0","'projects/final-espinal-aguilar/logs/dataproc.googleapis.com%2Fstartup",,"'2025-12-16T05:52:45.976284970Z","'jb-medallion-20251216-054754","'southamerica-west1","'final-espinal-aguilar",cloud_dataproc_batch,,"'2025-12-16T05:52:44.450966705Z"
lp7ojue497xauutnh,,,,,"'dataproc-startup-script.log",,"'<13>Dec 16 05:50:58 startup-script[1437]: + return 1",8713699897400708585,"'gdpic-srvls-batch-05885bcf-2746-4f07-a781-bf97f4b28f16-w-0","'projects/final-espinal-aguilar/logs/dataproc.googleapis.com%2Fstartup",,"'2025-12-16T05:52:45.976284970Z","'jb-medallion-20251216-054754","'southamerica-west1","'final-espinal-aguilar",cloud_dataproc_batch,,"'2025-12-16T05:52:44.450965785Z"
lp7ojue497xauutng,,,,,"'dataproc-startup-script.log",,"'<13>Dec 16 05:50:58 startup-script[1437]: + [[ serverless-spark == \s\e\r\v\e\r\l\e\s\s\-\r\a\y ]]",8713699897400708585,"'gdpic-srvls-batch-05885bcf-2746-4f07-a781-bf97f4b28f16-w-0","'projects/final-espinal-aguilar/logs/dataproc.googleapis.com%2Fstartup",,"'2025-12-16T05:52:45.976284970Z","'jb-medallion-20251216-054754","'southamerica-west1","'final-espinal-aguilar",cloud_dataproc_batch,,"'2025-12-16T05:52:44.450964845Z"
lp7ojue497xauutnf,,,,,"'dataproc-startup-script.log",,"'<13>Dec 16 05:50:58 startup-script[1437]: + [[ 11 == \1\2* ]]",8713699897400708585,"'gdpic-srvls-batch-05885bcf-2746-4f07-a781-bf97f4b28f16-w-0","'projects/final-espinal-aguilar/logs/dataproc.googleapis.com%2Fstartup",,"'2025-12-16T05:52:45.976284970Z","'jb-medallion-20251216-054754","'southamerica-west1","'final-espinal-aguilar",cloud_dataproc_batch,,"'2025-12-16T05:52:44.450963931Z"
lp7ojue497xauutne,,,,,"'dataproc-startup-script.log",,"'<13>Dec 16 05:50:58 startup-script[1437]: ++ xargs",8713699897400708585,"'gdpic-srvls-batch-05885bcf-2746-4f07-a781-bf97f4b28f16-w-0","'projects/final-espinal-aguilar/logs/dataproc.googleapis.com%2Fstartup",,"'2025-12-16T05:52:45.976284970Z","'jb-medallion-20251216-054754","'southamerica-west1","'final-espinal-aguilar",cloud_dataproc_batch,,"'2025-12-16T05:52:44.450962970Z"
lp7ojue497xauutnd,,,,,"'dataproc-startup-script.log",,"'<13>Dec 16 05:50:58 startup-script[1437]: ++ cut -d= -f2",8713699897400708585,"'gdpic-srvls-batch-05885bcf-2746-4f07-a781-bf97f4b28f16-w-0","'projects/final-espinal-aguilar/logs/dataproc.googleapis.com%2Fstartup",,"'2025-12-16T05:52:45.976284970Z","'jb-medallion-20251216-054754","'southamerica-west1","'final-espinal-aguilar",cloud_dataproc_batch,,"'2025-12-16T05:52:44.450962051Z"
lp7ojue497xauutnc,,,,,"'dataproc-startup-script.log",,"'<13>Dec 16 05:50:58 startup-script[1437]: ++ grep '^VERSION_ID=' /etc/os-release",8713699897400708585,"'gdpic-srvls-batch-05885bcf-2746-4f07-a781-bf97f4b28f16-w-0","'projects/final-espinal-aguilar/logs/dataproc.googleapis.com%2Fstartup",,"'2025-12-16T05:52:45.976284970Z","'jb-medallion-20251216-054754","'southamerica-west1","'final-espinal-aguilar",cloud_dataproc_batch,,"'2025-12-16T05:52:44.450961115Z"
lp7ojue497xauutnb,,,,,"'dataproc-startup-script.log",,"'<13>Dec 16 05:50:58 startup-script[1437]: ++ os_version",8713699897400708585,"'gdpic-srvls-batch-05885bcf-2746-4f07-a781-bf97f4b28f16-w-0","'projects/final-espinal-aguilar/logs/dataproc.googleapis.com%2Fstartup",,"'2025-12-16T05:52:45.976284970Z","'jb-medallion-20251216-054754","'southamerica-west1","'final-espinal-aguilar",cloud_dataproc_batch,,"'2025-12-16T05:52:44.450960173Z"
lp7ojue497xauutna,,,,,"'dataproc-startup-script.log",,"'<13>Dec 16 05:50:58 startup-script[1437]: + [[ debian == \d\e\b\i\a\n ]]",8713699897400708585,"'gdpic-srvls-batch-05885bcf-2746-4f07-a781-bf97f4b28f16-w-0","'projects/final-espinal-aguilar/logs/dataproc.googleapis.com%2Fstartup",,"'2025-12-16T05:52:45.976284970Z","'jb-medallion-20251216-054754","'southamerica-west1","'final-espinal-aguilar",cloud_dataproc_batch,,"'2025-12-16T05:52:44.450959248Z"
lp7ojue497xauutmz,,,,,"'dataproc-startup-script.log",,"'<13>Dec 16 05:50:58 startup-script[1437]: ++ cut -d= -f2",8713699897400708585,"'gdpic-srvls-batch-05885bcf-2746-4f07-a781-bf97f4b28f16-w-0","'projects/final-espinal-aguilar/logs/dataproc.googleapis.com%2Fstartup",,"'2025-12-16T05:52:45.976284970Z","'jb-medallion-20251216-054754","'southamerica-west1","'final-espinal-aguilar",cloud_dataproc_batch,,"'2025-12-16T05:52:44.450958326Z"
lp7ojue497xauutmy,,,,,"'dataproc-startup-script.log",,"'<13>Dec 16 05:50:58 startup-script[1437]: ++ xargs",8713699897400708585,"'gdpic-srvls-batch-05885bcf-2746-4f07-a781-bf97f4b28f16-w-0","'projects/final-espinal-aguilar/logs/dataproc.googleapis.com%2Fstartup",,"'2025-12-16T05:52:45.976284970Z","'jb-medallion-20251216-054754","'southamerica-west1","'final-espinal-aguilar",cloud_dataproc_batch,,"'2025-12-16T05:52:44.450957400Z"
lp7ojue497xauutmx,,,,,"'dataproc-startup-script.log",,"'<13>Dec 16 05:50:58 startup-script[1437]: ++ grep '^ID=' /etc/os-release",8713699897400708585,"'gdpic-srvls-batch-05885bcf-2746-4f07-a781-bf97f4b28f16-w-0","'projects/final-espinal-aguilar/logs/dataproc.googleapis.com%2Fstartup",,"'2025-12-16T05:52:45.976284970Z","'jb-medallion-20251216-054754","'southamerica-west1","'final-espinal-aguilar",cloud_dataproc_batch,,"'2025-12-16T05:52:44.450956452Z"
lp7ojue497xauutmw,,,,,"'dataproc-startup-script.log",,"'<13>Dec 16 05:50:58 startup-script[1437]: ++ os_id",8713699897400708585,"'gdpic-srvls-batch-05885bcf-2746-4f07-a781-bf97f4b28f16-w-0","'projects/final-espinal-aguilar/logs/dataproc.googleapis.com%2Fstartup",,"'2025-12-16T05:52:45.976284970Z","'jb-medallion-20251216-054754","'southamerica-west1","'final-espinal-aguilar",cloud_dataproc_batch,,"'2025-12-16T05:52:44.450955450Z"
lp7ojue497xauutmv,,,,,"'dataproc-startup-script.log",,"'<13>Dec 16 05:50:58 startup-script[1437]: + is_debian",8713699897400708585,"'gdpic-srvls-batch-05885bcf-2746-4f07-a781-bf97f4b28f16-w-0","'projects/final-espinal-aguilar/logs/dataproc.googleapis.com%2Fstartup",,"'2025-12-16T05:52:45.976284970Z","'jb-medallion-20251216-054754","'southamerica-west1","'final-espinal-aguilar",cloud_dataproc_batch,,"'2025-12-16T05:52:44.450954527Z"
lp7ojue497xauutmu,,,,,"'dataproc-startup-script.log",,"'<13>Dec 16 05:50:58 startup-script[1437]: + is_debian12",8713699897400708585,"'gdpic-srvls-batch-05885bcf-2746-4f07-a781-bf97f4b28f16-w-0","'projects/final-espinal-aguilar/logs/dataproc.googleapis.com%2Fstartup",,"'2025-12-16T05:52:45.976284970Z","'jb-medallion-20251216-054754","'southamerica-west1","'final-espinal-aguilar",cloud_dataproc_batch,,"'2025-12-16T05:52:44.450953608Z"
lp7ojue497xauutmt,,,,,"'dataproc-startup-script.log",,"'<13>Dec 16 05:50:58 startup-script[1437]: + [[ serverless-spark == \s\e\r\v\e\r\l\e\s\s\-\s\p\a\r\k ]]",8713699897400708585,"'gdpic-srvls-batch-05885bcf-2746-4f07-a781-bf97f4b28f16-w-0","'projects/final-espinal-aguilar/logs/dataproc.googleapis.com%2Fstartup",,"'2025-12-16T05:52:45.976284970Z","'jb-medallion-20251216-054754","'southamerica-west1","'final-espinal-aguilar",cloud_dataproc_batch,,"'2025-12-16T05:52:44.450952692Z"
lp7ojue497xauutms,,,,,"'dataproc-startup-script.log",,"'<13>Dec 16 05:50:58 startup-script[1437]: + is_containerised_legacy_agents_supported_for_s8s",8713699897400708585,"'gdpic-srvls-batch-05885bcf-2746-4f07-a781-bf97f4b28f16-w-0","'projects/final-espinal-aguilar/logs/dataproc.googleapis.com%2Fstartup",,"'2025-12-16T05:52:45.976284970Z","'jb-medallion-20251216-054754","'southamerica-west1","'final-espinal-aguilar",cloud_dataproc_batch,,"'2025-12-16T05:52:44.450951791Z"
lp7ojue497xauutmr,,,,,"'dataproc-startup-script.log",,"'<13>Dec 16 05:50:58 startup-script[1437]: + rm /tmp/dataproc/commands/2720.exitcode /tmp/dataproc/commands/2720.running",8713699897400708585,"'gdpic-srvls-batch-05885bcf-2746-4f07-a781-bf97f4b28f16-w-0","'projects/final-espinal-aguilar/logs/dataproc.googleapis.com%2Fstartup",,"'2025-12-16T05:52:45.976284970Z","'jb-medallion-20251216-054754","'southamerica-west1","'final-espinal-aguilar",cloud_dataproc_batch,,"'2025-12-16T05:52:44.450950796Z"
lp7ojue497xauutmq,,,,,"'dataproc-startup-script.log",,"'<13>Dec 16 05:50:58 startup-script[1437]: Command cmd=[activate_component spark] pid=2720 exited with 0",8713699897400708585,"'gdpic-srvls-batch-05885bcf-2746-4f07-a781-bf97f4b28f16-w-0","'projects/final-espinal-aguilar/logs/dataproc.googleapis.com%2Fstartup",,"'2025-12-16T05:52:45.976284970Z","'jb-medallion-20251216-054754","'southamerica-west1","'final-espinal-aguilar",cloud_dataproc_batch,,"'2025-12-16T05:52:44.450949750Z"
lp7ojue497xauutmp,,,,,"'dataproc-startup-script.log",,"'<13>Dec 16 05:50:58 startup-script[1437]: + tee /tmp/dataproc/commands/2720.done",8713699897400708585,"'gdpic-srvls-batch-05885bcf-2746-4f07-a781-bf97f4b28f16-w-0","'projects/final-espinal-aguilar/logs/dataproc.googleapis.com%2Fstartup",,"'2025-12-16T05:52:45.976284970Z","'jb-medallion-20251216-054754","'southamerica-west1","'final-espinal-aguilar",cloud_dataproc_batch,,"'2025-12-16T05:52:44.450948697Z"
lp7ojue497xauutmo,,,,,"'dataproc-startup-script.log",,"'<13>Dec 16 05:50:58 startup-script[1437]: + echo 'Command cmd=[activate_component spark] pid=2720 exited with 0'",8713699897400708585,"'gdpic-srvls-batch-05885bcf-2746-4f07-a781-bf97f4b28f16-w-0","'projects/final-espinal-aguilar/logs/dataproc.googleapis.com%2Fstartup",,"'2025-12-16T05:52:45.976284970Z","'jb-medallion-20251216-054754","'southamerica-west1","'final-espinal-aguilar",cloud_dataproc_batch,,"'2025-12-16T05:52:44.450947651Z"
lp7ojue497xauutmn,,,,,"'dataproc-startup-script.log",,"'<13>Dec 16 05:50:58 startup-script[1437]: + (( status != 0 ))",8713699897400708585,"'gdpic-srvls-batch-05885bcf-2746-4f07-a781-bf97f4b28f16-w-0","'projects/final-espinal-aguilar/logs/dataproc.googleapis.com%2Fstartup",,"'2025-12-16T05:52:45.976284970Z","'jb-medallion-20251216-054754","'southamerica-west1","'final-espinal-aguilar",cloud_dataproc_batch,,"'2025-12-16T05:52:44.450946572Z"
lp7ojue497xauutmm,,,,,"'dataproc-startup-script.log",,"'<13>Dec 16 05:50:58 startup-script[1437]: + status=0",8713699897400708585,"'gdpic-srvls-batch-05885bcf-2746-4f07-a781-bf97f4b28f16-w-0","'projects/final-espinal-aguilar/logs/dataproc.googleapis.com%2Fstartup",,"'2025-12-16T05:52:45.976284970Z","'jb-medallion-20251216-054754","'southamerica-west1","'final-espinal-aguilar",cloud_dataproc_batch,,"'2025-12-16T05:52:44.450945557Z"
lp7ojue497xauutml,,,,,"'dataproc-startup-script.log",,"'<13>Dec 16 05:50:58 startup-script[1437]: + local status",8713699897400708585,"'gdpic-srvls-batch-05885bcf-2746-4f07-a781-bf97f4b28f16-w-0","'projects/final-espinal-aguilar/logs/dataproc.googleapis.com%2Fstartup",,"'2025-12-16T05:52:45.976284970Z","'jb-medallion-20251216-054754","'southamerica-west1","'final-espinal-aguilar",cloud_dataproc_batch,,"'2025-12-16T05:52:44.450944525Z"
lp7ojue497xauutmk,,,,,"'dataproc-startup-script.log",,"'<13>Dec 16 05:50:58 startup-script[1437]: + [[ ! -f /tmp/dataproc/commands/2720.exitcode ]]",8713699897400708585,"'gdpic-srvls-batch-05885bcf-2746-4f07-a781-bf97f4b28f16-w-0","'projects/final-espinal-aguilar/logs/dataproc.googleapis.com%2Fstartup",,"'2025-12-16T05:52:45.976284970Z","'jb-medallion-20251216-054754","'southamerica-west1","'final-espinal-aguilar",cloud_dataproc_batch,,"'2025-12-16T05:52:44.450943495Z"
lp7ojue497xauutmj,,,,,"'dataproc-startup-script.log",,"'<13>Dec 16 05:50:58 startup-script[1437]: ++ echo 0",8713699897400708585,"'gdpic-srvls-batch-05885bcf-2746-4f07-a781-bf97f4b28f16-w-0","'projects/final-espinal-aguilar/logs/dataproc.googleapis.com%2Fstartup",,"'2025-12-16T05:52:45.976284970Z","'jb-medallion-20251216-054754","'southamerica-west1","'final-espinal-aguilar",cloud_dataproc_batch,,"'2025-12-16T05:52:44.450940876Z"
lp7ojue497xauutmi,,,,,"'dataproc-startup-script.log",,"'<13>Dec 16 05:50:58 startup-script[1437]: <13>Dec 16 05:50:58 activate-component-spark[2720]: + touch /tmp/dataproc/components/activate/spark.done",8713699897400708585,"'gdpic-srvls-batch-05885bcf-2746-4f07-a781-bf97f4b28f16-w-0","'projects/final-espinal-aguilar/logs/dataproc.googleapis.com%2Fstartup",,"'2025-12-16T05:52:45.976284970Z","'jb-medallion-20251216-054754","'southamerica-west1","'final-espinal-aguilar",cloud_dataproc_batch,,"'2025-12-16T05:52:44.450939939Z"
lp7ojue497xauutmh,,,,,"'dataproc-startup-script.log",,"'<13>Dec 16 05:50:58 startup-script[1437]: <13>Dec 16 05:50:58 activate-component-spark[2720]: Done running component activation script: /usr/local/share/google/dataproc/bdutil/components/activate/spark.sh",8713699897400708585,"'gdpic-srvls-batch-05885bcf-2746-4f07-a781-bf97f4b28f16-w-0","'projects/final-espinal-aguilar/logs/dataproc.googleapis.com%2Fstartup",,"'2025-12-16T05:52:45.976284970Z","'jb-medallion-20251216-054754","'southamerica-west1","'final-espinal-aguilar",cloud_dataproc_batch,,"'2025-12-16T05:52:44.450939014Z"
lp7ojue497xauutmg,,,,,"'dataproc-startup-script.log",,"'<13>Dec 16 05:50:58 startup-script[1437]: <13>Dec 16 05:50:58 activate-component-spark[2720]: + echo 'Done running component activation script: /usr/local/share/google/dataproc/bdutil/components/activate/spark.sh'",8713699897400708585,"'gdpic-srvls-batch-05885bcf-2746-4f07-a781-bf97f4b28f16-w-0","'projects/final-espinal-aguilar/logs/dataproc.googleapis.com%2Fstartup",,"'2025-12-16T05:52:45.976284970Z","'jb-medallion-20251216-054754","'southamerica-west1","'final-espinal-aguilar",cloud_dataproc_batch,,"'2025-12-16T05:52:44.450938060Z"
lp7ojue497xauutmf,,,,,"'dataproc-startup-script.log",,"'<13>Dec 16 05:50:58 startup-script[1437]: <13>Dec 16 05:50:58 activate-component-spark[2720]: + [[ 0 -ne 0 ]]",8713699897400708585,"'gdpic-srvls-batch-05885bcf-2746-4f07-a781-bf97f4b28f16-w-0","'projects/final-espinal-aguilar/logs/dataproc.googleapis.com%2Fstartup",,"'2025-12-16T05:52:45.976284970Z","'jb-medallion-20251216-054754","'southamerica-west1","'final-espinal-aguilar",cloud_dataproc_batch,,"'2025-12-16T05:52:44.450937073Z"
lp7ojue497xauutme,,,,,"'dataproc-startup-script.log",,"'<13>Dec 16 05:50:58 startup-script[1437]: <13>Dec 16 05:50:58 activate-component-spark[2720]: + cat",8713699897400708585,"'gdpic-srvls-batch-05885bcf-2746-4f07-a781-bf97f4b28f16-w-0","'projects/final-espinal-aguilar/logs/dataproc.googleapis.com%2Fstartup",,"'2025-12-16T05:52:45.976284970Z","'jb-medallion-20251216-054754","'southamerica-west1","'final-espinal-aguilar",cloud_dataproc_batch,,"'2025-12-16T05:52:44.450936073Z"
lp7ojue497xauutmd,,,,,"'dataproc-startup-script.log",,"'<13>Dec 16 05:50:58 startup-script[1437]: <13>Dec 16 05:50:58 activate-component-spark[2720]: + touch /tmp/dataproc/components/activate/spark.time",8713699897400708585,"'gdpic-srvls-batch-05885bcf-2746-4f07-a781-bf97f4b28f16-w-0","'projects/final-espinal-aguilar/logs/dataproc.googleapis.com%2Fstartup",,"'2025-12-16T05:52:45.976284970Z","'jb-medallion-20251216-054754","'southamerica-west1","'final-espinal-aguilar",cloud_dataproc_batch,,"'2025-12-16T05:52:44.450935120Z"
lp7ojue497xauutmc,,,,,"'dataproc-startup-script.log",,"'<13>Dec 16 05:50:58 startup-script[1437]: <13>Dec 16 05:50:58 activate-component-spark[2720]: + local -r time_file=/tmp/dataproc/components/activate/spark.time",8713699897400708585,"'gdpic-srvls-batch-05885bcf-2746-4f07-a781-bf97f4b28f16-w-0","'projects/final-espinal-aguilar/logs/dataproc.googleapis.com%2Fstartup",,"'2025-12-16T05:52:45.976284970Z","'jb-medallion-20251216-054754","'southamerica-west1","'final-espinal-aguilar",cloud_dataproc_batch,,"'2025-12-16T05:52:44.450934171Z"
lp7ojue497xauutmb,,,,,"'dataproc-startup-script.log",,"'<13>Dec 16 05:50:58 startup-script[1437]: <13>Dec 16 05:50:58 activate-component-spark[2720]: Component spark took 8s to activate",8713699897400708585,"'gdpic-srvls-batch-05885bcf-2746-4f07-a781-bf97f4b28f16-w-0","'projects/final-espinal-aguilar/logs/dataproc.googleapis.com%2Fstartup",,"'2025-12-16T05:52:45.976284970Z","'jb-medallion-20251216-054754","'southamerica-west1","'final-espinal-aguilar",cloud_dataproc_batch,,"'2025-12-16T05:52:44.450933245Z"
lp7ojue497xauutma,,,,,"'dataproc-startup-script.log",,"'<13>Dec 16 05:50:58 startup-script[1437]: <13>Dec 16 05:50:58 activate-component-spark[2720]: + echo 'Component spark took 8s to activate'",8713699897400708585,"'gdpic-srvls-batch-05885bcf-2746-4f07-a781-bf97f4b28f16-w-0","'projects/final-espinal-aguilar/logs/dataproc.googleapis.com%2Fstartup",,"'2025-12-16T05:52:45.976284970Z","'jb-medallion-20251216-054754","'southamerica-west1","'final-espinal-aguilar",cloud_dataproc_batch,,"'2025-12-16T05:52:44.450932323Z"
lp7ojue497xauutlz,,,,,"'dataproc-startup-script.log",,"'<13>Dec 16 05:50:58 startup-script[1437]: <13>Dec 16 05:50:58 activate-component-spark[2720]: + local -r runtime_s=8",8713699897400708585,"'gdpic-srvls-batch-05885bcf-2746-4f07-a781-bf97f4b28f16-w-0","'projects/final-espinal-aguilar/logs/dataproc.googleapis.com%2Fstartup",,"'2025-12-16T05:52:45.976284970Z","'jb-medallion-20251216-054754","'southamerica-west1","'final-espinal-aguilar",cloud_dataproc_batch,,"'2025-12-16T05:52:44.450931336Z"
lp7ojue497xauutly,,,,,"'dataproc-startup-script.log",,"'<13>Dec 16 05:50:58 startup-script[1437]: <13>Dec 16 05:50:58 activate-component-spark[2720]: + local -r end=1765864258.536199886",8713699897400708585,"'gdpic-srvls-batch-05885bcf-2746-4f07-a781-bf97f4b28f16-w-0","'projects/final-espinal-aguilar/logs/dataproc.googleapis.com%2Fstartup",,"'2025-12-16T05:52:45.976284970Z","'jb-medallion-20251216-054754","'southamerica-west1","'final-espinal-aguilar",cloud_dataproc_batch,,"'2025-12-16T05:52:44.450930401Z"
lp7ojue497xauutlx,,,,,"'dataproc-startup-script.log",,"'<13>Dec 16 05:50:58 startup-script[1437]: <13>Dec 16 05:50:58 activate-component-spark[2720]: ++ date +%s.%N",8713699897400708585,"'gdpic-srvls-batch-05885bcf-2746-4f07-a781-bf97f4b28f16-w-0","'projects/final-espinal-aguilar/logs/dataproc.googleapis.com%2Fstartup",,"'2025-12-16T05:52:45.976284970Z","'jb-medallion-20251216-054754","'southamerica-west1","'final-espinal-aguilar",cloud_dataproc_batch,,"'2025-12-16T05:52:44.450929482Z"
lp7ojue497xauutlw,,,,,"'dataproc-startup-script.log",,"'<13>Dec 16 05:50:58 startup-script[1437]: <13>Dec 16 05:50:58 activate-component-spark[2720]: + [[ Worker == \M\a\s\t\e\r ]]",8713699897400708585,"'gdpic-srvls-batch-05885bcf-2746-4f07-a781-bf97f4b28f16-w-0","'projects/final-espinal-aguilar/logs/dataproc.googleapis.com%2Fstartup",,"'2025-12-16T05:52:45.976284970Z","'jb-medallion-20251216-054754","'southamerica-west1","'final-espinal-aguilar",cloud_dataproc_batch,,"'2025-12-16T05:52:44.450928561Z"
lp7ojue497xauutlv,,,,,"'dataproc-startup-script.log",,"'<13>Dec 16 05:50:58 startup-script[1437]: <13>Dec 16 05:50:58 activate-component-spark[2720]: + role=Worker",8713699897400708585,"'gdpic-srvls-batch-05885bcf-2746-4f07-a781-bf97f4b28f16-w-0","'projects/final-espinal-aguilar/logs/dataproc.googleapis.com%2Fstartup",,"'2025-12-16T05:52:45.976284970Z","'jb-medallion-20251216-054754","'southamerica-west1","'final-espinal-aguilar",cloud_dataproc_batch,,"'2025-12-16T05:52:44.450927639Z"
lp7ojue497xauutlu,,,,,"'dataproc-startup-script.log",,"'<13>Dec 16 05:50:58 startup-script[1437]: <13>Dec 16 05:50:58 activate-component-spark[2720]: ++ set +x",8713699897400708585,"'gdpic-srvls-batch-05885bcf-2746-4f07-a781-bf97f4b28f16-w-0","'projects/final-espinal-aguilar/logs/dataproc.googleapis.com%2Fstartup",,"'2025-12-16T05:52:45.976284970Z","'jb-medallion-20251216-054754","'southamerica-west1","'final-espinal-aguilar",cloud_dataproc_batch,,"'2025-12-16T05:52:44.450926717Z"
lp7ojue497xauutlt,,,,,"'dataproc-startup-script.log",,"'<13>Dec 16 05:50:58 startup-script[1437]: <13>Dec 16 05:50:58 activate-component-spark[2720]: ++ get_dataproc_metadata DATAPROC_METADATA_ROLE attributes/dataproc-role",8713699897400708585,"'gdpic-srvls-batch-05885bcf-2746-4f07-a781-bf97f4b28f16-w-0","'projects/final-espinal-aguilar/logs/dataproc.googleapis.com%2Fstartup",,"'2025-12-16T05:52:45.976284970Z","'jb-medallion-20251216-054754","'southamerica-west1","'final-espinal-aguilar",cloud_dataproc_batch,,"'2025-12-16T05:52:44.450925791Z"
lp7ojue497xauutls,,,,,"'dataproc-startup-script.log",,"'<13>Dec 16 05:50:58 startup-script[1437]: <13>Dec 16 05:50:58 activate-component-spark[2720]: ++ get_metadata_role",8713699897400708585,"'gdpic-srvls-batch-05885bcf-2746-4f07-a781-bf97f4b28f16-w-0","'projects/final-espinal-aguilar/logs/dataproc.googleapis.com%2Fstartup",,"'2025-12-16T05:52:45.976284970Z","'jb-medallion-20251216-054754","'southamerica-west1","'final-espinal-aguilar",cloud_dataproc_batch,,"'2025-12-16T05:52:44.450924829Z"
lp7ojue497xauutlr,,,,,"'dataproc-startup-script.log",,"'<13>Dec 16 05:50:58 startup-script[1437]: <13>Dec 16 05:50:58 activate-component-spark[2720]: + local role",8713699897400708585,"'gdpic-srvls-batch-05885bcf-2746-4f07-a781-bf97f4b28f16-w-0","'projects/final-espinal-aguilar/logs/dataproc.googleapis.com%2Fstartup",,"'2025-12-16T05:52:45.976284970Z","'jb-medallion-20251216-054754","'southamerica-west1","'final-espinal-aguilar",cloud_dataproc_batch,,"'2025-12-16T05:52:44.450923896Z"
lp7ojue497xauutlq,,,,,"'dataproc-startup-script.log",,"'<13>Dec 16 05:50:58 startup-script[1437]: <13>Dec 16 05:50:58 activate-component-spark[2720]: + should_start_spark_connect",8713699897400708585,"'gdpic-srvls-batch-05885bcf-2746-4f07-a781-bf97f4b28f16-w-0","'projects/final-espinal-aguilar/logs/dataproc.googleapis.com%2Fstartup",,"'2025-12-16T05:52:45.976284970Z","'jb-medallion-20251216-054754","'southamerica-west1","'final-espinal-aguilar",cloud_dataproc_batch,,"'2025-12-16T05:52:44.450922969Z"
lp7ojue497xauutlp,,,,,"'dataproc-startup-script.log",,"'<13>Dec 16 05:50:58 startup-script[1437]: <13>Dec 16 05:50:58 activate-component-spark[2720]: + [[ serverless-spark == \s\t\a\n\d\a\r\d ]]",8713699897400708585,"'gdpic-srvls-batch-05885bcf-2746-4f07-a781-bf97f4b28f16-w-0","'projects/final-espinal-aguilar/logs/dataproc.googleapis.com%2Fstartup",,"'2025-12-16T05:52:45.976284970Z","'jb-medallion-20251216-054754","'southamerica-west1","'final-espinal-aguilar",cloud_dataproc_batch,,"'2025-12-16T05:52:44.450922043Z"
lp7ojue497xauutlo,,,,,"'dataproc-startup-script.log",,"'<13>Dec 16 05:50:58 startup-script[1437]: <13>Dec 16 05:50:58 activate-component-spark[2720]: + should_start_history_server",8713699897400708585,"'gdpic-srvls-batch-05885bcf-2746-4f07-a781-bf97f4b28f16-w-0","'projects/final-espinal-aguilar/logs/dataproc.googleapis.com%2Fstartup",,"'2025-12-16T05:52:45.976284970Z","'jb-medallion-20251216-054754","'southamerica-west1","'final-espinal-aguilar",cloud_dataproc_batch,,"'2025-12-16T05:52:44.450921112Z"
lp7ojue497xauutln,,,,,"'dataproc-startup-script.log",,"'<13>Dec 16 05:50:58 startup-script[1437]: <13>Dec 16 05:50:58 activate-component-spark[2720]: Service up on host=gdpic-srvls-batch-05885bcf-2746-4f07-a781-bf97f4b28f16-w-0 port=7078 name=spark-worker.",8713699897400708585,"'gdpic-srvls-batch-05885bcf-2746-4f07-a781-bf97f4b28f16-w-0","'projects/final-espinal-aguilar/logs/dataproc.googleapis.com%2Fstartup",,"'2025-12-16T05:52:45.976284970Z","'jb-medallion-20251216-054754","'southamerica-west1","'final-espinal-aguilar",cloud_dataproc_batch,,"'2025-12-16T05:52:44.450920183Z"
lp7ojue497xauutlm,,,,,"'dataproc-startup-script.log",,"'<13>Dec 16 05:50:58 startup-script[1437]: <13>Dec 16 05:50:58 activate-component-spark[2720]: + echo 'Service up on host=gdpic-srvls-batch-05885bcf-2746-4f07-a781-bf97f4b28f16-w-0 port=7078 name=spark-worker.'",8713699897400708585,"'gdpic-srvls-batch-05885bcf-2746-4f07-a781-bf97f4b28f16-w-0","'projects/final-espinal-aguilar/logs/dataproc.googleapis.com%2Fstartup",,"'2025-12-16T05:52:45.976284970Z","'jb-medallion-20251216-054754","'southamerica-west1","'final-espinal-aguilar",cloud_dataproc_batch,,"'2025-12-16T05:52:44.450919260Z"
lp7ojue497xauutll,,,,,"'dataproc-startup-script.log",,"'<13>Dec 16 05:50:58 startup-script[1437]: <13>Dec 16 05:50:58 activate-component-spark[2720]: + loginfo 'Service up on host=gdpic-srvls-batch-05885bcf-2746-4f07-a781-bf97f4b28f16-w-0 port=7078 name=spark-worker.'",8713699897400708585,"'gdpic-srvls-batch-05885bcf-2746-4f07-a781-bf97f4b28f16-w-0","'projects/final-espinal-aguilar/logs/dataproc.googleapis.com%2Fstartup",,"'2025-12-16T05:52:45.976284970Z","'jb-medallion-20251216-054754","'southamerica-west1","'final-espinal-aguilar",cloud_dataproc_batch,,"'2025-12-16T05:52:44.450918305Z"
lp7ojue497xauutlk,,,,,"'dataproc-startup-script.log",,"'<13>Dec 16 05:50:58 startup-script[1437]: <13>Dec 16 05:50:58 activate-component-spark[2720]: + return 0",8713699897400708585,"'gdpic-srvls-batch-05885bcf-2746-4f07-a781-bf97f4b28f16-w-0","'projects/final-espinal-aguilar/logs/dataproc.googleapis.com%2Fstartup",,"'2025-12-16T05:52:45.976284970Z","'jb-medallion-20251216-054754","'southamerica-west1","'final-espinal-aguilar",cloud_dataproc_batch,,"'2025-12-16T05:52:44.450917302Z"
lp7ojue497xauutlj,,,,,"'dataproc-startup-script.log",,"'<13>Dec 16 05:50:58 startup-script[1437]: <13>Dec 16 05:50:58 activate-component-spark[2720]: 'nc -v -z -w 1 gdpic-srvls-batch-05885bcf-2746-4f07-a781-bf97f4b28f16-w-0 7078' succeeded after 3 execution(s).",8713699897400708585,"'gdpic-srvls-batch-05885bcf-2746-4f07-a781-bf97f4b28f16-w-0","'projects/final-espinal-aguilar/logs/dataproc.googleapis.com%2Fstartup",,"'2025-12-16T05:52:45.976284970Z","'jb-medallion-20251216-054754","'southamerica-west1","'final-espinal-aguilar",cloud_dataproc_batch,,"'2025-12-16T05:52:44.450916348Z"
lp7ojue497xauutli,,,,,"'dataproc-startup-script.log",,"'<13>Dec 16 05:50:58 startup-script[1437]: <13>Dec 16 05:50:58 activate-component-spark[2720]: Connection to gdpic-srvls-batch-05885bcf-2746-4f07-a781-bf97f4b28f16-w-0 (10.194.0.21) 7078 port [tcp/*] succeeded!",8713699897400708585,"'gdpic-srvls-batch-05885bcf-2746-4f07-a781-bf97f4b28f16-w-0","'projects/final-espinal-aguilar/logs/dataproc.googleapis.com%2Fstartup",,"'2025-12-16T05:52:45.976284970Z","'jb-medallion-20251216-054754","'southamerica-west1","'final-espinal-aguilar",cloud_dataproc_batch,,"'2025-12-16T05:52:44.450915417Z"
lp7ojue497xauutlh,,,,,"'dataproc-startup-script.log",,"'<13>Dec 16 05:50:57 startup-script[1437]: + sleep 1",8713699897400708585,"'gdpic-srvls-batch-05885bcf-2746-4f07-a781-bf97f4b28f16-w-0","'projects/final-espinal-aguilar/logs/dataproc.googleapis.com%2Fstartup",,"'2025-12-16T05:52:45.976284970Z","'jb-medallion-20251216-054754","'southamerica-west1","'final-espinal-aguilar",cloud_dataproc_batch,,"'2025-12-16T05:52:44.450914304Z"
lp7ojue497xauutlg,,,,,"'dataproc-startup-script.log",,"'<13>Dec 16 05:50:57 startup-script[1437]: + [[ ! -f /tmp/dataproc/commands/2720.exitcode ]]",8713699897400708585,"'gdpic-srvls-batch-05885bcf-2746-4f07-a781-bf97f4b28f16-w-0","'projects/final-espinal-aguilar/logs/dataproc.googleapis.com%2Fstartup",,"'2025-12-16T05:52:45.976284970Z","'jb-medallion-20251216-054754","'southamerica-west1","'final-espinal-aguilar",cloud_dataproc_batch,,"'2025-12-16T05:52:44.450913340Z"
lp7ojue497xauutlf,,,,,"'dataproc-startup-script.log",,"'<13>Dec 16 05:50:57 startup-script[1437]: <13>Dec 16 05:50:57 activate-component-spark[2720]: nc: connect to gdpic-srvls-batch-05885bcf-2746-4f07-a781-bf97f4b28f16-w-0 (10.194.0.21) port 7078 (tcp) failed: Connection refused",8713699897400708585,"'gdpic-srvls-batch-05885bcf-2746-4f07-a781-bf97f4b28f16-w-0","'projects/final-espinal-aguilar/logs/dataproc.googleapis.com%2Fstartup",,"'2025-12-16T05:52:45.976284970Z","'jb-medallion-20251216-054754","'southamerica-west1","'final-espinal-aguilar",cloud_dataproc_batch,,"'2025-12-16T05:52:44.450912339Z"
lp7ojue497xauutle,,,,,"'dataproc-startup-script.log",,"'<13>Dec 16 05:50:56 startup-script[1437]: + sleep 1",8713699897400708585,"'gdpic-srvls-batch-05885bcf-2746-4f07-a781-bf97f4b28f16-w-0","'projects/final-espinal-aguilar/logs/dataproc.googleapis.com%2Fstartup",,"'2025-12-16T05:52:45.976284970Z","'jb-medallion-20251216-054754","'southamerica-west1","'final-espinal-aguilar",cloud_dataproc_batch,,"'2025-12-16T05:52:44.450911405Z"
lp7ojue497xauutld,,,,,"'dataproc-startup-script.log",,"'<13>Dec 16 05:50:56 startup-script[1437]: + [[ ! -f /tmp/dataproc/commands/2720.exitcode ]]",8713699897400708585,"'gdpic-srvls-batch-05885bcf-2746-4f07-a781-bf97f4b28f16-w-0","'projects/final-espinal-aguilar/logs/dataproc.googleapis.com%2Fstartup",,"'2025-12-16T05:52:45.976284970Z","'jb-medallion-20251216-054754","'southamerica-west1","'final-espinal-aguilar",cloud_dataproc_batch,,"'2025-12-16T05:52:44.450910473Z"
lp7ojue497xauutlc,,,,,"'dataproc-startup-script.log",,"'<13>Dec 16 05:50:56 startup-script[1437]: <13>Dec 16 05:50:56 activate-component-spark[2720]: 'nc -v -z -w 1 gdpic-srvls-batch-05885bcf-2746-4f07-a781-bf97f4b28f16-w-0 7078' attempt 1/200 failed! Sleeping 1s.",8713699897400708585,"'gdpic-srvls-batch-05885bcf-2746-4f07-a781-bf97f4b28f16-w-0","'projects/final-espinal-aguilar/logs/dataproc.googleapis.com%2Fstartup",,"'2025-12-16T05:52:45.976284970Z","'jb-medallion-20251216-054754","'southamerica-west1","'final-espinal-aguilar",cloud_dataproc_batch,,"'2025-12-16T05:52:44.450909520Z"
lp7ojue497xauutlb,,,,,"'dataproc-startup-script.log",,"'<13>Dec 16 05:50:56 startup-script[1437]: <13>Dec 16 05:50:56 activate-component-spark[2720]: nc: connect to gdpic-srvls-batch-05885bcf-2746-4f07-a781-bf97f4b28f16-w-0 (10.194.0.21) port 7078 (tcp) failed: Connection refused",8713699897400708585,"'gdpic-srvls-batch-05885bcf-2746-4f07-a781-bf97f4b28f16-w-0","'projects/final-espinal-aguilar/logs/dataproc.googleapis.com%2Fstartup",,"'2025-12-16T05:52:45.976284970Z","'jb-medallion-20251216-054754","'southamerica-west1","'final-espinal-aguilar",cloud_dataproc_batch,,"'2025-12-16T05:52:44.450908590Z"
lp7ojue497xauutla,,,,,"'dataproc-startup-script.log",,"'<13>Dec 16 05:50:56 startup-script[1437]: <13>Dec 16 05:50:56 activate-component-spark[2720]: About to run 'nc -v -z -w 1 gdpic-srvls-batch-05885bcf-2746-4f07-a781-bf97f4b28f16-w-0 7078' with retries...",8713699897400708585,"'gdpic-srvls-batch-05885bcf-2746-4f07-a781-bf97f4b28f16-w-0","'projects/final-espinal-aguilar/logs/dataproc.googleapis.com%2Fstartup",,"'2025-12-16T05:52:45.976284970Z","'jb-medallion-20251216-054754","'southamerica-west1","'final-espinal-aguilar",cloud_dataproc_batch,,"'2025-12-16T05:52:44.450907654Z"
lp7ojue497xauutkz,,,,,"'dataproc-startup-script.log",,"'<13>Dec 16 05:50:56 startup-script[1437]: <13>Dec 16 05:50:56 activate-component-spark[2720]: + set +x",8713699897400708585,"'gdpic-srvls-batch-05885bcf-2746-4f07-a781-bf97f4b28f16-w-0","'projects/final-espinal-aguilar/logs/dataproc.googleapis.com%2Fstartup",,"'2025-12-16T05:52:45.976284970Z","'jb-medallion-20251216-054754","'southamerica-west1","'final-espinal-aguilar",cloud_dataproc_batch,,"'2025-12-16T05:52:44.450906703Z"
lp7ojue497xauutky,,,,,"'dataproc-startup-script.log",,"'<13>Dec 16 05:50:56 startup-script[1437]: <13>Dec 16 05:50:56 activate-component-spark[2720]: + [[ -o xtrace ]]",8713699897400708585,"'gdpic-srvls-batch-05885bcf-2746-4f07-a781-bf97f4b28f16-w-0","'projects/final-espinal-aguilar/logs/dataproc.googleapis.com%2Fstartup",,"'2025-12-16T05:52:45.976284970Z","'jb-medallion-20251216-054754","'southamerica-west1","'final-espinal-aguilar",cloud_dataproc_batch,,"'2025-12-16T05:52:44.450905783Z"
lp7ojue497xauutkx,,,,,"'dataproc-startup-script.log",,"'<13>Dec 16 05:50:56 startup-script[1437]: <13>Dec 16 05:50:56 activate-component-spark[2720]: + local reenable_x=false",8713699897400708585,"'gdpic-srvls-batch-05885bcf-2746-4f07-a781-bf97f4b28f16-w-0","'projects/final-espinal-aguilar/logs/dataproc.googleapis.com%2Fstartup",,"'2025-12-16T05:52:45.976284970Z","'jb-medallion-20251216-054754","'southamerica-west1","'final-espinal-aguilar",cloud_dataproc_batch,,"'2025-12-16T05:52:44.450904851Z"
lp7ojue497xauutkw,,,,,"'dataproc-startup-script.log",,"'<13>Dec 16 05:50:56 startup-script[1437]: <13>Dec 16 05:50:56 activate-component-spark[2720]: + local -r max_retries=200",8713699897400708585,"'gdpic-srvls-batch-05885bcf-2746-4f07-a781-bf97f4b28f16-w-0","'projects/final-espinal-aguilar/logs/dataproc.googleapis.com%2Fstartup",,"'2025-12-16T05:52:45.976284970Z","'jb-medallion-20251216-054754","'southamerica-west1","'final-espinal-aguilar",cloud_dataproc_batch,,"'2025-12-16T05:52:44.450903886Z"
lp7ojue497xauutkv,,,,,"'dataproc-startup-script.log",,"'<13>Dec 16 05:50:56 startup-script[1437]: <13>Dec 16 05:50:56 activate-component-spark[2720]: + local -r cmd",8713699897400708585,"'gdpic-srvls-batch-05885bcf-2746-4f07-a781-bf97f4b28f16-w-0","'projects/final-espinal-aguilar/logs/dataproc.googleapis.com%2Fstartup",,"'2025-12-16T05:52:45.976284970Z","'jb-medallion-20251216-054754","'southamerica-west1","'final-espinal-aguilar",cloud_dataproc_batch,,"'2025-12-16T05:52:44.450902951Z"
lp7ojue497xauutku,,,,,"'dataproc-startup-script.log",,"'<13>Dec 16 05:50:56 startup-script[1437]: <13>Dec 16 05:50:56 activate-component-spark[2720]: + cmd=('nc' '-v' '-z' '-w' '1' 'gdpic-srvls-batch-05885bcf-2746-4f07-a781-bf97f4b28f16-w-0' '7078')",8713699897400708585,"'gdpic-srvls-batch-05885bcf-2746-4f07-a781-bf97f4b28f16-w-0","'projects/final-espinal-aguilar/logs/dataproc.googleapis.com%2Fstartup",,"'2025-12-16T05:52:45.976284970Z","'jb-medallion-20251216-054754","'southamerica-west1","'final-espinal-aguilar",cloud_dataproc_batch,,"'2025-12-16T05:52:44.450902015Z"
lp7ojue497xauutkt,,,,,"'dataproc-startup-script.log",,"'<13>Dec 16 05:50:56 startup-script[1437]: <13>Dec 16 05:50:56 activate-component-spark[2720]: + local -r retry_delay=1",8713699897400708585,"'gdpic-srvls-batch-05885bcf-2746-4f07-a781-bf97f4b28f16-w-0","'projects/final-espinal-aguilar/logs/dataproc.googleapis.com%2Fstartup",,"'2025-12-16T05:52:45.976284970Z","'jb-medallion-20251216-054754","'southamerica-west1","'final-espinal-aguilar",cloud_dataproc_batch,,"'2025-12-16T05:52:44.450901094Z"
lp7ojue497xauutks,,,,,"'dataproc-startup-script.log",,"'<13>Dec 16 05:50:56 startup-script[1437]: <13>Dec 16 05:50:56 activate-component-spark[2720]: + local -r max_retry_time=200",8713699897400708585,"'gdpic-srvls-batch-05885bcf-2746-4f07-a781-bf97f4b28f16-w-0","'projects/final-espinal-aguilar/logs/dataproc.googleapis.com%2Fstartup",,"'2025-12-16T05:52:45.976284970Z","'jb-medallion-20251216-054754","'southamerica-west1","'final-espinal-aguilar",cloud_dataproc_batch,,"'2025-12-16T05:52:44.450900143Z"
lp7ojue497xauutkr,,,,,"'dataproc-startup-script.log",,"'<13>Dec 16 05:50:56 startup-script[1437]: <13>Dec 16 05:50:56 activate-component-spark[2720]: + retry_constant_custom 200 1 nc -v -z -w 1 gdpic-srvls-batch-05885bcf-2746-4f07-a781-bf97f4b28f16-w-0 7078",8713699897400708585,"'gdpic-srvls-batch-05885bcf-2746-4f07-a781-bf97f4b28f16-w-0","'projects/final-espinal-aguilar/logs/dataproc.googleapis.com%2Fstartup",,"'2025-12-16T05:52:45.976284970Z","'jb-medallion-20251216-054754","'southamerica-west1","'final-espinal-aguilar",cloud_dataproc_batch,,"'2025-12-16T05:52:44.450899201Z"
lp7ojue497xauutkq,,,,,"'dataproc-startup-script.log",,"'<13>Dec 16 05:50:56 startup-script[1437]: <13>Dec 16 05:50:56 activate-component-spark[2720]: Waiting 200 seconds for service to come up on host=gdpic-srvls-batch-05885bcf-2746-4f07-a781-bf97f4b28f16-w-0 port=7078 name=spark-worker.",8713699897400708585,"'gdpic-srvls-batch-05885bcf-2746-4f07-a781-bf97f4b28f16-w-0","'projects/final-espinal-aguilar/logs/dataproc.googleapis.com%2Fstartup",,"'2025-12-16T05:52:45.976284970Z","'jb-medallion-20251216-054754","'southamerica-west1","'final-espinal-aguilar",cloud_dataproc_batch,,"'2025-12-16T05:52:44.450898269Z"
lp7ojue497xauutkp,,,,,"'dataproc-startup-script.log",,"'<13>Dec 16 05:50:56 startup-script[1437]: <13>Dec 16 05:50:56 activate-component-spark[2720]: + echo 'Waiting 200 seconds for service to come up on host=gdpic-srvls-batch-05885bcf-2746-4f07-a781-bf97f4b28f16-w-0 port=7078 name=spark-worker.'",8713699897400708585,"'gdpic-srvls-batch-05885bcf-2746-4f07-a781-bf97f4b28f16-w-0","'projects/final-espinal-aguilar/logs/dataproc.googleapis.com%2Fstartup",,"'2025-12-16T05:52:45.976284970Z","'jb-medallion-20251216-054754","'southamerica-west1","'final-espinal-aguilar",cloud_dataproc_batch,,"'2025-12-16T05:52:44.450897194Z"
lp7ojue497xauutko,,,,,"'dataproc-startup-script.log",,"'<13>Dec 16 05:50:56 startup-script[1437]: <13>Dec 16 05:50:56 activate-component-spark[2720]: + loginfo 'Waiting 200 seconds for service to come up on host=gdpic-srvls-batch-05885bcf-2746-4f07-a781-bf97f4b28f16-w-0 port=7078 name=spark-worker.'",8713699897400708585,"'gdpic-srvls-batch-05885bcf-2746-4f07-a781-bf97f4b28f16-w-0","'projects/final-espinal-aguilar/logs/dataproc.googleapis.com%2Fstartup",,"'2025-12-16T05:52:45.976284970Z","'jb-medallion-20251216-054754","'southamerica-west1","'final-espinal-aguilar",cloud_dataproc_batch,,"'2025-12-16T05:52:44.450896190Z"
lp7ojue497xauutkn,,,,,"'dataproc-startup-script.log",,"'<13>Dec 16 05:50:56 startup-script[1437]: <13>Dec 16 05:50:56 activate-component-spark[2720]: + local -r capped_timeout=200",8713699897400708585,"'gdpic-srvls-batch-05885bcf-2746-4f07-a781-bf97f4b28f16-w-0","'projects/final-espinal-aguilar/logs/dataproc.googleapis.com%2Fstartup",,"'2025-12-16T05:52:45.976284970Z","'jb-medallion-20251216-054754","'southamerica-west1","'final-espinal-aguilar",cloud_dataproc_batch,,"'2025-12-16T05:52:44.450895252Z"
lp7ojue497xauutkm,,,,,"'dataproc-startup-script.log",,"'<13>Dec 16 05:50:56 startup-script[1437]: <13>Dec 16 05:50:56 activate-component-spark[2720]: + local -r timeout=200",8713699897400708585,"'gdpic-srvls-batch-05885bcf-2746-4f07-a781-bf97f4b28f16-w-0","'projects/final-espinal-aguilar/logs/dataproc.googleapis.com%2Fstartup",,"'2025-12-16T05:52:45.976284970Z","'jb-medallion-20251216-054754","'southamerica-west1","'final-espinal-aguilar",cloud_dataproc_batch,,"'2025-12-16T05:52:44.450894272Z"
lp7ojue497xauutkl,,,,,"'dataproc-startup-script.log",,"'<13>Dec 16 05:50:56 startup-script[1437]: <13>Dec 16 05:50:56 activate-component-spark[2720]: + local -r port=7078",8713699897400708585,"'gdpic-srvls-batch-05885bcf-2746-4f07-a781-bf97f4b28f16-w-0","'projects/final-espinal-aguilar/logs/dataproc.googleapis.com%2Fstartup",,"'2025-12-16T05:52:45.976284970Z","'jb-medallion-20251216-054754","'southamerica-west1","'final-espinal-aguilar",cloud_dataproc_batch,,"'2025-12-16T05:52:44.450882237Z"
lp7ojue497xauutkk,,,,,"'dataproc-startup-script.log",,"'<13>Dec 16 05:50:56 startup-script[1437]: <13>Dec 16 05:50:56 activate-component-spark[2720]: + local -r host=gdpic-srvls-batch-05885bcf-2746-4f07-a781-bf97f4b28f16-w-0",8713699897400708585,"'gdpic-srvls-batch-05885bcf-2746-4f07-a781-bf97f4b28f16-w-0","'projects/final-espinal-aguilar/logs/dataproc.googleapis.com%2Fstartup",,"'2025-12-16T05:52:45.976284970Z","'jb-medallion-20251216-054754","'southamerica-west1","'final-espinal-aguilar",cloud_dataproc_batch,,"'2025-12-16T05:52:44.450881318Z"
lp7ojue497xauutkj,,,,,"'dataproc-startup-script.log",,"'<13>Dec 16 05:50:56 startup-script[1437]: <13>Dec 16 05:50:56 activate-component-spark[2720]: + local -r name=spark-worker",8713699897400708585,"'gdpic-srvls-batch-05885bcf-2746-4f07-a781-bf97f4b28f16-w-0","'projects/final-espinal-aguilar/logs/dataproc.googleapis.com%2Fstartup",,"'2025-12-16T05:52:45.976284970Z","'jb-medallion-20251216-054754","'southamerica-west1","'final-espinal-aguilar",cloud_dataproc_batch,,"'2025-12-16T05:52:44.450880348Z"
lp7ojue497xauutki,,,,,"'dataproc-startup-script.log",,"'<13>Dec 16 05:50:56 startup-script[1437]: <13>Dec 16 05:50:56 activate-component-spark[2720]: + wait_for_port spark-worker gdpic-srvls-batch-05885bcf-2746-4f07-a781-bf97f4b28f16-w-0 7078 200",8713699897400708585,"'gdpic-srvls-batch-05885bcf-2746-4f07-a781-bf97f4b28f16-w-0","'projects/final-espinal-aguilar/logs/dataproc.googleapis.com%2Fstartup",,"'2025-12-16T05:52:45.976284970Z","'jb-medallion-20251216-054754","'southamerica-west1","'final-espinal-aguilar",cloud_dataproc_batch,,"'2025-12-16T05:52:44.450879437Z"
lp7ojue497xauutkh,,,,,"'dataproc-startup-script.log",,"'<13>Dec 16 05:50:56 startup-script[1437]: <13>Dec 16 05:50:56 activate-component-spark[2720]: + wait_for_spark_worker",8713699897400708585,"'gdpic-srvls-batch-05885bcf-2746-4f07-a781-bf97f4b28f16-w-0","'projects/final-espinal-aguilar/logs/dataproc.googleapis.com%2Fstartup",,"'2025-12-16T05:52:45.976284970Z","'jb-medallion-20251216-054754","'southamerica-west1","'final-espinal-aguilar",cloud_dataproc_batch,,"'2025-12-16T05:52:44.450878494Z"
lp7ojue497xauutkg,,,,,"'dataproc-startup-script.log",,"'<13>Dec 16 05:50:56 startup-script[1437]: <13>Dec 16 05:50:56 activate-component-spark[2720]: + return 0",8713699897400708585,"'gdpic-srvls-batch-05885bcf-2746-4f07-a781-bf97f4b28f16-w-0","'projects/final-espinal-aguilar/logs/dataproc.googleapis.com%2Fstartup",,"'2025-12-16T05:52:45.976284970Z","'jb-medallion-20251216-054754","'southamerica-west1","'final-espinal-aguilar",cloud_dataproc_batch,,"'2025-12-16T05:52:44.450877573Z"
lp7ojue497xauutkf,,,,,"'dataproc-startup-script.log",,"'<13>Dec 16 05:50:56 startup-script[1437]: <13>Dec 16 05:50:56 activate-component-spark[2720]: 'systemctl start spark-worker' succeeded after 1 execution(s).",8713699897400708585,"'gdpic-srvls-batch-05885bcf-2746-4f07-a781-bf97f4b28f16-w-0","'projects/final-espinal-aguilar/logs/dataproc.googleapis.com%2Fstartup",,"'2025-12-16T05:52:45.976284970Z","'jb-medallion-20251216-054754","'southamerica-west1","'final-espinal-aguilar",cloud_dataproc_batch,,"'2025-12-16T05:52:44.450876583Z"
lp7ojue497xauutke,,,,,"'dataproc-startup-script.log",,"'<13>Dec 16 05:50:55 startup-script[1437]: + sleep 1",8713699897400708585,"'gdpic-srvls-batch-05885bcf-2746-4f07-a781-bf97f4b28f16-w-0","'projects/final-espinal-aguilar/logs/dataproc.googleapis.com%2Fstartup",,"'2025-12-16T05:52:45.976284970Z","'jb-medallion-20251216-054754","'southamerica-west1","'final-espinal-aguilar",cloud_dataproc_batch,,"'2025-12-16T05:52:44.450875501Z"
lp7ojue497xauutkd,,,,,"'dataproc-startup-script.log",,"'<13>Dec 16 05:50:55 startup-script[1437]: + [[ ! -f /tmp/dataproc/commands/2720.exitcode ]]",8713699897400708585,"'gdpic-srvls-batch-05885bcf-2746-4f07-a781-bf97f4b28f16-w-0","'projects/final-espinal-aguilar/logs/dataproc.googleapis.com%2Fstartup",,"'2025-12-16T05:52:45.976284970Z","'jb-medallion-20251216-054754","'southamerica-west1","'final-espinal-aguilar",cloud_dataproc_batch,,"'2025-12-16T05:52:44.450874463Z"
lp7ojue497xauutkc,,,,,"'dataproc-startup-script.log",,"'<13>Dec 16 05:50:54 startup-script[1437]: + sleep 1",8713699897400708585,"'gdpic-srvls-batch-05885bcf-2746-4f07-a781-bf97f4b28f16-w-0","'projects/final-espinal-aguilar/logs/dataproc.googleapis.com%2Fstartup",,"'2025-12-16T05:52:45.976284970Z","'jb-medallion-20251216-054754","'southamerica-west1","'final-espinal-aguilar",cloud_dataproc_batch,,"'2025-12-16T05:52:44.450873402Z"
lp7ojue497xauutkb,,,,,"'dataproc-startup-script.log",,"'<13>Dec 16 05:50:54 startup-script[1437]: + [[ ! -f /tmp/dataproc/commands/2720.exitcode ]]",8713699897400708585,"'gdpic-srvls-batch-05885bcf-2746-4f07-a781-bf97f4b28f16-w-0","'projects/final-espinal-aguilar/logs/dataproc.googleapis.com%2Fstartup",,"'2025-12-16T05:52:45.976284970Z","'jb-medallion-20251216-054754","'southamerica-west1","'final-espinal-aguilar",cloud_dataproc_batch,,"'2025-12-16T05:52:44.450872397Z"
lp7ojue497xauutka,,,,,"'dataproc-startup-script.log",,"'<13>Dec 16 05:50:53 startup-script[1437]: + sleep 1",8713699897400708585,"'gdpic-srvls-batch-05885bcf-2746-4f07-a781-bf97f4b28f16-w-0","'projects/final-espinal-aguilar/logs/dataproc.googleapis.com%2Fstartup",,"'2025-12-16T05:52:45.976284970Z","'jb-medallion-20251216-054754","'southamerica-west1","'final-espinal-aguilar",cloud_dataproc_batch,,"'2025-12-16T05:52:44.450871391Z"
lp7ojue497xauutjz,,,,,"'dataproc-startup-script.log",,"'<13>Dec 16 05:50:53 startup-script[1437]: + [[ ! -f /tmp/dataproc/commands/2720.exitcode ]]",8713699897400708585,"'gdpic-srvls-batch-05885bcf-2746-4f07-a781-bf97f4b28f16-w-0","'projects/final-espinal-aguilar/logs/dataproc.googleapis.com%2Fstartup",,"'2025-12-16T05:52:45.976284970Z","'jb-medallion-20251216-054754","'southamerica-west1","'final-espinal-aguilar",cloud_dataproc_batch,,"'2025-12-16T05:52:44.450870336Z"
lp7ojue497xauutjy,,,,,"'dataproc-startup-script.log",,"'<13>Dec 16 05:50:53 startup-script[1437]: + local exitcode_file=/tmp/dataproc/commands/2720.exitcode",8713699897400708585,"'gdpic-srvls-batch-05885bcf-2746-4f07-a781-bf97f4b28f16-w-0","'projects/final-espinal-aguilar/logs/dataproc.googleapis.com%2Fstartup",,"'2025-12-16T05:52:45.976284970Z","'jb-medallion-20251216-054754","'southamerica-west1","'final-espinal-aguilar",cloud_dataproc_batch,,"'2025-12-16T05:52:44.450869358Z"
lp7ojue497xauutjx,,,,,"'dataproc-startup-script.log",,"'<13>Dec 16 05:50:53 startup-script[1437]: + echo 'activate_component spark'",8713699897400708585,"'gdpic-srvls-batch-05885bcf-2746-4f07-a781-bf97f4b28f16-w-0","'projects/final-espinal-aguilar/logs/dataproc.googleapis.com%2Fstartup",,"'2025-12-16T05:52:45.976284970Z","'jb-medallion-20251216-054754","'southamerica-west1","'final-espinal-aguilar",cloud_dataproc_batch,,"'2025-12-16T05:52:44.450868241Z"
lp7ojue497xauutjw,,,,,"'dataproc-startup-script.log",,"'<13>Dec 16 05:50:53 startup-script[1437]: Waiting on pid=2720 cmd=[activate_component spark]",8713699897400708585,"'gdpic-srvls-batch-05885bcf-2746-4f07-a781-bf97f4b28f16-w-0","'projects/final-espinal-aguilar/logs/dataproc.googleapis.com%2Fstartup",,"'2025-12-16T05:52:45.976284970Z","'jb-medallion-20251216-054754","'southamerica-west1","'final-espinal-aguilar",cloud_dataproc_batch,,"'2025-12-16T05:52:44.450866360Z"
lp7ojue497xauutjv,,,,,"'dataproc-startup-script.log",,"'<13>Dec 16 05:50:53 startup-script[1437]: + echo 'Waiting on pid=2720 cmd=[activate_component spark]'",8713699897400708585,"'gdpic-srvls-batch-05885bcf-2746-4f07-a781-bf97f4b28f16-w-0","'projects/final-espinal-aguilar/logs/dataproc.googleapis.com%2Fstartup",,"'2025-12-16T05:52:45.976284970Z","'jb-medallion-20251216-054754","'southamerica-west1","'final-espinal-aguilar",cloud_dataproc_batch,,"'2025-12-16T05:52:44.450865433Z"
lp7ojue497xauutju,,,,,"'dataproc-startup-script.log",,"'<13>Dec 16 05:50:53 startup-script[1437]: + loginfo 'Waiting on pid=2720 cmd=[activate_component spark]'",8713699897400708585,"'gdpic-srvls-batch-05885bcf-2746-4f07-a781-bf97f4b28f16-w-0","'projects/final-espinal-aguilar/logs/dataproc.googleapis.com%2Fstartup",,"'2025-12-16T05:52:45.976284970Z","'jb-medallion-20251216-054754","'southamerica-west1","'final-espinal-aguilar",cloud_dataproc_batch,,"'2025-12-16T05:52:44.450864514Z"
lp7ojue497xauutjt,,,,,"'dataproc-startup-script.log",,"'<13>Dec 16 05:50:53 startup-script[1437]: + cmd='activate_component spark'",8713699897400708585,"'gdpic-srvls-batch-05885bcf-2746-4f07-a781-bf97f4b28f16-w-0","'projects/final-espinal-aguilar/logs/dataproc.googleapis.com%2Fstartup",,"'2025-12-16T05:52:45.976284970Z","'jb-medallion-20251216-054754","'southamerica-west1","'final-espinal-aguilar",cloud_dataproc_batch,,"'2025-12-16T05:52:44.450863580Z"
lp7ojue497xauutjs,,,,,"'dataproc-startup-script.log",,"'<13>Dec 16 05:50:53 startup-script[1437]: + local cmd",8713699897400708585,"'gdpic-srvls-batch-05885bcf-2746-4f07-a781-bf97f4b28f16-w-0","'projects/final-espinal-aguilar/logs/dataproc.googleapis.com%2Fstartup",,"'2025-12-16T05:52:45.976284970Z","'jb-medallion-20251216-054754","'southamerica-west1","'final-espinal-aguilar",cloud_dataproc_batch,,"'2025-12-16T05:52:44.450862657Z"
lp7ojue497xauutjr,,,,,"'dataproc-startup-script.log",,"'<13>Dec 16 05:50:53 startup-script[1437]: + pid=2720",8713699897400708585,"'gdpic-srvls-batch-05885bcf-2746-4f07-a781-bf97f4b28f16-w-0","'projects/final-espinal-aguilar/logs/dataproc.googleapis.com%2Fstartup",,"'2025-12-16T05:52:45.976284970Z","'jb-medallion-20251216-054754","'southamerica-west1","'final-espinal-aguilar",cloud_dataproc_batch,,"'2025-12-16T05:52:44.450861718Z"
lp7ojue497xauutjq,,,,,"'dataproc-startup-script.log",,"'<13>Dec 16 05:50:53 startup-script[1437]: ++ basename /tmp/dataproc/commands/2720",8713699897400708585,"'gdpic-srvls-batch-05885bcf-2746-4f07-a781-bf97f4b28f16-w-0","'projects/final-espinal-aguilar/logs/dataproc.googleapis.com%2Fstartup",,"'2025-12-16T05:52:45.976284970Z","'jb-medallion-20251216-054754","'southamerica-west1","'final-espinal-aguilar",cloud_dataproc_batch,,"'2025-12-16T05:52:44.450860803Z"
lp7ojue497xauutjp,,,,,"'dataproc-startup-script.log",,"'<13>Dec 16 05:50:53 startup-script[1437]: + local pid",8713699897400708585,"'gdpic-srvls-batch-05885bcf-2746-4f07-a781-bf97f4b28f16-w-0","'projects/final-espinal-aguilar/logs/dataproc.googleapis.com%2Fstartup",,"'2025-12-16T05:52:45.976284970Z","'jb-medallion-20251216-054754","'southamerica-west1","'final-espinal-aguilar",cloud_dataproc_batch,,"'2025-12-16T05:52:44.450859880Z"
lp7ojue497xauutjo,,,,,"'dataproc-startup-script.log",,"'<13>Dec 16 05:50:53 startup-script[1437]: + for running_file in ""${COMMANDS_TMP_DIR}/""*'.running'",8713699897400708585,"'gdpic-srvls-batch-05885bcf-2746-4f07-a781-bf97f4b28f16-w-0","'projects/final-espinal-aguilar/logs/dataproc.googleapis.com%2Fstartup",,"'2025-12-16T05:52:45.976284970Z","'jb-medallion-20251216-054754","'southamerica-west1","'final-espinal-aguilar",cloud_dataproc_batch,,"'2025-12-16T05:52:44.450858894Z"
lp7ojue497xauutjn,,,,,"'dataproc-startup-script.log",,"'<13>Dec 16 05:50:53 startup-script[1437]: + rm /tmp/dataproc/commands/2718.exitcode /tmp/dataproc/commands/2718.running",8713699897400708585,"'gdpic-srvls-batch-05885bcf-2746-4f07-a781-bf97f4b28f16-w-0","'projects/final-espinal-aguilar/logs/dataproc.googleapis.com%2Fstartup",,"'2025-12-16T05:52:45.976284970Z","'jb-medallion-20251216-054754","'southamerica-west1","'final-espinal-aguilar",cloud_dataproc_batch,,"'2025-12-16T05:52:44.450857980Z"
lp7ojue497xauutjm,,,,,"'dataproc-startup-script.log",,"'<13>Dec 16 05:50:53 startup-script[1437]: Command cmd=[activate_component miniconda3] pid=2718 exited with 0",8713699897400708585,"'gdpic-srvls-batch-05885bcf-2746-4f07-a781-bf97f4b28f16-w-0","'projects/final-espinal-aguilar/logs/dataproc.googleapis.com%2Fstartup",,"'2025-12-16T05:52:45.976284970Z","'jb-medallion-20251216-054754","'southamerica-west1","'final-espinal-aguilar",cloud_dataproc_batch,,"'2025-12-16T05:52:44.450857032Z"
lp7ojue497xauutjl,,,,,"'dataproc-startup-script.log",,"'<13>Dec 16 05:50:53 startup-script[1437]: + tee /tmp/dataproc/commands/2718.done",8713699897400708585,"'gdpic-srvls-batch-05885bcf-2746-4f07-a781-bf97f4b28f16-w-0","'projects/final-espinal-aguilar/logs/dataproc.googleapis.com%2Fstartup",,"'2025-12-16T05:52:45.947626281Z","'jb-medallion-20251216-054754","'southamerica-west1","'final-espinal-aguilar",cloud_dataproc_batch,,"'2025-12-16T05:52:44.450856101Z"
lp7ojue497xauutjk,,,,,"'dataproc-startup-script.log",,"'<13>Dec 16 05:50:53 startup-script[1437]: + echo 'Command cmd=[activate_component miniconda3] pid=2718 exited with 0'",8713699897400708585,"'gdpic-srvls-batch-05885bcf-2746-4f07-a781-bf97f4b28f16-w-0","'projects/final-espinal-aguilar/logs/dataproc.googleapis.com%2Fstartup",,"'2025-12-16T05:52:45.947626281Z","'jb-medallion-20251216-054754","'southamerica-west1","'final-espinal-aguilar",cloud_dataproc_batch,,"'2025-12-16T05:52:44.450855177Z"
lp7ojue497xauutjj,,,,,"'dataproc-startup-script.log",,"'<13>Dec 16 05:50:53 startup-script[1437]: + (( status != 0 ))",8713699897400708585,"'gdpic-srvls-batch-05885bcf-2746-4f07-a781-bf97f4b28f16-w-0","'projects/final-espinal-aguilar/logs/dataproc.googleapis.com%2Fstartup",,"'2025-12-16T05:52:45.947626281Z","'jb-medallion-20251216-054754","'southamerica-west1","'final-espinal-aguilar",cloud_dataproc_batch,,"'2025-12-16T05:52:44.450854250Z"
lp7ojue497xauutji,,,,,"'dataproc-startup-script.log",,"'<13>Dec 16 05:50:53 startup-script[1437]: + status=0",8713699897400708585,"'gdpic-srvls-batch-05885bcf-2746-4f07-a781-bf97f4b28f16-w-0","'projects/final-espinal-aguilar/logs/dataproc.googleapis.com%2Fstartup",,"'2025-12-16T05:52:45.947626281Z","'jb-medallion-20251216-054754","'southamerica-west1","'final-espinal-aguilar",cloud_dataproc_batch,,"'2025-12-16T05:52:44.450853324Z"
lp7ojue497xauutjh,,,,,"'dataproc-startup-script.log",,"'<13>Dec 16 05:50:53 startup-script[1437]: + local status",8713699897400708585,"'gdpic-srvls-batch-05885bcf-2746-4f07-a781-bf97f4b28f16-w-0","'projects/final-espinal-aguilar/logs/dataproc.googleapis.com%2Fstartup",,"'2025-12-16T05:52:45.947626281Z","'jb-medallion-20251216-054754","'southamerica-west1","'final-espinal-aguilar",cloud_dataproc_batch,,"'2025-12-16T05:52:44.450852406Z"
lp7ojue497xauutjg,,,,,"'dataproc-startup-script.log",,"'<13>Dec 16 05:50:53 startup-script[1437]: + [[ ! -f /tmp/dataproc/commands/2718.exitcode ]]",8713699897400708585,"'gdpic-srvls-batch-05885bcf-2746-4f07-a781-bf97f4b28f16-w-0","'projects/final-espinal-aguilar/logs/dataproc.googleapis.com%2Fstartup",,"'2025-12-16T05:52:45.947626281Z","'jb-medallion-20251216-054754","'southamerica-west1","'final-espinal-aguilar",cloud_dataproc_batch,,"'2025-12-16T05:52:44.450851462Z"
lp7ojue497xauutjf,,,,,"'dataproc-startup-script.log",,"'<13>Dec 16 05:50:53 startup-script[1437]: + local exitcode_file=/tmp/dataproc/commands/2718.exitcode",8713699897400708585,"'gdpic-srvls-batch-05885bcf-2746-4f07-a781-bf97f4b28f16-w-0","'projects/final-espinal-aguilar/logs/dataproc.googleapis.com%2Fstartup",,"'2025-12-16T05:52:45.947626281Z","'jb-medallion-20251216-054754","'southamerica-west1","'final-espinal-aguilar",cloud_dataproc_batch,,"'2025-12-16T05:52:44.450850539Z"
lp7ojue497xauutje,,,,,"'dataproc-startup-script.log",,"'<13>Dec 16 05:50:53 startup-script[1437]: + echo 'activate_component miniconda3'",8713699897400708585,"'gdpic-srvls-batch-05885bcf-2746-4f07-a781-bf97f4b28f16-w-0","'projects/final-espinal-aguilar/logs/dataproc.googleapis.com%2Fstartup",,"'2025-12-16T05:52:45.947626281Z","'jb-medallion-20251216-054754","'southamerica-west1","'final-espinal-aguilar",cloud_dataproc_batch,,"'2025-12-16T05:52:44.450849614Z"
lp7ojue497xauutjd,,,,,"'dataproc-startup-script.log",,"'<13>Dec 16 05:50:53 startup-script[1437]: Waiting on pid=2718 cmd=[activate_component miniconda3]",8713699897400708585,"'gdpic-srvls-batch-05885bcf-2746-4f07-a781-bf97f4b28f16-w-0","'projects/final-espinal-aguilar/logs/dataproc.googleapis.com%2Fstartup",,"'2025-12-16T05:52:45.947626281Z","'jb-medallion-20251216-054754","'southamerica-west1","'final-espinal-aguilar",cloud_dataproc_batch,,"'2025-12-16T05:52:44.450848700Z"
lp7ojue497xauutjc,,,,,"'dataproc-startup-script.log",,"'<13>Dec 16 05:50:53 startup-script[1437]: + echo 'Waiting on pid=2718 cmd=[activate_component miniconda3]'",8713699897400708585,"'gdpic-srvls-batch-05885bcf-2746-4f07-a781-bf97f4b28f16-w-0","'projects/final-espinal-aguilar/logs/dataproc.googleapis.com%2Fstartup",,"'2025-12-16T05:52:45.947626281Z","'jb-medallion-20251216-054754","'southamerica-west1","'final-espinal-aguilar",cloud_dataproc_batch,,"'2025-12-16T05:52:44.450847780Z"
lp7ojue497xauutjb,,,,,"'dataproc-startup-script.log",,"'<13>Dec 16 05:50:53 startup-script[1437]: + loginfo 'Waiting on pid=2718 cmd=[activate_component miniconda3]'",8713699897400708585,"'gdpic-srvls-batch-05885bcf-2746-4f07-a781-bf97f4b28f16-w-0","'projects/final-espinal-aguilar/logs/dataproc.googleapis.com%2Fstartup",,"'2025-12-16T05:52:45.947626281Z","'jb-medallion-20251216-054754","'southamerica-west1","'final-espinal-aguilar",cloud_dataproc_batch,,"'2025-12-16T05:52:44.450846863Z"
lp7ojue497xauutja,,,,,"'dataproc-startup-script.log",,"'<13>Dec 16 05:50:53 startup-script[1437]: + cmd='activate_component miniconda3'",8713699897400708585,"'gdpic-srvls-batch-05885bcf-2746-4f07-a781-bf97f4b28f16-w-0","'projects/final-espinal-aguilar/logs/dataproc.googleapis.com%2Fstartup",,"'2025-12-16T05:52:45.947626281Z","'jb-medallion-20251216-054754","'southamerica-west1","'final-espinal-aguilar",cloud_dataproc_batch,,"'2025-12-16T05:52:44.450845948Z"
lp7ojue497xauutiz,,,,,"'dataproc-startup-script.log",,"'<13>Dec 16 05:50:53 startup-script[1437]: + local cmd",8713699897400708585,"'gdpic-srvls-batch-05885bcf-2746-4f07-a781-bf97f4b28f16-w-0","'projects/final-espinal-aguilar/logs/dataproc.googleapis.com%2Fstartup",,"'2025-12-16T05:52:45.947626281Z","'jb-medallion-20251216-054754","'southamerica-west1","'final-espinal-aguilar",cloud_dataproc_batch,,"'2025-12-16T05:52:44.450845Z"
lp7ojue497xauutiy,,,,,"'dataproc-startup-script.log",,"'<13>Dec 16 05:50:53 startup-script[1437]: + pid=2718",8713699897400708585,"'gdpic-srvls-batch-05885bcf-2746-4f07-a781-bf97f4b28f16-w-0","'projects/final-espinal-aguilar/logs/dataproc.googleapis.com%2Fstartup",,"'2025-12-16T05:52:45.947626281Z","'jb-medallion-20251216-054754","'southamerica-west1","'final-espinal-aguilar",cloud_dataproc_batch,,"'2025-12-16T05:52:44.450844093Z"
lp7ojue497xauutix,,,,,"'dataproc-startup-script.log",,"'<13>Dec 16 05:50:53 startup-script[1437]: ++ basename /tmp/dataproc/commands/2718",8713699897400708585,"'gdpic-srvls-batch-05885bcf-2746-4f07-a781-bf97f4b28f16-w-0","'projects/final-espinal-aguilar/logs/dataproc.googleapis.com%2Fstartup",,"'2025-12-16T05:52:45.947626281Z","'jb-medallion-20251216-054754","'southamerica-west1","'final-espinal-aguilar",cloud_dataproc_batch,,"'2025-12-16T05:52:44.450843172Z"
lp7ojue497xauutiw,,,,,"'dataproc-startup-script.log",,"'<13>Dec 16 05:50:53 startup-script[1437]: + local pid",8713699897400708585,"'gdpic-srvls-batch-05885bcf-2746-4f07-a781-bf97f4b28f16-w-0","'projects/final-espinal-aguilar/logs/dataproc.googleapis.com%2Fstartup",,"'2025-12-16T05:52:45.947626281Z","'jb-medallion-20251216-054754","'southamerica-west1","'final-espinal-aguilar",cloud_dataproc_batch,,"'2025-12-16T05:52:44.450842119Z"
lp7ojue497xauutiv,,,,,"'dataproc-startup-script.log",,"'<13>Dec 16 05:50:53 startup-script[1437]: + for running_file in ""${COMMANDS_TMP_DIR}/""*'.running'",8713699897400708585,"'gdpic-srvls-batch-05885bcf-2746-4f07-a781-bf97f4b28f16-w-0","'projects/final-espinal-aguilar/logs/dataproc.googleapis.com%2Fstartup",,"'2025-12-16T05:52:45.947626281Z","'jb-medallion-20251216-054754","'southamerica-west1","'final-espinal-aguilar",cloud_dataproc_batch,,"'2025-12-16T05:52:44.450841166Z"
lp7ojue497xauutiu,,,,,"'dataproc-startup-script.log",,"'<13>Dec 16 05:50:53 startup-script[1437]: + rm /tmp/dataproc/commands/2717.exitcode /tmp/dataproc/commands/2717.running",8713699897400708585,"'gdpic-srvls-batch-05885bcf-2746-4f07-a781-bf97f4b28f16-w-0","'projects/final-espinal-aguilar/logs/dataproc.googleapis.com%2Fstartup",,"'2025-12-16T05:52:45.947626281Z","'jb-medallion-20251216-054754","'southamerica-west1","'final-espinal-aguilar",cloud_dataproc_batch,,"'2025-12-16T05:52:44.450840253Z"
lp7ojue497xauutit,,,,,"'dataproc-startup-script.log",,"'<13>Dec 16 05:50:53 startup-script[1437]: Command cmd=[activate_component containerd] pid=2717 exited with 0",8713699897400708585,"'gdpic-srvls-batch-05885bcf-2746-4f07-a781-bf97f4b28f16-w-0","'projects/final-espinal-aguilar/logs/dataproc.googleapis.com%2Fstartup",,"'2025-12-16T05:52:45.947626281Z","'jb-medallion-20251216-054754","'southamerica-west1","'final-espinal-aguilar",cloud_dataproc_batch,,"'2025-12-16T05:52:44.450839339Z"
lp7ojue497xauutis,,,,,"'dataproc-startup-script.log",,"'<13>Dec 16 05:50:53 startup-script[1437]: + tee /tmp/dataproc/commands/2717.done",8713699897400708585,"'gdpic-srvls-batch-05885bcf-2746-4f07-a781-bf97f4b28f16-w-0","'projects/final-espinal-aguilar/logs/dataproc.googleapis.com%2Fstartup",,"'2025-12-16T05:52:45.947626281Z","'jb-medallion-20251216-054754","'southamerica-west1","'final-espinal-aguilar",cloud_dataproc_batch,,"'2025-12-16T05:52:44.450838421Z"
lp7ojue497xauutir,,,,,"'dataproc-startup-script.log",,"'<13>Dec 16 05:50:53 startup-script[1437]: + echo 'Command cmd=[activate_component containerd] pid=2717 exited with 0'",8713699897400708585,"'gdpic-srvls-batch-05885bcf-2746-4f07-a781-bf97f4b28f16-w-0","'projects/final-espinal-aguilar/logs/dataproc.googleapis.com%2Fstartup",,"'2025-12-16T05:52:45.947626281Z","'jb-medallion-20251216-054754","'southamerica-west1","'final-espinal-aguilar",cloud_dataproc_batch,,"'2025-12-16T05:52:44.450837503Z"
lp7ojue497xauutiq,,,,,"'dataproc-startup-script.log",,"'<13>Dec 16 05:50:53 startup-script[1437]: + (( status != 0 ))",8713699897400708585,"'gdpic-srvls-batch-05885bcf-2746-4f07-a781-bf97f4b28f16-w-0","'projects/final-espinal-aguilar/logs/dataproc.googleapis.com%2Fstartup",,"'2025-12-16T05:52:45.947626281Z","'jb-medallion-20251216-054754","'southamerica-west1","'final-espinal-aguilar",cloud_dataproc_batch,,"'2025-12-16T05:52:44.450836577Z"
lp7ojue497xauutip,,,,,"'dataproc-startup-script.log",,"'<13>Dec 16 05:50:53 startup-script[1437]: + status=0",8713699897400708585,"'gdpic-srvls-batch-05885bcf-2746-4f07-a781-bf97f4b28f16-w-0","'projects/final-espinal-aguilar/logs/dataproc.googleapis.com%2Fstartup",,"'2025-12-16T05:52:45.947626281Z","'jb-medallion-20251216-054754","'southamerica-west1","'final-espinal-aguilar",cloud_dataproc_batch,,"'2025-12-16T05:52:44.450835636Z"
lp7ojue497xauutio,,,,,"'dataproc-startup-script.log",,"'<13>Dec 16 05:50:53 startup-script[1437]: + local status",8713699897400708585,"'gdpic-srvls-batch-05885bcf-2746-4f07-a781-bf97f4b28f16-w-0","'projects/final-espinal-aguilar/logs/dataproc.googleapis.com%2Fstartup",,"'2025-12-16T05:52:45.947626281Z","'jb-medallion-20251216-054754","'southamerica-west1","'final-espinal-aguilar",cloud_dataproc_batch,,"'2025-12-16T05:52:44.450834712Z"
lp7ojue497xauutin,,,,,"'dataproc-startup-script.log",,"'<13>Dec 16 05:50:53 startup-script[1437]: + [[ ! -f /tmp/dataproc/commands/2717.exitcode ]]",8713699897400708585,"'gdpic-srvls-batch-05885bcf-2746-4f07-a781-bf97f4b28f16-w-0","'projects/final-espinal-aguilar/logs/dataproc.googleapis.com%2Fstartup",,"'2025-12-16T05:52:45.947626281Z","'jb-medallion-20251216-054754","'southamerica-west1","'final-espinal-aguilar",cloud_dataproc_batch,,"'2025-12-16T05:52:44.450833780Z"
lp7ojue497xauutim,,,,,"'dataproc-startup-script.log",,"'<13>Dec 16 05:50:52 startup-script[1437]: ++ echo 0",8713699897400708585,"'gdpic-srvls-batch-05885bcf-2746-4f07-a781-bf97f4b28f16-w-0","'projects/final-espinal-aguilar/logs/dataproc.googleapis.com%2Fstartup",,"'2025-12-16T05:52:45.947626281Z","'jb-medallion-20251216-054754","'southamerica-west1","'final-espinal-aguilar",cloud_dataproc_batch,,"'2025-12-16T05:52:44.450832851Z"
lp7ojue497xauutil,,,,,"'dataproc-startup-script.log",,"'<13>Dec 16 05:50:52 startup-script[1437]: <13>Dec 16 05:50:52 activate-component-containerd[2717]: + touch /tmp/dataproc/components/activate/containerd.done",8713699897400708585,"'gdpic-srvls-batch-05885bcf-2746-4f07-a781-bf97f4b28f16-w-0","'projects/final-espinal-aguilar/logs/dataproc.googleapis.com%2Fstartup",,"'2025-12-16T05:52:45.947626281Z","'jb-medallion-20251216-054754","'southamerica-west1","'final-espinal-aguilar",cloud_dataproc_batch,,"'2025-12-16T05:52:44.450831917Z"
lp7ojue497xauutik,,,,,"'dataproc-startup-script.log",,"'<13>Dec 16 05:50:52 startup-script[1437]: <13>Dec 16 05:50:52 activate-component-containerd[2717]: Done running component activation script: /usr/local/share/google/dataproc/bdutil/components/activate/containerd.sh",8713699897400708585,"'gdpic-srvls-batch-05885bcf-2746-4f07-a781-bf97f4b28f16-w-0","'projects/final-espinal-aguilar/logs/dataproc.googleapis.com%2Fstartup",,"'2025-12-16T05:52:45.947626281Z","'jb-medallion-20251216-054754","'southamerica-west1","'final-espinal-aguilar",cloud_dataproc_batch,,"'2025-12-16T05:52:44.450830987Z"
lp7ojue497xauutij,,,,,"'dataproc-startup-script.log",,"'<13>Dec 16 05:50:52 startup-script[1437]: <13>Dec 16 05:50:52 activate-component-containerd[2717]: + echo 'Done running component activation script: /usr/local/share/google/dataproc/bdutil/components/activate/containerd.sh'",8713699897400708585,"'gdpic-srvls-batch-05885bcf-2746-4f07-a781-bf97f4b28f16-w-0","'projects/final-espinal-aguilar/logs/dataproc.googleapis.com%2Fstartup",,"'2025-12-16T05:52:45.947626281Z","'jb-medallion-20251216-054754","'southamerica-west1","'final-espinal-aguilar",cloud_dataproc_batch,,"'2025-12-16T05:52:44.450829914Z"
lp7ojue497xauutii,,,,,"'dataproc-startup-script.log",,"'<13>Dec 16 05:50:52 startup-script[1437]: <13>Dec 16 05:50:52 activate-component-containerd[2717]: + [[ 0 -ne 0 ]]",8713699897400708585,"'gdpic-srvls-batch-05885bcf-2746-4f07-a781-bf97f4b28f16-w-0","'projects/final-espinal-aguilar/logs/dataproc.googleapis.com%2Fstartup",,"'2025-12-16T05:52:45.947626281Z","'jb-medallion-20251216-054754","'southamerica-west1","'final-espinal-aguilar",cloud_dataproc_batch,,"'2025-12-16T05:52:44.450829009Z"
lp7ojue497xauutih,,,,,"'dataproc-startup-script.log",,"'<13>Dec 16 05:50:52 startup-script[1437]: <13>Dec 16 05:50:52 activate-component-containerd[2717]: + cat",8713699897400708585,"'gdpic-srvls-batch-05885bcf-2746-4f07-a781-bf97f4b28f16-w-0","'projects/final-espinal-aguilar/logs/dataproc.googleapis.com%2Fstartup",,"'2025-12-16T05:52:45.947626281Z","'jb-medallion-20251216-054754","'southamerica-west1","'final-espinal-aguilar",cloud_dataproc_batch,,"'2025-12-16T05:52:44.450828089Z"
lp7ojue497xauutig,,,,,"'dataproc-startup-script.log",,"'<13>Dec 16 05:50:52 startup-script[1437]: <13>Dec 16 05:50:52 activate-component-containerd[2717]: + touch /tmp/dataproc/components/activate/containerd.time",8713699897400708585,"'gdpic-srvls-batch-05885bcf-2746-4f07-a781-bf97f4b28f16-w-0","'projects/final-espinal-aguilar/logs/dataproc.googleapis.com%2Fstartup",,"'2025-12-16T05:52:45.947626281Z","'jb-medallion-20251216-054754","'southamerica-west1","'final-espinal-aguilar",cloud_dataproc_batch,,"'2025-12-16T05:52:44.450827146Z"
lp7ojue497xauutif,,,,,"'dataproc-startup-script.log",,"'<13>Dec 16 05:50:52 startup-script[1437]: <13>Dec 16 05:50:52 activate-component-containerd[2717]: + local -r time_file=/tmp/dataproc/components/activate/containerd.time",8713699897400708585,"'gdpic-srvls-batch-05885bcf-2746-4f07-a781-bf97f4b28f16-w-0","'projects/final-espinal-aguilar/logs/dataproc.googleapis.com%2Fstartup",,"'2025-12-16T05:52:45.947626281Z","'jb-medallion-20251216-054754","'southamerica-west1","'final-espinal-aguilar",cloud_dataproc_batch,,"'2025-12-16T05:52:44.450825852Z"
lp7ojue497xauutie,,,,,"'dataproc-startup-script.log",,"'<13>Dec 16 05:50:52 startup-script[1437]: <13>Dec 16 05:50:52 activate-component-containerd[2717]: Component containerd took 2s to activate",8713699897400708585,"'gdpic-srvls-batch-05885bcf-2746-4f07-a781-bf97f4b28f16-w-0","'projects/final-espinal-aguilar/logs/dataproc.googleapis.com%2Fstartup",,"'2025-12-16T05:52:45.947626281Z","'jb-medallion-20251216-054754","'southamerica-west1","'final-espinal-aguilar",cloud_dataproc_batch,,"'2025-12-16T05:52:44.450824905Z"
lp7ojue497xauutid,,,,,"'dataproc-startup-script.log",,"'<13>Dec 16 05:50:52 startup-script[1437]: <13>Dec 16 05:50:52 activate-component-containerd[2717]: + echo 'Component containerd took 2s to activate'",8713699897400708585,"'gdpic-srvls-batch-05885bcf-2746-4f07-a781-bf97f4b28f16-w-0","'projects/final-espinal-aguilar/logs/dataproc.googleapis.com%2Fstartup",,"'2025-12-16T05:52:45.947626281Z","'jb-medallion-20251216-054754","'southamerica-west1","'final-espinal-aguilar",cloud_dataproc_batch,,"'2025-12-16T05:52:44.450823975Z"
lp7ojue497xauutic,,,,,"'dataproc-startup-script.log",,"'<13>Dec 16 05:50:52 startup-script[1437]: <13>Dec 16 05:50:52 activate-component-containerd[2717]: + local -r runtime_s=2",8713699897400708585,"'gdpic-srvls-batch-05885bcf-2746-4f07-a781-bf97f4b28f16-w-0","'projects/final-espinal-aguilar/logs/dataproc.googleapis.com%2Fstartup",,"'2025-12-16T05:52:45.947626281Z","'jb-medallion-20251216-054754","'southamerica-west1","'final-espinal-aguilar",cloud_dataproc_batch,,"'2025-12-16T05:52:44.450823037Z"
lp7ojue497xauutib,,,,,"'dataproc-startup-script.log",,"'<13>Dec 16 05:50:52 startup-script[1437]: <13>Dec 16 05:50:52 activate-component-containerd[2717]: + local -r end=1765864252.698667086",8713699897400708585,"'gdpic-srvls-batch-05885bcf-2746-4f07-a781-bf97f4b28f16-w-0","'projects/final-espinal-aguilar/logs/dataproc.googleapis.com%2Fstartup",,"'2025-12-16T05:52:45.947626281Z","'jb-medallion-20251216-054754","'southamerica-west1","'final-espinal-aguilar",cloud_dataproc_batch,,"'2025-12-16T05:52:44.450822104Z"
lp7ojue497xauutia,,,,,"'dataproc-startup-script.log",,"'<13>Dec 16 05:50:52 startup-script[1437]: <13>Dec 16 05:50:52 activate-component-containerd[2717]: ++ date +%s.%N",8713699897400708585,"'gdpic-srvls-batch-05885bcf-2746-4f07-a781-bf97f4b28f16-w-0","'projects/final-espinal-aguilar/logs/dataproc.googleapis.com%2Fstartup",,"'2025-12-16T05:52:45.947626281Z","'jb-medallion-20251216-054754","'southamerica-west1","'final-espinal-aguilar",cloud_dataproc_batch,,"'2025-12-16T05:52:44.450820960Z"
lp7ojue497xauuthz,,,,,"'dataproc-startup-script.log",,"'<13>Dec 16 05:50:52 startup-script[1437]: <13>Dec 16 05:50:52 activate-component-containerd[2717]: + [[ -n '' ]]",8713699897400708585,"'gdpic-srvls-batch-05885bcf-2746-4f07-a781-bf97f4b28f16-w-0","'projects/final-espinal-aguilar/logs/dataproc.googleapis.com%2Fstartup",,"'2025-12-16T05:52:45.947626281Z","'jb-medallion-20251216-054754","'southamerica-west1","'final-espinal-aguilar",cloud_dataproc_batch,,"'2025-12-16T05:52:44.450820032Z"
lp7ojue497xauuthy,,,,,"'dataproc-startup-script.log",,"'<13>Dec 16 05:50:52 startup-script[1437]: <13>Dec 16 05:50:52 activate-component-containerd[2717]: + [[ -n '' ]]",8713699897400708585,"'gdpic-srvls-batch-05885bcf-2746-4f07-a781-bf97f4b28f16-w-0","'projects/final-espinal-aguilar/logs/dataproc.googleapis.com%2Fstartup",,"'2025-12-16T05:52:45.947626281Z","'jb-medallion-20251216-054754","'southamerica-west1","'final-espinal-aguilar",cloud_dataproc_batch,,"'2025-12-16T05:52:44.450819097Z"
lp7ojue497xauuthx,,,,,"'dataproc-startup-script.log",,"'<13>Dec 16 05:50:52 startup-script[1437]: <13>Dec 16 05:50:52 activate-component-containerd[2717]: + custom_image=",8713699897400708585,"'gdpic-srvls-batch-05885bcf-2746-4f07-a781-bf97f4b28f16-w-0","'projects/final-espinal-aguilar/logs/dataproc.googleapis.com%2Fstartup",,"'2025-12-16T05:52:45.947626281Z","'jb-medallion-20251216-054754","'southamerica-west1","'final-espinal-aguilar",cloud_dataproc_batch,,"'2025-12-16T05:52:44.450818160Z"
lp7ojue497xauuthw,,,,,"'dataproc-startup-script.log",,"'<13>Dec 16 05:50:52 startup-script[1437]: + sleep 1",8713699897400708585,"'gdpic-srvls-batch-05885bcf-2746-4f07-a781-bf97f4b28f16-w-0","'projects/final-espinal-aguilar/logs/dataproc.googleapis.com%2Fstartup",,"'2025-12-16T05:52:45.947626281Z","'jb-medallion-20251216-054754","'southamerica-west1","'final-espinal-aguilar",cloud_dataproc_batch,,"'2025-12-16T05:52:44.450817223Z"
lp7ojue497xauuthv,,,,,"'dataproc-startup-script.log",,"'<13>Dec 16 05:50:52 startup-script[1437]: + [[ ! -f /tmp/dataproc/commands/2717.exitcode ]]",8713699897400708585,"'gdpic-srvls-batch-05885bcf-2746-4f07-a781-bf97f4b28f16-w-0","'projects/final-espinal-aguilar/logs/dataproc.googleapis.com%2Fstartup",,"'2025-12-16T05:52:45.947626281Z","'jb-medallion-20251216-054754","'southamerica-west1","'final-espinal-aguilar",cloud_dataproc_batch,,"'2025-12-16T05:52:44.450816285Z"
lp7ojue497xauuthu,,,,,"'dataproc-startup-script.log",,"'<13>Dec 16 05:50:52 startup-script[1437]: + local exitcode_file=/tmp/dataproc/commands/2717.exitcode",8713699897400708585,"'gdpic-srvls-batch-05885bcf-2746-4f07-a781-bf97f4b28f16-w-0","'projects/final-espinal-aguilar/logs/dataproc.googleapis.com%2Fstartup",,"'2025-12-16T05:52:45.947626281Z","'jb-medallion-20251216-054754","'southamerica-west1","'final-espinal-aguilar",cloud_dataproc_batch,,"'2025-12-16T05:52:44.450815325Z"
lp7ojue497xauutht,,,,,"'dataproc-startup-script.log",,"'<13>Dec 16 05:50:52 startup-script[1437]: + echo 'activate_component containerd'",8713699897400708585,"'gdpic-srvls-batch-05885bcf-2746-4f07-a781-bf97f4b28f16-w-0","'projects/final-espinal-aguilar/logs/dataproc.googleapis.com%2Fstartup",,"'2025-12-16T05:52:45.947626281Z","'jb-medallion-20251216-054754","'southamerica-west1","'final-espinal-aguilar",cloud_dataproc_batch,,"'2025-12-16T05:52:44.450814134Z"
lp7ojue497xauuths,,,,,"'dataproc-startup-script.log",,"'<13>Dec 16 05:50:52 startup-script[1437]: Waiting on pid=2717 cmd=[activate_component containerd]",8713699897400708585,"'gdpic-srvls-batch-05885bcf-2746-4f07-a781-bf97f4b28f16-w-0","'projects/final-espinal-aguilar/logs/dataproc.googleapis.com%2Fstartup",,"'2025-12-16T05:52:45.947626281Z","'jb-medallion-20251216-054754","'southamerica-west1","'final-espinal-aguilar",cloud_dataproc_batch,,"'2025-12-16T05:52:44.450813094Z"
lp7ojue497xauuthr,,,,,"'dataproc-startup-script.log",,"'<13>Dec 16 05:50:52 startup-script[1437]: + echo 'Waiting on pid=2717 cmd=[activate_component containerd]'",8713699897400708585,"'gdpic-srvls-batch-05885bcf-2746-4f07-a781-bf97f4b28f16-w-0","'projects/final-espinal-aguilar/logs/dataproc.googleapis.com%2Fstartup",,"'2025-12-16T05:52:45.947626281Z","'jb-medallion-20251216-054754","'southamerica-west1","'final-espinal-aguilar",cloud_dataproc_batch,,"'2025-12-16T05:52:44.450811314Z"
lp7ojue497xauuthq,,,,,"'dataproc-startup-script.log",,"'<13>Dec 16 05:50:52 startup-script[1437]: + loginfo 'Waiting on pid=2717 cmd=[activate_component containerd]'",8713699897400708585,"'gdpic-srvls-batch-05885bcf-2746-4f07-a781-bf97f4b28f16-w-0","'projects/final-espinal-aguilar/logs/dataproc.googleapis.com%2Fstartup",,"'2025-12-16T05:52:45.947626281Z","'jb-medallion-20251216-054754","'southamerica-west1","'final-espinal-aguilar",cloud_dataproc_batch,,"'2025-12-16T05:52:44.450800451Z"
lp7ojue497xauuthp,,,,,"'dataproc-startup-script.log",,"'<13>Dec 16 05:50:52 startup-script[1437]: + cmd='activate_component containerd'",8713699897400708585,"'gdpic-srvls-batch-05885bcf-2746-4f07-a781-bf97f4b28f16-w-0","'projects/final-espinal-aguilar/logs/dataproc.googleapis.com%2Fstartup",,"'2025-12-16T05:52:45.947626281Z","'jb-medallion-20251216-054754","'southamerica-west1","'final-espinal-aguilar",cloud_dataproc_batch,,"'2025-12-16T05:52:44.450799526Z"
lp7ojue497xauutho,,,,,"'dataproc-startup-script.log",,"'<13>Dec 16 05:50:52 startup-script[1437]: + local cmd",8713699897400708585,"'gdpic-srvls-batch-05885bcf-2746-4f07-a781-bf97f4b28f16-w-0","'projects/final-espinal-aguilar/logs/dataproc.googleapis.com%2Fstartup",,"'2025-12-16T05:52:45.947626281Z","'jb-medallion-20251216-054754","'southamerica-west1","'final-espinal-aguilar",cloud_dataproc_batch,,"'2025-12-16T05:52:44.450798594Z"
lp7ojue497xauuthn,,,,,"'dataproc-startup-script.log",,"'<13>Dec 16 05:50:52 startup-script[1437]: + pid=2717",8713699897400708585,"'gdpic-srvls-batch-05885bcf-2746-4f07-a781-bf97f4b28f16-w-0","'projects/final-espinal-aguilar/logs/dataproc.googleapis.com%2Fstartup",,"'2025-12-16T05:52:45.947626281Z","'jb-medallion-20251216-054754","'southamerica-west1","'final-espinal-aguilar",cloud_dataproc_batch,,"'2025-12-16T05:52:44.450797615Z"
lp7ojue497xauuthm,,,,,"'dataproc-startup-script.log",,"'<13>Dec 16 05:50:52 startup-script[1437]: ++ basename /tmp/dataproc/commands/2717",8713699897400708585,"'gdpic-srvls-batch-05885bcf-2746-4f07-a781-bf97f4b28f16-w-0","'projects/final-espinal-aguilar/logs/dataproc.googleapis.com%2Fstartup",,"'2025-12-16T05:52:45.947626281Z","'jb-medallion-20251216-054754","'southamerica-west1","'final-espinal-aguilar",cloud_dataproc_batch,,"'2025-12-16T05:52:44.450796617Z"
lp7ojue497xauuthl,,,,,"'dataproc-startup-script.log",,"'<13>Dec 16 05:50:52 startup-script[1437]: <13>Dec 16 05:50:52 activate-component-containerd[2717]: ++ set +x",8713699897400708585,"'gdpic-srvls-batch-05885bcf-2746-4f07-a781-bf97f4b28f16-w-0","'projects/final-espinal-aguilar/logs/dataproc.googleapis.com%2Fstartup",,"'2025-12-16T05:52:45.947626281Z","'jb-medallion-20251216-054754","'southamerica-west1","'final-espinal-aguilar",cloud_dataproc_batch,,"'2025-12-16T05:52:44.450795586Z"
lp7ojue497xauuthk,,,,,"'dataproc-startup-script.log",,"'<13>Dec 16 05:50:52 startup-script[1437]: <13>Dec 16 05:50:52 activate-component-containerd[2717]: ++ get_dataproc_property dataproc.spark.container.image",8713699897400708585,"'gdpic-srvls-batch-05885bcf-2746-4f07-a781-bf97f4b28f16-w-0","'projects/final-espinal-aguilar/logs/dataproc.googleapis.com%2Fstartup",,"'2025-12-16T05:52:45.947626281Z","'jb-medallion-20251216-054754","'southamerica-west1","'final-espinal-aguilar",cloud_dataproc_batch,,"'2025-12-16T05:52:44.450794566Z"
lp7ojue497xauuthj,,,,,"'dataproc-startup-script.log",,"'<13>Dec 16 05:50:52 startup-script[1437]: <13>Dec 16 05:50:52 activate-component-containerd[2717]: + local custom_image",8713699897400708585,"'gdpic-srvls-batch-05885bcf-2746-4f07-a781-bf97f4b28f16-w-0","'projects/final-espinal-aguilar/logs/dataproc.googleapis.com%2Fstartup",,"'2025-12-16T05:52:45.947626281Z","'jb-medallion-20251216-054754","'southamerica-west1","'final-espinal-aguilar",cloud_dataproc_batch,,"'2025-12-16T05:52:44.450793438Z"
lp7ojue497xauuthi,,,,,"'dataproc-startup-script.log",,"'<13>Dec 16 05:50:52 startup-script[1437]: <13>Dec 16 05:50:52 activate-component-containerd[2717]: + is_custom_container_image_configured",8713699897400708585,"'gdpic-srvls-batch-05885bcf-2746-4f07-a781-bf97f4b28f16-w-0","'projects/final-espinal-aguilar/logs/dataproc.googleapis.com%2Fstartup",,"'2025-12-16T05:52:45.947626281Z","'jb-medallion-20251216-054754","'southamerica-west1","'final-espinal-aguilar",cloud_dataproc_batch,,"'2025-12-16T05:52:44.450792435Z"
lp7ojue497xauuthh,,,,,"'dataproc-startup-script.log",,"'<13>Dec 16 05:50:52 startup-script[1437]: <13>Dec 16 05:50:52 activate-component-containerd[2717]: + return 0",8713699897400708585,"'gdpic-srvls-batch-05885bcf-2746-4f07-a781-bf97f4b28f16-w-0","'projects/final-espinal-aguilar/logs/dataproc.googleapis.com%2Fstartup",,"'2025-12-16T05:52:45.947626281Z","'jb-medallion-20251216-054754","'southamerica-west1","'final-espinal-aguilar",cloud_dataproc_batch,,"'2025-12-16T05:52:44.450791363Z"
lp7ojue497xauuthg,,,,,"'dataproc-startup-script.log",,"'<13>Dec 16 05:50:52 startup-script[1437]: <13>Dec 16 05:50:52 activate-component-containerd[2717]: 'systemctl start containerd.service' succeeded after 1 execution(s).",8713699897400708585,"'gdpic-srvls-batch-05885bcf-2746-4f07-a781-bf97f4b28f16-w-0","'projects/final-espinal-aguilar/logs/dataproc.googleapis.com%2Fstartup",,"'2025-12-16T05:52:45.947626281Z","'jb-medallion-20251216-054754","'southamerica-west1","'final-espinal-aguilar",cloud_dataproc_batch,,"'2025-12-16T05:52:44.450790346Z"
lp7ojue497xauuthf,,,,,"'dataproc-startup-script.log",,"'<13>Dec 16 05:50:52 startup-script[1437]: + local pid",8713699897400708585,"'gdpic-srvls-batch-05885bcf-2746-4f07-a781-bf97f4b28f16-w-0","'projects/final-espinal-aguilar/logs/dataproc.googleapis.com%2Fstartup",,"'2025-12-16T05:52:45.947626281Z","'jb-medallion-20251216-054754","'southamerica-west1","'final-espinal-aguilar",cloud_dataproc_batch,,"'2025-12-16T05:52:44.450789414Z"
lp7ojue497xauuthe,,,,,"'dataproc-startup-script.log",,"'<13>Dec 16 05:50:52 startup-script[1437]: + for running_file in ""${COMMANDS_TMP_DIR}/""*'.running'",8713699897400708585,"'gdpic-srvls-batch-05885bcf-2746-4f07-a781-bf97f4b28f16-w-0","'projects/final-espinal-aguilar/logs/dataproc.googleapis.com%2Fstartup",,"'2025-12-16T05:52:45.947626281Z","'jb-medallion-20251216-054754","'southamerica-west1","'final-espinal-aguilar",cloud_dataproc_batch,,"'2025-12-16T05:52:44.450788510Z"
lp7ojue497xauuthd,,,,,"'dataproc-startup-script.log",,"'<13>Dec 16 05:50:52 startup-script[1437]: + rm /tmp/dataproc/commands/2712.exitcode /tmp/dataproc/commands/2712.running",8713699897400708585,"'gdpic-srvls-batch-05885bcf-2746-4f07-a781-bf97f4b28f16-w-0","'projects/final-espinal-aguilar/logs/dataproc.googleapis.com%2Fstartup",,"'2025-12-16T05:52:45.947626281Z","'jb-medallion-20251216-054754","'southamerica-west1","'final-espinal-aguilar",cloud_dataproc_batch,,"'2025-12-16T05:52:44.450787604Z"
lp7ojue497xauuthc,,,,,"'dataproc-startup-script.log",,"'<13>Dec 16 05:50:52 startup-script[1437]: Command cmd=[setup_service stackdriver-agent] pid=2712 exited with 0",8713699897400708585,"'gdpic-srvls-batch-05885bcf-2746-4f07-a781-bf97f4b28f16-w-0","'projects/final-espinal-aguilar/logs/dataproc.googleapis.com%2Fstartup",,"'2025-12-16T05:52:45.947626281Z","'jb-medallion-20251216-054754","'southamerica-west1","'final-espinal-aguilar",cloud_dataproc_batch,,"'2025-12-16T05:52:44.450786492Z"
lp7ojue497xauuthb,,,,,"'dataproc-startup-script.log",,"'<13>Dec 16 05:50:52 startup-script[1437]: + tee /tmp/dataproc/commands/2712.done",8713699897400708585,"'gdpic-srvls-batch-05885bcf-2746-4f07-a781-bf97f4b28f16-w-0","'projects/final-espinal-aguilar/logs/dataproc.googleapis.com%2Fstartup",,"'2025-12-16T05:52:45.947626281Z","'jb-medallion-20251216-054754","'southamerica-west1","'final-espinal-aguilar",cloud_dataproc_batch,,"'2025-12-16T05:52:44.450785570Z"
lp7ojue497xauutha,,,,,"'dataproc-startup-script.log",,"'<13>Dec 16 05:50:52 startup-script[1437]: + echo 'Command cmd=[setup_service stackdriver-agent] pid=2712 exited with 0'",8713699897400708585,"'gdpic-srvls-batch-05885bcf-2746-4f07-a781-bf97f4b28f16-w-0","'projects/final-espinal-aguilar/logs/dataproc.googleapis.com%2Fstartup",,"'2025-12-16T05:52:45.947626281Z","'jb-medallion-20251216-054754","'southamerica-west1","'final-espinal-aguilar",cloud_dataproc_batch,,"'2025-12-16T05:52:44.450784640Z"
lp7ojue497xauutgz,,,,,"'dataproc-startup-script.log",,"'<13>Dec 16 05:50:52 startup-script[1437]: + (( status != 0 ))",8713699897400708585,"'gdpic-srvls-batch-05885bcf-2746-4f07-a781-bf97f4b28f16-w-0","'projects/final-espinal-aguilar/logs/dataproc.googleapis.com%2Fstartup",,"'2025-12-16T05:52:45.947626281Z","'jb-medallion-20251216-054754","'southamerica-west1","'final-espinal-aguilar",cloud_dataproc_batch,,"'2025-12-16T05:52:44.450783686Z"
lp7ojue497xauutgy,,,,,"'dataproc-startup-script.log",,"'<13>Dec 16 05:50:52 startup-script[1437]: + status=0",8713699897400708585,"'gdpic-srvls-batch-05885bcf-2746-4f07-a781-bf97f4b28f16-w-0","'projects/final-espinal-aguilar/logs/dataproc.googleapis.com%2Fstartup",,"'2025-12-16T05:52:45.947626281Z","'jb-medallion-20251216-054754","'southamerica-west1","'final-espinal-aguilar",cloud_dataproc_batch,,"'2025-12-16T05:52:44.450782741Z"
lp7ojue497xauutgx,,,,,"'dataproc-startup-script.log",,"'<13>Dec 16 05:50:52 startup-script[1437]: + local status",8713699897400708585,"'gdpic-srvls-batch-05885bcf-2746-4f07-a781-bf97f4b28f16-w-0","'projects/final-espinal-aguilar/logs/dataproc.googleapis.com%2Fstartup",,"'2025-12-16T05:52:45.947626281Z","'jb-medallion-20251216-054754","'southamerica-west1","'final-espinal-aguilar",cloud_dataproc_batch,,"'2025-12-16T05:52:44.450781799Z"
lp7ojue497xauutgw,,,,,"'dataproc-startup-script.log",,"'<13>Dec 16 05:50:52 startup-script[1437]: + [[ ! -f /tmp/dataproc/commands/2712.exitcode ]]",8713699897400708585,"'gdpic-srvls-batch-05885bcf-2746-4f07-a781-bf97f4b28f16-w-0","'projects/final-espinal-aguilar/logs/dataproc.googleapis.com%2Fstartup",,"'2025-12-16T05:52:45.947626281Z","'jb-medallion-20251216-054754","'southamerica-west1","'final-espinal-aguilar",cloud_dataproc_batch,,"'2025-12-16T05:52:44.450780876Z"
lp7ojue497xauutgv,,,,,"'dataproc-startup-script.log",,"'<13>Dec 16 05:50:52 startup-script[1437]: ++ echo 0",8713699897400708585,"'gdpic-srvls-batch-05885bcf-2746-4f07-a781-bf97f4b28f16-w-0","'projects/final-espinal-aguilar/logs/dataproc.googleapis.com%2Fstartup",,"'2025-12-16T05:52:45.947626281Z","'jb-medallion-20251216-054754","'southamerica-west1","'final-espinal-aguilar",cloud_dataproc_batch,,"'2025-12-16T05:52:44.450779951Z"
lp7ojue497xauutgu,,,,,"'dataproc-startup-script.log",,"'<13>Dec 16 05:50:52 startup-script[1437]: <13>Dec 16 05:50:52 setup-stackdriver-agent[2712]: + return 0",8713699897400708585,"'gdpic-srvls-batch-05885bcf-2746-4f07-a781-bf97f4b28f16-w-0","'projects/final-espinal-aguilar/logs/dataproc.googleapis.com%2Fstartup",,"'2025-12-16T05:52:45.947626281Z","'jb-medallion-20251216-054754","'southamerica-west1","'final-espinal-aguilar",cloud_dataproc_batch,,"'2025-12-16T05:52:44.450778886Z"
lp7ojue497xauutgt,,,,,"'dataproc-startup-script.log",,"'<13>Dec 16 05:50:52 startup-script[1437]: <13>Dec 16 05:50:52 setup-stackdriver-agent[2712]: 'systemctl start stackdriver-agent.service' succeeded after 1 execution(s).",8713699897400708585,"'gdpic-srvls-batch-05885bcf-2746-4f07-a781-bf97f4b28f16-w-0","'projects/final-espinal-aguilar/logs/dataproc.googleapis.com%2Fstartup",,"'2025-12-16T05:52:45.947626281Z","'jb-medallion-20251216-054754","'southamerica-west1","'final-espinal-aguilar",cloud_dataproc_batch,,"'2025-12-16T05:52:44.450777843Z"
lp7ojue497xauutgs,,,,,"'dataproc-startup-script.log",,"'<13>Dec 16 05:50:51 startup-script[1437]: <13>Dec 16 05:50:51 setup-stackdriver-agent[2712]: About to run 'systemctl start stackdriver-agent.service' with retries...",8713699897400708585,"'gdpic-srvls-batch-05885bcf-2746-4f07-a781-bf97f4b28f16-w-0","'projects/final-espinal-aguilar/logs/dataproc.googleapis.com%2Fstartup",,"'2025-12-16T05:52:45.947626281Z","'jb-medallion-20251216-054754","'southamerica-west1","'final-espinal-aguilar",cloud_dataproc_batch,,"'2025-12-16T05:52:44.450776846Z"
lp7ojue497xauutgr,,,,,"'dataproc-startup-script.log",,"'<13>Dec 16 05:50:51 startup-script[1437]: <13>Dec 16 05:50:51 setup-stackdriver-agent[2712]: + set +x",8713699897400708585,"'gdpic-srvls-batch-05885bcf-2746-4f07-a781-bf97f4b28f16-w-0","'projects/final-espinal-aguilar/logs/dataproc.googleapis.com%2Fstartup",,"'2025-12-16T05:52:45.947626281Z","'jb-medallion-20251216-054754","'southamerica-west1","'final-espinal-aguilar",cloud_dataproc_batch,,"'2025-12-16T05:52:44.450775811Z"
lp7ojue497xauutgq,,,,,"'dataproc-startup-script.log",,"'<13>Dec 16 05:50:51 startup-script[1437]: <13>Dec 16 05:50:51 setup-stackdriver-agent[2712]: + [[ -o xtrace ]]",8713699897400708585,"'gdpic-srvls-batch-05885bcf-2746-4f07-a781-bf97f4b28f16-w-0","'projects/final-espinal-aguilar/logs/dataproc.googleapis.com%2Fstartup",,"'2025-12-16T05:52:45.947626281Z","'jb-medallion-20251216-054754","'southamerica-west1","'final-espinal-aguilar",cloud_dataproc_batch,,"'2025-12-16T05:52:44.450774779Z"
lp7ojue497xauutgp,,,,,"'dataproc-startup-script.log",,"'<13>Dec 16 05:50:51 startup-script[1437]: <13>Dec 16 05:50:51 setup-stackdriver-agent[2712]: + local reenable_x=false",8713699897400708585,"'gdpic-srvls-batch-05885bcf-2746-4f07-a781-bf97f4b28f16-w-0","'projects/final-espinal-aguilar/logs/dataproc.googleapis.com%2Fstartup",,"'2025-12-16T05:52:45.947626281Z","'jb-medallion-20251216-054754","'southamerica-west1","'final-espinal-aguilar",cloud_dataproc_batch,,"'2025-12-16T05:52:44.450773796Z"
lp7ojue497xauutgo,,,,,"'dataproc-startup-script.log",,"'<13>Dec 16 05:50:51 startup-script[1437]: <13>Dec 16 05:50:51 setup-stackdriver-agent[2712]: + local -r max_retries=30",8713699897400708585,"'gdpic-srvls-batch-05885bcf-2746-4f07-a781-bf97f4b28f16-w-0","'projects/final-espinal-aguilar/logs/dataproc.googleapis.com%2Fstartup",,"'2025-12-16T05:52:45.947626281Z","'jb-medallion-20251216-054754","'southamerica-west1","'final-espinal-aguilar",cloud_dataproc_batch,,"'2025-12-16T05:52:44.450772800Z"
lp7ojue497xauutgn,,,,,"'dataproc-startup-script.log",,"'<13>Dec 16 05:50:51 startup-script[1437]: <13>Dec 16 05:50:51 setup-stackdriver-agent[2712]: + local -r cmd",8713699897400708585,"'gdpic-srvls-batch-05885bcf-2746-4f07-a781-bf97f4b28f16-w-0","'projects/final-espinal-aguilar/logs/dataproc.googleapis.com%2Fstartup",,"'2025-12-16T05:52:45.947626281Z","'jb-medallion-20251216-054754","'southamerica-west1","'final-espinal-aguilar",cloud_dataproc_batch,,"'2025-12-16T05:52:44.450771801Z"
lp7ojue497xauutgm,,,,,"'dataproc-startup-script.log",,"'<13>Dec 16 05:50:51 startup-script[1437]: <13>Dec 16 05:50:51 setup-stackdriver-agent[2712]: + cmd=('systemctl' 'start' 'stackdriver-agent.service')",8713699897400708585,"'gdpic-srvls-batch-05885bcf-2746-4f07-a781-bf97f4b28f16-w-0","'projects/final-espinal-aguilar/logs/dataproc.googleapis.com%2Fstartup",,"'2025-12-16T05:52:45.947626281Z","'jb-medallion-20251216-054754","'southamerica-west1","'final-espinal-aguilar",cloud_dataproc_batch,,"'2025-12-16T05:52:44.450770876Z"
lp7ojue497xauutgl,,,,,"'dataproc-startup-script.log",,"'<13>Dec 16 05:50:51 startup-script[1437]: <13>Dec 16 05:50:51 setup-stackdriver-agent[2712]: + local -r retry_delay=1",8713699897400708585,"'gdpic-srvls-batch-05885bcf-2746-4f07-a781-bf97f4b28f16-w-0","'projects/final-espinal-aguilar/logs/dataproc.googleapis.com%2Fstartup",,"'2025-12-16T05:52:45.947626281Z","'jb-medallion-20251216-054754","'southamerica-west1","'final-espinal-aguilar",cloud_dataproc_batch,,"'2025-12-16T05:52:44.450769949Z"
lp7ojue497xauutgk,,,,,"'dataproc-startup-script.log",,"'<13>Dec 16 05:50:51 startup-script[1437]: <13>Dec 16 05:50:51 setup-stackdriver-agent[2712]: + local -r max_retry_time=30",8713699897400708585,"'gdpic-srvls-batch-05885bcf-2746-4f07-a781-bf97f4b28f16-w-0","'projects/final-espinal-aguilar/logs/dataproc.googleapis.com%2Fstartup",,"'2025-12-16T05:52:45.947626281Z","'jb-medallion-20251216-054754","'southamerica-west1","'final-espinal-aguilar",cloud_dataproc_batch,,"'2025-12-16T05:52:44.450768987Z"
lp7ojue497xauutgj,,,,,"'dataproc-startup-script.log",,"'<13>Dec 16 05:50:51 startup-script[1437]: <13>Dec 16 05:50:51 setup-stackdriver-agent[2712]: + retry_constant_custom 30 1 systemctl start stackdriver-agent.service",8713699897400708585,"'gdpic-srvls-batch-05885bcf-2746-4f07-a781-bf97f4b28f16-w-0","'projects/final-espinal-aguilar/logs/dataproc.googleapis.com%2Fstartup",,"'2025-12-16T05:52:45.947626281Z","'jb-medallion-20251216-054754","'southamerica-west1","'final-espinal-aguilar",cloud_dataproc_batch,,"'2025-12-16T05:52:44.450767617Z"
lp7ojue497xauutgi,,,,,"'dataproc-startup-script.log",,"'<13>Dec 16 05:50:51 startup-script[1437]: <13>Dec 16 05:50:51 setup-stackdriver-agent[2712]: + retry_constant_short systemctl start stackdriver-agent.service",8713699897400708585,"'gdpic-srvls-batch-05885bcf-2746-4f07-a781-bf97f4b28f16-w-0","'projects/final-espinal-aguilar/logs/dataproc.googleapis.com%2Fstartup",,"'2025-12-16T05:52:45.947626281Z","'jb-medallion-20251216-054754","'southamerica-west1","'final-espinal-aguilar",cloud_dataproc_batch,,"'2025-12-16T05:52:44.450766685Z"
lp7ojue497xauutgh,,,,,"'dataproc-startup-script.log",,"'<13>Dec 16 05:50:51 startup-script[1437]: <13>Dec 16 05:50:51 setup-stackdriver-agent[2712]: + local -r unit=stackdriver-agent.service",8713699897400708585,"'gdpic-srvls-batch-05885bcf-2746-4f07-a781-bf97f4b28f16-w-0","'projects/final-espinal-aguilar/logs/dataproc.googleapis.com%2Fstartup",,"'2025-12-16T05:52:45.947626281Z","'jb-medallion-20251216-054754","'southamerica-west1","'final-espinal-aguilar",cloud_dataproc_batch,,"'2025-12-16T05:52:44.450765727Z"
lp7ojue497xauutgg,,,,,"'dataproc-startup-script.log",,"'<13>Dec 16 05:50:51 startup-script[1437]: <13>Dec 16 05:50:51 setup-stackdriver-agent[2712]: + local -r service=stackdriver-agent",8713699897400708585,"'gdpic-srvls-batch-05885bcf-2746-4f07-a781-bf97f4b28f16-w-0","'projects/final-espinal-aguilar/logs/dataproc.googleapis.com%2Fstartup",,"'2025-12-16T05:52:45.947626281Z","'jb-medallion-20251216-054754","'southamerica-west1","'final-espinal-aguilar",cloud_dataproc_batch,,"'2025-12-16T05:52:44.450764792Z"
lp7ojue497xauutgf,,,,,"'dataproc-startup-script.log",,"'<13>Dec 16 05:50:51 startup-script[1437]: <13>Dec 16 05:50:51 setup-stackdriver-agent[2712]: + start_service stackdriver-agent",8713699897400708585,"'gdpic-srvls-batch-05885bcf-2746-4f07-a781-bf97f4b28f16-w-0","'projects/final-espinal-aguilar/logs/dataproc.googleapis.com%2Fstartup",,"'2025-12-16T05:52:45.947626281Z","'jb-medallion-20251216-054754","'southamerica-west1","'final-espinal-aguilar",cloud_dataproc_batch,,"'2025-12-16T05:52:44.450763841Z"
lp7ojue497xauutge,,,,,"'dataproc-startup-script.log",,"'<13>Dec 16 05:50:51 startup-script[1437]: <13>Dec 16 05:50:51 setup-stackdriver-agent[2712]: + [[ stackdriver-agent == \h\a\d\o\o\p\-\y\a\r\n\-\r\e\s\o\u\r\c\e\m\a\n\a\g\e\r ]]",8713699897400708585,"'gdpic-srvls-batch-05885bcf-2746-4f07-a781-bf97f4b28f16-w-0","'projects/final-espinal-aguilar/logs/dataproc.googleapis.com%2Fstartup",,"'2025-12-16T05:52:45.947626281Z","'jb-medallion-20251216-054754","'southamerica-west1","'final-espinal-aguilar",cloud_dataproc_batch,,"'2025-12-16T05:52:44.450758583Z"
lp7ojue497xauutgd,,,,,"'dataproc-startup-script.log",,"'<13>Dec 16 05:50:51 startup-script[1437]: <13>Dec 16 05:50:51 setup-stackdriver-agent[2712]: + master_run_driver_location=LOCAL",8713699897400708585,"'gdpic-srvls-batch-05885bcf-2746-4f07-a781-bf97f4b28f16-w-0","'projects/final-espinal-aguilar/logs/dataproc.googleapis.com%2Fstartup",,"'2025-12-16T05:52:45.947626281Z","'jb-medallion-20251216-054754","'southamerica-west1","'final-espinal-aguilar",cloud_dataproc_batch,,"'2025-12-16T05:52:44.450757657Z"
lp7ojue497xauutgc,,,,,"'dataproc-startup-script.log",,"'<13>Dec 16 05:50:51 startup-script[1437]: <13>Dec 16 05:50:51 setup-stackdriver-agent[2712]: ++ /usr/share/google/get_metadata_value attributes/master-run-driver-location",8713699897400708585,"'gdpic-srvls-batch-05885bcf-2746-4f07-a781-bf97f4b28f16-w-0","'projects/final-espinal-aguilar/logs/dataproc.googleapis.com%2Fstartup",,"'2025-12-16T05:52:45.947626281Z","'jb-medallion-20251216-054754","'southamerica-west1","'final-espinal-aguilar",cloud_dataproc_batch,,"'2025-12-16T05:52:44.450756729Z"
lp7ojue497xauutgb,,,,,"'dataproc-startup-script.log",,"'<13>Dec 16 05:50:51 startup-script[1437]: <13>Dec 16 05:50:51 setup-stackdriver-agent[2712]: + local master_run_driver_location",8713699897400708585,"'gdpic-srvls-batch-05885bcf-2746-4f07-a781-bf97f4b28f16-w-0","'projects/final-espinal-aguilar/logs/dataproc.googleapis.com%2Fstartup",,"'2025-12-16T05:52:45.947626281Z","'jb-medallion-20251216-054754","'southamerica-west1","'final-espinal-aguilar",cloud_dataproc_batch,,"'2025-12-16T05:52:44.450755795Z"
lp7ojue497xauutga,,,,,"'dataproc-startup-script.log",,"'<13>Dec 16 05:50:51 startup-script[1437]: <13>Dec 16 05:50:51 setup-stackdriver-agent[2712]: + [[ stackdriver-agent == \h\a\d\o\o\p\-\y\a\r\n\-\r\e\s\o\u\r\c\e\m\a\n\a\g\e\r ]]",8713699897400708585,"'gdpic-srvls-batch-05885bcf-2746-4f07-a781-bf97f4b28f16-w-0","'projects/final-espinal-aguilar/logs/dataproc.googleapis.com%2Fstartup",,"'2025-12-16T05:52:45.947626281Z","'jb-medallion-20251216-054754","'southamerica-west1","'final-espinal-aguilar",cloud_dataproc_batch,,"'2025-12-16T05:52:44.450754874Z"
lp7ojue497xauutfz,,,,,"'dataproc-startup-script.log",,"'<13>Dec 16 05:50:51 startup-script[1437]: <13>Dec 16 05:50:51 setup-stackdriver-agent[2712]: + am_on_primary_worker_enabled=false",8713699897400708585,"'gdpic-srvls-batch-05885bcf-2746-4f07-a781-bf97f4b28f16-w-0","'projects/final-espinal-aguilar/logs/dataproc.googleapis.com%2Fstartup",,"'2025-12-16T05:52:45.947626281Z","'jb-medallion-20251216-054754","'southamerica-west1","'final-espinal-aguilar",cloud_dataproc_batch,,"'2025-12-16T05:52:44.450753882Z"
lp7ojue497xauutfy,,,,,"'dataproc-startup-script.log",,"'<13>Dec 16 05:50:51 startup-script[1437]: <13>Dec 16 05:50:51 setup-stackdriver-agent[2712]: ++ set +x",8713699897400708585,"'gdpic-srvls-batch-05885bcf-2746-4f07-a781-bf97f4b28f16-w-0","'projects/final-espinal-aguilar/logs/dataproc.googleapis.com%2Fstartup",,"'2025-12-16T05:52:45.947626281Z","'jb-medallion-20251216-054754","'southamerica-west1","'final-espinal-aguilar",cloud_dataproc_batch,,"'2025-12-16T05:52:44.450752892Z"
lp7ojue497xauutfx,,,,,"'dataproc-startup-script.log",,"'<13>Dec 16 05:50:51 startup-script[1437]: <13>Dec 16 05:50:51 setup-stackdriver-agent[2712]: ++ get_dataproc_property am.primary_only",8713699897400708585,"'gdpic-srvls-batch-05885bcf-2746-4f07-a781-bf97f4b28f16-w-0","'projects/final-espinal-aguilar/logs/dataproc.googleapis.com%2Fstartup",,"'2025-12-16T05:52:45.947626281Z","'jb-medallion-20251216-054754","'southamerica-west1","'final-espinal-aguilar",cloud_dataproc_batch,,"'2025-12-16T05:52:44.450751906Z"
lp7ojue497xauutfw,,,,,"'dataproc-startup-script.log",,"'<13>Dec 16 05:50:51 startup-script[1437]: <13>Dec 16 05:50:51 setup-stackdriver-agent[2712]: + local am_on_primary_worker_enabled",8713699897400708585,"'gdpic-srvls-batch-05885bcf-2746-4f07-a781-bf97f4b28f16-w-0","'projects/final-espinal-aguilar/logs/dataproc.googleapis.com%2Fstartup",,"'2025-12-16T05:52:45.947626281Z","'jb-medallion-20251216-054754","'southamerica-west1","'final-espinal-aguilar",cloud_dataproc_batch,,"'2025-12-16T05:52:44.450750918Z"
lp7ojue497xauutfv,,,,,"'dataproc-startup-script.log",,"'<13>Dec 16 05:50:51 startup-script[1437]: <13>Dec 16 05:50:51 setup-stackdriver-agent[2712]: + [[ stackdriver-agent == \h\a\d\o\o\p\-\y\a\r\n\-\n\o\d\e\m\a\n\a\g\e\r ]]",8713699897400708585,"'gdpic-srvls-batch-05885bcf-2746-4f07-a781-bf97f4b28f16-w-0","'projects/final-espinal-aguilar/logs/dataproc.googleapis.com%2Fstartup",,"'2025-12-16T05:52:45.947626281Z","'jb-medallion-20251216-054754","'southamerica-west1","'final-espinal-aguilar",cloud_dataproc_batch,,"'2025-12-16T05:52:44.450749943Z"
lp7ojue497xauutfu,,,,,"'dataproc-startup-script.log",,"'<13>Dec 16 05:50:51 startup-script[1437]: <13>Dec 16 05:50:51 setup-stackdriver-agent[2712]: + [[ stackdriver-agent == \h\a\d\o\o\p\-\h\d\f\s\-\d\a\t\a\n\o\d\e ]]",8713699897400708585,"'gdpic-srvls-batch-05885bcf-2746-4f07-a781-bf97f4b28f16-w-0","'projects/final-espinal-aguilar/logs/dataproc.googleapis.com%2Fstartup",,"'2025-12-16T05:52:45.947626281Z","'jb-medallion-20251216-054754","'southamerica-west1","'final-espinal-aguilar",cloud_dataproc_batch,,"'2025-12-16T05:52:44.450748877Z"
lp7ojue497xauutft,,,,,"'dataproc-startup-script.log",,"'<13>Dec 16 05:50:51 startup-script[1437]: <13>Dec 16 05:50:51 setup-stackdriver-agent[2712]: + [[ ! -f /etc/systemd/system/common/agent-gate.conf ]]",8713699897400708585,"'gdpic-srvls-batch-05885bcf-2746-4f07-a781-bf97f4b28f16-w-0","'projects/final-espinal-aguilar/logs/dataproc.googleapis.com%2Fstartup",,"'2025-12-16T05:52:45.947626281Z","'jb-medallion-20251216-054754","'southamerica-west1","'final-espinal-aguilar",cloud_dataproc_batch,,"'2025-12-16T05:52:44.450747848Z"
lp7ojue497xauutfs,,,,,"'dataproc-startup-script.log",,"'<13>Dec 16 05:50:51 startup-script[1437]: <13>Dec 16 05:50:51 setup-stackdriver-agent[2712]: + local -r gate_start_on_agent_success_drop_in=/etc/systemd/system/common/agent-gate.conf",8713699897400708585,"'gdpic-srvls-batch-05885bcf-2746-4f07-a781-bf97f4b28f16-w-0","'projects/final-espinal-aguilar/logs/dataproc.googleapis.com%2Fstartup",,"'2025-12-16T05:52:45.947626281Z","'jb-medallion-20251216-054754","'southamerica-west1","'final-espinal-aguilar",cloud_dataproc_batch,,"'2025-12-16T05:52:44.450746567Z"
lp7ojue497xauutfr,,,,,"'dataproc-startup-script.log",,"'<13>Dec 16 05:50:51 startup-script[1437]: <13>Dec 16 05:50:51 setup-stackdriver-agent[2712]: RemainAfterExit=yes == *\R\e\m\a\i\n\A\f\t\e\r\E\x\i\t\=\n\o* ]]",8713699897400708585,"'gdpic-srvls-batch-05885bcf-2746-4f07-a781-bf97f4b28f16-w-0","'projects/final-espinal-aguilar/logs/dataproc.googleapis.com%2Fstartup",,"'2025-12-16T05:52:45.947626281Z","'jb-medallion-20251216-054754","'southamerica-west1","'final-espinal-aguilar",cloud_dataproc_batch,,"'2025-12-16T05:52:44.450745621Z"
lp7ojue497xauutfq,,,,,"'dataproc-startup-script.log",,"'<13>Dec 16 05:50:51 startup-script[1437]: <13>Dec 16 05:50:51 setup-stackdriver-agent[2712]: + [[ Restart=no",8713699897400708585,"'gdpic-srvls-batch-05885bcf-2746-4f07-a781-bf97f4b28f16-w-0","'projects/final-espinal-aguilar/logs/dataproc.googleapis.com%2Fstartup",,"'2025-12-16T05:52:45.947626281Z","'jb-medallion-20251216-054754","'southamerica-west1","'final-espinal-aguilar",cloud_dataproc_batch,,"'2025-12-16T05:52:44.450744695Z"
lp7ojue497xauutfp,,,,,"'dataproc-startup-script.log",,"'<13>Dec 16 05:50:51 startup-script[1437]: <13>Dec 16 05:50:51 setup-stackdriver-agent[2712]: RemainAfterExit=yes == *\R\e\s\t\a\r\t\=\n\o* ]]",8713699897400708585,"'gdpic-srvls-batch-05885bcf-2746-4f07-a781-bf97f4b28f16-w-0","'projects/final-espinal-aguilar/logs/dataproc.googleapis.com%2Fstartup",,"'2025-12-16T05:52:45.947626281Z","'jb-medallion-20251216-054754","'southamerica-west1","'final-espinal-aguilar",cloud_dataproc_batch,,"'2025-12-16T05:52:44.450743765Z"
lp7ojue497xauutfo,,,,,"'dataproc-startup-script.log",,"'<13>Dec 16 05:50:51 startup-script[1437]: <13>Dec 16 05:50:51 setup-stackdriver-agent[2712]: + [[ Restart=no",8713699897400708585,"'gdpic-srvls-batch-05885bcf-2746-4f07-a781-bf97f4b28f16-w-0","'projects/final-espinal-aguilar/logs/dataproc.googleapis.com%2Fstartup",,"'2025-12-16T05:52:45.947626281Z","'jb-medallion-20251216-054754","'southamerica-west1","'final-espinal-aguilar",cloud_dataproc_batch,,"'2025-12-16T05:52:44.450742809Z"
lp7ojue497xauutfn,,,,,"'dataproc-startup-script.log",,"'<13>Dec 16 05:50:51 startup-script[1437]: <13>Dec 16 05:50:51 setup-stackdriver-agent[2712]: + [[ stackdriver-agent != \h\a\d\o\o\p\-\y\a\r\n\-\n\o\d\e\m\a\n\a\g\e\r ]]",8713699897400708585,"'gdpic-srvls-batch-05885bcf-2746-4f07-a781-bf97f4b28f16-w-0","'projects/final-espinal-aguilar/logs/dataproc.googleapis.com%2Fstartup",,"'2025-12-16T05:52:45.947626281Z","'jb-medallion-20251216-054754","'southamerica-west1","'final-espinal-aguilar",cloud_dataproc_batch,,"'2025-12-16T05:52:44.450741879Z"
lp7ojue497xauutfm,,,,,"'dataproc-startup-script.log",,"'<13>Dec 16 05:50:51 startup-script[1437]: <13>Dec 16 05:50:51 setup-stackdriver-agent[2712]: + [[ stackdriver-agent != \h\a\d\o\o\p\-\h\d\f\s\-\d\a\t\a\n\o\d\e ]]",8713699897400708585,"'gdpic-srvls-batch-05885bcf-2746-4f07-a781-bf97f4b28f16-w-0","'projects/final-espinal-aguilar/logs/dataproc.googleapis.com%2Fstartup",,"'2025-12-16T05:52:45.947626281Z","'jb-medallion-20251216-054754","'southamerica-west1","'final-espinal-aguilar",cloud_dataproc_batch,,"'2025-12-16T05:52:44.450740949Z"
lp7ojue497xauutfl,,,,,"'dataproc-startup-script.log",,"'<13>Dec 16 05:50:51 startup-script[1437]: <13>Dec 16 05:50:51 setup-stackdriver-agent[2712]: RemainAfterExit=yes'",8713699897400708585,"'gdpic-srvls-batch-05885bcf-2746-4f07-a781-bf97f4b28f16-w-0","'projects/final-espinal-aguilar/logs/dataproc.googleapis.com%2Fstartup",,"'2025-12-16T05:52:45.947626281Z","'jb-medallion-20251216-054754","'southamerica-west1","'final-espinal-aguilar",cloud_dataproc_batch,,"'2025-12-16T05:52:44.450740015Z"
lp7ojue497xauutfk,,,,,"'dataproc-startup-script.log",,"'<13>Dec 16 05:50:51 startup-script[1437]: <13>Dec 16 05:50:51 setup-stackdriver-agent[2712]: + props='Restart=no",8713699897400708585,"'gdpic-srvls-batch-05885bcf-2746-4f07-a781-bf97f4b28f16-w-0","'projects/final-espinal-aguilar/logs/dataproc.googleapis.com%2Fstartup",,"'2025-12-16T05:52:45.947626281Z","'jb-medallion-20251216-054754","'southamerica-west1","'final-espinal-aguilar",cloud_dataproc_batch,,"'2025-12-16T05:52:44.450739065Z"
lp7ojue497xauutfj,,,,,"'dataproc-startup-script.log",,"'<13>Dec 16 05:50:51 startup-script[1437]: <13>Dec 16 05:50:51 setup-stackdriver-agent[2712]: ++ return 0",8713699897400708585,"'gdpic-srvls-batch-05885bcf-2746-4f07-a781-bf97f4b28f16-w-0","'projects/final-espinal-aguilar/logs/dataproc.googleapis.com%2Fstartup",,"'2025-12-16T05:52:45.947626281Z","'jb-medallion-20251216-054754","'southamerica-west1","'final-espinal-aguilar",cloud_dataproc_batch,,"'2025-12-16T05:52:44.450738084Z"
lp7ojue497xauutfi,,,,,"'dataproc-startup-script.log",,"'<13>Dec 16 05:50:51 startup-script[1437]: <13>Dec 16 05:50:51 setup-stackdriver-agent[2712]: 'systemctl show stackdriver-agent.service -p Restart,RemainAfterExit' succeeded after 1 execution(s).",8713699897400708585,"'gdpic-srvls-batch-05885bcf-2746-4f07-a781-bf97f4b28f16-w-0","'projects/final-espinal-aguilar/logs/dataproc.googleapis.com%2Fstartup",,"'2025-12-16T05:52:45.947626281Z","'jb-medallion-20251216-054754","'southamerica-west1","'final-espinal-aguilar",cloud_dataproc_batch,,"'2025-12-16T05:52:44.450737086Z"
lp7ojue497xauutfh,,,,,"'dataproc-startup-script.log",,"'<13>Dec 16 05:50:51 startup-script[1437]: <13>Dec 16 05:50:51 setup-stackdriver-agent[2712]: About to run 'systemctl show stackdriver-agent.service -p Restart,RemainAfterExit' with retries...",8713699897400708585,"'gdpic-srvls-batch-05885bcf-2746-4f07-a781-bf97f4b28f16-w-0","'projects/final-espinal-aguilar/logs/dataproc.googleapis.com%2Fstartup",,"'2025-12-16T05:52:45.947626281Z","'jb-medallion-20251216-054754","'southamerica-west1","'final-espinal-aguilar",cloud_dataproc_batch,,"'2025-12-16T05:52:44.450736152Z"
lp7ojue497xauutfg,,,,,"'dataproc-startup-script.log",,"'<13>Dec 16 05:50:51 startup-script[1437]: <13>Dec 16 05:50:51 setup-stackdriver-agent[2712]: ++ set +x",8713699897400708585,"'gdpic-srvls-batch-05885bcf-2746-4f07-a781-bf97f4b28f16-w-0","'projects/final-espinal-aguilar/logs/dataproc.googleapis.com%2Fstartup",,"'2025-12-16T05:52:45.947626281Z","'jb-medallion-20251216-054754","'southamerica-west1","'final-espinal-aguilar",cloud_dataproc_batch,,"'2025-12-16T05:52:44.450734790Z"
lp7ojue497xauutff,,,,,"'dataproc-startup-script.log",,"'<13>Dec 16 05:50:51 startup-script[1437]: <13>Dec 16 05:50:51 setup-stackdriver-agent[2712]: ++ [[ -o xtrace ]]",8713699897400708585,"'gdpic-srvls-batch-05885bcf-2746-4f07-a781-bf97f4b28f16-w-0","'projects/final-espinal-aguilar/logs/dataproc.googleapis.com%2Fstartup",,"'2025-12-16T05:52:45.947626281Z","'jb-medallion-20251216-054754","'southamerica-west1","'final-espinal-aguilar",cloud_dataproc_batch,,"'2025-12-16T05:52:44.450733865Z"
lp7ojue497xauutfe,,,,,"'dataproc-startup-script.log",,"'<13>Dec 16 05:50:51 startup-script[1437]: <13>Dec 16 05:50:51 setup-stackdriver-agent[2712]: ++ local reenable_x=false",8713699897400708585,"'gdpic-srvls-batch-05885bcf-2746-4f07-a781-bf97f4b28f16-w-0","'projects/final-espinal-aguilar/logs/dataproc.googleapis.com%2Fstartup",,"'2025-12-16T05:52:45.947626281Z","'jb-medallion-20251216-054754","'southamerica-west1","'final-espinal-aguilar",cloud_dataproc_batch,,"'2025-12-16T05:52:44.450732859Z"
lp7ojue497xauutfd,,,,,"'dataproc-startup-script.log",,"'<13>Dec 16 05:50:51 startup-script[1437]: <13>Dec 16 05:50:51 setup-stackdriver-agent[2712]: ++ local -r max_retries=30",8713699897400708585,"'gdpic-srvls-batch-05885bcf-2746-4f07-a781-bf97f4b28f16-w-0","'projects/final-espinal-aguilar/logs/dataproc.googleapis.com%2Fstartup",,"'2025-12-16T05:52:45.947626281Z","'jb-medallion-20251216-054754","'southamerica-west1","'final-espinal-aguilar",cloud_dataproc_batch,,"'2025-12-16T05:52:44.450731793Z"
lp7ojue497xauutfc,,,,,"'dataproc-startup-script.log",,"'<13>Dec 16 05:50:51 startup-script[1437]: <13>Dec 16 05:50:51 setup-stackdriver-agent[2712]: ++ local -r cmd",8713699897400708585,"'gdpic-srvls-batch-05885bcf-2746-4f07-a781-bf97f4b28f16-w-0","'projects/final-espinal-aguilar/logs/dataproc.googleapis.com%2Fstartup",,"'2025-12-16T05:52:45.947626281Z","'jb-medallion-20251216-054754","'southamerica-west1","'final-espinal-aguilar",cloud_dataproc_batch,,"'2025-12-16T05:52:44.450730642Z"
lp7ojue497xauutfb,,,,,"'dataproc-startup-script.log",,"'<13>Dec 16 05:50:51 startup-script[1437]: <13>Dec 16 05:50:51 setup-stackdriver-agent[2712]: ++ cmd=('systemctl' 'show' 'stackdriver-agent.service' '-p' 'Restart,RemainAfterExit')",8713699897400708585,"'gdpic-srvls-batch-05885bcf-2746-4f07-a781-bf97f4b28f16-w-0","'projects/final-espinal-aguilar/logs/dataproc.googleapis.com%2Fstartup",,"'2025-12-16T05:52:45.947626281Z","'jb-medallion-20251216-054754","'southamerica-west1","'final-espinal-aguilar",cloud_dataproc_batch,,"'2025-12-16T05:52:44.450729363Z"
lp7ojue497xauutfa,,,,,"'dataproc-startup-script.log",,"'<13>Dec 16 05:50:51 startup-script[1437]: <13>Dec 16 05:50:51 setup-stackdriver-agent[2712]: ++ local -r retry_delay=1",8713699897400708585,"'gdpic-srvls-batch-05885bcf-2746-4f07-a781-bf97f4b28f16-w-0","'projects/final-espinal-aguilar/logs/dataproc.googleapis.com%2Fstartup",,"'2025-12-16T05:52:45.947626281Z","'jb-medallion-20251216-054754","'southamerica-west1","'final-espinal-aguilar",cloud_dataproc_batch,,"'2025-12-16T05:52:44.450728355Z"
lp7ojue497xauutez,,,,,"'dataproc-startup-script.log",,"'<13>Dec 16 05:50:51 startup-script[1437]: <13>Dec 16 05:50:51 setup-stackdriver-agent[2712]: ++ local -r max_retry_time=30",8713699897400708585,"'gdpic-srvls-batch-05885bcf-2746-4f07-a781-bf97f4b28f16-w-0","'projects/final-espinal-aguilar/logs/dataproc.googleapis.com%2Fstartup",,"'2025-12-16T05:52:45.947626281Z","'jb-medallion-20251216-054754","'southamerica-west1","'final-espinal-aguilar",cloud_dataproc_batch,,"'2025-12-16T05:52:44.450727139Z"
lp7ojue497xauutey,,,,,"'dataproc-startup-script.log",,"'<13>Dec 16 05:50:51 startup-script[1437]: <13>Dec 16 05:50:51 setup-stackdriver-agent[2712]: ++ retry_constant_custom 30 1 systemctl show stackdriver-agent.service -p Restart,RemainAfterExit",8713699897400708585,"'gdpic-srvls-batch-05885bcf-2746-4f07-a781-bf97f4b28f16-w-0","'projects/final-espinal-aguilar/logs/dataproc.googleapis.com%2Fstartup",,"'2025-12-16T05:52:45.947626281Z","'jb-medallion-20251216-054754","'southamerica-west1","'final-espinal-aguilar",cloud_dataproc_batch,,"'2025-12-16T05:52:44.450722515Z"
jvp64ll9q2b0113kt,,,driver,,driver.log,,CAPA ORO creada correctamente,322547584544361961,"'gdpic-srvls-batch-05885bcf-2746-4f07-a781-bf97f4b28f16-m","'projects/final-espinal-aguilar/logs/dataproc.googleapis.com%2Foutput",,"'2025-12-16T05:52:45.875591825Z","'jb-medallion-20251216-054754","'southamerica-west1","'final-espinal-aguilar",cloud_dataproc_batch,,"'2025-12-16T05:52:44.400348152Z"
jvp64ll9q2b0113ks,,,driver,,driver.log,,,322547584544361961,"'gdpic-srvls-batch-05885bcf-2746-4f07-a781-bf97f4b28f16-m","'projects/final-espinal-aguilar/logs/dataproc.googleapis.com%2Foutput",,"'2025-12-16T05:52:45.875591825Z","'jb-medallion-20251216-054754","'southamerica-west1","'final-espinal-aguilar",cloud_dataproc_batch,,"'2025-12-16T05:52:44.400198699Z"
jvp64ll9q2b0113kr,,,driver,,driver.log,,803230000,322547584544361961,"'gdpic-srvls-batch-05885bcf-2746-4f07-a781-bf97f4b28f16-m","'projects/final-espinal-aguilar/logs/dataproc.googleapis.com%2Foutput",,"'2025-12-16T05:52:45.875591825Z","'jb-medallion-20251216-054754","'southamerica-west1","'final-espinal-aguilar",cloud_dataproc_batch,,"'2025-12-16T05:52:44.400042321Z"
jvp64ll9q2b0113kp,,,driver,,driver.log,,"'[BigQueryWriterCommitMessage{partitionId=0, taskId=0, epochId=1765864349502, tableId='projects/final-espinal-aguilar/datasets/oro/tables/fact_vuelos'}, BigQueryWriterCommitMessage{partitionId=1, taskId=0, epochId=1765864349502, tableId='projects/final-espinal-aguilar/datasets/oro/tables/fact_vuelos'}, BigQueryWriterCommitMessage{partitionId=2, taskId=0, epochId=1765864349502, tableId='projects/final-espinal-aguilar/datasets/oro/tables/fact_vuelos'}, BigQueryWriterCommitMessage{partitionId=3, taskId=0, epochId=1765864349502, tableId='projects/final-espinal-aguilar/datasets/oro/tables/fact_vuelos'}, BigQueryWriterCommitMessage{partitionId=4, taskId=0, epochId=1765864349502, tableId='projects/final-espinal-aguilar/datasets/oro/tables/fact_vuelos'}, BigQueryWriterCommitMessage{partitionId=5, taskId=0, epochId=1765864349502, tableId='projects/final-espinal-aguilar/datasets/oro/tables/fact_vuelos'}, BigQueryWriterCommitMessage{partitionId=6, taskId=0, epochId=1765864349502, tableId='projects/final-espinal-aguilar/datasets/oro/tables/fact_vuelos'}, BigQueryWriterCommitMessage{partitionId=7, taskId=0, epochId=1765864349502, tableId='projects/final-espinal-aguilar/datasets/oro/tables/fact_vuelos'}]",322547584544361961,"'gdpic-srvls-batch-05885bcf-2746-4f07-a781-bf97f4b28f16-m","'projects/final-espinal-aguilar/logs/dataproc.googleapis.com%2Foutput",,"'2025-12-16T05:52:45.875591825Z","'jb-medallion-20251216-054754","'southamerica-west1","'final-espinal-aguilar",cloud_dataproc_batch,,"'2025-12-16T05:52:44.399600559Z"
jvp64ll9q2b0113ia,,,driver,,driver.log,,,322547584544361961,"'gdpic-srvls-batch-05885bcf-2746-4f07-a781-bf97f4b28f16-m","'projects/final-espinal-aguilar/logs/dataproc.googleapis.com%2Foutput",,"'2025-12-16T05:52:45.875591825Z","'jb-medallion-20251216-054754","'southamerica-west1","'final-espinal-aguilar",cloud_dataproc_batch,,"'2025-12-16T05:52:44.385849036Z"
jvp64ll9q2b0113hz,,,driver,,driver.log,,321768000,322547584544361961,"'gdpic-srvls-batch-05885bcf-2746-4f07-a781-bf97f4b28f16-m","'projects/final-espinal-aguilar/logs/dataproc.googleapis.com%2Foutput",,"'2025-12-16T05:52:45.875591825Z","'jb-medallion-20251216-054754","'southamerica-west1","'final-espinal-aguilar",cloud_dataproc_batch,,"'2025-12-16T05:52:44.385660171Z"
jvp64ll9q2b0113hx,,,driver,,driver.log,,"'[BigQueryWriterCommitMessage{partitionId=0, taskId=0, epochId=1765864340512, tableId='projects/final-espinal-aguilar/datasets/oro/tables/dim_causa'}, BigQueryWriterCommitMessage{partitionId=1, taskId=0, epochId=1765864340512, tableId='projects/final-espinal-aguilar/datasets/oro/tables/dim_causa'}, BigQueryWriterCommitMessage{partitionId=2, taskId=0, epochId=1765864340512, tableId='projects/final-espinal-aguilar/datasets/oro/tables/dim_causa'}, BigQueryWriterCommitMessage{partitionId=3, taskId=0, epochId=1765864340512, tableId='projects/final-espinal-aguilar/datasets/oro/tables/dim_causa'}, BigQueryWriterCommitMessage{partitionId=4, taskId=0, epochId=1765864340512, tableId='projects/final-espinal-aguilar/datasets/oro/tables/dim_causa'}, BigQueryWriterCommitMessage{partitionId=5, taskId=0, epochId=1765864340512, tableId='projects/final-espinal-aguilar/datasets/oro/tables/dim_causa'}, BigQueryWriterCommitMessage{partitionId=6, taskId=0, epochId=1765864340512, tableId='projects/final-espinal-aguilar/datasets/oro/tables/dim_causa'}, BigQueryWriterCommitMessage{partitionId=7, taskId=0, epochId=1765864340512, tableId='projects/final-espinal-aguilar/datasets/oro/tables/dim_causa'}]",322547584544361961,"'gdpic-srvls-batch-05885bcf-2746-4f07-a781-bf97f4b28f16-m","'projects/final-espinal-aguilar/logs/dataproc.googleapis.com%2Foutput",,"'2025-12-16T05:52:45.875591825Z","'jb-medallion-20251216-054754","'southamerica-west1","'final-espinal-aguilar",cloud_dataproc_batch,,"'2025-12-16T05:52:44.385264268Z"
jvp64ll9q2b0113hv,,,driver,,driver.log,,,322547584544361961,"'gdpic-srvls-batch-05885bcf-2746-4f07-a781-bf97f4b28f16-m","'projects/final-espinal-aguilar/logs/dataproc.googleapis.com%2Foutput",,"'2025-12-16T05:52:45.875591825Z","'jb-medallion-20251216-054754","'southamerica-west1","'final-espinal-aguilar",cloud_dataproc_batch,,"'2025-12-16T05:52:44.384782285Z"
jvp64ll9q2b0113hu,,,driver,,driver.log,,230747000,322547584544361961,"'gdpic-srvls-batch-05885bcf-2746-4f07-a781-bf97f4b28f16-m","'projects/final-espinal-aguilar/logs/dataproc.googleapis.com%2Foutput",,"'2025-12-16T05:52:45.875591825Z","'jb-medallion-20251216-054754","'southamerica-west1","'final-espinal-aguilar",cloud_dataproc_batch,,"'2025-12-16T05:52:44.384597670Z"
jvp64ll9q2b0113hs,,,driver,,driver.log,,"'[BigQueryWriterCommitMessage{partitionId=0, taskId=0, epochId=1765864338806, tableId='projects/final-espinal-aguilar/datasets/oro/tables/dim_destino'}]",322547584544361961,"'gdpic-srvls-batch-05885bcf-2746-4f07-a781-bf97f4b28f16-m","'projects/final-espinal-aguilar/logs/dataproc.googleapis.com%2Foutput",,"'2025-12-16T05:52:45.875591825Z","'jb-medallion-20251216-054754","'southamerica-west1","'final-espinal-aguilar",cloud_dataproc_batch,,"'2025-12-16T05:52:44.384200951Z"
jvp64ll9q2b0113hg,,,driver,,driver.log,,,322547584544361961,"'gdpic-srvls-batch-05885bcf-2746-4f07-a781-bf97f4b28f16-m","'projects/final-espinal-aguilar/logs/dataproc.googleapis.com%2Foutput",,"'2025-12-16T05:52:45.875591825Z","'jb-medallion-20251216-054754","'southamerica-west1","'final-espinal-aguilar",cloud_dataproc_batch,,"'2025-12-16T05:52:44.381641917Z"
jvp64ll9q2b0113hf,,,driver,,driver.log,,809626000,322547584544361961,"'gdpic-srvls-batch-05885bcf-2746-4f07-a781-bf97f4b28f16-m","'projects/final-espinal-aguilar/logs/dataproc.googleapis.com%2Foutput",,"'2025-12-16T05:52:45.875591825Z","'jb-medallion-20251216-054754","'southamerica-west1","'final-espinal-aguilar",cloud_dataproc_batch,,"'2025-12-16T05:52:44.381482377Z"
jvp64ll9q2b0113hd,,,driver,,driver.log,,"'[BigQueryWriterCommitMessage{partitionId=0, taskId=0, epochId=1765864336280, tableId='projects/final-espinal-aguilar/datasets/oro/tables/dim_origen'}]",322547584544361961,"'gdpic-srvls-batch-05885bcf-2746-4f07-a781-bf97f4b28f16-m","'projects/final-espinal-aguilar/logs/dataproc.googleapis.com%2Foutput",,"'2025-12-16T05:52:45.875591825Z","'jb-medallion-20251216-054754","'southamerica-west1","'final-espinal-aguilar",cloud_dataproc_batch,,"'2025-12-16T05:52:44.381084170Z"
jvp64ll9q2b0113gr,,,driver,,driver.log,,,322547584544361961,"'gdpic-srvls-batch-05885bcf-2746-4f07-a781-bf97f4b28f16-m","'projects/final-espinal-aguilar/logs/dataproc.googleapis.com%2Foutput",,"'2025-12-16T05:52:45.875591825Z","'jb-medallion-20251216-054754","'southamerica-west1","'final-espinal-aguilar",cloud_dataproc_batch,,"'2025-12-16T05:52:44.378511254Z"
jvp64ll9q2b0113gq,,,driver,,driver.log,,25200000,322547584544361961,"'gdpic-srvls-batch-05885bcf-2746-4f07-a781-bf97f4b28f16-m","'projects/final-espinal-aguilar/logs/dataproc.googleapis.com%2Foutput",,"'2025-12-16T05:52:45.875591825Z","'jb-medallion-20251216-054754","'southamerica-west1","'final-espinal-aguilar",cloud_dataproc_batch,,"'2025-12-16T05:52:44.378345250Z"
jvp64ll9q2b0113go,,,driver,,driver.log,,"'[BigQueryWriterCommitMessage{partitionId=0, taskId=0, epochId=1765864333218, tableId='projects/final-espinal-aguilar/datasets/oro/tables/dim_aerolinea'}]",322547584544361961,"'gdpic-srvls-batch-05885bcf-2746-4f07-a781-bf97f4b28f16-m","'projects/final-espinal-aguilar/logs/dataproc.googleapis.com%2Foutput",,"'2025-12-16T05:52:45.875591825Z","'jb-medallion-20251216-054754","'southamerica-west1","'final-espinal-aguilar",cloud_dataproc_batch,,"'2025-12-16T05:52:44.377931708Z"
jvp64ll9q2b0113gc,,,driver,,driver.log,,,322547584544361961,"'gdpic-srvls-batch-05885bcf-2746-4f07-a781-bf97f4b28f16-m","'projects/final-espinal-aguilar/logs/dataproc.googleapis.com%2Foutput",,"'2025-12-16T05:52:45.875591825Z","'jb-medallion-20251216-054754","'southamerica-west1","'final-espinal-aguilar",cloud_dataproc_batch,,"'2025-12-16T05:52:44.373553213Z"
jvp64ll9q2b0113gb,,,driver,,driver.log,,920708000,322547584544361961,"'gdpic-srvls-batch-05885bcf-2746-4f07-a781-bf97f4b28f16-m","'projects/final-espinal-aguilar/logs/dataproc.googleapis.com%2Foutput",,"'2025-12-16T05:52:45.875591825Z","'jb-medallion-20251216-054754","'southamerica-west1","'final-espinal-aguilar",cloud_dataproc_batch,,"'2025-12-16T05:52:44.373365765Z"
jvp64ll9q2b0113fz,,,driver,,driver.log,,"'[BigQueryWriterCommitMessage{partitionId=0, taskId=0, epochId=1765864329952, tableId='projects/final-espinal-aguilar/datasets/oro/tables/dim_tiempo'}]",322547584544361961,"'gdpic-srvls-batch-05885bcf-2746-4f07-a781-bf97f4b28f16-m","'projects/final-espinal-aguilar/logs/dataproc.googleapis.com%2Foutput",,"'2025-12-16T05:52:45.875591825Z","'jb-medallion-20251216-054754","'southamerica-west1","'final-espinal-aguilar",cloud_dataproc_batch,,"'2025-12-16T05:52:44.373007997Z"
jvp64ll9q2b0113fn,,,driver,,driver.log,,Capa Plata Flight Delay creada correctamente,322547584544361961,"'gdpic-srvls-batch-05885bcf-2746-4f07-a781-bf97f4b28f16-m","'projects/final-espinal-aguilar/logs/dataproc.googleapis.com%2Foutput",,"'2025-12-16T05:52:45.875591825Z","'jb-medallion-20251216-054754","'southamerica-west1","'final-espinal-aguilar",cloud_dataproc_batch,,"'2025-12-16T05:52:44.370265924Z"
jvp64ll9q2b0113fm,,,driver,,driver.log,,,322547584544361961,"'gdpic-srvls-batch-05885bcf-2746-4f07-a781-bf97f4b28f16-m","'projects/final-espinal-aguilar/logs/dataproc.googleapis.com%2Foutput",,"'2025-12-16T05:52:45.875591825Z","'jb-medallion-20251216-054754","'southamerica-west1","'final-espinal-aguilar",cloud_dataproc_batch,,"'2025-12-16T05:52:44.370076467Z"
jvp64ll9q2b0113fl,,,driver,,driver.log,,21383000,322547584544361961,"'gdpic-srvls-batch-05885bcf-2746-4f07-a781-bf97f4b28f16-m","'projects/final-espinal-aguilar/logs/dataproc.googleapis.com%2Foutput",,"'2025-12-16T05:52:45.875591825Z","'jb-medallion-20251216-054754","'southamerica-west1","'final-espinal-aguilar",cloud_dataproc_batch,,"'2025-12-16T05:52:44.369908679Z"
jvp64ll9q2b0113fj,,,driver,,driver.log,,"'[BigQueryWriterCommitMessage{partitionId=0, taskId=0, epochId=1765864317080, tableId='projects/final-espinal-aguilar/datasets/plata/tables/flight_delay_plata'}, BigQueryWriterCommitMessage{partitionId=1, taskId=0, epochId=1765864317080, tableId='projects/final-espinal-aguilar/datasets/plata/tables/flight_delay_plata'}, BigQueryWriterCommitMessage{partitionId=2, taskId=0, epochId=1765864317080, tableId='projects/final-espinal-aguilar/datasets/plata/tables/flight_delay_plata'}, BigQueryWriterCommitMessage{partitionId=3, taskId=0, epochId=1765864317080, tableId='projects/final-espinal-aguilar/datasets/plata/tables/flight_delay_plata'}, BigQueryWriterCommitMessage{partitionId=4, taskId=0, epochId=1765864317080, tableId='projects/final-espinal-aguilar/datasets/plata/tables/flight_delay_plata'}, BigQueryWriterCommitMessage{partitionId=5, taskId=0, epochId=1765864317080, tableId='projects/final-espinal-aguilar/datasets/plata/tables/flight_delay_plata'}, BigQueryWriterCommitMessage{partitionId=6, taskId=0, epochId=1765864317080, tableId='projects/final-espinal-aguilar/datasets/plata/tables/flight_delay_plata'}, BigQueryWriterCommitMessage{partitionId=7, taskId=0, epochId=1765864317080, tableId='projects/final-espinal-aguilar/datasets/plata/tables/flight_delay_plata'}]",322547584544361961,"'gdpic-srvls-batch-05885bcf-2746-4f07-a781-bf97f4b28f16-m","'projects/final-espinal-aguilar/logs/dataproc.googleapis.com%2Foutput",,"'2025-12-16T05:52:45.875591825Z","'jb-medallion-20251216-054754","'southamerica-west1","'final-espinal-aguilar",cloud_dataproc_batch,,"'2025-12-16T05:52:44.369462708Z"
jvp64ll9q2b0113fd,,,driver,,driver.log,,"'loading settings :: file = /etc/spark/conf/ivysettings.xml",322547584544361961,"'gdpic-srvls-batch-05885bcf-2746-4f07-a781-bf97f4b28f16-m","'projects/final-espinal-aguilar/logs/dataproc.googleapis.com%2Foutput",,"'2025-12-16T05:52:45.875591825Z","'jb-medallion-20251216-054754","'southamerica-west1","'final-espinal-aguilar",cloud_dataproc_batch,,"'2025-12-16T05:52:44.367888257Z"
jvp64ll9q2b0113fc,,,driver,,driver.log,,"'SPARK_EXTRA_CLASSPATH=",322547584544361961,"'gdpic-srvls-batch-05885bcf-2746-4f07-a781-bf97f4b28f16-m","'projects/final-espinal-aguilar/logs/dataproc.googleapis.com%2Foutput",,"'2025-12-16T05:52:45.875591825Z","'jb-medallion-20251216-054754","'southamerica-west1","'final-espinal-aguilar",cloud_dataproc_batch,,"'2025-12-16T05:52:44.367610169Z"
jvp64ll9q2b0113fb,,,driver,,driver.log,,"'JAVA_HOME=/usr/lib/jvm/temurin-17-jdk-amd64",322547584544361961,"'gdpic-srvls-batch-05885bcf-2746-4f07-a781-bf97f4b28f16-m","'projects/final-espinal-aguilar/logs/dataproc.googleapis.com%2Foutput",,"'2025-12-16T05:52:45.875591825Z","'jb-medallion-20251216-054754","'southamerica-west1","'final-espinal-aguilar",cloud_dataproc_batch,,"'2025-12-16T05:52:44.367450259Z"
jvp64ll9q2b0113fa,,,driver,,driver.log,,"'PYSPARK_PYTHON=/opt/dataproc/conda/bin/python",322547584544361961,"'gdpic-srvls-batch-05885bcf-2746-4f07-a781-bf97f4b28f16-m","'projects/final-espinal-aguilar/logs/dataproc.googleapis.com%2Foutput",,"'2025-12-16T05:52:45.875591825Z","'jb-medallion-20251216-054754","'southamerica-west1","'final-espinal-aguilar",cloud_dataproc_batch,,"'2025-12-16T05:52:44.367282908Z"
jvp64ll9q2b0113ez,,,driver,,driver.log,,Waiting for container log creation,322547584544361961,"'gdpic-srvls-batch-05885bcf-2746-4f07-a781-bf97f4b28f16-m","'projects/final-espinal-aguilar/logs/dataproc.googleapis.com%2Foutput",,"'2025-12-16T05:52:45.875591825Z","'jb-medallion-20251216-054754","'southamerica-west1","'final-espinal-aguilar",cloud_dataproc_batch,,"'2025-12-16T05:52:44.367082445Z"
jvp64ll9q2b0113ey,,,driver,,driver.log,,Using the default container image,322547584544361961,"'gdpic-srvls-batch-05885bcf-2746-4f07-a781-bf97f4b28f16-m","'projects/final-espinal-aguilar/logs/dataproc.googleapis.com%2Foutput",,"'2025-12-16T05:52:45.875591825Z","'jb-medallion-20251216-054754","'southamerica-west1","'final-espinal-aguilar",cloud_dataproc_batch,,"'2025-12-16T05:52:44.366604478Z"
lp7ojue497xauutex,,,,,"'dataproc-startup-script.log",,"'<13>Dec 16 05:50:51 startup-script[1437]: <13>Dec 16 05:50:51 setup-stackdriver-agent[2712]: ++ retry_constant_short systemctl show stackdriver-agent.service -p Restart,RemainAfterExit",8713699897400708585,"'gdpic-srvls-batch-05885bcf-2746-4f07-a781-bf97f4b28f16-w-0","'projects/final-espinal-aguilar/logs/dataproc.googleapis.com%2Fstartup",,"'2025-12-16T05:52:45.947626281Z","'jb-medallion-20251216-054754","'southamerica-west1","'final-espinal-aguilar",cloud_dataproc_batch,,"'2025-12-16T05:52:44.301272103Z"
lp7ojue497xauutew,,,,,"'dataproc-startup-script.log",,"'<13>Dec 16 05:50:51 startup-script[1437]: <13>Dec 16 05:50:51 setup-stackdriver-agent[2712]: + local props",8713699897400708585,"'gdpic-srvls-batch-05885bcf-2746-4f07-a781-bf97f4b28f16-w-0","'projects/final-espinal-aguilar/logs/dataproc.googleapis.com%2Fstartup",,"'2025-12-16T05:52:45.947626281Z","'jb-medallion-20251216-054754","'southamerica-west1","'final-espinal-aguilar",cloud_dataproc_batch,,"'2025-12-16T05:52:44.301271177Z"
lp7ojue497xauutev,,,,,"'dataproc-startup-script.log",,"'<13>Dec 16 05:50:51 startup-script[1437]: <13>Dec 16 05:50:51 setup-stackdriver-agent[2712]: + mkdir -p /etc/systemd/system/stackdriver-agent.service.d",8713699897400708585,"'gdpic-srvls-batch-05885bcf-2746-4f07-a781-bf97f4b28f16-w-0","'projects/final-espinal-aguilar/logs/dataproc.googleapis.com%2Fstartup",,"'2025-12-16T05:52:45.947626281Z","'jb-medallion-20251216-054754","'southamerica-west1","'final-espinal-aguilar",cloud_dataproc_batch,,"'2025-12-16T05:52:44.301270240Z"
lp7ojue497xauuteu,,,,,"'dataproc-startup-script.log",,"'<13>Dec 16 05:50:51 startup-script[1437]: <13>Dec 16 05:50:51 setup-stackdriver-agent[2712]: + local -r drop_in_dir=/etc/systemd/system/stackdriver-agent.service.d",8713699897400708585,"'gdpic-srvls-batch-05885bcf-2746-4f07-a781-bf97f4b28f16-w-0","'projects/final-espinal-aguilar/logs/dataproc.googleapis.com%2Fstartup",,"'2025-12-16T05:52:45.947626281Z","'jb-medallion-20251216-054754","'southamerica-west1","'final-espinal-aguilar",cloud_dataproc_batch,,"'2025-12-16T05:52:44.301269271Z"
lp7ojue497xauutet,,,,,"'dataproc-startup-script.log",,"'<13>Dec 16 05:50:51 startup-script[1437]: <13>Dec 16 05:50:51 setup-stackdriver-agent[2712]: + return 0",8713699897400708585,"'gdpic-srvls-batch-05885bcf-2746-4f07-a781-bf97f4b28f16-w-0","'projects/final-espinal-aguilar/logs/dataproc.googleapis.com%2Fstartup",,"'2025-12-16T05:52:45.947626281Z","'jb-medallion-20251216-054754","'southamerica-west1","'final-espinal-aguilar",cloud_dataproc_batch,,"'2025-12-16T05:52:44.301268160Z"
lp7ojue497xauutes,,,,,"'dataproc-startup-script.log",,"'<13>Dec 16 05:50:51 startup-script[1437]: <13>Dec 16 05:50:51 setup-stackdriver-agent[2712]: 'systemctl enable stackdriver-agent.service' succeeded after 1 execution(s).",8713699897400708585,"'gdpic-srvls-batch-05885bcf-2746-4f07-a781-bf97f4b28f16-w-0","'projects/final-espinal-aguilar/logs/dataproc.googleapis.com%2Fstartup",,"'2025-12-16T05:52:45.947626281Z","'jb-medallion-20251216-054754","'southamerica-west1","'final-espinal-aguilar",cloud_dataproc_batch,,"'2025-12-16T05:52:44.301267157Z"
lp7ojue497xauuter,,,,,"'dataproc-startup-script.log",,"'<13>Dec 16 05:50:51 startup-script[1437]: + sleep 1",8713699897400708585,"'gdpic-srvls-batch-05885bcf-2746-4f07-a781-bf97f4b28f16-w-0","'projects/final-espinal-aguilar/logs/dataproc.googleapis.com%2Fstartup",,"'2025-12-16T05:52:45.947626281Z","'jb-medallion-20251216-054754","'southamerica-west1","'final-espinal-aguilar",cloud_dataproc_batch,,"'2025-12-16T05:52:44.301266139Z"
lp7ojue497xauuteq,,,,,"'dataproc-startup-script.log",,"'<13>Dec 16 05:50:51 startup-script[1437]: + [[ ! -f /tmp/dataproc/commands/2712.exitcode ]]",8713699897400708585,"'gdpic-srvls-batch-05885bcf-2746-4f07-a781-bf97f4b28f16-w-0","'projects/final-espinal-aguilar/logs/dataproc.googleapis.com%2Fstartup",,"'2025-12-16T05:52:45.947626281Z","'jb-medallion-20251216-054754","'southamerica-west1","'final-espinal-aguilar",cloud_dataproc_batch,,"'2025-12-16T05:52:44.301265031Z"
lp7ojue497xauutep,,,,,"'dataproc-startup-script.log",,"'<13>Dec 16 05:50:51 startup-script[1437]: <13>Dec 16 05:50:51 activate-component-containerd[2717]: About to run 'systemctl start containerd.service' with retries...",8713699897400708585,"'gdpic-srvls-batch-05885bcf-2746-4f07-a781-bf97f4b28f16-w-0","'projects/final-espinal-aguilar/logs/dataproc.googleapis.com%2Fstartup",,"'2025-12-16T05:52:45.947626281Z","'jb-medallion-20251216-054754","'southamerica-west1","'final-espinal-aguilar",cloud_dataproc_batch,,"'2025-12-16T05:52:44.301263972Z"
lp7ojue497xauuteo,,,,,"'dataproc-startup-script.log",,"'<13>Dec 16 05:50:51 startup-script[1437]: <13>Dec 16 05:50:51 activate-component-containerd[2717]: + set +x",8713699897400708585,"'gdpic-srvls-batch-05885bcf-2746-4f07-a781-bf97f4b28f16-w-0","'projects/final-espinal-aguilar/logs/dataproc.googleapis.com%2Fstartup",,"'2025-12-16T05:52:45.947626281Z","'jb-medallion-20251216-054754","'southamerica-west1","'final-espinal-aguilar",cloud_dataproc_batch,,"'2025-12-16T05:52:44.301262958Z"
lp7ojue497xauuten,,,,,"'dataproc-startup-script.log",,"'<13>Dec 16 05:50:51 startup-script[1437]: <13>Dec 16 05:50:51 activate-component-containerd[2717]: + [[ -o xtrace ]]",8713699897400708585,"'gdpic-srvls-batch-05885bcf-2746-4f07-a781-bf97f4b28f16-w-0","'projects/final-espinal-aguilar/logs/dataproc.googleapis.com%2Fstartup",,"'2025-12-16T05:52:45.947626281Z","'jb-medallion-20251216-054754","'southamerica-west1","'final-espinal-aguilar",cloud_dataproc_batch,,"'2025-12-16T05:52:44.301261837Z"
lp7ojue497xauutem,,,,,"'dataproc-startup-script.log",,"'<13>Dec 16 05:50:51 startup-script[1437]: <13>Dec 16 05:50:51 activate-component-containerd[2717]: + local reenable_x=false",8713699897400708585,"'gdpic-srvls-batch-05885bcf-2746-4f07-a781-bf97f4b28f16-w-0","'projects/final-espinal-aguilar/logs/dataproc.googleapis.com%2Fstartup",,"'2025-12-16T05:52:45.947626281Z","'jb-medallion-20251216-054754","'southamerica-west1","'final-espinal-aguilar",cloud_dataproc_batch,,"'2025-12-16T05:52:44.301260880Z"
lp7ojue497xauutel,,,,,"'dataproc-startup-script.log",,"'<13>Dec 16 05:50:51 startup-script[1437]: <13>Dec 16 05:50:51 activate-component-containerd[2717]: + local -r max_retries=30",8713699897400708585,"'gdpic-srvls-batch-05885bcf-2746-4f07-a781-bf97f4b28f16-w-0","'projects/final-espinal-aguilar/logs/dataproc.googleapis.com%2Fstartup",,"'2025-12-16T05:52:45.947626281Z","'jb-medallion-20251216-054754","'southamerica-west1","'final-espinal-aguilar",cloud_dataproc_batch,,"'2025-12-16T05:52:44.301259949Z"
lp7ojue497xauutek,,,,,"'dataproc-startup-script.log",,"'<13>Dec 16 05:50:51 startup-script[1437]: <13>Dec 16 05:50:51 activate-component-containerd[2717]: + local -r cmd",8713699897400708585,"'gdpic-srvls-batch-05885bcf-2746-4f07-a781-bf97f4b28f16-w-0","'projects/final-espinal-aguilar/logs/dataproc.googleapis.com%2Fstartup",,"'2025-12-16T05:52:45.947626281Z","'jb-medallion-20251216-054754","'southamerica-west1","'final-espinal-aguilar",cloud_dataproc_batch,,"'2025-12-16T05:52:44.301259010Z"
lp7ojue497xauutej,,,,,"'dataproc-startup-script.log",,"'<13>Dec 16 05:50:51 startup-script[1437]: <13>Dec 16 05:50:51 activate-component-containerd[2717]: + cmd=('systemctl' 'start' 'containerd.service')",8713699897400708585,"'gdpic-srvls-batch-05885bcf-2746-4f07-a781-bf97f4b28f16-w-0","'projects/final-espinal-aguilar/logs/dataproc.googleapis.com%2Fstartup",,"'2025-12-16T05:52:45.947626281Z","'jb-medallion-20251216-054754","'southamerica-west1","'final-espinal-aguilar",cloud_dataproc_batch,,"'2025-12-16T05:52:44.301258004Z"
lp7ojue497xauutei,,,,,"'dataproc-startup-script.log",,"'<13>Dec 16 05:50:51 startup-script[1437]: <13>Dec 16 05:50:51 activate-component-containerd[2717]: + local -r retry_delay=1",8713699897400708585,"'gdpic-srvls-batch-05885bcf-2746-4f07-a781-bf97f4b28f16-w-0","'projects/final-espinal-aguilar/logs/dataproc.googleapis.com%2Fstartup",,"'2025-12-16T05:52:45.947626281Z","'jb-medallion-20251216-054754","'southamerica-west1","'final-espinal-aguilar",cloud_dataproc_batch,,"'2025-12-16T05:52:44.301257068Z"
lp7ojue497xauuteh,,,,,"'dataproc-startup-script.log",,"'<13>Dec 16 05:50:51 startup-script[1437]: <13>Dec 16 05:50:51 activate-component-containerd[2717]: + local -r max_retry_time=30",8713699897400708585,"'gdpic-srvls-batch-05885bcf-2746-4f07-a781-bf97f4b28f16-w-0","'projects/final-espinal-aguilar/logs/dataproc.googleapis.com%2Fstartup",,"'2025-12-16T05:52:45.947626281Z","'jb-medallion-20251216-054754","'southamerica-west1","'final-espinal-aguilar",cloud_dataproc_batch,,"'2025-12-16T05:52:44.301256134Z"
lp7ojue497xauuteg,,,,,"'dataproc-startup-script.log",,"'<13>Dec 16 05:50:51 startup-script[1437]: <13>Dec 16 05:50:51 activate-component-containerd[2717]: + retry_constant_custom 30 1 systemctl start containerd.service",8713699897400708585,"'gdpic-srvls-batch-05885bcf-2746-4f07-a781-bf97f4b28f16-w-0","'projects/final-espinal-aguilar/logs/dataproc.googleapis.com%2Fstartup",,"'2025-12-16T05:52:45.947626281Z","'jb-medallion-20251216-054754","'southamerica-west1","'final-espinal-aguilar",cloud_dataproc_batch,,"'2025-12-16T05:52:44.301255157Z"
lp7ojue497xauutef,,,,,"'dataproc-startup-script.log",,"'<13>Dec 16 05:50:51 startup-script[1437]: <13>Dec 16 05:50:51 activate-component-containerd[2717]: + retry_constant_short systemctl start containerd.service",8713699897400708585,"'gdpic-srvls-batch-05885bcf-2746-4f07-a781-bf97f4b28f16-w-0","'projects/final-espinal-aguilar/logs/dataproc.googleapis.com%2Fstartup",,"'2025-12-16T05:52:45.947626281Z","'jb-medallion-20251216-054754","'southamerica-west1","'final-espinal-aguilar",cloud_dataproc_batch,,"'2025-12-16T05:52:44.301254208Z"
lp7ojue497xauutee,,,,,"'dataproc-startup-script.log",,"'<13>Dec 16 05:50:51 startup-script[1437]: <13>Dec 16 05:50:51 activate-component-containerd[2717]: + local -r unit=containerd.service",8713699897400708585,"'gdpic-srvls-batch-05885bcf-2746-4f07-a781-bf97f4b28f16-w-0","'projects/final-espinal-aguilar/logs/dataproc.googleapis.com%2Fstartup",,"'2025-12-16T05:52:45.947626281Z","'jb-medallion-20251216-054754","'southamerica-west1","'final-espinal-aguilar",cloud_dataproc_batch,,"'2025-12-16T05:52:44.301253250Z"
lp7ojue497xauuted,,,,,"'dataproc-startup-script.log",,"'<13>Dec 16 05:50:51 startup-script[1437]: <13>Dec 16 05:50:51 activate-component-containerd[2717]: + local -r service=containerd",8713699897400708585,"'gdpic-srvls-batch-05885bcf-2746-4f07-a781-bf97f4b28f16-w-0","'projects/final-espinal-aguilar/logs/dataproc.googleapis.com%2Fstartup",,"'2025-12-16T05:52:45.947626281Z","'jb-medallion-20251216-054754","'southamerica-west1","'final-espinal-aguilar",cloud_dataproc_batch,,"'2025-12-16T05:52:44.301252299Z"
lp7ojue497xauutec,,,,,"'dataproc-startup-script.log",,"'<13>Dec 16 05:50:51 startup-script[1437]: <13>Dec 16 05:50:51 activate-component-containerd[2717]: + start_service containerd",8713699897400708585,"'gdpic-srvls-batch-05885bcf-2746-4f07-a781-bf97f4b28f16-w-0","'projects/final-espinal-aguilar/logs/dataproc.googleapis.com%2Fstartup",,"'2025-12-16T05:52:45.947626281Z","'jb-medallion-20251216-054754","'southamerica-west1","'final-espinal-aguilar",cloud_dataproc_batch,,"'2025-12-16T05:52:44.301251374Z"
lp7ojue497xauuteb,,,,,"'dataproc-startup-script.log",,"'<13>Dec 16 05:50:51 startup-script[1437]: <13>Dec 16 05:50:51 activate-component-containerd[2717]: + [[ containerd == \h\a\d\o\o\p\-\y\a\r\n\-\n\o\d\e\m\a\n\a\g\e\r ]]",8713699897400708585,"'gdpic-srvls-batch-05885bcf-2746-4f07-a781-bf97f4b28f16-w-0","'projects/final-espinal-aguilar/logs/dataproc.googleapis.com%2Fstartup",,"'2025-12-16T05:52:45.947626281Z","'jb-medallion-20251216-054754","'southamerica-west1","'final-espinal-aguilar",cloud_dataproc_batch,,"'2025-12-16T05:52:44.301250447Z"
lp7ojue497xauutea,,,,,"'dataproc-startup-script.log",,"'<13>Dec 16 05:50:51 startup-script[1437]: <13>Dec 16 05:50:51 activate-component-containerd[2717]: + [[ containerd == \h\a\d\o\o\p\-\h\d\f\s\-\d\a\t\a\n\o\d\e ]]",8713699897400708585,"'gdpic-srvls-batch-05885bcf-2746-4f07-a781-bf97f4b28f16-w-0","'projects/final-espinal-aguilar/logs/dataproc.googleapis.com%2Fstartup",,"'2025-12-16T05:52:45.947626281Z","'jb-medallion-20251216-054754","'southamerica-west1","'final-espinal-aguilar",cloud_dataproc_batch,,"'2025-12-16T05:52:44.301249451Z"
lp7ojue497xauutdz,,,,,"'dataproc-startup-script.log",,"'<13>Dec 16 05:50:51 startup-script[1437]: <13>Dec 16 05:50:51 activate-component-containerd[2717]: + cat",8713699897400708585,"'gdpic-srvls-batch-05885bcf-2746-4f07-a781-bf97f4b28f16-w-0","'projects/final-espinal-aguilar/logs/dataproc.googleapis.com%2Fstartup",,"'2025-12-16T05:52:45.947626281Z","'jb-medallion-20251216-054754","'southamerica-west1","'final-espinal-aguilar",cloud_dataproc_batch,,"'2025-12-16T05:52:44.301248510Z"
lp7ojue497xauutdy,,,,,"'dataproc-startup-script.log",,"'<13>Dec 16 05:50:51 startup-script[1437]: <13>Dec 16 05:50:51 activate-component-containerd[2717]: + mkdir -p /etc/systemd/system/common",8713699897400708585,"'gdpic-srvls-batch-05885bcf-2746-4f07-a781-bf97f4b28f16-w-0","'projects/final-espinal-aguilar/logs/dataproc.googleapis.com%2Fstartup",,"'2025-12-16T05:52:45.947626281Z","'jb-medallion-20251216-054754","'southamerica-west1","'final-espinal-aguilar",cloud_dataproc_batch,,"'2025-12-16T05:52:44.301247541Z"
lp7ojue497xauutdx,,,,,"'dataproc-startup-script.log",,"'<13>Dec 16 05:50:51 startup-script[1437]: <13>Dec 16 05:50:51 activate-component-containerd[2717]: ++ dirname /etc/systemd/system/common/agent-gate.conf",8713699897400708585,"'gdpic-srvls-batch-05885bcf-2746-4f07-a781-bf97f4b28f16-w-0","'projects/final-espinal-aguilar/logs/dataproc.googleapis.com%2Fstartup",,"'2025-12-16T05:52:45.947626281Z","'jb-medallion-20251216-054754","'southamerica-west1","'final-espinal-aguilar",cloud_dataproc_batch,,"'2025-12-16T05:52:44.301246616Z"
lp7ojue497xauutdw,,,,,"'dataproc-startup-script.log",,"'<13>Dec 16 05:50:51 startup-script[1437]: <13>Dec 16 05:50:51 activate-component-containerd[2717]: + [[ ! -f /etc/systemd/system/common/agent-gate.conf ]]",8713699897400708585,"'gdpic-srvls-batch-05885bcf-2746-4f07-a781-bf97f4b28f16-w-0","'projects/final-espinal-aguilar/logs/dataproc.googleapis.com%2Fstartup",,"'2025-12-16T05:52:45.947626281Z","'jb-medallion-20251216-054754","'southamerica-west1","'final-espinal-aguilar",cloud_dataproc_batch,,"'2025-12-16T05:52:44.301245635Z"
lp7ojue497xauutdv,,,,,"'dataproc-startup-script.log",,"'<13>Dec 16 05:50:51 startup-script[1437]: <13>Dec 16 05:50:51 activate-component-containerd[2717]: + local -r gate_start_on_agent_success_drop_in=/etc/systemd/system/common/agent-gate.conf",8713699897400708585,"'gdpic-srvls-batch-05885bcf-2746-4f07-a781-bf97f4b28f16-w-0","'projects/final-espinal-aguilar/logs/dataproc.googleapis.com%2Fstartup",,"'2025-12-16T05:52:45.947626281Z","'jb-medallion-20251216-054754","'southamerica-west1","'final-espinal-aguilar",cloud_dataproc_batch,,"'2025-12-16T05:52:44.301244683Z"
lp7ojue497xauutdu,,,,,"'dataproc-startup-script.log",,"'<13>Dec 16 05:50:51 startup-script[1437]: <13>Dec 16 05:50:51 activate-component-containerd[2717]: RemainAfterExit=no == *\R\e\s\t\a\r\t\=\n\o* ]]",8713699897400708585,"'gdpic-srvls-batch-05885bcf-2746-4f07-a781-bf97f4b28f16-w-0","'projects/final-espinal-aguilar/logs/dataproc.googleapis.com%2Fstartup",,"'2025-12-16T05:52:45.947626281Z","'jb-medallion-20251216-054754","'southamerica-west1","'final-espinal-aguilar",cloud_dataproc_batch,,"'2025-12-16T05:52:44.301243738Z"
lp7ojue497xauutdt,,,,,"'dataproc-startup-script.log",,"'<13>Dec 16 05:50:51 startup-script[1437]: <13>Dec 16 05:50:51 activate-component-containerd[2717]: + [[ Restart=always",8713699897400708585,"'gdpic-srvls-batch-05885bcf-2746-4f07-a781-bf97f4b28f16-w-0","'projects/final-espinal-aguilar/logs/dataproc.googleapis.com%2Fstartup",,"'2025-12-16T05:52:45.947626281Z","'jb-medallion-20251216-054754","'southamerica-west1","'final-espinal-aguilar",cloud_dataproc_batch,,"'2025-12-16T05:52:44.301242790Z"
lp7ojue497xauutds,,,,,"'dataproc-startup-script.log",,"'<13>Dec 16 05:50:51 startup-script[1437]: <13>Dec 16 05:50:51 activate-component-containerd[2717]: + [[ containerd != \h\a\d\o\o\p\-\y\a\r\n\-\n\o\d\e\m\a\n\a\g\e\r ]]",8713699897400708585,"'gdpic-srvls-batch-05885bcf-2746-4f07-a781-bf97f4b28f16-w-0","'projects/final-espinal-aguilar/logs/dataproc.googleapis.com%2Fstartup",,"'2025-12-16T05:52:45.947626281Z","'jb-medallion-20251216-054754","'southamerica-west1","'final-espinal-aguilar",cloud_dataproc_batch,,"'2025-12-16T05:52:44.301241579Z"
lp7ojue497xauutdr,,,,,"'dataproc-startup-script.log",,"'<13>Dec 16 05:50:51 startup-script[1437]: <13>Dec 16 05:50:51 activate-component-containerd[2717]: + [[ containerd != \h\a\d\o\o\p\-\h\d\f\s\-\d\a\t\a\n\o\d\e ]]",8713699897400708585,"'gdpic-srvls-batch-05885bcf-2746-4f07-a781-bf97f4b28f16-w-0","'projects/final-espinal-aguilar/logs/dataproc.googleapis.com%2Fstartup",,"'2025-12-16T05:52:45.947626281Z","'jb-medallion-20251216-054754","'southamerica-west1","'final-espinal-aguilar",cloud_dataproc_batch,,"'2025-12-16T05:52:44.301240480Z"
lp7ojue497xauutdq,,,,,"'dataproc-startup-script.log",,"'<13>Dec 16 05:50:51 startup-script[1437]: <13>Dec 16 05:50:51 activate-component-containerd[2717]: RemainAfterExit=no'",8713699897400708585,"'gdpic-srvls-batch-05885bcf-2746-4f07-a781-bf97f4b28f16-w-0","'projects/final-espinal-aguilar/logs/dataproc.googleapis.com%2Fstartup",,"'2025-12-16T05:52:45.947626281Z","'jb-medallion-20251216-054754","'southamerica-west1","'final-espinal-aguilar",cloud_dataproc_batch,,"'2025-12-16T05:52:44.301239451Z"
lp7ojue497xauutdp,,,,,"'dataproc-startup-script.log",,"'<13>Dec 16 05:50:51 startup-script[1437]: <13>Dec 16 05:50:51 activate-component-containerd[2717]: + props='Restart=always",8713699897400708585,"'gdpic-srvls-batch-05885bcf-2746-4f07-a781-bf97f4b28f16-w-0","'projects/final-espinal-aguilar/logs/dataproc.googleapis.com%2Fstartup",,"'2025-12-16T05:52:45.947626281Z","'jb-medallion-20251216-054754","'southamerica-west1","'final-espinal-aguilar",cloud_dataproc_batch,,"'2025-12-16T05:52:44.301238430Z"
lp7ojue497xauutdo,,,,,"'dataproc-startup-script.log",,"'<13>Dec 16 05:50:51 startup-script[1437]: <13>Dec 16 05:50:51 activate-component-containerd[2717]: ++ return 0",8713699897400708585,"'gdpic-srvls-batch-05885bcf-2746-4f07-a781-bf97f4b28f16-w-0","'projects/final-espinal-aguilar/logs/dataproc.googleapis.com%2Fstartup",,"'2025-12-16T05:52:45.947626281Z","'jb-medallion-20251216-054754","'southamerica-west1","'final-espinal-aguilar",cloud_dataproc_batch,,"'2025-12-16T05:52:44.301237280Z"
lp7ojue497xauutdn,,,,,"'dataproc-startup-script.log",,"'<13>Dec 16 05:50:51 startup-script[1437]: <13>Dec 16 05:50:51 activate-component-containerd[2717]: 'systemctl show containerd.service -p Restart,RemainAfterExit' succeeded after 1 execution(s).",8713699897400708585,"'gdpic-srvls-batch-05885bcf-2746-4f07-a781-bf97f4b28f16-w-0","'projects/final-espinal-aguilar/logs/dataproc.googleapis.com%2Fstartup",,"'2025-12-16T05:52:45.947626281Z","'jb-medallion-20251216-054754","'southamerica-west1","'final-espinal-aguilar",cloud_dataproc_batch,,"'2025-12-16T05:52:44.301236261Z"
lp7ojue497xauutdm,,,,,"'dataproc-startup-script.log",,"'<13>Dec 16 05:50:51 startup-script[1437]: <13>Dec 16 05:50:51 activate-component-spark[2720]: About to run 'systemctl start spark-worker' with retries...",8713699897400708585,"'gdpic-srvls-batch-05885bcf-2746-4f07-a781-bf97f4b28f16-w-0","'projects/final-espinal-aguilar/logs/dataproc.googleapis.com%2Fstartup",,"'2025-12-16T05:52:45.947626281Z","'jb-medallion-20251216-054754","'southamerica-west1","'final-espinal-aguilar",cloud_dataproc_batch,,"'2025-12-16T05:52:44.301235244Z"
lp7ojue497xauutdl,,,,,"'dataproc-startup-script.log",,"'<13>Dec 16 05:50:51 startup-script[1437]: <13>Dec 16 05:50:51 activate-component-spark[2720]: + set +x",8713699897400708585,"'gdpic-srvls-batch-05885bcf-2746-4f07-a781-bf97f4b28f16-w-0","'projects/final-espinal-aguilar/logs/dataproc.googleapis.com%2Fstartup",,"'2025-12-16T05:52:45.947626281Z","'jb-medallion-20251216-054754","'southamerica-west1","'final-espinal-aguilar",cloud_dataproc_batch,,"'2025-12-16T05:52:44.301234128Z"
lp7ojue497xauutdk,,,,,"'dataproc-startup-script.log",,"'<13>Dec 16 05:50:51 startup-script[1437]: <13>Dec 16 05:50:51 activate-component-spark[2720]: + [[ -o xtrace ]]",8713699897400708585,"'gdpic-srvls-batch-05885bcf-2746-4f07-a781-bf97f4b28f16-w-0","'projects/final-espinal-aguilar/logs/dataproc.googleapis.com%2Fstartup",,"'2025-12-16T05:52:45.947626281Z","'jb-medallion-20251216-054754","'southamerica-west1","'final-espinal-aguilar",cloud_dataproc_batch,,"'2025-12-16T05:52:44.301233066Z"
lp7ojue497xauutdj,,,,,"'dataproc-startup-script.log",,"'<13>Dec 16 05:50:51 startup-script[1437]: <13>Dec 16 05:50:51 activate-component-spark[2720]: + local reenable_x=false",8713699897400708585,"'gdpic-srvls-batch-05885bcf-2746-4f07-a781-bf97f4b28f16-w-0","'projects/final-espinal-aguilar/logs/dataproc.googleapis.com%2Fstartup",,"'2025-12-16T05:52:45.947626281Z","'jb-medallion-20251216-054754","'southamerica-west1","'final-espinal-aguilar",cloud_dataproc_batch,,"'2025-12-16T05:52:44.301224689Z"
lp7ojue497xauutdi,,,,,"'dataproc-startup-script.log",,"'<13>Dec 16 05:50:51 startup-script[1437]: <13>Dec 16 05:50:51 activate-component-spark[2720]: + local -r max_retries=30",8713699897400708585,"'gdpic-srvls-batch-05885bcf-2746-4f07-a781-bf97f4b28f16-w-0","'projects/final-espinal-aguilar/logs/dataproc.googleapis.com%2Fstartup",,"'2025-12-16T05:52:45.947626281Z","'jb-medallion-20251216-054754","'southamerica-west1","'final-espinal-aguilar",cloud_dataproc_batch,,"'2025-12-16T05:52:44.301223745Z"
lp7ojue497xauutdh,,,,,"'dataproc-startup-script.log",,"'<13>Dec 16 05:50:51 startup-script[1437]: <13>Dec 16 05:50:51 activate-component-spark[2720]: + local -r cmd",8713699897400708585,"'gdpic-srvls-batch-05885bcf-2746-4f07-a781-bf97f4b28f16-w-0","'projects/final-espinal-aguilar/logs/dataproc.googleapis.com%2Fstartup",,"'2025-12-16T05:52:45.947626281Z","'jb-medallion-20251216-054754","'southamerica-west1","'final-espinal-aguilar",cloud_dataproc_batch,,"'2025-12-16T05:52:44.301222801Z"
lp7ojue497xauutdg,,,,,"'dataproc-startup-script.log",,"'<13>Dec 16 05:50:51 startup-script[1437]: <13>Dec 16 05:50:51 activate-component-spark[2720]: + cmd=('systemctl' 'start' 'spark-worker')",8713699897400708585,"'gdpic-srvls-batch-05885bcf-2746-4f07-a781-bf97f4b28f16-w-0","'projects/final-espinal-aguilar/logs/dataproc.googleapis.com%2Fstartup",,"'2025-12-16T05:52:45.947626281Z","'jb-medallion-20251216-054754","'southamerica-west1","'final-espinal-aguilar",cloud_dataproc_batch,,"'2025-12-16T05:52:44.301221857Z"
lp7ojue497xauutdf,,,,,"'dataproc-startup-script.log",,"'<13>Dec 16 05:50:51 startup-script[1437]: <13>Dec 16 05:50:51 activate-component-spark[2720]: + local -r retry_delay=1",8713699897400708585,"'gdpic-srvls-batch-05885bcf-2746-4f07-a781-bf97f4b28f16-w-0","'projects/final-espinal-aguilar/logs/dataproc.googleapis.com%2Fstartup",,"'2025-12-16T05:52:45.947626281Z","'jb-medallion-20251216-054754","'southamerica-west1","'final-espinal-aguilar",cloud_dataproc_batch,,"'2025-12-16T05:52:44.301220855Z"
lp7ojue497xauutde,,,,,"'dataproc-startup-script.log",,"'<13>Dec 16 05:50:51 startup-script[1437]: <13>Dec 16 05:50:51 activate-component-spark[2720]: + local -r max_retry_time=30",8713699897400708585,"'gdpic-srvls-batch-05885bcf-2746-4f07-a781-bf97f4b28f16-w-0","'projects/final-espinal-aguilar/logs/dataproc.googleapis.com%2Fstartup",,"'2025-12-16T05:52:45.947626281Z","'jb-medallion-20251216-054754","'southamerica-west1","'final-espinal-aguilar",cloud_dataproc_batch,,"'2025-12-16T05:52:44.301219923Z"
lp7ojue497xauutdd,,,,,"'dataproc-startup-script.log",,"'<13>Dec 16 05:50:51 startup-script[1437]: <13>Dec 16 05:50:51 activate-component-spark[2720]: + retry_constant_custom 30 1 systemctl start spark-worker",8713699897400708585,"'gdpic-srvls-batch-05885bcf-2746-4f07-a781-bf97f4b28f16-w-0","'projects/final-espinal-aguilar/logs/dataproc.googleapis.com%2Fstartup",,"'2025-12-16T05:52:45.947626281Z","'jb-medallion-20251216-054754","'southamerica-west1","'final-espinal-aguilar",cloud_dataproc_batch,,"'2025-12-16T05:52:44.301218977Z"
lp7ojue497xauutdc,,,,,"'dataproc-startup-script.log",,"'<13>Dec 16 05:50:51 startup-script[1437]: <13>Dec 16 05:50:51 activate-component-spark[2720]: + retry_constant_short systemctl start spark-worker",8713699897400708585,"'gdpic-srvls-batch-05885bcf-2746-4f07-a781-bf97f4b28f16-w-0","'projects/final-espinal-aguilar/logs/dataproc.googleapis.com%2Fstartup",,"'2025-12-16T05:52:45.947626281Z","'jb-medallion-20251216-054754","'southamerica-west1","'final-espinal-aguilar",cloud_dataproc_batch,,"'2025-12-16T05:52:44.301217949Z"
lp7ojue497xauutdb,,,,,"'dataproc-startup-script.log",,"'<13>Dec 16 05:50:51 startup-script[1437]: <13>Dec 16 05:50:51 activate-component-spark[2720]: + return 0",8713699897400708585,"'gdpic-srvls-batch-05885bcf-2746-4f07-a781-bf97f4b28f16-w-0","'projects/final-espinal-aguilar/logs/dataproc.googleapis.com%2Fstartup",,"'2025-12-16T05:52:45.947626281Z","'jb-medallion-20251216-054754","'southamerica-west1","'final-espinal-aguilar",cloud_dataproc_batch,,"'2025-12-16T05:52:44.301217013Z"
lp7ojue497xauutda,,,,,"'dataproc-startup-script.log",,"'<13>Dec 16 05:50:51 startup-script[1437]: <13>Dec 16 05:50:51 activate-component-spark[2720]: 'systemctl enable spark-worker' succeeded after 1 execution(s).",8713699897400708585,"'gdpic-srvls-batch-05885bcf-2746-4f07-a781-bf97f4b28f16-w-0","'projects/final-espinal-aguilar/logs/dataproc.googleapis.com%2Fstartup",,"'2025-12-16T05:52:45.947626281Z","'jb-medallion-20251216-054754","'southamerica-west1","'final-espinal-aguilar",cloud_dataproc_batch,,"'2025-12-16T05:52:44.301216034Z"
lp7ojue497xauutcz,,,,,"'dataproc-startup-script.log",,"'<13>Dec 16 05:50:51 startup-script[1437]: <13>Dec 16 05:50:51 activate-component-containerd[2717]: About to run 'systemctl show containerd.service -p Restart,RemainAfterExit' with retries...",8713699897400708585,"'gdpic-srvls-batch-05885bcf-2746-4f07-a781-bf97f4b28f16-w-0","'projects/final-espinal-aguilar/logs/dataproc.googleapis.com%2Fstartup",,"'2025-12-16T05:52:45.947626281Z","'jb-medallion-20251216-054754","'southamerica-west1","'final-espinal-aguilar",cloud_dataproc_batch,,"'2025-12-16T05:52:44.301215086Z"
lp7ojue497xauutcy,,,,,"'dataproc-startup-script.log",,"'<13>Dec 16 05:50:51 startup-script[1437]: <13>Dec 16 05:50:51 activate-component-containerd[2717]: ++ set +x",8713699897400708585,"'gdpic-srvls-batch-05885bcf-2746-4f07-a781-bf97f4b28f16-w-0","'projects/final-espinal-aguilar/logs/dataproc.googleapis.com%2Fstartup",,"'2025-12-16T05:52:45.947626281Z","'jb-medallion-20251216-054754","'southamerica-west1","'final-espinal-aguilar",cloud_dataproc_batch,,"'2025-12-16T05:52:44.301214145Z"
lp7ojue497xauutcx,,,,,"'dataproc-startup-script.log",,"'<13>Dec 16 05:50:51 startup-script[1437]: <13>Dec 16 05:50:51 activate-component-containerd[2717]: ++ [[ -o xtrace ]]",8713699897400708585,"'gdpic-srvls-batch-05885bcf-2746-4f07-a781-bf97f4b28f16-w-0","'projects/final-espinal-aguilar/logs/dataproc.googleapis.com%2Fstartup",,"'2025-12-16T05:52:45.947626281Z","'jb-medallion-20251216-054754","'southamerica-west1","'final-espinal-aguilar",cloud_dataproc_batch,,"'2025-12-16T05:52:44.301213198Z"
lp7ojue497xauutcw,,,,,"'dataproc-startup-script.log",,"'<13>Dec 16 05:50:51 startup-script[1437]: <13>Dec 16 05:50:51 activate-component-containerd[2717]: ++ local reenable_x=false",8713699897400708585,"'gdpic-srvls-batch-05885bcf-2746-4f07-a781-bf97f4b28f16-w-0","'projects/final-espinal-aguilar/logs/dataproc.googleapis.com%2Fstartup",,"'2025-12-16T05:52:45.947626281Z","'jb-medallion-20251216-054754","'southamerica-west1","'final-espinal-aguilar",cloud_dataproc_batch,,"'2025-12-16T05:52:44.301212248Z"
lp7ojue497xauutcv,,,,,"'dataproc-startup-script.log",,"'<13>Dec 16 05:50:51 startup-script[1437]: <13>Dec 16 05:50:51 activate-component-containerd[2717]: ++ local -r max_retries=30",8713699897400708585,"'gdpic-srvls-batch-05885bcf-2746-4f07-a781-bf97f4b28f16-w-0","'projects/final-espinal-aguilar/logs/dataproc.googleapis.com%2Fstartup",,"'2025-12-16T05:52:45.947626281Z","'jb-medallion-20251216-054754","'southamerica-west1","'final-espinal-aguilar",cloud_dataproc_batch,,"'2025-12-16T05:52:44.301211305Z"
lp7ojue497xauutcu,,,,,"'dataproc-startup-script.log",,"'<13>Dec 16 05:50:51 startup-script[1437]: <13>Dec 16 05:50:51 activate-component-containerd[2717]: ++ local -r cmd",8713699897400708585,"'gdpic-srvls-batch-05885bcf-2746-4f07-a781-bf97f4b28f16-w-0","'projects/final-espinal-aguilar/logs/dataproc.googleapis.com%2Fstartup",,"'2025-12-16T05:52:45.947626281Z","'jb-medallion-20251216-054754","'southamerica-west1","'final-espinal-aguilar",cloud_dataproc_batch,,"'2025-12-16T05:52:44.301210276Z"
lp7ojue497xauutct,,,,,"'dataproc-startup-script.log",,"'<13>Dec 16 05:50:51 startup-script[1437]: <13>Dec 16 05:50:51 activate-component-containerd[2717]: ++ cmd=('systemctl' 'show' 'containerd.service' '-p' 'Restart,RemainAfterExit')",8713699897400708585,"'gdpic-srvls-batch-05885bcf-2746-4f07-a781-bf97f4b28f16-w-0","'projects/final-espinal-aguilar/logs/dataproc.googleapis.com%2Fstartup",,"'2025-12-16T05:52:45.947626281Z","'jb-medallion-20251216-054754","'southamerica-west1","'final-espinal-aguilar",cloud_dataproc_batch,,"'2025-12-16T05:52:44.301209329Z"
lp7ojue497xauutcs,,,,,"'dataproc-startup-script.log",,"'<13>Dec 16 05:50:51 startup-script[1437]: <13>Dec 16 05:50:51 activate-component-containerd[2717]: ++ local -r retry_delay=1",8713699897400708585,"'gdpic-srvls-batch-05885bcf-2746-4f07-a781-bf97f4b28f16-w-0","'projects/final-espinal-aguilar/logs/dataproc.googleapis.com%2Fstartup",,"'2025-12-16T05:52:45.947626281Z","'jb-medallion-20251216-054754","'southamerica-west1","'final-espinal-aguilar",cloud_dataproc_batch,,"'2025-12-16T05:52:44.301208337Z"
lp7ojue497xauutcr,,,,,"'dataproc-startup-script.log",,"'<13>Dec 16 05:50:51 startup-script[1437]: <13>Dec 16 05:50:51 activate-component-containerd[2717]: ++ local -r max_retry_time=30",8713699897400708585,"'gdpic-srvls-batch-05885bcf-2746-4f07-a781-bf97f4b28f16-w-0","'projects/final-espinal-aguilar/logs/dataproc.googleapis.com%2Fstartup",,"'2025-12-16T05:52:45.947626281Z","'jb-medallion-20251216-054754","'southamerica-west1","'final-espinal-aguilar",cloud_dataproc_batch,,"'2025-12-16T05:52:44.301207391Z"
lp7ojue497xauutcq,,,,,"'dataproc-startup-script.log",,"'<13>Dec 16 05:50:51 startup-script[1437]: <13>Dec 16 05:50:51 activate-component-containerd[2717]: ++ retry_constant_custom 30 1 systemctl show containerd.service -p Restart,RemainAfterExit",8713699897400708585,"'gdpic-srvls-batch-05885bcf-2746-4f07-a781-bf97f4b28f16-w-0","'projects/final-espinal-aguilar/logs/dataproc.googleapis.com%2Fstartup",,"'2025-12-16T05:52:45.947626281Z","'jb-medallion-20251216-054754","'southamerica-west1","'final-espinal-aguilar",cloud_dataproc_batch,,"'2025-12-16T05:52:44.301206298Z"
lp7ojue497xauutcp,,,,,"'dataproc-startup-script.log",,"'<13>Dec 16 05:50:51 startup-script[1437]: <13>Dec 16 05:50:51 activate-component-containerd[2717]: ++ retry_constant_short systemctl show containerd.service -p Restart,RemainAfterExit",8713699897400708585,"'gdpic-srvls-batch-05885bcf-2746-4f07-a781-bf97f4b28f16-w-0","'projects/final-espinal-aguilar/logs/dataproc.googleapis.com%2Fstartup",,"'2025-12-16T05:52:45.947626281Z","'jb-medallion-20251216-054754","'southamerica-west1","'final-espinal-aguilar",cloud_dataproc_batch,,"'2025-12-16T05:52:44.301205291Z"
lp7ojue497xauutco,,,,,"'dataproc-startup-script.log",,"'<13>Dec 16 05:50:51 startup-script[1437]: <13>Dec 16 05:50:51 activate-component-containerd[2717]: + local props",8713699897400708585,"'gdpic-srvls-batch-05885bcf-2746-4f07-a781-bf97f4b28f16-w-0","'projects/final-espinal-aguilar/logs/dataproc.googleapis.com%2Fstartup",,"'2025-12-16T05:52:45.947626281Z","'jb-medallion-20251216-054754","'southamerica-west1","'final-espinal-aguilar",cloud_dataproc_batch,,"'2025-12-16T05:52:44.301204171Z"
lp7ojue497xauutcn,,,,,"'dataproc-startup-script.log",,"'<13>Dec 16 05:50:51 startup-script[1437]: <13>Dec 16 05:50:51 activate-component-containerd[2717]: + mkdir -p /etc/systemd/system/containerd.service.d",8713699897400708585,"'gdpic-srvls-batch-05885bcf-2746-4f07-a781-bf97f4b28f16-w-0","'projects/final-espinal-aguilar/logs/dataproc.googleapis.com%2Fstartup",,"'2025-12-16T05:52:45.947626281Z","'jb-medallion-20251216-054754","'southamerica-west1","'final-espinal-aguilar",cloud_dataproc_batch,,"'2025-12-16T05:52:44.301203130Z"
lp7ojue497xauutcm,,,,,"'dataproc-startup-script.log",,"'<13>Dec 16 05:50:51 startup-script[1437]: <13>Dec 16 05:50:51 activate-component-containerd[2717]: + local -r drop_in_dir=/etc/systemd/system/containerd.service.d",8713699897400708585,"'gdpic-srvls-batch-05885bcf-2746-4f07-a781-bf97f4b28f16-w-0","'projects/final-espinal-aguilar/logs/dataproc.googleapis.com%2Fstartup",,"'2025-12-16T05:52:45.947626281Z","'jb-medallion-20251216-054754","'southamerica-west1","'final-espinal-aguilar",cloud_dataproc_batch,,"'2025-12-16T05:52:44.301201989Z"
lp7ojue497xauutcl,,,,,"'dataproc-startup-script.log",,"'<13>Dec 16 05:50:51 startup-script[1437]: <13>Dec 16 05:50:51 activate-component-containerd[2717]: + return 0",8713699897400708585,"'gdpic-srvls-batch-05885bcf-2746-4f07-a781-bf97f4b28f16-w-0","'projects/final-espinal-aguilar/logs/dataproc.googleapis.com%2Fstartup",,"'2025-12-16T05:52:45.947626281Z","'jb-medallion-20251216-054754","'southamerica-west1","'final-espinal-aguilar",cloud_dataproc_batch,,"'2025-12-16T05:52:44.301200958Z"
lp7ojue497xauutck,,,,,"'dataproc-startup-script.log",,"'<13>Dec 16 05:50:51 startup-script[1437]: <13>Dec 16 05:50:51 activate-component-containerd[2717]: 'systemctl enable containerd.service' succeeded after 1 execution(s).",8713699897400708585,"'gdpic-srvls-batch-05885bcf-2746-4f07-a781-bf97f4b28f16-w-0","'projects/final-espinal-aguilar/logs/dataproc.googleapis.com%2Fstartup",,"'2025-12-16T05:52:45.947626281Z","'jb-medallion-20251216-054754","'southamerica-west1","'final-espinal-aguilar",cloud_dataproc_batch,,"'2025-12-16T05:52:44.301199884Z"
lp7ojue497xauutcj,,,,,"'dataproc-startup-script.log",,"'<13>Dec 16 05:50:51 startup-script[1437]: <13>Dec 16 05:50:51 activate-component-spark[2720]: Created symlink /etc/systemd/system/multi-user.target.wants/spark-worker.service     /etc/systemd/system/spark-worker.service.",8713699897400708585,"'gdpic-srvls-batch-05885bcf-2746-4f07-a781-bf97f4b28f16-w-0","'projects/final-espinal-aguilar/logs/dataproc.googleapis.com%2Fstartup",,"'2025-12-16T05:52:45.947626281Z","'jb-medallion-20251216-054754","'southamerica-west1","'final-espinal-aguilar",cloud_dataproc_batch,,"'2025-12-16T05:52:44.301198859Z"
lp7ojue497xauutci,,,,,"'dataproc-startup-script.log",,"'<13>Dec 16 05:50:51 startup-script[1437]: <13>Dec 16 05:50:51 activate-component-containerd[2717]: Created symlink /etc/systemd/system/multi-user.target.wants/containerd.service     /etc/systemd/system/containerd.service.",8713699897400708585,"'gdpic-srvls-batch-05885bcf-2746-4f07-a781-bf97f4b28f16-w-0","'projects/final-espinal-aguilar/logs/dataproc.googleapis.com%2Fstartup",,"'2025-12-16T05:52:45.947626281Z","'jb-medallion-20251216-054754","'southamerica-west1","'final-espinal-aguilar",cloud_dataproc_batch,,"'2025-12-16T05:52:44.301197748Z"
lp7ojue497xauutch,,,,,"'dataproc-startup-script.log",,"'<13>Dec 16 05:50:50 startup-script[1437]: <13>Dec 16 05:50:50 activate-component-spark[2720]: About to run 'systemctl enable spark-worker' with retries...",8713699897400708585,"'gdpic-srvls-batch-05885bcf-2746-4f07-a781-bf97f4b28f16-w-0","'projects/final-espinal-aguilar/logs/dataproc.googleapis.com%2Fstartup",,"'2025-12-16T05:52:45.947626281Z","'jb-medallion-20251216-054754","'southamerica-west1","'final-espinal-aguilar",cloud_dataproc_batch,,"'2025-12-16T05:52:44.301196729Z"
lp7ojue497xauutcg,,,,,"'dataproc-startup-script.log",,"'<13>Dec 16 05:50:50 startup-script[1437]: <13>Dec 16 05:50:50 activate-component-spark[2720]: + set +x",8713699897400708585,"'gdpic-srvls-batch-05885bcf-2746-4f07-a781-bf97f4b28f16-w-0","'projects/final-espinal-aguilar/logs/dataproc.googleapis.com%2Fstartup",,"'2025-12-16T05:52:45.947626281Z","'jb-medallion-20251216-054754","'southamerica-west1","'final-espinal-aguilar",cloud_dataproc_batch,,"'2025-12-16T05:52:44.301195707Z"
lp7ojue497xauutcf,,,,,"'dataproc-startup-script.log",,"'<13>Dec 16 05:50:50 startup-script[1437]: <13>Dec 16 05:50:50 activate-component-spark[2720]: + [[ -o xtrace ]]",8713699897400708585,"'gdpic-srvls-batch-05885bcf-2746-4f07-a781-bf97f4b28f16-w-0","'projects/final-espinal-aguilar/logs/dataproc.googleapis.com%2Fstartup",,"'2025-12-16T05:52:45.947626281Z","'jb-medallion-20251216-054754","'southamerica-west1","'final-espinal-aguilar",cloud_dataproc_batch,,"'2025-12-16T05:52:44.301194691Z"
lp7ojue497xauutce,,,,,"'dataproc-startup-script.log",,"'<13>Dec 16 05:50:50 startup-script[1437]: <13>Dec 16 05:50:50 activate-component-spark[2720]: + local reenable_x=false",8713699897400708585,"'gdpic-srvls-batch-05885bcf-2746-4f07-a781-bf97f4b28f16-w-0","'projects/final-espinal-aguilar/logs/dataproc.googleapis.com%2Fstartup",,"'2025-12-16T05:52:45.947626281Z","'jb-medallion-20251216-054754","'southamerica-west1","'final-espinal-aguilar",cloud_dataproc_batch,,"'2025-12-16T05:52:44.301193519Z"
lp7ojue497xauutcd,,,,,"'dataproc-startup-script.log",,"'<13>Dec 16 05:50:50 startup-script[1437]: <13>Dec 16 05:50:50 activate-component-spark[2720]: + local -r max_retries=30",8713699897400708585,"'gdpic-srvls-batch-05885bcf-2746-4f07-a781-bf97f4b28f16-w-0","'projects/final-espinal-aguilar/logs/dataproc.googleapis.com%2Fstartup",,"'2025-12-16T05:52:45.947626281Z","'jb-medallion-20251216-054754","'southamerica-west1","'final-espinal-aguilar",cloud_dataproc_batch,,"'2025-12-16T05:52:44.301192135Z"
lp7ojue497xauutcc,,,,,"'dataproc-startup-script.log",,"'<13>Dec 16 05:50:50 startup-script[1437]: <13>Dec 16 05:50:50 activate-component-spark[2720]: + local -r cmd",8713699897400708585,"'gdpic-srvls-batch-05885bcf-2746-4f07-a781-bf97f4b28f16-w-0","'projects/final-espinal-aguilar/logs/dataproc.googleapis.com%2Fstartup",,"'2025-12-16T05:52:45.947626281Z","'jb-medallion-20251216-054754","'southamerica-west1","'final-espinal-aguilar",cloud_dataproc_batch,,"'2025-12-16T05:52:44.301191094Z"
lp7ojue497xauutcb,,,,,"'dataproc-startup-script.log",,"'<13>Dec 16 05:50:50 startup-script[1437]: <13>Dec 16 05:50:50 activate-component-spark[2720]: + cmd=('systemctl' 'enable' 'spark-worker')",8713699897400708585,"'gdpic-srvls-batch-05885bcf-2746-4f07-a781-bf97f4b28f16-w-0","'projects/final-espinal-aguilar/logs/dataproc.googleapis.com%2Fstartup",,"'2025-12-16T05:52:45.947626281Z","'jb-medallion-20251216-054754","'southamerica-west1","'final-espinal-aguilar",cloud_dataproc_batch,,"'2025-12-16T05:52:44.301190092Z"
lp7ojue497xauutca,,,,,"'dataproc-startup-script.log",,"'<13>Dec 16 05:50:50 startup-script[1437]: <13>Dec 16 05:50:50 activate-component-spark[2720]: + local -r retry_delay=1",8713699897400708585,"'gdpic-srvls-batch-05885bcf-2746-4f07-a781-bf97f4b28f16-w-0","'projects/final-espinal-aguilar/logs/dataproc.googleapis.com%2Fstartup",,"'2025-12-16T05:52:45.947626281Z","'jb-medallion-20251216-054754","'southamerica-west1","'final-espinal-aguilar",cloud_dataproc_batch,,"'2025-12-16T05:52:44.301179602Z"
lp7ojue497xauutbz,,,,,"'dataproc-startup-script.log",,"'<13>Dec 16 05:50:50 startup-script[1437]: <13>Dec 16 05:50:50 activate-component-spark[2720]: + local -r max_retry_time=30",8713699897400708585,"'gdpic-srvls-batch-05885bcf-2746-4f07-a781-bf97f4b28f16-w-0","'projects/final-espinal-aguilar/logs/dataproc.googleapis.com%2Fstartup",,"'2025-12-16T05:52:45.947626281Z","'jb-medallion-20251216-054754","'southamerica-west1","'final-espinal-aguilar",cloud_dataproc_batch,,"'2025-12-16T05:52:44.301178666Z"
lp7ojue497xauutby,,,,,"'dataproc-startup-script.log",,"'<13>Dec 16 05:50:50 startup-script[1437]: <13>Dec 16 05:50:50 activate-component-spark[2720]: + retry_constant_custom 30 1 systemctl enable spark-worker",8713699897400708585,"'gdpic-srvls-batch-05885bcf-2746-4f07-a781-bf97f4b28f16-w-0","'projects/final-espinal-aguilar/logs/dataproc.googleapis.com%2Fstartup",,"'2025-12-16T05:52:45.947626281Z","'jb-medallion-20251216-054754","'southamerica-west1","'final-espinal-aguilar",cloud_dataproc_batch,,"'2025-12-16T05:52:44.301177730Z"
lp7ojue497xauutbx,,,,,"'dataproc-startup-script.log",,"'<13>Dec 16 05:50:50 startup-script[1437]: <13>Dec 16 05:50:50 activate-component-spark[2720]: + retry_constant_short systemctl enable spark-worker",8713699897400708585,"'gdpic-srvls-batch-05885bcf-2746-4f07-a781-bf97f4b28f16-w-0","'projects/final-espinal-aguilar/logs/dataproc.googleapis.com%2Fstartup",,"'2025-12-16T05:52:45.947626281Z","'jb-medallion-20251216-054754","'southamerica-west1","'final-espinal-aguilar",cloud_dataproc_batch,,"'2025-12-16T05:52:44.301176778Z"
lp7ojue497xauutbw,,,,,"'dataproc-startup-script.log",,"'<13>Dec 16 05:50:50 startup-script[1437]: <13>Dec 16 05:50:50 activate-component-spark[2720]: + return 0",8713699897400708585,"'gdpic-srvls-batch-05885bcf-2746-4f07-a781-bf97f4b28f16-w-0","'projects/final-espinal-aguilar/logs/dataproc.googleapis.com%2Fstartup",,"'2025-12-16T05:52:45.947626281Z","'jb-medallion-20251216-054754","'southamerica-west1","'final-espinal-aguilar",cloud_dataproc_batch,,"'2025-12-16T05:52:44.301175795Z"
lp7ojue497xauutbv,,,,,"'dataproc-startup-script.log",,"'<13>Dec 16 05:50:50 startup-script[1437]: <13>Dec 16 05:50:50 activate-component-spark[2720]: 'systemctl daemon-reload' succeeded after 1 execution(s).",8713699897400708585,"'gdpic-srvls-batch-05885bcf-2746-4f07-a781-bf97f4b28f16-w-0","'projects/final-espinal-aguilar/logs/dataproc.googleapis.com%2Fstartup",,"'2025-12-16T05:52:45.947626281Z","'jb-medallion-20251216-054754","'southamerica-west1","'final-espinal-aguilar",cloud_dataproc_batch,,"'2025-12-16T05:52:44.301174775Z"
lp7ojue497xauutbu,,,,,"'dataproc-startup-script.log",,"'<13>Dec 16 05:50:50 startup-script[1437]: ++ echo 0",8713699897400708585,"'gdpic-srvls-batch-05885bcf-2746-4f07-a781-bf97f4b28f16-w-0","'projects/final-espinal-aguilar/logs/dataproc.googleapis.com%2Fstartup",,"'2025-12-16T05:52:45.947626281Z","'jb-medallion-20251216-054754","'southamerica-west1","'final-espinal-aguilar",cloud_dataproc_batch,,"'2025-12-16T05:52:44.301173770Z"
lp7ojue497xauutbt,,,,,"'dataproc-startup-script.log",,"'<13>Dec 16 05:50:50 startup-script[1437]: <13>Dec 16 05:50:50 activate-component-miniconda3[2718]: + touch /tmp/dataproc/components/activate/miniconda3.done",8713699897400708585,"'gdpic-srvls-batch-05885bcf-2746-4f07-a781-bf97f4b28f16-w-0","'projects/final-espinal-aguilar/logs/dataproc.googleapis.com%2Fstartup",,"'2025-12-16T05:52:45.947626281Z","'jb-medallion-20251216-054754","'southamerica-west1","'final-espinal-aguilar",cloud_dataproc_batch,,"'2025-12-16T05:52:44.301172841Z"
lp7ojue497xauutbs,,,,,"'dataproc-startup-script.log",,"'<13>Dec 16 05:50:50 startup-script[1437]: <13>Dec 16 05:50:50 activate-component-miniconda3[2718]: Done running component activation script: /usr/local/share/google/dataproc/bdutil/components/activate/miniconda3.sh",8713699897400708585,"'gdpic-srvls-batch-05885bcf-2746-4f07-a781-bf97f4b28f16-w-0","'projects/final-espinal-aguilar/logs/dataproc.googleapis.com%2Fstartup",,"'2025-12-16T05:52:45.947626281Z","'jb-medallion-20251216-054754","'southamerica-west1","'final-espinal-aguilar",cloud_dataproc_batch,,"'2025-12-16T05:52:44.301171888Z"
lp7ojue497xauutbr,,,,,"'dataproc-startup-script.log",,"'<13>Dec 16 05:50:50 startup-script[1437]: <13>Dec 16 05:50:50 activate-component-miniconda3[2718]: + echo 'Done running component activation script: /usr/local/share/google/dataproc/bdutil/components/activate/miniconda3.sh'",8713699897400708585,"'gdpic-srvls-batch-05885bcf-2746-4f07-a781-bf97f4b28f16-w-0","'projects/final-espinal-aguilar/logs/dataproc.googleapis.com%2Fstartup",,"'2025-12-16T05:52:45.947626281Z","'jb-medallion-20251216-054754","'southamerica-west1","'final-espinal-aguilar",cloud_dataproc_batch,,"'2025-12-16T05:52:44.301170941Z"
lp7ojue497xauutbq,,,,,"'dataproc-startup-script.log",,"'<13>Dec 16 05:50:50 startup-script[1437]: <13>Dec 16 05:50:50 activate-component-miniconda3[2718]: + [[ 0 -ne 0 ]]",8713699897400708585,"'gdpic-srvls-batch-05885bcf-2746-4f07-a781-bf97f4b28f16-w-0","'projects/final-espinal-aguilar/logs/dataproc.googleapis.com%2Fstartup",,"'2025-12-16T05:52:45.947626281Z","'jb-medallion-20251216-054754","'southamerica-west1","'final-espinal-aguilar",cloud_dataproc_batch,,"'2025-12-16T05:52:44.301170005Z"
lp7ojue497xauutbp,,,,,"'dataproc-startup-script.log",,"'<13>Dec 16 05:50:50 startup-script[1437]: <13>Dec 16 05:50:50 activate-component-miniconda3[2718]: + cat",8713699897400708585,"'gdpic-srvls-batch-05885bcf-2746-4f07-a781-bf97f4b28f16-w-0","'projects/final-espinal-aguilar/logs/dataproc.googleapis.com%2Fstartup",,"'2025-12-16T05:52:45.947626281Z","'jb-medallion-20251216-054754","'southamerica-west1","'final-espinal-aguilar",cloud_dataproc_batch,,"'2025-12-16T05:52:44.301169064Z"
lp7ojue497xauutbo,,,,,"'dataproc-startup-script.log",,"'<13>Dec 16 05:50:50 startup-script[1437]: <13>Dec 16 05:50:50 activate-component-miniconda3[2718]: + touch /tmp/dataproc/components/activate/miniconda3.time",8713699897400708585,"'gdpic-srvls-batch-05885bcf-2746-4f07-a781-bf97f4b28f16-w-0","'projects/final-espinal-aguilar/logs/dataproc.googleapis.com%2Fstartup",,"'2025-12-16T05:52:45.947626281Z","'jb-medallion-20251216-054754","'southamerica-west1","'final-espinal-aguilar",cloud_dataproc_batch,,"'2025-12-16T05:52:44.301167976Z"
lp7ojue497xauutbn,,,,,"'dataproc-startup-script.log",,"'<13>Dec 16 05:50:50 startup-script[1437]: <13>Dec 16 05:50:50 activate-component-miniconda3[2718]: + local -r time_file=/tmp/dataproc/components/activate/miniconda3.time",8713699897400708585,"'gdpic-srvls-batch-05885bcf-2746-4f07-a781-bf97f4b28f16-w-0","'projects/final-espinal-aguilar/logs/dataproc.googleapis.com%2Fstartup",,"'2025-12-16T05:52:45.947626281Z","'jb-medallion-20251216-054754","'southamerica-west1","'final-espinal-aguilar",cloud_dataproc_batch,,"'2025-12-16T05:52:44.301166972Z"
lp7ojue497xauutbm,,,,,"'dataproc-startup-script.log",,"'<13>Dec 16 05:50:50 startup-script[1437]: <13>Dec 16 05:50:50 activate-component-miniconda3[2718]: Component miniconda3 took 0s to activate",8713699897400708585,"'gdpic-srvls-batch-05885bcf-2746-4f07-a781-bf97f4b28f16-w-0","'projects/final-espinal-aguilar/logs/dataproc.googleapis.com%2Fstartup",,"'2025-12-16T05:52:45.947626281Z","'jb-medallion-20251216-054754","'southamerica-west1","'final-espinal-aguilar",cloud_dataproc_batch,,"'2025-12-16T05:52:44.301165894Z"
lp7ojue497xauutbl,,,,,"'dataproc-startup-script.log",,"'<13>Dec 16 05:50:50 startup-script[1437]: <13>Dec 16 05:50:50 activate-component-miniconda3[2718]: + echo 'Component miniconda3 took 0s to activate'",8713699897400708585,"'gdpic-srvls-batch-05885bcf-2746-4f07-a781-bf97f4b28f16-w-0","'projects/final-espinal-aguilar/logs/dataproc.googleapis.com%2Fstartup",,"'2025-12-16T05:52:45.947626281Z","'jb-medallion-20251216-054754","'southamerica-west1","'final-espinal-aguilar",cloud_dataproc_batch,,"'2025-12-16T05:52:44.301164890Z"
lp7ojue497xauutbk,,,,,"'dataproc-startup-script.log",,"'<13>Dec 16 05:50:50 startup-script[1437]: <13>Dec 16 05:50:50 activate-component-miniconda3[2718]: + local -r runtime_s=0",8713699897400708585,"'gdpic-srvls-batch-05885bcf-2746-4f07-a781-bf97f4b28f16-w-0","'projects/final-espinal-aguilar/logs/dataproc.googleapis.com%2Fstartup",,"'2025-12-16T05:52:45.947626281Z","'jb-medallion-20251216-054754","'southamerica-west1","'final-espinal-aguilar",cloud_dataproc_batch,,"'2025-12-16T05:52:44.301163842Z"
lp7ojue497xauutbj,,,,,"'dataproc-startup-script.log",,"'<13>Dec 16 05:50:50 startup-script[1437]: <13>Dec 16 05:50:50 activate-component-miniconda3[2718]: + local -r end=1765864250.829367425",8713699897400708585,"'gdpic-srvls-batch-05885bcf-2746-4f07-a781-bf97f4b28f16-w-0","'projects/final-espinal-aguilar/logs/dataproc.googleapis.com%2Fstartup",,"'2025-12-16T05:52:45.947626281Z","'jb-medallion-20251216-054754","'southamerica-west1","'final-espinal-aguilar",cloud_dataproc_batch,,"'2025-12-16T05:52:44.301162794Z"
lp7ojue497xauutbi,,,,,"'dataproc-startup-script.log",,"'<13>Dec 16 05:50:50 startup-script[1437]: <13>Dec 16 05:50:50 activate-component-miniconda3[2718]: ++ date +%s.%N",8713699897400708585,"'gdpic-srvls-batch-05885bcf-2746-4f07-a781-bf97f4b28f16-w-0","'projects/final-espinal-aguilar/logs/dataproc.googleapis.com%2Fstartup",,"'2025-12-16T05:52:45.947626281Z","'jb-medallion-20251216-054754","'southamerica-west1","'final-espinal-aguilar",cloud_dataproc_batch,,"'2025-12-16T05:52:44.301161779Z"
lp7ojue497xauutbh,,,,,"'dataproc-startup-script.log",,"'<13>Dec 16 05:50:50 startup-script[1437]: <13>Dec 16 05:50:50 activate-component-miniconda3[2718]: + [[ containerd miniconda3 spark == *nfs* ]]",8713699897400708585,"'gdpic-srvls-batch-05885bcf-2746-4f07-a781-bf97f4b28f16-w-0","'projects/final-espinal-aguilar/logs/dataproc.googleapis.com%2Fstartup",,"'2025-12-16T05:52:45.947626281Z","'jb-medallion-20251216-054754","'southamerica-west1","'final-espinal-aguilar",cloud_dataproc_batch,,"'2025-12-16T05:52:44.301160770Z"
lp7ojue497xauutbg,,,,,"'dataproc-startup-script.log",,"'<13>Dec 16 05:50:50 startup-script[1437]: <13>Dec 16 05:50:50 activate-component-miniconda3[2718]: + activated_components='containerd miniconda3 spark'",8713699897400708585,"'gdpic-srvls-batch-05885bcf-2746-4f07-a781-bf97f4b28f16-w-0","'projects/final-espinal-aguilar/logs/dataproc.googleapis.com%2Fstartup",,"'2025-12-16T05:52:45.947626281Z","'jb-medallion-20251216-054754","'southamerica-west1","'final-espinal-aguilar",cloud_dataproc_batch,,"'2025-12-16T05:52:44.301159667Z"
lp7ojue497xauutbf,,,,,"'dataproc-startup-script.log",,"'<13>Dec 16 05:50:50 startup-script[1437]: <13>Dec 16 05:50:50 activate-component-miniconda3[2718]: ++ set +x",8713699897400708585,"'gdpic-srvls-batch-05885bcf-2746-4f07-a781-bf97f4b28f16-w-0","'projects/final-espinal-aguilar/logs/dataproc.googleapis.com%2Fstartup",,"'2025-12-16T05:52:45.947626281Z","'jb-medallion-20251216-054754","'southamerica-west1","'final-espinal-aguilar",cloud_dataproc_batch,,"'2025-12-16T05:52:44.301158652Z"
lp7ojue497xauutbe,,,,,"'dataproc-startup-script.log",,"'<13>Dec 16 05:50:50 startup-script[1437]: <13>Dec 16 05:50:50 activate-component-miniconda3[2718]: ++ get_dataproc_property dataproc.components.activate",8713699897400708585,"'gdpic-srvls-batch-05885bcf-2746-4f07-a781-bf97f4b28f16-w-0","'projects/final-espinal-aguilar/logs/dataproc.googleapis.com%2Fstartup",,"'2025-12-16T05:52:45.947626281Z","'jb-medallion-20251216-054754","'southamerica-west1","'final-espinal-aguilar",cloud_dataproc_batch,,"'2025-12-16T05:52:44.301157664Z"
lp7ojue497xauutbd,,,,,"'dataproc-startup-script.log",,"'<13>Dec 16 05:50:50 startup-script[1437]: <13>Dec 16 05:50:50 activate-component-miniconda3[2718]: ++ tr '[:upper:]' '[:lower:]'",8713699897400708585,"'gdpic-srvls-batch-05885bcf-2746-4f07-a781-bf97f4b28f16-w-0","'projects/final-espinal-aguilar/logs/dataproc.googleapis.com%2Fstartup",,"'2025-12-16T05:52:45.947626281Z","'jb-medallion-20251216-054754","'southamerica-west1","'final-espinal-aguilar",cloud_dataproc_batch,,"'2025-12-16T05:52:44.301156732Z"
lp7ojue497xauutbc,,,,,"'dataproc-startup-script.log",,"'<13>Dec 16 05:50:50 startup-script[1437]: <13>Dec 16 05:50:50 activate-component-miniconda3[2718]: ++ get_components_to_activate",8713699897400708585,"'gdpic-srvls-batch-05885bcf-2746-4f07-a781-bf97f4b28f16-w-0","'projects/final-espinal-aguilar/logs/dataproc.googleapis.com%2Fstartup",,"'2025-12-16T05:52:45.947626281Z","'jb-medallion-20251216-054754","'southamerica-west1","'final-espinal-aguilar",cloud_dataproc_batch,,"'2025-12-16T05:52:44.301155795Z"
lp7ojue497xauutbb,,,,,"'dataproc-startup-script.log",,"'<13>Dec 16 05:50:50 startup-script[1437]: <13>Dec 16 05:50:50 activate-component-miniconda3[2718]: + local activated_components",8713699897400708585,"'gdpic-srvls-batch-05885bcf-2746-4f07-a781-bf97f4b28f16-w-0","'projects/final-espinal-aguilar/logs/dataproc.googleapis.com%2Fstartup",,"'2025-12-16T05:52:45.947626281Z","'jb-medallion-20251216-054754","'southamerica-west1","'final-espinal-aguilar",cloud_dataproc_batch,,"'2025-12-16T05:52:44.301154859Z"
lp7ojue497xauutba,,,,,"'dataproc-startup-script.log",,"'<13>Dec 16 05:50:50 startup-script[1437]: <13>Dec 16 05:50:50 activate-component-miniconda3[2718]: + local -r component=nfs",8713699897400708585,"'gdpic-srvls-batch-05885bcf-2746-4f07-a781-bf97f4b28f16-w-0","'projects/final-espinal-aguilar/logs/dataproc.googleapis.com%2Fstartup",,"'2025-12-16T05:52:45.947626281Z","'jb-medallion-20251216-054754","'southamerica-west1","'final-espinal-aguilar",cloud_dataproc_batch,,"'2025-12-16T05:52:44.301153927Z"
lp7ojue497xauutaz,,,,,"'dataproc-startup-script.log",,"'<13>Dec 16 05:50:50 startup-script[1437]: <13>Dec 16 05:50:50 activate-component-miniconda3[2718]: + is_component_selected nfs",8713699897400708585,"'gdpic-srvls-batch-05885bcf-2746-4f07-a781-bf97f4b28f16-w-0","'projects/final-espinal-aguilar/logs/dataproc.googleapis.com%2Fstartup",,"'2025-12-16T05:52:45.947626281Z","'jb-medallion-20251216-054754","'southamerica-west1","'final-espinal-aguilar",cloud_dataproc_batch,,"'2025-12-16T05:52:44.301152969Z"
lp7ojue497xauutay,,,,,"'dataproc-startup-script.log",,"'<13>Dec 16 05:50:50 startup-script[1437]: <13>Dec 16 05:50:50 activate-component-miniconda3[2718]: + [[ serverless-spark == \s\e\r\v\e\r\l\e\s\s\-\s\p\a\r\k ]]",8713699897400708585,"'gdpic-srvls-batch-05885bcf-2746-4f07-a781-bf97f4b28f16-w-0","'projects/final-espinal-aguilar/logs/dataproc.googleapis.com%2Fstartup",,"'2025-12-16T05:52:45.947626281Z","'jb-medallion-20251216-054754","'southamerica-west1","'final-espinal-aguilar",cloud_dataproc_batch,,"'2025-12-16T05:52:44.301152034Z"
lp7ojue497xauutax,,,,,"'dataproc-startup-script.log",,"'<13>Dec 16 05:50:50 startup-script[1437]: <13>Dec 16 05:50:50 activate-component-miniconda3[2718]: + [[ 2.1 == \2\.\2 ]]",8713699897400708585,"'gdpic-srvls-batch-05885bcf-2746-4f07-a781-bf97f4b28f16-w-0","'projects/final-espinal-aguilar/logs/dataproc.googleapis.com%2Fstartup",,"'2025-12-16T05:52:45.947626281Z","'jb-medallion-20251216-054754","'southamerica-west1","'final-espinal-aguilar",cloud_dataproc_batch,,"'2025-12-16T05:52:44.301151098Z"
lp7ojue497xauutaw,,,,,"'dataproc-startup-script.log",,"'<13>Dec 16 05:50:50 startup-script[1437]: <13>Dec 16 05:50:50 activate-component-miniconda3[2718]: + [[ serverless-spark == \s\e\r\v\e\r\l\e\s\s\-\s\p\a\r\k ]]",8713699897400708585,"'gdpic-srvls-batch-05885bcf-2746-4f07-a781-bf97f4b28f16-w-0","'projects/final-espinal-aguilar/logs/dataproc.googleapis.com%2Fstartup",,"'2025-12-16T05:52:45.947626281Z","'jb-medallion-20251216-054754","'southamerica-west1","'final-espinal-aguilar",cloud_dataproc_batch,,"'2025-12-16T05:52:44.301150169Z"
lp7ojue497xauutav,,,,,"'dataproc-startup-script.log",,"'<13>Dec 16 05:50:50 startup-script[1437]: <13>Dec 16 05:50:50 activate-component-miniconda3[2718]: + return 0",8713699897400708585,"'gdpic-srvls-batch-05885bcf-2746-4f07-a781-bf97f4b28f16-w-0","'projects/final-espinal-aguilar/logs/dataproc.googleapis.com%2Fstartup",,"'2025-12-16T05:52:45.947626281Z","'jb-medallion-20251216-054754","'southamerica-west1","'final-espinal-aguilar",cloud_dataproc_batch,,"'2025-12-16T05:52:44.301149230Z"
lp7ojue497xauutau,,,,,"'dataproc-startup-script.log",,"'<13>Dec 16 05:50:50 startup-script[1437]: <13>Dec 16 05:50:50 activate-component-miniconda3[2718]: 'install_pip_packages ' succeeded after 1 execution(s).",8713699897400708585,"'gdpic-srvls-batch-05885bcf-2746-4f07-a781-bf97f4b28f16-w-0","'projects/final-espinal-aguilar/logs/dataproc.googleapis.com%2Fstartup",,"'2025-12-16T05:52:45.947626281Z","'jb-medallion-20251216-054754","'southamerica-west1","'final-espinal-aguilar",cloud_dataproc_batch,,"'2025-12-16T05:52:44.301148274Z"
lp7ojue497xauutat,,,,,"'dataproc-startup-script.log",,"'<13>Dec 16 05:50:50 startup-script[1437]: <13>Dec 16 05:50:50 activate-component-miniconda3[2718]: About to run 'install_pip_packages ' with retries...",8713699897400708585,"'gdpic-srvls-batch-05885bcf-2746-4f07-a781-bf97f4b28f16-w-0","'projects/final-espinal-aguilar/logs/dataproc.googleapis.com%2Fstartup",,"'2025-12-16T05:52:45.947626281Z","'jb-medallion-20251216-054754","'southamerica-west1","'final-espinal-aguilar",cloud_dataproc_batch,,"'2025-12-16T05:52:44.301147335Z"
lp7ojue497xauutas,,,,,"'dataproc-startup-script.log",,"'<13>Dec 16 05:50:50 startup-script[1437]: <13>Dec 16 05:50:50 activate-component-miniconda3[2718]: + set +x",8713699897400708585,"'gdpic-srvls-batch-05885bcf-2746-4f07-a781-bf97f4b28f16-w-0","'projects/final-espinal-aguilar/logs/dataproc.googleapis.com%2Fstartup",,"'2025-12-16T05:52:45.947626281Z","'jb-medallion-20251216-054754","'southamerica-west1","'final-espinal-aguilar",cloud_dataproc_batch,,"'2025-12-16T05:52:44.301146405Z"
lp7ojue497xauutar,,,,,"'dataproc-startup-script.log",,"'<13>Dec 16 05:50:50 startup-script[1437]: <13>Dec 16 05:50:50 activate-component-miniconda3[2718]: + [[ -o xtrace ]]",8713699897400708585,"'gdpic-srvls-batch-05885bcf-2746-4f07-a781-bf97f4b28f16-w-0","'projects/final-espinal-aguilar/logs/dataproc.googleapis.com%2Fstartup",,"'2025-12-16T05:52:45.947626281Z","'jb-medallion-20251216-054754","'southamerica-west1","'final-espinal-aguilar",cloud_dataproc_batch,,"'2025-12-16T05:52:44.301145477Z"
lp7ojue497xauutaq,,,,,"'dataproc-startup-script.log",,"'<13>Dec 16 05:50:50 startup-script[1437]: <13>Dec 16 05:50:50 activate-component-miniconda3[2718]: + local reenable_x=false",8713699897400708585,"'gdpic-srvls-batch-05885bcf-2746-4f07-a781-bf97f4b28f16-w-0","'projects/final-espinal-aguilar/logs/dataproc.googleapis.com%2Fstartup",,"'2025-12-16T05:52:45.947626281Z","'jb-medallion-20251216-054754","'southamerica-west1","'final-espinal-aguilar",cloud_dataproc_batch,,"'2025-12-16T05:52:44.301144540Z"
lp7ojue497xauutap,,,,,"'dataproc-startup-script.log",,"'<13>Dec 16 05:50:50 startup-script[1437]: <13>Dec 16 05:50:50 activate-component-miniconda3[2718]: + local -r max_retries=4",8713699897400708585,"'gdpic-srvls-batch-05885bcf-2746-4f07-a781-bf97f4b28f16-w-0","'projects/final-espinal-aguilar/logs/dataproc.googleapis.com%2Fstartup",,"'2025-12-16T05:52:45.947626281Z","'jb-medallion-20251216-054754","'southamerica-west1","'final-espinal-aguilar",cloud_dataproc_batch,,"'2025-12-16T05:52:44.301143574Z"
lp7ojue497xauutao,,,,,"'dataproc-startup-script.log",,"'<13>Dec 16 05:50:50 startup-script[1437]: <13>Dec 16 05:50:50 activate-component-miniconda3[2718]: + local -r cmd",8713699897400708585,"'gdpic-srvls-batch-05885bcf-2746-4f07-a781-bf97f4b28f16-w-0","'projects/final-espinal-aguilar/logs/dataproc.googleapis.com%2Fstartup",,"'2025-12-16T05:52:45.947626281Z","'jb-medallion-20251216-054754","'southamerica-west1","'final-espinal-aguilar",cloud_dataproc_batch,,"'2025-12-16T05:52:44.301142603Z"
lp7ojue497xauutan,,,,,"'dataproc-startup-script.log",,"'<13>Dec 16 05:50:50 startup-script[1437]: <13>Dec 16 05:50:50 activate-component-miniconda3[2718]: + cmd=('install_pip_packages' '')",8713699897400708585,"'gdpic-srvls-batch-05885bcf-2746-4f07-a781-bf97f4b28f16-w-0","'projects/final-espinal-aguilar/logs/dataproc.googleapis.com%2Fstartup",,"'2025-12-16T05:52:45.947626281Z","'jb-medallion-20251216-054754","'southamerica-west1","'final-espinal-aguilar",cloud_dataproc_batch,,"'2025-12-16T05:52:44.301141584Z"
lp7ojue497xauutam,,,,,"'dataproc-startup-script.log",,"'<13>Dec 16 05:50:50 startup-script[1437]: <13>Dec 16 05:50:50 activate-component-miniconda3[2718]: + local -r retry_delay=1",8713699897400708585,"'gdpic-srvls-batch-05885bcf-2746-4f07-a781-bf97f4b28f16-w-0","'projects/final-espinal-aguilar/logs/dataproc.googleapis.com%2Fstartup",,"'2025-12-16T05:52:45.947626281Z","'jb-medallion-20251216-054754","'southamerica-west1","'final-espinal-aguilar",cloud_dataproc_batch,,"'2025-12-16T05:52:44.301140635Z"
lp7ojue497xauutal,,,,,"'dataproc-startup-script.log",,"'<13>Dec 16 05:50:50 startup-script[1437]: <13>Dec 16 05:50:50 activate-component-miniconda3[2718]: + local -r max_retry_time=4",8713699897400708585,"'gdpic-srvls-batch-05885bcf-2746-4f07-a781-bf97f4b28f16-w-0","'projects/final-espinal-aguilar/logs/dataproc.googleapis.com%2Fstartup",,"'2025-12-16T05:52:44.855101810Z","'jb-medallion-20251216-054754","'southamerica-west1","'final-espinal-aguilar",cloud_dataproc_batch,,"'2025-12-16T05:52:44.301139625Z"
lp7ojue497xauutak,,,,,"'dataproc-startup-script.log",,"'<13>Dec 16 05:50:50 startup-script[1437]: <13>Dec 16 05:50:50 activate-component-miniconda3[2718]: + retry_constant_custom 4 1 install_pip_packages ''",8713699897400708585,"'gdpic-srvls-batch-05885bcf-2746-4f07-a781-bf97f4b28f16-w-0","'projects/final-espinal-aguilar/logs/dataproc.googleapis.com%2Fstartup",,"'2025-12-16T05:52:44.855101810Z","'jb-medallion-20251216-054754","'southamerica-west1","'final-espinal-aguilar",cloud_dataproc_batch,,"'2025-12-16T05:52:44.301138603Z"
lp7ojue497xauutaj,,,,,"'dataproc-startup-script.log",,"'<13>Dec 16 05:50:50 startup-script[1437]: <13>Dec 16 05:50:50 activate-component-miniconda3[2718]: + return 0",8713699897400708585,"'gdpic-srvls-batch-05885bcf-2746-4f07-a781-bf97f4b28f16-w-0","'projects/final-espinal-aguilar/logs/dataproc.googleapis.com%2Fstartup",,"'2025-12-16T05:52:44.855101810Z","'jb-medallion-20251216-054754","'southamerica-west1","'final-espinal-aguilar",cloud_dataproc_batch,,"'2025-12-16T05:52:44.301137578Z"
lp7ojue497xauutai,,,,,"'dataproc-startup-script.log",,"'<13>Dec 16 05:50:50 startup-script[1437]: <13>Dec 16 05:50:50 activate-component-miniconda3[2718]: 'install_conda_packages /opt/dataproc/conda/bin ' succeeded after 1 execution(s).",8713699897400708585,"'gdpic-srvls-batch-05885bcf-2746-4f07-a781-bf97f4b28f16-w-0","'projects/final-espinal-aguilar/logs/dataproc.googleapis.com%2Fstartup",,"'2025-12-16T05:52:44.855101810Z","'jb-medallion-20251216-054754","'southamerica-west1","'final-espinal-aguilar",cloud_dataproc_batch,,"'2025-12-16T05:52:44.301136519Z"
lp7ojue497xauutah,,,,,"'dataproc-startup-script.log",,"'<13>Dec 16 05:50:50 startup-script[1437]: <13>Dec 16 05:50:50 activate-component-miniconda3[2718]: About to run 'install_conda_packages /opt/dataproc/conda/bin ' with retries...",8713699897400708585,"'gdpic-srvls-batch-05885bcf-2746-4f07-a781-bf97f4b28f16-w-0","'projects/final-espinal-aguilar/logs/dataproc.googleapis.com%2Fstartup",,"'2025-12-16T05:52:44.855101810Z","'jb-medallion-20251216-054754","'southamerica-west1","'final-espinal-aguilar",cloud_dataproc_batch,,"'2025-12-16T05:52:44.301135455Z"
lp7ojue497xauutag,,,,,"'dataproc-startup-script.log",,"'<13>Dec 16 05:50:50 startup-script[1437]: <13>Dec 16 05:50:50 activate-component-miniconda3[2718]: + set +x",8713699897400708585,"'gdpic-srvls-batch-05885bcf-2746-4f07-a781-bf97f4b28f16-w-0","'projects/final-espinal-aguilar/logs/dataproc.googleapis.com%2Fstartup",,"'2025-12-16T05:52:44.855101810Z","'jb-medallion-20251216-054754","'southamerica-west1","'final-espinal-aguilar",cloud_dataproc_batch,,"'2025-12-16T05:52:44.301134448Z"
lp7ojue497xauutaf,,,,,"'dataproc-startup-script.log",,"'<13>Dec 16 05:50:50 startup-script[1437]: <13>Dec 16 05:50:50 activate-component-miniconda3[2718]: + [[ -o xtrace ]]",8713699897400708585,"'gdpic-srvls-batch-05885bcf-2746-4f07-a781-bf97f4b28f16-w-0","'projects/final-espinal-aguilar/logs/dataproc.googleapis.com%2Fstartup",,"'2025-12-16T05:52:44.855101810Z","'jb-medallion-20251216-054754","'southamerica-west1","'final-espinal-aguilar",cloud_dataproc_batch,,"'2025-12-16T05:52:44.301133446Z"
lp7ojue497xauutae,,,,,"'dataproc-startup-script.log",,"'<13>Dec 16 05:50:50 startup-script[1437]: <13>Dec 16 05:50:50 activate-component-miniconda3[2718]: + local reenable_x=false",8713699897400708585,"'gdpic-srvls-batch-05885bcf-2746-4f07-a781-bf97f4b28f16-w-0","'projects/final-espinal-aguilar/logs/dataproc.googleapis.com%2Fstartup",,"'2025-12-16T05:52:44.855101810Z","'jb-medallion-20251216-054754","'southamerica-west1","'final-espinal-aguilar",cloud_dataproc_batch,,"'2025-12-16T05:52:44.301132395Z"
lp7ojue497xauutad,,,,,"'dataproc-startup-script.log",,"'<13>Dec 16 05:50:50 startup-script[1437]: <13>Dec 16 05:50:50 activate-component-miniconda3[2718]: + local -r max_retries=4",8713699897400708585,"'gdpic-srvls-batch-05885bcf-2746-4f07-a781-bf97f4b28f16-w-0","'projects/final-espinal-aguilar/logs/dataproc.googleapis.com%2Fstartup",,"'2025-12-16T05:52:44.855101810Z","'jb-medallion-20251216-054754","'southamerica-west1","'final-espinal-aguilar",cloud_dataproc_batch,,"'2025-12-16T05:52:44.301131455Z"
lp7ojue497xauutac,,,,,"'dataproc-startup-script.log",,"'<13>Dec 16 05:50:50 startup-script[1437]: <13>Dec 16 05:50:50 activate-component-miniconda3[2718]: + local -r cmd",8713699897400708585,"'gdpic-srvls-batch-05885bcf-2746-4f07-a781-bf97f4b28f16-w-0","'projects/final-espinal-aguilar/logs/dataproc.googleapis.com%2Fstartup",,"'2025-12-16T05:52:44.855101810Z","'jb-medallion-20251216-054754","'southamerica-west1","'final-espinal-aguilar",cloud_dataproc_batch,,"'2025-12-16T05:52:44.301130488Z"
lp7ojue497xauutab,,,,,"'dataproc-startup-script.log",,"'<13>Dec 16 05:50:50 startup-script[1437]: <13>Dec 16 05:50:50 activate-component-miniconda3[2718]: + cmd=('install_conda_packages' '/opt/dataproc/conda/bin' '')",8713699897400708585,"'gdpic-srvls-batch-05885bcf-2746-4f07-a781-bf97f4b28f16-w-0","'projects/final-espinal-aguilar/logs/dataproc.googleapis.com%2Fstartup",,"'2025-12-16T05:52:44.855101810Z","'jb-medallion-20251216-054754","'southamerica-west1","'final-espinal-aguilar",cloud_dataproc_batch,,"'2025-12-16T05:52:44.301129550Z"
lp7ojue497xauutaa,,,,,"'dataproc-startup-script.log",,"'<13>Dec 16 05:50:50 startup-script[1437]: <13>Dec 16 05:50:50 activate-component-miniconda3[2718]: + local -r retry_delay=1",8713699897400708585,"'gdpic-srvls-batch-05885bcf-2746-4f07-a781-bf97f4b28f16-w-0","'projects/final-espinal-aguilar/logs/dataproc.googleapis.com%2Fstartup",,"'2025-12-16T05:52:44.855101810Z","'jb-medallion-20251216-054754","'southamerica-west1","'final-espinal-aguilar",cloud_dataproc_batch,,"'2025-12-16T05:52:44.301128613Z"
lp7ojue497xauuszz,,,,,"'dataproc-startup-script.log",,"'<13>Dec 16 05:50:50 startup-script[1437]: <13>Dec 16 05:50:50 activate-component-miniconda3[2718]: + local -r max_retry_time=4",8713699897400708585,"'gdpic-srvls-batch-05885bcf-2746-4f07-a781-bf97f4b28f16-w-0","'projects/final-espinal-aguilar/logs/dataproc.googleapis.com%2Fstartup",,"'2025-12-16T05:52:44.855101810Z","'jb-medallion-20251216-054754","'southamerica-west1","'final-espinal-aguilar",cloud_dataproc_batch,,"'2025-12-16T05:52:44.301127647Z"
lp7ojue497xauuszy,,,,,"'dataproc-startup-script.log",,"'<13>Dec 16 05:50:50 startup-script[1437]: <13>Dec 16 05:50:50 activate-component-miniconda3[2718]: + retry_constant_custom 4 1 install_conda_packages /opt/dataproc/conda/bin ''",8713699897400708585,"'gdpic-srvls-batch-05885bcf-2746-4f07-a781-bf97f4b28f16-w-0","'projects/final-espinal-aguilar/logs/dataproc.googleapis.com%2Fstartup",,"'2025-12-16T05:52:44.855101810Z","'jb-medallion-20251216-054754","'southamerica-west1","'final-espinal-aguilar",cloud_dataproc_batch,,"'2025-12-16T05:52:44.301126639Z"
lp7ojue497xauuszx,,,,,"'dataproc-startup-script.log",,"'<13>Dec 16 05:50:50 startup-script[1437]: <13>Dec 16 05:50:50 activate-component-miniconda3[2718]: + [[ -n '' ]]",8713699897400708585,"'gdpic-srvls-batch-05885bcf-2746-4f07-a781-bf97f4b28f16-w-0","'projects/final-espinal-aguilar/logs/dataproc.googleapis.com%2Fstartup",,"'2025-12-16T05:52:44.855101810Z","'jb-medallion-20251216-054754","'southamerica-west1","'final-espinal-aguilar",cloud_dataproc_batch,,"'2025-12-16T05:52:44.301125708Z"
lp7ojue497xauuszw,,,,,"'dataproc-startup-script.log",,"'<13>Dec 16 05:50:50 startup-script[1437]: <13>Dec 16 05:50:50 activate-component-miniconda3[2718]: + local -r pip_packages=",8713699897400708585,"'gdpic-srvls-batch-05885bcf-2746-4f07-a781-bf97f4b28f16-w-0","'projects/final-espinal-aguilar/logs/dataproc.googleapis.com%2Fstartup",,"'2025-12-16T05:52:44.855101810Z","'jb-medallion-20251216-054754","'southamerica-west1","'final-espinal-aguilar",cloud_dataproc_batch,,"'2025-12-16T05:52:44.301124781Z"
lp7ojue497xauuszv,,,,,"'dataproc-startup-script.log",,"'<13>Dec 16 05:50:50 startup-script[1437]: <13>Dec 16 05:50:50 activate-component-miniconda3[2718]: ++ set +x",8713699897400708585,"'gdpic-srvls-batch-05885bcf-2746-4f07-a781-bf97f4b28f16-w-0","'projects/final-espinal-aguilar/logs/dataproc.googleapis.com%2Fstartup",,"'2025-12-16T05:52:44.855101810Z","'jb-medallion-20251216-054754","'southamerica-west1","'final-espinal-aguilar",cloud_dataproc_batch,,"'2025-12-16T05:52:44.301123830Z"
lp7ojue497xauuszu,,,,,"'dataproc-startup-script.log",,"'<13>Dec 16 05:50:50 startup-script[1437]: <13>Dec 16 05:50:50 activate-component-miniconda3[2718]: ++ get_dataproc_property pip.packages",8713699897400708585,"'gdpic-srvls-batch-05885bcf-2746-4f07-a781-bf97f4b28f16-w-0","'projects/final-espinal-aguilar/logs/dataproc.googleapis.com%2Fstartup",,"'2025-12-16T05:52:44.855101810Z","'jb-medallion-20251216-054754","'southamerica-west1","'final-espinal-aguilar",cloud_dataproc_batch,,"'2025-12-16T05:52:44.301122875Z"
lp7ojue497xauuszt,,,,,"'dataproc-startup-script.log",,"'<13>Dec 16 05:50:50 startup-script[1437]: <13>Dec 16 05:50:50 activate-component-miniconda3[2718]: + local -r conda_packages=",8713699897400708585,"'gdpic-srvls-batch-05885bcf-2746-4f07-a781-bf97f4b28f16-w-0","'projects/final-espinal-aguilar/logs/dataproc.googleapis.com%2Fstartup",,"'2025-12-16T05:52:44.855101810Z","'jb-medallion-20251216-054754","'southamerica-west1","'final-espinal-aguilar",cloud_dataproc_batch,,"'2025-12-16T05:52:44.301121934Z"
lp7ojue497xauuszs,,,,,"'dataproc-startup-script.log",,"'<13>Dec 16 05:50:50 startup-script[1437]: <13>Dec 16 05:50:50 activate-component-containerd[2717]: About to run 'systemctl enable containerd.service' with retries...",8713699897400708585,"'gdpic-srvls-batch-05885bcf-2746-4f07-a781-bf97f4b28f16-w-0","'projects/final-espinal-aguilar/logs/dataproc.googleapis.com%2Fstartup",,"'2025-12-16T05:52:44.855101810Z","'jb-medallion-20251216-054754","'southamerica-west1","'final-espinal-aguilar",cloud_dataproc_batch,,"'2025-12-16T05:52:44.301120998Z"
lp7ojue497xauuszr,,,,,"'dataproc-startup-script.log",,"'<13>Dec 16 05:50:50 startup-script[1437]: <13>Dec 16 05:50:50 activate-component-containerd[2717]: + set +x",8713699897400708585,"'gdpic-srvls-batch-05885bcf-2746-4f07-a781-bf97f4b28f16-w-0","'projects/final-espinal-aguilar/logs/dataproc.googleapis.com%2Fstartup",,"'2025-12-16T05:52:44.855101810Z","'jb-medallion-20251216-054754","'southamerica-west1","'final-espinal-aguilar",cloud_dataproc_batch,,"'2025-12-16T05:52:44.301120061Z"
lp7ojue497xauuszq,,,,,"'dataproc-startup-script.log",,"'<13>Dec 16 05:50:50 startup-script[1437]: <13>Dec 16 05:50:50 activate-component-containerd[2717]: + [[ -o xtrace ]]",8713699897400708585,"'gdpic-srvls-batch-05885bcf-2746-4f07-a781-bf97f4b28f16-w-0","'projects/final-espinal-aguilar/logs/dataproc.googleapis.com%2Fstartup",,"'2025-12-16T05:52:44.855101810Z","'jb-medallion-20251216-054754","'southamerica-west1","'final-espinal-aguilar",cloud_dataproc_batch,,"'2025-12-16T05:52:44.301119094Z"
lp7ojue497xauuszp,,,,,"'dataproc-startup-script.log",,"'<13>Dec 16 05:50:50 startup-script[1437]: <13>Dec 16 05:50:50 activate-component-containerd[2717]: + local reenable_x=false",8713699897400708585,"'gdpic-srvls-batch-05885bcf-2746-4f07-a781-bf97f4b28f16-w-0","'projects/final-espinal-aguilar/logs/dataproc.googleapis.com%2Fstartup",,"'2025-12-16T05:52:44.855101810Z","'jb-medallion-20251216-054754","'southamerica-west1","'final-espinal-aguilar",cloud_dataproc_batch,,"'2025-12-16T05:52:44.301118162Z"
lp7ojue497xauuszo,,,,,"'dataproc-startup-script.log",,"'<13>Dec 16 05:50:50 startup-script[1437]: <13>Dec 16 05:50:50 activate-component-containerd[2717]: + local -r max_retries=30",8713699897400708585,"'gdpic-srvls-batch-05885bcf-2746-4f07-a781-bf97f4b28f16-w-0","'projects/final-espinal-aguilar/logs/dataproc.googleapis.com%2Fstartup",,"'2025-12-16T05:52:44.855101810Z","'jb-medallion-20251216-054754","'southamerica-west1","'final-espinal-aguilar",cloud_dataproc_batch,,"'2025-12-16T05:52:44.301117235Z"
lp7ojue497xauuszn,,,,,"'dataproc-startup-script.log",,"'<13>Dec 16 05:50:50 startup-script[1437]: <13>Dec 16 05:50:50 activate-component-containerd[2717]: + local -r cmd",8713699897400708585,"'gdpic-srvls-batch-05885bcf-2746-4f07-a781-bf97f4b28f16-w-0","'projects/final-espinal-aguilar/logs/dataproc.googleapis.com%2Fstartup",,"'2025-12-16T05:52:44.855101810Z","'jb-medallion-20251216-054754","'southamerica-west1","'final-espinal-aguilar",cloud_dataproc_batch,,"'2025-12-16T05:52:44.301116294Z"
lp7ojue497xauuszm,,,,,"'dataproc-startup-script.log",,"'<13>Dec 16 05:50:50 startup-script[1437]: <13>Dec 16 05:50:50 activate-component-containerd[2717]: + cmd=('systemctl' 'enable' 'containerd.service')",8713699897400708585,"'gdpic-srvls-batch-05885bcf-2746-4f07-a781-bf97f4b28f16-w-0","'projects/final-espinal-aguilar/logs/dataproc.googleapis.com%2Fstartup",,"'2025-12-16T05:52:44.855101810Z","'jb-medallion-20251216-054754","'southamerica-west1","'final-espinal-aguilar",cloud_dataproc_batch,,"'2025-12-16T05:52:44.301115357Z"
lp7ojue497xauuszl,,,,,"'dataproc-startup-script.log",,"'<13>Dec 16 05:50:50 startup-script[1437]: <13>Dec 16 05:50:50 activate-component-containerd[2717]: + local -r retry_delay=1",8713699897400708585,"'gdpic-srvls-batch-05885bcf-2746-4f07-a781-bf97f4b28f16-w-0","'projects/final-espinal-aguilar/logs/dataproc.googleapis.com%2Fstartup",,"'2025-12-16T05:52:44.855101810Z","'jb-medallion-20251216-054754","'southamerica-west1","'final-espinal-aguilar",cloud_dataproc_batch,,"'2025-12-16T05:52:44.301114428Z"
lp7ojue497xauuszk,,,,,"'dataproc-startup-script.log",,"'<13>Dec 16 05:50:50 startup-script[1437]: <13>Dec 16 05:50:50 activate-component-containerd[2717]: + local -r max_retry_time=30",8713699897400708585,"'gdpic-srvls-batch-05885bcf-2746-4f07-a781-bf97f4b28f16-w-0","'projects/final-espinal-aguilar/logs/dataproc.googleapis.com%2Fstartup",,"'2025-12-16T05:52:44.855101810Z","'jb-medallion-20251216-054754","'southamerica-west1","'final-espinal-aguilar",cloud_dataproc_batch,,"'2025-12-16T05:52:44.301113447Z"
lp7ojue497xauuszj,,,,,"'dataproc-startup-script.log",,"'<13>Dec 16 05:50:50 startup-script[1437]: <13>Dec 16 05:50:50 activate-component-containerd[2717]: + retry_constant_custom 30 1 systemctl enable containerd.service",8713699897400708585,"'gdpic-srvls-batch-05885bcf-2746-4f07-a781-bf97f4b28f16-w-0","'projects/final-espinal-aguilar/logs/dataproc.googleapis.com%2Fstartup",,"'2025-12-16T05:52:44.855101810Z","'jb-medallion-20251216-054754","'southamerica-west1","'final-espinal-aguilar",cloud_dataproc_batch,,"'2025-12-16T05:52:44.301112382Z"
lp7ojue497xauuszi,,,,,"'dataproc-startup-script.log",,"'<13>Dec 16 05:50:50 startup-script[1437]: <13>Dec 16 05:50:50 activate-component-containerd[2717]: + retry_constant_short systemctl enable containerd.service",8713699897400708585,"'gdpic-srvls-batch-05885bcf-2746-4f07-a781-bf97f4b28f16-w-0","'projects/final-espinal-aguilar/logs/dataproc.googleapis.com%2Fstartup",,"'2025-12-16T05:52:44.855101810Z","'jb-medallion-20251216-054754","'southamerica-west1","'final-espinal-aguilar",cloud_dataproc_batch,,"'2025-12-16T05:52:44.301111358Z"
lp7ojue497xauuszh,,,,,"'dataproc-startup-script.log",,"'<13>Dec 16 05:50:50 startup-script[1437]: <13>Dec 16 05:50:50 activate-component-containerd[2717]: + local -r unit=containerd.service",8713699897400708585,"'gdpic-srvls-batch-05885bcf-2746-4f07-a781-bf97f4b28f16-w-0","'projects/final-espinal-aguilar/logs/dataproc.googleapis.com%2Fstartup",,"'2025-12-16T05:52:44.855101810Z","'jb-medallion-20251216-054754","'southamerica-west1","'final-espinal-aguilar",cloud_dataproc_batch,,"'2025-12-16T05:52:44.301110344Z"
lp7ojue497xauuszg,,,,,"'dataproc-startup-script.log",,"'<13>Dec 16 05:50:50 startup-script[1437]: <13>Dec 16 05:50:50 activate-component-containerd[2717]: + local -r service=containerd",8713699897400708585,"'gdpic-srvls-batch-05885bcf-2746-4f07-a781-bf97f4b28f16-w-0","'projects/final-espinal-aguilar/logs/dataproc.googleapis.com%2Fstartup",,"'2025-12-16T05:52:44.855101810Z","'jb-medallion-20251216-054754","'southamerica-west1","'final-espinal-aguilar",cloud_dataproc_batch,,"'2025-12-16T05:52:44.301109283Z"
lp7ojue497xauuszf,,,,,"'dataproc-startup-script.log",,"'<13>Dec 16 05:50:50 startup-script[1437]: <13>Dec 16 05:50:50 activate-component-containerd[2717]: + enable_service containerd",8713699897400708585,"'gdpic-srvls-batch-05885bcf-2746-4f07-a781-bf97f4b28f16-w-0","'projects/final-espinal-aguilar/logs/dataproc.googleapis.com%2Fstartup",,"'2025-12-16T05:52:44.855101810Z","'jb-medallion-20251216-054754","'southamerica-west1","'final-espinal-aguilar",cloud_dataproc_batch,,"'2025-12-16T05:52:44.301108250Z"
lp7ojue497xauusze,,,,,"'dataproc-startup-script.log",,"'<13>Dec 16 05:50:50 startup-script[1437]: <13>Dec 16 05:50:50 activate-component-containerd[2717]: + local -r service=containerd",8713699897400708585,"'gdpic-srvls-batch-05885bcf-2746-4f07-a781-bf97f4b28f16-w-0","'projects/final-espinal-aguilar/logs/dataproc.googleapis.com%2Fstartup",,"'2025-12-16T05:52:44.855101810Z","'jb-medallion-20251216-054754","'southamerica-west1","'final-espinal-aguilar",cloud_dataproc_batch,,"'2025-12-16T05:52:44.301107225Z"
lp7ojue497xauuszd,,,,,"'dataproc-startup-script.log",,"'<13>Dec 16 05:50:50 startup-script[1437]: <13>Dec 16 05:50:50 activate-component-containerd[2717]: + enable_and_start_service containerd",8713699897400708585,"'gdpic-srvls-batch-05885bcf-2746-4f07-a781-bf97f4b28f16-w-0","'projects/final-espinal-aguilar/logs/dataproc.googleapis.com%2Fstartup",,"'2025-12-16T05:52:44.855101810Z","'jb-medallion-20251216-054754","'southamerica-west1","'final-espinal-aguilar",cloud_dataproc_batch,,"'2025-12-16T05:52:44.301106195Z"
lp7ojue497xauuszc,,,,,"'dataproc-startup-script.log",,"'<13>Dec 16 05:50:50 startup-script[1437]: <13>Dec 16 05:50:50 activate-component-containerd[2717]: + [[ -n '' ]]",8713699897400708585,"'gdpic-srvls-batch-05885bcf-2746-4f07-a781-bf97f4b28f16-w-0","'projects/final-espinal-aguilar/logs/dataproc.googleapis.com%2Fstartup",,"'2025-12-16T05:52:44.855101810Z","'jb-medallion-20251216-054754","'southamerica-west1","'final-espinal-aguilar",cloud_dataproc_batch,,"'2025-12-16T05:52:44.301105135Z"
lp7ojue497xauuszb,,,,,"'dataproc-startup-script.log",,"'<13>Dec 16 05:50:50 startup-script[1437]: <13>Dec 16 05:50:50 activate-component-containerd[2717]: + custom_image=",8713699897400708585,"'gdpic-srvls-batch-05885bcf-2746-4f07-a781-bf97f4b28f16-w-0","'projects/final-espinal-aguilar/logs/dataproc.googleapis.com%2Fstartup",,"'2025-12-16T05:52:44.855101810Z","'jb-medallion-20251216-054754","'southamerica-west1","'final-espinal-aguilar",cloud_dataproc_batch,,"'2025-12-16T05:52:44.301104196Z"
lp7ojue497xauusza,,,,,"'dataproc-startup-script.log",,"'<13>Dec 16 05:50:50 startup-script[1437]: <13>Dec 16 05:50:50 activate-component-miniconda3[2718]: ++ set +x",8713699897400708585,"'gdpic-srvls-batch-05885bcf-2746-4f07-a781-bf97f4b28f16-w-0","'projects/final-espinal-aguilar/logs/dataproc.googleapis.com%2Fstartup",,"'2025-12-16T05:52:44.855101810Z","'jb-medallion-20251216-054754","'southamerica-west1","'final-espinal-aguilar",cloud_dataproc_batch,,"'2025-12-16T05:52:44.301103233Z"
lp7ojue497xauusyz,,,,,"'dataproc-startup-script.log",,"'<13>Dec 16 05:50:50 startup-script[1437]: <13>Dec 16 05:50:50 activate-component-miniconda3[2718]: ++ get_dataproc_property conda.packages",8713699897400708585,"'gdpic-srvls-batch-05885bcf-2746-4f07-a781-bf97f4b28f16-w-0","'projects/final-espinal-aguilar/logs/dataproc.googleapis.com%2Fstartup",,"'2025-12-16T05:52:44.855101810Z","'jb-medallion-20251216-054754","'southamerica-west1","'final-espinal-aguilar",cloud_dataproc_batch,,"'2025-12-16T05:52:44.301102287Z"
lp7ojue497xauusyy,,,,,"'dataproc-startup-script.log",,"'<13>Dec 16 05:50:50 startup-script[1437]: <13>Dec 16 05:50:50 activate-component-miniconda3[2718]: + local -r conda_env_config_uri=",8713699897400708585,"'gdpic-srvls-batch-05885bcf-2746-4f07-a781-bf97f4b28f16-w-0","'projects/final-espinal-aguilar/logs/dataproc.googleapis.com%2Fstartup",,"'2025-12-16T05:52:44.855101810Z","'jb-medallion-20251216-054754","'southamerica-west1","'final-espinal-aguilar",cloud_dataproc_batch,,"'2025-12-16T05:52:44.301101327Z"
lp7ojue497xauusyx,,,,,"'dataproc-startup-script.log",,"'<13>Dec 16 05:50:50 startup-script[1437]: <13>Dec 16 05:50:50 activate-component-containerd[2717]: ++ set +x",8713699897400708585,"'gdpic-srvls-batch-05885bcf-2746-4f07-a781-bf97f4b28f16-w-0","'projects/final-espinal-aguilar/logs/dataproc.googleapis.com%2Fstartup",,"'2025-12-16T05:52:44.855101810Z","'jb-medallion-20251216-054754","'southamerica-west1","'final-espinal-aguilar",cloud_dataproc_batch,,"'2025-12-16T05:52:44.301100388Z"
lp7ojue497xauusyw,,,,,"'dataproc-startup-script.log",,"'<13>Dec 16 05:50:50 startup-script[1437]: <13>Dec 16 05:50:50 activate-component-containerd[2717]: ++ get_dataproc_property dataproc.spark.container.image",8713699897400708585,"'gdpic-srvls-batch-05885bcf-2746-4f07-a781-bf97f4b28f16-w-0","'projects/final-espinal-aguilar/logs/dataproc.googleapis.com%2Fstartup",,"'2025-12-16T05:52:44.855101810Z","'jb-medallion-20251216-054754","'southamerica-west1","'final-espinal-aguilar",cloud_dataproc_batch,,"'2025-12-16T05:52:44.301099404Z"
lp7ojue497xauusyv,,,,,"'dataproc-startup-script.log",,"'<13>Dec 16 05:50:50 startup-script[1437]: <13>Dec 16 05:50:50 activate-component-containerd[2717]: + local custom_image",8713699897400708585,"'gdpic-srvls-batch-05885bcf-2746-4f07-a781-bf97f4b28f16-w-0","'projects/final-espinal-aguilar/logs/dataproc.googleapis.com%2Fstartup",,"'2025-12-16T05:52:44.855101810Z","'jb-medallion-20251216-054754","'southamerica-west1","'final-espinal-aguilar",cloud_dataproc_batch,,"'2025-12-16T05:52:44.301098460Z"
lp7ojue497xauusyu,,,,,"'dataproc-startup-script.log",,"'<13>Dec 16 05:50:50 startup-script[1437]: <13>Dec 16 05:50:50 activate-component-containerd[2717]: + is_custom_container_image_configured",8713699897400708585,"'gdpic-srvls-batch-05885bcf-2746-4f07-a781-bf97f4b28f16-w-0","'projects/final-espinal-aguilar/logs/dataproc.googleapis.com%2Fstartup",,"'2025-12-16T05:52:44.855101810Z","'jb-medallion-20251216-054754","'southamerica-west1","'final-espinal-aguilar",cloud_dataproc_batch,,"'2025-12-16T05:52:44.301097522Z"
lp7ojue497xauusyt,,,,,"'dataproc-startup-script.log",,"'<13>Dec 16 05:50:50 startup-script[1437]: <13>Dec 16 05:50:50 activate-component-containerd[2717]: + riptide_enabled=false",8713699897400708585,"'gdpic-srvls-batch-05885bcf-2746-4f07-a781-bf97f4b28f16-w-0","'projects/final-espinal-aguilar/logs/dataproc.googleapis.com%2Fstartup",,"'2025-12-16T05:52:44.855101810Z","'jb-medallion-20251216-054754","'southamerica-west1","'final-espinal-aguilar",cloud_dataproc_batch,,"'2025-12-16T05:52:44.301096553Z"
lp7ojue497xauusys,,,,,"'dataproc-startup-script.log",,"'<13>Dec 16 05:50:50 startup-script[1437]: <13>Dec 16 05:50:50 activate-component-miniconda3[2718]: ++ set +x",8713699897400708585,"'gdpic-srvls-batch-05885bcf-2746-4f07-a781-bf97f4b28f16-w-0","'projects/final-espinal-aguilar/logs/dataproc.googleapis.com%2Fstartup",,"'2025-12-16T05:52:44.855101810Z","'jb-medallion-20251216-054754","'southamerica-west1","'final-espinal-aguilar",cloud_dataproc_batch,,"'2025-12-16T05:52:44.301095612Z"
lp7ojue497xauusyr,,,,,"'dataproc-startup-script.log",,"'<13>Dec 16 05:50:50 startup-script[1437]: <13>Dec 16 05:50:50 activate-component-miniconda3[2718]: ++ get_dataproc_property conda.env.config.uri",8713699897400708585,"'gdpic-srvls-batch-05885bcf-2746-4f07-a781-bf97f4b28f16-w-0","'projects/final-espinal-aguilar/logs/dataproc.googleapis.com%2Fstartup",,"'2025-12-16T05:52:44.855101810Z","'jb-medallion-20251216-054754","'southamerica-west1","'final-espinal-aguilar",cloud_dataproc_batch,,"'2025-12-16T05:52:44.301094624Z"
lp7ojue497xauusyq,,,,,"'dataproc-startup-script.log",,"'<13>Dec 16 05:50:50 startup-script[1437]: <13>Dec 16 05:50:50 activate-component-miniconda3[2718]: + local -r conda_bin_dir=/opt/dataproc/conda/bin",8713699897400708585,"'gdpic-srvls-batch-05885bcf-2746-4f07-a781-bf97f4b28f16-w-0","'projects/final-espinal-aguilar/logs/dataproc.googleapis.com%2Fstartup",,"'2025-12-16T05:52:44.855101810Z","'jb-medallion-20251216-054754","'southamerica-west1","'final-espinal-aguilar",cloud_dataproc_batch,,"'2025-12-16T05:52:44.301093658Z"
lp7ojue497xauusyp,,,,,"'dataproc-startup-script.log",,"'<13>Dec 16 05:50:50 startup-script[1437]: <13>Dec 16 05:50:50 activate-component-miniconda3[2718]: + local -r conda_install_path=/opt/dataproc/conda",8713699897400708585,"'gdpic-srvls-batch-05885bcf-2746-4f07-a781-bf97f4b28f16-w-0","'projects/final-espinal-aguilar/logs/dataproc.googleapis.com%2Fstartup",,"'2025-12-16T05:52:44.855101810Z","'jb-medallion-20251216-054754","'southamerica-west1","'final-espinal-aguilar",cloud_dataproc_batch,,"'2025-12-16T05:52:44.301092702Z"
lp7ojue497xauusyo,,,,,"'dataproc-startup-script.log",,"'<13>Dec 16 05:50:50 startup-script[1437]: <13>Dec 16 05:50:50 activate-component-miniconda3[2718]: + customize_conda_env /opt/dataproc/conda /opt/dataproc/conda/bin",8713699897400708585,"'gdpic-srvls-batch-05885bcf-2746-4f07-a781-bf97f4b28f16-w-0","'projects/final-espinal-aguilar/logs/dataproc.googleapis.com%2Fstartup",,"'2025-12-16T05:52:44.855101810Z","'jb-medallion-20251216-054754","'southamerica-west1","'final-espinal-aguilar",cloud_dataproc_batch,,"'2025-12-16T05:52:44.301091752Z"
lp7ojue497xauusyn,,,,,"'dataproc-startup-script.log",,"'<13>Dec 16 05:50:50 startup-script[1437]: <13>Dec 16 05:50:50 activate-component-miniconda3[2718]: + rm -Rf /tmp/tmp.rJOGUSpjOI",8713699897400708585,"'gdpic-srvls-batch-05885bcf-2746-4f07-a781-bf97f4b28f16-w-0","'projects/final-espinal-aguilar/logs/dataproc.googleapis.com%2Fstartup",,"'2025-12-16T05:52:44.855101810Z","'jb-medallion-20251216-054754","'southamerica-west1","'final-espinal-aguilar",cloud_dataproc_batch,,"'2025-12-16T05:52:44.301090770Z"
lp7ojue497xauusym,,,,,"'dataproc-startup-script.log",,"'<13>Dec 16 05:50:50 startup-script[1437]: <13>Dec 16 05:50:50 activate-component-miniconda3[2718]: + chmod a+r /etc/profile.d/effective-python.sh",8713699897400708585,"'gdpic-srvls-batch-05885bcf-2746-4f07-a781-bf97f4b28f16-w-0","'projects/final-espinal-aguilar/logs/dataproc.googleapis.com%2Fstartup",,"'2025-12-16T05:52:44.855101810Z","'jb-medallion-20251216-054754","'southamerica-west1","'final-espinal-aguilar",cloud_dataproc_batch,,"'2025-12-16T05:52:44.301089814Z"
lp7ojue497xauusyl,,,,,"'dataproc-startup-script.log",,"'<13>Dec 16 05:50:50 startup-script[1437]: <13>Dec 16 05:50:50 activate-component-miniconda3[2718]: renamed '/tmp/tmp.rJOGUSpjOI' -> '/etc/profile.d/effective-python.sh'",8713699897400708585,"'gdpic-srvls-batch-05885bcf-2746-4f07-a781-bf97f4b28f16-w-0","'projects/final-espinal-aguilar/logs/dataproc.googleapis.com%2Fstartup",,"'2025-12-16T05:52:44.855101810Z","'jb-medallion-20251216-054754","'southamerica-west1","'final-espinal-aguilar",cloud_dataproc_batch,,"'2025-12-16T05:52:44.301088884Z"