"FECHA","LINEA","TCODICLIE","PRENDAS"
"03/01/2024","18","4003","669"
"03/01/2024","98","2","686"
"03/01/2024","34","234","862"
"03/01/2024","37","4003","1440"
"03/01/2024","13","2","323"
"03/01/2024","65","2","58"
"03/01/2024","8","266","959"
"03/01/2024","6","266","989"
"03/01/2024","41","266","463"
"03/01/2024","36","2","48"
"03/01/2024","61","266","175"
"03/01/2024","28","4003","358"
"03/01/2024","35","2","383"
"03/01/2024","4","266","1464"
"03/01/2024","45","266","408"
"03/01/2024","7","234","787"
"03/01/2024","48","266","1028"
"03/01/2024","12","266","924"
"03/01/2024","40","266","1198"
"03/01/2024","2","266","1171"
"03/01/2024","11","266","1327"
"03/01/2024","71","234","280"
"03/01/2024","19","1","281"
"03/01/2024","44","266","518"
"03/01/2024","16","266","900"
"04/01/2024","41","266","818"
"04/01/2024","7","234","1776"
"04/01/2024","19","1","1342"
"04/01/2024","48","266","662"
"04/01/2024","98","2","587"
"04/01/2024","45","266","472"
"04/01/2024","28","4003","485"
"04/01/2024","8","266","475"
"04/01/2024","3","234","62"
"04/01/2024","3","2","87"
"04/01/2024","39","2","611"
"04/01/2024","34","234","2240"
"04/01/2024","18","4003","759"
"04/01/2024","71","234","432"
"04/01/2024","16","266","1020"
"04/01/2024","10","2","326"
"04/01/2024","35","2","1093"
"04/01/2024","20","2","90"
"04/01/2024","37","4003","657"
"04/01/2024","40","266","181"
"04/01/2024","6","266","1019"
"04/01/2024","12","266","124"
"04/01/2024","70","2","121"
"04/01/2024","2","266","645"
"04/01/2024","11","266","704"
"04/01/2024","27","266","449"
"04/01/2024","44","266","906"
"04/01/2024","71","2","111"
"05/01/2024","34","234","172"
"05/01/2024","12","266","1104"
"05/01/2024","37","4003","900"
"05/01/2024","8","266","573"
"05/01/2024","7","234","1378"
"05/01/2024","11","266","757"
"05/01/2024","18","4003","1150"
"05/01/2024","48","266","521"
"05/01/2024","16","266","812"
"05/01/2024","61","2","123"
"05/01/2024","6","266","433"
"05/01/2024","28","4003","675"
"05/01/2024","35","2","1551"
"05/01/2024","10","2","726"
"05/01/2024","3","2","37"
"05/01/2024","98","2","147"
"05/01/2024","2","266","916"
"05/01/2024","70","2","285"
"05/01/2024","41","266","669"
"05/01/2024","36","2","362"
"05/01/2024","45","266","346"
"05/01/2024","39","2","358"
"05/01/2024","19","1","404"
"05/01/2024","71","2","159"
"05/01/2024","27","266","276"
"05/01/2024","13","2","269"
"05/01/2024","44","266","898"
"05/01/2024","3","234","417"
"06/01/2024","40","266","377"
"06/01/2024","20","1","146"
"06/01/2024","16","266","346"
"06/01/2024","7","234","670"
"06/01/2024","37","4003","716"
"06/01/2024","98","234","192"
"06/01/2024","45","266","465"
"06/01/2024","34","234","2182"
"06/01/2024","70","234","168"
"06/01/2024","98","2","737"
"06/01/2024","10","2","720"
"06/01/2024","3","2","338"
"06/01/2024","4","266","1001"
"06/01/2024","35","2","631"
"06/01/2024","71","2","277"
"06/01/2024","6","266","1091"
"06/01/2024","48","266","330"
"06/01/2024","28","4003","574"
"06/01/2024","41","266","639"
"06/01/2024","11","266","380"
"06/01/2024","19","1","672"
"06/01/2024","8","266","403"
"06/01/2024","36","2","1306"
"06/01/2024","27","266","450"
"06/01/2024","70","2","238"
"06/01/2024","19","266","169"
"06/01/2024","2","266","1823"
"06/01/2024","13","2","342"
"06/01/2024","18","4003","939"
"06/01/2024","44","266","509"
"06/01/2024","39","2","379"
"06/01/2024","12","266","650"
"07/01/2024","36","2","168"
"07/01/2024","16","266","365"
"07/01/2024","61","266","365"
"07/01/2024","4","266","940"
"07/01/2024","34","234","1292"
"07/01/2024","39","2","540"
"07/01/2024","3","2","21"
"07/01/2024","8","266","424"
"07/01/2024","19","1","271"
"07/01/2024","6","266","751"
"07/01/2024","48","266","327"
"07/01/2024","20","2","184"
"07/01/2024","98","234","520"
"07/01/2024","98","2","969"
"07/01/2024","35","2","148"
"07/01/2024","19","266","352"
"07/01/2024","27","266","380"
"07/01/2024","13","2","62"
"07/01/2024","2","266","2751"
"07/01/2024","20","1","40"
"07/01/2024","44","266","713"
"07/01/2024","41","266","216"
"07/01/2024","45","266","340"
"07/01/2024","40","266","636"
"07/01/2024","12","266","523"
"08/01/2024","98","234","1149"
"08/01/2024","27","266","331"
"08/01/2024","7","234","1300"
"08/01/2024","2","266","979"
"08/01/2024","19","266","417"
"08/01/2024","41","266","927"
"08/01/2024","34","234","894"
"08/01/2024","71","2","187"
"08/01/2024","6","266","932"
"08/01/2024","13","2","320"
"08/01/2024","8","266","464"
"08/01/2024","18","4003","1406"
"08/01/2024","44","266","692"
"08/01/2024","39","2","423"
"08/01/2024","48","266","815"
"08/01/2024","28","4003","1432"
"08/01/2024","65","2","66"
"08/01/2024","61","266","466"
"08/01/2024","98","2","149"
"08/01/2024","70","234","532"
"08/01/2024","4","266","564"
"08/01/2024","37","4003","215"
"08/01/2024","16","266","312"
"08/01/2024","10","2","505"
"08/01/2024","35","2","69"
"08/01/2024","40","266","512"
"08/01/2024","45","266","339"
"08/01/2024","3","2","68"
"08/01/2024","20","1","39"
"09/01/2024","19","266","632"
"09/01/2024","28","1","289"
"09/01/2024","20","1","770"
"09/01/2024","19","1","113"
"09/01/2024","71","2","153"
"09/01/2024","44","266","877"
"09/01/2024","70","2","151"
"09/01/2024","16","266","381"
"09/01/2024","40","266","1443"
"09/01/2024","37","1","142"
"09/01/2024","65","2","695"
"09/01/2024","48","266","809"
"09/01/2024","6","266","821"
"09/01/2024","4","266","351"
"09/01/2024","41","266","1018"
"09/01/2024","98","234","1288"
"09/01/2024","61","2","2"
"09/01/2024","20","2","214"
"09/01/2024","2","266","1130"
"09/01/2024","35","2","1477"
"09/01/2024","39","2","2834"
"09/01/2024","8","266","642"
"09/01/2024","98","2","757"
"09/01/2024","18","2","65"
"09/01/2024","10","2","311"
"09/01/2024","13","2","219"
"09/01/2024","3","2","267"
"09/01/2024","34","234","3163"
"09/01/2024","36","2","536"
"09/01/2024","70","234","502"
"09/01/2024","61","266","803"
"09/01/2024","7","234","1438"
"09/01/2024","27","266","612"
"09/01/2024","45","266","410"
"10/01/2024","6","266","1126"
"10/01/2024","20","1","233"
"10/01/2024","20","2","27"
"10/01/2024","11","2","344"
"10/01/2024","48","266","1020"
"10/01/2024","28","1","303"
"10/01/2024","27","266","774"
"10/01/2024","40","266","1969"
"10/01/2024","8","266","922"
"10/01/2024","34","234","2242"
"10/01/2024","16","266","711"
"10/01/2024","71","2","95"
"10/01/2024","44","266","870"
"10/01/2024","36","2","1614"
"10/01/2024","45","266","567"
"10/01/2024","18","2","378"
"10/01/2024","35","2","1284"
"10/01/2024","2","266","945"
"10/01/2024","98","234","275"
"10/01/2024","71","234","800"
"10/01/2024","41","266","953"
"10/01/2024","13","2","26"
"10/01/2024","3","2","418"
"10/01/2024","12","266","1160"
"10/01/2024","19","1","219"
"10/01/2024","70","234","448"
"10/01/2024","37","1","36"
"10/01/2024","39","2","1391"
"10/01/2024","61","266","613"
"10/01/2024","65","2","169"
"10/01/2024","10","2","495"
"10/01/2024","4","266","881"
"10/01/2024","98","2","873"
"10/01/2024","70","2","513"
"10/01/2024","19","266","784"
"10/01/2024","7","234","1282"
"11/01/2024","61","266","891"
"11/01/2024","3","2","33"
"11/01/2024","8","266","809"
"11/01/2024","19","1","887"
"11/01/2024","70","2","482"
"11/01/2024","4","266","3923"
"11/01/2024","98","2","128"
"11/01/2024","65","2","523"
"11/01/2024","20","1","522"
"11/01/2024","41","266","1125"
"11/01/2024","6","266","276"
"11/01/2024","40","266","1126"
"11/01/2024","12","266","2602"
"11/01/2024","13","2","99"
"11/01/2024","7","234","1512"
"11/01/2024","35","2","1113"
"11/01/2024","71","2","202"
"11/01/2024","19","266","21"
"11/01/2024","36","2","2282"
"11/01/2024","48","266","1087"
"11/01/2024","2","266","636"
"11/01/2024","34","234","2433"
"11/01/2024","11","2","92"
"11/01/2024","45","266","298"
"11/01/2024","71","234","374"
"11/01/2024","37","1","514"
"11/01/2024","27","266","575"
"11/01/2024","39","2","1466"
"11/01/2024","28","1","374"
"11/01/2024","98","234","339"
"12/01/2024","19","1","625"
"12/01/2024","12","266","343"
"12/01/2024","65","2","374"
"12/01/2024","40","266","1054"
"12/01/2024","11","2","848"
"12/01/2024","61","2","18"
"12/01/2024","36","2","1714"
"12/01/2024","39","2","1086"
"12/01/2024","98","2","523"
"12/01/2024","70","234","312"
"12/01/2024","20","1","811"
"12/01/2024","70","2","412"
"12/01/2024","7","234","4410"
"12/01/2024","18","1","147"
"12/01/2024","35","2","1299"
"12/01/2024","28","1","203"
"12/01/2024","3","2","736"
"12/01/2024","6","266","533"
"12/01/2024","16","266","403"
"12/01/2024","41","266","282"
"12/01/2024","34","234","1652"
"12/01/2024","37","1","559"
"12/01/2024","13","2","912"
"12/01/2024","71","2","125"
"12/01/2024","44","266","859"
"12/01/2024","27","266","394"
"12/01/2024","2","266","2048"
"12/01/2024","98","234","2566"
"12/01/2024","48","266","76"
"12/01/2024","45","266","346"
"12/01/2024","8","266","107"
"12/01/2024","10","2","1405"
"13/01/2024","70","234","39"
"13/01/2024","39","2","954"
"13/01/2024","70","2","387"
"13/01/2024","39","234","30"
"13/01/2024","12","266","1117"
"13/01/2024","20","1","584"
"13/01/2024","7","234","524"
"13/01/2024","4","266","556"
"13/01/2024","98","2","377"
"13/01/2024","45","266","304"
"13/01/2024","6","266","831"
"13/01/2024","2","266","823"
"13/01/2024","98","234","1316"
"13/01/2024","8","266","219"
"13/01/2024","3","2","395"
"13/01/2024","61","2","223"
"13/01/2024","71","2","176"
"13/01/2024","19","1","506"
"13/01/2024","34","234","1577"
"13/01/2024","65","2","251"
"13/01/2024","37","1","327"
"13/01/2024","48","266","552"
"13/01/2024","36","2","1151"
"13/01/2024","35","2","727"
"13/01/2024","10","2","439"
"13/01/2024","11","2","438"
"13/01/2024","18","266","50"
"13/01/2024","40","266","187"
"13/01/2024","28","1","259"
"13/01/2024","13","2","406"
"13/01/2024","16","266","853"
"13/01/2024","27","266","278"
"13/01/2024","44","266","942"
"15/01/2024","19","1","402"
"15/01/2024","71","2","252"
"15/01/2024","39","2","480"
"15/01/2024","7","234","2057"
"15/01/2024","18","266","476"
"15/01/2024","65","2","169"
"15/01/2024","41","266","893"
"15/01/2024","36","2","1119"
"15/01/2024","98","234","2384"
"15/01/2024","37","1","513"
"15/01/2024","98","2","519"
"15/01/2024","16","266","377"
"15/01/2024","44","266","109"
"15/01/2024","13","2","448"
"15/01/2024","8","266","480"
"15/01/2024","12","266","370"
"15/01/2024","2","266","870"
"15/01/2024","20","1","500"
"15/01/2024","70","2","26"
"15/01/2024","39","234","544"
"15/01/2024","27","266","250"
"15/01/2024","35","2","924"
"15/01/2024","34","234","3297"
"15/01/2024","61","2","189"
"15/01/2024","70","234","312"
"15/01/2024","4","266","710"
"15/01/2024","6","266","656"
"15/01/2024","11","2","479"
"15/01/2024","40","266","497"
"15/01/2024","18","1","49"
"15/01/2024","48","266","428"
"15/01/2024","28","1","388"
"15/01/2024","45","266","293"
"15/01/2024","3","2","172"
"16/01/2024","19","1","1118"
"16/01/2024","4","266","382"
"16/01/2024","19","266","11"
"16/01/2024","40","266","931"
"16/01/2024","70","234","771"
"16/01/2024","65","2","385"
"16/01/2024","39","2","827"
"16/01/2024","12","266","387"
"16/01/2024","48","266","638"
"16/01/2024","13","2","390"
"16/01/2024","3","2","138"
"16/01/2024","16","266","857"
"16/01/2024","71","2","213"
"16/01/2024","10","234","193"
"16/01/2024","35","2","1061"
"16/01/2024","98","234","1820"
"16/01/2024","41","266","781"
"16/01/2024","4","2","671"
"16/01/2024","6","266","606"
"16/01/2024","20","1","363"
"16/01/2024","10","2","620"
"16/01/2024","70","2","64"
"16/01/2024","36","2","1355"
"16/01/2024","8","266","309"
"16/01/2024","98","2","328"
"16/01/2024","2","266","670"
"16/01/2024","27","266","319"
"16/01/2024","11","2","1208"
"16/01/2024","45","266","495"
"16/01/2024","34","234","925"
"16/01/2024","61","2","276"
"16/01/2024","7","234","1715"
"16/01/2024","28","1","606"
"16/01/2024","37","1","868"
"16/01/2024","18","1","770"
"16/01/2024","39","234","282"
"17/01/2024","39","2","511"
"17/01/2024","40","266","464"
"17/01/2024","18","1","226"
"17/01/2024","2","266","86"
"17/01/2024","35","2","1415"
"17/01/2024","36","2","2139"
"17/01/2024","20","2","229"
"17/01/2024","98","2","1441"
"17/01/2024","12","266","496"
"17/01/2024","3","2","207"
"17/01/2024","70","234","259"
"17/01/2024","28","1","758"
"17/01/2024","8","266","531"
"17/01/2024","10","234","236"
"17/01/2024","44","266","868"
"17/01/2024","11","2","765"
"17/01/2024","34","234","1672"
"17/01/2024","16","266","596"
"17/01/2024","98","234","1532"
"17/01/2024","10","2","49"
"17/01/2024","71","2","68"
"17/01/2024","65","2","540"
"17/01/2024","39","234","463"
"17/01/2024","41","266","921"
"17/01/2024","27","266","332"
"17/01/2024","48","266","935"
"17/01/2024","61","2","175"
"17/01/2024","4","2","531"
"17/01/2024","13","2","128"
"17/01/2024","19","1","32"
"17/01/2024","7","234","1147"
"17/01/2024","6","266","1069"
"17/01/2024","19","266","607"
"17/01/2024","45","266","480"
"18/01/2024","40","266","44"
"18/01/2024","2","266","164"
"18/01/2024","6","266","626"
"18/01/2024","7","234","884"
"18/01/2024","44","266","940"
"18/01/2024","13","2","109"
"18/01/2024","10","266","49"
"18/01/2024","98","2","140"
"18/01/2024","41","266","322"
"18/01/2024","98","234","1308"
"18/01/2024","35","2","661"
"18/01/2024","11","2","675"
"18/01/2024","45","266","333"
"18/01/2024","61","266","18"
"18/01/2024","65","2","814"
"18/01/2024","34","234","1708"
"18/01/2024","39","234","585"
"18/01/2024","28","1","434"
"18/01/2024","61","2","743"
"18/01/2024","12","266","1509"
"18/01/2024","20","2","309"
"18/01/2024","8","266","704"
"18/01/2024","4","2","1597"
"18/01/2024","39","2","871"
"18/01/2024","27","266","350"
"18/01/2024","16","266","656"
"18/01/2024","48","266","416"
"18/01/2024","10","234","106"
"18/01/2024","71","2","514"
"18/01/2024","70","2","187"
"18/01/2024","3","2","244"
"18/01/2024","36","2","1995"
"18/01/2024","70","234","170"
"19/01/2024","35","2","219"
"19/01/2024","41","266","337"
"19/01/2024","27","266","305"
"19/01/2024","3","2","112"
"19/01/2024","37","2","314"
"19/01/2024","13","2","383"
"19/01/2024","18","2","354"
"19/01/2024","48","266","491"
"19/01/2024","11","2","717"
"19/01/2024","4","2","1000"
"19/01/2024","19","266","484"
"19/01/2024","71","2","277"
"19/01/2024","28","1","575"
"19/01/2024","65","2","308"
"19/01/2024","8","266","691"
"19/01/2024","16","266","485"
"19/01/2024","44","266","745"
"19/01/2024","20","2","158"
"19/01/2024","40","266","197"
"19/01/2024","45","266","488"
"19/01/2024","12","266","672"
"19/01/2024","98","2","192"
"19/01/2024","20","1","16"
"19/01/2024","36","2","1494"
"19/01/2024","39","234","1045"
"19/01/2024","70","2","48"
"19/01/2024","37","1","22"
"19/01/2024","61","2","153"
"19/01/2024","6","266","713"
"19/01/2024","39","2","191"
"19/01/2024","34","234","722"
"19/01/2024","7","234","940"
"19/01/2024","98","234","1066"
"20/01/2024","11","2","441"
"20/01/2024","3","2","71"
"20/01/2024","12","266","266"
"20/01/2024","36","2","944"
"20/01/2024","45","266","308"
"20/01/2024","8","266","481"
"20/01/2024","98","234","2561"
"20/01/2024","65","2","392"
"20/01/2024","98","2","4"
"20/01/2024","39","2","107"
"20/01/2024","28","1","229"
"20/01/2024","39","234","628"
"20/01/2024","34","234","1366"
"20/01/2024","35","2","119"
"20/01/2024","16","266","317"
"20/01/2024","41","266","393"
"20/01/2024","61","2","175"
"20/01/2024","20","2","184"
"20/01/2024","19","266","284"
"20/01/2024","13","2","43"
"20/01/2024","7","234","462"
"20/01/2024","37","2","44"
"20/01/2024","40","266","521"
"20/01/2024","4","2","112"
"20/01/2024","70","2","284"
"20/01/2024","71","2","290"
"20/01/2024","44","266","206"
"20/01/2024","6","266","606"
"20/01/2024","18","2","579"
"20/01/2024","48","266","465"
"20/01/2024","27","266","290"
"22/01/2024","34","234","2572"
"22/01/2024","45","266","319"
"22/01/2024","27","266","363"
"22/01/2024","18","2","473"
"22/01/2024","10","234","48"
"22/01/2024","70","2","259"
"22/01/2024","7","2","189"
"22/01/2024","48","266","383"
"22/01/2024","7","234","1610"
"22/01/2024","41","266","540"
"22/01/2024","39","234","750"
"22/01/2024","36","2","639"
"22/01/2024","6","266","598"
"22/01/2024","65","2","375"
"22/01/2024","98","2","6"
"22/01/2024","40","266","713"
"22/01/2024","3","2","125"
"22/01/2024","44","2","303"
"22/01/2024","35","2","344"
"22/01/2024","20","2","281"
"22/01/2024","37","2","290"
"22/01/2024","19","266","409"
"22/01/2024","98","234","1309"
"22/01/2024","13","2","130"
"22/01/2024","11","2","684"
"22/01/2024","71","2","178"
"22/01/2024","34","2","61"
"22/01/2024","39","2","440"
"22/01/2024","8","266","482"
"22/01/2024","70","234","960"
"22/01/2024","28","1","155"
"23/01/2024","37","2","124"
"23/01/2024","34","234","800"
"23/01/2024","70","234","247"
"23/01/2024","40","266","835"
"23/01/2024","20","1","151"
"23/01/2024","12","266","74"
"23/01/2024","35","2","706"
"23/01/2024","39","234","394"
"23/01/2024","7","234","1300"
"23/01/2024","65","2","525"
"23/01/2024","28","1","26"
"23/01/2024","70","2","323"
"23/01/2024","71","2","202"
"23/01/2024","27","266","361"
"23/01/2024","36","2","1611"
"23/01/2024","8","266","995"
"23/01/2024","19","266","517"
"23/01/2024","16","266","688"
"23/01/2024","18","2","383"
"23/01/2024","7","2","464"
"23/01/2024","39","2","698"
"23/01/2024","61","2","208"
"23/01/2024","6","266","1311"
"23/01/2024","44","2","486"
"23/01/2024","41","266","555"
"23/01/2024","98","234","1709"
"23/01/2024","13","2","348"
"23/01/2024","45","266","548"
"23/01/2024","11","2","634"
"23/01/2024","20","2","353"
"23/01/2024","4","2","1028"
"23/01/2024","48","266","972"
"24/01/2024","48","266","595"
"24/01/2024","19","1","147"
"24/01/2024","18","2","972"
"24/01/2024","16","266","805"
"24/01/2024","45","266","358"
"24/01/2024","98","2","111"
"24/01/2024","6","266","363"
"24/01/2024","34","234","1298"
"24/01/2024","35","2","1626"
"24/01/2024","28","1","52"
"24/01/2024","11","2","801"
"24/01/2024","20","2","107"
"24/01/2024","41","266","289"
"24/01/2024","4","2","1011"
"24/01/2024","71","2","179"
"24/01/2024","70","2","261"
"24/01/2024","7","234","1242"
"24/01/2024","70","234","406"
"24/01/2024","28","4003","87"
"24/01/2024","8","266","455"
"24/01/2024","98","234","2067"
"24/01/2024","3","2","130"
"24/01/2024","37","2","537"
"24/01/2024","39","2","477"
"24/01/2024","40","266","587"
"24/01/2024","44","2","889"
"24/01/2024","39","234","1103"
"24/01/2024","2","266","490"
"24/01/2024","36","2","1334"
"24/01/2024","65","2","265"
"24/01/2024","20","1","367"
"24/01/2024","12","266","890"
"24/01/2024","7","2","735"
"24/01/2024","13","2","124"
"25/01/2024","36","2","888"
"25/01/2024","7","2","950"
"25/01/2024","37","2","409"
"25/01/2024","71","234","312"
"25/01/2024","65","2","84"
"25/01/2024","8","266","315"
"25/01/2024","98","2","130"
"25/01/2024","40","266","410"
"25/01/2024","7","234","653"
"25/01/2024","70","2","314"
"25/01/2024","98","234","922"
"25/01/2024","20","1","571"
"25/01/2024","16","266","575"
"25/01/2024","39","2","257"
"25/01/2024","39","234","1111"
"25/01/2024","34","234","906"
"25/01/2024","34","2","712"
"25/01/2024","28","1","132"
"25/01/2024","44","2","548"
"25/01/2024","71","2","43"
"25/01/2024","35","2","1154"
"25/01/2024","2","266","532"
"25/01/2024","11","2","715"
"25/01/2024","12","266","105"
"25/01/2024","36","234","83"
"25/01/2024","4","2","482"
"25/01/2024","19","1","231"
"25/01/2024","18","2","424"
"26/01/2024","12","266","288"
"26/01/2024","11","2","55"
"26/01/2024","2","2","570"
"26/01/2024","65","2","447"
"26/01/2024","20","1","818"
"26/01/2024","7","2","1328"
"26/01/2024","71","2","177"
"26/01/2024","28","1","15"
"26/01/2024","36","2","450"
"26/01/2024","39","234","420"
"26/01/2024","39","2","657"
"26/01/2024","16","266","569"
"26/01/2024","13","266","63"
"26/01/2024","35","2","1109"
"26/01/2024","2","266","621"
"26/01/2024","70","2","207"
"26/01/2024","18","2","280"
"26/01/2024","98","234","1411"
"26/01/2024","71","234","464"
"26/01/2024","19","1","473"
"26/01/2024","7","234","663"
"26/01/2024","98","2","102"
"26/01/2024","10","266","242"
"26/01/2024","37","2","618"
"26/01/2024","4","2","3"
"26/01/2024","8","266","223"
"26/01/2024","34","2","872"
"26/01/2024","44","2","535"
"26/01/2024","36","234","110"
"27/01/2024","70","234","31"
"27/01/2024","4","2","312"
"27/01/2024","18","2","99"
"27/01/2024","61","266","54"
"27/01/2024","2","266","791"
"27/01/2024","34","2","626"
"27/01/2024","7","234","129"
"27/01/2024","27","266","69"
"27/01/2024","48","266","65"
"27/01/2024","20","1","491"
"27/01/2024","12","266","652"
"27/01/2024","11","2","209"
"27/01/2024","16","266","691"
"27/01/2024","3","266","1063"
"27/01/2024","37","2","187"
"27/01/2024","7","2","779"
"27/01/2024","98","2","1271"
"27/01/2024","40","234","224"
"27/01/2024","10","266","345"
"27/01/2024","36","2","59"
"27/01/2024","98","234","946"
"27/01/2024","48","1","148"
"27/01/2024","39","2","502"
"27/01/2024","28","4003","175"
"27/01/2024","71","2","233"
"27/01/2024","13","266","219"
"27/01/2024","4","266","15"
"27/01/2024","2","2","102"
"27/01/2024","19","1","350"
"27/01/2024","35","2","583"
"27/01/2024","44","2","396"
"27/01/2024","65","2","315"
"28/01/2024","44","2","110"
"28/01/2024","70","266","825"
"28/01/2024","27","266","722"
"28/01/2024","4","2","98"
"28/01/2024","3","266","761"
"28/01/2024","98","2","63"
"28/01/2024","4","266","461"
"28/01/2024","10","266","1566"
"28/01/2024","2","2","24"
"28/01/2024","61","266","951"
"28/01/2024","12","266","528"
"28/01/2024","2","266","407"
"29/01/2024","13","266","87"
"29/01/2024","3","266","44"
"29/01/2024","16","266","188"
"29/01/2024","20","1","711"
"29/01/2024","2","2","224"
"29/01/2024","2","266","389"
"29/01/2024","36","2","1383"
"29/01/2024","98","2","1743"
"29/01/2024","28","4003","246"
"29/01/2024","44","2","181"
"29/01/2024","40","234","313"
"29/01/2024","19","1","426"
"29/01/2024","34","2","823"
"29/01/2024","39","2","1037"
"29/01/2024","98","234","475"
"29/01/2024","71","2","387"
"29/01/2024","65","2","116"
"29/01/2024","35","2","829"
"29/01/2024","7","234","555"
"29/01/2024","48","1","197"
"29/01/2024","7","2","795"
"29/01/2024","8","1","212"
"29/01/2024","70","2","163"
"29/01/2024","28","1","18"
"30/01/2024","3","2","12"
"30/01/2024","20","2","59"
"30/01/2024","18","2","28"
"30/01/2024","36","2","1926"
"30/01/2024","34","2","1592"
"30/01/2024","34","234","56"
"30/01/2024","45","266","272"
"30/01/2024","13","266","102"
"30/01/2024","20","1","421"
"30/01/2024","2","2","157"
"30/01/2024","37","2","333"
"30/01/2024","19","266","50"
"30/01/2024","48","1","333"
"30/01/2024","19","1","127"
"30/01/2024","28","4003","414"
"30/01/2024","7","234","33"
"30/01/2024","39","2","1020"
"30/01/2024","28","1","63"
"30/01/2024","2","266","891"
"30/01/2024","71","2","491"
"30/01/2024","11","2","645"
"30/01/2024","39","234","54"
"30/01/2024","6","2","828"
"30/01/2024","98","234","403"
"30/01/2024","8","1","264"
"30/01/2024","70","2","540"
"30/01/2024","36","234","217"
"30/01/2024","65","2","225"
"30/01/2024","4","2","857"
"30/01/2024","35","2","633"
"30/01/2024","40","234","598"
"30/01/2024","3","266","72"
"30/01/2024","7","2","1648"
"30/01/2024","44","2","846"
"30/01/2024","98","2","721"
"31/01/2024","35","2","345"
"31/01/2024","70","266","289"
"31/01/2024","2","266","726"
"31/01/2024","36","2","1169"
"31/01/2024","45","266","336"
"31/01/2024","20","1","363"
"31/01/2024","44","2","296"
"31/01/2024","7","2","1809"
"31/01/2024","28","4003","184"
"31/01/2024","34","234","18"
"31/01/2024","7","234","54"
"31/01/2024","37","2","203"
"31/01/2024","71","2","645"
"31/01/2024","61","266","323"
"31/01/2024","2","2","112"
"31/01/2024","36","234","723"
"31/01/2024","70","2","701"
"31/01/2024","40","234","593"
"31/01/2024","41","1","609"
"31/01/2024","4","2","1139"
"31/01/2024","28","1","8"
"31/01/2024","6","2","513"
"31/01/2024","98","2","1088"
"31/01/2024","6","234","695"
"31/01/2024","11","2","232"
"31/01/2024","61","2","263"
"31/01/2024","20","2","146"
"31/01/2024","70","234","80"
"31/01/2024","19","1","540"
"31/01/2024","8","1","322"
"31/01/2024","34","2","1009"
"31/01/2024","48","1","380"
"31/01/2024","65","2","497"
"31/01/2024","13","266","102"
"31/01/2024","16","266","164"
"31/01/2024","39","2","1476"
"01/02/2024","71","2","389"
"01/02/2024","37","2","64"
"01/02/2024","28","4003","288"
"01/02/2024","28","1","57"
"01/02/2024","36","234","60"
"01/02/2024","65","2","663"
"01/02/2024","45","266","224"
"01/02/2024","20","2","96"
"01/02/2024","6","2","604"
"01/02/2024","7","2","1442"
"01/02/2024","34","2","926"
"01/02/2024","2","266","482"
"01/02/2024","36","2","2353"
"01/02/2024","37","4003","227"
"01/02/2024","48","1","360"
"01/02/2024","16","266","640"
"01/02/2024","61","266","359"
"01/02/2024","11","2","237"
"01/02/2024","70","2","568"
"01/02/2024","35","2","897"
"01/02/2024","13","266","338"
"01/02/2024","8","1","256"
"01/02/2024","39","2","357"
"01/02/2024","12","266","401"
"01/02/2024","40","234","419"
"01/02/2024","27","266","501"
"01/02/2024","44","2","471"
"01/02/2024","61","2","385"
"01/02/2024","10","266","870"
"01/02/2024","3","266","85"
"01/02/2024","4","2","583"
"01/02/2024","18","4003","117"
"01/02/2024","19","1","437"
"01/02/2024","98","234","345"
"01/02/2024","98","2","1315"
"02/02/2024","61","2","714"
"02/02/2024","18","4003","246"
"02/02/2024","44","2","398"
"02/02/2024","37","2","225"
"02/02/2024","36","2","1107"
"02/02/2024","39","2","160"
"02/02/2024","3","266","675"
"02/02/2024","40","234","565"
"02/02/2024","11","2","646"
"02/02/2024","7","2","942"
"02/02/2024","13","266","140"
"02/02/2024","19","1","232"
"02/02/2024","65","2","274"
"02/02/2024","35","2","597"
"02/02/2024","10","266","215"
"02/02/2024","61","266","736"
"02/02/2024","34","2","820"
"02/02/2024","48","1","342"
"02/02/2024","98","2","727"
"02/02/2024","2","266","42"
"02/02/2024","20","2","131"
"02/02/2024","27","266","452"
"02/02/2024","71","2","60"
"02/02/2024","4","2","1145"
"02/02/2024","37","4003","412"
"02/02/2024","8","1","307"
"02/02/2024","70","266","368"
"02/02/2024","12","266","252"
"02/02/2024","28","4003","241"
"02/02/2024","16","266","872"
"02/02/2024","41","1","730"
"02/02/2024","6","2","362"
"03/02/2024","35","2","138"
"03/02/2024","12","266","218"
"03/02/2024","34","2","510"
"03/02/2024","65","2","126"
"03/02/2024","28","4003","507"
"03/02/2024","36","2","597"
"03/02/2024","16","266","725"
"03/02/2024","18","4003","686"
"03/02/2024","98","2","3157"
"03/02/2024","48","1","286"
"03/02/2024","8","1","241"
"03/02/2024","7","2","1331"
"03/02/2024","20","2","51"
"03/02/2024","41","1","527"
"03/02/2024","61","2","279"
"03/02/2024","11","2","207"
"03/02/2024","2","266","276"
"03/02/2024","6","2","427"
"03/02/2024","4","2","412"
"03/02/2024","13","266","198"
"03/02/2024","2","2","215"
"03/02/2024","27","266","206"
"03/02/2024","7","234","102"
"03/02/2024","19","1","309"
"03/02/2024","39","2","556"
"03/02/2024","10","266","476"
"03/02/2024","36","234","160"
"03/02/2024","37","4003","700"
"03/02/2024","44","2","619"
"03/02/2024","45","266","43"
"05/02/2024","65","2","735"
"05/02/2024","18","4003","321"
"05/02/2024","2","2","224"
"05/02/2024","37","4003","320"
"05/02/2024","35","2","572"
"05/02/2024","4","2","90"
"05/02/2024","10","266","83"
"05/02/2024","70","2","463"
"05/02/2024","98","234","182"
"05/02/2024","98","2","494"
"05/02/2024","36","234","88"
"05/02/2024","19","1","405"
"05/02/2024","36","2","646"
"05/02/2024","20","2","126"
"05/02/2024","8","1","287"
"05/02/2024","34","2","617"
"05/02/2024","41","1","347"
"05/02/2024","45","266","324"
"05/02/2024","13","266","270"
"05/02/2024","39","266","318"
"05/02/2024","28","4003","370"
"05/02/2024","2","266","70"
"05/02/2024","48","1","165"
"05/02/2024","11","2","228"
"05/02/2024","44","266","161"
"05/02/2024","39","2","562"
"05/02/2024","3","266","190"
"05/02/2024","71","2","77"
"05/02/2024","27","266","307"
"05/02/2024","61","2","461"
"05/02/2024","7","2","955"
"05/02/2024","16","266","461"
"05/02/2024","44","2","214"
"05/02/2024","6","2","560"
"06/02/2024","44","266","661"
"06/02/2024","4","2","14"
"06/02/2024","65","2","486"
"06/02/2024","70","2","489"
"06/02/2024","45","266","193"
"06/02/2024","20","1","149"
"06/02/2024","37","4003","543"
"06/02/2024","7","2","835"
"06/02/2024","39","2","408"
"06/02/2024","34","2","433"
"06/02/2024","8","1","355"
"06/02/2024","27","266","469"
"06/02/2024","16","266","351"
"06/02/2024","19","1","378"
"06/02/2024","18","4003","573"
"06/02/2024","98","2","356"
"06/02/2024","11","2","676"
"06/02/2024","2","266","20"
"06/02/2024","35","2","231"
"06/02/2024","20","2","271"
"06/02/2024","36","2","621"
"06/02/2024","48","1","322"
"06/02/2024","4","2023","169"
"06/02/2024","28","4003","706"
"06/02/2024","98","234","791"
"06/02/2024","3","266","230"
"06/02/2024","2","2","543"
"06/02/2024","71","2","298"
"06/02/2024","61","2","689"
"06/02/2024","6","2","479"
"06/02/2024","40","2","103"
"06/02/2024","10","266","396"
"06/02/2024","39","266","34"
"06/02/2024","13","266","203"
"06/02/2024","41","1","440"
"06/02/2024","12","266","50"
"07/02/2024","2","2","643"
"07/02/2024","3","266","50"
"07/02/2024","12","266","327"
"07/02/2024","3","2","61"
"07/02/2024","48","1","422"
"07/02/2024","4","2023","84"
"07/02/2024","19","2","46"
"07/02/2024","39","2","734"
"07/02/2024","28","4003","211"
"07/02/2024","65","2","597"
"07/02/2024","98","2","748"
"07/02/2024","70","2","617"
"07/02/2024","20","1","595"
"07/02/2024","27","266","533"
"07/02/2024","44","266","891"
"07/02/2024","20","2","100"
"07/02/2024","40","2","26"
"07/02/2024","36","2","1161"
"07/02/2024","6","2","480"
"07/02/2024","71","2","352"
"07/02/2024","13","266","180"
"07/02/2024","61","2","241"
"07/02/2024","35","2","876"
"07/02/2024","16","266","424"
"07/02/2024","7","2","738"
"07/02/2024","8","1","201"
"07/02/2024","41","1","348"
"07/02/2024","19","1","511"
"07/02/2024","34","2","996"
"07/02/2024","37","4003","578"
"07/02/2024","10","266","205"
"07/02/2024","98","234","269"
"07/02/2024","36","234","73"
"07/02/2024","45","266","320"
"07/02/2024","37","2","317"
"07/02/2024","37","1","42"
"07/02/2024","18","4003","751"
"07/02/2024","4","2","346"
"07/02/2024","11","2","644"
"08/02/2024","19","2","239"
"08/02/2024","16","266","435"
"08/02/2024","70","2","474"
"08/02/2024","39","2","765"
"08/02/2024","37","2","40"
"08/02/2024","34","2","1384"
"08/02/2024","98","234","120"
"08/02/2024","6","2","487"
"08/02/2024","44","266","514"
"08/02/2024","13","266","277"
"08/02/2024","35","2","989"
"08/02/2024","28","1","118"
"08/02/2024","3","266","903"
"08/02/2024","27","266","319"
"08/02/2024","7","2","728"
"08/02/2024","40","2","203"
"08/02/2024","4","2","431"
"08/02/2024","2","2","468"
"08/02/2024","20","1","198"
"08/02/2024","71","2","141"
"08/02/2024","19","1","491"
"08/02/2024","65","2","950"
"08/02/2024","12","266","806"
"08/02/2024","41","1","413"
"08/02/2024","11","2","286"
"08/02/2024","37","1","402"
"08/02/2024","10","266","275"
"08/02/2024","20","2","402"
"08/02/2024","98","2","854"
"08/02/2024","10","2","11"
"08/02/2024","61","2","668"
"08/02/2024","36","2","1003"
"08/02/2024","8","1","204"
"08/02/2024","7","234","18"
"08/02/2024","45","266","194"
"08/02/2024","48","1","485"
"09/02/2024","28","1","142"
"09/02/2024","4","266","113"
"09/02/2024","37","1","456"
"09/02/2024","36","2","1306"
"09/02/2024","10","266","337"
"09/02/2024","19","2","77"
"09/02/2024","34","2","1099"
"09/02/2024","98","234","89"
"09/02/2024","7","2","1526"
"09/02/2024","65","2","339"
"09/02/2024","6","2","643"
"09/02/2024","41","1","452"
"09/02/2024","70","2","238"
"09/02/2024","16","266","288"
"09/02/2024","39","2","899"
"09/02/2024","13","2","249"
"09/02/2024","27","266","397"
"09/02/2024","45","266","109"
"09/02/2024","61","2","304"
"09/02/2024","11","2","475"
"09/02/2024","19","1","558"
"09/02/2024","20","2","402"
"09/02/2024","13","266","86"
"09/02/2024","44","266","508"
"09/02/2024","10","2","8"
"09/02/2024","71","2","232"
"09/02/2024","4","2023","120"
"09/02/2024","98","2","833"
"09/02/2024","48","266","56"
"09/02/2024","35","2","1746"
"09/02/2024","37","2","32"
"09/02/2024","3","266","338"
"09/02/2024","8","1","413"
"09/02/2024","48","1","64"
"09/02/2024","4","2","151"
"10/02/2024","37","1","257"
"10/02/2024","20","1","9"
"10/02/2024","40","2","72"
"10/02/2024","37","2","73"
"10/02/2024","13","2","34"
"10/02/2024","11","2","307"
"10/02/2024","39","2","556"
"10/02/2024","10","266","669"
"10/02/2024","12","266","435"
"10/02/2024","12","2","307"
"10/02/2024","71","2","133"
"10/02/2024","20","2","240"
"10/02/2024","35","2","1249"
"10/02/2024","13","266","210"
"10/02/2024","3","266","815"
"10/02/2024","34","2","731"
"10/02/2024","6","2","175"
"10/02/2024","2","266","21"
"10/02/2024","19","1","312"
"10/02/2024","16","266","390"
"10/02/2024","27","266","258"
"10/02/2024","7","2","846"
"10/02/2024","61","2","82"
"10/02/2024","19","2","61"
"10/02/2024","98","2","1571"
"10/02/2024","4","266","451"
"10/02/2024","8","1","186"
"10/02/2024","41","1","232"
"10/02/2024","98","234","642"
"10/02/2024","48","1","51"
"10/02/2024","18","2","37"
"10/02/2024","36","2","1494"
"10/02/2024","70","2","304"
"10/02/2024","65","2","187"
"10/02/2024","48","266","213"
"10/02/2024","44","266","782"
"10/02/2024","28","1","64"
"10/02/2024","2","2","232"
"12/02/2024","34","2","700"
"12/02/2024","35","2","372"
"12/02/2024","19","2","346"
"12/02/2024","65","2","149"
"12/02/2024","39","2","582"
"12/02/2024","13","2","72"
"12/02/2024","13","266","95"
"12/02/2024","98","2","76"
"12/02/2024","19","1","47"
"12/02/2024","61","2","13"
"12/02/2024","8","1","103"
"12/02/2024","28","2","220"
"12/02/2024","36","2","1526"
"12/02/2024","40","2","231"
"12/02/2024","20","2","268"
"12/02/2024","18","2","74"
"12/02/2024","37","2","51"
"12/02/2024","10","266","13"
"12/02/2024","48","1","203"
"12/02/2024","70","2","53"
"12/02/2024","6","2","79"
"12/02/2024","28","1","75"
"12/02/2024","48","266","187"
"12/02/2024","2","2","74"
"12/02/2024","4","266","135"
"12/02/2024","11","2","50"
"12/02/2024","37","1","419"
"13/02/2024","70","2","955"
"13/02/2024","6","2","249"
"13/02/2024","12","2","720"
"13/02/2024","37","1","323"
"13/02/2024","11","2","470"
"13/02/2024","18","2","361"
"13/02/2024","7","2","1593"
"13/02/2024","28","2","192"
"13/02/2024","20","1","39"
"13/02/2024","2","2","636"
"13/02/2024","35","2","569"
"13/02/2024","71","2","208"
"13/02/2024","44","266","1024"
"13/02/2024","16","266","723"
"13/02/2024","41","1","794"
"13/02/2024","34","2","672"
"13/02/2024","48","266","1524"
"13/02/2024","10","2","372"
"13/02/2024","65","2","504"
"13/02/2024","61","234","87"
"13/02/2024","40","266","64"
"13/02/2024","36","2","1878"
"13/02/2024","98","2","2004"
"13/02/2024","8","1","906"
"13/02/2024","61","2","81"
"13/02/2024","13","266","173"
"13/02/2024","4","266","1058"
"13/02/2024","13","2","156"
"13/02/2024","4","2023","403"
"13/02/2024","20","2","131"
"13/02/2024","40","2","279"
"13/02/2024","39","2","481"
"13/02/2024","11","266","166"
"13/02/2024","48","1","108"
"13/02/2024","98","234","577"
"14/02/2024","4","266","545"
"14/02/2024","20","1","472"
"14/02/2024","35","2","667"
"14/02/2024","7","234","16"
"14/02/2024","11","2","263"
"14/02/2024","4","2023","96"
"14/02/2024","36","2","1513"
"14/02/2024","10","2","431"
"14/02/2024","39","2","1262"
"14/02/2024","48","266","312"
"14/02/2024","18","2","707"
"14/02/2024","13","2","90"
"14/02/2024","6","2","23"
"14/02/2024","7","2","1088"
"14/02/2024","41","1","554"
"14/02/2024","16","266","474"
"14/02/2024","98","234","48"
"14/02/2024","70","2","499"
"14/02/2024","65","2","723"
"14/02/2024","40","266","483"
"14/02/2024","44","266","723"
"14/02/2024","11","266","621"
"14/02/2024","13","266","107"
"14/02/2024","37","1","92"
"14/02/2024","37","2","49"
"14/02/2024","10","266","69"
"14/02/2024","20","2","248"
"14/02/2024","28","2","268"
"14/02/2024","6","266","111"
"14/02/2024","4","2","36"
"14/02/2024","3","266","376"
"14/02/2024","98","2","1054"
"14/02/2024","39","266","70"
"14/02/2024","2","266","339"
"14/02/2024","40","2","153"
"14/02/2024","34","2","530"
"14/02/2024","8","1","593"
"14/02/2024","61","2","597"
"14/02/2024","71","2","558"
"14/02/2024","18","1","240"
"14/02/2024","3","2","908"
"15/02/2024","12","2","194"
"15/02/2024","71","2","27"
"15/02/2024","36","2","1359"
"15/02/2024","45","266","1040"
"15/02/2024","3","2","958"
"15/02/2024","44","266","1056"
"15/02/2024","98","234","90"
"15/02/2024","11","2","225"
"15/02/2024","20","1","256"
"15/02/2024","28","2","300"
"15/02/2024","8","266","145"
"15/02/2024","18","2","473"
"15/02/2024","13","266","136"
"15/02/2024","10","266","665"
"15/02/2024","40","2","233"
"15/02/2024","98","2","1257"
"15/02/2024","10","2","111"
"15/02/2024","8","1","571"
"15/02/2024","48","266","352"
"15/02/2024","70","2","506"
"15/02/2024","16","266","228"
"15/02/2024","37","1","231"
"15/02/2024","2","266","786"
"15/02/2024","6","266","459"
"15/02/2024","20","2","199"
"15/02/2024","12","2023","148"
"15/02/2024","2","2","24"
"15/02/2024","39","2","721"
"15/02/2024","61","2","330"
"15/02/2024","65","2","354"
"15/02/2024","4","2023","520"
"15/02/2024","41","1","460"
"15/02/2024","40","266","126"
"15/02/2024","11","266","1013"
"15/02/2024","34","2","612"
"15/02/2024","4","266","620"
"15/02/2024","12","266","933"
"15/02/2024","7","2","408"
"15/02/2024","18","1","126"
"15/02/2024","35","2","284"
"16/02/2024","36","2","807"
"16/02/2024","11","266","582"
"16/02/2024","65","2","473"
"16/02/2024","40","2","13"
"16/02/2024","41","1","376"
"16/02/2024","45","266","785"
"16/02/2024","10","2","145"
"16/02/2024","10","266","52"
"16/02/2024","3","2","395"
"16/02/2024","20","1","331"
"16/02/2024","18","2","37"
"16/02/2024","6","266","884"
"16/02/2024","13","266","292"
"16/02/2024","28","2","237"
"16/02/2024","44","266","662"
"16/02/2024","48","1","197"
"16/02/2024","8","266","305"
"16/02/2024","4","2023","928"
"16/02/2024","39","2","363"
"16/02/2024","16","266","514"
"16/02/2024","70","2","620"
"16/02/2024","20","2","207"
"16/02/2024","18","1","242"
"16/02/2024","98","2","1049"
"16/02/2024","35","2","324"
"16/02/2024","34","2","568"
"16/02/2024","8","1","664"
"16/02/2024","48","266","551"
"16/02/2024","27","266","371"
"16/02/2024","12","2023","1307"
"16/02/2024","35","22","571"
"16/02/2024","98","234","452"
"16/02/2024","61","2","83"
"16/02/2024","2","266","672"
"16/02/2024","7","2","52"
"16/02/2024","2","2","95"
"16/02/2024","11","2","53"
"16/02/2024","4","266","549"
"16/02/2024","71","2","108"
"16/02/2024","40","266","513"
"17/02/2024","10","2","165"
"17/02/2024","61","2","153"
"17/02/2024","41","266","37"
"17/02/2024","37","1","344"
"17/02/2024","40","266","346"
"17/02/2024","13","266","165"
"17/02/2024","3","2","304"
"17/02/2024","36","2","976"
"17/02/2024","18","1","202"
"17/02/2024","27","266","958"
"17/02/2024","40","2","126"
"17/02/2024","20","1","586"
"17/02/2024","11","2","44"
"17/02/2024","37","2","26"
"17/02/2024","35","2","429"
"17/02/2024","28","2","353"
"17/02/2024","70","2","410"
"17/02/2024","34","2","135"
"17/02/2024","19","2023","267"
"17/02/2024","4","2023","86"
"17/02/2024","18","2","364"
"17/02/2024","12","2023","1164"
"17/02/2024","48","266","458"
"17/02/2024","16","266","367"
"17/02/2024","71","2","202"
"17/02/2024","2","2","229"
"17/02/2024","6","266","636"
"17/02/2024","45","266","760"
"17/02/2024","4","266","1141"
"17/02/2024","65","2","415"
"17/02/2024","41","1","85"
"17/02/2024","39","2","613"
"17/02/2024","8","1","461"
"17/02/2024","2","266","558"
"17/02/2024","98","2","874"
"17/02/2024","98","234","459"
"17/02/2024","44","266","747"
"17/02/2024","10","266","89"
"17/02/2024","11","266","750"
"17/02/2024","20","2","250"
"17/02/2024","7","2","268"
"19/02/2024","40","266","853"
"19/02/2024","98","2","1192"
"19/02/2024","65","2","334"
"19/02/2024","3","2","486"
"19/02/2024","34","2","254"
"19/02/2024","4","266","154"
"19/02/2024","39","2","1345"
"19/02/2024","20","1","605"
"19/02/2024","45","266","571"
"19/02/2024","37","2","23"
"19/02/2024","27","266","321"
"19/02/2024","7","2","1048"
"19/02/2024","12","2023","1168"
"19/02/2024","11","2","185"
"19/02/2024","11","266","162"
"19/02/2024","13","266","211"
"19/02/2024","8","1","66"
"19/02/2024","2","266","402"
"19/02/2024","16","266","48"
"19/02/2024","12","2","35"
"19/02/2024","19","2023","359"
"19/02/2024","6","266","478"
"19/02/2024","71","2","112"
"19/02/2024","35","2","470"
"19/02/2024","70","2","220"
"19/02/2024","2","2","3"
"19/02/2024","61","2","217"
"19/02/2024","10","2","198"
"19/02/2024","44","266","340"
"19/02/2024","18","1","263"
"19/02/2024","37","1","320"
"19/02/2024","28","2","460"
"19/02/2024","48","266","681"
"19/02/2024","36","2","527"
"20/02/2024","65","2","687"
"20/02/2024","98","234","180"
"20/02/2024","3","2","563"
"20/02/2024","36","2","1246"
"20/02/2024","12","2","201"
"20/02/2024","70","2","351"
"20/02/2024","11","2","264"
"20/02/2024","11","266","73"
"20/02/2024","10","2","247"
"20/02/2024","8","1","320"
"20/02/2024","8","266","144"
"20/02/2024","34","2","827"
"20/02/2024","28","2","342"
"20/02/2024","71","2","460"
"20/02/2024","40","266","476"
"20/02/2024","39","2","1375"
"20/02/2024","19","2023","494"
"20/02/2024","18","1","160"
"20/02/2024","98","2","452"
"20/02/2024","4","2023","45"
"20/02/2024","44","266","854"
"20/02/2024","35","2","1016"
"20/02/2024","16","266","260"
"20/02/2024","48","266","500"
"20/02/2024","4","266","559"
"20/02/2024","12","2023","334"
"20/02/2024","40","2","74"
"20/02/2024","20","1","1124"
"20/02/2024","45","266","597"
"20/02/2024","13","266","311"
"20/02/2024","61","2","184"
"20/02/2024","6","266","661"
"20/02/2024","37","2","35"
"20/02/2024","12","266","551"
"20/02/2024","7","2","879"
"20/02/2024","27","266","486"
"20/02/2024","37","1","227"
"20/02/2024","2","266","211"
"21/02/2024","10","2","98"
"21/02/2024","70","2","95"
"21/02/2024","70","234","810"
"21/02/2024","61","2","12"
"21/02/2024","2","266","483"
"21/02/2024","71","2","420"
"21/02/2024","45","266","378"
"21/02/2024","65","2","300"
"21/02/2024","7","234","652"
"21/02/2024","27","266","369"
"21/02/2024","34","2","503"
"21/02/2024","20","1","862"
"21/02/2024","6","266","419"
"21/02/2024","40","266","503"
"21/02/2024","16","266","635"
"21/02/2024","3","2","510"
"21/02/2024","98","2","313"
"21/02/2024","39","2","852"
"21/02/2024","28","2","164"
"21/02/2024","2","2","25"
"21/02/2024","36","2","1736"
"21/02/2024","35","2","1653"
"21/02/2024","7","2","498"
"21/02/2024","10","266","75"
"21/02/2024","37","1","139"
"21/02/2024","44","266","734"
"21/02/2024","18","2","337"
"21/02/2024","8","266","610"
"21/02/2024","19","2023","256"
"21/02/2024","48","266","582"
"21/02/2024","13","266","273"
"21/02/2024","18","1","85"
"21/02/2024","4","266","949"
"21/02/2024","98","234","521"
"22/02/2024","28","1","199"
"22/02/2024","18","1","81"
"22/02/2024","48","266","365"
"22/02/2024","40","266","467"
"22/02/2024","20","1","1016"
"22/02/2024","34","2","61"
"22/02/2024","6","266","698"
"22/02/2024","70","234","462"
"22/02/2024","37","1","105"
"22/02/2024","41","1","72"
"22/02/2024","45","266","442"
"22/02/2024","3","2","532"
"22/02/2024","11","2","509"
"22/02/2024","11","266","303"
"22/02/2024","13","266","706"
"22/02/2024","7","234","1490"
"22/02/2024","98","2","25"
"22/02/2024","44","266","607"
"22/02/2024","18","2","252"
"22/02/2024","71","2","224"
"22/02/2024","70","2","302"
"22/02/2024","19","2023","235"
"22/02/2024","4","266","899"
"22/02/2024","12","2023","126"
"22/02/2024","36","2","1054"
"22/02/2024","28","2","68"
"22/02/2024","35","2","527"
"22/02/2024","65","2","376"
"22/02/2024","16","266","304"
"22/02/2024","12","266","160"
"22/02/2024","2","266","1316"
"22/02/2024","8","266","558"
"22/02/2024","34","234","798"
"22/02/2024","27","266","293"
"22/02/2024","10","2","51"
"23/02/2024","39","266","638"
"23/02/2024","19","2023","122"
"23/02/2024","48","1","42"
"23/02/2024","18","1","194"
"23/02/2024","4","266","1864"
"23/02/2024","98","2","5"
"23/02/2024","39","2","197"
"23/02/2024","11","2","139"
"23/02/2024","40","2","6"
"23/02/2024","35","2","282"
"23/02/2024","28","1","66"
"23/02/2024","98","234","126"
"23/02/2024","3","234","170"
"23/02/2024","45","266","393"
"23/02/2024","8","266","556"
"23/02/2024","6","266","836"
"23/02/2024","12","266","638"
"23/02/2024","34","234","328"
"23/02/2024","48","266","755"
"23/02/2024","65","2","275"
"23/02/2024","10","2","206"
"23/02/2024","40","266","655"
"23/02/2024","10","266","75"
"23/02/2024","34","2","50"
"23/02/2024","36","2","484"
"23/02/2024","19","1","54"
"23/02/2024","7","2","36"
"23/02/2024","27","266","307"
"23/02/2024","71","2","93"
"23/02/2024","11","266","507"
"23/02/2024","2","266","1099"
"23/02/2024","12","2023","626"
"23/02/2024","16","266","758"
"23/02/2024","7","234","868"
"23/02/2024","41","1","25"
"23/02/2024","20","1","731"
"23/02/2024","2","2","25"
"23/02/2024","3","2","774"
"23/02/2024","70","234","488"
"23/02/2024","44","266","1233"
"24/02/2024","36","2","573"
"24/02/2024","16","266","414"
"24/02/2024","8","266","346"
"24/02/2024","10","2","29"
"24/02/2024","12","266","815"
"24/02/2024","98","234","10"
"24/02/2024","65","2","117"
"24/02/2024","10","266","75"
"24/02/2024","20","1","511"
"24/02/2024","7","234","918"
"24/02/2024","11","266","247"
"24/02/2024","4","266","551"
"24/02/2024","12","2023","137"
"24/02/2024","28","1","94"
"24/02/2024","19","1","51"
"24/02/2024","34","234","510"
"24/02/2024","6","266","220"
"24/02/2024","2","266","700"
"24/02/2024","48","266","596"
"24/02/2024","40","266","420"
"24/02/2024","3","2","325"
"24/02/2024","19","2023","274"
"24/02/2024","27","266","428"
"24/02/2024","71","2","170"
"24/02/2024","44","266","511"
"24/02/2024","39","2","289"
"24/02/2024","70","234","88"
"24/02/2024","35","2","131"
"24/02/2024","45","266","386"
"24/02/2024","11","2","142"
"24/02/2024","34","2","50"
"26/02/2024","8","266","502"
"26/02/2024","16","266","554"
"26/02/2024","11","2","161"
"26/02/2024","2","266","776"
"26/02/2024","35","2","31"
"26/02/2024","98","234","90"
"26/02/2024","39","2","552"
"26/02/2024","61","2","23"
"26/02/2024","44","266","691"
"26/02/2024","11","266","1135"
"26/02/2024","98","2","112"
"26/02/2024","4","266","452"
"26/02/2024","19","2023","225"
"26/02/2024","12","2023","53"
"26/02/2024","34","234","1510"
"26/02/2024","6","266","148"
"26/02/2024","40","266","346"
"26/02/2024","71","2","11"
"26/02/2024","65","2","63"
"26/02/2024","20","1","481"
"26/02/2024","36","2","1141"
"26/02/2024","3","234","187"
"26/02/2024","7","234","1112"
"26/02/2024","70","2","13"
"26/02/2024","13","2","180"
"26/02/2024","70","234","758"
"26/02/2024","12","266","1385"
"26/02/2024","27","266","319"
"26/02/2024","34","2","25"
"26/02/2024","48","266","701"
"26/02/2024","28","4003","83"
"26/02/2024","45","266","243"
"26/02/2024","3","2","101"
"27/02/2024","39","2","1945"
"27/02/2024","28","1","30"
"27/02/2024","4","2023","63"
"27/02/2024","2","266","1624"
"27/02/2024","37","2","95"
"27/02/2024","34","2","275"
"27/02/2024","11","2","33"
"27/02/2024","35","2","170"
"27/02/2024","40","266","560"
"27/02/2024","4","266","639"
"27/02/2024","41","1","46"
"27/02/2024","12","266","715"
"27/02/2024","36","2","640"
"27/02/2024","61","2","243"
"27/02/2024","45","266","448"
"27/02/2024","70","234","186"
"27/02/2024","37","2023","576"
"27/02/2024","20","1","441"
"27/02/2024","27","266","301"
"27/02/2024","48","266","725"
"27/02/2024","34","234","902"
"27/02/2024","44","266","646"
"27/02/2024","7","234","1014"
"27/02/2024","13","2","708"
"27/02/2024","6","266","421"
"27/02/2024","19","1","277"
"27/02/2024","16","266","368"
"27/02/2024","10","2","169"
"27/02/2024","19","2023","683"
"27/02/2024","8","266","556"
"27/02/2024","98","2","425"
"27/02/2024","65","2","423"
"27/02/2024","11","266","1165"
"27/02/2024","71","2","6"
"27/02/2024","10","266","302"
"28/02/2024","48","266","1047"
"28/02/2024","11","2","146"
"28/02/2024","3","2","24"
"28/02/2024","20","2","125"
"28/02/2024","37","2","46"
"28/02/2024","16","266","623"
"28/02/2024","6","266","974"
"28/02/2024","12","2023","159"
"28/02/2024","65","2","792"
"28/02/2024","10","2","125"
"28/02/2024","19","1","37"
"28/02/2024","27","266","278"
"28/02/2024","70","2","417"
"28/02/2024","39","2","1501"
"28/02/2024","35","2","65"
"28/02/2024","37","2023","480"
"28/02/2024","12","266","1333"
"28/02/2024","11","266","598"
"28/02/2024","34","2","228"
"28/02/2024","70","234","1386"
"28/02/2024","61","2","33"
"28/02/2024","13","2","52"
"28/02/2024","19","2023","1149"
"28/02/2024","4","266","1890"
"28/02/2024","45","266","396"
"28/02/2024","40","266","239"
"28/02/2024","8","266","1121"
"28/02/2024","7","234","264"
"28/02/2024","3","234","160"
"28/02/2024","28","1","8"
"28/02/2024","36","2","621"
"28/02/2024","20","1","332"
"28/02/2024","2","266","1319"
"28/02/2024","71","2","283"
"28/02/2024","44","266","730"
"28/02/2024","98","2","69"
"28/02/2024","41","2023","195"
"28/02/2024","10","266","500"
"29/02/2024","2","266","738"
"29/02/2024","44","266","436"
"29/02/2024","61","2","203"
"29/02/2024","45","266","532"
"29/02/2024","98","2","1063"
"29/02/2024","12","2023","52"
"29/02/2024","34","234","426"
"29/02/2024","28","1","132"
"29/02/2024","34","2","859"
"29/02/2024","4","266","387"
"29/02/2024","27","266","465"
"29/02/2024","3","234","613"
"29/02/2024","98","234","411"
"29/02/2024","39","2","697"
"29/02/2024","70","234","606"
"29/02/2024","11","266","1009"
"29/02/2024","10","266","715"
"29/02/2024","71","234","798"
"29/02/2024","65","2","284"
"29/02/2024","6","266","572"
"29/02/2024","16","266","399"
"29/02/2024","6","234","360"
"29/02/2024","35","266","78"
"29/02/2024","48","266","428"
"29/02/2024","12","266","944"
"29/02/2024","8","266","114"
"29/02/2024","20","1","574"
"29/02/2024","70","2","324"
"29/02/2024","40","266","654"
"29/02/2024","36","2","278"
"29/02/2024","41","2023","236"
"29/02/2024","20","2","174"
"29/02/2024","11","2","403"
"29/02/2024","71","2","44"
"01/03/2024","98","2","2247"
"01/03/2024","8","266","193"
"01/03/2024","2","266","641"
"01/03/2024","11","2","20"
"01/03/2024","70","2","493"
"01/03/2024","65","2","25"
"01/03/2024","27","266","302"
"01/03/2024","20","1","251"
"01/03/2024","70","234","350"
"01/03/2024","16","266","1034"
"01/03/2024","11","266","726"
"01/03/2024","45","266","361"
"01/03/2024","6","266","479"
"01/03/2024","71","2","24"
"01/03/2024","41","2023","279"
"01/03/2024","71","234","154"
"01/03/2024","10","266","1654"
"01/03/2024","48","266","655"
"01/03/2024","34","234","1124"
"01/03/2024","40","266","385"
"01/03/2024","37","2023","276"
"01/03/2024","19","2023","215"
"01/03/2024","34","2","158"
"01/03/2024","36","2","915"
"01/03/2024","28","4003","238"
"01/03/2024","3","2","98"
"01/03/2024","12","266","65"
"01/03/2024","3","234","95"
"01/03/2024","44","266","1067"
"02/03/2024","27","266","337"
"02/03/2024","41","2023","240"
"02/03/2024","45","266","371"
"02/03/2024","34","234","1928"
"02/03/2024","98","2","22"
"02/03/2024","12","2023","162"
"02/03/2024","16","266","735"
"02/03/2024","8","266","513"
"02/03/2024","40","266","332"
"02/03/2024","2","266","913"
"02/03/2024","34","2","169"
"02/03/2024","12","266","309"
"02/03/2024","48","266","588"
"02/03/2024","71","234","277"
"02/03/2024","39","2","47"
"02/03/2024","36","2","704"
"02/03/2024","11","266","130"
"02/03/2024","10","266","1463"
"02/03/2024","44","266","863"
"02/03/2024","70","2","338"
"02/03/2024","37","2023","212"
"02/03/2024","28","4003","199"
"02/03/2024","19","2023","459"
"02/03/2024","11","2","23"
"02/03/2024","6","266","400"
"04/03/2024","34","234","896"
"04/03/2024","13","2","129"
"04/03/2024","71","234","172"
"04/03/2024","28","4003","336"
"04/03/2024","7","234","1424"
"04/03/2024","8","266","572"
"04/03/2024","34","2","154"
"04/03/2024","12","2023","293"
"04/03/2024","27","266","284"
"04/03/2024","2","266","691"
"04/03/2024","16","266","322"
"04/03/2024","19","2023","391"
"04/03/2024","39","2","249"
"04/03/2024","65","2","49"
"04/03/2024","35","266","18"
"04/03/2024","98","2","64"
"04/03/2024","45","266","197"
"04/03/2024","10","266","533"
"04/03/2024","6","266","460"
"04/03/2024","4","266","1048"
"04/03/2024","37","2023","36"
"04/03/2024","40","266","544"
"04/03/2024","41","266","638"
"04/03/2024","44","266","253"
"04/03/2024","3","2","97"
"04/03/2024","48","266","248"
"04/03/2024","41","2023","31"
"05/03/2024","2","266","723"
"05/03/2024","16","266","711"
"05/03/2024","98","234","462"
"05/03/2024","70","234","160"
"05/03/2024","11","266","127"
"05/03/2024","71","234","747"
"05/03/2024","37","2023","312"
"05/03/2024","7","234","154"
"05/03/2024","41","266","426"
"05/03/2024","70","2","76"
"05/03/2024","4","2023","295"
"05/03/2024","8","266","1022"
"05/03/2024","3","266","596"
"05/03/2024","7","2","25"
"05/03/2024","12","2023","201"
"05/03/2024","45","266","511"
"05/03/2024","10","266","922"
"05/03/2024","6","266","423"
"05/03/2024","39","2","179"
"05/03/2024","13","2023","144"
"05/03/2024","19","2023","209"
"05/03/2024","3","2","268"
"05/03/2024","48","266","693"
"05/03/2024","98","2","251"
"05/03/2024","41","2023","32"
"05/03/2024","28","4003","717"
"05/03/2024","44","266","926"
"05/03/2024","34","2","129"
"05/03/2024","34","234","408"
"05/03/2024","4","266","1040"
"05/03/2024","40","266","433"
"05/03/2024","27","266","594"
"06/03/2024","48","266","562"
"06/03/2024","13","2023","277"
"06/03/2024","4","266","845"
"06/03/2024","7","2","82"
"06/03/2024","11","266","254"
"06/03/2024","3","2","181"
"06/03/2024","28","4003","511"
"06/03/2024","3","266","1493"
"06/03/2024","34","234","208"
"06/03/2024","34","2","205"
"06/03/2024","12","2023","414"
"06/03/2024","98","2","39"
"06/03/2024","41","2023","17"
"06/03/2024","39","2","58"
"06/03/2024","16","266","702"
"06/03/2024","6","266","605"
"06/03/2024","98","234","288"
"06/03/2024","19","266","90"
"06/03/2024","10","266","531"
"06/03/2024","45","266","302"
"06/03/2024","70","234","80"
"06/03/2024","20","1","85"
"06/03/2024","8","266","716"
"06/03/2024","37","2023","63"
"06/03/2024","39","266","61"
"06/03/2024","61","2","68"
"06/03/2024","40","266","520"
"06/03/2024","4","2023","150"
"06/03/2024","27","266","343"
"06/03/2024","41","266","532"
"06/03/2024","71","234","385"
"06/03/2024","2","266","904"
"06/03/2024","70","2","148"
"06/03/2024","44","266","635"
"07/03/2024","44","266","393"
"07/03/2024","34","2","148"
"07/03/2024","71","234","1362"
"07/03/2024","70","2","494"
"07/03/2024","98","234","572"
"07/03/2024","13","2023","128"
"07/03/2024","2","266","685"
"07/03/2024","41","266","754"
"07/03/2024","10","266","12"
"07/03/2024","98","2","702"
"07/03/2024","8","266","671"
"07/03/2024","16","266","471"
"07/03/2024","70","234","1082"
"07/03/2024","20","2","27"
"07/03/2024","39","266","89"
"07/03/2024","65","266","42"
"07/03/2024","3","266","1021"
"07/03/2024","45","266","403"
"07/03/2024","7","2","25"
"07/03/2024","12","2023","706"
"07/03/2024","48","266","324"
"07/03/2024","3","2","284"
"07/03/2024","20","1","730"
"07/03/2024","40","266","192"
"07/03/2024","11","266","251"
"07/03/2024","28","4003","24"
"07/03/2024","6","266","806"
"07/03/2024","27","266","471"
"07/03/2024","34","234","117"
"07/03/2024","4","266","566"
"08/03/2024","98","2","484"
"08/03/2024","65","2","2"
"08/03/2024","45","266","239"
"08/03/2024","65","266","276"
"08/03/2024","2","266","615"
"08/03/2024","70","2","62"
"08/03/2024","98","234","1406"
"08/03/2024","4","266","1035"
"08/03/2024","10","266","50"
"08/03/2024","12","266","73"
"08/03/2024","7","2","24"
"08/03/2024","8","266","334"
"08/03/2024","4","2023","43"
"08/03/2024","35","266","47"
"08/03/2024","39","266","222"
"08/03/2024","6","266","801"
"08/03/2024","19","266","917"
"08/03/2024","20","2","159"
"08/03/2024","16","266","745"
"08/03/2024","34","2","142"
"08/03/2024","48","266","434"
"08/03/2024","7","234","309"
"08/03/2024","12","2023","478"
"08/03/2024","41","266","300"
"08/03/2024","11","266","813"
"08/03/2024","3","2","68"
"08/03/2024","34","234","444"
"08/03/2024","40","266","113"
"08/03/2024","27","266","275"
"08/03/2024","3","266","971"
"08/03/2024","13","2","128"
"08/03/2024","44","266","824"
"09/03/2024","7","234","270"
"09/03/2024","11","266","663"
"09/03/2024","13","2","89"
"09/03/2024","28","2","137"
"09/03/2024","12","266","338"
"09/03/2024","34","2","197"
"09/03/2024","35","266","617"
"09/03/2024","10","266","871"
"09/03/2024","34","234","103"
"09/03/2024","7","2","76"
"09/03/2024","40","266","44"
"09/03/2024","6","266","1128"
"09/03/2024","8","266","181"
"09/03/2024","98","234","1144"
"09/03/2024","3","266","499"
"09/03/2024","36","2","24"
"09/03/2024","41","266","148"
"09/03/2024","48","266","236"
"09/03/2024","70","2","41"
"09/03/2024","27","266","105"
"09/03/2024","45","266","234"
"09/03/2024","65","266","250"
"09/03/2024","2","266","316"
"09/03/2024","44","266","1166"
"09/03/2024","4","266","616"
"09/03/2024","71","234","597"
"09/03/2024","39","266","317"
"09/03/2024","16","266","512"
"09/03/2024","98","2","392"
"09/03/2024","36","266","137"
"11/03/2024","45","266","305"
"11/03/2024","71","234","51"
"11/03/2024","41","266","474"
"11/03/2024","44","266","375"
"11/03/2024","70","234","986"
"11/03/2024","8","266","487"
"11/03/2024","7","234","730"
"11/03/2024","40","266","317"
"11/03/2024","34","2","36"
"11/03/2024","12","266","874"
"11/03/2024","28","2","201"
"11/03/2024","3","2","39"
"11/03/2024","39","2","175"
"11/03/2024","16","266","297"
"11/03/2024","70","2","259"
"11/03/2024","98","234","408"
"11/03/2024","98","2","242"
"11/03/2024","4","266","148"
"11/03/2024","2","266","936"
"11/03/2024","36","2","132"
"11/03/2024","61","2","391"
"11/03/2024","27","266","309"
"11/03/2024","10","266","110"
"11/03/2024","35","266","289"
"11/03/2024","7","2","38"
"11/03/2024","11","266","18"
"11/03/2024","3","234","96"
"11/03/2024","65","266","515"
"11/03/2024","36","266","176"
"11/03/2024","39","266","366"
"11/03/2024","48","266","96"
"12/03/2024","3","266","618"
"12/03/2024","6","266","411"
"12/03/2024","16","266","1040"
"12/03/2024","70","234","367"
"12/03/2024","45","266","367"
"12/03/2024","3","234","125"
"12/03/2024","70","2","273"
"12/03/2024","98","2","122"
"12/03/2024","27","266","340"
"12/03/2024","19","266","217"
"12/03/2024","34","2","54"
"12/03/2024","61","2","523"
"12/03/2024","71","234","40"
"12/03/2024","28","2","653"
"12/03/2024","39","2","1158"
"12/03/2024","98","234","429"
"12/03/2024","7","234","141"
"12/03/2024","35","266","773"
"12/03/2024","39","266","387"
"12/03/2024","44","266","774"
"12/03/2024","36","266","117"
"12/03/2024","8","266","457"
"12/03/2024","40","266","794"
"12/03/2024","12","266","917"
"12/03/2024","10","266","313"
"12/03/2024","41","266","396"
"12/03/2024","20","2","118"
"12/03/2024","13","2","524"
"12/03/2024","2","266","788"
"12/03/2024","48","266","506"
"12/03/2024","11","266","44"
"12/03/2024","65","266","102"
"12/03/2024","4","266","356"
"13/03/2024","7","234","266"
"13/03/2024","18","4003","35"
"13/03/2024","34","234","92"
"13/03/2024","70","2","271"
"13/03/2024","34","2","86"
"13/03/2024","19","266","212"
"13/03/2024","48","266","366"
"13/03/2024","61","2","366"
"13/03/2024","6","266","663"
"13/03/2024","44","266","1076"
"13/03/2024","16","266","130"
"13/03/2024","39","266","258"
"13/03/2024","65","266","62"
"13/03/2024","10","266","344"
"13/03/2024","12","266","1929"
"13/03/2024","3","266","390"
"13/03/2024","36","266","90"
"13/03/2024","45","266","303"
"13/03/2024","39","2","809"
"13/03/2024","40","266","654"
"13/03/2024","35","266","768"
"13/03/2024","8","266","445"
"13/03/2024","2","266","1574"
"13/03/2024","27","266","288"
"13/03/2024","13","2","122"
"13/03/2024","98","234","88"
"13/03/2024","28","2","79"
"13/03/2024","98","2","266"
"13/03/2024","3","2","365"
"13/03/2024","3","234","400"
"13/03/2024","20","2","140"
"13/03/2024","70","234","510"
"13/03/2024","11","266","463"
"13/03/2024","4","266","645"
"14/03/2024","2","266","2974"
"14/03/2024","19","266","671"
"14/03/2024","61","2","33"
"14/03/2024","13","2","271"
"14/03/2024","27","266","371"
"14/03/2024","10","266","514"
"14/03/2024","3","2","26"
"14/03/2024","6","266","33"
"14/03/2024","39","2","212"
"14/03/2024","16","266","1416"
"14/03/2024","98","2","148"
"14/03/2024","45","266","291"
"14/03/2024","65","266","31"
"14/03/2024","44","266","875"
"14/03/2024","34","234","1421"
"14/03/2024","71","2","22"
"14/03/2024","12","266","1708"
"14/03/2024","4","266","2064"
"14/03/2024","3","266","416"
"14/03/2024","70","2","160"
"14/03/2024","11","266","778"
"14/03/2024","40","266","735"
"14/03/2024","8","266","689"
"14/03/2024","7","234","210"
"14/03/2024","20","2","294"
"14/03/2024","48","266","893"
"14/03/2024","70","234","145"
"14/03/2024","98","234","755"
"14/03/2024","35","266","998"
"14/03/2024","39","266","30"
"14/03/2024","28","2","339"
"14/03/2024","36","266","125"
"15/03/2024","16","266","460"
"15/03/2024","13","2","135"
"15/03/2024","20","2","358"
"15/03/2024","12","266","1018"
"15/03/2024","28","2","233"
"15/03/2024","3","266","573"
"15/03/2024","41","266","184"
"15/03/2024","10","266","193"
"15/03/2024","7","234","888"
"15/03/2024","45","266","432"
"15/03/2024","61","2","453"
"15/03/2024","6","266","107"
"15/03/2024","2","266","1199"
"15/03/2024","44","266","581"
"15/03/2024","11","266","683"
"15/03/2024","19","266","300"
"15/03/2024","27","266","385"
"15/03/2024","70","234","172"
"15/03/2024","34","234","1250"
"15/03/2024","98","2","327"
"15/03/2024","3","234","7"
"15/03/2024","3","2","63"
"15/03/2024","39","2","149"
"15/03/2024","40","266","774"
"15/03/2024","4","266","930"
"15/03/2024","35","266","62"
"15/03/2024","8","266","343"
"15/03/2024","48","266","547"
"15/03/2024","98","234","59"
"16/03/2024","3","2","104"
"16/03/2024","65","266","110"
"16/03/2024","35","266","81"
"16/03/2024","41","266","119"
"16/03/2024","44","266","689"
"16/03/2024","98","2","979"
"16/03/2024","20","2023","132"
"16/03/2024","16","266","504"
"16/03/2024","6","266","323"
"16/03/2024","27","266","338"
"16/03/2024","3","266","332"
"16/03/2024","39","2","1618"
"16/03/2024","11","266","367"
"16/03/2024","40","266","369"
"16/03/2024","7","234","806"
"16/03/2024","4","266","685"
"16/03/2024","39","266","89"
"16/03/2024","10","266","53"
"16/03/2024","20","2","322"
"16/03/2024","12","266","441"
"16/03/2024","48","266","323"
"16/03/2024","36","266","200"
"16/03/2024","70","234","4"
"16/03/2024","13","2","499"
"16/03/2024","8","266","189"
"16/03/2024","2","266","942"
"16/03/2024","34","234","2700"
"16/03/2024","19","266","40"
"16/03/2024","28","2","424"
"16/03/2024","45","266","403"
"18/03/2024","2","266","1629"
"18/03/2024","3","2","12"
"18/03/2024","71","4003","34"
"18/03/2024","18","4003","36"
"18/03/2024","35","266","43"
"18/03/2024","70","234","1580"
"18/03/2024","48","266","308"
"18/03/2024","10","266","553"
"18/03/2024","44","266","398"
"18/03/2024","20","1","188"
"18/03/2024","45","266","197"
"18/03/2024","39","2","522"
"18/03/2024","61","2","290"
"18/03/2024","34","234","2593"
"18/03/2024","34","2","33"
"18/03/2024","41","266","942"
"18/03/2024","65","266","216"
"18/03/2024","27","266","208"
"18/03/2024","6","266","740"
"18/03/2024","37","4003","37"
"18/03/2024","20","2023","52"
"18/03/2024","20","2","183"
"18/03/2024","28","2","461"
"18/03/2024","8","266","466"
"18/03/2024","98","2","121"
"18/03/2024","12","266","167"
"18/03/2024","11","266","69"
"18/03/2024","13","2","342"
"18/03/2024","3","266","42"
"18/03/2024","19","266","15"
"18/03/2024","16","266","362"
"18/03/2024","7","234","1569"
"18/03/2024","4","266","1012"
"18/03/2024","40","266","478"
"18/03/2024","39","266","209"
"19/03/2024","70","2","444"
"19/03/2024","8","266","440"
"19/03/2024","98","2","816"
"19/03/2024","3","2","68"
"19/03/2024","34","234","1324"
"19/03/2024","7","234","642"
"19/03/2024","35","266","175"
"19/03/2024","20","2023","105"
"19/03/2024","28","2023","51"
"19/03/2024","3","266","584"
"19/03/2024","39","2","645"
"19/03/2024","13","2","245"
"19/03/2024","39","266","199"
"19/03/2024","36","266","223"
"19/03/2024","6","266","446"
"19/03/2024","16","266","708"
"19/03/2024","19","266","152"
"19/03/2024","45","266","527"
"19/03/2024","12","266","140"
"19/03/2024","18","4003","18"
"19/03/2024","4","266","1877"
"19/03/2024","70","234","285"
"19/03/2024","61","2","342"
"19/03/2024","65","266","213"
"19/03/2024","40","266","698"
"19/03/2024","20","2","425"
"19/03/2024","11","266","753"
"19/03/2024","48","266","411"
"19/03/2024","2","266","1275"
"19/03/2024","44","266","612"
"19/03/2024","41","266","943"
"19/03/2024","10","266","166"
"19/03/2024","28","2","72"
"20/03/2024","35","266","408"
"20/03/2024","37","4003","90"
"20/03/2024","61","2","471"
"20/03/2024","36","2","98"
"20/03/2024","28","2023","51"
"20/03/2024","34","234","1408"
"20/03/2024","98","2","798"
"20/03/2024","70","234","683"
"20/03/2024","70","2","574"
"20/03/2024","39","266","533"
"20/03/2024","3","2","124"
"20/03/2024","12","266","424"
"20/03/2024","71","4003","71"
"20/03/2024","45","266","643"
"20/03/2024","36","266","329"
"20/03/2024","4","266","598"
"20/03/2024","8","266","215"
"20/03/2024","13","2023","47"
"20/03/2024","10","266","290"
"20/03/2024","40","266","426"
"20/03/2024","7","234","1383"
"20/03/2024","2","266","306"
"20/03/2024","11","266","196"
"20/03/2024","16","266","337"
"20/03/2024","39","2","853"
"20/03/2024","41","266","519"
"20/03/2024","28","2","158"
"20/03/2024","65","266","290"
"20/03/2024","48","266","712"
"20/03/2024","3","266","478"
"20/03/2024","6","266","1180"
"20/03/2024","18","4003","80"
"20/03/2024","20","2023","158"
"20/03/2024","44","266","183"
"20/03/2024","20","2","112"
"20/03/2024","13","2","161"
"20/03/2024","19","266","1021"
"21/03/2024","41","266","423"
"21/03/2024","20","2023","211"
"21/03/2024","2","266","171"
"21/03/2024","6","266","699"
"21/03/2024","98","234","1480"
"21/03/2024","11","266","658"
"21/03/2024","4","266","1109"
"21/03/2024","65","266","310"
"21/03/2024","10","266","515"
"21/03/2024","3","266","634"
"21/03/2024","20","2","328"
"21/03/2024","98","2","665"
"21/03/2024","19","266","630"
"21/03/2024","71","2","283"
"21/03/2024","7","234","1760"
"21/03/2024","37","4003","53"
"21/03/2024","39","266","590"
"21/03/2024","40","266","674"
"21/03/2024","8","266","391"
"21/03/2024","16","266","412"
"21/03/2024","28","2023","204"
"21/03/2024","39","2","1066"
"21/03/2024","12","266","163"
"21/03/2024","13","2","791"
"21/03/2024","61","2","194"
"21/03/2024","3","2","136"
"21/03/2024","18","4003","100"
"21/03/2024","48","266","431"
"21/03/2024","70","234","208"
"21/03/2024","20","1","413"
"21/03/2024","36","266","313"
"21/03/2024","71","4003","69"
"21/03/2024","34","234","2338"
"21/03/2024","70","2","361"
"21/03/2024","44","266","376"
"21/03/2024","35","266","314"
"22/03/2024","39","2","1280"
"22/03/2024","37","4003","44"
"22/03/2024","20","2023","105"
"22/03/2024","20","2","272"
"22/03/2024","16","266","277"
"22/03/2024","13","2","270"
"22/03/2024","40","266","663"
"22/03/2024","65","266","439"
"22/03/2024","44","266","483"
"22/03/2024","28","2","87"
"22/03/2024","2","2","286"
"22/03/2024","70","234","61"
"22/03/2024","13","2023","60"
"22/03/2024","70","2","249"
"22/03/2024","36","266","473"
"22/03/2024","98","6","999"
"22/03/2024","18","4003","31"
"22/03/2024","7","234","2887"
"22/03/2024","11","266","780"
"22/03/2024","8","266","561"
"22/03/2024","98","2","258"
"22/03/2024","10","266","546"
"22/03/2024","28","2023","212"
"22/03/2024","61","2","163"
"22/03/2024","12","266","718"
"22/03/2024","3","2","251"
"22/03/2024","34","234","2710"
"22/03/2024","20","1","264"
"22/03/2024","41","266","742"
"22/03/2024","71","4003","117"
"22/03/2024","19","266","1065"
"22/03/2024","4","266","1068"
"22/03/2024","35","266","255"
"22/03/2024","39","266","314"
"22/03/2024","6","266","455"
"22/03/2024","48","266","359"
"22/03/2024","3","266","279"
"22/03/2024","98","234","175"
"23/03/2024","20","2","58"
"23/03/2024","3","2","167"
"23/03/2024","2","2","105"
"23/03/2024","37","4003","136"
"23/03/2024","20","1","154"
"23/03/2024","44","266","638"
"23/03/2024","8","266","760"
"23/03/2024","4","266","19"
"23/03/2024","98","2","118"
"23/03/2024","70","2","105"
"23/03/2024","40","266","181"
"23/03/2024","70","234","350"
"23/03/2024","48","266","579"
"23/03/2024","39","266","212"
"23/03/2024","13","2023","47"
"23/03/2024","39","2","191"
"23/03/2024","34","234","1740"
"23/03/2024","7","234","1883"
"23/03/2024","65","266","439"
"23/03/2024","13","2","311"
"23/03/2024","11","266","635"
"23/03/2024","2","266","372"
"23/03/2024","28","2023","313"
"23/03/2024","19","266","250"
"23/03/2024","41","266","441"
"23/03/2024","3","266","277"
"23/03/2024","20","2023","144"
"23/03/2024","45","266","698"
"23/03/2024","35","266","193"
"23/03/2024","36","266","279"
"23/03/2024","18","4003","130"
"23/03/2024","28","2","29"
"23/03/2024","61","2","367"
"23/03/2024","71","4003","354"
"23/03/2024","10","266","418"
"23/03/2024","16","266","313"
"24/03/2024","70","2","92"
"24/03/2024","37","4003","229"
"24/03/2024","11","266","1279"
"24/03/2024","18","4003","243"
"24/03/2024","70","234","652"
"24/03/2024","34","234","1162"
"24/03/2024","10","266","1949"
"24/03/2024","39","2","331"
"24/03/2024","6","234","982"
"24/03/2024","2","266","725"
"24/03/2024","36","266","324"
"24/03/2024","28","2","211"
"24/03/2024","98","2","100"
"24/03/2024","48","266","7"
"24/03/2024","61","2","366"
"24/03/2024","20","1","46"
"24/03/2024","7","234","2198"
"24/03/2024","3","2","145"
"24/03/2024","35","266","286"
"24/03/2024","71","4003","378"
"24/03/2024","39","266","715"
"24/03/2024","8","266","123"
"25/03/2024","3","234","73"
"25/03/2024","36","266","271"
"25/03/2024","4","266","261"
"25/03/2024","10","266","1033"
"25/03/2024","39","2","761"
"25/03/2024","13","2","263"
"25/03/2024","61","2","211"
"25/03/2024","61","234","87"
"25/03/2024","98","234","116"
"25/03/2024","71","4003","390"
"25/03/2024","11","266","762"
"25/03/2024","37","4003","420"
"25/03/2024","7","234","1790"
"25/03/2024","2","266","462"
"25/03/2024","98","2","635"
"25/03/2024","41","266","287"
"25/03/2024","34","234","1820"
"25/03/2024","2","2","60"
"25/03/2024","39","266","542"
"25/03/2024","70","2","300"
"25/03/2024","70","234","194"
"25/03/2024","19","266","177"
"25/03/2024","35","266","397"
"25/03/2024","16","266","313"
"25/03/2024","57","2","132"
"25/03/2024","48","266","353"
"25/03/2024","45","266","358"
"25/03/2024","3","266","123"
"25/03/2024","28","2","14"
"25/03/2024","6","234","248"
"25/03/2024","2","234","886"
"25/03/2024","44","266","372"
"25/03/2024","40","266","448"
"25/03/2024","12","266","728"
"25/03/2024","8","266","515"
"25/03/2024","3","2","185"
"25/03/2024","18","4003","651"
"25/03/2024","20","2","164"
"26/03/2024","34","234","1482"
"26/03/2024","35","266","522"
"26/03/2024","39","2","599"
"26/03/2024","6","234","114"
"26/03/2024","20","1","42"
"26/03/2024","37","4003","1272"
"26/03/2024","57","2","1130"
"26/03/2024","2","2","99"
"26/03/2024","41","266","589"
"26/03/2024","48","266","51"
"26/03/2024","18","4003","1676"
"26/03/2024","7","234","1312"
"26/03/2024","70","234","597"
"26/03/2024","71","4003","461"
"26/03/2024","8","266","17"
"26/03/2024","36","266","344"
"26/03/2024","11","266","590"
"26/03/2024","19","266","64"
"26/03/2024","39","266","354"
"26/03/2024","45","266","341"
"26/03/2024","98","2","2981"
"26/03/2024","16","2","505"
"26/03/2024","65","266","123"
"26/03/2024","12","266","594"
"26/03/2024","61","234","395"
"26/03/2024","3","234","192"
"26/03/2024","2","266","275"
"26/03/2024","10","266","391"
"26/03/2024","20","2","24"
"26/03/2024","44","266","677"
"26/03/2024","13","2","393"
"26/03/2024","3","2","448"
"26/03/2024","4","266","455"
"26/03/2024","2","234","626"
"26/03/2024","61","2","380"
"26/03/2024","3","266","548"
"26/03/2024","40","266","619"
"27/03/2024","18","4003","35"
"27/03/2024","70","234","1180"
"27/03/2024","12","266","763"
"27/03/2024","36","266","461"
"27/03/2024","28","2023","107"
"27/03/2024","2","266","325"
"27/03/2024","2","234","570"
"27/03/2024","11","266","676"
"27/03/2024","61","2","1236"
"27/03/2024","39","2","787"
"27/03/2024","3","266","420"
"27/03/2024","48","266","154"
"27/03/2024","44","2","452"
"27/03/2024","71","4003","440"
"27/03/2024","19","266","34"
"27/03/2024","61","234","192"
"27/03/2024","7","234","1638"
"27/03/2024","37","2","657"
"27/03/2024","36","2","891"
"27/03/2024","20","1","181"
"27/03/2024","28","2","229"
"27/03/2024","2","2","458"
"27/03/2024","4","266","883"
"27/03/2024","20","2","704"
"27/03/2024","35","266","563"
"27/03/2024","65","266","782"
"27/03/2024","41","266","95"
"27/03/2024","3","2","616"
"27/03/2024","16","2","462"
"27/03/2024","40","266","780"
"27/03/2024","27","266","816"
"27/03/2024","6","234","876"
"27/03/2024","44","266","288"
"27/03/2024","3","234","550"
"27/03/2024","13","2","39"
"27/03/2024","10","266","341"
"27/03/2024","34","234","3110"
"27/03/2024","98","2","676"
"27/03/2024","70","2","223"
"27/03/2024","39","266","1566"
"28/03/2024","70","234","2782"
"28/03/2024","11","266","513"
"28/03/2024","3","234","43"
"28/03/2024","57","2","1660"
"28/03/2024","35","266","679"
"28/03/2024","44","2","413"
"28/03/2024","6","234","3406"
"28/03/2024","20","2","520"
"28/03/2024","36","2","815"
"28/03/2024","70","2","421"
"28/03/2024","45","266","643"
"28/03/2024","27","266","846"
"28/03/2024","61","2","1184"
"28/03/2024","65","266","867"
"28/03/2024","12","266","930"
"28/03/2024","20","1","25"
"28/03/2024","12","2023","136"
"28/03/2024","71","234","876"
"28/03/2024","39","266","1553"
"28/03/2024","98","234","116"
"28/03/2024","3","266","507"
"28/03/2024","13","2","527"
"28/03/2024","40","266","321"
"28/03/2024","34","234","2734"
"28/03/2024","28","2","664"
"28/03/2024","8","266","820"
"28/03/2024","37","2","791"
"28/03/2024","3","2","449"
"28/03/2024","48","266","744"
"28/03/2024","36","266","598"
"28/03/2024","71","2","282"
"28/03/2024","2","266","1083"
"28/03/2024","2","2","235"
"28/03/2024","7","234","4662"
"28/03/2024","10","266","1439"
"28/03/2024","61","234","238"
"28/03/2024","2","234","48"
"28/03/2024","98","2","1707"
"28/03/2024","16","2","730"
"28/03/2024","4","266","796"
"28/03/2024","39","2","1240"
"29/03/2024","6","234","4400"
"29/03/2024","34","234","4832"
"29/03/2024","71","2","78"
"29/03/2024","16","2","401"
"29/03/2024","8","266","720"
"29/03/2024","65","266","260"
"29/03/2024","11","266","56"
"29/03/2024","20","2","105"
"29/03/2024","98","2","272"
"29/03/2024","7","234","1132"
"29/03/2024","98","234","1475"
"29/03/2024","36","266","83"
"29/03/2024","27","266","616"
"29/03/2024","4","266","682"
"29/03/2024","57","2","1712"
"29/03/2024","48","266","105"
"29/03/2024","70","2","490"
"29/03/2024","10","266","1273"
"29/03/2024","12","266","31"
"29/03/2024","39","2","1038"
"29/03/2024","3","266","200"
"29/03/2024","39","266","307"
"29/03/2024","2","266","401"
"29/03/2024","61","2","410"
"29/03/2024","35","266","327"
"29/03/2024","3","2","97"
"29/03/2024","36","2","1700"
"29/03/2024","70","234","554"
"30/03/2024","3","2","205"
"30/03/2024","34","2","23"
"30/03/2024","7","234","196"
"30/03/2024","44","2","510"
"30/03/2024","4","266","1413"
"30/03/2024","10","266","2845"
"30/03/2024","36","266","1290"
"30/03/2024","27","266","903"
"30/03/2024","36","2","4634"
"30/03/2024","39","2","3886"
"30/03/2024","98","6","430"
"30/03/2024","35","266","2521"
"30/03/2024","98","2","7"
"30/03/2024","3","266","194"
"30/03/2024","39","266","273"
"30/03/2024","61","2","895"
"30/03/2024","65","266","2747"
"30/03/2024","11","266","98"
"30/03/2024","28","1","10"
"30/03/2024","41","266","41"
"30/03/2024","57","2","142"
"30/03/2024","34","234","1004"
"30/03/2024","28","2","1351"
"30/03/2024","70","234","18"
"30/03/2024","6","234","1238"
"30/03/2024","70","2","61"
"31/03/2024","36","266","972"
"31/03/2024","36","2","229"
"31/03/2024","35","266","1752"
"31/03/2024","65","266","2262"
"01/04/2024","2","266","68"
"01/04/2024","16","2","359"
"01/04/2024","41","266","349"
"01/04/2024","40","266","511"
"01/04/2024","98","2","204"
"01/04/2024","4","266","171"
"01/04/2024","39","2","114"
"01/04/2024","98","234","93"
"01/04/2024","28","2","269"
"01/04/2024","27","266","457"
"01/04/2024","34","234","774"
"01/04/2024","44","2","305"
"01/04/2024","48","266","811"
"01/04/2024","19","266","32"
"01/04/2024","36","2","206"
"01/04/2024","36","266","140"
"01/04/2024","35","266","14"
"01/04/2024","70","2","354"
"01/04/2024","45","266","310"
"02/04/2024","11","266","426"
"02/04/2024","65","266","52"
"02/04/2024","28","2","130"
"02/04/2024","44","2","703"
"02/04/2024","16","2","576"
"02/04/2024","36","266","382"
"02/04/2024","48","266","862"
"02/04/2024","3","2","510"
"02/04/2024","34","234","2062"
"02/04/2024","27","266","488"
"02/04/2024","18","266","463"
"02/04/2024","19","266","445"
"02/04/2024","36","2","171"
"02/04/2024","98","2","160"
"02/04/2024","12","266","655"
"02/04/2024","8","266","402"
"02/04/2024","35","266","84"
"02/04/2024","39","2","36"
"02/04/2024","45","266","468"
"02/04/2024","98","234","1280"
"02/04/2024","4","266","54"
"02/04/2024","70","234","252"
"02/04/2024","70","2","232"
"02/04/2024","2","266","787"
"03/04/2024","98","234","1600"
"03/04/2024","39","266","227"
"03/04/2024","10","266","513"
"03/04/2024","70","2","426"
"03/04/2024","70","234","886"
"03/04/2024","39","2","334"
"03/04/2024","8","266","662"
"03/04/2024","98","2","125"
"03/04/2024","12","266","252"
"03/04/2024","11","266","1068"
"03/04/2024","61","2","611"
"03/04/2024","13","2","514"
"03/04/2024","35","266","121"
"03/04/2024","36","266","93"
"03/04/2024","34","234","3776"
"03/04/2024","40","266","768"
"03/04/2024","4","266","422"
"03/04/2024","16","2","525"
"03/04/2024","37","2","267"
"03/04/2024","36","2","655"
"03/04/2024","98","6","388"
"03/04/2024","44","2","662"
"03/04/2024","65","266","379"
"03/04/2024","6","234","896"
"03/04/2024","48","266","1365"
"03/04/2024","2","266","1288"
"03/04/2024","27","266","468"
"03/04/2024","3","2","451"
"03/04/2024","19","266","472"
"03/04/2024","7","234","770"
"03/04/2024","45","266","445"
"03/04/2024","41","266","414"
"03/04/2024","20","2","82"
"03/04/2024","18","266","741"
"04/04/2024","3","2","692"
"04/04/2024","70","2","446"
"04/04/2024","41","266","706"
"04/04/2024","4","266","911"
"04/04/2024","27","266","382"
"04/04/2024","2","266","585"
"04/04/2024","61","2","622"
"04/04/2024","45","266","398"
"04/04/2024","16","2","413"
"04/04/2024","11","266","838"
"04/04/2024","70","234","616"
"04/04/2024","65","266","193"
"04/04/2024","39","266","82"
"04/04/2024","34","234","2480"
"04/04/2024","40","2","371"
"04/04/2024","28","2","50"
"04/04/2024","98","234","2129"
"04/04/2024","44","2","562"
"04/04/2024","39","2","1045"
"04/04/2024","19","266","169"
"04/04/2024","7","234","748"
"04/04/2024","10","266","1165"
"04/04/2024","6","234","376"
"04/04/2024","12","266","801"
"04/04/2024","40","266","377"
"04/04/2024","71","2","120"
"04/04/2024","57","2","370"
"04/04/2024","48","266","330"
"04/04/2024","8","266","353"
"04/04/2024","18","266","66"
"04/04/2024","13","2","522"
"05/04/2024","19","266","613"
"05/04/2024","12","266","97"
"05/04/2024","16","2","511"
"05/04/2024","41","266","780"
"05/04/2024","71","234","684"
"05/04/2024","28","2","108"
"05/04/2024","48","266","591"
"05/04/2024","35","266","612"
"05/04/2024","34","234","1644"
"05/04/2024","98","234","90"
"05/04/2024","2","266","641"
"05/04/2024","97","2","299"
"05/04/2024","3","266","276"
"05/04/2024","8","266","487"
"05/04/2024","70","234","1662"
"05/04/2024","3","2","50"
"05/04/2024","39","2","468"
"05/04/2024","65","266","712"
"05/04/2024","27","266","344"
"05/04/2024","39","266","61"
"05/04/2024","7","234","736"
"05/04/2024","13","2","112"
"05/04/2024","11","266","846"
"05/04/2024","61","2","239"
"05/04/2024","6","234","728"
"05/04/2024","10","266","129"
"05/04/2024","70","2","181"
"05/04/2024","44","2","504"
"05/04/2024","45","266","351"
"05/04/2024","98","2","423"
"05/04/2024","4","266","576"
"05/04/2024","37","2","320"
"05/04/2024","71","2","290"
"06/04/2024","65","266","662"
"06/04/2024","3","266","62"
"06/04/2024","10","266","150"
"06/04/2024","28","4003","123"
"06/04/2024","12","266","515"
"06/04/2024","39","266","242"
"06/04/2024","11","266","396"
"06/04/2024","71","234","58"
"06/04/2024","13","2","242"
"06/04/2024","44","2","376"
"06/04/2024","37","4003","268"
"06/04/2024","2","266","525"
"06/04/2024","70","2","416"
"06/04/2024","71","2","200"
"06/04/2024","3","2","240"
"06/04/2024","18","266","26"
"06/04/2024","4","266","762"
"06/04/2024","39","2","917"
"06/04/2024","37","2","204"
"06/04/2024","6","234","248"
"06/04/2024","41","266","1285"
"06/04/2024","97","234","98"
"06/04/2024","7","234","502"
"06/04/2024","27","266","300"
"06/04/2024","19","266","139"
"06/04/2024","98","6","260"
"06/04/2024","35","266","445"
"06/04/2024","36","2","15"
"06/04/2024","34","234","2510"
"06/04/2024","28","2","785"
"06/04/2024","61","2","243"
"06/04/2024","45","266","262"
"06/04/2024","70","234","172"
"06/04/2024","98","2","624"
"07/04/2024","40","2","153"
"07/04/2024","13","2","38"
"07/04/2024","98","2","160"
"08/04/2024","70","2","563"
"08/04/2024","27","266","399"
"08/04/2024","39","266","353"
"08/04/2024","61","2","394"
"08/04/2024","48","266","763"
"08/04/2024","65","266","441"
"08/04/2024","4","266","1047"
"08/04/2024","13","2","232"
"08/04/2024","28","4003","49"
"08/04/2024","28","2","339"
"08/04/2024","41","266","680"
"08/04/2024","71","4003","30"
"08/04/2024","7","234","488"
"08/04/2024","34","234","1574"
"08/04/2024","70","234","542"
"08/04/2024","20","2","382"
"08/04/2024","61","234","410"
"08/04/2024","6","234","1111"
"08/04/2024","98","6","1444"
"08/04/2024","71","2","145"
"08/04/2024","39","2","872"
"08/04/2024","12","266","235"
"08/04/2024","3","266","67"
"08/04/2024","8","266","326"
"08/04/2024","10","266","896"
"08/04/2024","35","266","65"
"08/04/2024","44","2","434"
"08/04/2024","37","4003","123"
"08/04/2024","3","2","498"
"08/04/2024","97","2","92"
"08/04/2024","18","2","210"
"08/04/2024","2","266","670"
"08/04/2024","45","266","332"
"08/04/2024","11","266","1020"
"09/04/2024","11","266","180"
"09/04/2024","65","266","507"
"09/04/2024","39","2","1351"
"09/04/2024","27","266","389"
"09/04/2024","44","2","135"
"09/04/2024","16","2","50"
"09/04/2024","10","266","1232"
"09/04/2024","70","234","770"
"09/04/2024","28","4003","231"
"09/04/2024","48","266","659"
"09/04/2024","97","2","46"
"09/04/2024","20","2","407"
"09/04/2024","70","2","904"
"09/04/2024","45","266","285"
"09/04/2024","6","234","349"
"09/04/2024","57","2","2710"
"09/04/2024","41","266","786"
"09/04/2024","8","266","583"
"09/04/2024","3","266","8"
"09/04/2024","2","266","721"
"09/04/2024","28","2","304"
"09/04/2024","34","234","2116"
"09/04/2024","40","2","217"
"09/04/2024","3","2","638"
"09/04/2024","71","2","221"
"09/04/2024","61","234","557"
"09/04/2024","12","266","430"
"09/04/2024","19","266","222"
"09/04/2024","61","2","655"
"09/04/2024","7","234","494"
"09/04/2024","36","266","446"
"09/04/2024","35","266","477"
"09/04/2024","37","4003","168"
"09/04/2024","13","2","476"
"09/04/2024","18","2","303"
"09/04/2024","4","266","1046"
"09/04/2024","98","2","887"
"10/04/2024","97","2","52"
"10/04/2024","8","266","218"
"10/04/2024","7","234","3320"
"10/04/2024","13","2","544"
"10/04/2024","61","234","942"
"10/04/2024","41","266","19"
"10/04/2024","12","266","522"
"10/04/2024","71","2","348"
"10/04/2024","98","2","908"
"10/04/2024","28","4003","199"
"10/04/2024","70","2","682"
"10/04/2024","39","2","874"
"10/04/2024","11","266","560"
"10/04/2024","3","2","439"
"10/04/2024","28","2","326"
"10/04/2024","36","266","304"
"10/04/2024","61","2","519"
"10/04/2024","2","266","744"
"10/04/2024","4","266","1290"
"10/04/2024","70","234","1206"
"10/04/2024","6","234","1070"
"10/04/2024","35","266","478"
"10/04/2024","65","266","356"
"10/04/2024","27","266","449"
"10/04/2024","48","266","422"
"10/04/2024","20","2","188"
"10/04/2024","37","4003","185"
"10/04/2024","10","266","991"
"10/04/2024","18","2","618"
"10/04/2024","57","2","512"
"10/04/2024","19","266","150"
"10/04/2024","45","266","402"
"10/04/2024","16","266","207"
"10/04/2024","34","234","1704"
"11/04/2024","8","266","789"
"11/04/2024","71","2","9"
"11/04/2024","58","234","164"
"11/04/2024","70","234","1358"
"11/04/2024","35","266","588"
"11/04/2024","27","266","362"
"11/04/2024","57","2","384"
"11/04/2024","37","2","104"
"11/04/2024","98","2","818"
"11/04/2024","98","6","1047"
"11/04/2024","28","2","165"
"11/04/2024","10","266","962"
"11/04/2024","61","2","336"
"11/04/2024","48","266","641"
"11/04/2024","28","4003","198"
"11/04/2024","65","266","145"
"11/04/2024","37","4003","72"
"11/04/2024","11","266","1185"
"11/04/2024","12","266","514"
"11/04/2024","20","2","483"
"11/04/2024","39","266","95"
"11/04/2024","2","266","785"
"11/04/2024","34","234","1252"
"11/04/2024","70","2","1205"
"11/04/2024","4","266","389"
"11/04/2024","3","2","858"
"11/04/2024","3","234","491"
"11/04/2024","16","266","215"
"11/04/2024","39","2","1207"
"11/04/2024","18","2","789"
"11/04/2024","19","266","80"
"11/04/2024","97","2","26"
"11/04/2024","36","266","295"
"11/04/2024","13","2","355"
"11/04/2024","7","234","2040"
"11/04/2024","41","266","369"
"11/04/2024","45","266","404"
"11/04/2024","61","234","133"
"11/04/2024","6","234","756"
"12/04/2024","34","234","1026"
"12/04/2024","70","2","271"
"12/04/2024","41","266","677"
"12/04/2024","98","2","585"
"12/04/2024","39","2","610"
"12/04/2024","44","266","351"
"12/04/2024","6","234","867"
"12/04/2024","61","234","840"
"12/04/2024","12","266","317"
"12/04/2024","37","2","144"
"12/04/2024","3","234","237"
"12/04/2024","98","234","860"
"12/04/2024","48","266","753"
"12/04/2024","28","4003","321"
"12/04/2024","20","2","618"
"12/04/2024","45","266","354"
"12/04/2024","65","266","316"
"12/04/2024","36","266","101"
"12/04/2024","70","234","52"
"12/04/2024","97","2","101"
"12/04/2024","7","234","1368"
"12/04/2024","13","2","408"
"12/04/2024","18","2","558"
"12/04/2024","37","4003","38"
"12/04/2024","71","4003","76"
"12/04/2024","40","2","78"
"12/04/2024","4","266","856"
"12/04/2024","11","266","696"
"12/04/2024","2","266","599"
"12/04/2024","28","2","249"
"12/04/2024","8","266","345"
"12/04/2024","27","266","394"
"12/04/2024","16","266","99"
"12/04/2024","19","266","420"
"12/04/2024","40","266","172"
"12/04/2024","3","2","143"
"12/04/2024","10","266","783"
"13/04/2024","41","266","281"
"13/04/2024","2","266","755"
"13/04/2024","7","234","902"
"13/04/2024","16","266","267"
"13/04/2024","3","234","143"
"13/04/2024","71","4003","139"
"13/04/2024","8","266","11"
"13/04/2024","45","266","259"
"13/04/2024","18","2","293"
"13/04/2024","61","234","716"
"13/04/2024","6","234","1171"
"13/04/2024","37","4003","117"
"13/04/2024","97","2","50"
"13/04/2024","4","266","183"
"13/04/2024","20","2","36"
"13/04/2024","12","266","405"
"13/04/2024","98","6","416"
"13/04/2024","34","234","2352"
"13/04/2024","11","266","1041"
"13/04/2024","10","266","1257"
"13/04/2024","39","2","432"
"13/04/2024","36","266","91"
"13/04/2024","48","266","94"
"13/04/2024","28","4003","50"
"13/04/2024","70","234","318"
"13/04/2024","70","2","486"
"13/04/2024","3","2","169"
"13/04/2024","19","266","492"
"13/04/2024","58","234","495"
"13/04/2024","65","266","266"
"13/04/2024","27","266","384"
"13/04/2024","35","266","351"
"13/04/2024","13","2","160"
"13/04/2024","40","266","58"
"13/04/2024","18","266","32"
"13/04/2024","37","2","22"
"13/04/2024","98","234","78"
"13/04/2024","44","266","265"
"13/04/2024","98","2","239"
"13/04/2024","28","2","17"
"15/04/2024","13","2","446"
"15/04/2024","97","234","168"
"15/04/2024","20","2","105"
"15/04/2024","36","266","461"
"15/04/2024","98","2","666"
"15/04/2024","2","266","310"
"15/04/2024","4","266","1480"
"15/04/2024","34","234","1382"
"15/04/2024","27","266","384"
"15/04/2024","18","266","299"
"15/04/2024","61","234","257"
"15/04/2024","71","4003","223"
"15/04/2024","44","266","22"
"15/04/2024","39","2","790"
"15/04/2024","12","266","1100"
"15/04/2024","41","266","438"
"15/04/2024","71","2","56"
"15/04/2024","18","2","96"
"15/04/2024","98","6","565"
"15/04/2024","58","234","422"
"15/04/2024","6","234","540"
"15/04/2024","28","4003","144"
"15/04/2024","65","266","295"
"15/04/2024","61","2","236"
"15/04/2024","45","266","350"
"15/04/2024","3","234","130"
"15/04/2024","70","2","514"
"15/04/2024","11","266","833"
"15/04/2024","70","234","686"
"15/04/2024","19","266","392"
"15/04/2024","37","4003","243"
"15/04/2024","48","266","699"
"15/04/2024","98","234","286"
"15/04/2024","35","266","474"
"15/04/2024","57","2","78"
"15/04/2024","8","266","790"
"15/04/2024","10","266","448"
"15/04/2024","3","2","473"
"15/04/2024","7","234","1062"
"16/04/2024","58","234","501"
"16/04/2024","97","234","4"
"16/04/2024","97","2","50"
"16/04/2024","13","2","326"
"16/04/2024","71","2","113"
"16/04/2024","3","234","17"
"16/04/2024","40","266","223"
"16/04/2024","34","234","1658"
"16/04/2024","35","266","483"
"16/04/2024","20","2","209"
"16/04/2024","70","234","634"
"16/04/2024","98","6","654"
"16/04/2024","27","266","419"
"16/04/2024","28","4003","100"
"16/04/2024","45","266","442"
"16/04/2024","70","2","772"
"16/04/2024","39","234","275"
"16/04/2024","8","266","495"
"16/04/2024","11","266","211"
"16/04/2024","2","266","631"
"16/04/2024","37","4003","117"
"16/04/2024","61","2","202"
"16/04/2024","36","266","293"
"16/04/2024","37","2","334"
"16/04/2024","12","266","1012"
"16/04/2024","7","234","1876"
"16/04/2024","4","266","2353"
"16/04/2024","41","266","226"
"16/04/2024","16","266","239"
"16/04/2024","44","266","384"
"16/04/2024","65","266","303"
"16/04/2024","6","234","396"
"16/04/2024","18","266","321"
"16/04/2024","98","234","276"
"16/04/2024","48","266","371"
"16/04/2024","19","266","641"
"16/04/2024","3","2","479"
"16/04/2024","98","2","1160"
"16/04/2024","39","2","120"
"16/04/2024","71","4003","163"
"17/04/2024","4","266","846"
"17/04/2024","8","266","595"
"17/04/2024","58","234","650"
"17/04/2024","45","266","442"
"17/04/2024","41","266","367"
"17/04/2024","97","234","121"
"17/04/2024","44","266","158"
"17/04/2024","98","2","1349"
"17/04/2024","7","234","2128"
"17/04/2024","65","266","248"
"17/04/2024","71","4003","242"
"17/04/2024","3","234","630"
"17/04/2024","70","234","146"
"17/04/2024","35","266","559"
"17/04/2024","13","2","418"
"17/04/2024","39","2","836"
"17/04/2024","3","2","213"
"17/04/2024","16","266","345"
"17/04/2024","34","234","2232"
"17/04/2024","37","2","270"
"17/04/2024","12","266","591"
"17/04/2024","39","234","1529"
"17/04/2024","11","266","693"
"17/04/2024","48","266","401"
"17/04/2024","70","2","496"
"17/04/2024","2","266","724"
"17/04/2024","37","4003","345"
"17/04/2024","28","4003","51"
"17/04/2024","40","266","308"
"17/04/2024","10","266","303"
"17/04/2024","97","2","140"
"17/04/2024","36","266","358"
"17/04/2024","18","266","836"
"17/04/2024","20","2","353"
"17/04/2024","19","266","168"
"17/04/2024","61","2","216"
"17/04/2024","27","266","388"
"17/04/2024","71","2","52"
"18/04/2024","71","4003","157"
"18/04/2024","20","1","627"
"18/04/2024","48","266","448"
"18/04/2024","45","266","443"
"18/04/2024","70","2","730"
"18/04/2024","58","234","610"
"18/04/2024","57","2","74"
"18/04/2024","10","266","829"
"18/04/2024","7","234","1162"
"18/04/2024","28","4003","172"
"18/04/2024","37","4003","189"
"18/04/2024","34","234","1888"
"18/04/2024","19","266","755"
"18/04/2024","16","266","183"
"18/04/2024","37","2","184"
"18/04/2024","97","2","792"
"18/04/2024","2","266","272"
"18/04/2024","98","234","206"
"18/04/2024","71","2","2"
"18/04/2024","12","266","895"
"18/04/2024","3","234","246"
"18/04/2024","18","266","95"
"18/04/2024","36","266","671"
"18/04/2024","40","266","481"
"18/04/2024","8","266","702"
"18/04/2024","98","2","397"
"18/04/2024","35","266","370"
"18/04/2024","65","266","1048"
"18/04/2024","13","2","214"
"18/04/2024","11","266","539"
"18/04/2024","27","266","390"
"18/04/2024","61","2","742"
"18/04/2024","3","2","558"
"18/04/2024","4","266","960"
"18/04/2024","44","266","376"
"18/04/2024","39","2","538"
"18/04/2024","39","234","363"
"19/04/2024","20","1","159"
"19/04/2024","98","234","23"
"19/04/2024","7","234","860"
"19/04/2024","13","2","100"
"19/04/2024","12","266","781"
"19/04/2024","35","266","323"
"19/04/2024","61","2","269"
"19/04/2024","39","2","590"
"19/04/2024","48","266","240"
"19/04/2024","20","2","209"
"19/04/2024","97","2","151"
"19/04/2024","37","4003","73"
"19/04/2024","16","266","415"
"19/04/2024","58","234","505"
"19/04/2024","8","266","604"
"19/04/2024","18","1","45"
"19/04/2024","28","2","265"
"19/04/2024","40","266","243"
"19/04/2024","70","2","576"
"19/04/2024","39","234","394"
"19/04/2024","10","266","815"
"19/04/2024","4","266","353"
"19/04/2024","37","2","227"
"19/04/2024","28","4003","275"
"19/04/2024","2","266","998"
"19/04/2024","71","4003","175"
"19/04/2024","41","266","150"
"19/04/2024","19","266","773"
"19/04/2024","98","2","989"
"19/04/2024","45","266","457"
"19/04/2024","27","266","412"
"19/04/2024","3","234","60"
"19/04/2024","65","266","420"
"19/04/2024","36","266","923"
"19/04/2024","11","266","1097"
"19/04/2024","3","2","342"
"19/04/2024","34","234","392"
"19/04/2024","61","234","108"
"19/04/2024","44","266","432"
"20/04/2024","18","1","200"
"20/04/2024","37","2","87"
"20/04/2024","58","234","139"
"20/04/2024","18","266","47"
"20/04/2024","41","266","251"
"20/04/2024","3","234","204"
"20/04/2024","61","2","550"
"20/04/2024","44","266","834"
"20/04/2024","20","2","206"
"20/04/2024","40","266","435"
"20/04/2024","7","234","890"
"20/04/2024","16","266","330"
"20/04/2024","19","266","839"
"20/04/2024","65","266","814"
"20/04/2024","57","234","474"
"20/04/2024","28","2","204"
"20/04/2024","39","234","803"
"20/04/2024","4","266","948"
"20/04/2024","97","2","233"
"20/04/2024","10","266","906"
"20/04/2024","48","266","898"
"20/04/2024","34","234","1104"
"20/04/2024","2","266","761"
"20/04/2024","39","2","317"
"20/04/2024","28","4003","357"
"20/04/2024","71","2","52"
"20/04/2024","8","266","575"
"20/04/2024","61","234","155"
"20/04/2024","11","266","1362"
"20/04/2024","12","266","741"
"20/04/2024","13","2","88"
"20/04/2024","3","2","294"
"20/04/2024","36","266","914"
"20/04/2024","35","266","576"
"20/04/2024","71","4003","240"
"20/04/2024","37","4003","321"
"20/04/2024","98","2","770"
"20/04/2024","27","266","398"
"20/04/2024","70","2","619"
"20/04/2024","45","266","340"
"21/04/2024","34","234","1558"
"21/04/2024","98","2","75"
"21/04/2024","11","266","410"
"21/04/2024","44","266","147"
"22/04/2024","97","2","584"
"22/04/2024","45","266","398"
"22/04/2024","36","266","675"
"22/04/2024","98","2","932"
"22/04/2024","71","4003","265"
"22/04/2024","39","234","520"
"22/04/2024","6","234","1211"
"22/04/2024","28","2","41"
"22/04/2024","61","2","561"
"22/04/2024","7","234","1004"
"22/04/2024","57","234","82"
"22/04/2024","37","4003","43"
"22/04/2024","98","234","107"
"22/04/2024","18","266","30"
"22/04/2024","61","234","357"
"22/04/2024","48","266","968"
"22/04/2024","19","266","204"
"22/04/2024","41","266","382"
"22/04/2024","56","4003","144"
"22/04/2024","28","4003","138"
"22/04/2024","3","234","94"
"22/04/2024","58","234","78"
"22/04/2024","2","266","1057"
"22/04/2024","40","266","324"
"22/04/2024","8","266","578"
"22/04/2024","65","266","1029"
"22/04/2024","18","1","149"
"22/04/2024","97","234","19"
"22/04/2024","11","266","920"
"22/04/2024","39","2","45"
"22/04/2024","35","266","1481"
"22/04/2024","10","266","692"
"22/04/2024","70","2","217"
"22/04/2024","20","2","414"
"22/04/2024","94","234","90"
"22/04/2024","44","266","31"
"22/04/2024","34","234","2270"
"22/04/2024","13","2","761"
"22/04/2024","12","266","1068"
"23/04/2024","6","234","909"
"23/04/2024","4","266","209"
"23/04/2024","65","2","3"
"23/04/2024","37","2","408"
"23/04/2024","37","4003","328"
"23/04/2024","28","4003","160"
"23/04/2024","40","266","566"
"23/04/2024","61","2","535"
"23/04/2024","41","266","528"
"23/04/2024","39","2","329"
"23/04/2024","18","1","228"
"23/04/2024","65","266","1392"
"23/04/2024","16","266","433"
"23/04/2024","13","2","921"
"23/04/2024","57","2","50"
"23/04/2024","70","2","33"
"23/04/2024","59","2","32"
"23/04/2024","71","2","23"
"23/04/2024","98","2","614"
"23/04/2024","58","234","220"
"23/04/2024","12","266","1133"
"23/04/2024","57","234","214"
"23/04/2024","8","266","836"
"23/04/2024","71","4003","103"
"23/04/2024","70","234","257"
"23/04/2024","3","234","57"
"23/04/2024","36","266","596"
"23/04/2024","35","266","1019"
"23/04/2024","56","4003","308"
"23/04/2024","11","266","816"
"23/04/2024","94","234","126"
"23/04/2024","97","2","279"
"23/04/2024","19","266","306"
"23/04/2024","2","266","957"
"23/04/2024","34","234","2580"
"23/04/2024","45","266","471"
"23/04/2024","48","266","508"
"23/04/2024","7","234","602"
"23/04/2024","44","266","397"
"23/04/2024","20","2","81"
"23/04/2024","3","2","219"
"23/04/2024","98","234","327"
"23/04/2024","27","266","612"
"23/04/2024","10","266","753"
"23/04/2024","20","1","113"
"24/04/2024","16","266","474"
"24/04/2024","61","234","42"
"24/04/2024","56","4003","201"
"24/04/2024","8","266","692"
"24/04/2024","41","266","907"
"24/04/2024","31","2","22"
"24/04/2024","59","2","188"
"24/04/2024","98","2","1113"
"24/04/2024","70","234","478"
"24/04/2024","7","234","1664"
"24/04/2024","70","2","86"
"24/04/2024","13","2","401"
"24/04/2024","65","266","600"
"24/04/2024","35","266","492"
"24/04/2024","12","266","1031"
"24/04/2024","11","266","1048"
"24/04/2024","97","2","419"
"24/04/2024","61","2","685"
"24/04/2024","2","266","861"
"24/04/2024","28","4003","244"
"24/04/2024","19","266","347"
"24/04/2024","34","234","1700"
"24/04/2024","48","266","759"
"24/04/2024","57","234","1400"
"24/04/2024","40","266","674"
"24/04/2024","20","2","693"
"24/04/2024","94","234","179"
"24/04/2024","28","2","433"
"24/04/2024","45","266","393"
"24/04/2024","71","4003","414"
"24/04/2024","61","4003","87"
"24/04/2024","4","266","1121"
"24/04/2024","37","1","288"
"24/04/2024","58","234","96"
"24/04/2024","3","2","176"
"24/04/2024","18","1","636"
"24/04/2024","10","266","2048"
"24/04/2024","37","2","341"
"24/04/2024","37","4003","214"
"24/04/2024","36","266","1078"
"24/04/2024","3","234","1783"
"24/04/2024","44","266","387"
"24/04/2024","27","266","502"
"24/04/2024","39","234","320"
"24/04/2024","6","234","462"
"24/04/2024","39","2","319"
"25/04/2024","27","266","372"
"25/04/2024","45","266","378"
"25/04/2024","36","266","78"
"25/04/2024","28","2","1052"
"25/04/2024","71","4003","207"
"25/04/2024","40","266","512"
"25/04/2024","20","2","531"
"25/04/2024","18","1","99"
"25/04/2024","39","2","411"
"25/04/2024","57","234","800"
"25/04/2024","35","266","275"
"25/04/2024","34","234","1950"
"25/04/2024","59","2","181"
"25/04/2024","36","2","351"
"25/04/2024","7","234","462"
"25/04/2024","28","4003","146"
"25/04/2024","19","266","599"
"25/04/2024","10","266","649"
"25/04/2024","48","266","465"
"25/04/2024","3","234","537"
"25/04/2024","94","234","990"
"25/04/2024","98","234","69"
"25/04/2024","70","234","253"
"25/04/2024","56","4003","98"
"25/04/2024","44","266","248"
"25/04/2024","2","266","1303"
"25/04/2024","6","234","293"
"25/04/2024","61","4003","296"
"25/04/2024","12","266","530"
"25/04/2024","20","1","586"
"25/04/2024","65","266","807"
"25/04/2024","61","2","264"
"25/04/2024","11","2","178"
"25/04/2024","41","266","774"
"25/04/2024","13","2","414"
"25/04/2024","4","266","1870"
"25/04/2024","70","2","168"
"25/04/2024","37","2","391"
"25/04/2024","18","266","416"
"25/04/2024","3","2","79"
"25/04/2024","98","2","1360"
"25/04/2024","39","234","686"
"25/04/2024","37","4003","299"
"25/04/2024","97","2","850"
"25/04/2024","8","266","612"
"25/04/2024","16","266","159"
"25/04/2024","37","1","554"
"25/04/2024","11","266","671"
"26/04/2024","98","2","1186"
"26/04/2024","28","2","60"
"26/04/2024","11","266","683"
"26/04/2024","71","4003","208"
"26/04/2024","28","4003","338"
"26/04/2024","65","266","454"
"26/04/2024","27","266","377"
"26/04/2024","10","266","683"
"26/04/2024","70","234","463"
"26/04/2024","34","234","1278"
"26/04/2024","58","234","336"
"26/04/2024","57","234","606"
"26/04/2024","7","234","933"
"26/04/2024","18","266","372"
"26/04/2024","98","234","42"
"26/04/2024","39","2","402"
"26/04/2024","45","266","404"
"26/04/2024","48","266","420"
"26/04/2024","2","266","1033"
"26/04/2024","20","2","856"
"26/04/2024","70","2","121"
"26/04/2024","36","266","312"
"26/04/2024","36","2","1017"
"26/04/2024","94","234","115"
"26/04/2024","56","4003","380"
"26/04/2024","16","266","294"
"26/04/2024","39","234","426"
"26/04/2024","59","2","274"
"26/04/2024","37","4003","367"
"26/04/2024","61","4003","226"
"26/04/2024","4","266","92"
"26/04/2024","37","2","524"
"26/04/2024","35","266","296"
"26/04/2024","12","266","869"
"26/04/2024","44","266","580"
"26/04/2024","6","234","577"
"26/04/2024","8","266","274"
"26/04/2024","41","266","565"
"26/04/2024","40","266","449"
"26/04/2024","19","266","366"
"26/04/2024","4","2","98"
"26/04/2024","13","2","63"
"26/04/2024","97","2","613"
"27/04/2024","28","4003","734"
"27/04/2024","3","2","409"
"27/04/2024","71","4003","294"
"27/04/2024","48","266","797"
"27/04/2024","36","266","418"
"27/04/2024","97","2","559"
"27/04/2024","45","266","366"
"27/04/2024","4","266","948"
"27/04/2024","36","2","549"
"27/04/2024","57","234","1980"
"27/04/2024","20","2","357"
"27/04/2024","27","266","330"
"27/04/2024","6","234","507"
"27/04/2024","71","234","4"
"27/04/2024","13","2","558"
"27/04/2024","39","234","507"
"27/04/2024","19","266","391"
"27/04/2024","56","4003","937"
"27/04/2024","41","266","297"
"27/04/2024","40","266","412"
"27/04/2024","10","266","524"
"27/04/2024","70","234","442"
"27/04/2024","4","2","299"
"27/04/2024","11","266","410"
"27/04/2024","94","234","474"
"27/04/2024","35","266","384"
"27/04/2024","16","266","804"
"27/04/2024","18","266","360"
"27/04/2024","11","2","187"
"27/04/2024","2","266","834"
"27/04/2024","59","2","211"
"27/04/2024","37","4003","641"
"27/04/2024","44","266","468"
"27/04/2024","61","2","118"
"27/04/2024","61","4003","271"
"27/04/2024","65","266","582"
"27/04/2024","12","266","621"
"27/04/2024","39","2","386"
"27/04/2024","98","2","155"
"27/04/2024","34","234","2240"
"28/04/2024","35","266","111"
"28/04/2024","34","234","336"
"28/04/2024","36","2","182"
"28/04/2024","3","234","712"
"28/04/2024","28","4003","16"
"28/04/2024","65","266","583"
"29/04/2024","61","2","381"
"29/04/2024","71","234","648"
"29/04/2024","45","266","481"
"29/04/2024","13","2","774"
"29/04/2024","2","266","1432"
"29/04/2024","41","266","592"
"29/04/2024","97","2","880"
"29/04/2024","10","266","1143"
"29/04/2024","8","266","459"
"29/04/2024","16","266","368"
"29/04/2024","12","266","363"
"29/04/2024","18","266","502"
"29/04/2024","20","1","130"
"29/04/2024","65","266","201"
"29/04/2024","39","2","454"
"29/04/2024","4","266","434"
"29/04/2024","6","234","596"
"29/04/2024","11","2","544"
"29/04/2024","28","4003","628"
"29/04/2024","39","234","656"
"29/04/2024","36","266","258"
"29/04/2024","40","266","586"
"29/04/2024","94","234","763"
"29/04/2024","19","266","497"
"29/04/2024","11","266","500"
"29/04/2024","98","234","974"
"29/04/2024","20","2","267"
"29/04/2024","3","234","42"
"29/04/2024","37","4003","806"
"29/04/2024","36","2","154"
"29/04/2024","34","234","2100"
"29/04/2024","70","234","380"
"29/04/2024","44","266","751"
"29/04/2024","57","234","1278"
"29/04/2024","48","266","820"
"29/04/2024","59","2","75"
"29/04/2024","56","4003","960"
"29/04/2024","7","234","2021"
"29/04/2024","35","266","387"
"29/04/2024","3","2","225"
"29/04/2024","70","2","51"
"29/04/2024","27","266","409"
"30/04/2024","34","234","2038"
"30/04/2024","20","1","17"
"30/04/2024","28","4003","864"
"30/04/2024","27","266","463"
"30/04/2024","45","266","468"
"30/04/2024","48","234","494"
"30/04/2024","37","2","17"
"30/04/2024","65","266","1799"
"30/04/2024","70","234","1047"
"30/04/2024","4","266","1599"
"30/04/2024","3","234","708"
"30/04/2024","39","2","827"
"30/04/2024","16","266","223"
"30/04/2024","48","266","709"
"30/04/2024","36","2","1077"
"30/04/2024","3","2","188"
"30/04/2024","39","234","256"
"30/04/2024","2","266","1107"
"30/04/2024","13","2","426"
"30/04/2024","61","2","66"
"30/04/2024","58","234","302"
"30/04/2024","7","234","885"
"30/04/2024","20","2","281"
"30/04/2024","35","266","1204"
"30/04/2024","6","234","468"
"30/04/2024","41","266","478"
"30/04/2024","56","4003","279"
"30/04/2024","97","2","751"
"30/04/2024","11","266","478"
"30/04/2024","70","2","145"
"30/04/2024","37","4003","575"
"30/04/2024","94","234","702"
"30/04/2024","44","266","749"
"30/04/2024","10","266","892"
"30/04/2024","98","234","2458"
"30/04/2024","8","266","304"
"30/04/2024","18","266","469"
"30/04/2024","40","266","361"
"30/04/2024","57","234","1176"
"30/04/2024","36","266","199"
"30/04/2024","19","266","743"
"01/05/2024","70","2","109"
"01/05/2024","16","266","19"
"01/05/2024","3","234","559"
"01/05/2024","70","234","802"
"01/05/2024","40","266","617"
"01/05/2024","94","234","315"
"01/05/2024","4","2","339"
"01/05/2024","56","4003","210"
"01/05/2024","2","266","185"
"01/05/2024","13","2","355"
"01/05/2024","7","234","3022"
"01/05/2024","39","2","963"
"01/05/2024","12","234","307"
"01/05/2024","20","1","31"
"01/05/2024","20","2","556"
"01/05/2024","41","266","687"
"01/05/2024","95","4003","315"
"01/05/2024","11","266","648"
"01/05/2024","48","266","662"
"01/05/2024","37","4003","1276"
"01/05/2024","4","266","324"
"01/05/2024","27","266","352"
"01/05/2024","35","266","1750"
"01/05/2024","18","266","142"
"01/05/2024","98","2","585"
"01/05/2024","10","266","395"
"01/05/2024","98","234","1683"
"01/05/2024","57","234","648"
"01/05/2024","45","266","352"
"01/05/2024","28","4003","610"
"01/05/2024","65","266","1460"
"01/05/2024","58","234","538"
"01/05/2024","8","266","1079"
"01/05/2024","6","234","28"
"01/05/2024","19","266","650"
"01/05/2024","34","234","1890"
"01/05/2024","97","2","1182"
"01/05/2024","36","2","1517"
"01/05/2024","39","234","500"
"01/05/2024","10","234","929"
"01/05/2024","36","266","149"
"01/05/2024","18","2","106"
"01/05/2024","61","2","991"
"02/05/2024","58","234","845"
"02/05/2024","4","2","26"
"02/05/2024","19","266","577"
"02/05/2024","7","234","328"
"02/05/2024","16","266","226"
"02/05/2024","94","234","1304"
"02/05/2024","57","234","34"
"02/05/2024","18","266","836"
"02/05/2024","45","266","359"
"02/05/2024","40","266","377"
"02/05/2024","44","266","172"
"02/05/2024","8","266","309"
"02/05/2024","34","234","3762"
"02/05/2024","36","266","424"
"02/05/2024","27","266","489"
"02/05/2024","20","1","155"
"02/05/2024","20","2","488"
"02/05/2024","98","2","1058"
"02/05/2024","65","266","236"
"02/05/2024","28","4003","427"
"02/05/2024","35","266","630"
"02/05/2024","11","266","558"
"02/05/2024","97","2","1184"
"02/05/2024","48","266","197"
"02/05/2024","4","266","531"
"02/05/2024","13","2","281"
"02/05/2024","59","2","122"
"02/05/2024","36","2","970"
"02/05/2024","41","266","248"
"02/05/2024","56","4003","177"
"02/05/2024","95","4003","120"
"02/05/2024","12","234","625"
"02/05/2024","2","266","1085"
"03/05/2024","41","266","474"
"03/05/2024","10","266","965"
"03/05/2024","71","4003","478"
"03/05/2024","61","4003","174"
"03/05/2024","27","266","304"
"03/05/2024","20","2","32"
"03/05/2024","13","2","90"
"03/05/2024","41","22","10"
"03/05/2024","39","234","294"
"03/05/2024","45","266","253"
"03/05/2024","65","266","929"
"03/05/2024","48","266","497"
"03/05/2024","19","266","376"
"03/05/2024","28","4003","177"
"03/05/2024","44","266","186"
"03/05/2024","59","2","167"
"03/05/2024","3","234","534"
"03/05/2024","37","4003","98"
"03/05/2024","61","2","76"
"03/05/2024","4","266","552"
"03/05/2024","70","234","181"
"03/05/2024","8","266","265"
"03/05/2024","12","234","268"
"03/05/2024","20","1","467"
"03/05/2024","2","266","1087"
"03/05/2024","34","234","1754"
"03/05/2024","12","266","693"
"03/05/2024","7","234","742"
"03/05/2024","37","2","346"
"03/05/2024","11","266","123"
"03/05/2024","18","266","429"
"03/05/2024","40","266","207"
"03/05/2024","18","2","150"
"03/05/2024","6","234","868"
"03/05/2024","98","2","60"
"03/05/2024","39","2","174"
"03/05/2024","16","266","565"
"04/05/2024","16","266","413"
"04/05/2024","37","4003","45"
"04/05/2024","12","266","280"
"04/05/2024","45","266","200"
"04/05/2024","28","4003","179"
"04/05/2024","61","2","149"
"04/05/2024","36","2","326"
"04/05/2024","70","2","89"
"04/05/2024","18","266","237"
"04/05/2024","71","4003","116"
"04/05/2024","39","2","200"
"04/05/2024","2","266","392"
"04/05/2024","10","266","494"
"04/05/2024","40","266","293"
"04/05/2024","98","2","1163"
"04/05/2024","7","234","962"
"04/05/2024","8","266","58"
"04/05/2024","37","2","202"
"04/05/2024","70","234","1184"
"04/05/2024","97","2","148"
"04/05/2024","65","266","539"
"04/05/2024","71","234","644"
"04/05/2024","20","1","97"
"04/05/2024","11","266","632"
"04/05/2024","13","2","795"
"04/05/2024","27","266","109"
"04/05/2024","39","234","582"
"04/05/2024","44","266","161"
"04/05/2024","6","234","208"
"04/05/2024","41","266","482"
"04/05/2024","4","266","992"
"04/05/2024","34","234","1634"
"04/05/2024","61","4003","170"
"06/05/2024","18","266","508"
"06/05/2024","4","266","322"
"06/05/2024","61","4003","194"
"06/05/2024","65","266","520"
"06/05/2024","6","234","422"
"06/05/2024","40","266","412"
"06/05/2024","45","266","354"
"06/05/2024","61","2","124"
"06/05/2024","34","234","1976"
"06/05/2024","71","234","78"
"06/05/2024","37","4003","137"
"06/05/2024","37","2","202"
"06/05/2024","27","266","356"
"06/05/2024","39","2","22"
"06/05/2024","19","266","379"
"06/05/2024","70","234","548"
"06/05/2024","97","2","192"
"06/05/2024","7","234","1064"
"06/05/2024","8","266","128"
"06/05/2024","13","2","212"
"06/05/2024","39","234","1662"
"06/05/2024","35","266","641"
"06/05/2024","16","266","574"
"06/05/2024","44","266","100"
"06/05/2024","71","4003","141"
"06/05/2024","2","266","253"
"06/05/2024","98","2","261"
"06/05/2024","20","2","93"
"06/05/2024","41","266","522"
"06/05/2024","70","2","16"
"06/05/2024","36","2","741"
"06/05/2024","28","4003","402"
"06/05/2024","20","1","192"
"06/05/2024","12","266","206"
"06/05/2024","10","266","344"
"07/05/2024","48","266","940"
"07/05/2024","40","266","595"
"07/05/2024","19","266","477"
"07/05/2024","39","234","608"
"07/05/2024","34","234","1036"
"07/05/2024","16","266","205"
"07/05/2024","12","266","364"
"07/05/2024","7","234","1076"
"07/05/2024","41","266","656"
"07/05/2024","70","234","1876"
"07/05/2024","18","266","573"
"07/05/2024","44","266","595"
"07/05/2024","27","266","411"
"07/05/2024","61","2","120"
"07/05/2024","4","266","172"
"07/05/2024","20","2","283"
"07/05/2024","61","4003","456"
"07/05/2024","65","266","448"
"07/05/2024","11","266","362"
"07/05/2024","8","266","415"
"07/05/2024","28","4003","463"
"07/05/2024","2","266","234"
"07/05/2024","37","4003","260"
"07/05/2024","13","2","459"
"07/05/2024","39","2","25"
"07/05/2024","3","2","27"
"07/05/2024","35","266","444"
"07/05/2024","20","1","95"
"07/05/2024","71","4003","403"
"07/05/2024","6","234","1086"
"07/05/2024","98","2","662"
"07/05/2024","97","2","71"
"07/05/2024","36","2","1369"
"07/05/2024","37","2","26"
"07/05/2024","45","266","333"
"08/05/2024","70","2","97"
"08/05/2024","39","234","718"
"08/05/2024","95","4003","669"
"08/05/2024","34","234","2444"
"08/05/2024","8","266","537"
"08/05/2024","35","266","66"
"08/05/2024","12","266","1130"
"08/05/2024","36","2","692"
"08/05/2024","98","2","873"
"08/05/2024","58","234","423"
"08/05/2024","44","266","208"
"08/05/2024","19","266","562"
"08/05/2024","18","266","737"
"08/05/2024","10","266","141"
"08/05/2024","97","2","288"
"08/05/2024","3","2","140"
"08/05/2024","27","266","303"
"08/05/2024","48","266","822"
"08/05/2024","3","234","776"
"08/05/2024","45","266","351"
"08/05/2024","12","2","181"
"08/05/2024","65","266","511"
"08/05/2024","4","266","502"
"08/05/2024","28","4003","231"
"08/05/2024","70","234","1614"
"08/05/2024","6","234","478"
"08/05/2024","20","2","112"
"08/05/2024","61","2","660"
"08/05/2024","11","266","800"
"08/05/2024","16","266","368"
"08/05/2024","37","4003","224"
"08/05/2024","7","234","1366"
"08/05/2024","2","266","1023"
"08/05/2024","57","234","612"
"08/05/2024","41","266","555"
"08/05/2024","13","2","241"
"08/05/2024","40","266","864"
"09/05/2024","98","2","1617"
"09/05/2024","97","2","533"
"09/05/2024","48","266","494"
"09/05/2024","4","266","536"
"09/05/2024","3","234","916"
"09/05/2024","18","266","501"
"09/05/2024","20","2","229"
"09/05/2024","27","266","400"
"09/05/2024","10","266","112"
"09/05/2024","37","4003","352"
"09/05/2024","65","266","1328"
"09/05/2024","11","266","691"
"09/05/2024","70","234","1681"
"09/05/2024","59","2","135"
"09/05/2024","58","234","410"
"09/05/2024","36","2","961"
"09/05/2024","6","234","3049"
"09/05/2024","28","4003","272"
"09/05/2024","8","266","944"
"09/05/2024","39","2","559"
"09/05/2024","56","4003","111"
"09/05/2024","34","234","2094"
"09/05/2024","41","266","695"
"09/05/2024","45","266","335"
"09/05/2024","44","266","345"
"09/05/2024","12","266","1238"
"09/05/2024","19","266","300"
"09/05/2024","16","266","239"
"09/05/2024","61","2","196"
"09/05/2024","39","234","777"
"09/05/2024","95","4003","176"
"09/05/2024","28","2","89"
"09/05/2024","2","266","360"
"09/05/2024","35","266","534"
"09/05/2024","13","2","235"
"09/05/2024","7","234","2236"
"09/05/2024","12","2","421"
"09/05/2024","40","266","554"
"10/05/2024","8","266","494"
"10/05/2024","61","2","99"
"10/05/2024","16","266","142"
"10/05/2024","70","2","307"
"10/05/2024","57","234","624"
"10/05/2024","45","266","240"
"10/05/2024","20","2","234"
"10/05/2024","4","266","734"
"10/05/2024","40","266","540"
"10/05/2024","36","2","253"
"10/05/2024","12","266","590"
"10/05/2024","39","234","1239"
"10/05/2024","48","266","520"
"10/05/2024","37","2","133"
"10/05/2024","3","234","182"
"10/05/2024","56","4003","905"
"10/05/2024","59","2","160"
"10/05/2024","58","234","312"
"10/05/2024","28","4003","243"
"10/05/2024","27","266","310"
"10/05/2024","13","2","205"
"10/05/2024","41","266","515"
"10/05/2024","37","4003","225"
"10/05/2024","97","2","340"
"10/05/2024","94","234","56"
"10/05/2024","18","266","670"
"10/05/2024","83","4003","7"
"10/05/2024","98","2","1874"
"10/05/2024","12","234","91"
"10/05/2024","35","266","759"
"10/05/2024","34","234","1292"
"10/05/2024","11","266","337"
"10/05/2024","19","266","347"
"10/05/2024","39","2","407"
"10/05/2024","10","266","345"
"10/05/2024","3","266","133"
"10/05/2024","2","266","499"
"10/05/2024","7","234","1938"
"10/05/2024","70","234","984"
"10/05/2024","44","266","273"
"10/05/2024","65","266","437"
"10/05/2024","6","234","726"
"11/05/2024","37","4003","171"
"11/05/2024","40","266","202"
"11/05/2024","41","266","361"
"11/05/2024","20","2","164"
"11/05/2024","27","266","242"
"11/05/2024","48","266","97"
"11/05/2024","28","4003","437"
"11/05/2024","19","266","438"
"11/05/2024","97","2","89"
"11/05/2024","2","266","219"
"11/05/2024","83","4003","160"
"11/05/2024","70","234","1050"
"11/05/2024","7","234","1804"
"11/05/2024","3","234","14"
"11/05/2024","34","234","3408"
"11/05/2024","3","266","127"
"11/05/2024","59","2","97"
"11/05/2024","4","266","433"
"11/05/2024","36","266","15"
"11/05/2024","44","266","33"
"11/05/2024","8","266","261"
"11/05/2024","12","266","372"
"11/05/2024","11","266","277"
"11/05/2024","35","266","551"
"11/05/2024","98","2","1485"
"11/05/2024","37","2","208"
"11/05/2024","10","266","463"
"11/05/2024","6","234","520"
"11/05/2024","18","266","372"
"11/05/2024","55","234","1182"
"11/05/2024","39","2","341"
"11/05/2024","70","2","188"
"11/05/2024","13","2","319"
"11/05/2024","56","4003","109"
"11/05/2024","65","266","254"
"11/05/2024","45","266","267"
"11/05/2024","58","234","891"
"12/05/2024","58","234","1487"
"13/05/2024","36","266","592"
"13/05/2024","19","266","312"
"13/05/2024","28","266","154"
"13/05/2024","3","234","829"
"13/05/2024","37","4003","294"
"13/05/2024","61","2","301"
"13/05/2024","16","266","717"
"13/05/2024","27","266","242"
"13/05/2024","97","2","86"
"13/05/2024","70","2","290"
"13/05/2024","11","266","295"
"13/05/2024","98","2","933"
"13/05/2024","71","234","532"
"13/05/2024","12","266","164"
"13/05/2024","6","234","2502"
"13/05/2024","39","2","832"
"13/05/2024","35","266","417"
"13/05/2024","28","4003","130"
"13/05/2024","3","2","273"
"13/05/2024","45","266","277"
"13/05/2024","59","2","149"
"13/05/2024","37","2","219"
"13/05/2024","18","266","365"
"13/05/2024","13","2","309"
"13/05/2024","41","266","473"
"13/05/2024","2","266","287"
"13/05/2024","4","266","538"
"13/05/2024","20","2","79"
"13/05/2024","65","266","384"
"13/05/2024","83","4003","117"
"13/05/2024","56","4003","171"
"13/05/2024","7","234","664"
"13/05/2024","40","266","447"
"13/05/2024","44","266","614"
"13/05/2024","48","266","400"
"13/05/2024","8","266","217"
"13/05/2024","34","234","2100"
"13/05/2024","10","266","428"
"13/05/2024","3","266","29"
"14/05/2024","59","2","40"
"14/05/2024","20","266","37"
"14/05/2024","48","266","727"
"14/05/2024","36","266","195"
"14/05/2024","18","266","512"
"14/05/2024","70","2","404"
"14/05/2024","34","234","2858"
"14/05/2024","27","266","401"
"14/05/2024","65","266","640"
"14/05/2024","2","266","588"
"14/05/2024","7","234","2046"
"14/05/2024","98","2","882"
"14/05/2024","44","266","960"
"14/05/2024","57","234","1514"
"14/05/2024","40","266","437"
"14/05/2024","10","266","147"
"14/05/2024","3","2","76"
"14/05/2024","6","234","2118"
"14/05/2024","61","2","413"
"14/05/2024","16","266","880"
"14/05/2024","8","266","451"
"14/05/2024","70","234","1644"
"14/05/2024","45","266","372"
"14/05/2024","37","2","78"
"14/05/2024","37","4003","143"
"14/05/2024","92","4003","41"
"14/05/2024","71","2","264"
"14/05/2024","12","266","821"
"14/05/2024","28","266","288"
"14/05/2024","41","266","480"
"14/05/2024","28","2","114"
"14/05/2024","4","266","661"
"14/05/2024","13","2","418"
"14/05/2024","20","2","56"
"14/05/2024","39","2","988"
"14/05/2024","83","4003","24"
"14/05/2024","56","4003","380"
"14/05/2024","11","266","350"
"14/05/2024","19","266","476"
"14/05/2024","97","2","69"
"14/05/2024","35","266","611"
"15/05/2024","18","266","438"
"15/05/2024","8","266","610"
"15/05/2024","82","2","104"
"15/05/2024","41","266","387"
"15/05/2024","3","2","121"
"15/05/2024","61","2","145"
"15/05/2024","59","2","111"
"15/05/2024","7","234","1431"
"15/05/2024","20","266","542"
"15/05/2024","13","2","515"
"15/05/2024","6","234","2356"
"15/05/2024","35","266","752"
"15/05/2024","39","2","1144"
"15/05/2024","44","266","1162"
"15/05/2024","48","266","294"
"15/05/2024","97","2","148"
"15/05/2024","16","266","969"
"15/05/2024","34","234","1583"
"15/05/2024","28","266","680"
"15/05/2024","27","266","249"
"15/05/2024","56","4003","530"
"15/05/2024","11","266","266"
"15/05/2024","40","266","313"
"15/05/2024","65","266","503"
"15/05/2024","37","2","54"
"15/05/2024","3","234","579"
"15/05/2024","10","266","438"
"15/05/2024","19","266","548"
"15/05/2024","3","266","193"
"15/05/2024","2","266","1091"
"15/05/2024","28","2","72"
"15/05/2024","20","2","68"
"15/05/2024","83","4003","160"
"15/05/2024","4","266","631"
"15/05/2024","70","234","612"
"15/05/2024","57","234","1980"
"15/05/2024","12","266","904"
"15/05/2024","98","2","1183"
"15/05/2024","36","266","485"
"15/05/2024","70","2","317"
"15/05/2024","45","266","339"
"15/05/2024","71","2","182"
"16/05/2024","16","266","395"
"16/05/2024","20","2","229"
"16/05/2024","11","266","338"
"16/05/2024","45","266","369"
"16/05/2024","83","4003","123"
"16/05/2024","70","234","352"
"16/05/2024","18","266","153"
"16/05/2024","19","266","413"
"16/05/2024","59","2","254"
"16/05/2024","61","2","75"
"16/05/2024","39","2","1107"
"16/05/2024","3","266","271"
"16/05/2024","57","234","870"
"16/05/2024","7","234","803"
"16/05/2024","4","266","1317"
"16/05/2024","36","266","725"
"16/05/2024","65","266","681"
"16/05/2024","12","266","625"
"16/05/2024","3","2","51"
"16/05/2024","98","2","1080"
"16/05/2024","71","2","320"
"16/05/2024","10","266","173"
"16/05/2024","34","234","2316"
"16/05/2024","20","266","390"
"16/05/2024","70","2","625"
"16/05/2024","41","266","1008"
"16/05/2024","2","266","786"
"16/05/2024","13","2","281"
"16/05/2024","8","266","540"
"16/05/2024","6","234","2056"
"16/05/2024","56","4003","226"
"16/05/2024","35","266","756"
"16/05/2024","28","266","1305"
"16/05/2024","3","234","361"
"16/05/2024","37","2","169"
"16/05/2024","27","266","300"
"16/05/2024","82","2","102"
"16/05/2024","44","266","783"
"16/05/2024","28","2","94"
"16/05/2024","48","266","640"
"16/05/2024","40","266","286"
"17/05/2024","35","266","556"
"17/05/2024","41","266","758"
"17/05/2024","34","234","1750"
"17/05/2024","37","2","709"
"17/05/2024","27","266","409"
"17/05/2024","97","2","105"
"17/05/2024","98","2","483"
"17/05/2024","39","2","1416"
"17/05/2024","3","2","74"
"17/05/2024","11","266","524"
"17/05/2024","4","266","988"
"17/05/2024","71","2","123"
"17/05/2024","19","266","77"
"17/05/2024","12","266","198"
"17/05/2024","59","2","212"
"17/05/2024","40","266","180"
"17/05/2024","3","266","382"
"17/05/2024","20","2","148"
"17/05/2024","36","266","1005"
"17/05/2024","70","234","1074"
"17/05/2024","2","266","348"
"17/05/2024","10","266","520"
"17/05/2024","7","234","1090"
"17/05/2024","37","4003","73"
"17/05/2024","82","2","1036"
"17/05/2024","56","4003","144"
"17/05/2024","65","266","742"
"17/05/2024","45","266","349"
"17/05/2024","18","266","456"
"17/05/2024","16","266","1006"
"17/05/2024","13","2","653"
"17/05/2024","6","234","1696"
"17/05/2024","44","266","437"
"17/05/2024","48","266","474"
"17/05/2024","61","2","294"
"17/05/2024","71","234","106"
"17/05/2024","57","234","880"
"17/05/2024","70","2","372"
"17/05/2024","8","266","599"
"18/05/2024","70","234","296"
"18/05/2024","71","2","188"
"18/05/2024","10","266","403"
"18/05/2024","27","266","252"
"18/05/2024","36","266","538"
"18/05/2024","44","266","1264"
"18/05/2024","41","266","312"
"18/05/2024","28","266","280"
"18/05/2024","56","4003","64"
"18/05/2024","34","234","1622"
"18/05/2024","37","2","254"
"18/05/2024","18","266","428"
"18/05/2024","12","266","397"
"18/05/2024","92","4003","48"
"18/05/2024","3","266","385"
"18/05/2024","71","4003","39"
"18/05/2024","40","266","448"
"18/05/2024","45","266","357"
"18/05/2024","19","266","605"
"18/05/2024","98","2","979"
"18/05/2024","20","2","91"
"18/05/2024","61","2","268"
"18/05/2024","11","266","406"
"18/05/2024","7","234","1360"
"18/05/2024","57","234","756"
"18/05/2024","37","4003","146"
"18/05/2024","13","2","487"
"18/05/2024","83","4003","41"
"18/05/2024","35","266","279"
"18/05/2024","65","266","1000"
"18/05/2024","2","266","522"
"18/05/2024","48","266","635"
"18/05/2024","6","234","1158"
"18/05/2024","16","266","1417"
"18/05/2024","8","266","345"
"18/05/2024","97","2","381"
"18/05/2024","4","266","487"
"18/05/2024","39","2","699"
"19/05/2024","98","2","386"
"20/05/2024","37","2","200"
"20/05/2024","92","4003","279"
"20/05/2024","70","234","1522"
"20/05/2024","97","2","424"
"20/05/2024","16","266","353"
"20/05/2024","56","4003","275"
"20/05/2024","98","2","1230"
"20/05/2024","2","266","359"
"20/05/2024","20","2","107"
"20/05/2024","34","234","2524"
"20/05/2024","3","2","47"
"20/05/2024","65","266","687"
"20/05/2024","61","2","292"
"20/05/2024","70","2","221"
"20/05/2024","28","266","337"
"20/05/2024","8","266","709"
"20/05/2024","86","2","762"
"20/05/2024","44","266","359"
"20/05/2024","40","266","481"
"20/05/2024","6","234","1460"
"20/05/2024","35","266","597"
"20/05/2024","82","2","690"
"20/05/2024","12","266","694"
"20/05/2024","3","266","178"
"20/05/2024","27","266","341"
"20/05/2024","4","266","455"
"20/05/2024","36","266","387"
"20/05/2024","11","266","496"
"20/05/2024","48","266","245"
"20/05/2024","83","4003","362"
"20/05/2024","71","4003","38"
"20/05/2024","71","2","240"
"20/05/2024","13","2","645"
"20/05/2024","18","266","296"
"20/05/2024","7","234","1027"
"20/05/2024","41","266","534"
"20/05/2024","39","2","607"
"20/05/2024","19","266","409"
"20/05/2024","45","266","293"
"20/05/2024","10","266","463"
"20/05/2024","37","4003","124"
"21/05/2024","20","2","47"
"21/05/2024","40","266","433"
"21/05/2024","61","2","143"
"21/05/2024","34","234","1684"
"21/05/2024","6","234","2557"
"21/05/2024","7","234","2054"
"21/05/2024","71","4003","150"
"21/05/2024","10","266","550"
"21/05/2024","98","2","296"
"21/05/2024","35","266","1038"
"21/05/2024","83","4003","127"
"21/05/2024","3","266","298"
"21/05/2024","11","266","886"
"21/05/2024","86","2","426"
"21/05/2024","44","266","801"
"21/05/2024","37","2","291"
"21/05/2024","41","266","765"
"21/05/2024","37","4003","96"
"21/05/2024","70","234","820"
"21/05/2024","20","266","249"
"21/05/2024","16","266","543"
"21/05/2024","48","266","472"
"21/05/2024","3","2","406"
"21/05/2024","11","2","129"
"21/05/2024","2","266","749"
"21/05/2024","8","266","727"
"21/05/2024","4","266","681"
"21/05/2024","97","2","575"
"21/05/2024","19","266","392"
"21/05/2024","39","2","786"
"21/05/2024","28","266","321"
"21/05/2024","57","234","1548"
"21/05/2024","70","2","24"
"21/05/2024","92","4003","265"
"21/05/2024","36","266","219"
"21/05/2024","13","2","437"
"21/05/2024","45","266","466"
"21/05/2024","18","266","831"
"21/05/2024","56","4003","456"
"21/05/2024","65","266","742"
"21/05/2024","82","2","452"
"21/05/2024","12","266","672"
"21/05/2024","27","266","391"
"22/05/2024","48","266","892"
"22/05/2024","37","2","95"
"22/05/2024","98","2","1331"
"22/05/2024","16","266","975"
"22/05/2024","4","266","2178"
"22/05/2024","86","2","888"
"22/05/2024","41","266","772"
"22/05/2024","97","6","922"
"22/05/2024","70","234","794"
"22/05/2024","3","2","86"
"22/05/2024","65","266","918"
"22/05/2024","44","266","241"
"22/05/2024","19","266","67"
"22/05/2024","82","2","574"
"22/05/2024","39","2","1233"
"22/05/2024","18","266","531"
"22/05/2024","83","4003","173"
"22/05/2024","3","266","319"
"22/05/2024","10","266","438"
"22/05/2024","70","1504","78"
"22/05/2024","19","1","197"
"22/05/2024","71","2","16"
"22/05/2024","61","2","177"
"22/05/2024","20","266","97"
"22/05/2024","57","234","472"
"22/05/2024","36","266","671"
"22/05/2024","56","4003","101"
"22/05/2024","40","266","482"
"22/05/2024","2","266","612"
"22/05/2024","28","266","402"
"22/05/2024","20","2","328"
"22/05/2024","45","266","431"
"22/05/2024","11","266","2044"
"22/05/2024","35","266","34"
"22/05/2024","97","2","286"
"22/05/2024","92","4003","212"
"22/05/2024","7","234","726"
"22/05/2024","71","4003","321"
"22/05/2024","59","2","328"
"22/05/2024","34","234","1008"
"22/05/2024","27","266","445"
"22/05/2024","6","234","2009"
"22/05/2024","8","266","802"
"22/05/2024","12","266","1030"
"22/05/2024","13","2","73"
"22/05/2024","71","234","261"
"23/05/2024","57","234","2322"
"23/05/2024","12","266","473"
"23/05/2024","35","266","480"
"23/05/2024","4","266","972"
"23/05/2024","83","4003","470"
"23/05/2024","12","2","548"
"23/05/2024","7","234","912"
"23/05/2024","99","2","203"
"23/05/2024","70","234","62"
"23/05/2024","19","1","379"
"23/05/2024","86","2","178"
"23/05/2024","34","234","1220"
"23/05/2024","10","266","487"
"23/05/2024","97","2","133"
"23/05/2024","11","266","1104"
"23/05/2024","45","266","391"
"23/05/2024","2","266","2230"
"23/05/2024","28","266","362"
"23/05/2024","20","2","418"
"23/05/2024","37","2","417"
"23/05/2024","71","4003","167"
"23/05/2024","8","266","392"
"23/05/2024","92","4003","437"
"23/05/2024","41","266","876"
"23/05/2024","56","4003","89"
"23/05/2024","18","266","718"
"23/05/2024","40","266","491"
"23/05/2024","16","266","522"
"23/05/2024","27","266","434"
"23/05/2024","44","266","388"
"23/05/2024","13","2","78"
"23/05/2024","82","2","54"
"23/05/2024","98","2","1335"
"23/05/2024","36","266","584"
"23/05/2024","65","266","842"
"23/05/2024","39","2","590"
"23/05/2024","11","2","241"
"23/05/2024","70","1504","48"
"23/05/2024","61","2","139"
"23/05/2024","3","2","195"
"23/05/2024","48","266","1016"
"23/05/2024","6","234","561"
"23/05/2024","3","266","114"
"24/05/2024","11","266","987"
"24/05/2024","37","4003","8"
"24/05/2024","36","266","252"
"24/05/2024","28","266","301"
"24/05/2024","57","234","1318"
"24/05/2024","65","266","1755"
"24/05/2024","99","2","188"
"24/05/2024","19","1","506"
"24/05/2024","13","2","263"
"24/05/2024","70","234","394"
"24/05/2024","61","2","307"
"24/05/2024","40","2","145"
"24/05/2024","37","2","186"
"24/05/2024","59","2","281"
"24/05/2024","3","266","152"
"24/05/2024","44","266","342"
"24/05/2024","71","4003","282"
"24/05/2024","11","2","370"
"24/05/2024","98","2","1203"
"24/05/2024","48","266","533"
"24/05/2024","86","2","572"
"24/05/2024","35","266","139"
"24/05/2024","82","2","1379"
"24/05/2024","27","266","360"
"24/05/2024","12","266","594"
"24/05/2024","39","2","234"
"24/05/2024","97","2","51"
"24/05/2024","4","266","1189"
"24/05/2024","10","266","753"
"24/05/2024","18","266","397"
"24/05/2024","45","266","430"
"24/05/2024","7","234","922"
"24/05/2024","6","234","1263"
"24/05/2024","20","2","510"
"24/05/2024","2","266","33"
"24/05/2024","34","234","2222"
"24/05/2024","20","1","25"
"24/05/2024","8","266","454"
"24/05/2024","40","266","402"
"24/05/2024","16","266","512"
"25/05/2024","37","2","63"
"25/05/2024","18","266","319"
"25/05/2024","27","266","343"
"25/05/2024","41","266","287"
"25/05/2024","86","2","480"
"25/05/2024","36","266","347"
"25/05/2024","71","4003","219"
"25/05/2024","39","2","373"
"25/05/2024","4","266","377"
"25/05/2024","70","2","135"
"25/05/2024","57","234","1350"
"25/05/2024","3","266","568"
"25/05/2024","16","266","202"
"25/05/2024","12","2","51"
"25/05/2024","34","234","3756"
"25/05/2024","65","266","552"
"25/05/2024","61","2","506"
"25/05/2024","20","2","256"
"25/05/2024","44","266","357"
"25/05/2024","70","1504","230"
"25/05/2024","99","2","14"
"25/05/2024","7","234","1909"
"25/05/2024","6","234","1181"
"25/05/2024","19","1","423"
"25/05/2024","82","2","123"
"25/05/2024","11","266","868"
"25/05/2024","2","266","891"
"25/05/2024","28","266","417"
"25/05/2024","3","2","139"
"25/05/2024","97","2","450"
"25/05/2024","8","266","304"
"25/05/2024","10","266","560"
"25/05/2024","11","2","114"
"25/05/2024","45","266","340"
"25/05/2024","98","2","1942"
"25/05/2024","35","266","681"
"25/05/2024","48","266","195"
"25/05/2024","13","2","152"
"25/05/2024","12","266","622"
"26/05/2024","19","1","127"
"26/05/2024","86","2","353"
"26/05/2024","82","2","637"
"26/05/2024","36","266","789"
"26/05/2024","39","2","614"
"26/05/2024","97","2","117"
"26/05/2024","34","234","2090"
"26/05/2024","98","2","227"
"26/05/2024","65","266","267"
"27/05/2024","34","234","1092"
"27/05/2024","57","234","30"
"27/05/2024","98","2","1115"
"27/05/2024","61","2","121"
"27/05/2024","10","266","534"
"27/05/2024","44","266","397"
"27/05/2024","4","266","537"
"27/05/2024","28","2","371"
"27/05/2024","56","4003","61"
"27/05/2024","18","266","42"
"27/05/2024","11","2","287"
"27/05/2024","82","2","989"
"27/05/2024","70","1504","448"
"27/05/2024","86","2","84"
"27/05/2024","28","266","188"
"27/05/2024","97","2","193"
"27/05/2024","7","234","3200"
"27/05/2024","45","266","421"
"27/05/2024","65","266","648"
"27/05/2024","6","234","1017"
"27/05/2024","70","2","169"
"27/05/2024","11","266","217"
"27/05/2024","70","234","140"
"27/05/2024","19","266","48"
"27/05/2024","36","266","1273"
"27/05/2024","40","266","560"
"27/05/2024","12","266","881"
"27/05/2024","27","266","447"
"27/05/2024","37","2","66"
"27/05/2024","19","1","445"
"27/05/2024","20","2","88"
"27/05/2024","61","234","451"
"27/05/2024","71","4003","315"
"27/05/2024","8","266","596"
"27/05/2024","3","266","529"
"27/05/2024","40","2","365"
"27/05/2024","48","266","432"
"27/05/2024","16","266","286"
"27/05/2024","39","2","125"
"27/05/2024","37","4003","66"
"27/05/2024","39","1504","40"
"27/05/2024","13","2","41"
"27/05/2024","2","266","779"
"27/05/2024","83","4003","284"
"27/05/2024","41","266","519"
"27/05/2024","35","266","390"
"28/05/2024","70","1504","96"
"28/05/2024","40","266","474"
"28/05/2024","70","2","459"
"28/05/2024","92","4003","131"
"28/05/2024","56","4003","164"
"28/05/2024","35","266","136"
"28/05/2024","99","2","141"
"28/05/2024","37","2","17"
"28/05/2024","3","2","236"
"28/05/2024","83","4003","154"
"28/05/2024","3","266","229"
"28/05/2024","61","2","204"
"28/05/2024","86","2","24"
"28/05/2024","82","2","25"
"28/05/2024","20","2","315"
"28/05/2024","10","266","719"
"28/05/2024","97","2","49"
"28/05/2024","16","266","416"
"28/05/2024","4","266","965"
"28/05/2024","44","266","514"
"28/05/2024","6","234","950"
"28/05/2024","36","266","553"
"28/05/2024","28","266","538"
"28/05/2024","11","266","513"
"28/05/2024","12","2","34"
"28/05/2024","13","2","76"
"28/05/2024","57","234","1152"
"28/05/2024","12","266","814"
"28/05/2024","40","2","398"
"28/05/2024","18","266","759"
"28/05/2024","45","266","479"
"28/05/2024","61","234","354"
"28/05/2024","34","234","1342"
"28/05/2024","7","234","774"
"28/05/2024","39","2","396"
"28/05/2024","27","266","393"
"28/05/2024","19","1","376"
"28/05/2024","70","234","264"
"28/05/2024","2","266","702"
"28/05/2024","39","1504","342"
"28/05/2024","41","266","513"
"28/05/2024","65","266","423"
"28/05/2024","37","4003","148"
"28/05/2024","98","2","666"
"28/05/2024","28","2","76"
"28/05/2024","8","266","843"
"28/05/2024","59","2","207"
"28/05/2024","11","2","63"
"28/05/2024","48","266","736"
"28/05/2024","71","4003","385"
"29/05/2024","12","266","942"
"29/05/2024","44","266","585"
"29/05/2024","39","2","253"
"29/05/2024","71","4003","163"
"29/05/2024","28","266","480"
"29/05/2024","36","266","386"
"29/05/2024","3","266","792"
"29/05/2024","65","266","134"
"29/05/2024","71","234","260"
"29/05/2024","37","2","124"
"29/05/2024","70","1504","284"
"29/05/2024","98","2","1251"
"29/05/2024","82","2","734"
"29/05/2024","35","266","862"
"29/05/2024","61","234","191"
"29/05/2024","37","4003","200"
"29/05/2024","4","266","95"
"29/05/2024","2","266","598"
"29/05/2024","99","2","95"
"29/05/2024","3","2","181"
"29/05/2024","41","266","442"
"29/05/2024","92","4003","202"
"29/05/2024","70","2","188"
"29/05/2024","27","266","572"
"29/05/2024","13","2","515"
"29/05/2024","11","266","1093"
"29/05/2024","20","2","105"
"29/05/2024","16","266","322"
"29/05/2024","40","266","443"
"29/05/2024","20","1","18"
"29/05/2024","19","1","686"
"29/05/2024","34","234","4286"
"29/05/2024","61","2","829"
"29/05/2024","18","266","643"
"29/05/2024","45","266","430"
"29/05/2024","8","266","711"
"29/05/2024","11","2","230"
"29/05/2024","56","4003","240"
"29/05/2024","97","2","190"
"29/05/2024","39","1504","478"
"29/05/2024","40","2","19"
"29/05/2024","7","234","1653"
"29/05/2024","48","266","607"
"29/05/2024","6","234","1530"
"29/05/2024","59","2","61"
"29/05/2024","83","4003","300"
"29/05/2024","10","266","762"
"30/05/2024","82","2","1107"
"30/05/2024","2","266","1626"
"30/05/2024","12","266","613"
"30/05/2024","8","266","1010"
"30/05/2024","44","266","671"
"30/05/2024","37","2","107"
"30/05/2024","13","2","165"
"30/05/2024","39","1504","240"
"30/05/2024","28","266","580"
"30/05/2024","70","2","22"
"30/05/2024","11","266","837"
"30/05/2024","71","4003","411"
"30/05/2024","18","266","469"
"30/05/2024","39","2","873"
"30/05/2024","35","266","795"
"30/05/2024","57","234","32"
"30/05/2024","6","234","585"
"30/05/2024","98","2","1053"
"30/05/2024","34","234","4595"
"30/05/2024","70","1504","428"
"30/05/2024","83","4003","17"
"30/05/2024","19","266","14"
"30/05/2024","97","2","701"
"30/05/2024","16","266","717"
"30/05/2024","99","2","350"
"30/05/2024","27","266","507"
"30/05/2024","37","4003","182"
"30/05/2024","13","266","475"
"30/05/2024","86","2","477"
"30/05/2024","59","2","128"
"30/05/2024","40","266","549"
"30/05/2024","61","2","632"
"30/05/2024","10","266","643"
"30/05/2024","4","266","1388"
"30/05/2024","41","266","394"
"30/05/2024","61","234","13"
"30/05/2024","19","1","394"
"30/05/2024","36","266","578"
"30/05/2024","40","2","139"
"30/05/2024","56","4003","194"
"30/05/2024","48","266","595"
"30/05/2024","5","234","344"
"30/05/2024","20","2","224"
"30/05/2024","3","266","825"
"30/05/2024","92","4003","116"
"30/05/2024","45","266","578"
"30/05/2024","7","234","1197"
"31/05/2024","35","266","858"
"31/05/2024","83","4003","231"
"31/05/2024","36","266","476"
"31/05/2024","19","1","115"
"31/05/2024","56","4003","379"
"31/05/2024","44","266","760"
"31/05/2024","19","266","285"
"31/05/2024","99","2","137"
"31/05/2024","39","2","416"
"31/05/2024","8","266","616"
"31/05/2024","13","266","445"
"31/05/2024","5","234","843"
"31/05/2024","57","234","1144"
"31/05/2024","59","2","176"
"31/05/2024","4","266","3128"
"31/05/2024","18","266","702"
"31/05/2024","28","4003","84"
"31/05/2024","6","234","1368"
"31/05/2024","10","1504","374"
"31/05/2024","20","266","37"
"31/05/2024","3","266","569"
"31/05/2024","2","266","548"
"31/05/2024","10","266","1291"
"31/05/2024","71","4003","297"
"31/05/2024","41","266","956"
"31/05/2024","12","2","93"
"31/05/2024","7","234","496"
"31/05/2024","92","4003","124"
"31/05/2024","37","2","444"
"31/05/2024","82","2","353"
"31/05/2024","39","1504","850"
"31/05/2024","97","2","1219"
"31/05/2024","16","266","504"
"31/05/2024","61","2","1102"
"31/05/2024","11","2","12"
"31/05/2024","28","2","40"
"31/05/2024","3","2","49"
"31/05/2024","11","266","1533"
"31/05/2024","98","2","1397"
"31/05/2024","48","266","486"
"31/05/2024","28","266","428"
"31/05/2024","34","234","4641"
"31/05/2024","40","266","615"
"31/05/2024","13","2","205"
"31/05/2024","12","266","52"
"31/05/2024","70","1504","440"
"31/05/2024","20","2","187"
"01/06/2024","61","2","617"
"01/06/2024","12","2","141"
"01/06/2024","6","234","3164"
"01/06/2024","44","266","65"
"01/06/2024","37","4003","366"
"01/06/2024","59","2","179"
"01/06/2024","99","2","253"
"01/06/2024","12","266","280"
"01/06/2024","34","234","1603"
"01/06/2024","4","266","548"
"01/06/2024","37","2","560"
"01/06/2024","39","1504","2656"
"01/06/2024","97","2","340"
"01/06/2024","10","266","1040"
"01/06/2024","83","4003","540"
"01/06/2024","20","2","271"
"01/06/2024","36","2","511"
"01/06/2024","7","234","5152"
"01/06/2024","41","266","266"
"01/06/2024","13","266","1240"
"01/06/2024","98","2","2822"
"01/06/2024","36","266","1363"
"01/06/2024","20","266","527"
"01/06/2024","3","266","709"
"01/06/2024","71","4003","470"
"01/06/2024","82","2","1779"
"01/06/2024","40","266","29"
"01/06/2024","97","6","312"
"01/06/2024","5","234","390"
"01/06/2024","3","2","566"
"01/06/2024","28","2","135"
"01/06/2024","11","2","410"
"01/06/2024","96","2","862"
"01/06/2024","92","4003","473"
"01/06/2024","35","266","2368"
"01/06/2024","70","1504","1046"
"01/06/2024","57","234","2784"
"01/06/2024","39","2","282"
"01/06/2024","13","2","393"
"01/06/2024","11","266","827"
"01/06/2024","16","266","444"
"01/06/2024","56","4003","394"
"01/06/2024","18","266","743"
"02/06/2024","7","234","862"
"02/06/2024","95","2","290"
"02/06/2024","98","2","843"
"02/06/2024","92","4003","800"
"02/06/2024","83","4003","934"
"02/06/2024","59","2","222"
"02/06/2024","86","2","4"
"02/06/2024","56","4003","1024"
"02/06/2024","99","2","307"
"02/06/2024","57","234","704"
"02/06/2024","82","2","1731"
"02/06/2024","96","2","451"
"02/06/2024","97","2","188"
"03/06/2024","28","266","183"
"03/06/2024","11","2","223"
"03/06/2024","13","2","115"
"03/06/2024","48","266","591"
"03/06/2024","4","266","364"
"03/06/2024","12","266","982"
"03/06/2024","7","234","174"
"03/06/2024","44","266","18"
"03/06/2024","82","2","104"
"03/06/2024","11","266","192"
"03/06/2024","41","266","375"
"03/06/2024","86","1504","633"
"03/06/2024","2","266","1243"
"03/06/2024","65","266","819"
"03/06/2024","8","266","440"
"03/06/2024","45","266","406"
"03/06/2024","27","266","594"
"03/06/2024","3","2","189"
"03/06/2024","61","2","884"
"03/06/2024","98","2","644"
"04/06/2024","48","266","635"
"04/06/2024","10","2","117"
"04/06/2024","8","266","342"
"04/06/2024","20","1","45"
"04/06/2024","18","266","631"
"04/06/2024","92","4003","138"
"04/06/2024","2","266","1257"
"04/06/2024","86","1504","594"
"04/06/2024","98","2","77"
"04/06/2024","12","2","25"
"04/06/2024","45","266","835"
"04/06/2024","65","266","883"
"04/06/2024","57","234","540"
"04/06/2024","36","2","204"
"04/06/2024","10","1504","69"
"04/06/2024","61","2","255"
"04/06/2024","27","266","589"
"04/06/2024","28","266","234"
"04/06/2024","12","266","832"
"04/06/2024","11","266","842"
"04/06/2024","39","2","229"
"04/06/2024","5","234","132"
"04/06/2024","71","4003","378"
"04/06/2024","39","1504","166"
"04/06/2024","20","266","307"
"04/06/2024","70","1504","48"
"04/06/2024","7","234","232"
"04/06/2024","4","266","579"
"04/06/2024","40","266","1013"
"04/06/2024","41","266","360"
"04/06/2024","82","2","67"
"04/06/2024","36","266","440"
"04/06/2024","35","266","48"
"05/06/2024","65","266","423"
"05/06/2024","36","266","93"
"05/06/2024","28","266","249"
"05/06/2024","45","266","321"
"05/06/2024","97","234","1096"
"05/06/2024","19","266","951"
"05/06/2024","2","266","863"
"05/06/2024","12","2","25"
"05/06/2024","10","2","196"
"05/06/2024","57","234","860"
"05/06/2024","20","1","129"
"05/06/2024","5","234","38"
"05/06/2024","86","1504","114"
"05/06/2024","11","2","112"
"05/06/2024","7","234","259"
"05/06/2024","39","1504","114"
"05/06/2024","40","266","493"
"05/06/2024","48","266","616"
"05/06/2024","82","2","409"
"05/06/2024","36","2","49"
"05/06/2024","18","266","845"
"05/06/2024","27","266","248"
"05/06/2024","37","2","24"
"05/06/2024","34","234","1646"
"05/06/2024","8","266","475"
"05/06/2024","92","4003","48"
"05/06/2024","3","266","380"
"05/06/2024","98","2","1010"
"05/06/2024","11","266","817"
"05/06/2024","41","266","571"
"05/06/2024","4","266","1071"
"05/06/2024","16","266","334"
"05/06/2024","99","2","135"
"05/06/2024","59","2","116"
"05/06/2024","39","2","255"
"05/06/2024","3","2","165"
"05/06/2024","35","266","1195"
"05/06/2024","70","1504","210"
"05/06/2024","61","2","1242"
"05/06/2024","44","266","353"
"05/06/2024","13","2","511"
"05/06/2024","56","4003","90"
"05/06/2024","6","234","1050"
"05/06/2024","10","1504","239"
"05/06/2024","12","266","892"
"06/06/2024","12","266","655"
"06/06/2024","96","2","425"
"06/06/2024","2","266","859"
"06/06/2024","11","266","618"
"06/06/2024","57","234","782"
"06/06/2024","7","234","372"
"06/06/2024","37","4003","255"
"06/06/2024","18","266","84"
"06/06/2024","40","266","693"
"06/06/2024","59","2","86"
"06/06/2024","65","266","426"
"06/06/2024","39","1504","508"
"06/06/2024","48","266","245"
"06/06/2024","92","4003","45"
"06/06/2024","6","234","1084"
"06/06/2024","39","2","116"
"06/06/2024","97","234","413"
"06/06/2024","8","266","532"
"06/06/2024","19","266","138"
"06/06/2024","93","1504","448"
"06/06/2024","4","266","742"
"06/06/2024","3","266","448"
"06/06/2024","37","2","78"
"06/06/2024","34","234","966"
"06/06/2024","54","1","674"
"06/06/2024","45","266","534"
"06/06/2024","41","266","519"
"06/06/2024","13","2","401"
"06/06/2024","82","2","428"
"06/06/2024","13","266","102"
"06/06/2024","98","2","716"
"06/06/2024","35","266","601"
"06/06/2024","99","2","91"
"06/06/2024","56","4003","342"
"06/06/2024","3","2","10"
"06/06/2024","86","1504","786"
"06/06/2024","36","266","44"
"06/06/2024","61","2","659"
"06/06/2024","70","1504","659"
"06/06/2024","27","266","311"
"06/06/2024","44","266","217"
"06/06/2024","20","1","115"
"06/06/2024","16","266","200"
"07/06/2024","11","266","533"
"07/06/2024","40","266","591"
"07/06/2024","39","2","103"
"07/06/2024","16","266","222"
"07/06/2024","18","266","426"
"07/06/2024","92","4003","53"
"07/06/2024","70","1504","483"
"07/06/2024","36","266","107"
"07/06/2024","86","1504","921"
"07/06/2024","97","234","511"
"07/06/2024","61","2","589"
"07/06/2024","59","2","113"
"07/06/2024","48","266","603"
"07/06/2024","13","266","821"
"07/06/2024","37","2","237"
"07/06/2024","27","266","425"
"07/06/2024","45","266","344"
"07/06/2024","4","266","1254"
"07/06/2024","2","266","375"
"07/06/2024","56","4003","53"
"07/06/2024","57","234","1224"
"07/06/2024","8","266","499"
"07/06/2024","7","234","927"
"07/06/2024","6","234","927"
"07/06/2024","41","266","475"
"07/06/2024","10","1504","299"
"07/06/2024","54","1","62"
"07/06/2024","12","266","721"
"07/06/2024","3","266","750"
"07/06/2024","65","266","467"
"07/06/2024","20","1","246"
"07/06/2024","44","266","364"
"07/06/2024","37","4003","191"
"07/06/2024","35","266","296"
"07/06/2024","13","2","479"
"07/06/2024","93","1504","132"
"07/06/2024","99","2","88"
"07/06/2024","34","234","3238"
"07/06/2024","98","2","1719"
"07/06/2024","39","1504","776"
"07/06/2024","19","266","180"
"08/06/2024","96","2","595"
"08/06/2024","70","1504","192"
"08/06/2024","82","2","6"
"08/06/2024","44","266","281"
"08/06/2024","59","2","76"
"08/06/2024","45","266","279"
"08/06/2024","2","266","135"
"08/06/2024","13","2","158"
"08/06/2024","20","1","62"
"08/06/2024","61","2","63"
"08/06/2024","35","266","201"
"08/06/2024","28","2","13"
"08/06/2024","8","266","661"
"08/06/2024","13","266","249"
"08/06/2024","16","266","351"
"08/06/2024","6","234","1338"
"08/06/2024","65","266","502"
"08/06/2024","57","234","508"
"08/06/2024","98","2","1601"
"08/06/2024","37","4003","182"
"08/06/2024","34","234","2114"
"08/06/2024","4","266","517"
"08/06/2024","56","4003","286"
"08/06/2024","93","1504","584"
"08/06/2024","18","266","153"
"08/06/2024","92","4003","50"
"08/06/2024","19","266","211"
"08/06/2024","54","1","47"
"08/06/2024","3","266","444"
"08/06/2024","11","266","443"
"08/06/2024","97","2","273"
"08/06/2024","40","266","130"
"08/06/2024","86","1504","387"
"08/06/2024","39","1504","746"
"08/06/2024","12","266","554"
"08/06/2024","48","266","434"
"08/06/2024","95","2","77"
"08/06/2024","36","266","210"
"08/06/2024","97","234","308"
"08/06/2024","7","234","1339"
"08/06/2024","27","266","266"
"08/06/2024","41","266","242"
"08/06/2024","10","1504","182"
"08/06/2024","37","2","156"
"08/06/2024","99","2","129"
"09/06/2024","34","234","882"
"10/06/2024","95","2","252"
"10/06/2024","36","266","49"
"10/06/2024","98","2","1103"
"10/06/2024","70","1504","824"
"10/06/2024","48","266","460"
"10/06/2024","44","266","323"
"10/06/2024","40","266","536"
"10/06/2024","86","1504","246"
"10/06/2024","41","266","967"
"10/06/2024","11","266","450"
"10/06/2024","7","234","719"
"10/06/2024","18","266","30"
"10/06/2024","54","1","1064"
"10/06/2024","19","266","866"
"10/06/2024","39","2","302"
"10/06/2024","92","4003","17"
"10/06/2024","97","234","526"
"10/06/2024","13","2","238"
"10/06/2024","59","2","61"
"10/06/2024","10","2","136"
"10/06/2024","45","266","90"
"10/06/2024","35","266","592"
"10/06/2024","20","1","360"
"10/06/2024","27","266","310"
"10/06/2024","99","2","12"
"10/06/2024","61","2","235"
"10/06/2024","93","1504","228"
"10/06/2024","65","266","757"
"10/06/2024","2","266","799"
"10/06/2024","10","1504","128"
"10/06/2024","97","2","14"
"10/06/2024","71","4003","264"
"10/06/2024","37","2","108"
"10/06/2024","34","234","1068"
"10/06/2024","16","266","414"
"10/06/2024","37","4003","121"
"10/06/2024","4","266","944"
"10/06/2024","28","2","71"
"10/06/2024","56","4003","571"
"10/06/2024","8","266","807"
"10/06/2024","12","266","440"
"10/06/2024","61","234","572"
"10/06/2024","57","234","812"
"10/06/2024","39","1504","268"
"10/06/2024","96","2","75"
"11/06/2024","39","1504","2242"
"11/06/2024","39","2","103"
"11/06/2024","41","266","728"
"11/06/2024","86","1504","166"
"11/06/2024","93","1504","218"
"11/06/2024","57","234","868"
"11/06/2024","97","2","55"
"11/06/2024","56","4003","349"
"11/06/2024","59","2","156"
"11/06/2024","54","1","452"
"11/06/2024","2","266","583"
"11/06/2024","58","1504","418"
"11/06/2024","4","266","1026"
"11/06/2024","95","2","380"
"11/06/2024","37","2","228"
"11/06/2024","40","266","332"
"11/06/2024","98","2","1048"
"11/06/2024","34","234","2354"
"11/06/2024","71","4003","283"
"11/06/2024","70","1504","640"
"11/06/2024","45","266","639"
"11/06/2024","12","266","1163"
"11/06/2024","3","266","815"
"11/06/2024","10","2","96"
"11/06/2024","10","1504","55"
"11/06/2024","99","2","177"
"11/06/2024","8","266","661"
"11/06/2024","27","266","366"
"11/06/2024","7","234","1152"
"11/06/2024","35","266","892"
"11/06/2024","65","266","1047"
"11/06/2024","5","234","750"
"11/06/2024","6","234","1119"
"11/06/2024","11","266","1125"
"11/06/2024","48","266","576"
"11/06/2024","61","234","1005"
"11/06/2024","20","1","151"
"11/06/2024","13","2","1031"
"11/06/2024","20","2","287"
"11/06/2024","96","2","79"
"11/06/2024","97","234","1146"
"11/06/2024","28","2","169"
"11/06/2024","44","266","618"
"11/06/2024","16","266","362"
"12/06/2024","35","266","464"
"12/06/2024","37","2","159"
"12/06/2024","7","234","375"
"12/06/2024","2","2","620"
"12/06/2024","40","266","552"
"12/06/2024","13","2","733"
"12/06/2024","95","2","41"
"12/06/2024","97","2","43"
"12/06/2024","61","234","954"
"12/06/2024","41","266","578"
"12/06/2024","27","266","370"
"12/06/2024","93","1504","782"
"12/06/2024","44","266","512"
"12/06/2024","58","1504","510"
"12/06/2024","65","266","1495"
"12/06/2024","86","1504","180"
"12/06/2024","45","266","335"
"12/06/2024","34","234","584"
"12/06/2024","96","2","575"
"12/06/2024","57","234","168"
"12/06/2024","16","266","545"
"12/06/2024","54","1","1053"
"12/06/2024","28","2","217"
"12/06/2024","19","266","540"
"12/06/2024","18","266","15"
"12/06/2024","70","1504","622"
"12/06/2024","20","2","308"
"12/06/2024","48","266","890"
"12/06/2024","6","234","1527"
"12/06/2024","12","266","1375"
"12/06/2024","2","266","311"
"12/06/2024","97","234","1167"
"12/06/2024","10","2","24"
"12/06/2024","98","2","657"
"12/06/2024","19","1","146"
"12/06/2024","56","4003","221"
"12/06/2024","59","2","101"
"12/06/2024","8","266","654"
"12/06/2024","10","1504","126"
"12/06/2024","11","266","907"
"12/06/2024","3","266","244"
"12/06/2024","71","4003","197"
"12/06/2024","39","1504","1108"
"12/06/2024","20","1","117"
"12/06/2024","4","266","1365"
"12/06/2024","39","2","211"
"13/06/2024","16","266","776"
"13/06/2024","54","1","860"
"13/06/2024","27","266","390"
"13/06/2024","97","234","1041"
"13/06/2024","41","266","273"
"13/06/2024","44","266","677"
"13/06/2024","93","1504","732"
"13/06/2024","19","266","500"
"13/06/2024","48","266","793"
"13/06/2024","96","2","287"
"13/06/2024","13","2","541"
"13/06/2024","36","2","39"
"13/06/2024","28","2","87"
"13/06/2024","18","266","156"
"13/06/2024","11","266","550"
"13/06/2024","37","2","472"
"13/06/2024","7","234","1712"
"13/06/2024","59","2","64"
"13/06/2024","61","234","367"
"13/06/2024","8","266","739"
"13/06/2024","3","266","701"
"13/06/2024","2","2","780"
"13/06/2024","10","2","6"
"13/06/2024","57","234","730"
"13/06/2024","86","1504","1397"
"13/06/2024","19","1","39"
"13/06/2024","40","266","692"
"13/06/2024","4","266","911"
"13/06/2024","36","266","209"
"13/06/2024","92","4003","55"
"13/06/2024","35","266","561"
"13/06/2024","39","1504","1400"
"13/06/2024","6","234","907"
"13/06/2024","12","266","1702"
"13/06/2024","39","2","120"
"13/06/2024","70","1504","550"
"13/06/2024","18","2","163"
"13/06/2024","65","266","1703"
"13/06/2024","71","4003","249"
"13/06/2024","56","4003","206"
"13/06/2024","20","2","220"
"13/06/2024","99","2","220"
"13/06/2024","45","266","455"
"13/06/2024","98","2","1625"
"13/06/2024","34","234","1240"
"13/06/2024","20","1","65"
"13/06/2024","2","266","1366"
"13/06/2024","61","2","173"
"13/06/2024","10","266","34"
"14/06/2024","18","266","232"
"14/06/2024","16","266","152"
"14/06/2024","98","2","1710"
"14/06/2024","82","1504","764"
"14/06/2024","58","1504","886"
"14/06/2024","54","1","620"
"14/06/2024","19","266","337"
"14/06/2024","28","2","254"
"14/06/2024","44","266","26"
"14/06/2024","97","234","564"
"14/06/2024","36","266","1095"
"14/06/2024","7","234","1438"
"14/06/2024","57","234","632"
"14/06/2024","8","266","617"
"14/06/2024","20","2","4"
"14/06/2024","40","266","496"
"14/06/2024","10","2","48"
"14/06/2024","61","2","90"
"14/06/2024","34","234","2560"
"14/06/2024","35","266","937"
"14/06/2024","45","266","522"
"14/06/2024","5","234","1028"
"14/06/2024","71","4003","93"
"14/06/2024","4","266","1216"
"14/06/2024","11","266","133"
"14/06/2024","39","1504","840"
"14/06/2024","41","266","147"
"14/06/2024","6","234","703"
"14/06/2024","97","2","39"
"14/06/2024","65","266","1520"
"14/06/2024","99","2","290"
"14/06/2024","86","1504","846"
"14/06/2024","2","266","904"
"14/06/2024","48","266","508"
"14/06/2024","96","2","253"
"14/06/2024","70","1504","977"
"14/06/2024","27","266","318"
"14/06/2024","12","266","8"
"14/06/2024","59","2","279"
"14/06/2024","61","234","849"
"14/06/2024","10","1504","884"
"14/06/2024","93","1504","18"
"14/06/2024","13","2","392"
"14/06/2024","18","2","476"
"14/06/2024","37","2","367"
"15/06/2024","82","1504","620"
"15/06/2024","6","234","307"
"15/06/2024","65","266","1272"
"15/06/2024","19","266","221"
"15/06/2024","71","4003","111"
"15/06/2024","35","266","937"
"15/06/2024","10","2","19"
"15/06/2024","28","2","98"
"15/06/2024","40","266","601"
"15/06/2024","39","1504","672"
"15/06/2024","34","234","1272"
"15/06/2024","13","2","84"
"15/06/2024","44","266","108"
"15/06/2024","4","266","526"
"15/06/2024","45","266","292"
"15/06/2024","20","1","228"
"15/06/2024","3","266","279"
"15/06/2024","20","2","1"
"15/06/2024","70","1504","764"
"15/06/2024","61","234","464"
"15/06/2024","10","1504","1048"
"15/06/2024","54","1","250"
"15/06/2024","12","266","10"
"15/06/2024","11","266","9"
"15/06/2024","59","2","173"
"15/06/2024","99","2","23"
"15/06/2024","7","234","166"
"15/06/2024","5","234","244"
"15/06/2024","2","266","564"
"15/06/2024","97","234","17"
"15/06/2024","41","266","108"
"15/06/2024","96","2","573"
"15/06/2024","98","2","1809"
"15/06/2024","57","234","714"
"15/06/2024","16","266","101"
"15/06/2024","58","1504","508"
"15/06/2024","8","266","243"
"15/06/2024","97","2","327"
"15/06/2024","27","266","252"
"15/06/2024","61","2","96"
"15/06/2024","36","266","1209"
"16/06/2024","57","234","108"
"16/06/2024","34","234","1224"
"16/06/2024","98","2","64"
"17/06/2024","58","1504","976"
"17/06/2024","28","2","33"
"17/06/2024","36","266","1309"
"17/06/2024","54","1","1167"
"17/06/2024","44","266","268"
"17/06/2024","97","2","101"
"17/06/2024","41","266","369"
"17/06/2024","40","266","697"
"17/06/2024","16","266","102"
"17/06/2024","3","266","127"
"17/06/2024","3","2","24"
"17/06/2024","57","234","272"
"17/06/2024","65","266","1310"
"17/06/2024","7","234","1524"
"17/06/2024","8","266","317"
"17/06/2024","59","2","23"
"17/06/2024","82","1504","1756"
"17/06/2024","35","266","399"
"17/06/2024","4","266","636"
"17/06/2024","45","266","354"
"17/06/2024","96","2","73"
"17/06/2024","99","2","106"
"17/06/2024","19","266","670"
"17/06/2024","27","266","349"
"17/06/2024","86","1504","1106"
"17/06/2024","93","1504","981"
"17/06/2024","71","4003","95"
"17/06/2024","2","266","432"
"17/06/2024","37","4003","150"
"17/06/2024","20","1","50"
"17/06/2024","97","234","566"
"17/06/2024","39","2","328"
"17/06/2024","98","2","1152"
"17/06/2024","12","266","402"
"17/06/2024","48","266","554"
"17/06/2024","10","1504","446"
"17/06/2024","70","1504","372"
"17/06/2024","34","234","2962"
"17/06/2024","10","2","20"
"17/06/2024","61","234","345"
"17/06/2024","61","2","23"
"17/06/2024","6","234","897"
"18/06/2024","98","2","555"
"18/06/2024","41","266","335"
"18/06/2024","8","266","736"
"18/06/2024","86","1504","484"
"18/06/2024","54","1","1104"
"18/06/2024","36","266","439"
"18/06/2024","5","234","674"
"18/06/2024","27","266","352"
"18/06/2024","61","234","162"
"18/06/2024","3","2","77"
"18/06/2024","37","2","25"
"18/06/2024","6","234","963"
"18/06/2024","65","266","236"
"18/06/2024","35","266","191"
"18/06/2024","12","266","502"
"18/06/2024","28","2","148"
"18/06/2024","20","1","132"
"18/06/2024","71","234","576"
"18/06/2024","82","1504","2516"
"18/06/2024","48","266","649"
"18/06/2024","34","234","1657"
"18/06/2024","40","266","227"
"18/06/2024","58","1504","192"
"18/06/2024","93","1504","87"
"18/06/2024","16","266","336"
"18/06/2024","7","234","700"
"18/06/2024","13","2","56"
"18/06/2024","44","266","397"
"18/06/2024","99","2","61"
"18/06/2024","70","1504","646"
"18/06/2024","4","266","1356"
"18/06/2024","45","266","436"
"18/06/2024","86","2","40"
"18/06/2024","57","234","284"
"18/06/2024","39","2","465"
"18/06/2024","37","4003","392"
"18/06/2024","19","266","641"
"18/06/2024","2","266","966"
"18/06/2024","97","2","16"
"18/06/2024","20","2","25"
"18/06/2024","97","234","1007"
"19/06/2024","5","234","1250"
"19/06/2024","83","1","58"
"19/06/2024","98","2","1949"
"19/06/2024","48","266","409"
"19/06/2024","44","266","446"
"19/06/2024","3","266","151"
"19/06/2024","37","2","6"
"19/06/2024","82","1504","378"
"19/06/2024","8","266","736"
"19/06/2024","65","266","300"
"19/06/2024","20","2","1"
"19/06/2024","59","2","83"
"19/06/2024","61","2","18"
"19/06/2024","86","1504","194"
"19/06/2024","6","234","1239"
"19/06/2024","54","1","105"
"19/06/2024","19","266","638"
"19/06/2024","34","234","1233"
"19/06/2024","55","2","329"
"19/06/2024","4","266","1160"
"19/06/2024","45","266","481"
"19/06/2024","27","266","358"
"19/06/2024","97","234","328"
"19/06/2024","61","234","28"
"19/06/2024","96","2","343"
"19/06/2024","20","1","330"
"19/06/2024","3","2","97"
"19/06/2024","70","1504","620"
"19/06/2024","71","4003","146"
"19/06/2024","11","266","595"
"19/06/2024","13","2","228"
"19/06/2024","93","1504","9"
"19/06/2024","41","266","473"
"19/06/2024","39","1504","714"
"19/06/2024","37","234","286"
"19/06/2024","99","2","311"
"19/06/2024","57","234","382"
"19/06/2024","2","266","773"
"19/06/2024","39","2","180"
"19/06/2024","40","266","1009"
"19/06/2024","36","266","399"
"19/06/2024","28","2","237"
"19/06/2024","35","266","520"
"19/06/2024","12","266","767"
"19/06/2024","37","4003","147"
"20/06/2024","61","2","55"
"20/06/2024","37","4003","19"
"20/06/2024","97","234","2596"
"20/06/2024","96","2","224"
"20/06/2024","55","2","73"
"20/06/2024","19","266","838"
"20/06/2024","39","1504","349"
"20/06/2024","2","266","1243"
"20/06/2024","20","2","212"
"20/06/2024","86","2","22"
"20/06/2024","6","266","18"
"20/06/2024","36","266","662"
"20/06/2024","98","2","562"
"20/06/2024","12","266","935"
"20/06/2024","3","266","1130"
"20/06/2024","45","266","309"
"20/06/2024","13","2","502"
"20/06/2024","37","234","642"
"20/06/2024","97","6","181"
"20/06/2024","10","2","155"
"20/06/2024","57","234","2206"
"20/06/2024","71","4003","102"
"20/06/2024","48","266","288"
"20/06/2024","6","234","690"
"20/06/2024","44","266","492"
"20/06/2024","59","2","46"
"20/06/2024","83","1","15"
"20/06/2024","97","2","317"
"20/06/2024","70","1504","312"
"20/06/2024","35","266","438"
"20/06/2024","7","234","240"
"20/06/2024","11","266","486"
"20/06/2024","20","1","54"
"20/06/2024","34","234","1124"
"20/06/2024","8","266","449"
"20/06/2024","5","234","248"
"20/06/2024","40","266","502"
"20/06/2024","39","2","574"
"20/06/2024","98","6","20"
"20/06/2024","65","266","996"
"20/06/2024","4","266","830"
"20/06/2024","41","266","253"
"20/06/2024","28","2","283"
"20/06/2024","27","266","369"
"20/06/2024","16","266","194"
"20/06/2024","58","6","370"
"20/06/2024","3","2","7"
"21/06/2024","57","234","448"
"21/06/2024","18","4003","50"
"21/06/2024","37","234","452"
"21/06/2024","59","2","126"
"21/06/2024","6","234","1478"
"21/06/2024","8","266","401"
"21/06/2024","37","4003","87"
"21/06/2024","7","234","1342"
"21/06/2024","13","2","294"
"21/06/2024","18","2","46"
"21/06/2024","55","2","205"
"21/06/2024","34","234","1049"
"21/06/2024","3","266","544"
"21/06/2024","82","2","241"
"21/06/2024","35","266","1291"
"21/06/2024","39","2","546"
"21/06/2024","83","1","250"
"21/06/2024","3","2","41"
"21/06/2024","71","4003","288"
"21/06/2024","45","266","314"
"21/06/2024","12","266","362"
"21/06/2024","41","266","649"
"21/06/2024","97","2","74"
"21/06/2024","36","266","1271"
"21/06/2024","39","1504","297"
"21/06/2024","99","2","26"
"21/06/2024","2","266","1084"
"21/06/2024","61","2","139"
"21/06/2024","96","2","439"
"21/06/2024","98","2","647"
"21/06/2024","97","234","341"
"21/06/2024","36","2","15"
"21/06/2024","71","234","268"
"21/06/2024","65","266","787"
"21/06/2024","5","234","850"
"21/06/2024","28","2","291"
"21/06/2024","16","266","523"
"21/06/2024","4","266","2371"
"21/06/2024","11","266","831"
"21/06/2024","44","266","306"
"21/06/2024","6","266","23"
"21/06/2024","10","2","209"
"21/06/2024","19","266","479"
"21/06/2024","27","266","278"
"21/06/2024","20","2","383"
"22/06/2024","4","266","535"
"22/06/2024","45","266","442"
"22/06/2024","40","266","24"
"22/06/2024","3","266","281"
"22/06/2024","97","234","301"
"22/06/2024","65","266","754"
"22/06/2024","35","266","256"
"22/06/2024","7","234","2454"
"22/06/2024","71","4003","65"
"22/06/2024","28","2","539"
"22/06/2024","44","266","66"
"22/06/2024","39","1504","291"
"22/06/2024","27","266","260"
"22/06/2024","11","266","1057"
"22/06/2024","12","266","691"
"22/06/2024","5","234","1720"
"22/06/2024","19","266","583"
"22/06/2024","37","234","392"
"22/06/2024","2","266","9"
"22/06/2024","98","2","2030"
"22/06/2024","36","266","1197"
"22/06/2024","16","266","880"
"22/06/2024","97","2","155"
"22/06/2024","40","234","958"
"22/06/2024","59","2","118"
"22/06/2024","54","1","69"
"22/06/2024","8","266","442"
"22/06/2024","20","2","479"
"22/06/2024","41","266","463"
"22/06/2024","13","2","85"
"22/06/2024","96","2","328"
"22/06/2024","55","2","566"
"22/06/2024","95","2","242"
"22/06/2024","6","234","2906"
"22/06/2024","34","234","2555"
"22/06/2024","18","2","172"
"22/06/2024","39","2","411"
"22/06/2024","37","4003","26"
"22/06/2024","82","2","141"
"23/06/2024","59","2","14"
"23/06/2024","95","2","139"
"23/06/2024","55","2","259"
"23/06/2024","82","2","263"
"24/06/2024","65","266","877"
"24/06/2024","57","234","918"
"24/06/2024","34","234","1960"
"24/06/2024","37","234","910"
"24/06/2024","39","2","623"
"24/06/2024","40","234","782"
"24/06/2024","35","266","360"
"24/06/2024","4","266","409"
"24/06/2024","44","266","423"
"24/06/2024","11","266","244"
"24/06/2024","96","2","77"
"24/06/2024","18","2","359"
"24/06/2024","41","266","836"
"24/06/2024","45","266","281"
"24/06/2024","13","2","133"
"24/06/2024","37","4003","56"
"24/06/2024","5","234","160"
"24/06/2024","95","1","221"
"24/06/2024","48","266","121"
"24/06/2024","95","2","22"
"24/06/2024","8","266","371"
"24/06/2024","3","266","695"
"24/06/2024","3","2","38"
"24/06/2024","83","1","618"
"24/06/2024","10","1504","490"
"24/06/2024","16","266","168"
"24/06/2024","2","266","244"
"24/06/2024","82","2","370"
"24/06/2024","97","2","312"
"24/06/2024","20","1","76"
"24/06/2024","27","266","318"
"24/06/2024","55","2","25"
"24/06/2024","19","266","739"
"24/06/2024","59","2","105"
"24/06/2024","7","234","3152"
"24/06/2024","20","2","308"
"24/06/2024","48","2","51"
"24/06/2024","36","266","1923"
"24/06/2024","39","1504","133"
"24/06/2024","28","2","63"
"24/06/2024","71","4003","377"
"24/06/2024","12","266","573"
"24/06/2024","98","2","1537"
"25/06/2024","82","2","949"
"25/06/2024","10","1504","756"
"25/06/2024","39","1504","539"
"25/06/2024","18","4003","276"
"25/06/2024","61","2","123"
"25/06/2024","41","266","408"
"25/06/2024","44","266","844"
"25/06/2024","40","234","1032"
"25/06/2024","48","2","280"
"25/06/2024","93","1","65"
"25/06/2024","11","266","255"
"25/06/2024","6","234","814"
"25/06/2024","34","234","3192"
"25/06/2024","2","266","1228"
"25/06/2024","48","266","188"
"25/06/2024","45","266","394"
"25/06/2024","19","266","793"
"25/06/2024","4","266","605"
"25/06/2024","98","2","1074"
"25/06/2024","3","2","13"
"25/06/2024","18","2","66"
"25/06/2024","37","234","421"
"25/06/2024","36","266","225"
"25/06/2024","35","266","787"
"25/06/2024","27","266","368"
"25/06/2024","54","1","12"
"25/06/2024","83","1","632"
"25/06/2024","57","234","1512"
"25/06/2024","97","2","267"
"25/06/2024","39","2","269"
"25/06/2024","20","1","282"
"25/06/2024","37","4003","158"
"25/06/2024","28","2","72"
"25/06/2024","71","4003","270"
"25/06/2024","5","234","928"
"25/06/2024","12","266","502"
"25/06/2024","65","266","765"
"25/06/2024","95","2","249"
"25/06/2024","13","2","446"
"25/06/2024","7","234","2474"
"25/06/2024","8","266","588"
"25/06/2024","95","1","936"
"25/06/2024","16","266","818"
"25/06/2024","3","266","250"
"25/06/2024","96","2","200"
"26/06/2024","35","266","787"
"26/06/2024","37","234","77"
"26/06/2024","48","266","180"
"26/06/2024","71","4003","197"
"26/06/2024","12","266","108"
"26/06/2024","6","234","1812"
"26/06/2024","19","266","494"
"26/06/2024","59","2","13"
"26/06/2024","13","2","364"
"26/06/2024","20","1","336"
"26/06/2024","83","1","322"
"26/06/2024","8","266","397"
"26/06/2024","65","266","389"
"26/06/2024","2","266","972"
"26/06/2024","28","2","176"
"26/06/2024","99","2","225"
"26/06/2024","48","2","142"
"26/06/2024","18","4003","861"
"26/06/2024","27","266","416"
"26/06/2024","44","266","375"
"26/06/2024","95","2","30"
"26/06/2024","98","2","1589"
"26/06/2024","34","234","2110"
"26/06/2024","36","266","534"
"26/06/2024","36","2","370"
"26/06/2024","45","266","549"
"26/06/2024","97","2","154"
"26/06/2024","39","1504","564"
"26/06/2024","70","1504","44"
"26/06/2024","82","2","347"
"26/06/2024","95","1","395"
"26/06/2024","16","266","681"
"26/06/2024","57","234","866"
"26/06/2024","96","2","276"
"26/06/2024","11","266","724"
"26/06/2024","40","234","1426"
"26/06/2024","41","266","400"
"26/06/2024","18","266","36"
"26/06/2024","61","4003","279"
"26/06/2024","93","1","1110"
"26/06/2024","3","266","426"
"26/06/2024","5","234","1020"
"26/06/2024","4","266","474"
"26/06/2024","10","1504","450"
"26/06/2024","7","234","1288"
"26/06/2024","37","4003","333"
"27/06/2024","10","1504","836"
"27/06/2024","3","266","192"
"27/06/2024","41","266","11"
"27/06/2024","55","2","71"
"27/06/2024","95","1","42"
"27/06/2024","48","266","152"
"27/06/2024","45","266","450"
"27/06/2024","11","266","785"
"27/06/2024","93","1","361"
"27/06/2024","96","2","148"
"27/06/2024","35","266","966"
"27/06/2024","28","2","285"
"27/06/2024","3","2","1059"
"27/06/2024","4","266","605"
"27/06/2024","65","266","455"
"27/06/2024","82","2","785"
"27/06/2024","39","2","52"
"27/06/2024","40","234","1280"
"27/06/2024","40","266","47"
"27/06/2024","83","1","707"
"27/06/2024","97","2","159"
"27/06/2024","98","2","2053"
"27/06/2024","20","1","323"
"27/06/2024","19","266","476"
"27/06/2024","37","234","1450"
"27/06/2024","61","4003","69"
"27/06/2024","61","2","500"
"27/06/2024","5","234","684"
"27/06/2024","44","266","449"
"27/06/2024","7","234","1108"
"27/06/2024","57","234","68"
"27/06/2024","16","266","424"
"27/06/2024","27","266","348"
"27/06/2024","59","2","129"
"27/06/2024","58","6","1166"
"27/06/2024","48","2","468"
"27/06/2024","36","266","291"
"27/06/2024","18","2","525"
"27/06/2024","39","1504","417"
"27/06/2024","12","266","769"
"27/06/2024","99","2","80"
"27/06/2024","2","266","968"
"27/06/2024","8","266","963"
"27/06/2024","36","2","2139"
"27/06/2024","34","234","1736"
"27/06/2024","13","2","354"
"27/06/2024","6","234","1867"
"27/06/2024","70","1504","202"
"28/06/2024","3","266","150"
"28/06/2024","57","234","124"
"28/06/2024","16","266","75"
"28/06/2024","12","266","264"
"28/06/2024","93","1","340"
"28/06/2024","65","266","1529"
"28/06/2024","6","234","3508"
"28/06/2024","2","266","807"
"28/06/2024","36","266","104"
"28/06/2024","48","2","142"
"28/06/2024","99","2","69"
"28/06/2024","19","266","277"
"28/06/2024","54","1","63"
"28/06/2024","55","2","74"
"28/06/2024","7","234","3434"
"28/06/2024","82","2","225"
"28/06/2024","28","2","379"
"28/06/2024","5","234","330"
"28/06/2024","20","1","177"
"28/06/2024","35","266","988"
"28/06/2024","71","4003","51"
"28/06/2024","97","2","296"
"28/06/2024","41","266","222"
"28/06/2024","37","234","1385"
"28/06/2024","45","266","347"
"28/06/2024","59","2","13"
"28/06/2024","18","4003","298"
"28/06/2024","96","2","69"
"28/06/2024","4","266","1810"
"28/06/2024","83","1","358"
"28/06/2024","48","266","329"
"28/06/2024","11","266","644"
"28/06/2024","10","1504","632"
"28/06/2024","13","2","306"
"28/06/2024","19","1","20"
"28/06/2024","98","2","1337"
"28/06/2024","8","266","547"
"28/06/2024","40","234","1770"
"28/06/2024","61","2","616"
"28/06/2024","27","266","223"
"28/06/2024","70","1504","366"
"28/06/2024","36","2","907"
"28/06/2024","18","2","97"
"28/06/2024","44","266","708"
"28/06/2024","3","2","208"
"28/06/2024","39","1504","209"
"28/06/2024","20","266","250"
"28/06/2024","34","234","1651"
"29/06/2024","7","234","2770"
"29/06/2024","16","266","349"
"29/06/2024","4","266","1673"
"29/06/2024","44","266","407"
"29/06/2024","19","266","395"
"29/06/2024","10","1504","238"
"29/06/2024","83","1","14"
"29/06/2024","2","266","1221"
"29/06/2024","70","1504","498"
"29/06/2024","65","266","930"
"29/06/2024","34","234","4624"
"29/06/2024","37","234","1509"
"29/06/2024","39","1504","670"
"29/06/2024","11","266","849"
"29/06/2024","6","234","1707"
"29/06/2024","97","2","416"
"29/06/2024","5","234","2390"
"29/06/2024","45","266","241"
"29/06/2024","3","266","539"
"29/06/2024","82","2","1102"
"29/06/2024","96","2","362"
"29/06/2024","86","234","579"
"29/06/2024","18","4003","465"
"29/06/2024","20","266","475"
"29/06/2024","58","2","175"
"29/06/2024","61","2","176"
"29/06/2024","8","266","566"
"29/06/2024","35","266","794"
"29/06/2024","57","234","2096"
"29/06/2024","40","234","2886"
"29/06/2024","39","2","230"
"29/06/2024","41","266","314"
"29/06/2024","99","2","64"
"29/06/2024","36","266","67"
"29/06/2024","18","266","41"
"29/06/2024","98","2","2531"
"29/06/2024","55","2","168"
"29/06/2024","28","2","235"
"29/06/2024","27","266","332"
"29/06/2024","71","4003","318"
"29/06/2024","13","2","136"
"29/06/2024","95","2","66"
"29/06/2024","36","2","1224"
"29/06/2024","20","1","131"
"29/06/2024","3","2","1092"
"29/06/2024","59","2","38"
"30/06/2024","98","2","956"
"30/06/2024","34","234","4369"
"30/06/2024","18","4003","278"
"30/06/2024","97","2","116"
"30/06/2024","7","234","3220"
"30/06/2024","44","266","1064"
"30/06/2024","36","2","804"
"30/06/2024","82","2","464"
"30/06/2024","59","2","38"
"30/06/2024","55","2","60"
"30/06/2024","57","234","1252"
"30/06/2024","58","2","126"
"30/06/2024","40","234","1318"
"30/06/2024","18","2","248"
"30/06/2024","5","234","1734"
"30/06/2024","3","266","1379"
"30/06/2024","36","266","149"
"30/06/2024","86","234","652"
"30/06/2024","95","2","135"
"30/06/2024","65","266","2317"
"30/06/2024","3","2","207"
"30/06/2024","48","2","87"
"30/06/2024","35","266","1344"
"30/06/2024","16","266","1166"
"30/06/2024","39","1504","589"
"30/06/2024","93","1","10"
"30/06/2024","54","2","446"
"30/06/2024","99","2","233"
"30/06/2024","96","2","337"
"30/06/2024","83","1","202"
"30/06/2024","13","2","662"
"30/06/2024","20","266","518"
"30/06/2024","37","234","1556"
"30/06/2024","18","266","292"
"30/06/2024","71","4003","129"
"30/06/2024","61","2","49"
"30/06/2024","11","266","1566"
"01/07/2024","18","266","40"
"01/07/2024","48","2","156"
"01/07/2024","82","2","79"
"01/07/2024","59","2","12"
"01/07/2024","35","266","407"
"01/07/2024","34","234","449"
"01/07/2024","83","1","558"
"01/07/2024","28","2","42"
"01/07/2024","10","2","474"
"01/07/2024","96","2","154"
"01/07/2024","19","266","213"
"01/07/2024","10","266","49"
"01/07/2024","95","2","454"
"01/07/2024","57","234","2428"
"01/07/2024","8","266","157"
"01/07/2024","20","266","121"
"01/07/2024","71","4003","111"
"01/07/2024","86","234","1206"
"01/07/2024","6","234","1081"
"01/07/2024","97","2","284"
"01/07/2024","55","2","284"
"01/07/2024","36","2","294"
"01/07/2024","18","2","50"
"01/07/2024","4","266","484"
"01/07/2024","61","4003","114"
"01/07/2024","5","234","86"
"01/07/2024","3","266","5"
"01/07/2024","65","266","1009"
"01/07/2024","44","266","355"
"01/07/2024","99","2","523"
"01/07/2024","13","2","50"
"01/07/2024","58","2","514"
"01/07/2024","16","266","262"
"01/07/2024","11","266","1502"
"01/07/2024","54","2","470"
"01/07/2024","7","234","62"
"01/07/2024","98","2","1982"
"02/07/2024","10","2","451"
"02/07/2024","37","234","686"
"02/07/2024","5","234","188"
"02/07/2024","98","2","1103"
"02/07/2024","10","266","75"
"02/07/2024","19","266","269"
"02/07/2024","82","2","145"
"02/07/2024","34","234","748"
"02/07/2024","45","266","569"
"02/07/2024","41","266","591"
"02/07/2024","35","266","238"
"02/07/2024","20","266","146"
"02/07/2024","27","266","577"
"02/07/2024","13","2","40"
"02/07/2024","86","234","25"
"02/07/2024","61","4003","1018"
"02/07/2024","36","2","417"
"02/07/2024","4","266","1299"
"02/07/2024","28","2","94"
"02/07/2024","10","1504","48"
"02/07/2024","55","2","226"
"02/07/2024","54","2","685"
"02/07/2024","44","266","20"
"02/07/2024","12","266","738"
"02/07/2024","11","266","365"
"02/07/2024","58","2","176"
"02/07/2024","83","1","357"
"02/07/2024","57","234","712"
"02/07/2024","99","2","490"
"02/07/2024","97","2","460"
"02/07/2024","95","2","377"
"02/07/2024","65","266","277"
"02/07/2024","96","2","43"
"02/07/2024","3","2","206"
"02/07/2024","6","234","38"
"02/07/2024","59","2","429"
"02/07/2024","71","4003","1143"
"02/07/2024","16","266","156"
"02/07/2024","18","2","19"
"02/07/2024","36","266","267"
"03/07/2024","5","234","1252"
"03/07/2024","20","266","427"
"03/07/2024","12","266","785"
"03/07/2024","41","266","384"
"03/07/2024","10","1504","132"
"03/07/2024","27","266","415"
"03/07/2024","45","266","479"
"03/07/2024","11","266","733"
"03/07/2024","35","266","284"
"03/07/2024","65","266","222"
"03/07/2024","34","234","968"
"03/07/2024","70","1504","328"
"03/07/2024","82","2","941"
"03/07/2024","48","2","27"
"03/07/2024","8","266","1084"
"03/07/2024","28","2","44"
"03/07/2024","96","2","433"
"03/07/2024","4","266","1839"
"03/07/2024","19","266","184"
"03/07/2024","86","2","367"
"03/07/2024","16","266","293"
"03/07/2024","2","266","987"
"03/07/2024","44","266","112"
"03/07/2024","93","2","51"
"03/07/2024","71","4003","568"
"03/07/2024","48","266","756"
"03/07/2024","6","234","601"
"03/07/2024","97","2","78"
"03/07/2024","37","234","530"
"03/07/2024","10","266","12"
"03/07/2024","40","234","116"
"03/07/2024","18","2","46"
"03/07/2024","10","2","516"
"03/07/2024","13","2","463"
"03/07/2024","36","2","809"
"03/07/2024","98","2","558"
"03/07/2024","7","234","281"
"03/07/2024","99","2","62"
"03/07/2024","83","1","204"
"04/07/2024","34","234","1444"
"04/07/2024","27","266","494"
"04/07/2024","6","234","695"
"04/07/2024","10","1504","468"
"04/07/2024","93","2","231"
"04/07/2024","16","266","383"
"04/07/2024","5","234","634"
"04/07/2024","13","2","279"
"04/07/2024","2","266","1073"
"04/07/2024","41","266","496"
"04/07/2024","96","2","350"
"04/07/2024","4","266","1419"
"04/07/2024","11","266","840"
"04/07/2024","12","266","663"
"04/07/2024","35","266","506"
"04/07/2024","19","266","196"
"04/07/2024","45","266","554"
"04/07/2024","44","266","416"
"04/07/2024","7","234","951"
"04/07/2024","54","2","254"
"04/07/2024","36","266","324"
"04/07/2024","98","2","2514"
"04/07/2024","82","2","929"
"04/07/2024","8","266","766"
"04/07/2024","70","1504","402"
"04/07/2024","3","266","822"
"04/07/2024","36","2","636"
"04/07/2024","83","1","62"
"04/07/2024","86","2","557"
"04/07/2024","48","266","1072"
"04/07/2024","97","2","266"
"04/07/2024","40","234","1551"
"04/07/2024","20","266","688"
"04/07/2024","37","234","1223"
"04/07/2024","65","266","715"
"05/07/2024","11","266","79"
"05/07/2024","3","2","29"
"05/07/2024","18","4003","426"
"05/07/2024","41","266","429"
"05/07/2024","35","266","724"
"05/07/2024","99","2","201"
"05/07/2024","54","2","182"
"05/07/2024","13","2","438"
"05/07/2024","98","2","1456"
"05/07/2024","7","234","1343"
"05/07/2024","93","2","763"
"05/07/2024","40","234","1831"
"05/07/2024","82","2","948"
"05/07/2024","40","266","6"
"05/07/2024","86","2","739"
"05/07/2024","65","266","246"
"05/07/2024","3","266","412"
"05/07/2024","5","234","1710"
"05/07/2024","44","266","477"
"05/07/2024","16","266","606"
"05/07/2024","97","2","419"
"05/07/2024","36","2","98"
"05/07/2024","70","1504","168"
"05/07/2024","19","266","762"
"05/07/2024","27","266","385"
"05/07/2024","12","266","469"
"05/07/2024","48","266","555"
"05/07/2024","71","234","1176"
"05/07/2024","28","2","50"
"05/07/2024","34","234","2439"
"05/07/2024","10","1504","412"
"05/07/2024","20","266","447"
"05/07/2024","37","234","450"
"05/07/2024","45","266","308"
"05/07/2024","61","2","97"
"05/07/2024","36","266","383"
"05/07/2024","4","266","1518"
"05/07/2024","8","266","607"
"05/07/2024","96","2","321"
"05/07/2024","6","234","233"
"05/07/2024","39","2","34"
"05/07/2024","83","1","87"
"05/07/2024","2","266","929"
"06/07/2024","93","2","709"
"06/07/2024","71","234","494"
"06/07/2024","97","2","113"
"06/07/2024","34","234","2165"
"06/07/2024","37","234","1070"
"06/07/2024","36","2","354"
"06/07/2024","18","4003","813"
"06/07/2024","45","266","364"
"06/07/2024","98","2","889"
"06/07/2024","65","266","30"
"06/07/2024","83","1","106"
"06/07/2024","12","266","669"
"06/07/2024","82","2","907"
"06/07/2024","40","234","493"
"06/07/2024","39","2","76"
"06/07/2024","3","266","1138"
"06/07/2024","35","266","378"
"06/07/2024","11","266","22"
"06/07/2024","36","266","20"
"06/07/2024","5","234","926"
"06/07/2024","86","2","525"
"06/07/2024","44","266","498"
"06/07/2024","20","266","428"
"06/07/2024","2","266","556"
"06/07/2024","7","234","390"
"06/07/2024","13","2","185"
"06/07/2024","54","2","342"
"06/07/2024","16","266","139"
"06/07/2024","19","266","119"
"06/07/2024","8","266","443"
"06/07/2024","59","2","26"
"06/07/2024","6","234","483"
"06/07/2024","4","266","955"
"06/07/2024","3","2","75"
"06/07/2024","55","2","404"
"06/07/2024","57","234","4"
"06/07/2024","28","2","250"
"06/07/2024","99","2","203"
"06/07/2024","27","266","347"
"06/07/2024","48","266","569"
"06/07/2024","10","1504","422"
"06/07/2024","41","266","356"
"06/07/2024","61","2","89"
"06/07/2024","96","2","324"
"07/07/2024","82","2","489"
"07/07/2024","86","2","247"
"07/07/2024","55","2","20"
"07/07/2024","96","2","51"
"07/07/2024","83","1","17"
"07/07/2024","93","2","35"
"08/07/2024","36","2","1234"
"08/07/2024","41","266","288"
"08/07/2024","86","2","144"
"08/07/2024","39","2","38"
"08/07/2024","6","234","1005"
"08/07/2024","10","1504","388"
"08/07/2024","93","2","63"
"08/07/2024","5","234","256"
"08/07/2024","4","266","684"
"08/07/2024","19","266","723"
"08/07/2024","3","2","370"
"08/07/2024","99","2","76"
"08/07/2024","2","266","673"
"08/07/2024","48","266","234"
"08/07/2024","82","2","92"
"08/07/2024","39","1504","110"
"08/07/2024","34","234","1359"
"08/07/2024","57","234","198"
"08/07/2024","55","2","42"
"08/07/2024","27","266","372"
"08/07/2024","70","1504","246"
"08/07/2024","45","266","285"
"08/07/2024","83","1","25"
"08/07/2024","40","234","541"
"08/07/2024","96","2","72"
"08/07/2024","98","2","1191"
"08/07/2024","8","266","442"
"08/07/2024","35","266","931"
"08/07/2024","54","2","209"
"08/07/2024","59","2","80"
"08/07/2024","65","266","51"
"08/07/2024","97","2","30"
"08/07/2024","37","234","726"
"08/07/2024","28","2","214"
"08/07/2024","61","2","164"
"08/07/2024","71","234","354"
"08/07/2024","7","234","1905"
"09/07/2024","98","2","1294"
"09/07/2024","40","234","648"
"09/07/2024","12","266","1334"
"09/07/2024","3","2","390"
"09/07/2024","55","2","138"
"09/07/2024","2","266","787"
"09/07/2024","10","1504","116"
"09/07/2024","86","2","450"
"09/07/2024","35","266","347"
"09/07/2024","65","266","142"
"09/07/2024","4","266","1057"
"09/07/2024","70","1504","456"
"09/07/2024","20","2","82"
"09/07/2024","11","266","154"
"09/07/2024","83","1","716"
"09/07/2024","93","1","39"
"09/07/2024","61","2","230"
"09/07/2024","34","234","1229"
"09/07/2024","8","266","427"
"09/07/2024","71","4003","19"
"09/07/2024","57","234","1890"
"09/07/2024","45","266","473"
"09/07/2024","82","2","603"
"09/07/2024","19","266","259"
"09/07/2024","41","266","655"
"09/07/2024","58","2","92"
"09/07/2024","37","234","681"
"09/07/2024","7","234","1427"
"09/07/2024","71","234","346"
"09/07/2024","13","2","155"
"09/07/2024","36","2","2122"
"09/07/2024","6","234","1551"
"09/07/2024","48","266","366"
"09/07/2024","3","234","626"
"09/07/2024","54","2","145"
"09/07/2024","59","2","22"
"09/07/2024","39","1504","588"
"09/07/2024","27","266","402"
"09/07/2024","93","2","236"
"09/07/2024","99","2","121"
"09/07/2024","96","2","204"
"09/07/2024","97","2","561"
"09/07/2024","28","2","103"
"09/07/2024","5","234","618"
"10/07/2024","36","2","1903"
"10/07/2024","59","2","126"
"10/07/2024","28","2","181"
"10/07/2024","55","2","292"
"10/07/2024","13","2","408"
"10/07/2024","8","266","423"
"10/07/2024","48","266","706"
"10/07/2024","58","2","415"
"10/07/2024","83","1","549"
"10/07/2024","86","2","488"
"10/07/2024","71","234","69"
"10/07/2024","4","266","1606"
"10/07/2024","70","1504","662"
"10/07/2024","37","234","861"
"10/07/2024","16","266","599"
"10/07/2024","3","2","111"
"10/07/2024","93","2","754"
"10/07/2024","11","266","418"
"10/07/2024","85","2","97"
"10/07/2024","7","234","475"
"10/07/2024","99","2","136"
"10/07/2024","3","234","732"
"10/07/2024","61","2","208"
"10/07/2024","71","4003","277"
"10/07/2024","27","266","428"
"10/07/2024","19","266","728"
"10/07/2024","2","266","1003"
"10/07/2024","93","1","44"
"10/07/2024","57","234","1433"
"10/07/2024","35","266","96"
"10/07/2024","40","234","1180"
"10/07/2024","41","266","491"
"10/07/2024","20","2","180"
"10/07/2024","54","2","99"
"10/07/2024","44","266","179"
"10/07/2024","98","2","1561"
"10/07/2024","5","234","545"
"10/07/2024","96","2","214"
"10/07/2024","3","266","127"
"10/07/2024","97","2","352"
"10/07/2024","34","234","1407"
"10/07/2024","18","2","152"
"10/07/2024","45","266","416"
"10/07/2024","82","2","817"
"10/07/2024","6","234","919"
"10/07/2024","12","266","508"
"10/07/2024","39","1504","602"
"10/07/2024","10","1504","498"
"11/07/2024","3","266","396"
"11/07/2024","6","234","1142"
"11/07/2024","71","4003","33"
"11/07/2024","36","2","1531"
"11/07/2024","71","234","317"
"11/07/2024","41","266","567"
"11/07/2024","4","266","1828"
"11/07/2024","96","2","383"
"11/07/2024","57","234","1167"
"11/07/2024","34","234","1876"
"11/07/2024","48","266","825"
"11/07/2024","8","266","447"
"11/07/2024","85","2","17"
"11/07/2024","11","266","545"
"11/07/2024","54","2","59"
"11/07/2024","44","266","76"
"11/07/2024","13","2","318"
"11/07/2024","37","234","1284"
"11/07/2024","16","266","572"
"11/07/2024","20","2","22"
"11/07/2024","45","266","410"
"11/07/2024","55","2","643"
"11/07/2024","35","266","506"
"11/07/2024","2","266","1382"
"11/07/2024","59","2","380"
"11/07/2024","70","1504","192"
"11/07/2024","28","2","180"
"11/07/2024","7","234","536"
"11/07/2024","18","2","225"
"11/07/2024","40","234","698"
"11/07/2024","27","266","448"
"11/07/2024","10","1504","492"
"11/07/2024","3","2","23"
"11/07/2024","12","266","228"
"11/07/2024","98","2","1599"
"11/07/2024","61","2","774"
"11/07/2024","19","266","472"
"11/07/2024","86","2","147"
"11/07/2024","3","234","95"
"11/07/2024","83","1","104"
"11/07/2024","93","2","264"
"11/07/2024","5","234","381"
"11/07/2024","39","1504","746"
"11/07/2024","95","2","284"
"11/07/2024","99","2","72"
"11/07/2024","97","2","100"
"12/07/2024","3","266","501"
"12/07/2024","48","266","658"
"12/07/2024","28","2","181"
"12/07/2024","2","266","444"
"12/07/2024","70","1504","552"
"12/07/2024","10","1504","268"
"12/07/2024","57","234","378"
"12/07/2024","58","2","32"
"12/07/2024","36","2","1237"
"12/07/2024","39","1504","410"
"12/07/2024","7","234","590"
"12/07/2024","37","234","915"
"12/07/2024","59","2","135"
"12/07/2024","85","2","87"
"12/07/2024","8","266","310"
"12/07/2024","27","266","437"
"12/07/2024","16","266","126"
"12/07/2024","35","266","328"
"12/07/2024","97","2","176"
"12/07/2024","71","234","268"
"12/07/2024","3","2","22"
"12/07/2024","71","4003","193"
"12/07/2024","95","2","26"
"12/07/2024","3","234","1000"
"12/07/2024","19","266","1006"
"12/07/2024","13","2","155"
"12/07/2024","6","234","659"
"12/07/2024","61","2","35"
"12/07/2024","34","234","2088"
"12/07/2024","41","266","456"
"12/07/2024","12","266","754"
"12/07/2024","83","1","330"
"12/07/2024","18","2","327"
"12/07/2024","40","234","1416"
"12/07/2024","11","266","1080"
"12/07/2024","4","266","527"
"12/07/2024","55","2","56"
"12/07/2024","5","234","1547"
"12/07/2024","82","2","157"
"12/07/2024","45","266","542"
"12/07/2024","96","2","233"
"12/07/2024","98","2","1210"
"12/07/2024","54","2","30"
"13/07/2024","83","1","647"
"13/07/2024","45","266","295"
"13/07/2024","3","266","150"
"13/07/2024","6","234","1139"
"13/07/2024","48","266","623"
"13/07/2024","19","266","263"
"13/07/2024","98","2","1408"
"13/07/2024","95","2","202"
"13/07/2024","16","266","616"
"13/07/2024","27","266","318"
"13/07/2024","13","2","165"
"13/07/2024","10","1504","762"
"13/07/2024","59","2","12"
"13/07/2024","55","4003","903"
"13/07/2024","8","266","303"
"13/07/2024","34","234","2534"
"13/07/2024","18","2","316"
"13/07/2024","70","1504","314"
"13/07/2024","7","234","909"
"13/07/2024","28","2","191"
"13/07/2024","36","2","379"
"13/07/2024","35","266","229"
"13/07/2024","3","234","1512"
"13/07/2024","4","266","658"
"13/07/2024","96","2","162"
"13/07/2024","85","2","78"
"13/07/2024","11","266","2016"
"13/07/2024","55","2","46"
"13/07/2024","61","2","23"
"13/07/2024","12","266","438"
"13/07/2024","93","2","327"
"13/07/2024","71","234","334"
"13/07/2024","37","234","1349"
"13/07/2024","5","234","844"
"13/07/2024","39","1504","622"
"13/07/2024","71","4003","68"
"13/07/2024","97","2","25"
"13/07/2024","57","234","559"
"13/07/2024","82","2","5"
"13/07/2024","40","234","402"
"13/07/2024","41","266","379"
"13/07/2024","2","266","387"
"13/07/2024","54","2","15"
"14/07/2024","83","1","31"
"14/07/2024","6","234","333"
"14/07/2024","97","2","28"
"14/07/2024","5","234","508"
"14/07/2024","96","2","172"
"14/07/2024","55","4003","805"
"14/07/2024","98","2","201"
"15/07/2024","34","234","1462"
"15/07/2024","11","266","3"
"15/07/2024","13","2","435"
"15/07/2024","48","266","371"
"15/07/2024","61","2","268"
"15/07/2024","3","266","601"
"15/07/2024","2","266","636"
"15/07/2024","6","234","401"
"15/07/2024","27","266","349"
"15/07/2024","39","1504","556"
"15/07/2024","20","2","21"
"15/07/2024","95","2","311"
"15/07/2024","83","1","298"
"15/07/2024","93","2","582"
"15/07/2024","3","234","1378"
"15/07/2024","12","266","499"
"15/07/2024","37","234","960"
"15/07/2024","71","4003","123"
"15/07/2024","28","2","50"
"15/07/2024","35","266","110"
"15/07/2024","5","234","414"
"15/07/2024","96","2","212"
"15/07/2024","18","2","412"
"15/07/2024","58","6","855"
"15/07/2024","36","234","300"
"15/07/2024","59","2","23"
"15/07/2024","85","2","33"
"15/07/2024","57","234","1080"
"15/07/2024","8","266","348"
"15/07/2024","4","266","1231"
"15/07/2024","98","2","996"
"15/07/2024","45","266","339"
"15/07/2024","7","234","662"
"15/07/2024","40","234","1334"
"15/07/2024","19","266","658"
"15/07/2024","99","2","152"
"15/07/2024","41","266","340"
"15/07/2024","16","266","551"
"15/07/2024","36","2","7"
"16/07/2024","86","2","461"
"16/07/2024","48","266","466"
"16/07/2024","3","234","88"
"16/07/2024","39","1504","620"
"16/07/2024","44","266","28"
"16/07/2024","27","266","261"
"16/07/2024","98","2","1272"
"16/07/2024","99","2","343"
"16/07/2024","3","266","394"
"16/07/2024","57","234","447"
"16/07/2024","41","266","366"
"16/07/2024","12","266","544"
"16/07/2024","34","234","1070"
"16/07/2024","13","2","581"
"16/07/2024","8","266","666"
"16/07/2024","96","2","51"
"16/07/2024","83","1","501"
"16/07/2024","82","1504","646"
"16/07/2024","16","266","718"
"16/07/2024","7","234","1050"
"16/07/2024","35","266","62"
"16/07/2024","85","2","152"
"16/07/2024","36","2","134"
"16/07/2024","4","266","1432"
"16/07/2024","61","2","234"
"16/07/2024","28","2","225"
"16/07/2024","36","234","508"
"16/07/2024","55","2","77"
"16/07/2024","18","2","328"
"16/07/2024","59","2","99"
"16/07/2024","45","266","482"
"16/07/2024","2","266","442"
"16/07/2024","40","234","420"
"16/07/2024","93","2","254"
"16/07/2024","37","234","468"
"16/07/2024","70","234","1122"
"16/07/2024","54","2","230"
"16/07/2024","55","4003","37"
"16/07/2024","5","234","266"
"16/07/2024","97","2","234"
"16/07/2024","20","2","192"
"16/07/2024","82","2","19"
"16/07/2024","95","2","722"
"16/07/2024","71","4003","366"
"16/07/2024","19","266","658"
"17/07/2024","95","2","243"
"17/07/2024","20","2","426"
"17/07/2024","13","2","445"
"17/07/2024","71","4003","149"
"17/07/2024","16","266","401"
"17/07/2024","57","234","448"
"17/07/2024","7","234","894"
"17/07/2024","99","2","227"
"17/07/2024","27","266","416"
"17/07/2024","48","266","240"
"17/07/2024","45","266","208"
"17/07/2024","97","2","130"
"17/07/2024","36","2","855"
"17/07/2024","28","2","207"
"17/07/2024","36","234","427"
"17/07/2024","37","234","1089"
"17/07/2024","5","234","804"
"17/07/2024","70","234","870"
"17/07/2024","93","2","202"
"17/07/2024","83","1","516"
"17/07/2024","39","1504","682"
"17/07/2024","8","266","666"
"17/07/2024","4","266","975"
"17/07/2024","11","2","445"
"17/07/2024","10","2","118"
"17/07/2024","70","2","42"
"17/07/2024","86","2","818"
"17/07/2024","59","2","50"
"17/07/2024","40","234","636"
"17/07/2024","12","266","914"
"17/07/2024","34","234","896"
"17/07/2024","61","2","136"
"17/07/2024","86","234","790"
"17/07/2024","18","2","510"
"17/07/2024","41","266","636"
"17/07/2024","39","2","151"
"17/07/2024","96","2","180"
"17/07/2024","85","2","51"
"17/07/2024","98","2","1568"
"17/07/2024","3","266","759"
"17/07/2024","2","266","842"
"17/07/2024","6","234","857"
"17/07/2024","19","266","61"
"18/07/2024","11","2","496"
"18/07/2024","18","266","469"
"18/07/2024","93","2","565"
"18/07/2024","8","266","781"
"18/07/2024","97","2","105"
"18/07/2024","41","266","1271"
"18/07/2024","48","266","703"
"18/07/2024","35","266","22"
"18/07/2024","20","2","408"
"18/07/2024","3","266","441"
"18/07/2024","39","2","90"
"18/07/2024","54","2","29"
"18/07/2024","61","2","277"
"18/07/2024","99","2","207"
"18/07/2024","85","2","17"
"18/07/2024","12","266","572"
"18/07/2024","4","266","1953"
"18/07/2024","45","266","636"
"18/07/2024","5","234","958"
"18/07/2024","6","234","447"
"18/07/2024","28","2","182"
"18/07/2024","86","2","599"
"18/07/2024","86","234","252"
"18/07/2024","34","234","514"
"18/07/2024","96","2","322"
"18/07/2024","83","1","219"
"18/07/2024","7","234","2425"
"18/07/2024","59","2","138"
"18/07/2024","37","234","673"
"18/07/2024","39","1504","699"
"18/07/2024","19","266","800"
"18/07/2024","2","266","1674"
"18/07/2024","16","266","491"
"18/07/2024","27","266","371"
"18/07/2024","55","4003","260"
"18/07/2024","71","4003","127"
"18/07/2024","71","234","300"
"18/07/2024","36","234","530"
"18/07/2024","13","2","221"
"18/07/2024","36","2","1347"
"18/07/2024","18","2","630"
"18/07/2024","98","2","1360"
"18/07/2024","10","2","310"
"18/07/2024","40","234","858"
"18/07/2024","70","234","948"
"19/07/2024","93","2","253"
"19/07/2024","16","266","509"
"19/07/2024","98","2","2171"
"19/07/2024","82","1504","328"
"19/07/2024","59","2","245"
"19/07/2024","18","2","257"
"19/07/2024","10","2","282"
"19/07/2024","45","266","416"
"19/07/2024","3","1504","212"
"19/07/2024","36","2","1213"
"19/07/2024","5","234","366"
"19/07/2024","48","266","305"
"19/07/2024","44","2","829"
"19/07/2024","27","266","328"
"19/07/2024","7","234","1342"
"19/07/2024","83","1","18"
"19/07/2024","36","234","395"
"19/07/2024","39","1504","943"
"19/07/2024","97","2","112"
"19/07/2024","19","266","737"
"19/07/2024","55","2","45"
"19/07/2024","12","266","476"
"19/07/2024","58","6","416"
"19/07/2024","2","234","633"
"19/07/2024","11","2","200"
"19/07/2024","2","266","400"
"19/07/2024","34","234","2527"
"19/07/2024","13","2","39"
"19/07/2024","99","2","279"
"19/07/2024","28","2","210"
"19/07/2024","71","4003","126"
"19/07/2024","96","2","50"
"19/07/2024","6","234","682"
"19/07/2024","20","2","441"
"19/07/2024","4","266","1512"
"19/07/2024","71","234","429"
"19/07/2024","37","234","397"
"19/07/2024","8","266","366"
"19/07/2024","40","234","450"
"19/07/2024","86","2","526"
"19/07/2024","85","2","28"
"19/07/2024","70","234","1733"
"19/07/2024","41","266","677"
"19/07/2024","57","234","900"
"20/07/2024","36","234","69"
"20/07/2024","11","2","172"
"20/07/2024","36","2","1741"
"20/07/2024","97","2","545"
"20/07/2024","82","1504","1540"
"20/07/2024","2","234","642"
"20/07/2024","12","266","701"
"20/07/2024","19","266","523"
"20/07/2024","18","2","29"
"20/07/2024","35","266","3"
"20/07/2024","7","234","985"
"20/07/2024","58","2","142"
"20/07/2024","93","2","20"
"20/07/2024","71","4003","73"
"20/07/2024","57","234","1862"
"20/07/2024","13","2","102"
"20/07/2024","71","234","285"
"20/07/2024","70","234","1498"
"20/07/2024","65","1","52"
"20/07/2024","55","4003","181"
"20/07/2024","2","266","797"
"20/07/2024","37","234","1167"
"20/07/2024","6","234","1150"
"20/07/2024","44","2","825"
"20/07/2024","16","266","168"
"20/07/2024","34","234","2006"
"20/07/2024","8","266","713"
"20/07/2024","41","266","743"
"20/07/2024","99","2","17"
"20/07/2024","27","266","368"
"20/07/2024","5","234","302"
"20/07/2024","98","2","1431"
"20/07/2024","86","2","388"
"20/07/2024","3","1504","409"
"20/07/2024","16","2","321"
"20/07/2024","20","2","174"
"20/07/2024","28","2","131"
"20/07/2024","10","2","381"
"20/07/2024","61","2","166"
"20/07/2024","45","266","446"
"20/07/2024","48","266","301"
"20/07/2024","4","266","1058"
"20/07/2024","39","1504","1022"
"21/07/2024","96","2","25"
"21/07/2024","82","1504","2490"
"21/07/2024","55","4003","47"
"21/07/2024","7","234","1207"
"21/07/2024","57","234","932"
"21/07/2024","5","234","332"
"21/07/2024","6","234","183"
"22/07/2024","61","2","400"
"22/07/2024","3","2","26"
"22/07/2024","6","234","620"
"22/07/2024","8","266","373"
"22/07/2024","12","266","441"
"22/07/2024","82","1504","584"
"22/07/2024","86","2","375"
"22/07/2024","41","266","786"
"22/07/2024","11","2","460"
"22/07/2024","35","266","588"
"22/07/2024","45","266","392"
"22/07/2024","16","2","637"
"22/07/2024","83","1","421"
"22/07/2024","58","2","276"
"22/07/2024","48","266","343"
"22/07/2024","65","1","155"
"22/07/2024","57","234","1019"
"22/07/2024","55","4003","48"
"22/07/2024","71","4003","123"
"22/07/2024","36","2","1640"
"22/07/2024","34","234","1553"
"22/07/2024","65","266","304"
"22/07/2024","37","234","542"
"22/07/2024","40","234","1066"
"22/07/2024","27","266","416"
"22/07/2024","5","234","58"
"22/07/2024","19","266","256"
"22/07/2024","44","2","590"
"22/07/2024","3","1504","65"
"22/07/2024","93","2","66"
"22/07/2024","18","2","95"
"22/07/2024","70","234","905"
"22/07/2024","99","2","141"
"22/07/2024","20","2","269"
"22/07/2024","10","2","368"
"22/07/2024","28","2","191"
"22/07/2024","39","1504","811"
"22/07/2024","98","2","1666"
"22/07/2024","2","234","1951"
"22/07/2024","2","266","355"
"22/07/2024","13","2","117"
"22/07/2024","4","266","474"
"22/07/2024","97","2","199"
"23/07/2024","6","234","799"
"23/07/2024","40","234","720"
"23/07/2024","65","266","1354"
"23/07/2024","37","234","474"
"23/07/2024","35","266","64"
"23/07/2024","71","4003","280"
"23/07/2024","5","234","418"
"23/07/2024","61","2","339"
"23/07/2024","2","266","479"
"23/07/2024","27","266","434"
"23/07/2024","41","266","515"
"23/07/2024","65","1","14"
"23/07/2024","98","2","3309"
"23/07/2024","99","2","540"
"23/07/2024","13","2","272"
"23/07/2024","52","2","214"
"23/07/2024","10","2","286"
"23/07/2024","20","2","243"
"23/07/2024","16","2","651"
"23/07/2024","93","1","304"
"23/07/2024","83","1","167"
"23/07/2024","18","2","281"
"23/07/2024","28","2","191"
"23/07/2024","19","266","446"
"23/07/2024","4","266","652"
"23/07/2024","11","2","430"
"23/07/2024","48","266","373"
"23/07/2024","70","234","1246"
"23/07/2024","12","266","324"
"23/07/2024","86","2","1378"
"23/07/2024","3","1504","351"
"23/07/2024","39","1504","1156"
"23/07/2024","57","234","50"
"23/07/2024","93","2","253"
"23/07/2024","39","2","32"
"23/07/2024","85","2","17"
"23/07/2024","36","2","1327"
"23/07/2024","34","234","1073"
"23/07/2024","82","1504","766"
"23/07/2024","2","234","1315"
"23/07/2024","44","2","891"
"23/07/2024","97","2","398"
"23/07/2024","7","234","937"
"23/07/2024","95","2","41"
"23/07/2024","8","266","248"
"23/07/2024","45","266","370"
"23/07/2024","55","4003","45"
"24/07/2024","65","266","2612"
"24/07/2024","48","266","441"
"24/07/2024","8","266","710"
"24/07/2024","35","266","1254"
"24/07/2024","6","234","861"
"24/07/2024","27","266","353"
"24/07/2024","98","2","1749"
"24/07/2024","99","2","200"
"24/07/2024","58","2","233"
"24/07/2024","96","2","14"
"24/07/2024","11","2","89"
"24/07/2024","82","1504","82"
"24/07/2024","12","266","226"
"24/07/2024","2","266","688"
"24/07/2024","95","2","186"
"24/07/2024","41","266","462"
"24/07/2024","39","1504","596"
"24/07/2024","70","2","21"
"24/07/2024","70","234","398"
"24/07/2024","93","1","108"
"24/07/2024","55","4003","209"
"24/07/2024","10","2","206"
"24/07/2024","61","2","148"
"24/07/2024","4","266","204"
"24/07/2024","57","234","446"
"24/07/2024","34","234","2135"
"24/07/2024","59","2","306"
"24/07/2024","37","234","705"
"24/07/2024","13","2","225"
"24/07/2024","44","2","697"
"24/07/2024","44","266","2138"
"24/07/2024","2","234","88"
"24/07/2024","82","2","269"
"24/07/2024","36","2","1092"
"24/07/2024","40","234","730"
"24/07/2024","52","2","27"
"24/07/2024","97","2","47"
"24/07/2024","7","234","763"
"24/07/2024","19","266","721"
"24/07/2024","86","2","248"
"24/07/2024","39","2","154"
"24/07/2024","28","2","170"
"24/07/2024","5","234","1060"
"24/07/2024","93","2","9"
"24/07/2024","83","1","267"
"24/07/2024","16","2","830"
"24/07/2024","45","266","323"
"24/07/2024","18","2","149"
"24/07/2024","71","4003","138"
"25/07/2024","59","2","227"
"25/07/2024","6","234","345"
"25/07/2024","39","1504","576"
"25/07/2024","8","266","1402"
"25/07/2024","5","234","288"
"25/07/2024","57","234","442"
"25/07/2024","65","1","141"
"25/07/2024","2","234","285"
"25/07/2024","83","1","405"
"25/07/2024","11","2","37"
"25/07/2024","18","2","172"
"25/07/2024","16","266","14"
"25/07/2024","28","2","85"
"25/07/2024","98","2","3449"
"25/07/2024","93","2","56"
"25/07/2024","12","266","626"
"25/07/2024","86","2","767"
"25/07/2024","34","234","1651"
"25/07/2024","7","234","936"
"25/07/2024","71","4003","152"
"25/07/2024","4","266","786"
"25/07/2024","10","2","118"
"25/07/2024","40","234","917"
"25/07/2024","36","2","1495"
"25/07/2024","19","266","952"
"25/07/2024","20","2","45"
"25/07/2024","82","1504","26"
"25/07/2024","82","2","326"
"25/07/2024","95","2","30"
"25/07/2024","35","266","6097"
"25/07/2024","41","266","707"
"25/07/2024","70","234","278"
"25/07/2024","58","6","730"
"25/07/2024","58","2","74"
"25/07/2024","97","2","195"
"25/07/2024","45","266","445"
"25/07/2024","65","266","4208"
"25/07/2024","48","266","696"
"25/07/2024","52","2","47"
"25/07/2024","61","2","160"
"25/07/2024","13","2","66"
"25/07/2024","55","4003","48"
"25/07/2024","99","2","113"
"25/07/2024","37","234","1507"
"25/07/2024","70","2","87"
"25/07/2024","16","2","118"
"25/07/2024","2","266","665"
"25/07/2024","27","266","479"
"25/07/2024","44","266","2843"
"26/07/2024","8","266","581"
"26/07/2024","71","4003","368"
"26/07/2024","98","2","1642"
"26/07/2024","97","2","189"
"26/07/2024","36","2","446"
"26/07/2024","39","1504","729"
"26/07/2024","6","234","899"
"26/07/2024","70","2","211"
"26/07/2024","99","2","142"
"26/07/2024","5","234","688"
"26/07/2024","48","266","444"
"26/07/2024","2","234","2669"
"26/07/2024","16","266","890"
"26/07/2024","59","2","116"
"26/07/2024","95","2","41"
"26/07/2024","40","234","969"
"26/07/2024","34","234","2747"
"26/07/2024","28","2","224"
"26/07/2024","58","6","1052"
"26/07/2024","16","2","6"
"26/07/2024","18","2","36"
"26/07/2024","11","2","86"
"26/07/2024","58","2","60"
"26/07/2024","13","2","273"
"26/07/2024","20","2","203"
"26/07/2024","11","1","310"
"26/07/2024","93","2","45"
"26/07/2024","19","266","405"
"26/07/2024","7","234","815"
"26/07/2024","10","2","479"
"26/07/2024","61","2","238"
"26/07/2024","57","234","403"
"26/07/2024","45","266","386"
"26/07/2024","82","2","642"
"26/07/2024","86","2","734"
"26/07/2024","70","234","1594"
"26/07/2024","3","1504","317"
"26/07/2024","4","2","534"
"26/07/2024","35","266","1277"
"26/07/2024","44","266","1101"
"26/07/2024","41","266","617"
"26/07/2024","65","1","361"
"26/07/2024","37","234","479"
"26/07/2024","27","266","347"
"26/07/2024","55","4003","780"
"26/07/2024","65","266","281"
"26/07/2024","93","1","280"
"26/07/2024","4","266","588"
"26/07/2024","83","1","57"
"27/07/2024","86","2","765"
"27/07/2024","37","234","1472"
"27/07/2024","95","2","19"
"27/07/2024","39","1504","1178"
"27/07/2024","61","2","149"
"27/07/2024","8","266","365"
"27/07/2024","18","2","285"
"27/07/2024","20","2","130"
"27/07/2024","4","266","987"
"27/07/2024","11","1","286"
"27/07/2024","13","2","298"
"27/07/2024","82","2","47"
"27/07/2024","2","234","1410"
"27/07/2024","45","266","550"
"27/07/2024","57","234","1655"
"27/07/2024","40","234","1940"
"27/07/2024","4","2","227"
"27/07/2024","5","234","812"
"27/07/2024","6","234","93"
"27/07/2024","85","2","165"
"27/07/2024","10","2","412"
"27/07/2024","12","266","442"
"27/07/2024","71","234","243"
"27/07/2024","65","1","74"
"27/07/2024","70","234","2803"
"27/07/2024","34","234","1858"
"27/07/2024","55","4003","157"
"27/07/2024","7","234","1689"
"27/07/2024","36","2","695"
"27/07/2024","3","1504","522"
"27/07/2024","71","4003","265"
"27/07/2024","28","2","147"
"27/07/2024","97","2","232"
"27/07/2024","41","266","667"
"27/07/2024","48","266","288"
"27/07/2024","27","266","480"
"27/07/2024","99","2","520"
"27/07/2024","98","2","2233"
"28/07/2024","99","2","50"
"28/07/2024","82","2","1017"
"28/07/2024","70","234","92"
"28/07/2024","58","2","280"
"28/07/2024","59","2","83"
"28/07/2024","96","2","146"
"28/07/2024","93","2","130"
"28/07/2024","98","2","767"
"28/07/2024","7","234","456"
"28/07/2024","55","4003","172"
"28/07/2024","82","1504","28"
"28/07/2024","57","234","1454"
"28/07/2024","85","2","35"
"29/07/2024","59","2","77"
"29/07/2024","98","2","110"
"29/07/2024","99","2","399"
"29/07/2024","85","2","81"
"30/07/2024","6","234","1632"
"30/07/2024","83","1","732"
"30/07/2024","71","234","100"
"30/07/2024","20","2","443"
"30/07/2024","27","266","451"
"30/07/2024","28","2","178"
"30/07/2024","8","266","1310"
"30/07/2024","85","2","240"
"30/07/2024","39","1504","510"
"30/07/2024","45","266","406"
"30/07/2024","57","234","350"
"30/07/2024","18","2","132"
"30/07/2024","55","4003","129"
"30/07/2024","19","266","159"
"30/07/2024","99","2","46"
"30/07/2024","65","1","338"
"30/07/2024","5","234","770"
"30/07/2024","12","2","127"
"30/07/2024","40","234","1443"
"30/07/2024","10","2","224"
"30/07/2024","13","2","337"
"30/07/2024","11","2","66"
"30/07/2024","36","2","482"
"30/07/2024","70","234","1320"
"30/07/2024","4","266","175"
"30/07/2024","36","234","594"
"30/07/2024","59","2","60"
"30/07/2024","70","1504","110"
"30/07/2024","3","1504","26"
"30/07/2024","7","234","1803"
"30/07/2024","34","234","2507"
"30/07/2024","48","266","1034"
"30/07/2024","11","1","1117"
"30/07/2024","98","2","342"
"30/07/2024","37","234","600"
"30/07/2024","61","2","123"
"30/07/2024","44","2","225"
"30/07/2024","93","1","45"
"30/07/2024","71","4003","611"
"30/07/2024","41","266","601"
"31/07/2024","95","1","53"
"31/07/2024","16","2","46"
"31/07/2024","37","234","845"
"31/07/2024","44","2","216"
"31/07/2024","48","266","574"
"31/07/2024","5","234","1416"
"31/07/2024","7","234","1614"
"31/07/2024","85","2","37"
"31/07/2024","28","2","327"
"31/07/2024","18","4003","374"
"31/07/2024","4","266","2296"
"31/07/2024","83","1","897"
"31/07/2024","71","234","350"
"31/07/2024","55","4003","1173"
"31/07/2024","27","266","436"
"31/07/2024","57","234","724"
"31/07/2024","65","1","339"
"31/07/2024","41","266","345"
"31/07/2024","59","2","134"
"31/07/2024","34","234","3252"
"31/07/2024","99","2","102"
"31/07/2024","82","2","700"
"31/07/2024","13","2","119"
"31/07/2024","61","2","281"
"31/07/2024","71","4003","287"
"31/07/2024","98","2","1239"
"31/07/2024","20","2","633"
"31/07/2024","18","2","136"
"31/07/2024","45","266","424"
"31/07/2024","10","2","270"
"31/07/2024","39","1504","1076"
"31/07/2024","6","234","936"
"31/07/2024","8","266","703"
"31/07/2024","93","1","1146"
"31/07/2024","70","234","1640"
"31/07/2024","86","2","525"
"31/07/2024","36","2","230"
"31/07/2024","40","234","2196"
"31/07/2024","36","234","1328"
"31/07/2024","11","1","50"
"01/08/2024","82","2","555"
"01/08/2024","13","2","98"
"01/08/2024","54","1504","970"
"01/08/2024","37","234","1863"
"01/08/2024","70","234","2353"
"01/08/2024","20","2","85"
"01/08/2024","18","4003","250"
"01/08/2024","57","234","177"
"01/08/2024","8","266","447"
"01/08/2024","93","2","163"
"01/08/2024","34","234","4018"
"01/08/2024","18","2","237"
"01/08/2024","48","266","760"
"01/08/2024","98","2","1651"
"01/08/2024","7","234","1425"
"01/08/2024","96","2","455"
"01/08/2024","86","2","541"
"01/08/2024","82","1504","546"
"01/08/2024","58","2","672"
"01/08/2024","28","2","221"
"01/08/2024","55","4003","128"
"01/08/2024","41","266","173"
"01/08/2024","5","234","56"
"01/08/2024","59","2","316"
"01/08/2024","45","266","514"
"01/08/2024","10","2","29"
"01/08/2024","93","1","304"
"01/08/2024","6","234","652"
"01/08/2024","61","2","14"
"01/08/2024","36","2","761"
"01/08/2024","44","2","402"
"01/08/2024","99","2","210"
"01/08/2024","65","1","320"
"01/08/2024","4","266","1005"
"01/08/2024","27","266","451"
"01/08/2024","19","266","279"
"01/08/2024","16","2","290"
"01/08/2024","85","2","504"
"01/08/2024","40","234","1120"
"01/08/2024","83","1","471"
"01/08/2024","39","1504","876"
"02/08/2024","83","1","839"
"02/08/2024","45","266","411"
"02/08/2024","58","2","23"
"02/08/2024","3","1504","586"
"02/08/2024","96","2","164"
"02/08/2024","86","2","11"
"02/08/2024","41","266","332"
"02/08/2024","55","4003","117"
"02/08/2024","85","2","126"
"02/08/2024","93","2","121"
"02/08/2024","13","2","391"
"02/08/2024","28","2","387"
"02/08/2024","65","1","84"
"02/08/2024","8","266","660"
"02/08/2024","61","2","249"
"02/08/2024","27","266","338"
"02/08/2024","4","266","915"
"02/08/2024","11","2","1060"
"02/08/2024","93","1","114"
"02/08/2024","82","1504","234"
"02/08/2024","54","1504","922"
"02/08/2024","19","266","672"
"02/08/2024","97","2","203"
"02/08/2024","10","2","391"
"02/08/2024","44","2","347"
"02/08/2024","6","234","328"
"02/08/2024","20","2","145"
"02/08/2024","7","234","717"
"02/08/2024","2","1504","214"
"02/08/2024","48","266","72"
"02/08/2024","98","2","2147"
"02/08/2024","99","2","66"
"02/08/2024","16","2","542"
"02/08/2024","59","2","184"
"03/08/2024","20","2","192"
"03/08/2024","44","2","455"
"03/08/2024","36","2","1016"
"03/08/2024","10","2","227"
"03/08/2024","8","266","540"
"03/08/2024","41","266","187"
"03/08/2024","34","234","196"
"03/08/2024","16","2","349"
"03/08/2024","99","2","48"
"03/08/2024","19","266","224"
"03/08/2024","4","266","1058"
"03/08/2024","61","2","138"
"03/08/2024","98","2","1804"
"03/08/2024","83","1","133"
"03/08/2024","97","2","37"
"03/08/2024","82","1504","1758"
"03/08/2024","18","2","20"
"03/08/2024","86","1504","544"
"03/08/2024","58","6","376"
"03/08/2024","27","266","139"
"03/08/2024","65","1","200"
"03/08/2024","71","4003","3"
"03/08/2024","37","234","616"
"03/08/2024","6","234","30"
"03/08/2024","2","1504","252"
"03/08/2024","12","2","322"
"03/08/2024","93","1","168"
"03/08/2024","39","1504","654"
"03/08/2024","70","234","949"
"03/08/2024","3","1504","40"
"03/08/2024","13","2","226"
"03/08/2024","93","2","19"
"03/08/2024","82","2","25"
"03/08/2024","28","2","201"
"03/08/2024","11","2","589"
"03/08/2024","96","2","335"
"03/08/2024","40","234","1452"
"03/08/2024","45","266","162"
"03/08/2024","7","234","1311"
"04/08/2024","95","2","23"
"04/08/2024","44","2","94"
"04/08/2024","98","2","1118"
"04/08/2024","93","1","299"
"04/08/2024","96","2","238"
"04/08/2024","59","2","32"
"04/08/2024","86","1504","182"
"04/08/2024","82","2","15"
"05/08/2024","65","1","634"
"05/08/2024","70","2","38"
"05/08/2024","12","2","354"
"05/08/2024","45","266","392"
"05/08/2024","6","234","99"
"05/08/2024","48","266","535"
"05/08/2024","82","1504","58"
"05/08/2024","97","2","199"
"05/08/2024","98","2","1239"
"05/08/2024","4","266","372"
"05/08/2024","58","6","374"
"05/08/2024","19","266","538"
"05/08/2024","82","2","24"
"05/08/2024","83","1","55"
"05/08/2024","28","2","150"
"05/08/2024","35","2","183"
"05/08/2024","37","234","1846"
"05/08/2024","86","1504","268"
"05/08/2024","3","1504","594"
"05/08/2024","36","234","291"
"05/08/2024","5","234","918"
"05/08/2024","10","2","269"
"05/08/2024","2","2","115"
"05/08/2024","36","2","2034"
"05/08/2024","8","266","872"
"05/08/2024","70","234","965"
"05/08/2024","34","234","1298"
"05/08/2024","2","1504","972"
"05/08/2024","4","2","60"
"05/08/2024","57","234","1000"
"05/08/2024","40","234","572"
"05/08/2024","99","2","50"
"05/08/2024","71","234","1238"
"05/08/2024","7","234","545"
"05/08/2024","44","2","101"
"05/08/2024","13","2","31"
"05/08/2024","96","2","25"
"05/08/2024","11","2","367"
"05/08/2024","16","2","465"
"05/08/2024","93","1","106"
"05/08/2024","59","2","45"
"05/08/2024","86","2","29"
"05/08/2024","27","266","357"
"05/08/2024","20","2","198"
"05/08/2024","61","2","242"
"05/08/2024","41","266","404"
"05/08/2024","39","1504","1237"
"06/08/2024","36","2","1204"
"06/08/2024","5","234","1234"
"06/08/2024","59","2","191"
"06/08/2024","37","234","1626"
"06/08/2024","48","266","697"
"06/08/2024","99","2","114"
"06/08/2024","18","4003","347"
"06/08/2024","35","2","442"
"06/08/2024","12","2","318"
"06/08/2024","11","266","68"
"06/08/2024","6","234","1059"
"06/08/2024","86","1504","10"
"06/08/2024","2","2","101"
"06/08/2024","16","2","51"
"06/08/2024","93","1","38"
"06/08/2024","39","1504","1104"
"06/08/2024","10","2","388"
"06/08/2024","8","266","272"
"06/08/2024","52","2","228"
"06/08/2024","19","266","593"
"06/08/2024","70","234","1227"
"06/08/2024","13","2","270"
"06/08/2024","61","2","558"
"06/08/2024","85","2","9"
"06/08/2024","83","1","110"
"06/08/2024","44","2","316"
"06/08/2024","40","234","1306"
"06/08/2024","34","234","1913"
"06/08/2024","57","234","1606"
"06/08/2024","82","2","3"
"06/08/2024","7","234","920"
"06/08/2024","96","2","48"
"06/08/2024","82","1504","776"
"06/08/2024","28","2","231"
"06/08/2024","98","2","1326"
"06/08/2024","95","1","207"
"06/08/2024","2","1504","386"
"06/08/2024","71","234","519"
"06/08/2024","20","2","322"
"06/08/2024","70","2","123"
"06/08/2024","41","266","281"
"06/08/2024","4","266","43"
"07/08/2024","44","2","621"
"07/08/2024","2","2","96"
"07/08/2024","40","234","1770"
"07/08/2024","85","2","19"
"07/08/2024","61","2","65"
"07/08/2024","48","266","15"
"07/08/2024","18","1","52"
"07/08/2024","18","4003","312"
"07/08/2024","65","266","51"
"07/08/2024","83","1","138"
"07/08/2024","28","2","226"
"07/08/2024","10","2","302"
"07/08/2024","93","1","366"
"07/08/2024","39","1504","1056"
"07/08/2024","70","234","506"
"07/08/2024","11","2","423"
"07/08/2024","3","1504","649"
"07/08/2024","96","2","203"
"07/08/2024","82","1504","772"
"07/08/2024","36","2","1183"
"07/08/2024","34","234","1102"
"07/08/2024","4","266","1025"
"07/08/2024","35","2","799"
"07/08/2024","41","266","572"
"07/08/2024","84","2","121"
"07/08/2024","6","234","734"
"07/08/2024","4","2","191"
"07/08/2024","5","234","996"
"07/08/2024","55","4003","97"
"07/08/2024","82","2","81"
"07/08/2024","99","2","226"
"07/08/2024","71","234","17"
"07/08/2024","65","1","229"
"07/08/2024","27","266","423"
"07/08/2024","57","234","954"
"07/08/2024","8","266","436"
"07/08/2024","98","2","2572"
"07/08/2024","59","2","283"
"07/08/2024","52","2","129"
"07/08/2024","97","2","123"
"07/08/2024","7","234","703"
"07/08/2024","20","2","224"
"07/08/2024","13","2","257"
"07/08/2024","16","2","781"
"07/08/2024","45","266","320"
"07/08/2024","19","266","238"
"07/08/2024","37","234","1504"
"08/08/2024","59","2","61"
"08/08/2024","70","2","158"
"08/08/2024","84","2","22"
"08/08/2024","7","234","1670"
"08/08/2024","13","2","211"
"08/08/2024","71","234","36"
"08/08/2024","82","2","160"
"08/08/2024","61","2","271"
"08/08/2024","19","266","156"
"08/08/2024","18","4003","220"
"08/08/2024","58","2","25"
"08/08/2024","44","266","192"
"08/08/2024","58","6","320"
"08/08/2024","83","1","296"
"08/08/2024","4","2","213"
"08/08/2024","65","266","63"
"08/08/2024","35","2","1361"
"08/08/2024","86","1504","24"
"08/08/2024","5","234","1428"
"08/08/2024","71","2","209"
"08/08/2024","2","234","728"
"08/08/2024","96","2","261"
"08/08/2024","2","1504","138"
"08/08/2024","99","2","382"
"08/08/2024","36","2","924"
"08/08/2024","39","1504","406"
"08/08/2024","45","266","209"
"08/08/2024","3","1504","362"
"08/08/2024","20","2","162"
"08/08/2024","44","2","733"
"08/08/2024","93","1","735"
"08/08/2024","55","4003","217"
"08/08/2024","12","2","365"
"08/08/2024","98","2","2747"
"08/08/2024","4","266","1053"
"08/08/2024","40","234","1602"
"08/08/2024","11","2","141"
"08/08/2024","48","266","428"
"08/08/2024","37","234","560"
"08/08/2024","16","266","119"
"08/08/2024","57","234","646"
"08/08/2024","2","2","872"
"08/08/2024","34","234","1876"
"08/08/2024","8","266","698"
"08/08/2024","41","266","568"
"08/08/2024","10","2","282"
"08/08/2024","70","234","837"
"08/08/2024","54","1504","66"
"08/08/2024","27","266","221"
"08/08/2024","16","2","887"
"08/08/2024","6","234","1229"
"08/08/2024","28","2","355"
"08/08/2024","65","1","409"
"08/08/2024","11","266","78"
"08/08/2024","52","2","12"
"08/08/2024","97","2","28"
"09/08/2024","44","2","645"
"09/08/2024","2","234","223"
"09/08/2024","84","2","378"
"09/08/2024","5","234","748"
"09/08/2024","39","1504","582"
"09/08/2024","16","2","503"
"09/08/2024","82","2","405"
"09/08/2024","4","2","176"
"09/08/2024","37","234","1866"
"09/08/2024","97","2","197"
"09/08/2024","12","2","234"
"09/08/2024","3","1504","550"
"09/08/2024","93","1","195"
"09/08/2024","44","266","369"
"09/08/2024","95","2","15"
"09/08/2024","41","266","993"
"09/08/2024","34","234","2150"
"09/08/2024","35","266","238"
"09/08/2024","18","4003","314"
"09/08/2024","13","2","174"
"09/08/2024","8","266","576"
"09/08/2024","83","1","36"
"09/08/2024","7","234","1342"
"09/08/2024","16","266","295"
"09/08/2024","2","1504","404"
"09/08/2024","98","2","2189"
"09/08/2024","85","2","11"
"09/08/2024","70","234","1482"
"09/08/2024","99","2","306"
"09/08/2024","57","234","660"
"09/08/2024","20","2","223"
"09/08/2024","71","2","253"
"09/08/2024","28","2","276"
"09/08/2024","61","2","269"
"09/08/2024","48","266","390"
"09/08/2024","10","2","101"
"09/08/2024","96","2","155"
"09/08/2024","55","4003","225"
"09/08/2024","36","2","911"
"09/08/2024","35","2","1230"
"09/08/2024","4","266","1194"
"09/08/2024","11","2","83"
"09/08/2024","19","266","741"
"09/08/2024","6","234","1268"
"09/08/2024","40","234","1038"
"09/08/2024","65","1","240"
"10/08/2024","48","266","154"
"10/08/2024","83","1","8"
"10/08/2024","2","1504","1218"
"10/08/2024","5","234","820"
"10/08/2024","41","266","454"
"10/08/2024","96","2","543"
"10/08/2024","70","234","1823"
"10/08/2024","99","2","100"
"10/08/2024","93","1","194"
"10/08/2024","84","2","118"
"10/08/2024","6","234","1299"
"10/08/2024","34","234","1176"
"10/08/2024","20","2","92"
"10/08/2024","61","2","142"
"10/08/2024","8","266","133"
"10/08/2024","2","234","142"
"10/08/2024","71","2","195"
"10/08/2024","3","1504","221"
"10/08/2024","18","4003","185"
"10/08/2024","36","2","72"
"10/08/2024","28","2","135"
"10/08/2024","40","234","1386"
"10/08/2024","65","1","133"
"10/08/2024","27","266","203"
"10/08/2024","19","266","306"
"10/08/2024","82","2","49"
"10/08/2024","16","2","617"
"10/08/2024","55","4003","235"
"10/08/2024","44","2","533"
"10/08/2024","13","2","276"
"10/08/2024","35","2","171"
"10/08/2024","45","266","203"
"10/08/2024","98","2","2707"
"10/08/2024","4","266","233"
"10/08/2024","71","234","1079"
"10/08/2024","39","1504","890"
"10/08/2024","97","2","4"
"10/08/2024","35","266","507"
"10/08/2024","37","234","1010"
"10/08/2024","7","234","1886"
"10/08/2024","12","2","329"
"10/08/2024","10","2","56"
"10/08/2024","11","2","275"
"11/08/2024","98","2","638"
"11/08/2024","55","4003","690"
"11/08/2024","70","234","86"
"11/08/2024","57","234","188"
"11/08/2024","2","1504","200"
"11/08/2024","82","2","254"
"12/08/2024","61","2","251"
"12/08/2024","18","4003","136"
"12/08/2024","2","1504","928"
"12/08/2024","83","1","38"
"12/08/2024","86","1504","356"
"12/08/2024","71","2","45"
"12/08/2024","52","2","17"
"12/08/2024","13","2","217"
"12/08/2024","34","234","2452"
"12/08/2024","36","2","72"
"12/08/2024","12","1504","126"
"12/08/2024","5","234","168"
"12/08/2024","4","266","238"
"12/08/2024","65","1","196"
"12/08/2024","28","2","161"
"12/08/2024","40","234","1320"
"12/08/2024","55","4003","68"
"12/08/2024","39","1504","708"
"12/08/2024","54","1504","198"
"12/08/2024","19","266","252"
"12/08/2024","20","2","35"
"12/08/2024","3","1504","164"
"12/08/2024","7","234","702"
"12/08/2024","98","2","802"
"12/08/2024","93","1","275"
"12/08/2024","12","2","466"
"12/08/2024","8","266","554"
"12/08/2024","11","266","467"
"12/08/2024","57","234","768"
"12/08/2024","82","2","403"
"12/08/2024","37","234","1548"
"12/08/2024","35","266","860"
"12/08/2024","16","2","516"
"12/08/2024","10","2","41"
"12/08/2024","45","266","282"
"12/08/2024","95","1","224"
"12/08/2024","4","2","26"
"12/08/2024","70","234","574"
"12/08/2024","2","234","165"
"12/08/2024","44","2","298"
"12/08/2024","86","2","649"
"13/08/2024","86","1504","658"
"13/08/2024","59","2","78"
"13/08/2024","13","2","75"
"13/08/2024","41","266","171"
"13/08/2024","95","1","305"
"13/08/2024","99","2","34"
"13/08/2024","40","234","1968"
"13/08/2024","8","266","516"
"13/08/2024","6","234","425"
"13/08/2024","45","266","480"
"13/08/2024","65","1","469"
"13/08/2024","5","234","1634"
"13/08/2024","44","2","463"
"13/08/2024","37","234","920"
"13/08/2024","12","2","179"
"13/08/2024","10","2","233"
"13/08/2024","11","266","932"
"13/08/2024","54","1","763"
"13/08/2024","2","1504","945"
"13/08/2024","93","1","887"
"13/08/2024","20","2","153"
"13/08/2024","18","2","17"
"13/08/2024","12","1504","96"
"13/08/2024","83","1","901"
"13/08/2024","35","266","2888"
"13/08/2024","70","234","1188"
"13/08/2024","4","2","38"
"13/08/2024","11","2","349"
"13/08/2024","16","2","960"
"13/08/2024","27","266","384"
"13/08/2024","82","1504","168"
"13/08/2024","36","2","93"
"13/08/2024","19","266","350"
"13/08/2024","3","1504","1132"
"13/08/2024","7","234","1372"
"13/08/2024","28","2","328"
"13/08/2024","4","266","904"
"13/08/2024","34","234","548"
"13/08/2024","96","2","18"
"13/08/2024","57","234","348"
"13/08/2024","82","2","84"
"13/08/2024","98","2","1518"
"13/08/2024","61","2","291"
"13/08/2024","18","4003","353"
"13/08/2024","39","1504","317"
"14/08/2024","5","234","952"
"14/08/2024","6","234","664"
"14/08/2024","37","234","1326"
"14/08/2024","65","1","274"
"14/08/2024","44","2","778"
"14/08/2024","18","4003","271"
"14/08/2024","13","2","386"
"14/08/2024","2","1504","1287"
"14/08/2024","83","1","319"
"14/08/2024","95","1","87"
"14/08/2024","11","2","530"
"14/08/2024","93","1","578"
"14/08/2024","10","2","225"
"14/08/2024","70","234","890"
"14/08/2024","8","266","330"
"14/08/2024","86","1504","44"
"14/08/2024","82","2","72"
"14/08/2024","16","2","671"
"14/08/2024","57","234","1142"
"14/08/2024","82","1504","738"
"14/08/2024","12","2","21"
"14/08/2024","40","234","1284"
"14/08/2024","61","2","126"
"14/08/2024","97","2","192"
"14/08/2024","54","1","854"
"14/08/2024","39","1504","523"
"14/08/2024","34","234","1348"
"14/08/2024","20","2","137"
"14/08/2024","71","2","266"
"14/08/2024","7","234","1826"
"14/08/2024","71","234","233"
"14/08/2024","3","1504","632"
"14/08/2024","4","266","1168"
"14/08/2024","27","266","338"
"14/08/2024","2","2","51"
"14/08/2024","35","266","436"
"14/08/2024","98","2","1569"
"14/08/2024","35","2","428"
"14/08/2024","28","2","285"
"14/08/2024","45","266","374"
"14/08/2024","41","266","220"
"14/08/2024","36","2","683"
"14/08/2024","19","266","949"
"14/08/2024","53","1","309"
"15/08/2024","16","2","623"
"15/08/2024","84","2","13"
"15/08/2024","5","234","1880"
"15/08/2024","2","1504","819"
"15/08/2024","70","234","1193"
"15/08/2024","27","266","322"
"15/08/2024","99","2","17"
"15/08/2024","53","1","410"
"15/08/2024","18","4003","341"
"15/08/2024","34","234","1438"
"15/08/2024","44","2","904"
"15/08/2024","13","2","200"
"15/08/2024","61","2","52"
"15/08/2024","12","2","5"
"15/08/2024","95","1","17"
"15/08/2024","41","266","208"
"15/08/2024","37","234","2038"
"15/08/2024","83","1","691"
"15/08/2024","40","234","1076"
"15/08/2024","18","2","161"
"15/08/2024","54","1","1102"
"15/08/2024","20","2","587"
"15/08/2024","71","234","700"
"15/08/2024","36","266","13"
"15/08/2024","2","2","126"
"15/08/2024","86","1504","170"
"15/08/2024","82","2","509"
"15/08/2024","98","2","1222"
"15/08/2024","35","2","1365"
"15/08/2024","10","2","235"
"15/08/2024","4","266","719"
"15/08/2024","19","266","55"
"15/08/2024","45","266","370"
"15/08/2024","65","1","412"
"15/08/2024","36","2","596"
"15/08/2024","97","2","77"
"15/08/2024","11","2","241"
"15/08/2024","28","2","298"
"15/08/2024","8","266","297"
"15/08/2024","6","234","2036"
"15/08/2024","57","234","1152"
"15/08/2024","39","1504","1103"
"15/08/2024","71","2","89"
"15/08/2024","7","234","1552"
"15/08/2024","93","1","359"
"15/08/2024","3","1504","612"
"15/08/2024","48","266","37"
"15/08/2024","82","1504","98"
"16/08/2024","53","1","308"
"16/08/2024","71","234","676"
"16/08/2024","36","2","523"
"16/08/2024","70","234","1438"
"16/08/2024","71","2","349"
"16/08/2024","10","2","244"
"16/08/2024","40","234","208"
"16/08/2024","55","4003","4"
"16/08/2024","82","2","44"
"16/08/2024","99","2","32"
"16/08/2024","34","234","2398"
"16/08/2024","35","2","968"
"16/08/2024","95","2","394"
"16/08/2024","20","2","336"
"16/08/2024","39","1504","750"
"16/08/2024","54","1","49"
"16/08/2024","5","234","1928"
"16/08/2024","61","2","470"
"16/08/2024","16","2","812"
"16/08/2024","83","1","510"
"16/08/2024","2","2","87"
"16/08/2024","28","2","233"
"16/08/2024","45","266","378"
"16/08/2024","98","2","2876"
"16/08/2024","96","2","106"
"16/08/2024","65","1","408"
"16/08/2024","70","1504","78"
"16/08/2024","86","1504","60"
"16/08/2024","93","1","674"
"16/08/2024","57","234","566"
"16/08/2024","11","2","877"
"16/08/2024","19","266","460"
"16/08/2024","4","266","1377"
"16/08/2024","6","234","1274"
"16/08/2024","8","266","50"
"16/08/2024","2","1504","606"
"16/08/2024","3","1504","530"
"16/08/2024","18","2","153"
"16/08/2024","59","2","36"
"16/08/2024","27","266","327"
"16/08/2024","44","2","1154"
"16/08/2024","7","234","2250"
"16/08/2024","41","266","356"
"16/08/2024","12","1504","898"
"16/08/2024","13","2","269"
"16/08/2024","37","234","1882"
"17/08/2024","83","1","379"
"17/08/2024","7","234","756"
"17/08/2024","61","2","151"
"17/08/2024","2","2","79"
"17/08/2024","18","2","6"
"17/08/2024","71","2","34"
"17/08/2024","85","2","12"
"17/08/2024","82","2","172"
"17/08/2024","70","234","1533"
"17/08/2024","3","1504","244"
"17/08/2024","6","234","2015"
"17/08/2024","98","2","2264"
"17/08/2024","96","2","229"
"17/08/2024","2","1504","925"
"17/08/2024","20","2","115"
"17/08/2024","93","1","210"
"17/08/2024","71","234","978"
"17/08/2024","10","2","207"
"17/08/2024","59","2","24"
"17/08/2024","12","2","6"
"17/08/2024","40","234","1390"
"17/08/2024","4","266","1563"
"17/08/2024","16","2","690"
"17/08/2024","37","234","2132"
"17/08/2024","65","1","508"
"17/08/2024","95","1","23"
"17/08/2024","5","234","1526"
"17/08/2024","12","1504","604"
"17/08/2024","44","2","660"
"17/08/2024","41","266","745"
"17/08/2024","19","266","626"
"17/08/2024","28","2","376"
"17/08/2024","27","266","323"
"17/08/2024","13","2","270"
"17/08/2024","95","2","212"
"17/08/2024","11","2","168"
"17/08/2024","57","234","1160"
"17/08/2024","54","1","809"
"17/08/2024","70","2","152"
"17/08/2024","36","2","305"
"17/08/2024","34","234","4782"
"17/08/2024","35","2","730"
"17/08/2024","18","4003","337"
"17/08/2024","99","2","8"
"17/08/2024","39","1504","822"
"17/08/2024","45","266","203"
"17/08/2024","53","1","343"
"18/08/2024","59","2","166"
"18/08/2024","99","2","17"
"18/08/2024","98","2","331"
"18/08/2024","57","234","3748"
"18/08/2024","95","2","57"
"19/08/2024","40","234","1550"
"19/08/2024","12","2","44"
"19/08/2024","57","234","136"
"19/08/2024","5","234","984"
"19/08/2024","4","266","1068"
"19/08/2024","13","2","212"
"19/08/2024","85","2","20"
"19/08/2024","35","2","1074"
"19/08/2024","59","2","181"
"19/08/2024","41","266","300"
"19/08/2024","54","1","191"
"19/08/2024","28","2","50"
"19/08/2024","16","2","466"
"19/08/2024","37","234","750"
"19/08/2024","3","1504","60"
"19/08/2024","99","2","44"
"19/08/2024","98","2","1291"
"19/08/2024","96","2","201"
"19/08/2024","82","1504","62"
"19/08/2024","82","2","439"
"19/08/2024","19","266","177"
"19/08/2024","7","234","1600"
"19/08/2024","65","1","262"
"19/08/2024","11","2","538"
"19/08/2024","12","1504","616"
"19/08/2024","36","2","616"
"19/08/2024","39","1504","372"
"19/08/2024","61","2","90"
"19/08/2024","34","234","856"
"19/08/2024","2","1504","440"
"19/08/2024","11","266","321"
"19/08/2024","27","266","239"
"19/08/2024","20","2","163"
"19/08/2024","93","1","482"
"19/08/2024","44","2","720"
"19/08/2024","10","2","211"
"19/08/2024","45","266","273"
"19/08/2024","83","1","155"
"19/08/2024","6","234","1090"
"19/08/2024","86","1504","22"
"20/08/2024","97","2","132"
"20/08/2024","53","1","56"
"20/08/2024","39","1504","1554"
"20/08/2024","54","1","792"
"20/08/2024","7","234","1372"
"20/08/2024","8","266","712"
"20/08/2024","12","1504","604"
"20/08/2024","34","234","1560"
"20/08/2024","37","234","1066"
"20/08/2024","19","266","171"
"20/08/2024","58","6","697"
"20/08/2024","27","266","307"
"20/08/2024","93","1","557"
"20/08/2024","71","2","306"
"20/08/2024","82","2","84"
"20/08/2024","98","2","1727"
"20/08/2024","13","2","784"
"20/08/2024","10","2","458"
"20/08/2024","11","266","157"
"20/08/2024","70","234","1208"
"20/08/2024","44","2","927"
"20/08/2024","28","2","270"
"20/08/2024","70","1504","542"
"20/08/2024","65","1","305"
"20/08/2024","35","2","898"
"20/08/2024","59","2","170"
"20/08/2024","57","234","610"
"20/08/2024","16","2","795"
"20/08/2024","86","2","434"
"20/08/2024","83","1","613"
"20/08/2024","40","234","912"
"20/08/2024","20","2","146"
"20/08/2024","45","266","439"
"20/08/2024","52","2","39"
"20/08/2024","96","2","382"
"20/08/2024","36","2","537"
"20/08/2024","11","2","656"
"20/08/2024","99","2","60"
"20/08/2024","3","1504","468"
"20/08/2024","5","234","450"
"20/08/2024","41","266","426"
"20/08/2024","4","266","772"
"21/08/2024","98","2","1746"
"21/08/2024","97","2","22"
"21/08/2024","19","266","332"
"21/08/2024","44","2","731"
"21/08/2024","85","2","10"
"21/08/2024","99","2","36"
"21/08/2024","27","266","324"
"21/08/2024","96","2","41"
"21/08/2024","70","1504","82"
"21/08/2024","53","1","311"
"21/08/2024","54","1","890"
"21/08/2024","12","1504","144"
"21/08/2024","16","2","704"
"21/08/2024","39","1504","372"
"21/08/2024","13","1","175"
"21/08/2024","55","1","97"
"21/08/2024","57","234","540"
"21/08/2024","65","1","410"
"21/08/2024","5","234","1504"
"21/08/2024","86","1504","8"
"21/08/2024","52","2","50"
"21/08/2024","20","2","125"
"21/08/2024","18","2","20"
"21/08/2024","82","2","1007"
"21/08/2024","3","1504","632"
"21/08/2024","4","266","2567"
"21/08/2024","28","2","175"
"21/08/2024","36","2","569"
"21/08/2024","41","266","352"
"21/08/2024","8","266","403"
"21/08/2024","11","2","507"
"21/08/2024","37","234","780"
"21/08/2024","45","266","336"
"21/08/2024","40","234","2414"
"21/08/2024","35","2","684"
"21/08/2024","34","234","1198"
"21/08/2024","4","2","39"
"21/08/2024","7","234","768"
"21/08/2024","10","2","434"
"21/08/2024","83","1","126"
"21/08/2024","70","234","390"
"21/08/2024","86","2","330"
"21/08/2024","59","2","42"
"21/08/2024","13","2","336"
"21/08/2024","93","1","56"
"22/08/2024","55","1","143"
"22/08/2024","41","266","292"
"22/08/2024","8","266","392"
"22/08/2024","18","2","174"
"22/08/2024","3","1504","768"
"22/08/2024","3","2","123"
"22/08/2024","19","2","61"
"22/08/2024","4","2","262"
"22/08/2024","13","1","111"
"22/08/2024","97","2","49"
"22/08/2024","61","4003","35"
"22/08/2024","85","2","7"
"22/08/2024","44","266","61"
"22/08/2024","86","1504","16"
"22/08/2024","86","2","713"
"22/08/2024","16","2","567"
"22/08/2024","82","2","72"
"22/08/2024","82","1504","36"
"22/08/2024","10","2","416"
"22/08/2024","36","2","423"
"22/08/2024","71","2","73"
"22/08/2024","99","2","155"
"22/08/2024","39","1504","516"
"22/08/2024","58","6","630"
"22/08/2024","37","234","1358"
"22/08/2024","20","2","133"
"22/08/2024","27","266","375"
"22/08/2024","93","1","779"
"22/08/2024","5","234","566"
"22/08/2024","4","266","1765"
"22/08/2024","19","266","337"
"22/08/2024","70","234","694"
"22/08/2024","54","1","431"
"22/08/2024","40","234","1854"
"22/08/2024","61","2","311"
"22/08/2024","34","234","2124"
"22/08/2024","70","1504","492"
"22/08/2024","2","1504","316"
"22/08/2024","71","4003","98"
"22/08/2024","48","1504","161"
"22/08/2024","13","2","165"
"22/08/2024","98","2","2234"
"22/08/2024","57","234","1466"
"22/08/2024","96","2","130"
"22/08/2024","83","1","199"
"22/08/2024","59","2","145"
"22/08/2024","28","2","260"
"22/08/2024","52","2","99"
"22/08/2024","11","2","377"
"22/08/2024","12","1504","582"
"22/08/2024","35","2","805"
"22/08/2024","6","234","262"
"22/08/2024","45","266","479"
"22/08/2024","7","234","1320"
"22/08/2024","65","1","26"
"22/08/2024","44","2","314"
"22/08/2024","53","1","64"
"23/08/2024","16","2","844"
"23/08/2024","65","1","137"
"23/08/2024","97","2","549"
"23/08/2024","83","1","123"
"23/08/2024","28","2","215"
"23/08/2024","41","266","617"
"23/08/2024","40","234","682"
"23/08/2024","18","2","95"
"23/08/2024","27","266","312"
"23/08/2024","96","2","817"
"23/08/2024","86","2","27"
"23/08/2024","54","1","1288"
"23/08/2024","82","2","513"
"23/08/2024","3","1504","494"
"23/08/2024","71","4003","91"
"23/08/2024","44","266","668"
"23/08/2024","3","2","72"
"23/08/2024","35","2","1065"
"23/08/2024","4","2","302"
"23/08/2024","20","2","194"
"23/08/2024","8","266","45"
"23/08/2024","11","2","254"
"23/08/2024","59","2","244"
"23/08/2024","37","234","1278"
"23/08/2024","36","2","718"
"23/08/2024","12","1504","512"
"23/08/2024","39","1504","810"
"23/08/2024","2","1504","392"
"23/08/2024","58","6","380"
"23/08/2024","70","234","76"
"23/08/2024","45","266","350"
"23/08/2024","13","1","409"
"23/08/2024","34","234","2042"
"23/08/2024","13","2","288"
"23/08/2024","10","2","263"
"23/08/2024","53","1","235"
"23/08/2024","71","2","318"
"23/08/2024","98","2","1673"
"23/08/2024","55","1","53"
"23/08/2024","44","2","25"
"23/08/2024","4","266","2206"
"23/08/2024","70","1504","392"
"23/08/2024","12","266","55"
"23/08/2024","7","234","2768"
"23/08/2024","93","1","170"
"23/08/2024","61","2","440"
"23/08/2024","57","234","806"
"23/08/2024","48","1504","440"
"23/08/2024","5","234","564"
"23/08/2024","99","2","132"
"24/08/2024","4","266","3460"
"24/08/2024","41","266","170"
"24/08/2024","35","2","706"
"24/08/2024","34","234","1944"
"24/08/2024","12","266","97"
"24/08/2024","40","234","1030"
"24/08/2024","37","234","3034"
"24/08/2024","45","266","322"
"24/08/2024","83","1","927"
"24/08/2024","20","2","494"
"24/08/2024","2","1504","160"
"24/08/2024","27","266","325"
"24/08/2024","93","1","110"
"24/08/2024","36","2","1099"
"24/08/2024","28","2","523"
"24/08/2024","71","4003","105"
"24/08/2024","70","1504","610"
"24/08/2024","54","1","51"
"24/08/2024","44","266","695"
"24/08/2024","8","266","999"
"24/08/2024","55","1","196"
"24/08/2024","99","2","347"
"24/08/2024","18","2","514"
"24/08/2024","10","2","286"
"24/08/2024","53","1","45"
"24/08/2024","12","1504","86"
"24/08/2024","16","2","760"
"24/08/2024","11","2","281"
"24/08/2024","96","2","128"
"24/08/2024","98","2","609"
"24/08/2024","5","234","2572"
"24/08/2024","65","1","273"
"24/08/2024","39","1504","296"
"24/08/2024","71","2","411"
"24/08/2024","3","1504","454"
"24/08/2024","13","1","455"
"24/08/2024","13","2","187"
"24/08/2024","52","2","143"
"24/08/2024","61","2","315"
"24/08/2024","48","1504","535"
"24/08/2024","19","266","234"
"24/08/2024","3","2","88"
"24/08/2024","59","2","191"
"24/08/2024","57","234","60"
"24/08/2024","7","234","1864"
"24/08/2024","44","2","52"
"25/08/2024","59","2","144"
"25/08/2024","4","266","1733"
"25/08/2024","7","234","598"
"25/08/2024","52","2","48"
"25/08/2024","85","2","9"
"25/08/2024","83","1","341"
"25/08/2024","40","234","218"
"25/08/2024","96","2","352"
"25/08/2024","97","2","24"
"25/08/2024","54","1","229"
"25/08/2024","57","234","1174"
"25/08/2024","99","2","416"
"25/08/2024","55","1","367"
"26/08/2024","10","2","430"
"26/08/2024","71","2","56"
"26/08/2024","40","234","514"
"26/08/2024","61","2","846"
"26/08/2024","16","2","542"
"26/08/2024","65","1","237"
"26/08/2024","7","234","276"
"26/08/2024","13","1","472"
"26/08/2024","59","2","40"
"26/08/2024","12","1504","346"
"26/08/2024","61","4003","21"
"26/08/2024","99","2","229"
"26/08/2024","39","1504","1020"
"26/08/2024","37","234","528"
"26/08/2024","5","234","88"
"26/08/2024","82","2","88"
"26/08/2024","54","1","760"
"26/08/2024","4","266","16"
"26/08/2024","28","2","197"
"26/08/2024","71","4003","139"
"26/08/2024","36","2","1926"
"26/08/2024","98","2","2050"
"26/08/2024","35","2","661"
"26/08/2024","11","2","498"
"26/08/2024","85","2","41"
"26/08/2024","48","1504","211"
"26/08/2024","19","266","200"
"26/08/2024","3","1504","598"
"26/08/2024","27","266","366"
"26/08/2024","70","1504","410"
"26/08/2024","55","1","19"
"26/08/2024","82","1504","650"
"26/08/2024","96","2","252"
"26/08/2024","8","266","477"
"26/08/2024","41","266","581"
"26/08/2024","2","1504","860"
"26/08/2024","44","266","354"
"26/08/2024","45","266","335"
"26/08/2024","53","1","808"
"26/08/2024","34","234","1160"
"26/08/2024","97","2","180"
"27/08/2024","34","234","2230"
"27/08/2024","5","234","850"
"27/08/2024","59","2","108"
"27/08/2024","6","1504","322"
"27/08/2024","20","2","93"
"27/08/2024","27","266","384"
"27/08/2024","71","4003","81"
"27/08/2024","18","2","34"
"27/08/2024","96","2","104"
"27/08/2024","55","1","63"
"27/08/2024","53","1","324"
"27/08/2024","41","266","910"
"27/08/2024","48","1504","369"
"27/08/2024","93","1","57"
"27/08/2024","93","2","855"
"27/08/2024","8","266","466"
"27/08/2024","61","4003","61"
"27/08/2024","70","1504","678"
"27/08/2024","86","1504","1016"
"27/08/2024","82","1504","3098"
"27/08/2024","2","1504","674"
"27/08/2024","99","2","297"
"27/08/2024","36","2","1203"
"27/08/2024","97","2","128"
"27/08/2024","44","266","750"
"27/08/2024","83","1","52"
"27/08/2024","4","266","2161"
"27/08/2024","7","234","736"
"27/08/2024","98","2","2023"
"27/08/2024","85","2","15"
"27/08/2024","11","2","503"
"27/08/2024","19","266","48"
"27/08/2024","4","2","165"
"27/08/2024","40","234","1706"
"27/08/2024","37","234","1502"
"27/08/2024","13","1","172"
"27/08/2024","65","1","398"
"27/08/2024","12","1504","574"
"27/08/2024","28","2","82"
"27/08/2024","61","2","363"
"27/08/2024","82","2","355"
"27/08/2024","45","266","508"
"27/08/2024","54","1","471"
"27/08/2024","10","2","373"
"27/08/2024","71","2","56"
"27/08/2024","3","1504","628"
"27/08/2024","13","2","295"
"27/08/2024","16","2","794"
"27/08/2024","39","1504","1100"
"27/08/2024","35","2","758"
"28/08/2024","12","1504","666"
"28/08/2024","37","2","105"
"28/08/2024","11","2","42"
"28/08/2024","83","1","6"
"28/08/2024","86","1504","3586"
"28/08/2024","93","2","271"
"28/08/2024","98","2","2402"
"28/08/2024","55","1","492"
"28/08/2024","7","234","1460"
"28/08/2024","39","1504","1698"
"28/08/2024","97","2","75"
"28/08/2024","57","234","1734"
"28/08/2024","37","234","278"
"28/08/2024","41","266","968"
"28/08/2024","4","266","1333"
"28/08/2024","27","266","359"
"28/08/2024","61","2","63"
"28/08/2024","2","1504","726"
"28/08/2024","36","2","1035"
"28/08/2024","35","2","879"
"28/08/2024","82","2","3"
"28/08/2024","34","234","3254"
"28/08/2024","40","234","636"
"28/08/2024","10","2","197"
"28/08/2024","16","2","666"
"28/08/2024","45","266","336"
"28/08/2024","59","2","189"
"28/08/2024","53","1","156"
"28/08/2024","48","1504","274"
"28/08/2024","20","2","36"
"28/08/2024","28","2","432"
"28/08/2024","61","4003","165"
"28/08/2024","18","2","221"
"28/08/2024","3","2","26"
"28/08/2024","6","1504","827"
"28/08/2024","71","4003","357"
"28/08/2024","13","2","411"
"28/08/2024","44","266","549"
"28/08/2024","54","1","192"
"28/08/2024","65","1","316"
"28/08/2024","5","234","1454"
"28/08/2024","4","2","74"
"28/08/2024","82","1504","3770"
"28/08/2024","99","2","445"
"28/08/2024","3","1504","740"
"28/08/2024","70","1504","756"
"29/08/2024","98","2","2966"
"29/08/2024","12","1504","130"
"29/08/2024","4","2","262"
"29/08/2024","44","266","689"
"29/08/2024","2","1504","362"
"29/08/2024","65","1","285"
"29/08/2024","36","2","652"
"29/08/2024","59","2","145"
"29/08/2024","61","2","238"
"29/08/2024","3","1504","580"
"29/08/2024","84","2","92"
"29/08/2024","57","234","782"
"29/08/2024","10","2","322"
"29/08/2024","7","234","1689"
"29/08/2024","16","2","734"
"29/08/2024","11","266","650"
"29/08/2024","34","234","2710"
"29/08/2024","41","266","791"
"29/08/2024","71","4003","196"
"29/08/2024","70","1504","698"
"29/08/2024","37","2","228"
"29/08/2024","11","2","20"
"29/08/2024","55","2","27"
"29/08/2024","55","1","161"
"29/08/2024","5","234","1810"
"29/08/2024","40","234","227"
"29/08/2024","8","266","207"
"29/08/2024","6","234","527"
"29/08/2024","86","1504","2762"
"29/08/2024","18","2","117"
"29/08/2024","48","1504","214"
"29/08/2024","4","266","735"
"29/08/2024","45","266","354"
"29/08/2024","83","1","263"
"29/08/2024","82","1504","524"
"29/08/2024","99","2","386"
"29/08/2024","35","2","518"
"29/08/2024","61","4003","82"
"29/08/2024","28","2","360"
"29/08/2024","93","1","26"
"29/08/2024","20","2","189"
"29/08/2024","37","234","82"
"29/08/2024","96","2","191"
"29/08/2024","39","1504","1566"
"29/08/2024","27","266","353"
"29/08/2024","13","2","345"
"29/08/2024","6","1504","409"
"29/08/2024","13","1","13"
"29/08/2024","97","2","33"
"30/08/2024","3","1504","1170"
"30/08/2024","55","1","110"
"30/08/2024","6","1504","454"
"30/08/2024","36","2","575"
"30/08/2024","7","234","2873"
"30/08/2024","99","2","275"
"30/08/2024","11","266","850"
"30/08/2024","20","2","457"
"30/08/2024","55","2","26"
"30/08/2024","18","2","663"
"30/08/2024","61","2","99"
"30/08/2024","61","4003","48"
"30/08/2024","44","266","572"
"30/08/2024","97","2","140"
"30/08/2024","19","2","55"
"30/08/2024","34","234","1672"
"30/08/2024","35","2","258"
"30/08/2024","27","266","388"
"30/08/2024","71","234","340"
"30/08/2024","86","1504","2186"
"30/08/2024","2","1504","1670"
"30/08/2024","83","1","281"
"30/08/2024","82","1504","1032"
"30/08/2024","48","1504","62"
"30/08/2024","3","2","18"
"30/08/2024","96","2","429"
"30/08/2024","4","266","724"
"30/08/2024","39","1504","610"
"30/08/2024","13","2","448"
"30/08/2024","54","1","421"
"30/08/2024","82","2","2"
"30/08/2024","59","2","51"
"30/08/2024","37","234","986"
"30/08/2024","41","266","623"
"30/08/2024","10","2","778"
"30/08/2024","4","2","45"
"30/08/2024","5","234","856"
"30/08/2024","65","1","367"
"30/08/2024","16","2","483"
"30/08/2024","37","2","64"
"30/08/2024","98","2","3527"
"30/08/2024","71","4003","1048"
"30/08/2024","28","2","759"
"30/08/2024","70","1504","1798"
"30/08/2024","45","266","310"
"30/08/2024","6","234","418"
"30/08/2024","12","1504","724"
"31/08/2024","99","2","647"
"31/08/2024","83","1","100"
"31/08/2024","98","2","341"
"31/08/2024","10","2","292"
"31/08/2024","55","1","548"
"31/08/2024","97","2","4"
"31/08/2024","59","2","408"
"31/08/2024","95","2","363"
"31/08/2024","82","1504","3516"
"31/08/2024","93","1","50"
"31/08/2024","57","234","322"
"31/08/2024","86","1504","228"
"31/08/2024","96","2","291"
"31/08/2024","7","234","594"
"31/08/2024","20","2","355"
"31/08/2024","55","2","29"
"31/08/2024","54","1","56"
"01/09/2024","82","1504","1350"
"01/09/2024","98","2","6"
"01/09/2024","96","2","176"
"01/09/2024","93","2","659"
"02/09/2024","28","2","166"
"02/09/2024","37","2","166"
"02/09/2024","44","266","267"
"02/09/2024","6","234","271"
"02/09/2024","36","2","462"
"02/09/2024","34","234","1260"
"02/09/2024","20","2","108"
"02/09/2024","54","1","453"
"02/09/2024","11","266","395"
"02/09/2024","8","266","75"
"02/09/2024","98","2","2205"
"02/09/2024","19","266","353"
"02/09/2024","45","266","383"
"02/09/2024","2","1504","432"
"02/09/2024","5","234","342"
"02/09/2024","39","1504","529"
"02/09/2024","16","2","234"
"02/09/2024","41","266","360"
"02/09/2024","27","266","387"
"02/09/2024","48","1504","202"
"02/09/2024","35","2","694"
"02/09/2024","12","1504","414"
"02/09/2024","65","1","11"
"03/09/2024","45","266","216"
"03/09/2024","37","2","50"
"03/09/2024","35","2","1388"
"03/09/2024","28","2","205"
"03/09/2024","39","1504","1000"
"03/09/2024","54","1504","176"
"03/09/2024","70","1504","620"
"03/09/2024","53","2023","738"
"03/09/2024","54","1","927"
"03/09/2024","35","234","376"
"03/09/2024","11","266","870"
"03/09/2024","93","1504","54"
"03/09/2024","44","266","596"
"03/09/2024","13","2","237"
"03/09/2024","27","266","440"
"03/09/2024","61","2","177"
"03/09/2024","58","6","385"
"03/09/2024","41","266","455"
"03/09/2024","3","1504","666"
"03/09/2024","82","2","233"
"03/09/2024","83","1","46"
"03/09/2024","20","2","128"
"03/09/2024","7","234","656"
"03/09/2024","98","2","1561"
"03/09/2024","16","2","421"
"03/09/2024","12","1504","428"
"03/09/2024","36","2","1432"
"03/09/2024","84","2","3"
"03/09/2024","8","266","487"
"03/09/2024","48","1504","434"
"03/09/2024","10","2","152"
"03/09/2024","4","2","7"
"03/09/2024","2","1504","572"
"03/09/2024","5","234","1578"
"03/09/2024","97","2","292"
"03/09/2024","99","2","28"
"03/09/2024","34","234","1638"
"03/09/2024","55","1","363"
"03/09/2024","11","2","90"
"03/09/2024","4","266","421"
"04/09/2024","93","1504","1154"
"04/09/2024","99","2","87"
"04/09/2024","13","2","362"
"04/09/2024","61","4003","46"
"04/09/2024","83","1","88"
"04/09/2024","4","2","28"
"04/09/2024","39","1504","880"
"04/09/2024","10","2","406"
"04/09/2024","82","2","68"
"04/09/2024","98","2","1199"
"04/09/2024","8","266","1334"
"04/09/2024","36","2","1504"
"04/09/2024","28","2","251"
"04/09/2024","7","234","1907"
"04/09/2024","18","2","24"
"04/09/2024","2","1504","836"
"04/09/2024","48","1504","151"
"04/09/2024","97","2","202"
"04/09/2024","86","1504","1647"
"04/09/2024","4","266","965"
"04/09/2024","35","2","798"
"04/09/2024","20","2","90"
"04/09/2024","34","234","1528"
"04/09/2024","41","266","592"
"04/09/2024","37","2","260"
"04/09/2024","59","2","114"
"04/09/2024","45","266","376"
"04/09/2024","12","1504","662"
"04/09/2024","6","1504","126"
"04/09/2024","54","1","147"
"04/09/2024","53","2023","232"
"04/09/2024","5","234","1308"
"04/09/2024","11","266","165"
"04/09/2024","65","2","318"
"04/09/2024","52","2","13"
"04/09/2024","96","2","110"
"04/09/2024","71","2","284"
"04/09/2024","70","1504","414"
"04/09/2024","3","1504","624"
"04/09/2024","61","2","329"
"04/09/2024","55","1","102"
"04/09/2024","44","2","650"
"04/09/2024","27","266","392"
"04/09/2024","16","2","358"
"05/09/2024","96","2","238"
"05/09/2024","84","2","10"
"05/09/2024","52","2","55"
"05/09/2024","55","1","121"
"05/09/2024","71","2","108"
"05/09/2024","6","1504","474"
"05/09/2024","27","266","406"
"05/09/2024","12","1504","810"
"05/09/2024","70","1504","477"
"05/09/2024","44","2","59"
"05/09/2024","53","2023","315"
"05/09/2024","36","2","914"
"05/09/2024","98","2","1802"
"05/09/2024","48","1504","237"
"05/09/2024","65","2","151"
"05/09/2024","2","1504","2029"
"05/09/2024","35","2","348"
"05/09/2024","41","266","626"
"05/09/2024","28","2","312"
"05/09/2024","61","2","54"
"05/09/2024","10","2","419"
"05/09/2024","8","266","1254"
"05/09/2024","20","2","76"
"05/09/2024","4","266","774"
"05/09/2024","82","2","418"
"05/09/2024","13","2","297"
"05/09/2024","99","2","54"
"05/09/2024","39","1504","636"
"05/09/2024","3","1504","474"
"05/09/2024","34","234","1832"
"05/09/2024","19","2023","106"
"05/09/2024","44","266","309"
"05/09/2024","16","2","581"
"05/09/2024","5","234","1458"
"05/09/2024","93","1504","350"
"05/09/2024","45","266","275"
"05/09/2024","11","266","407"
"05/09/2024","37","2","281"
"05/09/2024","7","234","1812"
"05/09/2024","61","4003","291"
"05/09/2024","59","2","247"
"06/09/2024","8","266","935"
"06/09/2024","6","1504","26"
"06/09/2024","37","2","312"
"06/09/2024","35","2","869"
"06/09/2024","16","2","593"
"06/09/2024","99","2","27"
"06/09/2024","98","2","2090"
"06/09/2024","3","1504","232"
"06/09/2024","48","266","68"
"06/09/2024","71","2","121"
"06/09/2024","2","1504","1127"
"06/09/2024","20","2","164"
"06/09/2024","86","1504","880"
"06/09/2024","70","1504","378"
"06/09/2024","13","2","183"
"06/09/2024","27","266","310"
"06/09/2024","45","266","480"
"06/09/2024","96","2","126"
"06/09/2024","93","1504","676"
"06/09/2024","61","4003","17"
"06/09/2024","59","2","150"
"06/09/2024","18","2","12"
"06/09/2024","82","2","341"
"06/09/2024","36","2","1272"
"06/09/2024","61","2","279"
"06/09/2024","40","2023","162"
"06/09/2024","19","2023","248"
"06/09/2024","4","266","90"
"06/09/2024","12","1504","452"
"06/09/2024","10","2","50"
"06/09/2024","5","234","750"
"06/09/2024","53","2023","774"
"06/09/2024","65","2","469"
"06/09/2024","55","1","53"
"06/09/2024","11","266","189"
"06/09/2024","7","234","946"
"06/09/2024","44","2","666"
"06/09/2024","97","2","347"
"06/09/2024","28","2","314"
"06/09/2024","34","234","1916"
"06/09/2024","41","266","609"
"06/09/2024","44","266","220"
"06/09/2024","39","1504","470"
"07/09/2024","18","2023","90"
"07/09/2024","11","2","28"
"07/09/2024","41","266","191"
"07/09/2024","27","266","268"
"07/09/2024","84","2","21"
"07/09/2024","16","2","420"
"07/09/2024","12","1504","624"
"07/09/2024","20","1","142"
"07/09/2024","48","1504","155"
"07/09/2024","52","2","40"
"07/09/2024","82","2","210"
"07/09/2024","39","1504","791"
"07/09/2024","11","266","192"
"07/09/2024","13","2","72"
"07/09/2024","40","2023","54"
"07/09/2024","5","234","1906"
"07/09/2024","55","1","193"
"07/09/2024","61","2","529"
"07/09/2024","36","2023","154"
"07/09/2024","99","2","163"
"07/09/2024","34","234","1056"
"07/09/2024","65","2","264"
"07/09/2024","8","266","609"
"07/09/2024","70","1504","660"
"07/09/2024","3","1504","342"
"07/09/2024","48","266","101"
"07/09/2024","2","1504","1084"
"07/09/2024","44","2","558"
"07/09/2024","98","2","1553"
"07/09/2024","97","2","175"
"07/09/2024","10","2","278"
"07/09/2024","35","2","567"
"07/09/2024","71","2","247"
"07/09/2024","45","266","275"
"07/09/2024","4","266","1487"
"07/09/2024","82","1504","560"
"07/09/2024","7","234","1052"
"07/09/2024","59","2","101"
"07/09/2024","86","1504","532"
"07/09/2024","93","1504","338"
"07/09/2024","36","2","1283"
"07/09/2024","37","2","151"
"07/09/2024","96","2","33"
"07/09/2024","65","1","73"
"07/09/2024","28","2","218"
"07/09/2024","20","2","70"
"08/09/2024","52","2","14"
"08/09/2024","59","2","33"
"08/09/2024","4","266","108"
"08/09/2024","99","2","24"
"08/09/2024","82","1504","2032"
"08/09/2024","86","1504","296"
"09/09/2024","28","2","276"
"09/09/2024","53","2023","78"
"09/09/2024","20","1","128"
"09/09/2024","98","2","1013"
"09/09/2024","4","266","148"
"09/09/2024","13","2","446"
"09/09/2024","3","1504","232"
"09/09/2024","40","2023","140"
"09/09/2024","82","2","81"
"09/09/2024","36","2023","78"
"09/09/2024","16","2","565"
"09/09/2024","18","2023","237"
"09/09/2024","54","1504","346"
"09/09/2024","6","234","416"
"09/09/2024","34","234","1902"
"09/09/2024","45","266","296"
"09/09/2024","48","266","479"
"09/09/2024","86","1504","939"
"09/09/2024","65","1","331"
"09/09/2024","10","2","210"
"09/09/2024","39","1504","310"
"09/09/2024","93","1504","594"
"09/09/2024","99","2","37"
"09/09/2024","19","2023","241"
"09/09/2024","55","1","56"
"09/09/2024","82","1504","48"
"09/09/2024","35","2","358"
"09/09/2024","5","234","54"
"09/09/2024","97","2","195"
"09/09/2024","44","2","447"
"09/09/2024","8","266","561"
"09/09/2024","48","1504","125"
"09/09/2024","59","2","36"
"09/09/2024","37","2","140"
"09/09/2024","27","266","328"
"09/09/2024","20","2","177"
"09/09/2024","11","266","649"
"09/09/2024","36","2","749"
"09/09/2024","12","1504","648"
"09/09/2024","70","1504","518"
"09/09/2024","2","1504","1006"
"09/09/2024","58","2","121"
"10/09/2024","48","266","1030"
"10/09/2024","18","2023","41"
"10/09/2024","86","1504","520"
"10/09/2024","97","2","283"
"10/09/2024","10","2","483"
"10/09/2024","35","2","700"
"10/09/2024","3","1504","397"
"10/09/2024","70","1504","469"
"10/09/2024","65","1","29"
"10/09/2024","7","234","330"
"10/09/2024","48","1504","119"
"10/09/2024","19","2023","196"
"10/09/2024","6","1504","189"
"10/09/2024","55","1","208"
"10/09/2024","2","1504","1802"
"10/09/2024","20","1","142"
"10/09/2024","11","266","371"
"10/09/2024","45","266","225"
"10/09/2024","59","2","22"
"10/09/2024","82","2","57"
"10/09/2024","36","2","1999"
"10/09/2024","37","2","341"
"10/09/2024","20","2","108"
"10/09/2024","71","2","271"
"10/09/2024","44","2","43"
"10/09/2024","28","2","266"
"10/09/2024","16","2","812"
"10/09/2024","13","2","457"
"10/09/2024","6","234","54"
"10/09/2024","5","234","812"
"10/09/2024","12","1504","358"
"10/09/2024","4","266","551"
"10/09/2024","98","2","1395"
"10/09/2024","53","2023","243"
"10/09/2024","99","2","205"
"10/09/2024","36","2023","402"
"10/09/2024","44","266","761"
"10/09/2024","8","266","543"
"10/09/2024","41","266","164"
"10/09/2024","27","266","348"
"10/09/2024","93","1504","396"
"10/09/2024","82","1504","838"
"10/09/2024","34","234","776"
"10/09/2024","61","2","77"
"10/09/2024","39","1504","1090"
"11/09/2024","16","2","531"
"11/09/2024","3","1504","110"
"11/09/2024","28","2","227"
"11/09/2024","6","1504","154"
"11/09/2024","70","1504","660"
"11/09/2024","48","266","340"
"11/09/2024","82","2","278"
"11/09/2024","61","4003","35"
"11/09/2024","61","2","642"
"11/09/2024","18","2023","228"
"11/09/2024","44","266","157"
"11/09/2024","82","1504","42"
"11/09/2024","58","6","537"
"11/09/2024","2","1504","776"
"11/09/2024","48","1504","25"
"11/09/2024","3","2","134"
"11/09/2024","99","2","73"
"11/09/2024","35","266","357"
"11/09/2024","35","2","262"
"11/09/2024","20","1","287"
"11/09/2024","39","1504","316"
"11/09/2024","58","2","195"
"11/09/2024","98","2","1910"
"11/09/2024","37","2","182"
"11/09/2024","97","2","98"
"11/09/2024","4","266","846"
"11/09/2024","7","234","635"
"11/09/2024","13","2","448"
"11/09/2024","71","2","125"
"11/09/2024","55","1","366"
"11/09/2024","53","2023","384"
"11/09/2024","45","266","386"
"11/09/2024","36","2","1202"
"11/09/2024","34","234","2419"
"11/09/2024","6","266","714"
"11/09/2024","27","266","351"
"11/09/2024","8","266","149"
"11/09/2024","19","2023","234"
"11/09/2024","10","2","104"
"11/09/2024","96","2","23"
"11/09/2024","5","234","765"
"11/09/2024","93","1504","420"
"11/09/2024","36","2023","107"
"11/09/2024","86","1504","1132"
"12/09/2024","96","2","97"
"12/09/2024","4","266","392"
"12/09/2024","97","2","22"
"12/09/2024","44","266","774"
"12/09/2024","35","2","580"
"12/09/2024","99","2","158"
"12/09/2024","70","2","93"
"12/09/2024","18","2023","46"
"12/09/2024","52","2","206"
"12/09/2024","5","234","512"
"12/09/2024","44","2","47"
"12/09/2024","98","2","2016"
"12/09/2024","48","266","254"
"12/09/2024","34","234","1697"
"12/09/2024","65","1","766"
"12/09/2024","8","266","628"
"12/09/2024","20","1","59"
"12/09/2024","35","266","289"
"12/09/2024","61","2","106"
"12/09/2024","13","1","43"
"12/09/2024","55","1","185"
"12/09/2024","3","1504","263"
"12/09/2024","16","2","764"
"12/09/2024","54","1504","522"
"12/09/2024","39","1504","1329"
"12/09/2024","11","2","142"
"12/09/2024","36","2","1193"
"12/09/2024","45","266","246"
"12/09/2024","93","1504","568"
"12/09/2024","2","1504","690"
"12/09/2024","2","266","588"
"12/09/2024","37","2","216"
"12/09/2024","70","1504","948"
"12/09/2024","11","266","474"
"12/09/2024","53","2","416"
"12/09/2024","19","2023","197"
"12/09/2024","27","266","300"
"12/09/2024","36","2023","154"
"12/09/2024","10","2","437"
"12/09/2024","6","266","712"
"12/09/2024","59","2","309"
"12/09/2024","86","1504","1106"
"12/09/2024","83","1","16"
"12/09/2024","28","2","215"
"12/09/2024","82","2","876"
"12/09/2024","71","2","330"
"12/09/2024","13","2","534"
"12/09/2024","58","2","247"
"13/09/2024","5","234","1032"
"13/09/2024","61","266","47"
"13/09/2024","48","266","303"
"13/09/2024","35","266","305"
"13/09/2024","93","1504","4"
"13/09/2024","16","2","85"
"13/09/2024","16","266","191"
"13/09/2024","44","266","684"
"13/09/2024","19","2023","261"
"13/09/2024","96","2","52"
"13/09/2024","40","2023","155"
"13/09/2024","35","2","381"
"13/09/2024","65","1","93"
"13/09/2024","39","1504","332"
"13/09/2024","12","1504","948"
"13/09/2024","4","266","404"
"13/09/2024","20","2","59"
"13/09/2024","86","1504","640"
"13/09/2024","97","2","748"
"13/09/2024","83","2","182"
"13/09/2024","54","1504","460"
"13/09/2024","28","2","219"
"13/09/2024","6","234","214"
"13/09/2024","12","266","47"
"13/09/2024","98","2","1623"
"13/09/2024","37","2","240"
"13/09/2024","13","1","76"
"13/09/2024","3","1504","472"
"13/09/2024","99","2","503"
"13/09/2024","11","2","456"
"13/09/2024","70","1504","1118"
"13/09/2024","71","2","191"
"13/09/2024","13","2","241"
"13/09/2024","27","266","273"
"13/09/2024","82","2","709"
"13/09/2024","59","2","242"
"13/09/2024","52","2","223"
"13/09/2024","45","266","409"
"13/09/2024","2","266","494"
"13/09/2024","53","2","276"
"13/09/2024","18","2023","185"
"13/09/2024","8","266","237"
"13/09/2024","36","2","739"
"13/09/2024","34","234","1009"
"13/09/2024","6","266","655"
"13/09/2024","36","2023","248"
"13/09/2024","11","266","254"
"13/09/2024","10","2","251"
"14/09/2024","16","2","48"
"14/09/2024","2","266","228"
"14/09/2024","44","2","4"
"14/09/2024","4","266","434"
"14/09/2024","97","2","723"
"14/09/2024","70","1504","730"
"14/09/2024","71","2","216"
"14/09/2024","61","266","397"
"14/09/2024","2","1504","191"
"14/09/2024","96","2","700"
"14/09/2024","35","266","652"
"14/09/2024","37","2","403"
"14/09/2024","10","2","252"
"14/09/2024","19","2023","229"
"14/09/2024","61","1","71"
"14/09/2024","98","2","1309"
"14/09/2024","61","2","27"
"14/09/2024","7","234","508"
"14/09/2024","12","266","382"
"14/09/2024","13","2","91"
"14/09/2024","45","266","256"
"14/09/2024","44","266","742"
"14/09/2024","99","2","359"
"14/09/2024","3","1504","419"
"14/09/2024","35","2","47"
"14/09/2024","6","266","355"
"14/09/2024","20","2","94"
"14/09/2024","11","2","139"
"14/09/2024","6","234","18"
"14/09/2024","59","2","74"
"14/09/2024","48","266","199"
"14/09/2024","34","234","426"
"14/09/2024","36","2","1145"
"14/09/2024","52","2","26"
"14/09/2024","11","266","383"
"14/09/2024","16","266","377"
"14/09/2024","27","266","313"
"14/09/2024","93","1504","958"
"14/09/2024","28","2","204"
"14/09/2024","8","266","285"
"14/09/2024","86","1504","730"
"14/09/2024","5","234","354"
"14/09/2024","53","2023","49"
"14/09/2024","54","1504","32"
"14/09/2024","20","1","203"
"14/09/2024","39","1504","266"
"14/09/2024","65","2","397"
"14/09/2024","65","1","33"
"14/09/2024","41","266","112"
"15/09/2024","37","2","59"
"15/09/2024","28","2","22"
"15/09/2024","99","2","312"
"15/09/2024","36","2","135"
"15/09/2024","93","1504","52"
"15/09/2024","97","2","46"
"15/09/2024","96","2","520"
"15/09/2024","48","266","155"
"15/09/2024","98","2","90"
"15/09/2024","2","1504","171"
"15/09/2024","86","1504","42"
"16/09/2024","86","1504","820"
"16/09/2024","37","2","49"
"16/09/2024","8","266","92"
"16/09/2024","44","266","295"
"16/09/2024","71","2","67"
"16/09/2024","2","1504","294"
"16/09/2024","58","2","130"
"16/09/2024","2","266","634"
"16/09/2024","98","2","279"
"16/09/2024","41","266","149"
"16/09/2024","27","266","53"
"16/09/2024","93","1504","52"
"16/09/2024","54","1504","86"
"16/09/2024","28","2","276"
"16/09/2024","6","266","444"
"16/09/2024","61","1","157"
"16/09/2024","4","266","493"
"16/09/2024","3","1504","214"
"16/09/2024","12","266","152"
"16/09/2024","39","1504","448"
"16/09/2024","70","1504","440"
"16/09/2024","36","2","57"
"16/09/2024","13","2","47"
"16/09/2024","7","234","419"
"16/09/2024","18","2023","83"
"16/09/2024","54","1","54"
"16/09/2024","35","2","91"
"16/09/2024","61","266","104"
"16/09/2024","48","266","100"
"16/09/2024","35","266","209"
"16/09/2024","34","234","1410"
"16/09/2024","11","266","245"
"16/09/2024","5","234","190"
"16/09/2024","82","1504","316"
"17/09/2024","39","1504","236"
"17/09/2024","8","266","739"
"17/09/2024","28","2","245"
"17/09/2024","2","1504","216"
"17/09/2024","37","2","153"
"17/09/2024","57","1504","310"
"17/09/2024","36","2","348"
"17/09/2024","41","266","638"
"17/09/2024","58","2","651"
"17/09/2024","12","1504","768"
"17/09/2024","10","2","505"
"17/09/2024","5","234","1568"
"17/09/2024","3","1504","294"
"17/09/2024","35","266","448"
"17/09/2024","70","1504","1180"
"17/09/2024","18","2023","682"
"17/09/2024","6","266","697"
"17/09/2024","86","1504","88"
"17/09/2024","53","2023","265"
"17/09/2024","93","1504","184"
"17/09/2024","11","266","1361"
"17/09/2024","48","266","540"
"17/09/2024","4","266","1609"
"17/09/2024","83","2","73"
"17/09/2024","34","234","4758"
"17/09/2024","71","2","452"
"17/09/2024","13","2","266"
"17/09/2024","97","2","112"
"17/09/2024","61","266","436"
"17/09/2024","61","1","79"
"17/09/2024","45","266","551"
"17/09/2024","16","2","14"
"17/09/2024","82","1504","862"
"17/09/2024","98","2","2328"
"17/09/2024","7","234","1695"
"17/09/2024","16","266","613"
"17/09/2024","27","266","588"
"17/09/2024","2","266","986"
"17/09/2024","19","2023","558"
"17/09/2024","35","2","54"
"17/09/2024","36","2023","286"
"17/09/2024","96","2","11"
"17/09/2024","54","1504","544"
"17/09/2024","12","266","665"
"17/09/2024","40","2023","116"
"17/09/2024","44","266","1204"
"17/09/2024","65","1","205"
"18/09/2024","45","266","397"
"18/09/2024","6","266","763"
"18/09/2024","19","2023","252"
"18/09/2024","36","2","570"
"18/09/2024","83","2","30"
"18/09/2024","65","1","126"
"18/09/2024","53","2","113"
"18/09/2024","2","266","707"
"18/09/2024","70","1504","1088"
"18/09/2024","28","2","183"
"18/09/2024","71","2","251"
"18/09/2024","34","234","1324"
"18/09/2024","12","266","892"
"18/09/2024","70","2","4"
"18/09/2024","11","266","297"
"18/09/2024","58","2","82"
"18/09/2024","57","1504","606"
"18/09/2024","27","266","377"
"18/09/2024","53","2023","1743"
"18/09/2024","98","2","1153"
"18/09/2024","41","266","537"
"18/09/2024","96","2","45"
"18/09/2024","54","1504","366"
"18/09/2024","82","1504","1198"
"18/09/2024","86","1504","192"
"18/09/2024","44","266","729"
"18/09/2024","5","234","1831"
"18/09/2024","35","266","418"
"18/09/2024","48","266","520"
"18/09/2024","40","2023","174"
"18/09/2024","36","2023","338"
"18/09/2024","12","1504","86"
"18/09/2024","20","2023","72"
"18/09/2024","7","234","181"
"18/09/2024","8","266","915"
"18/09/2024","71","234","425"
"18/09/2024","3","1504","563"
"18/09/2024","13","2","353"
"18/09/2024","93","1504","510"
"18/09/2024","39","1504","1021"
"18/09/2024","18","2023","258"
"18/09/2024","61","1","409"
"18/09/2024","4","266","662"
"18/09/2024","16","266","809"
"18/09/2024","10","2","300"
"19/09/2024","86","1504","62"
"19/09/2024","20","2023","33"
"19/09/2024","37","2","16"
"19/09/2024","12","266","658"
"19/09/2024","16","266","457"
"19/09/2024","61","2","14"
"19/09/2024","71","2","458"
"19/09/2024","98","2","1797"
"19/09/2024","45","266","418"
"19/09/2024","27","266","397"
"19/09/2024","82","1504","964"
"19/09/2024","58","2","10"
"19/09/2024","82","2","19"
"19/09/2024","34","234","1507"
"19/09/2024","61","1","497"
"19/09/2024","70","1504","1047"
"19/09/2024","61","266","135"
"19/09/2024","59","2","213"
"19/09/2024","53","2","335"
"19/09/2024","93","1504","225"
"19/09/2024","41","266","767"
"19/09/2024","5","234","1575"
"19/09/2024","39","1504","52"
"19/09/2024","13","2","431"
"19/09/2024","6","266","419"
"19/09/2024","19","2023","688"
"19/09/2024","7","234","703"
"19/09/2024","28","2","341"
"19/09/2024","53","2023","279"
"19/09/2024","83","2","291"
"19/09/2024","65","1","142"
"19/09/2024","3","1504","956"
"19/09/2024","96","2","221"
"19/09/2024","2","1504","87"
"19/09/2024","11","266","824"
"19/09/2024","35","266","131"
"19/09/2024","48","266","334"
"19/09/2024","54","1504","202"
"19/09/2024","4","266","274"
"19/09/2024","97","2","286"
"19/09/2024","36","2023","434"
"19/09/2024","8","266","842"
"19/09/2024","18","2023","134"
"19/09/2024","57","1504","120"
"19/09/2024","2","266","977"
"19/09/2024","40","2023","126"
"19/09/2024","36","2","749"
"19/09/2024","44","266","688"
"19/09/2024","10","2","284"
"20/09/2024","98","2","1121"
"20/09/2024","37","2","158"
"20/09/2024","11","266","638"
"20/09/2024","54","1504","152"
"20/09/2024","86","1504","504"
"20/09/2024","57","1504","186"
"20/09/2024","99","2","145"
"20/09/2024","45","266","364"
"20/09/2024","40","2023","204"
"20/09/2024","27","266","294"
"20/09/2024","71","2","221"
"20/09/2024","36","2023","162"
"20/09/2024","83","2","537"
"20/09/2024","4","266","897"
"20/09/2024","2","266","1187"
"20/09/2024","41","266","1488"
"20/09/2024","97","2","359"
"20/09/2024","61","1","137"
"20/09/2024","82","2","3"
"20/09/2024","13","2","339"
"20/09/2024","70","2","50"
"20/09/2024","34","234","1713"
"20/09/2024","59","2","24"
"20/09/2024","70","1504","714"
"20/09/2024","12","266","1188"
"20/09/2024","48","266","503"
"20/09/2024","10","2","437"
"20/09/2024","7","234","1384"
"20/09/2024","53","2023","49"
"20/09/2024","53","2","546"
"20/09/2024","96","2","466"
"20/09/2024","58","2","10"
"20/09/2024","65","1","29"
"20/09/2024","8","266","881"
"20/09/2024","65","2","385"
"20/09/2024","20","2023","115"
"20/09/2024","93","1504","234"
"20/09/2024","95","2","179"
"20/09/2024","28","2","133"
"20/09/2024","5","234","1499"
"20/09/2024","82","1504","456"
"20/09/2024","3","1504","648"
"20/09/2024","6","266","854"
"20/09/2024","16","266","337"
"20/09/2024","61","266","457"
"20/09/2024","39","1504","781"
"20/09/2024","44","266","689"
"20/09/2024","19","2023","360"
"20/09/2024","18","2023","144"
"20/09/2024","36","2","1436"
"21/09/2024","36","2","1133"
"21/09/2024","12","1504","40"
"21/09/2024","6","266","618"
"21/09/2024","19","2023","277"
"21/09/2024","53","2","314"
"21/09/2024","34","234","2119"
"21/09/2024","71","2","147"
"21/09/2024","41","266","957"
"21/09/2024","70","1504","823"
"21/09/2024","2","266","647"
"21/09/2024","13","2","493"
"21/09/2024","36","2023","433"
"21/09/2024","44","266","497"
"21/09/2024","45","266","464"
"21/09/2024","20","2023","255"
"21/09/2024","20","2","9"
"21/09/2024","82","2","51"
"21/09/2024","7","234","778"
"21/09/2024","5","234","568"
"21/09/2024","97","2","588"
"21/09/2024","4","266","462"
"21/09/2024","98","2","1309"
"21/09/2024","35","266","2308"
"21/09/2024","48","266","705"
"21/09/2024","83","2","127"
"21/09/2024","3","1504","133"
"21/09/2024","39","1504","1790"
"21/09/2024","2","1504","656"
"21/09/2024","10","2","513"
"21/09/2024","18","2023","227"
"21/09/2024","54","1504","3172"
"21/09/2024","93","1504","821"
"21/09/2024","8","266","391"
"21/09/2024","18","2","12"
"21/09/2024","12","266","354"
"21/09/2024","16","266","582"
"21/09/2024","71","4003","28"
"21/09/2024","37","2","283"
"21/09/2024","35","2","48"
"21/09/2024","95","2","93"
"21/09/2024","11","266","559"
"21/09/2024","58","2","133"
"21/09/2024","27","266","258"
"21/09/2024","86","1504","268"
"21/09/2024","82","1504","396"
"21/09/2024","96","2","233"
"21/09/2024","28","2","720"
"21/09/2024","61","266","386"
"21/09/2024","57","1504","622"
"21/09/2024","65","2","82"
"22/09/2024","98","2","278"
"22/09/2024","96","2","190"
"22/09/2024","82","2","50"
"22/09/2024","93","1504","87"
"22/09/2024","4","266","143"
"22/09/2024","86","1504","99"
"22/09/2024","16","266","79"
"22/09/2024","97","2","176"
"22/09/2024","99","2","36"
"22/09/2024","53","2023","238"
"22/09/2024","83","2","17"
"22/09/2024","71","2","24"
"22/09/2024","82","1504","620"
"22/09/2024","7","234","602"
"22/09/2024","54","1504","364"
"22/09/2024","57","1504","146"
"22/09/2024","5","234","408"
"23/09/2024","36","2","789"
"23/09/2024","2","266","152"
"23/09/2024","53","2","232"
"23/09/2024","82","1504","52"
"23/09/2024","97","2","449"
"23/09/2024","35","266","778"
"23/09/2024","82","2","9"
"23/09/2024","39","1504","2026"
"23/09/2024","3","1504","257"
"23/09/2024","57","1504","234"
"23/09/2024","8","266","250"
"23/09/2024","27","266","222"
"23/09/2024","61","266","46"
"23/09/2024","4","266","796"
"23/09/2024","65","2","65"
"23/09/2024","37","2","109"
"23/09/2024","10","2","96"
"23/09/2024","70","1504","784"
"23/09/2024","13","1","279"
"23/09/2024","59","2","11"
"23/09/2024","41","266","235"
"23/09/2024","58","2","127"
"23/09/2024","71","2","89"
"23/09/2024","44","266","293"
"23/09/2024","16","266","346"
"23/09/2024","53","2023","12"
"23/09/2024","83","2","643"
"23/09/2024","5","234","1350"
"23/09/2024","28","2","275"
"23/09/2024","48","266","252"
"23/09/2024","45","266","257"
"23/09/2024","2","1504","1247"
"23/09/2024","98","2","737"
"23/09/2024","12","266","672"
"23/09/2024","13","2","186"
"23/09/2024","34","234","1124"
"23/09/2024","19","266","62"
"23/09/2024","7","234","1798"
"23/09/2024","99","2","53"
"23/09/2024","86","1504","68"
"23/09/2024","96","2","27"
"23/09/2024","11","266","435"
"23/09/2024","20","2023","165"
"23/09/2024","6","266","644"
"23/09/2024","18","2023","314"
"23/09/2024","93","1504","1144"
"24/09/2024","59","2","170"
"24/09/2024","99","2","8"
"24/09/2024","93","1504","314"
"24/09/2024","58","2","54"
"24/09/2024","6","266","658"
"24/09/2024","57","1504","96"
"24/09/2024","40","2023","100"
"24/09/2024","97","2","227"
"24/09/2024","35","266","1231"
"24/09/2024","28","2","177"
"24/09/2024","3","1504","1113"
"24/09/2024","41","266","301"
"24/09/2024","11","266","437"
"24/09/2024","27","266","254"
"24/09/2024","7","234","1470"
"24/09/2024","83","2","1011"
"24/09/2024","5","234","989"
"24/09/2024","2","1504","232"
"24/09/2024","20","2023","156"
"24/09/2024","95","2","7"
"24/09/2024","12","266","586"
"24/09/2024","13","2","290"
"24/09/2024","53","2023","243"
"24/09/2024","44","266","915"
"24/09/2024","65","2","16"
"24/09/2024","18","2023","511"
"24/09/2024","36","2","1027"
"24/09/2024","34","234","2668"
"24/09/2024","70","1504","834"
"24/09/2024","65","1","115"
"24/09/2024","53","2","439"
"24/09/2024","8","266","1157"
"24/09/2024","39","1504","600"
"24/09/2024","2","266","1043"
"24/09/2024","6","234","426"
"24/09/2024","71","4003","134"
"24/09/2024","45","266","403"
"24/09/2024","16","266","457"
"24/09/2024","10","2","314"
"24/09/2024","98","2","938"
"24/09/2024","96","2","52"
"24/09/2024","61","266","586"
"24/09/2024","48","266","496"
"24/09/2024","37","2","148"
"24/09/2024","19","266","1406"
"24/09/2024","4","266","710"
"24/09/2024","82","1504","622"
"25/09/2024","45","266","551"
"25/09/2024","70","1504","558"
"25/09/2024","27","266","456"
"25/09/2024","97","2","310"
"25/09/2024","11","266","875"
"25/09/2024","3","1504","670"
"25/09/2024","12","266","541"
"25/09/2024","35","266","1020"
"25/09/2024","37","2","384"
"25/09/2024","44","266","533"
"25/09/2024","99","2","157"
"25/09/2024","16","266","613"
"25/09/2024","34","234","1772"
"25/09/2024","13","2","219"
"25/09/2024","7","234","2026"
"25/09/2024","5","234","2564"
"25/09/2024","52","2","58"
"25/09/2024","48","266","693"
"25/09/2024","28","2","179"
"25/09/2024","61","266","379"
"25/09/2024","98","2","1582"
"25/09/2024","93","1504","594"
"25/09/2024","2","266","801"
"25/09/2024","36","2023","82"
"25/09/2024","82","1504","522"
"25/09/2024","19","266","599"
"25/09/2024","8","266","1328"
"25/09/2024","39","1504","1040"
"25/09/2024","6","266","814"
"25/09/2024","20","2023","316"
"25/09/2024","18","2023","299"
"25/09/2024","65","1","31"
"25/09/2024","41","266","946"
"25/09/2024","65","2","41"
"25/09/2024","10","2","214"
"25/09/2024","59","2","47"
"25/09/2024","40","2023","240"
"25/09/2024","4","266","759"
"25/09/2024","2","1504","132"
"25/09/2024","58","2","68"
"25/09/2024","96","2","144"
"25/09/2024","71","4003","198"
"25/09/2024","55","2023","472"
"25/09/2024","36","2","357"
"25/09/2024","86","1504","1336"
"25/09/2024","83","2","139"
"26/09/2024","44","266","398"
"26/09/2024","37","2","193"
"26/09/2024","35","266","890"
"26/09/2024","86","2","712"
"26/09/2024","19","266","538"
"26/09/2024","12","266","128"
"26/09/2024","45","266","324"
"26/09/2024","16","266","606"
"26/09/2024","93","1504","868"
"26/09/2024","55","2023","552"
"26/09/2024","7","234","1395"
"26/09/2024","36","2","474"
"26/09/2024","99","2","3"
"26/09/2024","20","2023","126"
"26/09/2024","71","4003","234"
"26/09/2024","28","2","196"
"26/09/2024","4","266","1166"
"26/09/2024","2","266","1058"
"26/09/2024","27","266","348"
"26/09/2024","61","2","254"
"26/09/2024","11","266","80"
"26/09/2024","13","2","649"
"26/09/2024","2","1504","44"
"26/09/2024","48","266","122"
"26/09/2024","53","2","323"
"26/09/2024","10","2","86"
"26/09/2024","18","2023","338"
"26/09/2024","97","2","36"
"26/09/2024","5","234","1373"
"26/09/2024","39","1504","1496"
"26/09/2024","3","1504","373"
"26/09/2024","8","266","729"
"26/09/2024","40","2023","141"
"26/09/2024","41","266","324"
"26/09/2024","36","2023","81"
"26/09/2024","59","2","186"
"26/09/2024","98","2","781"
"26/09/2024","34","234","972"
"26/09/2024","6","266","537"
"26/09/2024","65","2","177"
"26/09/2024","57","1504","2116"
"26/09/2024","52","2","108"
"26/09/2024","70","1504","751"
"26/09/2024","82","1504","200"
"26/09/2024","86","1504","1148"
"27/09/2024","98","2","1121"
"27/09/2024","70","1504","1031"
"27/09/2024","35","266","858"
"27/09/2024","61","266","741"
"27/09/2024","20","2023","541"
"27/09/2024","86","2","427"
"27/09/2024","82","1504","1864"
"27/09/2024","57","1504","526"
"27/09/2024","93","1504","912"
"27/09/2024","44","266","410"
"27/09/2024","53","2","363"
"27/09/2024","11","266","405"
"27/09/2024","5","234","1538"
"27/09/2024","13","2","651"
"27/09/2024","3","1504","577"
"27/09/2024","65","1","147"
"27/09/2024","61","2","35"
"27/09/2024","86","1504","460"
"27/09/2024","39","1504","1638"
"27/09/2024","8","266","646"
"27/09/2024","34","234","1072"
"27/09/2024","83","1","21"
"27/09/2024","41","266","393"
"27/09/2024","10","2","259"
"27/09/2024","52","2","13"
"27/09/2024","7","234","1884"
"27/09/2024","99","2","20"
"27/09/2024","36","2","100"
"27/09/2024","45","266","405"
"27/09/2024","83","2","17"
"27/09/2024","71","4003","195"
"27/09/2024","20","2","27"
"27/09/2024","2","266","352"
"27/09/2024","19","266","666"
"27/09/2024","28","2","378"
"27/09/2024","65","2","331"
"27/09/2024","97","2","572"
"27/09/2024","40","2023","283"
"27/09/2024","3","2","87"
"27/09/2024","36","2023","262"
"27/09/2024","16","266","525"
"27/09/2024","55","2023","232"
"27/09/2024","4","266","1076"
"27/09/2024","39","2","13"
"27/09/2024","71","2","10"
"27/09/2024","2","1504","1507"
"27/09/2024","27","266","423"
"27/09/2024","54","1504","1240"
"27/09/2024","12","266","800"
"27/09/2024","18","2023","217"
"27/09/2024","37","2","311"
"27/09/2024","59","2","24"
"27/09/2024","6","266","571"
"28/09/2024","83","2","331"
"28/09/2024","34","234","517"
"28/09/2024","48","266","426"
"28/09/2024","70","1504","1044"
"28/09/2024","86","1504","138"
"28/09/2024","82","2","64"
"28/09/2024","61","2","15"
"28/09/2024","98","2","1366"
"28/09/2024","86","2","614"
"28/09/2024","19","266","728"
"28/09/2024","71","4003","348"
"28/09/2024","54","1504","1318"
"28/09/2024","97","2","619"
"28/09/2024","61","266","51"
"28/09/2024","16","266","384"
"28/09/2024","3","2","23"
"28/09/2024","82","1504","884"
"28/09/2024","39","1504","1338"
"28/09/2024","7","234","746"
"28/09/2024","10","2","16"
"28/09/2024","5","234","3376"
"28/09/2024","57","1504","1130"
"28/09/2024","2","1504","166"
"28/09/2024","4","266","2416"
"28/09/2024","18","2023","528"
"28/09/2024","65","2","337"
"28/09/2024","36","2","951"
"28/09/2024","3","1504","959"
"28/09/2024","2","266","581"
"28/09/2024","20","2","219"
"28/09/2024","8","266","198"
"28/09/2024","59","2","274"
"28/09/2024","11","266","1230"
"28/09/2024","44","266","461"
"28/09/2024","20","1","29"
"28/09/2024","55","2023","596"
"28/09/2024","53","2","91"
"28/09/2024","65","1","59"
"28/09/2024","28","2","364"
"28/09/2024","13","2","215"
"28/09/2024","37","2","254"
"28/09/2024","35","266","1099"
"28/09/2024","36","2023","152"
"28/09/2024","93","1504","854"
"28/09/2024","12","266","980"
"28/09/2024","20","2023","523"
"28/09/2024","41","266","1788"
"29/09/2024","53","2","51"
"29/09/2024","7","234","632"
"29/09/2024","55","2023","392"
"29/09/2024","65","1","75"
"29/09/2024","36","2","64"
"29/09/2024","98","2","152"
"29/09/2024","18","2023","1357"
"29/09/2024","39","1504","330"
"29/09/2024","82","2","399"
"29/09/2024","41","266","996"
"29/09/2024","71","4003","204"
"29/09/2024","86","2","170"
"29/09/2024","19","266","315"
"29/09/2024","35","266","344"
"29/09/2024","16","266","24"
"29/09/2024","58","2","276"
"29/09/2024","97","2","192"
"29/09/2024","20","2","24"
"29/09/2024","12","266","295"
"29/09/2024","20","1","82"
"29/09/2024","82","1504","384"
"29/09/2024","4","266","608"
"29/09/2024","44","266","320"
"29/09/2024","34","234","861"
"29/09/2024","65","2","158"
"29/09/2024","11","266","73"
"29/09/2024","93","1504","1837"
"29/09/2024","28","2","25"
"29/09/2024","5","234","64"
"30/09/2024","59","2","374"
"30/09/2024","58","2","90"
"30/09/2024","28","2","412"
"30/09/2024","12","266","442"
"30/09/2024","11","266","210"
"30/09/2024","2","266","1712"
"30/09/2024","20","1","250"
"30/09/2024","40","2023","322"
"30/09/2024","86","2","668"
"30/09/2024","37","2","142"
"30/09/2024","27","266","606"
"30/09/2024","16","266","355"
"30/09/2024","70","1504","607"
"30/09/2024","34","234","1614"
"30/09/2024","55","2023","400"
"30/09/2024","99","2","7"
"30/09/2024","19","266","570"
"30/09/2024","41","266","147"
"30/09/2024","45","266","582"
"30/09/2024","65","1","12"
"30/09/2024","57","1504","140"
"30/09/2024","5","234","1150"
"30/09/2024","20","2","99"
"30/09/2024","44","266","333"
"30/09/2024","86","1504","70"
"30/09/2024","98","2","1140"
"30/09/2024","65","2","55"
"30/09/2024","36","2","1306"
"30/09/2024","39","1504","564"
"30/09/2024","10","2","785"
"30/09/2024","8","266","772"
"30/09/2024","7","234","883"
"30/09/2024","4","266","536"
"30/09/2024","97","2","629"
"30/09/2024","93","1504","294"
"30/09/2024","96","2","4"
"30/09/2024","82","2","140"
"30/09/2024","71","2","19"
"30/09/2024","13","2","355"
"30/09/2024","61","266","248"
"30/09/2024","53","2","230"
"30/09/2024","18","2023","734"
"30/09/2024","6","266","873"
"30/09/2024","54","1504","158"
"30/09/2024","82","1504","87"
"1/10/2024","93","1504","64"
"1/10/2024","12","1","46"
"1/10/2024","86","1504","20"
"1/10/2024","27","266","350"
"1/10/2024","16","266","322"
"1/10/2024","3","2","46"
"1/10/2024","52","2","17"
"1/10/2024","55","2023","148"
"1/10/2024","37","2","136"
"1/10/2024","11","266","1183"
"1/10/2024","86","2","675"
"1/10/2024","82","1504","318"
"1/10/2024","19","266","481"
"1/10/2024","36","2","413"
"1/10/2024","71","4003","17"
"1/10/2024","59","2","194"
"1/10/2024","54","2","29"
"1/10/2024","40","2023","420"
"1/10/2024","2","266","1087"
"1/10/2024","28","2","116"
"1/10/2024","4","266","526"
"1/10/2024","35","266","162"
"1/10/2024","83","1","3"
"1/10/2024","10","2","230"
"1/10/2024","58","2","231"
"1/10/2024","57","1504","10"
"1/10/2024","70","1504","768"
"1/10/2024","65","1","47"
"1/10/2024","83","2","70"
"1/10/2024","8","266","684"
"1/10/2024","41","266","342"
"1/10/2024","20","2","75"
"1/10/2024","98","2","2015"
"1/10/2024","54","1504","914"
"1/10/2024","96","2023","404"
"1/10/2024","34","234","4094"
"1/10/2024","39","1504","1354"
"1/10/2024","6","266","921"
"1/10/2024","7","234","718"
"1/10/2024","12","266","370"
"1/10/2024","61","266","387"
"1/10/2024","97","2","293"
"1/10/2024","13","2","305"
"1/10/2024","18","2023","1022"
"1/10/2024","48","266","302"
"1/10/2024","45","266","110"
"1/10/2024","44","266","341"
"2/10/2024","52","2","107"
"2/10/2024","13","2","331"
"2/10/2024","44","266","502"
"2/10/2024","7","234","2434"
"2/10/2024","86","2","484"
"2/10/2024","82","2","593"
"2/10/2024","6","266","950"
"2/10/2024","18","2023","42"
"2/10/2024","45","266","439"
"2/10/2024","27","266","345"
"2/10/2024","83","2","8"
"2/10/2024","4","266","1362"
"2/10/2024","71","4003","303"
"2/10/2024","39","1504","1169"
"2/10/2024","48","266","637"
"2/10/2024","8","266","499"
"2/10/2024","34","234","1512"
"2/10/2024","96","2023","401"
"2/10/2024","5","234","225"
"2/10/2024","98","2","1062"
"2/10/2024","16","266","582"
"2/10/2024","12","266","377"
"2/10/2024","41","266","309"
"2/10/2024","10","1","45"
"2/10/2024","37","2","356"
"2/10/2024","35","266","505"
"2/10/2024","20","2","425"
"2/10/2024","19","266","471"
"2/10/2024","97","2","566"
"2/10/2024","54","1504","588"
"2/10/2024","40","2023","871"
"2/10/2024","5","1","141"
"2/10/2024","3","2","73"
"2/10/2024","10","2","252"
"2/10/2024","11","266","1218"
"2/10/2024","20","1","46"
"2/10/2024","70","1504","1164"
"2/10/2024","61","266","725"
"2/10/2024","36","2","364"
"2/10/2024","3","1504","1158"
"2/10/2024","28","2","170"
"2/10/2024","54","2","15"
"2/10/2024","65","1","834"
"2/10/2024","12","1","220"
"2/10/2024","2","266","742"
"2/10/2024","55","2023","97"
"3/10/2024","71","4003","250"
"3/10/2024","44","266","378"
"3/10/2024","2","266","1206"
"3/10/2024","8","266","504"
"3/10/2024","35","266","631"
"3/10/2024","3","1504","402"
"3/10/2024","10","1","161"
"3/10/2024","82","1504","32"
"3/10/2024","40","2023","479"
"3/10/2024","28","2","248"
"3/10/2024","6","266","756"
"3/10/2024","27","266","419"
"3/10/2024","65","2","6"
"3/10/2024","55","2023","40"
"3/10/2024","5","234","298"
"3/10/2024","4","266","788"
"3/10/2024","39","1504","590"
"3/10/2024","61","266","161"
"3/10/2024","5","1","182"
"3/10/2024","48","266","963"
"3/10/2024","12","266","526"
"3/10/2024","54","1504","948"
"3/10/2024","41","266","71"
"3/10/2024","7","234","1068"
"3/10/2024","98","2","1658"
"3/10/2024","70","1504","847"
"3/10/2024","19","266","406"
"3/10/2024","82","2","339"
"3/10/2024","16","266","462"
"3/10/2024","12","1","45"
"3/10/2024","13","2","605"
"3/10/2024","96","2023","312"
"3/10/2024","36","2","288"
"3/10/2024","34","234","2800"
"3/10/2024","10","2","194"
"3/10/2024","11","266","832"
"3/10/2024","37","2","87"
"3/10/2024","86","2","618"
"3/10/2024","20","1","30"
"3/10/2024","65","1","672"
"3/10/2024","20","2","408"
"3/10/2024","45","266","411"
"3/10/2024","97","2","417"
"4/10/2024","7","234","1679"
"4/10/2024","36","2","176"
"4/10/2024","65","1","75"
"4/10/2024","37","2","100"
"4/10/2024","82","1504","2182"
"4/10/2024","16","266","361"
"4/10/2024","39","1504","994"
"4/10/2024","8","266","31"
"4/10/2024","10","2","215"
"4/10/2024","11","266","893"
"4/10/2024","35","266","884"
"4/10/2024","86","2","12"
"4/10/2024","19","266","522"
"4/10/2024","13","2","945"
"4/10/2024","3","1504","213"
"4/10/2024","20","1","16"
"4/10/2024","61","266","392"
"4/10/2024","41","266","385"
"4/10/2024","97","2","598"
"4/10/2024","53","1","822"
"4/10/2024","5","234","733"
"4/10/2024","71","4003","231"
"4/10/2024","48","266","1248"
"4/10/2024","28","2","310"
"4/10/2024","10","1","487"
"4/10/2024","12","266","247"
"4/10/2024","40","2023","362"
"4/10/2024","98","2","1733"
"4/10/2024","44","266","437"
"4/10/2024","2","266","453"
"4/10/2024","34","234","1551"
"4/10/2024","27","266","331"
"4/10/2024","3","2","22"
"4/10/2024","54","1504","606"
"4/10/2024","82","2","162"
"4/10/2024","83","2","18"
"4/10/2024","4","266","633"
"4/10/2024","93","1504","52"
"4/10/2024","6","266","525"
"4/10/2024","5","1","397"
"4/10/2024","70","1504","796"
"4/10/2024","61","1","191"
"4/10/2024","20","2","150"
"4/10/2024","45","266","368"
"4/10/2024","18","2023","317"
"5/10/2024","53","1","462"
"5/10/2024","82","2","313"
"5/10/2024","39","1504","312"
"5/10/2024","70","1504","657"
"5/10/2024","35","266","437"
"5/10/2024","7","234","4060"
"5/10/2024","16","266","448"
"5/10/2024","54","1504","90"
"5/10/2024","12","266","431"
"5/10/2024","8","266","136"
"5/10/2024","12","1504","110"
"5/10/2024","44","266","412"
"5/10/2024","82","1504","428"
"5/10/2024","61","1","203"
"5/10/2024","13","2","345"
"5/10/2024","40","2023","365"
"5/10/2024","45","266","306"
"5/10/2024","36","2","121"
"5/10/2024","5","1","265"
"5/10/2024","27","266","249"
"5/10/2024","97","2","125"
"5/10/2024","86","2","1523"
"5/10/2024","48","266","724"
"5/10/2024","61","266","151"
"5/10/2024","28","2","146"
"5/10/2024","2","266","233"
"5/10/2024","41","266","268"
"5/10/2024","18","2023","231"
"5/10/2024","93","1504","6"
"5/10/2024","96","2023","452"
"5/10/2024","71","4003","205"
"5/10/2024","37","2","90"
"5/10/2024","19","266","215"
"5/10/2024","10","2","435"
"5/10/2024","58","2","11"
"5/10/2024","98","2","2224"
"5/10/2024","34","234","1186"
"5/10/2024","11","266","927"
"5/10/2024","4","266","585"
"5/10/2024","3","2","201"
"5/10/2024","6","266","242"
"5/10/2024","20","2","79"
"5/10/2024","59","2","150"
"5/10/2024","65","1","282"
"5/10/2024","5","234","641"
"6/10/2024","82","1504","44"
"6/10/2024","83","1","9"
"6/10/2024","98","2","321"
"6/10/2024","59","2","41"
"6/10/2024","71","4003","26"
"6/10/2024","5","234","341"
"6/10/2024","82","2","118"
"6/10/2024","55","1","39"
"6/10/2024","86","2","260"
"6/10/2024","96","2023","753"
"7/10/2024","4","266","679"
"7/10/2024","70","2","25"
"7/10/2024","70","1504","986"
"7/10/2024","34","234","2632"
"7/10/2024","28","2","331"
"7/10/2024","19","266","264"
"7/10/2024","82","1504","720"
"7/10/2024","40","2023","179"
"7/10/2024","7","234","293"
"7/10/2024","61","1","46"
"7/10/2024","27","266","438"
"7/10/2024","96","2023","32"
"7/10/2024","5","234","734"
"7/10/2024","55","2023","480"
"7/10/2024","93","1","33"
"7/10/2024","18","2023","289"
"7/10/2024","39","1504","822"
"7/10/2024","59","2","43"
"7/10/2024","61","266","122"
"7/10/2024","12","266","509"
"7/10/2024","71","4003","36"
"7/10/2024","44","266","515"
"7/10/2024","6","266","668"
"7/10/2024","36","2","368"
"7/10/2024","45","266","431"
"7/10/2024","11","266","850"
"7/10/2024","20","2","205"
"7/10/2024","3","2","235"
"7/10/2024","40","266","328"
"7/10/2024","37","2","228"
"7/10/2024","36","2023","42"
"7/10/2024","93","1504","852"
"7/10/2024","10","2","195"
"7/10/2024","13","2","182"
"7/10/2024","97","2","258"
"7/10/2024","10","1","102"
"7/10/2024","98","2","1157"
"7/10/2024","16","266","396"
"7/10/2024","86","2","92"
"7/10/2024","20","1","59"
"7/10/2024","3","1504","21"
"7/10/2024","65","1","476"
"7/10/2024","48","266","446"
"7/10/2024","2","266","529"
"7/10/2024","41","266","528"
"7/10/2024","5","1","33"
"7/10/2024","12","1","118"
"7/10/2024","35","266","1152"
"7/10/2024","82","2","67"
"7/10/2024","8","266","366"
"8/10/2024","54","1504","344"
"8/10/2024","96","2023","275"
"8/10/2024","44","266","48"
"8/10/2024","5","234","652"
"8/10/2024","98","2","383"
"8/10/2024","93","1","269"
"8/10/2024","71","4003","87"
"8/10/2024","82","2","54"
"8/10/2024","55","2023","255"
"8/10/2024","82","1504","738"
"9/10/2024","5","234","1066"
"9/10/2024","65","266","18"
"9/10/2024","35","266","484"
"9/10/2024","45","266","391"
"9/10/2024","41","266","171"
"9/10/2024","4","266","967"
"9/10/2024","70","2","218"
"9/10/2024","70","1504","458"
"9/10/2024","93","1504","14"
"9/10/2024","13","2","299"
"9/10/2024","3","2","104"
"9/10/2024","44","266","426"
"9/10/2024","40","2023","68"
"9/10/2024","53","1","394"
"9/10/2024","3","1504","33"
"9/10/2024","37","2","56"
"9/10/2024","93","1","795"
"9/10/2024","65","1","172"
"9/10/2024","19","266","350"
"9/10/2024","40","266","659"
"9/10/2024","55","2023","43"
"9/10/2024","39","2","18"
"9/10/2024","97","2","89"
"9/10/2024","61","1","38"
"9/10/2024","82","2","170"
"9/10/2024","48","266","397"
"9/10/2024","54","1504","232"
"9/10/2024","7","234","33"
"9/10/2024","96","2023","438"
"9/10/2024","20","2","137"
"9/10/2024","83","2","24"
"9/10/2024","20","1","157"
"9/10/2024","10","2","240"
"9/10/2024","39","1504","883"
"9/10/2024","18","2023","396"
"9/10/2024","36","2","89"
"9/10/2024","6","266","495"
"9/10/2024","71","4003","138"
"9/10/2024","82","1504","120"
"9/10/2024","16","266","228"
"9/10/2024","36","2023","255"
"9/10/2024","98","2","1152"
"9/10/2024","11","266","578"
"9/10/2024","61","266","361"
"9/10/2024","34","234","3404"
"9/10/2024","86","2","1125"
"9/10/2024","8","266","446"
"9/10/2024","28","2","339"
"9/10/2024","59","2","232"
"9/10/2024","12","266","308"
"9/10/2024","27","266","388"
"9/10/2024","2","266","913"
"10/10/2024","44","266","366"
"10/10/2024","20","2","45"
"10/10/2024","12","266","22"
"10/10/2024","37","2","106"
"10/10/2024","70","1504","554"
"10/10/2024","5","234","1173"
"10/10/2024","34","234","2274"
"10/10/2024","39","2","8"
"10/10/2024","65","1","128"
"10/10/2024","2","266","751"
"10/10/2024","61","266","489"
"10/10/2024","39","1504","612"
"10/10/2024","93","1","94"
"10/10/2024","53","1","153"
"10/10/2024","61","1","150"
"10/10/2024","40","266","502"
"10/10/2024","11","266","838"
"10/10/2024","19","266","348"
"10/10/2024","35","266","325"
"10/10/2024","98","2","2308"
"10/10/2024","86","2","685"
"10/10/2024","13","2","247"
"10/10/2024","84","2","57"
"10/10/2024","36","2","51"
"10/10/2024","18","2023","137"
"10/10/2024","71","4003","231"
"10/10/2024","82","2","420"
"10/10/2024","97","2","534"
"10/10/2024","8","266","533"
"10/10/2024","83","2","11"
"10/10/2024","93","1504","98"
"10/10/2024","7","234","1598"
"10/10/2024","16","266","392"
"10/10/2024","28","2","245"
"10/10/2024","48","266","324"
"10/10/2024","12","1","245"
"10/10/2024","10","2","264"
"10/10/2024","3","2","683"
"10/10/2024","41","266","80"
"10/10/2024","27","266","304"
"10/10/2024","82","1504","1086"
"10/10/2024","59","2","37"
"10/10/2024","4","266","600"
"10/10/2024","54","1504","930"
"10/10/2024","70","2","128"
"10/10/2024","20","1","115"
"10/10/2024","45","266","199"
"10/10/2024","3","234","1057"
"11/10/2024","98","2","207"
"11/10/2024","71","4003","36"
"11/10/2024","65","1","16"
"11/10/2024","39","1504","8"
"11/10/2024","7","234","464"
"11/10/2024","16","266","36"
"11/10/2024","36","2","51"
"11/10/2024","70","1504","166"
"11/10/2024","93","1","348"
"11/10/2024","3","2","27"
"11/10/2024","2","266","166"
"11/10/2024","28","2","97"
"11/10/2024","54","1504","364"
"11/10/2024","37","2","83"
"11/10/2024","48","266","61"
"11/10/2024","35","266","53"
"11/10/2024","86","2","626"
"11/10/2024","5","234","768"
"11/10/2024","71","234","81"
"11/10/2024","18","2023","32"
"11/10/2024","61","1","50"
"11/10/2024","8","266","23"
"11/10/2024","6","266","88"
"11/10/2024","61","266","53"
"11/10/2024","97","2","119"
"11/10/2024","4","266","199"
