period_month,ug_name,uol1_name,uol2_name,servicel1_id,servicel1_name,Nº fichas RFO,Nº SN2 con ficha RFO con status OK,Nº SN2 con dependencias Consumer,Nº SN2 del tipo Aplicación no Hijo,Número de features deployed válidas,Número de features deployed,Valor de cumplimiento de objetivos en Op Model,Servicios N2 con medición en el modelo objetivo del Op Model,Vulnerab. de alto riesgo por cada mil líneas de códgio,Vulnerab. de alto riesgo por cada mil líneas de códgio mes anterior,Variación de la evolución de vulnerabilidades,Nº de vulnerabilidades high,Nº de Lineas de código,Nº de vulnerabilidades high en el mes anterior,Líneas de código en el mes anterior
25-Mar,ESPANA,SYSTEMS ENGINEERING,CORPORATE FUNCTIONS SYSTEMS,4,RIESGOS DE CREDITO,8,8,6,6,119,122,9,9,8,0,0,8,2.948.838,0,0
25-Apr,ESPANA,SYSTEMS ENGINEERING,CORPORATE FUNCTIONS SYSTEMS,4,RIESGOS DE CREDITO,8,8,6,6,12,13,9,9,4,0,0,4,2.107.994,0,0
25-May,ESPANA,SYSTEMS ENGINEERING,CORPORATE FUNCTIONS SYSTEMS,4,RIESGOS DE CREDITO,8,8,6,6,27,27,9,9,4,0,0,4,2.637.364,0,0
25-Jun,ESPANA,SYSTEMS ENGINEERING,CORPORATE FUNCTIONS SYSTEMS,4,RIESGOS DE CREDITO,8,8,6,6,104,106,9,9,4,0,0,4,2.654.464,0,0
25-Jul,ESPANA,SYSTEMS ENGINEERING,CORPORATE FUNCTIONS SYSTEMS,4,RIESGOS DE CREDITO,8,8,6,6,16,16,9,9,0,0,0,0,2.753.839,0,0
25-Aug,ESPANA,SYSTEMS ENGINEERING,CORPORATE FUNCTIONS SYSTEMS,4,RIESGOS DE CREDITO,8,8,6,6,21,21,9,9,0,0,0,0,2.761.314,0,0
25-Sep,ESPANA,SYSTEMS ENGINEERING,CORPORATE FUNCTIONS SYSTEMS,4,RIESGOS DE CREDITO,8,8,6,6,21,21,9,9,0,0,0,0,2.768.647,0,0
25-Mar,CFE,RISK,,6,RETAIL CREDIT RISK,0,0,2,3,44,44,0.5,3,0,0,0,0,491.074,0,0
25-Apr,CFE,RISK,,6,RETAIL CREDIT RISK,0,0,3,3,2,2,1.5,3,0,0,0,0,334.538,0,0
25-May,CFE,RISK,,6,RETAIL CREDIT RISK,0,0,3,3,31,31,1,3,0,0,0,0,336.122,0,0
25-Jun,CFE,RISK,,6,RETAIL CREDIT RISK,0,0,3,3,59,59,1.5,3,0,0,0,0,355.903,0,0
25-Jul,CFE,RISK,,6,RETAIL CREDIT RISK,0,0,3,3,3,3,1.5,3,0,0,0,0,357.89,0,0
25-Aug,CFE,RISK,,6,RETAIL CREDIT RISK,0,0,3,3,18,19,1,3,0,0,0,0,358.453,0,0
25-Sep,CFE,RISK,,6,RETAIL CREDIT RISK,0,0,3,3,20,22,1,3,0,0,0,0,359.324,0,0
25-Mar,CFE,RISK,,7,PROVISIONES,3,3,2,3,30,30,0,3,0,0,0,0,694.573,0,0
25-Apr,CFE,RISK,,7,PROVISIONES,3,3,3,3,0,0,0,3,0,0,0,0,592.178,0,0
25-May,CFE,RISK,,7,PROVISIONES,3,3,3,3,12,12,0.5,3,0,0,0,0,596.238,0,0
25-Jun,CFE,RISK,,7,PROVISIONES,3,3,3,3,25,25,2,3,0,0,0,0,599.789,0,0
25-Jul,CFE,RISK,,7,PROVISIONES,3,3,3,3,2,2,2,3,0,0,0,0,603.188,0,0
25-Aug,CFE,RISK,,7,PROVISIONES,3,3,3,3,2,2,2.5,3,0,0,0,0,603.18,0,0
25-Sep,CFE,RISK,,7,PROVISIONES,3,3,3,3,10,10,2.5,3,0,0,0,0,605.819,0,0
25-Mar,CFE,R&IC,,9,NFR,5,5,4,4,9,9,1,4,0,0,0,0,726.481,0,0
25-Apr,CFE,R&IC,,9,NFR,5,5,4,4,0,0,1,4,0,0,0,0,635.201,0,0
25-May,CFE,R&IC,,9,NFR,5,5,4,4,21,21,1,4,0,0,0,0,637.201,0,0
25-Jun,CFE,R&IC,,9,NFR,5,5,4,4,31,31,2,4,0,0,0,0,669.94,0,0
25-Jul,CFE,R&IC,,9,NFR,5,5,4,4,6,6,1,4,0,0,0,0,670.662,0,0
25-Aug,CFE,R&IC,,9,NFR,5,5,4,4,13,13,2,4,0,0,0,0,672.53,0,0
25-Sep,CFE,R&IC,,9,NFR,5,5,4,4,13,13,2,4,0,0,0,0,672.988,0,0
25-Mar,CFE,T&C,,11,TALENT MANAGEMENT,21,16,15,16,17,18,13,18,4,0,0,4,3.409.461,0,0
25-Apr,CFE,T&C,,11,TALENT MANAGEMENT,23,17,15,17,5,11,12.5,18,4,0,0,4,3.306.008,0,0
25-May,CFE,T&C,,11,TALENT MANAGEMENT,23,20,13,15,19,20,14.5,20,4,0,0,4,2.100.606,0,0
25-Jun,CFE,T&C,,11,TALENT MANAGEMENT,23,23,14,15,35,35,15,20,3,0,0,3,2.117.471,0,0
25-Jul,CFE,T&C,,11,TALENT MANAGEMENT,23,23,14,15,1,2,15,21,0,0,0,0,1.942.402,0,0
25-Aug,CFE,T&C,,11,TALENT MANAGEMENT,24,24,15,16,2,6,18,20,0,0,0,0,1.942.191,0,0
25-Sep,CFE,T&C,,11,TALENT MANAGEMENT,24,24,15,16,2,6,18,20,0,0,0,0,2.056.408,0,0
25-Mar,CFE,AUD.LEGAL&CHAIRMAN UNITS,,12,"LEGAL, FUNDACION BBVA",23,19,15,16,13,13,11,16,1038,0,0,1038,4.143.115,0,0
25-Apr,CFE,AUD.LEGAL&CHAIRMAN UNITS,,12,"LEGAL, FUNDACION BBVA",23,18,15,16,3,3,11,16,995,0,0,995,3.518.239,0,0
25-May,CFE,AUD.LEGAL&CHAIRMAN UNITS,,12,"LEGAL, FUNDACION BBVA",23,17,15,16,12,12,11.5,16,78,0,0,78,2.380.326,0,0
25-Jun,CFE,AUD.LEGAL&CHAIRMAN UNITS,,12,"LEGAL, FUNDACION BBVA",22,21,15,16,21,24,10.5,16,78,0,0,78,2.393.655,0,0
25-Jul,CFE,AUD.LEGAL&CHAIRMAN UNITS,,12,"LEGAL, FUNDACION BBVA",22,21,15,16,3,3,11.5,15,1,0,0,1,2.387.695,0,0
25-Aug,CFE,AUD.LEGAL&CHAIRMAN UNITS,,12,"LEGAL, FUNDACION BBVA",23,21,15,17,10,10,11,14,1,0,0,1,2.387.728,0,0
25-Sep,CFE,AUD.LEGAL&CHAIRMAN UNITS,,12,"LEGAL, FUNDACION BBVA",23,21,15,17,10,10,11,14,1,0,0,1,2.387.897,0,0
25-Mar,CFE,AUD.LEGAL&CHAIRMAN UNITS,,13,AUDIT,6,6,5,5,2,2,4,5,6,0,0,6,660.774,0,0
25-Apr,CFE,AUD.LEGAL&CHAIRMAN UNITS,,13,AUDIT,6,6,5,5,0,0,4,4,6,0,0,6,660.774,0,0
25-May,CFE,AUD.LEGAL&CHAIRMAN UNITS,,13,AUDIT,6,6,5,5,1,1,4,5,6,0,0,6,660.774,0,0
25-Jun,CFE,AUD.LEGAL&CHAIRMAN UNITS,,13,AUDIT,6,6,5,5,4,4,3,5,6,0,0,6,601.971,0,0
25-Jul,CFE,AUD.LEGAL&CHAIRMAN UNITS,,13,AUDIT,6,6,5,5,0,0,4.5,5,6,0,0,6,601.971,0,0
25-Aug,CFE,AUD.LEGAL&CHAIRMAN UNITS,,13,AUDIT,6,6,5,5,0,0,3.5,5,6,0,0,6,601.971,0,0
25-Sep,CFE,AUD.LEGAL&CHAIRMAN UNITS,,13,AUDIT,6,6,5,5,0,0,3.5,5,0,0,0,0,604.317,0,0
25-Mar,CFE,AUD.LEGAL&CHAIRMAN UNITS,,16,OTHERS NO CFE,4,4,1,4,0,0,0,4,629,0,0,629,3.636.532,0,0
25-Apr,CFE,AUD.LEGAL&CHAIRMAN UNITS,,16,OTHERS NO CFE,3,3,3,3,0,0,0,3,88,0,0,88,3.272.416,0,0
25-May,CFE,AUD.LEGAL&CHAIRMAN UNITS,,16,OTHERS NO CFE,3,3,3,3,0,1,1,3,39,0,0,39,858.475,0,0
25-Jun,CFE,AUD.LEGAL&CHAIRMAN UNITS,,16,OTHERS NO CFE,3,3,3,3,0,1,1,3,39,0,0,39,853.533,0,0
25-Jul,CFE,AUD.LEGAL&CHAIRMAN UNITS,,16,OTHERS NO CFE,3,3,3,3,0,0,2,3,39,0,0,39,830.683,0,0
25-Aug,CFE,AUD.LEGAL&CHAIRMAN UNITS,,16,OTHERS NO CFE,3,3,3,3,0,0,1,3,39,0,0,39,830.709,0,0
25-Sep,CFE,AUD.LEGAL&CHAIRMAN UNITS,,16,OTHERS NO CFE,3,3,3,3,0,0,1,3,39,0,0,39,830.709,0,0
25-Mar,CFE,AUD.LEGAL&CHAIRMAN UNITS,,17,COMMS,20,16,12,16,9,10,9,14,90,0,0,90,2.659.425,0,0
25-Apr,CFE,AUD.LEGAL&CHAIRMAN UNITS,,17,COMMS,16,16,12,16,0,0,9,13,19,0,0,19,1.940.824,0,0
25-May,CFE,AUD.LEGAL&CHAIRMAN UNITS,,17,COMMS,16,16,10,11,1,1,10,13,19,0,0,19,1.635.055,0,0
25-Jun,CFE,AUD.LEGAL&CHAIRMAN UNITS,,17,COMMS,16,16,10,11,3,3,11,13,19,0,0,19,1.681.337,0,0
25-Jul,CFE,AUD.LEGAL&CHAIRMAN UNITS,,17,COMMS,17,15,11,12,0,0,10,16,43,0,0,43,1.782.468,0,0
25-Aug,CFE,AUD.LEGAL&CHAIRMAN UNITS,,17,COMMS,17,16,11,12,1,1,10,15,38,0,0,38,1.871.525,0,0
25-Sep,CFE,AUD.LEGAL&CHAIRMAN UNITS,,17,COMMS,17,16,11,12,1,1,10,15,13,0,0,13,1.865.474,0,0
25-Mar,CFE,AUD.LEGAL&CHAIRMAN UNITS,,18,ENGINEERING FOR ENGINEERING,15,13,8,15,17,17,5.5,11,65,0,0,65,3.191.491,0,0
25-Apr,CFE,AUD.LEGAL&CHAIRMAN UNITS,,18,ENGINEERING FOR ENGINEERING,14,13,8,15,2,3,5,10,65,0,0,65,3.196.392,0,0
25-May,CFE,AUD.LEGAL&CHAIRMAN UNITS,,18,ENGINEERING FOR ENGINEERING,14,12,14,14,5,6,7,11,1,0,0,1,1.729.447,0,0
25-Jun,CFE,AUD.LEGAL&CHAIRMAN UNITS,,18,ENGINEERING FOR ENGINEERING,14,14,14,14,15,16,9.5,11,1,0,0,1,1.796.687,0,0
25-Jul,CFE,AUD.LEGAL&CHAIRMAN UNITS,,18,ENGINEERING FOR ENGINEERING,14,14,14,14,0,0,9.5,13,1,0,0,1,1.800.503,0,0
25-Aug,CFE,AUD.LEGAL&CHAIRMAN UNITS,,18,ENGINEERING FOR ENGINEERING,14,14,14,14,4,4,10,13,1,0,0,1,1.851.798,0,0
25-Sep,CFE,AUD.LEGAL&CHAIRMAN UNITS,,18,ENGINEERING FOR ENGINEERING,14,14,14,14,4,4,10,13,1,0,0,1,1.856.160,0,0
25-Mar,CFE,R&IC,,20,COMPLIANCE,14,12,9,16,20,20,5,13,52,0,0,52,3.358.195,0,0
25-Apr,CFE,R&IC,,20,COMPLIANCE,13,11,8,15,6,6,8,14,21,0,0,21,3.106.015,0,0
25-May,CFE,R&IC,,20,COMPLIANCE,15,11,11,14,10,10,7.5,14,21,0,0,21,3.130.288,0,0
25-Jun,CFE,R&IC,,20,COMPLIANCE,13,12,10,12,11,11,6.5,14,7,0,0,7,3.083.941,0,0
25-Jul,CFE,R&IC,,20,COMPLIANCE,14,12,11,13,0,0,7.5,15,7,0,0,7,3.121.532,0,0
25-Aug,CFE,R&IC,,20,COMPLIANCE,15,12,11,14,0,0,8,13,7,0,0,7,3.133.609,0,0
25-Sep,CFE,R&IC,,20,COMPLIANCE,15,12,11,14,0,0,8,13,7,0,0,7,3.157.905,0,0
25-Mar,CFE,FINANCE,,27,REPORTING REGULATORIO,10,10,11,12,20,20,4,11,0,0,0,0,791.066,0,0
25-Apr,CFE,FINANCE,,27,REPORTING REGULATORIO,10,10,12,12,0,0,7,12,0,0,0,0,666.591,0,0
25-May,CFE,FINANCE,,27,REPORTING REGULATORIO,10,10,11,11,17,17,6.5,12,0,0,0,0,668.419,0,0
25-Jun,CFE,FINANCE,,27,REPORTING REGULATORIO,10,10,11,11,37,37,9,12,0,0,0,0,785.86,0,0
25-Jul,CFE,FINANCE,,27,REPORTING REGULATORIO,10,10,11,11,0,0,10.5,12,0,0,0,0,786.18,0,0
25-Aug,CFE,FINANCE,,27,REPORTING REGULATORIO,10,10,11,11,20,20,10.5,12,0,0,0,0,789.278,0,0
25-Sep,CFE,FINANCE,,27,REPORTING REGULATORIO,10,10,11,11,20,20,10.5,12,0,0,0,0,792.436,0,0
25-Mar,CFE,RISK,,28,OTHER RISKS,15,14,11,15,22,23,10,13,5,0,0,5,1.965.970,0,0
25-Apr,CFE,RISK,,28,OTHER RISKS,15,12,11,15,2,2,11,13,4,0,0,4,1.450.154,0,0
25-May,CFE,RISK,,28,OTHER RISKS,15,13,11,15,5,5,12.5,13,0,0,0,0,1.505.074,0,0
25-Jun,CFE,RISK,,28,OTHER RISKS,15,15,11,15,14,16,12.5,13,0,0,0,0,1.504.146,0,0
25-Jul,CFE,RISK,,28,OTHER RISKS,15,15,11,15,1,1,12,13,0,0,0,0,1.550.001,0,0
25-Aug,CFE,RISK,,28,OTHER RISKS,15,15,11,15,11,11,12,13,0,0,0,0,1.549.683,0,0
25-Sep,CFE,RISK,,28,OTHER RISKS,15,15,11,15,12,12,12,13,0,0,0,0,1.551.307,0,0
25-Mar,CFE,R&IC,,29,CONTROL INTERNAO DE RIESGOS,4,4,5,5,14,14,2,5,153,0,0,153,713.597,0,0
25-Apr,CFE,R&IC,,29,CONTROL INTERNAO DE RIESGOS,4,4,5,5,3,3,3,5,131,0,0,131,697.318,0,0
25-May,CFE,R&IC,,29,CONTROL INTERNAO DE RIESGOS,4,4,4,4,8,8,3,5,49,0,0,49,589.124,0,0
25-Jun,CFE,R&IC,,29,CONTROL INTERNAO DE RIESGOS,4,4,4,4,11,11,3,5,49,0,0,49,601.431,0,0
25-Jul,CFE,R&IC,,29,CONTROL INTERNAO DE RIESGOS,4,4,4,4,4,4,2,5,45,0,0,45,600.299,0,0
25-Aug,CFE,R&IC,,29,CONTROL INTERNAO DE RIESGOS,4,4,4,4,4,4,3.5,4,45,0,0,45,600.306,0,0
25-Sep,CFE,R&IC,,29,CONTROL INTERNAO DE RIESGOS,4,4,4,4,4,4,3.5,4,49,0,0,49,600.888,0,0
25-Mar,PERU,SYSTEMS,CORPORATE,30,COMPLIANCE,11,11,12,12,12,12,8,8,102,0,0,102,1.220.864,0,0
25-Apr,PERU,SYSTEMS,CORPORATE,30,COMPLIANCE,11,11,12,12,0,0,8,8,113,0,0,113,1.214.465,0,0
25-May,PERU,SYSTEMS,CORPORATE,30,COMPLIANCE,11,11,11,11,6,6,8,8,11,0,0,11,803.971,0,0
25-Jun,PERU,SYSTEMS,CORPORATE,30,COMPLIANCE,11,11,11,11,14,14,7,8,11,0,0,11,826.539,0,0
25-Jul,PERU,SYSTEMS,CORPORATE,30,COMPLIANCE,11,11,11,11,1,1,7,7,0,0,0,0,743.632,0,0
25-Aug,PERU,SYSTEMS,CORPORATE,30,COMPLIANCE,11,11,11,11,7,7,7,7,0,0,0,0,743.836,0,0
25-Sep,PERU,SYSTEMS,CORPORATE,30,COMPLIANCE,11,11,11,11,10,10,7,7,0,0,0,0,746.518,0,0
25-Mar,CFE,RISK,,31,WHOLESALE CREDIT RISK,11,10,10,10,81,83,9,11,0,0,0,0,1.857.257,0,0
25-Apr,CFE,RISK,,31,WHOLESALE CREDIT RISK,10,10,10,10,7,11,9,11,0,0,0,0,1.758.376,0,0
25-May,CFE,RISK,,31,WHOLESALE CREDIT RISK,10,10,9,9,43,49,9,11,0,0,0,0,1.762.253,0,0
25-Jun,CFE,RISK,,31,WHOLESALE CREDIT RISK,10,10,9,9,108,116,9,11,0,0,0,0,1.825.992,0,0
25-Jul,CFE,RISK,,31,WHOLESALE CREDIT RISK,10,10,9,9,11,11,9,11,0,0,0,0,1.817.905,0,0
25-Aug,CFE,RISK,,31,WHOLESALE CREDIT RISK,11,10,10,10,19,19,9,11,13,0,0,13,1.844.504,0,0
25-Sep,CFE,RISK,,31,WHOLESALE CREDIT RISK,11,10,10,10,21,21,9,11,13,0,0,13,1.845.535,0,0
25-Mar,RETAIL CLIENT SOLUTIONS,CROSS,OPTIMIZATION & FUNNEL HEALTH,32,OPTIMIZATION & FUNNEL HEALTH,9,9,4,4,0,0,4,6,2,0,0,2,170.812,0,0
25-Apr,RETAIL CLIENT SOLUTIONS,CROSS,OPTIMIZATION & FUNNEL HEALTH,32,OPTIMIZATION & FUNNEL HEALTH,9,9,4,4,0,0,5,6,2,0,0,2,209.62,0,0
25-May,RETAIL CLIENT SOLUTIONS,CROSS,OPTIMIZATION & FUNNEL HEALTH,32,OPTIMIZATION & FUNNEL HEALTH,10,8,4,5,0,0,5,7,2,0,0,2,267.145,0,0
25-Jun,RETAIL CLIENT SOLUTIONS,CROSS,OPTIMIZATION & FUNNEL HEALTH,32,OPTIMIZATION & FUNNEL HEALTH,10,10,3,4,0,0,7,9,0,0,0,0,294.033,0,0
25-Jul,RETAIL CLIENT SOLUTIONS,CROSS,OPTIMIZATION & FUNNEL HEALTH,32,OPTIMIZATION & FUNNEL HEALTH,10,10,3,4,0,0,7,9,0,0,0,0,294.107,0,0
25-Aug,RETAIL CLIENT SOLUTIONS,CROSS,OPTIMIZATION & FUNNEL HEALTH,32,OPTIMIZATION & FUNNEL HEALTH,10,10,3,4,0,0,7,9,0,0,0,0,294.289,0,0
25-Mar,CFE,FINANCE,,34,CONSOLIDACION REPORTING Y FISCAL,9,8,7,9,33,34,6,9,0,0,0,0,6.553.762,0,0
25-Apr,CFE,FINANCE,,34,CONSOLIDACION REPORTING Y FISCAL,11,9,8,10,1,1,9,13,0,0,0,0,7.466.906,0,0
25-May,CFE,FINANCE,,34,CONSOLIDACION REPORTING Y FISCAL,12,8,10,10,20,20,9.5,13,0,0,0,0,6.918.563,0,0
25-Jun,CFE,FINANCE,,34,CONSOLIDACION REPORTING Y FISCAL,12,10,10,10,41,41,8,13,0,0,0,0,6.865.948,0,0
25-Jul,CFE,FINANCE,,34,CONSOLIDACION REPORTING Y FISCAL,12,10,10,10,1,1,9.5,13,0,0,0,0,7.150.999,0,0
25-Aug,CFE,FINANCE,,34,CONSOLIDACION REPORTING Y FISCAL,12,10,9,10,20,20,10,13,0,0,0,0,7.351.205,0,0
25-Sep,CFE,FINANCE,,34,CONSOLIDACION REPORTING Y FISCAL,12,12,9,10,20,20,10,13,0,0,0,0,7.382.910,0,0
25-Mar,CFE,AUD.LEGAL&CHAIRMAN UNITS,,37,M&A,7,7,2,4,6,7,5,5,0,0,0,0,5.255,0,0
25-Apr,CFE,AUD.LEGAL&CHAIRMAN UNITS,,37,M&A,7,7,2,4,0,0,6,7,0,0,0,0,12.649,0,0
25-May,CFE,AUD.LEGAL&CHAIRMAN UNITS,,37,M&A,7,7,1,1,0,0,6.5,7,0,0,0,0,12.649,0,0
25-Jun,CFE,AUD.LEGAL&CHAIRMAN UNITS,,37,M&A,8,8,2,2,7,12,6,7,0,0,0,0,64.684,0,0
25-Jul,CFE,AUD.LEGAL&CHAIRMAN UNITS,,37,M&A,8,8,2,2,2,2,6,7,0,0,0,0,64.684,0,0
25-Aug,CFE,AUD.LEGAL&CHAIRMAN UNITS,,37,M&A,10,9,4,4,5,5,6,7,0,0,0,0,67.775,0,0
25-Sep,CFE,AUD.LEGAL&CHAIRMAN UNITS,,37,M&A,9,9,3,3,8,8,5,6,0,0,0,0,67.794,0,0
25-Mar,CFE,RISK,,38,ESG & REPORTING & ANALYTICS,6,5,1,9,68,68,2,8,0,0,0,0,1.094.187,0,0
25-Apr,CFE,RISK,,38,ESG & REPORTING & ANALYTICS,5,5,1,9,6,6,2.5,9,0,0,0,0,805.761,0,0
25-May,CFE,RISK,,38,ESG & REPORTING & ANALYTICS,8,7,9,9,27,28,4,10,0,0,0,0,809.126,0,0
25-Jun,CFE,RISK,,38,ESG & REPORTING & ANALYTICS,8,7,9,9,62,62,5,10,0,0,0,0,1.082.578,0,0
25-Jul,CFE,RISK,,38,ESG & REPORTING & ANALYTICS,8,7,9,9,13,14,5,10,0,0,0,0,1.210.182,0,0
25-Aug,CFE,RISK,,38,ESG & REPORTING & ANALYTICS,8,7,9,9,22,23,5,10,0,0,0,0,1.219.438,0,0
25-Sep,CFE,RISK,,38,ESG & REPORTING & ANALYTICS,8,6,9,9,25,28,5,10,0,0,0,0,1.103.357,0,0
25-Mar,PERU,SYSTEMS,RISK,39,RISKS,19,5,5,19,49,51,8,15,650,0,0,650,5.783.218,0,0
25-Apr,PERU,SYSTEMS,RISK,39,RISKS,19,13,6,19,3,3,9,15,1756,0,0,1756,5.083.162,0,0
25-May,PERU,SYSTEMS,RISK,39,RISKS,20,14,6,20,12,12,9,15,885,0,0,885,3.514.242,0,0
25-Jun,PERU,SYSTEMS,RISK,39,RISKS,20,19,6,20,58,60,12,16,381,0,0,381,3.158.751,0,0
25-Jul,PERU,SYSTEMS,RISK,39,RISKS,20,20,6,20,6,7,15,17,85,0,0,85,2.900.848,0,0
25-Aug,PERU,SYSTEMS,RISK,39,RISKS,20,20,6,20,32,33,15,17,259,0,0,259,3.178.398,0,0
25-Mar,CIB,CIB ENGINEERING,SW DELIVERY,40,RISKS,26,23,20,25,77,88,5,18,405,0,0,405,12.906.096,0,0
25-Apr,CIB,CIB ENGINEERING,SW DELIVERY,40,RISKS,25,24,20,25,36,40,6,17,596,0,0,596,8.997.361,0,0
25-Mar,CFE,T&C,,41,PREMISES & SERVICES,24,20,19,21,1,1,14,18,342,0,0,342,2.598.303,0,0
25-Apr,CFE,T&C,,41,PREMISES & SERVICES,19,19,19,21,2,5,15,19,151,0,0,151,1.688.898,0,0
25-May,CFE,T&C,,41,PREMISES & SERVICES,21,20,17,18,5,5,15,19,151,0,0,151,1.823.311,0,0
25-Jun,CFE,T&C,,41,PREMISES & SERVICES,21,21,17,18,19,19,15,18,142,0,0,142,1.517.268,0,0
25-Jul,CFE,T&C,,41,PREMISES & SERVICES,22,21,17,19,2,2,16,18,138,0,0,138,1.516.733,0,0
25-Aug,CFE,T&C,,41,PREMISES & SERVICES,24,21,19,21,11,11,16,19,123,0,0,123,1.479.285,0,0
25-Sep,CFE,T&C,,41,PREMISES & SERVICES,24,22,19,21,12,12,16,19,121,0,0,121,1.481.343,0,0
25-Mar,CFE,FINANCE,,42,PROCUREMENT,6,5,5,5,2,2,3,4,0,0,0,0,743.822,0,0
25-Apr,CFE,FINANCE,,42,PROCUREMENT,6,6,5,5,0,0,2,6,0,0,0,0,743.625,0,0
25-May,CFE,FINANCE,,42,PROCUREMENT,6,6,5,5,2,2,3,6,384,0,0,384,1.227.943,0,0
25-Jun,CFE,FINANCE,,42,PROCUREMENT,6,6,5,5,3,3,3,6,140,0,0,140,705.211,0,0
25-Jul,CFE,FINANCE,,42,PROCUREMENT,6,6,5,5,1,1,3,6,140,0,0,140,705.628,0,0
25-Aug,CFE,FINANCE,,42,PROCUREMENT,6,6,5,5,2,2,4,6,140,0,0,140,705.628,0,0
25-Sep,CFE,FINANCE,,42,PROCUREMENT,6,6,5,5,2,2,4,6,132,0,0,132,705.628,0,0
25-Mar,CFE,FINANCE,,43,INVEST & COST MANAGEMENT,6,6,6,6,31,36,2,6,0,0,0,0,2.187.497,0,0
25-Apr,CFE,FINANCE,,43,INVEST & COST MANAGEMENT,5,5,5,5,6,6,2,5,0,0,0,0,1.500.835,0,0
25-May,CFE,FINANCE,,43,INVEST & COST MANAGEMENT,5,5,5,5,15,15,1,5,0,0,0,0,1.503.069,0,0
25-Jun,CFE,FINANCE,,43,INVEST & COST MANAGEMENT,5,5,5,5,33,33,1,5,0,0,0,0,1.507.931,0,0
25-Jul,CFE,FINANCE,,43,INVEST & COST MANAGEMENT,5,5,5,5,8,8,2,5,0,0,0,0,1.577.970,0,0
25-Aug,CFE,FINANCE,,43,INVEST & COST MANAGEMENT,5,5,5,5,19,19,2,5,0,0,0,0,1.583.103,0,0
25-Sep,CFE,FINANCE,,43,INVEST & COST MANAGEMENT,5,5,5,5,19,19,2,5,0,0,0,0,1.583.504,0,0
25-Mar,CFE,FINANCE,,45,RENTABILIDAD & PERFORMANCE MANAGEMENT,3,3,4,4,73,73,1,3,1,0,0,1,121.72,0,0
25-Apr,CFE,FINANCE,,45,RENTABILIDAD & PERFORMANCE MANAGEMENT,3,3,4,4,11,11,1.5,3,0,0,0,0,56.216,0,0
25-May,CFE,FINANCE,,45,RENTABILIDAD & PERFORMANCE MANAGEMENT,3,3,4,4,39,39,1,3,0,0,0,0,53.039,0,0
25-Jun,CFE,FINANCE,,45,RENTABILIDAD & PERFORMANCE MANAGEMENT,3,3,4,4,66,66,2,3,8,0,0,8,100.16,0,0
25-Jul,CFE,FINANCE,,45,RENTABILIDAD & PERFORMANCE MANAGEMENT,3,3,4,4,7,7,2,3,1,0,0,1,102.484,0,0
25-Aug,CFE,FINANCE,,45,RENTABILIDAD & PERFORMANCE MANAGEMENT,3,2,4,4,31,31,2,3,0,0,0,0,99.299,0,0
25-Sep,CFE,FINANCE,,45,RENTABILIDAD & PERFORMANCE MANAGEMENT,3,2,4,4,32,32,2,3,0,0,0,0,96.911,0,0
25-Mar,CFE,RISK,,46,CAPITAL,10,10,5,10,38,39,6.5,8,0,0,0,0,709.155,0,0
25-Apr,CFE,RISK,,46,CAPITAL,10,9,5,10,12,12,6.5,8,0,0,0,0,529.426,0,0
25-May,CFE,RISK,,46,CAPITAL,10,10,5,10,30,30,6,8,0,0,0,0,517.078,0,0
25-Jun,CFE,RISK,,46,CAPITAL,10,10,5,10,59,60,6,8,0,0,0,0,622.315,0,0
25-Jul,CFE,RISK,,46,CAPITAL,10,10,5,10,7,7,6,8,0,0,0,0,623.833,0,0
25-Aug,CFE,RISK,,46,CAPITAL,11,10,5,11,19,19,6.5,8,0,0,0,0,621.366,0,0
25-Sep,CFE,RISK,,46,CAPITAL,11,10,5,11,19,19,6.5,8,0,0,0,0,623.481,0,0
25-Mar,CFE,T&C,,47,WORKFORCE ADMINISTRATION,2,2,1,1,9,9,1,2,13,0,0,13,591.804,0,0
25-Apr,CFE,T&C,,47,WORKFORCE ADMINISTRATION,2,2,1,1,0,0,1,2,9,0,0,9,571.343,0,0
25-May,CFE,T&C,,47,WORKFORCE ADMINISTRATION,2,2,1,1,5,5,1,2,4,0,0,4,457.563,0,0
25-Jun,CFE,T&C,,47,WORKFORCE ADMINISTRATION,2,2,1,1,13,15,1,2,4,0,0,4,457.563,0,0
25-Jul,CFE,T&C,,47,WORKFORCE ADMINISTRATION,2,2,1,1,3,3,2,2,4,0,0,4,457.563,0,0
25-Aug,CFE,T&C,,47,WORKFORCE ADMINISTRATION,2,2,1,1,4,4,2,2,4,0,0,4,457.563,0,0
25-Sep,CFE,T&C,,47,WORKFORCE ADMINISTRATION,2,2,1,1,5,5,2,2,4,0,0,4,457.563,0,0
25-Mar,ESPANA,SYSTEMS ENGINEERING,ALPHA,52,CLIENTS REGULATORY COMPLIANCE,3,3,3,3,18,19,3,3,0,0,0,0,1.029.875,0,0
25-Apr,ESPANA,SYSTEMS ENGINEERING,ALPHA,52,CLIENTS REGULATORY COMPLIANCE,3,3,3,3,7,7,3,3,0,0,0,0,754.2,0,0
25-May,ESPANA,SYSTEMS ENGINEERING,ALPHA,52,CLIENTS REGULATORY COMPLIANCE,3,3,3,3,3,3,3,3,0,0,0,0,759.246,0,0
25-Jun,ESPANA,SYSTEMS ENGINEERING,ALPHA,52,CLIENTS REGULATORY COMPLIANCE,3,3,3,3,20,20,3,3,0,0,0,0,764.243,0,0
25-Jul,ESPANA,SYSTEMS ENGINEERING,ALPHA,52,CLIENTS REGULATORY COMPLIANCE,3,3,3,3,10,11,3,3,0,0,0,0,764.681,0,0
25-Aug,ESPANA,SYSTEMS ENGINEERING,ALPHA,52,CLIENTS REGULATORY COMPLIANCE,3,3,3,3,11,12,3,3,0,0,0,0,775.377,0,0
25-Sep,ESPANA,SYSTEMS ENGINEERING,ALPHA,52,CLIENTS REGULATORY COMPLIANCE,3,2,3,3,11,12,3,3,0,0,0,0,785.266,0,0
25-Mar,ESPANA,SYSTEMS ENGINEERING,CONSUMER FINANCE SYSTEMS,53,CONSUMER FINANCE,1,1,1,1,20,24,1,1,216,0,0,216,1.471.704,0,0
25-Apr,ESPANA,SYSTEMS ENGINEERING,CONSUMER FINANCE SYSTEMS,53,CONSUMER FINANCE,1,1,1,1,4,4,1,1,216,0,0,216,1.170.206,0,0
25-May,ESPANA,SYSTEMS ENGINEERING,CONSUMER FINANCE SYSTEMS,53,CONSUMER FINANCE,1,1,1,1,3,6,1,1,216,0,0,216,1.148.109,0,0
25-Jun,ESPANA,SYSTEMS ENGINEERING,CONSUMER FINANCE SYSTEMS,53,CONSUMER FINANCE,1,1,1,1,20,23,1,1,216,0,0,216,1.152.251,0,0
25-Jul,ESPANA,SYSTEMS ENGINEERING,CONSUMER FINANCE SYSTEMS,53,CONSUMER FINANCE,1,1,1,1,3,3,1,1,216,0,0,216,1.143.323,0,0
25-Aug,ESPANA,SYSTEMS ENGINEERING,CONSUMER FINANCE SYSTEMS,53,CONSUMER FINANCE,1,1,1,1,5,5,1,1,216,0,0,216,1.146.320,0,0
25-Sep,ESPANA,SYSTEMS ENGINEERING,CONSUMER FINANCE SYSTEMS,53,CONSUMER FINANCE,1,1,1,1,5,5,1,1,216,0,0,216,1.148.820,0,0
25-Mar,PERU,SYSTEMS,CORE CLIENTS,48,INTERBANK PAYMENTS,11,8,11,11,65,65,1.5,5,0,0,0,0,1.062.345,0,0
25-Apr,PERU,SYSTEMS,CORE CLIENTS,48,INTERBANK PAYMENTS,13,8,13,13,1,1,2,7,0,0,0,0,1.033.743,0,0
25-May,PERU,SYSTEMS,CORE CLIENTS,48,INTERBANK PAYMENTS,13,8,13,13,21,21,5.5,8,0,0,0,0,1.036.005,0,0
25-Jun,PERU,SYSTEMS,CORE CLIENTS,48,INTERBANK PAYMENTS,12,11,12,12,93,95,5,8,0,0,0,0,1.076.434,0,0
25-Jul,PERU,SYSTEMS,CORE CLIENTS,48,INTERBANK PAYMENTS,11,11,11,11,0,0,5.5,8,0,0,0,0,1.109.735,0,0
25-Aug,PERU,SYSTEMS,CORE CLIENTS,48,INTERBANK PAYMENTS,11,9,11,11,12,12,6,9,0,0,0,0,1.117.276,0,0
25-Sep,PERU,SYSTEMS,CORE CLIENTS,48,INTERBANK PAYMENTS,12,10,12,12,17,17,6,9,0,0,0,0,1.117.160,0,0
25-Mar,VENEZUELA,SYSTEMS,CROSS SERVICES,54,INTERBANK PAYMENTS,8,8,7,8,4,4,3,3,4,0,0,4,1.037.231,0,0
25-Apr,VENEZUELA,SYSTEMS,CROSS SERVICES,54,INTERBANK PAYMENTS,8,8,8,8,0,0,3,3,0,0,0,0,686.69,0,0
25-May,VENEZUELA,SYSTEMS,CROSS SERVICES,54,INTERBANK PAYMENTS,8,8,8,8,0,0,3,4,0,0,0,0,686.69,0,0
25-Jun,VENEZUELA,SYSTEMS,CROSS SERVICES,54,INTERBANK PAYMENTS,8,8,8,8,1,1,4,4,0,0,0,0,686.69,0,0
25-Jul,VENEZUELA,SYSTEMS,CROSS SERVICES,54,INTERBANK PAYMENTS,8,8,8,8,0,0,2,4,0,0,0,0,686.69,0,0
25-Aug,VENEZUELA,SYSTEMS,CROSS SERVICES,54,INTERBANK PAYMENTS,8,8,8,8,0,0,1,4,0,0,0,0,2.284.326,0,0
25-Mar,COLOMBIA,SYSTEMS ENGINEERING,CORE,50,LOANS,9,9,8,9,75,77,4,6,15,0,0,15,3.779.361,0,0
25-Apr,COLOMBIA,SYSTEMS ENGINEERING,CORE,50,LOANS,10,9,8,10,12,13,6,8,15,0,0,15,2.936.736,0,0
25-May,COLOMBIA,SYSTEMS ENGINEERING,CORE,50,LOANS,9,9,9,9,18,19,4,10,4,0,0,4,3.045.487,0,0
25-Jun,COLOMBIA,SYSTEMS ENGINEERING,CORE,50,LOANS,9,9,9,9,87,87,5.5,7,4,0,0,4,3.056.093,0,0
25-Jul,COLOMBIA,SYSTEMS ENGINEERING,CORE,50,LOANS,9,9,9,9,10,10,7,8,4,0,0,4,3.051.141,0,0
25-Aug,COLOMBIA,SYSTEMS ENGINEERING,CORE,50,LOANS,10,10,10,10,35,36,7,9,4,0,0,4,3.065.560,0,0
25-Sep,COLOMBIA,SYSTEMS ENGINEERING,CORE,50,LOANS,10,10,10,10,38,39,7,9,4,0,0,4,3.067.366,0,0
25-Mar,MEXICO,SYSTEMS ENGINEERING,CORE BANKING PRODUCTS,51,LOANS,6,5,6,6,133,137,4,6,0,0,0,0,5.712.589,0,0
25-Apr,MEXICO,SYSTEMS ENGINEERING,CORE BANKING PRODUCTS,51,LOANS,7,5,6,7,12,13,4,6,0,0,0,0,5.648.356,0,0
25-May,MEXICO,SYSTEMS ENGINEERING,CORE BANKING PRODUCTS,51,LOANS,7,5,6,7,3,3,4,6,0,0,0,0,5.684.069,0,0
25-Jun,MEXICO,SYSTEMS ENGINEERING,CORE BANKING PRODUCTS,51,LOANS,7,4,6,7,171,172,4.5,6,1,0,0,1,5.837.915,0,0
25-Jul,MEXICO,SYSTEMS ENGINEERING,CORE BANKING PRODUCTS,51,LOANS,7,5,6,7,7,7,4.5,6,1,0,0,1,5.848.575,0,0
25-Aug,MEXICO,SYSTEMS ENGINEERING,CORE BANKING PRODUCTS,51,LOANS,7,5,6,7,24,25,3,6,1,0,0,1,3.618.149,0,0
25-Sep,MEXICO,SYSTEMS ENGINEERING,CORE BANKING PRODUCTS,51,LOANS,7,5,6,7,34,35,3,6,1,0,0,1,3.620.416,0,0
25-Mar,PERU,SYSTEMS,LOANS,55,LOANS,7,5,5,7,2,2,1.5,2,0,0,0,0,5.18,0,0
25-Apr,PERU,SYSTEMS,LOANS,55,LOANS,7,5,5,7,0,0,1.5,3,0,0,0,0,5.29,0,0
25-May,PERU,SYSTEMS,LOANS,55,LOANS,7,5,5,7,2,2,2,2,0,0,0,0,25.191,0,0
25-Jun,PERU,SYSTEMS,LOANS,55,LOANS,7,5,5,7,5,6,3,3,0,0,0,0,25.193,0,0
25-Jul,PERU,SYSTEMS,LOANS,55,LOANS,6,5,5,6,0,0,4,4,0,0,0,0,24.815,0,0
25-Aug,PERU,SYSTEMS,LOANS,55,LOANS,6,5,5,6,4,4,4,4,0,0,0,0,25.882,0,0
25-Sep,PERU,SYSTEMS,LOANS,55,LOANS,6,5,5,6,4,4,4,4,0,0,0,0,28.302,0,0
25-Mar,MEXICO,SYSTEMS ENGINEERING,ENTERPRISE,56,CONSUMER FINANCE,3,2,3,3,51,51,2,3,0,0,0,0,256.557,0,0
25-Apr,MEXICO,SYSTEMS ENGINEERING,ENTERPRISE,56,CONSUMER FINANCE,3,2,3,3,0,0,2,3,0,0,0,0,204.257,0,0
25-May,MEXICO,SYSTEMS ENGINEERING,ENTERPRISE,56,CONSUMER FINANCE,3,2,3,3,1,1,2,3,0,0,0,0,209.244,0,0
25-Jun,MEXICO,SYSTEMS ENGINEERING,ENTERPRISE,56,CONSUMER FINANCE,3,3,3,3,55,55,1.5,3,0,0,0,0,230.738,0,0
25-Jul,MEXICO,SYSTEMS ENGINEERING,ENTERPRISE,56,CONSUMER FINANCE,3,3,3,3,2,2,3,3,0,0,0,0,257.786,0,0
25-Aug,MEXICO,SYSTEMS ENGINEERING,ENTERPRISE,56,CONSUMER FINANCE,3,3,3,3,10,10,2,3,0,0,0,0,253.898,0,0
25-Sep,MEXICO,SYSTEMS ENGINEERING,ENTERPRISE,56,CONSUMER FINANCE,3,3,3,3,14,14,2,3,0,0,0,0,253.898,0,0
25-Mar,PERU,SYSTEMS,LOANS,57,CONSUMER FINANCE,4,0,3,3,59,59,1.5,2,0,0,0,0,1.433.144,0,0
25-Apr,PERU,SYSTEMS,LOANS,57,CONSUMER FINANCE,4,0,3,3,1,1,2,3,0,0,0,0,1.400.520,0,0
25-May,PERU,SYSTEMS,LOANS,57,CONSUMER FINANCE,5,1,4,4,11,11,2.5,3,0,0,0,0,1.419.801,0,0
25-Jun,PERU,SYSTEMS,LOANS,57,CONSUMER FINANCE,5,1,4,4,67,68,2.5,3,0,0,0,0,1.420.120,0,0
25-Jul,PERU,SYSTEMS,LOANS,57,CONSUMER FINANCE,5,5,4,4,0,1,2.5,3,0,0,0,0,1.427.702,0,0
25-Aug,PERU,SYSTEMS,LOANS,57,CONSUMER FINANCE,5,5,4,4,10,11,3,3,0,0,0,0,1.429.481,0,0
25-Sep,PERU,SYSTEMS,LOANS,57,CONSUMER FINANCE,5,5,4,4,13,14,3,3,0,0,0,0,1.434.896,0,0
25-Mar,PERU,SYSTEMS,ENTERPRISE,58,ENTERPRISE BANKING CANALES WEB & MOBILE,15,12,15,16,71,71,5.5,10,2265,0,0,2265,5.680.850,0,0
25-Apr,PERU,SYSTEMS,ENTERPRISE,58,ENTERPRISE BANKING CANALES WEB & MOBILE,12,10,13,14,3,3,5,9,3324,0,0,3324,5.371.676,0,0
25-May,PERU,SYSTEMS,ENTERPRISE,58,ENTERPRISE BANKING CANALES WEB & MOBILE,12,9,12,12,14,14,5.5,9,3324,0,0,3324,5.371.266,0,0
25-Jun,PERU,SYSTEMS,ENTERPRISE,58,ENTERPRISE BANKING CANALES WEB & MOBILE,12,10,12,12,73,73,5.5,9,3324,0,0,3324,5.374.989,0,0
25-Jul,PERU,SYSTEMS,ENTERPRISE,58,ENTERPRISE BANKING CANALES WEB & MOBILE,12,11,12,12,4,5,6.5,9,3396,0,0,3396,5.280.889,0,0
25-Aug,PERU,SYSTEMS,ENTERPRISE,58,ENTERPRISE BANKING CANALES WEB & MOBILE,13,13,12,13,20,22,6.5,9,2554,0,0,2554,4.272.100,0,0
25-Sep,PERU,SYSTEMS,ENTERPRISE,58,ENTERPRISE BANKING CANALES WEB & MOBILE,13,13,12,13,28,30,6.5,9,2554,0,0,2554,4.272.501,0,0
25-Mar,RETAIL CLIENT SOLUTIONS,RETAIL,RETAIL-PRESCRIPTION BUSINESS,59,CONSUMER FINANCE,0,0,1,3,3,3,3,3,0,0,0,0,23.08,0,0
25-Apr,RETAIL CLIENT SOLUTIONS,RETAIL,RETAIL-PRESCRIPTION BUSINESS,59,CONSUMER FINANCE,0,0,1,3,0,0,2,3,0,0,0,0,2.996,0,0
25-May,RETAIL CLIENT SOLUTIONS,RETAIL,RETAIL-PRESCRIPTION BUSINESS,59,CONSUMER FINANCE,0,0,1,3,0,0,2,3,0,0,0,0,2.996,0,0
25-Jun,RETAIL CLIENT SOLUTIONS,RETAIL,RETAIL-PRESCRIPTION BUSINESS,59,CONSUMER FINANCE,0,0,1,3,1,1,2,2,0,0,0,0,2.996,0,0
25-Jul,RETAIL CLIENT SOLUTIONS,RETAIL,RETAIL-PRESCRIPTION BUSINESS,59,CONSUMER FINANCE,0,0,1,3,0,0,2,3,0,0,0,0,2.996,0,0
25-Aug,RETAIL CLIENT SOLUTIONS,RETAIL,RETAIL-PRESCRIPTION BUSINESS,59,CONSUMER FINANCE,0,0,1,3,0,0,2,3,0,0,0,0,5.426,0,0
25-Mar,PERU,SYSTEMS,ENTERPRISE,60,ENTERPRISE BRANCH,2,2,2,2,15,15,0.5,2,56,0,0,56,646.913,0,0
25-Apr,PERU,SYSTEMS,ENTERPRISE,60,ENTERPRISE BRANCH,2,2,2,2,6,6,0,2,55,0,0,55,657.868,0,0
25-May,PERU,SYSTEMS,ENTERPRISE,60,ENTERPRISE BRANCH,2,2,2,2,16,16,0,1,51,0,0,51,660.328,0,0
25-Jun,PERU,SYSTEMS,ENTERPRISE,60,ENTERPRISE BRANCH,2,2,2,2,34,34,0,2,36,0,0,36,668.186,0,0
25-Jul,PERU,SYSTEMS,ENTERPRISE,60,ENTERPRISE BRANCH,2,2,2,2,1,1,1,2,36,0,0,36,687.405,0,0
25-Aug,PERU,SYSTEMS,ENTERPRISE,60,ENTERPRISE BRANCH,2,2,2,2,8,8,0,2,24,0,0,24,701.01,0,0
25-Sep,PERU,SYSTEMS,ENTERPRISE,60,ENTERPRISE BRANCH,2,2,2,2,9,9,0,2,0,0,0,0,707.519,0,0
25-Mar,MEXICO,SYSTEMS ENGINEERING,C&IB,61,ASSET MANAGEMENT,1,1,1,1,16,16,1,1,516,0,0,516,1.479.938,0,0
25-Apr,MEXICO,SYSTEMS ENGINEERING,C&IB,61,ASSET MANAGEMENT,1,1,1,1,0,0,1,1,516,0,0,516,1.481.798,0,0
25-May,MEXICO,SYSTEMS ENGINEERING,C&IB,61,ASSET MANAGEMENT,1,1,1,1,0,0,1,1,494,0,0,494,1.481.828,0,0
25-Jun,MEXICO,SYSTEMS ENGINEERING,C&IB,61,ASSET MANAGEMENT,2,1,1,2,3,3,1,1,494,0,0,494,1.484.579,0,0
25-Jul,MEXICO,SYSTEMS ENGINEERING,C&IB,61,ASSET MANAGEMENT,1,1,1,1,0,0,1,1,495,0,0,495,1.484.588,0,0
25-Aug,MEXICO,SYSTEMS ENGINEERING,C&IB,61,ASSET MANAGEMENT,1,1,1,1,0,0,1,1,259,0,0,259,1.472.918,0,0
25-Mar,PERU,SYSTEMS,CROSS SYSTEMS,62,INSURANCE DISTRIBUTION,2,2,2,2,64,64,0,1,1,0,0,1,1.627.435,0,0
25-Apr,PERU,SYSTEMS,CROSS SYSTEMS,62,INSURANCE DISTRIBUTION,2,2,2,2,0,0,0,1,0,0,0,0,1.461.331,0,0
25-May,PERU,SYSTEMS,CROSS SYSTEMS,62,INSURANCE DISTRIBUTION,2,2,2,2,22,22,0,1,0,0,0,0,1.541.622,0,0
25-Jun,PERU,SYSTEMS,CROSS SYSTEMS,62,INSURANCE DISTRIBUTION,2,2,2,2,61,62,1,2,0,0,0,0,1.632.313,0,0
25-Jul,PERU,SYSTEMS,CROSS SYSTEMS,62,INSURANCE DISTRIBUTION,2,2,2,2,1,1,1,2,0,0,0,0,1.652.451,0,0
25-Aug,PERU,SYSTEMS,CROSS SYSTEMS,62,INSURANCE DISTRIBUTION,2,2,2,2,22,22,1,2,0,0,0,0,1.666.350,0,0
25-Sep,PERU,SYSTEMS,CROSS SYSTEMS,62,INSURANCE DISTRIBUTION,2,2,2,2,41,41,1,2,0,0,0,0,1.667.295,0,0
25-Mar,PERU,SYSTEMS,CIB SYSTEMS,63,ASSET MANAGEMENT,10,0,8,10,0,0,0.5,2,0,0,0,0,706.598,0,0
25-Apr,PERU,SYSTEMS,CIB SYSTEMS,63,ASSET MANAGEMENT,10,0,9,10,0,0,1,2,76,0,0,76,691.212,0,0
25-May,PERU,SYSTEMS,CIB SYSTEMS,63,ASSET MANAGEMENT,10,0,9,10,0,0,1,2,76,0,0,76,693.266,0,0
25-Jun,PERU,SYSTEMS,CIB SYSTEMS,63,ASSET MANAGEMENT,10,10,10,10,0,0,2,2,76,0,0,76,739.09,0,0
25-Jul,PERU,SYSTEMS,CIB SYSTEMS,63,ASSET MANAGEMENT,10,10,10,10,0,0,1,3,76,0,0,76,1.251.569,0,0
25-Aug,PERU,SYSTEMS,CIB SYSTEMS,63,ASSET MANAGEMENT,10,10,10,10,0,0,1,2,76,0,0,76,1.213.458,0,0
25-Sep,PERU,SYSTEMS,CIB SYSTEMS,63,ASSET MANAGEMENT,10,10,10,10,0,0,1,2,76,0,0,76,1.213.610,0,0
25-Mar,VENEZUELA,SYSTEMS,BANKING SYSTEMS,64,ASSET MANAGEMENT,10,10,10,10,7,7,1,1,0,0,0,0,0,0,0
25-Apr,VENEZUELA,SYSTEMS,BANKING SYSTEMS,64,ASSET MANAGEMENT,10,10,10,10,0,0,1,1,0,0,0,0,0,0,0
25-May,VENEZUELA,SYSTEMS,BANKING SYSTEMS,64,ASSET MANAGEMENT,10,10,10,10,1,1,1,1,0,0,0,0,0,0,0
25-Jun,VENEZUELA,SYSTEMS,BANKING SYSTEMS,64,ASSET MANAGEMENT,10,10,10,10,5,5,1,1,0,0,0,0,0,0,0
25-Jul,VENEZUELA,SYSTEMS,BANKING SYSTEMS,64,ASSET MANAGEMENT,10,10,10,10,0,0,1,1,0,0,0,0,0,0,0
25-Aug,VENEZUELA,SYSTEMS,BANKING SYSTEMS,64,ASSET MANAGEMENT,10,10,10,10,0,0,1,2,0,0,0,0,2.903.235,0,0
25-Mar,ESPANA,SYSTEMS ENGINEERING,ALPHA,71,BACKEND,3,0,3,3,43,43,1,3,17,0,0,17,1.672.595,0,0
25-Apr,ESPANA,SYSTEMS ENGINEERING,ALPHA,71,BACKEND,3,3,3,3,8,8,1.5,3,13,0,0,13,1.484.202,0,0
25-May,ESPANA,SYSTEMS ENGINEERING,ALPHA,71,BACKEND,3,3,3,3,15,15,0,3,7,0,0,7,1.553.012,0,0
25-Jun,ESPANA,SYSTEMS ENGINEERING,ALPHA,71,BACKEND,3,3,3,3,53,53,0.5,3,4,0,0,4,1.550.583,0,0
25-Jul,ESPANA,SYSTEMS ENGINEERING,ALPHA,71,BACKEND,3,3,3,3,20,20,0,2,4,0,0,4,1.543.402,0,0
25-Aug,ESPANA,SYSTEMS ENGINEERING,ALPHA,71,BACKEND,3,3,3,3,26,26,1,2,4,0,0,4,1.544.520,0,0
25-Sep,ESPANA,SYSTEMS ENGINEERING,ALPHA,71,BACKEND,3,3,3,3,26,26,1,2,4,0,0,4,1.544.949,0,0
25-Mar,ARGENTINA,SYSTEMS ENGINEERING,SWF SEGUROS,72,IN01 INSURANCE DISTRIBUTION/CHANNELS WEB,6,6,0,6,0,0,1,1,0,0,0,0,94.443,0,0
25-Apr,ARGENTINA,SYSTEMS ENGINEERING,SWF SEGUROS,72,IN01 INSURANCE DISTRIBUTION/CHANNELS WEB,6,6,0,6,0,0,1,1,0,0,0,0,94.443,0,0
25-May,ARGENTINA,SYSTEMS ENGINEERING,SWF SEGUROS,72,IN01 INSURANCE DISTRIBUTION/CHANNELS WEB,6,4,0,6,0,0,0,1,0,0,0,0,94.443,0,0
25-Jun,ARGENTINA,SYSTEMS ENGINEERING,SWF SEGUROS,72,IN01 INSURANCE DISTRIBUTION/CHANNELS WEB,6,6,0,6,0,0,1,1,0,0,0,0,94.443,0,0
25-Jul,ARGENTINA,SYSTEMS ENGINEERING,SWF SEGUROS,72,IN01 INSURANCE DISTRIBUTION/CHANNELS WEB,6,5,0,6,0,0,1.5,2,0,0,0,0,393.907,0,0
25-Aug,ARGENTINA,SYSTEMS ENGINEERING,SWF SEGUROS,72,IN01 INSURANCE DISTRIBUTION/CHANNELS WEB,6,5,0,6,0,0,1.5,2,0,0,0,0,3.167.875,0,0
25-Sep,ARGENTINA,SYSTEMS ENGINEERING,SWF SEGUROS,72,IN01 INSURANCE DISTRIBUTION/CHANNELS WEB,6,5,0,6,0,0,1.5,2,0,0,0,0,3.167.461,0,0
25-Mar,ARGENTINA,SYSTEMS ENGINEERING,SWF SEGUROS,73,AR14 INSURANCE SERVICES,3,3,3,3,1,1,2,2,0,0,0,0,0,0,0
25-Apr,ARGENTINA,SYSTEMS ENGINEERING,SWF SEGUROS,73,AR14 INSURANCE SERVICES,3,3,3,3,0,0,2,2,0,0,0,0,0,0,0
25-May,ARGENTINA,SYSTEMS ENGINEERING,SWF SEGUROS,73,AR14 INSURANCE SERVICES,3,3,3,3,0,0,2,2,0,0,0,0,0,0,0
25-Jun,ARGENTINA,SYSTEMS ENGINEERING,SWF SEGUROS,73,AR14 INSURANCE SERVICES,3,3,3,3,1,1,2,2,0,0,0,0,0,0,0
25-Jul,ARGENTINA,SYSTEMS ENGINEERING,SWF SEGUROS,73,AR14 INSURANCE SERVICES,3,3,3,3,0,0,2,2,0,0,0,0,0,0,0
25-Aug,ARGENTINA,SYSTEMS ENGINEERING,SWF SEGUROS,73,AR14 INSURANCE SERVICES,3,3,3,3,0,0,2,2,0,0,0,0,0,0,0
25-Sep,ARGENTINA,SYSTEMS ENGINEERING,SWF SEGUROS,73,AR14 INSURANCE SERVICES,3,3,3,3,0,0,2,2,0,0,0,0,0,0,0
25-Mar,ARGENTINA,SYSTEMS ENGINEERING,SWF SEGUROS,74,AR13 INSURANCE DISTRIBUTION/CHANNELS CORE,5,1,2,5,0,0,1,1,0,0,0,0,0,0,0
25-Apr,ARGENTINA,SYSTEMS ENGINEERING,SWF SEGUROS,74,AR13 INSURANCE DISTRIBUTION/CHANNELS CORE,5,1,2,5,0,0,1,1,0,0,0,0,0,0,0
25-May,ARGENTINA,SYSTEMS ENGINEERING,SWF SEGUROS,74,AR13 INSURANCE DISTRIBUTION/CHANNELS CORE,5,1,2,5,0,0,1,1,0,0,0,0,0,0,0
25-Jun,ARGENTINA,SYSTEMS ENGINEERING,SWF SEGUROS,74,AR13 INSURANCE DISTRIBUTION/CHANNELS CORE,5,5,2,5,0,0,1,1,0,0,0,0,0,0,0
25-Jul,ARGENTINA,SYSTEMS ENGINEERING,SWF SEGUROS,74,AR13 INSURANCE DISTRIBUTION/CHANNELS CORE,5,5,2,5,0,0,1,1,0,0,0,0,0,0,0
25-Aug,ARGENTINA,SYSTEMS ENGINEERING,SWF SEGUROS,74,AR13 INSURANCE DISTRIBUTION/CHANNELS CORE,5,5,5,5,0,0,1,1,0,0,0,0,0,0,0
25-Sep,ARGENTINA,SYSTEMS ENGINEERING,SWF SEGUROS,74,AR13 INSURANCE DISTRIBUTION/CHANNELS CORE,5,5,5,5,0,0,1,1,0,0,0,0,0,0,0
25-Mar,ARGENTINA,SYSTEMS ENGINEERING,VINCULADAS Y SEGUROS,76,AM01 ASSET MANAGEMENT,3,3,3,3,0,0,0.5,1,0,0,0,0,36,0,0
25-Mar,ESPANA,SYSTEMS ENGINEERING,RETAIL CUSTOMERS SYSTEMS,79,MOBILE CHANNEL,3,3,3,3,133,144,2,3,0,0,0,0,1.724.154,0,0
25-Apr,ESPANA,SYSTEMS ENGINEERING,RETAIL CUSTOMERS SYSTEMS,79,MOBILE CHANNEL,3,3,3,3,12,15,2,3,0,0,0,0,1.719.787,0,0
25-May,ESPANA,SYSTEMS ENGINEERING,RETAIL CUSTOMERS SYSTEMS,79,MOBILE CHANNEL,3,3,3,3,51,58,2,3,0,0,0,0,1.340.521,0,0
25-Jun,ESPANA,SYSTEMS ENGINEERING,RETAIL CUSTOMERS SYSTEMS,79,MOBILE CHANNEL,3,3,3,3,178,191,2,3,0,0,0,0,1.089.739,0,0
25-Jul,ESPANA,SYSTEMS ENGINEERING,RETAIL CUSTOMERS SYSTEMS,79,MOBILE CHANNEL,3,3,3,3,38,38,2,3,0,0,0,0,1.094.943,0,0
25-Aug,ESPANA,SYSTEMS ENGINEERING,RETAIL CUSTOMERS SYSTEMS,79,MOBILE CHANNEL,3,3,3,3,50,52,2,3,0,0,0,0,1.114.995,0,0
25-Sep,ESPANA,SYSTEMS ENGINEERING,RETAIL CUSTOMERS SYSTEMS,79,MOBILE CHANNEL,3,3,4,4,55,57,2,3,0,0,0,0,1.115.391,0,0
25-Mar,PERU,SYSTEMS,FINANCE,80,FINANCE,17,17,17,17,30,31,3,6,629,0,0,629,3.116.633,0,0
25-Apr,PERU,SYSTEMS,FINANCE,80,FINANCE,16,16,16,16,4,4,3.5,7,683,0,0,683,3.153.017,0,0
25-May,PERU,SYSTEMS,FINANCE,80,FINANCE,16,16,16,16,17,18,4.5,7,136,0,0,136,2.837.730,0,0
25-Jun,PERU,SYSTEMS,FINANCE,80,FINANCE,16,16,16,16,45,48,6.5,8,136,0,0,136,2.843.681,0,0
25-Jul,PERU,SYSTEMS,FINANCE,80,FINANCE,15,15,15,15,4,4,8.5,10,136,0,0,136,2.797.464,0,0
25-Aug,PERU,SYSTEMS,FINANCE,80,FINANCE,15,14,15,15,20,24,10,11,122,0,0,122,2.804.439,0,0
25-Sep,PERU,SYSTEMS,FINANCE,80,FINANCE,15,14,15,15,29,34,10,11,122,0,0,122,2.804.996,0,0
25-Mar,MEXICO,SYSTEMS ENGINEERING,RETAIL,81,WEB,4,2,4,4,62,66,2,4,197,0,0,197,4.304.267,0,0
25-Apr,MEXICO,SYSTEMS ENGINEERING,RETAIL,81,WEB,4,2,4,4,1,1,2.5,4,71,0,0,71,3.865.398,0,0
25-May,MEXICO,SYSTEMS ENGINEERING,RETAIL,81,WEB,3,3,3,3,2,2,1.5,4,1,0,0,1,3.732.644,0,0
25-Jun,MEXICO,SYSTEMS ENGINEERING,RETAIL,81,WEB,3,3,3,3,61,61,1.5,4,1,0,0,1,3.801.453,0,0
25-Jul,MEXICO,SYSTEMS ENGINEERING,RETAIL,81,WEB,3,3,3,3,11,11,2.5,3,870,0,0,870,4.018.463,0,0
25-Aug,MEXICO,SYSTEMS ENGINEERING,RETAIL,81,WEB,4,3,3,4,30,30,1.5,3,708,0,0,708,3.965.398,0,0
25-Sep,MEXICO,SYSTEMS ENGINEERING,RETAIL,81,WEB,4,3,3,4,32,32,1.5,3,708,0,0,708,4.002.527,0,0
25-Mar,VENEZUELA,SYSTEMS,CORPORATE FUNCTIONS,82,FINANCE,17,17,17,17,10,10,1,1,0,0,0,0,0,0,0
25-Apr,VENEZUELA,SYSTEMS,CORPORATE FUNCTIONS,82,FINANCE,17,17,17,17,0,0,1,1,0,0,0,0,0,0,0
25-May,VENEZUELA,SYSTEMS,CORPORATE FUNCTIONS,82,FINANCE,17,17,17,17,1,1,0,1,0,0,0,0,0,0,0
25-Jun,VENEZUELA,SYSTEMS,CORPORATE FUNCTIONS,82,FINANCE,17,17,17,17,3,3,1,1,0,0,0,0,0,0,0
25-Jul,VENEZUELA,SYSTEMS,CORPORATE FUNCTIONS,82,FINANCE,17,17,17,17,0,0,1,1,0,0,0,0,0,0,0
25-Aug,VENEZUELA,SYSTEMS,CORPORATE FUNCTIONS,82,FINANCE,17,17,17,17,0,0,0,4,0,0,0,0,0,0,0
25-Mar,MEXICO,SYSTEMS ENGINEERING,RETAIL,83,BRANCHES,7,7,7,7,131,131,2,7,474,0,0,474,11.876.688,0,0
25-Apr,MEXICO,SYSTEMS ENGINEERING,RETAIL,83,BRANCHES,7,7,7,7,1,1,2.5,7,259,0,0,259,10.118.157,0,0
25-May,MEXICO,SYSTEMS ENGINEERING,RETAIL,83,BRANCHES,7,7,7,7,0,0,2.5,6,259,0,0,259,9.228.946,0,0
25-Jun,MEXICO,SYSTEMS ENGINEERING,RETAIL,83,BRANCHES,7,7,7,7,141,142,3,7,256,0,0,256,9.326.688,0,0
25-Jul,MEXICO,SYSTEMS ENGINEERING,RETAIL,83,BRANCHES,7,7,7,7,6,6,4,7,266,0,0,266,9.451.996,0,0
25-Aug,MEXICO,SYSTEMS ENGINEERING,RETAIL,83,BRANCHES,8,7,7,8,43,43,4,7,87,0,0,87,10.457.876,0,0
25-Sep,MEXICO,SYSTEMS ENGINEERING,RETAIL,83,BRANCHES,8,7,7,8,57,57,4,7,87,0,0,87,10.462.878,0,0
25-Mar,MEXICO,SYSTEMS ENGINEERING,RETAIL,84,CRM,6,5,6,6,67,67,5,6,19,0,0,19,2.696.403,0,0
25-Apr,MEXICO,SYSTEMS ENGINEERING,RETAIL,84,CRM,5,4,6,6,4,6,5,6,19,0,0,19,2.517.089,0,0
25-May,MEXICO,SYSTEMS ENGINEERING,RETAIL,84,CRM,5,4,5,5,13,13,5,6,19,0,0,19,2.522.088,0,0
25-Jun,MEXICO,SYSTEMS ENGINEERING,RETAIL,84,CRM,6,6,6,6,89,93,5,6,19,0,0,19,2.531.456,0,0
25-Jul,MEXICO,SYSTEMS ENGINEERING,RETAIL,84,CRM,9,9,9,9,12,13,8,9,19,0,0,19,2.924.992,0,0
25-Aug,MEXICO,SYSTEMS ENGINEERING,RETAIL,84,CRM,10,9,9,10,33,34,8,9,0,0,0,0,930.596,0,0
25-Sep,MEXICO,SYSTEMS ENGINEERING,RETAIL,84,CRM,10,9,9,10,60,62,8,9,0,0,0,0,932.452,0,0
25-Mar,COLOMBIA,SYSTEMS ENGINEERING,RETAIL,85,OPEN MARKET,7,6,6,8,48,48,3,4,12,0,0,12,464.141,0,0
25-Apr,COLOMBIA,SYSTEMS ENGINEERING,RETAIL,85,OPEN MARKET,8,6,6,8,0,0,2,5,35,0,0,35,2.390.630,0,0
25-May,COLOMBIA,SYSTEMS ENGINEERING,RETAIL,85,OPEN MARKET,8,6,6,8,4,5,3.5,5,35,0,0,35,2.415.876,0,0
25-Jun,COLOMBIA,SYSTEMS ENGINEERING,RETAIL,85,OPEN MARKET,6,6,6,6,28,29,2,4,35,0,0,35,2.459.279,0,0
25-Jul,COLOMBIA,SYSTEMS ENGINEERING,RETAIL,85,OPEN MARKET,6,6,6,6,11,11,2,3,0,0,0,0,183.965,0,0
25-Aug,COLOMBIA,SYSTEMS ENGINEERING,RETAIL,85,OPEN MARKET,7,7,7,7,48,48,2.5,3,0,0,0,0,185.65,0,0
25-Sep,COLOMBIA,SYSTEMS ENGINEERING,RETAIL,85,OPEN MARKET,7,7,7,7,54,54,2.5,3,0,0,0,0,189.296,0,0
25-Mar,MEXICO,SYSTEMS ENGINEERING,RETAIL,86,OPEN MARKET,1,1,1,1,18,18,0,1,105,0,0,105,1.896.731,0,0
25-Apr,MEXICO,SYSTEMS ENGINEERING,RETAIL,86,OPEN MARKET,1,1,1,1,0,0,0.5,1,105,0,0,105,1.900.889,0,0
25-May,MEXICO,SYSTEMS ENGINEERING,RETAIL,86,OPEN MARKET,1,1,1,1,14,14,0,1,101,0,0,101,1.911.308,0,0
25-Jun,MEXICO,SYSTEMS ENGINEERING,RETAIL,86,OPEN MARKET,1,1,1,1,27,27,0.5,1,101,0,0,101,1.919.867,0,0
25-Jul,MEXICO,SYSTEMS ENGINEERING,RETAIL,86,OPEN MARKET,1,1,1,1,0,0,0,1,1,0,0,1,1.521.095,0,0
25-Aug,MEXICO,SYSTEMS ENGINEERING,RETAIL,86,OPEN MARKET,1,1,1,1,2,2,0,1,1,0,0,1,1.522.316,0,0
25-Sep,MEXICO,SYSTEMS ENGINEERING,RETAIL,86,OPEN MARKET,1,1,1,1,4,4,0,1,1,0,0,1,1.523.410,0,0
25-Mar,ESPANA,SYSTEMS ENGINEERING,RETAIL CUSTOMERS SYSTEMS,89,ATM,2,2,2,2,2,2,0,1,0,0,0,0,6.922.645,0,0
25-Apr,ESPANA,SYSTEMS ENGINEERING,RETAIL CUSTOMERS SYSTEMS,89,ATM,2,2,2,2,0,1,0,1,0,0,0,0,2.227.414,0,0
25-May,ESPANA,SYSTEMS ENGINEERING,RETAIL CUSTOMERS SYSTEMS,89,ATM,2,2,2,2,0,0,0,1,0,0,0,0,2.220.214,0,0
25-Jun,ESPANA,SYSTEMS ENGINEERING,RETAIL CUSTOMERS SYSTEMS,89,ATM,2,2,2,2,4,5,0,1,0,0,0,0,2.222.405,0,0
25-Jul,ESPANA,SYSTEMS ENGINEERING,RETAIL CUSTOMERS SYSTEMS,89,ATM,2,2,2,2,2,2,0,1,0,0,0,0,2.223.030,0,0
25-Aug,ESPANA,SYSTEMS ENGINEERING,RETAIL CUSTOMERS SYSTEMS,89,ATM,2,2,2,2,2,2,0,1,0,0,0,0,2.224.846,0,0
25-Sep,ESPANA,SYSTEMS ENGINEERING,RETAIL CUSTOMERS SYSTEMS,89,ATM,2,2,2,2,3,3,0,1,0,0,0,0,2.225.981,0,0
25-Mar,ESPANA,SYSTEMS ENGINEERING,RETAIL CUSTOMERS SYSTEMS,93,WEB CHANNEL,7,5,6,7,80,93,4,6,421,0,0,421,4.390.000,0,0
25-Apr,ESPANA,SYSTEMS ENGINEERING,RETAIL CUSTOMERS SYSTEMS,93,WEB CHANNEL,7,5,6,7,30,32,4,6,421,0,0,421,4.064.589,0,0
25-May,ESPANA,SYSTEMS ENGINEERING,RETAIL CUSTOMERS SYSTEMS,93,WEB CHANNEL,7,5,6,7,11,11,5,7,368,0,0,368,4.027.647,0,0
25-Jun,ESPANA,SYSTEMS ENGINEERING,RETAIL CUSTOMERS SYSTEMS,93,WEB CHANNEL,6,5,5,6,81,90,3,5,367,0,0,367,4.029.450,0,0
25-Jul,ESPANA,SYSTEMS ENGINEERING,RETAIL CUSTOMERS SYSTEMS,93,WEB CHANNEL,5,5,5,5,19,19,4,5,367,0,0,367,4.031.195,0,0
25-Aug,ESPANA,SYSTEMS ENGINEERING,RETAIL CUSTOMERS SYSTEMS,93,WEB CHANNEL,5,5,5,5,22,23,4,5,367,0,0,367,4.031.195,0,0
25-Sep,ESPANA,SYSTEMS ENGINEERING,RETAIL CUSTOMERS SYSTEMS,93,WEB CHANNEL,4,4,5,5,23,24,4,5,367,0,0,367,4.031.195,0,0
25-Mar,PERU,SYSTEMS,RETAIL,94,CRM & DIGITAL MARKETING,2,2,2,2,0,0,0.5,2,0,0,0,0,144.643,0,0
25-Apr,PERU,SYSTEMS,RETAIL,94,CRM & DIGITAL MARKETING,2,2,2,2,0,0,1.5,2,1,0,0,1,151.188,0,0
25-May,PERU,SYSTEMS,RETAIL,94,CRM & DIGITAL MARKETING,2,2,2,2,1,1,1.5,2,1,0,0,1,151.188,0,0
25-Jun,PERU,SYSTEMS,RETAIL,94,CRM & DIGITAL MARKETING,3,2,2,3,1,1,2,2,1,0,0,1,151.188,0,0
25-Jul,PERU,SYSTEMS,RETAIL,94,CRM & DIGITAL MARKETING,2,2,2,2,0,0,2,2,0,0,0,0,142.144,0,0
25-Aug,PERU,SYSTEMS,RETAIL,94,CRM & DIGITAL MARKETING,2,2,2,2,1,1,2,2,0,0,0,0,142.144,0,0
25-Sep,PERU,SYSTEMS,RETAIL,94,CRM & DIGITAL MARKETING,2,2,2,2,2,2,2,2,0,0,0,0,142.144,0,0
25-Mar,ESPANA,SYSTEMS ENGINEERING,ENTERPRISE CLIENTS SYSTEMS,96,ENTERPRISE CLIENTS OPERATIONS,9,9,9,9,19,24,3,7,99,0,0,99,3.798.847,0,0
25-Apr,ESPANA,SYSTEMS ENGINEERING,ENTERPRISE CLIENTS SYSTEMS,96,ENTERPRISE CLIENTS OPERATIONS,9,8,9,9,6,8,5,8,92,0,0,92,3.640.614,0,0
25-May,ESPANA,SYSTEMS ENGINEERING,ENTERPRISE CLIENTS SYSTEMS,96,ENTERPRISE CLIENTS OPERATIONS,9,9,9,9,9,13,5,8,92,0,0,92,3.645.148,0,0
25-Jun,ESPANA,SYSTEMS ENGINEERING,ENTERPRISE CLIENTS SYSTEMS,96,ENTERPRISE CLIENTS OPERATIONS,10,9,9,10,24,28,5,8,92,0,0,92,3.654.308,0,0
25-Jul,ESPANA,SYSTEMS ENGINEERING,ENTERPRISE CLIENTS SYSTEMS,96,ENTERPRISE CLIENTS OPERATIONS,10,9,9,10,13,25,5,8,59,0,0,59,3.652.667,0,0
25-Aug,ESPANA,SYSTEMS ENGINEERING,ENTERPRISE CLIENTS SYSTEMS,96,ENTERPRISE CLIENTS OPERATIONS,10,9,9,10,13,25,6,8,61,0,0,61,3.654.272,0,0
25-Sep,ESPANA,SYSTEMS ENGINEERING,ENTERPRISE CLIENTS SYSTEMS,96,ENTERPRISE CLIENTS OPERATIONS,10,9,9,10,13,25,6,8,63,0,0,63,3.656.017,0,0
25-Mar,COMMERCIAL CLIENT SOLUTIONS,VALUE PROPOSITION,HIGH VALUE SOLUTIONS,98,FINANCIACION ESPECIALIZADA,0,0,0,1,0,0,0,1,0,0,0,0,1.732,0,0
25-Apr,COMMERCIAL CLIENT SOLUTIONS,VALUE PROPOSITION,HIGH VALUE SOLUTIONS,98,FINANCIACION ESPECIALIZADA,0,0,0,1,0,0,0,1,0,0,0,0,1.655,0,0
25-May,COMMERCIAL CLIENT SOLUTIONS,VALUE PROPOSITION,HIGH VALUE SOLUTIONS,98,FINANCIACION ESPECIALIZADA,0,0,0,1,0,0,0,1,0,0,0,0,2.157,0,0
25-Jun,COMMERCIAL CLIENT SOLUTIONS,VALUE PROPOSITION,HIGH VALUE SOLUTIONS,98,FINANCIACION ESPECIALIZADA,0,0,1,1,0,0,0,1,0,0,0,0,2.154,0,0
25-Jul,COMMERCIAL CLIENT SOLUTIONS,VALUE PROPOSITION,HIGH VALUE SOLUTIONS,98,FINANCIACION ESPECIALIZADA,0,0,1,1,0,0,0,1,0,0,0,0,12.93,0,0
25-Aug,COMMERCIAL CLIENT SOLUTIONS,VALUE PROPOSITION,HIGH VALUE SOLUTIONS,98,FINANCIACION ESPECIALIZADA,0,0,1,1,0,0,0,1,0,0,0,0,36.325,0,0
25-Sep,COMMERCIAL CLIENT SOLUTIONS,VALUE PROPOSITION,HIGH VALUE SOLUTIONS,98,FINANCIACION ESPECIALIZADA,0,0,1,1,0,0,0,1,0,0,0,0,37.946,0,0
25-Mar,ESPANA,SYSTEMS ENGINEERING,ENTERPRISE CLIENTS SYSTEMS,99,FINANCIACION ESPECIALIZADA,4,4,4,4,35,38,2.5,4,82,0,0,82,1.798.434,0,0
25-Apr,ESPANA,SYSTEMS ENGINEERING,ENTERPRISE CLIENTS SYSTEMS,99,FINANCIACION ESPECIALIZADA,4,4,4,4,3,5,3,4,82,0,0,82,1.738.432,0,0
25-May,ESPANA,SYSTEMS ENGINEERING,ENTERPRISE CLIENTS SYSTEMS,99,FINANCIACION ESPECIALIZADA,4,4,4,4,1,5,2.5,4,82,0,0,82,1.756.792,0,0
25-Jun,ESPANA,SYSTEMS ENGINEERING,ENTERPRISE CLIENTS SYSTEMS,99,FINANCIACION ESPECIALIZADA,4,4,4,4,15,17,2,3,82,0,0,82,1.757.776,0,0
25-Jul,ESPANA,SYSTEMS ENGINEERING,ENTERPRISE CLIENTS SYSTEMS,99,FINANCIACION ESPECIALIZADA,4,4,4,4,10,15,3.5,4,82,0,0,82,1.757.853,0,0
25-Aug,ESPANA,SYSTEMS ENGINEERING,ENTERPRISE CLIENTS SYSTEMS,99,FINANCIACION ESPECIALIZADA,4,4,4,4,10,16,3,3,82,0,0,82,1.757.853,0,0
25-Sep,ESPANA,SYSTEMS ENGINEERING,ENTERPRISE CLIENTS SYSTEMS,99,FINANCIACION ESPECIALIZADA,4,4,4,4,10,16,3,3,82,0,0,82,1.757.853,0,0
25-Mar,ESPANA,SYSTEMS ENGINEERING,ENTERPRISE CLIENTS SYSTEMS,100,ENTERPRISES CHANNEL,5,5,5,5,77,86,3,5,2912,0,0,2912,27.780.216,0,0
25-Apr,ESPANA,SYSTEMS ENGINEERING,ENTERPRISE CLIENTS SYSTEMS,100,ENTERPRISES CHANNEL,5,5,5,5,14,16,4,5,2532,0,0,2532,20.283.601,0,0
25-May,ESPANA,SYSTEMS ENGINEERING,ENTERPRISE CLIENTS SYSTEMS,100,ENTERPRISES CHANNEL,4,4,4,4,13,16,3,4,2392,0,0,2392,20.186.104,0,0
25-Jun,ESPANA,SYSTEMS ENGINEERING,ENTERPRISE CLIENTS SYSTEMS,100,ENTERPRISES CHANNEL,4,4,4,4,65,71,3,4,2396,0,0,2396,20.283.062,0,0
25-Jul,ESPANA,SYSTEMS ENGINEERING,ENTERPRISE CLIENTS SYSTEMS,100,ENTERPRISES CHANNEL,4,4,4,4,22,26,3,4,1858,0,0,1858,19.257.455,0,0
25-Aug,ESPANA,SYSTEMS ENGINEERING,ENTERPRISE CLIENTS SYSTEMS,100,ENTERPRISES CHANNEL,4,4,4,4,30,36,3,4,1756,0,0,1756,19.372.336,0,0
25-Sep,ESPANA,SYSTEMS ENGINEERING,ENTERPRISE CLIENTS SYSTEMS,100,ENTERPRISES CHANNEL,4,4,4,4,33,41,3,4,1730,0,0,1730,19.458.816,0,0
25-Mar,MEXICO,DATA TRANSFORMATION & ENGINEERING,DATAHUB EXTENDED,109,TRANSACTIONAL S&C,3,3,3,3,516,517,2.5,3,0,0,0,0,1.231.724,0,0
25-Apr,MEXICO,DATA TRANSFORMATION & ENGINEERING,DATAHUB EXTENDED,109,TRANSACTIONAL S&C,3,3,3,3,65,66,2,2,0,0,0,0,2.95,0,0
25-May,MEXICO,DATA TRANSFORMATION & ENGINEERING,DATAHUB EXTENDED,109,TRANSACTIONAL S&C,3,3,3,3,130,130,0,2,0,0,0,0,2.95,0,0
25-Jun,MEXICO,DATA TRANSFORMATION & ENGINEERING,DATAHUB EXTENDED,109,TRANSACTIONAL S&C,3,3,3,3,483,484,0,3,0,0,0,0,56.492,0,0
25-Jul,MEXICO,DATA TRANSFORMATION & ENGINEERING,DATAHUB EXTENDED,109,TRANSACTIONAL S&C,3,3,3,3,78,78,0,3,0,0,0,0,58.58,0,0
25-Aug,MEXICO,DATA TRANSFORMATION & ENGINEERING,DATAHUB EXTENDED,109,TRANSACTIONAL S&C,3,3,3,3,235,235,0,3,0,0,0,0,60.408,0,0
25-Sep,MEXICO,DATA TRANSFORMATION & ENGINEERING,DATAHUB EXTENDED,109,TRANSACTIONAL S&C,3,3,3,3,304,304,0,3,0,0,0,0,60.408,0,0
25-Mar,COLOMBIA,SYSTEMS ENGINEERING,DATA TRANSFORMATION,110,CLIENT SOLUTIONS,1,1,1,1,1,2,1,1,0,0,0,0,0,0,0
25-Apr,COLOMBIA,SYSTEMS ENGINEERING,DATA TRANSFORMATION,110,CLIENT SOLUTIONS,1,1,1,1,0,0,1,1,0,0,0,0,0,0,0
25-May,COLOMBIA,SYSTEMS ENGINEERING,DATA TRANSFORMATION,110,CLIENT SOLUTIONS,1,1,1,1,0,0,1,1,0,0,0,0,0,0,0
25-Jun,COLOMBIA,SYSTEMS ENGINEERING,DATA TRANSFORMATION,110,CLIENT SOLUTIONS,1,1,1,1,0,0,1,1,0,0,0,0,0,0,0
25-Jul,COLOMBIA,SYSTEMS ENGINEERING,DATA TRANSFORMATION,110,CLIENT SOLUTIONS,1,1,1,1,0,0,1,1,0,0,0,0,0,0,0
25-Aug,COLOMBIA,SYSTEMS ENGINEERING,DATA TRANSFORMATION,110,CLIENT SOLUTIONS,1,1,1,1,0,0,1,1,0,0,0,0,0,0,0
25-Sep,COLOMBIA,SYSTEMS ENGINEERING,DATA TRANSFORMATION,110,CLIENT SOLUTIONS,1,1,1,1,0,0,1,1,0,0,0,0,0,0,0
25-Mar,MEXICO,DATA TRANSFORMATION & ENGINEERING,DATAHUB EXTENDED,111,CLIENT SOLUTIONS,4,4,4,4,694,696,2,4,0,0,0,0,1.760.811,0,0
25-Apr,MEXICO,DATA TRANSFORMATION & ENGINEERING,DATAHUB EXTENDED,111,CLIENT SOLUTIONS,4,4,4,4,16,16,1.5,4,0,0,0,0,15.569,0,0
25-May,MEXICO,DATA TRANSFORMATION & ENGINEERING,DATAHUB EXTENDED,111,CLIENT SOLUTIONS,4,4,4,4,78,79,1,4,0,0,0,0,15.569,0,0
25-Jun,MEXICO,DATA TRANSFORMATION & ENGINEERING,DATAHUB EXTENDED,111,CLIENT SOLUTIONS,4,4,4,4,403,405,1.5,4,0,0,0,0,269.739,0,0
25-Jul,MEXICO,DATA TRANSFORMATION & ENGINEERING,DATAHUB EXTENDED,111,CLIENT SOLUTIONS,4,4,4,4,108,110,2,4,0,0,0,0,266.064,0,0
25-Aug,MEXICO,DATA TRANSFORMATION & ENGINEERING,DATAHUB EXTENDED,111,CLIENT SOLUTIONS,4,4,4,4,270,272,2,4,0,0,0,0,376.749,0,0
25-Sep,MEXICO,DATA TRANSFORMATION & ENGINEERING,DATAHUB EXTENDED,111,CLIENT SOLUTIONS,4,4,4,4,349,351,2,4,0,0,0,0,376.749,0,0
25-Mar,MEXICO,DATA TRANSFORMATION & ENGINEERING,DATAHUB EXTENDED,112,DATA BANKING,3,2,3,3,554,555,3,3,0,0,0,0,1.103.566,0,0
25-Apr,MEXICO,DATA TRANSFORMATION & ENGINEERING,DATAHUB EXTENDED,112,DATA BANKING,3,3,3,3,56,56,3,3,0,0,0,0,963,0,0
25-May,MEXICO,DATA TRANSFORMATION & ENGINEERING,DATAHUB EXTENDED,112,DATA BANKING,3,3,3,3,106,106,3,3,0,0,0,0,963,0,0
25-Jun,MEXICO,DATA TRANSFORMATION & ENGINEERING,DATAHUB EXTENDED,112,DATA BANKING,3,3,3,3,441,444,3,3,0,0,0,0,148.305,0,0
25-Jul,MEXICO,DATA TRANSFORMATION & ENGINEERING,DATAHUB EXTENDED,112,DATA BANKING,3,3,3,3,95,97,3,3,0,0,0,0,159.58,0,0
25-Aug,MEXICO,DATA TRANSFORMATION & ENGINEERING,DATAHUB EXTENDED,112,DATA BANKING,3,3,3,3,351,353,3,3,0,0,0,0,159.911,0,0
25-Sep,MEXICO,DATA TRANSFORMATION & ENGINEERING,DATAHUB EXTENDED,112,DATA BANKING,3,3,3,3,426,428,3,3,0,0,0,0,159.188,0,0
25-Mar,MEXICO,DATA TRANSFORMATION & ENGINEERING,DATAHUB FINANZAS Y RIESGOS,113,DATA RISK,4,4,3,4,795,807,2,4,0,0,0,0,2.258.447,0,0
25-Apr,MEXICO,DATA TRANSFORMATION & ENGINEERING,DATAHUB FINANZAS Y RIESGOS,113,DATA RISK,4,4,3,4,143,149,1,4,0,0,0,0,844.665,0,0
25-May,MEXICO,DATA TRANSFORMATION & ENGINEERING,DATAHUB FINANZAS Y RIESGOS,113,DATA RISK,4,4,3,4,275,278,1,4,0,0,0,0,865.591,0,0
25-Jun,MEXICO,DATA TRANSFORMATION & ENGINEERING,DATAHUB FINANZAS Y RIESGOS,113,DATA RISK,4,4,3,4,1000,1008,1.5,4,0,0,0,0,1.241.711,0,0
25-Jul,MEXICO,DATA TRANSFORMATION & ENGINEERING,DATAHUB FINANZAS Y RIESGOS,113,DATA RISK,4,4,3,4,212,212,1.5,4,40,0,0,40,1.236.125,0,0
25-Aug,MEXICO,DATA TRANSFORMATION & ENGINEERING,DATAHUB FINANZAS Y RIESGOS,113,DATA RISK,4,4,4,4,558,561,1,4,40,0,0,40,4.654.382,0,0
25-Sep,MEXICO,DATA TRANSFORMATION & ENGINEERING,DATAHUB FINANZAS Y RIESGOS,113,DATA RISK,4,4,4,4,639,642,1,4,40,0,0,40,4.654.447,0,0
25-Mar,ESPANA,SYSTEMS ENGINEERING,CORE CROSS SYSTEMS,128,CCS PRICING,4,4,4,4,26,27,3,3,0,0,0,0,353.01,0,0
25-Apr,ESPANA,SYSTEMS ENGINEERING,CORE CROSS SYSTEMS,128,CCS PRICING,4,4,4,4,5,5,3,3,0,0,0,0,202.617,0,0
25-May,ESPANA,SYSTEMS ENGINEERING,CORE CROSS SYSTEMS,128,CCS PRICING,4,2,4,4,2,3,3,3,0,0,0,0,200.216,0,0
25-Jun,ESPANA,SYSTEMS ENGINEERING,CORE CROSS SYSTEMS,128,CCS PRICING,4,4,4,4,13,14,3,3,0,0,0,0,201.307,0,0
25-Jul,ESPANA,SYSTEMS ENGINEERING,CORE CROSS SYSTEMS,128,CCS PRICING,4,4,4,4,0,0,3,3,0,0,0,0,203.073,0,0
25-Aug,ESPANA,SYSTEMS ENGINEERING,CORE CROSS SYSTEMS,128,CCS PRICING,4,4,4,4,0,0,3,3,0,0,0,0,201.111,0,0
25-Sep,ESPANA,SYSTEMS ENGINEERING,CORE CROSS SYSTEMS,128,CCS PRICING,4,4,4,4,2,3,3,3,0,0,0,0,201.907,0,0
25-Mar,ESPANA,SYSTEMS ENGINEERING,CORE CROSS SYSTEMS,129,TRANSFORMACION DE OPERACIONES,8,8,8,8,19,31,2,6,404,0,0,404,3.788.517,0,0
25-Apr,ESPANA,SYSTEMS ENGINEERING,CORE CROSS SYSTEMS,129,TRANSFORMACION DE OPERACIONES,8,8,8,8,8,9,3.5,6,404,0,0,404,3.558.406,0,0
25-May,ESPANA,SYSTEMS ENGINEERING,CORE CROSS SYSTEMS,129,TRANSFORMACION DE OPERACIONES,8,8,8,8,0,0,4.5,7,482,0,0,482,3.999.764,0,0
25-Jun,ESPANA,SYSTEMS ENGINEERING,CORE CROSS SYSTEMS,129,TRANSFORMACION DE OPERACIONES,8,8,8,8,21,24,3.5,6,482,0,0,482,4.000.946,0,0
25-Jul,ESPANA,SYSTEMS ENGINEERING,CORE CROSS SYSTEMS,129,TRANSFORMACION DE OPERACIONES,8,8,8,8,1,2,5,7,157,0,0,157,3.130.573,0,0
25-Aug,ESPANA,SYSTEMS ENGINEERING,CORE CROSS SYSTEMS,129,TRANSFORMACION DE OPERACIONES,8,8,8,8,1,2,5.5,7,157,0,0,157,3.130.804,0,0
25-Sep,ESPANA,SYSTEMS ENGINEERING,CORE CROSS SYSTEMS,129,TRANSFORMACION DE OPERACIONES,8,8,8,8,2,4,5.5,7,150,0,0,150,3.111.477,0,0
25-Mar,ESPANA,SYSTEMS ENGINEERING,CORE CROSS SYSTEMS,130,INFRAESTRUCTURA OPERACIONAL,4,4,4,4,26,31,1.5,4,0,0,0,0,415.043,0,0
25-Apr,ESPANA,SYSTEMS ENGINEERING,CORE CROSS SYSTEMS,130,INFRAESTRUCTURA OPERACIONAL,4,4,4,4,12,14,1.5,3,0,0,0,0,300.416,0,0
25-May,ESPANA,SYSTEMS ENGINEERING,CORE CROSS SYSTEMS,130,INFRAESTRUCTURA OPERACIONAL,4,4,4,4,4,5,2,4,0,0,0,0,301.437,0,0
25-Jun,ESPANA,SYSTEMS ENGINEERING,CORE CROSS SYSTEMS,130,INFRAESTRUCTURA OPERACIONAL,4,4,4,4,33,35,3,4,0,0,0,0,301.233,0,0
25-Jul,ESPANA,SYSTEMS ENGINEERING,CORE CROSS SYSTEMS,130,INFRAESTRUCTURA OPERACIONAL,4,4,4,4,14,15,2.5,4,0,0,0,0,300.038,0,0
25-Aug,ESPANA,SYSTEMS ENGINEERING,CORE CROSS SYSTEMS,130,INFRAESTRUCTURA OPERACIONAL,4,4,4,4,16,17,3.5,4,0,0,0,0,300.172,0,0
25-Sep,ESPANA,SYSTEMS ENGINEERING,CORE CROSS SYSTEMS,130,INFRAESTRUCTURA OPERACIONAL,4,4,4,4,16,17,3.5,4,0,0,0,0,300.597,0,0
25-Mar,ESPANA,SYSTEMS ENGINEERING,CORE CROSS SYSTEMS,131,CONTRATACION,4,3,4,4,89,102,4,4,425,0,0,425,8.045.187,0,0
25-Apr,ESPANA,SYSTEMS ENGINEERING,CORE CROSS SYSTEMS,131,CONTRATACION,4,4,4,4,26,28,4,4,425,0,0,425,7.123.504,0,0
25-May,ESPANA,SYSTEMS ENGINEERING,CORE CROSS SYSTEMS,131,CONTRATACION,4,4,4,4,9,11,4,4,425,0,0,425,7.141.765,0,0
25-Jun,ESPANA,SYSTEMS ENGINEERING,CORE CROSS SYSTEMS,131,CONTRATACION,4,4,4,4,109,129,4,4,75,0,0,75,6.959.707,0,0
25-Jul,ESPANA,SYSTEMS ENGINEERING,CORE CROSS SYSTEMS,131,CONTRATACION,4,3,4,4,14,19,4,4,71,0,0,71,6.210.757,0,0
25-Aug,ESPANA,SYSTEMS ENGINEERING,CORE CROSS SYSTEMS,131,CONTRATACION,4,3,4,4,15,20,4,4,71,0,0,71,6.226.029,0,0
25-Sep,ESPANA,SYSTEMS ENGINEERING,CORE CROSS SYSTEMS,131,CONTRATACION,4,4,4,4,15,21,4,4,71,0,0,71,6.224.432,0,0
25-Mar,ESPANA,SYSTEMS ENGINEERING,CORE CROSS SYSTEMS,132,"DOC, TTGG, LIQUIDACION",3,2,3,3,61,64,1.5,3,0,0,0,0,400.932,0,0
25-Apr,ESPANA,SYSTEMS ENGINEERING,CORE CROSS SYSTEMS,132,"DOC, TTGG, LIQUIDACION",3,3,3,3,12,13,1.5,3,0,0,0,0,231.989,0,0
25-May,ESPANA,SYSTEMS ENGINEERING,CORE CROSS SYSTEMS,132,"DOC, TTGG, LIQUIDACION",3,3,3,3,18,19,2,3,0,0,0,0,339.395,0,0
25-Jun,ESPANA,SYSTEMS ENGINEERING,CORE CROSS SYSTEMS,132,"DOC, TTGG, LIQUIDACION",3,3,3,3,66,69,2,2,0,0,0,0,339.729,0,0
25-Jul,ESPANA,SYSTEMS ENGINEERING,CORE CROSS SYSTEMS,132,"DOC, TTGG, LIQUIDACION",3,3,3,3,11,11,1,2,0,0,0,0,339.729,0,0
25-Aug,ESPANA,SYSTEMS ENGINEERING,CORE CROSS SYSTEMS,132,"DOC, TTGG, LIQUIDACION",3,3,3,3,14,14,2.5,3,0,0,0,0,339.729,0,0
25-Sep,ESPANA,SYSTEMS ENGINEERING,CORE CROSS SYSTEMS,132,"DOC, TTGG, LIQUIDACION",3,3,3,3,14,14,2.5,3,0,0,0,0,339.729,0,0
25-Mar,ESPANA,SYSTEMS ENGINEERING,CORE CROSS SYSTEMS,133,MODELO DE DIRECCION Y GESTION,5,5,4,5,20,21,4,4,6,0,0,6,449.884,0,0
25-Apr,ESPANA,SYSTEMS ENGINEERING,CORE CROSS SYSTEMS,133,MODELO DE DIRECCION Y GESTION,5,5,5,5,4,4,2,4,6,0,0,6,94.06,0,0
25-May,ESPANA,SYSTEMS ENGINEERING,CORE CROSS SYSTEMS,133,MODELO DE DIRECCION Y GESTION,5,5,5,5,5,5,4,4,0,0,0,0,39.849,0,0
25-Jun,ESPANA,SYSTEMS ENGINEERING,CORE CROSS SYSTEMS,133,MODELO DE DIRECCION Y GESTION,5,5,5,5,23,24,4,4,0,0,0,0,39.849,0,0
25-Jul,ESPANA,SYSTEMS ENGINEERING,CORE CROSS SYSTEMS,133,MODELO DE DIRECCION Y GESTION,5,5,5,5,4,4,4,4,0,0,0,0,39.849,0,0
25-Aug,ESPANA,SYSTEMS ENGINEERING,CORE CROSS SYSTEMS,133,MODELO DE DIRECCION Y GESTION,5,5,5,5,5,5,4,4,0,0,0,0,39.849,0,0
25-Sep,ESPANA,SYSTEMS ENGINEERING,CORE CROSS SYSTEMS,133,MODELO DE DIRECCION Y GESTION,5,5,5,5,5,5,4,4,0,0,0,0,39.849,0,0
25-Mar,COMMERCIAL CLIENT SOLUTIONS,CHANNELS & PROCESSES,COREX & BANKING PLATFORM EVOLUTION,134,INFRA MULTICANAL EMPRESAS,0,0,6,6,9,9,3,6,470,0,0,470,7.229.698,0,0
25-Apr,COMMERCIAL CLIENT SOLUTIONS,CHANNELS & PROCESSES,COREX & BANKING PLATFORM EVOLUTION,134,INFRA MULTICANAL EMPRESAS,1,0,6,7,0,0,4.5,6,878,0,0,878,6.897.081,0,0
25-May,COMMERCIAL CLIENT SOLUTIONS,CHANNELS & PROCESSES,COREX & BANKING PLATFORM EVOLUTION,134,INFRA MULTICANAL EMPRESAS,1,0,5,6,0,0,3,6,263,0,0,263,2.874.734,0,0
25-Jun,COMMERCIAL CLIENT SOLUTIONS,CHANNELS & PROCESSES,COREX & BANKING PLATFORM EVOLUTION,134,INFRA MULTICANAL EMPRESAS,0,0,5,5,3,3,3,6,300,0,0,300,3.221.585,0,0
25-Jul,COMMERCIAL CLIENT SOLUTIONS,CHANNELS & PROCESSES,COREX & BANKING PLATFORM EVOLUTION,134,INFRA MULTICANAL EMPRESAS,0,0,5,5,0,0,3,6,231,0,0,231,3.239.386,0,0
25-Aug,COMMERCIAL CLIENT SOLUTIONS,CHANNELS & PROCESSES,COREX & BANKING PLATFORM EVOLUTION,134,INFRA MULTICANAL EMPRESAS,0,0,5,5,0,0,3.5,6,229,0,0,229,3.265.317,0,0
25-Sep,COMMERCIAL CLIENT SOLUTIONS,CHANNELS & PROCESSES,COREX & BANKING PLATFORM EVOLUTION,134,INFRA MULTICANAL EMPRESAS,0,0,5,5,0,0,3.5,6,228,0,0,228,3.271.459,0,0
25-Mar,ARGENTINA,SYSTEMS ENGINEERING,MODELOS DE ATENCION,136,RB05 RETAIL CONTACT CENTER / CONTACT CENTER PARTICULARES,7,7,6,7,6,6,1.5,4,792,0,0,792,135.937,0,0
25-Apr,ARGENTINA,SYSTEMS ENGINEERING,MODELOS DE ATENCION,136,RB05 RETAIL CONTACT CENTER / CONTACT CENTER PARTICULARES,7,7,6,7,1,1,3,5,792,0,0,792,136.578,0,0
25-May,ARGENTINA,SYSTEMS ENGINEERING,MODELOS DE ATENCION,136,RB05 RETAIL CONTACT CENTER / CONTACT CENTER PARTICULARES,7,7,6,7,0,0,2.5,5,792,0,0,792,136.907,0,0
25-Jun,ARGENTINA,SYSTEMS ENGINEERING,MODELOS DE ATENCION,136,RB05 RETAIL CONTACT CENTER / CONTACT CENTER PARTICULARES,7,7,6,7,12,13,3,5,792,0,0,792,136.928,0,0
25-Jul,ARGENTINA,SYSTEMS ENGINEERING,MODELOS DE ATENCION,136,RB05 RETAIL CONTACT CENTER / CONTACT CENTER PARTICULARES,7,7,6,7,0,0,4,4,792,0,0,792,137.441,0,0
25-Aug,ARGENTINA,SYSTEMS ENGINEERING,MODELOS DE ATENCION,136,RB05 RETAIL CONTACT CENTER / CONTACT CENTER PARTICULARES,7,5,6,7,0,0,5,5,0,0,0,0,111.085,0,0
25-Sep,ARGENTINA,SYSTEMS ENGINEERING,MODELOS DE ATENCION,136,RB05 RETAIL CONTACT CENTER / CONTACT CENTER PARTICULARES,7,5,6,7,0,0,5,5,0,0,0,0,116.521,0,0
25-Mar,ARGENTINA,SYSTEMS ENGINEERING,MODELOS DE ATENCION,137,AR34 GESTION SUCURSALES y RECLAMOS,7,7,5,7,15,15,1,6,0,0,0,0,438.544,0,0
25-Apr,ARGENTINA,SYSTEMS ENGINEERING,MODELOS DE ATENCION,137,AR34 GESTION SUCURSALES y RECLAMOS,2,2,2,2,3,3,0.5,2,0,0,0,0,103.174,0,0
25-May,ARGENTINA,SYSTEMS ENGINEERING,MODELOS DE ATENCION,137,AR34 GESTION SUCURSALES y RECLAMOS,2,2,2,2,1,1,0.5,2,0,0,0,0,106.328,0,0
25-Jun,ARGENTINA,SYSTEMS ENGINEERING,MODELOS DE ATENCION,137,AR34 GESTION SUCURSALES y RECLAMOS,2,2,2,2,33,33,0.5,2,24,0,0,24,111.461,0,0
25-Jul,ARGENTINA,SYSTEMS ENGINEERING,MODELOS DE ATENCION,137,AR34 GESTION SUCURSALES y RECLAMOS,2,2,2,2,2,2,1,2,24,0,0,24,114.443,0,0
25-Aug,ARGENTINA,SYSTEMS ENGINEERING,MODELOS DE ATENCION,137,AR34 GESTION SUCURSALES y RECLAMOS,2,2,2,2,20,20,1,2,24,0,0,24,239.243,0,0
25-Sep,ARGENTINA,SYSTEMS ENGINEERING,MODELOS DE ATENCION,137,AR34 GESTION SUCURSALES y RECLAMOS,2,2,2,2,23,23,1,2,24,0,0,24,241.173,0,0
25-Mar,ARGENTINA,SYSTEMS ENGINEERING,MODELOS DE ATENCION,139,AR01 AUTOSERVICIOS SUCURSALES,1,1,1,1,5,5,0.5,1,0,0,0,0,160.96,0,0
25-Apr,ARGENTINA,SYSTEMS ENGINEERING,MODELOS DE ATENCION,139,AR01 AUTOSERVICIOS SUCURSALES,4,4,3,4,0,0,1,4,0,0,0,0,210.262,0,0
25-May,ARGENTINA,SYSTEMS ENGINEERING,MODELOS DE ATENCION,139,AR01 AUTOSERVICIOS SUCURSALES,4,4,3,4,1,1,1,3,0,0,0,0,230.668,0,0
25-Jun,ARGENTINA,SYSTEMS ENGINEERING,MODELOS DE ATENCION,139,AR01 AUTOSERVICIOS SUCURSALES,4,4,3,4,5,5,1,4,1,0,0,1,231.082,0,0
25-Jul,ARGENTINA,SYSTEMS ENGINEERING,MODELOS DE ATENCION,139,AR01 AUTOSERVICIOS SUCURSALES,4,4,3,4,0,0,2,4,1,0,0,1,231.583,0,0
25-Aug,ARGENTINA,SYSTEMS ENGINEERING,MODELOS DE ATENCION,139,AR01 AUTOSERVICIOS SUCURSALES,4,4,3,4,0,0,4,4,0,0,0,0,232.694,0,0
25-Sep,ARGENTINA,SYSTEMS ENGINEERING,MODELOS DE ATENCION,139,AR01 AUTOSERVICIOS SUCURSALES,4,4,3,4,0,0,4,4,0,0,0,0,232.694,0,0
25-Mar,ARGENTINA,SYSTEMS ENGINEERING,CASH MANAGEMENT,140,AR28 PAGOS Y COBROS,12,12,10,12,5,5,10,11,0,0,0,0,32.785,0,0
25-Apr,ARGENTINA,SYSTEMS ENGINEERING,CASH MANAGEMENT,140,AR28 PAGOS Y COBROS,10,10,6,10,3,4,8,8,0,0,0,0,33.208,0,0
25-May,ARGENTINA,SYSTEMS ENGINEERING,CASH MANAGEMENT,140,AR28 PAGOS Y COBROS,10,10,6,10,4,4,8,9,0,0,0,0,33.208,0,0
25-Jun,ARGENTINA,SYSTEMS ENGINEERING,CASH MANAGEMENT,140,AR28 PAGOS Y COBROS,10,10,6,10,9,10,7,9,31,0,0,31,33.208,0,0
25-Jul,ARGENTINA,SYSTEMS ENGINEERING,CASH MANAGEMENT,140,AR28 PAGOS Y COBROS,10,10,6,10,5,5,8,9,0,0,0,0,34.1,0,0
25-Aug,ARGENTINA,SYSTEMS ENGINEERING,CASH MANAGEMENT,140,AR28 PAGOS Y COBROS,10,10,6,10,7,7,9,10,0,0,0,0,36.867,0,0
25-Sep,ARGENTINA,SYSTEMS ENGINEERING,CASH MANAGEMENT,140,AR28 PAGOS Y COBROS,10,10,6,10,7,7,9,10,0,0,0,0,36.867,0,0
25-Mar,ARGENTINA,SYSTEMS ENGINEERING,CASH MANAGEMENT,141,AR27 GESTION DE CHEQUES,3,3,3,3,26,26,1,3,12,0,0,12,45.997,0,0
25-Apr,ARGENTINA,SYSTEMS ENGINEERING,CASH MANAGEMENT,141,AR27 GESTION DE CHEQUES,1,1,1,1,0,0,1,1,0,0,0,0,0,0,0
25-May,ARGENTINA,SYSTEMS ENGINEERING,CASH MANAGEMENT,141,AR27 GESTION DE CHEQUES,1,1,1,1,0,0,1,1,0,0,0,0,0,0,0
25-Jun,ARGENTINA,SYSTEMS ENGINEERING,CASH MANAGEMENT,141,AR27 GESTION DE CHEQUES,1,1,1,1,1,1,1,1,0,0,0,0,0,0,0
25-Jul,ARGENTINA,SYSTEMS ENGINEERING,CASH MANAGEMENT,141,AR27 GESTION DE CHEQUES,1,1,1,1,0,0,1,1,0,0,0,0,0,0,0
25-Aug,ARGENTINA,SYSTEMS ENGINEERING,CASH MANAGEMENT,141,AR27 GESTION DE CHEQUES,1,1,1,1,0,0,1,1,0,0,0,0,0,0,0
25-Sep,ARGENTINA,SYSTEMS ENGINEERING,CASH MANAGEMENT,141,AR27 GESTION DE CHEQUES,1,1,1,1,0,0,1,1,0,0,0,0,0,0,0
25-Mar,ARGENTINA,SYSTEMS ENGINEERING,CASH MANAGEMENT,142,PE01 PENSIONS,9,9,9,9,4,6,4,4,0,0,0,0,105.907,0,0
25-Apr,ARGENTINA,SYSTEMS ENGINEERING,CASH MANAGEMENT,142,PE01 PENSIONS,9,9,9,9,0,0,5,5,0,0,0,0,105.907,0,0
25-May,ARGENTINA,SYSTEMS ENGINEERING,CASH MANAGEMENT,142,PE01 PENSIONS,9,9,9,9,0,1,5,5,0,0,0,0,105.907,0,0
25-Jun,ARGENTINA,SYSTEMS ENGINEERING,CASH MANAGEMENT,142,PE01 PENSIONS,9,9,9,9,6,8,5,5,0,0,0,0,107.761,0,0
25-Jul,ARGENTINA,SYSTEMS ENGINEERING,CASH MANAGEMENT,142,PE01 PENSIONS,9,8,9,9,0,0,5,5,0,0,0,0,107.761,0,0
25-Aug,ARGENTINA,SYSTEMS ENGINEERING,CASH MANAGEMENT,142,PE01 PENSIONS,9,8,9,9,0,0,5,5,0,0,0,0,108.363,0,0
25-Sep,ARGENTINA,SYSTEMS ENGINEERING,CASH MANAGEMENT,142,PE01 PENSIONS,9,8,9,9,0,0,5,5,0,0,0,0,108.363,0,0
25-Mar,ARGENTINA,SYSTEMS ENGINEERING,STAFFING Y METODOLOGIA,149,AR35 BRANCHES / OFICINAS OPERATORIA,3,3,3,3,0,0,1,1,18,0,0,18,3.992.352,0,0
25-Apr,ARGENTINA,SYSTEMS ENGINEERING,STAFFING Y METODOLOGIA,149,AR35 BRANCHES / OFICINAS OPERATORIA,3,3,3,3,0,0,1,1,18,0,0,18,3.950.613,0,0
25-May,ARGENTINA,SYSTEMS ENGINEERING,STAFFING Y METODOLOGIA,149,AR35 BRANCHES / OFICINAS OPERATORIA,3,3,3,3,0,0,1,1,18,0,0,18,3.950.613,0,0
25-Jun,ARGENTINA,SYSTEMS ENGINEERING,STAFFING Y METODOLOGIA,149,AR35 BRANCHES / OFICINAS OPERATORIA,3,3,3,3,0,0,1,1,1520,0,0,1520,3.950.677,0,0
25-Jul,ARGENTINA,SYSTEMS ENGINEERING,STAFFING Y METODOLOGIA,149,AR35 BRANCHES / OFICINAS OPERATORIA,3,3,3,3,0,0,1,2,1494,0,0,1494,3.950.728,0,0
25-Aug,ARGENTINA,SYSTEMS ENGINEERING,STAFFING Y METODOLOGIA,149,AR35 BRANCHES / OFICINAS OPERATORIA,3,3,3,3,0,0,1,1,291,0,0,291,395.064,0,0
25-Sep,ARGENTINA,SYSTEMS ENGINEERING,STAFFING Y METODOLOGIA,149,AR35 BRANCHES / OFICINAS OPERATORIA,3,3,3,3,0,0,1,1,209,0,0,209,336.433,0,0
25-Mar,VENEZUELA,SYSTEMS,CHANNELS,153,BRANCH,6,6,6,6,3,3,3,3,0,0,0,0,1.694.158,0,0
25-Apr,VENEZUELA,SYSTEMS,CHANNELS,153,BRANCH,6,6,6,6,0,0,3,3,0,0,0,0,1.694.158,0,0
25-May,VENEZUELA,SYSTEMS,CHANNELS,153,BRANCH,6,6,6,6,2,2,3,3,0,0,0,0,1.694.158,0,0
25-Jun,VENEZUELA,SYSTEMS,CHANNELS,153,BRANCH,6,6,6,6,5,5,3,3,0,0,0,0,1.694.158,0,0
25-Jul,VENEZUELA,SYSTEMS,CHANNELS,153,BRANCH,6,6,6,6,0,0,3,3,12,0,0,12,1.694.158,0,0
25-Aug,VENEZUELA,SYSTEMS,CHANNELS,153,BRANCH,6,6,6,6,0,0,3,3,12,0,0,12,1.694.158,0,0
25-Mar,ESPANA,SYSTEMS ENGINEERING,ALPHA,156,CLIENTS,3,3,2,3,37,37,0,2,0,0,0,0,70.541,0,0
25-Apr,ESPANA,SYSTEMS ENGINEERING,ALPHA,156,CLIENTS,3,2,2,3,8,8,2,2,0,0,0,0,70.562,0,0
25-May,ESPANA,SYSTEMS ENGINEERING,ALPHA,156,CLIENTS,3,2,2,3,5,5,3,3,0,0,0,0,70.602,0,0
25-Jun,ESPANA,SYSTEMS ENGINEERING,ALPHA,156,CLIENTS,3,3,2,3,35,35,3,3,0,0,0,0,70.602,0,0
25-Jul,ESPANA,SYSTEMS ENGINEERING,ALPHA,156,CLIENTS,3,3,2,3,11,12,3,3,0,0,0,0,70.602,0,0
25-Aug,ESPANA,SYSTEMS ENGINEERING,ALPHA,156,CLIENTS,3,3,2,3,15,16,3,3,0,0,0,0,70.728,0,0
25-Sep,ESPANA,SYSTEMS ENGINEERING,ALPHA,156,CLIENTS,3,3,2,3,16,20,3,3,0,0,0,0,70.98,0,0
25-Mar,MEXICO,SYSTEMS ENGINEERING,CORE BANKING PRODUCTS,157,CLIENTS,6,5,5,6,127,130,3,5,0,0,0,0,4.918.637,0,0
25-Apr,MEXICO,SYSTEMS ENGINEERING,CORE BANKING PRODUCTS,157,CLIENTS,6,5,5,6,3,3,5,6,0,0,0,0,4.864.911,0,0
25-May,MEXICO,SYSTEMS ENGINEERING,CORE BANKING PRODUCTS,157,CLIENTS,5,5,5,5,3,3,5,6,0,0,0,0,4.872.305,0,0
25-Jun,MEXICO,SYSTEMS ENGINEERING,CORE BANKING PRODUCTS,157,CLIENTS,5,5,5,5,160,161,5,6,0,0,0,0,4.877.856,0,0
25-Jul,MEXICO,SYSTEMS ENGINEERING,CORE BANKING PRODUCTS,157,CLIENTS,5,5,5,5,4,4,5,6,0,0,0,0,4.886.998,0,0
25-Aug,MEXICO,SYSTEMS ENGINEERING,CORE BANKING PRODUCTS,157,CLIENTS,5,5,5,5,37,37,5,6,0,0,0,0,6.698.882,0,0
25-Sep,MEXICO,SYSTEMS ENGINEERING,CORE BANKING PRODUCTS,157,CLIENTS,5,5,5,5,59,59,5,6,0,0,0,0,6.701.020,0,0
25-Mar,MEXICO,SYSTEMS ENGINEERING,CORE BANKING PRODUCTS,167,PAYROLLS AND TRANSFERS,4,2,4,4,87,87,1.5,4,0,0,0,0,1.452.148,0,0
25-Apr,MEXICO,SYSTEMS ENGINEERING,CORE BANKING PRODUCTS,167,PAYROLLS AND TRANSFERS,4,2,4,4,0,0,2.5,4,0,0,0,0,1.410.917,0,0
25-May,MEXICO,SYSTEMS ENGINEERING,CORE BANKING PRODUCTS,167,PAYROLLS AND TRANSFERS,4,2,4,4,2,2,2,4,0,0,0,0,1.412.685,0,0
25-Jun,MEXICO,SYSTEMS ENGINEERING,CORE BANKING PRODUCTS,167,PAYROLLS AND TRANSFERS,4,4,4,4,100,100,1.5,4,0,0,0,0,2.813.450,0,0
25-Jul,MEXICO,SYSTEMS ENGINEERING,CORE BANKING PRODUCTS,167,PAYROLLS AND TRANSFERS,4,4,4,4,0,0,2.5,4,0,0,0,0,4.042.506,0,0
25-Aug,MEXICO,SYSTEMS ENGINEERING,CORE BANKING PRODUCTS,167,PAYROLLS AND TRANSFERS,4,4,4,4,18,18,2.5,4,0,0,0,0,6.583.374,0,0
25-Sep,MEXICO,SYSTEMS ENGINEERING,CORE BANKING PRODUCTS,167,PAYROLLS AND TRANSFERS,4,4,4,4,34,34,2.5,4,0,0,0,0,6.583.387,0,0
25-Mar,MEXICO,SYSTEMS ENGINEERING,CORE BANKING PRODUCTS,168,CONTRACTING AND AUTHENTICATION MODULES,2,2,2,2,129,129,2,2,0,0,0,0,2.044.098,0,0
25-Apr,MEXICO,SYSTEMS ENGINEERING,CORE BANKING PRODUCTS,168,CONTRACTING AND AUTHENTICATION MODULES,2,2,2,2,2,2,2,2,0,0,0,0,1.871.256,0,0
25-Mar,COLOMBIA,SYSTEMS ENGINEERING,CORE,169,ACCOUNTS,7,5,7,7,35,35,2.5,3,0,0,0,0,573.105,0,0
25-Apr,COLOMBIA,SYSTEMS ENGINEERING,CORE,169,ACCOUNTS,7,6,7,7,6,6,3,3,0,0,0,0,563.908,0,0
25-May,COLOMBIA,SYSTEMS ENGINEERING,CORE,169,ACCOUNTS,7,7,7,7,13,13,3,3,0,0,0,0,567.289,0,0
25-Jun,COLOMBIA,SYSTEMS ENGINEERING,CORE,169,ACCOUNTS,7,7,7,7,47,47,3,4,0,0,0,0,572.24,0,0
25-Jul,COLOMBIA,SYSTEMS ENGINEERING,CORE,169,ACCOUNTS,7,7,7,7,10,10,3.5,4,0,0,0,0,572.493,0,0
25-Aug,COLOMBIA,SYSTEMS ENGINEERING,CORE,169,ACCOUNTS,7,7,7,7,20,20,3,4,0,0,0,0,573.069,0,0
25-Sep,COLOMBIA,SYSTEMS ENGINEERING,CORE,169,ACCOUNTS,7,7,7,7,30,30,3,4,0,0,0,0,574.446,0,0
25-Mar,RETAIL CLIENT SOLUTIONS,CROSS,DATA & ANALYTICS,170,DATA & ANALYTICS,3,3,3,4,51,51,2,5,1,0,0,1,613.275,0,0
25-Apr,RETAIL CLIENT SOLUTIONS,CROSS,DATA & ANALYTICS,170,DATA & ANALYTICS,3,3,3,4,3,3,2.5,5,1,0,0,1,168.493,0,0
25-May,RETAIL CLIENT SOLUTIONS,CROSS,DATA & ANALYTICS,170,DATA & ANALYTICS,3,3,4,4,12,12,2,5,1,0,0,1,168.141,0,0
25-Jun,RETAIL CLIENT SOLUTIONS,CROSS,DATA & ANALYTICS,170,DATA & ANALYTICS,3,3,4,4,52,53,3,5,0,0,0,0,181.989,0,0
25-Jul,RETAIL CLIENT SOLUTIONS,CROSS,DATA & ANALYTICS,170,DATA & ANALYTICS,3,3,4,4,0,0,3,5,1,0,0,1,186.729,0,0
25-Aug,RETAIL CLIENT SOLUTIONS,CROSS,DATA & ANALYTICS,170,DATA & ANALYTICS,3,3,4,4,0,0,3,5,1,0,0,1,189.491,0,0
25-Mar,MEXICO,SYSTEMS ENGINEERING,CORE BANKING PRODUCTS,171,ACCOUNTS,7,6,6,7,148,149,5.5,7,1,0,0,1,3.291.854,0,0
25-Apr,MEXICO,SYSTEMS ENGINEERING,CORE BANKING PRODUCTS,171,ACCOUNTS,7,6,6,7,5,6,6.5,7,1,0,0,1,3.211.435,0,0
25-May,MEXICO,SYSTEMS ENGINEERING,CORE BANKING PRODUCTS,171,ACCOUNTS,7,5,6,7,4,4,6,7,1,0,0,1,3.513.878,0,0
25-Jun,MEXICO,SYSTEMS ENGINEERING,CORE BANKING PRODUCTS,171,ACCOUNTS,8,8,7,8,173,180,6.5,8,440,0,0,440,4.553.480,0,0
25-Jul,MEXICO,SYSTEMS ENGINEERING,CORE BANKING PRODUCTS,171,ACCOUNTS,8,6,7,8,5,5,6.5,8,440,0,0,440,4.573.928,0,0
25-Aug,MEXICO,SYSTEMS ENGINEERING,CORE BANKING PRODUCTS,171,ACCOUNTS,8,8,7,8,19,19,4.5,7,466,0,0,466,9.545.405,0,0
25-Sep,MEXICO,SYSTEMS ENGINEERING,CORE BANKING PRODUCTS,171,ACCOUNTS,8,8,7,8,39,39,4.5,7,355,0,0,355,9.551.474,0,0
25-Mar,COLOMBIA,SYSTEMS ENGINEERING,CORE,172,PERSONAS Y ARQ. HOST,4,4,4,4,19,28,1,2,0,0,0,0,239.321,0,0
25-Apr,COLOMBIA,SYSTEMS ENGINEERING,CORE,172,PERSONAS Y ARQ. HOST,4,4,4,4,7,8,1,2,0,0,0,0,232.155,0,0
25-May,COLOMBIA,SYSTEMS ENGINEERING,CORE,172,PERSONAS Y ARQ. HOST,4,4,4,4,3,3,1,2,0,0,0,0,231.872,0,0
25-Jun,COLOMBIA,SYSTEMS ENGINEERING,CORE,172,PERSONAS Y ARQ. HOST,4,4,4,4,22,23,2,3,0,0,0,0,233.49,0,0
25-Jul,COLOMBIA,SYSTEMS ENGINEERING,CORE,172,PERSONAS Y ARQ. HOST,4,4,4,4,2,2,2.5,3,0,0,0,0,235.456,0,0
25-Aug,COLOMBIA,SYSTEMS ENGINEERING,CORE,172,PERSONAS Y ARQ. HOST,4,4,4,4,4,4,2,3,0,0,0,0,237.413,0,0
25-Sep,COLOMBIA,SYSTEMS ENGINEERING,CORE,172,PERSONAS Y ARQ. HOST,4,4,4,4,6,6,2,3,0,0,0,0,439.492,0,0
25-Mar,COLOMBIA,SYSTEMS ENGINEERING,CORE,173,VENTAS ASISTIDAS CAP,2,2,2,2,7,8,1.5,2,90,0,0,90,659.656,0,0
25-Apr,COLOMBIA,SYSTEMS ENGINEERING,CORE,173,VENTAS ASISTIDAS CAP,2,2,2,2,3,3,1,1,90,0,0,90,654.352,0,0
25-May,COLOMBIA,SYSTEMS ENGINEERING,CORE,173,VENTAS ASISTIDAS CAP,2,2,2,2,1,1,2,2,90,0,0,90,654.352,0,0
25-Jun,COLOMBIA,SYSTEMS ENGINEERING,CORE,173,VENTAS ASISTIDAS CAP,2,2,1,2,13,14,2,2,90,0,0,90,654.338,0,0
25-Jul,COLOMBIA,SYSTEMS ENGINEERING,CORE,173,VENTAS ASISTIDAS CAP,2,2,2,2,2,2,1,2,90,0,0,90,654.338,0,0
25-Aug,COLOMBIA,SYSTEMS ENGINEERING,CORE,173,VENTAS ASISTIDAS CAP,2,2,2,2,4,4,1.5,2,90,0,0,90,654.464,0,0
25-Sep,COLOMBIA,SYSTEMS ENGINEERING,CORE,173,VENTAS ASISTIDAS CAP,2,2,2,2,8,8,1.5,2,90,0,0,90,654.464,0,0
25-Mar,COLOMBIA,SYSTEMS ENGINEERING,CORE,174,PROCESS AUTOMATION,18,18,17,17,12,12,5,7,50,0,0,50,2.629.529,0,0
25-Apr,COLOMBIA,SYSTEMS ENGINEERING,CORE,174,PROCESS AUTOMATION,18,18,17,17,3,3,7,10,62,0,0,62,2.872.261,0,0
25-May,COLOMBIA,SYSTEMS ENGINEERING,CORE,174,PROCESS AUTOMATION,18,18,17,17,0,0,8,10,2,0,0,2,2.518.849,0,0
25-Jun,COLOMBIA,SYSTEMS ENGINEERING,CORE,174,PROCESS AUTOMATION,18,18,10,17,3,3,8,10,307,0,0,307,3.565.016,0,0
25-Jul,COLOMBIA,SYSTEMS ENGINEERING,CORE,174,PROCESS AUTOMATION,18,18,17,17,1,1,8.5,11,307,0,0,307,3.565.939,0,0
25-Aug,COLOMBIA,SYSTEMS ENGINEERING,CORE,174,PROCESS AUTOMATION,18,17,17,17,1,1,7,10,2,0,0,2,2.521.574,0,0
25-Sep,COLOMBIA,SYSTEMS ENGINEERING,CORE,174,PROCESS AUTOMATION,18,18,17,17,1,1,7,10,2,0,0,2,2.521.537,0,0
25-Mar,COLOMBIA,SYSTEMS ENGINEERING,CIB & COMEX - FIDUCIARIA - VALORES,175,PAYMENTS,11,9,11,11,58,58,7,8,0,0,0,0,786.055,0,0
25-Apr,COLOMBIA,SYSTEMS ENGINEERING,CIB & COMEX - FIDUCIARIA - VALORES,175,PAYMENTS,11,9,11,11,9,9,8,8,0,0,0,0,773.868,0,0
25-May,COLOMBIA,SYSTEMS ENGINEERING,CIB & COMEX - FIDUCIARIA - VALORES,175,PAYMENTS,11,9,11,11,21,22,8,8,0,0,0,0,807.191,0,0
25-Jun,COLOMBIA,SYSTEMS ENGINEERING,CIB & COMEX - FIDUCIARIA - VALORES,175,PAYMENTS,9,8,9,9,86,87,7,8,0,0,0,0,1.494.188,0,0
25-Jul,COLOMBIA,SYSTEMS ENGINEERING,CIB & COMEX - FIDUCIARIA - VALORES,175,PAYMENTS,9,9,9,9,26,26,7.5,8,0,0,0,0,1.512.644,0,0
25-Aug,COLOMBIA,SYSTEMS ENGINEERING,CIB & COMEX - FIDUCIARIA - VALORES,175,PAYMENTS,9,9,9,9,65,66,8.5,9,0,0,0,0,1.557.099,0,0
25-Sep,COLOMBIA,SYSTEMS ENGINEERING,CIB & COMEX - FIDUCIARIA - VALORES,175,PAYMENTS,9,9,9,9,80,81,8.5,9,0,0,0,0,1.587.232,0,0
25-Mar,VENEZUELA,SYSTEMS,CROSS SERVICES,176,ACCOUNTS,5,5,4,5,9,9,1,2,0,0,0,0,4.28,0,0
25-Apr,VENEZUELA,SYSTEMS,CROSS SERVICES,176,ACCOUNTS,5,5,5,5,3,3,1.5,2,0,0,0,0,2.716,0,0
25-May,VENEZUELA,SYSTEMS,CROSS SERVICES,176,ACCOUNTS,5,5,5,5,3,3,1.5,2,0,0,0,0,10.414,0,0
25-Jun,VENEZUELA,SYSTEMS,CROSS SERVICES,176,ACCOUNTS,5,5,5,5,6,6,1.5,2,0,0,0,0,10.878,0,0
25-Jul,VENEZUELA,SYSTEMS,CROSS SERVICES,176,ACCOUNTS,5,5,5,5,0,0,2,2,0,0,0,0,10.762,0,0
25-Aug,VENEZUELA,SYSTEMS,CROSS SERVICES,176,ACCOUNTS,5,5,5,5,0,0,2,2,0,0,0,0,12.885,0,0
25-Mar,ESPANA,SYSTEMS ENGINEERING,RETAIL CUSTOMERS SYSTEMS,179,CONTACT CENTER,5,5,4,4,11,12,5,5,90,0,0,90,3.607.431,0,0
25-Apr,ESPANA,SYSTEMS ENGINEERING,RETAIL CUSTOMERS SYSTEMS,179,CONTACT CENTER,6,5,4,5,19,21,5,5,90,0,0,90,3.448.771,0,0
25-May,ESPANA,SYSTEMS ENGINEERING,RETAIL CUSTOMERS SYSTEMS,179,CONTACT CENTER,5,5,4,4,0,0,5,5,90,0,0,90,3.447.895,0,0
25-Jun,ESPANA,SYSTEMS ENGINEERING,RETAIL CUSTOMERS SYSTEMS,179,CONTACT CENTER,5,5,4,4,29,31,5,5,90,0,0,90,3.483.041,0,0
25-Jul,ESPANA,SYSTEMS ENGINEERING,RETAIL CUSTOMERS SYSTEMS,179,CONTACT CENTER,5,5,4,4,16,16,5,5,90,0,0,90,3.482.535,0,0
25-Aug,ESPANA,SYSTEMS ENGINEERING,RETAIL CUSTOMERS SYSTEMS,179,CONTACT CENTER,5,5,4,4,16,16,5,5,90,0,0,90,3.487.281,0,0
25-Sep,ESPANA,SYSTEMS ENGINEERING,RETAIL CUSTOMERS SYSTEMS,179,CONTACT CENTER,5,5,4,4,16,16,5,5,90,0,0,90,3.498.827,0,0
25-Mar,PERU,SYSTEMS,RETAIL,180,MOBILE CHANNELS,9,9,9,9,95,95,2.5,6,3,0,0,3,1.530.777,0,0
25-Apr,PERU,SYSTEMS,RETAIL,180,MOBILE CHANNELS,9,9,9,9,13,13,2,6,3,0,0,3,1.389.856,0,0
25-May,PERU,SYSTEMS,RETAIL,180,MOBILE CHANNELS,9,9,9,9,45,46,2,4,0,0,0,0,1.280.334,0,0
25-Jun,PERU,SYSTEMS,RETAIL,180,MOBILE CHANNELS,9,9,9,9,135,136,6.5,7,0,0,0,0,1.281.305,0,0
25-Jul,PERU,SYSTEMS,RETAIL,180,MOBILE CHANNELS,9,9,9,9,14,15,6,7,0,0,0,0,1.270.576,0,0
25-Aug,PERU,SYSTEMS,RETAIL,180,MOBILE CHANNELS,9,8,9,9,54,55,6,7,0,0,0,0,1.271.511,0,0
25-Sep,PERU,SYSTEMS,RETAIL,180,MOBILE CHANNELS,9,8,9,9,66,67,6,7,0,0,0,0,1.283.666,0,0
25-Mar,PERU,SYSTEMS,RETAIL,181,CONTACT CENTER,3,3,1,1,12,12,1,3,25,0,0,25,645.689,0,0
25-Apr,PERU,SYSTEMS,RETAIL,181,CONTACT CENTER,3,3,1,1,0,0,1,3,24,0,0,24,641.953,0,0
25-May,PERU,SYSTEMS,RETAIL,181,CONTACT CENTER,3,3,1,1,0,0,1.5,3,24,0,0,24,647.063,0,0
25-Jun,PERU,SYSTEMS,RETAIL,181,CONTACT CENTER,3,3,1,1,3,3,1.5,3,26,0,0,26,638.043,0,0
25-Jul,PERU,SYSTEMS,RETAIL,181,CONTACT CENTER,3,3,1,1,1,1,2,3,26,0,0,26,639.665,0,0
25-Aug,PERU,SYSTEMS,RETAIL,181,CONTACT CENTER,4,3,1,2,1,1,2,3,27,0,0,27,649.173,0,0
25-Sep,PERU,SYSTEMS,RETAIL,181,CONTACT CENTER,4,3,1,2,1,1,2,3,27,0,0,27,654.385,0,0
25-Mar,PERU,SYSTEMS,RETAIL,182,AGENTES CORRESPONSALES,3,3,3,3,0,0,0.5,1,896,0,0,896,1.551.123,0,0
25-Apr,PERU,SYSTEMS,RETAIL,182,AGENTES CORRESPONSALES,3,3,3,3,0,0,0,1,876,0,0,876,1.549.778,0,0
25-May,PERU,SYSTEMS,RETAIL,182,AGENTES CORRESPONSALES,3,3,3,3,0,0,0,1,1262,0,0,1262,1.230.161,0,0
25-Jun,PERU,SYSTEMS,RETAIL,182,AGENTES CORRESPONSALES,3,3,3,3,1,1,0,1,1270,0,0,1270,1.231.257,0,0
25-Jul,PERU,SYSTEMS,RETAIL,182,AGENTES CORRESPONSALES,3,3,3,3,1,1,0.5,1,2524,0,0,2524,1.337.115,0,0
25-Aug,PERU,SYSTEMS,RETAIL,182,AGENTES CORRESPONSALES,3,3,3,3,1,1,0.5,1,2533,0,0,2533,1.338.122,0,0
25-Sep,PERU,SYSTEMS,RETAIL,182,AGENTES CORRESPONSALES,3,3,3,3,4,4,0.5,1,1252,0,0,1252,453.883,0,0
25-Mar,PERU,SYSTEMS,RETAIL,183,ATMS Y AUTOSERVICIOS,6,6,6,6,1,1,2,3,0,0,0,0,2.094.104,0,0
25-Apr,PERU,SYSTEMS,RETAIL,183,ATMS Y AUTOSERVICIOS,6,6,6,6,1,1,2,3,0,0,0,0,1.597.571,0,0
25-May,PERU,SYSTEMS,RETAIL,183,ATMS Y AUTOSERVICIOS,6,6,6,6,2,2,2,3,0,0,0,0,1.605.180,0,0
25-Jun,PERU,SYSTEMS,RETAIL,183,ATMS Y AUTOSERVICIOS,6,6,6,6,11,12,2,3,0,0,0,0,1.583.079,0,0
25-Jul,PERU,SYSTEMS,RETAIL,183,ATMS Y AUTOSERVICIOS,6,6,6,6,0,0,2,3,0,0,0,0,1.544.080,0,0
25-Aug,PERU,SYSTEMS,RETAIL,183,ATMS Y AUTOSERVICIOS,6,6,6,6,1,1,2,2,0,0,0,0,1.544.082,0,0
25-Sep,PERU,SYSTEMS,RETAIL,183,ATMS Y AUTOSERVICIOS,6,6,6,6,4,4,2,2,0,0,0,0,1.581.212,0,0
25-Mar,PERU,SYSTEMS,RETAIL,184,BRANCHES & SALES ADVISORY,13,13,14,14,20,20,3,6,0,0,0,0,835.238,0,0
25-Apr,PERU,SYSTEMS,RETAIL,184,BRANCHES & SALES ADVISORY,14,13,14,15,0,0,4,6,74,0,0,74,829.332,0,0
25-May,PERU,SYSTEMS,RETAIL,184,BRANCHES & SALES ADVISORY,14,13,13,14,1,1,5,8,75,0,0,75,831.211,0,0
25-Jun,PERU,SYSTEMS,RETAIL,184,BRANCHES & SALES ADVISORY,14,13,13,14,28,28,4.5,9,7,0,0,7,832.47,0,0
25-Jul,PERU,SYSTEMS,RETAIL,184,BRANCHES & SALES ADVISORY,14,14,14,14,0,0,8,12,0,0,0,0,844.156,0,0
25-Aug,PERU,SYSTEMS,RETAIL,184,BRANCHES & SALES ADVISORY,15,15,15,15,4,5,8.5,10,415,0,0,415,839.477,0,0
25-Sep,PERU,SYSTEMS,RETAIL,184,BRANCHES & SALES ADVISORY,15,15,15,15,6,7,8.5,10,415,0,0,415,829.009,0,0
25-Mar,PERU,SYSTEMS,RETAIL,185,WEB Y PORTALES,6,6,6,6,12,12,2,4,527,0,0,527,1.572.702,0,0
25-Apr,PERU,SYSTEMS,RETAIL,185,WEB Y PORTALES,6,6,6,6,0,0,2,4,20,0,0,20,1.553.159,0,0
25-May,PERU,SYSTEMS,RETAIL,185,WEB Y PORTALES,6,6,6,6,5,5,2,4,14,0,0,14,1.576.835,0,0
25-Jun,PERU,SYSTEMS,RETAIL,185,WEB Y PORTALES,6,6,6,6,10,10,2,4,0,0,0,0,1.578.864,0,0
25-Jul,PERU,SYSTEMS,RETAIL,185,WEB Y PORTALES,6,6,6,6,0,0,1,4,8,0,0,8,1.582.491,0,0
25-Aug,PERU,SYSTEMS,RETAIL,185,WEB Y PORTALES,6,6,6,6,1,1,2.5,4,0,0,0,0,1.582.671,0,0
25-Sep,PERU,SYSTEMS,RETAIL,185,WEB Y PORTALES,6,6,6,6,1,1,2.5,4,17,0,0,17,1.587.382,0,0
25-Mar,ARGENTINA,SYSTEMS ENGINEERING,CORPORATE FUNCTIONS,186,CF06 FINANCE / FINANZAS,13,13,13,13,5,5,6,6,0,0,0,0,0,0,0
25-Apr,ARGENTINA,SYSTEMS ENGINEERING,CORPORATE FUNCTIONS,186,CF06 FINANCE / FINANZAS,13,13,13,13,4,4,7,7,0,0,0,0,0,0,0
25-May,ARGENTINA,SYSTEMS ENGINEERING,CORPORATE FUNCTIONS,186,CF06 FINANCE / FINANZAS,13,13,13,13,1,1,7,7,0,0,0,0,0,0,0
25-Jun,ARGENTINA,SYSTEMS ENGINEERING,CORPORATE FUNCTIONS,186,CF06 FINANCE / FINANZAS,13,13,13,13,8,8,7,7,0,0,0,0,0,0,0
25-Jul,ARGENTINA,SYSTEMS ENGINEERING,CORPORATE FUNCTIONS,186,CF06 FINANCE / FINANZAS,13,13,13,13,2,2,6,7,0,0,0,0,0,0,0
25-Aug,ARGENTINA,SYSTEMS ENGINEERING,CORPORATE FUNCTIONS,186,CF06 FINANCE / FINANZAS,13,13,13,13,7,7,6,6,0,0,0,0,0,0,0
25-Sep,ARGENTINA,SYSTEMS ENGINEERING,CORPORATE FUNCTIONS,186,CF06 FINANCE / FINANZAS,13,13,13,13,9,9,6,6,0,0,0,0,0,0,0
25-Mar,ARGENTINA,SYSTEMS ENGINEERING,CORPORATE FUNCTIONS,187,CF07 PROCUREMENT,6,6,6,6,9,9,0.5,3,0,0,0,0,85.751,0,0
25-Apr,ARGENTINA,SYSTEMS ENGINEERING,CORPORATE FUNCTIONS,187,CF07 PROCUREMENT,6,6,6,6,1,1,1,3,0,0,0,0,85.385,0,0
25-May,ARGENTINA,SYSTEMS ENGINEERING,CORPORATE FUNCTIONS,187,CF07 PROCUREMENT,6,6,6,6,0,0,3,3,0,0,0,0,85.385,0,0
25-Jun,ARGENTINA,SYSTEMS ENGINEERING,CORPORATE FUNCTIONS,187,CF07 PROCUREMENT,6,6,6,6,8,8,2,3,0,0,0,0,85.53,0,0
25-Jul,ARGENTINA,SYSTEMS ENGINEERING,CORPORATE FUNCTIONS,187,CF07 PROCUREMENT,6,6,6,6,0,0,2,3,0,0,0,0,85.732,0,0
25-Aug,ARGENTINA,SYSTEMS ENGINEERING,CORPORATE FUNCTIONS,187,CF07 PROCUREMENT,6,6,6,6,2,2,2,3,0,0,0,0,110.14,0,0
25-Sep,ARGENTINA,SYSTEMS ENGINEERING,CORPORATE FUNCTIONS,187,CF07 PROCUREMENT,6,6,6,6,3,3,2,3,0,0,0,0,110.142,0,0
25-Mar,ARGENTINA,SYSTEMS ENGINEERING,RIESGOS MAYORISTAS,188,CF05 RISKS / RIESGOS MAYORISTA,15,15,5,15,9,10,9,9,0,0,0,0,85.424,0,0
25-Apr,ARGENTINA,SYSTEMS ENGINEERING,RIESGOS MAYORISTAS,188,CF05 RISKS / RIESGOS MAYORISTA,15,15,5,15,7,8,9.5,10,0,0,0,0,68.127,0,0
25-May,ARGENTINA,SYSTEMS ENGINEERING,RIESGOS MAYORISTAS,188,CF05 RISKS / RIESGOS MAYORISTA,15,15,5,15,6,6,11,11,0,0,0,0,73.191,0,0
25-Jun,ARGENTINA,SYSTEMS ENGINEERING,RIESGOS MAYORISTAS,188,CF05 RISKS / RIESGOS MAYORISTA,14,14,5,14,30,31,10,11,0,0,0,0,85.88,0,0
25-Jul,ARGENTINA,SYSTEMS ENGINEERING,RIESGOS MAYORISTAS,188,CF05 RISKS / RIESGOS MAYORISTA,14,14,5,14,11,11,10,11,0,0,0,0,88.964,0,0
25-Aug,ARGENTINA,SYSTEMS ENGINEERING,RIESGOS MAYORISTAS,188,CF05 RISKS / RIESGOS MAYORISTA,14,14,14,14,21,21,11,11,2,0,0,2,91.983,0,0
25-Sep,ARGENTINA,SYSTEMS ENGINEERING,RIESGOS MAYORISTAS,188,CF05 RISKS / RIESGOS MAYORISTA,14,14,14,14,22,22,11,11,0,0,0,0,92.904,0,0
25-Mar,ARGENTINA,SYSTEMS ENGINEERING,CORPORATE FUNCTIONS,189,AR36 LOCAL SERVICES,9,9,8,9,2,2,0.5,4,9,0,0,9,644.628,0,0
25-Apr,ARGENTINA,SYSTEMS ENGINEERING,CORPORATE FUNCTIONS,189,AR36 LOCAL SERVICES,9,9,8,9,1,1,1,4,9,0,0,9,603.07,0,0
25-May,ARGENTINA,SYSTEMS ENGINEERING,CORPORATE FUNCTIONS,189,AR36 LOCAL SERVICES,9,9,8,9,0,0,0,4,9,0,0,9,603.07,0,0
25-Jun,ARGENTINA,SYSTEMS ENGINEERING,CORPORATE FUNCTIONS,189,AR36 LOCAL SERVICES,9,9,8,9,4,4,2,5,3,0,0,3,603.116,0,0
25-Jul,ARGENTINA,SYSTEMS ENGINEERING,CORPORATE FUNCTIONS,189,AR36 LOCAL SERVICES,9,9,8,9,0,0,2,4,3,0,0,3,603.337,0,0
25-Aug,ARGENTINA,SYSTEMS ENGINEERING,CORPORATE FUNCTIONS,189,AR36 LOCAL SERVICES,9,9,8,9,0,0,2,4,3,0,0,3,603.337,0,0
25-Sep,ARGENTINA,SYSTEMS ENGINEERING,CORPORATE FUNCTIONS,189,AR36 LOCAL SERVICES,9,9,8,9,0,0,2,4,3,0,0,3,603.337,0,0
25-Mar,ARGENTINA,SYSTEMS ENGINEERING,CORPORATE FUNCTIONS,190,CF02 COMPLIANCE,7,7,2,7,17,17,0.5,2,14,0,0,14,121.932,0,0
25-Apr,ARGENTINA,SYSTEMS ENGINEERING,CORPORATE FUNCTIONS,190,CF02 COMPLIANCE,7,7,2,7,1,1,0.5,1,81,0,0,81,339.933,0,0
25-May,ARGENTINA,SYSTEMS ENGINEERING,CORPORATE FUNCTIONS,190,CF02 COMPLIANCE,8,7,2,8,2,2,1,2,81,0,0,81,339.933,0,0
25-Jun,ARGENTINA,SYSTEMS ENGINEERING,CORPORATE FUNCTIONS,190,CF02 COMPLIANCE,7,7,7,7,9,9,1,1,81,0,0,81,339.933,0,0
25-Jul,ARGENTINA,SYSTEMS ENGINEERING,CORPORATE FUNCTIONS,190,CF02 COMPLIANCE,7,7,7,7,0,0,1,2,81,0,0,81,339.933,0,0
25-Aug,ARGENTINA,SYSTEMS ENGINEERING,CORPORATE FUNCTIONS,190,CF02 COMPLIANCE,7,7,7,7,3,3,1,3,81,0,0,81,339.933,0,0
25-Sep,ARGENTINA,SYSTEMS ENGINEERING,CORPORATE FUNCTIONS,190,CF02 COMPLIANCE,7,7,7,7,3,3,1,3,81,0,0,81,339.933,0,0
25-Mar,ARGENTINA,SYSTEMS ENGINEERING,CORPORATE FUNCTIONS,191,CF03 LEGAL,1,1,0,1,0,0,1,1,0,0,0,0,16,0,0
25-Apr,ARGENTINA,SYSTEMS ENGINEERING,CORPORATE FUNCTIONS,191,CF03 LEGAL,1,1,0,1,0,0,1,1,0,0,0,0,0,0,0
25-May,ARGENTINA,SYSTEMS ENGINEERING,CORPORATE FUNCTIONS,191,CF03 LEGAL,1,1,0,1,1,1,1,1,0,0,0,0,0,0,0
25-Jun,ARGENTINA,SYSTEMS ENGINEERING,CORPORATE FUNCTIONS,191,CF03 LEGAL,1,1,1,1,5,5,1,1,0,0,0,0,0,0,0
25-Jul,ARGENTINA,SYSTEMS ENGINEERING,CORPORATE FUNCTIONS,191,CF03 LEGAL,1,1,1,1,2,2,1,1,0,0,0,0,0,0,0
25-Aug,ARGENTINA,SYSTEMS ENGINEERING,CORPORATE FUNCTIONS,191,CF03 LEGAL,1,1,1,1,2,2,1,1,0,0,0,0,0,0,0
25-Sep,ARGENTINA,SYSTEMS ENGINEERING,CORPORATE FUNCTIONS,191,CF03 LEGAL,1,1,1,1,2,2,1,1,0,0,0,0,0,0,0
25-Mar,ARGENTINA,SYSTEMS ENGINEERING,CORPORATE FUNCTIONS,192,AR19 DIGITALIZACION DE IMAGENES,3,3,2,3,5,6,1,2,0,0,0,0,150.053,0,0
25-Apr,ARGENTINA,SYSTEMS ENGINEERING,CORPORATE FUNCTIONS,192,AR19 DIGITALIZACION DE IMAGENES,3,3,2,3,0,0,1.5,2,0,0,0,0,148.327,0,0
25-May,ARGENTINA,SYSTEMS ENGINEERING,CORPORATE FUNCTIONS,192,AR19 DIGITALIZACION DE IMAGENES,3,3,2,3,1,1,1.5,2,0,0,0,0,148.964,0,0
25-Jun,ARGENTINA,SYSTEMS ENGINEERING,CORPORATE FUNCTIONS,192,AR19 DIGITALIZACION DE IMAGENES,3,3,2,3,2,2,1,2,17,0,0,17,148.97,0,0
25-Jul,ARGENTINA,SYSTEMS ENGINEERING,CORPORATE FUNCTIONS,192,AR19 DIGITALIZACION DE IMAGENES,3,3,2,3,1,1,1.5,2,4,0,0,4,79.491,0,0
25-Aug,ARGENTINA,SYSTEMS ENGINEERING,CORPORATE FUNCTIONS,192,AR19 DIGITALIZACION DE IMAGENES,3,3,3,3,1,1,1,2,0,0,0,0,80.63,0,0
25-Sep,ARGENTINA,SYSTEMS ENGINEERING,CORPORATE FUNCTIONS,192,AR19 DIGITALIZACION DE IMAGENES,3,3,3,3,4,4,1,2,0,0,0,0,80.63,0,0
25-Mar,ARGENTINA,SYSTEMS ENGINEERING,CORPORATE FUNCTIONS,193,AR18 AUTOMATIZACION DE PROCESOS,1,1,1,1,5,5,0,0,0,0,0,0,27,0,0
25-Apr,ARGENTINA,SYSTEMS ENGINEERING,CORPORATE FUNCTIONS,193,AR18 AUTOMATIZACION DE PROCESOS,1,1,1,1,2,2,0,0,0,0,0,0,0,0,0
25-May,ARGENTINA,SYSTEMS ENGINEERING,CORPORATE FUNCTIONS,193,AR18 AUTOMATIZACION DE PROCESOS,1,1,1,1,5,5,0,0,0,0,0,0,0,0,0
25-Jun,ARGENTINA,SYSTEMS ENGINEERING,CORPORATE FUNCTIONS,193,AR18 AUTOMATIZACION DE PROCESOS,1,1,1,1,13,13,0,0,0,0,0,0,0,0,0
25-Jul,ARGENTINA,SYSTEMS ENGINEERING,CORPORATE FUNCTIONS,193,AR18 AUTOMATIZACION DE PROCESOS,1,1,1,1,3,3,0,0,0,0,0,0,0,0,0
25-Aug,ARGENTINA,SYSTEMS ENGINEERING,CORPORATE FUNCTIONS,193,AR18 AUTOMATIZACION DE PROCESOS,1,1,1,1,3,3,0,0,0,0,0,0,0,0,0
25-Sep,ARGENTINA,SYSTEMS ENGINEERING,CORPORATE FUNCTIONS,193,AR18 AUTOMATIZACION DE PROCESOS,1,1,1,1,7,7,0,0,0,0,0,0,0,0,0
25-Mar,ARGENTINA,SYSTEMS ENGINEERING,CORPORATE FUNCTIONS,194,AR17 ENGINEERING SERVICES,11,11,10,12,5,5,2,3,4,0,0,4,285.495,0,0
25-Apr,ARGENTINA,SYSTEMS ENGINEERING,CORPORATE FUNCTIONS,194,AR17 ENGINEERING SERVICES,11,11,10,12,0,0,1,3,4,0,0,4,285.431,0,0
25-May,ARGENTINA,SYSTEMS ENGINEERING,CORPORATE FUNCTIONS,194,AR17 ENGINEERING SERVICES,11,11,10,11,0,0,2.5,4,4,0,0,4,285.431,0,0
25-Jun,ARGENTINA,SYSTEMS ENGINEERING,CORPORATE FUNCTIONS,194,AR17 ENGINEERING SERVICES,11,11,10,11,4,4,2,4,0,0,0,0,312.092,0,0
25-Jul,ARGENTINA,SYSTEMS ENGINEERING,CORPORATE FUNCTIONS,194,AR17 ENGINEERING SERVICES,13,13,10,13,0,0,4,4,0,0,0,0,312.092,0,0
25-Aug,ARGENTINA,SYSTEMS ENGINEERING,CORPORATE FUNCTIONS,194,AR17 ENGINEERING SERVICES,13,13,10,13,3,3,4,4,0,0,0,0,312.092,0,0
25-Sep,ARGENTINA,SYSTEMS ENGINEERING,CORPORATE FUNCTIONS,194,AR17 ENGINEERING SERVICES,13,13,10,13,3,3,4,4,0,0,0,0,312.092,0,0
25-Mar,ARGENTINA,SYSTEMS ENGINEERING,CORPORATE FUNCTIONS,195,CF01 TALENT & CULTURA,17,17,13,13,4,4,1,7,75,0,0,75,949.729,0,0
25-Apr,ARGENTINA,SYSTEMS ENGINEERING,CORPORATE FUNCTIONS,195,CF01 TALENT & CULTURA,17,17,13,13,0,0,2.5,6,75,0,0,75,935.233,0,0
25-May,ARGENTINA,SYSTEMS ENGINEERING,CORPORATE FUNCTIONS,195,CF01 TALENT & CULTURA,17,17,13,13,1,1,3,7,75,0,0,75,935.233,0,0
25-Jun,ARGENTINA,SYSTEMS ENGINEERING,CORPORATE FUNCTIONS,195,CF01 TALENT & CULTURA,17,17,13,13,8,8,3,8,75,0,0,75,935.258,0,0
25-Jul,ARGENTINA,SYSTEMS ENGINEERING,CORPORATE FUNCTIONS,195,CF01 TALENT & CULTURA,17,17,13,13,0,0,2.5,7,61,0,0,61,986.727,0,0
25-Aug,ARGENTINA,SYSTEMS ENGINEERING,CORPORATE FUNCTIONS,195,CF01 TALENT & CULTURA,17,17,13,13,0,0,2.5,7,63,0,0,63,986.727,0,0
25-Sep,ARGENTINA,SYSTEMS ENGINEERING,CORPORATE FUNCTIONS,195,CF01 TALENT & CULTURA,17,17,13,13,0,0,2.5,7,63,0,0,63,986.731,0,0
25-Mar,PERU,SYSTEMS,CORPORATE,198,LEGAL,2,2,4,4,3,3,1.5,2,199,0,0,199,1.630.816,0,0
25-Apr,PERU,SYSTEMS,CORPORATE,198,LEGAL,2,2,4,4,0,0,1,3,353,0,0,353,1.628.499,0,0
25-May,PERU,SYSTEMS,CORPORATE,198,LEGAL,3,3,3,3,0,0,1,3,151,0,0,151,1.009.577,0,0
25-Jun,PERU,SYSTEMS,CORPORATE,198,LEGAL,3,3,3,3,0,0,3,3,151,0,0,151,1.009.577,0,0
25-Jul,PERU,SYSTEMS,CORPORATE,198,LEGAL,3,3,3,3,1,1,2,3,144,0,0,144,1.009.721,0,0
25-Aug,PERU,SYSTEMS,CORPORATE,198,LEGAL,4,4,4,4,2,2,2,3,116,0,0,116,929.57,0,0
25-Sep,PERU,SYSTEMS,CORPORATE,198,LEGAL,4,4,4,4,2,2,2,3,18,0,0,18,922.252,0,0
25-Mar,PERU,SYSTEMS,CORPORATE,199,ENGINEERING,12,8,12,12,3,3,2,4,0,0,0,0,479.428,0,0
25-Apr,PERU,SYSTEMS,CORPORATE,199,ENGINEERING,11,11,11,11,0,0,2,4,622,0,0,622,280.433,0,0
25-May,PERU,SYSTEMS,CORPORATE,199,ENGINEERING,11,11,11,11,0,0,4.5,5,16,0,0,16,172.533,0,0
25-Jun,PERU,SYSTEMS,CORPORATE,199,ENGINEERING,11,11,11,11,0,0,4.5,5,16,0,0,16,174.083,0,0
25-Jul,PERU,SYSTEMS,CORPORATE,199,ENGINEERING,11,11,11,11,0,0,5,5,16,0,0,16,174.19,0,0
25-Aug,PERU,SYSTEMS,CORPORATE,199,ENGINEERING,11,10,11,11,0,2,4,5,18,0,0,18,190.317,0,0
25-Sep,PERU,SYSTEMS,CORPORATE,199,ENGINEERING,11,11,11,11,0,2,4,5,18,0,0,18,193.332,0,0
25-Mar,MEXICO,SYSTEMS ENGINEERING,CORPORATE FUNCTIONS,200,TALENT & CULTURE,3,3,3,3,84,85,2,3,14781,0,0,14781,19.158.584,0,0
25-Apr,MEXICO,SYSTEMS ENGINEERING,CORPORATE FUNCTIONS,200,TALENT & CULTURE,3,3,3,3,4,4,2,3,13848,0,0,13848,18.415.947,0,0
25-May,MEXICO,SYSTEMS ENGINEERING,CORPORATE FUNCTIONS,200,TALENT & CULTURE,3,3,3,3,13,13,2,3,13733,0,0,13733,18.505.869,0,0
25-Jun,MEXICO,SYSTEMS ENGINEERING,CORPORATE FUNCTIONS,200,TALENT & CULTURE,3,3,3,3,84,84,2,3,13785,0,0,13785,19.034.814,0,0
25-Jul,MEXICO,SYSTEMS ENGINEERING,CORPORATE FUNCTIONS,200,TALENT & CULTURE,3,3,3,3,13,13,2,3,6780,0,0,6780,16.667.029,0,0
25-Aug,MEXICO,SYSTEMS ENGINEERING,CORPORATE FUNCTIONS,200,TALENT & CULTURE,3,3,3,3,46,46,2,3,4024,0,0,4024,16.239.004,0,0
25-Sep,MEXICO,SYSTEMS ENGINEERING,CORPORATE FUNCTIONS,200,TALENT & CULTURE,3,3,3,3,53,53,2,3,1843,0,0,1843,16.387.506,0,0
25-Mar,VENEZUELA,SYSTEMS,PAYMENT,201,ISSUING(EMISOR/AUTORIZADOR),4,4,1,4,0,0,1.5,2,0,0,0,0,0,0,0
25-Apr,VENEZUELA,SYSTEMS,PAYMENT,201,ISSUING(EMISOR/AUTORIZADOR),4,4,4,4,0,0,1,2,0,0,0,0,4.667,0,0
25-May,VENEZUELA,SYSTEMS,PAYMENT,201,ISSUING(EMISOR/AUTORIZADOR),4,4,4,4,1,1,1,2,0,0,0,0,15.915,0,0
25-Jun,VENEZUELA,SYSTEMS,PAYMENT,201,ISSUING(EMISOR/AUTORIZADOR),4,4,4,4,2,2,1,1,0,0,0,0,15.915,0,0
25-Jul,VENEZUELA,SYSTEMS,PAYMENT,201,ISSUING(EMISOR/AUTORIZADOR),4,4,4,4,0,0,1.5,2,0,0,0,0,20.64,0,0
25-Aug,VENEZUELA,SYSTEMS,PAYMENT,201,ISSUING(EMISOR/AUTORIZADOR),4,4,4,4,0,0,1,1,0,0,0,0,20.64,0,0
25-Mar,VENEZUELA,SYSTEMS,PAYMENT,202,MERCHANTS ACQUIARING,4,4,2,4,0,0,2,2,0,0,0,0,0,0,0
25-Apr,VENEZUELA,SYSTEMS,PAYMENT,202,MERCHANTS ACQUIARING,4,4,4,4,0,0,2,2,0,0,0,0,0,0,0
25-May,VENEZUELA,SYSTEMS,PAYMENT,202,MERCHANTS ACQUIARING,4,4,4,4,0,0,2,2,0,0,0,0,0,0,0
25-Jun,VENEZUELA,SYSTEMS,PAYMENT,202,MERCHANTS ACQUIARING,4,4,4,4,0,0,2,2,0,0,0,0,0,0,0
25-Jul,VENEZUELA,SYSTEMS,PAYMENT,202,MERCHANTS ACQUIARING,4,4,4,4,0,0,2,2,0,0,0,0,0,0,0
25-Aug,VENEZUELA,SYSTEMS,PAYMENT,202,MERCHANTS ACQUIARING,4,4,4,4,0,0,2,2,0,0,0,0,0,0,0
25-Mar,VENEZUELA,SYSTEMS,PAYMENT,203,OTHERS PAYMENTS,6,6,5,6,3,3,3,3,0,0,0,0,0,0,0
25-Apr,VENEZUELA,SYSTEMS,PAYMENT,203,OTHERS PAYMENTS,6,6,6,6,0,0,4,4,0,0,0,0,0,0,0
25-May,VENEZUELA,SYSTEMS,PAYMENT,203,OTHERS PAYMENTS,6,6,6,6,5,5,4,4,0,0,0,0,0,0,0
25-Jun,VENEZUELA,SYSTEMS,PAYMENT,203,OTHERS PAYMENTS,6,6,6,6,5,5,4,4,0,0,0,0,0,0,0
25-Jul,VENEZUELA,SYSTEMS,PAYMENT,203,OTHERS PAYMENTS,6,6,6,6,0,0,4,4,0,0,0,0,0,0,0
25-Aug,VENEZUELA,SYSTEMS,PAYMENT,203,OTHERS PAYMENTS,6,6,6,6,0,0,4,4,0,0,0,0,0,0,0
25-Mar,PERU,SYSTEMS,CORPORATE,204,TALENT & CULTURE,14,7,11,13,8,8,4.5,7,94,0,0,94,4.636.284,0,0
25-Apr,PERU,SYSTEMS,CORPORATE,204,TALENT & CULTURE,13,13,11,12,0,0,3.5,6,181,0,0,181,3.505.044,0,0
25-May,PERU,SYSTEMS,CORPORATE,204,TALENT & CULTURE,13,13,12,12,0,0,3,6,96,0,0,96,1.726.962,0,0
25-Jun,PERU,SYSTEMS,CORPORATE,204,TALENT & CULTURE,13,13,12,12,9,9,6,7,101,0,0,101,1.734.379,0,0
25-Jul,PERU,SYSTEMS,CORPORATE,204,TALENT & CULTURE,13,13,12,12,2,2,6.5,7,101,0,0,101,1.734.949,0,0
25-Aug,PERU,SYSTEMS,CORPORATE,204,TALENT & CULTURE,13,13,12,12,6,6,7,8,101,0,0,101,1.735.646,0,0
25-Sep,PERU,SYSTEMS,CORPORATE,204,TALENT & CULTURE,13,12,12,12,6,6,7,8,11,0,0,11,1.731.959,0,0
25-Mar,VENEZUELA,SYSTEMS,CORPORATE FUNCTIONS,205,TALENT & CULTURE,9,9,8,9,3,3,0,0,0,0,0,0,0,0,0
25-Apr,VENEZUELA,SYSTEMS,CORPORATE FUNCTIONS,205,TALENT & CULTURE,9,9,9,9,0,0,0,0,0,0,0,0,0,0,0
25-May,VENEZUELA,SYSTEMS,CORPORATE FUNCTIONS,205,TALENT & CULTURE,9,9,9,9,0,0,0,0,0,0,0,0,0,0,0
25-Jun,VENEZUELA,SYSTEMS,CORPORATE FUNCTIONS,205,TALENT & CULTURE,9,9,9,9,4,4,0,0,0,0,0,0,0,0,0
25-Jul,VENEZUELA,SYSTEMS,CORPORATE FUNCTIONS,205,TALENT & CULTURE,9,9,9,9,0,0,0,0,0,0,0,0,0,0,0
25-Aug,VENEZUELA,SYSTEMS,CORPORATE FUNCTIONS,205,TALENT & CULTURE,9,9,9,9,0,0,0,2,0,0,0,0,1.494.659,0,0
25-Mar,MEXICO,SYSTEMS ENGINEERING,ENTERPRISE,210,API CHANNEL,4,4,3,4,8,10,3,4,155,0,0,155,781.201,0,0
25-Apr,MEXICO,SYSTEMS ENGINEERING,ENTERPRISE,210,API CHANNEL,4,4,3,4,3,3,3,4,155,0,0,155,782.369,0,0
25-May,MEXICO,SYSTEMS ENGINEERING,ENTERPRISE,210,API CHANNEL,4,4,3,4,0,0,3,4,155,0,0,155,789.736,0,0
25-Jun,MEXICO,SYSTEMS ENGINEERING,ENTERPRISE,210,API CHANNEL,4,4,3,4,51,51,3,4,80,0,0,80,592.972,0,0
25-Jul,MEXICO,SYSTEMS ENGINEERING,ENTERPRISE,210,API CHANNEL,4,4,3,4,0,0,4,4,0,0,0,0,332.009,0,0
25-Aug,MEXICO,SYSTEMS ENGINEERING,ENTERPRISE,210,API CHANNEL,4,4,3,4,8,8,4,4,0,0,0,0,337.185,0,0
25-Sep,MEXICO,SYSTEMS ENGINEERING,ENTERPRISE,210,API CHANNEL,4,4,3,4,10,10,4,4,0,0,0,0,337.45,0,0
25-Mar,MEXICO,SYSTEMS ENGINEERING,ENTERPRISE,211,ENTERPRISE WEB,7,3,7,7,136,138,3.5,7,2065,0,0,2065,30.207.558,0,0
25-Apr,MEXICO,SYSTEMS ENGINEERING,ENTERPRISE,211,ENTERPRISE WEB,7,7,7,7,12,12,4,7,1750,0,0,1750,29.810.109,0,0
25-May,MEXICO,SYSTEMS ENGINEERING,ENTERPRISE,211,ENTERPRISE WEB,7,7,7,7,6,6,4,7,1571,0,0,1571,30.016.241,0,0
25-Jun,MEXICO,SYSTEMS ENGINEERING,ENTERPRISE,211,ENTERPRISE WEB,7,7,7,7,176,177,2,7,1459,0,0,1459,29.871.864,0,0
25-Jul,MEXICO,SYSTEMS ENGINEERING,ENTERPRISE,211,ENTERPRISE WEB,7,7,7,7,7,7,3,7,1447,0,0,1447,29.454.375,0,0
25-Aug,MEXICO,SYSTEMS ENGINEERING,ENTERPRISE,211,ENTERPRISE WEB,7,7,7,7,23,23,3,7,1457,0,0,1457,27.667.282,0,0
25-Sep,MEXICO,SYSTEMS ENGINEERING,ENTERPRISE,211,ENTERPRISE WEB,7,7,7,7,33,33,3,7,1085,0,0,1085,27.496.705,0,0
25-Mar,MEXICO,SYSTEMS ENGINEERING,ENTERPRISE,212,SPECIALIZED PRODUCTS,4,3,4,4,88,88,2,4,42562,0,0,42562,5.307.591,0,0
25-Apr,MEXICO,SYSTEMS ENGINEERING,ENTERPRISE,212,SPECIALIZED PRODUCTS,4,3,4,4,6,6,2.5,4,42562,0,0,42562,5.270.177,0,0
25-May,MEXICO,SYSTEMS ENGINEERING,ENTERPRISE,212,SPECIALIZED PRODUCTS,4,3,4,4,5,6,3,4,38979,0,0,38979,5.271.892,0,0
25-Jun,MEXICO,SYSTEMS ENGINEERING,ENTERPRISE,212,SPECIALIZED PRODUCTS,4,4,4,4,106,113,2.5,4,38979,0,0,38979,5.273.934,0,0
25-Jul,MEXICO,SYSTEMS ENGINEERING,ENTERPRISE,212,SPECIALIZED PRODUCTS,4,4,4,4,0,1,2.5,4,20115,0,0,20115,4.558.179,0,0
25-Aug,MEXICO,SYSTEMS ENGINEERING,ENTERPRISE,212,SPECIALIZED PRODUCTS,4,4,4,4,17,18,1,4,20115,0,0,20115,6.019.099,0,0
25-Sep,MEXICO,SYSTEMS ENGINEERING,ENTERPRISE,212,SPECIALIZED PRODUCTS,4,4,4,4,24,26,1,4,20115,0,0,20115,6.019.361,0,0
25-Mar,MEXICO,SYSTEMS ENGINEERING,PAYMENTS SYSTEMS,213,METHODS,3,3,3,3,95,97,3,3,0,0,0,0,37.127,0,0
25-Apr,MEXICO,SYSTEMS ENGINEERING,PAYMENTS SYSTEMS,213,METHODS,4,3,3,4,3,3,4,4,0,0,0,0,14.188,0,0
25-May,MEXICO,SYSTEMS ENGINEERING,PAYMENTS SYSTEMS,213,METHODS,4,3,3,4,2,2,4,4,0,0,0,0,14.142,0,0
25-Jun,MEXICO,SYSTEMS ENGINEERING,PAYMENTS SYSTEMS,213,METHODS,4,3,3,4,98,98,4,4,0,0,0,0,14.108,0,0
25-Jul,MEXICO,SYSTEMS ENGINEERING,PAYMENTS SYSTEMS,213,METHODS,4,3,3,4,5,5,4,4,0,0,0,0,14.353,0,0
25-Aug,MEXICO,SYSTEMS ENGINEERING,PAYMENTS SYSTEMS,213,METHODS,4,3,3,4,48,48,3,4,0,0,0,0,15.053,0,0
25-Sep,MEXICO,SYSTEMS ENGINEERING,PAYMENTS SYSTEMS,213,METHODS,4,3,3,4,53,54,3,4,0,0,0,0,15.069,0,0
25-Mar,MEXICO,SYSTEMS ENGINEERING,PAYMENTS SYSTEMS,215,TRANSACTIONS ENGINE,2,2,2,2,71,71,1.5,2,0,0,0,0,64.068,0,0
25-Apr,MEXICO,SYSTEMS ENGINEERING,PAYMENTS SYSTEMS,215,TRANSACTIONS ENGINE,2,2,2,2,5,5,1.5,2,0,0,0,0,48.768,0,0
25-May,MEXICO,SYSTEMS ENGINEERING,PAYMENTS SYSTEMS,215,TRANSACTIONS ENGINE,2,2,2,2,1,1,1.5,2,0,0,0,0,48.44,0,0
25-Jun,MEXICO,SYSTEMS ENGINEERING,PAYMENTS SYSTEMS,215,TRANSACTIONS ENGINE,2,2,2,2,77,77,0.5,2,0,0,0,0,49.609,0,0
25-Jul,MEXICO,SYSTEMS ENGINEERING,PAYMENTS SYSTEMS,215,TRANSACTIONS ENGINE,2,2,2,2,1,1,1,2,0,0,0,0,119.368,0,0
25-Aug,MEXICO,SYSTEMS ENGINEERING,PAYMENTS SYSTEMS,215,TRANSACTIONS ENGINE,2,2,2,2,12,12,0,2,0,0,0,0,3.206.176,0,0
25-Sep,MEXICO,SYSTEMS ENGINEERING,PAYMENTS SYSTEMS,215,TRANSACTIONS ENGINE,2,2,2,2,22,22,0,2,0,0,0,0,3.206.443,0,0
25-Mar,MEXICO,SYSTEMS ENGINEERING,PAYMENTS SYSTEMS,217,CREDITS,5,5,5,5,134,137,4,5,0,0,0,0,3.817.198,0,0
25-Apr,MEXICO,SYSTEMS ENGINEERING,PAYMENTS SYSTEMS,217,CREDITS,5,5,5,5,7,8,4,5,0,0,0,0,3.782.246,0,0
25-May,MEXICO,SYSTEMS ENGINEERING,PAYMENTS SYSTEMS,217,CREDITS,5,5,5,5,3,4,4,5,0,0,0,0,3.783.280,0,0
25-Jun,MEXICO,SYSTEMS ENGINEERING,PAYMENTS SYSTEMS,217,CREDITS,5,5,5,5,186,190,3,5,0,0,0,0,3.794.161,0,0
25-Jul,MEXICO,SYSTEMS ENGINEERING,PAYMENTS SYSTEMS,217,CREDITS,5,5,5,5,6,6,5,5,0,0,0,0,6.100.405,0,0
25-Aug,MEXICO,SYSTEMS ENGINEERING,PAYMENTS SYSTEMS,217,CREDITS,5,5,5,5,17,17,4,5,0,0,0,0,6.205.823,0,0
25-Sep,MEXICO,SYSTEMS ENGINEERING,PAYMENTS SYSTEMS,217,CREDITS,5,5,5,5,20,20,4,5,0,0,0,0,6.205.959,0,0
25-Mar,MEXICO,SYSTEMS ENGINEERING,PAYMENTS SYSTEMS,218,MERCHANTS,2,1,2,2,89,89,0,2,13,0,0,13,1.185.042,0,0
25-Apr,MEXICO,SYSTEMS ENGINEERING,PAYMENTS SYSTEMS,218,MERCHANTS,2,2,2,2,1,1,0,2,13,0,0,13,1.172.507,0,0
25-May,MEXICO,SYSTEMS ENGINEERING,PAYMENTS SYSTEMS,218,MERCHANTS,2,2,2,2,0,0,0,2,13,0,0,13,1.172.799,0,0
25-Jun,MEXICO,SYSTEMS ENGINEERING,PAYMENTS SYSTEMS,218,MERCHANTS,2,2,2,2,134,134,0,2,13,0,0,13,1.211.326,0,0
25-Jul,MEXICO,SYSTEMS ENGINEERING,PAYMENTS SYSTEMS,218,MERCHANTS,2,2,2,2,3,3,0.5,2,16,0,0,16,1.214.979,0,0
25-Aug,MEXICO,SYSTEMS ENGINEERING,PAYMENTS SYSTEMS,218,MERCHANTS,2,2,2,2,17,17,0.5,2,16,0,0,16,3.218.304,0,0
25-Sep,MEXICO,SYSTEMS ENGINEERING,PAYMENTS SYSTEMS,218,MERCHANTS,2,2,2,2,24,24,0.5,2,16,0,0,16,3.218.801,0,0
25-Mar,MEXICO,SYSTEMS ENGINEERING,PAYMENTS SYSTEMS,219,BANXICO,1,1,1,1,62,66,0,1,2,0,0,2,2.545.461,0,0
25-Apr,MEXICO,SYSTEMS ENGINEERING,PAYMENTS SYSTEMS,219,BANXICO,1,1,1,1,0,1,0,1,2,0,0,2,1.761.743,0,0
25-May,MEXICO,SYSTEMS ENGINEERING,PAYMENTS SYSTEMS,219,BANXICO,1,1,1,1,1,1,0,1,2,0,0,2,1.771.228,0,0
25-Jun,MEXICO,SYSTEMS ENGINEERING,PAYMENTS SYSTEMS,219,BANXICO,1,1,1,1,93,93,0,1,2,0,0,2,4.406.475,0,0
25-Jul,MEXICO,SYSTEMS ENGINEERING,PAYMENTS SYSTEMS,219,BANXICO,1,1,1,1,1,1,0,1,2,0,0,2,4.416.239,0,0
25-Aug,MEXICO,SYSTEMS ENGINEERING,PAYMENTS SYSTEMS,219,BANXICO,1,1,1,1,5,5,0,1,2,0,0,2,6.118.313,0,0
25-Sep,MEXICO,SYSTEMS ENGINEERING,PAYMENTS SYSTEMS,219,BANXICO,1,1,1,1,8,8,0,1,2,0,0,2,6.119.838,0,0
25-Mar,MEXICO,SYSTEMS ENGINEERING,PAYMENTS SYSTEMS,221,SUBSCRIPTIONS AND SERVICES,2,2,2,2,64,64,0,2,0,0,0,0,1.747.196,0,0
25-Apr,MEXICO,SYSTEMS ENGINEERING,PAYMENTS SYSTEMS,221,SUBSCRIPTIONS AND SERVICES,2,2,2,2,0,0,0,2,0,0,0,0,1.707.336,0,0
25-May,MEXICO,SYSTEMS ENGINEERING,PAYMENTS SYSTEMS,221,SUBSCRIPTIONS AND SERVICES,2,2,2,2,2,2,0.5,2,0,0,0,0,1.709.159,0,0
25-Jun,MEXICO,SYSTEMS ENGINEERING,PAYMENTS SYSTEMS,221,SUBSCRIPTIONS AND SERVICES,2,2,2,2,61,61,0,2,0,0,0,0,1.716.500,0,0
25-Jul,MEXICO,SYSTEMS ENGINEERING,PAYMENTS SYSTEMS,221,SUBSCRIPTIONS AND SERVICES,2,2,2,2,0,0,0.5,2,0,0,0,0,1.720.566,0,0
25-Aug,MEXICO,SYSTEMS ENGINEERING,PAYMENTS SYSTEMS,221,SUBSCRIPTIONS AND SERVICES,2,2,2,2,1,1,0,2,0,0,0,0,1.498.956,0,0
25-Sep,MEXICO,SYSTEMS ENGINEERING,PAYMENTS SYSTEMS,221,SUBSCRIPTIONS AND SERVICES,2,2,2,2,3,3,0,2,0,0,0,0,1.518.986,0,0
25-Mar,MEXICO,SYSTEMS ENGINEERING,INSURANCE,223,INFORMATIONAL,1,1,1,1,9,9,1,1,0,0,0,0,410,0,0
25-Apr,MEXICO,SYSTEMS ENGINEERING,INSURANCE,223,INFORMATIONAL,1,1,1,1,0,0,0,1,0,0,0,0,410,0,0
25-May,MEXICO,SYSTEMS ENGINEERING,INSURANCE,223,INFORMATIONAL,1,1,1,1,0,0,0,1,0,0,0,0,410,0,0
25-Jun,MEXICO,SYSTEMS ENGINEERING,INSURANCE,223,INFORMATIONAL,1,1,1,1,33,33,0,1,0,0,0,0,410,0,0
25-Jul,MEXICO,SYSTEMS ENGINEERING,INSURANCE,223,INFORMATIONAL,1,1,1,1,0,0,0,1,0,0,0,0,410,0,0
25-Aug,MEXICO,SYSTEMS ENGINEERING,INSURANCE,223,INFORMATIONAL,1,1,1,1,1,1,0,1,0,0,0,0,410,0,0
25-Sep,MEXICO,SYSTEMS ENGINEERING,INSURANCE,223,INFORMATIONAL,1,1,1,1,1,1,0,1,0,0,0,0,410,0,0
25-Mar,MEXICO,SYSTEMS ENGINEERING,INSURANCE,224,CHANNELS,4,4,4,4,54,54,3,4,548,0,0,548,8.845.879,0,0
25-Apr,MEXICO,SYSTEMS ENGINEERING,INSURANCE,224,CHANNELS,4,4,4,4,0,0,3,4,548,0,0,548,8.868.931,0,0
25-May,MEXICO,SYSTEMS ENGINEERING,INSURANCE,224,CHANNELS,4,3,4,4,9,9,3,4,519,0,0,519,8.850.717,0,0
25-Jun,MEXICO,SYSTEMS ENGINEERING,INSURANCE,224,CHANNELS,4,4,4,4,67,67,3,4,505,0,0,505,11.141.251,0,0
25-Jul,MEXICO,SYSTEMS ENGINEERING,INSURANCE,224,CHANNELS,4,4,4,4,1,1,2,4,534,0,0,534,15.581.478,0,0
25-Aug,MEXICO,SYSTEMS ENGINEERING,INSURANCE,224,CHANNELS,4,4,4,4,43,43,2,4,550,0,0,550,17.911.834,0,0
25-Sep,MEXICO,SYSTEMS ENGINEERING,INSURANCE,224,CHANNELS,4,4,4,4,53,53,2,4,550,0,0,550,17.911.926,0,0
25-Mar,MEXICO,SYSTEMS ENGINEERING,INSURANCE,225,CORE CROSS,3,3,4,4,255,255,2,4,25,0,0,25,5.185.857,0,0
25-Apr,MEXICO,SYSTEMS ENGINEERING,INSURANCE,225,CORE CROSS,3,3,4,4,1,1,2.5,4,25,0,0,25,5.093.086,0,0
25-May,MEXICO,SYSTEMS ENGINEERING,INSURANCE,225,CORE CROSS,4,3,4,4,11,11,2.5,4,25,0,0,25,5.077.292,0,0
25-Jun,MEXICO,SYSTEMS ENGINEERING,INSURANCE,225,CORE CROSS,4,4,4,4,235,235,3.5,4,25,0,0,25,5.082.286,0,0
25-Jul,MEXICO,SYSTEMS ENGINEERING,INSURANCE,225,CORE CROSS,4,4,4,4,5,5,3.5,4,27,0,0,27,5.083.052,0,0
25-Aug,MEXICO,SYSTEMS ENGINEERING,INSURANCE,225,CORE CROSS,4,4,4,4,21,23,3,4,27,0,0,27,2.186.092,0,0
25-Sep,MEXICO,SYSTEMS ENGINEERING,INSURANCE,225,CORE CROSS,4,4,4,4,39,43,3,4,27,0,0,27,2.185.632,0,0
25-Mar,URUGUAY,SYSTEMS ENGINEERING,,226,CHANNELS,17,0,2,17,7,9,5,9,3024,0,0,3024,5.334.644,0,0
25-Apr,URUGUAY,SYSTEMS ENGINEERING,,226,CHANNELS,17,0,2,17,2,3,4,12,3104,0,0,3104,8.719.779,0,0
25-May,URUGUAY,SYSTEMS ENGINEERING,,226,CHANNELS,17,0,2,17,5,6,4,12,3024,0,0,3024,8.453.581,0,0
25-Jun,URUGUAY,SYSTEMS ENGINEERING,,226,CHANNELS,17,0,3,17,13,16,5,13,3108,0,0,3108,8.462.800,0,0
25-Jul,URUGUAY,SYSTEMS ENGINEERING,,226,CHANNELS,17,1,3,17,11,11,5,13,2942,0,0,2942,8.479.325,0,0
25-Aug,URUGUAY,SYSTEMS ENGINEERING,,226,CHANNELS,17,1,3,17,19,20,7.5,12,2577,0,0,2577,8.480.519,0,0
25-Mar,ARGENTINA,SYSTEMS ENGINEERING,WALLET & DIGITAL CHANNELS,229,RB02 RETAIL MOBILE / MOVILES PARTICULARES,1,1,1,1,5,8,0.5,1,0,0,0,0,6.407,0,0
25-Apr,ARGENTINA,SYSTEMS ENGINEERING,WALLET & DIGITAL CHANNELS,229,RB02 RETAIL MOBILE / MOVILES PARTICULARES,19,2,1,19,1,1,15.5,19,0,0,0,0,2.939,0,0
25-May,ARGENTINA,SYSTEMS ENGINEERING,WALLET & DIGITAL CHANNELS,229,RB02 RETAIL MOBILE / MOVILES PARTICULARES,19,7,1,19,2,3,12.5,19,0,0,0,0,2.939,0,0
25-Jun,ARGENTINA,SYSTEMS ENGINEERING,WALLET & DIGITAL CHANNELS,229,RB02 RETAIL MOBILE / MOVILES PARTICULARES,17,17,1,17,15,16,13.5,19,0,0,0,0,3.065,0,0
25-Jul,ARGENTINA,SYSTEMS ENGINEERING,WALLET & DIGITAL CHANNELS,229,RB02 RETAIL MOBILE / MOVILES PARTICULARES,17,17,1,17,0,0,15,19,0,0,0,0,3.317,0,0
25-Aug,ARGENTINA,SYSTEMS ENGINEERING,WALLET & DIGITAL CHANNELS,229,RB02 RETAIL MOBILE / MOVILES PARTICULARES,17,17,7,17,0,0,17.5,19,0,0,0,0,4.722,0,0
25-Sep,ARGENTINA,SYSTEMS ENGINEERING,WALLET & DIGITAL CHANNELS,229,RB02 RETAIL MOBILE / MOVILES PARTICULARES,17,17,7,17,0,0,17.5,19,0,0,0,0,3.516,0,0
25-Mar,ARGENTINA,SYSTEMS ENGINEERING,WALLET & DIGITAL CHANNELS,230,RB01 RETAIL WEB / WEBS PARTICULARES,6,6,6,6,15,18,0,2,0,0,0,0,313.457,0,0
25-Apr,ARGENTINA,SYSTEMS ENGINEERING,WALLET & DIGITAL CHANNELS,230,RB01 RETAIL WEB / WEBS PARTICULARES,24,6,6,24,11,16,13,19,0,0,0,0,313.42,0,0
25-May,ARGENTINA,SYSTEMS ENGINEERING,WALLET & DIGITAL CHANNELS,230,RB01 RETAIL WEB / WEBS PARTICULARES,24,13,6,24,5,6,11,19,0,0,0,0,313.415,0,0
25-Jun,ARGENTINA,SYSTEMS ENGINEERING,WALLET & DIGITAL CHANNELS,230,RB01 RETAIL WEB / WEBS PARTICULARES,23,23,6,23,39,45,13,20,0,0,0,0,313.401,0,0
25-Jul,ARGENTINA,SYSTEMS ENGINEERING,WALLET & DIGITAL CHANNELS,230,RB01 RETAIL WEB / WEBS PARTICULARES,23,23,6,23,0,0,15,19,0,0,0,0,313.395,0,0
25-Aug,ARGENTINA,SYSTEMS ENGINEERING,WALLET & DIGITAL CHANNELS,230,RB01 RETAIL WEB / WEBS PARTICULARES,23,23,12,23,0,0,16,19,0,0,0,0,293.892,0,0
25-Sep,ARGENTINA,SYSTEMS ENGINEERING,WALLET & DIGITAL CHANNELS,230,RB01 RETAIL WEB / WEBS PARTICULARES,23,23,12,23,0,0,16,19,0,0,0,0,293.892,0,0
25-Mar,GSD,GSD,SW DEV TRANSF,238,SDLC PROCESSES GLOBAL,1,1,1,1,1,1,1,1,27,0,0,27,254.153,0,0
25-Apr,GSD,GSD,SW DEV TRANSF,238,SDLC PROCESSES GLOBAL,1,1,1,1,0,0,1,1,23,0,0,23,250.457,0,0
25-May,GSD,GSD,SW DEV TRANSF,238,SDLC PROCESSES GLOBAL,1,1,1,1,0,0,1,1,0,0,0,0,232.291,0,0
25-Jun,GSD,GSD,SW DEV TRANSF,238,SDLC PROCESSES GLOBAL,1,1,1,1,0,0,1,1,1,0,0,1,232.359,0,0
25-Jul,GSD,GSD,SW DEV TRANSF,238,SDLC PROCESSES GLOBAL,1,1,1,1,0,0,1,1,2,0,0,2,224.532,0,0
25-Aug,GSD,GSD,SW DEV TRANSF,238,SDLC PROCESSES GLOBAL,1,1,1,1,0,0,1,1,2,0,0,2,182.435,0,0
25-Sep,GSD,GSD,SW DEV TRANSF,238,SDLC PROCESSES GLOBAL,1,1,1,1,0,0,1,1,6,0,0,6,189.028,0,0
25-Mar,COMMERCIAL CLIENT SOLUTIONS,SUSTAINABILITY RELATIONSHIP MODELS & SPARK,RELATIONSHIP MODELS,259,SERVICE BANKERS'S TOOLS - DWP,1,1,2,2,2,2,0.5,1,2,0,0,2,1.039.837,0,0
25-Apr,COMMERCIAL CLIENT SOLUTIONS,SUSTAINABILITY RELATIONSHIP MODELS & SPARK,RELATIONSHIP MODELS,259,SERVICE BANKERS'S TOOLS - DWP,1,1,2,2,1,1,0,1,2,0,0,2,1.033.734,0,0
25-May,COMMERCIAL CLIENT SOLUTIONS,SUSTAINABILITY RELATIONSHIP MODELS & SPARK,RELATIONSHIP MODELS,259,SERVICE BANKERS'S TOOLS - DWP,1,1,2,2,2,2,0,1,2,0,0,2,1.033.734,0,0
25-Jun,COMMERCIAL CLIENT SOLUTIONS,SUSTAINABILITY RELATIONSHIP MODELS & SPARK,RELATIONSHIP MODELS,259,SERVICE BANKERS'S TOOLS - DWP,1,1,1,1,3,3,0,2,2,0,0,2,1.033.734,0,0
25-Jul,COMMERCIAL CLIENT SOLUTIONS,SUSTAINABILITY RELATIONSHIP MODELS & SPARK,RELATIONSHIP MODELS,259,SERVICE BANKERS'S TOOLS - DWP,1,1,1,1,0,0,0,2,2,0,0,2,1.033.750,0,0
25-Aug,COMMERCIAL CLIENT SOLUTIONS,SUSTAINABILITY RELATIONSHIP MODELS & SPARK,RELATIONSHIP MODELS,259,SERVICE BANKERS'S TOOLS - DWP,1,1,1,1,0,0,0,2,2,0,0,2,1.033.800,0,0
25-Sep,COMMERCIAL CLIENT SOLUTIONS,SUSTAINABILITY RELATIONSHIP MODELS & SPARK,RELATIONSHIP MODELS,259,SERVICE BANKERS'S TOOLS - DWP,1,1,1,1,0,0,0,2,2,0,0,2,1.033.800,0,0
25-Mar,COMMERCIAL CLIENT SOLUTIONS,CHANNELS & PROCESSES,COREX & BANKING PLATFORM EVOLUTION,260,DIGITAL SIGNING,1,0,1,1,7,7,1,1,0,0,0,0,26.595,0,0
25-Apr,COMMERCIAL CLIENT SOLUTIONS,CHANNELS & PROCESSES,COREX & BANKING PLATFORM EVOLUTION,260,DIGITAL SIGNING,1,1,1,1,0,0,1,1,0,0,0,0,46.569,0,0
25-May,COMMERCIAL CLIENT SOLUTIONS,CHANNELS & PROCESSES,COREX & BANKING PLATFORM EVOLUTION,260,DIGITAL SIGNING,1,1,1,1,0,0,1,1,0,0,0,0,66.419,0,0
25-Jun,COMMERCIAL CLIENT SOLUTIONS,CHANNELS & PROCESSES,COREX & BANKING PLATFORM EVOLUTION,260,DIGITAL SIGNING,1,1,1,1,5,8,1,1,0,0,0,0,72.061,0,0
25-Jul,COMMERCIAL CLIENT SOLUTIONS,CHANNELS & PROCESSES,COREX & BANKING PLATFORM EVOLUTION,260,DIGITAL SIGNING,1,1,1,1,0,0,1,1,0,0,0,0,74.112,0,0
25-Aug,COMMERCIAL CLIENT SOLUTIONS,CHANNELS & PROCESSES,COREX & BANKING PLATFORM EVOLUTION,260,DIGITAL SIGNING,1,1,1,1,0,0,1,1,0,0,0,0,75.613,0,0
25-Sep,COMMERCIAL CLIENT SOLUTIONS,CHANNELS & PROCESSES,COREX & BANKING PLATFORM EVOLUTION,260,DIGITAL SIGNING,1,1,1,1,0,0,1,1,0,0,0,0,75.613,0,0
25-Mar,COMMERCIAL CLIENT SOLUTIONS,CHANNELS & PROCESSES,COREX & BANKING PLATFORM EVOLUTION,261,ALERTAS FX,1,1,1,1,0,0,0.5,1,0,0,0,0,17.767,0,0
25-Apr,COMMERCIAL CLIENT SOLUTIONS,CHANNELS & PROCESSES,COREX & BANKING PLATFORM EVOLUTION,261,ALERTAS FX,1,1,1,1,0,0,0,0,0,0,0,0,12.942,0,0
25-May,COMMERCIAL CLIENT SOLUTIONS,CHANNELS & PROCESSES,COREX & BANKING PLATFORM EVOLUTION,261,ALERTAS FX,1,1,1,1,0,0,0,0,0,0,0,0,12.942,0,0
25-Jun,COMMERCIAL CLIENT SOLUTIONS,CHANNELS & PROCESSES,COREX & BANKING PLATFORM EVOLUTION,261,ALERTAS FX,1,1,1,1,0,0,0,0,0,0,0,0,12.942,0,0
25-Jul,COMMERCIAL CLIENT SOLUTIONS,CHANNELS & PROCESSES,COREX & BANKING PLATFORM EVOLUTION,261,ALERTAS FX,1,1,1,1,0,0,0,0,0,0,0,0,12.758,0,0
25-Aug,COMMERCIAL CLIENT SOLUTIONS,CHANNELS & PROCESSES,COREX & BANKING PLATFORM EVOLUTION,261,ALERTAS FX,1,1,1,1,0,0,0,0,0,0,0,0,12.942,0,0
25-Sep,COMMERCIAL CLIENT SOLUTIONS,CHANNELS & PROCESSES,COREX & BANKING PLATFORM EVOLUTION,261,ALERTAS FX,1,1,1,1,0,0,0,0,0,0,0,0,12.942,0,0
25-Mar,PERU,SYSTEMS,PAYMENT METHODS,263,ADQUIRENCIA,2,0,2,2,33,34,1,2,0,0,0,0,220.497,0,0
25-Apr,PERU,SYSTEMS,PAYMENT METHODS,263,ADQUIRENCIA,2,0,2,2,5,5,1,2,0,0,0,0,229.996,0,0
25-May,PERU,SYSTEMS,PAYMENT METHODS,263,ADQUIRENCIA,2,0,2,2,14,14,1,2,0,0,0,0,239.433,0,0
25-Jun,PERU,SYSTEMS,PAYMENT METHODS,263,ADQUIRENCIA,2,2,2,2,38,38,1,2,0,0,0,0,261.05,0,0
25-Jul,PERU,SYSTEMS,PAYMENT METHODS,263,ADQUIRENCIA,2,2,2,2,0,0,1,2,0,0,0,0,263.101,0,0
25-Aug,PERU,SYSTEMS,PAYMENT METHODS,263,ADQUIRENCIA,2,2,2,2,9,9,1.5,2,0,0,0,0,266.404,0,0
25-Sep,PERU,SYSTEMS,PAYMENT METHODS,263,ADQUIRENCIA,2,2,2,2,15,16,1.5,2,0,0,0,0,275.012,0,0
25-Mar,PERU,SYSTEMS,PAYMENT METHODS,264,OTHER PAYMENT PRODUCTS & SERVICES,4,1,5,5,25,25,1,4,0,0,0,0,360.693,0,0
25-Apr,PERU,SYSTEMS,PAYMENT METHODS,264,OTHER PAYMENT PRODUCTS & SERVICES,4,2,5,5,0,0,2,4,0,0,0,0,331.318,0,0
25-May,PERU,SYSTEMS,PAYMENT METHODS,264,OTHER PAYMENT PRODUCTS & SERVICES,4,2,4,4,8,8,2.5,4,0,0,0,0,326.48,0,0
25-Jun,PERU,SYSTEMS,PAYMENT METHODS,264,OTHER PAYMENT PRODUCTS & SERVICES,4,4,4,4,22,22,2,4,0,0,0,0,325.753,0,0
25-Jul,PERU,SYSTEMS,PAYMENT METHODS,264,OTHER PAYMENT PRODUCTS & SERVICES,4,4,4,4,0,0,3.5,4,0,0,0,0,311.75,0,0
25-Aug,PERU,SYSTEMS,PAYMENT METHODS,264,OTHER PAYMENT PRODUCTS & SERVICES,4,4,4,4,7,7,4,4,0,0,0,0,312.295,0,0
25-Sep,PERU,SYSTEMS,PAYMENT METHODS,264,OTHER PAYMENT PRODUCTS & SERVICES,4,4,4,4,12,12,4,4,0,0,0,0,312.699,0,0
25-Mar,PERU,SYSTEMS,PAYMENT METHODS,265,ISSUING,3,3,2,3,29,30,1,2,0,0,0,0,2.002.599,0,0
25-Apr,PERU,SYSTEMS,PAYMENT METHODS,265,ISSUING,4,3,2,4,1,1,0.5,2,0,0,0,0,1.967.083,0,0
25-May,PERU,SYSTEMS,PAYMENT METHODS,265,ISSUING,4,3,2,4,10,10,1.5,3,0,0,0,0,1.974.818,0,0
25-Jun,PERU,SYSTEMS,PAYMENT METHODS,265,ISSUING,3,2,2,3,47,47,0,2,0,0,0,0,1.977.265,0,0
25-Jul,PERU,SYSTEMS,PAYMENT METHODS,265,ISSUING,2,2,2,2,1,1,2,3,0,0,0,0,1.977.075,0,0
25-Aug,PERU,SYSTEMS,PAYMENT METHODS,265,ISSUING,2,2,2,2,13,13,1.5,3,0,0,0,0,1.979.720,0,0
25-Sep,PERU,SYSTEMS,PAYMENT METHODS,265,ISSUING,2,2,2,2,17,17,1.5,3,0,0,0,0,1.981.003,0,0
25-Mar,ESPANA,SYSTEMS ENGINEERING,CONSUMER FINANCE SYSTEMS,266,CONSUMER FINANCE CHANNEL,4,4,4,4,34,38,2,3,138,0,0,138,2.180.905,0,0
25-Apr,ESPANA,SYSTEMS ENGINEERING,CONSUMER FINANCE SYSTEMS,266,CONSUMER FINANCE CHANNEL,4,4,4,4,9,11,2,3,138,0,0,138,2.096.698,0,0
25-May,ESPANA,SYSTEMS ENGINEERING,CONSUMER FINANCE SYSTEMS,266,CONSUMER FINANCE CHANNEL,4,4,4,4,0,0,2,4,134,0,0,134,2.147.784,0,0
25-Jun,ESPANA,SYSTEMS ENGINEERING,CONSUMER FINANCE SYSTEMS,266,CONSUMER FINANCE CHANNEL,4,4,4,4,32,36,3,4,134,0,0,134,2.155.227,0,0
25-Jul,ESPANA,SYSTEMS ENGINEERING,CONSUMER FINANCE SYSTEMS,266,CONSUMER FINANCE CHANNEL,4,3,4,4,7,7,3,4,134,0,0,134,2.163.393,0,0
25-Aug,ESPANA,SYSTEMS ENGINEERING,CONSUMER FINANCE SYSTEMS,266,CONSUMER FINANCE CHANNEL,4,4,4,4,8,8,3,4,134,0,0,134,2.164.517,0,0
25-Sep,ESPANA,SYSTEMS ENGINEERING,CONSUMER FINANCE SYSTEMS,266,CONSUMER FINANCE CHANNEL,4,4,4,4,8,8,3,4,134,0,0,134,2.075.590,0,0
25-Mar,ESPANA,SYSTEMS ENGINEERING,CONSUMER FINANCE SYSTEMS,267,COBRANDED,4,4,2,4,18,24,2,4,133,0,0,133,1.826.781,0,0
25-Apr,ESPANA,SYSTEMS ENGINEERING,CONSUMER FINANCE SYSTEMS,267,COBRANDED,4,4,2,4,7,8,3,4,133,0,0,133,1.839.491,0,0
25-May,ESPANA,SYSTEMS ENGINEERING,CONSUMER FINANCE SYSTEMS,267,COBRANDED,4,4,2,4,6,7,3,4,97,0,0,97,1.841.534,0,0
25-Jun,ESPANA,SYSTEMS ENGINEERING,CONSUMER FINANCE SYSTEMS,267,COBRANDED,4,4,2,4,22,25,3,4,96,0,0,96,1.847.046,0,0
25-Jul,ESPANA,SYSTEMS ENGINEERING,CONSUMER FINANCE SYSTEMS,267,COBRANDED,4,4,2,4,4,4,3,4,97,0,0,97,1.852.094,0,0
25-Aug,ESPANA,SYSTEMS ENGINEERING,CONSUMER FINANCE SYSTEMS,267,COBRANDED,4,4,2,4,12,12,3,4,97,0,0,97,1.853.263,0,0
25-Sep,ESPANA,SYSTEMS ENGINEERING,CONSUMER FINANCE SYSTEMS,267,COBRANDED,4,4,2,4,12,12,3,4,97,0,0,97,1.853.267,0,0
25-Mar,ESPANA,SYSTEMS ENGINEERING,CONSUMER FINANCE SYSTEMS,268,RED DE AGENTES,1,1,1,1,10,12,1,1,0,0,0,0,1.143.233,0,0
25-Apr,ESPANA,SYSTEMS ENGINEERING,CONSUMER FINANCE SYSTEMS,268,RED DE AGENTES,1,1,1,1,5,5,1,1,0,0,0,0,1.026.179,0,0
25-May,ESPANA,SYSTEMS ENGINEERING,CONSUMER FINANCE SYSTEMS,268,RED DE AGENTES,1,1,1,1,2,2,1,1,0,0,0,0,1.011.420,0,0
25-Jun,ESPANA,SYSTEMS ENGINEERING,CONSUMER FINANCE SYSTEMS,268,RED DE AGENTES,1,1,1,1,11,11,1,1,0,0,0,0,1.016.615,0,0
25-Jul,ESPANA,SYSTEMS ENGINEERING,CONSUMER FINANCE SYSTEMS,268,RED DE AGENTES,1,1,1,1,3,3,1,1,0,0,0,0,1.020.635,0,0
25-Aug,ESPANA,SYSTEMS ENGINEERING,CONSUMER FINANCE SYSTEMS,268,RED DE AGENTES,1,1,1,1,3,3,1,1,0,0,0,0,1.020.255,0,0
25-Sep,ESPANA,SYSTEMS ENGINEERING,CONSUMER FINANCE SYSTEMS,268,RED DE AGENTES,1,1,1,1,3,3,1,1,0,0,0,0,1.020.317,0,0
25-Mar,VENEZUELA,SYSTEMS,CHANNELS,269,OTHER WEB & CC,17,15,13,14,2,2,3,10,185,0,0,185,4.939.829,0,0
25-Apr,VENEZUELA,SYSTEMS,CHANNELS,269,OTHER WEB & CC,16,13,14,14,0,0,4,10,44,0,0,44,3.154.271,0,0
25-May,VENEZUELA,SYSTEMS,CHANNELS,269,OTHER WEB & CC,18,15,14,15,2,2,4,10,44,0,0,44,3.179.198,0,0
25-Jun,VENEZUELA,SYSTEMS,CHANNELS,269,OTHER WEB & CC,16,16,13,13,2,2,7,10,44,0,0,44,3.096.439,0,0
25-Jul,VENEZUELA,SYSTEMS,CHANNELS,269,OTHER WEB & CC,16,16,13,13,0,0,6,9,2028,0,0,2028,3.112.857,0,0
25-Aug,VENEZUELA,SYSTEMS,CHANNELS,269,OTHER WEB & CC,16,16,13,13,0,0,6,10,2028,0,0,2028,3.122.740,0,0
25-Mar,VENEZUELA,SYSTEMS,CHANNELS,270,ENTERPRISE WEB & MOBILE,13,13,12,13,0,0,3,5,415,0,0,415,1.805.091,0,0
25-Apr,VENEZUELA,SYSTEMS,CHANNELS,270,ENTERPRISE WEB & MOBILE,13,13,13,13,2,2,3,5,415,0,0,415,1.864.862,0,0
25-May,VENEZUELA,SYSTEMS,CHANNELS,270,ENTERPRISE WEB & MOBILE,13,13,13,13,0,0,3,4,415,0,0,415,2.062.962,0,0
25-Jun,VENEZUELA,SYSTEMS,CHANNELS,270,ENTERPRISE WEB & MOBILE,13,13,13,13,2,2,3,3,415,0,0,415,1.864.862,0,0
25-Jul,VENEZUELA,SYSTEMS,CHANNELS,270,ENTERPRISE WEB & MOBILE,13,13,13,13,0,0,3,5,858,0,0,858,1.864.862,0,0
25-Aug,VENEZUELA,SYSTEMS,CHANNELS,270,ENTERPRISE WEB & MOBILE,13,13,13,13,0,0,1,4,858,0,0,858,2.201.903,0,0
25-Mar,VENEZUELA,SYSTEMS,CHANNELS,271,RETAIL WEB & MOBILE,8,8,8,9,1,2,0,4,136,0,0,136,2.840.139,0,0
25-Apr,VENEZUELA,SYSTEMS,CHANNELS,271,RETAIL WEB & MOBILE,8,8,9,9,7,7,1,4,132,0,0,132,2.146.730,0,0
25-May,VENEZUELA,SYSTEMS,CHANNELS,271,RETAIL WEB & MOBILE,8,8,8,8,4,11,1,2,132,0,0,132,2.164.368,0,0
25-Jun,VENEZUELA,SYSTEMS,CHANNELS,271,RETAIL WEB & MOBILE,8,8,8,8,23,32,1.5,3,132,0,0,132,2.189.890,0,0
25-Jul,VENEZUELA,SYSTEMS,CHANNELS,271,RETAIL WEB & MOBILE,8,8,8,8,0,0,2,4,129,0,0,129,2.110.839,0,0
25-Aug,VENEZUELA,SYSTEMS,CHANNELS,271,RETAIL WEB & MOBILE,8,8,8,8,0,0,1,4,129,0,0,129,2.142.074,0,0
25-Mar,MEXICO,SYSTEMS ENGINEERING,C&IB,280,CROSS & LENDING,10,9,9,10,34,34,7,9,0,0,0,0,4.771.701,0,0
25-Apr,MEXICO,SYSTEMS ENGINEERING,C&IB,280,CROSS & LENDING,10,8,9,10,0,0,8,9,4,0,0,4,2.013.566,0,0
25-May,MEXICO,SYSTEMS ENGINEERING,C&IB,280,CROSS & LENDING,8,7,7,8,0,0,5,7,4,0,0,4,2.014.741,0,0
25-Jun,MEXICO,SYSTEMS ENGINEERING,C&IB,280,CROSS & LENDING,8,7,7,8,35,35,5,7,4,0,0,4,1.964.740,0,0
25-Jul,MEXICO,SYSTEMS ENGINEERING,C&IB,280,CROSS & LENDING,8,7,7,8,1,1,5,7,68,0,0,68,1.965.227,0,0
25-Aug,MEXICO,SYSTEMS ENGINEERING,C&IB,280,CROSS & LENDING,7,7,7,7,3,3,5,7,64,0,0,64,1.836.813,0,0
25-Sep,MEXICO,SYSTEMS ENGINEERING,C&IB,280,CROSS & LENDING,7,7,7,7,5,5,5,7,64,0,0,64,1.836.830,0,0
25-Mar,ESPANA,SYSTEMS ENGINEERING,RETAIL CUSTOMERS SYSTEMS,281,PRIVATE BANKING,6,6,6,6,24,24,4.5,6,0,0,0,0,688.53,0,0
25-Apr,ESPANA,SYSTEMS ENGINEERING,RETAIL CUSTOMERS SYSTEMS,281,PRIVATE BANKING,6,6,6,6,3,3,4,6,0,0,0,0,202.563,0,0
25-May,ESPANA,SYSTEMS ENGINEERING,RETAIL CUSTOMERS SYSTEMS,281,PRIVATE BANKING,6,6,6,6,3,4,4,6,0,0,0,0,207.763,0,0
25-Jun,ESPANA,SYSTEMS ENGINEERING,RETAIL CUSTOMERS SYSTEMS,281,PRIVATE BANKING,6,6,6,6,32,33,4.5,6,0,0,0,0,208.375,0,0
25-Jul,ESPANA,SYSTEMS ENGINEERING,RETAIL CUSTOMERS SYSTEMS,281,PRIVATE BANKING,6,4,6,6,1,1,5,6,0,0,0,0,209.633,0,0
25-Aug,ESPANA,SYSTEMS ENGINEERING,RETAIL CUSTOMERS SYSTEMS,281,PRIVATE BANKING,6,6,6,6,2,2,5,6,0,0,0,0,209.616,0,0
25-Sep,ESPANA,SYSTEMS ENGINEERING,RETAIL CUSTOMERS SYSTEMS,281,PRIVATE BANKING,6,6,6,6,2,2,5,6,0,0,0,0,218.451,0,0
25-Mar,MEXICO,SYSTEMS ENGINEERING,C&IB,282,"FX, DERIVATIVES & CUSTODY",9,8,9,10,71,71,5,7,295,0,0,295,3.033.711,0,0
25-Apr,MEXICO,SYSTEMS ENGINEERING,C&IB,282,"FX, DERIVATIVES & CUSTODY",9,9,9,10,0,0,4,8,73,0,0,73,2.506.858,0,0
25-May,MEXICO,SYSTEMS ENGINEERING,C&IB,282,"FX, DERIVATIVES & CUSTODY",9,9,8,9,0,0,3,7,72,0,0,72,2.508.155,0,0
25-Jun,MEXICO,SYSTEMS ENGINEERING,C&IB,282,"FX, DERIVATIVES & CUSTODY",9,9,8,9,75,75,3,7,71,0,0,71,2.529.922,0,0
25-Jul,MEXICO,SYSTEMS ENGINEERING,C&IB,282,"FX, DERIVATIVES & CUSTODY",9,9,8,9,1,1,4,8,64,0,0,64,2.568.014,0,0
25-Aug,MEXICO,SYSTEMS ENGINEERING,C&IB,282,"FX, DERIVATIVES & CUSTODY",9,9,8,9,1,1,4,7,64,0,0,64,2.566.093,0,0
25-Sep,MEXICO,SYSTEMS ENGINEERING,C&IB,282,"FX, DERIVATIVES & CUSTODY",9,9,8,9,6,6,4,7,64,0,0,64,2.567.994,0,0
25-Mar,MEXICO,SYSTEMS ENGINEERING,C&IB,283,OTC & RISK,5,4,4,5,81,81,4,4,178,0,0,178,1.048.129,0,0
25-Apr,MEXICO,SYSTEMS ENGINEERING,C&IB,283,OTC & RISK,5,4,4,5,0,0,4,4,178,0,0,178,1.032.096,0,0
25-May,MEXICO,SYSTEMS ENGINEERING,C&IB,283,OTC & RISK,4,4,4,4,0,0,4,4,178,0,0,178,1.034.373,0,0
25-Jun,MEXICO,SYSTEMS ENGINEERING,C&IB,283,OTC & RISK,5,4,4,5,96,96,4,4,172,0,0,172,1.031.818,0,0
25-Jul,MEXICO,SYSTEMS ENGINEERING,C&IB,283,OTC & RISK,5,4,4,5,0,0,4,4,174,0,0,174,1.031.836,0,0
25-Aug,MEXICO,SYSTEMS ENGINEERING,C&IB,283,OTC & RISK,5,5,4,5,7,7,4,5,37,0,0,37,1.043.858,0,0
25-Sep,MEXICO,SYSTEMS ENGINEERING,C&IB,283,OTC & RISK,5,5,4,5,17,17,4,5,37,0,0,37,1.044.279,0,0
25-Mar,MEXICO,SYSTEMS ENGINEERING,C&IB,284,FI & REPORTING,8,6,6,8,100,101,3,4,2572,0,0,2572,3.157.341,0,0
25-Apr,MEXICO,SYSTEMS ENGINEERING,C&IB,284,FI & REPORTING,8,5,6,8,0,0,5,6,2557,0,0,2557,3.158.246,0,0
25-May,MEXICO,SYSTEMS ENGINEERING,C&IB,284,FI & REPORTING,7,7,6,7,0,0,4,6,2548,0,0,2548,3.158.442,0,0
25-Jun,MEXICO,SYSTEMS ENGINEERING,C&IB,284,FI & REPORTING,7,7,6,7,97,97,5,6,2548,0,0,2548,3.159.356,0,0
25-Jul,MEXICO,SYSTEMS ENGINEERING,C&IB,284,FI & REPORTING,7,7,6,7,4,4,5,6,2018,0,0,2018,3.161.915,0,0
25-Aug,MEXICO,SYSTEMS ENGINEERING,C&IB,284,FI & REPORTING,8,8,6,8,64,64,5.5,7,1345,0,0,1345,3.162.938,0,0
25-Sep,MEXICO,SYSTEMS ENGINEERING,C&IB,284,FI & REPORTING,8,8,6,8,80,80,5.5,7,1303,0,0,1303,3.087.455,0,0
25-Mar,MEXICO,SYSTEMS ENGINEERING,C&IB,285,EQUITY,4,4,4,4,24,24,2,4,25692,0,0,25692,3.114.926,0,0
25-Apr,MEXICO,SYSTEMS ENGINEERING,C&IB,285,EQUITY,4,4,4,4,0,0,2,4,25692,0,0,25692,3.112.900,0,0
25-May,MEXICO,SYSTEMS ENGINEERING,C&IB,285,EQUITY,4,4,4,4,0,0,3,4,26983,0,0,26983,4.115.918,0,0
25-Jun,MEXICO,SYSTEMS ENGINEERING,C&IB,285,EQUITY,4,4,4,4,28,28,4,4,26983,0,0,26983,4.118.250,0,0
25-Jul,MEXICO,SYSTEMS ENGINEERING,C&IB,285,EQUITY,4,4,4,4,1,1,3,4,20942,0,0,20942,2.492.224,0,0
25-Aug,MEXICO,SYSTEMS ENGINEERING,C&IB,285,EQUITY,4,4,4,4,6,6,2,4,20943,0,0,20943,2.504.636,0,0
25-Sep,MEXICO,SYSTEMS ENGINEERING,C&IB,285,EQUITY,4,4,4,4,10,10,2,4,20943,0,0,20943,2.511.205,0,0
25-Mar,MEXICO,SYSTEMS ENGINEERING,C&IB,286,PRIVATE BANKING,2,2,2,2,86,91,2,2,0,0,0,0,242.381,0,0
25-Apr,MEXICO,SYSTEMS ENGINEERING,C&IB,286,PRIVATE BANKING,2,2,2,2,0,0,2,2,0,0,0,0,241.086,0,0
25-May,MEXICO,SYSTEMS ENGINEERING,C&IB,286,PRIVATE BANKING,2,2,2,2,0,0,2,2,0,0,0,0,241.464,0,0
25-Jun,MEXICO,SYSTEMS ENGINEERING,C&IB,286,PRIVATE BANKING,2,2,2,2,91,95,2,2,0,0,0,0,667.954,0,0
25-Jul,MEXICO,SYSTEMS ENGINEERING,C&IB,286,PRIVATE BANKING,2,2,2,2,1,1,2,2,7,0,0,7,675.705,0,0
25-Aug,MEXICO,SYSTEMS ENGINEERING,C&IB,286,PRIVATE BANKING,2,2,2,2,11,11,2,2,7,0,0,7,1.144.017,0,0
25-Mar,RETAIL CLIENT SOLUTIONS,RETAIL,RETAIL - MOBILE,287,PLATAFORMA RETAIL - MOBILE,3,2,9,9,219,232,6,9,20,0,0,20,14.420.564,0,0
25-Apr,RETAIL CLIENT SOLUTIONS,RETAIL,RETAIL - MOBILE,287,PLATAFORMA RETAIL - MOBILE,2,2,9,9,32,38,6,8,16,0,0,16,13.070.791,0,0
25-May,RETAIL CLIENT SOLUTIONS,RETAIL,RETAIL - MOBILE,287,PLATAFORMA RETAIL - MOBILE,4,2,8,10,83,96,5,9,16,0,0,16,11.243.958,0,0
25-Jun,RETAIL CLIENT SOLUTIONS,RETAIL,RETAIL - MOBILE,287,PLATAFORMA RETAIL - MOBILE,5,2,8,11,229,250,5,10,16,0,0,16,11.447.737,0,0
25-Jul,RETAIL CLIENT SOLUTIONS,RETAIL,RETAIL - MOBILE,287,PLATAFORMA RETAIL - MOBILE,4,2,7,10,0,0,5,10,40,0,0,40,11.608.259,0,0
25-Aug,RETAIL CLIENT SOLUTIONS,RETAIL,RETAIL - MOBILE,287,PLATAFORMA RETAIL - MOBILE,3,2,7,10,0,0,5,9,40,0,0,40,11.824.477,0,0
25-Mar,RETAIL CLIENT SOLUTIONS,CROSS,CONTENT MANAGEMENT,288,CONTENT MANAGEMENT,7,7,7,7,4,4,4,7,90,0,0,90,5.508.053,0,0
25-Apr,RETAIL CLIENT SOLUTIONS,CROSS,CONTENT MANAGEMENT,288,CONTENT MANAGEMENT,7,7,7,7,0,0,5,7,92,0,0,92,5.702.606,0,0
25-May,RETAIL CLIENT SOLUTIONS,CROSS,CONTENT MANAGEMENT,288,CONTENT MANAGEMENT,7,7,7,7,1,1,3.5,6,292,0,0,292,4.927.555,0,0
25-Jun,RETAIL CLIENT SOLUTIONS,CROSS,CONTENT MANAGEMENT,288,CONTENT MANAGEMENT,7,7,7,9,3,3,3.5,6,333,0,0,333,7.404.188,0,0
25-Jul,RETAIL CLIENT SOLUTIONS,CROSS,CONTENT MANAGEMENT,288,CONTENT MANAGEMENT,9,7,9,9,0,0,4,6,812,0,0,812,11.357.533,0,0
25-Aug,RETAIL CLIENT SOLUTIONS,CROSS,CONTENT MANAGEMENT,288,CONTENT MANAGEMENT,7,7,9,9,0,0,4,6,812,0,0,812,11.358.739,0,0
25-Mar,VENEZUELA,SYSTEMS,CORPORATE FUNCTIONS,290,COMPLIANCE & DATA,11,11,10,10,3,3,2,4,0,0,0,0,2.261,0,0
25-Apr,VENEZUELA,SYSTEMS,CORPORATE FUNCTIONS,290,COMPLIANCE & DATA,11,11,10,10,1,1,2,4,0,0,0,0,464,0,0
25-May,VENEZUELA,SYSTEMS,CORPORATE FUNCTIONS,290,COMPLIANCE & DATA,11,11,10,10,1,1,2,3,0,0,0,0,1.593,0,0
25-Jun,VENEZUELA,SYSTEMS,CORPORATE FUNCTIONS,290,COMPLIANCE & DATA,11,11,10,10,5,5,2,3,0,0,0,0,1.593,0,0
25-Jul,VENEZUELA,SYSTEMS,CORPORATE FUNCTIONS,290,COMPLIANCE & DATA,11,11,10,10,0,0,2,4,0,0,0,0,1.593,0,0
25-Aug,VENEZUELA,SYSTEMS,CORPORATE FUNCTIONS,290,COMPLIANCE & DATA,11,11,10,10,0,0,2,4,0,0,0,0,324.25,0,0
25-Mar,VENEZUELA,SYSTEMS,CORPORATE FUNCTIONS,291,INTRANET,7,7,6,7,12,12,3,4,1,0,0,1,13.649.920,0,0
25-Apr,VENEZUELA,SYSTEMS,CORPORATE FUNCTIONS,291,INTRANET,7,7,7,7,4,4,3,3,0,0,0,0,14.459.693,0,0
25-May,VENEZUELA,SYSTEMS,CORPORATE FUNCTIONS,291,INTRANET,7,7,7,7,4,4,3,3,0,0,0,0,14.484.607,0,0
25-Jun,VENEZUELA,SYSTEMS,CORPORATE FUNCTIONS,291,INTRANET,7,7,6,7,8,8,2,5,0,0,0,0,14.843.173,0,0
25-Jul,VENEZUELA,SYSTEMS,CORPORATE FUNCTIONS,291,INTRANET,7,7,6,7,0,0,3,4,0,0,0,0,14.860.896,0,0
25-Aug,VENEZUELA,SYSTEMS,CORPORATE FUNCTIONS,291,INTRANET,7,7,6,7,0,0,4,4,0,0,0,0,14.861.410,0,0
25-Mar,RETAIL CLIENT SOLUTIONS,RETAIL,RETAIL - INFRA MULTICANAL,292,INFRAESTRUCTURA MULTICANAL - RETAIL,0,0,1,1,19,19,1,1,0,0,0,0,933.601,0,0
25-Apr,RETAIL CLIENT SOLUTIONS,RETAIL,RETAIL - INFRA MULTICANAL,292,INFRAESTRUCTURA MULTICANAL - RETAIL,0,0,1,1,3,3,1,1,0,0,0,0,984.049,0,0
25-May,RETAIL CLIENT SOLUTIONS,RETAIL,RETAIL - INFRA MULTICANAL,292,INFRAESTRUCTURA MULTICANAL - RETAIL,0,0,1,1,3,3,1,1,0,0,0,0,995.648,0,0
25-Jun,RETAIL CLIENT SOLUTIONS,RETAIL,RETAIL - INFRA MULTICANAL,292,INFRAESTRUCTURA MULTICANAL - RETAIL,0,0,1,1,16,18,1,1,0,0,0,0,1.019.611,0,0
25-Jul,RETAIL CLIENT SOLUTIONS,RETAIL,RETAIL - INFRA MULTICANAL,292,INFRAESTRUCTURA MULTICANAL - RETAIL,0,0,1,1,0,0,1,1,0,0,0,0,1.036.019,0,0
25-Aug,RETAIL CLIENT SOLUTIONS,RETAIL,RETAIL - INFRA MULTICANAL,292,INFRAESTRUCTURA MULTICANAL - RETAIL,0,0,1,1,0,0,1,1,0,0,0,0,582.428,0,0
25-Mar,COLOMBIA,SYSTEMS ENGINEERING,CFS-FINANZAS-T&C-R&IC,293,T&C,11,11,9,9,6,6,3,3,19,0,0,19,249.253,0,0
25-Apr,COLOMBIA,SYSTEMS ENGINEERING,CFS-FINANZAS-T&C-R&IC,293,T&C,11,11,9,9,0,0,3.5,5,19,0,0,19,245.707,0,0
25-May,COLOMBIA,SYSTEMS ENGINEERING,CFS-FINANZAS-T&C-R&IC,293,T&C,11,11,9,9,1,1,3,4,15,0,0,15,245.78,0,0
25-Jun,COLOMBIA,SYSTEMS ENGINEERING,CFS-FINANZAS-T&C-R&IC,293,T&C,11,9,9,9,4,4,3.5,4,15,0,0,15,245.78,0,0
25-Jul,COLOMBIA,SYSTEMS ENGINEERING,CFS-FINANZAS-T&C-R&IC,293,T&C,11,11,9,9,0,0,4.5,5,15,0,0,15,245.837,0,0
25-Aug,COLOMBIA,SYSTEMS ENGINEERING,CFS-FINANZAS-T&C-R&IC,293,T&C,11,11,9,9,0,0,3.5,5,7,0,0,7,245.937,0,0
25-Sep,COLOMBIA,SYSTEMS ENGINEERING,CFS-FINANZAS-T&C-R&IC,293,T&C,11,11,9,9,1,1,3.5,5,2,0,0,2,245.992,0,0
25-Mar,COLOMBIA,SYSTEMS ENGINEERING,CFS-FINANZAS-T&C-R&IC,294,FINANZAS,16,16,16,16,23,23,6,8,0,0,0,0,140.752,0,0
25-Apr,COLOMBIA,SYSTEMS ENGINEERING,CFS-FINANZAS-T&C-R&IC,294,FINANZAS,16,16,16,16,10,10,6,8,0,0,0,0,139.458,0,0
25-May,COLOMBIA,SYSTEMS ENGINEERING,CFS-FINANZAS-T&C-R&IC,294,FINANZAS,16,16,16,16,18,19,7,8,0,0,0,0,139.856,0,0
25-Jun,COLOMBIA,SYSTEMS ENGINEERING,CFS-FINANZAS-T&C-R&IC,294,FINANZAS,16,16,16,16,40,40,7.5,8,0,0,0,0,150.735,0,0
25-Jul,COLOMBIA,SYSTEMS ENGINEERING,CFS-FINANZAS-T&C-R&IC,294,FINANZAS,16,16,16,16,10,10,7,9,0,0,0,0,107.939,0,0
25-Aug,COLOMBIA,SYSTEMS ENGINEERING,CFS-FINANZAS-T&C-R&IC,294,FINANZAS,17,17,17,17,20,20,9,10,0,0,0,0,109.588,0,0
25-Sep,COLOMBIA,SYSTEMS ENGINEERING,CFS-FINANZAS-T&C-R&IC,294,FINANZAS,17,17,17,17,24,24,9,10,0,0,0,0,110.026,0,0
25-Mar,COLOMBIA,SYSTEMS ENGINEERING,CFS-FINANZAS-T&C-R&IC,295,CUMPLIMIENTO & AUDITORIA,14,13,14,14,4,4,4,5,0,0,0,0,696,0,0
25-Apr,COLOMBIA,SYSTEMS ENGINEERING,CFS-FINANZAS-T&C-R&IC,295,CUMPLIMIENTO & AUDITORIA,14,13,14,14,0,0,4,4,0,0,0,0,696,0,0
25-May,COLOMBIA,SYSTEMS ENGINEERING,CFS-FINANZAS-T&C-R&IC,295,CUMPLIMIENTO & AUDITORIA,13,13,13,13,0,0,3,4,0,0,0,0,696,0,0
25-Jun,COLOMBIA,SYSTEMS ENGINEERING,CFS-FINANZAS-T&C-R&IC,295,CUMPLIMIENTO & AUDITORIA,13,13,13,13,7,7,3,4,0,0,0,0,2.965,0,0
25-Jul,COLOMBIA,SYSTEMS ENGINEERING,CFS-FINANZAS-T&C-R&IC,295,CUMPLIMIENTO & AUDITORIA,13,13,13,13,2,2,3,5,0,0,0,0,3.234,0,0
25-Aug,COLOMBIA,SYSTEMS ENGINEERING,CFS-FINANZAS-T&C-R&IC,295,CUMPLIMIENTO & AUDITORIA,13,13,13,13,2,2,3,5,0,0,0,0,3.224,0,0
25-Sep,COLOMBIA,SYSTEMS ENGINEERING,CFS-FINANZAS-T&C-R&IC,295,CUMPLIMIENTO & AUDITORIA,13,13,13,13,2,2,3,5,0,0,0,0,3.224,0,0
25-Mar,MEXICO,SYSTEMS ENGINEERING,CORPORATE FUNCTIONS,296,RISK,7,5,6,6,203,203,1.5,6,772,0,0,772,7.702.591,0,0
25-Apr,MEXICO,SYSTEMS ENGINEERING,CORPORATE FUNCTIONS,296,RISK,7,7,6,6,4,5,2,5,772,0,0,772,5.112.217,0,0
25-May,MEXICO,SYSTEMS ENGINEERING,CORPORATE FUNCTIONS,296,RISK,7,7,6,6,4,4,2.5,5,738,0,0,738,5.110.132,0,0
25-Jun,MEXICO,SYSTEMS ENGINEERING,CORPORATE FUNCTIONS,296,RISK,7,7,6,6,222,224,3,6,692,0,0,692,7.153.085,0,0
25-Jul,MEXICO,SYSTEMS ENGINEERING,CORPORATE FUNCTIONS,296,RISK,7,7,6,6,13,13,2,5,497,0,0,497,7.037.666,0,0
25-Aug,MEXICO,SYSTEMS ENGINEERING,CORPORATE FUNCTIONS,296,RISK,7,7,6,6,76,76,3.5,6,497,0,0,497,9.333.444,0,0
25-Sep,MEXICO,SYSTEMS ENGINEERING,CORPORATE FUNCTIONS,296,RISK,7,7,6,6,99,99,3.5,6,497,0,0,497,9.333.809,0,0
25-Mar,VENEZUELA,SYSTEMS,BANKING SYSTEMS,298,RISK,15,15,16,16,8,8,10,10,0,0,0,0,0,0,0
25-Apr,VENEZUELA,SYSTEMS,BANKING SYSTEMS,298,RISK,15,15,16,16,2,2,10,10,0,0,0,0,0,0,0
25-May,VENEZUELA,SYSTEMS,BANKING SYSTEMS,298,RISK,15,15,16,16,1,1,10,10,0,0,0,0,0,0,0
25-Jun,VENEZUELA,SYSTEMS,BANKING SYSTEMS,298,RISK,15,15,16,16,6,6,10,10,0,0,0,0,0,0,0
25-Jul,VENEZUELA,SYSTEMS,BANKING SYSTEMS,298,RISK,15,15,16,16,0,0,9,10,0,0,0,0,0,0,0
25-Aug,VENEZUELA,SYSTEMS,BANKING SYSTEMS,298,RISK,15,15,16,16,0,0,5,9,0,0,0,0,2.831.735,0,0
25-Mar,VENEZUELA,SYSTEMS,BANKING SYSTEMS,299,BANKING CREDIT PRODUCTS,6,5,6,6,8,8,1,1,0,0,0,0,0,0,0
25-Apr,VENEZUELA,SYSTEMS,BANKING SYSTEMS,299,BANKING CREDIT PRODUCTS,6,6,6,6,3,3,1,1,0,0,0,0,0,0,0
25-May,VENEZUELA,SYSTEMS,BANKING SYSTEMS,299,BANKING CREDIT PRODUCTS,6,6,6,6,1,1,1,1,0,0,0,0,0,0,0
25-Jun,VENEZUELA,SYSTEMS,BANKING SYSTEMS,299,BANKING CREDIT PRODUCTS,6,6,6,6,11,11,2,2,0,0,0,0,0,0,0
25-Jul,VENEZUELA,SYSTEMS,BANKING SYSTEMS,299,BANKING CREDIT PRODUCTS,6,6,6,6,0,0,1,3,0,0,0,0,0,0,0
25-Aug,VENEZUELA,SYSTEMS,BANKING SYSTEMS,299,BANKING CREDIT PRODUCTS,6,6,6,6,0,0,1,4,0,0,0,0,0,0,0
25-Mar,ESPANA,SYSTEMS ENGINEERING,INSURANCE AND ASSET MANAGEMENT SYSTEMS,300,INSURANCE - POSTVENTA,2,2,2,2,17,18,1,2,0,0,0,0,44.741,0,0
25-Apr,ESPANA,SYSTEMS ENGINEERING,INSURANCE AND ASSET MANAGEMENT SYSTEMS,300,INSURANCE - POSTVENTA,2,2,2,2,1,1,1,1,0,0,0,0,12.413,0,0
25-May,ESPANA,SYSTEMS ENGINEERING,INSURANCE AND ASSET MANAGEMENT SYSTEMS,300,INSURANCE - POSTVENTA,2,2,2,2,2,2,1.5,2,0,0,0,0,12.409,0,0
25-Jun,ESPANA,SYSTEMS ENGINEERING,INSURANCE AND ASSET MANAGEMENT SYSTEMS,300,INSURANCE - POSTVENTA,2,2,2,2,12,12,1.5,2,0,0,0,0,19.93,0,0
25-Jul,ESPANA,SYSTEMS ENGINEERING,INSURANCE AND ASSET MANAGEMENT SYSTEMS,300,INSURANCE - POSTVENTA,2,2,2,2,1,2,1.5,2,0,0,0,0,19.918,0,0
25-Aug,ESPANA,SYSTEMS ENGINEERING,INSURANCE AND ASSET MANAGEMENT SYSTEMS,300,INSURANCE - POSTVENTA,2,2,2,2,1,2,1.5,2,0,0,0,0,20.809,0,0
25-Sep,ESPANA,SYSTEMS ENGINEERING,INSURANCE AND ASSET MANAGEMENT SYSTEMS,300,INSURANCE - POSTVENTA,2,2,2,2,2,3,1.5,2,0,0,0,0,20.749,0,0
25-Mar,ESPANA,SYSTEMS ENGINEERING,INSURANCE AND ASSET MANAGEMENT SYSTEMS,301,INSURANCE - AHORRO Y PREVISION,5,5,5,5,20,20,4,4,9,0,0,9,1.213.178,0,0
25-Apr,ESPANA,SYSTEMS ENGINEERING,INSURANCE AND ASSET MANAGEMENT SYSTEMS,301,INSURANCE - AHORRO Y PREVISION,5,5,5,5,3,3,4,4,9,0,0,9,35.004.051,0,0
25-May,ESPANA,SYSTEMS ENGINEERING,INSURANCE AND ASSET MANAGEMENT SYSTEMS,301,INSURANCE - AHORRO Y PREVISION,5,5,5,5,15,15,4,4,0,0,0,0,34.366.102,0,0
25-Jun,ESPANA,SYSTEMS ENGINEERING,INSURANCE AND ASSET MANAGEMENT SYSTEMS,301,INSURANCE - AHORRO Y PREVISION,5,5,5,5,28,28,4,4,0,0,0,0,40.958.633,0,0
25-Jul,ESPANA,SYSTEMS ENGINEERING,INSURANCE AND ASSET MANAGEMENT SYSTEMS,301,INSURANCE - AHORRO Y PREVISION,5,5,5,5,5,5,4,4,0,0,0,0,34.375.163,0,0
25-Aug,ESPANA,SYSTEMS ENGINEERING,INSURANCE AND ASSET MANAGEMENT SYSTEMS,301,INSURANCE - AHORRO Y PREVISION,5,5,5,5,5,5,4,4,0,0,0,0,34.375.163,0,0
25-Sep,ESPANA,SYSTEMS ENGINEERING,INSURANCE AND ASSET MANAGEMENT SYSTEMS,301,INSURANCE - AHORRO Y PREVISION,5,5,5,5,5,5,4,4,0,0,0,0,34.375.163,0,0
25-Mar,ESPANA,SYSTEMS ENGINEERING,INSURANCE AND ASSET MANAGEMENT SYSTEMS,302,INSURANCE - FINANCIERO ACTUARIAL,4,4,3,3,4,4,4,4,0,0,0,0,72.649,0,0
25-Apr,ESPANA,SYSTEMS ENGINEERING,INSURANCE AND ASSET MANAGEMENT SYSTEMS,302,INSURANCE - FINANCIERO ACTUARIAL,4,4,3,3,1,1,4,4,0,0,0,0,27.803,0,0
25-May,ESPANA,SYSTEMS ENGINEERING,INSURANCE AND ASSET MANAGEMENT SYSTEMS,302,INSURANCE - FINANCIERO ACTUARIAL,4,4,3,3,0,0,4,4,0,0,0,0,28.958,0,0
25-Jun,ESPANA,SYSTEMS ENGINEERING,INSURANCE AND ASSET MANAGEMENT SYSTEMS,302,INSURANCE - FINANCIERO ACTUARIAL,4,4,3,3,1,1,4,4,0,0,0,0,28.995,0,0
25-Jul,ESPANA,SYSTEMS ENGINEERING,INSURANCE AND ASSET MANAGEMENT SYSTEMS,302,INSURANCE - FINANCIERO ACTUARIAL,4,4,3,3,0,0,4,4,0,0,0,0,29.483,0,0
25-Aug,ESPANA,SYSTEMS ENGINEERING,INSURANCE AND ASSET MANAGEMENT SYSTEMS,302,INSURANCE - FINANCIERO ACTUARIAL,4,4,3,3,0,0,4,4,0,0,0,0,29.503,0,0
25-Sep,ESPANA,SYSTEMS ENGINEERING,INSURANCE AND ASSET MANAGEMENT SYSTEMS,302,INSURANCE - FINANCIERO ACTUARIAL,4,4,3,3,0,0,4,4,0,0,0,0,29.503,0,0
25-Mar,ESPANA,SYSTEMS ENGINEERING,INSURANCE AND ASSET MANAGEMENT SYSTEMS,303,INSURANCE - DISTRIBUCION,1,1,1,1,33,35,1,1,0,0,0,0,8.427.094,0,0
25-Apr,ESPANA,SYSTEMS ENGINEERING,INSURANCE AND ASSET MANAGEMENT SYSTEMS,303,INSURANCE - DISTRIBUCION,1,1,1,1,7,7,1,1,0,0,0,0,8.177.406,0,0
25-May,ESPANA,SYSTEMS ENGINEERING,INSURANCE AND ASSET MANAGEMENT SYSTEMS,303,INSURANCE - DISTRIBUCION,1,1,1,1,8,11,1,1,0,0,0,0,8.178.948,0,0
25-Jun,ESPANA,SYSTEMS ENGINEERING,INSURANCE AND ASSET MANAGEMENT SYSTEMS,303,INSURANCE - DISTRIBUCION,1,1,1,1,30,34,1,1,0,0,0,0,8.180.415,0,0
25-Jul,ESPANA,SYSTEMS ENGINEERING,INSURANCE AND ASSET MANAGEMENT SYSTEMS,303,INSURANCE - DISTRIBUCION,1,1,1,1,6,6,1,1,0,0,0,0,8.180.814,0,0
25-Aug,ESPANA,SYSTEMS ENGINEERING,INSURANCE AND ASSET MANAGEMENT SYSTEMS,303,INSURANCE - DISTRIBUCION,1,1,1,1,7,7,1,1,0,0,0,0,8.194.665,0,0
25-Sep,ESPANA,SYSTEMS ENGINEERING,INSURANCE AND ASSET MANAGEMENT SYSTEMS,303,INSURANCE - DISTRIBUCION,1,1,1,1,8,8,1,1,0,0,0,0,8.196.350,0,0
25-Mar,ESPANA,SYSTEMS ENGINEERING,INSURANCE AND ASSET MANAGEMENT SYSTEMS,304,INSURANCE - BACKOFFICE Y DATA,3,1,3,3,34,34,1.5,3,0,0,0,0,2.983.403,0,0
25-Apr,ESPANA,SYSTEMS ENGINEERING,INSURANCE AND ASSET MANAGEMENT SYSTEMS,304,INSURANCE - BACKOFFICE Y DATA,3,3,3,3,7,7,2,3,0,0,0,0,2.947.817,0,0
25-May,ESPANA,SYSTEMS ENGINEERING,INSURANCE AND ASSET MANAGEMENT SYSTEMS,304,INSURANCE - BACKOFFICE Y DATA,3,3,3,3,6,6,1,3,0,0,0,0,3.031.386,0,0
25-Jun,ESPANA,SYSTEMS ENGINEERING,INSURANCE AND ASSET MANAGEMENT SYSTEMS,304,INSURANCE - BACKOFFICE Y DATA,3,3,3,3,22,22,1.5,3,0,0,0,0,3.120.615,0,0
25-Jul,ESPANA,SYSTEMS ENGINEERING,INSURANCE AND ASSET MANAGEMENT SYSTEMS,304,INSURANCE - BACKOFFICE Y DATA,3,3,3,3,1,1,1.5,2,0,0,0,0,3.135.536,0,0
25-Aug,ESPANA,SYSTEMS ENGINEERING,INSURANCE AND ASSET MANAGEMENT SYSTEMS,304,INSURANCE - BACKOFFICE Y DATA,3,3,3,3,2,2,1,2,0,0,0,0,3.173.216,0,0
25-Sep,ESPANA,SYSTEMS ENGINEERING,INSURANCE AND ASSET MANAGEMENT SYSTEMS,304,INSURANCE - BACKOFFICE Y DATA,3,3,3,3,2,2,1,2,0,0,0,0,3.185.651,0,0
25-Mar,ESPANA,SYSTEMS ENGINEERING,INSURANCE AND ASSET MANAGEMENT SYSTEMS,307,ASSET MANAGEMENT - MIDDLE OFFICE,4,4,2,2,6,6,2,3,5,0,0,5,314.373,0,0
25-Apr,ESPANA,SYSTEMS ENGINEERING,INSURANCE AND ASSET MANAGEMENT SYSTEMS,307,ASSET MANAGEMENT - MIDDLE OFFICE,4,4,2,2,5,5,3,3,0,0,0,0,314.373,0,0
25-May,ESPANA,SYSTEMS ENGINEERING,INSURANCE AND ASSET MANAGEMENT SYSTEMS,307,ASSET MANAGEMENT - MIDDLE OFFICE,4,4,2,2,0,0,1,3,0,0,0,0,314.373,0,0
25-Jun,ESPANA,SYSTEMS ENGINEERING,INSURANCE AND ASSET MANAGEMENT SYSTEMS,307,ASSET MANAGEMENT - MIDDLE OFFICE,4,4,2,2,11,11,3,4,0,0,0,0,314.375,0,0
25-Jul,ESPANA,SYSTEMS ENGINEERING,INSURANCE AND ASSET MANAGEMENT SYSTEMS,307,ASSET MANAGEMENT - MIDDLE OFFICE,4,4,2,2,2,2,3,4,0,0,0,0,314.375,0,0
25-Aug,ESPANA,SYSTEMS ENGINEERING,INSURANCE AND ASSET MANAGEMENT SYSTEMS,307,ASSET MANAGEMENT - MIDDLE OFFICE,4,4,2,2,2,2,4,4,0,0,0,0,314.375,0,0
25-Sep,ESPANA,SYSTEMS ENGINEERING,INSURANCE AND ASSET MANAGEMENT SYSTEMS,307,ASSET MANAGEMENT - MIDDLE OFFICE,4,4,2,2,2,2,4,4,0,0,0,0,314.375,0,0
25-Mar,ESPANA,SYSTEMS ENGINEERING,INSURANCE AND ASSET MANAGEMENT SYSTEMS,308,ASSET MANAGEMENT - INFORMACIONAL & WEBS,5,4,5,5,40,43,3,5,2281,0,0,2281,7.836.565,0,0
25-Apr,ESPANA,SYSTEMS ENGINEERING,INSURANCE AND ASSET MANAGEMENT SYSTEMS,308,ASSET MANAGEMENT - INFORMACIONAL & WEBS,5,5,5,5,10,11,3,5,2275,0,0,2275,7.837.000,0,0
25-May,ESPANA,SYSTEMS ENGINEERING,INSURANCE AND ASSET MANAGEMENT SYSTEMS,308,ASSET MANAGEMENT - INFORMACIONAL & WEBS,5,5,5,5,2,2,3,5,2337,0,0,2337,9.651.633,0,0
25-Jun,ESPANA,SYSTEMS ENGINEERING,INSURANCE AND ASSET MANAGEMENT SYSTEMS,308,ASSET MANAGEMENT - INFORMACIONAL & WEBS,5,5,5,5,53,54,3,5,2291,0,0,2291,9.752.467,0,0
25-Jul,ESPANA,SYSTEMS ENGINEERING,INSURANCE AND ASSET MANAGEMENT SYSTEMS,308,ASSET MANAGEMENT - INFORMACIONAL & WEBS,5,5,5,5,5,5,3,5,2294,0,0,2294,9.703.641,0,0
25-Aug,ESPANA,SYSTEMS ENGINEERING,INSURANCE AND ASSET MANAGEMENT SYSTEMS,308,ASSET MANAGEMENT - INFORMACIONAL & WEBS,5,5,5,5,14,15,3,5,2290,0,0,2290,9.754.677,0,0
25-Sep,ESPANA,SYSTEMS ENGINEERING,INSURANCE AND ASSET MANAGEMENT SYSTEMS,308,ASSET MANAGEMENT - INFORMACIONAL & WEBS,5,5,5,5,15,16,3,5,2290,0,0,2290,9.760.834,0,0
25-Mar,ESPANA,SYSTEMS ENGINEERING,INSURANCE AND ASSET MANAGEMENT SYSTEMS,310,ASSET MANAGEMENT - FRONT OFFICE,3,3,3,3,1,2,1,3,621,0,0,621,2.182.710,0,0
25-Apr,ESPANA,SYSTEMS ENGINEERING,INSURANCE AND ASSET MANAGEMENT SYSTEMS,310,ASSET MANAGEMENT - FRONT OFFICE,3,0,3,3,0,0,2,3,8,0,0,8,2.175.055,0,0
25-May,ESPANA,SYSTEMS ENGINEERING,INSURANCE AND ASSET MANAGEMENT SYSTEMS,310,ASSET MANAGEMENT - FRONT OFFICE,3,3,3,3,1,2,1,3,8,0,0,8,2.175.055,0,0
25-Jun,ESPANA,SYSTEMS ENGINEERING,INSURANCE AND ASSET MANAGEMENT SYSTEMS,310,ASSET MANAGEMENT - FRONT OFFICE,3,3,3,3,3,4,3,3,8,0,0,8,2.175.056,0,0
25-Jul,ESPANA,SYSTEMS ENGINEERING,INSURANCE AND ASSET MANAGEMENT SYSTEMS,310,ASSET MANAGEMENT - FRONT OFFICE,3,3,3,3,1,1,2,3,8,0,0,8,2.175.056,0,0
25-Aug,ESPANA,SYSTEMS ENGINEERING,INSURANCE AND ASSET MANAGEMENT SYSTEMS,310,ASSET MANAGEMENT - FRONT OFFICE,3,3,3,3,1,1,2,3,8,0,0,8,2.175.137,0,0
25-Sep,ESPANA,SYSTEMS ENGINEERING,INSURANCE AND ASSET MANAGEMENT SYSTEMS,310,ASSET MANAGEMENT - FRONT OFFICE,3,3,3,3,1,1,2,3,8,0,0,8,2.175.137,0,0
25-Mar,ESPANA,SYSTEMS ENGINEERING,CORPORATE FUNCTIONS SYSTEMS,319,GESTION RECUPERATORIA Y CONTROL INTERNA,3,3,3,3,32,32,2,3,1,0,0,1,1.710.221,0,0
25-Apr,ESPANA,SYSTEMS ENGINEERING,CORPORATE FUNCTIONS SYSTEMS,319,GESTION RECUPERATORIA Y CONTROL INTERNA,3,3,3,3,1,1,2,3,0,0,0,0,1.484.871,0,0
25-May,ESPANA,SYSTEMS ENGINEERING,CORPORATE FUNCTIONS SYSTEMS,319,GESTION RECUPERATORIA Y CONTROL INTERNA,3,3,3,3,8,8,2,3,0,0,0,0,771.164,0,0
25-Jun,ESPANA,SYSTEMS ENGINEERING,CORPORATE FUNCTIONS SYSTEMS,319,GESTION RECUPERATORIA Y CONTROL INTERNA,3,3,3,3,32,32,2,3,0,0,0,0,774.229,0,0
25-Jul,ESPANA,SYSTEMS ENGINEERING,CORPORATE FUNCTIONS SYSTEMS,319,GESTION RECUPERATORIA Y CONTROL INTERNA,3,3,3,3,0,0,2,3,0,0,0,0,774.229,0,0
25-Aug,ESPANA,SYSTEMS ENGINEERING,CORPORATE FUNCTIONS SYSTEMS,319,GESTION RECUPERATORIA Y CONTROL INTERNA,3,3,3,3,2,2,2,3,0,0,0,0,703.693,0,0
25-Sep,ESPANA,SYSTEMS ENGINEERING,CORPORATE FUNCTIONS SYSTEMS,319,GESTION RECUPERATORIA Y CONTROL INTERNA,3,3,3,3,6,6,2,3,0,0,0,0,704.608,0,0
25-Mar,ESPANA,SYSTEMS ENGINEERING,CORPORATE FUNCTIONS SYSTEMS,320,T&C Y COMUNICACIONES,4,3,1,1,11,11,4,4,1796,0,0,1796,3.645.530,0,0
25-Apr,ESPANA,SYSTEMS ENGINEERING,CORPORATE FUNCTIONS SYSTEMS,320,T&C Y COMUNICACIONES,4,4,1,1,0,0,4,4,1796,0,0,1796,3.621.023,0,0
25-May,ESPANA,SYSTEMS ENGINEERING,CORPORATE FUNCTIONS SYSTEMS,320,T&C Y COMUNICACIONES,4,3,1,1,0,0,4,4,1649,0,0,1649,3.495.052,0,0
25-Jun,ESPANA,SYSTEMS ENGINEERING,CORPORATE FUNCTIONS SYSTEMS,320,T&C Y COMUNICACIONES,4,4,1,1,10,10,4,4,1649,0,0,1649,3.508.056,0,0
25-Jul,ESPANA,SYSTEMS ENGINEERING,CORPORATE FUNCTIONS SYSTEMS,320,T&C Y COMUNICACIONES,4,4,1,1,1,1,4,4,1649,0,0,1649,3.451.299,0,0
25-Aug,ESPANA,SYSTEMS ENGINEERING,CORPORATE FUNCTIONS SYSTEMS,320,T&C Y COMUNICACIONES,4,4,1,1,1,1,4,4,1649,0,0,1649,3.452.084,0,0
25-Sep,ESPANA,SYSTEMS ENGINEERING,CORPORATE FUNCTIONS SYSTEMS,320,T&C Y COMUNICACIONES,4,4,1,1,1,1,4,4,1649,0,0,1649,3.452.086,0,0
25-Mar,ESPANA,SYSTEMS ENGINEERING,CORPORATE FUNCTIONS SYSTEMS,321,REPORTING NORMATIVO,6,6,6,7,74,79,4,5,1023,0,0,1023,8.539.610,0,0
25-Apr,ESPANA,SYSTEMS ENGINEERING,CORPORATE FUNCTIONS SYSTEMS,321,REPORTING NORMATIVO,6,5,6,7,0,0,4,5,1018,0,0,1018,7.508.545,0,0
25-May,ESPANA,SYSTEMS ENGINEERING,CORPORATE FUNCTIONS SYSTEMS,321,REPORTING NORMATIVO,6,5,6,6,2,2,4,5,0,0,0,0,6.828.417,0,0
25-Jun,ESPANA,SYSTEMS ENGINEERING,CORPORATE FUNCTIONS SYSTEMS,321,REPORTING NORMATIVO,6,5,6,6,75,75,4,7,0,0,0,0,6.832.890,0,0
25-Jul,ESPANA,SYSTEMS ENGINEERING,CORPORATE FUNCTIONS SYSTEMS,321,REPORTING NORMATIVO,6,6,6,6,0,0,5,7,0,0,0,0,6.843.345,0,0
25-Aug,ESPANA,SYSTEMS ENGINEERING,CORPORATE FUNCTIONS SYSTEMS,321,REPORTING NORMATIVO,6,6,6,6,1,1,5,7,0,0,0,0,6.856.689,0,0
25-Sep,ESPANA,SYSTEMS ENGINEERING,CORPORATE FUNCTIONS SYSTEMS,321,REPORTING NORMATIVO,6,6,6,6,1,1,5,7,1,0,0,1,6.871.044,0,0
25-Mar,ESPANA,SYSTEMS ENGINEERING,CORPORATE FUNCTIONS SYSTEMS,322,IMPAGO Y COBERTURAS,8,8,7,7,57,62,6,7,50,0,0,50,1.461.203,0,0
25-Apr,ESPANA,SYSTEMS ENGINEERING,CORPORATE FUNCTIONS SYSTEMS,322,IMPAGO Y COBERTURAS,8,8,7,7,10,10,6,7,50,0,0,50,1.410.514,0,0
25-May,ESPANA,SYSTEMS ENGINEERING,CORPORATE FUNCTIONS SYSTEMS,322,IMPAGO Y COBERTURAS,8,8,7,7,13,13,7,7,50,0,0,50,1.579.250,0,0
25-Jun,ESPANA,SYSTEMS ENGINEERING,CORPORATE FUNCTIONS SYSTEMS,322,IMPAGO Y COBERTURAS,8,8,7,7,71,74,7,7,50,0,0,50,1.581.001,0,0
25-Jul,ESPANA,SYSTEMS ENGINEERING,CORPORATE FUNCTIONS SYSTEMS,322,IMPAGO Y COBERTURAS,8,8,7,7,7,8,7,7,50,0,0,50,1.143.003,0,0
25-Aug,ESPANA,SYSTEMS ENGINEERING,CORPORATE FUNCTIONS SYSTEMS,322,IMPAGO Y COBERTURAS,8,8,7,7,7,8,7,7,50,0,0,50,1.149.496,0,0
25-Sep,ESPANA,SYSTEMS ENGINEERING,CORPORATE FUNCTIONS SYSTEMS,322,IMPAGO Y COBERTURAS,8,8,7,7,11,12,7,7,50,0,0,50,1.151.926,0,0
25-Mar,ESPANA,SYSTEMS ENGINEERING,CORPORATE FUNCTIONS SYSTEMS,323,CONTABILIDAD Y REAL ESTATE,4,4,4,4,10,10,4,4,82,0,0,82,1.226.608,0,0
25-Apr,ESPANA,SYSTEMS ENGINEERING,CORPORATE FUNCTIONS SYSTEMS,323,CONTABILIDAD Y REAL ESTATE,4,4,4,4,0,0,4,4,82,0,0,82,1.196.672,0,0
25-May,ESPANA,SYSTEMS ENGINEERING,CORPORATE FUNCTIONS SYSTEMS,323,CONTABILIDAD Y REAL ESTATE,4,4,4,4,2,3,4,4,82,0,0,82,1.193.252,0,0
25-Jun,ESPANA,SYSTEMS ENGINEERING,CORPORATE FUNCTIONS SYSTEMS,323,CONTABILIDAD Y REAL ESTATE,4,4,4,4,16,18,4,4,82,0,0,82,1.193.379,0,0
25-Jul,ESPANA,SYSTEMS ENGINEERING,CORPORATE FUNCTIONS SYSTEMS,323,CONTABILIDAD Y REAL ESTATE,4,4,4,4,3,3,4,4,54,0,0,54,1.195.048,0,0
25-Aug,ESPANA,SYSTEMS ENGINEERING,CORPORATE FUNCTIONS SYSTEMS,323,CONTABILIDAD Y REAL ESTATE,4,4,4,4,3,3,4,4,54,0,0,54,1.195.048,0,0
25-Sep,ESPANA,SYSTEMS ENGINEERING,CORPORATE FUNCTIONS SYSTEMS,323,CONTABILIDAD Y REAL ESTATE,4,4,4,4,3,3,4,4,54,0,0,54,1.195.063,0,0
25-Mar,ESPANA,SYSTEMS ENGINEERING,CORPORATE FUNCTIONS SYSTEMS,324,SSJJ Y OTROS,4,3,1,3,9,9,1,1,0,0,0,0,343.6,0,0
25-Apr,ESPANA,SYSTEMS ENGINEERING,CORPORATE FUNCTIONS SYSTEMS,324,SSJJ Y OTROS,4,3,2,3,0,0,2,2,0,0,0,0,265.168,0,0
25-May,ESPANA,SYSTEMS ENGINEERING,CORPORATE FUNCTIONS SYSTEMS,324,SSJJ Y OTROS,4,3,2,3,1,1,2,2,0,0,0,0,259.317,0,0
25-Jun,ESPANA,SYSTEMS ENGINEERING,CORPORATE FUNCTIONS SYSTEMS,324,SSJJ Y OTROS,4,3,2,3,10,10,2,2,0,0,0,0,260.798,0,0
25-Jul,ESPANA,SYSTEMS ENGINEERING,CORPORATE FUNCTIONS SYSTEMS,324,SSJJ Y OTROS,4,3,2,3,1,1,2,2,0,0,0,0,261.413,0,0
25-Aug,ESPANA,SYSTEMS ENGINEERING,CORPORATE FUNCTIONS SYSTEMS,324,SSJJ Y OTROS,4,3,2,3,1,1,2,2,0,0,0,0,261.54,0,0
25-Sep,ESPANA,SYSTEMS ENGINEERING,CORPORATE FUNCTIONS SYSTEMS,324,SSJJ Y OTROS,4,3,2,3,1,1,2,2,0,0,0,0,261.576,0,0
25-Mar,ESPANA,SYSTEMS ENGINEERING,RETAIL CUSTOMERS SYSTEMS,326,OPEN BANKING,1,1,1,1,15,15,1,1,0,0,0,0,6.243,0,0
25-Apr,ESPANA,SYSTEMS ENGINEERING,RETAIL CUSTOMERS SYSTEMS,326,OPEN BANKING,1,1,1,1,1,1,1,1,0,0,0,0,6.243,0,0
25-May,ESPANA,SYSTEMS ENGINEERING,RETAIL CUSTOMERS SYSTEMS,326,OPEN BANKING,1,1,1,1,0,0,1,1,0,0,0,0,6.843,0,0
25-Jun,ESPANA,SYSTEMS ENGINEERING,RETAIL CUSTOMERS SYSTEMS,326,OPEN BANKING,1,1,1,1,5,5,1,1,0,0,0,0,6.843,0,0
25-Jul,ESPANA,SYSTEMS ENGINEERING,RETAIL CUSTOMERS SYSTEMS,326,OPEN BANKING,1,1,1,1,1,1,1,1,0,0,0,0,6.843,0,0
25-Aug,ESPANA,SYSTEMS ENGINEERING,RETAIL CUSTOMERS SYSTEMS,326,OPEN BANKING,1,1,1,1,1,1,1,1,0,0,0,0,6.843,0,0
25-Sep,ESPANA,SYSTEMS ENGINEERING,RETAIL CUSTOMERS SYSTEMS,326,OPEN BANKING,1,1,1,1,1,1,1,1,0,0,0,0,6.843,0,0
25-Mar,ESPANA,SYSTEMS ENGINEERING,RETAIL CUSTOMERS SYSTEMS,327,RETAIL DIGITAL SERVICES,12,12,12,12,8,8,11,11,0,0,0,0,1.296.276,0,0
25-Apr,ESPANA,SYSTEMS ENGINEERING,RETAIL CUSTOMERS SYSTEMS,327,RETAIL DIGITAL SERVICES,12,11,12,12,0,0,11,11,0,0,0,0,946.051,0,0
25-May,ESPANA,SYSTEMS ENGINEERING,RETAIL CUSTOMERS SYSTEMS,327,RETAIL DIGITAL SERVICES,12,12,12,12,1,1,11,11,0,0,0,0,942.606,0,0
25-Jun,ESPANA,SYSTEMS ENGINEERING,RETAIL CUSTOMERS SYSTEMS,327,RETAIL DIGITAL SERVICES,12,12,12,12,13,13,11,11,0,0,0,0,942.136,0,0
25-Jul,ESPANA,SYSTEMS ENGINEERING,RETAIL CUSTOMERS SYSTEMS,327,RETAIL DIGITAL SERVICES,12,12,12,12,0,0,11,11,0,0,0,0,947.576,0,0
25-Aug,ESPANA,SYSTEMS ENGINEERING,RETAIL CUSTOMERS SYSTEMS,327,RETAIL DIGITAL SERVICES,12,12,12,12,1,1,10,11,0,0,0,0,948.077,0,0
25-Sep,ESPANA,SYSTEMS ENGINEERING,RETAIL CUSTOMERS SYSTEMS,327,RETAIL DIGITAL SERVICES,12,12,12,12,1,1,10,11,0,0,0,0,957.479,0,0
25-Mar,ESPANA,SYSTEMS ENGINEERING,RETAIL CUSTOMERS SYSTEMS,328,BRANCH CHANNEL,7,6,4,4,28,32,1,7,3349,0,0,3349,46.835.974,0,0
25-Apr,ESPANA,SYSTEMS ENGINEERING,RETAIL CUSTOMERS SYSTEMS,328,BRANCH CHANNEL,7,7,4,4,24,24,1,7,1428,0,0,1428,26.904.102,0,0
25-May,ESPANA,SYSTEMS ENGINEERING,RETAIL CUSTOMERS SYSTEMS,328,BRANCH CHANNEL,7,7,4,4,10,10,1.5,6,420,0,0,420,24.596.382,0,0
25-Jun,ESPANA,SYSTEMS ENGINEERING,RETAIL CUSTOMERS SYSTEMS,328,BRANCH CHANNEL,7,7,4,4,47,47,1.5,7,239,0,0,239,24.136.137,0,0
25-Jul,ESPANA,SYSTEMS ENGINEERING,RETAIL CUSTOMERS SYSTEMS,328,BRANCH CHANNEL,7,7,4,4,15,15,1.5,6,98,0,0,98,24.341.908,0,0
25-Aug,ESPANA,SYSTEMS ENGINEERING,RETAIL CUSTOMERS SYSTEMS,328,BRANCH CHANNEL,7,6,4,4,16,16,2,6,63,0,0,63,23.917.756,0,0
25-Sep,ESPANA,SYSTEMS ENGINEERING,RETAIL CUSTOMERS SYSTEMS,328,BRANCH CHANNEL,7,7,4,4,17,17,2,6,63,0,0,63,23.960.359,0,0
25-Mar,PERU,SYSTEMS,ENTERPRISE,329,OPEN BANKING,3,3,3,3,16,17,0,0,0,0,0,0,1.124,0,0
25-Apr,PERU,SYSTEMS,ENTERPRISE,329,OPEN BANKING,5,5,5,5,0,0,0,1,0,0,0,0,2.45,0,0
25-May,PERU,SYSTEMS,ENTERPRISE,329,OPEN BANKING,5,5,5,5,2,2,1,2,0,0,0,0,2.324,0,0
25-Jun,PERU,SYSTEMS,ENTERPRISE,329,OPEN BANKING,5,5,5,5,37,37,1.5,2,0,0,0,0,10.003,0,0
25-Jul,PERU,SYSTEMS,ENTERPRISE,329,OPEN BANKING,5,5,5,5,1,1,2,3,0,0,0,0,12.457,0,0
25-Aug,PERU,SYSTEMS,ENTERPRISE,329,OPEN BANKING,5,5,5,5,7,7,2,3,0,0,0,0,12.47,0,0
25-Sep,PERU,SYSTEMS,ENTERPRISE,329,OPEN BANKING,5,5,5,5,10,10,2,3,0,0,0,0,12.47,0,0
25-Mar,ESPANA,SYSTEMS ENGINEERING,RETAIL CUSTOMERS SYSTEMS,330,OPERATIONAL CRM,6,6,4,4,37,38,5,5,424,0,0,424,1.275.198,0,0
25-Apr,ESPANA,SYSTEMS ENGINEERING,RETAIL CUSTOMERS SYSTEMS,330,OPERATIONAL CRM,6,6,4,4,10,10,5,5,416,0,0,416,1.236.523,0,0
25-May,ESPANA,SYSTEMS ENGINEERING,RETAIL CUSTOMERS SYSTEMS,330,OPERATIONAL CRM,6,6,4,4,7,7,5,5,32,0,0,32,796.204,0,0
25-Jun,ESPANA,SYSTEMS ENGINEERING,RETAIL CUSTOMERS SYSTEMS,330,OPERATIONAL CRM,6,6,4,4,40,41,5,5,29,0,0,29,865.511,0,0
25-Jul,ESPANA,SYSTEMS ENGINEERING,RETAIL CUSTOMERS SYSTEMS,330,OPERATIONAL CRM,6,6,4,4,5,5,5,5,13,0,0,13,932.628,0,0
25-Aug,ESPANA,SYSTEMS ENGINEERING,RETAIL CUSTOMERS SYSTEMS,330,OPERATIONAL CRM,6,6,4,4,12,13,5,5,13,0,0,13,932.628,0,0
25-Sep,ESPANA,SYSTEMS ENGINEERING,RETAIL CUSTOMERS SYSTEMS,330,OPERATIONAL CRM,6,6,4,4,15,16,5,5,13,0,0,13,932.807,0,0
25-Mar,ESPANA,SYSTEMS ENGINEERING,RETAIL CUSTOMERS SYSTEMS,331,DIGITAL MARKETING,2,2,0,0,36,37,1,2,2,0,0,2,691.877,0,0
25-Apr,ESPANA,SYSTEMS ENGINEERING,RETAIL CUSTOMERS SYSTEMS,331,DIGITAL MARKETING,2,2,0,0,0,0,1,2,2,0,0,2,677.415,0,0
25-May,ESPANA,SYSTEMS ENGINEERING,RETAIL CUSTOMERS SYSTEMS,331,DIGITAL MARKETING,2,2,0,0,0,0,1,2,0,0,0,0,114.279,0,0
25-Jun,ESPANA,SYSTEMS ENGINEERING,RETAIL CUSTOMERS SYSTEMS,331,DIGITAL MARKETING,2,2,0,0,28,28,1,2,0,0,0,0,128.269,0,0
25-Jul,ESPANA,SYSTEMS ENGINEERING,RETAIL CUSTOMERS SYSTEMS,331,DIGITAL MARKETING,2,2,0,0,3,3,1,2,0,0,0,0,124.812,0,0
25-Aug,ESPANA,SYSTEMS ENGINEERING,RETAIL CUSTOMERS SYSTEMS,331,DIGITAL MARKETING,2,2,0,0,13,13,1,2,0,0,0,0,124.815,0,0
25-Sep,ESPANA,SYSTEMS ENGINEERING,RETAIL CUSTOMERS SYSTEMS,331,DIGITAL MARKETING,2,2,0,0,17,17,1,2,0,0,0,0,124.815,0,0
25-Mar,ARGENTINA,SYSTEMS ENGINEERING,CORE PRODUCTS,332,AR21 SERVICIOS CORE FINANCIEROS,2,2,2,2,7,7,2,2,0,0,0,0,1.111,0,0
25-Apr,ARGENTINA,SYSTEMS ENGINEERING,CORE PRODUCTS,332,AR21 SERVICIOS CORE FINANCIEROS,4,4,4,4,1,1,4,4,0,0,0,0,824,0,0
25-May,ARGENTINA,SYSTEMS ENGINEERING,CORE PRODUCTS,332,AR21 SERVICIOS CORE FINANCIEROS,4,4,4,4,4,4,4,4,0,0,0,0,769,0,0
25-Jun,ARGENTINA,SYSTEMS ENGINEERING,CORE PRODUCTS,332,AR21 SERVICIOS CORE FINANCIEROS,4,4,4,4,14,14,4,4,0,0,0,0,769,0,0
25-Jul,ARGENTINA,SYSTEMS ENGINEERING,CORE PRODUCTS,332,AR21 SERVICIOS CORE FINANCIEROS,4,4,4,4,1,1,4,4,0,0,0,0,1.63,0,0
25-Aug,ARGENTINA,SYSTEMS ENGINEERING,CORE PRODUCTS,332,AR21 SERVICIOS CORE FINANCIEROS,5,4,4,5,8,8,4,4,0,0,0,0,1.826,0,0
25-Sep,ARGENTINA,SYSTEMS ENGINEERING,CORE PRODUCTS,332,AR21 SERVICIOS CORE FINANCIEROS,5,4,4,5,8,8,4,4,0,0,0,0,1.826,0,0
25-Mar,ARGENTINA,SYSTEMS ENGINEERING,CORE PRODUCTS,333,AR20 LOANS / PRESTAMOS,3,3,3,3,2,2,3,3,0,0,0,0,3.038,0,0
25-Apr,ARGENTINA,SYSTEMS ENGINEERING,CORE PRODUCTS,333,AR20 LOANS / PRESTAMOS,3,3,3,3,0,0,3,3,0,0,0,0,3.038,0,0
25-May,ARGENTINA,SYSTEMS ENGINEERING,CORE PRODUCTS,333,AR20 LOANS / PRESTAMOS,3,3,3,3,1,1,3,3,0,0,0,0,3.038,0,0
25-Jun,ARGENTINA,SYSTEMS ENGINEERING,CORE PRODUCTS,333,AR20 LOANS / PRESTAMOS,3,3,3,3,2,2,3,3,0,0,0,0,3.038,0,0
25-Jul,ARGENTINA,SYSTEMS ENGINEERING,CORE PRODUCTS,333,AR20 LOANS / PRESTAMOS,3,3,3,3,0,0,3,3,0,0,0,0,3.038,0,0
25-Aug,ARGENTINA,SYSTEMS ENGINEERING,CORE PRODUCTS,333,AR20 LOANS / PRESTAMOS,3,3,3,3,0,0,3,3,0,0,0,0,3.038,0,0
25-Sep,ARGENTINA,SYSTEMS ENGINEERING,CORE PRODUCTS,333,AR20 LOANS / PRESTAMOS,3,3,3,3,0,0,3,3,0,0,0,0,3.038,0,0
25-Mar,ARGENTINA,SYSTEMS ENGINEERING,CORE PRODUCTS,334,AR25 PEOPLE NEXTGEN,2,2,2,2,11,11,0,1,0,0,0,0,97.177,0,0
25-Apr,ARGENTINA,SYSTEMS ENGINEERING,CORE PRODUCTS,334,AR25 PEOPLE NEXTGEN,2,2,2,2,1,1,0,1,0,0,0,0,80.559,0,0
25-May,ARGENTINA,SYSTEMS ENGINEERING,CORE PRODUCTS,334,AR25 PEOPLE NEXTGEN,2,2,2,2,2,2,0.5,1,0,0,0,0,84.515,0,0
25-Jun,ARGENTINA,SYSTEMS ENGINEERING,CORE PRODUCTS,334,AR25 PEOPLE NEXTGEN,2,2,2,2,16,16,0.5,1,0,0,0,0,85.615,0,0
25-Jul,ARGENTINA,SYSTEMS ENGINEERING,CORE PRODUCTS,334,AR25 PEOPLE NEXTGEN,2,2,2,2,8,8,0.5,1,0,0,0,0,85.986,0,0
25-Aug,ARGENTINA,SYSTEMS ENGINEERING,CORE PRODUCTS,334,AR25 PEOPLE NEXTGEN,2,2,2,2,10,10,0,1,0,0,0,0,86.3,0,0
25-Sep,ARGENTINA,SYSTEMS ENGINEERING,CORE PRODUCTS,334,AR25 PEOPLE NEXTGEN,2,2,2,2,10,10,0,1,0,0,0,0,87.801,0,0
25-Mar,ARGENTINA,SYSTEMS ENGINEERING,CORE PRODUCTS,335,AR24 PEOPLE LEGACY,4,4,4,4,7,7,1.5,3,0,0,0,0,28.478,0,0
25-Apr,ARGENTINA,SYSTEMS ENGINEERING,CORE PRODUCTS,335,AR24 PEOPLE LEGACY,4,4,4,4,0,0,2,3,0,0,0,0,246.378,0,0
25-May,ARGENTINA,SYSTEMS ENGINEERING,CORE PRODUCTS,335,AR24 PEOPLE LEGACY,4,4,4,4,2,2,2,3,0,0,0,0,246.378,0,0
25-Jun,ARGENTINA,SYSTEMS ENGINEERING,CORE PRODUCTS,335,AR24 PEOPLE LEGACY,4,4,4,4,5,5,1,3,0,0,0,0,246.378,0,0
25-Jul,ARGENTINA,SYSTEMS ENGINEERING,CORE PRODUCTS,335,AR24 PEOPLE LEGACY,4,4,4,4,0,0,2.5,3,0,0,0,0,267.196,0,0
25-Aug,ARGENTINA,SYSTEMS ENGINEERING,CORE PRODUCTS,335,AR24 PEOPLE LEGACY,4,2,4,4,2,2,2,3,0,0,0,0,266.699,0,0
25-Sep,ARGENTINA,SYSTEMS ENGINEERING,CORE PRODUCTS,335,AR24 PEOPLE LEGACY,4,4,4,4,2,2,2,3,0,0,0,0,266.699,0,0
25-Mar,ARGENTINA,SYSTEMS ENGINEERING,CORE PRODUCTS,336,AR22 ACCOUNTS & DEPOSITS / CUENTAS,10,10,10,10,7,7,6,9,0,0,0,0,121.876,0,0
25-Apr,ARGENTINA,SYSTEMS ENGINEERING,CORE PRODUCTS,336,AR22 ACCOUNTS & DEPOSITS / CUENTAS,10,10,10,10,0,0,5,9,0,0,0,0,121.876,0,0
25-May,ARGENTINA,SYSTEMS ENGINEERING,CORE PRODUCTS,336,AR22 ACCOUNTS & DEPOSITS / CUENTAS,10,9,10,10,3,3,6,9,0,0,0,0,121.876,0,0
25-Jun,ARGENTINA,SYSTEMS ENGINEERING,CORE PRODUCTS,336,AR22 ACCOUNTS & DEPOSITS / CUENTAS,10,10,10,10,7,7,6,9,0,0,0,0,121.876,0,0
25-Jul,ARGENTINA,SYSTEMS ENGINEERING,CORE PRODUCTS,336,AR22 ACCOUNTS & DEPOSITS / CUENTAS,10,10,10,10,0,0,7,9,0,0,0,0,122.224,0,0
25-Aug,ARGENTINA,SYSTEMS ENGINEERING,CORE PRODUCTS,336,AR22 ACCOUNTS & DEPOSITS / CUENTAS,10,10,10,10,4,4,7,9,0,0,0,0,124.604,0,0
25-Sep,ARGENTINA,SYSTEMS ENGINEERING,CORE PRODUCTS,336,AR22 ACCOUNTS & DEPOSITS / CUENTAS,10,10,10,10,7,7,7,9,0,0,0,0,124.604,0,0
25-Mar,ARGENTINA,SYSTEMS ENGINEERING,CORE PRODUCTS,337,AR23 PEOPLE SERVICING,5,5,5,5,14,14,3,3,0,0,0,0,197.08,0,0
25-Apr,ARGENTINA,SYSTEMS ENGINEERING,CORE PRODUCTS,337,AR23 PEOPLE SERVICING,5,5,5,5,1,1,2,3,0,0,0,0,197.08,0,0
25-May,ARGENTINA,SYSTEMS ENGINEERING,CORE PRODUCTS,337,AR23 PEOPLE SERVICING,5,5,5,5,3,3,3,3,0,0,0,0,197.08,0,0
25-Jun,ARGENTINA,SYSTEMS ENGINEERING,CORE PRODUCTS,337,AR23 PEOPLE SERVICING,5,5,5,5,18,18,3,3,0,0,0,0,197.08,0,0
25-Jul,ARGENTINA,SYSTEMS ENGINEERING,CORE PRODUCTS,337,AR23 PEOPLE SERVICING,5,5,5,5,0,0,3,3,0,0,0,0,197.08,0,0
25-Aug,ARGENTINA,SYSTEMS ENGINEERING,CORE PRODUCTS,337,AR23 PEOPLE SERVICING,5,5,5,5,3,3,3,3,0,0,0,0,197.08,0,0
25-Sep,ARGENTINA,SYSTEMS ENGINEERING,CORE PRODUCTS,337,AR23 PEOPLE SERVICING,5,5,5,5,3,3,3,3,0,0,0,0,197.08,0,0
25-Mar,ARGENTINA,SYSTEMS ENGINEERING,CORE PRODUCTS,338,AR26 SERVICIOS PASIVOS,6,6,6,6,8,8,6,6,0,0,0,0,0,0,0
25-Apr,ARGENTINA,SYSTEMS ENGINEERING,CORE PRODUCTS,338,AR26 SERVICIOS PASIVOS,6,6,6,6,0,0,6,6,0,0,0,0,0,0,0
25-May,ARGENTINA,SYSTEMS ENGINEERING,CORE PRODUCTS,338,AR26 SERVICIOS PASIVOS,6,6,6,6,4,4,6,6,0,0,0,0,0,0,0
25-Jun,ARGENTINA,SYSTEMS ENGINEERING,CORE PRODUCTS,338,AR26 SERVICIOS PASIVOS,6,6,6,6,10,10,5,6,0,0,0,0,0,0,0
25-Jul,ARGENTINA,SYSTEMS ENGINEERING,CORE PRODUCTS,338,AR26 SERVICIOS PASIVOS,6,6,6,6,1,1,5,6,0,0,0,0,0,0,0
25-Aug,ARGENTINA,SYSTEMS ENGINEERING,CORE PRODUCTS,338,AR26 SERVICIOS PASIVOS,6,6,6,6,5,5,5,6,0,0,0,0,0,0,0
25-Sep,ARGENTINA,SYSTEMS ENGINEERING,CORE PRODUCTS,338,AR26 SERVICIOS PASIVOS,6,6,6,6,8,8,5,6,0,0,0,0,0,0,0
25-Mar,RETAIL CLIENT SOLUTIONS,CROSS,TRAFFIC GENERATION & MARKETING AUTOMATION,339,TRAFFIC GENERATION & MARKETING AUTOMATION,0,0,2,2,11,11,2,3,0,0,0,0,40.722,0,0
25-Apr,RETAIL CLIENT SOLUTIONS,CROSS,TRAFFIC GENERATION & MARKETING AUTOMATION,339,TRAFFIC GENERATION & MARKETING AUTOMATION,0,0,2,2,0,0,2,3,0,0,0,0,39.321,0,0
25-May,RETAIL CLIENT SOLUTIONS,CROSS,TRAFFIC GENERATION & MARKETING AUTOMATION,339,TRAFFIC GENERATION & MARKETING AUTOMATION,0,0,2,2,0,0,2,3,0,0,0,0,39.321,0,0
25-Jun,RETAIL CLIENT SOLUTIONS,CROSS,TRAFFIC GENERATION & MARKETING AUTOMATION,339,TRAFFIC GENERATION & MARKETING AUTOMATION,0,0,2,2,10,10,2,3,0,0,0,0,39.331,0,0
25-Jul,RETAIL CLIENT SOLUTIONS,CROSS,TRAFFIC GENERATION & MARKETING AUTOMATION,339,TRAFFIC GENERATION & MARKETING AUTOMATION,0,0,2,2,0,0,2,3,0,0,0,0,39.957,0,0
25-Aug,RETAIL CLIENT SOLUTIONS,CROSS,TRAFFIC GENERATION & MARKETING AUTOMATION,339,TRAFFIC GENERATION & MARKETING AUTOMATION,0,0,2,2,0,0,2,3,0,0,0,0,40.369,0,0
25-Mar,COLOMBIA,SYSTEMS ENGINEERING,RETAIL,340,NET,3,2,3,3,19,24,1,3,0,0,0,0,3.400.549,0,0
25-Apr,COLOMBIA,SYSTEMS ENGINEERING,RETAIL,340,NET,3,3,3,3,0,0,1,2,0,0,0,0,3.399.251,0,0
25-May,COLOMBIA,SYSTEMS ENGINEERING,RETAIL,340,NET,3,3,3,3,0,0,2,3,0,0,0,0,3.346.569,0,0
25-Jun,COLOMBIA,SYSTEMS ENGINEERING,RETAIL,340,NET,3,3,3,3,5,5,2,3,0,0,0,0,2.301.178,0,0
25-Jul,COLOMBIA,SYSTEMS ENGINEERING,RETAIL,340,NET,3,3,3,3,0,0,2,3,0,0,0,0,2.306.582,0,0
25-Aug,COLOMBIA,SYSTEMS ENGINEERING,RETAIL,340,NET,3,3,3,3,0,0,2,3,0,0,0,0,2.309.090,0,0
25-Sep,COLOMBIA,SYSTEMS ENGINEERING,RETAIL,340,NET,3,3,3,3,0,0,2,3,0,0,0,0,2.429.635,0,0
25-Mar,COLOMBIA,SYSTEMS ENGINEERING,RETAIL,341,OFICINA,10,10,10,10,21,21,7,8,0,0,0,0,948.316,0,0
25-Apr,COLOMBIA,SYSTEMS ENGINEERING,RETAIL,341,OFICINA,10,10,10,10,15,15,7,8,0,0,0,0,950.835,0,0
25-May,COLOMBIA,SYSTEMS ENGINEERING,RETAIL,341,OFICINA,10,10,10,10,3,3,7.5,8,0,0,0,0,958.738,0,0
25-Jun,COLOMBIA,SYSTEMS ENGINEERING,RETAIL,341,OFICINA,10,10,10,10,35,35,7,8,0,0,0,0,964.419,0,0
25-Jul,COLOMBIA,SYSTEMS ENGINEERING,RETAIL,341,OFICINA,10,10,10,10,4,4,7,9,0,0,0,0,967.568,0,0
25-Aug,COLOMBIA,SYSTEMS ENGINEERING,RETAIL,341,OFICINA,10,10,10,10,13,13,7,8,0,0,0,0,969.07,0,0
25-Sep,COLOMBIA,SYSTEMS ENGINEERING,RETAIL,341,OFICINA,10,10,10,10,17,17,7,8,0,0,0,0,975.635,0,0
25-Mar,COMMERCIAL CLIENT SOLUTIONS,VALUE PROPOSITION,INTERNATIONAL TREASURY MANAGEMENT,342,PIVOT CONNECT,1,1,1,1,0,0,0,0,0,0,0,0,23.095,0,0
25-Apr,COMMERCIAL CLIENT SOLUTIONS,VALUE PROPOSITION,INTERNATIONAL TREASURY MANAGEMENT,342,PIVOT CONNECT,2,2,2,2,4,4,1,1,0,0,0,0,255.049,0,0
25-May,COMMERCIAL CLIENT SOLUTIONS,VALUE PROPOSITION,INTERNATIONAL TREASURY MANAGEMENT,342,PIVOT CONNECT,2,2,2,2,16,16,2,2,0,0,0,0,609.845,0,0
25-Jun,COMMERCIAL CLIENT SOLUTIONS,VALUE PROPOSITION,INTERNATIONAL TREASURY MANAGEMENT,342,PIVOT CONNECT,2,2,2,2,29,29,2,2,0,0,0,0,622.6,0,0
25-Jul,COMMERCIAL CLIENT SOLUTIONS,VALUE PROPOSITION,INTERNATIONAL TREASURY MANAGEMENT,342,PIVOT CONNECT,2,2,2,2,0,0,2,2,0,0,0,0,840.761,0,0
25-Aug,COMMERCIAL CLIENT SOLUTIONS,VALUE PROPOSITION,INTERNATIONAL TREASURY MANAGEMENT,342,PIVOT CONNECT,2,2,2,2,0,0,2,2,0,0,0,0,693.359,0,0
25-Sep,COMMERCIAL CLIENT SOLUTIONS,VALUE PROPOSITION,INTERNATIONAL TREASURY MANAGEMENT,342,PIVOT CONNECT,2,2,2,2,0,0,2,2,0,0,0,0,696.019,0,0
25-Mar,COLOMBIA,SYSTEMS ENGINEERING,RETAIL,343,MOVIL RETAIL,1,1,1,1,71,72,0,1,0,0,0,0,90.769,0,0
25-Apr,COLOMBIA,SYSTEMS ENGINEERING,RETAIL,343,MOVIL RETAIL,1,1,1,1,15,16,0.5,1,0,0,0,0,87.759,0,0
25-May,COLOMBIA,SYSTEMS ENGINEERING,RETAIL,343,MOVIL RETAIL,1,1,1,1,28,34,1,1,0,0,0,0,87.772,0,0
25-Jun,COLOMBIA,SYSTEMS ENGINEERING,RETAIL,343,MOVIL RETAIL,1,1,1,1,147,149,1,1,0,0,0,0,87.772,0,0
25-Jul,COLOMBIA,SYSTEMS ENGINEERING,RETAIL,343,MOVIL RETAIL,1,1,1,1,33,34,0,1,0,0,0,0,88.189,0,0
25-Aug,COLOMBIA,SYSTEMS ENGINEERING,RETAIL,343,MOVIL RETAIL,1,1,1,1,67,69,0.5,1,0,0,0,0,88.284,0,0
25-Sep,COLOMBIA,SYSTEMS ENGINEERING,RETAIL,343,MOVIL RETAIL,1,1,1,1,78,80,0.5,1,0,0,0,0,80.921,0,0
25-Mar,COMMERCIAL CLIENT SOLUTIONS,CHANNELS & PROCESSES,GLOBAL CHANNELS,344,PIVOT NET,4,4,4,4,26,27,2,3,791,0,0,791,5.354.856,0,0
25-Apr,COMMERCIAL CLIENT SOLUTIONS,CHANNELS & PROCESSES,GLOBAL CHANNELS,344,PIVOT NET,6,6,6,6,2,2,3,4,1121,0,0,1121,5.979.746,0,0
25-May,COMMERCIAL CLIENT SOLUTIONS,CHANNELS & PROCESSES,GLOBAL CHANNELS,344,PIVOT NET,6,6,6,6,2,2,3.5,5,731,0,0,731,3.712.558,0,0
25-Jun,COMMERCIAL CLIENT SOLUTIONS,CHANNELS & PROCESSES,GLOBAL CHANNELS,344,PIVOT NET,6,6,6,6,34,34,4,5,797,0,0,797,1.233.286,0,0
25-Jul,COMMERCIAL CLIENT SOLUTIONS,CHANNELS & PROCESSES,GLOBAL CHANNELS,344,PIVOT NET,4,4,4,4,0,0,4,4,5,0,0,5,348.052,0,0
25-Aug,COMMERCIAL CLIENT SOLUTIONS,CHANNELS & PROCESSES,GLOBAL CHANNELS,344,PIVOT NET,4,4,4,4,0,0,4,4,48,0,0,48,323.077,0,0
25-Sep,COMMERCIAL CLIENT SOLUTIONS,CHANNELS & PROCESSES,GLOBAL CHANNELS,344,PIVOT NET,4,4,4,4,0,0,4,4,5,0,0,5,284.105,0,0
25-Mar,COMMERCIAL CLIENT SOLUTIONS,VALUE PROPOSITION,LIQUIDITY MANAGEMENT,345,PIVOT CONNECT,2,1,2,2,36,36,2,2,0,0,0,0,1.481.510,0,0
25-Apr,COMMERCIAL CLIENT SOLUTIONS,VALUE PROPOSITION,LIQUIDITY MANAGEMENT,345,PIVOT CONNECT,2,1,2,2,3,3,2,2,0,0,0,0,1.193.553,0,0
25-May,COMMERCIAL CLIENT SOLUTIONS,VALUE PROPOSITION,LIQUIDITY MANAGEMENT,345,PIVOT CONNECT,2,2,2,2,12,12,2,2,0,0,0,0,1.209.803,0,0
25-Jun,COMMERCIAL CLIENT SOLUTIONS,VALUE PROPOSITION,LIQUIDITY MANAGEMENT,345,PIVOT CONNECT,2,2,2,2,33,35,2,2,0,0,0,0,826.944,0,0
25-Jul,COMMERCIAL CLIENT SOLUTIONS,VALUE PROPOSITION,LIQUIDITY MANAGEMENT,345,PIVOT CONNECT,2,2,2,2,0,0,2,2,0,0,0,0,863.095,0,0
25-Aug,COMMERCIAL CLIENT SOLUTIONS,VALUE PROPOSITION,LIQUIDITY MANAGEMENT,345,PIVOT CONNECT,2,2,2,2,0,0,2,2,0,0,0,0,878.376,0,0
25-Sep,COMMERCIAL CLIENT SOLUTIONS,VALUE PROPOSITION,LIQUIDITY MANAGEMENT,345,PIVOT CONNECT,2,2,2,2,0,0,2,2,0,0,0,0,882.543,0,0
25-Mar,COMMERCIAL CLIENT SOLUTIONS,VALUE PROPOSITION,VAM SCF CARDS,346,PIVOT - COMMERCIAL CARD,1,1,1,1,15,15,0,1,0,0,0,0,760.808,0,0
25-Apr,COMMERCIAL CLIENT SOLUTIONS,VALUE PROPOSITION,VAM SCF CARDS,346,PIVOT - COMMERCIAL CARD,1,1,1,1,0,0,1,1,0,0,0,0,711.455,0,0
25-May,COMMERCIAL CLIENT SOLUTIONS,VALUE PROPOSITION,VAM SCF CARDS,346,PIVOT - COMMERCIAL CARD,1,1,1,1,2,2,1,1,0,0,0,0,715.35,0,0
25-Jun,COMMERCIAL CLIENT SOLUTIONS,VALUE PROPOSITION,VAM SCF CARDS,346,PIVOT - COMMERCIAL CARD,1,1,1,1,10,10,1,1,0,0,0,0,715.35,0,0
25-Jul,COMMERCIAL CLIENT SOLUTIONS,VALUE PROPOSITION,VAM SCF CARDS,346,PIVOT - COMMERCIAL CARD,1,1,1,1,0,0,1,1,0,0,0,0,733.522,0,0
25-Aug,COMMERCIAL CLIENT SOLUTIONS,VALUE PROPOSITION,VAM SCF CARDS,346,PIVOT - COMMERCIAL CARD,1,1,1,1,0,0,1,1,0,0,0,0,734.175,0,0
25-Sep,COMMERCIAL CLIENT SOLUTIONS,VALUE PROPOSITION,VAM SCF CARDS,346,PIVOT - COMMERCIAL CARD,1,1,1,1,0,0,1,1,0,0,0,0,738.709,0,0
25-Mar,COMMERCIAL CLIENT SOLUTIONS,VALUE PROPOSITION,VAM SCF CARDS,347,PIVOT - GLOBAL SUPPLY CHAIN FINANCE,0,0,1,1,8,8,0,1,0,0,0,0,9.143,0,0
25-Apr,COMMERCIAL CLIENT SOLUTIONS,VALUE PROPOSITION,VAM SCF CARDS,347,PIVOT - GLOBAL SUPPLY CHAIN FINANCE,1,1,1,1,0,0,1,1,0,0,0,0,9.125,0,0
25-May,COMMERCIAL CLIENT SOLUTIONS,VALUE PROPOSITION,VAM SCF CARDS,347,PIVOT - GLOBAL SUPPLY CHAIN FINANCE,1,1,1,1,0,0,1,1,0,0,0,0,9.125,0,0
25-Jun,COMMERCIAL CLIENT SOLUTIONS,VALUE PROPOSITION,VAM SCF CARDS,347,PIVOT - GLOBAL SUPPLY CHAIN FINANCE,1,1,0,0,6,10,1,1,0,0,0,0,9.125,0,0
25-Jul,COMMERCIAL CLIENT SOLUTIONS,VALUE PROPOSITION,VAM SCF CARDS,347,PIVOT - GLOBAL SUPPLY CHAIN FINANCE,1,1,0,0,0,0,1,1,0,0,0,0,9.125,0,0
25-Aug,COMMERCIAL CLIENT SOLUTIONS,VALUE PROPOSITION,VAM SCF CARDS,347,PIVOT - GLOBAL SUPPLY CHAIN FINANCE,1,1,0,0,0,0,1,1,0,0,0,0,9.277,0,0
25-Sep,COMMERCIAL CLIENT SOLUTIONS,VALUE PROPOSITION,VAM SCF CARDS,347,PIVOT - GLOBAL SUPPLY CHAIN FINANCE,1,1,0,0,0,0,1,1,0,0,0,0,9.277,0,0
25-Mar,COMMERCIAL CLIENT SOLUTIONS,CHANNELS & PROCESSES,GLOBAL CHANNELS,348,INFRAESTRUCTURA MULTICANAL ALPHA,15,15,15,15,13,13,4,4,4,0,0,4,357.705,0,0
25-Apr,COMMERCIAL CLIENT SOLUTIONS,CHANNELS & PROCESSES,GLOBAL CHANNELS,348,INFRAESTRUCTURA MULTICANAL ALPHA,19,19,21,21,0,0,4,4,4,0,0,4,288.458,0,0
25-May,COMMERCIAL CLIENT SOLUTIONS,CHANNELS & PROCESSES,GLOBAL CHANNELS,348,INFRAESTRUCTURA MULTICANAL ALPHA,19,19,19,19,5,5,4,4,0,0,0,0,130.964,0,0
25-Jun,COMMERCIAL CLIENT SOLUTIONS,CHANNELS & PROCESSES,GLOBAL CHANNELS,348,INFRAESTRUCTURA MULTICANAL ALPHA,20,20,20,20,13,13,5,5,0,0,0,0,132.223,0,0
25-Jul,COMMERCIAL CLIENT SOLUTIONS,CHANNELS & PROCESSES,GLOBAL CHANNELS,348,INFRAESTRUCTURA MULTICANAL ALPHA,20,20,20,20,0,0,5,5,0,0,0,0,138.126,0,0
25-Aug,COMMERCIAL CLIENT SOLUTIONS,CHANNELS & PROCESSES,GLOBAL CHANNELS,348,INFRAESTRUCTURA MULTICANAL ALPHA,20,20,20,20,0,0,5,5,0,0,0,0,134.183,0,0
25-Sep,COMMERCIAL CLIENT SOLUTIONS,CHANNELS & PROCESSES,GLOBAL CHANNELS,348,INFRAESTRUCTURA MULTICANAL ALPHA,20,20,20,20,0,0,5,5,0,0,0,0,135.609,0,0
25-Mar,COMMERCIAL CLIENT SOLUTIONS,VALUE PROPOSITION,DOMESTIC TREASURY MANAGEMENT,349,PLATAFORMA ETPB,0,0,1,1,72,73,1,1,0,0,0,0,1.544.860,0,0
25-Apr,COMMERCIAL CLIENT SOLUTIONS,VALUE PROPOSITION,DOMESTIC TREASURY MANAGEMENT,349,PLATAFORMA ETPB,0,0,1,1,0,0,1,1,0,0,0,0,1.030.579,0,0
25-May,COMMERCIAL CLIENT SOLUTIONS,VALUE PROPOSITION,DOMESTIC TREASURY MANAGEMENT,349,PLATAFORMA ETPB,0,0,1,1,33,35,1,1,0,0,0,0,1.065.266,0,0
25-Jun,COMMERCIAL CLIENT SOLUTIONS,VALUE PROPOSITION,DOMESTIC TREASURY MANAGEMENT,349,PLATAFORMA ETPB,0,0,1,1,84,85,1,1,0,0,0,0,1.093.897,0,0
25-Jul,COMMERCIAL CLIENT SOLUTIONS,VALUE PROPOSITION,DOMESTIC TREASURY MANAGEMENT,349,PLATAFORMA ETPB,0,0,1,1,0,0,1,1,0,0,0,0,1.132.550,0,0
25-Aug,COMMERCIAL CLIENT SOLUTIONS,VALUE PROPOSITION,DOMESTIC TREASURY MANAGEMENT,349,PLATAFORMA ETPB,0,0,1,1,0,0,1,1,0,0,0,0,1.100.891,0,0
25-Sep,COMMERCIAL CLIENT SOLUTIONS,VALUE PROPOSITION,DOMESTIC TREASURY MANAGEMENT,349,PLATAFORMA ETPB,0,0,1,1,0,0,1,1,0,0,0,0,1.105.157,0,0
25-Mar,URUGUAY,SYSTEMS ENGINEERING,,350,CROSS SYSTEMS,3,0,0,3,0,0,2,2,0,0,0,0,14.641,0,0
25-Apr,URUGUAY,SYSTEMS ENGINEERING,,350,CROSS SYSTEMS,3,0,0,3,0,0,2,2,0,0,0,0,14.641,0,0
25-May,URUGUAY,SYSTEMS ENGINEERING,,350,CROSS SYSTEMS,3,0,1,3,0,0,2,3,0,0,0,0,14.641,0,0
25-Jun,URUGUAY,SYSTEMS ENGINEERING,,350,CROSS SYSTEMS,3,1,3,3,0,0,2,3,1,0,0,1,14.655,0,0
25-Jul,URUGUAY,SYSTEMS ENGINEERING,,350,CROSS SYSTEMS,3,1,3,3,0,0,2,2,4,0,0,4,14.655,0,0
25-Aug,URUGUAY,SYSTEMS ENGINEERING,,350,CROSS SYSTEMS,3,1,3,3,0,0,2,2,4,0,0,4,14.655,0,0
25-Mar,MEXICO,SYSTEMS ENGINEERING,CORPORATE FUNCTIONS,351,AACC,2,2,2,2,74,74,2,2,912,0,0,912,7.611.146,0,0
25-Apr,MEXICO,SYSTEMS ENGINEERING,CORPORATE FUNCTIONS,351,AACC,2,2,2,2,0,0,1,2,912,0,0,912,7.430.322,0,0
25-May,MEXICO,SYSTEMS ENGINEERING,CORPORATE FUNCTIONS,351,AACC,2,2,2,2,5,5,2,2,802,0,0,802,7.448.603,0,0
25-Jun,MEXICO,SYSTEMS ENGINEERING,CORPORATE FUNCTIONS,351,AACC,2,2,2,2,87,88,2,2,802,0,0,802,7.493.012,0,0
25-Jul,MEXICO,SYSTEMS ENGINEERING,CORPORATE FUNCTIONS,351,AACC,2,2,2,2,3,3,2,2,649,0,0,649,6.940.908,0,0
25-Aug,MEXICO,SYSTEMS ENGINEERING,CORPORATE FUNCTIONS,351,AACC,2,2,2,2,26,26,2,2,554,0,0,554,6.575.574,0,0
25-Sep,MEXICO,SYSTEMS ENGINEERING,CORPORATE FUNCTIONS,351,AACC,2,2,2,2,37,37,2,2,500,0,0,500,6.391.243,0,0
25-Mar,VENEZUELA,SYSTEMS,CROSS SERVICES,352,CROSS SYSTEMS,11,11,9,11,4,4,4.5,5,0,0,0,0,0,0,0
25-Apr,VENEZUELA,SYSTEMS,CROSS SERVICES,352,CROSS SYSTEMS,11,11,11,11,0,0,6,6,0,0,0,0,126,0,0
25-May,VENEZUELA,SYSTEMS,CROSS SERVICES,352,CROSS SYSTEMS,13,13,13,13,3,3,6,6,0,0,0,0,126,0,0
25-Jun,VENEZUELA,SYSTEMS,CROSS SERVICES,352,CROSS SYSTEMS,13,13,13,13,3,3,7,7,0,0,0,0,126,0,0
25-Jul,VENEZUELA,SYSTEMS,CROSS SERVICES,352,CROSS SYSTEMS,13,13,13,13,0,0,7,8,0,0,0,0,1.757.031,0,0
25-Aug,VENEZUELA,SYSTEMS,CROSS SERVICES,352,CROSS SYSTEMS,13,13,13,13,0,0,6,9,0,0,0,0,1.758.746,0,0
25-Mar,MEXICO,SYSTEMS ENGINEERING,CORPORATE FUNCTIONS,354,FINANCE & PROCUREMENT,3,2,3,3,73,73,0,3,4672,0,0,4672,3.739.430,0,0
25-Apr,MEXICO,SYSTEMS ENGINEERING,CORPORATE FUNCTIONS,354,FINANCE & PROCUREMENT,3,3,3,3,0,0,1,3,4672,0,0,4672,3.708.617,0,0
25-May,MEXICO,SYSTEMS ENGINEERING,CORPORATE FUNCTIONS,354,FINANCE & PROCUREMENT,3,3,3,3,2,2,0,3,4505,0,0,4505,3.720.465,0,0
25-Jun,MEXICO,SYSTEMS ENGINEERING,CORPORATE FUNCTIONS,354,FINANCE & PROCUREMENT,3,3,3,3,65,67,0.5,3,4505,0,0,4505,3.739.252,0,0
25-Jul,MEXICO,SYSTEMS ENGINEERING,CORPORATE FUNCTIONS,354,FINANCE & PROCUREMENT,3,3,3,3,1,1,0.5,3,2976,0,0,2976,3.318.486,0,0
25-Aug,MEXICO,SYSTEMS ENGINEERING,CORPORATE FUNCTIONS,354,FINANCE & PROCUREMENT,3,3,3,3,24,24,1,3,2748,0,0,2748,4.968.183,0,0
25-Sep,MEXICO,SYSTEMS ENGINEERING,CORPORATE FUNCTIONS,354,FINANCE & PROCUREMENT,3,3,3,3,43,43,1,3,3010,0,0,3010,4.976.661,0,0
25-Mar,MEXICO,SYSTEMS ENGINEERING,CORPORATE FUNCTIONS,355,COMPLIANCE & LEGAL,2,2,2,2,124,124,0,2,1187,0,0,1187,1.659.777,0,0
25-Apr,MEXICO,SYSTEMS ENGINEERING,CORPORATE FUNCTIONS,355,COMPLIANCE & LEGAL,2,2,2,2,0,0,0,2,1187,0,0,1187,1.560.864,0,0
25-May,MEXICO,SYSTEMS ENGINEERING,CORPORATE FUNCTIONS,355,COMPLIANCE & LEGAL,2,2,2,2,1,1,0,2,1187,0,0,1187,1.564.347,0,0
25-Jun,MEXICO,SYSTEMS ENGINEERING,CORPORATE FUNCTIONS,355,COMPLIANCE & LEGAL,2,2,2,2,130,130,0,2,1228,0,0,1228,2.107.938,0,0
25-Jul,MEXICO,SYSTEMS ENGINEERING,CORPORATE FUNCTIONS,355,COMPLIANCE & LEGAL,2,2,2,2,5,5,0.5,2,1245,0,0,1245,2.530.353,0,0
25-Aug,MEXICO,SYSTEMS ENGINEERING,CORPORATE FUNCTIONS,355,COMPLIANCE & LEGAL,2,2,2,2,22,22,0,2,1245,0,0,1245,3.472.114,0,0
25-Sep,MEXICO,SYSTEMS ENGINEERING,CORPORATE FUNCTIONS,355,COMPLIANCE & LEGAL,2,2,2,2,37,37,0,2,1245,0,0,1245,3.473.124,0,0
25-Mar,MEXICO,SYSTEMS ENGINEERING,CORPORATE FUNCTIONS,356,CREDIT ACQUISITION & AUTOMATION,2,2,2,2,41,41,1,2,13,0,0,13,1.556.468,0,0
25-Apr,MEXICO,SYSTEMS ENGINEERING,CORPORATE FUNCTIONS,356,CREDIT ACQUISITION & AUTOMATION,3,3,3,3,1,1,1,3,109,0,0,109,2.232.016,0,0
25-May,MEXICO,SYSTEMS ENGINEERING,CORPORATE FUNCTIONS,356,CREDIT ACQUISITION & AUTOMATION,3,3,3,3,12,12,2,3,109,0,0,109,2.233.191,0,0
25-Jun,MEXICO,SYSTEMS ENGINEERING,CORPORATE FUNCTIONS,356,CREDIT ACQUISITION & AUTOMATION,3,2,3,3,73,73,2,3,361,0,0,361,2.140.319,0,0
25-Jul,MEXICO,SYSTEMS ENGINEERING,CORPORATE FUNCTIONS,356,CREDIT ACQUISITION & AUTOMATION,3,3,3,3,8,8,2,3,361,0,0,361,2.153.837,0,0
25-Aug,MEXICO,SYSTEMS ENGINEERING,CORPORATE FUNCTIONS,356,CREDIT ACQUISITION & AUTOMATION,3,3,3,3,40,40,2,3,361,0,0,361,1.292.133,0,0
25-Sep,MEXICO,SYSTEMS ENGINEERING,CORPORATE FUNCTIONS,356,CREDIT ACQUISITION & AUTOMATION,3,3,3,3,49,49,2,3,361,0,0,361,1.292.657,0,0
25-Mar,MEXICO,SYSTEMS ENGINEERING,CORE CROSS SYSTEMS,362,ACCOUNT STATEMENTS & TAX STAMPS,2,2,2,2,20,20,1,2,76,0,0,76,755.72,0,0
25-Apr,MEXICO,SYSTEMS ENGINEERING,CORE CROSS SYSTEMS,362,ACCOUNT STATEMENTS & TAX STAMPS,2,2,2,2,1,1,1,1,76,0,0,76,726.493,0,0
25-May,MEXICO,SYSTEMS ENGINEERING,CORE CROSS SYSTEMS,362,ACCOUNT STATEMENTS & TAX STAMPS,2,2,2,2,4,4,1,1,76,0,0,76,726.619,0,0
25-Jun,MEXICO,SYSTEMS ENGINEERING,CORE CROSS SYSTEMS,362,ACCOUNT STATEMENTS & TAX STAMPS,2,2,2,2,29,29,1.5,2,76,0,0,76,729.186,0,0
25-Jul,MEXICO,SYSTEMS ENGINEERING,CORE CROSS SYSTEMS,362,ACCOUNT STATEMENTS & TAX STAMPS,2,2,2,2,2,2,1,1,71,0,0,71,815.265,0,0
25-Aug,MEXICO,SYSTEMS ENGINEERING,CORE CROSS SYSTEMS,362,ACCOUNT STATEMENTS & TAX STAMPS,2,2,2,2,13,13,1,2,72,0,0,72,729.955,0,0
25-Sep,MEXICO,SYSTEMS ENGINEERING,CORE CROSS SYSTEMS,362,ACCOUNT STATEMENTS & TAX STAMPS,2,2,2,2,15,15,1,2,5,0,0,5,563.995,0,0
25-Mar,MEXICO,SYSTEMS ENGINEERING,CORE CROSS SYSTEMS,363,APPLICATION SECURITY,1,1,1,1,16,17,0,1,0,0,0,0,1.609.303,0,0
25-Apr,MEXICO,SYSTEMS ENGINEERING,CORE CROSS SYSTEMS,363,APPLICATION SECURITY,1,1,1,1,0,0,0,1,0,0,0,0,1.594.217,0,0
25-May,MEXICO,SYSTEMS ENGINEERING,CORE CROSS SYSTEMS,363,APPLICATION SECURITY,1,1,1,1,0,0,0.5,1,0,0,0,0,1.594.459,0,0
25-Jun,MEXICO,SYSTEMS ENGINEERING,CORE CROSS SYSTEMS,363,APPLICATION SECURITY,1,1,1,1,14,14,0.5,1,0,0,0,0,1.595.400,0,0
25-Jul,MEXICO,SYSTEMS ENGINEERING,CORE CROSS SYSTEMS,363,APPLICATION SECURITY,1,1,1,1,2,2,0.5,1,0,0,0,0,1.596.030,0,0
25-Aug,MEXICO,SYSTEMS ENGINEERING,CORE CROSS SYSTEMS,363,APPLICATION SECURITY,1,1,1,1,4,4,0.5,1,0,0,0,0,86.542,0,0
25-Sep,MEXICO,SYSTEMS ENGINEERING,CORE CROSS SYSTEMS,363,APPLICATION SECURITY,1,1,1,1,5,5,0.5,1,0,0,0,0,87.807,0,0
25-Mar,MEXICO,SYSTEMS ENGINEERING,CORE CROSS SYSTEMS,364,DIGITAL CONTACTABILITY,2,2,2,2,66,66,1,2,1,0,0,1,574.053,0,0
25-Apr,MEXICO,SYSTEMS ENGINEERING,CORE CROSS SYSTEMS,364,DIGITAL CONTACTABILITY,2,2,2,2,0,0,1,2,1,0,0,1,542.61,0,0
25-May,MEXICO,SYSTEMS ENGINEERING,CORE CROSS SYSTEMS,364,DIGITAL CONTACTABILITY,2,1,2,2,22,22,1,2,1,0,0,1,1.337.932,0,0
25-Jun,MEXICO,SYSTEMS ENGINEERING,CORE CROSS SYSTEMS,364,DIGITAL CONTACTABILITY,2,2,2,2,52,52,1,2,1,0,0,1,1.339.125,0,0
25-Jul,MEXICO,SYSTEMS ENGINEERING,CORE CROSS SYSTEMS,364,DIGITAL CONTACTABILITY,2,2,2,2,12,12,2,2,719,0,0,719,1.339.146,0,0
25-Aug,MEXICO,SYSTEMS ENGINEERING,CORE CROSS SYSTEMS,364,DIGITAL CONTACTABILITY,2,2,2,2,39,49,2,2,719,0,0,719,2.232.713,0,0
25-Sep,MEXICO,SYSTEMS ENGINEERING,CORE CROSS SYSTEMS,364,DIGITAL CONTACTABILITY,2,2,2,2,58,68,2,2,4971,0,0,4971,2.232.713,0,0
25-Mar,MEXICO,SYSTEMS ENGINEERING,CORE CROSS SYSTEMS,365,ATMS & INFRASTRUCTURE,2,2,2,2,30,30,1,2,0,0,0,0,798.999,0,0
25-Apr,MEXICO,SYSTEMS ENGINEERING,CORE CROSS SYSTEMS,365,ATMS & INFRASTRUCTURE,2,2,2,2,1,1,1,2,0,0,0,0,784.93,0,0
25-May,MEXICO,SYSTEMS ENGINEERING,CORE CROSS SYSTEMS,365,ATMS & INFRASTRUCTURE,2,2,2,2,2,2,0,2,0,0,0,0,800.519,0,0
25-Jun,MEXICO,SYSTEMS ENGINEERING,CORE CROSS SYSTEMS,365,ATMS & INFRASTRUCTURE,2,2,2,2,48,48,1,2,0,0,0,0,789.692,0,0
25-Jul,MEXICO,SYSTEMS ENGINEERING,CORE CROSS SYSTEMS,365,ATMS & INFRASTRUCTURE,2,2,2,2,1,1,0,2,35,0,0,35,805.101,0,0
25-Aug,MEXICO,SYSTEMS ENGINEERING,CORE CROSS SYSTEMS,365,ATMS & INFRASTRUCTURE,2,2,2,2,2,2,0,2,35,0,0,35,804.069,0,0
25-Sep,MEXICO,SYSTEMS ENGINEERING,CORE CROSS SYSTEMS,365,ATMS & INFRASTRUCTURE,2,2,2,2,2,2,0,2,35,0,0,35,804.162,0,0
25-Mar,PERU,SYSTEMS,CORE CLIENTS,376,PEOPLE,7,7,7,7,7,7,2,4,1,0,0,1,940.642,0,0
25-Apr,PERU,SYSTEMS,CORE CLIENTS,376,PEOPLE,7,7,7,7,0,0,2.5,4,1,0,0,1,765.171,0,0
25-May,PERU,SYSTEMS,CORE CLIENTS,376,PEOPLE,7,7,7,7,0,0,3,4,0,0,0,0,762.775,0,0
25-Jun,PERU,SYSTEMS,CORE CLIENTS,376,PEOPLE,7,7,7,7,6,6,3,4,0,0,0,0,764.873,0,0
25-Jul,PERU,SYSTEMS,CORE CLIENTS,376,PEOPLE,7,7,7,7,0,0,3.5,5,0,0,0,0,765.696,0,0
25-Aug,PERU,SYSTEMS,CORE CLIENTS,376,PEOPLE,7,7,7,7,5,5,4.5,5,0,0,0,0,765.988,0,0
25-Sep,PERU,SYSTEMS,CORE CLIENTS,376,PEOPLE,7,7,7,7,9,10,4.5,5,0,0,0,0,766.001,0,0
25-Mar,PERU,SYSTEMS,CORE CLIENTS,377,ACCOUNTS & DEPOSITS,5,5,6,6,40,40,1,3,0,0,0,0,2.036.252,0,0
25-Apr,PERU,SYSTEMS,CORE CLIENTS,377,ACCOUNTS & DEPOSITS,5,5,6,6,0,0,2,3,91,0,0,91,1.216.003,0,0
25-May,PERU,SYSTEMS,CORE CLIENTS,377,ACCOUNTS & DEPOSITS,6,6,6,6,18,18,1,3,91,0,0,91,1.217.682,0,0
25-Jun,PERU,SYSTEMS,CORE CLIENTS,377,ACCOUNTS & DEPOSITS,6,6,6,6,33,35,1.5,3,92,0,0,92,1.246.281,0,0
25-Jul,PERU,SYSTEMS,CORE CLIENTS,377,ACCOUNTS & DEPOSITS,6,6,6,6,2,2,1,3,112,0,0,112,1.247.244,0,0
25-Aug,PERU,SYSTEMS,CORE CLIENTS,377,ACCOUNTS & DEPOSITS,6,6,6,6,12,13,2.5,3,33,0,0,33,1.181.143,0,0
25-Sep,PERU,SYSTEMS,CORE CLIENTS,377,ACCOUNTS & DEPOSITS,6,6,6,6,14,15,2.5,3,33,0,0,33,1.180.946,0,0
25-Mar,PERU,SYSTEMS,FINANCE,378,ACCOUNTING,7,7,5,7,35,35,5.5,7,114,0,0,114,578.904,0,0
25-Apr,PERU,SYSTEMS,FINANCE,378,ACCOUNTING,7,7,5,7,2,2,4.5,7,168,0,0,168,575.147,0,0
25-May,PERU,SYSTEMS,FINANCE,378,ACCOUNTING,7,7,7,7,21,21,5,7,154,0,0,154,588.384,0,0
25-Jun,PERU,SYSTEMS,FINANCE,378,ACCOUNTING,7,7,7,7,49,49,4.5,7,54,0,0,54,592.734,0,0
25-Jul,PERU,SYSTEMS,FINANCE,378,ACCOUNTING,8,8,8,8,2,2,5.5,7,57,0,0,57,604.476,0,0
25-Aug,PERU,SYSTEMS,FINANCE,378,ACCOUNTING,8,8,8,8,26,26,4.5,7,47,0,0,47,620.717,0,0
25-Sep,PERU,SYSTEMS,FINANCE,378,ACCOUNTING,8,8,8,8,34,34,4.5,7,16,0,0,16,624.134,0,0
25-Mar,ARGENTINA,SYSTEMS ENGINEERING,CANALES EMPRESAS,379,AR02 ENTERPRISE WEB CORE,2,1,2,2,0,0,0,0,0,0,0,0,0,0,0
25-Apr,ARGENTINA,SYSTEMS ENGINEERING,CANALES EMPRESAS,379,AR02 ENTERPRISE WEB CORE,2,1,2,2,0,0,0,0,0,0,0,0,0,0,0
25-May,ARGENTINA,SYSTEMS ENGINEERING,CANALES EMPRESAS,379,AR02 ENTERPRISE WEB CORE,2,1,2,2,0,0,0,0,0,0,0,0,0,0,0
25-Jun,ARGENTINA,SYSTEMS ENGINEERING,CANALES EMPRESAS,379,AR02 ENTERPRISE WEB CORE,2,2,2,2,0,0,0,0,0,0,0,0,0,0,0
25-Jul,ARGENTINA,SYSTEMS ENGINEERING,CANALES EMPRESAS,379,AR02 ENTERPRISE WEB CORE,2,2,2,2,0,0,0,0,0,0,0,0,0,0,0
25-Aug,ARGENTINA,SYSTEMS ENGINEERING,CANALES EMPRESAS,379,AR02 ENTERPRISE WEB CORE,2,2,2,2,0,0,0,0,0,0,0,0,0,0,0
25-Sep,ARGENTINA,SYSTEMS ENGINEERING,CANALES EMPRESAS,379,AR02 ENTERPRISE WEB CORE,2,2,2,2,0,0,0,0,0,0,0,0,0,0,0
25-Mar,ARGENTINA,SYSTEMS ENGINEERING,SWF CASH,380,PA01 INTERBANK PAYMENTS / PAGOS INTERBANKING,3,3,1,3,0,0,2,2,0,0,0,0,17,0,0
25-Mar,ARGENTINA,SYSTEMS ENGINEERING,CANALES EMPRESAS,381,EB02 ENTERPRISE MOBILE / MOVILES EMPRESAS,1,1,0,1,0,0,0,0,0,0,0,0,360.221,0,0
25-Apr,ARGENTINA,SYSTEMS ENGINEERING,CANALES EMPRESAS,381,EB02 ENTERPRISE MOBILE / MOVILES EMPRESAS,1,1,0,1,0,0,0,0,0,0,0,0,360.221,0,0
25-May,ARGENTINA,SYSTEMS ENGINEERING,CANALES EMPRESAS,381,EB02 ENTERPRISE MOBILE / MOVILES EMPRESAS,1,1,0,1,0,0,0,0,0,0,0,0,360.221,0,0
25-Jun,ARGENTINA,SYSTEMS ENGINEERING,CANALES EMPRESAS,381,EB02 ENTERPRISE MOBILE / MOVILES EMPRESAS,1,1,0,1,0,0,0,0,17,0,0,17,360.221,0,0
25-Jul,ARGENTINA,SYSTEMS ENGINEERING,CANALES EMPRESAS,381,EB02 ENTERPRISE MOBILE / MOVILES EMPRESAS,1,1,0,1,0,0,0,0,17,0,0,17,360.221,0,0
25-Aug,ARGENTINA,SYSTEMS ENGINEERING,CANALES EMPRESAS,381,EB02 ENTERPRISE MOBILE / MOVILES EMPRESAS,1,1,0,1,0,0,0,0,17,0,0,17,360.221,0,0
25-Sep,ARGENTINA,SYSTEMS ENGINEERING,CANALES EMPRESAS,381,EB02 ENTERPRISE MOBILE / MOVILES EMPRESAS,1,1,0,1,0,0,0,0,17,0,0,17,360.221,0,0
25-Mar,ARGENTINA,SYSTEMS ENGINEERING,CANALES EMPRESAS,382,EB01 ENTERPRISE WEB / WEB EMPRESAS,4,4,1,4,9,9,0,1,6,0,0,6,1.387.016,0,0
25-Apr,ARGENTINA,SYSTEMS ENGINEERING,CANALES EMPRESAS,382,EB01 ENTERPRISE WEB / WEB EMPRESAS,4,4,1,4,4,4,0,2,7,0,0,7,1.228.295,0,0
25-May,ARGENTINA,SYSTEMS ENGINEERING,CANALES EMPRESAS,382,EB01 ENTERPRISE WEB / WEB EMPRESAS,4,4,1,4,3,3,0,1,7,0,0,7,1.228.953,0,0
25-Jun,ARGENTINA,SYSTEMS ENGINEERING,CANALES EMPRESAS,382,EB01 ENTERPRISE WEB / WEB EMPRESAS,4,4,1,4,17,17,0,1,6,0,0,6,1.238.756,0,0
25-Jul,ARGENTINA,SYSTEMS ENGINEERING,CANALES EMPRESAS,382,EB01 ENTERPRISE WEB / WEB EMPRESAS,4,4,1,4,0,0,0,2,0,0,0,0,1.240.266,0,0
25-Aug,ARGENTINA,SYSTEMS ENGINEERING,CANALES EMPRESAS,382,EB01 ENTERPRISE WEB / WEB EMPRESAS,4,4,1,4,0,0,0,1,0,0,0,0,1.244.499,0,0
25-Sep,ARGENTINA,SYSTEMS ENGINEERING,CANALES EMPRESAS,382,EB01 ENTERPRISE WEB / WEB EMPRESAS,4,4,1,4,0,0,0,1,0,0,0,0,1.244.499,0,0
25-May,CIB,SW DELIVERY,ACCOUNTING & CORE BANKING,383,ACCOUNTING,4,4,3,4,11,13,1,3,1,0,0,1,1.821.712,0,0
25-Jun,CIB,SW DELIVERY,ACCOUNTING & CORE BANKING,383,ACCOUNTING,4,4,4,4,12,15,1,3,1,0,0,1,2.216.731,0,0
25-Jul,CIB,SW DELIVERY,ACCOUNTING & CORE BANKING,383,ACCOUNTING,4,4,4,4,7,7,1,2,0,0,0,0,1.134.484,0,0
25-Aug,CIB,SW DELIVERY,ACCOUNTING & CORE BANKING,383,ACCOUNTING,4,4,4,4,8,8,1,2,0,0,0,0,868.803,0,0
25-Sep,CIB,SW DELIVERY,ACCOUNTING & CORE BANKING,383,ACCOUNTING,4,4,4,4,8,8,1,2,0,0,0,0,868.803,0,0
25-Mar,COMMERCIAL CLIENT SOLUTIONS,ENTERPRISE,ENTERPRISE - CANALES,386,PLATAFORMA SENDA,0,0,3,4,26,26,4,4,0,0,0,0,30.601,0,0
25-Apr,COMMERCIAL CLIENT SOLUTIONS,CHANNELS & PROCESSES,DIGITAL CHANNELS,387,PLATAFORMA SENDA,0,0,0,1,0,0,1,1,0,0,0,0,28.235,0,0
25-Mar,COMMERCIAL CLIENT SOLUTIONS,CHANNELS & PROCESSES,DIGITAL CHANNELS,388,PLATAFORMA SENDA,0,0,2,2,46,46,0,1,2,0,0,2,2.918.460,0,0
25-Apr,COMMERCIAL CLIENT SOLUTIONS,CHANNELS & PROCESSES,DIGITAL CHANNELS,388,PLATAFORMA SENDA,0,0,4,4,0,0,3,4,2,0,0,2,2.983.811,0,0
25-May,COMMERCIAL CLIENT SOLUTIONS,CHANNELS & PROCESSES,DIGITAL CHANNELS,388,PLATAFORMA SENDA,0,0,4,5,17,17,4,5,2,0,0,2,3.040.035,0,0
25-Jun,COMMERCIAL CLIENT SOLUTIONS,CHANNELS & PROCESSES,DIGITAL CHANNELS,388,PLATAFORMA SENDA,0,0,5,5,47,47,4,5,2,0,0,2,3.108.508,0,0
25-Jul,COMMERCIAL CLIENT SOLUTIONS,CHANNELS & PROCESSES,DIGITAL CHANNELS,388,PLATAFORMA SENDA,0,0,5,5,0,0,4,5,3,0,0,3,2.712.626,0,0
25-Aug,COMMERCIAL CLIENT SOLUTIONS,CHANNELS & PROCESSES,DIGITAL CHANNELS,388,PLATAFORMA SENDA,0,0,5,5,0,0,4,5,3,0,0,3,2.749.993,0,0
25-Sep,COMMERCIAL CLIENT SOLUTIONS,CHANNELS & PROCESSES,DIGITAL CHANNELS,388,PLATAFORMA SENDA,0,0,5,5,0,0,4,5,3,0,0,3,2.760.245,0,0
25-Mar,COMMERCIAL CLIENT SOLUTIONS,CHANNELS & PROCESSES,DIGITAL CHANNELS,389,PLATAFORMA GEMA,0,0,1,1,27,27,1,1,0,0,0,0,1.393.533,0,0
25-Apr,COMMERCIAL CLIENT SOLUTIONS,CHANNELS & PROCESSES,DIGITAL CHANNELS,389,PLATAFORMA GEMA,0,0,1,1,0,0,1,1,0,0,0,0,1.420.135,0,0
25-May,COMMERCIAL CLIENT SOLUTIONS,CHANNELS & PROCESSES,DIGITAL CHANNELS,389,PLATAFORMA GEMA,0,0,1,1,15,15,1,1,0,0,0,0,1.415.831,0,0
25-Jun,COMMERCIAL CLIENT SOLUTIONS,CHANNELS & PROCESSES,DIGITAL CHANNELS,389,PLATAFORMA GEMA,0,0,1,1,45,45,1,1,0,0,0,0,1.418.986,0,0
25-Jul,COMMERCIAL CLIENT SOLUTIONS,CHANNELS & PROCESSES,DIGITAL CHANNELS,389,PLATAFORMA GEMA,0,0,1,1,0,0,1,1,0,0,0,0,945.7,0,0
25-Aug,COMMERCIAL CLIENT SOLUTIONS,CHANNELS & PROCESSES,DIGITAL CHANNELS,389,PLATAFORMA GEMA,0,0,1,1,0,0,1,1,0,0,0,0,956.227,0,0
25-Sep,COMMERCIAL CLIENT SOLUTIONS,CHANNELS & PROCESSES,DIGITAL CHANNELS,389,PLATAFORMA GEMA,0,0,1,1,0,0,1,1,0,0,0,0,905.478,0,0
25-Mar,COMMERCIAL CLIENT SOLUTIONS,CHANNELS & PROCESSES,EMBEDDED FINANCE,390,PLATAFORMA API CHANNEL,0,0,1,1,16,16,0,1,0,0,0,0,251.144,0,0
25-Apr,COMMERCIAL CLIENT SOLUTIONS,CHANNELS & PROCESSES,EMBEDDED FINANCE,390,PLATAFORMA API CHANNEL,1,0,1,2,0,0,0,1,0,0,0,0,251.605,0,0
25-May,COMMERCIAL CLIENT SOLUTIONS,CHANNELS & PROCESSES,EMBEDDED FINANCE,390,PLATAFORMA API CHANNEL,0,0,1,1,9,9,0,1,0,0,0,0,251.392,0,0
25-Jun,COMMERCIAL CLIENT SOLUTIONS,CHANNELS & PROCESSES,EMBEDDED FINANCE,390,PLATAFORMA API CHANNEL,0,0,1,1,24,24,0,1,0,0,0,0,252.309,0,0
25-Jul,COMMERCIAL CLIENT SOLUTIONS,CHANNELS & PROCESSES,EMBEDDED FINANCE,390,PLATAFORMA API CHANNEL,1,1,2,2,0,0,0.5,1,0,0,0,0,250.968,0,0
25-Aug,COMMERCIAL CLIENT SOLUTIONS,CHANNELS & PROCESSES,EMBEDDED FINANCE,390,PLATAFORMA API CHANNEL,1,1,2,2,0,0,0.5,1,0,0,0,0,258.657,0,0
25-Sep,COMMERCIAL CLIENT SOLUTIONS,CHANNELS & PROCESSES,EMBEDDED FINANCE,390,PLATAFORMA API CHANNEL,1,1,2,2,0,0,0.5,1,0,0,0,0,259.219,0,0
25-Mar,COMMERCIAL CLIENT SOLUTIONS,SUSTAINABILITY RELATIONSHIP MODELS & SPARK,SUSTAINABILITY,391,PLATAFORMA SENDA,0,0,1,1,9,9,1,1,0,0,0,0,94.275,0,0
25-Apr,COMMERCIAL CLIENT SOLUTIONS,SUSTAINABILITY RELATIONSHIP MODELS & SPARK,SUSTAINABILITY,391,PLATAFORMA SENDA,0,0,1,1,0,0,1,1,0,0,0,0,85.83,0,0
25-May,COMMERCIAL CLIENT SOLUTIONS,SUSTAINABILITY RELATIONSHIP MODELS & SPARK,SUSTAINABILITY,391,PLATAFORMA SENDA,0,0,1,1,0,0,1,1,0,0,0,0,86.745,0,0
25-Mar,ESPANA,DATA ENGINEERING,DATA HUB,392,TERADATA SYSTEMS,1,1,1,1,45,45,0,1,183,0,0,183,1.296.033,0,0
25-Apr,ESPANA,DATA ENGINEERING,DATA HUB,392,TERADATA SYSTEMS,1,1,1,1,5,5,0.5,1,183,0,0,183,1.298.840,0,0
25-May,ESPANA,DATA ENGINEERING,DATA HUB,392,TERADATA SYSTEMS,1,1,1,1,5,5,0,1,183,0,0,183,1.311.836,0,0
25-Jun,ESPANA,DATA ENGINEERING,DATA HUB,392,TERADATA SYSTEMS,1,1,1,1,16,16,0,1,123,0,0,123,1.228.403,0,0
25-Jul,ESPANA,DATA ENGINEERING,DATA HUB,392,TERADATA SYSTEMS,1,1,1,1,3,3,0,1,123,0,0,123,1.238.041,0,0
25-Aug,ESPANA,DATA ENGINEERING,DATA HUB,392,TERADATA SYSTEMS,1,1,1,1,5,6,0,1,123,0,0,123,2.501.580,0,0
25-Sep,ESPANA,DATA ENGINEERING,DATA HUB,392,TERADATA SYSTEMS,1,1,1,1,5,6,0,1,123,0,0,123,2.504.302,0,0
25-Mar,PERU,SYSTEMS,RISK,393,COLLECTIONS,6,6,5,5,18,18,3,4,0,0,0,0,250.997,0,0
25-Apr,PERU,SYSTEMS,RISK,393,COLLECTIONS,6,6,5,5,4,4,4,5,0,0,0,0,217.934,0,0
25-May,PERU,SYSTEMS,RISK,393,COLLECTIONS,6,6,5,5,17,17,3,5,0,0,0,0,222.74,0,0
25-Jun,PERU,SYSTEMS,RISK,393,COLLECTIONS,6,6,5,5,32,34,3,5,0,0,0,0,223.95,0,0
25-Jul,PERU,SYSTEMS,RISK,393,COLLECTIONS,6,6,5,5,0,0,3.5,4,0,0,0,0,225.054,0,0
25-Aug,PERU,SYSTEMS,RISK,393,COLLECTIONS,6,5,5,5,14,14,3.5,5,0,0,0,0,224.837,0,0
25-Mar,COLOMBIA,SYSTEMS ENGINEERING,ENTERPRISE,395,ENTERPRISE WEB CHANNEL,7,5,7,7,36,41,4,6,324,0,0,324,5.321.657,0,0
25-Apr,COLOMBIA,SYSTEMS ENGINEERING,ENTERPRISE,395,ENTERPRISE WEB CHANNEL,7,5,7,7,8,8,2.5,6,324,0,0,324,5.330.932,0,0
25-May,COLOMBIA,SYSTEMS ENGINEERING,ENTERPRISE,395,ENTERPRISE WEB CHANNEL,7,5,7,7,21,23,2.5,6,324,0,0,324,5.390.424,0,0
25-Jun,COLOMBIA,SYSTEMS ENGINEERING,ENTERPRISE,395,ENTERPRISE WEB CHANNEL,7,6,7,7,27,30,4,6,324,0,0,324,5.392.787,0,0
25-Jul,COLOMBIA,SYSTEMS ENGINEERING,ENTERPRISE,395,ENTERPRISE WEB CHANNEL,6,6,6,6,10,11,3.5,5,281,0,0,281,5.470.946,0,0
25-Aug,COLOMBIA,SYSTEMS ENGINEERING,ENTERPRISE,395,ENTERPRISE WEB CHANNEL,6,5,6,6,25,26,3.5,5,281,0,0,281,5.478.063,0,0
25-Sep,COLOMBIA,SYSTEMS ENGINEERING,ENTERPRISE,395,ENTERPRISE WEB CHANNEL,6,6,6,6,26,27,3.5,5,281,0,0,281,5.478.295,0,0
25-Mar,COLOMBIA,SYSTEMS ENGINEERING,ENTERPRISE,396,TRANSACCIONALIDAD,6,6,6,6,17,18,3,4,9,0,0,9,1.344.433,0,0
25-Apr,COLOMBIA,SYSTEMS ENGINEERING,ENTERPRISE,396,TRANSACCIONALIDAD,6,6,6,6,5,7,4,4,9,0,0,9,1.060.045,0,0
25-May,COLOMBIA,SYSTEMS ENGINEERING,ENTERPRISE,396,TRANSACCIONALIDAD,6,6,6,6,3,3,5,6,9,0,0,9,1.067.127,0,0
25-Jun,COLOMBIA,SYSTEMS ENGINEERING,ENTERPRISE,396,TRANSACCIONALIDAD,6,6,6,6,27,27,5,5,9,0,0,9,1.111.880,0,0
25-Jul,COLOMBIA,SYSTEMS ENGINEERING,ENTERPRISE,396,TRANSACCIONALIDAD,6,6,6,6,4,4,5,5,9,0,0,9,1.110.715,0,0
25-Aug,COLOMBIA,SYSTEMS ENGINEERING,ENTERPRISE,396,TRANSACCIONALIDAD,6,6,6,6,12,12,5,5,9,0,0,9,1.113.192,0,0
25-Sep,COLOMBIA,SYSTEMS ENGINEERING,ENTERPRISE,396,TRANSACCIONALIDAD,6,6,6,6,12,12,5,5,9,0,0,9,1.116.220,0,0
25-Mar,DATA ENGINEERING,DATA ENGINEERING,DATA HUB,400,CS INGESTAS,2,2,4,4,242,246,2,4,8,0,0,8,892.785,0,0
25-Apr,DATA ENGINEERING,DATA ENGINEERING,DATA HUB,400,CS INGESTAS,2,2,4,4,59,60,2.5,4,0,0,0,0,38.595,0,0
25-May,DATA ENGINEERING,DATA ENGINEERING,DATA HUB,400,CS INGESTAS,2,2,4,4,87,91,2,4,0,0,0,0,32.061,0,0
25-Jun,DATA ENGINEERING,DATA ENGINEERING,DATA HUB,400,CS INGESTAS,2,2,4,4,249,251,3,4,0,0,0,0,123.35,0,0
25-Jul,DATA ENGINEERING,DATA ENGINEERING,DATA HUB,400,CS INGESTAS,2,2,4,4,0,0,3.5,4,0,0,0,0,107.372,0,0
25-Aug,DATA ENGINEERING,DATA ENGINEERING,DATA HUB,400,CS INGESTAS,2,2,4,4,0,0,3.5,4,0,0,0,0,110.813,0,0
25-Sep,DATA ENGINEERING,DATA ENGINEERING,DATA HUB,400,CS INGESTAS,2,2,4,4,0,0,3.5,4,0,0,0,0,110.436,0,0
25-Mar,DATA ENGINEERING,DATA ENGINEERING,DATA HUB,401,HERRAMIENTAS DATA,6,6,6,6,63,71,4,6,515,0,0,515,4.957.281,0,0
25-Apr,DATA ENGINEERING,DATA ENGINEERING,DATA HUB,401,HERRAMIENTAS DATA,6,6,6,6,17,17,4,6,520,0,0,520,4.913.783,0,0
25-May,DATA ENGINEERING,DATA ENGINEERING,DATA HUB,401,HERRAMIENTAS DATA,7,7,6,7,36,38,5,7,432,0,0,432,3.880.660,0,0
25-Jun,DATA ENGINEERING,DATA ENGINEERING,DATA HUB,401,HERRAMIENTAS DATA,7,7,6,7,85,86,5,7,459,0,0,459,3.969.051,0,0
25-Jul,DATA ENGINEERING,DATA ENGINEERING,DATA HUB,401,HERRAMIENTAS DATA,7,7,6,7,0,0,5,7,264,0,0,264,3.949.486,0,0
25-Aug,DATA ENGINEERING,DATA ENGINEERING,DATA HUB,401,HERRAMIENTAS DATA,7,7,6,7,0,0,5,6,192,0,0,192,3.953.228,0,0
25-Sep,DATA ENGINEERING,DATA ENGINEERING,DATA HUB,401,HERRAMIENTAS DATA,7,7,6,7,0,0,5,6,47,0,0,47,3.710.884,0,0
25-Mar,DATA ENGINEERING,DATA ENGINEERING,DATA HUB,402,"T&C, CROSS Y ENGINEERING INGESTAS",1,1,1,1,92,105,0,1,0,0,0,0,784.378,0,0
25-Apr,DATA ENGINEERING,DATA ENGINEERING,DATA HUB,402,"T&C, CROSS Y ENGINEERING INGESTAS",1,1,1,1,21,21,0,1,0,0,0,0,39.71,0,0
25-May,DATA ENGINEERING,DATA ENGINEERING,DATA HUB,402,"T&C, CROSS Y ENGINEERING INGESTAS",1,1,1,1,23,23,0,1,0,0,0,0,35.329,0,0
25-Jun,DATA ENGINEERING,DATA ENGINEERING,DATA HUB,402,"T&C, CROSS Y ENGINEERING INGESTAS",1,1,1,1,76,78,0,1,0,0,0,0,470.666,0,0
25-Jul,DATA ENGINEERING,DATA ENGINEERING,DATA HUB,402,"T&C, CROSS Y ENGINEERING INGESTAS",1,1,1,1,0,0,0,1,0,0,0,0,470.344,0,0
25-Aug,DATA ENGINEERING,DATA ENGINEERING,DATA HUB,402,"T&C, CROSS Y ENGINEERING INGESTAS",1,1,1,1,0,0,0,1,0,0,0,0,467.976,0,0
25-Sep,DATA ENGINEERING,DATA ENGINEERING,DATA HUB,402,"T&C, CROSS Y ENGINEERING INGESTAS",1,1,1,1,0,0,0,1,0,0,0,0,467.976,0,0
25-Mar,DATA ENGINEERING,DATA ENGINEERING,DATA HUB,403,VISUAL CLIENT,1,1,1,1,0,0,0,1,0,0,0,0,136.724,0,0
25-Apr,DATA ENGINEERING,DATA ENGINEERING,DATA HUB,403,VISUAL CLIENT,1,1,1,1,0,0,0,1,0,0,0,0,135.612,0,0
25-May,DATA ENGINEERING,DATA ENGINEERING,DATA HUB,403,VISUAL CLIENT,1,1,1,1,0,0,0,0,0,0,0,0,135.612,0,0
25-Jun,DATA ENGINEERING,DATA ENGINEERING,DATA HUB,403,VISUAL CLIENT,1,1,1,1,0,0,0,1,0,0,0,0,135.612,0,0
25-Jul,DATA ENGINEERING,DATA ENGINEERING,DATA HUB,403,VISUAL CLIENT,1,1,1,1,0,0,0,0,0,0,0,0,135.612,0,0
25-Aug,DATA ENGINEERING,DATA ENGINEERING,DATA HUB,403,VISUAL CLIENT,1,1,1,1,0,0,0,0,0,0,0,0,135.612,0,0
25-Sep,DATA ENGINEERING,DATA ENGINEERING,DATA HUB,403,VISUAL CLIENT,1,1,1,1,0,0,0,0,0,0,0,0,135.612,0,0
25-Mar,DATA ENGINEERING,DATA ENGINEERING,DATA HUB,404,DE PLATAFORMA INFORMACIONAL HOLDING (HIS Y MAESTROS),1,1,1,1,5,5,0,0,0,0,0,0,112.683,0,0
25-Apr,DATA ENGINEERING,DATA ENGINEERING,DATA HUB,404,DE PLATAFORMA INFORMACIONAL HOLDING (HIS Y MAESTROS),1,1,1,1,3,3,0,0,0,0,0,0,112.683,0,0
25-May,DATA ENGINEERING,DATA ENGINEERING,DATA HUB,404,DE PLATAFORMA INFORMACIONAL HOLDING (HIS Y MAESTROS),1,1,1,1,0,0,0,0,0,0,0,0,112.683,0,0
25-Jun,DATA ENGINEERING,DATA ENGINEERING,DATA HUB,404,DE PLATAFORMA INFORMACIONAL HOLDING (HIS Y MAESTROS),1,1,1,1,3,3,0,0,0,0,0,0,113.017,0,0
25-Jul,DATA ENGINEERING,DATA ENGINEERING,DATA HUB,404,DE PLATAFORMA INFORMACIONAL HOLDING (HIS Y MAESTROS),1,1,1,1,0,0,0,0,0,0,0,0,113.017,0,0
25-Aug,DATA ENGINEERING,DATA ENGINEERING,DATA HUB,404,DE PLATAFORMA INFORMACIONAL HOLDING (HIS Y MAESTROS),1,1,1,1,0,0,0,0,0,0,0,0,113.017,0,0
25-Sep,DATA ENGINEERING,DATA ENGINEERING,DATA HUB,404,DE PLATAFORMA INFORMACIONAL HOLDING (HIS Y MAESTROS),1,1,1,1,0,0,0,0,0,0,0,0,113.017,0,0
25-Mar,DATA ENGINEERING,DATA ENGINEERING,DATA HUB,405,DATAHUB R&F,3,3,1,3,282,287,2,3,0,0,0,0,1.737.725,0,0
25-Apr,DATA ENGINEERING,DATA ENGINEERING,DATA HUB,405,DATAHUB R&F,3,3,1,3,105,108,2,3,0,0,0,0,123.469,0,0
25-May,DATA ENGINEERING,DATA ENGINEERING,DATA HUB,405,DATAHUB R&F,3,3,1,3,77,79,2,3,0,0,0,0,119.469,0,0
25-Jun,DATA ENGINEERING,DATA ENGINEERING,DATA HUB,405,DATAHUB R&F,3,3,1,3,271,276,2,3,0,0,0,0,264.943,0,0
25-Jul,DATA ENGINEERING,DATA ENGINEERING,DATA HUB,405,DATAHUB R&F,3,3,1,3,0,0,2,3,0,0,0,0,259.628,0,0
25-Aug,DATA ENGINEERING,DATA ENGINEERING,DATA HUB,405,DATAHUB R&F,3,2,1,3,0,0,2,3,0,0,0,0,262.317,0,0
25-Sep,DATA ENGINEERING,DATA ENGINEERING,DATA HUB,405,DATAHUB R&F,3,2,1,3,0,0,2,3,0,0,0,0,256.632,0,0
25-Mar,DATA ENGINEERING,DATA ENGINEERING,DATA HUB,406,GDH ALPHA,1,1,1,1,37,39,0,1,0,0,0,0,1.228.496,0,0
25-Apr,DATA ENGINEERING,DATA ENGINEERING,DATA HUB,406,GDH ALPHA,1,1,1,1,15,15,0,1,0,0,0,0,752.889,0,0
25-May,DATA ENGINEERING,DATA ENGINEERING,DATA HUB,406,GDH ALPHA,1,1,1,1,13,15,0,1,0,0,0,0,758.855,0,0
25-Jun,DATA ENGINEERING,DATA ENGINEERING,DATA HUB,406,GDH ALPHA,1,1,1,1,46,49,0,1,0,0,0,0,952.528,0,0
25-Jul,DATA ENGINEERING,DATA ENGINEERING,DATA HUB,406,GDH ALPHA,1,1,1,1,0,0,0,1,0,0,0,0,871.458,0,0
25-Aug,DATA ENGINEERING,DATA ENGINEERING,DATA HUB,406,GDH ALPHA,1,1,1,1,0,0,0,1,0,0,0,0,871.285,0,0
25-Sep,DATA ENGINEERING,DATA ENGINEERING,DATA HUB,406,GDH ALPHA,1,1,1,1,0,0,0,1,0,0,0,0,870.898,0,0
25-Mar,ARGENTINA,SYSTEMS ENGINEERING,MEDIOS DE PAGO,409,AR06 COBRANZAS EMISION TC,4,4,0,4,4,4,2,4,0,0,0,0,0,0,0
25-Apr,ARGENTINA,SYSTEMS ENGINEERING,MEDIOS DE PAGO,409,AR06 COBRANZAS EMISION TC,4,4,0,4,2,2,3,4,0,0,0,0,0,0,0
25-May,ARGENTINA,SYSTEMS ENGINEERING,MEDIOS DE PAGO,409,AR06 COBRANZAS EMISION TC,4,0,0,4,1,1,3,4,0,0,0,0,0,0,0
25-Jun,ARGENTINA,SYSTEMS ENGINEERING,MEDIOS DE PAGO,409,AR06 COBRANZAS EMISION TC,4,4,4,4,5,5,3,4,0,0,0,0,0,0,0
25-Jul,ARGENTINA,SYSTEMS ENGINEERING,MEDIOS DE PAGO,409,AR06 COBRANZAS EMISION TC,4,4,4,4,0,0,3,3,0,0,0,0,0,0,0
25-Aug,ARGENTINA,SYSTEMS ENGINEERING,MEDIOS DE PAGO,409,AR06 COBRANZAS EMISION TC,4,4,4,4,6,6,4,4,0,0,0,0,0,0,0
25-Sep,ARGENTINA,SYSTEMS ENGINEERING,MEDIOS DE PAGO,409,AR06 COBRANZAS EMISION TC,4,4,4,4,6,6,4,4,0,0,0,0,0,0,0
25-Mar,ARGENTINA,SYSTEMS ENGINEERING,MEDIOS DE PAGO,410,AR11 ABM,4,3,2,4,7,7,2,2,0,0,0,0,19.435,0,0
25-Apr,ARGENTINA,SYSTEMS ENGINEERING,MEDIOS DE PAGO,410,AR11 ABM,2,2,1,2,4,4,1,1,0,0,0,0,12.03,0,0
25-May,ARGENTINA,SYSTEMS ENGINEERING,MEDIOS DE PAGO,410,AR11 ABM,2,2,1,2,10,10,1,1,0,0,0,0,12.039,0,0
25-Jun,ARGENTINA,SYSTEMS ENGINEERING,MEDIOS DE PAGO,410,AR11 ABM,2,2,1,2,18,18,1,1,0,0,0,0,12.067,0,0
25-Jul,ARGENTINA,SYSTEMS ENGINEERING,MEDIOS DE PAGO,410,AR11 ABM,2,2,1,2,0,0,1,1,0,0,0,0,12.056,0,0
25-Aug,ARGENTINA,SYSTEMS ENGINEERING,MEDIOS DE PAGO,410,AR11 ABM,2,2,2,2,1,1,1,1,0,0,0,0,12.056,0,0
25-Sep,ARGENTINA,SYSTEMS ENGINEERING,MEDIOS DE PAGO,410,AR11 ABM,2,2,2,2,1,1,1,1,0,0,0,0,12.056,0,0
25-Mar,ARGENTINA,SYSTEMS ENGINEERING,WALLET & DIGITAL CHANNELS,411,AR09 BENEFICIOS,3,3,0,3,1,1,0.5,3,2,0,0,2,1.284.407,0,0
25-Apr,ARGENTINA,SYSTEMS ENGINEERING,WALLET & DIGITAL CHANNELS,411,AR09 BENEFICIOS,3,3,0,3,0,0,0.5,2,2,0,0,2,1.269.096,0,0
25-May,ARGENTINA,SYSTEMS ENGINEERING,WALLET & DIGITAL CHANNELS,411,AR09 BENEFICIOS,3,3,0,3,0,0,0,2,2,0,0,2,1.269.096,0,0
25-Jun,ARGENTINA,SYSTEMS ENGINEERING,WALLET & DIGITAL CHANNELS,411,AR09 BENEFICIOS,3,3,0,3,0,0,1.5,3,2,0,0,2,1.265.986,0,0
25-Jul,ARGENTINA,SYSTEMS ENGINEERING,WALLET & DIGITAL CHANNELS,411,AR09 BENEFICIOS,3,3,0,3,0,0,0,3,2,0,0,2,1.261.333,0,0
25-Aug,ARGENTINA,SYSTEMS ENGINEERING,WALLET & DIGITAL CHANNELS,411,AR09 BENEFICIOS,3,3,0,3,0,0,0,2,2,0,0,2,1.262.655,0,0
25-Sep,ARGENTINA,SYSTEMS ENGINEERING,WALLET & DIGITAL CHANNELS,411,AR09 BENEFICIOS,3,3,0,3,0,0,0,2,2,0,0,2,1.262.655,0,0
25-Mar,ARGENTINA,SYSTEMS ENGINEERING,MEDIOS DE PAGO,412,RB04 ATM /CAJEROS AUTOMATICOS,1,1,0,1,0,0,1,1,0,0,0,0,0,0,0
25-Apr,ARGENTINA,SYSTEMS ENGINEERING,MEDIOS DE PAGO,412,RB04 ATM /CAJEROS AUTOMATICOS,1,1,0,1,0,0,1,1,0,0,0,0,0,0,0
25-May,ARGENTINA,SYSTEMS ENGINEERING,MEDIOS DE PAGO,412,RB04 ATM /CAJEROS AUTOMATICOS,1,1,0,1,0,0,1,1,0,0,0,0,0,0,0
25-Jun,ARGENTINA,SYSTEMS ENGINEERING,MEDIOS DE PAGO,412,RB04 ATM /CAJEROS AUTOMATICOS,1,1,1,1,0,0,1,1,0,0,0,0,0,0,0
25-Jul,ARGENTINA,SYSTEMS ENGINEERING,MEDIOS DE PAGO,412,RB04 ATM /CAJEROS AUTOMATICOS,1,1,1,1,0,0,1,1,0,0,0,0,0,0,0
25-Aug,ARGENTINA,SYSTEMS ENGINEERING,MEDIOS DE PAGO,412,RB04 ATM /CAJEROS AUTOMATICOS,1,1,1,1,0,0,1,1,0,0,0,0,0,0,0
25-Sep,ARGENTINA,SYSTEMS ENGINEERING,MEDIOS DE PAGO,412,RB04 ATM /CAJEROS AUTOMATICOS,1,1,1,1,0,0,1,1,0,0,0,0,0,0,0
25-Mar,ARGENTINA,SYSTEMS ENGINEERING,MEDIOS DE PAGO,413,AR07 TARJETA DE DEBITO,1,1,1,1,2,2,1,1,0,0,0,0,0,0,0
25-Apr,ARGENTINA,SYSTEMS ENGINEERING,MEDIOS DE PAGO,413,AR07 TARJETA DE DEBITO,1,1,1,1,1,2,1,1,0,0,0,0,0,0,0
25-May,ARGENTINA,SYSTEMS ENGINEERING,MEDIOS DE PAGO,413,AR07 TARJETA DE DEBITO,1,1,1,1,2,2,1,1,0,0,0,0,0,0,0
25-Jun,ARGENTINA,SYSTEMS ENGINEERING,MEDIOS DE PAGO,413,AR07 TARJETA DE DEBITO,1,1,1,1,4,5,1,1,0,0,0,0,0,0,0
25-Jul,ARGENTINA,SYSTEMS ENGINEERING,MEDIOS DE PAGO,413,AR07 TARJETA DE DEBITO,1,1,1,1,0,0,1,1,0,0,0,0,0,0,0
25-Aug,ARGENTINA,SYSTEMS ENGINEERING,MEDIOS DE PAGO,413,AR07 TARJETA DE DEBITO,1,1,1,1,1,1,1,1,0,0,0,0,0,0,0
25-Sep,ARGENTINA,SYSTEMS ENGINEERING,MEDIOS DE PAGO,413,AR07 TARJETA DE DEBITO,1,1,1,1,2,2,1,1,0,0,0,0,0,0,0
25-Mar,ARGENTINA,SYSTEMS ENGINEERING,MEDIOS DE PAGO,414,AR12 CONTABILIDAD TC,3,3,1,3,5,5,2,3,0,0,0,0,0,0,0
25-Apr,ARGENTINA,SYSTEMS ENGINEERING,MEDIOS DE PAGO,414,AR12 CONTABILIDAD TC,3,3,1,3,1,1,3,3,0,0,0,0,0,0,0
25-May,ARGENTINA,SYSTEMS ENGINEERING,MEDIOS DE PAGO,414,AR12 CONTABILIDAD TC,3,3,1,3,4,4,3,3,0,0,0,0,0,0,0
25-Jun,ARGENTINA,SYSTEMS ENGINEERING,MEDIOS DE PAGO,414,AR12 CONTABILIDAD TC,3,3,1,3,9,9,3,3,0,0,0,0,0,0,0
25-Jul,ARGENTINA,SYSTEMS ENGINEERING,MEDIOS DE PAGO,414,AR12 CONTABILIDAD TC,3,3,1,3,3,3,3,3,0,0,0,0,0,0,0
25-Aug,ARGENTINA,SYSTEMS ENGINEERING,MEDIOS DE PAGO,414,AR12 CONTABILIDAD TC,3,3,1,3,6,6,3,3,0,0,0,0,0,0,0
25-Sep,ARGENTINA,SYSTEMS ENGINEERING,MEDIOS DE PAGO,414,AR12 CONTABILIDAD TC,3,3,1,3,6,6,3,3,0,0,0,0,0,0,0
25-Mar,ARGENTINA,SYSTEMS ENGINEERING,WALLET & DIGITAL CHANNELS,415,AR04 MEDIOS ELECTRONICOS DE PAGOS - MOBILE,2,2,0,2,1,1,0.5,1,11,0,0,11,75.212,0,0
25-Apr,ARGENTINA,SYSTEMS ENGINEERING,WALLET & DIGITAL CHANNELS,415,AR04 MEDIOS ELECTRONICOS DE PAGOS - MOBILE,2,2,0,2,0,0,1,1,11,0,0,11,75.193,0,0
25-May,ARGENTINA,SYSTEMS ENGINEERING,WALLET & DIGITAL CHANNELS,415,AR04 MEDIOS ELECTRONICOS DE PAGOS - MOBILE,2,2,0,2,0,0,0,1,11,0,0,11,74.049,0,0
25-Jun,ARGENTINA,SYSTEMS ENGINEERING,WALLET & DIGITAL CHANNELS,415,AR04 MEDIOS ELECTRONICOS DE PAGOS - MOBILE,2,2,0,2,0,0,0.5,1,11,0,0,11,73.837,0,0
25-Jul,ARGENTINA,SYSTEMS ENGINEERING,WALLET & DIGITAL CHANNELS,415,AR04 MEDIOS ELECTRONICOS DE PAGOS - MOBILE,2,2,0,2,0,0,0,1,0,0,0,0,76.395,0,0
25-Aug,ARGENTINA,SYSTEMS ENGINEERING,WALLET & DIGITAL CHANNELS,415,AR04 MEDIOS ELECTRONICOS DE PAGOS - MOBILE,2,2,0,2,0,0,0,1,0,0,0,0,76.435,0,0
25-Sep,ARGENTINA,SYSTEMS ENGINEERING,WALLET & DIGITAL CHANNELS,415,AR04 MEDIOS ELECTRONICOS DE PAGOS - MOBILE,2,2,0,2,0,0,0,1,0,0,0,0,76.491,0,0
25-Mar,ARGENTINA,SYSTEMS ENGINEERING,ADQUIRENCIA,416,PA02 MERCHANTS-ACQUIRING / COMERCIOS-ADQUIRENCIA,4,4,4,4,4,4,2,4,4,0,0,4,217.933,0,0
25-Apr,ARGENTINA,SYSTEMS ENGINEERING,ADQUIRENCIA,416,PA02 MERCHANTS-ACQUIRING / COMERCIOS-ADQUIRENCIA,4,4,4,4,2,2,2,4,0,0,0,0,0,0,0
25-May,ARGENTINA,SYSTEMS ENGINEERING,ADQUIRENCIA,416,PA02 MERCHANTS-ACQUIRING / COMERCIOS-ADQUIRENCIA,4,4,4,4,5,5,3,4,0,0,0,0,0,0,0
25-Jun,ARGENTINA,SYSTEMS ENGINEERING,ADQUIRENCIA,416,PA02 MERCHANTS-ACQUIRING / COMERCIOS-ADQUIRENCIA,4,4,4,4,16,16,3,4,0,0,0,0,0,0,0
25-Jul,ARGENTINA,SYSTEMS ENGINEERING,ADQUIRENCIA,416,PA02 MERCHANTS-ACQUIRING / COMERCIOS-ADQUIRENCIA,4,4,4,4,0,0,3,4,0,0,0,0,0,0,0
25-Aug,ARGENTINA,SYSTEMS ENGINEERING,ADQUIRENCIA,416,PA02 MERCHANTS-ACQUIRING / COMERCIOS-ADQUIRENCIA,4,4,4,4,0,0,3,4,0,0,0,0,0,0,0
25-Sep,ARGENTINA,SYSTEMS ENGINEERING,ADQUIRENCIA,416,PA02 MERCHANTS-ACQUIRING / COMERCIOS-ADQUIRENCIA,4,4,4,4,0,0,3,4,0,0,0,0,0,0,0
25-Mar,ARGENTINA,SYSTEMS ENGINEERING,WALLET & DIGITAL CHANNELS,417,AR05 LOYALTY,2,2,2,2,4,4,0.5,1,2,0,0,2,101.94,0,0
25-Apr,ARGENTINA,SYSTEMS ENGINEERING,WALLET & DIGITAL CHANNELS,417,AR05 LOYALTY,2,2,2,2,0,0,0,1,2,0,0,2,101.625,0,0
25-May,ARGENTINA,SYSTEMS ENGINEERING,WALLET & DIGITAL CHANNELS,417,AR05 LOYALTY,2,2,2,2,0,0,0,1,2,0,0,2,101.625,0,0
25-Jun,ARGENTINA,SYSTEMS ENGINEERING,WALLET & DIGITAL CHANNELS,417,AR05 LOYALTY,2,2,2,2,1,1,0,1,0,0,0,0,103.077,0,0
25-Jul,ARGENTINA,SYSTEMS ENGINEERING,WALLET & DIGITAL CHANNELS,417,AR05 LOYALTY,2,2,2,2,0,0,0,1,0,0,0,0,103.151,0,0
25-Aug,ARGENTINA,SYSTEMS ENGINEERING,WALLET & DIGITAL CHANNELS,417,AR05 LOYALTY,2,2,2,2,0,0,0,1,0,0,0,0,103.151,0,0
25-Sep,ARGENTINA,SYSTEMS ENGINEERING,WALLET & DIGITAL CHANNELS,417,AR05 LOYALTY,2,2,2,2,0,0,0,1,0,0,0,0,103.151,0,0
25-Mar,ARGENTINA,SYSTEMS ENGINEERING,MEDIOS DE PAGO,418,AR10 IMPUESTOS TC,2,2,2,2,0,0,2,2,0,0,0,0,0,0,0
25-Apr,ARGENTINA,SYSTEMS ENGINEERING,MEDIOS DE PAGO,418,AR10 IMPUESTOS TC,2,2,2,2,1,1,2,2,0,0,0,0,0,0,0
25-May,ARGENTINA,SYSTEMS ENGINEERING,MEDIOS DE PAGO,418,AR10 IMPUESTOS TC,2,2,2,2,0,0,2,2,0,0,0,0,0,0,0
25-Jun,ARGENTINA,SYSTEMS ENGINEERING,MEDIOS DE PAGO,418,AR10 IMPUESTOS TC,2,2,2,2,3,3,2,2,0,0,0,0,0,0,0
25-Jul,ARGENTINA,SYSTEMS ENGINEERING,MEDIOS DE PAGO,418,AR10 IMPUESTOS TC,2,2,2,2,0,0,2,2,0,0,0,0,0,0,0
25-Aug,ARGENTINA,SYSTEMS ENGINEERING,MEDIOS DE PAGO,418,AR10 IMPUESTOS TC,2,2,2,2,0,0,2,2,0,0,0,0,0,0,0
25-Sep,ARGENTINA,SYSTEMS ENGINEERING,MEDIOS DE PAGO,418,AR10 IMPUESTOS TC,2,2,2,2,0,0,2,2,0,0,0,0,0,0,0
25-Mar,ESPANA,SYSTEMS ENGINEERING,CORE BANKING PRODUCTS,425,"VALORES, FONDOS INTERNACIONALES, DEPOSITARIA Y ACCIONISTAS",13,13,12,12,128,132,3.5,9,1140,0,0,1140,4.475.268,0,0
25-Apr,ESPANA,SYSTEMS ENGINEERING,CORE BANKING PRODUCTS,425,"VALORES, FONDOS INTERNACIONALES, DEPOSITARIA Y ACCIONISTAS",13,13,12,12,20,21,4.5,10,1140,0,0,1140,4.223.767,0,0
25-May,ESPANA,SYSTEMS ENGINEERING,CORE BANKING PRODUCTS,425,"VALORES, FONDOS INTERNACIONALES, DEPOSITARIA Y ACCIONISTAS",13,12,12,12,34,34,6,11,269,0,0,269,3.188.267,0,0
25-Jun,ESPANA,SYSTEMS ENGINEERING,CORE BANKING PRODUCTS,425,"VALORES, FONDOS INTERNACIONALES, DEPOSITARIA Y ACCIONISTAS",13,13,12,12,166,168,5.5,11,269,0,0,269,3.201.973,0,0
25-Jul,ESPANA,SYSTEMS ENGINEERING,CORE BANKING PRODUCTS,425,"VALORES, FONDOS INTERNACIONALES, DEPOSITARIA Y ACCIONISTAS",13,13,12,12,24,24,7.5,11,269,0,0,269,3.205.409,0,0
25-Aug,ESPANA,SYSTEMS ENGINEERING,CORE BANKING PRODUCTS,425,"VALORES, FONDOS INTERNACIONALES, DEPOSITARIA Y ACCIONISTAS",13,13,12,12,27,27,9,11,269,0,0,269,3.219.017,0,0
25-Sep,ESPANA,SYSTEMS ENGINEERING,CORE BANKING PRODUCTS,425,"VALORES, FONDOS INTERNACIONALES, DEPOSITARIA Y ACCIONISTAS",13,13,12,12,29,29,9,11,269,0,0,269,3.225.665,0,0
25-Mar,ESPANA,SYSTEMS ENGINEERING,PASIVO / PAYMENT SYSTEMS,426,MMPP,12,11,11,11,98,103,7.5,10,139,0,0,139,2.472.751,0,0
25-Apr,ESPANA,SYSTEMS ENGINEERING,PASIVO / PAYMENT SYSTEMS,426,MMPP,12,10,11,11,27,32,7,10,139,0,0,139,2.364.603,0,0
25-May,ESPANA,SYSTEMS ENGINEERING,PASIVO / PAYMENT SYSTEMS,426,MMPP,12,11,10,10,20,20,6.5,10,139,0,0,139,2.365.292,0,0
25-Jun,ESPANA,SYSTEMS ENGINEERING,PASIVO / PAYMENT SYSTEMS,426,MMPP,12,12,10,10,123,130,8,10,139,0,0,139,2.366.666,0,0
25-Jul,ESPANA,SYSTEMS ENGINEERING,PASIVO / PAYMENT SYSTEMS,426,MMPP,12,12,10,10,15,15,8,11,139,0,0,139,2.379.021,0,0
25-Aug,ESPANA,SYSTEMS ENGINEERING,PASIVO / PAYMENT SYSTEMS,426,MMPP,13,13,11,11,18,19,9.5,11,139,0,0,139,2.383.166,0,0
25-Sep,ESPANA,SYSTEMS ENGINEERING,PASIVO / PAYMENT SYSTEMS,426,MMPP,13,13,11,11,20,22,9.5,11,139,0,0,139,2.391.761,0,0
25-Mar,ESPANA,SYSTEMS ENGINEERING,PASIVO / PAYMENT SYSTEMS,427,PASIVO,10,10,10,10,53,60,7,8,0,0,0,0,654.66,0,0
25-Apr,ESPANA,SYSTEMS ENGINEERING,PASIVO / PAYMENT SYSTEMS,427,PASIVO,10,9,10,10,6,6,7,8,0,0,0,0,512.588,0,0
25-May,ESPANA,SYSTEMS ENGINEERING,PASIVO / PAYMENT SYSTEMS,427,PASIVO,10,10,10,10,5,6,7,8,0,0,0,0,518.906,0,0
25-Jun,ESPANA,SYSTEMS ENGINEERING,PASIVO / PAYMENT SYSTEMS,427,PASIVO,10,10,10,10,74,76,7.5,8,0,0,0,0,2.726.385,0,0
25-Jul,ESPANA,SYSTEMS ENGINEERING,PASIVO / PAYMENT SYSTEMS,427,PASIVO,10,10,10,10,15,16,7,8,0,0,0,0,2.751.835,0,0
25-Aug,ESPANA,SYSTEMS ENGINEERING,PASIVO / PAYMENT SYSTEMS,427,PASIVO,10,10,10,10,16,18,7.5,8,0,0,0,0,2.760.978,0,0
25-Sep,ESPANA,SYSTEMS ENGINEERING,PASIVO / PAYMENT SYSTEMS,427,PASIVO,10,10,10,10,16,18,7.5,8,0,0,0,0,2.762.056,0,0
25-Mar,ESPANA,SYSTEMS ENGINEERING,CORE BANKING PRODUCTS,428,VENTA DE CARTERAS,1,1,1,1,21,31,1,1,0,0,0,0,27.479,0,0
25-Apr,ESPANA,SYSTEMS ENGINEERING,CORE BANKING PRODUCTS,428,VENTA DE CARTERAS,1,1,1,1,3,3,1,1,0,0,0,0,237.153,0,0
25-May,ESPANA,SYSTEMS ENGINEERING,CORE BANKING PRODUCTS,428,VENTA DE CARTERAS,1,0,1,1,6,13,1,1,0,0,0,0,243.112,0,0
25-Jun,ESPANA,SYSTEMS ENGINEERING,CORE BANKING PRODUCTS,428,VENTA DE CARTERAS,1,1,1,1,40,52,1,1,0,0,0,0,244.118,0,0
25-Jul,ESPANA,SYSTEMS ENGINEERING,CORE BANKING PRODUCTS,428,VENTA DE CARTERAS,1,1,1,1,1,1,1,1,0,0,0,0,244.495,0,0
25-Aug,ESPANA,SYSTEMS ENGINEERING,CORE BANKING PRODUCTS,428,VENTA DE CARTERAS,1,1,1,1,2,3,1,1,0,0,0,0,245.891,0,0
25-Sep,ESPANA,SYSTEMS ENGINEERING,CORE BANKING PRODUCTS,428,VENTA DE CARTERAS,1,1,1,1,4,5,1,1,0,0,0,0,245.921,0,0
25-Mar,ESPANA,SYSTEMS ENGINEERING,PASIVO / PAYMENT SYSTEMS,429,SERVICIOS BANCARIOS (COBROS Y PAGOS),14,13,13,14,96,99,7,14,392,0,0,392,89.710.584,0,0
25-Apr,ESPANA,SYSTEMS ENGINEERING,PASIVO / PAYMENT SYSTEMS,429,SERVICIOS BANCARIOS (COBROS Y PAGOS),14,11,13,14,20,22,9,13,392,0,0,392,1.586.833,0,0
25-May,ESPANA,SYSTEMS ENGINEERING,PASIVO / PAYMENT SYSTEMS,429,SERVICIOS BANCARIOS (COBROS Y PAGOS),14,9,13,14,22,22,9.5,14,392,0,0,392,1.624.667,0,0
25-Jun,ESPANA,SYSTEMS ENGINEERING,PASIVO / PAYMENT SYSTEMS,429,SERVICIOS BANCARIOS (COBROS Y PAGOS),14,14,13,14,121,125,8,14,392,0,0,392,1.626.006,0,0
25-Jul,ESPANA,SYSTEMS ENGINEERING,PASIVO / PAYMENT SYSTEMS,429,SERVICIOS BANCARIOS (COBROS Y PAGOS),14,14,13,14,30,30,9,14,392,0,0,392,1.652.847,0,0
25-Aug,ESPANA,SYSTEMS ENGINEERING,PASIVO / PAYMENT SYSTEMS,429,SERVICIOS BANCARIOS (COBROS Y PAGOS),14,14,13,14,40,41,9.5,14,394,0,0,394,1.663.836,0,0
25-Sep,ESPANA,SYSTEMS ENGINEERING,PASIVO / PAYMENT SYSTEMS,429,SERVICIOS BANCARIOS (COBROS Y PAGOS),14,14,13,14,40,42,9.5,14,394,0,0,394,1.667.578,0,0
25-Mar,ESPANA,SYSTEMS ENGINEERING,CORE BANKING PRODUCTS,430,FINANCIACION,9,9,9,9,71,76,8,9,24,0,0,24,1.407.786,0,0
25-Apr,ESPANA,SYSTEMS ENGINEERING,CORE BANKING PRODUCTS,430,FINANCIACION,9,9,9,9,5,7,8,9,1,0,0,1,1.343.824,0,0
25-May,ESPANA,SYSTEMS ENGINEERING,CORE BANKING PRODUCTS,430,FINANCIACION,9,9,9,9,15,17,8,9,1,0,0,1,1.334.867,0,0
25-Jun,ESPANA,SYSTEMS ENGINEERING,CORE BANKING PRODUCTS,430,FINANCIACION,9,9,9,9,56,64,8,9,1,0,0,1,1.334.039,0,0
25-Jul,ESPANA,SYSTEMS ENGINEERING,CORE BANKING PRODUCTS,430,FINANCIACION,9,9,9,9,17,18,8,9,1,0,0,1,1.296.325,0,0
25-Aug,ESPANA,SYSTEMS ENGINEERING,CORE BANKING PRODUCTS,430,FINANCIACION,9,9,9,9,19,21,8,9,1,0,0,1,1.351.841,0,0
25-Sep,ESPANA,SYSTEMS ENGINEERING,CORE BANKING PRODUCTS,430,FINANCIACION,9,9,9,9,20,22,8,9,1,0,0,1,1.351.943,0,0
25-Mar,ESPANA,SYSTEMS ENGINEERING,ALPHA,431,ALPHA CORE PLATFORM,4,3,2,3,20,20,1,2,0,0,0,0,40.546,0,0
25-Apr,ESPANA,SYSTEMS ENGINEERING,ALPHA,431,ALPHA CORE PLATFORM,3,3,2,3,1,1,2.5,3,0,0,0,0,39.125,0,0
25-May,ESPANA,SYSTEMS ENGINEERING,ALPHA,431,ALPHA CORE PLATFORM,3,3,2,2,14,14,2,3,0,0,0,0,44.852,0,0
25-Jun,ESPANA,SYSTEMS ENGINEERING,ALPHA,431,ALPHA CORE PLATFORM,3,3,2,2,27,28,2,3,0,0,0,0,57.674,0,0
25-Jul,ESPANA,SYSTEMS ENGINEERING,ALPHA,431,ALPHA CORE PLATFORM,3,3,2,2,5,5,2,2,0,0,0,0,58.679,0,0
25-Aug,ESPANA,SYSTEMS ENGINEERING,ALPHA,431,ALPHA CORE PLATFORM,3,3,2,2,6,6,2,2,0,0,0,0,59.945,0,0
25-Sep,ESPANA,SYSTEMS ENGINEERING,ALPHA,431,ALPHA CORE PLATFORM,3,3,2,2,7,7,2,2,0,0,0,0,62.211,0,0
25-Mar,GSD,GSD,PAYMENT,432,PASIVO,0,0,1,1,10,10,0,1,0,0,0,0,10.263,0,0
25-Apr,GSD,GSD,PAYMENT,432,PASIVO,0,0,1,1,0,0,0.5,1,0,0,0,0,9.581,0,0
25-May,GSD,GSD,PAYMENT,432,PASIVO,0,0,1,1,2,2,1,1,0,0,0,0,9.636,0,0
25-Jun,GSD,GSD,PAYMENT,432,PASIVO,0,0,1,1,8,8,1,1,0,0,0,0,11.024,0,0
25-Jul,GSD,GSD,PAYMENT,432,PASIVO,0,0,1,1,0,0,1,1,0,0,0,0,10.539,0,0
25-Aug,GSD,GSD,PAYMENT,432,PASIVO,1,0,1,2,0,0,1,1,0,0,0,0,9.841,0,0
25-Sep,GSD,GSD,PAYMENT,432,PASIVO,1,0,1,2,0,0,1,1,0,0,0,0,10.128,0,0
25-Mar,ARGENTINA,SYSTEMS ENGINEERING,MERCADOS Y CUSTODIAS,433,CIB04 GLOBAL MARKET,4,4,4,4,18,18,0,1,0,0,0,0,38.375,0,0
25-Apr,ARGENTINA,SYSTEMS ENGINEERING,MERCADOS Y CUSTODIAS,433,CIB04 GLOBAL MARKET,5,4,4,5,6,6,1,1,0,0,0,0,14.798,0,0
25-May,ARGENTINA,SYSTEMS ENGINEERING,MERCADOS Y CUSTODIAS,433,CIB04 GLOBAL MARKET,8,4,4,8,25,25,2,2,0,0,0,0,14.798,0,0
25-Jun,ARGENTINA,SYSTEMS ENGINEERING,MERCADOS Y CUSTODIAS,433,CIB04 GLOBAL MARKET,6,4,4,6,58,58,2,3,0,0,0,0,14.8,0,0
25-Jul,ARGENTINA,SYSTEMS ENGINEERING,MERCADOS Y CUSTODIAS,433,CIB04 GLOBAL MARKET,4,4,4,4,7,7,2,2,0,0,0,0,14.8,0,0
25-Aug,ARGENTINA,SYSTEMS ENGINEERING,MERCADOS Y CUSTODIAS,433,CIB04 GLOBAL MARKET,4,4,4,4,11,11,1,2,0,0,0,0,14.797,0,0
25-Sep,ARGENTINA,SYSTEMS ENGINEERING,MERCADOS Y CUSTODIAS,433,CIB04 GLOBAL MARKET,4,4,4,4,11,11,1,2,0,0,0,0,14.797,0,0
25-Mar,GSD,GSD,PAYMENT,434,FINANCIACION,0,0,1,1,9,9,0,0,0,0,0,0,0,0,0
25-Mar,ARGENTINA,SYSTEMS ENGINEERING,COMEX,435,AR16 COMERCIO EXTERIOR,12,12,12,12,18,18,9,10,0,0,0,0,10.072,0,0
25-Apr,ARGENTINA,SYSTEMS ENGINEERING,COMEX,435,AR16 COMERCIO EXTERIOR,7,7,7,7,1,1,5,7,0,0,0,0,486.824,0,0
25-May,ARGENTINA,SYSTEMS ENGINEERING,COMEX,435,AR16 COMERCIO EXTERIOR,7,7,7,7,2,2,6,7,0,0,0,0,6.139,0,0
25-Jun,ARGENTINA,SYSTEMS ENGINEERING,COMEX,435,AR16 COMERCIO EXTERIOR,8,7,7,8,8,8,4,6,0,0,0,0,6.139,0,0
25-Jul,ARGENTINA,SYSTEMS ENGINEERING,COMEX,435,AR16 COMERCIO EXTERIOR,5,4,3,5,1,1,3,4,0,0,0,0,6.139,0,0
25-Aug,ARGENTINA,SYSTEMS ENGINEERING,COMEX,435,AR16 COMERCIO EXTERIOR,4,4,3,4,2,2,4,4,0,0,0,0,6.002,0,0
25-Sep,ARGENTINA,SYSTEMS ENGINEERING,COMEX,435,AR16 COMERCIO EXTERIOR,4,4,3,4,2,2,4,4,0,0,0,0,6.002,0,0
25-Mar,RETAIL CLIENT SOLUTIONS,RETAIL,RETAIL - PAYMENTS,439,GP2 - HORUS,1,1,1,1,0,0,0,0,0,0,0,0,4.827,0,0
25-Apr,RETAIL CLIENT SOLUTIONS,RETAIL,RETAIL - PAYMENTS,439,GP2 - HORUS,1,1,1,1,0,0,0,0,0,0,0,0,4.827,0,0
25-May,RETAIL CLIENT SOLUTIONS,RETAIL,RETAIL - PAYMENTS,439,GP2 - HORUS,1,1,1,1,0,0,0,0,0,0,0,0,4.827,0,0
25-Jun,RETAIL CLIENT SOLUTIONS,RETAIL,RETAIL - PAYMENTS,439,GP2 - HORUS,1,1,1,1,0,0,0,0,0,0,0,0,4.827,0,0
25-Jul,RETAIL CLIENT SOLUTIONS,RETAIL,RETAIL - PAYMENTS,439,GP2 - HORUS,1,1,1,1,0,0,0,0,0,0,0,0,4.827,0,0
25-Aug,RETAIL CLIENT SOLUTIONS,RETAIL,RETAIL - PAYMENTS,439,GP2 - HORUS,1,1,1,1,0,0,0,0,0,0,0,0,4.827,0,0
25-Mar,RETAIL CLIENT SOLUTIONS,RETAIL,RETAIL - PAYMENTS,440,GP2 - TOHU,2,1,2,2,6,6,0,1,0,0,0,0,29.887,0,0
25-Apr,RETAIL CLIENT SOLUTIONS,RETAIL,RETAIL - PAYMENTS,440,GP2 - TOHU,2,1,2,2,0,0,0,1,0,0,0,0,29.887,0,0
25-May,RETAIL CLIENT SOLUTIONS,RETAIL,RETAIL - PAYMENTS,440,GP2 - TOHU,2,1,2,2,0,0,0,2,0,0,0,0,32.961,0,0
25-Jun,RETAIL CLIENT SOLUTIONS,RETAIL,RETAIL - PAYMENTS,440,GP2 - TOHU,2,1,2,2,4,4,1.5,2,0,0,0,0,33.204,0,0
25-Jul,RETAIL CLIENT SOLUTIONS,RETAIL,RETAIL - PAYMENTS,440,GP2 - TOHU,2,1,2,2,0,0,1,1,0,0,0,0,33.204,0,0
25-Aug,RETAIL CLIENT SOLUTIONS,RETAIL,RETAIL - PAYMENTS,440,GP2 - TOHU,2,1,2,2,0,0,1,1,0,0,0,0,33.204,0,0
25-Mar,RETAIL CLIENT SOLUTIONS,RETAIL,RETAIL - PAYMENTS,441,GP2 - BCEA,1,1,1,1,0,0,0,0,0,0,0,0,0,0,0
25-Apr,RETAIL CLIENT SOLUTIONS,RETAIL,RETAIL - PAYMENTS,441,GP2 - BCEA,1,1,1,1,0,0,0,0,0,0,0,0,0,0,0
25-May,RETAIL CLIENT SOLUTIONS,RETAIL,RETAIL - PAYMENTS,441,GP2 - BCEA,1,1,1,1,0,0,0,0,0,0,0,0,0,0,0
25-Jun,RETAIL CLIENT SOLUTIONS,RETAIL,RETAIL - PAYMENTS,441,GP2 - BCEA,1,1,1,1,0,0,0,0,0,0,0,0,0,0,0
25-Jul,RETAIL CLIENT SOLUTIONS,RETAIL,RETAIL - PAYMENTS,441,GP2 - BCEA,1,1,1,1,0,0,0,0,0,0,0,0,0,0,0
25-Aug,RETAIL CLIENT SOLUTIONS,RETAIL,RETAIL - PAYMENTS,441,GP2 - BCEA,1,1,1,1,0,0,0,0,0,0,0,0,0,0,0
25-Mar,CIB,SW DELIVERY,REPOSITORIES AND SUPERVISORY FUNCTIONS,448,REGULATORY & ONBOARDING,25,18,14,23,56,68,12,17,312,0,0,312,10.805.976,0,0
25-Apr,CIB,SW DELIVERY,REPOSITORIES AND SUPERVISORY FUNCTIONS,448,REGULATORY & ONBOARDING,23,21,14,23,34,44,12,17,276,0,0,276,8.946.283,0,0
25-May,CIB,SW DELIVERY,REPOSITORIES AND SUPERVISORY FUNCTIONS,448,REGULATORY & ONBOARDING,1,1,1,1,0,0,0,0,0,0,0,0,0,0,0
25-Jun,CIB,SW DELIVERY,REPOSITORIES AND SUPERVISORY FUNCTIONS,448,REGULATORY & ONBOARDING,1,1,1,1,0,0,0,0,0,0,0,0,0,0,0
25-Jul,CIB,SW DELIVERY,REPOSITORIES AND SUPERVISORY FUNCTIONS,448,REGULATORY & ONBOARDING,1,1,1,1,0,0,0,0,0,0,0,0,0,0,0
25-Aug,CIB,SW DELIVERY,REPOSITORIES AND SUPERVISORY FUNCTIONS,448,REGULATORY & ONBOARDING,1,1,1,1,0,0,0,0,0,0,0,0,0,0,0
25-Sep,CIB,SW DELIVERY,REPOSITORIES AND SUPERVISORY FUNCTIONS,448,REGULATORY & ONBOARDING,1,0,1,1,0,0,0,0,0,0,0,0,0,0,0
25-Mar,CIB,CIB ENGINEERING,SW DELIVERY,449,"REF. DATA, TRADE & GLOBAL FINANCE",14,13,11,13,12,13,5,7,1434,0,0,1434,10.210.145,0,0
25-Apr,CIB,CIB ENGINEERING,SW DELIVERY,449,"REF. DATA, TRADE & GLOBAL FINANCE",13,11,11,13,8,8,6,7,773,0,0,773,4.377.417,0,0
25-Mar,CIB,CIB ENGINEERING,SW DELIVERY,450,EQUITIES,24,23,14,16,23,29,12,20,67,0,0,67,5.674.395,0,0
25-Apr,CIB,CIB ENGINEERING,SW DELIVERY,450,EQUITIES,23,22,16,16,20,28,10,19,75,0,0,75,5.549.456,0,0
25-Mar,CIB,CIB ENGINEERING,SW DELIVERY,451,ACCOUNTING & REDEXT,6,6,5,6,26,28,2,4,0,0,0,0,29.936,0,0
25-Apr,CIB,CIB ENGINEERING,SW DELIVERY,451,ACCOUNTING & REDEXT,6,6,5,6,24,27,1,4,1,0,0,1,813.495,0,0
25-Mar,CIB,CIB ENGINEERING,SW DELIVERY,452,FX,18,17,7,13,13,23,3,8,2,0,0,2,2.081.904,0,0
25-Apr,CIB,CIB ENGINEERING,SW DELIVERY,452,FX,18,16,7,13,14,21,3,8,2,0,0,2,2.081.072,0,0
25-Mar,CIB,CIB ENGINEERING,SW DELIVERY,453,FIXED INCOME,13,13,10,11,46,66,3,7,2,0,0,2,4.134.624,0,0
25-Apr,CIB,CIB ENGINEERING,SW DELIVERY,453,FIXED INCOME,13,13,10,11,21,30,4.5,8,1,0,0,1,3.302.194,0,0
25-Mar,COLOMBIA,SYSTEMS ENGINEERING,CIB & COMEX - FIDUCIARIA - VALORES,456,BACKOFFICE,5,4,5,5,6,6,0,0,0,0,0,0,2.927,0,0
25-Apr,COLOMBIA,SYSTEMS ENGINEERING,CIB & COMEX - FIDUCIARIA - VALORES,456,BACKOFFICE,5,5,5,5,0,0,0,0,0,0,0,0,757,0,0
25-May,COLOMBIA,SYSTEMS ENGINEERING,CIB & COMEX - FIDUCIARIA - VALORES,456,BACKOFFICE,5,5,5,5,3,3,0,1,0,0,0,0,793,0,0
25-Jun,COLOMBIA,SYSTEMS ENGINEERING,CIB & COMEX - FIDUCIARIA - VALORES,456,BACKOFFICE,7,5,5,7,9,9,1,2,0,0,0,0,813,0,0
25-Jul,COLOMBIA,SYSTEMS ENGINEERING,CIB & COMEX - FIDUCIARIA - VALORES,456,BACKOFFICE,5,5,5,5,0,0,0,1,0,0,0,0,813,0,0
25-Aug,COLOMBIA,SYSTEMS ENGINEERING,CIB & COMEX - FIDUCIARIA - VALORES,456,BACKOFFICE,5,5,5,5,8,8,1,1,0,0,0,0,814,0,0
25-Sep,COLOMBIA,SYSTEMS ENGINEERING,CIB & COMEX - FIDUCIARIA - VALORES,456,BACKOFFICE,5,5,5,5,8,8,1,1,0,0,0,0,814,0,0
25-Mar,COLOMBIA,SYSTEMS ENGINEERING,CIB & COMEX - FIDUCIARIA - VALORES,457,FIDUCIARIA,7,6,7,7,0,0,4.5,6,73,0,0,73,4.545.305,0,0
25-Apr,COLOMBIA,SYSTEMS ENGINEERING,CIB & COMEX - FIDUCIARIA - VALORES,457,FIDUCIARIA,7,6,7,7,0,1,5,6,73,0,0,73,4.582.854,0,0
25-May,COLOMBIA,SYSTEMS ENGINEERING,CIB & COMEX - FIDUCIARIA - VALORES,457,FIDUCIARIA,7,6,7,7,0,0,5.5,6,73,0,0,73,4.582.854,0,0
25-Jun,COLOMBIA,SYSTEMS ENGINEERING,CIB & COMEX - FIDUCIARIA - VALORES,457,FIDUCIARIA,6,6,6,6,0,0,4.5,6,73,0,0,73,4.559.129,0,0
25-Jul,COLOMBIA,SYSTEMS ENGINEERING,CIB & COMEX - FIDUCIARIA - VALORES,457,FIDUCIARIA,6,6,6,6,3,3,4.5,5,73,0,0,73,4.532.401,0,0
25-Aug,COLOMBIA,SYSTEMS ENGINEERING,CIB & COMEX - FIDUCIARIA - VALORES,457,FIDUCIARIA,6,6,6,6,4,5,4.5,6,73,0,0,73,4.517.379,0,0
25-Sep,COLOMBIA,SYSTEMS ENGINEERING,CIB & COMEX - FIDUCIARIA - VALORES,457,FIDUCIARIA,6,4,6,6,4,5,4.5,6,73,0,0,73,4.517.504,0,0
25-Mar,COLOMBIA,SYSTEMS ENGINEERING,CIB & COMEX - FIDUCIARIA - VALORES,458,GLOBAL MARKET & COMEX,17,17,17,17,26,30,6.5,10,9,0,0,9,799.489,0,0
25-Apr,COLOMBIA,SYSTEMS ENGINEERING,CIB & COMEX - FIDUCIARIA - VALORES,458,GLOBAL MARKET & COMEX,1,0,0,1,0,0,0,0,0,0,0,0,0,0,0
25-Apr,COLOMBIA,SYSTEMS ENGINEERING,CIB & COMEX - FIDUCIARIA - VALORES,458,GLOBAL MARKET & COMEX,19,17,17,19,10,10,7,9,9,0,0,9,783.807,0,0
25-May,COLOMBIA,SYSTEMS ENGINEERING,CIB & COMEX - FIDUCIARIA - VALORES,458,GLOBAL MARKET & COMEX,20,17,17,20,6,6,8.5,11,9,0,0,9,783.926,0,0
25-Jun,COLOMBIA,SYSTEMS ENGINEERING,CIB & COMEX - FIDUCIARIA - VALORES,458,GLOBAL MARKET & COMEX,16,15,15,16,24,25,8.5,10,43,0,0,43,784.047,0,0
25-Jul,COLOMBIA,SYSTEMS ENGINEERING,CIB & COMEX - FIDUCIARIA - VALORES,458,GLOBAL MARKET & COMEX,16,16,16,16,3,4,7,11,0,0,0,0,638.703,0,0
25-Aug,COLOMBIA,SYSTEMS ENGINEERING,CIB & COMEX - FIDUCIARIA - VALORES,458,GLOBAL MARKET & COMEX,16,16,16,16,12,13,9,11,0,0,0,0,639.762,0,0
25-Sep,COLOMBIA,SYSTEMS ENGINEERING,CIB & COMEX - FIDUCIARIA - VALORES,458,GLOBAL MARKET & COMEX,16,16,16,16,14,15,9,11,0,0,0,0,639.672,0,0
25-Mar,COLOMBIA,SYSTEMS ENGINEERING,CIB & COMEX - FIDUCIARIA - VALORES,459,VALORES,4,4,3,3,3,3,0,0,0,0,0,0,40.333,0,0
25-Apr,COLOMBIA,SYSTEMS ENGINEERING,CIB & COMEX - FIDUCIARIA - VALORES,459,VALORES,4,4,3,3,0,0,0,0,0,0,0,0,38.691,0,0
25-May,COLOMBIA,SYSTEMS ENGINEERING,CIB & COMEX - FIDUCIARIA - VALORES,459,VALORES,4,4,3,3,0,0,0.5,1,0,0,0,0,38.691,0,0
25-Jun,COLOMBIA,SYSTEMS ENGINEERING,CIB & COMEX - FIDUCIARIA - VALORES,459,VALORES,4,4,3,3,1,3,0,0,0,0,0,0,38.691,0,0
25-Jul,COLOMBIA,SYSTEMS ENGINEERING,CIB & COMEX - FIDUCIARIA - VALORES,459,VALORES,4,4,3,3,0,0,0,1,0,0,0,0,38.862,0,0
25-Aug,COLOMBIA,SYSTEMS ENGINEERING,CIB & COMEX - FIDUCIARIA - VALORES,459,VALORES,4,3,3,3,0,0,0.5,1,0,0,0,0,40.544,0,0
25-Sep,COLOMBIA,SYSTEMS ENGINEERING,CIB & COMEX - FIDUCIARIA - VALORES,459,VALORES,4,4,3,3,0,0,0.5,1,0,0,0,0,40.67,0,0
25-Mar,MEXICO,DATA TRANSFORMATION & ENGINEERING,DATAHUB EXTENDED,3560,OPERATIONAL ENTERPRISE,3,3,3,3,389,390,1,3,0,0,0,0,2.682.752,0,0
25-Apr,MEXICO,DATA TRANSFORMATION & ENGINEERING,DATAHUB EXTENDED,3560,OPERATIONAL ENTERPRISE,3,3,3,3,44,44,1,3,0,0,0,0,3.28,0,0
25-May,MEXICO,DATA TRANSFORMATION & ENGINEERING,DATAHUB EXTENDED,3560,OPERATIONAL ENTERPRISE,3,2,3,3,67,76,1.5,3,0,0,0,0,3.28,0,0
25-Jun,MEXICO,DATA TRANSFORMATION & ENGINEERING,DATAHUB EXTENDED,3560,OPERATIONAL ENTERPRISE,3,2,3,3,374,375,1,3,0,0,0,0,114.867,0,0
25-Jul,MEXICO,DATA TRANSFORMATION & ENGINEERING,DATAHUB EXTENDED,3560,OPERATIONAL ENTERPRISE,3,3,3,3,93,93,1,3,0,0,0,0,115.148,0,0
25-Aug,MEXICO,DATA TRANSFORMATION & ENGINEERING,DATAHUB EXTENDED,3560,OPERATIONAL ENTERPRISE,3,3,3,3,280,280,1,3,0,0,0,0,112.948,0,0
25-Sep,MEXICO,DATA TRANSFORMATION & ENGINEERING,DATAHUB EXTENDED,3560,OPERATIONAL ENTERPRISE,3,3,3,3,356,356,1,3,0,0,0,0,112.942,0,0
25-Mar,ARGENTINA,INGENIERIA & DATA,ALPHA ARCHITECTURE,3572,ALPHA,1,1,1,1,80,81,1,1,0,0,0,0,54.722,0,0
25-Apr,ARGENTINA,INGENIERIA & DATA,ALPHA ARCHITECTURE,3572,ALPHA,1,1,1,1,11,11,1,1,0,0,0,0,28.844,0,0
25-May,ARGENTINA,INGENIERIA & DATA,ALPHA ARCHITECTURE,3572,ALPHA,1,1,1,1,35,36,1,1,0,0,0,0,28.857,0,0
25-Jun,ARGENTINA,INGENIERIA & DATA,ALPHA ARCHITECTURE,3572,ALPHA,1,1,1,1,67,71,1,1,0,0,0,0,59.381,0,0
25-Jul,ARGENTINA,INGENIERIA & DATA,ALPHA ARCHITECTURE,3572,ALPHA,1,1,1,1,37,40,1,1,0,0,0,0,59.576,0,0
25-Aug,ARGENTINA,INGENIERIA & DATA,ALPHA ARCHITECTURE,3572,ALPHA,1,1,1,1,61,64,1,1,0,0,0,0,59.826,0,0
25-Sep,ARGENTINA,INGENIERIA & DATA,ALPHA ARCHITECTURE,3572,ALPHA,1,1,1,1,64,67,1,1,0,0,0,0,59.858,0,0
25-Mar,MEXICO,SYSTEMS ENGINEERING,RETAIL,3592,MOBILE RETAIL,1,1,1,1,121,130,0,1,6,0,0,6,4.813.416,0,0
25-Apr,MEXICO,SYSTEMS ENGINEERING,RETAIL,3592,MOBILE RETAIL,2,1,1,2,1,5,1,2,6,0,0,6,4.813.426,0,0
25-May,MEXICO,SYSTEMS ENGINEERING,RETAIL,3592,MOBILE RETAIL,2,1,1,2,1,1,1,2,6,0,0,6,4.813.526,0,0
25-Jun,MEXICO,SYSTEMS ENGINEERING,RETAIL,3592,MOBILE RETAIL,2,1,2,2,215,241,1,2,6,0,0,6,4.813.624,0,0
25-Jul,MEXICO,SYSTEMS ENGINEERING,RETAIL,3592,MOBILE RETAIL,2,1,2,2,10,11,1,1,8,0,0,8,4.813.827,0,0
25-Aug,MEXICO,SYSTEMS ENGINEERING,RETAIL,3592,MOBILE RETAIL,2,1,2,2,61,70,1,1,8,0,0,8,4.812.938,0,0
25-Sep,MEXICO,SYSTEMS ENGINEERING,RETAIL,3592,MOBILE RETAIL,2,1,2,2,68,77,1,1,8,0,0,8,4.812.938,0,0
25-Mar,MEXICO,SYSTEMS ENGINEERING,ENTERPRISE,3604,MOBILE ENTERPRISE,1,1,1,1,35,36,1,1,0,0,0,0,0,0,0
25-Apr,MEXICO,SYSTEMS ENGINEERING,ENTERPRISE,3604,MOBILE ENTERPRISE,1,1,1,1,4,4,1,1,0,0,0,0,0,0,0
25-May,MEXICO,SYSTEMS ENGINEERING,ENTERPRISE,3604,MOBILE ENTERPRISE,1,1,1,1,0,1,1,1,0,0,0,0,0,0,0
25-Jun,MEXICO,SYSTEMS ENGINEERING,ENTERPRISE,3604,MOBILE ENTERPRISE,1,1,1,1,46,50,1,1,0,0,0,0,0,0,0
25-Jul,MEXICO,SYSTEMS ENGINEERING,ENTERPRISE,3604,MOBILE ENTERPRISE,1,1,1,1,0,1,1,1,0,0,0,0,0,0,0
25-Aug,MEXICO,SYSTEMS ENGINEERING,ENTERPRISE,3604,MOBILE ENTERPRISE,1,1,1,1,1,2,1,1,0,0,0,0,0,0,0
25-Sep,MEXICO,SYSTEMS ENGINEERING,ENTERPRISE,3604,MOBILE ENTERPRISE,1,1,1,1,2,3,1,1,0,0,0,0,0,0,0
25-Mar,MEXICO,SYSTEMS ENGINEERING,CORPORATE FUNCTIONS,3613,LOCAL SERVICES,2,2,2,2,95,97,2,2,101,0,0,101,1.239.591,0,0
25-Apr,MEXICO,SYSTEMS ENGINEERING,CORPORATE FUNCTIONS,3613,LOCAL SERVICES,1,1,1,1,0,0,1,1,5,0,0,5,474.726,0,0
25-May,MEXICO,SYSTEMS ENGINEERING,CORPORATE FUNCTIONS,3613,LOCAL SERVICES,1,1,1,1,10,10,1,1,5,0,0,5,474.726,0,0
25-Jun,MEXICO,SYSTEMS ENGINEERING,CORPORATE FUNCTIONS,3613,LOCAL SERVICES,1,1,1,1,68,69,1,1,5,0,0,5,474.726,0,0
25-Jul,MEXICO,SYSTEMS ENGINEERING,CORPORATE FUNCTIONS,3613,LOCAL SERVICES,1,1,1,1,2,2,0,1,5,0,0,5,474.78,0,0
25-Aug,MEXICO,SYSTEMS ENGINEERING,CORPORATE FUNCTIONS,3613,LOCAL SERVICES,1,1,1,1,19,19,0,1,5,0,0,5,208.249,0,0
25-Sep,MEXICO,SYSTEMS ENGINEERING,CORPORATE FUNCTIONS,3613,LOCAL SERVICES,1,1,1,1,22,22,0,1,5,0,0,5,208.249,0,0
25-Mar,PERU,DATA,DATAHUB,3730,DATIO CLIENT SOLUTIONS,5,5,5,5,43,44,3.5,5,0,0,0,0,453.418,0,0
25-Apr,PERU,DATA,DATAHUB,3730,DATIO CLIENT SOLUTIONS,5,5,5,5,11,11,2,5,0,0,0,0,16.158,0,0
25-May,PERU,DATA,DATAHUB,3730,DATIO CLIENT SOLUTIONS,5,5,5,5,39,39,2,5,0,0,0,0,19.495,0,0
25-Jun,PERU,DATA,DATAHUB,3730,DATIO CLIENT SOLUTIONS,5,5,5,5,113,114,1.5,5,0,0,0,0,102.436,0,0
25-Jul,PERU,DATA,DATAHUB,3730,DATIO CLIENT SOLUTIONS,5,5,5,5,5,5,1,5,0,0,0,0,107.563,0,0
25-Aug,PERU,DATA,DATAHUB,3730,DATIO CLIENT SOLUTIONS,6,6,5,6,52,52,2.5,5,0,0,0,0,124.495,0,0
25-Sep,PERU,DATA,DATAHUB,3730,DATIO CLIENT SOLUTIONS,6,6,5,6,68,68,2.5,5,0,0,0,0,125.696,0,0
25-Mar,PERU,DATA,DATAHUB,3756,DATIO ENGINEERING,5,5,5,5,348,350,3,3,1,0,0,1,1.203.926,0,0
25-Apr,PERU,DATA,DATAHUB,3756,DATIO ENGINEERING,5,5,5,5,23,23,3,3,1,0,0,1,440.535,0,0
25-May,PERU,DATA,DATAHUB,3756,DATIO ENGINEERING,5,5,5,5,55,56,3,3,1,0,0,1,451.767,0,0
25-Jun,PERU,DATA,DATAHUB,3756,DATIO ENGINEERING,5,5,5,5,207,208,3,3,1,0,0,1,551.829,0,0
25-Jul,PERU,DATA,DATAHUB,3756,DATIO ENGINEERING,5,5,5,5,12,12,3,3,1,0,0,1,588.725,0,0
25-Aug,PERU,DATA,DATAHUB,3756,DATIO ENGINEERING,5,5,5,5,89,89,3,3,1,0,0,1,604.59,0,0
25-Sep,PERU,DATA,DATAHUB,3756,DATIO ENGINEERING,5,5,5,5,114,114,3,3,1,0,0,1,614.158,0,0
25-Mar,PERU,DATA,DATAHUB,3842,DATIO CIB/T&C/RIC,3,3,3,3,7,7,3,3,0,0,0,0,344.424,0,0
25-Apr,PERU,DATA,DATAHUB,3842,DATIO CIB/T&C/RIC,3,3,3,3,2,2,3,3,0,0,0,0,1.435,0,0
25-May,PERU,DATA,DATAHUB,3842,DATIO CIB/T&C/RIC,3,3,3,3,12,12,3,3,0,0,0,0,1.585,0,0
25-Jun,PERU,DATA,DATAHUB,3842,DATIO CIB/T&C/RIC,3,3,3,3,33,33,3,3,0,0,0,0,36.872,0,0
25-Jul,PERU,DATA,DATAHUB,3842,DATIO CIB/T&C/RIC,3,3,3,3,0,0,3,3,0,0,0,0,36.872,0,0
25-Aug,PERU,DATA,DATAHUB,3842,DATIO CIB/T&C/RIC,3,3,3,3,33,33,3,3,0,0,0,0,36.307,0,0
25-Sep,PERU,DATA,DATAHUB,3842,DATIO CIB/T&C/RIC,2,2,3,3,45,45,3,3,0,0,0,0,36.317,0,0
25-Mar,COLOMBIA,SYSTEMS ENGINEERING,RETAIL,4010,FRAUDE,1,1,1,1,0,0,0,0,0,0,0,0,32.261,0,0
25-Apr,COLOMBIA,SYSTEMS ENGINEERING,RETAIL,4010,FRAUDE,1,1,1,1,0,0,0,1,0,0,0,0,31.349,0,0
25-May,COLOMBIA,SYSTEMS ENGINEERING,RETAIL,4010,FRAUDE,1,1,1,1,0,0,1,1,0,0,0,0,31.349,0,0
25-Mar,MEXICO,SYSTEMS ENGINEERING,INSURANCE,4036,MULTIASISTENCIA,2,1,2,2,103,103,2,2,255,0,0,255,7.611.680,0,0
25-Apr,MEXICO,SYSTEMS ENGINEERING,INSURANCE,4036,MULTIASISTENCIA,2,1,2,2,1,1,2,2,239,0,0,239,6.587.192,0,0
25-May,MEXICO,SYSTEMS ENGINEERING,INSURANCE,4036,MULTIASISTENCIA,2,0,2,2,29,29,2,2,11,0,0,11,6.158.758,0,0
25-Jun,MEXICO,SYSTEMS ENGINEERING,INSURANCE,4036,MULTIASISTENCIA,2,2,2,2,98,98,2,2,9,0,0,9,6.197.032,0,0
25-Jul,MEXICO,SYSTEMS ENGINEERING,INSURANCE,4036,MULTIASISTENCIA,2,2,2,2,5,5,2,2,172,0,0,172,6.248.617,0,0
25-Aug,MEXICO,SYSTEMS ENGINEERING,INSURANCE,4036,MULTIASISTENCIA,2,2,2,2,20,20,2,2,172,0,0,172,6.009.531,0,0
25-Sep,MEXICO,SYSTEMS ENGINEERING,INSURANCE,4036,MULTIASISTENCIA,2,2,2,2,47,47,2,2,172,0,0,172,6.014.338,0,0
25-Mar,MEXICO,SYSTEMS ENGINEERING,ENTERPRISE,4038,DIGITAL WORKPLACE & CRM,5,4,5,5,133,133,4,4,579,0,0,579,9.181.792,0,0
25-Apr,MEXICO,SYSTEMS ENGINEERING,ENTERPRISE,4038,DIGITAL WORKPLACE & CRM,6,4,5,6,2,2,4,4,244,0,0,244,8.555.713,0,0
25-May,MEXICO,SYSTEMS ENGINEERING,ENTERPRISE,4038,DIGITAL WORKPLACE & CRM,1,0,0,1,0,0,0,0,0,0,0,0,0,0,0
25-May,MEXICO,SYSTEMS ENGINEERING,ENTERPRISE,4038,DIGITAL WORKPLACE & CRM,6,4,5,6,1,2,5,5,23,0,0,23,7.714.789,0,0
25-Jun,MEXICO,SYSTEMS ENGINEERING,ENTERPRISE,4038,DIGITAL WORKPLACE & CRM,7,4,5,7,117,118,5,5,23,0,0,23,4.773.775,0,0
25-Jul,MEXICO,SYSTEMS ENGINEERING,ENTERPRISE,4038,DIGITAL WORKPLACE & CRM,7,4,5,7,2,4,6,6,23,0,0,23,8.969.577,0,0
25-Aug,MEXICO,SYSTEMS ENGINEERING,ENTERPRISE,4038,DIGITAL WORKPLACE & CRM,8,4,5,8,17,19,6,6,23,0,0,23,8.453.853,0,0
25-Sep,MEXICO,SYSTEMS ENGINEERING,ENTERPRISE,4038,DIGITAL WORKPLACE & CRM,8,4,5,8,33,35,6,6,23,0,0,23,8.459.574,0,0
25-Mar,COLOMBIA,SYSTEMS ENGINEERING,SEGUROS,4061,SEGUROS SISTEMAS ESPECIALIZADAOS,3,3,3,3,0,0,1,2,0,0,0,0,145.845,0,0
25-Apr,COLOMBIA,SYSTEMS ENGINEERING,SEGUROS,4061,SEGUROS SISTEMAS ESPECIALIZADAOS,3,3,3,3,2,7,1.5,2,0,0,0,0,142.707,0,0
25-May,COLOMBIA,SYSTEMS ENGINEERING,SEGUROS,4061,SEGUROS SISTEMAS ESPECIALIZADAOS,3,3,3,3,0,5,1.5,2,0,0,0,0,144.967,0,0
25-Jun,COLOMBIA,SYSTEMS ENGINEERING,SEGUROS,4061,SEGUROS SISTEMAS ESPECIALIZADAOS,3,3,3,3,0,0,1.5,2,0,0,0,0,218.212,0,0
25-Jul,COLOMBIA,SYSTEMS ENGINEERING,SEGUROS,4061,SEGUROS SISTEMAS ESPECIALIZADAOS,3,3,3,3,0,0,1.5,2,0,0,0,0,218.212,0,0
25-Aug,COLOMBIA,SYSTEMS ENGINEERING,SEGUROS,4061,SEGUROS SISTEMAS ESPECIALIZADAOS,3,3,3,3,0,1,1.5,2,0,0,0,0,218.212,0,0
25-Sep,COLOMBIA,SYSTEMS ENGINEERING,SEGUROS,4061,SEGUROS SISTEMAS ESPECIALIZADAOS,3,3,3,3,0,3,1.5,2,0,0,0,0,218.199,0,0
25-Mar,COLOMBIA,SYSTEMS ENGINEERING,SEGUROS,4063,SEGUROS AUTOMATION,7,7,7,7,0,0,1,3,0,0,0,0,110.292,0,0
25-Apr,COLOMBIA,SYSTEMS ENGINEERING,SEGUROS,4063,SEGUROS AUTOMATION,7,7,7,7,0,5,1,6,0,0,0,0,0,0,0
25-May,COLOMBIA,SYSTEMS ENGINEERING,SEGUROS,4063,SEGUROS AUTOMATION,7,7,7,7,0,8,1,6,0,0,0,0,146,0,0
25-Jun,COLOMBIA,SYSTEMS ENGINEERING,SEGUROS,4063,SEGUROS AUTOMATION,7,7,7,7,0,0,1,6,0,0,0,0,23.099,0,0
25-Jul,COLOMBIA,SYSTEMS ENGINEERING,SEGUROS,4063,SEGUROS AUTOMATION,7,7,7,7,0,5,1,5,0,0,0,0,23.501,0,0
25-Aug,COLOMBIA,SYSTEMS ENGINEERING,SEGUROS,4063,SEGUROS AUTOMATION,7,7,7,7,0,12,6,6,0,0,0,0,24.015,0,0
25-Sep,COLOMBIA,SYSTEMS ENGINEERING,SEGUROS,4063,SEGUROS AUTOMATION,7,7,7,7,0,21,6,6,0,0,0,0,24.147,0,0
25-Mar,COLOMBIA,SYSTEMS ENGINEERING,RETAIL,4065,CANALES ASISTIDOS IVR/CBs,2,2,2,2,8,8,1,2,0,0,0,0,140.874,0,0
25-Apr,COLOMBIA,SYSTEMS ENGINEERING,RETAIL,4065,CANALES ASISTIDOS IVR/CBs,2,2,2,2,3,3,1.5,2,0,0,0,0,136.515,0,0
25-May,COLOMBIA,SYSTEMS ENGINEERING,RETAIL,4065,CANALES ASISTIDOS IVR/CBs,2,2,2,2,6,6,1.5,2,0,0,0,0,126.857,0,0
25-Jun,COLOMBIA,SYSTEMS ENGINEERING,RETAIL,4065,CANALES ASISTIDOS IVR/CBs,2,2,2,2,16,16,0.5,2,0,0,0,0,129.664,0,0
25-Jul,COLOMBIA,SYSTEMS ENGINEERING,RETAIL,4065,CANALES ASISTIDOS IVR/CBs,2,2,2,2,1,1,0.5,2,0,0,0,0,128.021,0,0
25-Aug,COLOMBIA,SYSTEMS ENGINEERING,RETAIL,4065,CANALES ASISTIDOS IVR/CBs,2,2,2,2,4,4,1,1,0,0,0,0,128.021,0,0
25-Sep,COLOMBIA,SYSTEMS ENGINEERING,RETAIL,4065,CANALES ASISTIDOS IVR/CBs,2,2,2,2,4,4,1,1,0,0,0,0,128.021,0,0
25-Mar,COLOMBIA,SYSTEMS ENGINEERING,RETAIL,4066,CANALES ASISTIDOS ATMs/RPA,2,2,1,2,10,10,1,1,0,0,0,0,12.266,0,0
25-Apr,COLOMBIA,SYSTEMS ENGINEERING,RETAIL,4066,CANALES ASISTIDOS ATMs/RPA,2,2,1,2,0,0,1,1,0,0,0,0,12.14,0,0
25-May,COLOMBIA,SYSTEMS ENGINEERING,RETAIL,4066,CANALES ASISTIDOS ATMs/RPA,2,2,2,2,0,0,1,1,0,0,0,0,12.14,0,0
25-Jun,COLOMBIA,SYSTEMS ENGINEERING,RETAIL,4066,CANALES ASISTIDOS ATMs/RPA,2,2,2,2,2,2,1.5,2,0,0,0,0,12.225,0,0
25-Jul,COLOMBIA,SYSTEMS ENGINEERING,RETAIL,4066,CANALES ASISTIDOS ATMs/RPA,2,2,2,2,0,0,1,1,0,0,0,0,12.225,0,0
25-Aug,COLOMBIA,SYSTEMS ENGINEERING,RETAIL,4066,CANALES ASISTIDOS ATMs/RPA,2,2,2,2,0,0,1,1,0,0,0,0,12.225,0,0
25-Sep,COLOMBIA,SYSTEMS ENGINEERING,RETAIL,4066,CANALES ASISTIDOS ATMs/RPA,2,2,2,2,1,1,1,1,0,0,0,0,12.225,0,0
25-Mar,ESPANA,SYSTEMS ENGINEERING,INSURANCE AND ASSET MANAGEMENT SYSTEMS,4154,ASSET MANAGEMENT - BACKOFFICE Y FONDOS DE INVERSION,3,3,1,1,32,32,0.5,2,471,0,0,471,1.619.440,0,0
25-Apr,ESPANA,SYSTEMS ENGINEERING,INSURANCE AND ASSET MANAGEMENT SYSTEMS,4154,ASSET MANAGEMENT - BACKOFFICE Y FONDOS DE INVERSION,3,2,1,1,12,12,0,2,471,0,0,471,1.550.062,0,0
25-May,ESPANA,SYSTEMS ENGINEERING,INSURANCE AND ASSET MANAGEMENT SYSTEMS,4154,ASSET MANAGEMENT - BACKOFFICE Y FONDOS DE INVERSION,3,3,1,1,8,9,0.5,1,471,0,0,471,1.550.299,0,0
25-Jun,ESPANA,SYSTEMS ENGINEERING,INSURANCE AND ASSET MANAGEMENT SYSTEMS,4154,ASSET MANAGEMENT - BACKOFFICE Y FONDOS DE INVERSION,3,3,1,1,42,42,0.5,2,471,0,0,471,1.548.668,0,0
25-Jul,ESPANA,SYSTEMS ENGINEERING,INSURANCE AND ASSET MANAGEMENT SYSTEMS,4154,ASSET MANAGEMENT - BACKOFFICE Y FONDOS DE INVERSION,3,3,1,1,10,10,0.5,2,431,0,0,431,1.464.313,0,0
25-Aug,ESPANA,SYSTEMS ENGINEERING,INSURANCE AND ASSET MANAGEMENT SYSTEMS,4154,ASSET MANAGEMENT - BACKOFFICE Y FONDOS DE INVERSION,3,3,1,1,11,11,1,1,431,0,0,431,1.464.313,0,0
25-Sep,ESPANA,SYSTEMS ENGINEERING,INSURANCE AND ASSET MANAGEMENT SYSTEMS,4154,ASSET MANAGEMENT - BACKOFFICE Y FONDOS DE INVERSION,3,3,1,1,11,11,1,1,431,0,0,431,1.483.249,0,0
25-Mar,ARGENTINA,SYSTEMS ENGINEERING,MODELOS DE ATENCION,4263,RB07 CONTACT CENTER / GESTION DE MORA,4,4,4,4,14,14,1.5,3,0,0,0,0,875.061,0,0
25-Apr,ARGENTINA,SYSTEMS ENGINEERING,MODELOS DE ATENCION,4263,RB07 CONTACT CENTER / GESTION DE MORA,4,4,4,4,0,0,2,3,0,0,0,0,0,0,0
25-May,ARGENTINA,SYSTEMS ENGINEERING,MODELOS DE ATENCION,4263,RB07 CONTACT CENTER / GESTION DE MORA,4,4,4,4,1,1,2,3,0,0,0,0,0,0,0
25-Jun,ARGENTINA,SYSTEMS ENGINEERING,MODELOS DE ATENCION,4263,RB07 CONTACT CENTER / GESTION DE MORA,4,4,4,4,13,14,1,3,0,0,0,0,0,0,0
25-Jul,ARGENTINA,SYSTEMS ENGINEERING,MODELOS DE ATENCION,4263,RB07 CONTACT CENTER / GESTION DE MORA,4,4,4,4,0,0,3,4,0,0,0,0,0,0,0
25-Aug,ARGENTINA,SYSTEMS ENGINEERING,MODELOS DE ATENCION,4263,RB07 CONTACT CENTER / GESTION DE MORA,4,4,4,4,0,0,4,4,0,0,0,0,0,0,0
25-Sep,ARGENTINA,SYSTEMS ENGINEERING,MODELOS DE ATENCION,4263,RB07 CONTACT CENTER / GESTION DE MORA,4,4,4,4,0,0,4,4,0,0,0,0,0,0,0
25-Mar,ARGENTINA,SYSTEMS ENGINEERING,CANALES EMPRESAS,4264,AR37 WEB PUBLICA EMPRESAS,2,1,0,2,0,0,0,0,0,0,0,0,26.63,0,0
25-Apr,ARGENTINA,SYSTEMS ENGINEERING,CANALES EMPRESAS,4264,AR37 WEB PUBLICA EMPRESAS,2,1,0,2,0,0,0,0,0,0,0,0,26.63,0,0
25-May,ARGENTINA,SYSTEMS ENGINEERING,CANALES EMPRESAS,4264,AR37 WEB PUBLICA EMPRESAS,2,2,0,2,0,0,0,0,0,0,0,0,26.63,0,0
25-Jun,ARGENTINA,SYSTEMS ENGINEERING,CANALES EMPRESAS,4264,AR37 WEB PUBLICA EMPRESAS,2,2,0,2,1,1,0,0,0,0,0,0,26.63,0,0
25-Jul,ARGENTINA,SYSTEMS ENGINEERING,CANALES EMPRESAS,4264,AR37 WEB PUBLICA EMPRESAS,2,2,0,2,0,0,0,0,0,0,0,0,26.63,0,0
25-Aug,ARGENTINA,SYSTEMS ENGINEERING,CANALES EMPRESAS,4264,AR37 WEB PUBLICA EMPRESAS,2,2,0,2,1,1,0,0,0,0,0,0,26.63,0,0
25-Sep,ARGENTINA,SYSTEMS ENGINEERING,CANALES EMPRESAS,4264,AR37 WEB PUBLICA EMPRESAS,2,2,0,2,1,1,0,0,0,0,0,0,26.63,0,0
25-Mar,ARGENTINA,SYSTEMS ENGINEERING,WALLET & DIGITAL CHANNELS,4265,AR38 SALUD FINANCIERA,2,2,1,2,1,1,0,0,0,0,0,0,18.184,0,0
25-Apr,ARGENTINA,SYSTEMS ENGINEERING,WALLET & DIGITAL CHANNELS,4265,AR38 SALUD FINANCIERA,2,2,1,2,0,0,0,0,0,0,0,0,18.168,0,0
25-May,ARGENTINA,SYSTEMS ENGINEERING,WALLET & DIGITAL CHANNELS,4265,AR38 SALUD FINANCIERA,2,2,1,2,0,0,0,0,0,0,0,0,18.168,0,0
25-Jun,ARGENTINA,SYSTEMS ENGINEERING,WALLET & DIGITAL CHANNELS,4265,AR38 SALUD FINANCIERA,2,2,1,2,0,0,0,0,0,0,0,0,18.168,0,0
25-Jul,ARGENTINA,SYSTEMS ENGINEERING,WALLET & DIGITAL CHANNELS,4265,AR38 SALUD FINANCIERA,2,2,1,2,0,0,0,0,0,0,0,0,18.168,0,0
25-Aug,ARGENTINA,SYSTEMS ENGINEERING,WALLET & DIGITAL CHANNELS,4265,AR38 SALUD FINANCIERA,1,1,0,1,0,0,0,0,0,0,0,0,276,0,0
25-Sep,ARGENTINA,SYSTEMS ENGINEERING,WALLET & DIGITAL CHANNELS,4265,AR38 SALUD FINANCIERA,1,1,0,1,0,0,0,0,0,0,0,0,276,0,0
25-Mar,ARGENTINA,SYSTEMS ENGINEERING,CORE PRODUCTS,4266,AR29 PRENDARIOS / HIPOTECARIOS,2,2,2,2,4,4,2,2,0,0,0,0,0,0,0
25-Mar,ESPANA,SYSTEMS ENGINEERING,INSURANCE AND ASSET MANAGEMENT SYSTEMS,4301,ASSET MANAGEMENT - FONDOS Y PLANES DE PENSIONES,1,1,1,1,48,49,0.5,1,0,0,0,0,109.642,0,0
25-Apr,ESPANA,SYSTEMS ENGINEERING,INSURANCE AND ASSET MANAGEMENT SYSTEMS,4301,ASSET MANAGEMENT - FONDOS Y PLANES DE PENSIONES,1,0,1,1,14,14,0,1,0,0,0,0,101.467,0,0
25-May,ESPANA,SYSTEMS ENGINEERING,INSURANCE AND ASSET MANAGEMENT SYSTEMS,4301,ASSET MANAGEMENT - FONDOS Y PLANES DE PENSIONES,1,1,1,1,2,2,0.5,1,0,0,0,0,108.065,0,0
25-Jun,ESPANA,SYSTEMS ENGINEERING,INSURANCE AND ASSET MANAGEMENT SYSTEMS,4301,ASSET MANAGEMENT - FONDOS Y PLANES DE PENSIONES,1,1,1,1,34,34,0,1,0,0,0,0,110.902,0,0
25-Jul,ESPANA,SYSTEMS ENGINEERING,INSURANCE AND ASSET MANAGEMENT SYSTEMS,4301,ASSET MANAGEMENT - FONDOS Y PLANES DE PENSIONES,1,1,1,1,14,14,0,1,0,0,0,0,111.169,0,0
25-Aug,ESPANA,SYSTEMS ENGINEERING,INSURANCE AND ASSET MANAGEMENT SYSTEMS,4301,ASSET MANAGEMENT - FONDOS Y PLANES DE PENSIONES,1,1,1,1,19,19,1,1,0,0,0,0,111.169,0,0
25-Sep,ESPANA,SYSTEMS ENGINEERING,INSURANCE AND ASSET MANAGEMENT SYSTEMS,4301,ASSET MANAGEMENT - FONDOS Y PLANES DE PENSIONES,1,1,1,1,19,19,1,1,0,0,0,0,111.169,0,0
25-Mar,GSD,GSD,DEVOPS & SW DEV TOOLS,4308,SW DEVTOOLS SUITE,3,3,4,4,0,0,3,3,151,0,0,151,3.827.337,0,0
25-Apr,GSD,GSD,DEVOPS & SW DEV TOOLS,4308,SW DEVTOOLS SUITE,3,3,4,4,0,0,3,3,148,0,0,148,3.449.577,0,0
25-May,GSD,GSD,DEVOPS & SW DEV TOOLS,4308,SW DEVTOOLS SUITE,3,3,4,4,0,0,3,3,147,0,0,147,2.372.536,0,0
25-Jun,GSD,GSD,DEVOPS & SW DEV TOOLS,4308,SW DEVTOOLS SUITE,4,4,4,4,0,0,3,3,136,0,0,136,2.284.841,0,0
25-Jul,GSD,GSD,DEVOPS & SW DEV TOOLS,4308,SW DEVTOOLS SUITE,4,4,4,4,0,0,3,3,116,0,0,116,2.181.036,0,0
25-Aug,GSD,GSD,DEVOPS & SW DEV TOOLS,4308,SW DEVTOOLS SUITE,4,4,4,4,0,0,3,3,118,0,0,118,2.158.949,0,0
25-Sep,GSD,GSD,DEVOPS & SW DEV TOOLS,4308,SW DEVTOOLS SUITE,4,4,4,4,0,0,3,3,118,0,0,118,2.151.611,0,0
25-Jul,ESPANA,SYSTEMS ENGINEERING,DEVOPS & SWDEV TRANSFORMATION,4328,DEVOPS - DEVTOOLS CI/CD - ESPANA,0,0,0,0,0,0,0,0,0,0,0,0,0,0,0
25-Jul,ESPANA,SYSTEMS ENGINEERING,DEVOPS & SWDEV TRANSFORMATION,4328,DEVOPS - DEVTOOLS CI/CD - ESPANA,0,0,0,0,0,0,0,0,0,0,0,0,0,0,0
25-Aug,ESPANA,SYSTEMS ENGINEERING,DEVOPS & SWDEV TRANSFORMATION,4328,DEVOPS - DEVTOOLS CI/CD - ESPANA,0,0,0,0,0,0,0,0,0,0,0,0,0,0,0
25-Aug,ESPANA,SYSTEMS ENGINEERING,DEVOPS & SWDEV TRANSFORMATION,4328,DEVOPS - DEVTOOLS CI/CD - ESPANA,0,0,0,0,0,0,0,0,0,0,0,0,0,0,0
25-Sep,ESPANA,SYSTEMS ENGINEERING,DEVOPS & SWDEV TRANSFORMATION,4328,DEVOPS - DEVTOOLS CI/CD - ESPANA,1,1,0,1,0,0,0,0,0,0,0,0,0,0,0
25-Mar,ARGENTINA,INGENIERIA & DATA,DATAHUB ARGENTINA,4343,DATIO-AR RIESGOS Y FINANZAS,1,1,1,1,16,20,0,1,0,0,0,0,227.906,0,0
25-Apr,ARGENTINA,INGENIERIA & DATA,DATAHUB ARGENTINA,4343,DATIO-AR RIESGOS Y FINANZAS,1,1,1,1,9,12,0,1,0,0,0,0,1.12,0,0
25-May,ARGENTINA,INGENIERIA & DATA,DATAHUB ARGENTINA,4343,DATIO-AR RIESGOS Y FINANZAS,1,1,1,1,8,8,0,1,0,0,0,0,1.12,0,0
25-Jun,ARGENTINA,INGENIERIA & DATA,DATAHUB ARGENTINA,4343,DATIO-AR RIESGOS Y FINANZAS,1,1,1,1,43,47,1,1,0,0,0,0,26.056,0,0
25-Jul,ARGENTINA,INGENIERIA & DATA,DATAHUB ARGENTINA,4343,DATIO-AR RIESGOS Y FINANZAS,1,1,1,1,0,0,1,1,0,0,0,0,27.944,0,0
25-Aug,ARGENTINA,INGENIERIA & DATA,DATAHUB ARGENTINA,4343,DATIO-AR RIESGOS Y FINANZAS,1,1,1,1,0,0,1,1,0,0,0,0,28.454,0,0
25-Sep,ARGENTINA,INGENIERIA & DATA,DATAHUB ARGENTINA,4343,DATIO-AR RIESGOS Y FINANZAS,1,1,1,1,0,0,1,1,0,0,0,0,28.456,0,0
25-Mar,ARGENTINA,INGENIERIA & DATA,DATAHUB ARGENTINA,4344,DATIO-AR MODELOS LOCALES,1,1,1,1,21,21,1,1,0,0,0,0,533.864,0,0
25-Apr,ARGENTINA,INGENIERIA & DATA,DATAHUB ARGENTINA,4344,DATIO-AR MODELOS LOCALES,1,1,1,1,4,4,1,1,0,0,0,0,16.084,0,0
25-May,ARGENTINA,INGENIERIA & DATA,DATAHUB ARGENTINA,4344,DATIO-AR MODELOS LOCALES,1,1,1,1,0,0,1,1,0,0,0,0,17.405,0,0
25-Jun,ARGENTINA,INGENIERIA & DATA,DATAHUB ARGENTINA,4344,DATIO-AR MODELOS LOCALES,1,1,1,1,26,26,1,1,0,0,0,0,35.829,0,0
25-Jul,ARGENTINA,INGENIERIA & DATA,DATAHUB ARGENTINA,4344,DATIO-AR MODELOS LOCALES,1,1,1,1,0,0,1,1,0,0,0,0,35.919,0,0
25-Aug,ARGENTINA,INGENIERIA & DATA,DATAHUB ARGENTINA,4344,DATIO-AR MODELOS LOCALES,1,1,1,1,0,0,1,1,0,0,0,0,34.931,0,0
25-Sep,ARGENTINA,INGENIERIA & DATA,DATAHUB ARGENTINA,4344,DATIO-AR MODELOS LOCALES,1,1,1,1,0,0,1,1,0,0,0,0,34.679,0,0
25-Mar,ARGENTINA,INGENIERIA & DATA,DATAHUB ARGENTINA,4345,DATIO-AR MODELOS GLOBALES,1,1,1,1,125,125,1,1,0,0,0,0,166.159,0,0
25-Apr,ARGENTINA,INGENIERIA & DATA,DATAHUB ARGENTINA,4345,DATIO-AR MODELOS GLOBALES,1,1,1,1,29,31,1,1,0,0,0,0,4.004,0,0
25-May,ARGENTINA,INGENIERIA & DATA,DATAHUB ARGENTINA,4345,DATIO-AR MODELOS GLOBALES,1,1,1,1,21,24,1,1,0,0,0,0,4.478,0,0
25-Jun,ARGENTINA,INGENIERIA & DATA,DATAHUB ARGENTINA,4345,DATIO-AR MODELOS GLOBALES,1,1,1,1,126,134,1,1,0,0,0,0,55.972,0,0
25-Jul,ARGENTINA,INGENIERIA & DATA,DATAHUB ARGENTINA,4345,DATIO-AR MODELOS GLOBALES,1,1,1,1,14,14,1,1,0,0,0,0,58.717,0,0
25-Aug,ARGENTINA,INGENIERIA & DATA,DATAHUB ARGENTINA,4345,DATIO-AR MODELOS GLOBALES,1,1,1,1,28,28,1,1,0,0,0,0,59.281,0,0
25-Sep,ARGENTINA,INGENIERIA & DATA,DATAHUB ARGENTINA,4345,DATIO-AR MODELOS GLOBALES,1,1,1,1,38,38,1,1,0,0,0,0,61.529,0,0
25-Mar,GSD,GSD,PAYMENT,4357,PAYMENT AUTHORIZATION,0,0,3,3,19,19,0,2,0,0,0,0,271.312,0,0
25-Apr,GSD,GSD,PAYMENT,4357,PAYMENT AUTHORIZATION,1,1,3,3,1,1,1.5,3,0,0,0,0,246.808,0,0
25-May,GSD,GSD,PAYMENT,4357,PAYMENT AUTHORIZATION,1,1,3,3,1,1,1.5,3,0,0,0,0,144.225,0,0
25-Jun,GSD,GSD,PAYMENT,4357,PAYMENT AUTHORIZATION,1,1,3,3,26,26,1,3,0,0,0,0,162.183,0,0
25-Jul,GSD,GSD,PAYMENT,4357,PAYMENT AUTHORIZATION,1,1,3,3,0,0,2,3,0,0,0,0,169.465,0,0
25-Aug,GSD,GSD,PAYMENT,4357,PAYMENT AUTHORIZATION,2,1,3,4,0,0,1.5,3,0,0,0,0,175.711,0,0
25-Sep,GSD,GSD,PAYMENT,4357,PAYMENT AUTHORIZATION,2,1,3,4,1,1,1.5,3,0,0,0,0,178.328,0,0
25-Mar,COMMERCIAL CLIENT SOLUTIONS,CHANNELS & PROCESSES,SERVICING & CLIENT EXPERIENCE TRANSFORMATION,4358,PIVOT IMPLEMENTATION,0,0,1,1,9,9,1,1,0,0,0,0,193.228,0,0
25-Apr,COMMERCIAL CLIENT SOLUTIONS,CHANNELS & PROCESSES,SERVICING & CLIENT EXPERIENCE TRANSFORMATION,4358,PIVOT IMPLEMENTATION,0,0,1,1,1,1,1,1,0,0,0,0,218.938,0,0
25-May,COMMERCIAL CLIENT SOLUTIONS,CHANNELS & PROCESSES,SERVICING & CLIENT EXPERIENCE TRANSFORMATION,4358,PIVOT IMPLEMENTATION,1,1,1,1,1,1,1,1,0,0,0,0,223.709,0,0
25-Jun,COMMERCIAL CLIENT SOLUTIONS,CHANNELS & PROCESSES,SERVICING & CLIENT EXPERIENCE TRANSFORMATION,4358,PIVOT IMPLEMENTATION,1,1,1,1,13,13,1,1,0,0,0,0,244.177,0,0
25-Jul,COMMERCIAL CLIENT SOLUTIONS,CHANNELS & PROCESSES,SERVICING & CLIENT EXPERIENCE TRANSFORMATION,4358,PIVOT IMPLEMENTATION,1,1,1,1,0,0,1,1,0,0,0,0,233.419,0,0
25-Aug,COMMERCIAL CLIENT SOLUTIONS,CHANNELS & PROCESSES,SERVICING & CLIENT EXPERIENCE TRANSFORMATION,4358,PIVOT IMPLEMENTATION,1,1,1,1,0,0,1,1,0,0,0,0,251.645,0,0
25-Sep,COMMERCIAL CLIENT SOLUTIONS,CHANNELS & PROCESSES,SERVICING & CLIENT EXPERIENCE TRANSFORMATION,4358,PIVOT IMPLEMENTATION,1,1,1,1,0,0,1,1,0,0,0,0,263.11,0,0
25-Mar,COLOMBIA,DATA TRANSFORMATION & ENGINEERING,SALESFORCE,4495,SALESFORCE - DATA,3,3,3,3,4,13,0,3,246,0,0,246,3.491.177,0,0
25-Apr,COLOMBIA,DATA TRANSFORMATION & ENGINEERING,SALESFORCE,4495,SALESFORCE - DATA,3,3,3,3,2,2,0.5,3,78,0,0,78,3.085.401,0,0
25-May,COLOMBIA,DATA TRANSFORMATION & ENGINEERING,SALESFORCE,4495,SALESFORCE - DATA,3,3,3,3,1,1,1.5,3,78,0,0,78,3.088.882,0,0
25-Jun,COLOMBIA,DATA TRANSFORMATION & ENGINEERING,SALESFORCE,4495,SALESFORCE - DATA,3,3,3,3,6,6,1.5,3,78,0,0,78,3.142.095,0,0
25-Jul,COLOMBIA,DATA TRANSFORMATION & ENGINEERING,SALESFORCE,4495,SALESFORCE - DATA,3,3,3,3,2,2,2,3,55,0,0,55,3.152.283,0,0
25-Aug,COLOMBIA,DATA TRANSFORMATION & ENGINEERING,SALESFORCE,4495,SALESFORCE - DATA,3,3,3,3,2,2,1.5,3,46,0,0,46,3.155.554,0,0
25-Sep,COLOMBIA,DATA TRANSFORMATION & ENGINEERING,SALESFORCE,4495,SALESFORCE - DATA,3,3,3,3,2,2,1.5,3,46,0,0,46,3.165.085,0,0
25-Mar,COLOMBIA,DATA TRANSFORMATION & ENGINEERING,DATAHUB,4502,FINANZAS - DATA,3,3,3,3,101,103,2,3,0,0,0,0,248.28,0,0
25-Apr,COLOMBIA,DATA TRANSFORMATION & ENGINEERING,DATAHUB,4502,FINANZAS - DATA,3,3,3,3,10,12,1,3,0,0,0,0,34.153,0,0
25-May,COLOMBIA,DATA TRANSFORMATION & ENGINEERING,DATAHUB,4502,FINANZAS - DATA,3,3,3,3,10,11,1,3,0,0,0,0,34.286,0,0
25-Jun,COLOMBIA,DATA TRANSFORMATION & ENGINEERING,DATAHUB,4502,FINANZAS - DATA,3,3,3,3,80,83,1,3,0,0,0,0,142.355,0,0
25-Jul,COLOMBIA,DATA TRANSFORMATION & ENGINEERING,DATAHUB,4502,FINANZAS - DATA,3,3,3,3,6,6,1,3,0,0,0,0,143,0,0
25-Aug,COLOMBIA,DATA TRANSFORMATION & ENGINEERING,DATAHUB,4502,FINANZAS - DATA,3,3,3,3,16,16,1,3,0,0,0,0,144.222,0,0
25-Sep,COLOMBIA,DATA TRANSFORMATION & ENGINEERING,DATAHUB,4502,FINANZAS - DATA,3,3,3,3,20,20,1,3,0,0,0,0,144.518,0,0
25-Mar,COLOMBIA,DATA TRANSFORMATION & ENGINEERING,DATAHUB,4503,RIESGOS - DATA,5,5,5,5,97,109,5,5,0,0,0,0,619.185,0,0
25-Apr,COLOMBIA,DATA TRANSFORMATION & ENGINEERING,DATAHUB,4503,RIESGOS - DATA,5,5,5,5,42,42,4,5,0,0,0,0,3.283,0,0
25-May,COLOMBIA,DATA TRANSFORMATION & ENGINEERING,DATAHUB,4503,RIESGOS - DATA,5,5,5,5,7,8,4,5,0,0,0,0,3.867,0,0
25-Jun,COLOMBIA,DATA TRANSFORMATION & ENGINEERING,DATAHUB,4503,RIESGOS - DATA,5,5,5,5,90,90,4,5,0,0,0,0,114.798,0,0
25-Jul,COLOMBIA,DATA TRANSFORMATION & ENGINEERING,DATAHUB,4503,RIESGOS - DATA,5,5,5,5,26,26,4,5,0,0,0,0,116.484,0,0
25-Aug,COLOMBIA,DATA TRANSFORMATION & ENGINEERING,DATAHUB,4503,RIESGOS - DATA,5,5,5,5,53,53,4,5,0,0,0,0,113.295,0,0
25-Sep,COLOMBIA,DATA TRANSFORMATION & ENGINEERING,DATAHUB,4503,RIESGOS - DATA,5,5,5,5,61,61,4,5,0,0,0,0,113.285,0,0
25-Mar,COLOMBIA,DATA TRANSFORMATION & ENGINEERING,DATAHUB,4506,DATA MODELING & DEVELOPMENT,11,11,11,11,63,64,10,11,0,0,0,0,316.52,0,0
25-Apr,COLOMBIA,DATA TRANSFORMATION & ENGINEERING,DATAHUB,4506,DATA MODELING & DEVELOPMENT,11,11,11,11,6,6,8,11,0,0,0,0,17.362,0,0
25-May,COLOMBIA,DATA TRANSFORMATION & ENGINEERING,DATAHUB,4506,DATA MODELING & DEVELOPMENT,11,1,11,11,0,0,8,10,0,0,0,0,18.095,0,0
25-Jun,COLOMBIA,DATA TRANSFORMATION & ENGINEERING,DATAHUB,4506,DATA MODELING & DEVELOPMENT,11,11,11,11,31,31,8,10,0,0,0,0,71.742,0,0
25-Jul,COLOMBIA,DATA TRANSFORMATION & ENGINEERING,DATAHUB,4506,DATA MODELING & DEVELOPMENT,11,11,11,11,6,6,8,11,0,0,0,0,73.959,0,0
25-Aug,COLOMBIA,DATA TRANSFORMATION & ENGINEERING,DATAHUB,4506,DATA MODELING & DEVELOPMENT,11,11,11,11,11,11,8,11,0,0,0,0,70.342,0,0
25-Sep,COLOMBIA,DATA TRANSFORMATION & ENGINEERING,DATAHUB,4506,DATA MODELING & DEVELOPMENT,11,11,11,11,13,13,8,11,0,0,0,0,71.67,0,0
25-Mar,GSD,GSD,ALPHA,4621,CATALOGOS,0,0,2,2,1,1,1,2,0,0,0,0,349.877,0,0
25-Apr,GSD,GSD,ALPHA,4621,CATALOGOS,0,0,2,2,0,0,1,2,0,0,0,0,231.043,0,0
25-May,GSD,GSD,ALPHA,4621,CATALOGOS,0,0,2,2,0,0,1.5,2,0,0,0,0,234.968,0,0
25-Jun,GSD,GSD,ALPHA,4621,CATALOGOS,0,0,2,2,0,0,1,2,0,0,0,0,235.696,0,0
25-Jul,GSD,GSD,ALPHA,4621,CATALOGOS,0,0,2,2,0,0,2,2,0,0,0,0,237.562,0,0
25-Aug,GSD,GSD,ALPHA,4621,CATALOGOS,0,0,2,2,0,0,2,2,0,0,0,0,237.228,0,0
25-Sep,GSD,GSD,ALPHA,4621,CATALOGOS,0,0,2,2,0,0,2,2,0,0,0,0,237.228,0,0
25-Mar,GSD,GSD,ALPHA,4622,FIRMA,0,0,1,1,0,0,0.5,1,0,0,0,0,150.22,0,0
25-Apr,GSD,GSD,ALPHA,4622,FIRMA,0,0,1,1,0,0,0,1,0,0,0,0,64.074,0,0
25-May,GSD,GSD,ALPHA,4622,FIRMA,0,0,1,1,0,0,0,1,0,0,0,0,66.568,0,0
25-Jun,GSD,GSD,ALPHA,4622,FIRMA,0,0,1,1,0,0,0,1,0,0,0,0,66.568,0,0
25-Jul,GSD,GSD,ALPHA,4622,FIRMA,0,0,1,1,0,0,0,1,0,0,0,0,66.803,0,0
25-Aug,GSD,GSD,ALPHA,4622,FIRMA,0,0,1,1,0,0,0.5,1,3,0,0,3,66.804,0,0
25-Sep,GSD,GSD,ALPHA,4622,FIRMA,0,0,1,1,0,0,0.5,1,3,0,0,3,66.828,0,0
25-Mar,GSD,GSD,ALPHA,4623,INFRAESTRUCTURA MULTICANAL,0,0,5,5,19,21,2,5,0,0,0,0,209.042,0,0
25-Apr,GSD,GSD,ALPHA,4623,INFRAESTRUCTURA MULTICANAL,0,0,5,5,1,2,2,5,0,0,0,0,523.315,0,0
25-May,GSD,GSD,ALPHA,4623,INFRAESTRUCTURA MULTICANAL,0,0,5,5,2,5,1.5,5,0,0,0,0,528.48,0,0
25-Jun,GSD,GSD,ALPHA,4623,INFRAESTRUCTURA MULTICANAL,0,0,5,5,23,27,1,5,0,0,0,0,564.109,0,0
25-Jul,GSD,GSD,ALPHA,4623,INFRAESTRUCTURA MULTICANAL,0,0,5,5,1,1,2,5,0,0,0,0,598.672,0,0
25-Aug,GSD,GSD,ALPHA,4623,INFRAESTRUCTURA MULTICANAL,0,0,5,5,1,1,2,5,0,0,0,0,603.685,0,0
25-Sep,GSD,GSD,ALPHA,4623,INFRAESTRUCTURA MULTICANAL,0,0,5,5,1,1,2,5,0,0,0,0,604.053,0,0
25-Mar,GSD,GSD,ALPHA,4625,OPERATIONAL DATA INFRASTRUCTURE,2,0,3,6,22,29,2,4,0,0,0,0,369.469,0,0
25-Apr,GSD,GSD,ALPHA,4625,OPERATIONAL DATA INFRASTRUCTURE,2,0,3,6,0,1,2.5,4,0,0,0,0,159.212,0,0
25-May,GSD,GSD,ALPHA,4625,OPERATIONAL DATA INFRASTRUCTURE,1,0,3,6,3,4,2,4,0,0,0,0,168.16,0,0
25-Jun,GSD,GSD,ALPHA,4625,OPERATIONAL DATA INFRASTRUCTURE,0,0,3,6,28,34,3,5,0,0,0,0,184.351,0,0
25-Jul,GSD,GSD,ALPHA,4625,OPERATIONAL DATA INFRASTRUCTURE,0,0,3,6,0,0,3.5,5,0,0,0,0,186.485,0,0
25-Aug,GSD,GSD,ALPHA,4625,OPERATIONAL DATA INFRASTRUCTURE,0,0,3,6,0,0,5,6,0,0,0,0,187.784,0,0
25-Sep,GSD,GSD,ALPHA,4625,OPERATIONAL DATA INFRASTRUCTURE,0,0,3,6,1,2,5,6,0,0,0,0,200.052,0,0
25-Mar,GSD,GSD,ALPHA,4647,INFRAESTRUCTURA PERSONAS Y CONTRATOS,0,0,5,5,37,37,2.5,5,0,0,0,0,439.043,0,0
25-Apr,GSD,GSD,ALPHA,4647,INFRAESTRUCTURA PERSONAS Y CONTRATOS,0,0,5,5,1,1,1.5,4,0,0,0,0,570.92,0,0
25-May,GSD,GSD,ALPHA,4647,INFRAESTRUCTURA PERSONAS Y CONTRATOS,0,0,5,5,1,1,1.5,4,0,0,0,0,584.756,0,0
25-Jun,GSD,GSD,ALPHA,4647,INFRAESTRUCTURA PERSONAS Y CONTRATOS,0,0,5,5,34,35,1,4,0,0,0,0,624.472,0,0
25-Jul,GSD,GSD,ALPHA,4647,INFRAESTRUCTURA PERSONAS Y CONTRATOS,0,0,5,5,0,0,1.5,5,0,0,0,0,721.502,0,0
25-Aug,GSD,GSD,ALPHA,4647,INFRAESTRUCTURA PERSONAS Y CONTRATOS,0,0,5,5,0,0,3.5,5,0,0,0,0,756.153,0,0
25-Sep,GSD,GSD,ALPHA,4647,INFRAESTRUCTURA PERSONAS Y CONTRATOS,0,0,5,5,0,0,3.5,5,0,0,0,0,772.96,0,0
25-Mar,ARGENTINA,SYSTEMS ENGINEERING,CANALES EMPRESAS,4651,EB03 CANALES EMPRESAS,5,0,2,5,0,0,1,1,0,0,0,0,0,0,0
25-Apr,ARGENTINA,SYSTEMS ENGINEERING,CANALES EMPRESAS,4651,EB03 CANALES EMPRESAS,5,0,2,5,0,0,2,2,0,0,0,0,0,0,0
25-May,ARGENTINA,SYSTEMS ENGINEERING,CANALES EMPRESAS,4651,EB03 CANALES EMPRESAS,5,0,2,5,0,0,2,2,0,0,0,0,0,0,0
25-Jun,ARGENTINA,SYSTEMS ENGINEERING,CANALES EMPRESAS,4651,EB03 CANALES EMPRESAS,5,5,2,5,0,0,2,3,0,0,0,0,16.363,0,0
25-Jul,ARGENTINA,SYSTEMS ENGINEERING,CANALES EMPRESAS,4651,EB03 CANALES EMPRESAS,5,5,2,5,0,0,2,3,0,0,0,0,16.363,0,0
25-Aug,ARGENTINA,SYSTEMS ENGINEERING,CANALES EMPRESAS,4651,EB03 CANALES EMPRESAS,5,5,5,5,0,0,2,3,0,0,0,0,16.363,0,0
25-Sep,ARGENTINA,SYSTEMS ENGINEERING,CANALES EMPRESAS,4651,EB03 CANALES EMPRESAS,5,5,5,5,0,0,2,3,0,0,0,0,16.363,0,0
25-Mar,ESPANA,SYSTEMS ENGINEERING,ENTERPRISE CLIENTS SYSTEMS,4739,ENTERPRISE MXM,2,2,2,2,7,8,2,2,9,0,0,9,383.469,0,0
25-Apr,ESPANA,SYSTEMS ENGINEERING,ENTERPRISE CLIENTS SYSTEMS,4739,ENTERPRISE MXM,2,2,2,2,8,9,2,2,0,0,0,0,344.357,0,0
25-May,ESPANA,SYSTEMS ENGINEERING,ENTERPRISE CLIENTS SYSTEMS,4739,ENTERPRISE MXM,2,2,2,2,1,1,2,2,1,0,0,1,344.481,0,0
25-Jun,ESPANA,SYSTEMS ENGINEERING,ENTERPRISE CLIENTS SYSTEMS,4739,ENTERPRISE MXM,2,2,2,2,11,12,2,2,1,0,0,1,346.651,0,0
25-Jul,ESPANA,SYSTEMS ENGINEERING,ENTERPRISE CLIENTS SYSTEMS,4739,ENTERPRISE MXM,2,2,2,2,9,9,2,2,1,0,0,1,596.831,0,0
25-Aug,ESPANA,SYSTEMS ENGINEERING,ENTERPRISE CLIENTS SYSTEMS,4739,ENTERPRISE MXM,2,2,2,2,9,9,2,2,0,0,0,0,494.062,0,0
25-Sep,ESPANA,SYSTEMS ENGINEERING,ENTERPRISE CLIENTS SYSTEMS,4739,ENTERPRISE MXM,2,2,2,2,9,9,2,2,0,0,0,0,247.197,0,0
25-Mar,COMMERCIAL CLIENT SOLUTIONS,CHANNELS & PROCESSES,GLOBAL CHANNELS,4779,GLOBAL CHANNELS,2,2,2,2,13,13,1,1,0,0,0,0,79.8,0,0
25-Mar,COMMERCIAL CLIENT SOLUTIONS,CHANNELS & PROCESSES,GLOBAL CHANNELS,4779,GLOBAL CHANNELS,1,1,0,0,13,13,1,1,0,0,0,0,29.863,0,0
25-Apr,COMMERCIAL CLIENT SOLUTIONS,CHANNELS & PROCESSES,GLOBAL CHANNELS,4779,GLOBAL CHANNELS,3,3,2,2,0,0,2,2,0,0,0,0,57.187,0,0
25-May,COMMERCIAL CLIENT SOLUTIONS,CHANNELS & PROCESSES,GLOBAL CHANNELS,4779,GLOBAL CHANNELS,3,3,2,2,2,2,3,3,0,0,0,0,14.576,0,0
25-Jun,COMMERCIAL CLIENT SOLUTIONS,CHANNELS & PROCESSES,GLOBAL CHANNELS,4779,GLOBAL CHANNELS,2,2,1,1,25,26,2,2,0,0,0,0,18.169,0,0
25-Jul,COMMERCIAL CLIENT SOLUTIONS,CHANNELS & PROCESSES,GLOBAL CHANNELS,4779,GLOBAL CHANNELS,2,2,1,1,0,0,2,2,0,0,0,0,23.005,0,0
25-Aug,COMMERCIAL CLIENT SOLUTIONS,CHANNELS & PROCESSES,GLOBAL CHANNELS,4779,GLOBAL CHANNELS,2,2,1,1,0,0,2,2,0,0,0,0,25.704,0,0
25-Sep,COMMERCIAL CLIENT SOLUTIONS,CHANNELS & PROCESSES,GLOBAL CHANNELS,4779,GLOBAL CHANNELS,2,2,1,1,0,0,2,2,0,0,0,0,25.704,0,0
25-Mar,URUGUAY,SYSTEMS ENGINEERING,,4801,CFE,11,1,0,11,1,5,1,3,0,0,0,0,14.696,0,0
25-Apr,URUGUAY,SYSTEMS ENGINEERING,,4801,CFE,11,1,0,11,0,0,1,3,0,0,0,0,14.696,0,0
25-May,URUGUAY,SYSTEMS ENGINEERING,,4801,CFE,11,1,0,11,0,0,1,3,0,0,0,0,14.696,0,0
25-Jun,URUGUAY,SYSTEMS ENGINEERING,,4801,CFE,11,1,1,11,0,0,1,3,0,0,0,0,14.696,0,0
25-Jul,URUGUAY,SYSTEMS ENGINEERING,,4801,CFE,11,1,1,11,0,0,1,3,0,0,0,0,14.696,0,0
25-Aug,URUGUAY,SYSTEMS ENGINEERING,,4801,CFE,11,1,1,11,0,0,1,3,0,0,0,0,14.696,0,0
25-Mar,ARGENTINA,SYSTEMS ENGINEERING,ADQUIRENCIA,4851,PA04 BBVA ADQUIRENTE - CICLO DE VIDA COMERCIOS,3,3,3,3,13,13,0,1,0,0,0,0,30.069,0,0
25-Apr,ARGENTINA,SYSTEMS ENGINEERING,ADQUIRENCIA,4851,PA04 BBVA ADQUIRENTE - CICLO DE VIDA COMERCIOS,3,3,3,3,2,2,0.5,1,0,0,0,0,31.688,0,0
25-May,ARGENTINA,SYSTEMS ENGINEERING,ADQUIRENCIA,4851,PA04 BBVA ADQUIRENTE - CICLO DE VIDA COMERCIOS,3,3,3,3,9,9,0,1,0,0,0,0,31.688,0,0
25-Jun,ARGENTINA,SYSTEMS ENGINEERING,ADQUIRENCIA,4851,PA04 BBVA ADQUIRENTE - CICLO DE VIDA COMERCIOS,3,3,3,3,18,18,0.5,1,0,0,0,0,32.376,0,0
25-Jul,ARGENTINA,SYSTEMS ENGINEERING,ADQUIRENCIA,4851,PA04 BBVA ADQUIRENTE - CICLO DE VIDA COMERCIOS,3,3,3,3,0,0,1,1,0,0,0,0,45.909,0,0
25-Aug,ARGENTINA,SYSTEMS ENGINEERING,ADQUIRENCIA,4851,PA04 BBVA ADQUIRENTE - CICLO DE VIDA COMERCIOS,3,3,3,3,0,0,0,1,0,0,0,0,39.538,0,0
25-Sep,ARGENTINA,SYSTEMS ENGINEERING,ADQUIRENCIA,4851,PA04 BBVA ADQUIRENTE - CICLO DE VIDA COMERCIOS,3,3,3,3,0,0,0,1,0,0,0,0,39.538,0,0
25-Mar,ARGENTINA,SYSTEMS ENGINEERING,ADQUIRENCIA,4853,PA03 PSP - MERCURIO,1,1,1,1,6,6,0,1,0,0,0,0,32.793,0,0
25-Apr,ARGENTINA,SYSTEMS ENGINEERING,ADQUIRENCIA,4853,PA03 PSP - MERCURIO,1,1,1,1,1,1,0.5,1,0,0,0,0,32.827,0,0
25-May,ARGENTINA,SYSTEMS ENGINEERING,ADQUIRENCIA,4853,PA03 PSP - MERCURIO,1,1,1,1,1,1,1,1,0,0,0,0,32.95,0,0
25-Jun,ARGENTINA,SYSTEMS ENGINEERING,ADQUIRENCIA,4853,PA03 PSP - MERCURIO,1,1,1,1,1,1,0,1,0,0,0,0,34.694,0,0
25-Jul,ARGENTINA,SYSTEMS ENGINEERING,ADQUIRENCIA,4853,PA03 PSP - MERCURIO,1,1,1,1,0,0,1,2,0,0,0,0,34.978,0,0
25-Aug,ARGENTINA,SYSTEMS ENGINEERING,ADQUIRENCIA,4853,PA03 PSP - MERCURIO,1,1,1,1,0,0,1,2,0,0,0,0,36.067,0,0
25-Sep,ARGENTINA,SYSTEMS ENGINEERING,ADQUIRENCIA,4853,PA03 PSP - MERCURIO,1,1,1,1,0,0,1,2,0,0,0,0,36.389,0,0
25-Mar,CFE,R&IC,,4911,CROSS DATA & AML,0,0,1,1,16,17,0,1,0,0,0,0,15.773,0,0
25-Apr,CFE,R&IC,,4911,CROSS DATA & AML,0,0,1,1,0,0,0,1,0,0,0,0,58.012,0,0
25-May,CFE,R&IC,,4911,CROSS DATA & AML,0,0,1,1,0,0,1,1,0,0,0,0,119.092,0,0
25-Jun,CFE,R&IC,,4911,CROSS DATA & AML,0,0,1,1,1,1,1,1,0,0,0,0,120.145,0,0
25-Jul,CFE,R&IC,,4911,CROSS DATA & AML,0,0,1,1,16,16,1,1,0,0,0,0,264.245,0,0
25-Aug,CFE,R&IC,,4911,CROSS DATA & AML,0,0,1,1,16,16,1,1,0,0,0,0,274.841,0,0
25-Sep,CFE,R&IC,,4911,CROSS DATA & AML,0,0,1,1,16,16,1,1,0,0,0,0,274.38,0,0
25-Mar,COLOMBIA,DATA TRANSFORMATION & ENGINEERING,DATAHUB,4914,ENGINEERING - DATA,4,4,2,4,0,0,3,3,73,0,0,73,1.583.166,0,0
25-Apr,COLOMBIA,DATA TRANSFORMATION & ENGINEERING,DATAHUB,4914,ENGINEERING - DATA,4,4,2,4,12,13,3,4,73,0,0,73,1.083.007,0,0
25-May,COLOMBIA,DATA TRANSFORMATION & ENGINEERING,DATAHUB,4914,ENGINEERING - DATA,4,3,2,4,0,0,3,4,0,0,0,0,465.656,0,0
25-Jun,COLOMBIA,DATA TRANSFORMATION & ENGINEERING,DATAHUB,4914,ENGINEERING - DATA,4,4,4,4,2,3,3,4,0,0,0,0,551.298,0,0
25-Jul,COLOMBIA,DATA TRANSFORMATION & ENGINEERING,DATAHUB,4914,ENGINEERING - DATA,4,4,4,4,0,0,3,4,0,0,0,0,551.288,0,0
25-Aug,COLOMBIA,DATA TRANSFORMATION & ENGINEERING,DATAHUB,4914,ENGINEERING - DATA,4,4,4,4,1,1,3,4,0,0,0,0,551.099,0,0
25-Sep,COLOMBIA,DATA TRANSFORMATION & ENGINEERING,DATAHUB,4914,ENGINEERING - DATA,4,4,4,4,2,2,3,4,0,0,0,0,551.113,0,0
25-Mar,CIB,DATA ENGINEERING,DATA HUB,4921,CIB DATAHUB & EXECUTION,1,1,1,1,355,370,0,1,6,0,0,6,1.287.918,0,0
25-Apr,CIB,DATA ENGINEERING,DATA HUB,4921,CIB DATAHUB & EXECUTION,1,1,1,1,105,112,0,1,0,0,0,0,43.437,0,0
25-May,CIB,DATA ENGINEERING,DATA HUB,4921,CIB DATAHUB & EXECUTION,1,1,1,1,128,135,0,1,0,0,0,0,43.439,0,0
25-Jun,CIB,DATA ENGINEERING,DATA HUB,4921,CIB DATAHUB & EXECUTION,1,1,1,1,309,319,0,1,0,0,0,0,149.524,0,0
25-Jul,CIB,DATA ENGINEERING,DATA HUB,4921,CIB DATAHUB & EXECUTION,1,1,1,1,52,53,0,1,0,0,0,0,136.882,0,0
25-Aug,CIB,DATA ENGINEERING,DATA HUB,4921,CIB DATAHUB & EXECUTION,1,1,1,1,71,72,0,1,0,0,0,0,136.359,0,0
25-Sep,CIB,DATA ENGINEERING,DATA HUB,4921,CIB DATAHUB & EXECUTION,1,1,1,1,80,81,0,1,0,0,0,0,136.125,0,0
25-Mar,CIB,CIB ENGINEERING,SW DELIVERY,4924,FRONT OFFICE PLATFORM,4,4,4,4,81,92,1,3,2,0,0,2,26.182,0,0
25-Apr,CIB,CIB ENGINEERING,SW DELIVERY,4924,FRONT OFFICE PLATFORM,4,4,4,4,33,35,1,3,2,0,0,2,23.301,0,0
25-Mar,COMMERCIAL CLIENT SOLUTIONS,CHANNELS & PROCESSES,COREX & BANKING PLATFORM EVOLUTION,4958,FACTORIA ENTERPRISE CLIENTS AMERICA,0,0,1,1,6,6,0.5,1,0,0,0,0,19.198,0,0
25-Apr,COMMERCIAL CLIENT SOLUTIONS,CHANNELS & PROCESSES,COREX & BANKING PLATFORM EVOLUTION,4958,FACTORIA ENTERPRISE CLIENTS AMERICA,0,0,1,1,0,0,0,1,0,0,0,0,24.625,0,0
25-May,COMMERCIAL CLIENT SOLUTIONS,CHANNELS & PROCESSES,COREX & BANKING PLATFORM EVOLUTION,4958,FACTORIA ENTERPRISE CLIENTS AMERICA,0,0,1,1,7,7,0,1,0,0,0,0,29.145,0,0
25-Jun,COMMERCIAL CLIENT SOLUTIONS,CHANNELS & PROCESSES,COREX & BANKING PLATFORM EVOLUTION,4958,FACTORIA ENTERPRISE CLIENTS AMERICA,0,0,1,1,14,14,0,1,0,0,0,0,29.882,0,0
25-Jul,COMMERCIAL CLIENT SOLUTIONS,CHANNELS & PROCESSES,COREX & BANKING PLATFORM EVOLUTION,4958,FACTORIA ENTERPRISE CLIENTS AMERICA,0,0,1,1,0,0,0.5,1,0,0,0,0,28.895,0,0
25-Aug,COMMERCIAL CLIENT SOLUTIONS,CHANNELS & PROCESSES,COREX & BANKING PLATFORM EVOLUTION,4958,FACTORIA ENTERPRISE CLIENTS AMERICA,1,0,1,1,0,0,0.5,1,0,0,0,0,36.52,0,0
25-Sep,COMMERCIAL CLIENT SOLUTIONS,CHANNELS & PROCESSES,COREX & BANKING PLATFORM EVOLUTION,4958,FACTORIA ENTERPRISE CLIENTS AMERICA,1,0,1,1,0,0,0.5,1,0,0,0,0,36.656,0,0
25-Mar,COMMERCIAL CLIENT SOLUTIONS,SUSTAINABILITY RELATIONSHIP MODELS & SPARK,RELATIONSHIP MODELS,4961,GESTOR DE INTERVINIENTES,1,1,1,1,0,0,0,0,0,0,0,0,0,0,0
25-Apr,COMMERCIAL CLIENT SOLUTIONS,SUSTAINABILITY RELATIONSHIP MODELS & SPARK,RELATIONSHIP MODELS,4961,GESTOR DE INTERVINIENTES,1,1,1,1,0,0,0,0,0,0,0,0,0,0,0
25-May,COMMERCIAL CLIENT SOLUTIONS,SUSTAINABILITY RELATIONSHIP MODELS & SPARK,RELATIONSHIP MODELS,4961,GESTOR DE INTERVINIENTES,1,1,1,1,0,0,0,0,0,0,0,0,0,0,0
25-Jun,COMMERCIAL CLIENT SOLUTIONS,SUSTAINABILITY RELATIONSHIP MODELS & SPARK,RELATIONSHIP MODELS,4961,GESTOR DE INTERVINIENTES,1,1,1,1,0,0,1,1,0,0,0,0,0,0,0
25-Jul,COMMERCIAL CLIENT SOLUTIONS,SUSTAINABILITY RELATIONSHIP MODELS & SPARK,RELATIONSHIP MODELS,4961,GESTOR DE INTERVINIENTES,1,1,1,1,0,0,1,1,0,0,0,0,0,0,0
25-Aug,COMMERCIAL CLIENT SOLUTIONS,SUSTAINABILITY RELATIONSHIP MODELS & SPARK,RELATIONSHIP MODELS,4961,GESTOR DE INTERVINIENTES,1,1,1,1,0,0,1,1,0,0,0,0,0,0,0
25-Sep,COMMERCIAL CLIENT SOLUTIONS,SUSTAINABILITY RELATIONSHIP MODELS & SPARK,RELATIONSHIP MODELS,4961,GESTOR DE INTERVINIENTES,1,1,1,1,0,0,1,1,0,0,0,0,0,0,0
25-Mar,RETAIL CLIENT SOLUTIONS,RETAIL,RETAIL - PAYMENTS,4964,PLATAFORMA ADQUIRENCIA,0,0,1,3,5,5,2,2,0,0,0,0,201.744,0,0
25-Apr,RETAIL CLIENT SOLUTIONS,RETAIL,RETAIL - PAYMENTS,4964,PLATAFORMA ADQUIRENCIA,0,0,1,3,0,0,3,3,0,0,0,0,155.638,0,0
25-May,RETAIL CLIENT SOLUTIONS,RETAIL,RETAIL - PAYMENTS,4964,PLATAFORMA ADQUIRENCIA,0,0,1,3,0,0,3,3,0,0,0,0,163.924,0,0
25-Jun,RETAIL CLIENT SOLUTIONS,RETAIL,RETAIL - PAYMENTS,4964,PLATAFORMA ADQUIRENCIA,0,0,1,3,5,5,3,3,0,0,0,0,166.578,0,0
25-Jul,RETAIL CLIENT SOLUTIONS,RETAIL,RETAIL - PAYMENTS,4964,PLATAFORMA ADQUIRENCIA,0,0,3,3,0,0,3,3,0,0,0,0,170.304,0,0
25-Aug,RETAIL CLIENT SOLUTIONS,RETAIL,RETAIL - PAYMENTS,4964,PLATAFORMA ADQUIRENCIA,0,0,3,3,0,0,3,3,0,0,0,0,184.28,0,0
25-Mar,GSD,GSD,PAYMENT,4979,TRACKING PAYMENT,0,0,1,1,0,0,1,1,0,0,0,0,5.673,0,0
25-Apr,GSD,GSD,PAYMENT,4979,TRACKING PAYMENT,0,0,1,1,0,0,1,1,0,0,0,0,5.673,0,0
25-May,GSD,GSD,PAYMENT,4979,TRACKING PAYMENT,0,0,1,1,0,0,1,1,0,0,0,0,5.532,0,0
25-Jun,GSD,GSD,PAYMENT,4979,TRACKING PAYMENT,0,0,1,1,1,1,1,1,0,0,0,0,5.651,0,0
25-Jul,GSD,GSD,PAYMENT,4979,TRACKING PAYMENT,0,0,1,1,0,0,1,1,0,0,0,0,5.651,0,0
25-Aug,GSD,GSD,PAYMENT,4979,TRACKING PAYMENT,0,0,1,1,0,0,1,1,0,0,0,0,5.67,0,0
25-Sep,GSD,GSD,PAYMENT,4979,TRACKING PAYMENT,0,0,1,1,0,0,1,1,0,0,0,0,5.67,0,0
25-Mar,CIB,CIB ENGINEERING,SW CROSS,4985,CIB RISK DATA,3,3,3,3,32,33,0,3,95,0,0,95,1.019.622,0,0
25-Apr,CIB,CIB ENGINEERING,SW CROSS,4985,CIB RISK DATA,3,2,3,3,23,23,0,3,651,0,0,651,970.237,0,0
25-Mar,MEXICO,DATA TRANSFORMATION & ENGINEERING,SEGURIDAD Y OTRAS PI,5009,DATA LEGACY,3,3,0,3,0,0,2,2,14,0,0,14,85.288,0,0
25-Apr,MEXICO,DATA TRANSFORMATION & ENGINEERING,SEGURIDAD Y OTRAS PI,5009,DATA LEGACY,3,3,0,3,0,0,2,2,14,0,0,14,62.662,0,0
25-May,MEXICO,DATA TRANSFORMATION & ENGINEERING,SEGURIDAD Y OTRAS PI,5009,DATA LEGACY,3,3,0,3,1,1,2,2,14,0,0,14,62.662,0,0
25-Jun,MEXICO,DATA TRANSFORMATION & ENGINEERING,SEGURIDAD Y OTRAS PI,5009,DATA LEGACY,3,3,0,3,6,6,1,2,14,0,0,14,62.662,0,0
25-Jul,MEXICO,DATA TRANSFORMATION & ENGINEERING,SEGURIDAD Y OTRAS PI,5009,DATA LEGACY,3,3,0,3,2,2,2,2,0,0,0,0,86.711,0,0
25-Aug,MEXICO,DATA TRANSFORMATION & ENGINEERING,SEGURIDAD Y OTRAS PI,5009,DATA LEGACY,3,3,0,3,4,4,1,2,0,0,0,0,142.37,0,0
25-Sep,MEXICO,DATA TRANSFORMATION & ENGINEERING,SEGURIDAD Y OTRAS PI,5009,DATA LEGACY,3,3,0,3,4,4,1,2,0,0,0,0,142.37,0,0
25-Mar,CIB,CIB ENGINEERING,SW CROSS,5010,CIB FINANCE PLATFORMS,2,2,2,2,1,1,0,1,0,0,0,0,2.098.660,0,0
25-Apr,CIB,CIB ENGINEERING,SW CROSS,5010,CIB FINANCE PLATFORMS,2,2,2,2,1,1,0,1,0,0,0,0,2.093.276,0,0
25-Mar,CIB,CIB ENGINEERING,SW CROSS,5012,CIB LIQUIDITY & ADMISSION,7,4,2,8,10,27,4,7,760,0,0,760,29.035.783,0,0
25-Apr,CIB,CIB ENGINEERING,SW CROSS,5012,CIB LIQUIDITY & ADMISSION,6,5,2,8,12,14,4,6,834,0,0,834,19.628.566,0,0
25-Mar,CFE,T&C,,5028,WORKFORCE RECRUITING-TALENT,2,2,0,1,8,9,3,3,0,0,0,0,3.254,0,0
25-Apr,CFE,T&C,,5028,WORKFORCE RECRUITING-TALENT,2,2,0,1,0,0,3,3,0,0,0,0,534,0,0
25-May,CFE,T&C,,5028,WORKFORCE RECRUITING-TALENT,2,2,0,0,0,0,2,3,0,0,0,0,4.341,0,0
25-Jun,CFE,T&C,,5028,WORKFORCE RECRUITING-TALENT,2,2,0,0,0,0,2,3,0,0,0,0,6.158,0,0
25-Jul,CFE,T&C,,5028,WORKFORCE RECRUITING-TALENT,2,2,0,0,0,0,3,3,0,0,0,0,6.158,0,0
25-Aug,CFE,T&C,,5028,WORKFORCE RECRUITING-TALENT,2,2,0,0,3,3,3,3,0,0,0,0,6.158,0,0
25-Sep,CFE,T&C,,5028,WORKFORCE RECRUITING-TALENT,3,3,1,1,3,3,3,3,0,0,0,0,6.394,0,0
25-Mar,COLOMBIA,SYSTEMS ENGINEERING,RETAIL,5088,ANTIFRAUDE,6,6,6,6,7,7,4,4,77,0,0,77,3.136.291,0,0
25-Apr,COLOMBIA,SYSTEMS ENGINEERING,RETAIL,5088,ANTIFRAUDE,6,6,6,6,0,0,4,4,30,0,0,30,889.257,0,0
25-May,COLOMBIA,SYSTEMS ENGINEERING,RETAIL,5088,ANTIFRAUDE,6,6,6,6,0,0,4.5,5,30,0,0,30,876.765,0,0
25-Jun,COLOMBIA,SYSTEMS ENGINEERING,RETAIL,5088,ANTIFRAUDE,6,6,6,6,7,7,6,6,30,0,0,30,879.351,0,0
25-Jul,COLOMBIA,SYSTEMS ENGINEERING,RETAIL,5088,ANTIFRAUDE,6,6,6,6,1,1,5,6,30,0,0,30,882.243,0,0
25-Aug,COLOMBIA,SYSTEMS ENGINEERING,RETAIL,5088,ANTIFRAUDE,6,6,6,6,1,1,5.5,6,0,0,0,0,92.3,0,0
25-Sep,COLOMBIA,SYSTEMS ENGINEERING,RETAIL,5088,ANTIFRAUDE,6,6,6,6,1,1,5.5,6,0,0,0,0,95.881,0,0
25-Mar,URUGUAY,SYSTEMS ENGINEERING,,5117,CORE BANKING,19,0,0,19,16,24,4,8,0,0,0,0,962.229,0,0
25-Apr,URUGUAY,SYSTEMS ENGINEERING,,5117,CORE BANKING,19,0,0,19,4,6,5,8,0,0,0,0,951.568,0,0
25-May,URUGUAY,SYSTEMS ENGINEERING,,5117,CORE BANKING,19,0,0,19,6,7,5,8,0,0,0,0,1.132.270,0,0
25-Jun,URUGUAY,SYSTEMS ENGINEERING,,5117,CORE BANKING,19,2,17,19,30,33,5.5,8,0,0,0,0,1.143.472,0,0
25-Jul,URUGUAY,SYSTEMS ENGINEERING,,5117,CORE BANKING,19,2,17,19,6,7,6.5,9,0,0,0,0,1.145.887,0,0
25-Aug,URUGUAY,SYSTEMS ENGINEERING,,5117,CORE BANKING,19,2,17,19,14,16,7.5,9,0,0,0,0,1.149.442,0,0
25-May,CIB,SW DELIVERY,ACCOUNTING & CORE BANKING,5118,CORE BANKING,3,3,3,3,19,21,0,2,240,0,0,240,147.679,0,0
25-Jun,CIB,SW DELIVERY,ACCOUNTING & CORE BANKING,5118,CORE BANKING,3,3,3,3,20,22,1,2,240,0,0,240,147.68,0,0
25-Jul,CIB,SW DELIVERY,ACCOUNTING & CORE BANKING,5118,CORE BANKING,3,3,3,3,23,24,0,1,301,0,0,301,147.68,0,0
25-Aug,CIB,SW DELIVERY,ACCOUNTING & CORE BANKING,5118,CORE BANKING,3,3,3,3,23,24,1,1,301,0,0,301,147.68,0,0
25-Sep,CIB,SW DELIVERY,ACCOUNTING & CORE BANKING,5118,CORE BANKING,3,3,3,3,23,24,1,1,301,0,0,301,147.68,0,0
25-Mar,COLOMBIA,SYSTEMS ENGINEERING,CFS-RIESGOS,5127,RIESGOS PARTICULARES,6,5,6,6,14,14,6,6,0,0,0,0,719.524,0,0
25-Apr,COLOMBIA,SYSTEMS ENGINEERING,CFS-RIESGOS,5127,RIESGOS PARTICULARES,6,5,6,6,0,0,6,6,0,0,0,0,706.11,0,0
25-May,COLOMBIA,SYSTEMS ENGINEERING,CFS-RIESGOS,5127,RIESGOS PARTICULARES,6,6,6,6,5,5,6,6,0,0,0,0,711.991,0,0
25-Jun,COLOMBIA,SYSTEMS ENGINEERING,CFS-RIESGOS,5127,RIESGOS PARTICULARES,6,6,6,6,12,12,6,6,0,0,0,0,713.315,0,0
25-Jul,COLOMBIA,SYSTEMS ENGINEERING,CFS-RIESGOS,5127,RIESGOS PARTICULARES,6,6,6,6,1,1,6,6,0,0,0,0,713.469,0,0
25-Aug,COLOMBIA,SYSTEMS ENGINEERING,CFS-RIESGOS,5127,RIESGOS PARTICULARES,6,6,6,6,1,1,6,6,0,0,0,0,713.526,0,0
25-Sep,COLOMBIA,SYSTEMS ENGINEERING,CFS-RIESGOS,5127,RIESGOS PARTICULARES,6,6,6,6,1,1,6,6,0,0,0,0,713.088,0,0
25-Mar,COLOMBIA,SYSTEMS ENGINEERING,CFS-RIESGOS,5130,RIESGOS COBRANZA,2,2,2,2,12,12,1,1,0,0,0,0,0,0,0
25-Apr,COLOMBIA,SYSTEMS ENGINEERING,CFS-RIESGOS,5130,RIESGOS COBRANZA,2,2,2,2,2,2,1,1,0,0,0,0,0,0,0
25-May,COLOMBIA,SYSTEMS ENGINEERING,CFS-RIESGOS,5130,RIESGOS COBRANZA,2,2,2,2,10,10,1,1,0,0,0,0,0,0,0
25-Jun,COLOMBIA,SYSTEMS ENGINEERING,CFS-RIESGOS,5130,RIESGOS COBRANZA,2,2,2,2,20,20,1,1,0,0,0,0,0,0,0
25-Jul,COLOMBIA,SYSTEMS ENGINEERING,CFS-RIESGOS,5130,RIESGOS COBRANZA,2,2,2,2,8,8,1,1,0,0,0,0,5.988,0,0
25-Aug,COLOMBIA,SYSTEMS ENGINEERING,CFS-RIESGOS,5130,RIESGOS COBRANZA,2,2,2,2,11,11,1,1,0,0,0,0,5.996,0,0
25-Sep,COLOMBIA,SYSTEMS ENGINEERING,CFS-RIESGOS,5130,RIESGOS COBRANZA,2,2,2,2,12,12,1,1,0,0,0,0,5.952,0,0
25-Mar,COLOMBIA,SYSTEMS ENGINEERING,CFS-RIESGOS,5131,"RIESGOS REPORTING, NORMATIVOS",6,6,6,6,8,8,3,3,0,0,0,0,51.831,0,0
25-Apr,COLOMBIA,SYSTEMS ENGINEERING,CFS-RIESGOS,5131,"RIESGOS REPORTING, NORMATIVOS",6,6,6,6,3,3,3,3,0,0,0,0,51.831,0,0
25-May,COLOMBIA,SYSTEMS ENGINEERING,CFS-RIESGOS,5131,"RIESGOS REPORTING, NORMATIVOS",6,6,6,6,5,5,3,3,0,0,0,0,51.831,0,0
25-Jun,COLOMBIA,SYSTEMS ENGINEERING,CFS-RIESGOS,5131,"RIESGOS REPORTING, NORMATIVOS",6,6,6,6,12,12,3,4,0,0,0,0,52.365,0,0
25-Jul,COLOMBIA,SYSTEMS ENGINEERING,CFS-RIESGOS,5131,"RIESGOS REPORTING, NORMATIVOS",6,6,6,6,5,5,3,3,0,0,0,0,52.365,0,0
25-Aug,COLOMBIA,SYSTEMS ENGINEERING,CFS-RIESGOS,5131,"RIESGOS REPORTING, NORMATIVOS",6,6,6,6,9,9,3,3,0,0,0,0,52.365,0,0
25-Sep,COLOMBIA,SYSTEMS ENGINEERING,CFS-RIESGOS,5131,"RIESGOS REPORTING, NORMATIVOS",5,5,5,5,9,9,3,3,0,0,0,0,52.365,0,0
25-Mar,CIB,DATA ENGINEERING,ANALYTICS,5161,CIB SUSTAINABILITY & BUSINESS SOL,24,22,23,23,54,57,7,17,3934,0,0,3934,9.864.495,0,0
25-Apr,CIB,DATA ENGINEERING,ANALYTICS,5161,CIB SUSTAINABILITY & BUSINESS SOL,24,21,23,23,38,39,8,17,3586,0,0,3586,9.396.723,0,0
25-May,CIB,DATA ENGINEERING,ANALYTICS,5161,CIB SUSTAINABILITY & BUSINESS SOL,1,1,1,1,2,2,0,1,0,0,0,0,0,0,0
25-Mar,ARGENTINA,SYSTEMS ENGINEERING,PRODUCTOS RETAIL,5193,AR39 PRESTAMOS PERSONALES,4,4,4,4,0,0,1,1,0,0,0,0,0,0,0
25-Apr,ARGENTINA,SYSTEMS ENGINEERING,PRODUCTOS RETAIL,5193,AR39 PRESTAMOS PERSONALES,4,4,4,4,0,0,1,1,0,0,0,0,0,0,0
25-May,ARGENTINA,SYSTEMS ENGINEERING,PRODUCTOS RETAIL,5193,AR39 PRESTAMOS PERSONALES,4,4,4,4,0,0,1,1,0,0,0,0,0,0,0
25-Jun,ARGENTINA,SYSTEMS ENGINEERING,PRODUCTOS RETAIL,5193,AR39 PRESTAMOS PERSONALES,4,4,4,4,0,0,1,1,0,0,0,0,0,0,0
25-Jul,ARGENTINA,SYSTEMS ENGINEERING,PRODUCTOS RETAIL,5193,AR39 PRESTAMOS PERSONALES,4,4,4,4,0,0,1,1,0,0,0,0,0,0,0
25-Aug,ARGENTINA,SYSTEMS ENGINEERING,PRODUCTOS RETAIL,5193,AR39 PRESTAMOS PERSONALES,5,5,4,5,0,0,1,1,0,0,0,0,0,0,0
25-Sep,ARGENTINA,SYSTEMS ENGINEERING,PRODUCTOS RETAIL,5193,AR39 PRESTAMOS PERSONALES,5,5,4,5,0,0,1,1,0,0,0,0,0,0,0
25-Mar,ARGENTINA,SYSTEMS ENGINEERING,VENTAS,5194,RB06 NECESIDADES DIGITALES,2,2,2,2,3,5,0,1,0,0,0,0,221.251,0,0
25-Apr,ARGENTINA,SYSTEMS ENGINEERING,VENTAS,5194,RB06 NECESIDADES DIGITALES,2,2,2,2,0,0,0.5,1,0,0,0,0,221.251,0,0
25-May,ARGENTINA,SYSTEMS ENGINEERING,VENTAS,5194,RB06 NECESIDADES DIGITALES,2,2,2,2,6,6,1,1,0,0,0,0,323.84,0,0
25-Jun,ARGENTINA,SYSTEMS ENGINEERING,VENTAS,5194,RB06 NECESIDADES DIGITALES,2,2,2,2,11,11,1,1,0,0,0,0,323.84,0,0
25-Jul,ARGENTINA,SYSTEMS ENGINEERING,VENTAS,5194,RB06 NECESIDADES DIGITALES,2,2,2,2,0,0,1,1,101,0,0,101,323.84,0,0
25-Aug,ARGENTINA,SYSTEMS ENGINEERING,VENTAS,5194,RB06 NECESIDADES DIGITALES,2,2,2,2,0,0,0,1,99,0,0,99,323.854,0,0
25-Sep,ARGENTINA,SYSTEMS ENGINEERING,VENTAS,5194,RB06 NECESIDADES DIGITALES,2,2,2,2,0,0,0,1,99,0,0,99,323.873,0,0
25-Mar,ARGENTINA,SYSTEMS ENGINEERING,VENTAS,5195,AR31 PAQUETES Y TARJETAS,5,5,5,5,6,6,1,1,0,0,0,0,0,0,0
25-Apr,ARGENTINA,SYSTEMS ENGINEERING,VENTAS,5195,AR31 PAQUETES Y TARJETAS,5,5,5,5,1,1,1,1,0,0,0,0,0,0,0
25-May,ARGENTINA,SYSTEMS ENGINEERING,VENTAS,5195,AR31 PAQUETES Y TARJETAS,5,5,5,5,0,0,1,1,0,0,0,0,0,0,0
25-Jun,ARGENTINA,SYSTEMS ENGINEERING,VENTAS,5195,AR31 PAQUETES Y TARJETAS,5,5,5,5,4,5,1,1,0,0,0,0,0,0,0
25-Jul,ARGENTINA,SYSTEMS ENGINEERING,VENTAS,5195,AR31 PAQUETES Y TARJETAS,5,5,5,5,1,1,0,1,0,0,0,0,0,0,0
25-Aug,ARGENTINA,SYSTEMS ENGINEERING,VENTAS,5195,AR31 PAQUETES Y TARJETAS,4,4,4,4,3,3,0,1,0,0,0,0,0,0,0
25-Sep,ARGENTINA,SYSTEMS ENGINEERING,VENTAS,5195,AR31 PAQUETES Y TARJETAS,4,4,4,4,5,5,0,1,0,0,0,0,0,0,0
25-Mar,ARGENTINA,SYSTEMS ENGINEERING,VENTAS,5196,AR33 PRODUCTOS NO CREDITICIOS,4,4,4,4,3,3,0,1,3,0,0,3,1.598.651,0,0
25-Apr,ARGENTINA,SYSTEMS ENGINEERING,VENTAS,5196,AR33 PRODUCTOS NO CREDITICIOS,4,4,4,4,0,0,0,1,2,0,0,2,1.538.391,0,0
25-May,ARGENTINA,SYSTEMS ENGINEERING,VENTAS,5196,AR33 PRODUCTOS NO CREDITICIOS,4,4,4,4,1,1,0,1,4,0,0,4,1.726.064,0,0
25-Jun,ARGENTINA,SYSTEMS ENGINEERING,VENTAS,5196,AR33 PRODUCTOS NO CREDITICIOS,4,4,4,4,4,4,0,1,0,0,0,0,1.663.090,0,0
25-Jul,ARGENTINA,SYSTEMS ENGINEERING,VENTAS,5196,AR33 PRODUCTOS NO CREDITICIOS,4,4,4,4,0,0,0.5,1,0,0,0,0,1.664.566,0,0
25-Aug,ARGENTINA,SYSTEMS ENGINEERING,VENTAS,5196,AR33 PRODUCTOS NO CREDITICIOS,4,4,4,4,3,3,0,1,0,0,0,0,1.657.775,0,0
25-Sep,ARGENTINA,SYSTEMS ENGINEERING,VENTAS,5196,AR33 PRODUCTOS NO CREDITICIOS,4,4,4,4,3,3,0,1,0,0,0,0,1.631.557,0,0
25-Mar,ARGENTINA,SYSTEMS ENGINEERING,VENTAS,5197,AR40 PRODUCTIVIDAD,1,1,1,1,0,0,0,0,0,0,0,0,1.715,0,0
25-Apr,ARGENTINA,SYSTEMS ENGINEERING,VENTAS,5197,AR40 PRODUCTIVIDAD,1,1,1,1,0,0,0,0,0,0,0,0,230,0,0
25-May,ARGENTINA,SYSTEMS ENGINEERING,VENTAS,5197,AR40 PRODUCTIVIDAD,1,0,1,1,0,0,0,0,0,0,0,0,230,0,0
25-Jun,ARGENTINA,SYSTEMS ENGINEERING,VENTAS,5197,AR40 PRODUCTIVIDAD,1,1,1,1,0,0,0,0,0,0,0,0,230,0,0
25-Jul,ARGENTINA,SYSTEMS ENGINEERING,VENTAS,5197,AR40 PRODUCTIVIDAD,1,1,1,1,0,0,0,0,0,0,0,0,230,0,0
25-Aug,ARGENTINA,SYSTEMS ENGINEERING,VENTAS,5197,AR40 PRODUCTIVIDAD,1,1,1,1,0,0,0,0,0,0,0,0,230,0,0
25-Sep,ARGENTINA,SYSTEMS ENGINEERING,VENTAS,5197,AR40 PRODUCTIVIDAD,1,1,1,1,0,0,0,0,0,0,0,0,230,0,0
25-Mar,ARGENTINA,SYSTEMS ENGINEERING,VENTAS,5198,AR32 MOTOR DE RIESGOS,2,2,2,2,3,3,0,1,0,0,0,0,164.381,0,0
25-Apr,ARGENTINA,SYSTEMS ENGINEERING,VENTAS,5198,AR32 MOTOR DE RIESGOS,2,2,2,2,1,1,0,1,0,0,0,0,115.892,0,0
25-May,ARGENTINA,SYSTEMS ENGINEERING,VENTAS,5198,AR32 MOTOR DE RIESGOS,2,2,2,2,2,2,0,1,0,0,0,0,115.847,0,0
25-Jun,ARGENTINA,SYSTEMS ENGINEERING,VENTAS,5198,AR32 MOTOR DE RIESGOS,2,2,2,2,6,6,0,1,0,0,0,0,119.567,0,0
25-Jul,ARGENTINA,SYSTEMS ENGINEERING,VENTAS,5198,AR32 MOTOR DE RIESGOS,2,2,2,2,0,0,0,1,0,0,0,0,119.802,0,0
25-Aug,ARGENTINA,SYSTEMS ENGINEERING,VENTAS,5198,AR32 MOTOR DE RIESGOS,2,2,2,2,2,2,0.5,1,0,0,0,0,118.174,0,0
25-Sep,ARGENTINA,SYSTEMS ENGINEERING,VENTAS,5198,AR32 MOTOR DE RIESGOS,2,2,2,2,2,2,0.5,1,0,0,0,0,118.182,0,0
25-Mar,COLOMBIA,SYSTEMS ENGINEERING,ENTERPRISE,5209,ENTERPRISE MOBILE (GEMA),2,1,2,2,53,59,0,1,0,0,0,0,80.048,0,0
25-Apr,COLOMBIA,SYSTEMS ENGINEERING,ENTERPRISE,5209,ENTERPRISE MOBILE (GEMA),2,1,2,2,16,16,0,1,0,0,0,0,70.15,0,0
25-May,COLOMBIA,SYSTEMS ENGINEERING,ENTERPRISE,5209,ENTERPRISE MOBILE (GEMA),2,2,2,2,16,16,0,1,0,0,0,0,70.15,0,0
25-Jun,COLOMBIA,SYSTEMS ENGINEERING,ENTERPRISE,5209,ENTERPRISE MOBILE (GEMA),2,2,2,2,32,32,1,1,0,0,0,0,70.15,0,0
25-Jul,COLOMBIA,SYSTEMS ENGINEERING,ENTERPRISE,5209,ENTERPRISE MOBILE (GEMA),2,2,2,2,5,5,1,1,0,0,0,0,70.145,0,0
25-Aug,COLOMBIA,SYSTEMS ENGINEERING,ENTERPRISE,5209,ENTERPRISE MOBILE (GEMA),2,2,2,2,10,11,1,1,0,0,0,0,70.145,0,0
25-Sep,COLOMBIA,SYSTEMS ENGINEERING,ENTERPRISE,5209,ENTERPRISE MOBILE (GEMA),2,2,2,2,10,11,1,1,0,0,0,0,70.145,0,0
25-Mar,GSD,GSD,SECURITY GSD,5222,S-SDLC PROCESSES GLOBAL,1,1,1,1,0,0,1,1,0,0,0,0,139.601,0,0
25-Apr,GSD,GSD,SECURITY GSD,5222,S-SDLC PROCESSES GLOBAL,1,1,1,1,0,0,1,1,0,0,0,0,127.787,0,0
25-May,GSD,GSD,SECURITY GSD,5222,S-SDLC PROCESSES GLOBAL,1,1,1,1,0,0,1,1,0,0,0,0,127.867,0,0
25-Jun,GSD,GSD,SECURITY GSD,5222,S-SDLC PROCESSES GLOBAL,1,1,1,1,0,0,1,1,0,0,0,0,122.851,0,0
25-Jul,GSD,GSD,SECURITY GSD,5222,S-SDLC PROCESSES GLOBAL,1,1,1,1,0,0,1,1,0,0,0,0,89.027,0,0
25-Aug,GSD,GSD,SECURITY GSD,5222,S-SDLC PROCESSES GLOBAL,1,1,1,1,0,0,1,1,0,0,0,0,89.059,0,0
25-Sep,GSD,GSD,SECURITY GSD,5222,S-SDLC PROCESSES GLOBAL,1,1,1,1,0,0,1,1,0,0,0,0,89.317,0,0
25-Mar,MEXICO,SYSTEMS ENGINEERING,CORE BANKING PRODUCTS,5228,CUSTOMER OPERATION DATA LAYER,4,3,4,4,46,46,3,4,9,0,0,9,505.428,0,0
25-Apr,MEXICO,SYSTEMS ENGINEERING,CORE BANKING PRODUCTS,5228,CUSTOMER OPERATION DATA LAYER,4,4,4,4,0,0,4,4,420,0,0,420,636.798,0,0
25-May,MEXICO,SYSTEMS ENGINEERING,CORE BANKING PRODUCTS,5228,CUSTOMER OPERATION DATA LAYER,4,4,4,4,0,0,4,4,420,0,0,420,663.689,0,0
25-Jun,MEXICO,SYSTEMS ENGINEERING,CORE BANKING PRODUCTS,5228,CUSTOMER OPERATION DATA LAYER,3,3,3,3,20,20,3,3,0,0,0,0,386.412,0,0
25-Mar,ARGENTINA,SYSTEMS ENGINEERING,ADQUIRENCIA,5297,PA05 BBVA ADQUIRENTE - TRANSACCIONALIDAD,2,2,2,2,5,5,1,2,0,0,0,0,6.07,0,0
25-Apr,ARGENTINA,SYSTEMS ENGINEERING,ADQUIRENCIA,5297,PA05 BBVA ADQUIRENTE - TRANSACCIONALIDAD,2,2,2,2,0,0,1,2,0,0,0,0,6.054,0,0
25-May,ARGENTINA,SYSTEMS ENGINEERING,ADQUIRENCIA,5297,PA05 BBVA ADQUIRENTE - TRANSACCIONALIDAD,2,2,2,2,1,1,1,2,0,0,0,0,8.742,0,0
25-Jun,ARGENTINA,SYSTEMS ENGINEERING,ADQUIRENCIA,5297,PA05 BBVA ADQUIRENTE - TRANSACCIONALIDAD,0,0,0,0,4,4,1,2,0,0,0,0,9.03,0,0
25-Jul,ARGENTINA,SYSTEMS ENGINEERING,ADQUIRENCIA,5297,PA05 BBVA ADQUIRENTE - TRANSACCIONALIDAD,0,0,0,0,0,0,1,2,0,0,0,0,9.329,0,0
25-Aug,ARGENTINA,SYSTEMS ENGINEERING,ADQUIRENCIA,5297,PA05 BBVA ADQUIRENTE - TRANSACCIONALIDAD,0,0,0,0,0,0,1,2,0,0,0,0,9.329,0,0
25-Sep,ARGENTINA,SYSTEMS ENGINEERING,ADQUIRENCIA,5297,PA05 BBVA ADQUIRENTE - TRANSACCIONALIDAD,0,0,0,0,0,0,1,2,0,0,0,0,9.329,0,0
25-Mar,PERU,SYSTEMS,CROSS SYSTEMS,5311,OTHER CROSS PRODUCTS,7,7,5,7,41,41,0.5,5,0,0,0,0,2.837.089,0,0
25-Apr,PERU,SYSTEMS,CROSS SYSTEMS,5311,OTHER CROSS PRODUCTS,7,7,5,7,0,0,1,5,41,0,0,41,2.674.087,0,0
25-May,PERU,SYSTEMS,CROSS SYSTEMS,5311,OTHER CROSS PRODUCTS,7,7,7,7,28,28,1.5,5,6,0,0,6,2.645.099,0,0
25-Jun,PERU,SYSTEMS,CROSS SYSTEMS,5311,OTHER CROSS PRODUCTS,7,7,7,7,57,57,5,5,6,0,0,6,2.666.900,0,0
25-Jul,PERU,SYSTEMS,CROSS SYSTEMS,5311,OTHER CROSS PRODUCTS,7,7,7,7,2,2,5,5,6,0,0,6,2.678.058,0,0
25-Aug,PERU,SYSTEMS,CROSS SYSTEMS,5311,OTHER CROSS PRODUCTS,7,7,7,7,43,43,5,5,6,0,0,6,2.706.119,0,0
25-Sep,PERU,SYSTEMS,CROSS SYSTEMS,5311,OTHER CROSS PRODUCTS,7,7,7,7,55,56,5,5,0,0,0,0,2.717.894,0,0
25-Mar,PERU,SYSTEMS,CROSS SYSTEMS,5360,COMMERCIAL SUPPORT,6,6,6,6,55,55,2,5,136,0,0,136,2.936.531,0,0
25-Apr,PERU,SYSTEMS,CROSS SYSTEMS,5360,COMMERCIAL SUPPORT,6,6,6,6,1,1,2,5,338,0,0,338,2.585.115,0,0
25-May,PERU,SYSTEMS,CROSS SYSTEMS,5360,COMMERCIAL SUPPORT,7,5,6,7,15,16,3.5,6,392,0,0,392,2.247.279,0,0
25-Jun,PERU,SYSTEMS,CROSS SYSTEMS,5360,COMMERCIAL SUPPORT,7,5,7,7,39,39,4,6,392,0,0,392,2.293.383,0,0
25-Jul,PERU,SYSTEMS,CROSS SYSTEMS,5360,COMMERCIAL SUPPORT,7,7,7,7,2,2,4.5,6,405,0,0,405,2.280.211,0,0
25-Aug,PERU,SYSTEMS,CROSS SYSTEMS,5360,COMMERCIAL SUPPORT,7,7,7,7,14,14,5,6,418,0,0,418,2.305.407,0,0
25-Sep,PERU,SYSTEMS,CROSS SYSTEMS,5360,COMMERCIAL SUPPORT,7,7,7,7,19,19,5,6,418,0,0,418,2.308.442,0,0
25-Mar,MEXICO,SYSTEMS ENGINEERING,CORE CROSS SYSTEMS,5469,SYSTEMS CONTACT CENTER,6,5,6,6,180,187,2.5,6,23374,0,0,23374,22.043.518,0,0
25-Apr,MEXICO,SYSTEMS ENGINEERING,CORE CROSS SYSTEMS,5469,SYSTEMS CONTACT CENTER,6,5,6,6,1,1,3,6,23374,0,0,23374,21.959.218,0,0
25-May,MEXICO,SYSTEMS ENGINEERING,CORE CROSS SYSTEMS,5469,SYSTEMS CONTACT CENTER,6,5,6,6,3,3,3.5,6,22473,0,0,22473,22.978.614,0,0
25-Jun,MEXICO,SYSTEMS ENGINEERING,CORE CROSS SYSTEMS,5469,SYSTEMS CONTACT CENTER,6,5,6,6,164,164,2,6,22473,0,0,22473,23.018.656,0,0
25-Jul,MEXICO,SYSTEMS ENGINEERING,CORE CROSS SYSTEMS,5469,SYSTEMS CONTACT CENTER,6,6,6,6,2,9,4,6,22613,0,0,22613,22.889.823,0,0
25-Aug,MEXICO,SYSTEMS ENGINEERING,CORE CROSS SYSTEMS,5469,SYSTEMS CONTACT CENTER,6,6,6,6,14,21,3.5,6,22613,0,0,22613,21.607.447,0,0
25-Sep,MEXICO,SYSTEMS ENGINEERING,CORE CROSS SYSTEMS,5469,SYSTEMS CONTACT CENTER,6,6,6,6,26,33,3.5,6,22607,0,0,22607,21.608.449,0,0
25-Mar,ARGENTINA,SYSTEMS ENGINEERING,SWF VINCULADAS,5472,AM02 CONSUMER FINANCE,26,26,24,26,7,7,6.5,12,196,0,0,196,956.216,0,0
25-Apr,ARGENTINA,SYSTEMS ENGINEERING,SWF VINCULADAS,5472,AM02 CONSUMER FINANCE,3,3,3,3,1,1,2,3,0,0,0,0,85.365,0,0
25-May,ARGENTINA,SYSTEMS ENGINEERING,SWF VINCULADAS,5472,AM02 CONSUMER FINANCE,3,3,3,3,0,0,2.5,3,0,0,0,0,102.965,0,0
25-Jun,ARGENTINA,SYSTEMS ENGINEERING,SWF VINCULADAS,5472,AM02 CONSUMER FINANCE,3,3,3,3,4,4,3,3,0,0,0,0,101.752,0,0
25-Jul,ARGENTINA,SYSTEMS ENGINEERING,PRODUCTOS RETAIL,5473,AR55 PRESTAMOS PRENDARIOS CANALES INTERNOS,3,3,3,3,4,4,3,3,194,0,0,194,123.225,0,0
25-Aug,ARGENTINA,SYSTEMS ENGINEERING,PRODUCTOS RETAIL,5473,AR55 PRESTAMOS PRENDARIOS CANALES INTERNOS,3,3,3,3,4,4,3,3,194,0,0,194,109.156,0,0
25-Sep,ARGENTINA,SYSTEMS ENGINEERING,PRODUCTOS RETAIL,5473,AR55 PRESTAMOS PRENDARIOS CANALES INTERNOS,3,3,3,3,5,5,3,3,194,0,0,194,109.156,0,0
25-Mar,DATA ENGINEERING,DATA ENGINEERING,DATA HUB,5504,DQ HOLDING,1,1,1,1,0,0,0,1,0,0,0,0,17.319,0,0
25-Apr,DATA ENGINEERING,DATA ENGINEERING,DATA HUB,5504,DQ HOLDING,1,1,1,1,0,0,0,1,0,0,0,0,2.955,0,0
25-May,DATA ENGINEERING,DATA ENGINEERING,DATA HUB,5504,DQ HOLDING,1,1,1,1,0,0,0,1,0,0,0,0,2.955,0,0
25-Jun,DATA ENGINEERING,DATA ENGINEERING,DATA HUB,5504,DQ HOLDING,1,1,1,1,0,0,0,1,0,0,0,0,5.002,0,0
25-Jul,DATA ENGINEERING,DATA ENGINEERING,DATA HUB,5504,DQ HOLDING,1,1,1,1,0,0,0,1,0,0,0,0,5.002,0,0
25-Aug,DATA ENGINEERING,DATA ENGINEERING,DATA HUB,5504,DQ HOLDING,1,1,1,1,0,0,0,1,0,0,0,0,5.002,0,0
25-Sep,DATA ENGINEERING,DATA ENGINEERING,DATA HUB,5504,DQ HOLDING,1,1,1,1,0,0,0,1,0,0,0,0,5.002,0,0
25-Mar,GSD,GSD,PAYMENT,5527,PAYMENT METHODS SYSTEM,0,0,1,1,46,47,0,1,0,0,0,0,256.014,0,0
25-Apr,GSD,GSD,PAYMENT,5527,PAYMENT METHODS SYSTEM,0,0,1,1,0,0,0,1,0,0,0,0,256.011,0,0
25-May,GSD,GSD,PAYMENT,5527,PAYMENT METHODS SYSTEM,0,0,1,1,6,6,0,1,0,0,0,0,273.294,0,0
25-Jun,GSD,GSD,PAYMENT,5527,PAYMENT METHODS SYSTEM,0,0,1,1,37,39,0,1,0,0,0,0,282.841,0,0
25-Jul,GSD,GSD,PAYMENT,5527,PAYMENT METHODS SYSTEM,0,0,1,1,2,2,0,1,0,0,0,0,317.552,0,0
25-Aug,GSD,GSD,PAYMENT,5527,PAYMENT METHODS SYSTEM,0,0,1,1,4,4,0,1,0,0,0,0,328.977,0,0
25-Sep,GSD,GSD,PAYMENT,5527,PAYMENT METHODS SYSTEM,0,0,1,1,4,4,0,1,0,0,0,0,348.101,0,0
25-Mar,MEXICO,DATA TRANSFORMATION & ENGINEERING,DATAHUB FINANZAS Y RIESGOS,5552,DATA FINANCE,5,5,3,5,675,692,4,5,0,0,0,0,1.318.271,0,0
25-Apr,MEXICO,DATA TRANSFORMATION & ENGINEERING,DATAHUB FINANZAS Y RIESGOS,5552,DATA FINANCE,5,5,3,5,27,27,4,5,0,0,0,0,299.211,0,0
25-May,MEXICO,DATA TRANSFORMATION & ENGINEERING,DATAHUB FINANZAS Y RIESGOS,5552,DATA FINANCE,5,5,3,5,89,89,2,5,0,0,0,0,6.413,0,0
25-Jun,MEXICO,DATA TRANSFORMATION & ENGINEERING,DATAHUB FINANZAS Y RIESGOS,5552,DATA FINANCE,5,5,3,5,688,696,2.5,5,0,0,0,0,199.868,0,0
25-Jul,MEXICO,DATA TRANSFORMATION & ENGINEERING,DATAHUB FINANZAS Y RIESGOS,5552,DATA FINANCE,5,4,4,5,38,39,2,5,0,0,0,0,216.697,0,0
25-Aug,MEXICO,DATA TRANSFORMATION & ENGINEERING,DATAHUB FINANZAS Y RIESGOS,5552,DATA FINANCE,5,5,4,5,392,397,1,5,0,0,0,0,487.767,0,0
25-Sep,MEXICO,DATA TRANSFORMATION & ENGINEERING,DATAHUB FINANZAS Y RIESGOS,5552,DATA FINANCE,5,5,4,5,491,497,1,5,0,0,0,0,487.855,0,0
25-Mar,URUGUAY,INGENIERIA & DATA,DE #ONE DATAHUB URUGUAY,5685,ENGINEERING & DATA,1,1,0,1,0,0,0,1,0,0,0,0,356.038,0,0
25-Apr,URUGUAY,INGENIERIA & DATA,DE #ONE DATAHUB URUGUAY,5685,ENGINEERING & DATA,1,1,0,1,6,9,0,1,0,0,0,0,3.086,0,0
25-May,URUGUAY,INGENIERIA & DATA,DE #ONE DATAHUB URUGUAY,5685,ENGINEERING & DATA,1,1,1,1,0,0,0,1,0,0,0,0,0,0,0
25-Jun,URUGUAY,INGENIERIA & DATA,DE #ONE DATAHUB URUGUAY,5685,ENGINEERING & DATA,1,1,1,1,6,10,0,1,0,0,0,0,0,0,0
25-Jul,URUGUAY,INGENIERIA & DATA,DE #ONE DATAHUB URUGUAY,5685,ENGINEERING & DATA,1,1,1,1,0,0,0,1,0,0,0,0,0,0,0
25-Aug,URUGUAY,INGENIERIA & DATA,DE #ONE DATAHUB URUGUAY,5685,ENGINEERING & DATA,1,1,1,1,0,0,0,1,0,0,0,0,0,0,0
25-Mar,ESPANA,DATA ENGINEERING,DATA HUB,5709,RIESGOS & FINANZAS,3,3,2,3,170,171,1.5,2,33,0,0,33,3.308.082,0,0
25-Apr,ESPANA,DATA ENGINEERING,DATA HUB,5709,RIESGOS & FINANZAS,3,3,2,3,38,39,1,2,0,0,0,0,47.648,0,0
25-May,ESPANA,DATA ENGINEERING,DATA HUB,5709,RIESGOS & FINANZAS,3,3,2,3,77,81,1,2,0,0,0,0,54.565,0,0
25-Jun,ESPANA,DATA ENGINEERING,DATA HUB,5709,RIESGOS & FINANZAS,3,3,2,3,177,178,2,3,0,0,0,0,157.512,0,0
25-Jul,ESPANA,DATA ENGINEERING,DATA HUB,5709,RIESGOS & FINANZAS,3,2,2,3,55,55,2,3,0,0,0,0,165.716,0,0
25-Aug,ESPANA,DATA ENGINEERING,DATA HUB,5709,RIESGOS & FINANZAS,3,2,2,3,96,96,2,3,0,0,0,0,167.182,0,0
25-Sep,ESPANA,DATA ENGINEERING,DATA HUB,5709,RIESGOS & FINANZAS,3,2,2,3,108,108,2,3,0,0,0,0,167.116,0,0
25-Mar,ESPANA,DATA ENGINEERING,DATA HUB,5710,CS & SOSTENIBILIDAD,4,4,4,4,202,202,3,4,2,0,0,2,6.242.916,0,0
25-Apr,ESPANA,DATA ENGINEERING,DATA HUB,5710,CS & SOSTENIBILIDAD,4,4,4,4,91,91,3,4,2,0,0,2,2.046.551,0,0
25-May,ESPANA,DATA ENGINEERING,DATA HUB,5710,CS & SOSTENIBILIDAD,4,4,4,4,128,128,3,4,0,0,0,0,137.838,0,0
25-Jun,ESPANA,DATA ENGINEERING,DATA HUB,5710,CS & SOSTENIBILIDAD,4,4,4,4,392,392,3,4,0,0,0,0,448.304,0,0
25-Jul,ESPANA,DATA ENGINEERING,DATA HUB,5710,CS & SOSTENIBILIDAD,4,4,4,4,82,83,4,4,0,0,0,0,321.618,0,0
25-Aug,ESPANA,DATA ENGINEERING,DATA HUB,5710,CS & SOSTENIBILIDAD,4,4,4,4,207,209,4,4,0,0,0,0,327.046,0,0
25-Sep,ESPANA,DATA ENGINEERING,DATA HUB,5710,CS & SOSTENIBILIDAD,4,4,4,4,245,249,4,4,0,0,0,0,335.399,0,0
25-Mar,ESPANA,DATA ENGINEERING,DATA HUB,5711,CROSS SYSTEM,1,1,1,1,223,225,0,1,3,0,0,3,782.991,0,0
25-Apr,ESPANA,DATA ENGINEERING,DATA HUB,5711,CROSS SYSTEM,1,0,1,1,34,34,0,1,0,0,0,0,106.207,0,0
25-May,ESPANA,DATA ENGINEERING,DATA HUB,5711,CROSS SYSTEM,1,0,1,1,18,18,0,1,0,0,0,0,105.154,0,0
25-Jun,ESPANA,DATA ENGINEERING,DATA HUB,5711,CROSS SYSTEM,1,1,1,1,102,102,0.5,1,0,0,0,0,199.819,0,0
25-Jul,ESPANA,DATA ENGINEERING,DATA HUB,5711,CROSS SYSTEM,1,1,1,1,7,8,0,1,0,0,0,0,202.828,0,0
25-Aug,ESPANA,DATA ENGINEERING,DATA HUB,5711,CROSS SYSTEM,1,1,1,1,68,70,0.5,1,0,0,0,0,203.268,0,0
25-Sep,ESPANA,DATA ENGINEERING,DATA HUB,5711,CROSS SYSTEM,1,1,1,1,80,83,0.5,1,0,0,0,0,203.268,0,0
25-Mar,ESPANA,DATA ENGINEERING,DATA MODELLING,5713,SDM,2,2,2,2,282,293,0,2,0,0,0,0,450.335,0,0
25-Apr,ESPANA,DATA ENGINEERING,DATA MODELLING,5713,SDM,2,2,2,2,43,43,0,2,0,0,0,0,10.051,0,0
25-May,ESPANA,DATA ENGINEERING,DATA MODELLING,5713,SDM,2,2,2,2,92,92,0,2,0,0,0,0,12.549,0,0
25-Jun,ESPANA,DATA ENGINEERING,DATA MODELLING,5713,SDM,2,2,2,2,310,310,0,2,0,0,0,0,396.369,0,0
25-Jul,ESPANA,DATA ENGINEERING,DATA MODELLING,5713,SDM,2,2,2,2,115,115,0,2,0,0,0,0,397.311,0,0
25-Aug,ESPANA,DATA ENGINEERING,DATA MODELLING,5713,SDM,2,2,2,2,183,184,0.5,2,0,0,0,0,397.717,0,0
25-Sep,ESPANA,DATA ENGINEERING,DATA MODELLING,5713,SDM,2,2,2,2,193,196,0.5,2,0,0,0,0,397.729,0,0
25-Mar,PERU,SYSTEMS,CIB SYSTEMS,5729,CIB PRODUCTS,19,0,17,19,25,27,11,13,257,0,0,257,1.880.952,0,0
25-Apr,PERU,SYSTEMS,CIB SYSTEMS,5729,CIB PRODUCTS,24,0,17,24,0,0,10,12,995,0,0,995,1.857.084,0,0
25-May,PERU,SYSTEMS,CIB SYSTEMS,5729,CIB PRODUCTS,23,0,17,23,0,0,11.5,14,807,0,0,807,1.736.964,0,0
25-Jun,PERU,SYSTEMS,CIB SYSTEMS,5729,CIB PRODUCTS,20,18,17,20,33,35,12,13,807,0,0,807,1.741.336,0,0
25-Jul,PERU,SYSTEMS,CIB SYSTEMS,5729,CIB PRODUCTS,20,19,17,20,0,0,13,14,763,0,0,763,1.763.882,0,0
25-Aug,PERU,SYSTEMS,CIB SYSTEMS,5729,CIB PRODUCTS,22,19,19,22,6,7,13,16,763,0,0,763,1.774.408,0,0
25-Sep,PERU,SYSTEMS,CIB SYSTEMS,5729,CIB PRODUCTS,21,19,19,21,6,7,13,16,699,0,0,699,1.646.658,0,0
25-Aug,MEXICO,SYSTEMS ENGINEERING,DEVELOPMENT EXPERIENCE,5843,DEVOPS MX,1,1,0,1,0,0,0,0,0,0,0,0,0,0,0
25-Sep,MEXICO,SYSTEMS ENGINEERING,DEVELOPMENT EXPERIENCE,5843,DEVOPS MX,1,1,0,1,0,0,0,0,0,0,0,0,0,0,0
25-Mar,ARGENTINA,SYSTEMS ENGINEERING,MODELOS DE ATENCION,5854,AR41 TRAFFIC GENERATION & MARKETING AUTOMATION,1,1,1,1,0,0,1,1,0,0,0,0,13.547,0,0
25-Apr,ARGENTINA,SYSTEMS ENGINEERING,MODELOS DE ATENCION,5854,AR41 TRAFFIC GENERATION & MARKETING AUTOMATION,1,1,1,1,0,0,1,1,2,0,0,2,13.547,0,0
25-May,ARGENTINA,SYSTEMS ENGINEERING,MODELOS DE ATENCION,5854,AR41 TRAFFIC GENERATION & MARKETING AUTOMATION,1,1,1,1,0,0,1,1,2,0,0,2,13.547,0,0
25-Jun,ARGENTINA,SYSTEMS ENGINEERING,MODELOS DE ATENCION,5854,AR41 TRAFFIC GENERATION & MARKETING AUTOMATION,1,1,1,1,0,0,1,1,2,0,0,2,13.547,0,0
25-Jul,ARGENTINA,SYSTEMS ENGINEERING,MODELOS DE ATENCION,5854,AR41 TRAFFIC GENERATION & MARKETING AUTOMATION,1,1,1,1,0,0,1,1,2,0,0,2,13.547,0,0
25-Aug,ARGENTINA,SYSTEMS ENGINEERING,MODELOS DE ATENCION,5854,AR41 TRAFFIC GENERATION & MARKETING AUTOMATION,1,1,1,1,0,0,1,1,2,0,0,2,13.547,0,0
25-Sep,ARGENTINA,SYSTEMS ENGINEERING,MODELOS DE ATENCION,5854,AR41 TRAFFIC GENERATION & MARKETING AUTOMATION,1,1,1,1,0,0,1,1,2,0,0,2,13.547,0,0
25-Mar,ESPANA,SYSTEMS ENGINEERING,ENTERPRISE CLIENTS SYSTEMS,5938,COMEX,2,0,2,2,12,13,1,2,51,0,0,51,1.989.224,0,0
25-Apr,ESPANA,SYSTEMS ENGINEERING,ENTERPRISE CLIENTS SYSTEMS,5938,COMEX,2,2,2,2,0,0,0,2,51,0,0,51,1.960.500,0,0
25-May,ESPANA,SYSTEMS ENGINEERING,ENTERPRISE CLIENTS SYSTEMS,5938,COMEX,2,2,2,2,3,6,0.5,2,51,0,0,51,1.957.764,0,0
25-Jun,ESPANA,SYSTEMS ENGINEERING,ENTERPRISE CLIENTS SYSTEMS,5938,COMEX,2,2,2,2,9,18,2,2,33,0,0,33,1.960.135,0,0
25-Jul,ESPANA,SYSTEMS ENGINEERING,ENTERPRISE CLIENTS SYSTEMS,5938,COMEX,2,2,2,2,1,1,2,2,33,0,0,33,1.959.263,0,0
25-Aug,ESPANA,SYSTEMS ENGINEERING,ENTERPRISE CLIENTS SYSTEMS,5938,COMEX,2,2,2,2,1,2,2,2,33,0,0,33,1.959.341,0,0
25-Sep,ESPANA,SYSTEMS ENGINEERING,ENTERPRISE CLIENTS SYSTEMS,5938,COMEX,2,2,2,2,1,2,2,2,33,0,0,33,1.959.311,0,0
25-Mar,ARGENTINA,SYSTEMS ENGINEERING,CANALES EMPRESAS,5963,AR43 OPEN BANKING EMPRESAS,1,1,0,1,1,5,0,0,0,0,0,0,370,0,0
25-Apr,ARGENTINA,SYSTEMS ENGINEERING,CANALES EMPRESAS,5963,AR43 OPEN BANKING EMPRESAS,1,1,0,1,0,0,0,0,0,0,0,0,370,0,0
25-May,ARGENTINA,SYSTEMS ENGINEERING,CANALES EMPRESAS,5963,AR43 OPEN BANKING EMPRESAS,1,1,0,1,2,2,1,1,0,0,0,0,568,0,0
25-Jun,ARGENTINA,SYSTEMS ENGINEERING,CANALES EMPRESAS,5963,AR43 OPEN BANKING EMPRESAS,1,1,1,1,3,3,1,1,0,0,0,0,568,0,0
25-Jul,ARGENTINA,SYSTEMS ENGINEERING,CANALES EMPRESAS,5963,AR43 OPEN BANKING EMPRESAS,1,1,1,1,0,0,1,1,0,0,0,0,568,0,0
25-Aug,ARGENTINA,SYSTEMS ENGINEERING,CANALES EMPRESAS,5963,AR43 OPEN BANKING EMPRESAS,1,1,1,1,1,1,1,1,0,0,0,0,568,0,0
25-Sep,ARGENTINA,SYSTEMS ENGINEERING,CANALES EMPRESAS,5963,AR43 OPEN BANKING EMPRESAS,1,1,1,1,1,1,1,1,0,0,0,0,568,0,0
25-Mar,ARGENTINA,SYSTEMS ENGINEERING,CANALES EMPRESAS,5964,AR42 ETPB,1,1,1,1,4,4,0,1,0,0,0,0,14.685,0,0
25-Apr,ARGENTINA,SYSTEMS ENGINEERING,CANALES EMPRESAS,5964,AR42 ETPB,1,1,1,1,0,0,0,1,0,0,0,0,1.933,0,0
25-May,ARGENTINA,SYSTEMS ENGINEERING,CANALES EMPRESAS,5964,AR42 ETPB,1,1,1,1,1,1,0,1,0,0,0,0,1.933,0,0
25-Jun,ARGENTINA,SYSTEMS ENGINEERING,CANALES EMPRESAS,5964,AR42 ETPB,1,1,1,1,1,1,0.5,1,0,0,0,0,2.129,0,0
25-Jul,ARGENTINA,SYSTEMS ENGINEERING,CANALES EMPRESAS,5964,AR42 ETPB,1,1,1,1,1,1,0.5,1,0,0,0,0,2.129,0,0
25-Aug,ARGENTINA,SYSTEMS ENGINEERING,CANALES EMPRESAS,5964,AR42 ETPB,1,1,1,1,1,1,1,1,0,0,0,0,2.255,0,0
25-Sep,ARGENTINA,SYSTEMS ENGINEERING,CANALES EMPRESAS,5964,AR42 ETPB,1,1,1,1,1,1,1,1,0,0,0,0,2.255,0,0
25-Mar,COLOMBIA,DATA TRANSFORMATION & ENGINEERING,DATA TRANSFORMATION,6018,CLIENT SOLUTIONS - DATA,6,6,6,6,17,21,2.5,4,0,0,0,0,298.132,0,0
25-Apr,COLOMBIA,DATA TRANSFORMATION & ENGINEERING,DATA TRANSFORMATION,6018,CLIENT SOLUTIONS - DATA,6,6,6,6,13,13,2,4,0,0,0,0,186.657,0,0
25-May,COLOMBIA,DATA TRANSFORMATION & ENGINEERING,DATA TRANSFORMATION,6018,CLIENT SOLUTIONS - DATA,6,5,6,6,0,0,3.5,4,0,0,0,0,186.657,0,0
25-Jun,COLOMBIA,DATA TRANSFORMATION & ENGINEERING,DATA TRANSFORMATION,6018,CLIENT SOLUTIONS - DATA,6,6,6,6,57,57,2.5,4,0,0,0,0,195.152,0,0
25-Jul,COLOMBIA,DATA TRANSFORMATION & ENGINEERING,DATA TRANSFORMATION,6018,CLIENT SOLUTIONS - DATA,6,6,6,6,5,5,2.5,4,0,0,0,0,196.322,0,0
25-Aug,COLOMBIA,DATA TRANSFORMATION & ENGINEERING,DATA TRANSFORMATION,6018,CLIENT SOLUTIONS - DATA,6,6,6,6,14,14,3.5,4,0,0,0,0,194.617,0,0
25-Sep,COLOMBIA,DATA TRANSFORMATION & ENGINEERING,DATA TRANSFORMATION,6018,CLIENT SOLUTIONS - DATA,6,6,6,6,14,14,3.5,4,0,0,0,0,194.887,0,0
25-Mar,GSD,GSD,DEVOPS & SW DEV TOOLS,6091,IAGEN SDLC,2,1,1,2,0,1,0,1,0,0,0,0,8.794,0,0
25-Apr,GSD,GSD,DEVOPS & SW DEV TOOLS,6091,IAGEN SDLC,1,1,1,2,0,0,0,2,0,0,0,0,8.794,0,0
25-May,GSD,GSD,DEVOPS & SW DEV TOOLS,6091,IAGEN SDLC,1,1,1,1,0,0,1,2,0,0,0,0,8.873,0,0
25-Jun,GSD,GSD,DEVOPS & SW DEV TOOLS,6091,IAGEN SDLC,2,1,1,2,0,0,1,2,0,0,0,0,8.795,0,0
25-Jul,GSD,GSD,DEVOPS & SW DEV TOOLS,6091,IAGEN SDLC,1,1,1,1,0,0,0,2,0,0,0,0,8.794,0,0
25-Aug,GSD,GSD,DEVOPS & SW DEV TOOLS,6091,IAGEN SDLC,1,1,1,1,0,0,1,2,0,0,0,0,8.794,0,0
25-Sep,GSD,GSD,DEVOPS & SW DEV TOOLS,6091,IAGEN SDLC,1,1,1,1,0,0,1,2,0,0,0,0,8.794,0,0
25-Mar,PERU,DATA,DATAHUB,6094,DATIO RIESGOS,4,4,4,4,71,71,3,4,0,0,0,0,1.489.328,0,0
25-Apr,PERU,DATA,DATAHUB,6094,DATIO RIESGOS,4,4,4,4,6,6,3.5,4,0,0,0,0,71.97,0,0
25-May,PERU,DATA,DATAHUB,6094,DATIO RIESGOS,4,4,4,4,102,103,3,4,0,0,0,0,73.162,0,0
25-Jun,PERU,DATA,DATAHUB,6094,DATIO RIESGOS,4,4,4,4,214,217,3,4,0,0,0,0,183.736,0,0
25-Jul,PERU,DATA,DATAHUB,6094,DATIO RIESGOS,4,4,4,4,9,9,3.5,4,0,0,0,0,184.323,0,0
25-Aug,PERU,DATA,DATAHUB,6094,DATIO RIESGOS,4,4,4,4,90,91,3,4,0,0,0,0,183.51,0,0
25-Sep,PERU,DATA,DATAHUB,6094,DATIO RIESGOS,4,4,4,4,120,121,3,4,0,0,0,0,184.03,0,0
25-Mar,PERU,DATA,DATAHUB,6097,DATIO FINANZAS,6,6,6,6,57,57,1.5,6,1,0,0,1,1.595.202,0,0
25-Apr,PERU,DATA,DATAHUB,6097,DATIO FINANZAS,6,6,6,6,5,5,3.5,6,0,0,0,0,31.369,0,0
25-May,PERU,DATA,DATAHUB,6097,DATIO FINANZAS,6,6,6,6,73,73,2.5,6,0,0,0,0,37.247,0,0
25-Jun,PERU,DATA,DATAHUB,6097,DATIO FINANZAS,6,6,6,6,160,160,4,6,0,0,0,0,194.386,0,0
25-Jul,PERU,DATA,DATAHUB,6097,DATIO FINANZAS,6,6,6,6,4,4,3,6,0,0,0,0,204.993,0,0
25-Aug,PERU,DATA,DATAHUB,6097,DATIO FINANZAS,6,6,6,6,81,81,5,6,0,0,0,0,212.405,0,0
25-Sep,PERU,DATA,DATAHUB,6097,DATIO FINANZAS,6,6,6,6,100,100,5,6,0,0,0,0,220.55,0,0
25-Mar,COLOMBIA,SYSTEMS ENGINEERING,DEVOPS,6110,TESTING TOOLS,4,4,0,4,0,0,0,0,0,0,0,0,0,0,0
25-Apr,COLOMBIA,SYSTEMS ENGINEERING,DEVOPS,6110,TESTING TOOLS,4,4,0,4,0,0,0,0,0,0,0,0,0,0,0
25-May,COLOMBIA,SYSTEMS ENGINEERING,DEVOPS,6110,TESTING TOOLS,4,4,0,4,0,0,0,0,0,0,0,0,0,0,0
25-Jun,COLOMBIA,SYSTEMS ENGINEERING,DEVOPS,6110,TESTING TOOLS,0,0,0,0,0,0,0,0,0,0,0,0,0,0,0
25-Jul,COLOMBIA,SYSTEMS ENGINEERING,DEVOPS,6110,TESTING TOOLS,0,0,0,0,0,0,0,0,0,0,0,0,0,0,0
25-Aug,COLOMBIA,SYSTEMS ENGINEERING,DEVOPS,6110,TESTING TOOLS,0,0,0,0,0,0,0,0,0,0,0,0,0,0,0
25-Sep,COLOMBIA,SYSTEMS ENGINEERING,DEVOPS,6110,TESTING TOOLS,0,0,0,0,0,0,0,0,0,0,0,0,0,0,0
25-Mar,GSD,GSD,DEVOPS & SW DEV TOOLS,6112,TESTING TOOLS,5,4,5,5,10,16,5,5,35,0,0,35,1.380.084,0,0
25-Apr,GSD,GSD,DEVOPS & SW DEV TOOLS,6112,TESTING TOOLS,5,5,5,5,1,1,5,5,34,0,0,34,1.132.207,0,0
25-May,GSD,GSD,DEVOPS & SW DEV TOOLS,6112,TESTING TOOLS,5,5,5,5,1,2,5,5,34,0,0,34,1.256.033,0,0
25-Jun,GSD,GSD,DEVOPS & SW DEV TOOLS,6112,TESTING TOOLS,5,5,5,5,5,7,5,5,14,0,0,14,1.258.293,0,0
25-Jul,GSD,GSD,DEVOPS & SW DEV TOOLS,6112,TESTING TOOLS,5,5,5,5,4,4,5,5,6,0,0,6,815.152,0,0
25-Aug,GSD,GSD,DEVOPS & SW DEV TOOLS,6112,TESTING TOOLS,5,5,5,5,4,4,5,5,6,0,0,6,603.857,0,0
25-Sep,GSD,GSD,DEVOPS & SW DEV TOOLS,6112,TESTING TOOLS,5,5,5,5,4,4,5,5,2,0,0,2,604.645,0,0
25-Mar,PERU,SYSTEMS,SYSTEM OFFICE MIRST,6114,TESTING TOOLS,0,0,0,0,0,0,0,0,0,0,0,0,0,0,0
25-Apr,PERU,SYSTEMS,SYSTEM OFFICE MIRST,6114,TESTING TOOLS,0,0,0,0,0,0,0,0,0,0,0,0,0,0,0
25-May,PERU,SYSTEMS,SYSTEM OFFICE MIRST,6114,TESTING TOOLS,0,0,0,0,0,0,0,0,0,0,0,0,0,0,0
25-Jun,PERU,SYSTEMS,SYSTEM OFFICE MIRST,6114,TESTING TOOLS,0,0,0,0,0,0,0,0,0,0,0,0,0,0,0
25-Jul,PERU,SYSTEMS,SYSTEM OFFICE MIRST,6114,TESTING TOOLS,0,0,0,0,0,0,0,0,0,0,0,0,0,0,0
25-Aug,PERU,SYSTEMS,SYSTEM OFFICE MIRST,6114,TESTING TOOLS,0,0,0,0,0,0,0,0,0,0,0,0,0,0,0
25-Sep,PERU,SYSTEMS,SYSTEM OFFICE MIRST,6114,TESTING TOOLS,0,0,0,0,,,0,0,0,0,0,0,0,0,0
25-Mar,MEXICO,SYSTEMS ENGINEERING,ENTERPRISE,6123,DIGITAL SMEs,2,2,2,2,33,33,2,2,0,0,0,0,7.407,0,0
25-Apr,MEXICO,SYSTEMS ENGINEERING,ENTERPRISE,6123,DIGITAL SMEs,2,2,2,2,0,0,2,2,0,0,0,0,8.535,0,0
25-May,MEXICO,SYSTEMS ENGINEERING,ENTERPRISE,6123,DIGITAL SMEs,2,2,2,2,1,2,2,2,0,0,0,0,8.538,0,0
25-Jun,MEXICO,SYSTEMS ENGINEERING,ENTERPRISE,6123,DIGITAL SMEs,2,2,2,2,34,35,2,2,0,0,0,0,8.538,0,0
25-Jul,MEXICO,SYSTEMS ENGINEERING,ENTERPRISE,6123,DIGITAL SMEs,2,2,2,2,0,0,2,2,0,0,0,0,8.538,0,0
25-Aug,MEXICO,SYSTEMS ENGINEERING,ENTERPRISE,6123,DIGITAL SMEs,2,2,2,2,1,1,2,2,0,0,0,0,8.538,0,0
25-Sep,MEXICO,SYSTEMS ENGINEERING,ENTERPRISE,6123,DIGITAL SMEs,2,2,2,2,1,1,2,2,0,0,0,0,8.538,0,0
25-Mar,GSD,GSD,DEVOPS & SW DEV TOOLS,6124,UX & DESIGN,1,0,0,1,0,0,0,1,0,0,0,0,171.94,0,0
25-Apr,GSD,GSD,DEVOPS & SW DEV TOOLS,6124,UX & DESIGN,0,0,0,1,0,0,0,1,0,0,0,0,168.619,0,0
25-May,GSD,GSD,DEVOPS & SW DEV TOOLS,6124,UX & DESIGN,0,0,0,0,0,0,0,1,0,0,0,0,171.794,0,0
25-Jun,GSD,GSD,DEVOPS & SW DEV TOOLS,6124,UX & DESIGN,0,0,0,0,0,0,0,1,0,0,0,0,173.313,0,0
25-Jul,GSD,GSD,DEVOPS & SW DEV TOOLS,6124,UX & DESIGN,0,0,0,0,0,0,0,1,0,0,0,0,173.636,0,0
25-Aug,GSD,GSD,DEVOPS & SW DEV TOOLS,6124,UX & DESIGN,0,0,0,0,0,0,0,1,0,0,0,0,174.072,0,0
25-Sep,GSD,GSD,DEVOPS & SW DEV TOOLS,6124,UX & DESIGN,0,0,0,0,0,0,0,1,0,0,0,0,174.072,0,0
25-Mar,COLOMBIA,SYSTEMS ENGINEERING,DEVOPS,6136,DEVOPS - CI/CD,0,0,0,0,0,0,0,0,0,0,0,0,0,0,0
25-Apr,COLOMBIA,SYSTEMS ENGINEERING,DEVOPS,6136,DEVOPS - CI/CD,0,0,0,0,0,0,0,0,0,0,0,0,802,0,0
25-May,COLOMBIA,SYSTEMS ENGINEERING,DEVOPS,6136,DEVOPS - CI/CD,0,0,0,0,0,0,0,0,0,0,0,0,0,0,0
25-Jun,COLOMBIA,SYSTEMS ENGINEERING,DEVOPS,6136,DEVOPS - CI/CD,0,0,0,0,0,0,0,0,0,0,0,0,0,0,0
25-Jul,COLOMBIA,SYSTEMS ENGINEERING,DEVOPS,6136,DEVOPS - CI/CD,0,0,0,0,0,0,0,0,0,0,0,0,0,0,0
25-Aug,COLOMBIA,SYSTEMS ENGINEERING,DEVOPS,6136,DEVOPS - CI/CD,0,0,0,0,0,0,0,0,0,0,0,0,0,0,0
25-Sep,COLOMBIA,SYSTEMS ENGINEERING,DEVOPS,6136,DEVOPS - CI/CD,0,0,0,0,0,0,0,0,0,0,0,0,0,0,0
25-Mar,DATA ENGINEERING,DATA ENGINEERING,DATA HUB,6137,DEVOPS - CI/CD,1,1,0,1,0,0,0,1,0,0,0,0,91.629,0,0
25-Apr,DATA ENGINEERING,DATA ENGINEERING,DATA HUB,6137,DEVOPS - CI/CD,1,1,0,1,0,0,0,1,0,0,0,0,651,0,0
25-May,DATA ENGINEERING,DATA ENGINEERING,DATA HUB,6137,DEVOPS - CI/CD,1,1,0,1,0,0,0,1,0,0,0,0,718,0,0
25-Jun,DATA ENGINEERING,DATA ENGINEERING,DATA HUB,6137,DEVOPS - CI/CD,1,1,0,1,0,0,0,1,0,0,0,0,64.408,0,0
25-Jul,DATA ENGINEERING,DATA ENGINEERING,DATA HUB,6137,DEVOPS - CI/CD,1,1,0,1,0,0,0,1,0,0,0,0,64.536,0,0
25-Aug,DATA ENGINEERING,DATA ENGINEERING,DATA HUB,6137,DEVOPS - CI/CD,1,1,0,1,0,0,0,1,0,0,0,0,64.948,0,0
25-Sep,DATA ENGINEERING,DATA ENGINEERING,DATA HUB,6137,DEVOPS - CI/CD,1,1,0,1,0,0,0,1,0,0,0,0,64.981,0,0
25-Mar,GSD,GSD,DEVOPS & SW DEV TOOLS,6138,DEVOPS - CI/CD,9,6,6,9,4,5,6,6,9,0,0,9,2.706.011,0,0
25-Apr,GSD,GSD,DEVOPS & SW DEV TOOLS,6138,DEVOPS - CI/CD,7,6,6,9,0,0,7,7,10,0,0,10,2.595.922,0,0
25-May,GSD,GSD,DEVOPS & SW DEV TOOLS,6138,DEVOPS - CI/CD,5,5,6,6,1,2,7,8,5,0,0,5,1.476.324,0,0
25-Jun,GSD,GSD,DEVOPS & SW DEV TOOLS,6138,DEVOPS - CI/CD,7,4,8,8,6,7,7,9,5,0,0,5,1.480.824,0,0
25-Jul,GSD,GSD,DEVOPS & SW DEV TOOLS,6138,DEVOPS - CI/CD,7,5,8,8,2,3,7,8,17,0,0,17,5.658.939,0,0
25-Aug,GSD,GSD,DEVOPS & SW DEV TOOLS,6138,DEVOPS - CI/CD,7,6,8,8,2,3,7,7,25,0,0,25,5.659.973,0,0
25-Sep,GSD,GSD,DEVOPS & SW DEV TOOLS,6138,DEVOPS - CI/CD,7,7,8,8,3,4,7,7,25,0,0,25,5.659.556,0,0
25-Mar,PERU,SYSTEMS,SYSTEM OFFICE MIRST,6139,DEVOPS - CI/CD,0,0,0,0,0,0,0,0,0,0,0,0,0,0,0
25-Mar,PERU,SYSTEMS,SYSTEM OFFICE MIRST,6139,DEVOPS - CI/CD,0,0,0,0,0,0,0,0,0,0,0,0,0,0,0
25-Apr,PERU,SYSTEMS,SYSTEM OFFICE MIRST,6139,DEVOPS - CI/CD,0,0,0,0,0,0,0,0,0,0,0,0,0,0,0
25-May,PERU,SYSTEMS,SYSTEM OFFICE MIRST,6139,DEVOPS - CI/CD,0,0,0,0,0,0,0,0,0,0,0,0,0,0,0
25-Jun,PERU,SYSTEMS,SYSTEM OFFICE MIRST,6139,DEVOPS - CI/CD,0,0,0,0,0,0,0,0,0,0,0,0,0,0,0
25-Jul,PERU,SYSTEMS,SYSTEM OFFICE MIRST,6139,DEVOPS - CI/CD,0,0,0,0,0,0,0,0,0,0,0,0,0,0,0
25-Aug,PERU,SYSTEMS,SYSTEM OFFICE MIRST,6139,DEVOPS - CI/CD,0,0,0,0,0,0,0,0,0,0,0,0,0,0,0
25-Sep,PERU,SYSTEMS,SYSTEM OFFICE MIRST,6139,DEVOPS - CI/CD,0,0,0,0,,,0,0,0,0,0,0,0,0,0
25-Mar,COMMERCIAL CLIENT SOLUTIONS,VALUE PROPOSITION,VAM SCF CARDS,6141,PIVOT - VIRTUAL ACCOUNTS,1,1,1,1,21,21,1,1,0,0,0,0,66.75,0,0
25-Apr,COMMERCIAL CLIENT SOLUTIONS,VALUE PROPOSITION,VAM SCF CARDS,6141,PIVOT - VIRTUAL ACCOUNTS,1,1,1,1,0,0,1,1,0,0,0,0,55.387,0,0
25-May,COMMERCIAL CLIENT SOLUTIONS,VALUE PROPOSITION,VAM SCF CARDS,6141,PIVOT - VIRTUAL ACCOUNTS,1,1,1,1,2,2,1,1,0,0,0,0,55.788,0,0
25-Jun,COMMERCIAL CLIENT SOLUTIONS,VALUE PROPOSITION,VAM SCF CARDS,6141,PIVOT - VIRTUAL ACCOUNTS,1,1,1,1,24,24,1,1,0,0,0,0,57.637,0,0
25-Jul,COMMERCIAL CLIENT SOLUTIONS,VALUE PROPOSITION,VAM SCF CARDS,6141,PIVOT - VIRTUAL ACCOUNTS,1,1,1,1,0,0,1,1,0,0,0,0,57.959,0,0
25-Aug,COMMERCIAL CLIENT SOLUTIONS,VALUE PROPOSITION,VAM SCF CARDS,6141,PIVOT - VIRTUAL ACCOUNTS,1,1,1,1,0,0,1,1,0,0,0,0,59.536,0,0
25-Sep,COMMERCIAL CLIENT SOLUTIONS,VALUE PROPOSITION,VAM SCF CARDS,6141,PIVOT - VIRTUAL ACCOUNTS,1,1,1,1,0,0,1,1,0,0,0,0,59.773,0,0
25-Mar,CFE,R&IC,,6151,SCREENING & TRANSACTION MONITORING AML,4,4,0,6,16,18,4,5,0,0,0,0,72.234,0,0
25-Apr,CFE,R&IC,,6151,SCREENING & TRANSACTION MONITORING AML,4,4,0,6,3,3,4,5,0,0,0,0,76.195,0,0
25-May,CFE,R&IC,,6151,SCREENING & TRANSACTION MONITORING AML,4,4,0,5,11,11,4,5,0,0,0,0,76.346,0,0
25-Jun,CFE,R&IC,,6151,SCREENING & TRANSACTION MONITORING AML,5,4,0,6,21,21,4,5,0,0,0,0,76.346,0,0
25-Jul,CFE,R&IC,,6151,SCREENING & TRANSACTION MONITORING AML,5,5,0,6,7,7,3,5,0,0,0,0,75.802,0,0
25-Aug,CFE,R&IC,,6151,SCREENING & TRANSACTION MONITORING AML,6,5,0,7,8,8,4,5,0,0,0,0,75.753,0,0
25-Sep,CFE,R&IC,,6151,SCREENING & TRANSACTION MONITORING AML,6,5,0,7,8,8,4,5,0,0,0,0,75.753,0,0
25-Mar,I&O HUB AMERICA,R&IC,CFE,6152,SCREENING & TRANSACTION MONITORING AML,1,0,0,1,0,0,0,1,0,0,0,0,0,0,0
25-Apr,I&O HUB AMERICA,R&IC,CFE,6152,SCREENING & TRANSACTION MONITORING AML,1,1,0,1,0,0,0,1,0,0,0,0,12.605,0,0
25-May,I&O HUB AMERICA,R&IC,CFE,6152,SCREENING & TRANSACTION MONITORING AML,1,1,0,1,0,0,0,1,0,0,0,0,12.605,0,0
25-Jun,I&O HUB AMERICA,R&IC,CFE,6152,SCREENING & TRANSACTION MONITORING AML,1,1,0,1,0,0,0,1,0,0,0,0,12.605,0,0
25-Jul,I&O HUB AMERICA,R&IC,CFE,6152,SCREENING & TRANSACTION MONITORING AML,1,1,0,1,0,0,0,1,0,0,0,0,12.605,0,0
25-Aug,I&O HUB AMERICA,R&IC,CFE,6152,SCREENING & TRANSACTION MONITORING AML,1,1,0,1,0,0,0,1,0,0,0,0,13.549,0,0
25-Sep,I&O HUB AMERICA,R&IC,CFE,6152,SCREENING & TRANSACTION MONITORING AML,1,1,0,1,0,0,0,1,0,0,0,0,13.549,0,0
25-Mar,ARGENTINA,SYSTEMS ENGINEERING,VENTAS,6161,AR47 FORMULARIOS Y CONTRATOS DIGITALES,2,2,1,3,13,13,2,3,0,0,0,0,42.676,0,0
25-Apr,ARGENTINA,SYSTEMS ENGINEERING,VENTAS,6161,AR47 FORMULARIOS Y CONTRATOS DIGITALES,2,2,1,3,0,0,2,3,0,0,0,0,35.626,0,0
25-May,ARGENTINA,SYSTEMS ENGINEERING,VENTAS,6161,AR47 FORMULARIOS Y CONTRATOS DIGITALES,2,2,1,2,2,2,2,3,0,0,0,0,37.118,0,0
25-Jun,ARGENTINA,SYSTEMS ENGINEERING,VENTAS,6161,AR47 FORMULARIOS Y CONTRATOS DIGITALES,2,2,1,2,18,18,3,4,0,0,0,0,38.689,0,0
25-Jul,ARGENTINA,SYSTEMS ENGINEERING,VENTAS,6161,AR47 FORMULARIOS Y CONTRATOS DIGITALES,2,2,1,2,0,0,3.5,4,0,0,0,0,39.405,0,0
25-Aug,ARGENTINA,SYSTEMS ENGINEERING,VENTAS,6161,AR47 FORMULARIOS Y CONTRATOS DIGITALES,2,2,1,2,0,0,4,4,0,0,0,0,42.807,0,0
25-Sep,ARGENTINA,SYSTEMS ENGINEERING,VENTAS,6161,AR47 FORMULARIOS Y CONTRATOS DIGITALES,2,2,1,2,1,1,4,4,0,0,0,0,43.393,0,0
25-Mar,ESPANA,SYSTEMS ENGINEERING,ENTERPRISE CLIENTS SYSTEMS,6169,ENTERPRISE MOBILE CHANNEL,1,1,1,1,23,31,0,1,6,0,0,6,5.256.108,0,0
25-Apr,ESPANA,SYSTEMS ENGINEERING,ENTERPRISE CLIENTS SYSTEMS,6169,ENTERPRISE MOBILE CHANNEL,1,1,1,1,6,7,0,1,5,0,0,5,4.532.155,0,0
25-May,ESPANA,SYSTEMS ENGINEERING,ENTERPRISE CLIENTS SYSTEMS,6169,ENTERPRISE MOBILE CHANNEL,2,2,2,2,6,6,1,2,0,0,0,0,4.405.671,0,0
25-Jun,ESPANA,SYSTEMS ENGINEERING,ENTERPRISE CLIENTS SYSTEMS,6169,ENTERPRISE MOBILE CHANNEL,2,2,2,2,34,36,0,2,0,0,0,0,4.405.003,0,0
25-Jul,ESPANA,SYSTEMS ENGINEERING,ENTERPRISE CLIENTS SYSTEMS,6169,ENTERPRISE MOBILE CHANNEL,2,2,2,2,15,18,0,2,0,0,0,0,4.405.586,0,0
25-Aug,ESPANA,SYSTEMS ENGINEERING,ENTERPRISE CLIENTS SYSTEMS,6169,ENTERPRISE MOBILE CHANNEL,2,2,2,2,18,21,0.5,2,0,0,0,0,4.407.637,0,0
25-Sep,ESPANA,SYSTEMS ENGINEERING,ENTERPRISE CLIENTS SYSTEMS,6169,ENTERPRISE MOBILE CHANNEL,2,2,2,2,18,21,0.5,2,0,0,0,0,4.407.637,0,0
25-Mar,PERU,SYSTEMS,LOANS,6190,LOANS OTHER PRODUCTS,14,0,14,14,8,8,3,4,1225,0,0,1225,1.718.025,0,0
25-Apr,PERU,SYSTEMS,LOANS,6190,LOANS OTHER PRODUCTS,14,0,14,14,1,1,4.5,5,1236,0,0,1236,1.719.254,0,0
25-May,PERU,SYSTEMS,LOANS,6190,LOANS OTHER PRODUCTS,14,0,14,14,8,8,5,6,635,0,0,635,1.503.405,0,0
25-Jun,PERU,SYSTEMS,LOANS,6190,LOANS OTHER PRODUCTS,14,4,14,14,25,25,4,6,611,0,0,611,1.504.069,0,0
25-Jul,PERU,SYSTEMS,LOANS,6190,LOANS OTHER PRODUCTS,14,6,14,14,1,1,6,7,585,0,0,585,1.453.500,0,0
25-Aug,PERU,SYSTEMS,LOANS,6190,LOANS OTHER PRODUCTS,14,6,14,14,10,10,6,7,663,0,0,663,1.464.781,0,0
25-Sep,PERU,SYSTEMS,LOANS,6190,LOANS OTHER PRODUCTS,14,7,14,14,11,11,6,7,662,0,0,662,1.471.351,0,0
25-Mar,GSD,GSD,SW DEV TRANSF,6198,SOPORTE HELIX,0,0,0,0,0,0,0,0,0,0,0,0,0,0,0
25-Mar,GSD,GSD,SW DEV TRANSF,6198,SOPORTE HELIX,0,0,0,0,0,0,0,0,0,0,0,0,0,0,0
25-Apr,GSD,GSD,SW DEV TRANSF,6198,SOPORTE HELIX,0,0,0,0,0,0,0,0,0,0,0,0,0,0,0
25-Apr,GSD,GSD,SW DEV TRANSF,6198,SOPORTE HELIX,0,0,0,0,0,0,0,0,0,0,0,0,0,0,0
25-May,GSD,GSD,SW DEV TRANSF,6198,SOPORTE HELIX,0,0,0,0,0,0,0,0,0,0,0,0,0,0,0
25-May,GSD,GSD,SW DEV TRANSF,6198,SOPORTE HELIX,0,0,0,0,0,0,0,0,0,0,0,0,0,0,0
25-Jun,GSD,GSD,SW DEV TRANSF,6198,SOPORTE HELIX,0,0,0,0,0,0,0,0,0,0,0,0,0,0,0
25-Jun,GSD,GSD,SW DEV TRANSF,6198,SOPORTE HELIX,0,0,0,0,0,0,0,0,0,0,0,0,0,0,0
25-Jul,GSD,GSD,SW DEV TRANSF,6198,SOPORTE HELIX,0,0,0,0,0,0,0,0,0,0,0,0,0,0,0
25-Jul,GSD,GSD,SW DEV TRANSF,6198,SOPORTE HELIX,0,0,0,0,0,0,0,0,0,0,0,0,0,0,0
25-Aug,GSD,GSD,SW DEV TRANSF,6198,SOPORTE HELIX,0,0,0,0,0,0,0,0,0,0,0,0,0,0,0
25-Aug,GSD,GSD,SW DEV TRANSF,6198,SOPORTE HELIX,0,0,0,0,0,0,0,0,0,0,0,0,0,0,0
25-Sep,GSD,GSD,SW DEV TRANSF,6198,SOPORTE HELIX,0,0,0,0,0,0,0,0,0,0,0,0,0,0,0
25-Sep,GSD,GSD,SW DEV TRANSF,6198,SOPORTE HELIX,0,0,0,0,0,0,0,0,0,0,0,0,0,0,0
25-Mar,COLOMBIA,SYSTEMS ENGINEERING,CFS-RIESGOS,6209,RIESGOS PYMES Y MAYORISTAS,6,5,6,6,9,9,3,3,671,0,0,671,156.503,0,0
25-Apr,COLOMBIA,SYSTEMS ENGINEERING,CFS-RIESGOS,6209,RIESGOS PYMES Y MAYORISTAS,6,4,6,6,3,3,3,3,671,0,0,671,156.503,0,0
25-May,COLOMBIA,SYSTEMS ENGINEERING,CFS-RIESGOS,6209,RIESGOS PYMES Y MAYORISTAS,6,6,6,6,6,6,4,4,0,0,0,0,56.9,0,0
25-Jun,COLOMBIA,SYSTEMS ENGINEERING,CFS-RIESGOS,6209,RIESGOS PYMES Y MAYORISTAS,6,6,6,6,18,18,4,4,0,0,0,0,62.932,0,0
25-Jul,COLOMBIA,SYSTEMS ENGINEERING,CFS-RIESGOS,6209,RIESGOS PYMES Y MAYORISTAS,6,6,6,6,2,2,4,4,0,0,0,0,66.19,0,0
25-Aug,COLOMBIA,SYSTEMS ENGINEERING,CFS-RIESGOS,6209,RIESGOS PYMES Y MAYORISTAS,6,6,6,6,4,4,4,4,0,0,0,0,68.83,0,0
25-Sep,COLOMBIA,SYSTEMS ENGINEERING,CFS-RIESGOS,6209,RIESGOS PYMES Y MAYORISTAS,6,6,6,6,10,10,4,4,0,0,0,0,68.936,0,0
25-Mar,ARGENTINA,SYSTEMS ENGINEERING,TRANSFORMACION Y CALIDAD OPERATIVA,6213,TRANSFORMACION NEXTGEN,1,1,0,1,0,0,0,1,0,0,0,0,133.247,0,0
25-Apr,ARGENTINA,SYSTEMS ENGINEERING,TRANSFORMACION Y CALIDAD OPERATIVA,6213,TRANSFORMACION NEXTGEN,1,1,0,1,0,0,0,1,0,0,0,0,218.08,0,0
25-May,ARGENTINA,SYSTEMS ENGINEERING,TRANSFORMACION Y CALIDAD OPERATIVA,6213,TRANSFORMACION NEXTGEN,1,1,0,1,0,0,0,1,0,0,0,0,100.318,0,0
25-Jun,ARGENTINA,SYSTEMS ENGINEERING,TRANSFORMACION Y CALIDAD OPERATIVA,6213,TRANSFORMACION NEXTGEN,1,1,0,1,0,0,0,1,0,0,0,0,228.487,0,0
25-Jul,ARGENTINA,SYSTEMS ENGINEERING,TRANSFORMACION Y CALIDAD OPERATIVA,6213,TRANSFORMACION NEXTGEN,1,0,0,1,0,0,0,1,0,0,0,0,247.805,0,0
25-Aug,ARGENTINA,SYSTEMS ENGINEERING,TRANSFORMACION Y CALIDAD OPERATIVA,6213,TRANSFORMACION NEXTGEN,1,0,1,1,0,0,0,1,0,0,0,0,231.553,0,0
25-Sep,ARGENTINA,SYSTEMS ENGINEERING,TRANSFORMACION Y CALIDAD OPERATIVA,6213,TRANSFORMACION NEXTGEN,1,0,1,1,0,0,0,1,0,0,0,0,232.419,0,0
25-Mar,RETAIL CLIENT SOLUTIONS,RETAIL,AM&GW,6250,AM&GW,1,1,1,1,1,1,0,1,48,0,0,48,2.916.881,0,0
25-Apr,RETAIL CLIENT SOLUTIONS,RETAIL,AM&GW,6250,AM&GW,1,1,1,1,3,3,0,1,48,0,0,48,2.916.881,0,0
25-May,RETAIL CLIENT SOLUTIONS,RETAIL,AM&GW,6250,AM&GW,1,1,1,1,3,3,0,1,48,0,0,48,2.916.881,0,0
25-Jun,RETAIL CLIENT SOLUTIONS,RETAIL,AM&GW,6250,AM&GW,1,1,1,1,5,5,0,1,48,0,0,48,2.916.881,0,0
25-Jul,RETAIL CLIENT SOLUTIONS,RETAIL,AM&GW,6250,AM&GW,1,1,1,1,0,0,0,1,48,0,0,48,2.917.115,0,0
25-Aug,RETAIL CLIENT SOLUTIONS,RETAIL,AM&GW,6250,AM&GW,1,1,1,1,0,0,0,1,40,0,0,40,2.918.478,0,0
25-Mar,GSD,GSD,SW DEV TRANSF,6290,TRAINING - SERVICE FOR PRACTICE,1,0,0,1,0,0,0,1,0,0,0,0,1.821,0,0
25-Apr,GSD,GSD,SW DEV TRANSF,6290,TRAINING - SERVICE FOR PRACTICE,1,0,0,1,0,0,0,1,0,0,0,0,1.821,0,0
25-May,GSD,GSD,SW DEV TRANSF,6290,TRAINING - SERVICE FOR PRACTICE,1,0,0,1,0,0,0,1,0,0,0,0,1.821,0,0
25-Jun,GSD,GSD,SW DEV TRANSF,6290,TRAINING - SERVICE FOR PRACTICE,1,0,0,1,0,0,0,1,0,0,0,0,1.821,0,0
25-Jul,GSD,GSD,SW DEV TRANSF,6290,TRAINING - SERVICE FOR PRACTICE,1,0,0,1,0,0,0,1,0,0,0,0,0,0,0
25-Aug,GSD,GSD,SW DEV TRANSF,6290,TRAINING - SERVICE FOR PRACTICE,1,0,0,1,0,0,0,1,0,0,0,0,0,0,0
25-Sep,GSD,GSD,SW DEV TRANSF,6290,TRAINING - SERVICE FOR PRACTICE,1,0,0,1,0,0,0,1,0,0,0,0,0,0,0
25-Mar,COMMERCIAL CLIENT SOLUTIONS,SUSTAINABILITY RELATIONSHIP MODELS & SPARK,RELATIONSHIP MODELS,6335,INTERNATIONAL CROSSBORDER COORDINATION TOOL,1,1,1,1,0,0,0,1,0,0,0,0,238.853,0,0
25-Apr,COMMERCIAL CLIENT SOLUTIONS,SUSTAINABILITY RELATIONSHIP MODELS & SPARK,RELATIONSHIP MODELS,6335,INTERNATIONAL CROSSBORDER COORDINATION TOOL,1,1,1,1,0,0,0,1,484,0,0,484,354.886,0,0
25-May,COMMERCIAL CLIENT SOLUTIONS,SUSTAINABILITY RELATIONSHIP MODELS & SPARK,RELATIONSHIP MODELS,6335,INTERNATIONAL CROSSBORDER COORDINATION TOOL,1,1,1,1,0,0,0,1,484,0,0,484,330.737,0,0
25-Jun,COMMERCIAL CLIENT SOLUTIONS,SUSTAINABILITY RELATIONSHIP MODELS & SPARK,RELATIONSHIP MODELS,6335,INTERNATIONAL CROSSBORDER COORDINATION TOOL,1,1,1,1,1,1,0,1,484,0,0,484,330.84,0,0
25-Jul,COMMERCIAL CLIENT SOLUTIONS,SUSTAINABILITY RELATIONSHIP MODELS & SPARK,RELATIONSHIP MODELS,6335,INTERNATIONAL CROSSBORDER COORDINATION TOOL,1,1,1,1,0,0,0,1,0,0,0,0,292.003,0,0
25-Aug,COMMERCIAL CLIENT SOLUTIONS,SUSTAINABILITY RELATIONSHIP MODELS & SPARK,RELATIONSHIP MODELS,6335,INTERNATIONAL CROSSBORDER COORDINATION TOOL,1,1,1,1,0,0,0,1,0,0,0,0,292.003,0,0
25-Sep,COMMERCIAL CLIENT SOLUTIONS,SUSTAINABILITY RELATIONSHIP MODELS & SPARK,RELATIONSHIP MODELS,6335,INTERNATIONAL CROSSBORDER COORDINATION TOOL,1,1,1,1,0,0,0,1,0,0,0,0,292.003,0,0
25-Mar,COLOMBIA,SYSTEMS ENGINEERING,SALESFORCE,6371,SALESFORCE,6,6,6,6,0,0,1,2,0,0,0,0,106.55,0,0
25-Apr,COLOMBIA,SYSTEMS ENGINEERING,SALESFORCE,6371,SALESFORCE,6,6,6,6,0,0,1,2,0,0,0,0,19.677,0,0
25-May,COLOMBIA,SYSTEMS ENGINEERING,SALESFORCE,6371,SALESFORCE,6,4,6,6,1,1,1,2,0,0,0,0,19.677,0,0
25-Jun,COLOMBIA,SYSTEMS ENGINEERING,SALESFORCE,6371,SALESFORCE,6,4,6,6,2,2,1,2,0,0,0,0,37.686,0,0
25-Jul,COLOMBIA,SYSTEMS ENGINEERING,SALESFORCE,6371,SALESFORCE,6,6,6,6,0,0,2,2,0,0,0,0,37.693,0,0
25-Aug,COLOMBIA,SYSTEMS ENGINEERING,SALESFORCE,6371,SALESFORCE,6,6,6,6,0,0,2,2,0,0,0,0,37.72,0,0
25-Sep,COLOMBIA,SYSTEMS ENGINEERING,SALESFORCE,6371,SALESFORCE,6,6,6,6,0,0,2,2,0,0,0,0,37.757,0,0
25-Sep,COLOMBIA,SYSTEMS ENGINEERING,DEVOPS,6464,DEVOPS CO,1,1,1,1,0,0,0,0,0,0,0,0,0,0,0
25-Mar,ARGENTINA,SYSTEMS ENGINEERING,CANALES EMPRESAS,6478,AR44 PLATAFORMA SENDA ARG,5,5,3,5,2,4,0,1,0,0,0,0,39.095,0,0
25-Apr,ARGENTINA,SYSTEMS ENGINEERING,CANALES EMPRESAS,6478,AR44 PLATAFORMA SENDA ARG,5,5,3,5,0,1,0,1,0,0,0,0,33.024,0,0
25-May,ARGENTINA,SYSTEMS ENGINEERING,CANALES EMPRESAS,6478,AR44 PLATAFORMA SENDA ARG,5,5,3,5,4,4,0,2,0,0,0,0,40.227,0,0
25-Jun,ARGENTINA,SYSTEMS ENGINEERING,CANALES EMPRESAS,6478,AR44 PLATAFORMA SENDA ARG,5,5,3,5,11,12,0,1,0,0,0,0,40.24,0,0
25-Jul,ARGENTINA,SYSTEMS ENGINEERING,CANALES EMPRESAS,6478,AR44 PLATAFORMA SENDA ARG,5,5,3,5,2,2,1,2,0,0,0,0,40.272,0,0
25-Aug,ARGENTINA,SYSTEMS ENGINEERING,CANALES EMPRESAS,6478,AR44 PLATAFORMA SENDA ARG,5,5,3,5,13,13,2,2,0,0,0,0,40.272,0,0
25-Sep,ARGENTINA,SYSTEMS ENGINEERING,CANALES EMPRESAS,6478,AR44 PLATAFORMA SENDA ARG,5,5,3,5,13,13,2,2,0,0,0,0,40.272,0,0
25-Mar,ARGENTINA,SYSTEMS ENGINEERING,CANALES EMPRESAS,6479,AR45 HELP DESK ARG,1,1,0,1,0,0,0,0,0,0,0,0,0,0,0
25-Apr,ARGENTINA,SYSTEMS ENGINEERING,CANALES EMPRESAS,6479,AR45 HELP DESK ARG,1,1,0,1,0,0,0,0,0,0,0,0,0,0,0
25-May,ARGENTINA,SYSTEMS ENGINEERING,CANALES EMPRESAS,6479,AR45 HELP DESK ARG,1,1,0,1,0,0,0,0,0,0,0,0,0,0,0
25-Jun,ARGENTINA,SYSTEMS ENGINEERING,CANALES EMPRESAS,6479,AR45 HELP DESK ARG,1,1,0,1,0,0,0,0,0,0,0,0,0,0,0
25-Jul,ARGENTINA,SYSTEMS ENGINEERING,CANALES EMPRESAS,6479,AR45 HELP DESK ARG,1,1,0,1,0,0,1,1,0,0,0,0,0,0,0
25-Aug,ARGENTINA,SYSTEMS ENGINEERING,CANALES EMPRESAS,6479,AR45 HELP DESK ARG,1,1,0,1,0,0,1,1,0,0,0,0,0,0,0
25-Sep,ARGENTINA,SYSTEMS ENGINEERING,CANALES EMPRESAS,6479,AR45 HELP DESK ARG,1,1,0,1,0,0,1,1,0,0,0,0,0,0,0
25-Mar,MEXICO,SYSTEMS ENGINEERING,RETAIL,6538,MULTICHANNEL RETAIL,1,0,2,2,156,156,1,1,0,0,0,0,0,0,0
25-Apr,MEXICO,SYSTEMS ENGINEERING,RETAIL,6538,MULTICHANNEL RETAIL,2,1,2,2,3,3,1,1,0,0,0,0,0,0,0
25-May,MEXICO,SYSTEMS ENGINEERING,RETAIL,6538,MULTICHANNEL RETAIL,2,1,2,2,1,1,1,1,0,0,0,0,0,0,0
25-Jun,MEXICO,SYSTEMS ENGINEERING,RETAIL,6538,MULTICHANNEL RETAIL,2,2,2,2,161,162,1,1,0,0,0,0,0,0,0
25-Jul,MEXICO,SYSTEMS ENGINEERING,RETAIL,6538,MULTICHANNEL RETAIL,2,2,2,2,1,1,1,1,0,0,0,0,0,0,0
25-Aug,MEXICO,SYSTEMS ENGINEERING,RETAIL,6538,MULTICHANNEL RETAIL,2,2,2,2,19,19,1,1,0,0,0,0,0,0,0
25-Sep,MEXICO,SYSTEMS ENGINEERING,RETAIL,6538,MULTICHANNEL RETAIL,2,2,2,2,30,30,1,1,0,0,0,0,0,0,0
25-Mar,RETAIL CLIENT SOLUTIONS,CROSS,DIGITAL ASSETS,6576,DIGITAL ASSETS,0,0,2,2,7,7,2,2,0,0,0,0,206.185,0,0
25-Apr,RETAIL CLIENT SOLUTIONS,CROSS,DIGITAL ASSETS,6576,DIGITAL ASSETS,0,0,2,2,0,0,2,2,0,0,0,0,189.152,0,0
25-May,RETAIL CLIENT SOLUTIONS,CROSS,DIGITAL ASSETS,6576,DIGITAL ASSETS,0,0,1,1,0,0,2,2,0,0,0,0,195.636,0,0
25-Jun,RETAIL CLIENT SOLUTIONS,CROSS,DIGITAL ASSETS,6576,DIGITAL ASSETS,0,0,1,1,2,2,2,2,0,0,0,0,211.588,0,0
25-Jul,RETAIL CLIENT SOLUTIONS,CROSS,DIGITAL ASSETS,6576,DIGITAL ASSETS,0,0,1,1,0,0,1,1,0,0,0,0,202.043,0,0
25-Aug,RETAIL CLIENT SOLUTIONS,CROSS,DIGITAL ASSETS,6576,DIGITAL ASSETS,0,0,1,1,0,0,1,1,0,0,0,0,202.043,0,0
25-Jun,CIB,SW DELIVERY,DIGITAL ASSETS,6578,DIGITAL ASSETS,1,1,1,1,4,4,0,1,0,0,0,0,0,0,0
25-Jul,CIB,SW DELIVERY,DIGITAL ASSETS,6578,DIGITAL ASSETS,1,1,1,1,0,1,1,1,0,0,0,0,0,0,0
25-Aug,CIB,SW DELIVERY,DIGITAL ASSETS,6578,DIGITAL ASSETS,1,1,1,1,0,1,1,1,0,0,0,0,0,0,0
25-Sep,CIB,SW DELIVERY,DIGITAL ASSETS,6578,DIGITAL ASSETS,1,1,1,1,1,2,1,1,0,0,0,0,0,0,0
25-Mar,COLOMBIA,SYSTEMS ENGINEERING,SEGUROS,6650,SEGUROS PROCESOS,6,6,6,6,0,0,3,4,0,0,0,0,15.546,0,0
25-Apr,COLOMBIA,SYSTEMS ENGINEERING,SEGUROS,6650,SEGUROS PROCESOS,6,6,6,6,1,10,3.5,4,0,0,0,0,15.073,0,0
25-May,COLOMBIA,SYSTEMS ENGINEERING,SEGUROS,6650,SEGUROS PROCESOS,6,6,6,6,0,0,3.5,4,0,0,0,0,10.697,0,0
25-Jun,COLOMBIA,SYSTEMS ENGINEERING,SEGUROS,6650,SEGUROS PROCESOS,6,6,6,6,0,0,3.5,4,0,0,0,0,12.777,0,0
25-Jul,COLOMBIA,SYSTEMS ENGINEERING,SEGUROS,6650,SEGUROS PROCESOS,6,6,6,6,0,0,3,4,0,0,0,0,13.285,0,0
25-Aug,COLOMBIA,SYSTEMS ENGINEERING,SEGUROS,6650,SEGUROS PROCESOS,6,6,6,6,0,0,3,4,0,0,0,0,18.085,0,0
25-Sep,COLOMBIA,SYSTEMS ENGINEERING,SEGUROS,6650,SEGUROS PROCESOS,6,6,6,6,0,2,3,4,0,0,0,0,23.898,0,0
25-Mar,COLOMBIA,SYSTEMS ENGINEERING,SEGUROS,6651,SEGUROS FINANCIERO,4,4,4,4,0,0,0,0,0,0,0,0,4.772,0,0
25-Apr,COLOMBIA,SYSTEMS ENGINEERING,SEGUROS,6651,SEGUROS FINANCIERO,4,4,4,4,0,1,0,0,0,0,0,0,4.772,0,0
25-May,COLOMBIA,SYSTEMS ENGINEERING,SEGUROS,6651,SEGUROS FINANCIERO,4,4,4,4,0,1,0.5,1,0,0,0,0,5.896,0,0
25-Jun,COLOMBIA,SYSTEMS ENGINEERING,SEGUROS,6651,SEGUROS FINANCIERO,4,4,4,4,0,0,0,0,0,0,0,0,5.896,0,0
25-Jul,COLOMBIA,SYSTEMS ENGINEERING,SEGUROS,6651,SEGUROS FINANCIERO,4,4,4,4,0,0,0,0,0,0,0,0,5.896,0,0
25-Aug,COLOMBIA,SYSTEMS ENGINEERING,SEGUROS,6651,SEGUROS FINANCIERO,4,4,4,4,0,2,0,0,0,0,0,0,5.896,0,0
25-Sep,COLOMBIA,SYSTEMS ENGINEERING,SEGUROS,6651,SEGUROS FINANCIERO,4,4,4,4,0,2,0,0,0,0,0,0,5.896,0,0
25-Mar,COLOMBIA,SYSTEMS ENGINEERING,SEGUROS,6652,BUSINESS CORE,4,3,3,4,0,0,0,3,1044,0,0,1044,1.853.770,0,0
25-Apr,COLOMBIA,SYSTEMS ENGINEERING,SEGUROS,6652,BUSINESS CORE,4,3,3,4,0,0,0.5,3,982,0,0,982,1.865.248,0,0
25-May,COLOMBIA,SYSTEMS ENGINEERING,SEGUROS,6652,BUSINESS CORE,3,3,3,3,0,7,0,3,982,0,0,982,1.869.379,0,0
25-Jun,COLOMBIA,SYSTEMS ENGINEERING,SEGUROS,6652,BUSINESS CORE,3,3,3,3,0,0,1.5,3,436,0,0,436,1.865.948,0,0
25-Jul,COLOMBIA,SYSTEMS ENGINEERING,SEGUROS,6652,BUSINESS CORE,3,3,3,3,0,0,2.5,4,413,0,0,413,1.893.046,0,0
25-Aug,COLOMBIA,SYSTEMS ENGINEERING,SEGUROS,6652,BUSINESS CORE,3,3,3,3,1,4,3,4,413,0,0,413,1.917.998,0,0
25-Sep,COLOMBIA,SYSTEMS ENGINEERING,SEGUROS,6652,BUSINESS CORE,3,3,3,3,1,4,3,4,413,0,0,413,1.918.518,0,0
25-Mar,COLOMBIA,SYSTEMS ENGINEERING,ENTERPRISE,6667,SOLUCIONES FINANCIERAS,3,3,3,3,14,14,1,2,0,0,0,0,2.727,0,0
25-Apr,COLOMBIA,SYSTEMS ENGINEERING,ENTERPRISE,6667,SOLUCIONES FINANCIERAS,3,3,3,3,3,3,1,2,0,0,0,0,28.755,0,0
25-May,COLOMBIA,SYSTEMS ENGINEERING,ENTERPRISE,6667,SOLUCIONES FINANCIERAS,3,3,3,3,1,1,0,2,0,0,0,0,28.755,0,0
25-Jun,COLOMBIA,SYSTEMS ENGINEERING,ENTERPRISE,6667,SOLUCIONES FINANCIERAS,3,3,2,3,8,8,1,2,0,0,0,0,28.755,0,0
25-Jul,COLOMBIA,SYSTEMS ENGINEERING,ENTERPRISE,6667,SOLUCIONES FINANCIERAS,3,3,3,3,3,3,2,2,0,0,0,0,28.689,0,0
25-Aug,COLOMBIA,SYSTEMS ENGINEERING,ENTERPRISE,6667,SOLUCIONES FINANCIERAS,3,3,3,3,5,5,1,2,0,0,0,0,28.689,0,0
25-Sep,COLOMBIA,SYSTEMS ENGINEERING,ENTERPRISE,6667,SOLUCIONES FINANCIERAS,3,3,3,3,5,5,1,2,0,0,0,0,28.689,0,0
25-Mar,ARGENTINA,SYSTEMS ENGINEERING,CANALES EMPRESAS,6696,AR46 GEMA ARG,1,1,0,1,0,0,0,0,0,0,0,0,50.326,0,0
25-Apr,ARGENTINA,SYSTEMS ENGINEERING,CANALES EMPRESAS,6696,AR46 GEMA ARG,1,1,0,1,3,3,0,0,0,0,0,0,50.326,0,0
25-May,ARGENTINA,SYSTEMS ENGINEERING,CANALES EMPRESAS,6696,AR46 GEMA ARG,1,1,0,1,1,1,0.5,1,0,0,0,0,50.326,0,0
25-Jun,ARGENTINA,SYSTEMS ENGINEERING,CANALES EMPRESAS,6696,AR46 GEMA ARG,1,1,0,1,10,10,0,0,0,0,0,0,50.326,0,0
25-Jul,ARGENTINA,SYSTEMS ENGINEERING,CANALES EMPRESAS,6696,AR46 GEMA ARG,2,1,0,2,0,0,0,0,0,0,0,0,50.326,0,0
25-Aug,ARGENTINA,SYSTEMS ENGINEERING,CANALES EMPRESAS,6696,AR46 GEMA ARG,2,1,0,2,5,5,0,0,0,0,0,0,50.326,0,0
25-Sep,ARGENTINA,SYSTEMS ENGINEERING,CANALES EMPRESAS,6696,AR46 GEMA ARG,2,1,0,2,6,6,0,0,0,0,0,0,50.326,0,0
25-Mar,ARGENTINA,SYSTEMS ENGINEERING,WALLET & DIGITAL CHANNELS,6716,AR15 EVOLUCION DIGITAL DE GESTION DE TARJETAS,1,1,0,1,3,3,0,1,0,0,0,0,13.589,0,0
25-Apr,ARGENTINA,SYSTEMS ENGINEERING,WALLET & DIGITAL CHANNELS,6716,AR15 EVOLUCION DIGITAL DE GESTION DE TARJETAS,1,1,0,1,0,0,0,1,0,0,0,0,62.223,0,0
25-May,ARGENTINA,SYSTEMS ENGINEERING,WALLET & DIGITAL CHANNELS,6716,AR15 EVOLUCION DIGITAL DE GESTION DE TARJETAS,1,1,0,1,0,0,0,1,0,0,0,0,61.213,0,0
25-Jun,ARGENTINA,SYSTEMS ENGINEERING,WALLET & DIGITAL CHANNELS,6716,AR15 EVOLUCION DIGITAL DE GESTION DE TARJETAS,1,1,0,1,0,0,0,1,0,0,0,0,45.947,0,0
25-Jul,ARGENTINA,SYSTEMS ENGINEERING,WALLET & DIGITAL CHANNELS,6716,AR15 EVOLUCION DIGITAL DE GESTION DE TARJETAS,1,1,0,1,0,0,0,1,0,0,0,0,46.228,0,0
25-Aug,ARGENTINA,SYSTEMS ENGINEERING,WALLET & DIGITAL CHANNELS,6716,AR15 EVOLUCION DIGITAL DE GESTION DE TARJETAS,1,1,0,1,0,0,0.5,1,0,0,0,0,46.228,0,0
25-Sep,ARGENTINA,SYSTEMS ENGINEERING,WALLET & DIGITAL CHANNELS,6716,AR15 EVOLUCION DIGITAL DE GESTION DE TARJETAS,1,1,0,1,0,0,0.5,1,0,0,0,0,51.274,0,0
25-Mar,COMMERCIAL CLIENT SOLUTIONS,CHANNELS & PROCESSES,COREX & BANKING PLATFORM EVOLUTION,6762,FX SMART HEDGING,0,0,1,1,0,0,0,1,0,0,0,0,107.35,0,0
25-Apr,COMMERCIAL CLIENT SOLUTIONS,CHANNELS & PROCESSES,COREX & BANKING PLATFORM EVOLUTION,6762,FX SMART HEDGING,0,0,1,1,0,0,0,0,0,0,0,0,105.32,0,0
25-May,COMMERCIAL CLIENT SOLUTIONS,CHANNELS & PROCESSES,COREX & BANKING PLATFORM EVOLUTION,6762,FX SMART HEDGING,0,0,1,1,0,0,0,0,0,0,0,0,105.32,0,0
25-Jun,COMMERCIAL CLIENT SOLUTIONS,CHANNELS & PROCESSES,COREX & BANKING PLATFORM EVOLUTION,6762,FX SMART HEDGING,0,0,1,1,0,0,0,0,0,0,0,0,105.32,0,0
25-Jul,COMMERCIAL CLIENT SOLUTIONS,CHANNELS & PROCESSES,COREX & BANKING PLATFORM EVOLUTION,6762,FX SMART HEDGING,0,0,1,1,0,0,0,0,0,0,0,0,105.32,0,0
25-Aug,COMMERCIAL CLIENT SOLUTIONS,CHANNELS & PROCESSES,COREX & BANKING PLATFORM EVOLUTION,6762,FX SMART HEDGING,0,0,1,1,0,0,0,0,0,0,0,0,105.32,0,0
25-Sep,COMMERCIAL CLIENT SOLUTIONS,CHANNELS & PROCESSES,COREX & BANKING PLATFORM EVOLUTION,6762,FX SMART HEDGING,0,0,1,1,0,0,0,0,0,0,0,0,105.32,0,0
25-Mar,CIB,CIB ENGINEERING,SW DELIVERY,6776,GTB & IB&F,0,0,0,1,0,0,0,0,0,0,0,0,0,0,0
25-Apr,CIB,CIB ENGINEERING,SW DELIVERY,6776,GTB & IB&F,0,0,0,1,0,0,0,0,0,0,0,0,0,0,0
25-Mar,ARGENTINA,SYSTEMS ENGINEERING,TRANSFORMACION Y CALIDAD OPERATIVA,6778,PROCESS SYSTEMS ARG,2,0,0,2,0,0,0,0,0,0,0,0,0,0,0
25-Apr,ARGENTINA,SYSTEMS ENGINEERING,TRANSFORMACION Y CALIDAD OPERATIVA,6778,PROCESS SYSTEMS ARG,2,0,0,2,0,0,2,2,0,0,0,0,0,0,0
25-May,ARGENTINA,SYSTEMS ENGINEERING,TRANSFORMACION Y CALIDAD OPERATIVA,6778,PROCESS SYSTEMS ARG,0,0,0,0,0,0,2,2,0,0,0,0,0,0,0
25-Jun,ARGENTINA,SYSTEMS ENGINEERING,TRANSFORMACION Y CALIDAD OPERATIVA,6778,PROCESS SYSTEMS ARG,0,0,0,0,0,0,2,2,0,0,0,0,0,0,0
25-Jul,ARGENTINA,SYSTEMS ENGINEERING,TRANSFORMACION Y CALIDAD OPERATIVA,6778,PROCESS SYSTEMS ARG,0,0,0,0,0,0,2,2,0,0,0,0,1.434,0,0
25-Aug,ARGENTINA,SYSTEMS ENGINEERING,TRANSFORMACION Y CALIDAD OPERATIVA,6778,PROCESS SYSTEMS ARG,0,0,0,0,0,0,1,2,0,0,0,0,7.385,0,0
25-Sep,ARGENTINA,SYSTEMS ENGINEERING,TRANSFORMACION Y CALIDAD OPERATIVA,6778,PROCESS SYSTEMS ARG,0,0,0,0,0,0,1,2,0,0,0,0,7.385,0,0
25-Mar,ARGENTINA,SYSTEMS ENGINEERING,TRANSFORMACION Y CALIDAD OPERATIVA,6860,DEVOPS AR,2,2,0,2,0,0,0,2,0,0,0,0,1.162.214,0,0
25-Apr,ARGENTINA,SYSTEMS ENGINEERING,TRANSFORMACION Y CALIDAD OPERATIVA,6860,DEVOPS AR,2,2,0,2,0,0,0,2,0,0,0,0,1.160.739,0,0
25-May,ARGENTINA,SYSTEMS ENGINEERING,TRANSFORMACION Y CALIDAD OPERATIVA,6860,DEVOPS AR,2,2,0,2,0,0,0,2,0,0,0,0,1.160.534,0,0
25-Jun,ARGENTINA,SYSTEMS ENGINEERING,TRANSFORMACION Y CALIDAD OPERATIVA,6860,DEVOPS AR,2,2,0,2,0,0,0,2,28,0,0,28,1.134.320,0,0
25-Jul,ARGENTINA,SYSTEMS ENGINEERING,TRANSFORMACION Y CALIDAD OPERATIVA,6860,DEVOPS AR,2,2,0,2,0,0,0,2,0,0,0,0,746.421,0,0
25-Aug,ARGENTINA,SYSTEMS ENGINEERING,TRANSFORMACION Y CALIDAD OPERATIVA,6860,DEVOPS AR,2,2,2,2,0,0,0,2,0,0,0,0,747.155,0,0
25-Sep,ARGENTINA,SYSTEMS ENGINEERING,TRANSFORMACION Y CALIDAD OPERATIVA,6860,DEVOPS AR,2,2,2,2,0,0,0,2,0,0,0,0,747.214,0,0
25-Mar,RETAIL CLIENT SOLUTIONS,RETAIL,,7028,US GWA,3,0,0,3,0,0,0,1,0,0,0,0,0,0,0
25-Apr,RETAIL CLIENT SOLUTIONS,RETAIL,,7028,US GWA,3,0,0,3,0,0,0,0,0,0,0,0,0,0,0
25-May,RETAIL CLIENT SOLUTIONS,RETAIL,,7028,US GWA,3,0,0,3,0,0,0,0,0,0,0,0,0,0,0
25-Jun,RETAIL CLIENT SOLUTIONS,RETAIL,,7028,US GWA,3,0,0,3,0,0,0,0,0,0,0,0,0,0,0
25-Jul,RETAIL CLIENT SOLUTIONS,RETAIL,,7028,US GWA,3,0,0,3,0,0,1,1,0,0,0,0,0,0,0
25-Aug,RETAIL CLIENT SOLUTIONS,RETAIL,,7028,US GWA,0,0,0,3,0,0,0,1,0,0,0,0,0,0,0
25-Mar,CFE,R&IC,,7051,REPORTING FRAUDE,1,1,0,1,0,0,0,0,0,0,0,0,367.477,0,0
25-Apr,CFE,R&IC,,7051,REPORTING FRAUDE,1,1,0,1,0,0,0,0,0,0,0,0,367.477,0,0
25-May,CFE,R&IC,,7051,REPORTING FRAUDE,1,1,0,1,0,0,0,0,0,0,0,0,367.477,0,0
25-Jun,CFE,R&IC,,7051,REPORTING FRAUDE,1,1,0,1,0,0,0,0,0,0,0,0,367.477,0,0
25-Jul,CFE,R&IC,,7051,REPORTING FRAUDE,1,1,0,1,0,0,0,0,0,0,0,0,367.477,0,0
25-Aug,CFE,R&IC,,7051,REPORTING FRAUDE,1,1,0,1,0,0,0,0,0,0,0,0,367.477,0,0
25-Sep,CFE,R&IC,,7051,REPORTING FRAUDE,1,1,0,1,0,0,0,0,0,0,0,0,367.477,0,0
25-Mar,COMMERCIAL CLIENT SOLUTIONS,VALUE PROPOSITION,INTERNATIONAL TREASURY MANAGEMENT,7135,PIVOT DATA,0,0,1,1,0,0,0,0,0,0,0,0,0,0,0
25-Apr,COMMERCIAL CLIENT SOLUTIONS,VALUE PROPOSITION,INTERNATIONAL TREASURY MANAGEMENT,7135,PIVOT DATA,0,0,1,1,0,0,0,0,0,0,0,0,0,0,0
25-May,COMMERCIAL CLIENT SOLUTIONS,VALUE PROPOSITION,INTERNATIONAL TREASURY MANAGEMENT,7135,PIVOT DATA,0,0,1,1,0,0,0,0,0,0,0,0,0,0,0
25-Jun,COMMERCIAL CLIENT SOLUTIONS,VALUE PROPOSITION,INTERNATIONAL TREASURY MANAGEMENT,7135,PIVOT DATA,0,0,1,2,0,0,0,0,0,0,0,0,0,0,0
25-Jul,COMMERCIAL CLIENT SOLUTIONS,VALUE PROPOSITION,INTERNATIONAL TREASURY MANAGEMENT,7135,PIVOT DATA,0,0,1,1,0,0,0,0,0,0,0,0,252,0,0
25-Aug,COMMERCIAL CLIENT SOLUTIONS,VALUE PROPOSITION,INTERNATIONAL TREASURY MANAGEMENT,7135,PIVOT DATA,0,0,1,1,0,0,0,0,0,0,0,0,630,0,0
25-Sep,COMMERCIAL CLIENT SOLUTIONS,VALUE PROPOSITION,INTERNATIONAL TREASURY MANAGEMENT,7135,PIVOT DATA,0,0,1,1,0,0,0,0,0,0,0,0,630,0,0
25-Mar,ARGENTINA,SYSTEMS ENGINEERING,PRODUCTOS RETAIL,7145,AR03 PRESTAMOS HIPOTECARIOS CANALES INTERNOS,3,3,1,3,3,3,3,3,0,0,0,0,0,0,0
25-Apr,ARGENTINA,SYSTEMS ENGINEERING,PRODUCTOS RETAIL,7145,AR03 PRESTAMOS HIPOTECARIOS CANALES INTERNOS,3,3,1,4,1,1,3,3,0,0,0,0,0,0,0
25-May,ARGENTINA,SYSTEMS ENGINEERING,PRODUCTOS RETAIL,7145,AR03 PRESTAMOS HIPOTECARIOS CANALES INTERNOS,4,4,1,4,3,3,3,4,0,0,0,0,0,0,0
25-Jun,ARGENTINA,SYSTEMS ENGINEERING,PRODUCTOS RETAIL,7145,AR03 PRESTAMOS HIPOTECARIOS CANALES INTERNOS,4,4,1,4,8,8,4,4,0,0,0,0,0,0,0
25-Jul,ARGENTINA,SYSTEMS ENGINEERING,PRODUCTOS RETAIL,7145,AR03 PRESTAMOS HIPOTECARIOS CANALES INTERNOS,1,1,1,1,3,3,1,1,0,0,0,0,126,0,0
25-Aug,ARGENTINA,SYSTEMS ENGINEERING,PRODUCTOS RETAIL,7145,AR03 PRESTAMOS HIPOTECARIOS CANALES INTERNOS,1,1,1,1,4,4,0,1,0,0,0,0,378,0,0
25-Sep,ARGENTINA,SYSTEMS ENGINEERING,PRODUCTOS RETAIL,7145,AR03 PRESTAMOS HIPOTECARIOS CANALES INTERNOS,1,1,1,1,7,7,0,1,0,0,0,0,378,0,0
25-Mar,PERU,SYSTEMS,SYSTEM OFFICE MIRST,7150,Z PERU,0,0,0,0,0,0,0,0,0,0,0,0,0,0,0
25-Mar,PERU,SYSTEMS,SYSTEM OFFICE MIRST,7150,Z PERU,0,0,0,0,0,0,0,0,0,0,0,0,0,0,0
25-Apr,PERU,SYSTEMS,SYSTEM OFFICE MIRST,7150,Z PERU,0,0,0,0,0,0,0,0,0,0,0,0,0,0,0
25-Apr,PERU,SYSTEMS,SYSTEM OFFICE MIRST,7150,Z PERU,0,0,0,0,0,0,0,0,0,0,0,0,0,0,0
25-May,PERU,SYSTEMS,SYSTEM OFFICE MIRST,7150,Z PERU,0,0,0,0,0,0,0,0,0,0,0,0,0,0,0
25-May,PERU,SYSTEMS,SYSTEM OFFICE MIRST,7150,Z PERU,0,0,0,0,0,0,0,0,0,0,0,0,0,0,0
25-Jun,PERU,SYSTEMS,SYSTEM OFFICE MIRST,7150,Z PERU,0,0,0,0,0,0,0,0,0,0,0,0,0,0,0
25-Jun,PERU,SYSTEMS,SYSTEM OFFICE MIRST,7150,Z PERU,0,0,0,0,0,0,0,0,0,0,0,0,0,0,0
25-Jul,PERU,SYSTEMS,SYSTEM OFFICE MIRST,7150,Z PERU,0,0,0,0,0,0,0,0,0,0,0,0,0,0,0
25-Jul,PERU,SYSTEMS,SYSTEM OFFICE MIRST,7150,Z PERU,0,0,0,0,0,0,0,0,0,0,0,0,0,0,0
25-Aug,PERU,SYSTEMS,SYSTEM OFFICE MIRST,7150,Z PERU,0,0,0,0,0,0,0,0,0,0,0,0,0,0,0
25-Aug,PERU,SYSTEMS,SYSTEM OFFICE MIRST,7150,Z PERU,0,0,0,0,0,0,0,0,0,0,0,0,0,0,0
25-Sep,PERU,SYSTEMS,SYSTEM OFFICE MIRST,7150,Z PERU,0,0,0,0,,,0,0,0,0,0,0,0,0,0
25-Mar,RETAIL CLIENT SOLUTIONS,RETAIL,RETAIL - PAYMENTS,7165,PLATAFORMA EMISION,1,0,1,2,0,0,1,1,0,0,0,0,36.791,0,0
25-Apr,RETAIL CLIENT SOLUTIONS,RETAIL,RETAIL - PAYMENTS,7165,PLATAFORMA EMISION,0,0,1,2,0,0,1,2,0,0,0,0,26.487,0,0
25-May,RETAIL CLIENT SOLUTIONS,RETAIL,RETAIL - PAYMENTS,7165,PLATAFORMA EMISION,0,0,1,2,0,0,2,2,0,0,0,0,31.681,0,0
25-Jun,RETAIL CLIENT SOLUTIONS,RETAIL,RETAIL - PAYMENTS,7165,PLATAFORMA EMISION,0,0,1,2,0,0,2,2,0,0,0,0,35.889,0,0
25-Jul,RETAIL CLIENT SOLUTIONS,RETAIL,RETAIL - PAYMENTS,7165,PLATAFORMA EMISION,0,0,1,2,0,0,2,2,0,0,0,0,30.883,0,0
25-Aug,RETAIL CLIENT SOLUTIONS,RETAIL,RETAIL - PAYMENTS,7165,PLATAFORMA EMISION,0,0,1,2,0,0,2,2,0,0,0,0,31.238,0,0
25-Mar,MEXICO,SYSTEMS ENGINEERING,DEVELOPMENT EXPERIENCE,7168,DEVOPS & SW DEVELOPMENT TOOLS,1,0,1,1,0,0,0,0,0,0,0,0,0,0,0
25-Apr,MEXICO,SYSTEMS ENGINEERING,DEVELOPMENT EXPERIENCE,7168,DEVOPS & SW DEVELOPMENT TOOLS,1,0,1,1,0,0,1,1,0,0,0,0,0,0,0
25-May,MEXICO,SYSTEMS ENGINEERING,DEVELOPMENT EXPERIENCE,7168,DEVOPS & SW DEVELOPMENT TOOLS,1,1,1,1,0,0,1,1,0,0,0,0,0,0,0
25-Jun,MEXICO,SYSTEMS ENGINEERING,DEVELOPMENT EXPERIENCE,7168,DEVOPS & SW DEVELOPMENT TOOLS,1,1,1,1,0,0,0,1,0,0,0,0,0,0,0
25-Jul,MEXICO,SYSTEMS ENGINEERING,DEVELOPMENT EXPERIENCE,7168,DEVOPS & SW DEVELOPMENT TOOLS,1,1,1,1,0,0,1,1,0,0,0,0,0,0,0
25-Aug,MEXICO,SYSTEMS ENGINEERING,DEVELOPMENT EXPERIENCE,7168,DEVOPS & SW DEVELOPMENT TOOLS,1,1,1,1,0,0,1,1,0,0,0,0,761,0,0
25-Sep,MEXICO,SYSTEMS ENGINEERING,DEVELOPMENT EXPERIENCE,7168,DEVOPS & SW DEVELOPMENT TOOLS,1,1,1,1,0,0,1,1,0,0,0,0,761,0,0
25-Apr,COMMERCIAL CLIENT SOLUTIONS,CHANNELS & PROCESSES,COREX & BANKING PLATFORM EVOLUTION,7184,PROCESOS ONBOARDING & CONTRATACION,0,0,1,1,0,0,1,1,0,0,0,0,0,0,0
25-May,COMMERCIAL CLIENT SOLUTIONS,CHANNELS & PROCESSES,COREX & BANKING PLATFORM EVOLUTION,7184,PROCESOS ONBOARDING & CONTRATACION,0,0,1,1,0,0,1,1,0,0,0,0,0,0,0
25-Jun,COMMERCIAL CLIENT SOLUTIONS,CHANNELS & PROCESSES,COREX & BANKING PLATFORM EVOLUTION,7184,PROCESOS ONBOARDING & CONTRATACION,0,0,1,1,9,9,1,1,0,0,0,0,4.403,0,0
25-Jul,COMMERCIAL CLIENT SOLUTIONS,CHANNELS & PROCESSES,COREX & BANKING PLATFORM EVOLUTION,7184,PROCESOS ONBOARDING & CONTRATACION,0,0,1,1,0,0,1,1,0,0,0,0,11.772,0,0
25-Aug,COMMERCIAL CLIENT SOLUTIONS,CHANNELS & PROCESSES,COREX & BANKING PLATFORM EVOLUTION,7184,PROCESOS ONBOARDING & CONTRATACION,0,0,1,1,0,0,1,1,0,0,0,0,11.578,0,0
25-Sep,COMMERCIAL CLIENT SOLUTIONS,CHANNELS & PROCESSES,COREX & BANKING PLATFORM EVOLUTION,7184,PROCESOS ONBOARDING & CONTRATACION,0,0,1,1,0,0,1,1,0,0,0,0,16.747,0,0
25-Mar,COMMERCIAL CLIENT SOLUTIONS,CHANNELS & PROCESSES,COREX & BANKING PLATFORM EVOLUTION,7184,PROCESOS ONBOARDING & CONTRATACION,0,0,1,1,3,3,1,1,0,0,0,0,0,0,0
25-Mar,COLOMBIA,SYSTEMS ENGINEERING,DEVOPS,7207,Z COLOMBIA,0,0,0,1,0,0,0,0,0,0,0,0,0,0,0
25-Apr,COLOMBIA,SYSTEMS ENGINEERING,DEVOPS,7207,Z COLOMBIA,0,0,0,1,0,0,0,0,0,0,0,0,0,0,0
25-May,COLOMBIA,SYSTEMS ENGINEERING,DEVOPS,7207,Z COLOMBIA,0,0,0,0,0,0,0,0,0,0,0,0,0,0,0
25-May,COLOMBIA,SYSTEMS ENGINEERING,DEVOPS,7207,Z COLOMBIA,0,0,0,0,0,0,0,0,0,0,0,0,0,0,0
25-Jun,COLOMBIA,SYSTEMS ENGINEERING,DEVOPS,7207,Z COLOMBIA,0,0,0,0,0,0,0,0,0,0,0,0,0,0,0
25-Jun,COLOMBIA,SYSTEMS ENGINEERING,DEVOPS,7207,Z COLOMBIA,0,0,0,0,0,0,0,0,0,0,0,0,0,0,0
25-Jul,COLOMBIA,SYSTEMS ENGINEERING,DEVOPS,7207,Z COLOMBIA,1,1,1,1,0,0,0,0,0,0,0,0,0,0,0
25-Aug,COLOMBIA,SYSTEMS ENGINEERING,DEVOPS,7207,Z COLOMBIA,1,1,1,1,0,0,0,0,0,0,0,0,0,0,0
25-Mar,COMMERCIAL CLIENT SOLUTIONS,CHANNELS & PROCESSES,SERVICING & CLIENT EXPERIENCE TRANSFORMATION,7210,PRODUCTIVIDAD Y DEVOPS,0,0,0,1,0,0,0,1,0,0,0,0,62.774,0,0
25-Apr,COMMERCIAL CLIENT SOLUTIONS,CHANNELS & PROCESSES,SERVICING & CLIENT EXPERIENCE TRANSFORMATION,7210,PRODUCTIVIDAD Y DEVOPS,0,0,0,1,0,0,0,1,0,0,0,0,55.418,0,0
25-May,COMMERCIAL CLIENT SOLUTIONS,CHANNELS & PROCESSES,SERVICING & CLIENT EXPERIENCE TRANSFORMATION,7210,PRODUCTIVIDAD Y DEVOPS,0,0,0,1,0,0,0,1,0,0,0,0,56.261,0,0
25-Jun,COMMERCIAL CLIENT SOLUTIONS,CHANNELS & PROCESSES,SERVICING & CLIENT EXPERIENCE TRANSFORMATION,7210,PRODUCTIVIDAD Y DEVOPS,0,0,1,1,0,0,0,1,0,0,0,0,33.206,0,0
25-Jul,COMMERCIAL CLIENT SOLUTIONS,CHANNELS & PROCESSES,SERVICING & CLIENT EXPERIENCE TRANSFORMATION,7210,PRODUCTIVIDAD Y DEVOPS,0,0,1,1,0,0,0,1,0,0,0,0,10.938,0,0
25-Aug,COMMERCIAL CLIENT SOLUTIONS,CHANNELS & PROCESSES,SERVICING & CLIENT EXPERIENCE TRANSFORMATION,7210,PRODUCTIVIDAD Y DEVOPS,0,0,1,1,0,0,0,1,0,0,0,0,12.086,0,0
25-Sep,COMMERCIAL CLIENT SOLUTIONS,CHANNELS & PROCESSES,SERVICING & CLIENT EXPERIENCE TRANSFORMATION,7210,PRODUCTIVIDAD Y DEVOPS,0,0,1,1,0,0,0,1,0,0,0,0,2.797,0,0
25-Mar,CIB,SW DELIVERY,GLOBAL MARKETS FRONT OFFICE,7231,CIB ONLINE INTEGRATION,2,0,0,2,10,10,1,2,0,0,0,0,1.252.618,0,0
25-Apr,CIB,SW DELIVERY,GLOBAL MARKETS FRONT OFFICE,7231,CIB ONLINE INTEGRATION,2,0,0,2,14,17,0,2,60,0,0,60,237.737,0,0
25-May,CIB,SW DELIVERY,GLOBAL MARKETS FRONT OFFICE,7231,CIB ONLINE INTEGRATION,2,1,0,2,21,28,0,2,60,0,0,60,237.737,0,0
25-Jun,CIB,SW DELIVERY,GLOBAL MARKETS FRONT OFFICE,7231,CIB ONLINE INTEGRATION,2,2,2,2,27,36,0,2,60,0,0,60,237.737,0,0
25-Jul,CIB,SW DELIVERY,GLOBAL MARKETS FRONT OFFICE,7231,CIB ONLINE INTEGRATION,2,2,2,2,9,13,0,2,60,0,0,60,237.737,0,0
25-Aug,CIB,SW DELIVERY,GLOBAL MARKETS FRONT OFFICE,7231,CIB ONLINE INTEGRATION,2,2,2,2,14,22,0,2,60,0,0,60,237.737,0,0
25-Sep,CIB,SW DELIVERY,GLOBAL MARKETS FRONT OFFICE,7231,CIB ONLINE INTEGRATION,2,2,2,2,15,23,0,2,60,0,0,60,237.737,0,0
25-Mar,PERU,SYSTEMS,PAYMENT METHODS,7282,NEW PAYMENT RAILS,1,1,1,1,43,43,0,1,0,0,0,0,277.38,0,0
25-Apr,PERU,SYSTEMS,PAYMENT METHODS,7282,NEW PAYMENT RAILS,1,1,1,1,0,0,0,1,0,0,0,0,247.045,0,0
25-May,PERU,SYSTEMS,PAYMENT METHODS,7282,NEW PAYMENT RAILS,1,1,1,1,28,30,0,1,0,0,0,0,247.795,0,0
25-Jun,PERU,SYSTEMS,PAYMENT METHODS,7282,NEW PAYMENT RAILS,2,2,2,2,54,60,0.5,1,0,0,0,0,251.12,0,0
25-Jul,PERU,SYSTEMS,PAYMENT METHODS,7282,NEW PAYMENT RAILS,2,2,2,2,2,2,0.5,1,0,0,0,0,262.521,0,0
25-Aug,PERU,SYSTEMS,PAYMENT METHODS,7282,NEW PAYMENT RAILS,3,3,3,3,11,11,0.5,1,0,0,0,0,265.128,0,0
25-Sep,PERU,SYSTEMS,PAYMENT METHODS,7282,NEW PAYMENT RAILS,3,3,3,3,13,14,0.5,1,0,0,0,0,265.15,0,0
25-Mar,COLOMBIA,SYSTEMS ENGINEERING,CORE,7283,GESTION REMOTA RETAIL,1,1,1,1,27,27,0,1,0,0,0,0,54.973,0,0
25-Apr,COLOMBIA,SYSTEMS ENGINEERING,CORE,7283,GESTION REMOTA RETAIL,1,1,1,1,9,9,0,1,0,0,0,0,71.372,0,0
25-May,COLOMBIA,SYSTEMS ENGINEERING,CORE,7283,GESTION REMOTA RETAIL,1,1,1,1,31,31,0,1,0,0,0,0,119.447,0,0
25-Jun,COLOMBIA,SYSTEMS ENGINEERING,CORE,7283,GESTION REMOTA RETAIL,1,1,1,1,86,86,0,1,0,0,0,0,140.654,0,0
25-Jul,COLOMBIA,SYSTEMS ENGINEERING,CORE,7283,GESTION REMOTA RETAIL,1,1,1,1,28,28,0,1,0,0,0,0,158.619,0,0
25-Aug,COLOMBIA,SYSTEMS ENGINEERING,CORE,7283,GESTION REMOTA RETAIL,1,1,1,1,64,64,0,1,0,0,0,0,180.976,0,0
25-Sep,COLOMBIA,SYSTEMS ENGINEERING,CORE,7283,GESTION REMOTA RETAIL,1,1,1,1,72,74,0,1,0,0,0,0,199.077,0,0
25-Mar,MEXICO,SYSTEMS ENGINEERING,PAYMENTS SYSTEMS,7338,PAYMENTS METHODS,1,0,0,1,0,0,1,1,0,0,0,0,0,0,0
25-Mar,COMMERCIAL CLIENT SOLUTIONS,CHANNELS & PROCESSES,COREX & BANKING PLATFORM EVOLUTION,7395,CREDIT EXPERIENCE,0,0,0,1,0,0,1,1,0,0,0,0,15.387,0,0
25-Apr,COMMERCIAL CLIENT SOLUTIONS,CHANNELS & PROCESSES,COREX & BANKING PLATFORM EVOLUTION,7395,CREDIT EXPERIENCE,1,0,0,2,0,0,1,1,0,0,0,0,1.207,0,0
25-May,COMMERCIAL CLIENT SOLUTIONS,CHANNELS & PROCESSES,COREX & BANKING PLATFORM EVOLUTION,7395,CREDIT EXPERIENCE,0,0,0,2,0,0,1,1,0,0,0,0,2.939,0,0
25-Jun,COMMERCIAL CLIENT SOLUTIONS,CHANNELS & PROCESSES,COREX & BANKING PLATFORM EVOLUTION,7395,CREDIT EXPERIENCE,0,0,2,2,6,6,1,1,0,0,0,0,9.318,0,0
25-Jul,COMMERCIAL CLIENT SOLUTIONS,CHANNELS & PROCESSES,COREX & BANKING PLATFORM EVOLUTION,7395,CREDIT EXPERIENCE,0,0,2,2,0,0,1,1,0,0,0,0,21.139,0,0
25-Aug,COMMERCIAL CLIENT SOLUTIONS,CHANNELS & PROCESSES,COREX & BANKING PLATFORM EVOLUTION,7395,CREDIT EXPERIENCE,0,0,2,2,0,0,1,1,0,0,0,0,22.919,0,0
25-Sep,COMMERCIAL CLIENT SOLUTIONS,CHANNELS & PROCESSES,COREX & BANKING PLATFORM EVOLUTION,7395,CREDIT EXPERIENCE,0,0,2,2,0,0,1,1,0,0,0,0,22.919,0,0
25-Mar,COMMERCIAL CLIENT SOLUTIONS,VALUE PROPOSITION,VAM SCF CARDS,7423,GLOBAL SCF (LOCAL MULTICOUNTRY),0,0,0,1,0,0,0,0,0,0,0,0,0,0,0
25-Apr,COMMERCIAL CLIENT SOLUTIONS,VALUE PROPOSITION,VAM SCF CARDS,7423,GLOBAL SCF (LOCAL MULTICOUNTRY),0,0,0,1,0,0,0,0,0,0,0,0,0,0,0
25-May,COMMERCIAL CLIENT SOLUTIONS,VALUE PROPOSITION,VAM SCF CARDS,7423,GLOBAL SCF (LOCAL MULTICOUNTRY),0,0,0,1,0,0,1,1,0,0,0,0,137,0,0
25-Jun,COMMERCIAL CLIENT SOLUTIONS,VALUE PROPOSITION,VAM SCF CARDS,7423,GLOBAL SCF (LOCAL MULTICOUNTRY),0,0,1,1,0,0,1,1,0,0,0,0,263,0,0
25-Jul,COMMERCIAL CLIENT SOLUTIONS,VALUE PROPOSITION,VAM SCF CARDS,7423,GLOBAL SCF (LOCAL MULTICOUNTRY),0,0,1,1,0,0,1,1,0,0,0,0,2.674,0,0
25-Aug,COMMERCIAL CLIENT SOLUTIONS,VALUE PROPOSITION,VAM SCF CARDS,7423,GLOBAL SCF (LOCAL MULTICOUNTRY),0,0,1,1,0,0,1,1,0,0,0,0,4.597,0,0
25-Sep,COMMERCIAL CLIENT SOLUTIONS,VALUE PROPOSITION,VAM SCF CARDS,7423,GLOBAL SCF (LOCAL MULTICOUNTRY),0,0,1,1,0,0,1,1,0,0,0,0,4.597,0,0
25-Mar,COMMERCIAL CLIENT SOLUTIONS,VALUE PROPOSITION,VAM SCF CARDS,7424,BBVA CONNECTA,0,0,0,1,0,0,0,0,0,0,0,0,0,0,0
25-Apr,COMMERCIAL CLIENT SOLUTIONS,VALUE PROPOSITION,VAM SCF CARDS,7424,BBVA CONNECTA,0,0,0,1,0,0,0,0,0,0,0,0,378,0,0
25-May,COMMERCIAL CLIENT SOLUTIONS,VALUE PROPOSITION,VAM SCF CARDS,7424,BBVA CONNECTA,0,0,0,1,0,0,0,1,0,0,0,0,1.102,0,0
25-Jun,COMMERCIAL CLIENT SOLUTIONS,VALUE PROPOSITION,VAM SCF CARDS,7424,BBVA CONNECTA,0,0,1,1,0,0,1,1,0,0,0,0,5.261,0,0
25-Jul,COMMERCIAL CLIENT SOLUTIONS,VALUE PROPOSITION,VAM SCF CARDS,7424,BBVA CONNECTA,0,0,1,1,0,0,1,1,0,0,0,0,6.122,0,0
25-Aug,COMMERCIAL CLIENT SOLUTIONS,VALUE PROPOSITION,VAM SCF CARDS,7424,BBVA CONNECTA,0,0,1,1,0,0,1,1,0,0,0,0,8.037,0,0
25-Sep,COMMERCIAL CLIENT SOLUTIONS,VALUE PROPOSITION,VAM SCF CARDS,7424,BBVA CONNECTA,0,0,1,1,0,0,1,1,0,0,0,0,12.139,0,0
25-Sep,MEXICO,SYSTEMS ENGINEERING,DEVELOPMENT EXPERIENCE,7427,Z MEXICO,0,0,0,0,0,0,0,0,0,0,0,0,0,0,0
25-Mar,COMMERCIAL CLIENT SOLUTIONS,SUSTAINABILITY RELATIONSHIP MODELS & SPARK,BBVA SPARK,7429,HERRAMIENTAS SPARK,0,0,0,1,0,0,1,1,0,0,0,0,53.41,0,0
25-Apr,COMMERCIAL CLIENT SOLUTIONS,SUSTAINABILITY RELATIONSHIP MODELS & SPARK,BBVA SPARK,7429,HERRAMIENTAS SPARK,1,0,2,4,0,0,2.5,3,0,0,0,0,37.34,0,0
25-May,COMMERCIAL CLIENT SOLUTIONS,SUSTAINABILITY RELATIONSHIP MODELS & SPARK,BBVA SPARK,7429,HERRAMIENTAS SPARK,0,0,2,2,2,2,2.5,3,0,0,0,0,40.971,0,0
25-Jun,COMMERCIAL CLIENT SOLUTIONS,SUSTAINABILITY RELATIONSHIP MODELS & SPARK,BBVA SPARK,7429,HERRAMIENTAS SPARK,0,0,2,2,18,18,2,2,0,0,0,0,44.63,0,0
25-Jul,COMMERCIAL CLIENT SOLUTIONS,SUSTAINABILITY RELATIONSHIP MODELS & SPARK,BBVA SPARK,7429,HERRAMIENTAS SPARK,0,0,2,2,0,0,2,2,0,0,0,0,45.829,0,0
25-Aug,COMMERCIAL CLIENT SOLUTIONS,SUSTAINABILITY RELATIONSHIP MODELS & SPARK,BBVA SPARK,7429,HERRAMIENTAS SPARK,0,0,2,2,0,0,3,3,0,0,0,0,45.846,0,0
25-Sep,COMMERCIAL CLIENT SOLUTIONS,SUSTAINABILITY RELATIONSHIP MODELS & SPARK,BBVA SPARK,7429,HERRAMIENTAS SPARK,0,0,2,2,0,0,3,3,0,0,0,0,45.846,0,0
25-Mar,RETAIL CLIENT SOLUTIONS,RETAIL,SMES,7434,SMES,0,0,1,2,25,25,1,1,0,0,0,0,102.261,0,0
25-Apr,RETAIL CLIENT SOLUTIONS,RETAIL,SMES,7434,SMES,0,0,1,2,0,0,1,1,0,0,0,0,87.635,0,0
25-May,RETAIL CLIENT SOLUTIONS,RETAIL,SMES,7434,SMES,0,0,1,2,16,16,1,1,0,0,0,0,106.702,0,0
25-Jun,RETAIL CLIENT SOLUTIONS,RETAIL,SMES,7434,SMES,0,0,1,2,25,25,1,1,0,0,0,0,129.126,0,0
25-Jul,RETAIL CLIENT SOLUTIONS,RETAIL,SMES,7434,SMES,0,0,1,2,0,0,1,1,0,0,0,0,141.44,0,0
25-Aug,RETAIL CLIENT SOLUTIONS,RETAIL,SMES,7434,SMES,0,0,1,2,0,0,1,1,0,0,0,0,164.313,0,0
25-Mar,COLOMBIA,SYSTEMS ENGINEERING,CORE,7437,GESTION REMOTA PYMES,0,0,0,1,10,10,0,0,0,0,0,0,44.753,0,0
25-Apr,COLOMBIA,SYSTEMS ENGINEERING,CORE,7437,GESTION REMOTA PYMES,0,0,0,1,5,5,1,1,0,0,0,0,46.474,0,0
25-May,COLOMBIA,SYSTEMS ENGINEERING,CORE,7437,GESTION REMOTA PYMES,0,0,0,0,10,10,1,1,0,0,0,0,50.699,0,0
25-Jun,COLOMBIA,SYSTEMS ENGINEERING,CORE,7437,GESTION REMOTA PYMES,0,0,0,0,44,44,1,1,0,0,0,0,74.037,0,0
25-Jul,COLOMBIA,SYSTEMS ENGINEERING,CORE,7437,GESTION REMOTA PYMES,0,0,0,0,2,2,1,1,0,0,0,0,87.763,0,0
25-Aug,COLOMBIA,SYSTEMS ENGINEERING,CORE,7437,GESTION REMOTA PYMES,0,0,0,0,30,30,1,1,0,0,0,0,110.394,0,0
25-Sep,COLOMBIA,SYSTEMS ENGINEERING,CORE,7437,GESTION REMOTA PYMES,0,0,0,0,34,34,1,1,0,0,0,0,121.806,0,0
25-Mar,MEXICO,DATA TRANSFORMATION & ENGINEERING,DATAHUB EXTENDED,7514,DATA INSURANCE,1,0,1,1,17,17,1,1,0,0,0,0,129.819,0,0
25-Apr,MEXICO,DATA TRANSFORMATION & ENGINEERING,DATAHUB EXTENDED,7514,DATA INSURANCE,2,2,2,2,0,0,2,2,0,0,0,0,0,0,0
25-May,MEXICO,DATA TRANSFORMATION & ENGINEERING,DATAHUB EXTENDED,7514,DATA INSURANCE,2,2,2,2,10,10,2,2,0,0,0,0,0,0,0
25-Jun,MEXICO,DATA TRANSFORMATION & ENGINEERING,DATAHUB EXTENDED,7514,DATA INSURANCE,1,1,1,1,43,43,1,1,0,0,0,0,18.41,0,0
25-Jul,MEXICO,DATA TRANSFORMATION & ENGINEERING,DATAHUB EXTENDED,7514,DATA INSURANCE,1,1,1,1,3,3,1,1,0,0,0,0,18.264,0,0
25-Aug,MEXICO,DATA TRANSFORMATION & ENGINEERING,DATAHUB EXTENDED,7514,DATA INSURANCE,1,1,1,1,56,56,1,1,0,0,0,0,18.777,0,0
25-Sep,MEXICO,DATA TRANSFORMATION & ENGINEERING,DATAHUB EXTENDED,7514,DATA INSURANCE,1,1,1,1,76,76,1,1,0,0,0,0,18.777,0,0
25-Mar,CIB,CIB ENGINEERING,SW CROSS,7517,ANALYTICS,1,0,1,1,0,0,0,0,0,0,0,0,0,0,0
25-Apr,CIB,CIB ENGINEERING,SW CROSS,7517,ANALYTICS,1,0,1,1,0,0,0,1,0,0,0,0,670,0,0
25-May,CIB,DATA ENGINEERING,FINANCE DATA,7549,DATAWAREHOUSE & DATAMARTS,2,2,2,2,1,1,1,2,0,0,0,0,2.093.276,0,0
25-Jun,CIB,DATA ENGINEERING,FINANCE DATA,7549,DATAWAREHOUSE & DATAMARTS,2,2,2,2,3,3,1,2,0,0,0,0,2.097.320,0,0
25-Jul,CIB,DATA ENGINEERING,FINANCE DATA,7549,DATAWAREHOUSE & DATAMARTS,2,2,2,2,4,4,2,2,0,0,0,0,2.095.921,0,0
25-Aug,CIB,DATA ENGINEERING,FINANCE DATA,7549,DATAWAREHOUSE & DATAMARTS,2,2,2,2,4,4,2,2,244,0,0,244,2.095.921,0,0
25-Sep,CIB,DATA ENGINEERING,FINANCE DATA,7549,DATAWAREHOUSE & DATAMARTS,2,2,2,2,4,4,2,2,244,0,0,244,2.095.921,0,0
25-May,CIB,DATA ENGINEERING,RISK DATA,7551,GM RISK DATA,1,1,1,1,13,13,0,1,583,0,0,583,726.11,0,0
25-Jun,CIB,DATA ENGINEERING,RISK DATA,7551,GM RISK DATA,1,1,1,1,25,25,0,1,326,0,0,326,748.451,0,0
25-Jul,CIB,DATA ENGINEERING,RISK DATA,7551,GM RISK DATA,1,1,1,1,17,17,0,1,322,0,0,322,756.261,0,0
25-Aug,CIB,DATA ENGINEERING,RISK DATA,7551,GM RISK DATA,1,1,1,1,17,17,0,1,322,0,0,322,757.23,0,0
25-Sep,CIB,DATA ENGINEERING,RISK DATA,7551,GM RISK DATA,1,1,1,1,17,17,0,1,322,0,0,322,757.23,0,0
25-May,CIB,DATA ENGINEERING,RISK DATA,7552,GMRU ANALYTICS,1,1,1,1,11,11,0,1,0,0,0,0,190.162,0,0
25-Jun,CIB,DATA ENGINEERING,RISK DATA,7552,GMRU ANALYTICS,1,1,1,1,15,16,0,1,0,0,0,0,190.28,0,0
25-Jul,CIB,DATA ENGINEERING,RISK DATA,7552,GMRU ANALYTICS,1,1,1,1,15,15,1,1,0,0,0,0,191.185,0,0
25-Aug,CIB,DATA ENGINEERING,RISK DATA,7552,GMRU ANALYTICS,1,1,1,1,15,15,1,1,0,0,0,0,191.154,0,0
25-Sep,CIB,DATA ENGINEERING,RISK DATA,7552,GMRU ANALYTICS,1,1,1,1,16,16,1,1,0,0,0,0,191.611,0,0
25-May,CIB,DATA ENGINEERING,UNDERWRITING & COMMERCIAL PROCESS,7554,COMMERCIAL MANAGEMENT - CRM,2,2,1,1,5,5,0,1,0,0,0,0,1.304.938,0,0
25-Jun,CIB,DATA ENGINEERING,UNDERWRITING & COMMERCIAL PROCESS,7554,COMMERCIAL MANAGEMENT - CRM,2,2,1,1,5,5,0,1,0,0,0,0,1.453.278,0,0
25-Jul,CIB,DATA ENGINEERING,UNDERWRITING & COMMERCIAL PROCESS,7554,COMMERCIAL MANAGEMENT - CRM,2,2,1,1,7,7,0,1,50,0,0,50,1.553.493,0,0
25-Aug,CIB,DATA ENGINEERING,UNDERWRITING & COMMERCIAL PROCESS,7554,COMMERCIAL MANAGEMENT - CRM,2,2,1,1,7,7,0,1,46,0,0,46,1.660.336,0,0
25-Sep,CIB,DATA ENGINEERING,UNDERWRITING & COMMERCIAL PROCESS,7554,COMMERCIAL MANAGEMENT - CRM,2,2,1,1,7,7,0,1,46,0,0,46,1.684.257,0,0
25-May,CIB,DATA ENGINEERING,UNDERWRITING & COMMERCIAL PROCESS,7556,UNDERWRITING SERVICE,4,4,1,4,0,0,2,4,0,0,0,0,1.646.491,0,0
25-Jun,CIB,DATA ENGINEERING,UNDERWRITING & COMMERCIAL PROCESS,7556,UNDERWRITING SERVICE,5,4,3,5,0,0,2,4,0,0,0,0,1.667.411,0,0
25-Jul,CIB,DATA ENGINEERING,UNDERWRITING & COMMERCIAL PROCESS,7556,UNDERWRITING SERVICE,5,4,3,5,5,5,2,4,0,0,0,0,1.715.674,0,0
25-Aug,CIB,DATA ENGINEERING,UNDERWRITING & COMMERCIAL PROCESS,7556,UNDERWRITING SERVICE,5,4,3,5,5,5,2,4,0,0,0,0,1.720.902,0,0
25-Sep,CIB,DATA ENGINEERING,UNDERWRITING & COMMERCIAL PROCESS,7556,UNDERWRITING SERVICE,5,4,3,5,5,5,2,4,0,0,0,0,286.247,0,0
25-May,CIB,DATA ENGINEERING,ANALYTICS,7557,GTB ANALYTICS,3,3,3,3,0,0,0,1,0,0,0,0,33.259,0,0
25-Jun,CIB,DATA ENGINEERING,ANALYTICS,7557,GTB ANALYTICS,2,2,2,2,0,0,2,2,0,0,0,0,33.258,0,0
25-Jul,CIB,DATA ENGINEERING,ANALYTICS,7557,GTB ANALYTICS,2,2,2,2,0,0,2,2,0,0,0,0,33.258,0,0
25-Aug,CIB,DATA ENGINEERING,ANALYTICS,7557,GTB ANALYTICS,2,2,2,2,0,0,2,2,0,0,0,0,33.258,0,0
25-May,CIB,DATA ENGINEERING,ANALYTICS,7558,POST-TRADE SOLUTIONS,8,7,7,8,21,23,3,7,3941,0,0,3941,15.449.073,0,0
25-Jun,CIB,DATA ENGINEERING,ANALYTICS,7558,POST-TRADE SOLUTIONS,10,8,9,10,25,27,3,7,3123,0,0,3123,14.232.826,0,0
25-Jul,CIB,DATA ENGINEERING,ANALYTICS,7558,POST-TRADE SOLUTIONS,9,8,9,9,35,35,5,8,3858,0,0,3858,13.940.128,0,0
25-Aug,CIB,DATA ENGINEERING,ANALYTICS,7558,POST-TRADE SOLUTIONS,10,10,10,10,38,38,5,7,4189,0,0,4189,14.181.579,0,0
25-May,CIB,DATA ENGINEERING,ANALYTICS,7559,SUSTAINABILITY SOLUTIONS,5,3,5,5,2,2,2,4,0,0,0,0,263.278,0,0
25-Jun,CIB,DATA ENGINEERING,ANALYTICS,7559,SUSTAINABILITY SOLUTIONS,4,3,4,4,6,7,3,4,0,0,0,0,272.795,0,0
25-Jul,CIB,DATA ENGINEERING,ANALYTICS,7559,SUSTAINABILITY SOLUTIONS,3,3,3,3,1,1,4,4,0,0,0,0,275.875,0,0
25-Aug,CIB,DATA ENGINEERING,ANALYTICS,7559,SUSTAINABILITY SOLUTIONS,4,4,4,4,1,1,4,4,0,0,0,0,297.381,0,0
25-May,CIB,SW DELIVERY,EQUITIES,7566,DIGITAL DERIVATIVES: X-ASSET NOTES,12,12,11,11,11,18,3,8,996,0,0,996,7.262.799,0,0
25-Jun,CIB,SW DELIVERY,EQUITIES,7566,DIGITAL DERIVATIVES: X-ASSET NOTES,12,12,10,10,13,14,2,7,1702,0,0,1702,9.595.567,0,0
25-Jul,CIB,SW DELIVERY,EQUITIES,7566,DIGITAL DERIVATIVES: X-ASSET NOTES,12,11,10,10,12,12,4,8,1882,0,0,1882,9.464.276,0,0
25-Aug,CIB,SW DELIVERY,EQUITIES,7566,DIGITAL DERIVATIVES: X-ASSET NOTES,12,11,10,10,13,13,5,8,1879,0,0,1879,9.363.789,0,0
25-Sep,CIB,SW DELIVERY,EQUITIES,7566,DIGITAL DERIVATIVES: X-ASSET NOTES,12,11,10,10,16,16,5,8,1879,0,0,1879,9.417.572,0,0
25-May,CIB,SW DELIVERY,EQUITIES,7567,CASH EQUITY & MMOO,9,8,6,6,2,2,6,7,0,0,0,0,623.598,0,0
25-Jun,CIB,SW DELIVERY,EQUITIES,7567,CASH EQUITY & MMOO,9,8,5,5,4,4,6,8,0,0,0,0,533.895,0,0
25-Jul,CIB,SW DELIVERY,EQUITIES,7567,CASH EQUITY & MMOO,9,8,5,5,6,8,6,8,0,0,0,0,543.305,0,0
25-Aug,CIB,SW DELIVERY,EQUITIES,7567,CASH EQUITY & MMOO,9,8,5,5,6,8,6,8,0,0,0,0,544.675,0,0
25-Sep,CIB,SW DELIVERY,EQUITIES,7567,CASH EQUITY & MMOO,9,8,5,5,6,8,6,8,0,0,0,0,547.316,0,0
25-May,CIB,SW DELIVERY,EQUITIES,7568,QIS EQUITY FINANCE & CROSS,9,9,5,5,28,31,6,8,380,0,0,380,1.537.481,0,0
25-Jun,CIB,SW DELIVERY,EQUITIES,7568,QIS EQUITY FINANCE & CROSS,9,9,5,5,39,42,7,8,349,0,0,349,1.539.340,0,0
25-Jul,CIB,SW DELIVERY,EQUITIES,7568,QIS EQUITY FINANCE & CROSS,9,9,5,5,35,35,7,8,1102,0,0,1102,1.539.726,0,0
25-Aug,CIB,SW DELIVERY,EQUITIES,7568,QIS EQUITY FINANCE & CROSS,9,7,5,5,43,43,7,8,1101,0,0,1101,1.541.376,0,0
25-Sep,CIB,SW DELIVERY,EQUITIES,7568,QIS EQUITY FINANCE & CROSS,9,7,5,5,49,49,7,8,1101,0,0,1101,1.541.421,0,0
25-May,CIB,SW DELIVERY,RISK,7569,MARKET & COUNTERPARTY RISK,10,9,9,10,20,23,2,6,377,0,0,377,268.258,0,0
25-Jun,CIB,SW DELIVERY,RISK,7569,MARKET & COUNTERPARTY RISK,10,10,9,10,40,43,2,8,377,0,0,377,268.44,0,0
25-Jul,CIB,SW DELIVERY,RISK,7569,MARKET & COUNTERPARTY RISK,10,10,9,10,29,31,4,7,20,0,0,20,138.079,0,0
25-Aug,CIB,SW DELIVERY,RISK,7569,MARKET & COUNTERPARTY RISK,10,10,9,10,30,33,4,7,20,0,0,20,137.818,0,0
25-Sep,CIB,SW DELIVERY,RISK,7569,MARKET & COUNTERPARTY RISK,10,10,9,10,31,34,4,7,20,0,0,20,137.818,0,0
25-May,CIB,SW DELIVERY,RISK,7570,RISK MEASUREMENT 2.0,1,1,0,1,0,0,0,0,0,0,0,0,0,0,0
25-Jun,CIB,SW DELIVERY,RISK,7570,RISK MEASUREMENT 2.0,1,1,0,1,0,0,0,0,0,0,0,0,0,0,0
25-Jul,CIB,SW DELIVERY,RISK,7570,RISK MEASUREMENT 2.0,1,1,0,1,0,0,0,0,0,0,0,0,0,0,0
25-Aug,CIB,SW DELIVERY,RISK,7570,RISK MEASUREMENT 2.0,1,1,0,1,0,0,0,0,0,0,0,0,0,0,0
25-Sep,CIB,SW DELIVERY,RISK,7570,RISK MEASUREMENT 2.0,1,1,0,1,0,0,0,0,0,0,0,0,0,0,0
25-May,CIB,SW DELIVERY,RISK,7571,MARKET DATA & RISK SOLUTIONS,12,11,9,10,23,25,3,7,218,0,0,218,6.646.321,0,0
25-Jun,CIB,SW DELIVERY,RISK,7571,MARKET DATA & RISK SOLUTIONS,12,12,9,10,37,40,4,7,8,0,0,8,1.942.348,0,0
25-Jul,CIB,SW DELIVERY,RISK,7571,MARKET DATA & RISK SOLUTIONS,12,11,9,10,35,35,4,8,8,0,0,8,1.921.738,0,0
25-Aug,CIB,SW DELIVERY,RISK,7571,MARKET DATA & RISK SOLUTIONS,12,10,9,10,38,38,5,7,8,0,0,8,1.922.777,0,0
25-Sep,CIB,SW DELIVERY,RISK,7571,MARKET DATA & RISK SOLUTIONS,12,11,9,10,38,38,5,7,8,0,0,8,1.922.777,0,0
25-May,CIB,SW DELIVERY,FOREIGN EXCHANGE,7572,PRICE DISTRIBUTION AND ORDER MANAGEMENT,3,3,0,0,0,0,1,2,0,0,0,0,255.093,0,0
25-Jun,CIB,SW DELIVERY,FOREIGN EXCHANGE,7572,PRICE DISTRIBUTION AND ORDER MANAGEMENT,3,3,0,0,0,0,1,2,0,0,0,0,255.093,0,0
25-Jul,CIB,SW DELIVERY,FOREIGN EXCHANGE,7572,PRICE DISTRIBUTION AND ORDER MANAGEMENT,3,3,0,0,0,0,1,2,0,0,0,0,255.093,0,0
25-Aug,CIB,SW DELIVERY,FOREIGN EXCHANGE,7572,PRICE DISTRIBUTION AND ORDER MANAGEMENT,3,3,0,0,0,0,1,2,0,0,0,0,1.566,0,0
25-Sep,CIB,SW DELIVERY,FOREIGN EXCHANGE,7572,PRICE DISTRIBUTION AND ORDER MANAGEMENT,3,3,0,0,0,0,1,2,0,0,0,0,1.566,0,0
25-May,CIB,SW DELIVERY,FOREIGN EXCHANGE,7573,BOOKING & SETTLEMENT,12,11,6,11,14,21,0,4,2,0,0,2,1.840.002,0,0
25-Jun,CIB,SW DELIVERY,FOREIGN EXCHANGE,7573,BOOKING & SETTLEMENT,12,11,6,10,15,26,0,4,2,0,0,2,1.829.630,0,0
25-Jul,CIB,SW DELIVERY,FOREIGN EXCHANGE,7573,BOOKING & SETTLEMENT,13,10,7,11,19,26,2,5,2,0,0,2,1.766.462,0,0
25-Aug,CIB,SW DELIVERY,FOREIGN EXCHANGE,7573,BOOKING & SETTLEMENT,13,10,7,11,19,30,3,6,2,0,0,2,1.716.225,0,0
25-Sep,CIB,SW DELIVERY,FOREIGN EXCHANGE,7573,BOOKING & SETTLEMENT,14,10,7,12,19,31,3,6,2,0,0,2,1.736.372,0,0
25-May,CIB,SW DELIVERY,FOREIGN EXCHANGE,7574,PRICE CONSTRUCTION ACCEPTANCE ARM & SOR,4,2,1,3,0,0,2,3,0,0,0,0,70,0,0
25-Jun,CIB,SW DELIVERY,FOREIGN EXCHANGE,7574,PRICE CONSTRUCTION ACCEPTANCE ARM & SOR,4,2,1,2,0,0,2,3,0,0,0,0,70,0,0
25-Jul,CIB,SW DELIVERY,FOREIGN EXCHANGE,7574,PRICE CONSTRUCTION ACCEPTANCE ARM & SOR,4,2,1,2,1,2,2,3,0,0,0,0,70,0,0
25-Aug,CIB,SW DELIVERY,FOREIGN EXCHANGE,7574,PRICE CONSTRUCTION ACCEPTANCE ARM & SOR,4,2,1,2,1,2,2,3,0,0,0,0,70,0,0
25-Sep,CIB,SW DELIVERY,FOREIGN EXCHANGE,7574,PRICE CONSTRUCTION ACCEPTANCE ARM & SOR,4,2,1,2,1,2,2,3,0,0,0,0,70,0,0
25-May,CIB,SW DELIVERY,GLOBAL MARKETS FRONT OFFICE,7576,POSITION KEEPING & RISK MANAGEMENT,2,2,2,2,37,39,0,1,34,0,0,34,18.862,0,0
25-Jun,CIB,SW DELIVERY,GLOBAL MARKETS FRONT OFFICE,7576,POSITION KEEPING & RISK MANAGEMENT,2,2,2,2,49,53,0,2,34,0,0,34,18.045,0,0
25-Jul,CIB,SW DELIVERY,GLOBAL MARKETS FRONT OFFICE,7576,POSITION KEEPING & RISK MANAGEMENT,2,2,2,2,27,39,1,2,34,0,0,34,18.059,0,0
25-Aug,CIB,SW DELIVERY,GLOBAL MARKETS FRONT OFFICE,7576,POSITION KEEPING & RISK MANAGEMENT,2,2,2,2,33,49,1,2,34,0,0,34,18.117,0,0
25-Sep,CIB,SW DELIVERY,GLOBAL MARKETS FRONT OFFICE,7576,POSITION KEEPING & RISK MANAGEMENT,2,2,2,2,33,49,1,2,34,0,0,34,18.117,0,0
25-May,CIB,SW DELIVERY,GLOBAL MARKETS FRONT OFFICE,7577,POSITION KEEPING & RISK MANAGEMENT (LEGACY),2,1,2,2,3,3,1,1,0,0,0,0,109,0,0
25-Jun,CIB,SW DELIVERY,GLOBAL MARKETS FRONT OFFICE,7577,POSITION KEEPING & RISK MANAGEMENT (LEGACY),2,2,2,2,7,7,1,1,0,0,0,0,109,0,0
25-Jul,CIB,SW DELIVERY,GLOBAL MARKETS FRONT OFFICE,7577,POSITION KEEPING & RISK MANAGEMENT (LEGACY),2,1,2,2,0,2,1,1,0,0,0,0,109,0,0
25-Aug,CIB,SW DELIVERY,GLOBAL MARKETS FRONT OFFICE,7577,POSITION KEEPING & RISK MANAGEMENT (LEGACY),2,2,2,2,2,4,1,1,0,0,0,0,109,0,0
25-Sep,CIB,SW DELIVERY,GLOBAL MARKETS FRONT OFFICE,7577,POSITION KEEPING & RISK MANAGEMENT (LEGACY),2,2,2,2,2,5,1,1,0,0,0,0,109,0,0
25-May,CIB,SW DELIVERY,FIXED INCOME,7578,FI BOOKING & PORTFOLIO MANAGEMENT,1,1,1,1,6,7,0,1,1,0,0,1,295.857,0,0
25-Jun,CIB,SW DELIVERY,FIXED INCOME,7578,FI BOOKING & PORTFOLIO MANAGEMENT,1,1,1,1,9,10,0,1,1,0,0,1,306.836,0,0
25-Jul,CIB,SW DELIVERY,FIXED INCOME,7578,FI BOOKING & PORTFOLIO MANAGEMENT,1,1,1,1,7,7,0,1,1,0,0,1,314.039,0,0
25-Aug,CIB,SW DELIVERY,FIXED INCOME,7578,FI BOOKING & PORTFOLIO MANAGEMENT,1,1,1,1,10,10,0.5,1,1,0,0,1,314.456,0,0
25-Sep,CIB,SW DELIVERY,FIXED INCOME,7578,FI BOOKING & PORTFOLIO MANAGEMENT,1,1,1,1,10,10,0.5,1,1,0,0,1,314.456,0,0
25-May,CIB,SW DELIVERY,FIXED INCOME,7579,FI PREDEAL & EXECUTION,7,7,5,6,15,23,1,4,0,0,0,0,2.307.093,0,0
25-Jun,CIB,SW DELIVERY,FIXED INCOME,7579,FI PREDEAL & EXECUTION,7,7,5,6,18,23,2,4,0,0,0,0,2.271.366,0,0
25-Jul,CIB,SW DELIVERY,FIXED INCOME,7579,FI PREDEAL & EXECUTION,7,7,5,6,26,28,2,5,0,0,0,0,2.284.399,0,0
25-Aug,CIB,SW DELIVERY,FIXED INCOME,7579,FI PREDEAL & EXECUTION,7,7,5,6,30,32,2.5,5,0,0,0,0,2.286.695,0,0
25-Sep,CIB,SW DELIVERY,FIXED INCOME,7579,FI PREDEAL & EXECUTION,7,7,5,6,34,36,2.5,5,0,0,0,0,2.195.586,0,0
25-May,CIB,SW DELIVERY,FIXED INCOME,7580,FI POSTDEAL & REPORTING,5,5,4,4,5,6,1,3,0,0,0,0,747.597,0,0
25-Jun,CIB,SW DELIVERY,FIXED INCOME,7580,FI POSTDEAL & REPORTING,5,5,4,4,11,13,2,3,8,0,0,8,839.088,0,0
25-Jul,CIB,SW DELIVERY,FIXED INCOME,7580,FI POSTDEAL & REPORTING,5,5,4,4,8,8,3,3,12,0,0,12,846.981,0,0
25-Aug,CIB,SW DELIVERY,FIXED INCOME,7580,FI POSTDEAL & REPORTING,5,5,4,4,9,9,3,3,12,0,0,12,846.981,0,0
25-Sep,CIB,SW DELIVERY,FIXED INCOME,7580,FI POSTDEAL & REPORTING,5,5,4,4,10,10,3,3,12,0,0,12,846.981,0,0
25-May,CIB,SW DELIVERY,GTB & IB&F,7581,GTB,4,4,4,4,3,4,2,4,0,0,0,0,3.967,0,0
25-Jun,CIB,SW DELIVERY,GTB & IB&F,7581,GTB,4,4,4,4,4,4,2,3,0,0,0,0,3.967,0,0
25-Jul,CIB,SW DELIVERY,GTB & IB&F,7581,GTB,4,4,4,4,7,7,2,3,0,0,0,0,3.967,0,0
25-Aug,CIB,SW DELIVERY,GTB & IB&F,7581,GTB,4,4,4,4,7,7,2,2,0,0,0,0,3.967,0,0
25-Sep,CIB,SW DELIVERY,GTB & IB&F,7581,GTB,4,4,4,4,7,7,2,2,0,0,0,0,3.967,0,0
25-May,CIB,SW DELIVERY,GTB & IB&F,7582,IB&F,9,9,7,7,5,5,4,5,748,0,0,748,4.380.419,0,0
25-Jun,CIB,SW DELIVERY,GTB & IB&F,7582,IB&F,9,9,7,7,10,10,4,5,748,0,0,748,4.380.516,0,0
25-Jul,CIB,SW DELIVERY,GTB & IB&F,7582,IB&F,9,8,7,7,7,8,4,5,698,0,0,698,4.387.185,0,0
25-Aug,CIB,SW DELIVERY,GTB & IB&F,7582,IB&F,9,8,7,7,7,8,4,5,698,0,0,698,4.387.083,0,0
25-Sep,CIB,SW DELIVERY,GTB & IB&F,7582,IB&F,9,8,7,7,7,8,4,5,698,0,0,698,4.372.910,0,0
25-May,CIB,SW DELIVERY,REPOSITORIES AND SUPERVISORY FUNCTIONS,7583,TRANSACTION REPORTING & RECONCILIATIONS,5,5,4,4,20,28,3,5,0,0,0,0,122.804,0,0
25-Jun,CIB,SW DELIVERY,REPOSITORIES AND SUPERVISORY FUNCTIONS,7583,TRANSACTION REPORTING & RECONCILIATIONS,5,5,3,3,46,55,3,5,0,0,0,0,124.05,0,0
25-Jul,CIB,SW DELIVERY,REPOSITORIES AND SUPERVISORY FUNCTIONS,7583,TRANSACTION REPORTING & RECONCILIATIONS,5,5,3,3,19,20,4,5,0,0,0,0,125.218,0,0
25-Aug,CIB,SW DELIVERY,REPOSITORIES AND SUPERVISORY FUNCTIONS,7583,TRANSACTION REPORTING & RECONCILIATIONS,5,5,3,3,20,21,5,5,0,0,0,0,125.929,0,0
25-Sep,CIB,SW DELIVERY,REPOSITORIES AND SUPERVISORY FUNCTIONS,7583,TRANSACTION REPORTING & RECONCILIATIONS,5,5,3,3,20,21,5,5,0,0,0,0,125.929,0,0
25-May,CIB,SW DELIVERY,REPOSITORIES AND SUPERVISORY FUNCTIONS,7584,SUPERVISORY FUNCTIONS,6,5,5,5,11,13,8,8,0,0,0,0,1.137.187,0,0
25-Jun,CIB,SW DELIVERY,REPOSITORIES AND SUPERVISORY FUNCTIONS,7584,SUPERVISORY FUNCTIONS,6,5,3,3,13,15,8,9,0,0,0,0,1.137.187,0,0
25-Jul,CIB,SW DELIVERY,REPOSITORIES AND SUPERVISORY FUNCTIONS,7584,SUPERVISORY FUNCTIONS,6,6,3,3,15,15,9,9,11,0,0,11,1.137.187,0,0
25-Aug,CIB,SW DELIVERY,REPOSITORIES AND SUPERVISORY FUNCTIONS,7584,SUPERVISORY FUNCTIONS,6,6,3,3,15,15,9,9,11,0,0,11,1.137.187,0,0
25-Sep,CIB,SW DELIVERY,REPOSITORIES AND SUPERVISORY FUNCTIONS,7584,SUPERVISORY FUNCTIONS,7,6,3,4,15,15,9,9,11,0,0,11,1.137.187,0,0
25-May,CIB,SW DELIVERY,REPOSITORIES AND SUPERVISORY FUNCTIONS,7585,REPOSITORIES,8,8,8,8,6,6,3,5,0,0,0,0,1.215.961,0,0
25-Jun,CIB,SW DELIVERY,REPOSITORIES AND SUPERVISORY FUNCTIONS,7585,REPOSITORIES,8,8,8,8,12,12,3,5,0,0,0,0,1.215.961,0,0
25-Jul,CIB,SW DELIVERY,REPOSITORIES AND SUPERVISORY FUNCTIONS,7585,REPOSITORIES,8,8,8,8,5,6,3,5,0,0,0,0,1.217.144,0,0
25-Aug,CIB,SW DELIVERY,REPOSITORIES AND SUPERVISORY FUNCTIONS,7585,REPOSITORIES,8,8,8,8,5,6,4,5,0,0,0,0,1.217.144,0,0
25-Sep,CIB,SW DELIVERY,REPOSITORIES AND SUPERVISORY FUNCTIONS,7585,REPOSITORIES,8,8,8,8,5,6,4,5,0,0,0,0,1.217.144,0,0
25-Apr,ARGENTINA,SYSTEMS ENGINEERING,MODELOS DE ATENCION,7602,AR30 TESORO y CAJA,2,2,1,2,0,0,1,2,0,0,0,0,279.003,0,0
25-May,ARGENTINA,SYSTEMS ENGINEERING,MODELOS DE ATENCION,7602,AR30 TESORO y CAJA,2,2,1,2,0,0,1,2,0,0,0,0,279.069,0,0
25-Jun,ARGENTINA,SYSTEMS ENGINEERING,MODELOS DE ATENCION,7602,AR30 TESORO y CAJA,2,2,1,2,0,0,1,2,3,0,0,3,280.048,0,0
25-Jul,ARGENTINA,SYSTEMS ENGINEERING,MODELOS DE ATENCION,7602,AR30 TESORO y CAJA,2,2,1,2,0,0,1,2,3,0,0,3,207.359,0,0
25-Aug,ARGENTINA,SYSTEMS ENGINEERING,MODELOS DE ATENCION,7602,AR30 TESORO y CAJA,2,2,2,2,0,0,1,2,3,0,0,3,429.595,0,0
25-Sep,ARGENTINA,SYSTEMS ENGINEERING,MODELOS DE ATENCION,7602,AR30 TESORO y CAJA,2,2,2,2,0,0,1,2,3,0,0,3,429.595,0,0
25-Apr,ARGENTINA,SYSTEMS ENGINEERING,MERCADOS Y CUSTODIAS,7605,CIB07 ASSET MANAGEMENT,4,3,3,4,0,0,1,1,0,0,0,0,0,0,0
25-May,ARGENTINA,SYSTEMS ENGINEERING,MERCADOS Y CUSTODIAS,7605,CIB07 ASSET MANAGEMENT,4,3,3,4,0,0,2,2,0,0,0,0,0,0,0
25-Jun,ARGENTINA,SYSTEMS ENGINEERING,MERCADOS Y CUSTODIAS,7605,CIB07 ASSET MANAGEMENT,3,3,3,3,0,0,2,2,0,0,0,0,0,0,0
25-Jul,ARGENTINA,SYSTEMS ENGINEERING,MERCADOS Y CUSTODIAS,7605,CIB07 ASSET MANAGEMENT,3,3,3,3,5,5,2,2,0,0,0,0,0,0,0
25-Aug,ARGENTINA,SYSTEMS ENGINEERING,MERCADOS Y CUSTODIAS,7605,CIB07 ASSET MANAGEMENT,3,3,3,3,8,8,2,2,0,0,0,0,2.286,0,0
25-Sep,ARGENTINA,SYSTEMS ENGINEERING,MERCADOS Y CUSTODIAS,7605,CIB07 ASSET MANAGEMENT,4,4,4,4,8,8,2,2,0,0,0,0,2.286,0,0
25-Apr,ARGENTINA,SYSTEMS ENGINEERING,MERCADOS Y CUSTODIAS,7608,CIB05 OPERATION DATA,2,1,0,2,0,0,0,0,0,0,0,0,29.414,0,0
25-May,ARGENTINA,SYSTEMS ENGINEERING,MERCADOS Y CUSTODIAS,7608,CIB05 OPERATION DATA,5,1,0,5,0,0,1,2,0,0,0,0,33.437,0,0
25-Jun,ARGENTINA,SYSTEMS ENGINEERING,MERCADOS Y CUSTODIAS,7608,CIB05 OPERATION DATA,1,1,1,1,0,0,1,2,0,0,0,0,38.669,0,0
25-Jul,ARGENTINA,SYSTEMS ENGINEERING,MERCADOS Y CUSTODIAS,7608,CIB05 OPERATION DATA,1,1,1,1,13,13,1,2,0,0,0,0,45.855,0,0
25-Aug,ARGENTINA,SYSTEMS ENGINEERING,MERCADOS Y CUSTODIAS,7608,CIB05 OPERATION DATA,1,1,1,1,16,16,1,2,0,0,0,0,52.564,0,0
25-Sep,ARGENTINA,SYSTEMS ENGINEERING,MERCADOS Y CUSTODIAS,7608,CIB05 OPERATION DATA,1,1,1,1,16,16,1,2,0,0,0,0,52.784,0,0
25-Apr,ARGENTINA,SYSTEMS ENGINEERING,MERCADOS Y CUSTODIAS,7610,CIB06 ALYC,2,0,0,2,0,0,0,0,0,0,0,0,0,0,0
25-May,ARGENTINA,SYSTEMS ENGINEERING,MERCADOS Y CUSTODIAS,7610,CIB06 ALYC,0,0,0,0,0,0,2,2,0,0,0,0,0,0,0
25-Jun,ARGENTINA,SYSTEMS ENGINEERING,MERCADOS Y CUSTODIAS,7610,CIB06 ALYC,0,0,0,0,0,0,1,2,0,0,0,0,0,0,0
25-Jul,ARGENTINA,SYSTEMS ENGINEERING,MERCADOS Y CUSTODIAS,7610,CIB06 ALYC,1,1,0,1,7,7,1,2,0,0,0,0,0,0,0
25-Aug,ARGENTINA,SYSTEMS ENGINEERING,MERCADOS Y CUSTODIAS,7610,CIB06 ALYC,1,1,1,1,9,9,1,2,0,0,0,0,0,0,0
25-Sep,ARGENTINA,SYSTEMS ENGINEERING,MERCADOS Y CUSTODIAS,7610,CIB06 ALYC,1,1,1,1,11,11,1,2,0,0,0,0,762,0,0
25-Apr,ARGENTINA,SYSTEMS ENGINEERING,MEDIOS DE PAGO,7622,AR48 DISTRIBUCION DE PRODUCTOS,2,1,1,2,2,2,1,2,0,0,0,0,6.918,0,0
25-May,ARGENTINA,SYSTEMS ENGINEERING,MEDIOS DE PAGO,7622,AR48 DISTRIBUCION DE PRODUCTOS,2,1,1,2,1,1,1,2,0,0,0,0,6.918,0,0
25-Jun,ARGENTINA,SYSTEMS ENGINEERING,MEDIOS DE PAGO,7622,AR48 DISTRIBUCION DE PRODUCTOS,2,2,1,2,3,3,1,2,0,0,0,0,7.215,0,0
25-Jul,ARGENTINA,SYSTEMS ENGINEERING,MEDIOS DE PAGO,7622,AR48 DISTRIBUCION DE PRODUCTOS,2,2,1,2,0,0,1,2,0,0,0,0,8.298,0,0
25-Aug,ARGENTINA,SYSTEMS ENGINEERING,MEDIOS DE PAGO,7622,AR48 DISTRIBUCION DE PRODUCTOS,2,2,2,2,0,0,1,2,0,0,0,0,14.407,0,0
25-Sep,ARGENTINA,SYSTEMS ENGINEERING,MEDIOS DE PAGO,7622,AR48 DISTRIBUCION DE PRODUCTOS,2,2,2,2,0,0,1,2,0,0,0,0,14.407,0,0
25-Apr,ARGENTINA,SYSTEMS ENGINEERING,COMEX,7623,AR49 EXTRANJERO,6,5,5,6,2,2,3,3,0,0,0,0,3.867,0,0
25-May,ARGENTINA,SYSTEMS ENGINEERING,COMEX,7623,AR49 EXTRANJERO,6,6,5,6,3,3,4,4,0,0,0,0,3.867,0,0
25-Jun,ARGENTINA,SYSTEMS ENGINEERING,COMEX,7623,AR49 EXTRANJERO,6,6,6,6,13,13,4,4,0,0,0,0,4.713,0,0
25-Jul,ARGENTINA,SYSTEMS ENGINEERING,COMEX,7623,AR49 EXTRANJERO,5,5,5,5,4,4,3,3,0,0,0,0,4.815,0,0
25-Aug,ARGENTINA,SYSTEMS ENGINEERING,COMEX,7623,AR49 EXTRANJERO,5,5,5,5,7,7,3,3,0,0,0,0,4.798,0,0
25-Sep,ARGENTINA,SYSTEMS ENGINEERING,COMEX,7623,AR49 EXTRANJERO,5,5,5,5,7,7,3,3,0,0,0,0,4.805,0,0
25-Apr,ARGENTINA,SYSTEMS ENGINEERING,CASH MANAGEMENT,7624,AR53 PAGOS NOMINAS / CONVENIOS,5,5,5,5,1,1,4,4,0,0,0,0,0,0,0
25-May,ARGENTINA,SYSTEMS ENGINEERING,CASH MANAGEMENT,7624,AR53 PAGOS NOMINAS / CONVENIOS,5,5,5,5,0,0,4,4,0,0,0,0,0,0,0
25-Jun,ARGENTINA,SYSTEMS ENGINEERING,CASH MANAGEMENT,7624,AR53 PAGOS NOMINAS / CONVENIOS,5,5,5,5,13,13,3,4,0,0,0,0,0,0,0
25-Jul,ARGENTINA,SYSTEMS ENGINEERING,CASH MANAGEMENT,7624,AR53 PAGOS NOMINAS / CONVENIOS,5,5,5,5,1,1,4,4,0,0,0,0,0,0,0
25-Aug,ARGENTINA,SYSTEMS ENGINEERING,CASH MANAGEMENT,7624,AR53 PAGOS NOMINAS / CONVENIOS,5,5,5,5,2,2,4,4,0,0,0,0,0,0,0
25-Sep,ARGENTINA,SYSTEMS ENGINEERING,CASH MANAGEMENT,7624,AR53 PAGOS NOMINAS / CONVENIOS,5,5,5,5,3,3,4,4,0,0,0,0,0,0,0
25-Apr,ARGENTINA,SYSTEMS ENGINEERING,CASH MANAGEMENT,7625,AR50 EFECTOS,1,1,1,1,2,2,1,1,0,0,0,0,0,0,0
25-May,ARGENTINA,SYSTEMS ENGINEERING,CASH MANAGEMENT,7625,AR50 EFECTOS,1,1,1,1,3,3,1,1,0,0,0,0,0,0,0
25-Jun,ARGENTINA,SYSTEMS ENGINEERING,CASH MANAGEMENT,7625,AR50 EFECTOS,1,1,1,1,17,17,1,1,0,0,0,0,0,0,0
25-Jul,ARGENTINA,SYSTEMS ENGINEERING,CASH MANAGEMENT,7625,AR50 EFECTOS,1,1,1,1,1,1,1,1,0,0,0,0,0,0,0
25-Aug,ARGENTINA,SYSTEMS ENGINEERING,CASH MANAGEMENT,7625,AR50 EFECTOS,1,1,1,1,5,5,1,1,0,0,0,0,0,0,0
25-Sep,ARGENTINA,SYSTEMS ENGINEERING,CASH MANAGEMENT,7625,AR50 EFECTOS,1,1,1,1,5,5,1,1,0,0,0,0,0,0,0
25-Apr,ARGENTINA,SYSTEMS ENGINEERING,CASH MANAGEMENT,7626,AR51 ECHEQ / FCEM,2,1,2,2,1,1,1,1,0,0,0,0,42.224,0,0
25-May,ARGENTINA,SYSTEMS ENGINEERING,CASH MANAGEMENT,7626,AR51 ECHEQ / FCEM,2,2,2,2,0,0,1,2,0,0,0,0,42.224,0,0
25-Jun,ARGENTINA,SYSTEMS ENGINEERING,CASH MANAGEMENT,7626,AR51 ECHEQ / FCEM,2,2,2,2,8,8,1.5,2,0,0,0,0,42.224,0,0
25-Jul,ARGENTINA,SYSTEMS ENGINEERING,CASH MANAGEMENT,7626,AR51 ECHEQ / FCEM,2,2,2,2,0,0,1,2,0,0,0,0,63.239,0,0
25-Aug,ARGENTINA,SYSTEMS ENGINEERING,CASH MANAGEMENT,7626,AR51 ECHEQ / FCEM,2,2,2,2,1,1,1,1,0,0,0,0,63.239,0,0
25-Sep,ARGENTINA,SYSTEMS ENGINEERING,CASH MANAGEMENT,7626,AR51 ECHEQ / FCEM,2,2,2,2,1,1,1,1,0,0,0,0,63.239,0,0
25-Apr,ARGENTINA,SYSTEMS ENGINEERING,SWF VINCULADAS,7632,AM05 CONSUMER FINANCE,12,12,10,12,0,0,5.5,9,0,0,0,0,323.29,0,0
25-May,ARGENTINA,SYSTEMS ENGINEERING,SWF VINCULADAS,7632,AM05 CONSUMER FINANCE,12,11,10,12,1,1,8,10,0,0,0,0,323.298,0,0
25-Jun,ARGENTINA,SYSTEMS ENGINEERING,SWF VINCULADAS,7632,AM05 CONSUMER FINANCE,12,12,10,12,5,5,8.5,10,0,0,0,0,323.598,0,0
25-Jul,ARGENTINA,SYSTEMS ENGINEERING,SWF VINCULADAS,7632,AM05 CONSUMER FINANCE,12,12,10,12,1,1,8.5,10,42,0,0,42,351.579,0,0
25-Aug,ARGENTINA,SYSTEMS ENGINEERING,SWF VINCULADAS,7632,AM05 CONSUMER FINANCE,12,12,12,12,6,6,7,9,42,0,0,42,443.856,0,0
25-Sep,ARGENTINA,SYSTEMS ENGINEERING,SWF VINCULADAS,7632,AM05 CONSUMER FINANCE,12,12,12,12,6,6,7,9,41,0,0,41,455.282,0,0
25-Apr,ARGENTINA,SYSTEMS ENGINEERING,SWF VINCULADAS,7633,AM03 CONSUMER FINANCE,5,5,5,5,0,0,0.5,1,197,0,0,197,270.485,0,0
25-May,ARGENTINA,SYSTEMS ENGINEERING,SWF VINCULADAS,7633,AM03 CONSUMER FINANCE,5,5,5,5,0,0,0.5,1,187,0,0,187,271.254,0,0
25-Jun,ARGENTINA,SYSTEMS ENGINEERING,SWF VINCULADAS,7633,AM03 CONSUMER FINANCE,5,5,5,5,0,0,0.5,1,187,0,0,187,271.402,0,0
25-Jul,ARGENTINA,SYSTEMS ENGINEERING,SWF VINCULADAS,7633,AM03 CONSUMER FINANCE,5,5,5,5,2,2,0.5,1,0,0,0,0,272.664,0,0
25-Aug,ARGENTINA,SYSTEMS ENGINEERING,SWF VINCULADAS,7633,AM03 CONSUMER FINANCE,5,5,5,5,3,3,0.5,1,0,0,0,0,279.828,0,0
25-Sep,ARGENTINA,SYSTEMS ENGINEERING,SWF VINCULADAS,7633,AM03 CONSUMER FINANCE,5,5,5,5,3,3,0.5,1,0,0,0,0,279.828,0,0
25-Apr,ARGENTINA,SYSTEMS ENGINEERING,SWF VINCULADAS,7634,AM04 CONSUMER FINANCE,5,5,5,5,0,0,0,1,0,0,0,0,266.851,0,0
25-May,ARGENTINA,SYSTEMS ENGINEERING,SWF VINCULADAS,7634,AM04 CONSUMER FINANCE,5,5,5,5,0,0,0,1,0,0,0,0,277.836,0,0
25-Jun,ARGENTINA,SYSTEMS ENGINEERING,SWF VINCULADAS,7634,AM04 CONSUMER FINANCE,5,5,5,5,0,0,0,1,0,0,0,0,277.836,0,0
25-Jul,ARGENTINA,SYSTEMS ENGINEERING,SWF VINCULADAS,7634,AM04 CONSUMER FINANCE,5,0,5,5,0,0,0,1,0,0,0,0,285.799,0,0
25-Aug,ARGENTINA,SYSTEMS ENGINEERING,SWF VINCULADAS,7634,AM04 CONSUMER FINANCE,6,6,5,6,0,0,0,1,0,0,0,0,520.645,0,0
25-Sep,ARGENTINA,SYSTEMS ENGINEERING,SWF VINCULADAS,7634,AM04 CONSUMER FINANCE,6,6,5,6,0,0,0,1,0,0,0,0,474.472,0,0
25-Apr,COMMERCIAL CLIENT SOLUTIONS,VALUE PROPOSITION,HIGH VALUE SOLUTIONS,7699,TRADE FINANCE,0,0,1,1,0,0,0,0,0,0,0,0,6.745,0,0
25-May,COMMERCIAL CLIENT SOLUTIONS,VALUE PROPOSITION,HIGH VALUE SOLUTIONS,7699,TRADE FINANCE,1,1,1,1,0,0,1,1,0,0,0,0,6.75,0,0
25-Jun,COMMERCIAL CLIENT SOLUTIONS,VALUE PROPOSITION,HIGH VALUE SOLUTIONS,7699,TRADE FINANCE,1,1,1,1,0,0,1,1,0,0,0,0,6.75,0,0
25-Jul,COMMERCIAL CLIENT SOLUTIONS,VALUE PROPOSITION,HIGH VALUE SOLUTIONS,7699,TRADE FINANCE,1,1,1,1,0,0,1,1,0,0,0,0,6.694,0,0
25-Aug,COMMERCIAL CLIENT SOLUTIONS,VALUE PROPOSITION,HIGH VALUE SOLUTIONS,7699,TRADE FINANCE,1,1,1,1,0,0,1,1,0,0,0,0,6.498,0,0
25-Sep,COMMERCIAL CLIENT SOLUTIONS,VALUE PROPOSITION,HIGH VALUE SOLUTIONS,7699,TRADE FINANCE,1,1,1,1,0,0,1,1,0,0,0,0,6.498,0,0
25-May,COMMERCIAL CLIENT SOLUTIONS,SUSTAINABILITY RELATIONSHIP MODELS & SPARK,SUSTAINABILITY,7721,SUSTAINABILITY - COMMERCIAL,0,0,1,1,6,7,1,1,0,0,0,0,166.505,0,0
25-Jun,COMMERCIAL CLIENT SOLUTIONS,SUSTAINABILITY RELATIONSHIP MODELS & SPARK,SUSTAINABILITY,7721,SUSTAINABILITY - COMMERCIAL,0,0,1,1,19,19,2,2,0,0,0,0,260.721,0,0
25-Jul,COMMERCIAL CLIENT SOLUTIONS,SUSTAINABILITY RELATIONSHIP MODELS & SPARK,SUSTAINABILITY,7721,SUSTAINABILITY - COMMERCIAL,0,0,1,1,0,0,2,2,0,0,0,0,272.136,0,0
25-Aug,COMMERCIAL CLIENT SOLUTIONS,SUSTAINABILITY RELATIONSHIP MODELS & SPARK,SUSTAINABILITY,7721,SUSTAINABILITY - COMMERCIAL,0,0,1,1,0,0,2,2,0,0,0,0,276.764,0,0
25-Sep,COMMERCIAL CLIENT SOLUTIONS,SUSTAINABILITY RELATIONSHIP MODELS & SPARK,SUSTAINABILITY,7721,SUSTAINABILITY - COMMERCIAL,0,0,1,1,0,0,2,2,0,0,0,0,276.764,0,0
25-May,CIB,SW DELIVERY,RISK,7736,XVA,4,3,2,4,4,8,1,3,0,0,0,0,282.764,0,0
25-Jun,CIB,SW DELIVERY,RISK,7736,XVA,4,3,4,4,4,8,1,3,10,0,0,10,283.318,0,0
25-Jul,CIB,SW DELIVERY,RISK,7736,XVA,4,4,4,4,3,3,1,3,10,0,0,10,289.03,0,0
25-Aug,CIB,SW DELIVERY,RISK,7736,XVA,4,4,4,4,4,4,1,3,0,0,0,0,51.963,0,0
25-Sep,CIB,SW DELIVERY,RISK,7736,XVA,4,4,4,4,4,4,1,3,0,0,0,0,51.963,0,0
25-May,MEXICO,SYSTEMS ENGINEERING,CORE BANKING PRODUCTS,7744,CONTRACTING METHODS AND DIGITAL DOCUMENTATION,2,2,2,2,4,4,2,2,0,0,0,0,1.892.243,0,0
25-Jun,MEXICO,SYSTEMS ENGINEERING,CORE BANKING PRODUCTS,7744,CONTRACTING METHODS AND DIGITAL DOCUMENTATION,2,2,2,2,115,116,2,2,0,0,0,0,1.934.559,0,0
25-Jul,MEXICO,SYSTEMS ENGINEERING,CORE BANKING PRODUCTS,7744,CONTRACTING METHODS AND DIGITAL DOCUMENTATION,2,2,2,2,0,0,2,2,0,0,0,0,2.342.966,0,0
25-Aug,MEXICO,SYSTEMS ENGINEERING,CORE BANKING PRODUCTS,7744,CONTRACTING METHODS AND DIGITAL DOCUMENTATION,2,2,2,2,7,7,2,2,0,0,0,0,1.651.063,0,0
25-Sep,MEXICO,SYSTEMS ENGINEERING,CORE BANKING PRODUCTS,7744,CONTRACTING METHODS AND DIGITAL DOCUMENTATION,2,2,2,2,10,10,2,2,0,0,0,0,1.651.887,0,0
25-Jun,ARGENTINA,SYSTEMS ENGINEERING,ADQUIRENCIA,7836,PA06 BBVA ADQUIRENTE - ULTIMA MILLA,0,0,0,0,0,0,0,0,0,0,0,0,0,0,0
25-Jun,ARGENTINA,SYSTEMS ENGINEERING,ADQUIRENCIA,7836,PA06 BBVA ADQUIRENTE - ULTIMA MILLA,0,0,0,0,0,0,0,0,0,0,0,0,0,0,0
25-Jul,ARGENTINA,SYSTEMS ENGINEERING,ADQUIRENCIA,7836,PA06 BBVA ADQUIRENTE - ULTIMA MILLA,0,0,0,0,0,0,0,0,0,0,0,0,0,0,0
25-Jul,ARGENTINA,SYSTEMS ENGINEERING,ADQUIRENCIA,7836,PA06 BBVA ADQUIRENTE - ULTIMA MILLA,0,0,0,0,0,0,0,0,0,0,0,0,0,0,0
25-Aug,ARGENTINA,SYSTEMS ENGINEERING,ADQUIRENCIA,7836,PA06 BBVA ADQUIRENTE - ULTIMA MILLA,0,0,0,0,0,0,0,0,0,0,0,0,0,0,0
25-Aug,ARGENTINA,SYSTEMS ENGINEERING,ADQUIRENCIA,7836,PA06 BBVA ADQUIRENTE - ULTIMA MILLA,0,0,0,0,0,0,0,0,0,0,0,0,0,0,0
25-Sep,ARGENTINA,SYSTEMS ENGINEERING,ADQUIRENCIA,7836,PA06 BBVA ADQUIRENTE - ULTIMA MILLA,0,0,0,0,0,0,0,0,0,0,0,0,0,0,0
25-Sep,ARGENTINA,SYSTEMS ENGINEERING,ADQUIRENCIA,7836,PA06 BBVA ADQUIRENTE - ULTIMA MILLA,0,0,0,0,0,0,0,0,0,0,0,0,0,0,0
25-Jun,DATA ENGINEERING,DATA ENGINEERING,DATA HUB,7847,MLE&GENAI HOLDING,1,0,0,1,0,0,0,0,0,0,0,0,0,0,0
25-Jun,COMMERCIAL CLIENT SOLUTIONS,SUSTAINABILITY RELATIONSHIP MODELS & SPARK,RELATIONSHIP MODELS,7875,SALES SALESFORCE - CCS,0,0,1,1,0,0,0,0,0,0,0,0,0,0,0
25-Jul,COMMERCIAL CLIENT SOLUTIONS,SUSTAINABILITY RELATIONSHIP MODELS & SPARK,RELATIONSHIP MODELS,7875,SALES SALESFORCE - CCS,1,0,1,2,0,0,0,0,0,0,0,0,0,0,0
25-Aug,COMMERCIAL CLIENT SOLUTIONS,SUSTAINABILITY RELATIONSHIP MODELS & SPARK,RELATIONSHIP MODELS,7875,SALES SALESFORCE - CCS,1,0,1,2,0,0,0,0,0,0,0,0,0,0,0
25-Sep,COMMERCIAL CLIENT SOLUTIONS,SUSTAINABILITY RELATIONSHIP MODELS & SPARK,RELATIONSHIP MODELS,7875,SALES SALESFORCE - CCS,1,0,1,1,0,0,0,0,0,0,0,0,0,0,0
25-Jul,ARGENTINA,SYSTEMS ENGINEERING,PRODUCTOS RETAIL,7935,AR54 PRESTAMOS HIPOTECARIOS CANALES DIGITALES,3,3,0,3,1,1,3,3,0,0,0,0,0,0,0
25-Aug,ARGENTINA,SYSTEMS ENGINEERING,PRODUCTOS RETAIL,7935,AR54 PRESTAMOS HIPOTECARIOS CANALES DIGITALES,3,3,0,3,1,1,3,3,0,0,0,0,0,0,0
25-Sep,ARGENTINA,SYSTEMS ENGINEERING,PRODUCTOS RETAIL,7935,AR54 PRESTAMOS HIPOTECARIOS CANALES DIGITALES,3,3,0,3,1,1,3,3,0,0,0,0,0,0,0
25-Jul,CIB,DATA ENGINEERING,FINANCE DATA,7967,FINANCE ANALYTICS,1,0,0,1,0,0,0,0,0,0,0,0,0,0,0
25-Aug,CIB,DATA ENGINEERING,FINANCE DATA,7967,FINANCE ANALYTICS,1,0,0,1,0,0,0,0,0,0,0,0,0,0,0
25-Sep,CIB,DATA ENGINEERING,FINANCE DATA,7967,FINANCE ANALYTICS,1,0,0,1,0,0,0,0,0,0,0,0,0,0,0
25-Aug,MEXICO,SYSTEMS ENGINEERING,CORE CROSS SYSTEMS,8000,FRONTALES ASESOR TELEFONICO,1,0,0,1,0,0,0,0,0,0,0,0,0,0,0
25-Sep,MEXICO,SYSTEMS ENGINEERING,CORE CROSS SYSTEMS,8000,FRONTALES ASESOR TELEFONICO,1,0,0,1,0,0,0,0,0,0,0,0,0,0,0
25-Aug,ARGENTINA,SYSTEMS ENGINEERING,MOTOR AGRO,8004,AR08 AGRO,0,0,0,0,0,0,0,0,0,0,0,0,0,0,0
25-Aug,ARGENTINA,SYSTEMS ENGINEERING,MOTOR AGRO,8004,AR08 AGRO,0,0,0,0,0,0,0,0,0,0,0,0,0,0,0
25-Sep,ARGENTINA,SYSTEMS ENGINEERING,MOTOR AGRO,8004,AR08 AGRO,0,0,0,0,0,0,0,0,0,0,0,0,0,0,0
25-Sep,ARGENTINA,SYSTEMS ENGINEERING,MOTOR AGRO,8004,AR08 AGRO,0,0,0,0,0,0,0,0,0,0,0,0,0,0,0
25-Aug,COMMERCIAL CLIENT SOLUTIONS,CHANNELS & PROCESSES,SERVICING & CLIENT EXPERIENCE TRANSFORMATION,8047,SERVICE BANKERSS TOOLS DWP,1,0,0,1,0,0,0,0,0,0,0,0,0,0,0
25-Sep,COMMERCIAL CLIENT SOLUTIONS,CHANNELS & PROCESSES,SERVICING & CLIENT EXPERIENCE TRANSFORMATION,8047,SERVICE BANKERSS TOOLS DWP,0,0,0,0,0,0,0,0,0,0,0,0,0,0,0
25-Aug,ARGENTINA,SYSTEMS ENGINEERING,VENTAS,8052,AR29 REFERIDOS,1,1,1,1,0,0,0,0,0,0,0,0,0,0,0
25-Sep,ARGENTINA,SYSTEMS ENGINEERING,VENTAS,8052,AR29 REFERIDOS,1,1,1,1,0,0,0,0,0,0,0,0,0,0,0
25-Aug,ARGENTINA,SYSTEMS ENGINEERING,TRANSFORMACION Y CALIDAD OPERATIVA,8070,SDLC / SSDLC,3,0,0,3,0,0,0,0,0,0,0,0,0,0,0
25-Sep,ARGENTINA,SYSTEMS ENGINEERING,TRANSFORMACION Y CALIDAD OPERATIVA,8070,SDLC / SSDLC,1,0,0,1,0,0,0,0,0,0,0,0,0,0,0
25-Sep,MEXICO,SYSTEMS ENGINEERING,RETAIL,8095,WEALTH MANAGEMENT,3,3,3,3,0,0,3,3,266,0,0,266,2.616.854,0,0
